dataset,column,demo_group,data_category,assigned_role,pin,unit,used_in_views,dtype,fill_pct,n_distinct,numeric_pct,note,field_explanation
agriculture,aadharno,Identity,Farmer Identity,key_aadhaar,aadhaar,,view1_scheme_benefits; view7_input_to_market,str,100.0,652,100.0,,Aadhaar number of the beneficiary farmer (12-digit unique ID)
agriculture,cr_dist_code,Geography,Geographic,dim,,,,int64,100.0,13,100.0,,District code in eCrop registration system
agriculture,cr_season,Crop/Activity,Crop/Agriculture,excluded_duplicate,,,,str,100.0,2,0.0,"near-duplicate of `season` (identical values, 1,114/1,114); kept `season` per handoff","Crop season in eCrop (K=Kharif, R=Rabi, S=Summer)"
agriculture,cr_vcode,Geography,Geographic,dim,,,,int64,100.0,40,100.0,,Village code in eCrop registration system
agriculture,cr_year,Crop/Activity,Crop/Agriculture,dim,,,,int64,100.0,4,100.0,,Crop year in eCrop registration system
agriculture,cropname,Crop/Activity,Crop/Agriculture,dim,,,,str,100.0,10,0.0,,Crop name (Telugu/local language)
agriculture,cropnameeng,Crop/Activity,Crop/Agriculture,dim,commodity,,view3_agri_crop; view7_input_to_market,str,100.0,10,0.0,,Crop name in English
agriculture,cropnature,Crop/Activity,Crop/Agriculture,dim,,,,str,100.0,2,0.0,,Nature of crop (Food grain/Commercial/Horticulture/Fodder)
agriculture,cropnumber,Crop/Activity,Crop/Agriculture,dim,,,,int64,100.0,4,100.0,,Crop number -- sequential crop entry for multi-cropping farmers
agriculture,cropratio,Crop/Activity,Crop/Agriculture,dim,,,,float64,100.0,81,100.0,,Crop ratio -- percentage of land under this crop (for mixed cropping)
agriculture,cropstatus,Crop/Activity,Crop/Agriculture,dim,status,,view1_scheme_benefits; view3_agri_crop,str,100.0,4,0.0,,Crop status (Registered/Verified/Harvested/Damaged)
agriculture,cropyear,Crop/Activity,Crop/Agriculture,dim,,,view1_scheme_benefits; view3_agri_crop,int64,100.0,4,100.0,Crop/Activity dim used as the temporal dimension of view1 and view3,"Crop year (e.g., 2024)"
agriculture,cultivator_type,Land,Land Ownership,dim,,,view3_agri_crop,str,100.0,2,0.0,Land column holding a 2-value categorical (0.0% numeric) - re-roled to dim,Cultivator type (Owner/Tenant/Pattadar/Lessee)
agriculture,dcode,Geography,Geographic,dim,district,,view1_scheme_benefits; view3_agri_crop; view7_input_to_market,int64,100.0,13,100.0,,"District code (numeric, AP standard 1-26)"
agriculture,farmerfathername,Identity,Farmer Identity,excluded_pii,,,,str,100.0,36,0.0,Identity: personal identifier,Farmer's father/husband name
agriculture,farmername,Identity,Farmer Identity,excluded_pii,,,,str,100.0,374,0.0,Identity: personal identifier,Farmer full name
agriculture,irrmethodcode,Geography,Land/Irrigation,dim,,,,int64,100.0,5,100.0,,Irrigation method code (Drip/Sprinkler/Flood/Canal/Borewell)
agriculture,khatano,Land,Land/Irrigation,measure,,,,str,100.0,652,100.0,,Khata number -- revenue land record reference (Pahani/1B record)
agriculture,mcode,Geography,Geographic,dim,,,,int64,100.0,26,100.0,,Mandal code (numeric)
agriculture,mobileno,Identity,Farmer Identity,excluded_pii,,,,str,100.0,652,100.0,Identity: personal identifier,Farmer registered mobile number
agriculture,nonsubsidyamount,Benefit/Amount,Subsidy/Input Distribution,measure,,,view3_agri_crop,float64,100.0,1113,100.0,,Non-subsidy amount -- farmer's own contribution/cost share
agriculture,pattadarfname,Identity,Land Ownership,excluded_pii,,,,str,100.0,36,0.0,Identity: personal identifier,Pattadar (land title holder) father name
agriculture,pattadarname,Identity,Land Ownership,excluded_pii,,,,str,100.0,374,0.0,Identity: personal identifier,Pattadar name -- land title holder as per revenue records
agriculture,season,Crop/Activity,Crop/Agriculture,dim,,,view1_scheme_benefits; view3_agri_crop,str,100.0,2,0.0,,Crop season (Kharif/Rabi/Summer)
agriculture,seed_production,Produce/Qty,Crop/Agriculture,measure,,,,float64,100.0,1020,100.0,,Seed production flag -- whether crop is for seed production (certified seed multiplication)
agriculture,seedvarietyname,Crop/Activity,Crop/Agriculture,dim,,,,str,100.0,20,0.0,"in scope but DROPPED from view3: 20 values = cropnameeng x {BPT-5204, MTU-1010}; both are paddy varieties assigned to every crop, so the column is crop name plus a meaningless binary suffix (data defect, reported not fixed)","Seed variety name (e.g., BPT-5204, MTU-1010, JGL-17004)"
agriculture,smsmobileno,Identity,Farmer Identity,excluded_pii,,,,str,100.0,652,100.0,Identity: personal identifier,SMS mobile number -- alternate number for advisory/alerts
agriculture,social_status,Identity,Farmer Category,dim,caste,,view1_scheme_benefits; view3_agri_crop,str,100.0,4,0.0,,Social status (SC/ST/BC-A/BC-B/BC-C/BC-D/OC/Minority)
agriculture,socialstatus,Identity,Farmer Category,excluded_duplicate,,,,str,100.0,4,0.0,"near-duplicate of `social_status` (identical values, 1,114/1,114); kept `social_status` per handoff",Social status/caste category of farmer
agriculture,subsidyamount,Benefit/Amount,Subsidy/Input Distribution,measure,benefit,INR,view1_scheme_benefits; view3_agri_crop; view7_input_to_market,float64,100.0,1114,100.0,,Government subsidy amount (INR) -- seed/input subsidy share
agriculture,surveyno,Land,Land/Irrigation,excluded_nonnumeric,,,,str,100.0,652,0.0,Land column only 0.0% numeric - not usable as a measure,Survey number -- land parcel identifier from revenue records
agriculture,varietyname,Crop/Activity,Crop/Agriculture,dim,,,,str,100.0,40,0.0,,Crop/seed variety name
fisheries,AadharNo,Identity,Fisher Identity,excluded_pii,,,,str,100.0,627,100.0,Identity: personal identifier,Aadhaar number
fisheries,Base_Survey_No,Land,Land/Survey,dim,,,,str,100.0,10,0.0,Land column holding a 10-value categorical (0.0% numeric) - re-roled to dim,Land/survey record field
fisheries,Cultivatable_land,Land,General,measure,,,,float64,100.0,346,100.0,,Cultivatable Land — fisheries operational field
fisheries,EXTENT,Land,Land/Survey,measure,landholding,acres,view1_scheme_benefits,float64,100.0,380,100.0,,Extent — fisheries operational field
fisheries,EXTENT 3B,Land,Land/Survey,measure,,,,float64,100.0,412,100.0,,Extent 3B — fisheries operational field
fisheries,Khata_No,Land,Land/Survey,measure,,,,str,100.0,627,100.0,,Khata number
fisheries,Occupant_Extent,Land,Land/Survey,measure,,,,float64,100.0,404,100.0,,Occupant Extent — fisheries operational field
fisheries,Occupant_Father_Name,Identity,Fisher Identity,excluded_pii,,,,str,100.0,10,0.0,Identity: personal identifier,Name field
fisheries,Pattadar_Father_Name,Identity,Fisher Identity,excluded_pii,,,,str,100.0,10,0.0,Identity: personal identifier,Name field
fisheries,Production_capacity_in_MT,Produce/Qty,Aquaculture/Farm,measure,,,,int64,100.0,120,100.0,,Production Capacity In Mt — fisheries operational field
fisheries,Survey_No,Land,Land/Survey,excluded_nonnumeric,,,,str,100.0,627,0.0,Land column only 0.0% numeric - not usable as a measure,Survey number
fisheries,Total_Extent,Land,Land/Survey,measure,,,,float64,100.0,380,100.0,,Total Extent — fisheries operational field
fisheries,Uncultivated_Land,Land,General,dim,,,,str,100.0,10,0.0,Land column holding a 10-value categorical (0.0% numeric) - re-roled to dim,Uncultivated Land — fisheries operational field
fisheries,aadhar_no,Identity,Fisher Identity,key_aadhaar,aadhaar,,view1_scheme_benefits,str,100.0,627,100.0,,Aadhaar number
fisheries,aadhar_number,Identity,Fisher Identity,excluded_pii,,,,str,100.0,627,100.0,Identity: personal identifier,Aadhaar number
fisheries,aadhar_sha_512,Identity,Fisher Identity,excluded_pii,,,,str,100.0,627,100.0,Identity: personal identifier,Aadhaar SHA-512 hash
fisheries,aadhar_status,Identity,Fisher Identity,excluded_pii,,,,str,100.0,1,0.0,Identity: personal identifier,Aadhaar verification status
fisheries,account_approve,Bank/DBT,Application/Workflow,excluded_bank,,,,int64,100.0,120,100.0,Bank/DBT group — payment-instrument PII,Banking field
fisheries,actual_extent,Land,Land/Survey,measure,,,,float64,100.0,407,100.0,,Actual Extent — fisheries operational field
fisheries,amount,Benefit/Amount,Payment/Banking,measure,benefit,INR,view1_scheme_benefits,float64,100.0,627,100.0,,Amount (INR)
fisheries,amount_old,Benefit/Amount,Payment/Banking,measure,,,,int64,100.0,597,100.0,,Payment/financial field
fisheries,amount_paid,Benefit/Amount,Payment/Banking,measure,,,,float64,100.0,548,100.0,,Amount paid
fisheries,annual_production,Produce/Qty,Aquaculture/Farm,measure,,,,float64,100.0,577,100.0,,Annual production (MT)
fisheries,api_status,Status,General,dim,,,,str,100.0,3,0.0,,Status field
fisheries,applicant_district,Geography,Geographic,dim,,,,str,100.0,13,0.0,,Geographic field
fisheries,applicant_name,Identity,Fisher Identity,excluded_pii,,,,str,100.0,378,0.0,Identity: personal identifier,Applicant name
fisheries,applicant_name_te,Identity,Fisher Identity,excluded_pii,,,,str,100.0,117,0.0,Identity: personal identifier,Applicant name (Telugu)
fisheries,applicant_name_telugu,Identity,Fisher Identity,excluded_pii,,,,str,100.0,120,0.0,Identity: personal identifier,Applicant name (Telugu)
fisheries,applicant_ration_form,Identity,General,excluded_pii,,,,str,100.0,10,0.0,Identity: not a demographic attribute,Applicant Ration Form — fisheries operational field
fisheries,applicant_status,Status,General,dim,,,,str,100.0,3,0.0,,Status field
fisheries,applicant_village_ward,Geography,Fisher Identity,dim,,,,str,100.0,10,0.0,,Geographic field
fisheries,application_approved_status,Status,Application/Workflow,dim,,,,str,100.0,3,0.0,,Application approval status
fisheries,application_status,Status,Application/Workflow,dim,,,,str,100.0,3,0.0,,Application status
fisheries,approve_status,Status,Application/Workflow,dim,,,,str,100.0,3,0.0,,Approval status
fisheries,aqua_culture_activity,Crop/Activity,Aquaculture/Farm,dim,,,,str,100.0,10,0.0,,Aqua culture activity
fisheries,aquaculture_activity,Crop/Activity,Aquaculture/Farm,dim,,,,str,100.0,10,0.0,,Aquaculture activity type
fisheries,assessment_year,Crop/Activity,General,dim,,,,int64,100.0,465,100.0,,Assessment Year — fisheries operational field
fisheries,authorzied_person_aadhar_number,Identity,Fisher Identity,excluded_pii,,,,str,100.0,10,100.0,Identity: personal identifier,Aadhaar-related field
fisheries,authorzied_person_aadhar_number_temp,Identity,Fisher Identity,excluded_pii,,,,str,100.0,10,100.0,Identity: personal identifier,Aadhaar-related field
fisheries,authorzied_person_district_val,Geography,Geographic,dim,,,,str,100.0,10,0.0,,Geographic field
fisheries,authorzied_person_pincode_val,Geography,Geographic,dim,,,,str,100.0,10,100.0,,Geographic field
fisheries,authorzied_person_village_val,Geography,Fisher Identity,dim,,,,str,100.0,10,0.0,,Geographic field
fisheries,ayakat_extent,Land,Land/Survey,measure,,,,float64,100.0,403,100.0,,Ayakat Extent — fisheries operational field
fisheries,bank_account_number,Bank/DBT,Payment/Banking,excluded_bank,,,,str,100.0,626,100.0,Bank/DBT group — payment-instrument PII,Bank account number
fisheries,base_of_operation,Identity,General,excluded_pii,,,,str,100.0,10,0.0,Identity: not a demographic attribute,Base Of Operation — fisheries operational field
fisheries,bunk_area_of_operation,Identity,HSD Oil Subsidy,excluded_pii,,,,float64,100.0,627,100.0,Identity: not a demographic attribute,Bunk area of operation
fisheries,bunk_area_of_operation_code,Identity,HSD Oil Subsidy,excluded_pii,,,,float64,100.0,624,100.0,Identity: not a demographic attribute,HSD oil subsidy/bunk field
fisheries,bunk_district,Geography,Geographic,dim,,,,str,100.0,10,0.0,,Bunk district
fisheries,bunk_district_code,Geography,Geographic,dim,,,,int64,100.0,13,100.0,,HSD oil subsidy/bunk field
fisheries,bunk_mandal,Geography,Geographic,dim,,,,str,100.0,10,0.0,,Bunk mandal location
fisheries,bunk_mandal_code,Geography,Geographic,dim,,,,int64,100.0,488,100.0,,HSD oil subsidy/bunk field
fisheries,bunk_operator_aadhaar_ref_id,Identity,Fisher Identity,excluded_pii,,,,str,100.0,10,100.0,Identity: personal identifier,Bunk operator Aadhaar
fisheries,bunk_operator_mobile_no,Identity,Fisher Identity,excluded_pii,,,,str,100.0,10,100.0,Identity: personal identifier,Bunk operator mobile
fisheries,bunk_owner_bank_account_name,Bank/DBT,HSD Oil Subsidy,excluded_bank,,,,int64,100.0,119,100.0,Bank/DBT group — payment-instrument PII,Bunk owner bank account name
fisheries,bunk_owner_bank_account_number,Bank/DBT,HSD Oil Subsidy,excluded_bank,,,,str,100.0,10,100.0,Bank/DBT group — payment-instrument PII,Bunk owner bank account number
fisheries,card_blocked,Geography,General,dim,,,,int64,100.0,474,100.0,,Card Blocked — fisheries operational field
fisheries,card_gopayment_status,Benefit/Amount,Payment/Banking,dim,,,,str,100.0,3,0.0,Benefit/Amount column holding a 3-value categorical (0.0% numeric) - re-roled to dim,Payment/financial field
fisheries,card_status,Status,HSD Oil Subsidy,dim,,,,str,100.0,3,0.0,,Card active status
fisheries,caste,Identity,Fisher Identity,dim,caste,,view1_scheme_benefits,str,100.0,4,0.0,,Caste/social category
fisheries,category_of_experience,Identity,General,dim,,,,str,100.0,10,0.0,,Category Of Experience — fisheries operational field
fisheries,census_villagecode,Geography,Fisher Identity,dim,,,,int64,100.0,626,100.0,,Geographic field
fisheries,comm_district_text,Geography,Geographic,dim,,,,str,100.0,13,0.0,,Geographic field
fisheries,comm_mandal_text,Geography,Geographic,dim,,,,str,100.0,25,0.0,,Geographic field
fisheries,communication_district,Geography,Geographic,dim,,,,str,100.0,13,0.0,,Geographic field
fisheries,communication_mandal,Geography,Geographic,dim,,,,str,100.0,25,0.0,,Geographic field
fisheries,communication_pincode,Geography,Geographic,dim,,,,str,100.0,10,100.0,,Geographic field
fisheries,communication_village,Geography,Fisher Identity,dim,,,,str,100.0,38,0.0,,Geographic field
fisheries,cron_job_status,Status,Audit/System,dim,,,,str,100.0,3,0.0,,Status field
fisheries,cron_status,Status,Audit/System,dim,,,,str,100.0,3,0.0,,Status field
fisheries,cultivation_land,Land,Land/Survey,measure,,,,float64,100.0,341,100.0,,Cultivation land area
fisheries,daily_price,Benefit/Amount,HSD Oil Subsidy,measure,,,,int64,100.0,595,100.0,,Daily fuel price
fisheries,date_of_birth,Identity,Fisher Identity,excluded_pii,,,,str,100.0,617,0.0,Identity: personal identifier,Date of birth
fisheries,declaration,Identity,General,excluded_pii,,,,str,100.0,10,0.0,Identity: personal identifier,Declaration — fisheries operational field
fisheries,dist_code,Geography,General,dim,,,,int64,100.0,13,100.0,,District code
fisheries,dist_code_old,Geography,General,dim,,,,int64,100.0,13,100.0,,Dist Code Old — fisheries operational field
fisheries,dist_name,Geography,General,dim,,,,str,100.0,13,0.0,,District name
fisheries,district,Geography,Geographic,dim,district,,view1_scheme_benefits,str,100.0,13,0.0,,District name
fisheries,district_code,Geography,Geographic,dim,,,,int64,100.0,13,100.0,,District code
fisheries,district_code_old,Geography,Geographic,dim,,,,int64,100.0,13,100.0,,Geographic field
fisheries,district_id,Geography,Geographic,dim,,,,int64,100.0,13,100.0,,District ID
fisheries,district_id_old,Geography,Geographic,dim,,,,int64,100.0,13,100.0,,Geographic field
fisheries,district_name,Geography,Geographic,dim,,,,str,100.0,13,0.0,,District name
fisheries,district_telu_name,Geography,Geographic,dim,,,,str,100.0,10,0.0,,Geographic field
fisheries,district_telugu_name,Geography,Geographic,dim,,,,str,100.0,10,0.0,,Geographic field
fisheries,dob,Identity,Fisher Identity,excluded_pii,,,,str,100.0,617,0.0,Identity: personal identifier,Date of birth
fisheries,eligible_litres,Status,HSD Oil Subsidy,dim,,,,int64,100.0,477,100.0,,Eligible litres of subsidized fuel
fisheries,etp_extent,Land,Aquaculture/Farm,measure,,,,float64,100.0,402,100.0,,ETP area extent
fisheries,farm_survey_no_details_id,Land,Land/Survey,dim,,,,str,100.0,10,0.0,Land column holding a 10-value categorical (0.0% numeric) - re-roled to dim,Farm survey number details ID
fisheries,farmer_district,Geography,Geographic,dim,,,,str,100.0,13,0.0,,Farm/aquaculture field
fisheries,farmer_name,Identity,Fisher Identity,excluded_pii,,,,str,100.0,378,0.0,Identity: personal identifier,Fisher/farmer name
fisheries,farmer_pincode,Geography,Geographic,dim,,,,str,100.0,10,100.0,,Farm/aquaculture field
fisheries,farmer_village_ward,Geography,Fisher Identity,dim,,,,str,100.0,10,0.0,,Farm/aquaculture field
fisheries,fasli_year,Crop/Activity,Land/Survey,dim,,,,int64,100.0,476,100.0,,Fasli Year — fisheries operational field
fisheries,father_name,Identity,Fisher Identity,excluded_pii,,,,str,100.0,55,0.0,Identity: personal identifier,Father/guardian name
fisheries,fcs_jurisdiction_district,Geography,Geographic,dim,,,,str,100.0,13,0.0,,Fishermen Cooperative Society field
fisheries,fcs_jurisdiction_mandal,Geography,Geographic,dim,,,,str,100.0,25,0.0,,Fishermen Cooperative Society field
fisheries,fcs_jurisdiction_secretariat,Geography,Geographic,dim,,,,str,100.0,10,0.0,,Fishermen Cooperative Society field
fisheries,fcs_jurisdiction_village,Geography,Fisher Identity,dim,,,,str,100.0,38,0.0,,Fishermen Cooperative Society field
fisheries,fcs_member_district,Geography,Geographic,dim,,,,str,100.0,13,0.0,,Fishermen Cooperative Society field
fisheries,fcs_member_mandal,Geography,Geographic,dim,,,,str,100.0,25,0.0,,Fishermen Cooperative Society field
fisheries,fcs_member_secretariat,Geography,Geographic,dim,,,,int64,100.0,482,100.0,,Fishermen Cooperative Society field
fisheries,fcs_member_village,Geography,Fisher Identity,dim,,,,str,100.0,38,0.0,,Fishermen Cooperative Society field
fisheries,fcs_registration_date,Identity,FCS (Cooperative),excluded_pii,,,,str,100.0,384,0.0,Identity: not a demographic attribute,FCS registration date
fisheries,fcs_registration_no,Identity,FCS (Cooperative),excluded_pii,,,,str,100.0,627,0.0,Identity: personal identifier,FCS registration number
fisheries,fcs_society_operation_date,Identity,FCS (Cooperative),excluded_pii,,,,str,100.0,424,0.0,Identity: not a demographic attribute,Fishermen Cooperative Society field
fisheries,fcs_status,Status,FCS (Cooperative),dim,,,,str,100.0,3,0.0,,FCS status
fisheries,fcs_type_status,Status,FCS (Cooperative),dim,,,,str,100.0,3,0.0,,Fishermen Cooperative Society field
fisheries,fdo_approval_status,Status,General,dim,,,,str,100.0,3,0.0,,Status field
fisheries,gender,Identity,Fisher Identity,dim,,,view1_scheme_benefits,str,100.0,2,0.0,,Gender
fisheries,gram_panchayat,Geography,Geographic,dim,,,,str,100.0,10,0.0,,Gram Panchayat name
fisheries,gram_panchayat_mandal_oth,Geography,Geographic,dim,,,,str,100.0,25,0.0,,Geographic field
fisheries,gram_panchayat_oth,Geography,Geographic,dim,,,,str,100.0,10,0.0,,Gram Panchayat Oth — fisheries operational field
fisheries,grama_panchayat_code,Geography,Geographic,dim,,,,int64,100.0,625,100.0,,Gram Panchayat code
fisheries,grama_panchayat_code_old,Geography,Geographic,dim,,,,int64,100.0,627,100.0,,Grama Panchayat Code Old — fisheries operational field
fisheries,grama_panchayat_id,Geography,Geographic,dim,,,,int64,100.0,625,100.0,,Identifier/key
fisheries,grama_panchayat_name,Geography,Geographic,dim,,,,str,100.0,10,0.0,,Grama Panchayat name
fisheries,gsw_district_code,Geography,Geographic,dim,,,,int64,100.0,13,100.0,,Geographic field
fisheries,gsws_district_code_old,Geography,Geographic,dim,,,,int64,100.0,13,100.0,,Geographic field
fisheries,gsws_mcode,Geography,General,dim,,,,int64,100.0,481,100.0,,Gsws Mcode — fisheries operational field
fisheries,gsws_secretariate_id,Geography,Geographic,dim,,,,int64,100.0,625,100.0,,Geographic field
fisheries,hsd_oil_allowed_quota_mc_vessel,Crop/Activity,Vessel/Boat,dim,,,,int64,100.0,461,100.0,,HSD oil quota for mechanized vessel
fisheries,hsd_oil_allowed_quota_mo_vessel,Crop/Activity,Vessel/Boat,dim,,,,int64,100.0,471,100.0,,HSD oil quota for motorized vessel
fisheries,hsd_oil_is_price_active,Benefit/Amount,HSD Oil Subsidy,measure,,,,int64,100.0,588,100.0,,HSD oil subsidy/bunk field
fisheries,hsd_oil_price_effective_from,Benefit/Amount,HSD Oil Subsidy,temporal_dim,,,,str,100.0,495,0.0,Benefit/Amount column holding ISO dates (100.0% parse) - re-roled to temporal,HSD oil subsidy/bunk field
fisheries,hsd_oil_price_per_liter,Benefit/Amount,HSD Oil Subsidy,measure,,,,int64,100.0,595,100.0,,HSD oil price per liter
fisheries,hsd_oil_price_valid_till,Benefit/Amount,HSD Oil Subsidy,measure,,,,int64,100.0,595,100.0,,HSD oil subsidy/bunk field
fisheries,hsd_oil_rate_of_subsidy,Benefit/Amount,HSD Oil Subsidy,measure,,,,int64,100.0,21,100.0,,HSD oil subsidy rate
fisheries,ifsc_code,Bank/DBT,Payment/Banking,excluded_bank,,,,str,100.0,627,0.0,Bank/DBT group — payment-instrument PII,Bank IFSC code
fisheries,individual_district,Geography,Geographic,dim,,,,int64,100.0,486,100.0,,Geographic field
fisheries,individual_mandal,Geography,Geographic,dim,,,,str,100.0,10,0.0,,Geographic field
fisheries,individual_secretariat,Geography,Geographic,dim,,,,int64,100.0,473,100.0,,Geographic field
fisheries,individual_village,Geography,Fisher Identity,dim,,,,str,100.0,10,0.0,,Geographic field
fisheries,inland_grama_panchayat,Geography,Geographic,dim,,,,str,100.0,10,0.0,,Inland Grama Panchayat — fisheries operational field
fisheries,inland_jurisdiction_district,Geography,Geographic,dim,,,,str,100.0,13,0.0,,Geographic field
fisheries,inland_jurisdiction_mandal,Geography,Geographic,dim,,,,str,100.0,25,0.0,,Geographic field
fisheries,inland_jurisdiction_secretariat,Geography,Geographic,dim,,,,str,100.0,10,0.0,,Geographic field
fisheries,inland_jurisdiction_village,Geography,Fisher Identity,dim,,,,str,100.0,38,0.0,,Geographic field
fisheries,inland_landing_survey_number,Land,Inland Water Body,dim,,,,str,100.0,10,0.0,Land column holding a 10-value categorical (0.0% numeric) - re-roled to dim,Land/survey record field
fisheries,inland_landing_village,Geography,Fisher Identity,dim,,,,str,100.0,38,0.0,,Geographic field
fisheries,inland_seasonality,Crop/Activity,Inland Water Body,dim,,,,str,100.0,2,0.0,,Seasonality (Perennial/Seasonal)
fisheries,is_aadhaar_tallied,Identity,Fisher Identity,excluded_pii,,,,int64,100.0,470,100.0,Identity: personal identifier,Aadhaar-related field
fisheries,is_granting_appeal_pending,Benefit/Amount,Flags,measure,,,,int64,100.0,603,100.0,,Boolean flag
fisheries,is_ownership_lease_hold,Land,Lease,measure,,,,int64,100.0,475,100.0,,Lease/rental field
fisheries,khata_number,Land,Land/Survey,measure,,,,str,100.0,627,100.0,,Khata number (revenue record)
fisheries,land_assignee_aadhar,Identity,Fisher Identity,excluded_pii,,,,str,100.0,627,100.0,Identity: personal identifier,Aadhaar-related field
fisheries,land_assignee_district,Geography,Geographic,dim,,,,int64,100.0,485,100.0,,Geographic field
fisheries,land_assignee_mandal,Geography,Geographic,dim,,,,str,100.0,10,0.0,,Geographic field
fisheries,land_assignee_pincode,Geography,Geographic,dim,,,,str,100.0,10,100.0,,Geographic field
fisheries,land_assignee_secretariat,Geography,Geographic,dim,,,,str,100.0,10,0.0,,Geographic field
fisheries,land_assignee_village,Geography,Fisher Identity,dim,,,,str,100.0,10,0.0,,Geographic field
fisheries,lc_status,Status,General,dim,,,,str,100.0,3,0.0,,Status field
fisheries,lease_amount,Benefit/Amount,Lease,measure,,,,int64,100.0,598,100.0,,Lease amount
fisheries,licenseappl_district,Geography,Geographic,dim,,,,str,100.0,13,0.0,,License/permit field
fisheries,licenseappl_mandal,Geography,Geographic,dim,,,,str,100.0,25,0.0,,License/permit field
fisheries,licenseappl_village,Geography,Fisher Identity,dim,,,,str,100.0,38,0.0,,License/permit field
fisheries,lpm_extent,Land,Land/Survey,measure,,,,float64,100.0,406,100.0,,Land/survey record field
fisheries,lpm_khata_no,Land,Land/Survey,measure,,,,str,100.0,10,100.0,,Land/survey record field
fisheries,mandal,Geography,Geographic,dim,,,,str,100.0,25,0.0,,Mandal name
fisheries,mandal_code,Geography,Geographic,dim,,,,int64,100.0,25,100.0,,Mandal code
fisheries,mandal_id,Geography,Geographic,dim,,,,int64,100.0,494,100.0,,Mandal ID
fisheries,mandal_name,Geography,Geographic,dim,,,,str,100.0,25,0.0,,Mandal name
fisheries,mandal_telugu_name,Geography,Geographic,dim,,,,str,100.0,119,0.0,,Geographic field
fisheries,manual_total_cultivation_land,Land,Land/Survey,measure,,,,float64,100.0,626,100.0,,Manual Total Cultivation Land — fisheries operational field
fisheries,marine_status,Status,General,dim,,,,str,100.0,3,0.0,,Status field
fisheries,member_name,Identity,Fisher Identity,excluded_pii,,,,str,100.0,378,0.0,Identity: personal identifier,FCS member name
fisheries,member_status,Status,FCS (Cooperative),dim,,,,str,100.0,3,0.0,,Status field
fisheries,merge_status,Status,General,dim,,,,str,100.0,3,0.0,,Status field
fisheries,mobile_no,Identity,Fisher Identity,excluded_pii,,,,str,100.0,627,100.0,Identity: personal identifier,Mobile number
fisheries,mobile_number,Identity,Fisher Identity,excluded_pii,,,,str,100.0,627,100.0,Identity: personal identifier,Mobile number
fisheries,nic_district,Geography,Geographic,dim,,,,str,100.0,13,0.0,,Geographic field
fisheries,nic_district_code,Geography,Geographic,dim,,,,int64,100.0,13,100.0,,Geographic field
fisheries,nic_mandal,Geography,Geographic,dim,,,,str,100.0,25,0.0,,Geographic field
fisheries,nic_mandal_code,Geography,Geographic,dim,,,,int64,100.0,481,100.0,,Geographic field
fisheries,nic_secretariat,Geography,Geographic,dim,,,,str,100.0,10,0.0,,Geographic field
fisheries,nic_village,Geography,Fisher Identity,dim,,,,str,100.0,38,0.0,,Geographic field
fisheries,occupant_name,Identity,General,excluded_pii,,,,str,100.0,378,0.0,Identity: personal identifier,Name field
fisheries,old_caa_registration_no,Identity,General,excluded_pii,,,,str,100.0,10,0.0,Identity: personal identifier,Old Caa Registration No — fisheries operational field
fisheries,old_mobile_numer,Identity,Fisher Identity,excluded_pii,,,,str,100.0,627,100.0,Identity: personal identifier,Old Mobile Numer — fisheries operational field
fisheries,old_total_acres,Land,General,measure,,,,float64,100.0,411,100.0,,Old Total Acres — fisheries operational field
fisheries,old_vessel_reg_no,Crop/Activity,Vessel/Boat,dim,,,,str,100.0,10,0.0,,Vessel/boat field
fisheries,operational_capacity,Identity,General,excluded_pii,,,,float64,100.0,319,100.0,Identity: not a demographic attribute,Operational Capacity — fisheries operational field
fisheries,original_cultivation_land,Land,Land/Survey,measure,,,,float64,100.0,625,100.0,,Original Cultivation Land — fisheries operational field
fisheries,owner_aadhar_number,Identity,Fisher Identity,excluded_pii,,,,str,100.0,10,100.0,Identity: personal identifier,Aadhaar-related field
fisheries,owner_father_name,Identity,Fisher Identity,excluded_pii,,,,str,100.0,10,0.0,Identity: personal identifier,Owner's father name
fisheries,owner_mobile_number,Identity,Fisher Identity,excluded_pii,,,,str,100.0,10,100.0,Identity: personal identifier,Owner Mobile Number — fisheries operational field
fisheries,ownership_right,Land,General,measure,,,,int64,100.0,465,100.0,,Ownership Right — fisheries operational field
fisheries,pattadar_name,Identity,Land/Survey,excluded_pii,,,,str,100.0,378,0.0,Identity: personal identifier,Pattadar (land title holder) name
fisheries,pattadhar_extent,Land,Land/Survey,measure,,,,float64,100.0,402,100.0,,Pattadar land extent
fisheries,payment_count,Benefit/Amount,Payment/Banking,measure,,,,int64,100.0,120,100.0,,Payment/financial field
fisheries,payment_per_att,Benefit/Amount,Payment/Banking,dim,,,,str,100.0,10,0.0,Benefit/Amount column holding a 10-value categorical (0.0% numeric) - re-roled to dim,Payment/financial field
fisheries,payment_status,Benefit/Amount,Payment/Banking,dim,status,,view1_scheme_benefits,str,100.0,3,0.0,,Payment status
fisheries,payment_type,Benefit/Amount,Payment/Banking,dim,,,,str,100.0,10,0.0,Benefit/Amount column holding a 10-value categorical (0.0% numeric) - re-roled to dim,Payment type
fisheries,pincode,Geography,Geographic,dim,,,,str,100.0,10,100.0,,PIN code
fisheries,previous_fasli_year,Crop/Activity,Land/Survey,dim,,,,int64,100.0,467,100.0,,Previous Fasli Year — fisheries operational field
fisheries,price_per_liter,Benefit/Amount,HSD Oil Subsidy,measure,,,,int64,100.0,595,100.0,,Price per liter
fisheries,production_capacity,Produce/Qty,Aquaculture/Farm,measure,,,,int64,100.0,120,100.0,,Production capacity (MT/year)
fisheries,production_obtained,Produce/Qty,Aquaculture/Farm,measure,,,,int64,100.0,120,100.0,,Actual production obtained
fisheries,production_value,Produce/Qty,Aquaculture/Farm,measure,,,,int64,100.0,589,100.0,,Production value (INR)
fisheries,purchased_by_aadhaar_ref_id,Identity,Fisher Identity,excluded_pii,,,,str,100.0,10,100.0,Identity: personal identifier,Purchaser Aadhaar reference
fisheries,purchased_by_mobile_no,Identity,Fisher Identity,excluded_pii,,,,str,100.0,10,100.0,Identity: personal identifier,Purchased By Mobile No — fisheries operational field
fisheries,purchased_quantity,Produce/Qty,HSD Oil Subsidy,measure,,,,int64,100.0,119,100.0,,Quantity purchased (litres)
fisheries,rate_of_subsidy,Benefit/Amount,General,measure,,,,int64,100.0,21,100.0,,Payment/financial field
fisheries,ration_card_number,Identity,Fisher Identity,excluded_pii,,,,str,100.0,626,0.0,Identity: personal identifier,Ration card number
fisheries,rc_status,Status,General,dim,,,,str,100.0,3,0.0,,Status field
fisheries,registered_district,Geography,Geographic,dim,,,,str,100.0,13,0.0,,Geographic field
fisheries,registered_mandal,Geography,Geographic,dim,,,,str,100.0,25,0.0,,Geographic field
fisheries,registered_secretariat_code,Geography,Geographic,dim,,,,int64,100.0,626,100.0,,Geographic field
fisheries,registration_authority,Identity,General,excluded_pii,,,,str,100.0,10,0.0,Identity: not a demographic attribute,Registration Authority — fisheries operational field
fisheries,registration_no,Identity,General,excluded_pii,,,,str,100.0,10,0.0,Identity: personal identifier,Registration No — fisheries operational field
fisheries,rejected_datetime,Status,Application/Workflow,dim,,,,str,100.0,505,0.0,,Date/timestamp
fisheries,remaining_cultivation_land,Land,Land/Survey,measure,,,,float64,100.0,627,100.0,,Remaining cultivation land
fisheries,request_submitter_aadhaar_ref_id,Identity,Fisher Identity,excluded_pii,,,,str,100.0,10,100.0,Identity: personal identifier,Aadhaar-related field
fisheries,resurvey_at_group,Land,General,measure,,,,int64,100.0,489,100.0,,Land/survey record field
fisheries,resurvey_status,Land,General,dim,,,,str,100.0,3,0.0,Land column holding a 3-value categorical (0.0% numeric) - re-roled to dim,Land/survey record field
fisheries,revenue_village,Geography,Fisher Identity,dim,,,,str,100.0,38,0.0,,Revenue village name
fisheries,revenue_village_old,Geography,Fisher Identity,dim,,,,str,100.0,38,0.0,,Geographic field
fisheries,secretariat,Geography,Geographic,dim,,,,str,100.0,10,0.0,,Secretariat name
fisheries,secretariat_code,Geography,Geographic,dim,,,,int64,100.0,626,100.0,,Secretariat code
fisheries,secretariat_id,Geography,Geographic,dim,,,,int64,100.0,626,100.0,,Secretariat ID
fisheries,secretariat_name,Geography,Geographic,dim,,,,str,100.0,120,0.0,,Secretariat name
fisheries,social_category,Identity,Fisher Identity,dim,,,,str,100.0,4,0.0,,Social category (SC/ST/BC/OC)
fisheries,social_category_certificate,Identity,Fisher Identity,dim,,,,str,100.0,4,0.0,,Caste certificate document
fisheries,species_id,Crop/Activity,Aquaculture/Farm,dim,,,,int64,100.0,488,100.0,,Species ID
fisheries,species_name,Crop/Activity,Aquaculture/Farm,dim,,,,str,100.0,5,0.0,,Species name (Vannamei/Tiger Prawn/IMC/Pangasius)
fisheries,species_type_id,Crop/Activity,Aquaculture/Farm,dim,,,,float64,100.0,626,100.0,,Identifier/key
fisheries,status,Status,General,dim,,,,str,100.0,3,0.0,,Record status
fisheries,sub_caste,Identity,Fisher Identity,dim,,,,str,100.0,4,0.0,,Sub-caste
fisheries,subsidy_amount,Benefit/Amount,HSD Oil Subsidy,measure,,,,float64,100.0,627,100.0,,Subsidy amount (INR)
fisheries,such_activity,Crop/Activity,General,dim,,,,str,100.0,10,0.0,,Such Activity — fisheries operational field
fisheries,survey_doorno,Land,General,dim,,,,str,100.0,10,0.0,Land column holding a 10-value categorical (0.0% numeric) - re-roled to dim,Land/survey record field
fisheries,survey_farm_village,Geography,Fisher Identity,dim,,,,str,100.0,38,0.0,,Farm/aquaculture field
fisheries,survey_locality,Land,Geographic,dim,,,,str,100.0,10,0.0,Land column holding a 10-value categorical (0.0% numeric) - re-roled to dim,Land/survey record field
fisheries,survey_lpm_status,Land,Land/Survey,dim,,,,str,100.0,3,0.0,Land column holding a 3-value categorical (0.0% numeric) - re-roled to dim,Land/survey record field
fisheries,survey_number,Land,Land/Survey,excluded_nonnumeric,,,,str,100.0,627,0.0,Land column only 0.0% numeric - not usable as a measure,Land survey number
fisheries,survey_pincode,Geography,Geographic,dim,,,,str,100.0,10,100.0,,Land/survey record field
fisheries,survey_type,Land,General,dim,,,,str,100.0,10,0.0,Land column holding a 10-value categorical (0.0% numeric) - re-roled to dim,Land/survey record field
fisheries,survey_village,Geography,Fisher Identity,dim,,,,str,100.0,38,0.0,,Land/survey record field
fisheries,temp_status,Status,General,dim,,,,str,100.0,3,0.0,,Status field
fisheries,total_amount,Benefit/Amount,Payment/Banking,measure,,,,float64,100.0,627,100.0,,Total amount
fisheries,total_cultivation_land,Land,Land/Survey,measure,,,,float64,100.0,343,100.0,,Total cultivation land area
fisheries,total_extent_hatchery,Land,Aquaculture/Farm,measure,,,,float64,100.0,407,100.0,,Total extent of hatchery
fisheries,transaction_status,Status,General,dim,,,,str,100.0,3,0.0,,Status field
fisheries,transfer_ownership_type,Land,General,dim,,,,str,100.0,10,0.0,Land column holding a 10-value categorical (0.0% numeric) - re-roled to dim,Transfer Ownership Type — fisheries operational field
fisheries,vessel_id,Crop/Activity,Vessel/Boat,dim,,,,int64,100.0,477,100.0,,Vessel/boat ID
fisheries,vessel_license_no,Crop/Activity,Vessel/Boat,dim,,,,str,100.0,10,0.0,,Vessel license number
fisheries,vessel_license_renewed_date,Crop/Activity,Vessel/Boat,dim,,,,str,100.0,475,0.0,,Vessel license renewal date
fisheries,vessel_license_valid_upto,Crop/Activity,Vessel/Boat,dim,,,,str,100.0,500,0.0,,Vessel license valid up to
fisheries,vessel_mfid_number,Crop/Activity,Vessel/Boat,dim,,,,str,100.0,10,0.0,,Vessel MFID (Marine Fisheries ID) number
fisheries,vessel_name,Crop/Activity,Vessel/Boat,dim,,,,str,100.0,119,0.0,,Vessel name
fisheries,vessel_owner_aadhar_ref_id,Identity,Fisher Identity,excluded_pii,,,,str,100.0,10,100.0,Identity: personal identifier,Vessel owner Aadhaar reference
fisheries,vessel_owner_bank_account_name,Bank/DBT,Vessel/Boat,excluded_bank,,,,int64,100.0,120,100.0,Bank/DBT group — payment-instrument PII,Vessel owner bank account name
fisheries,vessel_owner_bank_account_number,Bank/DBT,Vessel/Boat,excluded_bank,,,,str,100.0,10,100.0,Bank/DBT group — payment-instrument PII,Vessel owner bank account number
fisheries,vessel_owner_bank_details,Crop/Activity,Vessel/Boat,dim,,,,str,100.0,10,0.0,,Vessel owner bank details
fisheries,vessel_owner_bank_ifsc_code,Bank/DBT,Vessel/Boat,excluded_bank,,,,str,100.0,10,0.0,Bank/DBT group — payment-instrument PII,Vessel owner bank IFSC code
fisheries,vessel_owner_dob,Identity,Fisher Identity,excluded_pii,,,,str,100.0,499,0.0,Identity: personal identifier,Vessel owner date of birth
fisheries,vessel_owner_father_name,Identity,Fisher Identity,excluded_pii,,,,str,100.0,10,0.0,Identity: personal identifier,Vessel owner father name
fisheries,vessel_owner_mobile_no,Identity,Fisher Identity,excluded_pii,,,,str,100.0,10,100.0,Identity: personal identifier,Vessel owner mobile
fisheries,vessel_owner_name,Crop/Activity,Fisher Identity,dim,,,,str,100.0,120,0.0,,Vessel owner name
fisheries,vessel_owner_ration_card_number,Identity,Fisher Identity,excluded_pii,,,,str,100.0,10,0.0,Identity: personal identifier,Vessel owner ration card
fisheries,vessel_reg_no,Crop/Activity,Vessel/Boat,dim,,,,str,100.0,10,0.0,,Vessel registration number
fisheries,vessel_reg_num,Crop/Activity,Vessel/Boat,dim,,,,str,100.0,10,0.0,,Vessel registration number
fisheries,vessel_status,Crop/Activity,Vessel/Boat,dim,,,,str,100.0,3,0.0,,Vessel active status
fisheries,vessel_type,Crop/Activity,Vessel/Boat,dim,,,,str,100.0,10,0.0,,Vessel type (Mechanized/Motorized/Traditional)
fisheries,vessel_update_date,Crop/Activity,Vessel/Boat,dim,,,,str,100.0,504,0.0,,Vessel/boat field
fisheries,vfa_aadhar_ref_id,Identity,Fisher Identity,excluded_pii,,,,str,100.0,10,100.0,Identity: personal identifier,Aadhaar-related field
fisheries,village,Geography,Fisher Identity,dim,,,,str,100.0,38,0.0,,Village name
fisheries,village_code,Geography,Fisher Identity,dim,,,,int64,100.0,38,100.0,,Village code
fisheries,village_code_old,Geography,Fisher Identity,dim,,,,int64,100.0,625,100.0,,Geographic field
fisheries,village_name,Geography,Fisher Identity,dim,,,,str,100.0,38,0.0,,Village name
fisheries,village_ward_name,Geography,Fisher Identity,dim,,,,str,100.0,10,0.0,,Geographic field
fisheries,water_body_district,Geography,Geographic,dim,,,,str,100.0,13,0.0,,Inland water body field
fisheries,water_body_habitation_name,Geography,Inland Water Body,dim,,,,str,100.0,10,0.0,,Inland water body field
fisheries,water_body_license_district_id,Geography,Geographic,dim,,,,int64,100.0,13,100.0,,Inland water body field
fisheries,water_body_license_district_name,Geography,Geographic,dim,,,,str,100.0,13,0.0,,Inland water body field
fisheries,wbdcode,Geography,General,dim,,,,int64,100.0,494,100.0,,Wbdcode — fisheries operational field
fisheries,wbdcode_old,Geography,General,dim,,,,int64,100.0,487,100.0,,Wbdcode Old — fisheries operational field
fisheries,wbmcode,Geography,General,dim,,,,int64,100.0,476,100.0,,Wbmcode — fisheries operational field
fisheries,wbmcode_old,Geography,General,dim,,,,int64,100.0,484,100.0,,Wbmcode Old — fisheries operational field
fisheries,wbvcode,Geography,General,dim,,,,int64,100.0,489,100.0,,Wbvcode — fisheries operational field
fisheries,wbvcode_old,Geography,General,dim,,,,int64,100.0,475,100.0,,Wbvcode Old — fisheries operational field
horticulture_apmip,ACCOUNTNO,Bank/DBT,Banking/Payment,excluded_bank,,,,str,100.0,567,100.0,Bank/DBT group — payment-instrument PII,Bank account number
horticulture_apmip,AREA,Land,General,measure,,,,float64,100.0,362,100.0,,Area (acres/hectares)
horticulture_apmip,AadharFlag,Identity,Farmer Identity,excluded_pii,,,,str,100.0,1,0.0,Identity: personal identifier,Aadhaar verification flag
horticulture_apmip,Administrative_Sanction_Check,Benefit/Amount,Proceedings/Orders,dim,,,,str,100.0,10,0.0,Benefit/Amount column holding a 10-value categorical (0.0% numeric) - re-roled to dim,Administrative Sanction Check — Horticulture/MIP operational field
horticulture_apmip,BALANCE_AMOUNT_TO_RELEASE,Benefit/Amount,Financial/Subsidy,measure,,,view6_horti_pipeline,float64,100.0,307,100.0,,Balance to release
horticulture_apmip,BENEFICIARYBANKNAME,Identity,Banking/Payment,excluded_pii,,,,str,100.0,119,0.0,Identity: personal identifier,Beneficiary bank name
horticulture_apmip,BENEFICIARYBRANCHNAME,Identity,Banking/Payment,excluded_pii,,,,str,100.0,120,0.0,Identity: personal identifier,Beneficiary branch name
horticulture_apmip,BENEFICIARYMOBILE,Identity,Farmer Identity,excluded_pii,,,,str,100.0,567,100.0,Identity: personal identifier,Beneficiary details field
horticulture_apmip,Bank,Bank/DBT,Banking/Payment,excluded_bank,,,,str,100.0,7,0.0,Bank/DBT group — payment-instrument PII,Bank name
horticulture_apmip,Branch,Bank/DBT,Banking/Payment,excluded_bank,,,,str,100.0,23,0.0,Bank/DBT group — payment-instrument PII,Branch name
horticulture_apmip,Branch_Name,Bank/DBT,Banking/Payment,excluded_bank,,,,str,100.0,23,0.0,Bank/DBT group — payment-instrument PII,Branch name
horticulture_apmip,CDistrict_Id,Geography,Geographic,dim,,,,int64,100.0,13,100.0,,District geographic field
horticulture_apmip,CHabitation_Id,Geography,Geographic,dim,,,,int64,100.0,566,100.0,,Habitation geographic field
horticulture_apmip,CMandal_Id,Geography,Geographic,dim,,,,int64,100.0,448,100.0,,Mandal geographic field
horticulture_apmip,CPanchayat_Id,Geography,Farmer Identity,dim,,,,int64,100.0,566,100.0,,Panchayat geographic field
horticulture_apmip,CROPCATEGORY,Crop/Activity,Farmer Identity,dim,,,,str,100.0,10,0.0,,Crop/horticulture field
horticulture_apmip,CROPNAME,Crop/Activity,Crop/Horticulture,dim,commodity,,view6_horti_pipeline,str,100.0,10,0.0,,Crop/horticulture field
horticulture_apmip,CROPTYPE,Crop/Activity,Crop/Horticulture,dim,,,,str,100.0,10,0.0,,Crop/horticulture field
horticulture_apmip,CRYFWD_FIN_YEAR,Crop/Activity,Temporal,dim,,,,int64,100.0,436,100.0,,Cryfwd Fin Year — Horticulture/MIP operational field
horticulture_apmip,CVillage_Id,Geography,Farmer Identity,dim,,,,int64,100.0,566,100.0,,Village geographic field
horticulture_apmip,Caste,Identity,Farmer Identity,dim,,,,str,100.0,4,0.0,,Caste category
horticulture_apmip,Category,Identity,Farmer Identity,dim,caste,,view1_scheme_benefits; view6_horti_pipeline,str,100.0,4,0.0,,Social category (SC/ST/BC/OC)
horticulture_apmip,Cost_per_Hectare,Land,Financial/Subsidy,measure,,,,float64,100.0,566,100.0,,Cost per hectare
horticulture_apmip,Crop,Crop/Activity,Crop/Horticulture,dim,,,,str,100.0,10,0.0,,Crop name
horticulture_apmip,Crop_Code,Crop/Activity,Crop/Horticulture,dim,,,,float64,100.0,565,100.0,,Crop code
horticulture_apmip,Crop_Description,Crop/Activity,Crop/Horticulture,dim,,,,str,100.0,10,0.0,,Crop description
horticulture_apmip,Crop_Season,Crop/Activity,Crop/Horticulture,dim,,,,str,100.0,2,0.0,,Crop season (Kharif/Rabi/Summer)
horticulture_apmip,Crop_Type,Crop/Activity,Crop/Horticulture,dim,,,,str,100.0,10,0.0,,Crop type (Fruit/Vegetable/Spice/Flower/Medicinal)
horticulture_apmip,Crop_Type_Code,Crop/Activity,Crop/Horticulture,dim,,,,float64,100.0,565,100.0,,Crop type code
horticulture_apmip,DDAMOUNT,Benefit/Amount,Financial/Subsidy,measure,,,,int64,100.0,541,100.0,,DD amount
horticulture_apmip,DDAmountRemitted,Benefit/Amount,Financial/Subsidy,measure,,,,int64,100.0,540,100.0,,DD amount remitted
horticulture_apmip,DDBRANCH,Bank/DBT,Banking/Payment,excluded_bank,,,,str,100.0,10,0.0,Bank/DBT group — payment-instrument PII,DD branch
horticulture_apmip,DEBITABLEAMOUNT,Benefit/Amount,Financial/Subsidy,measure,,,,int64,100.0,528,100.0,,Debitable amount
horticulture_apmip,DEBITABLE_ACCOUNT,Bank/DBT,Banking/Payment,excluded_bank,,,,int64,100.0,99,100.0,Bank/DBT group — payment-instrument PII,Debitable account number
horticulture_apmip,DEBITABLE_IFSCCODE,Bank/DBT,Banking/Payment,excluded_bank,,,,str,100.0,10,0.0,Bank/DBT group — payment-instrument PII,Debitable IFSC
horticulture_apmip,DISTRICT,Geography,Geographic,dim,district,,view1_scheme_benefits; view6_horti_pipeline,str,100.0,12,0.0,,District geographic field
horticulture_apmip,DISTRICT_HQ,Geography,Geographic,dim,,,,str,100.0,10,0.0,,District geographic field
horticulture_apmip,DefferedPayment,Benefit/Amount,Banking/Payment,dim,,,,str,100.0,10,0.0,Benefit/Amount column holding a 10-value categorical (0.0% numeric) - re-roled to dim,Defferedpayment — Horticulture/MIP operational field
horticulture_apmip,District_Code,Geography,Geographic,dim,,,,int64,100.0,12,100.0,,District code
horticulture_apmip,District_description,Geography,Geographic,dim,,,,str,100.0,12,0.0,,District name/description
horticulture_apmip,District_id,Geography,Geographic,dim,,,,int64,100.0,12,100.0,,District ID
horticulture_apmip,DrySurveyLL,Land,Land/Survey,dim,,,,str,100.0,10,0.0,Land column holding a 10-value categorical (0.0% numeric) - re-roled to dim,Land survey field
horticulture_apmip,DrySurveyNo,Land,Land/Survey,excluded_nonnumeric,,,,str,100.0,567,0.0,Land column only 0.0% numeric - not usable as a measure,Dry land survey number
horticulture_apmip,Dry_Land,Land,Land/Survey,measure,,,,float64,100.0,218,100.0,,Dry land area
horticulture_apmip,EXTENT,Land,Land/Survey,measure,landholding,acres,view1_scheme_benefits,float64,100.0,362,100.0,,Extent of land
horticulture_apmip,EXTN_AADHARNO,Identity,Farmer Identity,key_aadhaar,aadhaar,,view1_scheme_benefits; view6_horti_pipeline,str,100.0,567,100.0,,Aadhaar number (external reference)
horticulture_apmip,EligiblePercent,Status,Financial/Subsidy,dim,,,,int64,100.0,19,100.0,,Eligible subsidy percentage
horticulture_apmip,ExtMore5Acres,Land,General,measure,,,,float64,100.0,380,100.0,,Extmore5Acres — Horticulture/MIP operational field
horticulture_apmip,FINANCIAL_YEAR,Crop/Activity,Temporal,dim,,,,int64,100.0,427,100.0,,Financial year
horticulture_apmip,FIVSTATUS,Status,Audit/Status,dim,,,,str,100.0,3,0.0,,FIV status
horticulture_apmip,FamilyAAdharno,Identity,Farmer Identity,excluded_pii,,,,str,100.0,567,100.0,Identity: personal identifier,Family Aadhaar number
horticulture_apmip,Farmer_DOB,Identity,Farmer Identity,excluded_pii,,,,str,100.0,559,0.0,Identity: personal identifier,Farmer date of birth
horticulture_apmip,Farmer_MaritalStatus,Status,Farmer Identity,dim,,,,str,100.0,3,0.0,,Marital status
horticulture_apmip,Farmer_Name,Identity,Farmer Identity,excluded_pii,,,,str,100.0,343,0.0,Identity: personal identifier,Farmer name
horticulture_apmip,Father_Name,Identity,Farmer Identity,excluded_pii,,,,str,100.0,36,0.0,Identity: personal identifier,Father/husband name
horticulture_apmip,Father_Name_Telugu,Identity,Farmer Identity,excluded_pii,,,,str,100.0,10,0.0,Identity: personal identifier,Father name (Telugu)
horticulture_apmip,Fin_Year,Crop/Activity,Temporal,dim,,,,str,100.0,4,0.0,,Financial year
horticulture_apmip,First_InstallmentDate,Bank/DBT,Temporal,excluded_bank,,,,str,100.0,429,0.0,Bank/DBT group — payment-instrument PII,First installment date
horticulture_apmip,GROSSAMOUNT,Benefit/Amount,Financial/Subsidy,measure,,,,int64,100.0,540,100.0,,Gross amount
horticulture_apmip,Gender,Identity,Farmer Identity,dim,,,view1_scheme_benefits; view6_horti_pipeline,str,100.0,2,0.0,,Gender (Male/Female/Other)
horticulture_apmip,GramPanchayatId,Geography,Farmer Identity,dim,,,,str,100.0,10,0.0,,Gram Panchayat ID
horticulture_apmip,HabitationId,Geography,Geographic,dim,,,,str,100.0,10,0.0,,Habitation ID
horticulture_apmip,Habitation_Code,Geography,Geographic,dim,,,,int64,100.0,567,100.0,,Habitation code
horticulture_apmip,Habitation_Id,Geography,Geographic,dim,,,,int64,100.0,567,100.0,,Habitation ID
horticulture_apmip,Habitation_Name,Geography,Geographic,dim,,,,str,100.0,10,0.0,,Habitation name
horticulture_apmip,IFSCCODE,Bank/DBT,Banking/Payment,excluded_bank,,,,str,100.0,567,0.0,Bank/DBT group — payment-instrument PII,IFSC code
horticulture_apmip,IrrigatedSurveyLL,Land,Land/Survey,dim,,,,str,100.0,10,0.0,Land column holding a 10-value categorical (0.0% numeric) - re-roled to dim,Land survey field
horticulture_apmip,IrrigatedSurveyNo,Land,Land/Survey,excluded_nonnumeric,,,,str,100.0,567,0.0,Land column only 0.0% numeric - not usable as a measure,Irrigated land survey number
horticulture_apmip,Item_Amount,Benefit/Amount,Financial/Subsidy,measure,,,,int64,100.0,536,100.0,,Item amount
horticulture_apmip,Item_Quantity,Produce/Qty,General,measure,,,,int64,100.0,100,100.0,,Item quantity
horticulture_apmip,LandLord_AAdhaarno,Identity,Farmer Identity,excluded_pii,,,,str,100.0,567,100.0,Identity: personal identifier,Landlord Aadhaar number
horticulture_apmip,LandLord_FatherName,Identity,Land/Survey,excluded_pii,,,,str,100.0,10,0.0,Identity: personal identifier,Landlord father name
horticulture_apmip,MIPDMOBILE,Identity,Farmer Identity,excluded_pii,,,,str,100.0,567,100.0,Identity: personal identifier,Contact field
horticulture_apmip,MI_SubsidyAvailed_TotalAmount,Benefit/Amount,Micro-Irrigation,measure,,,,int64,100.0,538,100.0,,Subsidy-related field
horticulture_apmip,MI_SubsidyAvailed_TotalArea,Benefit/Amount,Micro-Irrigation,measure,,,,int64,100.0,534,100.0,,Subsidy-related field
horticulture_apmip,MI_Subsidy_Availed,Benefit/Amount,Micro-Irrigation,excluded_duplicate,,,,int64,100.0,567,100.0,equals `SubsidyAmt` after D1 (report §2.1); kept `SubsidyAmt` as the benefit pin,Subsidy-related field
horticulture_apmip,MI_Supplier_Representative_Mobile,Identity,Farmer Identity,excluded_pii,,,,str,100.0,10,100.0,Identity: personal identifier,MI supplier representative mobile
horticulture_apmip,MI_Supplier_Representative_Phone,Identity,Farmer Identity,excluded_pii,,,,str,100.0,10,100.0,Identity: personal identifier,MI supplier representative phone
horticulture_apmip,Mandal,Geography,Geographic,dim,,,,str,100.0,23,0.0,,Mandal geographic field
horticulture_apmip,MandalId,Geography,Geographic,dim,,,,str,100.0,10,0.0,,Mandal ID
horticulture_apmip,Mandal_Code,Geography,Geographic,dim,,,,int64,100.0,23,100.0,,Mandal code
horticulture_apmip,Mandal_Description,Geography,Geographic,dim,,,,str,100.0,23,0.0,,Mandal name/description
horticulture_apmip,Mandal_id,Geography,Geographic,dim,,,,int64,100.0,465,100.0,,Mandal ID
horticulture_apmip,MobileNumber,Identity,Farmer Identity,excluded_pii,,,,str,100.0,567,100.0,Identity: personal identifier,Mobile number
horticulture_apmip,Mobile_No,Identity,Farmer Identity,excluded_pii,,,,str,100.0,567,100.0,Identity: personal identifier,Mobile number
horticulture_apmip,MoblieStatus,Status,Audit/Status,dim,,,,str,100.0,3,0.0,,Status/flag field
horticulture_apmip,NETAMOUNT,Benefit/Amount,Financial/Subsidy,measure,,,,int64,100.0,541,100.0,,Financial amount field
horticulture_apmip,NET_AMOUNT,Benefit/Amount,Financial/Subsidy,measure,,,,int64,100.0,529,100.0,,Net amount
horticulture_apmip,NONSUBSIDYAMT,Benefit/Amount,Financial/Subsidy,measure,,,,int64,100.0,540,100.0,,Subsidy-related field
horticulture_apmip,No_of_Farmers_SubsidyAvailed,Benefit/Amount,Financial/Subsidy,measure,,,,int64,100.0,547,100.0,,Subsidy-related field
horticulture_apmip,NonSubsidy,Benefit/Amount,Financial/Subsidy,measure,,,,int64,100.0,534,100.0,,Non-subsidy amount
horticulture_apmip,NonSubsidyAmount,Benefit/Amount,Financial/Subsidy,measure,,,,float64,100.0,567,100.0,,Non-subsidy amount
horticulture_apmip,Operation_Fertigation_Equipment,Identity,Soil/Agronomy,excluded_pii,,,,str,100.0,10,0.0,Identity: not a demographic attribute,Operation Fertigation Equipment — Horticulture/MIP operational field
horticulture_apmip,Panchayat,Geography,Farmer Identity,dim,,,,str,100.0,10,0.0,,Panchayat geographic field
horticulture_apmip,Panchayat_Code,Geography,Farmer Identity,dim,,,,int64,100.0,567,100.0,,Panchayat code
horticulture_apmip,Panchayat_Head,Geography,Farmer Identity,dim,,,,str,100.0,10,0.0,,Panchayat sarpanch/head
horticulture_apmip,Panchayat_Id,Geography,Farmer Identity,dim,,,,int64,100.0,567,100.0,,Panchayat ID
horticulture_apmip,Panchayat_Name,Geography,Farmer Identity,dim,,,,str,100.0,10,0.0,,Panchayat name
horticulture_apmip,Payment_Mode,Benefit/Amount,Banking/Payment,dim,,,,str,100.0,10,0.0,Benefit/Amount column holding a 10-value categorical (0.0% numeric) - re-roled to dim,Payment Mode — Horticulture/MIP operational field
horticulture_apmip,PhoneNumber,Identity,Farmer Identity,excluded_pii,,,,str,100.0,567,100.0,Identity: personal identifier,Phone number
horticulture_apmip,Phone_No,Identity,Farmer Identity,excluded_pii,,,,str,100.0,567,100.0,Identity: personal identifier,Phone number
horticulture_apmip,Previous_DryLand,Land,Land/Survey,measure,,,,float64,100.0,218,100.0,,Previous dry land area
horticulture_apmip,Previous_WetLand,Land,Land/Survey,dim,,,,str,100.0,10,0.0,Land column holding a 10-value categorical (0.0% numeric) - re-roled to dim,Previous wet land area
horticulture_apmip,Pumping_Duration,Identity,Water/Power,excluded_pii,,,,float64,100.0,566,100.0,Identity: not a demographic attribute,Pumping duration (hours)
horticulture_apmip,Pumping_Duration_Consant,Identity,Water/Power,excluded_pii,,,,float64,100.0,565,100.0,Identity: not a demographic attribute,Constant pumping duration
horticulture_apmip,RI_Status_Code,Status,Inspection,dim,,,,str,100.0,3,0.0,,Random inspection status code
horticulture_apmip,Ration_Card,Identity,Farmer Identity,excluded_pii,,,,str,100.0,567,0.0,Identity: personal identifier,Ration card number
horticulture_apmip,Recommended_For_Payment,Benefit/Amount,Banking/Payment,dim,,,,str,100.0,2,0.0,Benefit/Amount column holding a 2-value categorical (0.0% numeric) - re-roled to dim,Recommended for payment (Yes/No)
horticulture_apmip,ReleasedAccountNo,Bank/DBT,Land/Survey,excluded_bank,,,,str,100.0,567,100.0,Bank/DBT group — payment-instrument PII,Released to account number
horticulture_apmip,STATUSCODE,Status,Audit/Status,dim,,,,str,100.0,3,0.0,,Status/flag field
horticulture_apmip,SUBSIDYFLAG,Benefit/Amount,Financial/Subsidy,measure,,,,int64,100.0,536,100.0,,Subsidy-related field
horticulture_apmip,SUBSIDY_CATEGORY,Benefit/Amount,Farmer Identity,measure,,,,int64,100.0,532,100.0,,Subsidy category
horticulture_apmip,SUBSIDY_PATTERN,Benefit/Amount,Financial/Subsidy,measure,,,,int64,100.0,551,100.0,,Subsidy pattern
horticulture_apmip,SanctionProceedingDate,Benefit/Amount,Proceedings/Orders,temporal_dim,,,,str,100.0,425,0.0,Benefit/Amount column holding ISO dates (100.0% parse) - re-roled to temporal,Sanction proceeding date
horticulture_apmip,Season_Of_Assessment,Crop/Activity,Crop/Horticulture,dim,,,,str,100.0,2,0.0,,Season Of Assessment — Horticulture/MIP operational field
horticulture_apmip,Social Status,Status,Farmer Identity,dim,,,,str,100.0,4,0.0,,Social status
horticulture_apmip,Spouse_Name,Identity,Farmer Identity,excluded_pii,,,,str,100.0,36,0.0,Identity: personal identifier,Spouse name
horticulture_apmip,Status,Status,Audit/Status,dim,status,,view1_scheme_benefits; view6_horti_pipeline,str,100.0,3,0.0,,Status
horticulture_apmip,Status_Code,Status,Audit/Status,dim,,,,str,100.0,3,0.0,,Status code
horticulture_apmip,Status_Description,Status,Audit/Status,dim,,,,str,100.0,3,0.0,,Status description
horticulture_apmip,SubsidyAmt,Benefit/Amount,Financial/Subsidy,measure,benefit,INR,view1_scheme_benefits; view6_horti_pipeline,float64,100.0,567,100.0,,Subsidy amount
horticulture_apmip,Subsidy_Rlsd,Benefit/Amount,Financial/Subsidy,measure,,,view6_horti_pipeline,float64,100.0,463,100.0,,Subsidy released
horticulture_apmip,Survey_No,Land,Land/Survey,excluded_nonnumeric,,,,str,100.0,567,0.0,Land column only 0.0% numeric - not usable as a measure,Survey number
horticulture_apmip,TotalLandAcres,Land,Land/Survey,measure,,,,float64,100.0,362,100.0,,Total land (acres)
horticulture_apmip,Total_Subsidy,Benefit/Amount,Financial/Subsidy,measure,,,,float64,100.0,567,100.0,,Total subsidy amount
horticulture_apmip,TrenchStatus,Status,Audit/Status,dim,,,,str,100.0,3,0.0,,Status/flag field
horticulture_apmip,Variety_Code,Crop/Activity,Crop/Horticulture,dim,,,,float64,100.0,566,100.0,,Variety Code — Horticulture/MIP operational field
horticulture_apmip,Village,Geography,Farmer Identity,dim,,,,str,100.0,36,0.0,,Village geographic field
horticulture_apmip,VillageId,Geography,Farmer Identity,dim,,,,str,100.0,10,0.0,,Village ID
horticulture_apmip,Village_Code,Geography,Farmer Identity,dim,,,,int64,100.0,36,100.0,,Village code
horticulture_apmip,Village_Id,Geography,Farmer Identity,dim,,,,int64,100.0,567,100.0,,Village ID
horticulture_apmip,Village_Name,Geography,Farmer Identity,dim,,,,str,100.0,36,0.0,,Village name
horticulture_apmip,Year,Crop/Activity,Temporal,dim,,,,int64,100.0,4,100.0,,Year
horticulture_apmip,Year_Of_Subsidy,Benefit/Amount,Financial/Subsidy,measure,,,,int64,100.0,4,100.0,,Year of subsidy
markfed,AADHAAR,Identity,Farmer Identity,excluded_pii,,,,str,100.0,646,100.0,Identity: personal identifier,Farmer Aadhaar/unique ID (12-digit biometric identity)
markfed,AADHAAR_NAME,Identity,Farmer Identity,excluded_pii,,,,str,100.0,367,0.0,Identity: personal identifier,Farmer/beneficiary name
markfed,AADHAAR_NO,Identity,Farmer Identity,key_aadhaar,aadhaar,,view1_scheme_benefits; view7_input_to_market,str,100.0,646,100.0,,Farmer Aadhaar/unique ID (12-digit biometric identity)
markfed,AADHAAR_NUMBER,Identity,Farmer Identity,excluded_pii,,,,str,100.0,646,100.0,Identity: personal identifier,Farmer Aadhaar/unique ID (12-digit biometric identity)
markfed,AADHAAR_REFERENCE_CODE,Identity,Farmer Identity,excluded_pii,,,,str,100.0,10,100.0,Identity: personal identifier,Code/classification
markfed,AADHAAR_REFERENCE_ID,Identity,Farmer Identity,excluded_pii,,,,str,100.0,10,100.0,Identity: personal identifier,Identifier/reference key
markfed,AADHARNO,Identity,Farmer Identity,excluded_pii,,,,str,100.0,646,100.0,Identity: personal identifier,Farmer Aadhaar/unique ID (12-digit biometric identity)
markfed,AADHAR_IMG_APRVL_REASON,Identity,Farmer Identity,excluded_pii,,,,str,100.0,1086,100.0,Identity: personal identifier,Aadhar Img Aprvl Reason — operational field
markfed,AADHAR_NAME,Identity,Farmer Identity,excluded_pii,,,,str,100.0,367,0.0,Identity: personal identifier,Farmer/beneficiary name
markfed,AADHAR_NO,Identity,Farmer Identity,excluded_pii,,,,str,100.0,646,100.0,Identity: personal identifier,Farmer Aadhaar/unique ID (12-digit biometric identity)
markfed,AADHAR_NUM,Identity,Farmer Identity,excluded_pii,,,,str,100.0,646,100.0,Identity: personal identifier,Farmer Aadhaar/unique ID (12-digit biometric identity)
markfed,AADHAR_NUMBER,Identity,Farmer Identity,excluded_pii,,,,str,100.0,646,100.0,Identity: personal identifier,Farmer Aadhaar/unique ID (12-digit biometric identity)
markfed,AADHAR_STATUS,Identity,Farmer Identity,excluded_pii,,,,str,100.0,3,0.0,Identity: personal identifier,Status field
markfed,ACCEPTED_QUANTITY,Produce/Qty,General,measure,,,,int64,100.0,100,100.0,,Quantity/bags field
markfed,ACCOUNT_CODE,Bank/DBT,Payment/Banking,excluded_bank,,,,str,100.0,10,100.0,Bank/DBT group — payment-instrument PII,Code/classification
markfed,ACCOUNT_NO,Bank/DBT,Payment/Banking,excluded_bank,,,,str,100.0,646,100.0,Bank/DBT group — payment-instrument PII,Bank account number (farmer/beneficiary/corporate)
markfed,ACCOUNT_NUMBER,Bank/DBT,Payment/Banking,excluded_bank,,,,str,100.0,646,100.0,Bank/DBT group — payment-instrument PII,Bank account number (farmer/beneficiary/corporate)
markfed,ACCOUNT_NUMBR,Bank/DBT,Payment/Banking,excluded_bank,,,,str,100.0,646,100.0,Bank/DBT group — payment-instrument PII,Bank account number (farmer/beneficiary/corporate)
markfed,ACKMOWLEDGEMENT_QUANTITY,Produce/Qty,General,measure,,,,int64,100.0,100,100.0,,Quantity/bags field
markfed,ACK_STATUS,Status,Workflow/Status,dim,,,,str,100.0,3,0.0,,Status field
markfed,ACTIVE_STATUS,Status,Workflow/Status,dim,,,,str,100.0,3,0.0,,Record/workflow status
markfed,ACTUAL_AMOUNT,Benefit/Amount,Payment/Banking,measure,,,,int64,100.0,965,100.0,,Monetary amount (INR)
markfed,ACTUTAL_QUANTITY_KGS,Produce/Qty,General,measure,,,,int64,100.0,100,100.0,,Procurement quantity (kg/MT/quintals)
markfed,ADD_BANK_STATUS,Status,Payment/Banking,dim,,,,str,100.0,3,0.0,,Status field
markfed,ALERT_PRICE_UPDATE_COM_ID,Benefit/Amount,Paddy/Rice,temporal_dim,,,,str,100.0,738,0.0,Benefit/Amount column holding ISO dates (100.0% parse) - re-roled to temporal,Date/timestamp field
markfed,ALLOTMENT_APPROVAL_STATUS,Status,Procurement/Quality,dim,,,,str,100.0,3,0.0,,Status field
markfed,ALLOTTED_QUANTITY,Produce/Qty,Procurement/Quality,measure,,,,int64,100.0,100,100.0,,Allotted/release order quantity
markfed,ALLOT_QUANTITY,Produce/Qty,Procurement/Quality,measure,,,,int64,100.0,100,100.0,,Allotted/release order quantity
markfed,AMOUNT,Benefit/Amount,Payment/Banking,measure,,,,float64,100.0,1086,100.0,,Monetary amount (INR)
markfed,AMOUNT_IN_RS,Benefit/Amount,Payment/Banking,measure,,,,int64,100.0,977,100.0,,Monetary amount (INR)
markfed,AMOUNT_IN_RS_OLD,Benefit/Amount,Payment/Banking,measure,,,,int64,100.0,980,100.0,,Amount In Rs Old — operational field
markfed,AMOUNT_PAID,Benefit/Amount,Payment/Banking,measure,benefit,INR,view1_scheme_benefits; view4_markfed_procurement; view7_input_to_market,float64,100.0,1086,100.0,,Amount paid to farmer
markfed,AMOUNT_PAID_FARMERS,Benefit/Amount,Payment/Banking,measure,,,,int64,100.0,991,100.0,,Amount paid to farmer
markfed,AMOUNT_PAISA,Benefit/Amount,Payment/Banking,measure,,,,int64,100.0,987,100.0,,Amount Paisa — operational field
markfed,AMOUNT_WORDS,Benefit/Amount,Payment/Banking,measure,,,,int64,100.0,985,100.0,,Amount Words — operational field
markfed,APPROVAL_STATUS,Status,Workflow/Status,dim,,,,str,100.0,3,0.0,,Record/workflow status
markfed,APPROVED_BY,Status,Workflow/Status,dim,,,,str,100.0,10,0.0,,Approval details (who/when)
markfed,APPROVED_BY_MD,Status,Workflow/Status,dim,,,,str,100.0,10,0.0,,Approval/rejection workflow field
markfed,APPROVED_DATE,Status,Workflow/Status,dim,,,,str,100.0,731,0.0,,Approval details (who/when)
markfed,APPROVED_ON,Status,Workflow/Status,dim,,,,str,100.0,745,0.0,,Approval details (who/when)
markfed,APPROVED_PRICE,Benefit/Amount,Paddy/Rice,measure,,,,int64,100.0,965,100.0,,Procurement price (MSP or bid price per MT/quintal)
markfed,APPROVED_REJECTED_ON,Status,Workflow/Status,dim,,,,str,100.0,742,0.0,,Date/timestamp field
markfed,APPROVED_STATUS,Status,Workflow/Status,dim,,,,str,100.0,3,0.0,,Record/workflow status
markfed,APPROVE_REJECT_STATUS,Status,Workflow/Status,dim,,,,str,100.0,3,0.0,,Status field
markfed,APPROVE_STATUS,Status,Workflow/Status,dim,,,,str,100.0,3,0.0,,Record/workflow status
markfed,APRROVAL_STATUS,Status,Workflow/Status,dim,,,,str,100.0,3,0.0,,Status field
markfed,AREA,Land,Land/Revenue,measure,,,,float64,100.0,529,100.0,,Land extent/area in acres
markfed,AREA_IN_ACRES,Land,Land/Revenue,measure,landholding,acres,view1_scheme_benefits,float64,100.0,370,100.0,,Land extent/area in acres
markfed,ASSAYING_APPROVED_REJECTED,Status,Procurement/Quality,dim,,,,str,100.0,10,0.0,,Quality assaying status/approval
markfed,ASSAYING_STATUS,Status,Procurement/Quality,dim,,,,str,100.0,3,0.0,,Quality assaying status/approval
markfed,ASSESTS_SUBSIDY,Benefit/Amount,General,measure,,,,int64,100.0,976,100.0,,Assests Subsidy — operational field
markfed,ATR_RAISE_STATUS,Status,Workflow/Status,dim,,,,str,100.0,3,0.0,,Status field
markfed,AUTH_MOBILE_NO,Identity,Authentication,excluded_pii,,,,str,100.0,646,100.0,Identity: personal identifier,Reference number
markfed,AUTH_STATUS,Status,Workflow/Status,dim,,,,str,100.0,3,0.0,,Status field
markfed,BAGS,Produce/Qty,Procurement/Quality,measure,,,,int64,100.0,100,100.0,,Number of bags (procurement/distribution unit)
markfed,BAG_FAQ_STATUS,Status,Procurement/Quality,dim,,,,str,100.0,3,0.0,,Status field
markfed,BAG_PRICE,Benefit/Amount,Procurement/Quality,measure,,,,int64,100.0,976,100.0,,Price/rate/cost field
markfed,BAG_PRICE_GST_EXCEL,Benefit/Amount,Procurement/Quality,measure,,,,int64,100.0,988,100.0,,Price/rate/cost field
markfed,BAG_QR_STATUS,Status,Procurement/Quality,dim,,,,str,100.0,3,0.0,,Status field
markfed,BAG_QUANTITY,Produce/Qty,Procurement/Quality,measure,,,,int64,100.0,100,100.0,,Number of bags (procurement/distribution unit)
markfed,BAG_WEIGHT,Produce/Qty,Procurement/Quality,measure,,,,int64,100.0,100,100.0,,Bag weight/capacity
markfed,BALANCE_DISPATCH_QUANTITY,Produce/Qty,Dispatch/Logistics,measure,,,,int64,100.0,985,100.0,,Dispatched quantity
markfed,BALANCE_RO_QUANTITY,Produce/Qty,General,measure,,,,int64,100.0,990,100.0,,Quantity/bags field
markfed,BALES1,Produce/Qty,Cotton,measure,,,,int64,100.0,99,100.0,,Bales1 — operational field
markfed,BALES2,Produce/Qty,Cotton,measure,,,,int64,100.0,100,100.0,,Bales2 — operational field
markfed,BALES3,Produce/Qty,Cotton,measure,,,,int64,100.0,100,100.0,,Bales3 — operational field
markfed,BALE_AMOUNT,Benefit/Amount,Payment/Banking,measure,,,,int64,100.0,982,100.0,,Monetary amount
markfed,BANK,Bank/DBT,Payment/Banking,excluded_bank,,,,str,100.0,7,0.0,Bank/DBT group — payment-instrument PII,Banking field
markfed,BANK_ACCOUNT_NO,Bank/DBT,Payment/Banking,excluded_bank,,,,str,100.0,646,100.0,Bank/DBT group — payment-instrument PII,Bank account number (farmer/beneficiary/corporate)
markfed,BANK_GURANTE_AMOUNT,Benefit/Amount,Payment/Banking,measure,,,,int64,100.0,969,100.0,,Monetary amount
markfed,BANK_IFSC,Bank/DBT,Payment/Banking,excluded_bank,,,,str,100.0,646,0.0,Bank/DBT group — payment-instrument PII,Bank IFSC code
markfed,BANK_LINKED_STATUS,Status,Payment/Banking,dim,,,,str,100.0,3,0.0,,Status field
markfed,BANK_PULLED_AMOUNT,Benefit/Amount,Payment/Banking,measure,,,,int64,100.0,979,100.0,,Monetary amount
markfed,BASIC_AMOUNT,Benefit/Amount,Payment/Banking,measure,,,,int64,100.0,980,100.0,,Monetary amount (INR)
markfed,BASIC_BAGS_AMOUNT,Benefit/Amount,Procurement/Quality,measure,,,,int64,100.0,981,100.0,,Monetary amount
markfed,BASIC_PRICE,Benefit/Amount,Paddy/Rice,measure,,,,int64,100.0,969,100.0,,Procurement price (MSP or bid price per MT/quintal)
markfed,BASIC_P_PRICE,Benefit/Amount,Paddy/Rice,measure,,,,int64,100.0,984,100.0,,Price/rate/cost field
markfed,BASIC_SUTHALI_AMOUNT,Benefit/Amount,Payment/Banking,measure,,,,int64,100.0,987,100.0,,Monetary amount
markfed,BASIC_S_PRICE,Benefit/Amount,Paddy/Rice,measure,,,,int64,100.0,979,100.0,,Price/rate/cost field
markfed,BENEFCIARY_ACCOUNT_TYPE,Bank/DBT,Payment/Banking,excluded_bank,,,,int64,100.0,100,100.0,Bank/DBT group — payment-instrument PII,Type/category
markfed,BENEFICIARY_AADHAAR_NUMBER,Identity,Farmer Identity,excluded_pii,,,,str,100.0,646,100.0,Identity: personal identifier,Reference number
markfed,BENEFICIARY_ACCOUNT_NAME,Identity,Payment/Banking,excluded_pii,,,,int64,100.0,100,100.0,Identity: personal identifier,Farmer/beneficiary name
markfed,BENEFICIARY_ACCOUNT_NO,Bank/DBT,Payment/Banking,excluded_bank,,,,str,100.0,646,100.0,Bank/DBT group — payment-instrument PII,Bank account number (farmer/beneficiary/corporate)
markfed,BENEFICIARY_ACCOUNT_NUMBER,Bank/DBT,Payment/Banking,excluded_bank,,,,str,100.0,646,100.0,Bank/DBT group — payment-instrument PII,Bank account number (farmer/beneficiary/corporate)
markfed,BENEFICIARY_ACCOUNT_NUUMBER,Bank/DBT,Payment/Banking,excluded_bank,,,,int64,100.0,100,100.0,Bank/DBT group — payment-instrument PII,Beneficiary Account Nuumber — operational field
markfed,BENEFICIARY_ACC_HOLDERS_NAME,Identity,Payment/Banking,excluded_pii,,,,str,100.0,120,0.0,Identity: personal identifier,Name/label field
markfed,BENEFICIARY_BANK_IFSC_CODE,Bank/DBT,Payment/Banking,excluded_bank,,,,str,100.0,646,0.0,Bank/DBT group — payment-instrument PII,Bank IFSC code
markfed,BENEFICIARY_BANK_NAME,Identity,Payment/Banking,excluded_pii,,,,str,100.0,120,0.0,Identity: personal identifier,Bank name
markfed,BENEFICIARY_IFSC_CODE,Bank/DBT,Payment/Banking,excluded_bank,,,,str,100.0,646,0.0,Bank/DBT group — payment-instrument PII,Bank IFSC code
markfed,BENEFICIARY_MOBILE,Identity,General,excluded_pii,,,,str,100.0,646,100.0,Identity: personal identifier,Communication/notification field
markfed,BENEFICIARY_MOBILE_NUMBER,Identity,General,excluded_pii,,,,str,100.0,646,100.0,Identity: personal identifier,Reference number
markfed,BENEFICIARY_NAME,Identity,Farmer Identity,excluded_pii,,,,str,100.0,367,0.0,Identity: personal identifier,Farmer/beneficiary name
markfed,BENEF_ACCOUNT_NUMBER,Bank/DBT,Payment/Banking,excluded_bank,,,,str,100.0,646,100.0,Bank/DBT group — payment-instrument PII,Bank account number (farmer/beneficiary/corporate)
markfed,BENE_BANK_BRANCH_NAME,Bank/DBT,Payment/Banking,excluded_bank,,,,str,100.0,120,0.0,Bank/DBT group — payment-instrument PII,Name/label field
markfed,BEN_ACCOUNT_HOLDER_NAME,Bank/DBT,Payment/Banking,excluded_bank,,,,int64,100.0,100,100.0,Bank/DBT group — payment-instrument PII,Name/label field
markfed,BID_AGREE_STATUS,Status,e-Auction,dim,,,,str,100.0,3,0.0,,Bid approval status/price
markfed,BID_AMOUNT,Benefit/Amount,Payment/Banking,measure,,,,int64,100.0,982,100.0,,e-Auction bid ID/amount/quantity
markfed,BID_APPROVAL_PRICE,Benefit/Amount,e-Auction,measure,,,,int64,100.0,969,100.0,,Bid approval status/price
markfed,BID_PRICE,Benefit/Amount,e-Auction,measure,,,,int64,100.0,995,100.0,,Procurement price (MSP or bid price per MT/quintal)
markfed,BID_PRICE_MTS,Benefit/Amount,e-Auction,measure,,,,int64,100.0,983,100.0,,Procurement price (MSP or bid price per MT/quintal)
markfed,BLOCKED_DATETIME,Geography,General,dim,,,,str,100.0,749,0.0,,Date/timestamp field
markfed,BM_CASTE,Identity,Farmer Identity,dim,,,,str,100.0,4,0.0,,Farmer caste/social category (SC/ST/BC/OC/Minority)
markfed,BN_AADHAAR_NUMBER,Identity,Farmer Identity,excluded_pii,,,,str,100.0,646,100.0,Identity: personal identifier,Reference number
markfed,BN_ACCOUNT_NAME,Bank/DBT,Payment/Banking,excluded_bank,,,,int64,100.0,100,100.0,Bank/DBT group — payment-instrument PII,Name/label field
markfed,BOD_CASTE,Identity,Farmer Identity,dim,,,,str,100.0,4,0.0,,Bod Caste — operational field
markfed,BOD_MOBILE_NO,Identity,FPO,excluded_pii,,,,str,100.0,646,100.0,Identity: personal identifier,Reference number
markfed,BOR_LOGIST_CAPABILITY_STATUS,Status,Workflow/Status,dim,,,,str,100.0,3,0.0,,Status field
markfed,BOR_SANCTIONED_AMT,Benefit/Amount,General,measure,,,,int64,100.0,984,100.0,,Monetary amount
markfed,BOR_SEED_PRODUCTION,Produce/Qty,General,measure,,,,int64,100.0,100,100.0,,Bor Seed Production — operational field
markfed,BOX_WEIGHT,Produce/Qty,General,measure,,,,int64,100.0,100,100.0,,Box Weight — operational field
markfed,BP_STATUS,Status,Workflow/Status,dim,,,,str,100.0,3,0.0,,Status field
markfed,BQ_STATUS,Status,Workflow/Status,dim,,,,str,100.0,3,0.0,,Status field
markfed,BRANCH,Bank/DBT,General,excluded_bank,,,,str,100.0,10,0.0,Bank/DBT group — payment-instrument PII,Branch — operational field
markfed,BRANCHNAME,Bank/DBT,General,excluded_bank,,,,str,100.0,120,0.0,Bank/DBT group — payment-instrument PII,Name/label field
markfed,BRANCH_NAME,Bank/DBT,General,excluded_bank,,,,str,100.0,120,0.0,Bank/DBT group — payment-instrument PII,Name/label field
markfed,BY_RAIL_WH_STATUS,Status,Warehouse/Storage,dim,,,,str,100.0,3,0.0,,Status field
markfed,CALL_MOBILE_MODEL,Identity,General,excluded_pii,,,,str,100.0,10,100.0,Identity: personal identifier,Communication/notification field
markfed,CALL_PAGE_ACTIVITY,Crop/Activity,Farmer Identity,dim,,,,str,100.0,10,0.0,,Call Page Activity — operational field
markfed,CANCLE_STATUS,Status,Workflow/Status,dim,,,,str,100.0,3,0.0,,Status field
markfed,CAO_APPROVAL_STATUS,Status,Workflow/Status,dim,,,,str,100.0,3,0.0,,Status field
markfed,CAO_APPROVED_ON,Status,Workflow/Status,dim,,,,str,100.0,751,0.0,,Date/timestamp field
markfed,CAO_REQUEST_STATUS,Status,Workflow/Status,dim,,,,str,100.0,3,0.0,,Status field
markfed,CASTE,Identity,Farmer Identity,dim,caste,,view1_scheme_benefits; view4_markfed_procurement,str,100.0,4,0.0,,Farmer caste/social category (SC/ST/BC/OC/Minority)
markfed,CASTE_ID,Identity,Farmer Identity,dim,,,,str,100.0,4,0.0,,Farmer caste/social category (SC/ST/BC/OC/Minority)
markfed,CASTE_NAME,Identity,Farmer Identity,excluded_pii,,,,str,100.0,4,0.0,Identity: personal identifier,Farmer caste/social category (SC/ST/BC/OC/Minority)
markfed,CATEGORY,Identity,General,dim,,,,str,100.0,4,0.0,,Category — operational field
markfed,CATEGORY_CODE,Identity,General,dim,,,,float64,100.0,1079,100.0,,Code/classification
markfed,CATEGORY_MEDICAL,Identity,General,dim,,,,str,100.0,10,0.0,,Category Medical — operational field
markfed,CATEGORY_NAME,Identity,General,excluded_pii,,,,str,100.0,4,0.0,Identity: personal identifier,Name/label field
markfed,CATEGORY_ORDER,Identity,General,dim,,,,float64,100.0,1077,100.0,,Category Order — operational field
markfed,CATEGORY_TYPE,Identity,General,dim,,,,str,100.0,10,0.0,,Type/category
markfed,CCI_APPROVED_BY,Status,Workflow/Status,dim,,,,str,100.0,10,0.0,,Approval/rejection workflow field
markfed,CCI_APPROVED_ON,Status,Workflow/Status,dim,,,,str,100.0,738,0.0,,Date/timestamp field
markfed,CCI_APPROVED_STATUS,Status,Workflow/Status,dim,,,,str,100.0,3,0.0,,Status field
markfed,CCI_STATUS,Status,Workflow/Status,dim,,,,str,100.0,3,0.0,,Status field
markfed,CEO_MOBILE_NO,Identity,General,excluded_pii,,,,str,100.0,646,100.0,Identity: personal identifier,FPO contact/CEO details
markfed,CESS_AMOUNT,Benefit/Amount,Payment/Banking,measure,,,,int64,100.0,985,100.0,,Cess amount
markfed,CGST_AMOUNT,Benefit/Amount,Payment/Banking,measure,,,,int64,100.0,987,100.0,,CGST (Central GST) amount/rate
markfed,CHANGE_INVOICE_STATUS,Status,Tax/GST/Invoice,dim,,,,str,100.0,3,0.0,,Status field
markfed,CHM_CASTE,Identity,Farmer Identity,dim,,,,str,100.0,4,0.0,,Chm Caste — operational field
markfed,CHM_MOBILE_NO,Identity,FPO,excluded_pii,,,,str,100.0,646,100.0,Identity: personal identifier,Reference number
markfed,CLAIM_AMOUNT,Benefit/Amount,Payment/Banking,measure,,,,int64,100.0,963,100.0,,Monetary amount
markfed,CLAIM_STATUS,Benefit/Amount,Workflow/Status,dim,,,,str,100.0,3,0.0,Benefit/Amount column holding a 3-value categorical (0.0% numeric) - re-roled to dim,Status field
markfed,CLUSTER_INCHARGE_AADHAAR,Identity,Farmer Identity,excluded_pii,,,,int64,100.0,986,100.0,Identity: personal identifier,Cluster Incharge Aadhaar — operational field
markfed,CLUSTER_INCHARGE_MOBILE,Identity,General,excluded_pii,,,,str,100.0,10,100.0,Identity: personal identifier,Communication/notification field
markfed,CMAPP_DISPATCH_QUANTITY,Produce/Qty,Dispatch/Logistics,measure,,,,int64,100.0,100,100.0,,Quantity/bags field
markfed,CMAPP_RO_QUANTITY,Produce/Qty,General,measure,,,,int64,100.0,100,100.0,,Quantity/bags field
markfed,CMAPP_SALE_CONFIRMED_QUANTITY,Produce/Qty,General,measure,,,,int64,100.0,100,100.0,,Quantity/bags field
markfed,CM_AMOUNT,Benefit/Amount,Payment/Banking,measure,,,,int64,100.0,980,100.0,,Monetary amount
markfed,CM_GROSS_WEIGHT,Produce/Qty,Procurement/Quality,measure,,,,int64,100.0,961,100.0,,Weight measurement (Net/Gross/Tare) at procurement center
markfed,CM_NET_WEIGHT,Produce/Qty,Procurement/Quality,measure,,,,int64,100.0,100,100.0,,Weight measurement (Net/Gross/Tare) at procurement center
markfed,CM_TARE_WEIGHT,Produce/Qty,Procurement/Quality,measure,,,,int64,100.0,100,100.0,,Weight measurement (Net/Gross/Tare) at procurement center
markfed,CNT_MOBILE_NO,Identity,General,excluded_pii,,,,str,100.0,646,100.0,Identity: personal identifier,Reference number
markfed,COMMODITY_NEML_STATUS,Status,Commodity/Crop,dim,,,,str,100.0,3,0.0,,Status field
markfed,COMPANY_ACCEPTED_STATUS,Status,Tax/GST/Invoice,dim,,,,str,100.0,3,0.0,,Status field
markfed,COMP_SALE_PRICE_MT,Benefit/Amount,Paddy/Rice,measure,,,,int64,100.0,989,100.0,,Price/rate/cost field
markfed,CONV_CENT_SECT_SCHEME,Crop/Activity,General,dim,,,,str,100.0,10,0.0,,Conv Cent Sect Scheme — operational field
markfed,CONV_OTH_CREDIT_SCHEMES,Crop/Activity,Payment/Banking,dim,,,,str,100.0,10,0.0,,Conv Oth Credit Schemes — operational field
markfed,CONV_OTH_CREDIT_SCHEMES_NAME,Crop/Activity,Payment/Banking,dim,,,,str,100.0,120,0.0,,Name/label field
markfed,CONV_STATE_SPONS_SCHEMES,Crop/Activity,General,dim,,,,str,100.0,10,0.0,,Conv State Spons Schemes — operational field
markfed,CORPORATE_ACCOUNT_NO,Bank/DBT,Payment/Banking,excluded_bank,,,,str,100.0,10,100.0,Bank/DBT group — payment-instrument PII,Bank account number (farmer/beneficiary/corporate)
markfed,CORPORATE_ACCOUNT_NUMBER,Bank/DBT,Payment/Banking,excluded_bank,,,,str,100.0,10,100.0,Bank/DBT group — payment-instrument PII,Bank account number (farmer/beneficiary/corporate)
markfed,CORPORATE_IFSC_CODE,Bank/DBT,Payment/Banking,excluded_bank,,,,str,100.0,10,0.0,Bank/DBT group — payment-instrument PII,Bank IFSC code
markfed,CP_MOBILE_NO,Identity,General,excluded_pii,,,,str,100.0,646,100.0,Identity: personal identifier,Reference number
markfed,CREDIT_NARRATION,Identity,Payment/Banking,excluded_pii,,,,str,100.0,10,0.0,Identity: personal identifier,Credit Narration — operational field
markfed,CROP,Crop/Activity,Commodity/Crop,dim,,,,str,100.0,10,0.0,,Commodity/crop field
markfed,CROPNAME,Crop/Activity,Commodity/Crop,dim,,,,str,100.0,10,0.0,,Commodity/crop name
markfed,CROP_CODE,Crop/Activity,Commodity/Crop,dim,,,,float64,100.0,1076,100.0,,Crop code
markfed,CROP_NAME,Crop/Activity,Commodity/Crop,dim,commodity,,view4_markfed_procurement; view7_input_to_market,str,100.0,10,0.0,,Commodity/crop name
markfed,CR_DISTRICT_ID,Geography,Geographic,dim,,,,int64,100.0,12,100.0,,District code/ID
markfed,CR_DIST_CODE,Geography,General,dim,,,,int64,100.0,12,100.0,,District code/ID
markfed,CR_SEASON,Crop/Activity,Commodity/Crop,dim,,,,str,100.0,2,0.0,,Crop season (Kharif/Rabi/Summer)
markfed,CR_VARIETY,Crop/Activity,Commodity/Crop,dim,,,,str,100.0,10,0.0,,Crop/commodity variety
markfed,CR_VARIETY_ID,Crop/Activity,Commodity/Crop,dim,,,,float64,100.0,1080,100.0,,Crop/commodity variety
markfed,CR_VCODE,Geography,General,dim,,,,int64,100.0,1083,100.0,,Village code/name
markfed,CR_YEAR,Crop/Activity,Commodity/Crop,dim,,,,int64,100.0,4,100.0,,Crop year
markfed,CULTIVATED_AREA_ACRES,Land,Land/Revenue,measure,,,,float64,100.0,370,100.0,,Land extent/area in acres
markfed,CULTIVATION,Land,Land/Revenue,dim,,,,str,100.0,10,0.0,Land column holding a 10-value categorical (0.0% numeric) - re-roled to dim,Cultivation — operational field
markfed,CURRENT_STATUS,Status,Workflow/Status,dim,,,,str,100.0,3,0.0,,Record/workflow status
markfed,CUSTOMER_ACCOUNT_TO_DEBITED,Bank/DBT,Payment/Banking,excluded_bank,,,,int64,100.0,100,100.0,Bank/DBT group — payment-instrument PII,Debit account (MARKFED corporate account for payment)
markfed,DATE_OF_BIRTH,Identity,Farmer Identity,excluded_pii,,,,str,100.0,635,0.0,Identity: personal identifier,Farmer date of birth
markfed,DATE_OF_PAYMENT_SEND_TO_BANK,Benefit/Amount,Payment/Banking,temporal_dim,,,,str,100.0,747,0.0,Benefit/Amount column holding ISO dates (100.0% parse) - re-roled to temporal,Date/timestamp field
markfed,DC_GEN_STATUS,Status,Dispatch/Logistics,dim,,,,str,100.0,3,0.0,,Status field
markfed,DEBIT_ACCOUNT_NUMBER,Bank/DBT,Payment/Banking,excluded_bank,,,,str,100.0,10,100.0,Bank/DBT group — payment-instrument PII,Debit account (MARKFED corporate account for payment)
markfed,DEBIT_NARRATION,Identity,Payment/Banking,excluded_pii,,,,str,100.0,10,0.0,Identity: personal identifier,Debit Narration — operational field
markfed,DECESSION_STATUS,Status,Tax/GST/Invoice,dim,,,,str,100.0,3,0.0,,Status field
markfed,DECISION_STATUS,Status,Workflow/Status,dim,,,,str,100.0,3,0.0,,Status field
markfed,DEFAULT_STATUS,Status,Workflow/Status,dim,,,,str,100.0,3,0.0,,Status field
markfed,DELIVERY_PINCODE,Geography,Geographic,dim,,,,str,100.0,10,100.0,,Code/classification
markfed,DEP_PINCODE,Geography,Geographic,dim,,,,str,100.0,10,100.0,,Code/classification
markfed,DESTINATION_ACCOUNT_TYPE,Bank/DBT,Payment/Banking,excluded_bank,,,,int64,100.0,100,100.0,Bank/DBT group — payment-instrument PII,Type/category
markfed,DIFF_AMOUNT,Benefit/Amount,Payment/Banking,measure,,,,int64,100.0,976,100.0,,Monetary amount
markfed,DISPATCHED_QUANTITY,Produce/Qty,Dispatch/Logistics,measure,,,,int64,100.0,100,100.0,,Quantity/bags field
markfed,DISPATCHED_QUANTITY_RPT,Produce/Qty,Dispatch/Logistics,measure,,,,int64,100.0,100,100.0,,Quantity/bags field
markfed,DISPATCH_PINCODE,Geography,Geographic,dim,,,,str,100.0,10,100.0,,Code/classification
markfed,DISPATCH_QUANTITY,Produce/Qty,Dispatch/Logistics,measure,,,,int64,100.0,100,100.0,,Dispatched quantity
markfed,DISPATCH_STATUS,Status,Dispatch/Logistics,dim,,,,str,100.0,3,0.0,,Status field
markfed,DISP_OFFLINE_STATUS,Status,Workflow/Status,dim,,,,str,100.0,3,0.0,,Status field
markfed,DISTRICT,Geography,Geographic,dim,,,,str,100.0,13,0.0,,District reference
markfed,DISTRICTCODE,Geography,Geographic,dim,,,,int64,100.0,12,100.0,,Code/classification
markfed,DISTRICTNAME,Geography,Geographic,dim,,,,str,100.0,13,0.0,,Name/label field
markfed,DISTRICTS,Geography,Geographic,dim,,,,str,100.0,13,0.0,,District reference
markfed,DISTRICT_BRANCH,Geography,Geographic,dim,,,,str,100.0,13,0.0,,District reference
markfed,DISTRICT_CODE,Geography,Geographic,dim,,,,int64,100.0,13,100.0,,District code/ID
markfed,DISTRICT_CODEE,Geography,Geographic,dim,,,,int64,100.0,12,100.0,,District reference
markfed,DISTRICT_ID,Geography,Geographic,dim,,,,int64,100.0,12,100.0,,District code/ID
markfed,DISTRICT_ID_OLD,Geography,Geographic,dim,,,,int64,100.0,12,100.0,,District reference
markfed,DISTRICT_LGD_CODE,Geography,Geographic,dim,,,,int64,100.0,12,100.0,,Code/classification
markfed,DISTRICT_NAME,Geography,Geographic,dim,,,,str,100.0,13,0.0,,District name
markfed,DISTRICT_NAME_OLD,Geography,Geographic,dim,,,,str,100.0,13,0.0,,District reference
markfed,DISTRICT_NAME_TEL,Geography,Geographic,dim,,,,str,100.0,13,0.0,,District reference
markfed,DISTRICT_NAME_TEL_OLD,Geography,Geographic,dim,,,,str,100.0,13,0.0,,District reference
markfed,DISTRICT_NMAE,Geography,Geographic,dim,,,,str,100.0,13,0.0,,District reference
markfed,DISTRICT_SHORT_CODE,Geography,Geographic,dim,,,,int64,100.0,12,100.0,,Code/classification
markfed,DISTRICT_SHORT_NAME,Geography,Geographic,dim,,,,str,100.0,13,0.0,,Name/label field
markfed,DIST_CODE,Geography,General,dim,,,,int64,100.0,13,100.0,,Code/classification
markfed,DIST_NAME,Geography,General,dim,district,,view1_scheme_benefits; view4_markfed_procurement; view7_input_to_market,str,100.0,13,0.0,,Name/label field
markfed,DIST_UPDATED_STATUS,Status,Workflow/Status,dim,,,,str,100.0,732,0.0,,Date/timestamp field
markfed,DM_ACCEPTED_QUANTITY,Produce/Qty,General,measure,,,,int64,100.0,100,100.0,,Quantity/bags field
markfed,DM_ACCEPT_QUANTITY,Produce/Qty,General,measure,,,,int64,100.0,100,100.0,,Quantity/bags field
markfed,DM_ACK_APPROVED,Status,Workflow/Status,dim,,,,float64,100.0,1080,100.0,,Approval/rejection workflow field
markfed,DM_ADDED_QUANTITY,Produce/Qty,General,measure,,,,int64,100.0,100,100.0,,Quantity/bags field
markfed,DM_APPROVED,Status,Workflow/Status,dim,,,,float64,100.0,1081,100.0,,Approval/rejection workflow field
markfed,DM_APPROVED_ON,Status,Workflow/Status,dim,,,,str,100.0,749,0.0,,Date/timestamp field
markfed,DM_RECOMMENDED_AMOUNT,Benefit/Amount,Payment/Banking,measure,,,,int64,100.0,963,100.0,,Monetary amount
markfed,DM_STATUS,Status,Workflow/Status,dim,,,,str,100.0,3,0.0,,Status field
markfed,DM_VERIFICATION_STATUS,Status,Workflow/Status,dim,,,,str,100.0,3,0.0,,Status field
markfed,DOB,Identity,General,excluded_pii,,,,str,100.0,635,0.0,Identity: personal identifier,Dob — operational field
markfed,DO_APPROVED_DATE,Status,Workflow/Status,dim,,,,str,100.0,744,0.0,,Date/timestamp field
markfed,DO_APPROVED_MOD,Status,Workflow/Status,dim,,,,str,100.0,10,0.0,,Approval/rejection workflow field
markfed,DO_APPROVED_QUANTITY,Produce/Qty,Workflow/Status,measure,,,,int64,100.0,100,100.0,,Quantity/bags field
markfed,DO_STATUS,Status,Workflow/Status,dim,,,,str,100.0,3,0.0,,Status field
markfed,DRIVER_MOBILE,Identity,Dispatch/Logistics,excluded_pii,,,,str,100.0,10,100.0,Identity: personal identifier,Transport driver details
markfed,DRIVER_MOBILE_NO,Identity,Dispatch/Logistics,excluded_pii,,,,str,100.0,10,100.0,Identity: personal identifier,Reference number
markfed,DR_MOBILE_NO,Identity,General,excluded_pii,,,,str,100.0,646,100.0,Identity: personal identifier,Reference number
markfed,DUE_AMOUNT,Benefit/Amount,Payment/Banking,measure,,,,int64,100.0,987,100.0,,Monetary amount
markfed,DUP_INVALID_MOBILE_STATUS,Identity,Workflow/Status,excluded_pii,,,,str,100.0,3,0.0,Identity: personal identifier,Status field
markfed,DUP_INVALID_SEC_STATUS,Status,Workflow/Status,dim,,,,str,100.0,3,0.0,,Status field
markfed,EB_STATUS,Status,Workflow/Status,dim,,,,str,100.0,3,0.0,,Status field
markfed,ECROP_MANDAL_ID,Geography,Geographic,dim,,,,int64,100.0,691,100.0,,Identifier/reference key
markfed,ECROP_YIELD_DEPT_ID,Produce/Qty,Commodity/Crop,measure,,,,float64,100.0,1081,100.0,,Identifier/reference key
markfed,EDISTRICTNAME,Geography,Geographic,dim,,,,str,100.0,13,0.0,,Name/label field
markfed,EDIT_STATUS,Status,Workflow/Status,dim,,,,str,100.0,3,0.0,,Status field
markfed,EINV_CGST_AMOUNT,Benefit/Amount,Payment/Banking,measure,,,,int64,100.0,983,100.0,,Monetary amount
markfed,EINV_SGST_AMOUNT,Benefit/Amount,Payment/Banking,measure,,,,int64,100.0,976,100.0,,Monetary amount
markfed,EINV_TOTAL_AMOUNT,Benefit/Amount,Payment/Banking,measure,,,,int64,100.0,964,100.0,,Monetary amount
markfed,EINV_UNIT_PRICE,Benefit/Amount,Paddy/Rice,measure,,,,int64,100.0,998,100.0,,Price/rate/cost field
markfed,EKYC_STATUS,Status,Workflow/Status,dim,,,,str,100.0,2,0.0,,Status field
markfed,EMAIL_STATUS,Status,Workflow/Status,dim,,,,str,100.0,3,0.0,,Status field
markfed,EMD_AMOUNT,Benefit/Amount,Payment/Banking,measure,,,,int64,100.0,981,100.0,,Monetary amount
markfed,EMD_STATUS,Status,Workflow/Status,dim,,,,str,100.0,3,0.0,,Status field
markfed,ESIGN_STATUS,Status,Workflow/Status,dim,,,,str,100.0,3,0.0,,e-Sign status/reference (digital signature)
markfed,EWAY_BILLS_STATUS,Status,Dispatch/Logistics,dim,,,,str,100.0,3,0.0,,Status field
markfed,EWAY_BILL_STATUS,Status,Dispatch/Logistics,dim,,,,str,100.0,3,0.0,,Status field
markfed,EWBGENERATIONSTATUS,Identity,Workflow/Status,excluded_pii,,,,str,100.0,3,0.0,Identity: not a demographic attribute,Ewbgenerationstatus — operational field
markfed,EWB_STATUS,Status,Workflow/Status,dim,,,,str,100.0,3,0.0,,Status field
markfed,EXCESS_QUANTITY,Produce/Qty,Tax/GST/Invoice,measure,,,,int64,100.0,100,100.0,,Quantity/bags field
markfed,EXCL_BAG_PRICE,Benefit/Amount,Procurement/Quality,measure,,,,int64,100.0,973,100.0,,Price/rate/cost field
markfed,EXCL_GST_AMOUNT,Benefit/Amount,Payment/Banking,measure,,,,int64,100.0,984,100.0,,Monetary amount
markfed,EXCL_SUTHALI_PRICE,Benefit/Amount,Paddy/Rice,measure,,,,int64,100.0,982,100.0,,Price/rate/cost field
markfed,EXPSHIPDTL_PINCODE,Geography,Geographic,dim,,,,str,100.0,10,100.0,,Code/classification
markfed,EXTENT,Land,Land/Revenue,measure,,,,float64,100.0,370,100.0,,Land extent/area in acres
markfed,EXTENT_IN_ACER,Land,Land/Revenue,measure,,,,float64,100.0,528,100.0,,Land extent/area in acres
markfed,EXTENT_IN_HECTOR,Land,Land/Revenue,measure,,,,float64,100.0,525,100.0,,Land extent in hectares
markfed,FAILED_AMOUNT,Benefit/Amount,Payment/Banking,measure,,,,int64,100.0,987,100.0,,Monetary amount
markfed,FAILED_STATUS,Status,Workflow/Status,dim,,,,str,100.0,3,0.0,,Status field
markfed,FAQ_FARMER_MOBILE,Identity,Farmer Identity,excluded_pii,,,,str,100.0,10,100.0,Identity: personal identifier,Farmer-related field
markfed,FAQ_FARMER_NAME,Identity,Farmer Identity,excluded_pii,,,,str,100.0,10,0.0,Identity: personal identifier,Name/label field
markfed,FAQ_LOCAL_PRICE,Benefit/Amount,Procurement/Quality,measure,,,,int64,100.0,993,100.0,,Price/rate/cost field
markfed,FAQ_QUANTITY,Produce/Qty,Procurement/Quality,measure,,,,int64,100.0,100,100.0,,Quantity/bags field
markfed,FARMERAADHAR,Identity,Farmer Identity,excluded_pii,,,,str,100.0,646,100.0,Identity: personal identifier,Farmer Aadhaar/unique ID (12-digit biometric identity)
markfed,FARMERFATHERNAME,Identity,Farmer Identity,excluded_pii,,,,str,100.0,10,0.0,Identity: personal identifier,Farmer's father/husband name
markfed,FARMERNAME,Identity,Farmer Identity,excluded_pii,,,,str,100.0,367,0.0,Identity: personal identifier,Farmer/beneficiary name
markfed,FARMER_ALLOTMENT_STATUS,Status,Procurement/Quality,dim,,,,str,100.0,3,0.0,,Status field
markfed,FARMER_CASTE,Identity,Farmer Identity,dim,,,,str,100.0,4,0.0,,Farmer caste/social category (SC/ST/BC/OC/Minority)
markfed,FARMER_DISTRICT,Geography,Geographic,dim,,,,str,100.0,13,0.0,,District code/ID
markfed,FARMER_FATHER_NAME,Identity,Farmer Identity,excluded_pii,,,,str,100.0,10,0.0,Identity: personal identifier,Farmer's father/husband name
markfed,FARMER_IFSC_CODE,Bank/DBT,Payment/Banking,excluded_bank,,,,str,100.0,646,0.0,Bank/DBT group — payment-instrument PII,Bank IFSC code
markfed,FARMER_MANDAL,Geography,Geographic,dim,,,,str,100.0,26,0.0,,Mandal code/ID
markfed,FARMER_MOBILE,Identity,Farmer Identity,excluded_pii,,,,str,100.0,646,100.0,Identity: personal identifier,Farmer mobile number
markfed,FARMER_MOBILE_NO,Identity,Farmer Identity,excluded_pii,,,,str,100.0,646,100.0,Identity: personal identifier,Farmer mobile number
markfed,FARMER_MOBILE_NUMBER,Identity,Farmer Identity,excluded_pii,,,,str,100.0,646,100.0,Identity: personal identifier,Farmer mobile number
markfed,FARMER_NAME,Identity,Farmer Identity,excluded_pii,,,,str,100.0,367,0.0,Identity: personal identifier,Farmer/beneficiary name
markfed,FARMER_REGI_STARTED_VILLAGES,Geography,Farmer Identity,dim,,,,str,100.0,41,0.0,,Farmer-related field
markfed,FARMER_SMS_STATUS,Status,Workflow/Status,dim,,,,str,100.0,3,0.0,,Status field
markfed,FARMER_STATUS,Status,Workflow/Status,dim,,,,str,100.0,3,0.0,,Status field
markfed,FARMER_THUMB_STATUS,Status,Workflow/Status,dim,,,,str,100.0,3,0.0,,Status field
markfed,FARMER_VILLAGE,Geography,Farmer Identity,dim,,,,str,100.0,41,0.0,,Village code/name
markfed,FAR_SEASON,Crop/Activity,Commodity/Crop,dim,,,,str,100.0,2,0.0,,Crop season (Kharif/Rabi/Summer)
markfed,FATHER_NAME,Identity,Farmer Identity,excluded_pii,,,,str,100.0,10,0.0,Identity: personal identifier,Farmer's father/husband name
markfed,FILING_STATUS,Status,Workflow/Status,dim,,,,str,100.0,3,0.0,,Status field
markfed,FINAL_BILL_AMOUNT,Benefit/Amount,Payment/Banking,measure,,,,int64,100.0,976,100.0,,Monetary amount (INR)
markfed,FINAL_PROCURED_QTY_MTS,Produce/Qty,Procurement/Quality,measure,,,,int64,100.0,100,100.0,,Quantity/bags field
markfed,FINAL_PROCURED_VALUE,Produce/Qty,Procurement/Quality,measure,,,,int64,100.0,973,100.0,,Final Procured Value — operational field
markfed,FINANCIAL_YEAR,Crop/Activity,General,dim,,,,str,100.0,4,0.0,,Financial Year — operational field
markfed,FINANCLIAL_YEAR,Crop/Activity,General,dim,,,,int64,100.0,662,100.0,,Financlial Year — operational field
markfed,FIRST_SLAB_AMOUNT,Benefit/Amount,Payment/Banking,measure,,,,int64,100.0,977,100.0,,Monetary amount
markfed,FIRST_SLAB_PRICE,Benefit/Amount,Paddy/Rice,measure,,,,int64,100.0,986,100.0,,Price/rate/cost field
markfed,FIVE_ACRES_EXTENT,Land,Land/Revenue,measure,,,,float64,100.0,550,100.0,,Five Acres Extent — operational field
markfed,FIVE_ACRES_YIELD,Land,General,measure,,,,float64,100.0,529,100.0,,Five Acres Yield — operational field
markfed,FLOOD_STATUS,Status,Workflow/Status,dim,,,,str,100.0,3,0.0,,Status field
markfed,FOL_DM_STATUS,Status,Workflow/Status,dim,,,,str,100.0,3,0.0,,Status field
markfed,FOL_DO_STATUS,Status,Workflow/Status,dim,,,,str,100.0,3,0.0,,Status field
markfed,FOL_HO_STATUS,Status,Workflow/Status,dim,,,,str,100.0,3,0.0,,Status field
markfed,FPO_COVERED_DISTRICT,Geography,Geographic,dim,,,,str,100.0,13,0.0,,District reference
markfed,FPO_COVERED_MANDAL,Geography,Geographic,dim,,,,str,100.0,26,0.0,,Mandal reference
markfed,FPO_COVERED_VILLAGES,Geography,Farmer Identity,dim,,,,str,100.0,41,0.0,,FPO-related field
markfed,FPO_COVERED_VILLAGE_CNT,Geography,Farmer Identity,dim,,,,str,100.0,10,0.0,,FPO-related field
markfed,FPO_DISTRICT,Geography,Geographic,dim,,,,str,100.0,13,0.0,,FPO location (district/mandal)
markfed,FPO_LICENCE_NO_STATUS,Status,FPO,dim,,,,str,100.0,3,0.0,,Status field
markfed,FPO_MANDAL,Geography,Geographic,dim,,,,str,100.0,26,0.0,,FPO location (district/mandal)
markfed,FPO_MKT_LICENCE_NO_STATUS,Status,FPO,dim,,,,str,100.0,3,0.0,,Status field
markfed,FPO_PINCODE,Geography,Geographic,dim,,,,str,100.0,10,100.0,,Code/classification
markfed,FPO_VILLAGE,Geography,Farmer Identity,dim,,,,str,100.0,41,0.0,,FPO-related field
markfed,FREE_QUANTITY,Produce/Qty,General,measure,,,,int64,100.0,100,100.0,,Quantity/bags field
markfed,FR_AMOUNT,Benefit/Amount,Payment/Banking,measure,,,,int64,100.0,985,100.0,,Monetary amount
markfed,GENDER,Identity,Farmer Identity,dim,,,view1_scheme_benefits; view4_markfed_procurement,str,100.0,2,0.0,,Farmer gender (Male/Female/Transgender)
markfed,GEO_STATUS,Status,Workflow/Status,dim,,,,str,100.0,3,0.0,,Status field
markfed,GM_APPROVAL_STATUS,Status,Workflow/Status,dim,,,,str,100.0,3,0.0,,Status field
markfed,GM_APPROVED_ON,Status,Workflow/Status,dim,,,,str,100.0,735,0.0,,Date/timestamp field
markfed,GN_BAGS_AMOUNT,Benefit/Amount,Procurement/Quality,measure,,,,int64,100.0,978,100.0,,Monetary amount
markfed,GN_PMT_STATUS,Status,Payment/Banking,dim,,,,str,100.0,3,0.0,,Status field
markfed,GN_PRICES,Benefit/Amount,Paddy/Rice,measure,,,,int64,100.0,983,100.0,,Price/rate/cost field
markfed,GN_SUTHALI_AMOUNT,Benefit/Amount,Payment/Banking,measure,,,,int64,100.0,980,100.0,,Monetary amount
markfed,GRAMPANCHAYATNAME,Geography,Tax/GST/Invoice,dim,,,,str,100.0,10,0.0,,Name/label field
markfed,GRAND__TOTAL_AMOUNT,Benefit/Amount,Payment/Banking,measure,,,,int64,100.0,979,100.0,,Monetary amount
markfed,GRN_QUANTITY,Produce/Qty,General,measure,,,,int64,100.0,100,100.0,,Quantity/bags field
markfed,GRN_STATUS,Status,Workflow/Status,dim,,,,str,100.0,3,0.0,,Status field
markfed,GROSS_PRICE_DISPATCH_QTY,Benefit/Amount,Dispatch/Logistics,measure,,,,int64,100.0,975,100.0,,Quantity/bags field
markfed,GROSS_PRICE_KG,Benefit/Amount,Paddy/Rice,measure,,,,int64,100.0,962,100.0,,Price/rate/cost field
markfed,GROSS_WEIGHT,Produce/Qty,Procurement/Quality,measure,,,,int64,100.0,984,100.0,,Weight measurement (Net/Gross/Tare) at procurement center
markfed,HAMALI_APP_REJ_STATUS,Status,Workflow/Status,dim,,,,str,100.0,3,0.0,,Status field
markfed,HM_AMOUNT,Benefit/Amount,Payment/Banking,measure,,,,int64,100.0,955,100.0,,Monetary amount
markfed,HM_PRICE,Benefit/Amount,Paddy/Rice,measure,,,,int64,100.0,988,100.0,,Price/rate/cost field
markfed,HM_PRICES,Benefit/Amount,Paddy/Rice,measure,,,,int64,100.0,989,100.0,,Price/rate/cost field
markfed,HO_ACCEPTED_QUANTITY,Produce/Qty,General,measure,,,,int64,100.0,100,100.0,,Quantity/bags field
markfed,HO_ACCEPTED_STATUS,Status,Workflow/Status,dim,,,,str,100.0,3,0.0,,Status field
markfed,HO_ACK_APPROVED,Status,Workflow/Status,dim,,,,float64,100.0,1085,100.0,,Approval/rejection workflow field
markfed,HO_APPROVED,Status,Workflow/Status,dim,,,,float64,100.0,1078,100.0,,Approval/rejection workflow field
markfed,HO_APPROVED_CL,Status,Workflow/Status,dim,,,,float64,100.0,1080,100.0,,Approval/rejection workflow field
markfed,HO_APPROVED_ON,Status,Workflow/Status,dim,,,,str,100.0,748,0.0,,Date/timestamp field
markfed,HO_STATUS,Status,Workflow/Status,dim,,,,str,100.0,3,0.0,,Status field
markfed,HO_STATUS_DATE,Status,Workflow/Status,dim,,,,str,100.0,735,0.0,,Date/timestamp field
markfed,HO_VERIFICATION_STATUS,Status,Workflow/Status,dim,,,,str,100.0,3,0.0,,Status field
markfed,IFSC,Bank/DBT,Payment/Banking,excluded_bank,,,,str,100.0,646,0.0,Bank/DBT group — payment-instrument PII,Banking field
markfed,IFSCCODE,Bank/DBT,Payment/Banking,excluded_bank,,,,str,100.0,646,0.0,Bank/DBT group — payment-instrument PII,Code/classification
markfed,IFSC_CODE,Bank/DBT,Payment/Banking,excluded_bank,,,,str,100.0,646,0.0,Bank/DBT group — payment-instrument PII,Bank IFSC code
markfed,IGST_AMOUNT,Benefit/Amount,Payment/Banking,measure,,,,int64,100.0,977,100.0,,IGST (Integrated GST) amount/rate
markfed,INCHARGE_AADHAR,Identity,Farmer Identity,excluded_pii,,,,int64,100.0,975,100.0,Identity: personal identifier,Incharge Aadhar — operational field
markfed,INCHARGE_MOBILE,Identity,General,excluded_pii,,,,str,100.0,10,100.0,Identity: personal identifier,Communication/notification field
markfed,INCHARG_MOBILE,Identity,General,excluded_pii,,,,str,100.0,10,100.0,Identity: personal identifier,Communication/notification field
markfed,INCL_BAG_PRICE,Benefit/Amount,Procurement/Quality,measure,,,,int64,100.0,973,100.0,,Price/rate/cost field
markfed,INCL_GST_AMOUNT,Benefit/Amount,Payment/Banking,measure,,,,int64,100.0,973,100.0,,Monetary amount
markfed,INCL_SUTHALI_PRICE,Benefit/Amount,Paddy/Rice,measure,,,,int64,100.0,962,100.0,,Price/rate/cost field
markfed,INDENT_PINCODE,Geography,Geographic,dim,,,,str,100.0,10,100.0,,Code/classification
markfed,INDENT_PRICE,Benefit/Amount,Fertilizer,measure,,,,int64,100.0,982,100.0,,Price/rate/cost field
markfed,INDENT_QUANTITY,Produce/Qty,Fertilizer,measure,,,,int64,100.0,100,100.0,,Quantity/bags field
markfed,INDENT_STATUS,Status,Fertilizer,dim,,,,str,100.0,3,0.0,,Status field
markfed,INDENT_STATUS_REASON,Status,Fertilizer,dim,,,,str,100.0,3,0.0,,Indent Status Reason — operational field
markfed,INHOUSE_ASSYER_MOBILE,Identity,General,excluded_pii,,,,str,100.0,10,100.0,Identity: personal identifier,Communication/notification field
markfed,INSERTED_STATUS,Status,Workflow/Status,dim,,,,str,100.0,3,0.0,,Status field
markfed,INSTRUMENT_AMOUNT,Benefit/Amount,Payment/Banking,measure,,,,int64,100.0,990,100.0,,Monetary amount
markfed,INSURANCE_AMOUNT,Benefit/Amount,Payment/Banking,measure,,,,int64,100.0,981,100.0,,Monetary amount
markfed,INS_SCHEDULE_STATUS,Status,Workflow/Status,dim,,,,str,100.0,3,0.0,,Status field
markfed,INS_SCHEDULE_STATUS1,Status,Workflow/Status,dim,,,,str,100.0,3,0.0,,Ins Schedule Status1 — operational field
markfed,INS_STATUS,Status,Workflow/Status,dim,,,,str,100.0,3,0.0,,Status field
markfed,INVOICE_AMOUNT,Benefit/Amount,Payment/Banking,measure,,,,int64,100.0,966,100.0,,Invoice amount/value
markfed,INVOICE_PRICE_MT,Benefit/Amount,Tax/GST/Invoice,measure,,,,int64,100.0,974,100.0,,Price/rate/cost field
markfed,INVOICE_QUANTITY,Produce/Qty,Tax/GST/Invoice,measure,,,,int64,100.0,100,100.0,,Invoice quantity
markfed,INVOICE_STATUS,Status,Tax/GST/Invoice,dim,,,,str,100.0,3,0.0,,Status field
markfed,IN_AD_APPROVED,Status,Workflow/Status,dim,,,,float64,100.0,1078,100.0,,Approval/rejection workflow field
markfed,IN_AD_APPROVED_TIME,Status,Workflow/Status,dim,,,,str,100.0,719,0.0,,Approval/rejection workflow field
markfed,IN_DISTRICT_ID,Geography,Geographic,dim,,,,int64,100.0,12,100.0,,District code/ID
markfed,IN_QUANTITY,Produce/Qty,General,measure,,,,int64,100.0,100,100.0,,Quantity/bags field
markfed,IRN_GENERATION_DATE,Identity,Tax/GST/Invoice,excluded_pii,,,,str,100.0,736,0.0,Identity: not a demographic attribute,e-Invoice IRN (Invoice Reference Number)
markfed,IS_APPROVED,Status,Workflow/Status,dim,,,,float64,100.0,1076,100.0,,Boolean flag
markfed,IS_BLOCKED,Geography,Flags/Boolean,dim,,,,float64,100.0,1077,100.0,,Boolean flag
markfed,IS_PMT_MADE_AMOUNT,Benefit/Amount,Payment/Banking,measure,,,,int64,100.0,971,100.0,,Monetary amount
markfed,IS_VERIFIED,Status,Flags/Boolean,dim,,,,str,100.0,10,0.0,,Boolean flag
markfed,IS_VERIFIED_BY,Status,Flags/Boolean,dim,,,,str,100.0,10,0.0,,Boolean flag
markfed,IS_YIELD_ADDED,Produce/Qty,Flags/Boolean,measure,,,,float64,100.0,1083,100.0,,Boolean flag
markfed,JC_APPROVED,Status,Workflow/Status,dim,,,,float64,100.0,1081,100.0,,Approval/rejection workflow field
markfed,JC_APPROVED_STATUS,Status,Workflow/Status,dim,,,,str,100.0,3,0.0,,Status field
markfed,LAND_FETCH_STATUS,Status,Land/Revenue,dim,,,,str,100.0,3,0.0,,Status field
markfed,LAST_12_MONTHS_AVG_PRICE,Benefit/Amount,Paddy/Rice,measure,,,,int64,100.0,972,100.0,,Price/rate/cost field
markfed,LAST_60_MONTHS_AVG_PRICE,Benefit/Amount,Paddy/Rice,measure,,,,int64,100.0,990,100.0,,Price/rate/cost field
markfed,LGD_DISTRICT_ID,Geography,Geographic,dim,,,,int64,100.0,12,100.0,,District code/ID
markfed,LGD_DIST_CODE,Geography,General,dim,,,,int64,100.0,12,100.0,,District code/ID
markfed,LGD_DIST_CODE_OLD,Geography,General,dim,,,,int64,100.0,12,100.0,,Lgd Dist Code Old — operational field
markfed,LGD_MANDAL_CODE,Geography,Geographic,dim,,,,int64,100.0,695,100.0,,Mandal code/ID
markfed,LGD_MANDAL_ID,Geography,Geographic,dim,,,,int64,100.0,686,100.0,,Mandal code/ID
markfed,LGD_VILLAGE_ID,Geography,Farmer Identity,dim,,,,int64,100.0,1080,100.0,,Village code/name
markfed,LG_MANDAL_ID,Geography,Geographic,dim,,,,int64,100.0,689,100.0,,Identifier/reference key
markfed,LOCATION_BRANCH,Bank/DBT,Geographic,excluded_bank,,,,str,100.0,10,0.0,Bank/DBT group — payment-instrument PII,Location Branch — operational field
markfed,LOGIN_STATUS,Status,Workflow/Status,dim,,,,str,100.0,3,0.0,,Status field
markfed,LOTSTATUS,Status,Procurement/Quality,dim,,,,str,100.0,3,0.0,,Lot status (Generated/Dispatched/Received)
markfed,LOT_AMOUNT,Benefit/Amount,Procurement/Quality,measure,,,,int64,100.0,989,100.0,,Monetary amount
markfed,LOT_GENERATE_STATUS,Status,Procurement/Quality,dim,,,,str,100.0,3,0.0,,Lot status (Generated/Dispatched/Received)
markfed,LOT_STATUS,Status,Procurement/Quality,dim,,,,str,100.0,3,0.0,,Lot status (Generated/Dispatched/Received)
markfed,LR_REJECTED_BAGS,Status,Procurement/Quality,dim,,,,int64,100.0,100,100.0,,Quantity/bags field
markfed,LR_REJECTED_BY,Status,Dispatch/Logistics,dim,,,,str,100.0,10,0.0,,Approval/rejection workflow field
markfed,LR_REJECTED_DOC_PATH,Status,Dispatch/Logistics,dim,,,,str,100.0,10,0.0,,Approval/rejection workflow field
markfed,LR_REJECTED_ON,Status,Dispatch/Logistics,dim,,,,str,100.0,729,0.0,,Date/timestamp field
markfed,LR_REJECTED_QTY,Status,Dispatch/Logistics,dim,,,,int64,100.0,100,100.0,,Quantity/bags field
markfed,LR_REJECTED_QTY_MTS,Status,Dispatch/Logistics,dim,,,,int64,100.0,100,100.0,,Quantity/bags field
markfed,LR_REJECTED_REASON,Status,Dispatch/Logistics,dim,,,,str,100.0,10,0.0,,Approval/rejection workflow field
markfed,LT_PAYMENT_STATUS,Benefit/Amount,Payment/Banking,dim,,,,str,100.0,3,0.0,Benefit/Amount column holding a 3-value categorical (0.0% numeric) - re-roled to dim,Status field
markfed,Lot Status,Status,Procurement/Quality,dim,,,,str,100.0,3,0.0,,Lot/batch field
markfed,MANDAL,Geography,Geographic,dim,,,,str,100.0,26,0.0,,Mandal reference
markfed,MANDALNAME,Geography,Geographic,dim,,,,str,100.0,26,0.0,,Name/label field
markfed,MANDAL_CODE,Geography,Geographic,dim,,,,int64,100.0,26,100.0,,Mandal code/ID
markfed,MANDAL_CODE2,Geography,Geographic,dim,,,,int64,100.0,673,100.0,,Mandal reference
markfed,MANDAL_ID,Geography,Geographic,dim,,,,int64,100.0,707,100.0,,Mandal code/ID
markfed,MANDAL_LGD_CODE,Geography,Geographic,dim,,,,int64,100.0,683,100.0,,Code/classification
markfed,MANDAL_NAME,Geography,Geographic,dim,,,,str,100.0,26,0.0,,Mandal name
markfed,MANDAL_NAME_TEL,Geography,Geographic,dim,,,,str,100.0,26,0.0,,Mandal reference
markfed,MANDATE_STATUS,Status,Workflow/Status,dim,,,,str,100.0,726,0.0,,Date/timestamp field
markfed,MARKRAY_DISPATCH_QUANTITY,Produce/Qty,Dispatch/Logistics,measure,,,,int64,100.0,100,100.0,,Quantity/bags field
markfed,MARKRAY_RO_QUANTITY,Produce/Qty,General,measure,,,,int64,100.0,100,100.0,,Quantity/bags field
markfed,MASKED_AADHAR,Identity,Farmer Identity,excluded_pii,,,,str,100.0,623,0.0,Identity: personal identifier,Masked Aadhar — operational field
markfed,MAXPRICE,Benefit/Amount,Paddy/Rice,measure,,,,int64,100.0,980,100.0,,Price/rate/cost field
markfed,MD_APPROVAL_STATUS,Status,Workflow/Status,dim,,,,str,100.0,3,0.0,,Status field
markfed,MD_APPROVED_ON,Status,Workflow/Status,dim,,,,str,100.0,745,0.0,,Date/timestamp field
markfed,MD_REQUEST_APPROVED_ON,Status,Workflow/Status,dim,,,,str,100.0,729,0.0,,Date/timestamp field
markfed,MD_REQUEST_APPROVE_STATUS,Status,Workflow/Status,dim,,,,str,100.0,3,0.0,,Status field
markfed,MGR_APPROVED_AMOUNT,Benefit/Amount,Payment/Banking,measure,,,,int64,100.0,997,100.0,,Monetary amount
markfed,MINPRICE,Benefit/Amount,Paddy/Rice,measure,,,,int64,100.0,979,100.0,,Price/rate/cost field
markfed,MN_TAX_STATUS,Status,Tax/GST/Invoice,dim,,,,str,100.0,3,0.0,,Status field
markfed,MOBILENO,Identity,Farmer Identity,excluded_pii,,,,str,100.0,646,100.0,Identity: personal identifier,Farmer mobile number
markfed,MOBILE_FERTILIZER,Identity,Fertilizer,excluded_pii,,,,str,100.0,646,100.0,Identity: personal identifier,Communication/notification field
markfed,MOBILE_MODEL,Identity,General,excluded_pii,,,,str,100.0,10,100.0,Identity: personal identifier,Communication/notification field
markfed,MOBILE_NO,Identity,General,excluded_pii,,,,str,100.0,646,100.0,Identity: personal identifier,Farmer mobile number
markfed,MOBILE_NUM,Identity,General,excluded_pii,,,,str,100.0,646,100.0,Identity: personal identifier,Communication/notification field
markfed,MOBILE_NUMBER,Identity,General,excluded_pii,,,,str,100.0,646,100.0,Identity: personal identifier,Reference number
markfed,MOBILE_PROCUREMENT,Identity,Procurement/Quality,excluded_pii,,,,str,100.0,646,100.0,Identity: personal identifier,Communication/notification field
markfed,MODALPRICE,Benefit/Amount,Paddy/Rice,measure,,,,int64,100.0,964,100.0,,Price/rate/cost field
markfed,MRG_STATUS,Status,Workflow/Status,dim,,,,str,100.0,3,0.0,,Status field
markfed,MRP_PRICE,Benefit/Amount,Paddy/Rice,measure,,,,int64,100.0,979,100.0,,Price/rate/cost field
markfed,MSG_ENG_STATUS,Status,Workflow/Status,dim,,,,str,100.0,3,0.0,,Status field
markfed,MSG_TEL_STATUS,Status,Workflow/Status,dim,,,,str,100.0,3,0.0,,Status field
markfed,MSP_AMOUNT,Benefit/Amount,Payment/Banking,measure,,,,int64,100.0,969,100.0,,Monetary amount
markfed,MTB_FARMER_STATUS,Status,Workflow/Status,dim,,,,str,100.0,3,0.0,,Status field
markfed,M_LOGIN_STATUS,Status,Workflow/Status,dim,,,,str,100.0,3,0.0,,Status field
markfed,NAFED_ASSYER_MOBILE,Identity,General,excluded_pii,,,,str,100.0,10,100.0,Identity: personal identifier,Communication/notification field
markfed,NAFED_QC_STATUS,Status,Workflow/Status,dim,,,,str,100.0,3,0.0,,Status field
markfed,NAME,Identity,General,excluded_pii,,,,str,100.0,367,0.0,Identity: personal identifier,Name/label field
markfed,NAME_DM_PROCUREMENT,Produce/Qty,Procurement/Quality,excluded_nonnumeric,,,,str,100.0,120,0.0,Produce/Qty column only 0.0% numeric - not usable as a measure,Name Dm Procurement — operational field
markfed,NAME_OF_THE_MANDAL,Geography,Geographic,dim,,,,str,100.0,26,0.0,,Mandal reference
markfed,NAME_OF_THE_VILLAGE,Geography,Farmer Identity,dim,,,,str,100.0,41,0.0,,Name Of The Village — operational field
markfed,NARRATION,Identity,General,excluded_pii,,,,str,100.0,10,0.0,Identity: personal identifier,Narration — operational field
markfed,NEML_STATUS,Status,Workflow/Status,dim,,,,str,100.0,3,0.0,,Status field
markfed,NETAMOUNT,Benefit/Amount,Payment/Banking,measure,,,,int64,100.0,972,100.0,,Monetary amount
markfed,NET_NON_TAXABLE_AMOUNT,Benefit/Amount,Payment/Banking,measure,,,,int64,100.0,978,100.0,,Monetary amount
markfed,NET_PAYABLE_AMOUNT,Benefit/Amount,Payment/Banking,measure,,,,int64,100.0,981,100.0,,Monetary amount
markfed,NET_PAYBLE_AMOUNT,Benefit/Amount,Payment/Banking,measure,,,,int64,100.0,996,100.0,,Monetary amount
markfed,NET_PRICE_KG,Benefit/Amount,Paddy/Rice,measure,,,,int64,100.0,983,100.0,,Price/rate/cost field
markfed,NET_SALE_PRICE,Benefit/Amount,Paddy/Rice,measure,,,,int64,100.0,975,100.0,,Price/rate/cost field
markfed,NET_SALE_PRICE_BAG,Benefit/Amount,Paddy/Rice,measure,,,,int64,100.0,987,100.0,,Price/rate/cost field
markfed,NET_SALE_PRICE_BAG_MT,Benefit/Amount,Procurement/Quality,measure,,,,int64,100.0,986,100.0,,Price/rate/cost field
markfed,NET_SALE_PRICE_PER_BAG,Benefit/Amount,Paddy/Rice,measure,,,,int64,100.0,979,100.0,,Price/rate/cost field
markfed,NET_WEIGHT,Produce/Qty,Procurement/Quality,measure,,,,int64,100.0,100,100.0,,Weight measurement (Net/Gross/Tare) at procurement center
markfed,NEW_FY_STATUS,Status,Workflow/Status,dim,,,,str,100.0,3,0.0,,Status field
markfed,NFAQ_FARMER_MOBILE,Identity,Farmer Identity,excluded_pii,,,,str,100.0,10,100.0,Identity: personal identifier,Farmer-related field
markfed,NFAQ_FARMER_NAME,Identity,Farmer Identity,excluded_pii,,,,str,100.0,10,0.0,Identity: personal identifier,Name/label field
markfed,NFAQ_LOCAL_PRICE,Benefit/Amount,Procurement/Quality,measure,,,,int64,100.0,979,100.0,,Price/rate/cost field
markfed,NFAQ_QUANTITY,Produce/Qty,Procurement/Quality,measure,,,,int64,100.0,100,100.0,,Quantity/bags field
markfed,NF_PROC_STATUS,Status,Procurement/Quality,dim,,,,str,100.0,3,0.0,,Status field
markfed,NORMAL_BAG_PRICE,Benefit/Amount,Procurement/Quality,measure,,,,int64,100.0,976,100.0,,Price/rate/cost field
markfed,NOTIFICATION_STATUS,Status,Workflow/Status,dim,,,,str,100.0,3,0.0,,Status field
markfed,OCCUPANT_EXTENT,Land,Tax/GST/Invoice,measure,,,,float64,100.0,529,100.0,,Occupant Extent — operational field
markfed,OFFICER_MOBILE,Identity,General,excluded_pii,,,,str,100.0,10,100.0,Identity: personal identifier,Communication/notification field
markfed,OFFICE_DISTRICT_ID,Geography,Geographic,dim,,,,int64,100.0,12,100.0,,Identifier/reference key
markfed,OFFICE_MANDAL_ID,Geography,Geographic,dim,,,,int64,100.0,697,100.0,,Identifier/reference key
markfed,OFFICE_PINCODE,Geography,Geographic,dim,,,,str,100.0,10,100.0,,Code/classification
markfed,OFFICE_VILLAGE_WARD_ID,Geography,Farmer Identity,dim,,,,int64,100.0,1075,100.0,,Identifier/reference key
markfed,OFFLINE_STATUS,Status,Workflow/Status,dim,,,,str,100.0,3,0.0,,Status field
markfed,OLD_INS_SCHEDULE_STATUS,Status,Workflow/Status,dim,,,,str,100.0,3,0.0,,Status field
markfed,OPERATION,Identity,General,excluded_pii,,,,str,100.0,10,0.0,Identity: not a demographic attribute,Operation — operational field
markfed,OPERATION_ON,Identity,General,excluded_pii,,,,str,100.0,755,0.0,Identity: not a demographic attribute,Date/timestamp field
markfed,OTHER_STATUS,Status,Workflow/Status,dim,,,,str,100.0,3,0.0,,Status field
markfed,OTHER_THAN_CHITTOOR_DISTRICT,Geography,Geographic,dim,,,,str,100.0,13,0.0,,District reference
markfed,PAGE_ACTIVITY,Crop/Activity,Farmer Identity,dim,,,,str,100.0,10,0.0,,Page Activity — operational field
markfed,PAID_AMOUNT,Benefit/Amount,Payment/Banking,measure,,,,int64,100.0,974,100.0,,Monetary amount
markfed,PAID_STATUS,Status,Workflow/Status,dim,,,,int64,100.0,977,100.0,,Status field
markfed,PARTICULAR_1_BILL_AMOUNT,Benefit/Amount,Payment/Banking,measure,,,,int64,100.0,984,100.0,,Monetary amount
markfed,PARTICULAR_1_TOT_BILL_AMOUNT,Benefit/Amount,Payment/Banking,measure,,,,int64,100.0,968,100.0,,Monetary amount
markfed,PARTICULAR_2_BILL_AMOUNT,Benefit/Amount,Payment/Banking,measure,,,,int64,100.0,988,100.0,,Monetary amount
markfed,PARTICULAR_2_TOT_BILL_AMOUNT,Benefit/Amount,Payment/Banking,measure,,,,int64,100.0,976,100.0,,Monetary amount
markfed,PARTICULAR_3_BILL_AMOUNT,Benefit/Amount,Payment/Banking,measure,,,,int64,100.0,969,100.0,,Monetary amount
markfed,PARTICULAR_3_TOT_BILL_AMOUNT,Benefit/Amount,Payment/Banking,measure,,,,int64,100.0,966,100.0,,Monetary amount
markfed,PARTICULAR_4_BILL_AMOUNT,Benefit/Amount,Payment/Banking,measure,,,,int64,100.0,977,100.0,,Monetary amount
markfed,PARTICULAR_4_TOT_BILL_AMOUNT,Benefit/Amount,Payment/Banking,measure,,,,int64,100.0,965,100.0,,Monetary amount
markfed,PARTY_ACKMOWLEDGEMENT_STATUS,Status,Workflow/Status,dim,,,,str,100.0,3,0.0,,Status field
markfed,PARTY_ACK_STATUS,Status,Workflow/Status,dim,,,,str,100.0,3,0.0,,Status field
markfed,PAR_COMP_STATUS,Status,Workflow/Status,dim,,,,str,100.0,3,0.0,,Status field
markfed,PAYABLE_AMOUNT,Benefit/Amount,Payment/Banking,measure,,,,int64,100.0,971,100.0,,Monetary amount
markfed,PAYBLE_AMOUNT,Benefit/Amount,Payment/Banking,measure,,,,int64,100.0,986,100.0,,Monetary amount
markfed,PAYED_AMOUNT,Benefit/Amount,Payment/Banking,measure,,,,int64,100.0,982,100.0,,Monetary amount
markfed,PAYMENT_ACTIVITY,Benefit/Amount,Payment/Banking,measure,,,,float64,100.0,1081,100.0,,Payment field
markfed,PAYMENT_DATE,Benefit/Amount,Payment/Banking,temporal_dim,,,,str,100.0,570,0.0,Benefit/Amount column holding ISO dates (100.0% parse) - re-roled to temporal,Payment credit date
markfed,PAYMENT_DESCRIPTION,Benefit/Amount,Payment/Banking,dim,,,,str,100.0,1,0.0,Benefit/Amount column holding a 1-value categorical (0.0% numeric) - re-roled to dim,Payment field
markfed,PAYMENT_DETAILS1,Benefit/Amount,Payment/Banking,dim,,,,str,100.0,10,0.0,Benefit/Amount column holding a 10-value categorical (0.0% numeric) - re-roled to dim,Payment field
markfed,PAYMENT_DETAILS2,Benefit/Amount,Payment/Banking,dim,,,,str,100.0,10,0.0,Benefit/Amount column holding a 10-value categorical (0.0% numeric) - re-roled to dim,Payment field
markfed,PAYMENT_DETAILS3,Benefit/Amount,Payment/Banking,dim,,,,str,100.0,10,0.0,Benefit/Amount column holding a 10-value categorical (0.0% numeric) - re-roled to dim,Payment field
markfed,PAYMENT_DETAILS4,Benefit/Amount,Payment/Banking,dim,,,,str,100.0,10,0.0,Benefit/Amount column holding a 10-value categorical (0.0% numeric) - re-roled to dim,Payment field
markfed,PAYMENT_DETAILS5,Benefit/Amount,Payment/Banking,dim,,,,str,100.0,10,0.0,Benefit/Amount column holding a 10-value categorical (0.0% numeric) - re-roled to dim,Payment field
markfed,PAYMENT_DETAILS6,Benefit/Amount,Payment/Banking,dim,,,,str,100.0,10,0.0,Benefit/Amount column holding a 10-value categorical (0.0% numeric) - re-roled to dim,Payment field
markfed,PAYMENT_DETAILS7,Benefit/Amount,Payment/Banking,dim,,,,str,100.0,10,0.0,Benefit/Amount column holding a 10-value categorical (0.0% numeric) - re-roled to dim,Payment field
markfed,PAYMENT_DETAILS_1,Benefit/Amount,Payment/Banking,dim,,,,str,100.0,10,0.0,Benefit/Amount column holding a 10-value categorical (0.0% numeric) - re-roled to dim,Payment field
markfed,PAYMENT_DETAILS_2,Benefit/Amount,Payment/Banking,dim,,,,str,100.0,10,0.0,Benefit/Amount column holding a 10-value categorical (0.0% numeric) - re-roled to dim,Payment field
markfed,PAYMENT_DETAILS_3,Benefit/Amount,Payment/Banking,dim,,,,str,100.0,10,0.0,Benefit/Amount column holding a 10-value categorical (0.0% numeric) - re-roled to dim,Payment field
markfed,PAYMENT_DETAILS_4,Benefit/Amount,Payment/Banking,dim,,,,str,100.0,10,0.0,Benefit/Amount column holding a 10-value categorical (0.0% numeric) - re-roled to dim,Payment field
markfed,PAYMENT_ID,Benefit/Amount,Payment/Banking,measure,,,,float64,100.0,1079,100.0,,Identifier/reference key
markfed,PAYMENT_METHOD,Benefit/Amount,Payment/Banking,dim,,,,str,100.0,10,0.0,Benefit/Amount column holding a 10-value categorical (0.0% numeric) - re-roled to dim,Payment field
markfed,PAYMENT_MODE,Benefit/Amount,Payment/Banking,dim,,,,str,100.0,10,0.0,Benefit/Amount column holding a 10-value categorical (0.0% numeric) - re-roled to dim,Payment field
markfed,PAYMENT_PAID_ON,Benefit/Amount,Payment/Banking,temporal_dim,,,,str,100.0,744,0.0,Benefit/Amount column holding ISO dates (100.0% parse) - re-roled to temporal,Date/timestamp field
markfed,PAYMENT_PAID_STATUS,Benefit/Amount,Payment/Banking,measure,,,,int64,100.0,977,100.0,,Status field
markfed,PAYMENT_PAID_TRADE_VALUE,Benefit/Amount,Payment/Banking,measure,,,,int64,100.0,957,100.0,,Payment field
markfed,PAYMENT_PROCESS_ID,Benefit/Amount,Payment/Banking,measure,,,,float64,100.0,1079,100.0,,Identifier/reference key
markfed,PAYMENT_REF_NO,Benefit/Amount,Payment/Banking,dim,,,,str,100.0,10,0.0,Benefit/Amount column holding a 10-value categorical (0.0% numeric) - re-roled to dim,Reference number
markfed,PAYMENT_RUN_DATE,Benefit/Amount,Payment/Banking,temporal_dim,,,,str,100.0,730,0.0,Benefit/Amount column holding ISO dates (100.0% parse) - re-roled to temporal,Date/timestamp field
markfed,PAYMENT_STATUS,Benefit/Amount,Payment/Banking,dim,status,,view1_scheme_benefits; view4_markfed_procurement,str,100.0,3,0.0,,Payment/DBT status
markfed,PAYMENT_STATUS_HANDL,Benefit/Amount,Payment/Banking,dim,,,,str,100.0,3,0.0,Benefit/Amount column holding a 3-value categorical (0.0% numeric) - re-roled to dim,Payment field
markfed,PAYMENT_STATUS_UL,Benefit/Amount,Payment/Banking,dim,,,,str,100.0,3,0.0,Benefit/Amount column holding a 3-value categorical (0.0% numeric) - re-roled to dim,Payment field
markfed,PAYMENT_TYPE,Benefit/Amount,Payment/Banking,dim,,,,str,100.0,10,0.0,Benefit/Amount column holding a 10-value categorical (0.0% numeric) - re-roled to dim,Type/category
markfed,PAYMENT_UPDATED_ON,Benefit/Amount,Payment/Banking,temporal_dim,,,,str,100.0,738,0.0,Benefit/Amount column holding ISO dates (100.0% parse) - re-roled to temporal,Date/timestamp field
markfed,PAY_PROCESS_STATUS,Status,Tax/GST/Invoice,dim,,,,str,100.0,3,0.0,,Status field
markfed,PAY_STATUS,Status,Workflow/Status,dim,,,,str,100.0,3,0.0,,Status field
markfed,PAY_STATUS_BANK,Status,Payment/Banking,dim,,,,str,100.0,3,0.0,,Banking field
markfed,PENDING_AMOUNT,Benefit/Amount,Payment/Banking,measure,,,,int64,100.0,972,100.0,,Monetary amount
markfed,PERUNITPRICE,Benefit/Amount,Paddy/Rice,measure,,,,int64,100.0,985,100.0,,Price/rate/cost field
markfed,PHONE,Identity,General,excluded_pii,,,,str,100.0,646,100.0,Identity: personal identifier,Phone — operational field
markfed,PINCODE,Geography,Geographic,dim,,,,str,100.0,10,100.0,,PIN code
markfed,PMT_MADE_AMOUNT,Benefit/Amount,Payment/Banking,measure,,,,int64,100.0,987,100.0,,Monetary amount
markfed,PMT_PROCESS_STATUS,Status,Payment/Banking,dim,,,,str,100.0,3,0.0,,Status field
markfed,PMT_REJECTED_QTY_MTS,Status,Payment/Banking,dim,,,,int64,100.0,100,100.0,,Quantity/bags field
markfed,PMT_REJECTED_VALUE,Status,Payment/Banking,dim,,,,int64,100.0,971,100.0,,Payment field
markfed,PMT_SPLIT_STATUS,Status,Payment/Banking,dim,,,,str,100.0,3,0.0,,Status field
markfed,PMT_SPLIT_STATUS_LOG,Status,Payment/Banking,dim,,,,str,100.0,3,0.0,,Payment field
markfed,PMT_STATUS,Status,Payment/Banking,dim,,,,str,100.0,3,0.0,,Payment/DBT status
markfed,PMT_STATUS_CODE,Status,Payment/Banking,dim,,,,str,100.0,3,0.0,,Code/classification
markfed,PMT_STATUS_TEXT,Status,Payment/Banking,dim,,,,str,100.0,3,0.0,,Payment field
markfed,PM_APPROVAL_STATUS,Status,Workflow/Status,dim,,,,str,100.0,3,0.0,,Status field
markfed,PM_APPROVED_ON,Status,Workflow/Status,dim,,,,str,100.0,735,0.0,,Date/timestamp field
markfed,PO_INVOICE_STATUS,Status,Tax/GST/Invoice,dim,,,,str,100.0,3,0.0,,Status field
markfed,PO_PARTY_INV_STATUS,Status,Workflow/Status,dim,,,,str,100.0,3,0.0,,Status field
markfed,PO_PDF_DOWN_STATUS,Status,Workflow/Status,dim,,,,str,100.0,3,0.0,,Status field
markfed,PO_PRTY_INV_STATUS,Status,Workflow/Status,dim,,,,str,100.0,3,0.0,,Status field
markfed,PO_PURCHASE_PRICE,Benefit/Amount,Paddy/Rice,measure,,,,int64,100.0,989,100.0,,Price/rate/cost field
markfed,PO_QUANTITY,Produce/Qty,General,measure,,,,int64,100.0,100,100.0,,Quantity/bags field
markfed,PO_STATUS,Status,Workflow/Status,dim,,,,str,100.0,3,0.0,,Status field
markfed,PP_BASIC_PRICE,Benefit/Amount,Paddy/Rice,measure,,,,int64,100.0,972,100.0,,Price/rate/cost field
markfed,PP_BP_SCHEME_DISCOUNT,Crop/Activity,General,dim,,,,int64,100.0,100,100.0,,Pp Bp Scheme Discount — operational field
markfed,PP_LOOSE_PRICE,Benefit/Amount,Paddy/Rice,measure,,,,int64,100.0,986,100.0,,Price/rate/cost field
markfed,PP_PRICE,Benefit/Amount,Paddy/Rice,measure,,,,int64,100.0,966,100.0,,Price/rate/cost field
markfed,PP_PURCHASE_PRICE,Benefit/Amount,Paddy/Rice,measure,,,,int64,100.0,968,100.0,,Price/rate/cost field
markfed,PP_QUANTITY_REBATE,Produce/Qty,General,measure,,,,int64,100.0,100,100.0,,Quantity/bags field
markfed,PP_QUANTITY_REBATE2,Produce/Qty,General,measure,,,,int64,100.0,100,100.0,,Quantity/bags field
markfed,PP_QUANTITY_REBATE3,Produce/Qty,General,measure,,,,int64,100.0,100,100.0,,Quantity/bags field
markfed,PP_QUANTITY_REBATE4,Produce/Qty,General,measure,,,,int64,100.0,100,100.0,,Quantity/bags field
markfed,PP_SCHEME_DISCOUNT,Crop/Activity,General,dim,,,,int64,100.0,100,100.0,,Pp Scheme Discount — operational field
markfed,PREPROSSED_STATUS,Status,Workflow/Status,dim,,,,str,100.0,3,0.0,,Status field
markfed,PRESENT_STATUS,Status,Workflow/Status,dim,,,,str,100.0,3,0.0,,Status field
markfed,PRESIDENT_AADHAR,Identity,Farmer Identity,excluded_pii,,,,str,100.0,1086,100.0,Identity: personal identifier,President Aadhar — operational field
markfed,PRESIDENT_MOBILE,Identity,General,excluded_pii,,,,str,100.0,10,100.0,Identity: personal identifier,Communication/notification field
markfed,PRESIDENT_MOBILE_NO,Identity,General,excluded_pii,,,,str,100.0,10,100.0,Identity: personal identifier,Reference number
markfed,PRICE,Benefit/Amount,Paddy/Rice,measure,,,,int64,100.0,970,100.0,,Price/rate/cost field
markfed,PRICE2,Benefit/Amount,Paddy/Rice,measure,,,,int64,100.0,991,100.0,,Price/rate/cost field
markfed,PRICE3,Benefit/Amount,Paddy/Rice,measure,,,,int64,100.0,980,100.0,,Price/rate/cost field
markfed,PRICE4,Benefit/Amount,Paddy/Rice,measure,,,,int64,100.0,982,100.0,,Price/rate/cost field
markfed,PRICES,Benefit/Amount,Paddy/Rice,measure,,,,int64,100.0,981,100.0,,Price/rate/cost field
markfed,PRICES_APPLICABLE_FOR,Benefit/Amount,Paddy/Rice,measure,,,,int64,100.0,978,100.0,,Price/rate/cost field
markfed,PRICES_CUMMULATIVE,Benefit/Amount,Paddy/Rice,measure,,,,int64,100.0,987,100.0,,Price/rate/cost field
markfed,PRICES_TODAY,Benefit/Amount,Paddy/Rice,measure,,,,int64,100.0,992,100.0,,Price/rate/cost field
markfed,PRICE_COLLECTION_ST,Benefit/Amount,Paddy/Rice,measure,,,,int64,100.0,967,100.0,,Price/rate/cost field
markfed,PRICE_DATE,Benefit/Amount,Paddy/Rice,temporal_dim,,,,str,100.0,741,0.0,Benefit/Amount column holding ISO dates (100.0% parse) - re-roled to temporal,Date/timestamp field
markfed,PRICE_EFFECT,Benefit/Amount,Paddy/Rice,measure,,,,int64,100.0,975,100.0,,Price/rate/cost field
markfed,PRICE_FROM_DATE,Benefit/Amount,Paddy/Rice,temporal_dim,,,,str,100.0,731,0.0,Benefit/Amount column holding ISO dates (100.0% parse) - re-roled to temporal,Date/timestamp field
markfed,PRICE_INS_STATUS,Benefit/Amount,Paddy/Rice,measure,,,,int64,100.0,995,100.0,,Status field
markfed,PRICE_KG,Benefit/Amount,Paddy/Rice,measure,,,,int64,100.0,972,100.0,,Price/rate/cost field
markfed,PRICE_KM,Benefit/Amount,Paddy/Rice,measure,,,,int64,100.0,971,100.0,,Price/rate/cost field
markfed,PRICE_SOURCE,Benefit/Amount,Paddy/Rice,measure,,,,int64,100.0,979,100.0,,Price/rate/cost field
markfed,PRICE_SUBMITTED,Benefit/Amount,Paddy/Rice,measure,,,,int64,100.0,973,100.0,,Price/rate/cost field
markfed,PRICE_TO_DATE,Benefit/Amount,Paddy/Rice,temporal_dim,,,,str,100.0,731,0.0,Benefit/Amount column holding ISO dates (100.0% parse) - re-roled to temporal,Date/timestamp field
markfed,PROCURED_DATE,Produce/Qty,Procurement/Quality,temporal_dim,,,,str,100.0,502,0.0,Produce/Qty column holding ISO dates (100.0% parse) - re-roled to temporal,Procurement date
markfed,PROCURED_FOR,Produce/Qty,Procurement/Quality,dim,,,,str,100.0,10,0.0,Produce/Qty column holding a 10-value categorical (0.0% numeric) - re-roled to dim,Procured For — operational field
markfed,PROCURED_QTY,Produce/Qty,Procurement/Quality,measure,,,view4_markfed_procurement; view7_input_to_market,float64,100.0,1025,100.0,,Quantity/bags field
markfed,PROCURED_QTY_IN_KGS,Produce/Qty,Procurement/Quality,measure,,,,int64,100.0,100,100.0,,Quantity/bags field
markfed,PROCURED_QTY_MTS,Produce/Qty,Procurement/Quality,measure,,,,int64,100.0,100,100.0,,Quantity/bags field
markfed,PROCURED_QUANTITY,Produce/Qty,Procurement/Quality,measure,,,,float64,100.0,1025,100.0,,Quantity/bags field
markfed,PROCURED_VALUE,Produce/Qty,Procurement/Quality,measure,,,,int64,100.0,974,100.0,,Procured Value — operational field
markfed,PROCUREMENT_ACCOUNT,Bank/DBT,Procurement/Quality,excluded_bank,,,,int64,100.0,100,100.0,Bank/DBT group — payment-instrument PII,Procurement Account — operational field
markfed,PROCUREMENT_AGENCY,Produce/Qty,Farmer Identity,dim,,,,str,100.0,10,0.0,Produce/Qty column holding a 10-value categorical (0.0% numeric) - re-roled to dim,Procurement Agency — operational field
markfed,PROCUREMENT_DATE,Produce/Qty,Procurement/Quality,temporal_dim,,,view4_markfed_procurement,str,100.0,502,0.0,"re-roled Produce/Qty measure -> temporal_dim: values are ISO dates (100% parse, 2023-08-01..2026-07-31), not a quantity; source of proc_year/proc_month",Procurement date
markfed,PROCUREMENT_END_DATE,Produce/Qty,Procurement/Quality,temporal_dim,,,,str,100.0,754,0.0,Produce/Qty column holding ISO dates (100.0% parse) - re-roled to temporal,Date/timestamp field
markfed,PROCUREMENT_PRICE,Benefit/Amount,Procurement/Quality,measure,,,,int64,100.0,976,100.0,,Procurement price (MSP or bid price per MT/quintal)
markfed,PROCUREMENT_QTY,Produce/Qty,Procurement/Quality,measure,,,,float64,100.0,1025,100.0,,Procurement quantity (kg/MT/quintals)
markfed,PROCUREMENT_STARTED_VILLAGES,Geography,Farmer Identity,dim,,,,str,100.0,41,0.0,,Procurement Started Villages — operational field
markfed,PROCUREMENT_START_DATE,Produce/Qty,Procurement/Quality,temporal_dim,,,,str,100.0,735,0.0,Produce/Qty column holding ISO dates (100.0% parse) - re-roled to temporal,Date/timestamp field
markfed,PROC_QUANTITY,Produce/Qty,Procurement/Quality,measure,,,,int64,100.0,100,100.0,,Procurement quantity (kg/MT/quintals)
markfed,PROC_QUANTITY_RPT,Produce/Qty,Procurement/Quality,measure,,,,int64,100.0,100,100.0,,Quantity/bags field
markfed,PRODUCTION,Produce/Qty,General,measure,,,,int64,100.0,100,100.0,,Production — operational field
markfed,PRODUCTION_MT,Produce/Qty,General,measure,,,,int64,100.0,100,100.0,,Production Mt — operational field
markfed,PRODUCT_STATUS,Status,Workflow/Status,dim,,,,str,100.0,3,0.0,,Status field
markfed,PULP_FARMERAADHAR,Identity,Farmer Identity,excluded_pii,,,,str,100.0,646,100.0,Identity: personal identifier,Farmer-related field
markfed,PURCHASE_AMOUNT,Benefit/Amount,Payment/Banking,measure,,,,int64,100.0,980,100.0,,Monetary amount (INR)
markfed,PURCHASE_PRICE,Benefit/Amount,Paddy/Rice,measure,,,,int64,100.0,986,100.0,,Procurement price (MSP or bid price per MT/quintal)
markfed,PUR_ORD_STATUS,Status,Workflow/Status,dim,,,,str,100.0,3,0.0,,Status field
markfed,PUSH_PAYMENT_STATUS,Benefit/Amount,Payment/Banking,dim,,,,str,100.0,3,0.0,Benefit/Amount column holding a 3-value categorical (0.0% numeric) - re-roled to dim,Payment/DBT status
markfed,PUSH_STATUS,Status,Workflow/Status,dim,,,,str,100.0,3,0.0,,Status field
markfed,PUSH_TO_PAYMENT_ON,Benefit/Amount,Payment/Banking,temporal_dim,,,,str,100.0,740,0.0,Benefit/Amount column holding ISO dates (100.0% parse) - re-roled to temporal,Date/timestamp field
markfed,PU_ACK_STATUS,Status,Workflow/Status,dim,,,,str,100.0,3,0.0,,Status field
markfed,PU_RECIEVED_STATUS,Status,Workflow/Status,dim,,,,str,100.0,3,0.0,,Status field
markfed,PWD_STATUS,Status,Workflow/Status,dim,,,,str,100.0,3,0.0,,Status field
markfed,P_DISTRICT_ID,Geography,Geographic,dim,,,,int64,100.0,12,100.0,,District code/ID
markfed,P_MANDAL_ID,Geography,Geographic,dim,,,,int64,100.0,700,100.0,,Mandal code/ID
markfed,P_SECRETARIAT_ID,Geography,Geographic,dim,,,,int64,100.0,1081,100.0,,Secretariat/Sachivalayam code
markfed,Procured Date,Produce/Qty,Procurement/Quality,temporal_dim,,,,str,100.0,502,0.0,Produce/Qty column holding ISO dates (100.0% parse) - re-roled to temporal,Date/timestamp field
markfed,QC_PAYMENT_ADVICE,Benefit/Amount,Payment/Banking,measure,,,,float64,100.0,1078,100.0,,Payment field
markfed,QR_STATUS,Status,Workflow/Status,dim,,,,str,100.0,3,0.0,,Status field
markfed,QTY,Produce/Qty,General,measure,,,,int64,100.0,100,100.0,,Procurement quantity (kg/MT/quintals)
markfed,QTY_AVA_WITH_FARMER_STATUS,Status,Workflow/Status,dim,,,,int64,100.0,100,100.0,,Status field
markfed,QTY_COLDSTORAGE_STATUS,Status,Farmer Identity,dim,,,,int64,100.0,100,100.0,,Status field
markfed,QUANTITY,Produce/Qty,General,measure,,,,int64,100.0,100,100.0,,Procurement quantity (kg/MT/quintals)
markfed,QUANTITYSOLDOUTINWORDS,Produce/Qty,General,measure,,,,int64,100.0,100,100.0,,Quantity/bags field
markfed,QUANTITYSOLDOUTSTATUS,Produce/Qty,Workflow/Status,measure,,,,int64,100.0,100,100.0,,Quantity/bags field
markfed,QUANTITYUOM,Produce/Qty,General,measure,,,,int64,100.0,100,100.0,,Quantity/bags field
markfed,QUANTITY_AT_CENTER,Produce/Qty,Geographic,measure,,,,int64,100.0,100,100.0,,Quantity/bags field
markfed,QUANTITY_CHANGE,Produce/Qty,General,measure,,,,int64,100.0,100,100.0,,Quantity/bags field
markfed,QUANTITY_IN_QTLS,Produce/Qty,General,measure,,,,int64,100.0,100,100.0,,Quantity/bags field
markfed,QUANTITY_QUINTALS,Produce/Qty,General,measure,,,,float64,100.0,1025,100.0,,Quantity/bags field
markfed,QUANTITY_RECEIVED,Produce/Qty,General,measure,,,,int64,100.0,100,100.0,,Quantity/bags field
markfed,QUANTITY_TO_BE_PROCURED,Produce/Qty,Procurement/Quality,measure,,,,int64,100.0,100,100.0,,Quantity/bags field
markfed,Q_STATUS,Status,Workflow/Status,dim,,,,str,100.0,3,0.0,,Status field
markfed,RAMP_FARMERAADHAR,Identity,Farmer Identity,excluded_pii,,,,str,100.0,646,100.0,Identity: personal identifier,Farmer-related field
markfed,RATE,Benefit/Amount,General,measure,,,,float64,100.0,1077,100.0,,Procurement price (MSP or bid price per MT/quintal)
markfed,RATION_CARD_NUMBER,Identity,General,excluded_pii,,,,str,100.0,646,0.0,Identity: personal identifier,Reference number
markfed,RBK_DISTRICT_ID,Geography,Geographic,dim,,,,int64,100.0,12,100.0,,District code/ID
markfed,RBK_MANDAL_ID,Geography,Geographic,dim,,,,int64,100.0,683,100.0,,Mandal code/ID
markfed,RBK_THIRTY_PERCENT_ELIGIBLE,Status,Geographic,dim,,,,int64,100.0,19,100.0,,RBK reference
markfed,RECEIVED_MOBILE,Identity,General,excluded_pii,,,,str,100.0,646,100.0,Identity: personal identifier,Communication/notification field
markfed,RECEIVED_QUANTITY,Produce/Qty,General,measure,,,,int64,100.0,100,100.0,,Quantity/bags field
markfed,RECEIVED_STATUS,Status,Workflow/Status,dim,,,,str,100.0,3,0.0,,Status field
markfed,RECORD_STATUS,Status,Workflow/Status,dim,,,,str,100.0,3,0.0,,Status field
markfed,RECOVERY_AMOUNT,Benefit/Amount,Payment/Banking,measure,,,,int64,100.0,975,100.0,,Monetary amount
markfed,REC_STATUS,Status,Workflow/Status,dim,,,,str,100.0,3,0.0,,Status field
markfed,REGSTRATION_STATUS,Identity,Tax/GST/Invoice,excluded_pii,,,,str,100.0,3,0.0,Identity: not a demographic attribute,Status field
markfed,REG_PHONE_NO,Identity,General,excluded_pii,,,,str,100.0,646,100.0,Identity: personal identifier,Reference number
markfed,REG_STATUS,Status,Workflow/Status,dim,,,,str,100.0,3,0.0,,Record/workflow status
markfed,REJECTED_BAGS,Status,Procurement/Quality,dim,,,,int64,100.0,100,100.0,,Quantity/bags field
markfed,REJECTED_ON,Status,Workflow/Status,dim,,,,str,100.0,727,0.0,,Rejection details
markfed,REJECTED_USER_ID,Status,Workflow/Status,dim,,,,float64,100.0,1076,100.0,,Identifier/reference key
markfed,REPORT_01_STATUS,Status,Workflow/Status,dim,,,,str,100.0,3,0.0,,Status field
markfed,REPORT_STATUS,Status,Workflow/Status,dim,,,,str,100.0,3,0.0,,Status field
markfed,RESPONSE_STATUS,Status,Workflow/Status,dim,,,,str,100.0,3,0.0,,Status field
markfed,RESPONSE_UID_MOBILE,Identity,General,excluded_pii,,,,str,100.0,646,100.0,Identity: personal identifier,Communication/notification field
markfed,RES_AMOUNT,Benefit/Amount,Payment/Banking,measure,,,,int64,100.0,983,100.0,,Monetary amount
markfed,RES_GROSS_WEIGHT,Produce/Qty,Procurement/Quality,measure,,,,int64,100.0,977,100.0,,Res Gross Weight — operational field
markfed,RES_NET_WEIGHT,Produce/Qty,Procurement/Quality,measure,,,,int64,100.0,100,100.0,,Res Net Weight — operational field
markfed,RES_QUANTITY,Produce/Qty,General,measure,,,,int64,100.0,100,100.0,,Quantity/bags field
markfed,RES_STATUS,Status,Workflow/Status,dim,,,,str,100.0,3,0.0,,Status field
markfed,RES_TARE_WEIGHT,Produce/Qty,Procurement/Quality,measure,,,,int64,100.0,100,100.0,,Res Tare Weight — operational field
markfed,RETURN_PAY_STATUS,Status,Workflow/Status,dim,,,,str,100.0,3,0.0,,Status field
markfed,RETURN_STATUS,Status,Workflow/Status,dim,,,,str,100.0,3,0.0,,Status field
markfed,REVENUE_VILLAGE,Geography,Farmer Identity,dim,,,,str,100.0,41,0.0,,Revenue Village — operational field
markfed,REV_AMOUNT,Benefit/Amount,Payment/Banking,measure,,,,int64,100.0,986,100.0,,Monetary amount
markfed,RH_QUANTITY,Produce/Qty,General,measure,,,,int64,100.0,100,100.0,,Quantity/bags field
markfed,RH_TRANSPORT_STATUS,Status,Dispatch/Logistics,dim,,,,str,100.0,3,0.0,,Status field
markfed,ROUNDOFF_AMOUNT,Benefit/Amount,Payment/Banking,measure,,,,int64,100.0,977,100.0,,Monetary amount
markfed,Record Status,Status,Workflow/Status,dim,,,,str,100.0,3,0.0,,Record Status — operational field
markfed,SALE_PRICE,Benefit/Amount,Paddy/Rice,measure,,,,int64,100.0,985,100.0,,Price/rate/cost field
markfed,SAP_DIST_CODE,Geography,General,dim,,,,int64,100.0,12,100.0,,Code/classification
markfed,SCHEDULE_SMS_STATUS,Status,Workflow/Status,dim,,,,str,100.0,3,0.0,,Status field
markfed,SCHEDULE_STATUS,Status,Workflow/Status,dim,,,,str,100.0,3,0.0,,Status field
markfed,SD_AMOUNT,Benefit/Amount,Payment/Banking,measure,,,,int64,100.0,982,100.0,,Monetary amount
markfed,SD_STATUS,Status,Workflow/Status,dim,,,,str,100.0,3,0.0,,Status field
markfed,SEASON,Crop/Activity,Commodity/Crop,dim,,,,str,100.0,2,0.0,,Crop season (Kharif/Rabi/Summer)
markfed,SEASONID,Crop/Activity,Commodity/Crop,dim,,,,str,100.0,2,0.0,,Identifier/reference key
markfed,SEASON_BEGIN,Crop/Activity,Commodity/Crop,dim,,,,str,100.0,2,0.0,,Season Begin — operational field
markfed,SEASON_END,Crop/Activity,Commodity/Crop,dim,,,,str,100.0,2,0.0,,Season End — operational field
markfed,SEASON_END_DATE,Crop/Activity,Commodity/Crop,dim,,,,str,100.0,734,0.0,,Date/timestamp field
markfed,SEASON_ID,Crop/Activity,Commodity/Crop,dim,,,view1_scheme_benefits; view4_markfed_procurement,str,100.0,2,0.0,,Identifier/reference key
markfed,SEASON_NAME,Crop/Activity,Commodity/Crop,dim,,,,str,100.0,2,0.0,,Name/label field
markfed,SEASON_ORDER,Crop/Activity,Commodity/Crop,dim,,,,str,100.0,2,0.0,,Season Order — operational field
markfed,SEASON_START_DATE,Crop/Activity,Commodity/Crop,dim,,,,str,100.0,736,0.0,,Date/timestamp field
markfed,SECOND_SLAB_AMOUNT,Benefit/Amount,Payment/Banking,measure,,,,int64,100.0,982,100.0,,Monetary amount
markfed,SECOND_SLAB_PRICE,Benefit/Amount,Paddy/Rice,measure,,,,int64,100.0,976,100.0,,Price/rate/cost field
markfed,SECRATARY_MOBILE_NO,Identity,General,excluded_pii,,,,str,100.0,646,100.0,Identity: personal identifier,Reference number
markfed,SECRETARIAT_CODE,Geography,Geographic,dim,,,,int64,100.0,1076,100.0,,Code/classification
markfed,SECRETARIAT_ID,Geography,Geographic,dim,,,,int64,100.0,1083,100.0,,Identifier/reference key
markfed,SECRETARIAT_NAME,Geography,Geographic,dim,,,,str,100.0,120,0.0,,Name/label field
markfed,SECRETARIAT_NAME_TEL,Geography,Geographic,dim,,,,str,100.0,120,0.0,,Secretariat Name Tel — operational field
markfed,SECRETARY_AADHAR,Identity,Farmer Identity,excluded_pii,,,,str,100.0,1086,100.0,Identity: personal identifier,Secretary Aadhar — operational field
markfed,SECRETARY_MOBILE,Identity,General,excluded_pii,,,,str,100.0,10,100.0,Identity: personal identifier,Communication/notification field
markfed,SESPONSE_STATUS,Status,Workflow/Status,dim,,,,str,100.0,3,0.0,,Status field
markfed,SGST_AMOUNT,Benefit/Amount,Payment/Banking,measure,,,,int64,100.0,982,100.0,,SGST (State GST) amount/rate
markfed,SHORTAGE_QTY_AMOUNT,Benefit/Amount,Farmer Identity,measure,,,,int64,100.0,968,100.0,,Monetary amount
markfed,SLOT_SCHEDULE_STATUS,Status,Procurement/Quality,dim,,,,str,100.0,3,0.0,,Status field
markfed,SMS_STATUS,Status,Workflow/Status,dim,,,,str,100.0,3,0.0,,Status field
markfed,SOC_STATUS,Status,Workflow/Status,dim,,,,str,100.0,3,0.0,,Status field
markfed,SOLD_PRICE_KG,Benefit/Amount,Paddy/Rice,measure,,,,int64,100.0,978,100.0,,Price/rate/cost field
markfed,SOLD_QUANTITY,Produce/Qty,General,measure,,,,int64,100.0,100,100.0,,Quantity/bags field
markfed,SPLIT_STATUS,Status,Workflow/Status,dim,,,,str,100.0,3,0.0,,Status field
markfed,SP_BASIC_PRICE,Benefit/Amount,Paddy/Rice,measure,,,,int64,100.0,986,100.0,,Price/rate/cost field
markfed,SP_BP_SCHEME_DISCOUNT,Crop/Activity,General,dim,,,,int64,100.0,100,100.0,,Sp Bp Scheme Discount — operational field
markfed,SP_LOOSE_PRICE,Benefit/Amount,Paddy/Rice,measure,,,,int64,100.0,967,100.0,,Price/rate/cost field
markfed,SP_NET_SALE_PRICE,Benefit/Amount,Paddy/Rice,measure,,,,int64,100.0,973,100.0,,Price/rate/cost field
markfed,SP_SCHEME_DISCOUNT,Crop/Activity,General,dim,,,,int64,100.0,100,100.0,,Sp Scheme Discount — operational field
markfed,STATE,Geography,General,dim,,,,str,100.0,1,0.0,,State — operational field
markfed,STATE_NAME,Geography,General,dim,,,,str,100.0,1,0.0,,Name/label field
markfed,STATUS,Status,Workflow/Status,dim,,,,str,100.0,3,0.0,,Record/workflow status
markfed,STATUS_CODE,Status,Workflow/Status,dim,,,,str,100.0,3,0.0,,Code/classification
markfed,STATUS_DESCRIPTION,Status,Workflow/Status,dim,,,,str,100.0,3,0.0,,Status Description — operational field
markfed,STATUS_TEXT,Status,Workflow/Status,dim,,,,str,100.0,3,0.0,,Status Text — operational field
markfed,STATUS_TYPE,Status,Workflow/Status,dim,,,,str,100.0,3,0.0,,Type/category
markfed,STATUS_UPDATE_DATE,Status,Workflow/Status,dim,,,,str,100.0,734,0.0,,Date/timestamp field
markfed,STOCK_ACCOUNT,Bank/DBT,Payment/Banking,excluded_bank,,,,int64,100.0,100,100.0,Bank/DBT group — payment-instrument PII,Stock Account — operational field
markfed,STOCK_DISTRICT_ID,Geography,Geographic,dim,,,,int64,100.0,12,100.0,,Identifier/reference key
markfed,STOCK_INSURED_STATUS,Status,Warehouse/Storage,dim,,,,str,100.0,3,0.0,,Status field
markfed,SUBMIT_STATUS,Status,Workflow/Status,dim,,,,str,100.0,3,0.0,,Status field
markfed,SUBSIDY_AMOUNT,Benefit/Amount,Payment/Banking,measure,,,,int64,100.0,986,100.0,,Subsidy amount
markfed,SUCCESS_AMOUNT,Benefit/Amount,Payment/Banking,measure,,,,int64,100.0,977,100.0,,Monetary amount
markfed,SUPERVISIOR_AADHAR,Identity,Farmer Identity,excluded_pii,,,,str,100.0,1086,100.0,Identity: personal identifier,Supervisior Aadhar — operational field
markfed,SUPERVISIOR_MOBILE,Identity,General,excluded_pii,,,,str,100.0,10,100.0,Identity: personal identifier,Communication/notification field
markfed,SUPLIER_DISTRICT_ID,Geography,Geographic,dim,,,,int64,100.0,12,100.0,,Identifier/reference key
markfed,SUP_AD_APPROVED,Status,Workflow/Status,dim,,,,float64,100.0,1080,100.0,,Approval/rejection workflow field
markfed,SUP_AD_APPROVED_TIME,Status,Workflow/Status,dim,,,,str,100.0,750,0.0,,Approval/rejection workflow field
markfed,SUP_DISTRICT_ID,Geography,Geographic,dim,,,,int64,100.0,12,100.0,,Identifier/reference key
markfed,SUP_GROSS_WEIGHT,Produce/Qty,Procurement/Quality,measure,,,,int64,100.0,985,100.0,,Sup Gross Weight — operational field
markfed,SUP_NET_WEIGHT,Produce/Qty,Procurement/Quality,measure,,,,int64,100.0,100,100.0,,Sup Net Weight — operational field
markfed,SUP_PERSON_MOBILE,Identity,General,excluded_pii,,,,str,100.0,10,100.0,Identity: personal identifier,Communication/notification field
markfed,SUP_QUANTITY,Produce/Qty,General,measure,,,,int64,100.0,100,100.0,,Quantity/bags field
markfed,SUP_STATUS,Status,Workflow/Status,dim,,,,str,100.0,3,0.0,,Status field
markfed,SUP_TARE_WEIGHT,Produce/Qty,Procurement/Quality,measure,,,,int64,100.0,100,100.0,,Sup Tare Weight — operational field
markfed,SUP_THUMB_STATUS,Status,Workflow/Status,dim,,,,str,100.0,3,0.0,,Status field
markfed,SURVEYEDTIME,Land,Land/Revenue,dim,,,,str,100.0,10,0.0,Land column holding a 10-value categorical (0.0% numeric) - re-roled to dim,Surveyedtime — operational field
markfed,SURVEY_COMPLETED,Land,Land/Revenue,dim,,,,str,100.0,10,0.0,Land column holding a 10-value categorical (0.0% numeric) - re-roled to dim,Survey Completed — operational field
markfed,SURVEY_DATE,Land,Land/Revenue,temporal_dim,,,,str,100.0,720,0.0,Land column holding ISO dates (100.0% parse) - re-roled to temporal,Date/timestamp field
markfed,SURVEY_TIMESTAMP,Land,Land/Revenue,temporal_dim,,,,str,100.0,717,0.0,Land column holding ISO dates (100.0% parse) - re-roled to temporal,Survey Timestamp — operational field
markfed,SUTHALI_PRICE,Benefit/Amount,Paddy/Rice,measure,,,,int64,100.0,977,100.0,,Price/rate/cost field
markfed,SUTHILI_PRICES,Benefit/Amount,Paddy/Rice,measure,,,,int64,100.0,977,100.0,,Price/rate/cost field
markfed,TAGGED_STATUS,Status,Workflow/Status,dim,,,,str,100.0,3,0.0,,Status field
markfed,TARE_WEIGHT,Produce/Qty,Procurement/Quality,measure,,,,int64,100.0,100,100.0,,Weight measurement (Net/Gross/Tare) at procurement center
markfed,TARGET_LAND_EXTENT,Land,Land/Revenue,measure,,,,float64,100.0,526,100.0,,Target/plan field
markfed,TAXABLE_AMOUNT,Benefit/Amount,Payment/Banking,measure,,,,int64,100.0,987,100.0,,Monetary amount
markfed,TAXABLE_PRICE,Benefit/Amount,Tax/GST/Invoice,measure,,,,int64,100.0,982,100.0,,Price/rate/cost field
markfed,TAX_AMOUNT,Benefit/Amount,Payment/Banking,measure,,,,int64,100.0,977,100.0,,Monetary amount
markfed,TAX_INV_STATUS,Status,Tax/GST/Invoice,dim,,,,str,100.0,3,0.0,,Status field
markfed,TCS_SEASON_ID,Crop/Activity,Commodity/Crop,dim,,,,str,100.0,2,0.0,,Identifier/reference key
markfed,TCS_STATE_DISTRICT_ID,Geography,Geographic,dim,,,,int64,100.0,12,100.0,,Identifier/reference key
markfed,TCS_STATE_DISTRICT_NAME,Geography,Geographic,dim,,,,str,100.0,13,0.0,,Name/label field
markfed,TEMP_DISTRICT_NAME,Geography,Geographic,dim,,,,str,100.0,13,0.0,,Name/label field
markfed,TEMP_MANDAL_NAME,Geography,Geographic,dim,,,,str,100.0,26,0.0,,Name/label field
markfed,TEMP_SECRETARIAT_NAME,Geography,Geographic,dim,,,,str,100.0,120,0.0,,Name/label field
markfed,TEST_SCHEDULE_STATUS,Status,Workflow/Status,dim,,,,str,100.0,3,0.0,,Status field
markfed,TEST_STATUS,Status,Workflow/Status,dim,,,,str,100.0,3,0.0,,Status field
markfed,THIRD_SLAB_AMOUNT,Benefit/Amount,Payment/Banking,measure,,,,int64,100.0,990,100.0,,Monetary amount
markfed,THIRTY_PERCENT_ELIGIBLE,Status,General,dim,,,,int64,100.0,19,100.0,,Thirty Percent Eligible — operational field
markfed,TOTAL_AMOUNT,Benefit/Amount,Payment/Banking,measure,,,,int64,100.0,988,100.0,,Monetary amount (INR)
markfed,TOTAL_BILL_AMOUNT,Benefit/Amount,Payment/Banking,measure,,,,int64,100.0,980,100.0,,Monetary amount
markfed,TOTAL_DISPATCH_QUANTITY,Produce/Qty,Dispatch/Logistics,measure,,,,int64,100.0,100,100.0,,Quantity/bags field
markfed,TOTAL_NON_TAXABLE_AMOUNT,Benefit/Amount,Payment/Banking,measure,,,,int64,100.0,989,100.0,,Monetary amount
markfed,TOTAL_PRODUCTION,Produce/Qty,General,measure,,,,int64,100.0,100,100.0,,Total Production — operational field
markfed,TOTAL_QTY_PROCURED,Produce/Qty,Procurement/Quality,measure,,,,int64,100.0,100,100.0,,Quantity/bags field
markfed,TOTAL_QUANTITY,Produce/Qty,General,measure,,,,int64,100.0,100,100.0,,Quantity/bags field
markfed,TOTAL_QUANTITY_MTS,Produce/Qty,General,measure,,,,int64,100.0,100,100.0,,Quantity/bags field
markfed,TOTAL_RO_QUANTITY,Produce/Qty,General,measure,,,,int64,100.0,99,100.0,,Quantity/bags field
markfed,TOT_EXTENT,Land,Land/Revenue,measure,,,,float64,100.0,370,100.0,,Tot Extent — operational field
markfed,TOT_P_PRICE,Benefit/Amount,Paddy/Rice,measure,,,,int64,100.0,970,100.0,,Price/rate/cost field
markfed,TRADEDQUANTITY,Produce/Qty,General,measure,,,,int64,100.0,100,100.0,,Quantity/bags field
markfed,TRADER_APPROVAL_STATUS,Status,e-Auction,dim,,,,str,100.0,3,0.0,,Status field
markfed,TRADER_APPROVED_ON,Status,e-Auction,dim,,,,str,100.0,727,0.0,,Date/timestamp field
markfed,TRANSACTION_AMOUNT,Benefit/Amount,Payment/Banking,measure,,,,int64,100.0,983,100.0,,Monetary amount
markfed,TRANSACTION_STATUS,Status,Payment/Banking,dim,,,,str,100.0,3,0.0,,Status field
markfed,TRANSPORT_STATUS,Status,Dispatch/Logistics,dim,,,,str,100.0,3,0.0,,Status field
markfed,TRANS_STATUS,Status,Workflow/Status,dim,,,,str,100.0,3,0.0,,Status field
markfed,TR_AMOUNT,Benefit/Amount,Payment/Banking,measure,,,,int64,100.0,981,100.0,,Monetary amount
markfed,TSP_GROSS_WEIGHT,Produce/Qty,Procurement/Quality,measure,,,,int64,100.0,978,100.0,,Tsp Gross Weight — operational field
markfed,TSP_NET_WEIGHT,Produce/Qty,Procurement/Quality,measure,,,,int64,100.0,100,100.0,,Tsp Net Weight — operational field
markfed,TSP_TARE_WEIGHT,Produce/Qty,Procurement/Quality,measure,,,,int64,100.0,100,100.0,,Tsp Tare Weight — operational field
markfed,TSP_WH_STATUS,Status,Warehouse/Storage,dim,,,,str,100.0,3,0.0,,Status field
markfed,Trade Value,Benefit/Amount,General,measure,,,,int64,100.0,995,100.0,,Trade Value — operational field
markfed,UC_CASTE_ID,Identity,Farmer Identity,dim,,,,str,100.0,4,0.0,,Identifier/reference key
markfed,UC_CASTE_NAME,Identity,Farmer Identity,excluded_pii,,,,str,100.0,4,0.0,Identity: personal identifier,Name/label field
markfed,UNIT,Crop/Activity,General,dim,,,,str,100.0,10,0.0,,Unit — operational field
markfed,UNIT_PRICE,Benefit/Amount,Paddy/Rice,measure,,,,int64,100.0,989,100.0,,Price/rate/cost field
markfed,UNIT_PRICE_1,Benefit/Amount,Paddy/Rice,measure,,,,int64,100.0,987,100.0,,Price/rate/cost field
markfed,UNLOAD_PAYMENT_STATUS,Benefit/Amount,Payment/Banking,dim,,,,str,100.0,3,0.0,Benefit/Amount column holding a 3-value categorical (0.0% numeric) - re-roled to dim,Status field
markfed,UNSOLD_QUANTITY,Produce/Qty,General,measure,,,,int64,100.0,100,100.0,,Quantity/bags field
markfed,UNT_PRICE,Benefit/Amount,Paddy/Rice,measure,,,,int64,100.0,975,100.0,,Price/rate/cost field
markfed,UPDATED_STATUS,Status,Workflow/Status,dim,,,,str,100.0,726,0.0,,Date/timestamp field
markfed,UPDATE_STATUS,Status,Workflow/Status,dim,,,,str,100.0,727,0.0,,Date/timestamp field
markfed,UPD_STATUS,Status,Workflow/Status,dim,,,,str,100.0,3,0.0,,Status field
markfed,USAGE_STATUS,Status,Farmer Identity,dim,,,,str,100.0,3,0.0,,Status field
markfed,USER_BANK_ACCOUNT_NUMBER,Bank/DBT,Payment/Banking,excluded_bank,,,,str,100.0,10,100.0,Bank/DBT group — payment-instrument PII,Reference number
markfed,USER_MOBILE,Identity,Audit/System,excluded_pii,,,,str,100.0,10,100.0,Identity: personal identifier,User/authentication field
markfed,USER_NAME_NARRATION,Identity,Audit/System,excluded_pii,,,,str,100.0,120,0.0,Identity: personal identifier,User/authentication field
markfed,VAA_MOBILE,Identity,General,excluded_pii,,,,str,100.0,646,100.0,Identity: personal identifier,Communication/notification field
markfed,VALIDATE_STATUS,Status,Workflow/Status,dim,,,,str,100.0,748,0.0,,Date/timestamp field
markfed,VALUE_OF_PROCUREMENT,Produce/Qty,Procurement/Quality,measure,,,,int64,100.0,976,100.0,,Value Of Procurement — operational field
markfed,VARIETY,Crop/Activity,Commodity/Crop,dim,,,,str,100.0,10,0.0,,Variety — operational field
markfed,VARIETYNAME,Crop/Activity,Commodity/Crop,dim,,,,str,100.0,120,0.0,,Crop/commodity variety
markfed,VARIETY_CODE,Crop/Activity,Commodity/Crop,dim,,,,float64,100.0,1079,100.0,,Code/classification
markfed,VARIETY_ID,Crop/Activity,Commodity/Crop,dim,,,,float64,100.0,1076,100.0,,Crop/commodity variety
markfed,VARIETY_NAME,Crop/Activity,Commodity/Crop,dim,,,,str,100.0,10,0.0,,Crop/commodity variety
markfed,VARIETY_TEL_NAME,Crop/Activity,Commodity/Crop,dim,,,,str,100.0,120,0.0,,Name/label field
markfed,VERIFIED_BY,Status,General,dim,,,,str,100.0,10,0.0,,Verified By — operational field
markfed,VERIFIED_ON,Status,General,dim,,,,str,100.0,739,0.0,,Date/timestamp field
markfed,VILLAGE,Geography,Farmer Identity,dim,,,,str,100.0,41,0.0,,Village — operational field
markfed,VILLAGENAME,Geography,Farmer Identity,dim,,,,str,100.0,41,0.0,,Name/label field
markfed,VILLAGE_CODE,Geography,Farmer Identity,dim,,,,int64,100.0,41,100.0,,Code/classification
markfed,VILLAGE_ID,Geography,Farmer Identity,dim,,,,int64,100.0,1081,100.0,,Identifier/reference key
markfed,VILLAGE_LGD_CODE,Geography,Farmer Identity,dim,,,,int64,100.0,1082,100.0,,Code/classification
markfed,VILLAGE_NAME,Geography,Farmer Identity,dim,,,,str,100.0,41,0.0,,Village code/name
markfed,VIRTUAL_ACCOUNT,Bank/DBT,Payment/Banking,excluded_bank,,,,int64,100.0,100,100.0,Bank/DBT group — payment-instrument PII,Virtual Account — operational field
markfed,VIRTUAL_ACCOUNT_NO,Bank/DBT,Payment/Banking,excluded_bank,,,,str,100.0,646,100.0,Bank/DBT group — payment-instrument PII,Reference number
markfed,WARD_VILLAGE_ID,Geography,Farmer Identity,dim,,,,int64,100.0,1083,100.0,,Identifier/reference key
markfed,WARD_VILLAGE_NAME,Geography,Farmer Identity,dim,,,,str,100.0,10,0.0,,Name/label field
markfed,WD_AMOUNT,Benefit/Amount,Payment/Banking,measure,,,,int64,100.0,974,100.0,,Monetary amount
markfed,WEIGHING_STATUS,Status,Workflow/Status,dim,,,,str,100.0,3,0.0,,Status field
markfed,WHAREHOUSE_STATUS,Status,Workflow/Status,dim,,,,str,100.0,3,0.0,,Status field
markfed,WHR_STATUS,Status,Workflow/Status,dim,,,,str,100.0,3,0.0,,Status field
markfed,WH_ACCEPTED_QUANTITY,Produce/Qty,Warehouse/Storage,measure,,,,int64,100.0,100,100.0,,Quantity/bags field
markfed,WH_ACK_APPROVED,Status,Warehouse/Storage,dim,,,,float64,100.0,1080,100.0,,Warehouse reference
markfed,WH_AMOUNT,Benefit/Amount,Payment/Banking,measure,,,,int64,100.0,974,100.0,,Monetary amount
markfed,WH_DISPATCH_STATUS,Status,Dispatch/Logistics,dim,,,,str,100.0,3,0.0,,Status field
markfed,WH_GROSS_WEIGHT,Produce/Qty,Procurement/Quality,measure,,,,int64,100.0,972,100.0,,Warehouse reference
markfed,WH_NET_WEIGHT,Produce/Qty,Procurement/Quality,measure,,,,int64,100.0,100,100.0,,Warehouse reference
markfed,WH_PENDING_STATUS,Status,Warehouse/Storage,dim,,,,str,100.0,3,0.0,,Status field
markfed,WH_RECEIVED_QUANTITY,Produce/Qty,Warehouse/Storage,measure,,,,int64,100.0,100,100.0,,Quantity/bags field
markfed,WH_REJECTED_BAGS,Status,Procurement/Quality,dim,,,,int64,100.0,100,100.0,,Quantity/bags field
markfed,WH_REJECTED_QTY_MTS,Status,Warehouse/Storage,dim,,,,int64,100.0,100,100.0,,Quantity/bags field
markfed,WH_REJECTED_QUANTITY,Produce/Qty,Warehouse/Storage,measure,,,,int64,100.0,100,100.0,,Quantity/bags field
markfed,WH_STATUS,Status,Warehouse/Storage,dim,,,,str,100.0,3,0.0,,Status field
markfed,WH_TARE_WEIGHT,Produce/Qty,Procurement/Quality,measure,,,,int64,100.0,100,100.0,,Warehouse reference
markfed,WH_UNRECEIVED_QUANTITY,Produce/Qty,Warehouse/Storage,measure,,,,int64,100.0,100,100.0,,Quantity/bags field
markfed,WITHDRAW_STATUS,Status,Workflow/Status,dim,,,,str,100.0,3,0.0,,Status field
markfed,YIELD,Produce/Qty,General,measure,,,,float64,100.0,1080,100.0,,Yield — operational field
markfed,YIELD_ACRE,Land,General,measure,,,,float64,100.0,522,100.0,,Yield Acre — operational field
markfed,YIELD_LIMIT,Produce/Qty,General,measure,,,,float64,100.0,1077,100.0,,Yield Limit — operational field
markfed,YIELD_LIMT,Produce/Qty,General,measure,,,,float64,100.0,1082,100.0,,Yield Limt — operational field
markfed,YIELD_UPDATED_STATUS,Produce/Qty,Workflow/Status,temporal_dim,,,,str,100.0,749,0.0,Produce/Qty column holding ISO dates (100.0% parse) - re-roled to temporal,Date/timestamp field
pm_kisan,aadhaar_no,Identity,,key_aadhaar,aadhaar,,view1_scheme_benefits; view2_farmer_360; view7_input_to_market; view8_land_integrity,str,100.0,1100,100.0,,
pm_kisan,area_hectares,Land,,measure,landholding,hectares,view1_scheme_benefits; view2_farmer_360; view7_input_to_market; view8_land_integrity,float64,100.0,272,100.0,"hectares, not acres; land_acres = area_hectares * 2.471; also the source of land_size_class",
pm_kisan,bank_account_no,Bank/DBT,,excluded_bank,,,,str,100.0,1100,100.0,Bank/DBT group — payment-instrument PII,
pm_kisan,beneficiary_status,Status,,dim,,,view2_farmer_360,str,100.0,3,0.0,,
pm_kisan,category,Identity,,dim,caste,,view1_scheme_benefits; view2_farmer_360; view7_input_to_market; view8_land_integrity,str,100.0,4,0.0,,
pm_kisan,date_of_birth,Identity,,excluded_pii,,,,str,100.0,1064,0.0,Identity: personal identifier,
pm_kisan,district,Geography,,dim,district,,view1_scheme_benefits; view2_farmer_360; view7_input_to_market; view8_land_integrity,str,100.0,13,0.0,,
pm_kisan,ekyc_status,Status,,dim,status,,view1_scheme_benefits; view2_farmer_360,str,100.0,2,0.0,,
pm_kisan,farmer_id,Identity,,excluded_pii,,,,str,100.0,1100,0.0,Identity: not a demographic attribute,
pm_kisan,gender,Identity,,dim,,,view1_scheme_benefits; view2_farmer_360; view7_input_to_market; view8_land_integrity,str,100.0,2,0.0,,
pm_kisan,ifsc_code,Bank/DBT,,excluded_bank,,,,str,100.0,1100,0.0,Bank/DBT group — payment-instrument PII,
pm_kisan,khata_no,Identity,,key_khata,,,view8_land_integrity,str,100.0,1100,100.0,"join spine for view8 only, exactly as aadhaar is for the others: staged, consumed inside derived_columns.sql, never emitted into a view. Reclassified from excluded_pii on that basis.",
pm_kisan,last_amount_credited,Benefit/Amount,,measure,benefit,INR,view1_scheme_benefits,float64,100.0,1,100.0,,
pm_kisan,last_installment_date,Benefit/Amount,,temporal_dim,,,,str,100.0,19,0.0,Benefit/Amount column holding ISO dates (100.0% parse) - re-roled to temporal,
pm_kisan,last_installment_no,Benefit/Amount,,measure,,,,int64,100.0,1,100.0,,
pm_kisan,mobile_no,Identity,,excluded_pii,,,,str,100.0,1100,100.0,Identity: personal identifier,
pm_kisan,name,Identity,,excluded_pii,,,,str,100.0,446,0.0,Identity: personal identifier,
pm_kisan,ration_card_no,Identity,,excluded_pii,,,,str,100.0,1100,0.0,Identity: personal identifier,
pm_kisan,state,Geography,,dim,,,,str,100.0,1,0.0,,
pm_kisan,sub_district,Geography,,dim,,,,str,100.0,26,0.0,,
pm_kisan,village,Geography,,dim,,,,str,100.0,44,0.0,,
ryss,2023_24_TotalC1Extent,Land,Land/Acreage,measure,,,,float64,100.0,444,100.0,,C1 (Chemical-free Year 1) extent/acreage
ryss,2023_24_TotalPMDSExtent,Land,Natural Farming Practices,measure,,,,float64,100.0,423,100.0,,PMDS (Pre-Monsoon Dry Sowing) extent
ryss,2023_24_TotalS2SExtent,Land,Natural Farming Practices,measure,,,,float64,100.0,429,100.0,,S2S (Seed-to-Seed) extent
ryss,365dkgExtent2023_24_PrePopulatedData,Land,Natural Farming Practices,measure,,,,float64,100.0,426,100.0,,365 Days Kitchen Garden (DKG) extent
ryss,365dkgExtent2023_24_UpdatedData,Land,Natural Farming Practices,temporal_dim,,,,str,100.0,545,0.0,Land column holding ISO dates (100.0% parse) - re-roled to temporal,365 Days Kitchen Garden (DKG) extent
ryss,365dkgExtent2024_25,Land,Natural Farming Practices,measure,,,,float64,100.0,443,100.0,,365 Days Kitchen Garden (DKG) extent
ryss,ACREAGE,Land,Farmer/Person Identity,measure,landholding,acres,view1_scheme_benefits,float64,100.0,397,100.0,,Acreage/extent measurement
ryss,ACREAGE_TOTAL,Land,Farmer/Person Identity,measure,,,,float64,100.0,397,100.0,,Total acreage/extent
ryss,ACREAGE_TOTAL_OLD,Land,Farmer/Person Identity,measure,,,,float64,100.0,420,100.0,,Total acreage/extent
ryss,Aadhaar_of_BRC_entrepreneur,Identity,Farmer/Person Identity,excluded_pii,,,,str,100.0,684,100.0,Identity: personal identifier,Aadhaar number
ryss,Aadhar_no,Identity,Farmer/Person Identity,key_aadhaar,aadhaar,,view1_scheme_benefits,str,100.0,684,100.0,,Aadhaar number
ryss,AccounTransaction,Bank/DBT,Financial,excluded_bank,,,,int64,100.0,120,100.0,Bank/DBT group — payment-instrument PII,Banking field
ryss,Account,Bank/DBT,Financial,excluded_bank,,,,str,100.0,683,100.0,Bank/DBT group — payment-instrument PII,Banking field
ryss,AccountName,Bank/DBT,Financial,excluded_bank,,,,int64,100.0,120,100.0,Bank/DBT group — payment-instrument PII,Banking field
ryss,AccountNumber,Bank/DBT,Financial,excluded_bank,,,,str,100.0,683,100.0,Bank/DBT group — payment-instrument PII,Banking field
ryss,AccountTransaction,Bank/DBT,Financial,excluded_bank,,,,int64,100.0,117,100.0,Bank/DBT group — payment-instrument PII,Banking field
ryss,AccountType,Bank/DBT,Financial,excluded_bank,,,,int64,100.0,120,100.0,Bank/DBT group — payment-instrument PII,Banking field
ryss,ActionReasonStatus,Status,Status/Flags,dim,,,,str,100.0,3,0.0,,Status field
ryss,ActionStatus,Status,Status/Flags,dim,,,,str,100.0,3,0.0,,Status field
ryss,ActivityCode,Crop/Activity,General,dim,,,,float64,100.0,679,100.0,,Activitycode — RySS platform field
ryss,ActualDistrict,Geography,Geographic,dim,,,,str,100.0,13,0.0,,District name
ryss,ActualQuantity,Produce/Qty,General,measure,,,,int64,100.0,119,100.0,,Actualquantity — RySS platform field
ryss,Amount,Benefit/Amount,Financial,measure,benefit,INR,view1_scheme_benefits,float64,100.0,684,100.0,,Amount (INR)
ryss,AmountAfterDiscount,Benefit/Amount,Financial,measure,,,,int64,100.0,648,100.0,,Financial/payment field
ryss,AmountBeforeTax,Benefit/Amount,Financial,measure,,,,int64,100.0,644,100.0,,Amount before tax
ryss,AmountPaid,Benefit/Amount,Financial,measure,,,,float64,100.0,684,100.0,,Financial/payment field
ryss,AssetStatus,Status,Status/Flags,dim,,,,str,100.0,3,0.0,,Status field
ryss,Benefit,Benefit/Amount,General,dim,,,,str,100.0,10,0.0,Benefit/Amount column holding a 10-value categorical (0.0% numeric) - re-roled to dim,Benefit — RySS platform field
ryss,BlockCode,Geography,Geographic,dim,,,,int64,100.0,533,100.0,,Block/cluster code
ryss,BlockId,Geography,Geographic,dim,,,,int64,100.0,513,100.0,,Block/cluster code
ryss,BranchCode,Bank/DBT,General,excluded_bank,,,,float64,100.0,680,100.0,Bank/DBT group — payment-instrument PII,Branchcode — RySS platform field
ryss,BranchName,Bank/DBT,General,excluded_bank,,,,str,100.0,26,0.0,Bank/DBT group — payment-instrument PII,Name field
ryss,BrcEntBlockId,Geography,Geographic,dim,,,,int64,100.0,517,100.0,,Mandal/block field
ryss,BrcEntGramPanchayatId,Geography,Geographic,dim,,,,str,100.0,10,0.0,,Panchayat field
ryss,BrcEntVillageId,Geography,Farmer/Person Identity,dim,,,,str,100.0,10,0.0,,Village field
ryss,BrcEnterpeneurBlockName,Geography,Geographic,dim,,,,str,100.0,119,0.0,,Mandal/block field
ryss,BrcEnterpeneurVillageName,Geography,Farmer/Person Identity,dim,,,,str,100.0,42,0.0,,Village field
ryss,C1 Extent(in Acres),Land,Land/Acreage,measure,,,,float64,100.0,281,100.0,,C1 (Chemical-free Year 1) extent/acreage
ryss,C1Acreage,Land,Farmer/Person Identity,measure,,,,float64,100.0,422,100.0,,C1 (Chemical-free Year 1) extent/acreage
ryss,C1ExtentTarget,Land,Land/Acreage,measure,,,,float64,100.0,431,100.0,,C1 (Chemical-free Year 1) extent/acreage
ryss,C1_Extent_2022_23,Land,Land/Acreage,measure,,,,float64,100.0,435,100.0,,C1 (Chemical-free Year 1) extent/acreage
ryss,C1_Extent_2023_24,Land,Land/Acreage,measure,,,,float64,100.0,425,100.0,,C1 (Chemical-free Year 1) extent/acreage
ryss,C1_Extent_2023_24_Kharif,Land,Land/Acreage,measure,,,,float64,100.0,430,100.0,,C1 (Chemical-free Year 1) extent/acreage
ryss,C5 KG,Produce/Qty,General,measure,,,,int64,100.0,502,100.0,,C5 Kg — RySS platform field
ryss,CROP_CREATED_DATE,Crop/Activity,Crop/Agriculture,dim,,,,str,100.0,545,0.0,,Crop-related field
ryss,CROP_CREATED_DATE_TIME,Crop/Activity,Crop/Agriculture,dim,,,,str,100.0,533,0.0,,Crop-related field
ryss,CROP_PRACTICES,Crop/Activity,Natural Farming Practices,dim,,,,str,100.0,10,0.0,,Crop-related field
ryss,CalendarItemStatus,Status,Status/Flags,dim,,,,str,100.0,3,0.0,,Status field
ryss,Caste,Identity,Farmer/Person Identity,dim,,,,str,100.0,4,0.0,,Social category (SC/ST/BC/OC)
ryss,CatalogStatus,Status,Commerce/Orders,dim,,,,str,100.0,3,0.0,,Product/catalog field
ryss,Category,Identity,General,dim,caste,,view1_scheme_benefits,str,100.0,4,0.0,,Farming category
ryss,CategoryMajorType,Identity,General,dim,,,,str,100.0,10,0.0,,Categorymajortype — RySS platform field
ryss,CategoryMinorType,Identity,General,dim,,,,str,100.0,10,0.0,,Categoryminortype — RySS platform field
ryss,Category_ID,Identity,General,dim,,,,float64,100.0,684,100.0,,Identifier/reference key
ryss,Category_Name,Identity,General,excluded_pii,,,,str,100.0,4,0.0,Identity: personal identifier,Name field
ryss,CommissionScheme,Crop/Activity,Financial,dim,,,,int64,100.0,516,100.0,,Commissionscheme — RySS platform field
ryss,CompactBlock,Geography,Geographic,dim,,,,float64,100.0,682,100.0,,Compact block (contiguous NF area)
ryss,Configuration,Identity,Configuration,excluded_pii,,,,str,100.0,10,0.0,Identity: not a demographic attribute,Configuration — RySS platform field
ryss,Cost,Benefit/Amount,Financial,measure,,,,int64,100.0,643,100.0,,Cost
ryss,Cost of Sales,Benefit/Amount,Financial,measure,,,,int64,100.0,640,100.0,,Financial/payment field
ryss,Cost of Sales Monthly Change,Benefit/Amount,Financial,measure,,,,int64,100.0,642,100.0,,Financial/payment field
ryss,CourseJoinAcademicYear,Crop/Activity,Assessment/Training,dim,,,,int64,100.0,479,100.0,,Coursejoinacademicyear — RySS platform field
ryss,Crop,Crop/Activity,Crop/Agriculture,dim,commodity,,,str,100.0,10,0.0,,Crop-related field
ryss,CumulativeStatusAreaInAcres,Land,Land/Acreage,measure,,,,float64,100.0,429,100.0,,Acreage/extent measurement
ryss,CumulativeStatusNo,Status,MIS/Reporting,dim,,,,str,100.0,3,0.0,,Status field
ryss,CurrentAcadYear,Crop/Activity,General,dim,,,,int64,100.0,492,100.0,,Currentacadyear — RySS platform field
ryss,CurrentMajorStatus,Status,Status/Flags,dim,,,,str,100.0,3,0.0,,Status field
ryss,CurrentMinorStatus,Status,Status/Flags,dim,,,,str,100.0,3,0.0,,Status field
ryss,CurrentStatus,Status,Status/Flags,dim,,,,str,100.0,3,0.0,,Status field
ryss,CustomerAccount,Bank/DBT,Financial,excluded_bank,,,,int64,100.0,120,100.0,Bank/DBT group — payment-instrument PII,Banking field
ryss,DNAccount,Bank/DBT,Financial,excluded_bank,,,,int64,100.0,120,100.0,Bank/DBT group — payment-instrument PII,Banking field
ryss,DOB,Identity,Farmer/Person Identity,excluded_pii,,,,str,100.0,670,0.0,Identity: personal identifier,Date of birth
ryss,DateOfBirth,Identity,Farmer/Person Identity,excluded_pii,,,,str,100.0,670,0.0,Identity: personal identifier,Date of birth
ryss,DeclarationRCM,Identity,General,excluded_pii,,,,int64,100.0,521,100.0,Identity: personal identifier,Declarationrcm — RySS platform field
ryss,DisabilityStatus,Status,Status/Flags,dim,,,,str,100.0,3,0.0,,Status field
ryss,District DB,Geography,Geographic,dim,,,,str,100.0,13,0.0,,District field
ryss,District1,Geography,Geographic,dim,,,,str,100.0,13,0.0,,District field
ryss,District2,Geography,Geographic,dim,,,,str,100.0,13,0.0,,District field
ryss,District3,Geography,Geographic,dim,,,,str,100.0,13,0.0,,District field
ryss,DistrictCode,Geography,Geographic,dim,,,,int64,100.0,13,100.0,,District code
ryss,DistrictId,Geography,Geographic,dim,,,,int64,100.0,506,100.0,,District ID
ryss,DistrictName,Geography,Geographic,dim,,,,str,100.0,13,0.0,,District name
ryss,DistrictOLTPId,Geography,Geographic,dim,,,,str,100.0,10,0.0,,District ID
ryss,District_code,Geography,Geographic,dim,,,,int64,100.0,13,100.0,,District code
ryss,DropoutStatus,Status,Status/Flags,dim,,,,str,100.0,3,0.0,,Status field
ryss,DurationInMonths,Identity,General,excluded_pii,,,,int64,100.0,528,100.0,Identity: not a demographic attribute,Durationinmonths — RySS platform field
ryss,DuringTheMonthAreaInAcres,Land,Land/Acreage,measure,,,,float64,100.0,424,100.0,,Acreage/extent measurement
ryss,EligibilityCriteria,Status,General,dim,,,,str,100.0,10,0.0,,Eligibilitycriteria — RySS platform field
ryss,EstimatedQuantity,Produce/Qty,General,measure,,,,int64,100.0,120,100.0,,Estimatedquantity — RySS platform field
ryss,Extent of farmers on way for practicing S2S,Land,Natural Farming Practices,measure,,,,float64,100.0,425,100.0,,S2S (Seed-to-Seed) extent
ryss,Extent202223,Land,Land/Acreage,measure,,,,float64,100.0,435,100.0,,Acreage/extent measurement
ryss,ExtentKharif202324,Land,Land/Acreage,measure,,,,float64,100.0,425,100.0,,Acreage/extent measurement
ryss,ExtentPMDS202324,Land,Natural Farming Practices,measure,,,,float64,100.0,431,100.0,,PMDS (Pre-Monsoon Dry Sowing) extent
ryss,FP_COMPACT_BLOCK,Geography,Geographic,dim,,,,str,100.0,10,0.0,,Compact block (contiguous NF area)
ryss,FP_COMPACT_BLOCK_2021_2022_kharif,Geography,Geographic,dim,,,,float64,100.0,683,100.0,,Mandal/block field
ryss,FP_COMPACT_BLOCK_2021_2022_rabi,Geography,Geographic,dim,,,,float64,100.0,680,100.0,,Mandal/block field
ryss,FP_COMPACT_BLOCK_2022_2023_kharif,Geography,Geographic,dim,,,,float64,100.0,683,100.0,,Mandal/block field
ryss,FP_COMPACT_BLOCK_2022_2023_rabi,Geography,Geographic,dim,,,,float64,100.0,683,100.0,,Mandal/block field
ryss,FarmerMaritalStatus,Status,Farmer/Person Identity,dim,,,,str,100.0,3,0.0,,Marital status
ryss,FarmerMobileNumber,Identity,Farmer/Person Identity,excluded_pii,,,,str,100.0,684,100.0,Identity: personal identifier,Mobile number
ryss,FarmerName,Identity,Farmer/Person Identity,excluded_pii,,,,str,100.0,385,0.0,Identity: personal identifier,Farmer name
ryss,FarmerSocialCategory,Identity,General,dim,,,,str,100.0,4,0.0,,Social category (SC/ST/BC/OC)
ryss,FarmerSpouseFather,Identity,Farmer/Person Identity,excluded_pii,,,,str,100.0,10,0.0,Identity: not a demographic attribute,Farmer spouse/father name
ryss,FarmerSpouseFatherMobileNumber,Identity,Farmer/Person Identity,excluded_pii,,,,str,100.0,10,100.0,Identity: personal identifier,Spouse/father mobile number
ryss,FarmerSpouseFatherName,Identity,Farmer/Person Identity,excluded_pii,,,,str,100.0,10,0.0,Identity: personal identifier,Farmer spouse/father name
ryss,FarmersSurveyedOverall365DKGCount,Land,Natural Farming Practices,measure,,,,int64,100.0,120,100.0,,Farmer count/target metric
ryss,FarmersSurveyedOverallC1Acreage,Land,Farmer/Person Identity,measure,,,,float64,100.0,439,100.0,,C1 (Chemical-free Year 1) extent/acreage
ryss,FarmersSurveyedOverallC1Count,Land,MIS/Reporting,measure,,,,int64,100.0,120,100.0,,Farmer count/target metric
ryss,FarmersSurveyedOverallC1TargetAcreage,Land,Farmer/Person Identity,measure,,,,float64,100.0,421,100.0,,C1 (Chemical-free Year 1) extent/acreage
ryss,FarmersSurveyedOverallPMDSAcreage,Land,Farmer/Person Identity,measure,,,,float64,100.0,433,100.0,,PMDS (Pre-Monsoon Dry Sowing) extent
ryss,FarmersSurveyedOverallPMDSCount,Land,Natural Farming Practices,measure,,,,int64,100.0,120,100.0,,Farmer count/target metric
ryss,FarmersSurveyedOverallPMDSTargetAcreage,Land,Farmer/Person Identity,measure,,,,float64,100.0,431,100.0,,PMDS (Pre-Monsoon Dry Sowing) extent
ryss,FarmersSurveyedOverallRDSAcreage,Land,Farmer/Person Identity,measure,,,,float64,100.0,432,100.0,,Acreage/extent measurement
ryss,FarmersSurveyedOverallRDSCount,Land,Natural Farming Practices,measure,,,,int64,100.0,120,100.0,,Farmer count/target metric
ryss,FarmersSurveyedOverallRDSTargetAcreage,Land,Farmer/Person Identity,measure,,,,float64,100.0,433,100.0,,Acreage/extent measurement
ryss,FarmersSurveyedOverallS2SAcreage,Land,Farmer/Person Identity,measure,,,,float64,100.0,423,100.0,,S2S (Seed-to-Seed) extent
ryss,FarmersSurveyedOverallS2SCount,Land,Natural Farming Practices,measure,,,,int64,100.0,120,100.0,,Farmer count/target metric
ryss,FarmersSurveyedOverallS2STargetAcreage,Land,Farmer/Person Identity,measure,,,,float64,100.0,427,100.0,,S2S (Seed-to-Seed) extent
ryss,FarmersSurveyedOverallS2SWAcreage,Land,Farmer/Person Identity,measure,,,,float64,100.0,415,100.0,,S2S Whole (Seed-to-Seed Whole farming) extent
ryss,FarmersSurveyedOverallS2SWCount,Land,Natural Farming Practices,measure,,,,int64,100.0,119,100.0,,Farmer count/target metric
ryss,FarmersSurveyedOverallS2SWTargetAcreage,Land,Farmer/Person Identity,measure,,,,float64,100.0,432,100.0,,S2S Whole (Seed-to-Seed Whole farming) extent
ryss,FarmersSurveyedThisMonth365DKGCount,Land,Natural Farming Practices,measure,,,,int64,100.0,120,100.0,,Farmer count/target metric
ryss,FarmersSurveyedThisMonthC1Acreage,Land,Farmer/Person Identity,measure,,,,float64,100.0,434,100.0,,C1 (Chemical-free Year 1) extent/acreage
ryss,FarmersSurveyedThisMonthC1Count,Land,MIS/Reporting,measure,,,,int64,100.0,120,100.0,,Farmer count/target metric
ryss,FarmersSurveyedThisMonthPMDSAcreage,Land,Farmer/Person Identity,measure,,,,float64,100.0,434,100.0,,PMDS (Pre-Monsoon Dry Sowing) extent
ryss,FarmersSurveyedThisMonthPMDSCount,Land,Natural Farming Practices,measure,,,,int64,100.0,120,100.0,,Farmer count/target metric
ryss,FarmersSurveyedThisMonthRDSAcreage,Land,Farmer/Person Identity,measure,,,,float64,100.0,428,100.0,,Acreage/extent measurement
ryss,FarmersSurveyedThisMonthRDSCount,Land,Natural Farming Practices,measure,,,,int64,100.0,119,100.0,,Farmer count/target metric
ryss,FarmersSurveyedThisMonthS2SAcreage,Land,Farmer/Person Identity,measure,,,,float64,100.0,428,100.0,,S2S (Seed-to-Seed) extent
ryss,FarmersSurveyedThisMonthS2SCount,Land,Natural Farming Practices,measure,,,,int64,100.0,120,100.0,,Farmer count/target metric
ryss,FarmersSurveyedThisMonthS2SWAcreage,Land,Farmer/Person Identity,measure,,,,float64,100.0,439,100.0,,S2S Whole (Seed-to-Seed Whole farming) extent
ryss,FarmersSurveyedThisMonthS2SWCount,Land,Natural Farming Practices,measure,,,,int64,100.0,119,100.0,,Farmer count/target metric
ryss,FarmersSurveyedTillDate,Land,MIS/Reporting,temporal_dim,,,,str,100.0,527,0.0,Land column holding ISO dates (100.0% parse) - re-roled to temporal,Farmer-related field
ryss,FarmersSurveyedToday365DKGCount,Land,Natural Farming Practices,measure,,,,int64,100.0,120,100.0,,Farmer count/target metric
ryss,FarmersSurveyedTodayC1Acreage,Land,Farmer/Person Identity,measure,,,,float64,100.0,430,100.0,,C1 (Chemical-free Year 1) extent/acreage
ryss,FarmersSurveyedTodayC1Count,Land,MIS/Reporting,measure,,,,int64,100.0,119,100.0,,Farmer count/target metric
ryss,FarmersSurveyedTodayCount,Land,MIS/Reporting,measure,,,,int64,100.0,118,100.0,,Farmer count/target metric
ryss,FarmersSurveyedTodayPMDSAcreage,Land,Farmer/Person Identity,measure,,,,float64,100.0,439,100.0,,PMDS (Pre-Monsoon Dry Sowing) extent
ryss,FarmersSurveyedTodayPMDSCount,Land,Natural Farming Practices,measure,,,,int64,100.0,120,100.0,,Farmer count/target metric
ryss,FarmersSurveyedTodayRDSAcreage,Land,Farmer/Person Identity,measure,,,,float64,100.0,439,100.0,,Acreage/extent measurement
ryss,FarmersSurveyedTodayRDSCount,Land,Natural Farming Practices,measure,,,,int64,100.0,118,100.0,,Farmer count/target metric
ryss,FarmersSurveyedTodayS2SAcreage,Land,Farmer/Person Identity,measure,,,,float64,100.0,439,100.0,,S2S (Seed-to-Seed) extent
ryss,FarmersSurveyedTodayS2SCount,Land,Natural Farming Practices,measure,,,,int64,100.0,119,100.0,,Farmer count/target metric
ryss,FarmersSurveyedTodayS2SWAcreage,Land,Farmer/Person Identity,measure,,,,float64,100.0,420,100.0,,S2S Whole (Seed-to-Seed Whole farming) extent
ryss,FarmersSurveyedTodayS2SWCount,Land,Natural Farming Practices,measure,,,,int64,100.0,120,100.0,,Farmer count/target metric
ryss,FarmersSurveyedUnderMIS,Land,MIS/Reporting,measure,,,,int64,100.0,515,100.0,,Farmer-related field
ryss,FarmersToBeSurveyed365DKG,Land,Natural Farming Practices,measure,,,,int64,100.0,515,100.0,,Farmers to be surveyed (target)
ryss,FarmersToBeSurveyedC1,Land,MIS/Reporting,measure,,,,int64,100.0,508,100.0,,Farmers to be surveyed (target)
ryss,FarmersToBeSurveyedPMDS,Land,Natural Farming Practices,measure,,,,int64,100.0,512,100.0,,Farmers to be surveyed (target)
ryss,FarmersToBeSurveyedRDS,Land,Natural Farming Practices,dim,,,,str,100.0,10,0.0,Land column holding a 10-value categorical (0.0% numeric) - re-roled to dim,Farmers to be surveyed (target)
ryss,FarmersToBeSurveyedS2S,Land,Natural Farming Practices,measure,,,,int64,100.0,518,100.0,,Farmers to be surveyed (target)
ryss,FarmersToBeSurveyedS2SW,Land,Natural Farming Practices,measure,,,,int64,100.0,520,100.0,,Farmers to be surveyed (target)
ryss,FatherName,Identity,Farmer/Person Identity,excluded_pii,,,,str,100.0,51,0.0,Identity: personal identifier,Father/husband name
ryss,Final Unit Incharge,Crop/Activity,General,dim,,,,int64,100.0,634,100.0,,Final Unit Incharge — RySS platform field
ryss,Gender,Identity,Farmer/Person Identity,dim,,,view1_scheme_benefits,str,100.0,2,0.0,,Gender
ryss,GramPanchayatId,Geography,Geographic,dim,,,,str,100.0,10,0.0,,Panchayat ID
ryss,Gram_Panchayat,Geography,Geographic,dim,,,,str,100.0,42,0.0,,Gram Panchayat name
ryss,GridCode,Geography,General,dim,,,,float64,100.0,683,100.0,,Distribution/grid field
ryss,Habitation,Geography,Geographic,dim,,,,str,100.0,10,0.0,,Habitation name
ryss,HabitationCode,Geography,Geographic,dim,,,,int64,100.0,680,100.0,,Habitation code
ryss,HabitationId,Geography,Geographic,dim,,,,str,100.0,10,0.0,,Habitation ID
ryss,HabitationName,Geography,Geographic,dim,,,,str,100.0,10,0.0,,Habitation name
ryss,HabitationOLTPId,Geography,Geographic,dim,,,,str,100.0,10,0.0,,Habitation ID
ryss,Habitation_code,Geography,Geographic,dim,,,,int64,100.0,681,100.0,,Habitation code
ryss,Habitation_name,Geography,Geographic,dim,,,,str,100.0,10,0.0,,Habitation name
ryss,Husband_father_Name,Identity,Farmer/Person Identity,excluded_pii,,,,str,100.0,10,0.0,Identity: personal identifier,Father/husband name
ryss,Husband_father_Name_Surname,Identity,Farmer/Person Identity,excluded_pii,,,,str,100.0,10,0.0,Identity: personal identifier,Name field
ryss,IEStatus,Status,Cadre/Field Workers,dim,,,,str,100.0,3,0.0,,IE active status
ryss,IFSCcode,Bank/DBT,Financial,excluded_bank,,,,str,100.0,684,0.0,Bank/DBT group — payment-instrument PII,Banking field
ryss,InitialPrice,Benefit/Amount,Financial,measure,,,,int64,100.0,650,100.0,,Initial/unit price
ryss,InstrumentStatus,Status,Status/Flags,dim,,,,str,100.0,3,0.0,,Status field
ryss,IsC1_Extent_GT_TL,Land,Land/Acreage,measure,,,,float64,100.0,435,100.0,,C1 (Chemical-free Year 1) extent/acreage
ryss,IsDuplicateSurveyEntry,Land,MIS/Reporting,dim,,,,str,100.0,10,0.0,Land column holding a 10-value categorical (0.0% numeric) - re-roled to dim,Boolean flag
ryss,IsLatestSurveyEntry,Land,Assessment/Training,dim,,,,str,100.0,10,0.0,Land column holding a 10-value categorical (0.0% numeric) - re-roled to dim,Boolean flag
ryss,IsPMDS_Extent_GT_TL,Land,Natural Farming Practices,measure,,,,float64,100.0,418,100.0,,PMDS (Pre-Monsoon Dry Sowing) extent
ryss,IsS2S_Extent_GT_TL,Land,Natural Farming Practices,measure,,,,float64,100.0,439,100.0,,S2S (Seed-to-Seed) extent
ryss,IsSeasonLatest,Crop/Activity,Assessment/Training,dim,,,,str,100.0,2,0.0,,Boolean flag
ryss,LOCKGRANTED,Benefit/Amount,General,measure,,,,int64,100.0,650,100.0,,Lockgranted — RySS platform field
ryss,LeadMinorStatus,Status,CRM/Business,dim,,,,str,100.0,3,0.0,,Lead/prospect field
ryss,LeadStatus,Status,CRM/Business,dim,,,,str,100.0,3,0.0,,Lead/prospect field
ryss,LegalDisclaimer,Benefit/Amount,General,dim,,,,str,100.0,10,0.0,Benefit/Amount column holding a 10-value categorical (0.0% numeric) - re-roled to dim,Legaldisclaimer — RySS platform field
ryss,LevelAcadYear,Crop/Activity,General,dim,,,,int64,100.0,503,100.0,,Levelacadyear — RySS platform field
ryss,LifeStatus,Status,Status/Flags,dim,,,,str,100.0,3,0.0,,Status field
ryss,LogStatus,Status,Status/Flags,dim,,,,str,100.0,3,0.0,,Status field
ryss,MULBERRY,Produce/Qty,General,measure,,,,float64,100.0,682,100.0,,Crop column — Mulberry (area/extent under NF)
ryss,MajorStatus,Status,Status/Flags,dim,,,,str,100.0,3,0.0,,Status field
ryss,Mandal,Geography,Geographic,dim,,,,str,100.0,26,0.0,,Mandal name
ryss,Mandal1,Geography,Geographic,dim,,,,str,100.0,26,0.0,,Mandal/block field
ryss,Mandal2,Geography,Geographic,dim,,,,str,100.0,26,0.0,,Mandal/block field
ryss,Mandal3,Geography,Geographic,dim,,,,str,100.0,26,0.0,,Mandal/block field
ryss,MandalCode,Geography,Geographic,dim,,,,int64,100.0,521,100.0,,Mandal code
ryss,MandalName,Geography,Geographic,dim,,,,str,100.0,26,0.0,,Mandal name
ryss,MandalOLTPId,Geography,Geographic,dim,,,,str,100.0,10,0.0,,Mandal OLTP ID
ryss,MaritalStatus,Status,Farmer/Person Identity,dim,,,,str,100.0,3,0.0,,Marital status
ryss,Maritual_status,Status,Status/Flags,dim,,,,str,100.0,3,0.0,,Marital status
ryss,MaterialActivityId,Crop/Activity,Commerce/Orders,dim,,,,int64,100.0,515,100.0,,Identifier/reference key
ryss,MaterialTransActivity,Crop/Activity,Commerce/Orders,dim,,,,int64,100.0,506,100.0,,Materialtransactivity — RySS platform field
ryss,MaterialTransActivityId,Crop/Activity,Commerce/Orders,dim,,,,int64,100.0,504,100.0,,Identifier/reference key
ryss,MemberName,Identity,SHG/VO/Community,excluded_pii,,,,str,100.0,385,0.0,Identity: personal identifier,Name field
ryss,Member_Name,Identity,SHG/VO/Community,excluded_pii,,,,str,100.0,385,0.0,Identity: personal identifier,Name field
ryss,MinorStatus,Status,Status/Flags,dim,,,,str,100.0,3,0.0,,Status field
ryss,Mobile Number,Identity,Farmer/Person Identity,excluded_pii,,,,str,100.0,684,100.0,Identity: personal identifier,Mobile number
ryss,NF_Extent_In_Compact_Block_2022_23,Geography,Geographic,dim,,,,float64,100.0,421,100.0,,Acreage/extent measurement
ryss,NF_Extent_In_Compact_Block_2023_24,Geography,Geographic,dim,,,,float64,100.0,434,100.0,,Acreage/extent measurement
ryss,NetAmount,Benefit/Amount,Financial,measure,,,,int64,100.0,654,100.0,,Amount (INR)
ryss,Nf_extent,Land,Natural Farming Practices,measure,,,,float64,100.0,320,100.0,,Acreage/extent measurement
ryss,No. of S2S Whole Farmers Extent,Land,Natural Farming Practices,measure,,,,float64,100.0,420,100.0,,S2S (Seed-to-Seed) extent
ryss,Operation,Identity,General,excluded_pii,,,,str,100.0,10,0.0,Identity: not a demographic attribute,Operation — RySS platform field
ryss,OrderTypeStatus,Status,Commerce/Orders,dim,,,,str,100.0,3,0.0,,Order field
ryss,PINCode,Geography,Geographic,dim,,,,str,100.0,10,100.0,,PIN code
ryss,PMDS Extent(in Acres),Land,Natural Farming Practices,measure,,,,float64,100.0,239,100.0,,PMDS (Pre-Monsoon Dry Sowing) extent
ryss,PMDSAcreage,Land,Farmer/Person Identity,measure,,,,float64,100.0,433,100.0,,PMDS (Pre-Monsoon Dry Sowing) extent
ryss,PMDSExtentTarget,Land,Natural Farming Practices,measure,,,,float64,100.0,427,100.0,,PMDS (Pre-Monsoon Dry Sowing) extent
ryss,PMDS_Extent_2022_23,Land,Natural Farming Practices,measure,,,,float64,100.0,425,100.0,,PMDS (Pre-Monsoon Dry Sowing) extent
ryss,PMDS_Extent_2023_24,Land,Natural Farming Practices,measure,,,,float64,100.0,427,100.0,,PMDS (Pre-Monsoon Dry Sowing) extent
ryss,PMDS_Extent_2023_24_Kharif,Land,Natural Farming Practices,measure,,,,float64,100.0,441,100.0,,PMDS (Pre-Monsoon Dry Sowing) extent
ryss,Panchayat,Geography,Geographic,dim,,,,str,100.0,10,0.0,,Gram Panchayat name
ryss,Panchayat1,Geography,Geographic,dim,,,,str,100.0,10,0.0,,Panchayat field
ryss,Panchayat2,Geography,Geographic,dim,,,,str,100.0,10,0.0,,Panchayat field
ryss,Panchayat3,Geography,Geographic,dim,,,,str,100.0,10,0.0,,Panchayat field
ryss,PanchayatCode,Geography,Geographic,dim,,,,int64,100.0,682,100.0,,Panchayat code
ryss,PanchayatName,Geography,Geographic,dim,,,,str,100.0,10,0.0,,Gram Panchayat name
ryss,PanchayatOLTPId,Geography,Geographic,dim,,,,str,100.0,10,0.0,,Panchayat ID
ryss,Panchayat_Name,Geography,Geographic,dim,,,,str,100.0,42,0.0,,Gram Panchayat name
ryss,Panchayat_code,Geography,Geographic,dim,,,,int64,100.0,683,100.0,,Panchayat code
ryss,ParamCode,Geography,General,dim,,,,float64,100.0,682,100.0,,Paramcode — RySS platform field
ryss,Payment,Benefit/Amount,Financial,measure,,,,float64,100.0,682,100.0,,Financial/payment field
ryss,PaymentDateTime,Benefit/Amount,Financial,temporal_dim,,,,str,100.0,538,0.0,Benefit/Amount column holding ISO dates (100.0% parse) - re-roled to temporal,Financial/payment field
ryss,PaymentMode,Benefit/Amount,Financial,dim,,,,str,100.0,10,0.0,Benefit/Amount column holding a 10-value categorical (0.0% numeric) - re-roled to dim,Financial/payment field
ryss,PaymentNotes,Benefit/Amount,Financial,dim,,,,str,100.0,1,0.0,Benefit/Amount column holding a 1-value categorical (0.0% numeric) - re-roled to dim,Financial/payment field
ryss,PaymentParamMaster,Benefit/Amount,Financial,dim,,,,str,100.0,10,0.0,Benefit/Amount column holding a 10-value categorical (0.0% numeric) - re-roled to dim,Financial/payment field
ryss,PaymentStatus,Benefit/Amount,Financial,dim,status,,view1_scheme_benefits,str,100.0,3,0.0,,Financial/payment field
ryss,Phone No.,Identity,Farmer/Person Identity,excluded_pii,,,,str,100.0,684,100.0,Identity: personal identifier,Phone No. — RySS platform field
ryss,PhoneEmergency,Identity,Farmer/Person Identity,excluded_pii,,,,str,100.0,10,100.0,Identity: personal identifier,Phoneemergency — RySS platform field
ryss,PhonePersonal,Identity,Farmer/Person Identity,excluded_pii,,,,str,100.0,684,100.0,Identity: personal identifier,Phonepersonal — RySS platform field
ryss,PhoneProfessional,Identity,Farmer/Person Identity,excluded_pii,,,,str,100.0,684,100.0,Identity: personal identifier,Phoneprofessional — RySS platform field
ryss,PremiumAmount,Benefit/Amount,Financial,measure,,,,int64,100.0,651,100.0,,Financial/payment field
ryss,Price,Benefit/Amount,Financial,measure,,,,int64,100.0,642,100.0,,Financial/payment field
ryss,Price Monthly Change,Benefit/Amount,Financial,measure,,,,int64,100.0,645,100.0,,Financial/payment field
ryss,Price Tier,Benefit/Amount,Cadre/Field Workers,measure,,,,int64,100.0,647,100.0,,Financial/payment field
ryss,ProductionProcess,Produce/Qty,Commerce/Orders,measure,,,,int64,100.0,120,100.0,,Product/catalog field
ryss,ProductionProcessId,Produce/Qty,Commerce/Orders,measure,,,,int64,100.0,120,100.0,,Product/catalog field
ryss,ProductionProcessInstance,Produce/Qty,Commerce/Orders,measure,,,,int64,100.0,120,100.0,,Product/catalog field
ryss,ProductionProcessName,Produce/Qty,Commerce/Orders,measure,,,,int64,100.0,120,100.0,,Product/catalog field
ryss,ProductionProcessTemplate,Produce/Qty,Commerce/Orders,measure,,,,int64,100.0,120,100.0,,Product/catalog field
ryss,ProductionProcessTemplateStep,Produce/Qty,Assessment/Training,measure,,,,int64,100.0,119,100.0,,Product/catalog field
ryss,ProductionProcessType,Produce/Qty,Commerce/Orders,measure,,,,int64,100.0,120,100.0,,Product/catalog field
ryss,ProductionStep,Produce/Qty,Commerce/Orders,measure,,,,int64,100.0,119,100.0,,Product/catalog field
ryss,ProductionStepId,Produce/Qty,Commerce/Orders,measure,,,,int64,100.0,120,100.0,,Product/catalog field
ryss,ProposalStatus,Status,Status/Flags,dim,,,,str,100.0,3,0.0,,Status field
ryss,QCStatus,Status,Status/Flags,dim,,,,str,100.0,3,0.0,,Status field
ryss,Quantity,Produce/Qty,General,measure,,,,int64,100.0,120,100.0,,Quantity
ryss,QuantityInUOM,Produce/Qty,General,measure,,,,int64,100.0,120,100.0,,Quantity
ryss,RDS_Extent_2023_24,Land,Natural Farming Practices,measure,,,,float64,100.0,431,100.0,,Acreage/extent measurement
ryss,Ration_card_number,Identity,Farmer/Person Identity,excluded_pii,,,,str,100.0,683,0.0,Identity: personal identifier,Ration card number
ryss,RefundAgainstPayment,Benefit/Amount,Financial,measure,,,,int64,100.0,654,100.0,,Financial/payment field
ryss,RefundPayment,Benefit/Amount,Financial,measure,,,,int64,100.0,653,100.0,,Financial/payment field
ryss,S2SAcreage,Land,Farmer/Person Identity,measure,,,,float64,100.0,412,100.0,,S2S (Seed-to-Seed) extent
ryss,S2SExtentTarget,Land,Natural Farming Practices,measure,,,,float64,100.0,420,100.0,,S2S (Seed-to-Seed) extent
ryss,S2SWAcreage,Land,Farmer/Person Identity,measure,,,,float64,100.0,438,100.0,,S2S Whole (Seed-to-Seed Whole farming) extent
ryss,S2SWExtentTarget,Land,Natural Farming Practices,measure,,,,float64,100.0,430,100.0,,S2S Whole (Seed-to-Seed Whole farming) extent
ryss,S2SW_Extent_2022_23,Land,Natural Farming Practices,measure,,,,float64,100.0,432,100.0,,S2S Whole (Seed-to-Seed Whole farming) extent
ryss,S2SW_Extent_2023_24,Land,Natural Farming Practices,measure,,,,float64,100.0,425,100.0,,S2S Whole (Seed-to-Seed Whole farming) extent
ryss,S2SW_Extent_2023_24_Kharif,Land,Natural Farming Practices,measure,,,,float64,100.0,434,100.0,,S2S Whole (Seed-to-Seed Whole farming) extent
ryss,S2S_Extent_2022_23,Land,Natural Farming Practices,measure,,,,float64,100.0,427,100.0,,S2S (Seed-to-Seed) extent
ryss,S2S_Extent_2023_24,Land,Natural Farming Practices,measure,,,,float64,100.0,433,100.0,,S2S (Seed-to-Seed) extent
ryss,S2S_Extent_2023_24_Kharif,Land,Natural Farming Practices,measure,,,,float64,100.0,430,100.0,,S2S (Seed-to-Seed) extent
ryss,SHG_Registration_Date,Identity,SHG/VO/Community,excluded_pii,,,,str,100.0,537,0.0,Identity: not a demographic attribute,SHG registration date
ryss,Sales Value,Benefit/Amount,General,measure,,,,int64,100.0,649,100.0,,Sales Value — RySS platform field
ryss,Sales Value Monthly Change,Benefit/Amount,General,measure,,,,int64,100.0,651,100.0,,Sales Value Monthly Change — RySS platform field
ryss,SalesStatus,Status,Status/Flags,dim,,,,str,100.0,3,0.0,,Status field
ryss,Secretariat code,Geography,Auth/Security,dim,,,,int64,100.0,683,100.0,,Secretariat Code — RySS platform field
ryss,SmartphoneKnowledge,Identity,Farmer/Person Identity,excluded_pii,,,,str,100.0,684,100.0,Identity: personal identifier,Smartphoneknowledge — RySS platform field
ryss,SocialCategory,Identity,General,dim,,,,str,100.0,4,0.0,,Social category (SC/ST/BC/OC)
ryss,SocialCategory_of_BRC_entrepreneur,Identity,General,dim,,,,str,100.0,4,0.0,,Socialcategory Of Brc Entrepreneur — RySS platform field
ryss,SocialMediaAccountId,Bank/DBT,Financial,excluded_bank,,,,int64,100.0,120,100.0,Bank/DBT group — payment-instrument PII,Banking field
ryss,Social_Category,Identity,Farmer/Person Identity,dim,,,,str,100.0,4,0.0,,Social category (SC/ST/BC/OC)
ryss,Status202223,Status,Status/Flags,dim,,,,str,100.0,3,0.0,,Status field
ryss,StatusDate,Status,Status/Flags,dim,,,,str,100.0,520,0.0,,Date/timestamp field
ryss,StatusKharif202324,Status,Status/Flags,dim,,,,str,100.0,3,0.0,,Status field
ryss,StatusMajorType,Status,Status/Flags,dim,,,,str,100.0,3,0.0,,Status field
ryss,StatusMinorType,Status,Status/Flags,dim,,,,str,100.0,3,0.0,,Status field
ryss,StatusPMDS202324,Status,Natural Farming Practices,dim,,,,str,100.0,3,0.0,,Status field
ryss,StepProductionProcess,Produce/Qty,Commerce/Orders,measure,,,,int64,100.0,120,100.0,,Product/catalog field
ryss,SubMaterialTransActivity,Crop/Activity,Commerce/Orders,dim,,,,int64,100.0,515,100.0,,Submaterialtransactivity — RySS platform field
ryss,SubStatus,Status,Status/Flags,dim,,,,str,100.0,3,0.0,,Status field
ryss,SurveyDate,Land,MIS/Reporting,temporal_dim,,,,str,100.0,472,0.0,Land column holding ISO dates (100.0% parse) - re-roled to temporal,Date/timestamp field
ryss,SurveyMonth,Land,MIS/Reporting,dim,,,,str,100.0,11,0.0,Land column holding a 11-value categorical (0.0% numeric) - re-roled to dim,Surveymonth — RySS platform field
ryss,SurveySeason,Land,MIS/Reporting,dim,,,,str,100.0,2,0.0,Land column holding a 2-value categorical (0.0% numeric) - re-roled to dim,Surveyseason — RySS platform field
ryss,TargetAreaInAcres,Land,Land/Acreage,measure,,,,float64,100.0,439,100.0,,Acreage/extent measurement
ryss,TotalActiveMandal,Geography,Geographic,dim,,,,str,100.0,26,0.0,,Total geographic unit count
ryss,TotalActivePanchayat,Geography,Geographic,dim,,,,str,100.0,10,0.0,,Panchayat field
ryss,TotalActiveVillage,Geography,Farmer/Person Identity,dim,,,,str,100.0,42,0.0,,Total geographic unit count
ryss,TotalAmount,Benefit/Amount,Financial,measure,,,,int64,100.0,658,100.0,,Amount (INR)
ryss,TotalC1Extent,Land,Land/Acreage,measure,,,,float64,100.0,441,100.0,,C1 (Chemical-free Year 1) extent/acreage
ryss,TotalC1ExtentAFPMDS,Land,Natural Farming Practices,measure,,,,float64,100.0,420,100.0,,C1 (Chemical-free Year 1) extent/acreage
ryss,TotalC1ExtentB4PMDS,Land,Natural Farming Practices,measure,,,,float64,100.0,428,100.0,,C1 (Chemical-free Year 1) extent/acreage
ryss,TotalLandExtentOfFarmers,Land,Land/Acreage,measure,,,,float64,100.0,426,100.0,,Total acreage/extent
ryss,TotalMandal,Geography,Geographic,dim,,,,str,100.0,26,0.0,,Total geographic unit count
ryss,TotalPMDSExtent,Land,Natural Farming Practices,measure,,,,float64,100.0,432,100.0,,PMDS (Pre-Monsoon Dry Sowing) extent
ryss,TotalPMDSExtentAFPMDS,Land,Natural Farming Practices,measure,,,,float64,100.0,423,100.0,,PMDS (Pre-Monsoon Dry Sowing) extent
ryss,TotalPMDSExtentB4PMDS,Land,Natural Farming Practices,measure,,,,float64,100.0,426,100.0,,PMDS (Pre-Monsoon Dry Sowing) extent
ryss,TotalPanchayat,Geography,Geographic,dim,,,,str,100.0,10,0.0,,Panchayat field
ryss,TotalS2SExtent,Land,Natural Farming Practices,measure,,,,float64,100.0,423,100.0,,S2S (Seed-to-Seed) extent
ryss,TotalS2SExtentAFPMDS,Land,Natural Farming Practices,measure,,,,float64,100.0,425,100.0,,PMDS (Pre-Monsoon Dry Sowing) extent
ryss,TotalS2SExtentB4PMDS,Land,Natural Farming Practices,measure,,,,float64,100.0,432,100.0,,PMDS (Pre-Monsoon Dry Sowing) extent
ryss,TotalS2SWExtent,Land,Natural Farming Practices,measure,,,,float64,100.0,422,100.0,,S2S Whole (Seed-to-Seed Whole farming) extent
ryss,TotalS2SWExtentAFPMDS,Land,Natural Farming Practices,measure,,,,float64,100.0,422,100.0,,PMDS (Pre-Monsoon Dry Sowing) extent
ryss,TotalS2SWExtentB4PMDS,Land,Natural Farming Practices,measure,,,,float64,100.0,426,100.0,,PMDS (Pre-Monsoon Dry Sowing) extent
ryss,TotalTaxAmount,Benefit/Amount,Financial,measure,,,,int64,100.0,646,100.0,,Total tax amount
ryss,TotalVillage,Geography,Farmer/Person Identity,dim,,,,str,100.0,42,0.0,,Total geographic unit count
ryss,TransactionStatus,Status,Status/Flags,dim,,,,str,100.0,3,0.0,,Status field
ryss,Unit Incharge,Crop/Activity,General,dim,,,,int64,100.0,650,100.0,,Unit Incharge — RySS platform field
ryss,Unit Sales,Crop/Activity,General,dim,,,,float64,100.0,682,100.0,,Unit Sales — RySS platform field
ryss,Unit Sales Monthly Change,Crop/Activity,General,dim,,,,float64,100.0,683,100.0,,Unit Sales Monthly Change — RySS platform field
ryss,UpdatedQuantity,Produce/Qty,Audit/System,temporal_dim,,,,str,100.0,526,0.0,Produce/Qty column holding ISO dates (100.0% parse) - re-roled to temporal,Date/timestamp field
ryss,UptoPreviousMonthAreaInAcres,Land,Land/Acreage,measure,,,,float64,100.0,423,100.0,,Acreage/extent measurement
ryss,UsableQuantity,Produce/Qty,General,measure,,,,int64,100.0,118,100.0,,Usablequantity — RySS platform field
ryss,Verified,Status,Cadre/Field Workers,dim,,,,int64,100.0,526,100.0,,Verified — RySS platform field
ryss,VerifiedBy,Status,Cadre/Field Workers,dim,,,,int64,100.0,495,100.0,,Verifiedby — RySS platform field
ryss,VerifiedDateTime,Status,Cadre/Field Workers,dim,,,,str,100.0,532,0.0,,Date/timestamp field
ryss,VillageCode,Geography,Farmer/Person Identity,dim,,,,int64,100.0,683,100.0,,Village code
ryss,VillageId,Geography,Farmer/Person Identity,dim,,,,str,100.0,10,0.0,,Village ID
ryss,VillageName,Geography,Farmer/Person Identity,dim,,,,str,100.0,42,0.0,,Village name
ryss,VillageOLTPId,Geography,Farmer/Person Identity,dim,,,,str,100.0,10,0.0,,Village ID
ryss,Village_Phase,Geography,Farmer/Person Identity,dim,,,,str,100.0,10,0.0,,Village field
ryss,Village_code,Geography,Farmer/Person Identity,dim,,,,int64,100.0,42,100.0,,Village code
ryss,Village_name,Geography,Farmer/Person Identity,dim,,,,str,100.0,42,0.0,,Village name
ryss,Weightage,Produce/Qty,Farmer/Person Identity,measure,,,,int64,100.0,120,100.0,,Weightage — RySS platform field
ryss,WorkNodeBlockAlias,Geography,Geographic,dim,,,,str,100.0,10,0.0,,WorkNode mandal/block assignment
ryss,WorkNodeBlockMajorType,Geography,Geographic,dim,,,,str,100.0,10,0.0,,WorkNode mandal/block assignment
ryss,WorkNodeBlockName,Geography,Geographic,dim,,,,str,100.0,119,0.0,,WorkNode mandal/block assignment
ryss,WorkNodeBlockOLTPId,Geography,Geographic,dim,,,,str,100.0,10,0.0,,WorkNode mandal/block assignment
ryss,WorkNodeDistrictAlias,Geography,Geographic,dim,,,,str,100.0,13,0.0,,WorkNode district assignment
ryss,WorkNodeDistrictMajorType,Geography,Geographic,dim,,,,str,100.0,13,0.0,,WorkNode district assignment
ryss,WorkNodeDistrictName,Geography,Geographic,dim,,,,str,100.0,13,0.0,,WorkNode district assignment
ryss,WorkNodeDistrictOLTPId,Geography,Geographic,dim,,,,str,100.0,10,0.0,,WorkNode district assignment
ryss,WorkNodeHabitationAlias,Geography,Geographic,dim,,,,str,100.0,10,0.0,,WorkNode habitation assignment
ryss,WorkNodeHabitationMajorType,Geography,Geographic,dim,,,,str,100.0,10,0.0,,WorkNode habitation assignment
ryss,WorkNodeHabitationName,Geography,Geographic,dim,,,,str,100.0,10,0.0,,WorkNode habitation assignment
ryss,WorkNodeHabitationOLTPId,Geography,Geographic,dim,,,,str,100.0,10,0.0,,WorkNode habitation assignment
ryss,WorkNodePanchayatAlias,Geography,Geographic,dim,,,,str,100.0,10,0.0,,WorkNode panchayat assignment
ryss,WorkNodePanchayatMajorType,Geography,Geographic,dim,,,,str,100.0,10,0.0,,WorkNode panchayat assignment
ryss,WorkNodePanchayatName,Geography,Geographic,dim,,,,str,100.0,10,0.0,,WorkNode panchayat assignment
ryss,WorkNodePanchayatOLTPId,Geography,Geographic,dim,,,,str,100.0,10,0.0,,WorkNode panchayat assignment
ryss,WorkNodeStateName,Geography,Geographic,dim,,,,str,100.0,120,0.0,,WorkNode state assignment
ryss,WorkNodeVillageAlias,Geography,Farmer/Person Identity,dim,,,,str,100.0,42,0.0,,WorkNode village assignment
ryss,WorkNodeVillageMajorType,Geography,Farmer/Person Identity,dim,,,,str,100.0,10,0.0,,WorkNode village assignment
ryss,WorkNodeVillageName,Geography,Farmer/Person Identity,dim,,,,str,100.0,42,0.0,,WorkNode village assignment
ryss,WorkNodeVillageOLTPId,Geography,Farmer/Person Identity,dim,,,,str,100.0,10,0.0,,WorkNode village assignment
ryss,action_plan_year,Crop/Activity,General,dim,,,,int64,100.0,482,100.0,,Action Plan Year — RySS platform field
ryss,activity_notes,Crop/Activity,General,dim,,,,str,100.0,1,0.0,,Activity Notes — RySS platform field
ryss,benefitType,Benefit/Amount,General,dim,,,,str,100.0,10,0.0,Benefit/Amount column holding a 10-value categorical (0.0% numeric) - re-roled to dim,Benefittype — RySS platform field
ryss,block,Geography,Geographic,dim,,,,str,100.0,10,0.0,,Block/cluster code
ryss,c1Extent2023_24_PrePopulatedData,Land,Land/Acreage,measure,,,,float64,100.0,433,100.0,,C1 (Chemical-free Year 1) extent/acreage
ryss,c1Extent2023_24_UpdatedData,Land,Land/Acreage,temporal_dim,,,,str,100.0,543,0.0,Land column holding ISO dates (100.0% parse) - re-roled to temporal,C1 (Chemical-free Year 1) extent/acreage
ryss,c1Extent2024_25,Land,Land/Acreage,measure,,,,float64,100.0,418,100.0,,C1 (Chemical-free Year 1) extent/acreage
ryss,c1_extent202324_pre_populated_data,Land,Land/Acreage,measure,,,,float64,100.0,424,100.0,,C1 (Chemical-free Year 1) extent/acreage
ryss,c1_extent202324_updated_data,Land,Land/Acreage,temporal_dim,,,,str,100.0,536,0.0,Land column holding ISO dates (100.0% parse) - re-roled to temporal,C1 (Chemical-free Year 1) extent/acreage
ryss,c1_extent202425,Land,Land/Acreage,measure,,,,float64,100.0,427,100.0,,C1 (Chemical-free Year 1) extent/acreage
ryss,c1_extent202425_pre_populated_data,Land,Land/Acreage,measure,,,,float64,100.0,415,100.0,,C1 (Chemical-free Year 1) extent/acreage
ryss,c1_extent202425_updated_data,Land,Land/Acreage,temporal_dim,,,,str,100.0,527,0.0,Land column holding ISO dates (100.0% parse) - re-roled to temporal,C1 (Chemical-free Year 1) extent/acreage
ryss,c1_extent202526,Land,Land/Acreage,measure,,,,float64,100.0,439,100.0,,C1 (Chemical-free Year 1) extent/acreage
ryss,categoryCode,Identity,General,dim,,,,float64,100.0,684,100.0,,Categorycode — RySS platform field
ryss,category_24_25,Identity,General,dim,,,,str,100.0,10,0.0,,Category 24 25 — RySS platform field
ryss,category_code,Identity,General,dim,,,,float64,100.0,682,100.0,,Category Code — RySS platform field
ryss,compact_block,Geography,Geographic,dim,,,,str,100.0,10,0.0,,Compact block (contiguous NF area)
ryss,compact_block_code,Geography,Geographic,dim,,,,int64,100.0,524,100.0,,Mandal/block field
ryss,compact_block_id,Geography,Geographic,dim,,,,int64,100.0,523,100.0,,Mandal/block field
ryss,contributed_weight,Produce/Qty,General,measure,,,,int64,100.0,120,100.0,,Contributed Weight — RySS platform field
ryss,crop_change_reason,Crop/Activity,Crop/Agriculture,dim,,,,str,100.0,10,0.0,,Crop-related field
ryss,crop_sub_type,Crop/Activity,Crop/Agriculture,dim,,,,str,100.0,10,0.0,,Crop-related field
ryss,crop_type,Crop/Activity,Crop/Agriculture,dim,,,,str,100.0,10,0.0,,Crop-related field
ryss,cumultative status,Status,Status/Flags,dim,,,,str,100.0,3,0.0,,Status field
ryss,current_season,Crop/Activity,General,dim,,,,str,100.0,2,0.0,,Current Season — RySS platform field
ryss,district,Geography,Geographic,dim,district,,view1_scheme_benefits,str,100.0,13,0.0,,District name
ryss,district_name,Geography,Geographic,dim,,,,str,100.0,13,0.0,,District name
ryss,dkg_202425_pre_populated_seasonal,Crop/Activity,Natural Farming Practices,dim,,,,str,100.0,2,0.0,,Natural farming practice/metric field
ryss,dkg_202425_updated_seasonal,Crop/Activity,Natural Farming Practices,dim,,,,str,100.0,520,0.0,,Date/timestamp field
ryss,dkg_202526_seasonal,Crop/Activity,Natural Farming Practices,dim,,,,str,100.0,2,0.0,,Natural farming practice/metric field
ryss,dkg_extent202324_pre_populated_data,Land,Natural Farming Practices,measure,,,,float64,100.0,432,100.0,,365 Days Kitchen Garden (DKG) extent
ryss,dkg_extent202324_updated_data,Land,Natural Farming Practices,temporal_dim,,,,str,100.0,520,0.0,Land column holding ISO dates (100.0% parse) - re-roled to temporal,365 Days Kitchen Garden (DKG) extent
ryss,dkg_extent202425,Land,Natural Farming Practices,measure,,,,float64,100.0,431,100.0,,365 Days Kitchen Garden (DKG) extent
ryss,dkg_extent202425_pre_populated_data,Land,Natural Farming Practices,measure,,,,float64,100.0,432,100.0,,365 Days Kitchen Garden (DKG) extent
ryss,dkg_extent202425_updated_data,Land,Natural Farming Practices,temporal_dim,,,,str,100.0,529,0.0,Land column holding ISO dates (100.0% parse) - re-roled to temporal,365 Days Kitchen Garden (DKG) extent
ryss,dkg_extent202526,Land,Natural Farming Practices,measure,,,,float64,100.0,447,100.0,,365 Days Kitchen Garden (DKG) extent
ryss,duration,Identity,General,excluded_pii,,,,int64,100.0,501,100.0,Identity: not a demographic attribute,Duration — RySS platform field
ryss,farmerStatus,Status,Status/Flags,dim,,,,str,100.0,3,0.0,,Status field
ryss,farming_model_status,Status,Status/Flags,dim,,,,str,100.0,3,0.0,,Status field
ryss,harvest_status,Status,Crop/Agriculture,dim,,,,str,100.0,3,0.0,,Status field
ryss,income_generation,Identity,Financial,excluded_pii,,,,int64,100.0,653,100.0,Identity: not a demographic attribute,Income Generation — RySS platform field
ryss,income_generation_details,Identity,Financial,excluded_pii,,,,int64,100.0,642,100.0,Identity: not a demographic attribute,Income Generation Details — RySS platform field
ryss,isCityVerified,Status,Geographic,dim,,,,int64,100.0,511,100.0,,Boolean flag
ryss,isVerified,Status,Cadre/Field Workers,dim,,,,int64,100.0,494,100.0,,Boolean flag
ryss,is_linked_to_compact_block,Geography,Geographic,dim,,,,str,100.0,10,0.0,,Mandal/block field
ryss,lease_status,Status,Status/Flags,dim,,,,str,100.0,3,0.0,,Status field
ryss,maize_cultivation,Land,Crop/Agriculture,measure,,,,int64,100.0,2,100.0,,Maize Cultivation — RySS platform field
ryss,mandal_code,Geography,Geographic,dim,,,,int64,100.0,26,100.0,,Mandal code
ryss,mandal_name,Geography,Geographic,dim,,,,str,100.0,26,0.0,,Mandal name
ryss,maritalStatusCode,Status,Farmer/Person Identity,dim,,,,str,100.0,3,0.0,,Status field
ryss,name,Identity,General,excluded_pii,,,,str,100.0,385,0.0,Identity: personal identifier,Name field
ryss,nfExtentInCB2023_24_PrePopulatedData,Land,Land/Acreage,measure,,,,float64,100.0,414,100.0,,Acreage/extent measurement
ryss,nfExtentInCB2023_24_UpdatedData,Land,Land/Acreage,temporal_dim,,,,str,100.0,537,0.0,Land column holding ISO dates (100.0% parse) - re-roled to temporal,Acreage/extent measurement
ryss,nfExtentInCB2024_25,Land,Land/Acreage,measure,,,,float64,100.0,446,100.0,,Acreage/extent measurement
ryss,nf_extent_in_cb202324_pre_populated_data,Land,Natural Farming Practices,measure,,,,float64,100.0,439,100.0,,Acreage/extent measurement
ryss,nf_extent_in_cb202324_updated_data,Land,Natural Farming Practices,temporal_dim,,,,str,100.0,530,0.0,Land column holding ISO dates (100.0% parse) - re-roled to temporal,Acreage/extent measurement
ryss,nf_extent_in_cb202425,Land,Natural Farming Practices,measure,,,,float64,100.0,428,100.0,,Acreage/extent measurement
ryss,nf_extent_in_cb202425_pre_populated_data,Land,Natural Farming Practices,measure,,,,float64,100.0,434,100.0,,Acreage/extent measurement
ryss,nf_extent_in_cb202425_updated_data,Land,Natural Farming Practices,temporal_dim,,,,str,100.0,530,0.0,Land column holding ISO dates (100.0% parse) - re-roled to temporal,Acreage/extent measurement
ryss,nf_extent_in_cb202526,Land,Natural Farming Practices,measure,,,,float64,100.0,422,100.0,,Acreage/extent measurement
ryss,operation_type,Identity,General,dim,,,,str,100.0,10,0.0,,Operation Type — RySS platform field
ryss,pmdsExtent2023_24_PrePopulatedData,Land,Natural Farming Practices,measure,,,,float64,100.0,442,100.0,,PMDS (Pre-Monsoon Dry Sowing) extent
ryss,pmdsExtent2023_24_UpdatedData,Land,Natural Farming Practices,temporal_dim,,,,str,100.0,538,0.0,Land column holding ISO dates (100.0% parse) - re-roled to temporal,PMDS (Pre-Monsoon Dry Sowing) extent
ryss,pmdsExtent2024_25,Land,Natural Farming Practices,measure,,,,float64,100.0,422,100.0,,PMDS (Pre-Monsoon Dry Sowing) extent
ryss,pmds_extent202324_pre_populated_data,Land,Natural Farming Practices,measure,,,,float64,100.0,437,100.0,,PMDS (Pre-Monsoon Dry Sowing) extent
ryss,pmds_extent202324_updated_data,Land,Natural Farming Practices,temporal_dim,,,,str,100.0,522,0.0,Land column holding ISO dates (100.0% parse) - re-roled to temporal,PMDS (Pre-Monsoon Dry Sowing) extent
ryss,pmds_extent202425,Land,Natural Farming Practices,measure,,,,float64,100.0,423,100.0,,PMDS (Pre-Monsoon Dry Sowing) extent
ryss,pmds_extent202425_pre_populated_data,Land,Natural Farming Practices,measure,,,,float64,100.0,433,100.0,,PMDS (Pre-Monsoon Dry Sowing) extent
ryss,pmds_extent202425_updated_data,Land,Natural Farming Practices,temporal_dim,,,,str,100.0,533,0.0,Land column holding ISO dates (100.0% parse) - re-roled to temporal,PMDS (Pre-Monsoon Dry Sowing) extent
ryss,pmds_extent202526,Land,Natural Farming Practices,measure,,,,float64,100.0,442,100.0,,PMDS (Pre-Monsoon Dry Sowing) extent
ryss,responseuomcode,Geography,General,dim,,,,float64,100.0,675,100.0,,Responseuomcode — RySS platform field
ryss,s2sExtent2023_24_PrePopulatedData,Land,Natural Farming Practices,measure,,,,float64,100.0,426,100.0,,S2S (Seed-to-Seed) extent
ryss,s2sExtent2023_24_UpdatedData,Land,Natural Farming Practices,temporal_dim,,,,str,100.0,547,0.0,Land column holding ISO dates (100.0% parse) - re-roled to temporal,S2S (Seed-to-Seed) extent
ryss,s2sExtent2024_25,Land,Natural Farming Practices,measure,,,,float64,100.0,427,100.0,,S2S (Seed-to-Seed) extent
ryss,s2s_extent202324_pre_populated_data,Land,Natural Farming Practices,measure,,,,float64,100.0,408,100.0,,S2S (Seed-to-Seed) extent
ryss,s2s_extent202324_updated_data,Land,Natural Farming Practices,temporal_dim,,,,str,100.0,532,0.0,Land column holding ISO dates (100.0% parse) - re-roled to temporal,S2S (Seed-to-Seed) extent
ryss,s2s_extent202425,Land,Natural Farming Practices,measure,,,,float64,100.0,427,100.0,,S2S (Seed-to-Seed) extent
ryss,s2s_extent202425_pre_populated_data,Land,Natural Farming Practices,measure,,,,float64,100.0,444,100.0,,S2S (Seed-to-Seed) extent
ryss,s2s_extent202425_updated_data,Land,Natural Farming Practices,temporal_dim,,,,str,100.0,550,0.0,Land column holding ISO dates (100.0% parse) - re-roled to temporal,S2S (Seed-to-Seed) extent
ryss,s2s_extent202526,Land,Natural Farming Practices,measure,,,,float64,100.0,450,100.0,,S2S (Seed-to-Seed) extent
ryss,schedule_status,Status,Status/Flags,dim,,,,str,100.0,3,0.0,,Status field
ryss,season,Crop/Activity,General,dim,,,,str,100.0,2,0.0,,Time period field
ryss,seed_variety,Crop/Activity,Crop/Agriculture,dim,,,,str,100.0,10,0.0,,Seed Variety — RySS platform field
ryss,state,Geography,Geographic,dim,,,,str,100.0,1,0.0,,State
ryss,status,Status,Status/Flags,dim,,,,str,100.0,3,0.0,,Status field
ryss,status_of_result,Status,Status/Flags,dim,,,,str,100.0,3,0.0,,Status field
ryss,totalLandExtent,Land,Land/Acreage,measure,,,,float64,100.0,397,100.0,,Total acreage/extent
ryss,total_land_extent_24_25,Land,Land/Acreage,measure,,,,float64,100.0,435,100.0,,Total acreage/extent
ryss,total_quantity_id,Produce/Qty,General,measure,,,,int64,100.0,120,100.0,,Identifier/reference key
ryss,usable_quantity_id,Produce/Qty,General,measure,,,,int64,100.0,120,100.0,,Identifier/reference key
ryss,value,Benefit/Amount,General,measure,,,,float64,100.0,684,100.0,,Value — RySS platform field
ryss,village,Geography,Farmer/Person Identity,dim,,,,str,100.0,42,0.0,,Village name
ryss,weight,Produce/Qty,General,measure,,,,int64,100.0,120,100.0,,Weight — RySS platform field
sericulture,AadharCardNo,Identity,Farmer Identity,excluded_pii,,,,str,100.0,666,100.0,Identity: personal identifier,Aadhaar card number
sericulture,Aadhar_No,Identity,Farmer Identity,excluded_pii,,,,str,100.0,666,100.0,Identity: personal identifier,Aadhaar number
sericulture,Account_No,Bank/DBT,Banking,excluded_bank,,,,str,100.0,664,100.0,Bank/DBT group — payment-instrument PII,Bank account number
sericulture,Amount,Benefit/Amount,Transaction/Payment,measure,,,,float64,100.0,666,100.0,,Amount (INR)
sericulture,Area,Land,Geographic,measure,landholding,acres,view1_scheme_benefits,float64,100.0,393,100.0,,Area (acres under mulberry cultivation)
sericulture,Challan_Amount,Benefit/Amount,Transaction/Payment,measure,,,,int64,100.0,627,100.0,,Challan/payment amount
sericulture,Cocoon_Qty,Produce/Qty,Cocoon/Silkworm,measure,,,,float64,100.0,660,100.0,,Cocoon quantity (kg)
sericulture,CratesWeight,Produce/Qty,Cocoon/Silkworm,measure,,,,int64,100.0,119,100.0,,Weight of crates
sericulture,DIST_CODE,Geography,General,dim,district,,view1_scheme_benefits,int64,100.0,13,100.0,,District code
sericulture,Eligibility,Status,General,dim,,,,str,100.0,10,0.0,,Eligibility criteria
sericulture,Eligible_Amount,Benefit/Amount,Transaction/Payment,measure,,,,float64,100.0,666,100.0,,Eligible incentive amount
sericulture,FarmerAadhar_Card,Identity,Farmer Identity,excluded_pii,,,,str,100.0,666,100.0,Identity: personal identifier,Farmer Aadhaar card number
sericulture,Farmer_Name,Identity,Farmer Identity,excluded_pii,,,,str,100.0,394,0.0,Identity: personal identifier,Farmer name
sericulture,IFSC_Beneficiary_branchs_IFSC,Bank/DBT,Transaction/Payment,excluded_bank,,,,str,100.0,666,0.0,Bank/DBT group — payment-instrument PII,Beneficiary branch IFSC code
sericulture,IFSC_Code,Bank/DBT,Banking,excluded_bank,,,,str,100.0,666,0.0,Bank/DBT group — payment-instrument PII,IFSC code
sericulture,IncentivePer_Kg,Benefit/Amount,Incentive/Scheme,measure,,,,int64,100.0,625,100.0,,Incentive per kg
sericulture,Incentive_BookNo,Benefit/Amount,Incentive/Scheme,measure,,,,int64,100.0,639,100.0,,Incentive book/voucher number
sericulture,Incentive_PerKg,Benefit/Amount,Incentive/Scheme,measure,,,,float64,100.0,535,100.0,,Incentive per kg of cocoons
sericulture,LotNet_Quantity,Produce/Qty,General,measure,,,,float64,100.0,660,100.0,,Lot net quantity (kg)
sericulture,MANDAL_REGION_ID,Geography,Geographic,dim,,,,int64,100.0,499,100.0,,Geographic field
sericulture,MANDAL_SAN_CODE,Geography,Geographic,dim,,,,int64,100.0,26,100.0,,Geographic field
sericulture,Mobile_No,Identity,Farmer Identity,excluded_pii,,,,str,100.0,666,100.0,Identity: personal identifier,Mobile number
sericulture,Net_Incentive,Benefit/Amount,Incentive/Scheme,measure,benefit,INR,view1_scheme_benefits,float64,100.0,666,100.0,,Net incentive amount
sericulture,NoOfDFLs,Produce/Qty,Cocoon/Silkworm,measure,,,,int64,100.0,364,100.0,,Number of DFLs (Disease-Free Layings)
sericulture,NoOf_DFLsBrushed,Produce/Qty,Cocoon/Silkworm,measure,,,,int64,100.0,364,100.0,,Silkworm/cocoon field
sericulture,Noof_DFLs,Produce/Qty,Cocoon/Silkworm,measure,,,,int64,100.0,364,100.0,,Number of DFLs
sericulture,QtyofCocoons_purchased,Produce/Qty,Cocoon/Silkworm,measure,,,,float64,100.0,660,100.0,,Quantity of cocoons purchased (kg)
sericulture,RationCard_No,Identity,Farmer Identity,excluded_pii,,,,str,100.0,666,0.0,Identity: personal identifier,Ration card number
sericulture,Ration_Type,Identity,Farmer Identity,dim,,,,str,100.0,2,0.0,,Ration card type (BPL/APL/AAY)
sericulture,Record_Status,Status,System/Audit,dim,,,,str,100.0,3,0.0,,Record active/deleted status
sericulture,ReqStatus,Status,General,dim,,,,str,100.0,3,0.0,,Auction request status
sericulture,Scheme,Crop/Activity,Incentive/Scheme,dim,,,,str,100.0,1,0.0,,Scheme name
sericulture,Scheme_Id,Crop/Activity,Incentive/Scheme,dim,,,,float64,100.0,665,100.0,,Scheme ID
sericulture,Sending_branch_IFSC,Bank/DBT,Transaction/Payment,excluded_bank,,,,str,100.0,666,0.0,Bank/DBT group — payment-instrument PII,Sending branch IFSC code
sericulture,Sex,Identity,Farmer Identity,dim,,,view1_scheme_benefits,str,100.0,2,0.0,sericulture's gender column (no `gender`/`Gender` column exists here),Gender
sericulture,State_Name,Geography,Geographic,dim,,,,str,100.0,1,0.0,,State name
sericulture,Transaction_Amount,Benefit/Amount,Transaction/Payment,measure,,,,float64,100.0,666,100.0,,Transaction amount (INR)
sericulture,Transaction_Status,Status,Transaction/Payment,dim,,,,str,100.0,3,0.0,,Transaction status
sericulture,VILLAGE_CODE,Geography,Geographic,dim,,,,int64,100.0,42,100.0,,Village code
sericulture,VILLAGE_DIST_ID,Geography,Geographic,dim,,,,int64,100.0,11,100.0,,Geographic field
sericulture,VILLAGE_MANDAL_CODE,Geography,Geographic,dim,,,,int64,100.0,477,100.0,,Geographic field
sericulture,VILLAGE_MANDAL_ID,Geography,Geographic,dim,,,,int64,100.0,482,100.0,,Geographic field
sericulture,VILLAGE_VC_NAME,Geography,Geographic,dim,,,,str,100.0,42,0.0,,Geographic field
sericulture,VILLAGE_VS_VC,Geography,Geographic,dim,,,,str,100.0,42,0.0,,Geographic field
sericulture,Virtual_Account,Bank/DBT,Transaction/Payment,excluded_bank,,,,str,100.0,664,100.0,Bank/DBT group — payment-instrument PII,Virtual account number
sericulture,Virtual_Account_Number,Bank/DBT,Transaction/Payment,excluded_bank,,,,str,100.0,664,100.0,Bank/DBT group — payment-instrument PII,Virtual account number
sericulture,WeightOfCrates,Produce/Qty,Cocoon/Silkworm,measure,,,,int64,100.0,119,100.0,,Weight of empty crates
sericulture,Weight_PerKg,Produce/Qty,Cocoon/Silkworm,measure,,,,int64,100.0,119,100.0,,Weight per kg rate
sericulture,aadhaar_no,Identity,Farmer Identity,key_aadhaar,aadhaar,,view1_scheme_benefits,str,100.0,666,100.0,,Aadhaar number
sericulture,beneficiary_customer_ac_name,Identity,Transaction/Payment,excluded_pii,,,,str,100.0,394,0.0,Identity: personal identifier,Beneficiary account holder name
sericulture,check_status,Status,General,dim,,,,str,100.0,3,0.0,,Check/verification status
sericulture,dist_mandal_code,Geography,Geographic,dim,,,,int64,100.0,26,100.0,,Geographic field
sericulture,mandal_code,Geography,Geographic,dim,,,,int64,100.0,26,100.0,,Mandal code
sericulture,mandal_dist_id,Geography,Geographic,dim,,,,int64,100.0,11,100.0,,Geographic field
sericulture,mandal_vc_name,Geography,Geographic,dim,,,,str,100.0,26,0.0,,Geographic field
sericulture,mandal_vs_mc,Geography,Geographic,dim,,,,str,100.0,26,0.0,,Geographic field
sericulture,mobile_number,Identity,Farmer Identity,excluded_pii,,,,str,100.0,666,100.0,Identity: personal identifier,Mobile number
sericulture,name,Identity,General,excluded_pii,,,,str,100.0,394,0.0,Identity: personal identifier,Name — Sericulture operational field
sericulture,net_weight,Produce/Qty,Cocoon/Silkworm,measure,,,,float64,100.0,660,100.0,,Net cocoon weight (kg)
sericulture,panchayat_name,Geography,Geographic,dim,,,,str,100.0,42,0.0,,Panchayat name
sericulture,phonecode,Identity,General,excluded_pii,,,,int64,100.0,490,100.0,Identity: personal identifier,Contact field
sericulture,status,Status,General,dim,status,,view1_scheme_benefits,str,100.0,3,0.0,,Status
survey_land_records,Name,Identity,General,excluded_pii,,,,str,100.0,446,0.0,Identity: personal identifier,Name — Bhunaksha field
survey_land_records,appl_rejectionstatus,Status,Workflow/Approval,dim,,,,str,100.0,1,0.0,,Appl Rejectionstatus — Bhunaksha field
survey_land_records,applicant_name,Identity,Owner/Applicant,excluded_pii,,,,str,100.0,446,0.0,Identity: personal identifier,Name of the applicant requesting survey operation
survey_land_records,approved,Status,Workflow/Approval,dim,,,,str,100.0,2,0.0,,Whether approved (boolean)
survey_land_records,approved_by,Status,Workflow/Approval,dim,,,,str,100.0,10,0.0,,Approved by (officer name/ID)
survey_land_records,approvedby,Status,Workflow/Approval,dim,,,,str,100.0,10,0.0,,Approvedby — Bhunaksha field
survey_land_records,approvedbysign,Status,Workflow/Approval,dim,,,,str,100.0,10,0.0,,Approvedbysign — Bhunaksha field
survey_land_records,approveddate,Status,Workflow/Approval,dim,,,,str,100.0,738,0.0,,Date of approval
survey_land_records,area,Land,Area/Measurement,measure,,,,float64,100.0,494,100.0,,Area measurement
survey_land_records,category_code,Identity,General,dim,,,,str,100.0,4,0.0,,Category Code — Bhunaksha field
survey_land_records,category_title,Identity,General,dim,caste,,,str,100.0,4,0.0,,Category Title — Bhunaksha field
survey_land_records,census_village,Geography,Geographic,dim,,,,str,100.0,44,0.0,,Census village code
survey_land_records,current_status,Status,Workflow/Approval,dim,status,,,str,100.0,3,0.0,,Current workflow status
survey_land_records,dios_approvedate,Status,Workflow/Approval,dim,,,,str,100.0,743,0.0,,Dios Approvedate — Bhunaksha field
survey_land_records,dist_code,Geography,Geographic,dim,,,,int64,100.0,13,100.0,,District code (LGD/Census/State code)
survey_land_records,dist_name,Geography,Geographic,dim,district,,,str,100.0,13,0.0,,District name
survey_land_records,dist_name_en,Geography,Geographic,dim,,,,str,100.0,13,0.0,,District name en
survey_land_records,dist_name_tl,Geography,Geographic,dim,,,,str,100.0,9,0.0,,District name tl
survey_land_records,dist_status,Status,Geographic,dim,,,,str,100.0,3,0.0,,District status
survey_land_records,district,Geography,Geographic,dim,,,,str,100.0,13,0.0,,District name
survey_land_records,district_name,Geography,Geographic,dim,,,,str,100.0,13,0.0,,District name
survey_land_records,districtcode,Geography,Geographic,dim,,,,int64,100.0,13,100.0,,Districtcode — Bhunaksha field
survey_land_records,eng_village_name,Geography,Geographic,dim,,,,str,100.0,44,0.0,,Eng Village Name — Bhunaksha field
survey_land_records,extent,Land,Area/Measurement,measure,landholding,acres,view8_land_integrity,float64,100.0,494,100.0,recorded land in acres; the denominator of the declared-vs-recorded ratio,Extent/area of land (in acres/hectares/guntas)
survey_land_records,extent_villageboundary,Geography,Area/Measurement,dim,,,,str,100.0,44,0.0,,Extent Villageboundary — Bhunaksha field
survey_land_records,fmbstatus,Status,Workflow/Approval,dim,,,,str,100.0,3,0.0,,Fmbstatus — Bhunaksha field
survey_land_records,gswsupdatestatus,Status,Workflow/Approval,dim,,,,str,100.0,743,0.0,,Gswsupdatestatus — Bhunaksha field
survey_land_records,juristiction_mandals,Geography,Geographic,dim,,,,str,100.0,26,0.0,,Juristiction Mandals — Bhunaksha field
survey_land_records,khasramap_status,Land,Workflow/Approval,dim,,,,str,100.0,3,0.0,Land column holding a 3-value categorical (0.0% numeric) - re-roled to dim,Khasra map digitization/correction status
survey_land_records,khata_no,Land,Land Parcel Identity,key_khata,,,view8_land_integrity,str,100.0,1100,100.0,"1:1 with pm_kisan.khata_no on this drop (1,100 of 1,100, villages agree 100%). Real khata is village-scoped and m:n - see the view description.",Khata number (Pattadar passbook number — links to Webland 1-B)
survey_land_records,khatano,Land,Land Parcel Identity,measure,,,,str,100.0,1100,100.0,,Khatano — Bhunaksha field
survey_land_records,lpm_extent,Land,Area/Measurement,measure,,,,float64,100.0,494,100.0,,Lpm Extent — Bhunaksha field
survey_land_records,lpmhistorymodulestatus,Status,Workflow/Approval,dim,,,,str,100.0,3,0.0,,Lpmhistorymodulestatus — Bhunaksha field
survey_land_records,mandal,Geography,Geographic,dim,,,,str,100.0,26,0.0,,Mandal name
survey_land_records,mandal_code,Geography,Geographic,dim,,,,int64,100.0,26,100.0,,Mandal code
survey_land_records,mandal_name,Geography,Geographic,dim,,,,str,100.0,26,0.0,,Mandal name
survey_land_records,mandalcode,Geography,Geographic,dim,,,,int64,100.0,26,100.0,,Mandalcode — Bhunaksha field
survey_land_records,mobile_no,Identity,General,excluded_pii,,,,str,100.0,1100,100.0,Identity: personal identifier,Mobile No — Bhunaksha field
survey_land_records,mobileno,Identity,Owner/Applicant,excluded_pii,,,,str,100.0,1100,100.0,Identity: personal identifier,Mobile number of applicant/officer
survey_land_records,newextent,Land,Area/Measurement,measure,,,,float64,100.0,494,100.0,,Newextent — Bhunaksha field
survey_land_records,operation_type,Identity,General,dim,,,,str,100.0,1,0.0,,Operation Type — Bhunaksha field
survey_land_records,pattadar_name,Identity,General,excluded_pii,,,,str,100.0,446,0.0,Identity: personal identifier,Pattadar Name — Bhunaksha field
survey_land_records,pattadar_relation_name,Identity,General,excluded_pii,,,,str,100.0,36,0.0,Identity: personal identifier,Pattadar Relation Name — Bhunaksha field
survey_land_records,pattadarname,Identity,General,excluded_pii,,,,str,100.0,446,0.0,Identity: personal identifier,Pattadarname — Bhunaksha field
survey_land_records,pattadarrelationname,Identity,General,excluded_pii,,,,str,100.0,36,0.0,Identity: personal identifier,Pattadarrelationname — Bhunaksha field
survey_land_records,plot_id,Land,General,measure,,,,float64,100.0,1093,100.0,,Plot Id — Bhunaksha field
survey_land_records,plot_no,Land,Land Parcel Identity,measure,,,,str,100.0,1100,100.0,,Plot/sub-division number within a survey number
survey_land_records,plotid,Land,General,dim,,,,str,100.0,10,0.0,Land column holding a 10-value categorical (0.0% numeric) - re-roled to dim,Plotid — Bhunaksha field
survey_land_records,plotmax,Land,General,measure,,,,int64,100.0,628,100.0,,Plotmax — Bhunaksha field
survey_land_records,plotmaxupdate,Land,General,temporal_dim,,,,str,100.0,737,0.0,Land column holding ISO dates (100.0% parse) - re-roled to temporal,Plotmaxupdate — Bhunaksha field
survey_land_records,plotno,Land,General,measure,,,,str,100.0,1100,100.0,,Plotno — Bhunaksha field
survey_land_records,postingstatus,Status,Workflow/Approval,dim,,,,str,100.0,3,0.0,,Postingstatus — Bhunaksha field
survey_land_records,privatestatus,Status,Workflow/Approval,dim,,,,str,100.0,3,0.0,,Privatestatus — Bhunaksha field
survey_land_records,rejected_by,Status,General,dim,,,,str,100.0,10,0.0,,Rejected By — Bhunaksha field
survey_land_records,rejection_status,Status,Workflow/Approval,dim,,,,str,100.0,1,0.0,,Rejection Status — Bhunaksha field
survey_land_records,status,Status,Workflow/Approval,dim,,,,str,100.0,3,0.0,,Current processing status
survey_land_records,statusmsg,Status,Workflow/Approval,dim,,,,str,100.0,3,0.0,,Statusmsg — Bhunaksha field
survey_land_records,surveyno,Land,Land Parcel Identity,excluded_nonnumeric,,,,str,100.0,1100,0.0,Land column only 0.0% numeric - not usable as a measure,Survey number (unique within village — primary land identifier)
survey_land_records,totalextent,Land,Area/Measurement,measure,,,,float64,100.0,494,100.0,,Total extent of land in the survey number
survey_land_records,totalplots_layout,Land,General,measure,,,,float64,100.0,1097,100.0,,Totalplots Layout — Bhunaksha field
survey_land_records,ulpin_generation_date,Identity,Land Parcel Identity,excluded_pii,,,,str,100.0,506,0.0,Identity: not a demographic attribute,Date when ULPIN was generated for this parcel
survey_land_records,value,Benefit/Amount,General,measure,,,,float64,100.0,1100,100.0,,Value — Bhunaksha field
survey_land_records,village,Geography,Geographic,dim,,,,str,100.0,44,0.0,,Village name
survey_land_records,village_code,Geography,Geographic,dim,,,,int64,100.0,44,100.0,,Village code
survey_land_records,village_code_list,Geography,Geographic,dim,,,,int64,100.0,1094,100.0,,Village Code List — Bhunaksha field
survey_land_records,village_en,Geography,Geographic,dim,,,,str,100.0,44,0.0,,Village En — Bhunaksha field
survey_land_records,village_hi,Geography,Geographic,dim,,,,str,100.0,10,0.0,,Village Hi — Bhunaksha field
survey_land_records,village_name,Geography,Geographic,dim,,,,str,100.0,44,0.0,,Village name
survey_land_records,village_secretariatname,Geography,Geographic,dim,,,,str,100.0,10,0.0,,Village Secretariat name (GSWS sachivalayam)
survey_land_records,villagecode,Geography,Geographic,dim,,,,int64,100.0,44,100.0,,Village code (census/revenue)
survey_land_records,villagetype,Geography,Geographic,dim,,,,str,100.0,1,0.0,,Villagetype — Bhunaksha field
survey_land_records,weblandaftersubdivisionstatus,Status,Webland Integration,dim,,,,str,100.0,3,0.0,,Status of post-subdivision sync with Webland
survey_land_records,weblandapplicationstatus,Status,Webland Integration,dim,,,,str,100.0,3,0.0,,Application processing status in Webland
survey_land_records,weblandapplicationstatusmsg,Status,Webland Integration,dim,,,,str,100.0,3,0.0,,Webland integration field — applicationstatusmsg
survey_land_records,weblandapplstatus,Status,Webland Integration,dim,,,,str,100.0,3,0.0,,Webland integration field — applstatus
survey_land_records,weblandapplstatusmsg,Status,Webland Integration,dim,,,,str,100.0,3,0.0,,Webland integration field — applstatusmsg
survey_land_records,weblandapprovedate,Status,Webland Integration,dim,,,,str,100.0,740,0.0,,Webland integration field — approvedate
survey_land_records,weblandkhatano,Land,Land Parcel Identity,measure,,,,str,100.0,1100,100.0,,Khata number from Webland (for cross-verification)
survey_land_records,weblandmutationrejectstatus,Status,Webland Integration,dim,,,,str,100.0,3,0.0,,Webland integration field — mutationrejectstatus
survey_land_records,weblandmutationstatus,Status,Webland Integration,dim,,,,str,100.0,3,0.0,,Mutation status in Webland system
survey_land_records,weblandupdatestatus,Status,Webland Integration,dim,,,,str,100.0,726,0.0,,Webland integration field — updatestatus
survey_land_records,weblandupdatestatusmsg,Status,Webland Integration,dim,,,,str,100.0,755,0.0,,Webland integration field — updatestatusmsg
