activity_code,is_delegated,delegated_unit_code,delegated_unit_type,delegated_unit_level,delegated_unit_category,is_shareable,delegated_parent_unit_code
44434680,,,,,,,
44434714,,,,,,,
50378089,,,,,,,
50385378,,,,,,,
50386322,,,,,,,
50509169,,,,,,,
50518845,,,,,,,
50518944,,,,,,,
50384996,,,,,,,
44434227,,,,,,,
44434249,,,,,,,
44434288,,,,,,,
44434332,,,,,,,
44434352,,,,,,,
44434533,,,,,,,
44434659,,,,,,,
44434698,,,,,,,
44434871,,,,,,,
44434893,,,,,,,
50378563,,,,,,,
50378946,,,,,,,
50379473,,,,,,,
50379756,,,,,,,
50380045,,,,,,,
50380394,,,,,,,
50380631,,,,,,,
50380926,,,,,,,
50385180,,,,,,,
50385618,,,,,,,
50386093,,,,,,,
50386577,,,,,,,
50386819,,,,,,,
44434317,,,,,,,
44434761,,,,,,,
44434774,,,,,,,
44434793,,,,,,,
44434810,,,,,,,
44434838,,,,,,,
48702295,,,,,,,
48702608,,,,,,,
48945030,,,,,,,
48945227,,,,,,,
48945351,,,,,,,
48945423,,,,,,,
48945521,,,,,,,
48945604,,,,,,,
48945928,,,,,,,
48946946,,,,,,,
48947039,,,,,,,
48947102,,,,,,,
48947241,,,,,,,
48947511,,,,,,,
65640900,,,,,,False,
65647782,,,,,,False,
65647815,,,,,,False,
65647846,,,,,,False,
65647886,,,,,,False,
65647910,,,,,,False,
61656325,,,,,,,
61688546,,,,,,,
65640607,,,,,,False,
65640647,,,,,,False,
65640676,,,,,,False,
65640722,,,,,,False,
65640793,,,,,,False,
65640848,,,,,,False,
65647203,,,,,,False,
65647221,,,,,,False,
65647242,,,,,,False,
65647344,,,,,,False,
65647385,,,,,,False,
65647681,,,,,,False,
65647752,,,,,,False,
61654298,,,,,,,
61654557,,,,,,,
61654669,,,,,,,
61654792,,,,,,,
61655118,,,,,,,
61655334,,,,,,,
61655498,,,,,,,
61655596,,,,,,,
61655695,,,,,,,
61655898,,,,,,,
61655986,,,,,,,
61656092,,,,,,,
61656211,,,,,,,
61688040,,,,,,,
61688279,,,,,,,
61688421,,,,,,,
76539130,,,,,,False,
76542190,,,,,,False,
76548470,,,,,,False,
76550258,,,,,,False,
76551891,,,,,,False,
76554062,,,,,,False,
76555011,,,,,,False,
76557886,,,,,,False,
76561252,,,,,,False,
76562522,,,,,,False,
76565463,,,,,,False,
76567063,,,,,,False,
76571285,,,,,,False,
76574548,,,,,,False,
76576762,,,,,,False,
76577989,,,,,,False,
76580508,,,,,,False,
76584143,,,,,,False,
76586385,,,,,,False,
76588405,,,,,,False,
76589351,,,,,,False,
77018625,,,,,,False,
77021336,,,,,,False,
77022717,,,,,,False,
77222350,,,,,,False,
77222608,,,,,,False,
77222875,,,,,,False,
77223125,,,,,,False,
77223383,,,,,,False,
77223574,,,,,,False,
77223791,,,,,,False,
77224006,,,,,,False,
77224210,,,,,,False,
77224356,,,,,,False,
77224535,,,,,,False,
77224699,,,,,,False,
77224867,,,,,,False,
77225186,,,,,,False,
77225410,,,,,,False,
77225635,,,,,,False,
77225857,,,,,,False,
77226115,,,,,,False,
77226501,,,,,,False,
77226704,,,,,,False,
77226937,,,,,,False,
77227161,,,,,,False,
77227462,,,,,,False,
77227817,,,,,,False,
77228026,,,,,,False,
77285748,,,,,,False,
77286839,,,,,,False,
77287395,,,,,,False,
77288249,,,,,,False,
77290116,,,,,,False,
77291194,,,,,,False,
77294180,,,,,,False,
77296197,,,,,,False,
77297658,,,,,,False,
77298704,,,,,,False,
77300044,,,,,,False,
77572957,,,,,,False,
77573393,,,,,,False,
77574093,,,,,,False,
77574393,,,,,,False,
77575302,,,,,,False,
77575533,,,,,,False,
77575718,,,,,,False,
77575994,,,,,,False,
77576148,,,,,,False,
77576384,,,,,,False,
77576594,,,,,,False,
77576765,,,,,,False,
77576947,,,,,,False,
77577772,,,,,,False,
77578031,,,,,,False,
77578862,,,,,,False,
77581288,,,,,,False,
78483302,,,,,,False,
78483678,,,,,,False,
78484531,,,,,,False,
78484900,,,,,,False,
78485217,,,,,,False,
78486028,,,,,,False,
78486703,,,,,,False,
78487136,,,,,,False,
78487683,,,,,,False,
78488329,,,,,,False,
78488734,,,,,,False,
78489048,,,,,,False,
78489349,,,,,,False,
78489962,,,,,,False,
78490332,,,,,,False,
78490914,,,,,,False,
78491379,,,,,,False,
78491636,,,,,,False,
78491930,,,,,,False,
78492222,,,,,,False,
79107803,,,,,,False,
79108625,,,,,,False,
79109324,,,,,,False,
79109779,,,,,,False,
79110162,,,,,,False,
79111411,,,,,,False,
79112158,,,,,,False,
79112732,,,,,,False,
79113767,,,,,,False,
79115307,,,,,,False,
79115979,,,,,,False,
79116494,,,,,,False,
79116825,,,,,,False,
79117239,,,,,,False,
79117799,,,,,,False,
79118322,,,,,,False,
79119341,,,,,,False,
79120344,,,,,,False,
79120770,,,,,,False,
79122176,,,,,,False,
79122770,,,,,,False,
79123435,,,,,,False,
79123919,,,,,,False,
79132821,,,,,,False,
79133246,,,,,,False,
79134272,,,,,,False,
79135404,,,,,,False,
79136040,,,,,,False,
79136675,,,,,,False,
79137185,,,,,,False,
79137833,,,,,,False,
79138279,,,,,,False,
79139486,,,,,,False,
79140259,,,,,,False,
79141676,,,,,,False,
79142084,,,,,,False,
79142524,,,,,,False,
79142876,,,,,,False,
79144076,,,,,,False,
79144423,,,,,,False,
79144908,,,,,,False,
79145679,,,,,,False,
79145930,,,,,,False,
79146194,,,,,,False,
79146537,,,,,,False,
79146926,,,,,,False,
81807728,,,,,,False,
81810184,,,,,,False,
81810563,,,,,,False,
81812326,,,,,,False,
81928022,,,,,,False,
81958083,,,,,,False,
82693845,,,,,,False,
82721199,,,,,,False,
82726253,,,,,,False,
82730562,,,,,,False,
82734648,,,,,,False,
82735058,,,,,,False,
82736399,,,,,,False,
82736902,,,,,,False,
82737293,,,,,,False,
82737645,,,,,,False,
82743049,,,,,,False,
82743855,,,,,,False,
82746861,,,,,,False,
82747104,,,,,,False,
82747601,,,,,,False,
82748084,,,,,,False,
82748924,,,,,,False,
82749303,,,,,,False,
82756563,,,,,,False,
82759348,,,,,,False,
82761428,,,,,,False,
82762410,,,,,,False,
82762912,,,,,,False,
82844937,,,,,,False,
82845314,,,,,,False,
82845756,,,,,,False,
82846120,,,,,,False,
82846674,,,,,,False,
82847128,,,,,,False,
82847548,,,,,,False,
82848050,,,,,,False,
82848492,,,,,,False,
82849013,,,,,,False,
82849591,,,,,,False,
82850100,,,,,,False,
82854313,,,,,,False,
82855060,,,,,,False,
82856129,,,,,,False,
82856804,,,,,,False,
82858974,,,,,,False,
82860681,,,,,,False,
82863014,,,,,,False,
82863341,,,,,,False,
82863764,,,,,,False,
82865214,,,,,,False,
99170258,,,,,,False,
127245884,,,,,,False,
128340982,,,,,,False,
81809079,,,,,,False,
81954553,,,,,,False,
81955225,,,,,,False,
81957492,,,,,,False,
82688276,,,,,,False,
82753880,,,,,,False,
82755183,,,,,,False,
82758183,,,,,,False,
127245789,,,,,,False,
128251100,,,,,,False,
128340688,,,,,,False,
81956350,,,,,,False,
82716369,,,,,,False,
82753455,,,,,,False,
128251061,,,,,,False,
98422720,,,,,,False,
98425797,,,,,,False,
98430111,,,,,,False,
98709086,,,,,,False,
98709782,,,,,,False,
98711268,,,,,,False,
98712559,,,,,,False,
98713514,,,,,,False,
98714237,,,,,,False,
98821199,,,,,,False,
98862927,,,,,,False,
98867753,,,,,,False,
98868735,,,,,,False,
98877149,,,,,,False,
98907959,,,,,,False,
98908373,,,,,,False,
98908854,,,,,,False,
98928593,,,,,,False,
98928912,,,,,,False,
98960870,,,,,,False,
98961370,,,,,,False,
98961695,,,,,,False,
98962460,,,,,,False,
98999190,,,,,,False,
99000124,,,,,,False,
99000859,,,,,,False,
99003684,,,,,,False,
99047624,,,,,,False,
99048588,,,,,,False,
99091690,,,,,,False,
99091819,,,,,,False,
99092203,,,,,,False,
99092469,,,,,,False,
99092851,,,,,,False,
99093066,,,,,,False,
99093182,,,,,,False,
99093383,,,,,,False,
99093559,,,,,,False,
99093727,,,,,,False,
99094346,,,,,,False,
99100599,,,,,,False,
99101094,,,,,,False,
99101505,,,,,,False,
99101653,,,,,,False,
99101797,,,,,,False,
99102108,,,,,,False,
99102280,,,,,,False,
99102767,,,,,,False,
99103410,,,,,,False,
99103562,,,,,,False,
99103744,,,,,,False,
99104582,,,,,,False,
99114129,,,,,,False,
99114350,,,,,,False,
99114616,,,,,,False,
99114858,,,,,,False,
99115123,,,,,,False,
99117034,,,,,,False,
99117043,,,,,,False,
99117399,,,,,,False,
99117448,,,,,,False,
99117836,,,,,,False,
99118546,,,,,,False,
99118774,,,,,,False,
99119062,,,,,,False,
99119264,,,,,,False,
99119487,,,,,,False,
99123094,,,,,,False,
99123602,,,,,,False,
99123643,,,,,,False,
99124178,,,,,,False,
99124607,,,,,,False,
99126974,,,,,,False,
99127279,,,,,,False,
99127497,,,,,,False,
99129574,,,,,,False,
99129919,,,,,,False,
99130444,,,,,,False,
99130651,,,,,,False,
99130848,,,,,,False,
99130880,,,,,,False,
99131172,,,,,,False,
99131233,,,,,,False,
99131586,,,,,,False,
99132114,,,,,,False,
99132163,,,,,,False,
99132389,,,,,,False,
99132745,,,,,,False,
99133081,,,,,,False,
99134131,,,,,,False,
99134395,,,,,,False,
99134687,,,,,,False,
99134957,,,,,,False,
99136943,,,,,,False,
99137203,,,,,,False,
99137546,,,,,,False,
99137881,,,,,,False,
99138141,,,,,,False,
99138474,,,,,,False,
99138729,,,,,,False,
99139067,,,,,,False,
99139244,,,,,,False,
99140345,,,,,,False,
99140612,,,,,,False,
99140843,,,,,,False,
99141059,,,,,,False,
99141307,,,,,,False,
99141563,,,,,,False,
99141860,,,,,,False,
99142802,,,,,,False,
99143047,,,,,,False,
99143316,,,,,,False,
99143570,,,,,,False,
99143848,,,,,,False,
99147941,,,,,,False,
99148270,,,,,,False,
99148510,,,,,,False,
99148796,,,,,,False,
99149143,,,,,,False,
99149353,,,,,,False,
99149579,,,,,,False,
99149822,,,,,,False,
99150102,,,,,,False,
99150325,,,,,,False,
99151305,,,,,,False,
99151583,,,,,,False,
99151786,,,,,,False,
99153463,,,,,,False,
99153690,,,,,,False,
99153897,,,,,,False,
99154112,,,,,,False,
99154268,,,,,,False,
99154396,,,,,,False,
99154602,,,,,,False,
99154844,,,,,,False,
99155061,,,,,,False,
99155406,,,,,,False,
99155688,,,,,,False,
99155909,,,,,,False,
99156222,,,,,,False,
99157000,,,,,,False,
99157309,,,,,,False,
99157528,,,,,,False,
99157709,,,,,,False,
99157734,,,,,,False,
99158041,,,,,,False,
99158262,,,,,,False,
99158476,,,,,,False,
99158485,,,,,,False,
99158762,,,,,,False,
99159409,,,,,,False,
99161020,,,,,,False,
99165245,,,,,,False,
99166065,,,,,,False,
99166514,,,,,,False,
99166568,,,,,,False,
99166738,,,,,,False,
99167524,,,,,,False,
99168155,,,,,,False,
99168686,,,,,,False,
99169405,,,,,,False,
99170001,,,,,,False,
99170025,,,,,,False,
99170505,,,,,,False,
99171004,,,,,,False,
99171437,,,,,,False,
99172128,,,,,,False,
99172165,,,,,,False,
99173351,,,,,,False,
99173354,,,,,,False,
99174043,,,,,,False,
99174123,,,,,,False,
99174719,,,,,,False,
99175277,,,,,,False,
99175437,,,,,,False,
99175723,,,,,,False,
99175870,,,,,,False,
99296131,,,,,,False,
99296321,,,,,,False,
99296634,,,,,,False,
99297022,,,,,,False,
99297265,,,,,,False,
99297462,,,,,,False,
99297803,,,,,,False,
99298148,,,,,,False,
99298421,,,,,,False,
99298687,,,,,,False,
99299128,,,,,,False,
99299331,,,,,,False,
99299507,,,,,,False,
99299685,,,,,,False,
99300423,,,,,,False,
99300642,,,,,,False,
99300892,,,,,,False,
99301048,,,,,,False,
99301402,,,,,,False,
99301553,,,,,,False,
99301716,,,,,,False,
99301852,,,,,,False,
99302032,,,,,,False,
105401496,,,,,,False,
105407992,,,,,,False,
105408347,,,,,,False,
105423899,,,,,,False,
105424779,,,,,,False,
105426088,,,,,,False,
105426514,,,,,,False,
105426875,,,,,,False,
105430118,,,,,,False,
105430373,,,,,,False,
105430924,,,,,,False,
105431441,,,,,,False,
105431625,,,,,,False,
105432042,,,,,,False,
105432466,,,,,,False,
105446740,,,,,,False,
128250807,,,,,,False,
128250915,,,,,,False,
128251376,,,,,,False,
105399201,,,,,,False,
105399843,,,,,,False,
105404519,,,,,,False,
105407657,,,,,,False,
105410403,,,,,,False,
105418828,,,,,,False,
105419399,,,,,,False,
105419843,,,,,,False,
105433602,,,,,,False,
105439238,,,,,,False,
105440256,,,,,,False,
105444928,,,,,,False,
105446314,,,,,,False,
105408633,,,,,,False,
114767147,,,,,,False,
114806516,,,,,,False,
117510409,,,,,,False,
117511439,,,,,,False,
117511873,,,,,,False,
117512223,,,,,,False,
117512869,,,,,,False,
117513183,,,,,,False,
117513478,,,,,,False,
117513812,,,,,,False,
117517849,,,,,,False,
117518728,,,,,,False,
117520150,,,,,,False,
117520529,,,,,,False,
117521031,,,,,,False,
117521549,,,,,,False,
118083720,,,,,,False,
118084245,,,,,,False,
118084694,,,,,,False,
118085954,,,,,,False,
118086239,,,,,,False,
118086854,,,,,,False,
118089139,,,,,,False,
118090284,,,,,,False,
118091579,,,,,,False,
118091935,,,,,,False,
118092244,,,,,,False,
118092603,,,,,,False,
118093154,,,,,,False,
118093720,,,,,,False,
118107403,,,,,,False,
118107609,,,,,,False,
118107700,,,,,,False,
118107770,,,,,,False,
118107806,,,,,,False,
118107855,,,,,,False,
118107881,,,,,,False,
118107909,,,,,,False,
118107922,,,,,,False,
118107933,,,,,,False,
118107956,,,,,,False,
118107976,,,,,,False,
118107989,,,,,,False,
118108002,,,,,,False,
118108061,,,,,,False,
118108083,,,,,,False,
118108098,,,,,,False,
118108115,,,,,,False,
118108142,,,,,,False,
118108191,,,,,,False,
118108203,,,,,,False,
118108221,,,,,,False,
118108249,,,,,,False,
118108264,,,,,,False,
118108279,,,,,,False,
118108293,,,,,,False,
118108299,,,,,,False,
118108307,,,,,,False,
118108316,,,,,,False,
118108331,,,,,,False,
118108355,,,,,,False,
118108364,,,,,,False,
118108383,,,,,,False,
118108401,,,,,,False,
118108422,,,,,,False,
118108439,,,,,,False,
118108455,,,,,,False,
118110236,,,,,,False,
118110342,,,,,,False,
118111030,,,,,,False,
118111138,,,,,,False,
118111248,,,,,,False,
118111340,,,,,,False,
118111442,,,,,,False,
118111864,,,,,,False,
118111991,,,,,,False,
118112121,,,,,,False,
118112307,,,,,,False,
118112568,,,,,,False,
118112881,,,,,,False,
118113354,,,,,,False,
118113580,,,,,,False,
118113701,,,,,,False,
118113870,,,,,,False,
118114115,,,,,,False,
118114528,,,,,,False,
118114652,,,,,,False,
118114786,,,,,,False,
118114897,,,,,,False,
118115029,,,,,,False,
118115240,,,,,,False,
118236444,,,,,,False,
118236621,,,,,,False,
118236842,,,,,,False,
118237451,,,,,,False,
118238361,,,,,,False,
118238622,,,,,,False,
118247028,,,,,,False,
118247192,,,,,,False,
118247260,,,,,,False,
119560604,,,,,,False,
119560858,,,,,,False,
119563452,,,,,,False,
119563680,,,,,,False,
119563920,,,,,,False,
119564296,,,,,,False,
119564546,,,,,,False,
119565093,,,,,,False,
119565261,,,,,,False,
119565421,,,,,,False,
119567133,,,,,,False,
119568049,,,,,,False,
119568219,,,,,,False,
119568383,,,,,,False,
119568554,,,,,,False,
119568786,,,,,,False,
119568946,,,,,,False,
119569165,,,,,,False,
119569399,,,,,,False,
119583960,,,,,,False,
119583984,,,,,,False,
119583997,,,,,,False,
119584006,,,,,,False,
119584044,,,,,,False,
119584070,,,,,,False,
119584088,,,,,,False,
119584098,,,,,,False,
119584117,,,,,,False,
119584133,,,,,,False,
119584154,,,,,,False,
119584162,,,,,,False,
119584168,,,,,,False,
119584181,,,,,,False,
119584188,,,,,,False,
120386265,,,,,,False,
120386319,,,,,,False,
120386748,,,,,,False,
120386777,,,,,,False,
120387060,,,,,,False,
120387109,,,,,,False,
120720939,,,,,,False,
120721071,,,,,,False,
120721179,,,,,,False,
120721595,,,,,,False,
120721909,,,,,,False,
120722017,,,,,,False,
120722835,,,,,,False,
120723046,,,,,,False,
120723667,,,,,,False,
120723785,,,,,,False,
120724102,,,,,,False,
120724227,,,,,,False,
120724421,,,,,,False,
121271632,,,,,,False,
121271646,,,,,,False,
121271655,,,,,,False,
121271672,,,,,,False,
121272792,,,,,,False,
121272834,,,,,,False,
121273214,,,,,,False,
121273258,,,,,,False,
121273310,,,,,,False,
121273434,,,,,,False,
121273502,,,,,,False,
121273533,,,,,,False,
121273572,,,,,,False,
121273603,,,,,,False,
121273640,,,,,,False,
121273673,,,,,,False,
121273703,,,,,,False,
121273739,,,,,,False,
121273796,,,,,,False,
121354878,,,,,,False,
121462383,,,,,,False,
121462688,,,,,,False,
121462884,,,,,,False,
121463059,,,,,,False,
121463253,,,,,,False,
121463452,,,,,,False,
121463644,,,,,,False,
121463811,,,,,,False,
121466578,,,,,,False,
121466765,,,,,,False,
121466987,,,,,,False,
121467166,,,,,,False,
121475974,,,,,,False,
121476138,,,,,,False,
121476349,,,,,,False,
121476531,,,,,,False,
121476699,,,,,,False,
121477030,,,,,,False,
121477219,,,,,,False,
121477395,,,,,,False,
121477581,,,,,,False,
121477744,,,,,,False,
121478042,,,,,,False,
121478233,,,,,,False,
121478502,,,,,,False,
121478706,,,,,,False,
121478881,,,,,,False,
121479069,,,,,,False,
121479310,,,,,,False,
122215550,,,,,,False,
122216579,,,,,,False,
122217944,,,,,,False,
122218511,,,,,,False,
122218795,,,,,,False,
122218966,,,,,,False,
122224954,,,,,,False,
122225397,,,,,,False,
122225876,,,,,,False,
122228522,,,,,,False,
122228761,,,,,,False,
122228876,,,,,,False,
122230024,,,,,,False,
122230126,,,,,,False,
122230446,,,,,,False,
122230575,,,,,,False,
122241525,,,,,,False,
122241625,,,,,,False,
122242097,,,,,,False,
122242381,,,,,,False,
122242676,,,,,,False,
122242768,,,,,,False,
122242914,,,,,,False,
122243030,,,,,,False,
127245361,,,,,,False,
128056993,,,,,,False,
122214980,,,,,,False,
122215204,,,,,,False,
122215410,,,,,,False,
122216772,,,,,,False,
122216991,,,,,,False,
122217691,,,,,,False,
122224718,,,,,,False,
122229535,,,,,,False,
122229651,,,,,,False,
122229799,,,,,,False,
122240109,,,,,,False,
127245330,,,,,,False,
128056968,,,,,,False,
122225160,,,,,,False,
122229161,,,,,,False,
44377691,,,,,,,
44378384,,,,,,,
46842718,,,,,,,
46861757,,,,,,,
46863243,,,,,,,
48283445,,,,,,,
44376521,,,,,,,
44377200,,,,,,,
44377555,,,,,,,
44378252,,,,,,,
46843604,,,,,,,
46851012,,,,,,,
46860396,,,,,,,
46860964,,,,,,,
46861339,,,,,,,
48281117,,,,,,,
48281283,,,,,,,
48281425,,,,,,,
44376713,,,,,,,
44376908,,,,,,,
44377348,,,,,,,
44377837,,,,,,,
44377958,,,,,,,
44378080,,,,,,,
44378515,,,,,,,
44378637,,,,,,,
44378727,,,,,,,
44378905,,,,,,,
48612920,,,,,,,
55735899,,,,,,,
55735975,,,,,,,
55736083,,,,,,,
55736204,,,,,,,
55736283,,,,,,,
55736361,,,,,,,
55736700,,,,,,,
55736812,,,,,,,
55736870,,,,,,,
55737761,,,,,,,
48584673,,,,,,,
48587836,,,,,,,
48588115,,,,,,,
48588415,,,,,,,
48588888,,,,,,,
48589178,,,,,,,
48589482,,,,,,,
55600860,,,,,,,
55601248,,,,,,,
48584377,,,,,,,
48584943,,,,,,,
48585211,,,,,,,
48585464,,,,,,,
48586944,,,,,,,
48587198,,,,,,,
48587405,,,,,,,
48587616,,,,,,,
65503145,,,,,,False,
65503237,,,,,,False,
65503444,,,,,,False,
65503546,,,,,,False,
65503646,,,,,,False,
65503808,,,,,,False,
65503898,,,,,,False,
65504538,,,,,,False,
61742558,,,,,,,
61742451,,,,,,,
61742455,,,,,,,
61742460,,,,,,,
61742469,,,,,,,
61742479,,,,,,,
61742490,,,,,,,
61742509,,,,,,,
61742520,,,,,,,
61742552,,,,,,,
61742562,,,,,,,
61742577,,,,,,,
61742586,,,,,,,
65502394,,,,,,False,
65502685,,,,,,False,
65502816,,,,,,False,
65503385,,,,,,False,
65503722,,,,,,False,
61742441,,,,,,,
61742503,,,,,,,
61742531,,,,,,,
61742539,,,,,,,
61742543,,,,,,,
61742592,,,,,,,
74908673,,,,,,False,
74909779,,,,,,False,
74910897,,,,,,False,
74912858,,,,,,False,
74913878,,,,,,False,
74915636,,,,,,False,
74916405,,,,,,False,
74917288,,,,,,False,
74919976,,,,,,False,
74922244,,,,,,False,
74924150,,,,,,False,
74925669,,,,,,False,
74926596,,,,,,False,
75325509,,,,,,False,
75327699,,,,,,False,
75328294,,,,,,False,
75329745,,,,,,False,
75332917,,,,,,False,
75334248,,,,,,False,
75334997,,,,,,False,
75673570,,,,,,False,
76852959,,,,,,False,
76855353,,,,,,False,
76857403,,,,,,False,
76860268,,,,,,False,
76861992,,,,,,False,
76863887,,,,,,False,
76870655,,,,,,False,
76872356,,,,,,False,
76873714,,,,,,False,
76874653,,,,,,False,
76875619,,,,,,False,
76876274,,,,,,False,
76877099,,,,,,False,
76877938,,,,,,False,
76878581,,,,,,False,
76879500,,,,,,False,
76880414,,,,,,False,
76882666,,,,,,False,
76887775,,,,,,False,
76888547,,,,,,False,
76965639,,,,,,False,
76966475,,,,,,False,
76966859,,,,,,False,
76968711,,,,,,False,
76969044,,,,,,False,
76969897,,,,,,False,
76970105,,,,,,False,
76972230,,,,,,False,
76975345,,,,,,False,
76976023,,,,,,False,
76976449,,,,,,False,
76976664,,,,,,False,
77267031,,,,,,False,
77275560,,,,,,False,
77276752,,,,,,False,
77278142,,,,,,False,
77278423,,,,,,False,
77279910,,,,,,False,
77280263,,,,,,False,
77280739,,,,,,False,
78491116,,,,,,False,
78491476,,,,,,False,
78491998,,,,,,False,
78492333,,,,,,False,
78492814,,,,,,False,
78493897,,,,,,False,
78494126,,,,,,False,
78494502,,,,,,False,
78495236,,,,,,False,
78495596,,,,,,False,
78496071,,,,,,False,
78496458,,,,,,False,
78496705,,,,,,False,
78497072,,,,,,False,
78497365,,,,,,False,
78497945,,,,,,False,
78498113,,,,,,False,
78498439,,,,,,False,
78498722,,,,,,False,
78499068,,,,,,False,
78499277,,,,,,False,
78499712,,,,,,False,
78500014,,,,,,False,
78500161,,,,,,False,
78500556,,,,,,False,
80029130,,,,,,False,
80029215,,,,,,False,
80029295,,,,,,False,
80029373,,,,,,False,
80029450,,,,,,False,
80029521,,,,,,False,
80029599,,,,,,False,
80029705,,,,,,False,
80029763,,,,,,False,
80029851,,,,,,False,
80031828,,,,,,False,
80032043,,,,,,False,
80032155,,,,,,False,
80032278,,,,,,False,
80032460,,,,,,False,
80032683,,,,,,False,
80032770,,,,,,False,
80032875,,,,,,False,
80032978,,,,,,False,
80033118,,,,,,False,
80033273,,,,,,False,
80033382,,,,,,False,
80033493,,,,,,False,
80033581,,,,,,False,
80033964,,,,,,False,
80034110,,,,,,False,
80034230,,,,,,False,
80034351,,,,,,False,
80034472,,,,,,False,
80034601,,,,,,False,
80034782,,,,,,False,
80034899,,,,,,False,
80035027,,,,,,False,
80035169,,,,,,False,
80035309,,,,,,False,
80035573,,,,,,False,
80035696,,,,,,False,
80036583,,,,,,False,
80036725,,,,,,False,
80036858,,,,,,False,
80037138,,,,,,False,
80037280,,,,,,False,
80037394,,,,,,False,
80037562,,,,,,False,
80037707,,,,,,False,
80037816,,,,,,False,
80037937,,,,,,False,
80038053,,,,,,False,
80038175,,,,,,False,
80038292,,,,,,False,
80038923,,,,,,False,
80039042,,,,,,False,
80039247,,,,,,False,
80039350,,,,,,False,
80039631,,,,,,False,
80039796,,,,,,False,
80040296,,,,,,False,
80040602,,,,,,False,
80040857,,,,,,False,
80041149,,,,,,False,
80041298,,,,,,False,
80041520,,,,,,False,
80041773,,,,,,False,
80041901,,,,,,False,
80042050,,,,,,False,
80042363,,,,,,False,
80042571,,,,,,False,
80042777,,,,,,False,
80043019,,,,,,False,
80043322,,,,,,False,
80043486,,,,,,False,
80043848,,,,,,False,
80044000,,,,,,False,
80044147,,,,,,False,
80044297,,,,,,False,
82332452,,,,,,False,
82422062,,,,,,False,
82422723,,,,,,False,
82423431,,,,,,False,
82426542,,,,,,False,
82634808,,,,,,False,
82635873,,,,,,False,
82635957,,,,,,False,
82636079,,,,,,False,
82636157,,,,,,False,
82636304,,,,,,False,
82636440,,,,,,False,
82637087,,,,,,False,
82637301,,,,,,False,
82637472,,,,,,False,
82638384,,,,,,False,
82659842,,,,,,False,
82660108,,,,,,False,
82660418,,,,,,False,
82660853,,,,,,False,
82661167,,,,,,False,
82661663,,,,,,False,
82662136,,,,,,False,
82662474,,,,,,False,
82662776,,,,,,False,
82663413,,,,,,False,
82663835,,,,,,False,
82664463,,,,,,False,
82665665,,,,,,False,
82665984,,,,,,False,
82666890,,,,,,False,
82667203,,,,,,False,
82667552,,,,,,False,
82673809,,,,,,False,
82677145,,,,,,False,
82677973,,,,,,False,
82678656,,,,,,False,
82678967,,,,,,False,
82685815,,,,,,False,
82687519,,,,,,False,
82326947,,,,,,False,
82329217,,,,,,False,
82330506,,,,,,False,
82331651,,,,,,False,
82333030,,,,,,False,
82334659,,,,,,False,
82335953,,,,,,False,
82420634,,,,,,False,
82420944,,,,,,False,
82421319,,,,,,False,
82421627,,,,,,False,
82424820,,,,,,False,
82425252,,,,,,False,
82478543,,,,,,False,
82669742,,,,,,False,
82670995,,,,,,False,
82690608,,,,,,False,
98522195,,,,,,False,
98523402,,,,,,False,
98524117,,,,,,False,
98601893,,,,,,False,
98602531,,,,,,False,
98652970,,,,,,False,
98653285,,,,,,False,
98653541,,,,,,False,
98654085,,,,,,False,
98654551,,,,,,False,
98657681,,,,,,False,
98657983,,,,,,False,
98658397,,,,,,False,
98659153,,,,,,False,
98659482,,,,,,False,
98660313,,,,,,False,
98660600,,,,,,False,
98660983,,,,,,False,
98661496,,,,,,False,
98663047,,,,,,False,
98663463,,,,,,False,
98663674,,,,,,False,
98663908,,,,,,False,
98664348,,,,,,False,
98664539,,,,,,False,
98665231,,,,,,False,
98757856,,,,,,False,
98758406,,,,,,False,
98759287,,,,,,False,
98759763,,,,,,False,
98800437,,,,,,False,
98800979,,,,,,False,
98801289,,,,,,False,
98801766,,,,,,False,
98802030,,,,,,False,
98802943,,,,,,False,
98803234,,,,,,False,
98804078,,,,,,False,
98804580,,,,,,False,
98947339,,,,,,False,
98947848,,,,,,False,
98948013,,,,,,False,
98948791,,,,,,False,
98948905,,,,,,False,
98949031,,,,,,False,
98949375,,,,,,False,
98950127,,,,,,False,
98951156,,,,,,False,
98951302,,,,,,False,
98951481,,,,,,False,
98951607,,,,,,False,
98951926,,,,,,False,
98952100,,,,,,False,
98952323,,,,,,False,
98952531,,,,,,False,
98952648,,,,,,False,
98953131,,,,,,False,
98953313,,,,,,False,
98953474,,,,,,False,
98953602,,,,,,False,
98954388,,,,,,False,
98954536,,,,,,False,
98954756,,,,,,False,
98954940,,,,,,False,
98955089,,,,,,False,
98956498,,,,,,False,
98956806,,,,,,False,
99330791,,,,,,False,
99331109,,,,,,False,
99331361,,,,,,False,
99331520,,,,,,False,
99331689,,,,,,False,
99331961,,,,,,False,
99332165,,,,,,False,
99332822,,,,,,False,
99333216,,,,,,False,
99333426,,,,,,False,
99333644,,,,,,False,
99333739,,,,,,False,
99333837,,,,,,False,
99334088,,,,,,False,
99334366,,,,,,False,
99334600,,,,,,False,
99334776,,,,,,False,
99334950,,,,,,False,
99335101,,,,,,False,
99335331,,,,,,False,
99335587,,,,,,False,
99335882,,,,,,False,
99335991,,,,,,False,
99336103,,,,,,False,
99336175,,,,,,False,
99336371,,,,,,False,
99336499,,,,,,False,
100115549,,,,,,False,
100116135,,,,,,False,
100116408,,,,,,False,
100116693,,,,,,False,
100116891,,,,,,False,
100117305,,,,,,False,
100117839,,,,,,False,
100118098,,,,,,False,
100118323,,,,,,False,
100119311,,,,,,False,
100119763,,,,,,False,
100119905,,,,,,False,
100120140,,,,,,False,
100120374,,,,,,False,
100120755,,,,,,False,
100163520,,,,,,False,
100164041,,,,,,False,
100170841,,,,,,False,
100171409,,,,,,False,
100171821,,,,,,False,
100172208,,,,,,False,
100173212,,,,,,False,
100173817,,,,,,False,
100174612,,,,,,False,
100175354,,,,,,False,
100176959,,,,,,False,
100309951,,,,,,False,
100310313,,,,,,False,
100310755,,,,,,False,
100310961,,,,,,False,
100311204,,,,,,False,
100311443,,,,,,False,
100311445,,,,,,False,
100311447,,,,,,False,
100311709,,,,,,False,
100312505,,,,,,False,
100312766,,,,,,False,
100313073,,,,,,False,
100313346,,,,,,False,
100313641,,,,,,False,
100313875,,,,,,False,
100314203,,,,,,False,
100314440,,,,,,False,
100314718,,,,,,False,
100314988,,,,,,False,
100315316,,,,,,False,
100319389,,,,,,False,
100319916,,,,,,False,
100320509,,,,,,False,
100322111,,,,,,False,
100322361,,,,,,False,
100322615,,,,,,False,
100322756,,,,,,False,
100322997,,,,,,False,
100323161,,,,,,False,
100323366,,,,,,False,
100323555,,,,,,False,
100323845,,,,,,False,
100324037,,,,,,False,
100324270,,,,,,False,
100324465,,,,,,False,
100324714,,,,,,False,
100355832,,,,,,False,
100355983,,,,,,False,
100356132,,,,,,False,
100356314,,,,,,False,
100356540,,,,,,False,
100356706,,,,,,False,
100356945,,,,,,False,
100357113,,,,,,False,
100357371,,,,,,False,
100357549,,,,,,False,
100357735,,,,,,False,
100357902,,,,,,False,
100358310,,,,,,False,
100358540,,,,,,False,
100358735,,,,,,False,
100358990,,,,,,False,
100359202,,,,,,False,
100359556,,,,,,False,
100359897,,,,,,False,
100360547,,,,,,False,
100413369,,,,,,False,
100413611,,,,,,False,
100413792,,,,,,False,
100413934,,,,,,False,
100414572,,,,,,False,
100414823,,,,,,False,
100415037,,,,,,False,
100415228,,,,,,False,
100415381,,,,,,False,
100424345,,,,,,False,
100424507,,,,,,False,
100424683,,,,,,False,
100424907,,,,,,False,
100425111,,,,,,False,
100425290,,,,,,False,
100425579,,,,,,False,
100425753,,,,,,False,
100425951,,,,,,False,
105368210,,,,,,False,
105368400,,,,,,False,
105368709,,,,,,False,
105368882,,,,,,False,
105373361,,,,,,False,
105378390,,,,,,False,
105379069,,,,,,False,
105379451,,,,,,False,
105379566,,,,,,False,
105379593,,,,,,False,
105379623,,,,,,False,
105379657,,,,,,False,
105379679,,,,,,False,
105379713,,,,,,False,
105379811,,,,,,False,
105379836,,,,,,False,
128557871,,,,,,False,
128557902,,,,,,False,
105366995,,,,,,False,
105366790,,,,,,False,
105368013,,,,,,False,
105370526,,,,,,False,
105374258,,,,,,False,
105374436,,,,,,False,
105374771,,,,,,False,
105375002,,,,,,False,
105375198,,,,,,False,
105375738,,,,,,False,
105385109,,,,,,False,
105387475,,,,,,False,
105390630,,,,,,False,
105391951,,,,,,False,
105369525,,,,,,False,
114512053,,,,,,False,
116656179,,,,,,False,
116656838,,,,,,False,
116657368,,,,,,False,
116658234,,,,,,False,
116658893,,,,,,False,
116660018,,,,,,False,
116660407,,,,,,False,
116661762,,,,,,False,
116663033,,,,,,False,
116858027,,,,,,False,
116901223,,,,,,False,
116903091,,,,,,False,
116904716,,,,,,False,
116905388,,,,,,False,
116905979,,,,,,False,
116907020,,,,,,False,
116907736,,,,,,False,
116911401,,,,,,False,
116912408,,,,,,False,
116916393,,,,,,False,
116917316,,,,,,False,
116917805,,,,,,False,
116918473,,,,,,False,
116920485,,,,,,False,
116920877,,,,,,False,
116922300,,,,,,False,
116922858,,,,,,False,
116973201,,,,,,False,
116973702,,,,,,False,
116973989,,,,,,False,
116974335,,,,,,False,
116974779,,,,,,False,
116975128,,,,,,False,
116975395,,,,,,False,
116980390,,,,,,False,
116980692,,,,,,False,
116981571,,,,,,,
116982023,,,,,,False,
116982394,,,,,,False,
117125580,,,,,,False,
117126127,,,,,,False,
117126559,,,,,,False,
117126870,,,,,,False,
117127207,,,,,,False,
117127677,,,,,,False,
117128073,,,,,,False,
117128407,,,,,,False,
117128867,,,,,,False,
117129475,,,,,,,
117130602,,,,,,False,
117130968,,,,,,False,
117131364,,,,,,False,
117131788,,,,,,False,
117132190,,,,,,False,
117133187,,,,,,False,
119427253,,,,,,False,
119427500,,,,,,False,
119428034,,,,,,False,
119428261,,,,,,False,
119428422,,,,,,False,
119428555,,,,,,False,
119428751,,,,,,False,
119430070,,,,,,False,
119430226,,,,,,False,
119430429,,,,,,False,
119430596,,,,,,False,
119431087,,,,,,False,
119431357,,,,,,False,
119431578,,,,,,False,
119431935,,,,,,False,
119527049,,,,,,False,
119565211,,,,,,False,
119565589,,,,,,False,
119565835,,,,,,False,
119566407,,,,,,False,
119566702,,,,,,False,
119566989,,,,,,False,
119567296,,,,,,False,
119567649,,,,,,False,
119568153,,,,,,False,
119568421,,,,,,False,
119568641,,,,,,False,
119570903,,,,,,False,
119571102,,,,,,False,
119571352,,,,,,False,
119571555,,,,,,False,
119571868,,,,,,False,
119572092,,,,,,False,
119572398,,,,,,False,
119572873,,,,,,False,
119573076,,,,,,False,
119573253,,,,,,False,
119573406,,,,,,False,
119573536,,,,,,False,
119573682,,,,,,False,
119578130,,,,,,False,
119578492,,,,,,False,
119742472,,,,,,False,
119743447,,,,,,False,
119743968,,,,,,False,
119745118,,,,,,False,
119746275,,,,,,False,
119747130,,,,,,False,
120373949,,,,,,False,
120374266,,,,,,False,
120758027,,,,,,False,
120758360,,,,,,False,
120759042,,,,,,False,
120759387,,,,,,False,
120759756,,,,,,False,
120760027,,,,,,False,
120760305,,,,,,False,
120760735,,,,,,False,
120761182,,,,,,False,
120762158,,,,,,False,
120850730,,,,,,False,
120851347,,,,,,False,
120851687,,,,,,False,
120852202,,,,,,False,
120853415,,,,,,False,
120853731,,,,,,False,
120854315,,,,,,False,
120854906,,,,,,False,
120855448,,,,,,False,
120856012,,,,,,False,
120856440,,,,,,False,
120856795,,,,,,False,
120856953,,,,,,False,
120857532,,,,,,False,
120857775,,,,,,False,
120858413,,,,,,False,
120858649,,,,,,False,
120858885,,,,,,False,
120893694,,,,,,False,
120893926,,,,,,False,
120894078,,,,,,False,
120894258,,,,,,False,
120894430,,,,,,False,
122049135,,,,,,False,
122049920,,,,,,False,
122050427,,,,,,False,
122050820,,,,,,False,
122051215,,,,,,False,
122051355,,,,,,False,
122088920,,,,,,False,
122090062,,,,,,False,
122090284,,,,,,False,
122098466,,,,,,False,
122098578,,,,,,False,
122098682,,,,,,False,
122098819,,,,,,False,
122098899,,,,,,False,
122099083,,,,,,False,
122099468,,,,,,False,
122099866,,,,,,False,
122099994,,,,,,False,
122100147,,,,,,False,
122178314,,,,,,False,
122178394,,,,,,False,
122178463,,,,,,False,
122178575,,,,,,False,
122178683,,,,,,False,
122178744,,,,,,False,
122178914,,,,,,False,
122178975,,,,,,False,
122179072,,,,,,False,
122179187,,,,,,False,
122179773,,,,,,False,
122179873,,,,,,False,
122179997,,,,,,False,
122180118,,,,,,False,
122180406,,,,,,False,
122180516,,,,,,False,
122180619,,,,,,False,
122180702,,,,,,False,
128279444,,,,,,False,
128279476,,,,,,False,
128279557,,,,,,False,
122089587,,,,,,False,
122090542,,,,,,False,
122084186,,,,,,False,
122084562,,,,,,False,
122085097,,,,,,False,
122085483,,,,,,False,
122085805,,,,,,False,
122086266,,,,,,False,
122086831,,,,,,False,
122088730,,,,,,False,
122089312,,,,,,False,
122089799,,,,,,False,
122176291,,,,,,False,
122182622,,,,,,False,
122183042,,,,,,False,
122183840,,,,,,False,
122183908,,,,,,False,
52276424,,,,,,,
52276521,,,,,,,
52274555,,,,,,,
52275022,,,,,,,
52275051,,,,,,,
52275079,,,,,,,
52275108,,,,,,,
52276390,,,,,,,
52276402,,,,,,,
52276445,,,,,,,
52276462,,,,,,,
52276487,,,,,,,
52276505,,,,,,,
52276538,,,,,,,
52276559,,,,,,,
52276583,,,,,,,
52926908,,,,,,,
52928449,,,,,,,
66417498,,,,,,False,
52884352,,,,,,,
52884501,,,,,,,
52884604,,,,,,,
52884663,,,,,,,
52884843,,,,,,,
52884906,,,,,,,
52885146,,,,,,,
52885214,,,,,,,
66417478,,,,,,False,
52884988,,,,,,,
61672582,,,,,,,
66018795,,,,,,False,
66018845,,,,,,False,
66018956,,,,,,False,
66019033,,,,,,False,
66019079,,,,,,False,
61664567,,,,,,,
61664768,,,,,,,
61664910,,,,,,,
61665171,,,,,,,
61666890,,,,,,,
66018329,,,,,,False,
66018426,,,,,,False,
66018637,,,,,,False,
66018695,,,,,,False,
66018753,,,,,,False,
66018988,,,,,,False,
66019150,,,,,,False,
66019209,,,,,,False,
66019314,,,,,,False,
66019346,,,,,,False,
61665032,,,,,,,
61665318,,,,,,,
61665443,,,,,,,
61665630,,,,,,,
61665744,,,,,,,
61665991,,,,,,,
61666111,,,,,,,
61666281,,,,,,,
61666348,,,,,,,
61666448,,,,,,,
61666545,,,,,,,
61666689,,,,,,,
61666803,,,,,,,
74906158,,,,,,False,
74907691,,,,,,False,
74908867,,,,,,False,
74910125,,,,,,False,
74911063,,,,,,False,
74913908,,,,,,False,
74915449,,,,,,False,
74921783,,,,,,False,
74922418,,,,,,False,
74922961,,,,,,False,
74923715,,,,,,False,
74926330,,,,,,False,
74927336,,,,,,False,
74927932,,,,,,False,
76485083,,,,,,False,
76489874,,,,,,False,
76491233,,,,,,False,
76547946,,,,,,False,
76548608,,,,,,False,
76549377,,,,,,False,
76550344,,,,,,False,
76553560,,,,,,False,
76555807,,,,,,False,
76556916,,,,,,False,
76558900,,,,,,False,
76560506,,,,,,False,
76562127,,,,,,False,
76565974,,,,,,False,
76570142,,,,,,False,
76572990,,,,,,False,
76575663,,,,,,False,
76578356,,,,,,False,
76587617,,,,,,False,
76589145,,,,,,False,
76590734,,,,,,False,
76592032,,,,,,False,
76936927,,,,,,False,
76937699,,,,,,False,
76938327,,,,,,False,
76938701,,,,,,False,
76939068,,,,,,False,
78278629,,,,,,False,
78279551,,,,,,False,
78280122,,,,,,False,
78280919,,,,,,False,
78281449,,,,,,False,
78283074,,,,,,False,
78283902,,,,,,False,
78284616,,,,,,False,
78285853,,,,,,False,
78286485,,,,,,False,
78287719,,,,,,False,
78288317,,,,,,False,
78288855,,,,,,False,
78289622,,,,,,False,
78312616,,,,,,False,
78314573,,,,,,False,
78315353,,,,,,False,
78316680,,,,,,False,
78317407,,,,,,False,
78318584,,,,,,False,
78497121,,,,,,False,
78497361,,,,,,False,
78497558,,,,,,False,
78497781,,,,,,False,
78639883,,,,,,False,
78640713,,,,,,False,
78641717,,,,,,False,
78642348,,,,,,False,
78642965,,,,,,False,
78646786,,,,,,False,
78647846,,,,,,False,
78648916,,,,,,False,
78649630,,,,,,False,
78650246,,,,,,False,
78651114,,,,,,False,
78653721,,,,,,False,
78654437,,,,,,False,
78655118,,,,,,False,
78655749,,,,,,False,
78656427,,,,,,False,
78658661,,,,,,False,
78659261,,,,,,False,
78659904,,,,,,False,
78661050,,,,,,False,
78661883,,,,,,False,
78717447,,,,,,False,
78718289,,,,,,False,
78719321,,,,,,False,
78720136,,,,,,False,
78720845,,,,,,False,
78721726,,,,,,False,
78725383,,,,,,False,
78728540,,,,,,False,
78729072,,,,,,False,
78730276,,,,,,False,
79147243,,,,,,False,
79147504,,,,,,False,
79148294,,,,,,False,
79148866,,,,,,False,
79149082,,,,,,False,
79149305,,,,,,False,
79149525,,,,,,False,
79149717,,,,,,False,
79150034,,,,,,False,
79886123,,,,,,False,
79886616,,,,,,False,
79887088,,,,,,False,
79887467,,,,,,False,
79887901,,,,,,False,
79888389,,,,,,False,
79888871,,,,,,False,
79889341,,,,,,False,
79889881,,,,,,False,
79890353,,,,,,False,
79890822,,,,,,False,
79892940,,,,,,False,
79893435,,,,,,False,
79896272,,,,,,False,
79896901,,,,,,False,
79897377,,,,,,False,
79899249,,,,,,False,
79902689,,,,,,False,
79905838,,,,,,False,
79906881,,,,,,False,
79907422,,,,,,False,
79907927,,,,,,False,
79908391,,,,,,False,
79908947,,,,,,False,
79909474,,,,,,False,
79910008,,,,,,False,
79911159,,,,,,False,
79911657,,,,,,False,
79912228,,,,,,False,
79912742,,,,,,False,
79913544,,,,,,False,
79913989,,,,,,False,
79914528,,,,,,False,
79914945,,,,,,False,
79915628,,,,,,False,
79916110,,,,,,False,
79918301,,,,,,False,
79918992,,,,,,False,
79919482,,,,,,False,
79920074,,,,,,False,
79920651,,,,,,False,
79921205,,,,,,False,
79921739,,,,,,False,
79922307,,,,,,False,
79922801,,,,,,False,
79923263,,,,,,False,
79923783,,,,,,False,
79924395,,,,,,False,
79926417,,,,,,False,
79927369,,,,,,False,
79927866,,,,,,False,
79939313,,,,,,False,
79940600,,,,,,False,
79941267,,,,,,False,
79942073,,,,,,False,
79943732,,,,,,False,
79944352,,,,,,False,
79944932,,,,,,False,
79945569,,,,,,False,
79946141,,,,,,False,
79946706,,,,,,False,
79947218,,,,,,False,
79948100,,,,,,False,
79950727,,,,,,False,
79951334,,,,,,False,
79951878,,,,,,False,
79952416,,,,,,False,
79952978,,,,,,False,
79953555,,,,,,False,
79955151,,,,,,False,
79956246,,,,,,False,
79956708,,,,,,False,
79957505,,,,,,False,
79958123,,,,,,False,
79958564,,,,,,False,
79961121,,,,,,False,
79962160,,,,,,False,
79962565,,,,,,False,
79963141,,,,,,False,
79963711,,,,,,False,
79964266,,,,,,False,
79965013,,,,,,False,
79966182,,,,,,False,
79966602,,,,,,False,
79967249,,,,,,False,
79967781,,,,,,False,
79968329,,,,,,False,
79968940,,,,,,False,
79969718,,,,,,False,
79970144,,,,,,False,
82704449,,,,,,False,
82705804,,,,,,False,
82706382,,,,,,False,
82721318,,,,,,False,
82946785,,,,,,False,
82966783,,,,,,False,
82967176,,,,,,False,
82967623,,,,,,False,
82967995,,,,,,False,
82969938,,,,,,False,
82971319,,,,,,False,
82984557,,,,,,False,
82984738,,,,,,False,
82985087,,,,,,False,
82985292,,,,,,False,
82985471,,,,,,False,
82985648,,,,,,False,
82985867,,,,,,False,
82986087,,,,,,False,
82986361,,,,,,False,
82986562,,,,,,False,
82986767,,,,,,False,
82986943,,,,,,False,
82987164,,,,,,False,
82987568,,,,,,False,
82987769,,,,,,False,
82987955,,,,,,False,
82988123,,,,,,False,
82988275,,,,,,False,
82988432,,,,,,False,
82988598,,,,,,False,
82680418,,,,,,False,
82688016,,,,,,False,
82692293,,,,,,False,
82702658,,,,,,False,
82705250,,,,,,False,
82711051,,,,,,False,
82711977,,,,,,False,
82712780,,,,,,False,
82721831,,,,,,False,
82727036,,,,,,False,
82730292,,,,,,False,
82731347,,,,,,False,
82740632,,,,,,False,
82973536,,,,,,False,
96348249,,,,,,False,
96350659,,,,,,False,
99067497,,,,,,False,
99069032,,,,,,False,
99097094,,,,,,False,
99097407,,,,,,False,
99097844,,,,,,False,
99100753,,,,,,False,
99101169,,,,,,False,
99101631,,,,,,False,
99102335,,,,,,False,
99102930,,,,,,False,
99104679,,,,,,False,
99105628,,,,,,False,
99107100,,,,,,False,
99110623,,,,,,False,
99111148,,,,,,False,
99112605,,,,,,False,
99113609,,,,,,False,
99117725,,,,,,False,
99128937,,,,,,False,
99129213,,,,,,False,
99130793,,,,,,False,
99131467,,,,,,False,
99131991,,,,,,False,
99132780,,,,,,False,
99133593,,,,,,False,
99134306,,,,,,False,
99142639,,,,,,False,
99143385,,,,,,False,
99143887,,,,,,False,
99144598,,,,,,False,
99145381,,,,,,False,
99146495,,,,,,False,
99147393,,,,,,False,
99147910,,,,,,False,
99148457,,,,,,False,
99148938,,,,,,False,
99203523,,,,,,False,
99203949,,,,,,False,
99204283,,,,,,False,
99204772,,,,,,False,
99205665,,,,,,False,
99252706,,,,,,False,
99253676,,,,,,False,
99254241,,,,,,False,
99254675,,,,,,False,
99255127,,,,,,False,
99255507,,,,,,False,
99255985,,,,,,False,
99256963,,,,,,False,
99257256,,,,,,False,
99257688,,,,,,False,
99258411,,,,,,False,
99258946,,,,,,False,
99599554,,,,,,False,
99599858,,,,,,False,
99600269,,,,,,False,
99600685,,,,,,False,
99774808,,,,,,False,
99777351,,,,,,False,
99802600,,,,,,False,
99803783,,,,,,False,
99804903,,,,,,False,
99807734,,,,,,False,
99808643,,,,,,False,
99809294,,,,,,False,
99850467,,,,,,False,
99851045,,,,,,False,
99851674,,,,,,False,
99852368,,,,,,False,
99852917,,,,,,False,
99854274,,,,,,False,
99855074,,,,,,False,
99858241,,,,,,False,
99865115,,,,,,False,
99865612,,,,,,False,
99865950,,,,,,False,
99866401,,,,,,False,
99866868,,,,,,False,
99869114,,,,,,False,
99870151,,,,,,False,
99872818,,,,,,False,
99874011,,,,,,False,
99891662,,,,,,False,
99892207,,,,,,False,
99893105,,,,,,False,
99893588,,,,,,False,
99894365,,,,,,False,
99896372,,,,,,False,
100073599,,,,,,False,
100074150,,,,,,False,
100074561,,,,,,False,
100075131,,,,,,False,
100075592,,,,,,False,
100076146,,,,,,False,
100076721,,,,,,False,
100077506,,,,,,False,
100078020,,,,,,False,
100079446,,,,,,False,
100080073,,,,,,False,
100080979,,,,,,False,
100081690,,,,,,False,
100113114,,,,,,False,
100113509,,,,,,False,
100114339,,,,,,False,
100114757,,,,,,False,
100115277,,,,,,False,
100115815,,,,,,False,
100116423,,,,,,False,
100116831,,,,,,False,
100117303,,,,,,False,
100117619,,,,,,False,
100118419,,,,,,False,
100118847,,,,,,False,
100119247,,,,,,False,
100119664,,,,,,False,
100119887,,,,,,False,
100120442,,,,,,False,
100120840,,,,,,False,
100121336,,,,,,False,
100121702,,,,,,False,
100122560,,,,,,False,
100123125,,,,,,False,
100123696,,,,,,False,
100124218,,,,,,False,
100124789,,,,,,False,
100125668,,,,,,False,
100126153,,,,,,False,
100126654,,,,,,False,
100127389,,,,,,False,
100127854,,,,,,False,
100128545,,,,,,False,
100128882,,,,,,False,
100129197,,,,,,False,
100130234,,,,,,False,
100130812,,,,,,False,
100131313,,,,,,False,
100131824,,,,,,False,
100132336,,,,,,False,
100132871,,,,,,False,
100133513,,,,,,False,
100135330,,,,,,False,
100136440,,,,,,False,
100137233,,,,,,False,
100137655,,,,,,False,
100138255,,,,,,False,
100139050,,,,,,False,
100141057,,,,,,False,
100142002,,,,,,False,
100143774,,,,,,False,
100211770,,,,,,False,
100228717,,,,,,False,
100229189,,,,,,False,
100232655,,,,,,False,
100233427,,,,,,False,
100233839,,,,,,False,
100234268,,,,,,False,
100235037,,,,,,False,
100235503,,,,,,False,
100236057,,,,,,False,
100236861,,,,,,False,
100260014,,,,,,False,
100260667,,,,,,False,
100261452,,,,,,False,
100262044,,,,,,False,
100262627,,,,,,False,
100263533,,,,,,False,
100264206,,,,,,False,
100265424,,,,,,False,
100265942,,,,,,False,
100266471,,,,,,False,
100267053,,,,,,False,
100267813,,,,,,False,
100268265,,,,,,False,
100268726,,,,,,False,
100269376,,,,,,False,
100269955,,,,,,False,
100270446,,,,,,False,
100271267,,,,,,False,
100271671,,,,,,False,
100272102,,,,,,False,
100272550,,,,,,False,
100273074,,,,,,False,
100274504,,,,,,False,
100275372,,,,,,False,
100275827,,,,,,False,
100276266,,,,,,False,
100276708,,,,,,False,
100277340,,,,,,False,
100278151,,,,,,False,
100279129,,,,,,False,
100279640,,,,,,False,
100280550,,,,,,False,
100281340,,,,,,False,
100282012,,,,,,False,
100282864,,,,,,False,
100283180,,,,,,False,
100283701,,,,,,False,
100284082,,,,,,False,
100284581,,,,,,False,
100284981,,,,,,False,
100285532,,,,,,False,
105429014,,,,,,False,
105430629,,,,,,False,
105430916,,,,,,False,
105431603,,,,,,False,
105431741,,,,,,False,
105431881,,,,,,False,
105432309,,,,,,False,
105432928,,,,,,False,
105433196,,,,,,False,
105433398,,,,,,False,
105433594,,,,,,False,
105433849,,,,,,False,
105434050,,,,,,False,
105434595,,,,,,False,
105434798,,,,,,False,
105447904,,,,,,False,
105448284,,,,,,False,
105448420,,,,,,False,
105448582,,,,,,False,
105448685,,,,,,False,
105448992,,,,,,False,
105449138,,,,,,False,
105449386,,,,,,False,
100951187,,,,,,False,
100954833,,,,,,False,
105401313,,,,,,False,
105413098,,,,,,False,
105414568,,,,,,False,
105417454,,,,,,False,
105419984,,,,,,False,
105420513,,,,,,False,
105425488,,,,,,False,
105428081,,,,,,False,
105428300,,,,,,False,
105428593,,,,,,False,
105428790,,,,,,False,
105446019,,,,,,False,
105446246,,,,,,False,
105447295,,,,,,False,
116609392,,,,,,False,
117200086,,,,,,False,
118545733,,,,,,False,
118546030,,,,,,False,
118546368,,,,,,False,
118546844,,,,,,False,
118547968,,,,,,False,
118548625,,,,,,False,
118554165,,,,,,False,
118573001,,,,,,False,
118573018,,,,,,False,
118573033,,,,,,False,
118573045,,,,,,False,
118573068,,,,,,False,
118573105,,,,,,False,
118573119,,,,,,False,
118573135,,,,,,False,
118573147,,,,,,False,
118573161,,,,,,False,
118573177,,,,,,False,
118573188,,,,,,False,
118573201,,,,,,False,
118573206,,,,,,False,
118573232,,,,,,False,
118573243,,,,,,False,
118573265,,,,,,False,
118573284,,,,,,False,
118573303,,,,,,False,
118573322,,,,,,False,
118573341,,,,,,False,
118573358,,,,,,False,
118573382,,,,,,False,
118573412,,,,,,False,
118573763,,,,,,False,
118573789,,,,,,False,
118573822,,,,,,False,
118853797,,,,,,False,
118853820,,,,,,False,
118853830,,,,,,False,
118853841,,,,,,False,
118853849,,,,,,False,
118853861,,,,,,False,
118853872,,,,,,False,
118853884,,,,,,False,
118853894,,,,,,False,
118853906,,,,,,False,
118853916,,,,,,False,
118853929,,,,,,False,
118853935,,,,,,False,
118853946,,,,,,False,
118853953,,,,,,False,
118853968,,,,,,False,
118853973,,,,,,False,
118853987,,,,,,False,
118854007,,,,,,False,
118854023,,,,,,False,
118854035,,,,,,False,
118854049,,,,,,False,
118854059,,,,,,False,
118854074,,,,,,False,
118854107,,,,,,False,
118854119,,,,,,False,
118854127,,,,,,False,
118854143,,,,,,False,
118854160,,,,,,False,
118854172,,,,,,False,
118854188,,,,,,False,
118854207,,,,,,False,
118854236,,,,,,False,
118854257,,,,,,False,
118854271,,,,,,False,
118854288,,,,,,False,
118854302,,,,,,False,
118854319,,,,,,False,
118854336,,,,,,False,
118854351,,,,,,False,
118854363,,,,,,False,
118854373,,,,,,False,
118854392,,,,,,False,
118854407,,,,,,False,
118854432,,,,,,False,
118854450,,,,,,False,
118854469,,,,,,False,
118854491,,,,,,False,
118854506,,,,,,False,
118854527,,,,,,False,
118854545,,,,,,False,
118854572,,,,,,False,
118854588,,,,,,False,
118854628,,,,,,False,
118854678,,,,,,False,
118854705,,,,,,False,
118854733,,,,,,False,
118854769,,,,,,False,
118854790,,,,,,False,
118854813,,,,,,False,
118854841,,,,,,False,
118854860,,,,,,False,
120736735,,,,,,False,
120736744,,,,,,False,
120736767,,,,,,False,
120736783,,,,,,False,
120736810,,,,,,False,
120736828,,,,,,False,
120736845,,,,,,False,
120736861,,,,,,False,
120736937,,,,,,False,
120762477,,,,,,False,
120762686,,,,,,False,
120762831,,,,,,False,
120762986,,,,,,False,
120763121,,,,,,False,
120763417,,,,,,False,
120763588,,,,,,False,
120763715,,,,,,False,
120763867,,,,,,False,
120764003,,,,,,False,
120764145,,,,,,False,
120764391,,,,,,False,
120764547,,,,,,False,
120764754,,,,,,False,
120764897,,,,,,False,
120765054,,,,,,False,
120765191,,,,,,False,
120765333,,,,,,False,
120765587,,,,,,False,
120765726,,,,,,False,
120765870,,,,,,False,
120766000,,,,,,False,
120766326,,,,,,False,
120766461,,,,,,False,
120766635,,,,,,False,
120766732,,,,,,False,
120766853,,,,,,False,
120766979,,,,,,False,
120767099,,,,,,False,
120767236,,,,,,False,
120767335,,,,,,False,
120767468,,,,,,False,
120767613,,,,,,False,
120767741,,,,,,False,
120767870,,,,,,False,
120767999,,,,,,False,
120768114,,,,,,False,
120768239,,,,,,False,
120768379,,,,,,False,
120768533,,,,,,False,
120768693,,,,,,False,
123467138,,,,,,False,
123467462,,,,,,False,
123469811,,,,,,False,
127632520,,,,,,False,
123361564,,,,,,False,
123362365,,,,,,False,
123362979,,,,,,False,
123364401,,,,,,False,
123365329,,,,,,False,
123369541,,,,,,False,
123375228,,,,,,False,
123377827,,,,,,False,
123379333,,,,,,False,
123380046,,,,,,False,
123381563,,,,,,False,
123382448,,,,,,False,
123383534,,,,,,False,
123384320,,,,,,False,
123385383,,,,,,False,
123385938,,,,,,False,
123386594,,,,,,False,
123388537,,,,,,False,
123403421,,,,,,False,
127632485,,,,,,False,
123404462,,,,,,False,
44477929,,,,,,,
44478085,,,,,,,
44478113,,,,,,,
44478149,,,,,,,
44478190,,,,,,,
44478236,,,,,,,
49925583,,,,,,,
49925715,,,,,,,
49926196,,,,,,,
49926390,,,,,,,
51394139,,,,,,,
51398344,,,,,,,
51398506,,,,,,,
63292706,,,,,,,
44478035,,,,,,,
44473426,,,,,,,
44477215,,,,,,,
44477294,,,,,,,
44477526,,,,,,,
44477686,,,,,,,
44477723,,,,,,,
49923475,,,,,,,
49923633,,,,,,,
49923830,,,,,,,
49924130,,,,,,,
49924434,,,,,,,
49924584,,,,,,,
49924832,,,,,,,
49925179,,,,,,,
49925355,,,,,,,
49925943,,,,,,,
63292660,,,,,,,
63292671,,,,,,,
63292871,,,,,,,
44473384,,,,,,,
44473527,,,,,,,
44477162,,,,,,,
44477360,,,,,,,
44477401,,,,,,,
44477441,,,,,,,
44477564,,,,,,,
44477620,,,,,,,
44477753,,,,,,,
44477804,,,,,,,
44477840,,,,,,,
44477885,,,,,,,
47718772,,,,,,,
49924953,,,,,,,
54520907,,,,,,,
54521016,,,,,,,
54521070,,,,,,,
54521127,,,,,,,
54521249,,,,,,,
54521316,,,,,,,
54521379,,,,,,,
63293148,,,,,,,
63879515,,,,,,,
64028515,,,,,,,
65478755,,,,,,False,
65478977,,,,,,False,
65479324,,,,,,False,
66450560,,,,,,False,
66819883,,,,,,False,
64028527,,,,,,,
64028536,,,,,,,
64028546,,,,,,,
48344782,,,,,,,
48344833,,,,,,,
48344875,,,,,,,
48345021,,,,,,,
48345342,,,,,,,
48345420,,,,,,,
63292618,,,,,,,
65478931,,,,,,False,
65479238,,,,,,False,
65479275,,,,,,False,
66450063,,,,,,False,
66819847,,,,,,False,
48344916,,,,,,,
48344965,,,,,,,
48345115,,,,,,,
48345221,,,,,,,
48345257,,,,,,,
48345308,,,,,,,
48345381,,,,,,,
48345496,,,,,,,
48345564,,,,,,,
48345610,,,,,,,
48345648,,,,,,,
48345725,,,,,,,
48345775,,,,,,,
48345803,,,,,,,
48345889,,,,,,,
48345951,,,,,,,
48345995,,,,,,,
48346038,,,,,,,
48346086,,,,,,,
48346134,,,,,,,
48346170,,,,,,,
48346224,,,,,,,
54520682,,,,,,,
54520962,,,,,,,
54759995,,,,,,,
54760018,,,,,,,
61947349,,,,,,,
61947618,,,,,,,
65260102,,,,,,False,
65260477,,,,,,False,
65261170,,,,,,False,
65261867,,,,,,False,
65311537,,,,,,False,
66670220,,,,,,False,
65260513,,,,,,False,
64747839,,,,,,False,
64747969,,,,,,False,
65260067,,,,,,False,
65260165,,,,,,False,
65260264,,,,,,False,
65260294,,,,,,False,
65260325,,,,,,False,
65260337,,,,,,False,
65260362,,,,,,False,
65260618,,,,,,False,
65260704,,,,,,False,
65260734,,,,,,False,
65260847,,,,,,False,
65261025,,,,,,False,
65261048,,,,,,False,
65261104,,,,,,False,
65261308,,,,,,False,
65261636,,,,,,False,
65261664,,,,,,False,
65311838,,,,,,False,
66670204,,,,,,False,
66670233,,,,,,False,
66670247,,,,,,False,
66670256,,,,,,False,
86744952,,,,,,False,
106408324,,,,,,False,
65260129,,,,,,False,
65260186,,,,,,False,
65260821,,,,,,False,
65261431,,,,,,False,
65261482,,,,,,False,
65261514,,,,,,False,
65261795,,,,,,False,
65261838,,,,,,False,
72812194,,,,,,False,
72826065,,,,,,False,
76402992,,,,,,False,
76404396,,,,,,False,
76405150,,,,,,False,
76406237,,,,,,False,
76407193,,,,,,False,
76408010,,,,,,False,
76408628,,,,,,False,
76409556,,,,,,False,
76425258,,,,,,False,
76425872,,,,,,False,
76426434,,,,,,False,
76426939,,,,,,False,
76427404,,,,,,False,
76428277,,,,,,False,
76428846,,,,,,False,
76429659,,,,,,False,
76432059,,,,,,False,
76432818,,,,,,False,
76433385,,,,,,False,
76435734,,,,,,False,
76436436,,,,,,False,
76436760,,,,,,False,
76438436,,,,,,False,
76438787,,,,,,False,
76439053,,,,,,False,
76439364,,,,,,False,
76439520,,,,,,False,
76439796,,,,,,False,
76440329,,,,,,False,
76440646,,,,,,False,
76441569,,,,,,False,
76441905,,,,,,False,
76442273,,,,,,False,
76442746,,,,,,False,
76443071,,,,,,False,
76500302,,,,,,False,
76510728,,,,,,False,
76525326,,,,,,False,
76552922,,,,,,False,
77298721,,,,,,False,
77299816,,,,,,False,
77300850,,,,,,False,
77302258,,,,,,False,
77303012,,,,,,False,
77303763,,,,,,False,
77305047,,,,,,False,
77305610,,,,,,False,
77306121,,,,,,False,
77311028,,,,,,False,
77311811,,,,,,False,
77314195,,,,,,False,
77317346,,,,,,False,
77322951,,,,,,False,
77325471,,,,,,False,
77326350,,,,,,False,
77419693,,,,,,False,
77421359,,,,,,False,
77422777,,,,,,False,
77424078,,,,,,False,
77424953,,,,,,False,
77425511,,,,,,False,
77426468,,,,,,False,
77427172,,,,,,False,
77428544,,,,,,False,
77429178,,,,,,False,
77430193,,,,,,False,
77431286,,,,,,False,
77432161,,,,,,False,
77433423,,,,,,False,
77435131,,,,,,False,
77435599,,,,,,False,
77436116,,,,,,False,
77436698,,,,,,False,
77437835,,,,,,False,
77438509,,,,,,False,
77439131,,,,,,False,
78214359,,,,,,False,
78215035,,,,,,False,
78215661,,,,,,False,
78219276,,,,,,False,
78220390,,,,,,False,
78222690,,,,,,False,
78223142,,,,,,False,
78224197,,,,,,False,
78227113,,,,,,False,
78227455,,,,,,False,
78227887,,,,,,False,
78228410,,,,,,False,
78228832,,,,,,False,
78230827,,,,,,False,
78231012,,,,,,False,
78231262,,,,,,False,
78231346,,,,,,False,
78231559,,,,,,False,
78231663,,,,,,False,
78231762,,,,,,False,
78231831,,,,,,False,
78231899,,,,,,False,
78231954,,,,,,False,
78232009,,,,,,False,
78232055,,,,,,False,
78232133,,,,,,False,
78232258,,,,,,False,
78232298,,,,,,False,
78232352,,,,,,False,
78232399,,,,,,False,
78232440,,,,,,False,
78232511,,,,,,False,
78232615,,,,,,False,
78232658,,,,,,False,
78232694,,,,,,False,
78232725,,,,,,False,
78232746,,,,,,False,
78250613,,,,,,False,
78250913,,,,,,False,
78251380,,,,,,False,
78251954,,,,,,False,
78252430,,,,,,False,
78252904,,,,,,False,
78253591,,,,,,False,
78254516,,,,,,False,
78255601,,,,,,False,
78256337,,,,,,False,
78261587,,,,,,False,
78261957,,,,,,False,
80418665,,,,,,False,
80419994,,,,,,False,
80420701,,,,,,False,
80420940,,,,,,False,
80421118,,,,,,False,
80421320,,,,,,False,
80421611,,,,,,False,
80421817,,,,,,False,
80422546,,,,,,False,
80422861,,,,,,False,
80423076,,,,,,False,
80423648,,,,,,False,
80424167,,,,,,False,
80424629,,,,,,False,
80424838,,,,,,False,
80425095,,,,,,False,
80425438,,,,,,False,
80429642,,,,,,False,
80429959,,,,,,False,
80475911,,,,,,False,
80476833,,,,,,False,
80477240,,,,,,False,
80479476,,,,,,False,
80479778,,,,,,False,
80479993,,,,,,False,
80480228,,,,,,False,
80480438,,,,,,False,
80480624,,,,,,False,
80480841,,,,,,False,
80481044,,,,,,False,
80481237,,,,,,False,
80481444,,,,,,False,
80481631,,,,,,False,
80481909,,,,,,False,
80482146,,,,,,False,
80482357,,,,,,False,
80482561,,,,,,False,
80482745,,,,,,False,
80482965,,,,,,False,
80483176,,,,,,False,
80483375,,,,,,False,
80483646,,,,,,False,
80485069,,,,,,False,
80485315,,,,,,False,
80485616,,,,,,False,
80485918,,,,,,False,
80486116,,,,,,False,
80486304,,,,,,False,
80486517,,,,,,False,
80486765,,,,,,False,
80486927,,,,,,False,
81590256,,,,,,False,
81593560,,,,,,False,
81599593,,,,,,False,
81645550,,,,,,False,
81645859,,,,,,False,
81646461,,,,,,False,
81646880,,,,,,False,
81771730,,,,,,False,
81774471,,,,,,False,
81775421,,,,,,False,
81776278,,,,,,False,
81777162,,,,,,False,
81777679,,,,,,False,
81779353,,,,,,False,
81780035,,,,,,False,
81780649,,,,,,False,
81781440,,,,,,False,
81782402,,,,,,False,
81784075,,,,,,False,
81784381,,,,,,False,
81784590,,,,,,False,
81784930,,,,,,False,
81785281,,,,,,False,
81785534,,,,,,False,
81785702,,,,,,False,
81785852,,,,,,False,
81786019,,,,,,False,
81786319,,,,,,False,
81787038,,,,,,False,
81787197,,,,,,False,
81787444,,,,,,False,
81787609,,,,,,False,
81787828,,,,,,False,
81787977,,,,,,False,
81788084,,,,,,False,
72808716,,,,,,False,
72809584,,,,,,False,
72816180,,,,,,False,
72817945,,,,,,False,
72820363,,,,,,False,
72822074,,,,,,False,
72824489,,,,,,False,
72824864,,,,,,False,
72825391,,,,,,False,
81591232,,,,,,False,
81594222,,,,,,False,
81595644,,,,,,False,
81596860,,,,,,False,
81598620,,,,,,False,
81598941,,,,,,False,
81600042,,,,,,False,
81644529,,,,,,False,
81644785,,,,,,False,
81644988,,,,,,False,
96877019,,,,,,False,
96878447,,,,,,False,
96879867,,,,,,False,
98112862,,,,,,False,
98113484,,,,,,False,
98114057,,,,,,False,
98114717,,,,,,False,
98115326,,,,,,False,
98116490,,,,,,False,
98117339,,,,,,False,
98117977,,,,,,False,
98119200,,,,,,False,
98120035,,,,,,False,
98120862,,,,,,False,
98121326,,,,,,False,
98121930,,,,,,False,
98124802,,,,,,False,
98126379,,,,,,False,
98130296,,,,,,False,
98132043,,,,,,False,
98132436,,,,,,False,
98132977,,,,,,False,
98135059,,,,,,False,
98135488,,,,,,False,
98136545,,,,,,False,
98137764,,,,,,False,
98365806,,,,,,False,
98365950,,,,,,False,
98366164,,,,,,False,
98366313,,,,,,False,
98366455,,,,,,False,
98380589,,,,,,False,
98380894,,,,,,False,
98396114,,,,,,False,
98396578,,,,,,False,
98397253,,,,,,False,
98399600,,,,,,False,
98400985,,,,,,False,
98402041,,,,,,False,
98416400,,,,,,False,
98416894,,,,,,False,
98418117,,,,,,False,
98418536,,,,,,False,
98420443,,,,,,False,
98420937,,,,,,False,
98421328,,,,,,False,
98421760,,,,,,False,
98422291,,,,,,False,
98422860,,,,,,False,
98423311,,,,,,False,
98423821,,,,,,False,
98424481,,,,,,False,
98425594,,,,,,False,
98427667,,,,,,False,
98429670,,,,,,False,
98430440,,,,,,False,
98431068,,,,,,False,
98431834,,,,,,False,
98432705,,,,,,False,
98433042,,,,,,False,
98433518,,,,,,False,
98433794,,,,,,False,
98434364,,,,,,False,
98434818,,,,,,False,
98435103,,,,,,False,
98435459,,,,,,False,
98436027,,,,,,False,
98436465,,,,,,False,
98436818,,,,,,False,
98449179,,,,,,False,
98457128,,,,,,False,
98457372,,,,,,False,
98457656,,,,,,False,
98457802,,,,,,False,
98458082,,,,,,False,
98458414,,,,,,False,
98458672,,,,,,False,
98459385,,,,,,False,
98459636,,,,,,False,
98459756,,,,,,False,
98459981,,,,,,False,
98460306,,,,,,False,
98460598,,,,,,False,
98460631,,,,,,False,
98460747,,,,,,False,
98460871,,,,,,False,
98461086,,,,,,False,
98461189,,,,,,False,
98461306,,,,,,False,
98461611,,,,,,False,
98499749,,,,,,False,
98499875,,,,,,False,
98499976,,,,,,False,
98500099,,,,,,False,
98500191,,,,,,False,
98500311,,,,,,False,
98500379,,,,,,False,
98500477,,,,,,False,
98500543,,,,,,False,
98500622,,,,,,False,
98500758,,,,,,False,
98500854,,,,,,False,
98501026,,,,,,False,
98501289,,,,,,False,
98501394,,,,,,False,
98501605,,,,,,False,
98516901,,,,,,False,
98516953,,,,,,False,
98517040,,,,,,False,
98517148,,,,,,False,
98517280,,,,,,False,
98517465,,,,,,False,
98517667,,,,,,False,
98520349,,,,,,False,
98521429,,,,,,False,
98521720,,,,,,False,
98522414,,,,,,False,
98523130,,,,,,False,
98523695,,,,,,False,
98523895,,,,,,False,
98524587,,,,,,False,
98526631,,,,,,False,
98526851,,,,,,False,
98527688,,,,,,False,
98528184,,,,,,False,
98528362,,,,,,False,
98528487,,,,,,False,
98532184,,,,,,False,
98533310,,,,,,False,
98533681,,,,,,False,
98534097,,,,,,False,
98534387,,,,,,False,
98534599,,,,,,False,
98535131,,,,,,False,
98535472,,,,,,False,
98535842,,,,,,False,
98536057,,,,,,False,
98536445,,,,,,False,
98538037,,,,,,False,
98538610,,,,,,False,
98539403,,,,,,False,
98565533,,,,,,False,
98565764,,,,,,False,
98566118,,,,,,False,
98566349,,,,,,False,
98566607,,,,,,False,
98566930,,,,,,False,
98567155,,,,,,False,
98567573,,,,,,False,
98568145,,,,,,False,
98572677,,,,,,False,
98573214,,,,,,False,
98573659,,,,,,False,
98574123,,,,,,False,
98574533,,,,,,False,
98575740,,,,,,False,
98576201,,,,,,False,
98576709,,,,,,False,
98577240,,,,,,False,
98577711,,,,,,False,
98578309,,,,,,False,
98578806,,,,,,False,
98579320,,,,,,False,
98579678,,,,,,False,
98580182,,,,,,False,
98580656,,,,,,False,
98581151,,,,,,False,
98581917,,,,,,False,
98582300,,,,,,False,
98582722,,,,,,False,
98583145,,,,,,False,
98583747,,,,,,False,
98584298,,,,,,False,
98584794,,,,,,False,
98585156,,,,,,False,
98585608,,,,,,False,
98585989,,,,,,False,
98586360,,,,,,False,
98587776,,,,,,False,
98588102,,,,,,False,
98588438,,,,,,False,
98589241,,,,,,False,
98589617,,,,,,False,
98589907,,,,,,False,
98590333,,,,,,False,
98590854,,,,,,False,
98596005,,,,,,False,
98597307,,,,,,False,
100913334,,,,,,False,
101195208,,,,,,False,
101195880,,,,,,False,
101196287,,,,,,False,
101196594,,,,,,False,
101197456,,,,,,False,
101197890,,,,,,False,
101201434,,,,,,False,
101201833,,,,,,False,
101340552,,,,,,False,
101341174,,,,,,False,
108993548,,,,,,False,
125992427,,,,,,False,
98573972,,,,,,False,
98574290,,,,,,False,
98574791,,,,,,False,
98575261,,,,,,False,
98575977,,,,,,False,
98586683,,,,,,False,
98588078,,,,,,False,
98592992,,,,,,False,
98594054,,,,,,False,
101194805,,,,,,False,
101198477,,,,,,False,
101200818,,,,,,False,
108993465,,,,,,False,
108993503,,,,,,False,
125992463,,,,,,False,
98588561,,,,,,False,
98595231,,,,,,False,
101195555,,,,,,False,
101200362,,,,,,False,
108786429,,,,,,False,
108786473,,,,,,False,
108786511,,,,,,False,
108786596,,,,,,False,
108786673,,,,,,False,
115852759,,,,,,False,
115864311,,,,,,False,
115867398,,,,,,False,
115870018,,,,,,False,
115874592,,,,,,False,
115880321,,,,,,False,
115882372,,,,,,False,
115892190,,,,,,False,
115897781,,,,,,False,
115934687,,,,,,False,
115936448,,,,,,False,
115938518,,,,,,False,
115954198,,,,,,False,
115968617,,,,,,False,
115973033,,,,,,False,
115979943,,,,,,False,
115983435,,,,,,False,
116134068,,,,,,False,
116139488,,,,,,False,
116141199,,,,,,False,
116143083,,,,,,False,
116145364,,,,,,False,
116147161,,,,,,False,
116320868,,,,,,False,
116321621,,,,,,False,
116322435,,,,,,False,
116323575,,,,,,False,
116324404,,,,,,False,
116325601,,,,,,False,
116326386,,,,,,False,
116327501,,,,,,False,
116328708,,,,,,False,
116329740,,,,,,False,
116330788,,,,,,False,
116332269,,,,,,False,
116333587,,,,,,False,
117051807,,,,,,False,
117052954,,,,,,False,
117054768,,,,,,False,
117056570,,,,,,False,
117057922,,,,,,False,
117058812,,,,,,False,
117060208,,,,,,False,
117062784,,,,,,False,
117063588,,,,,,False,
117064546,,,,,,False,
117067074,,,,,,False,
117069885,,,,,,False,
117070943,,,,,,False,
117072003,,,,,,False,
117073081,,,,,,False,
117078178,,,,,,False,
117080535,,,,,,False,
117085299,,,,,,False,
117086081,,,,,,False,
117086783,,,,,,,
117087750,,,,,,False,
117089339,,,,,,False,
117090329,,,,,,False,
117090917,,,,,,False,
117091812,,,,,,False,
117093276,,,,,,False,
117095071,,,,,,False,
117095574,,,,,,False,
117096175,,,,,,False,
117097166,,,,,,False,
117098172,,,,,,False,
117098596,,,,,,False,
117099045,,,,,,False,
117099442,,,,,,False,
117100163,,,,,,False,
117100724,,,,,,False,
117101201,,,,,,False,
117101952,,,,,,False,
117102811,,,,,,False,
117103496,,,,,,False,
117104095,,,,,,False,
117104942,,,,,,False,
117105672,,,,,,False,
117106087,,,,,,False,
117106426,,,,,,False,
117107096,,,,,,False,
117107338,,,,,,False,
117107749,,,,,,False,
117107960,,,,,,False,
117108146,,,,,,False,
117108380,,,,,,False,
117108571,,,,,,False,
117109574,,,,,,,
117110843,,,,,,False,
117111326,,,,,,False,
117111648,,,,,,False,
117129165,,,,,,False,
117129901,,,,,,False,
117130567,,,,,,False,
117130987,,,,,,False,
117133738,,,,,,False,
117134469,,,,,,False,
117135430,,,,,,False,
117137093,,,,,,False,
117141250,,,,,,False,
117142101,,,,,,False,
117142704,,,,,,False,
117143622,,,,,,False,
117144415,,,,,,False,
117146139,,,,,,False,
117146850,,,,,,False,
117147737,,,,,,False,
117148710,,,,,,False,
117149185,,,,,,False,
117149789,,,,,,False,
117150289,,,,,,False,
117150719,,,,,,False,
117177788,,,,,,False,
117177960,,,,,,False,
117178279,,,,,,False,
117178788,,,,,,False,
117179065,,,,,,False,
117179923,,,,,,False,
117233551,,,,,,False,
117234004,,,,,,False,
117234476,,,,,,False,
117235164,,,,,,False,
117235562,,,,,,False,
117237311,,,,,,False,
117238107,,,,,,False,
117240560,,,,,,False,
117241110,,,,,,False,
117262330,,,,,,False,
117262685,,,,,,False,
117263028,,,,,,False,
117263511,,,,,,False,
117263886,,,,,,False,
117264322,,,,,,False,
117265680,,,,,,False,
117266350,,,,,,False,
117266945,,,,,,False,
117267746,,,,,,False,
117268959,,,,,,False,
117271190,,,,,,False,
117271909,,,,,,False,
117273515,,,,,,False,
117274039,,,,,,False,
117274833,,,,,,False,
117275872,,,,,,False,
117276673,,,,,,False,
117277270,,,,,,False,
117278044,,,,,,False,
117278511,,,,,,False,
117278948,,,,,,False,
117279741,,,,,,False,
117280323,,,,,,False,
117281929,,,,,,False,
117282452,,,,,,False,
117287279,,,,,,False,
117287936,,,,,,False,
117288401,,,,,,False,
117289321,,,,,,False,
117289678,,,,,,False,
117289986,,,,,,False,
117290355,,,,,,False,
117291285,,,,,,False,
117292380,,,,,,False,
117292825,,,,,,False,
117465136,,,,,,False,
117465544,,,,,,False,
117465979,,,,,,False,
117467027,,,,,,False,
117467376,,,,,,False,
117467716,,,,,,False,
117468829,,,,,,False,
117469272,,,,,,False,
117470053,,,,,,False,
117470982,,,,,,False,
117471668,,,,,,False,
117472107,,,,,,False,
117473023,,,,,,False,
117473374,,,,,,False,
117474765,,,,,,False,
117475699,,,,,,False,
117476029,,,,,,False,
117476753,,,,,,False,
117477118,,,,,,False,
117477450,,,,,,False,
117898555,,,,,,False,
117899153,,,,,,,
117900125,,,,,,False,
117900915,,,,,,False,
117901338,,,,,,False,
117901864,,,,,,False,
117902284,,,,,,False,
117904847,,,,,,False,
117906588,,,,,,False,
117908584,,,,,,False,
117909647,,,,,,False,
117910729,,,,,,False,
117913858,,,,,,False,
117914572,,,,,,False,
117915280,,,,,,False,
117915679,,,,,,False,
117916072,,,,,,False,
117916401,,,,,,False,
117916983,,,,,,,
117917353,,,,,,False,
117918868,,,,,,False,
117920514,,,,,,False,
117920995,,,,,,False,
118405405,,,,,,,
118405842,,,,,,,
118410089,,,,,,False,
118410569,,,,,,False,
118412352,,,,,,False,
118414223,,,,,,False,
118414383,,,,,,False,
118414485,,,,,,False,
118414589,,,,,,False,
118414764,,,,,,False,
119427265,,,,,,False,
119427575,,,,,,False,
119428858,,,,,,False,
121205376,,,,,,False,
121213449,,,,,,False,
121254740,,,,,,False,
121254924,,,,,,False,
121255360,,,,,,False,
121255576,,,,,,False,
121255923,,,,,,False,
121256242,,,,,,,
121256537,,,,,,False,
117904141,,,,,,,
117905846,,,,,,False,
117909947,,,,,,False,
117910218,,,,,,False,
121260668,,,,,,False,
44263092,,,,,,,
44263284,,,,,,,
44263412,,,,,,,
55495132,,,,,,,
86049361,,,,,,False,
44262892,,,,,,,
44262960,,,,,,,
44263527,,,,,,,
44263588,,,,,,,
44263610,,,,,,,
44263652,,,,,,,
44263688,,,,,,,
44263711,,,,,,,
44263738,,,,,,,
44263760,,,,,,,
44263795,,,,,,,
55495293,,,,,,,
55495463,,,,,,,
55495778,,,,,,,
55496116,,,,,,,
55496241,,,,,,,
62418696,,,,,,,
62418775,,,,,,,
66382203,,,,,,False,
66382205,,,,,,False,
66382207,,,,,,False,
86049605,,,,,,False,
86049858,,,,,,False,
44262925,,,,,,,
44262984,,,,,,,
44263011,,,,,,,
44263045,,,,,,,
44263216,,,,,,,
44263560,,,,,,,
56034616,,,,,,,
48560399,,,,,,,
48560488,,,,,,,
48560560,,,,,,,
48560648,,,,,,,
48564424,,,,,,,
48564809,,,,,,,
48567027,,,,,,,
85957262,,,,,,False,
85957667,,,,,,False,
48564893,,,,,,,
48559906,,,,,,,
48559984,,,,,,,
48560729,,,,,,,
48560819,,,,,,,
48560896,,,,,,,
48560959,,,,,,,
48561132,,,,,,,
48561207,,,,,,,
48561288,,,,,,,
48561388,,,,,,,
48561532,,,,,,,
48561599,,,,,,,
48564102,,,,,,,
48564332,,,,,,,
48564521,,,,,,,
48564637,,,,,,,
62417995,,,,,,,
62418084,,,,,,,
62418347,,,,,,,
85957042,,,,,,False,
48560065,,,,,,,
48560118,,,,,,,
48560214,,,,,,,
48560282,,,,,,,
48561037,,,,,,,
48561471,,,,,,,
48564235,,,,,,,
61990054,,,,,,,
61990099,,,,,,,
61990108,,,,,,,
64839426,,,,,,False,
64839584,,,,,,False,
66621630,,,,,,False,
61990074,,,,,,,
61990193,,,,,,,
61990210,,,,,,,
61990217,,,,,,,
64839205,,,,,,False,
64839232,,,,,,False,
64839300,,,,,,False,
64839356,,,,,,False,
64839473,,,,,,False,
64839536,,,,,,False,
64839622,,,,,,False,
64839689,,,,,,False,
66411014,,,,,,False,
61990202,,,,,,,
75716135,,,,,,False,
75716990,,,,,,False,
75718087,,,,,,False,
75718678,,,,,,False,
75719350,,,,,,False,
75758628,,,,,,False,
75758838,,,,,,False,
75759047,,,,,,False,
75759233,,,,,,False,
75759411,,,,,,False,
75759584,,,,,,False,
75759853,,,,,,False,
75760150,,,,,,False,
75760351,,,,,,False,
75760476,,,,,,False,
75760646,,,,,,False,
75761042,,,,,,False,
75761171,,,,,,False,
75761314,,,,,,False,
75761461,,,,,,False,
75761617,,,,,,False,
75761755,,,,,,False,
75762073,,,,,,False,
75762361,,,,,,False,
75771226,,,,,,False,
75771317,,,,,,False,
75771451,,,,,,False,
75771545,,,,,,False,
75771635,,,,,,False,
75775620,,,,,,False,
75775740,,,,,,False,
75775848,,,,,,False,
75775950,,,,,,False,
75776064,,,,,,False,
75776173,,,,,,False,
75776278,,,,,,False,
75776372,,,,,,False,
75776485,,,,,,False,
75776604,,,,,,False,
75776874,,,,,,False,
75777173,,,,,,False,
75777309,,,,,,False,
75777400,,,,,,False,
75777531,,,,,,False,
75777656,,,,,,False,
75777769,,,,,,False,
75777886,,,,,,False,
75778012,,,,,,False,
75778161,,,,,,False,
75778296,,,,,,False,
75778450,,,,,,False,
76394797,,,,,,False,
76440297,,,,,,False,
76440805,,,,,,False,
76442450,,,,,,False,
76662871,,,,,,False,
76663943,,,,,,False,
76664668,,,,,,False,
76665566,,,,,,False,
76666323,,,,,,False,
76666762,,,,,,False,
76667454,,,,,,False,
76668697,,,,,,False,
76669184,,,,,,False,
76669635,,,,,,False,
76670088,,,,,,False,
76670354,,,,,,False,
76670540,,,,,,False,
76670717,,,,,,False,
76670945,,,,,,False,
76671348,,,,,,False,
76671617,,,,,,False,
76671786,,,,,,False,
76672479,,,,,,False,
76673000,,,,,,False,
76673430,,,,,,False,
76914253,,,,,,False,
76916607,,,,,,False,
76919983,,,,,,False,
80204023,,,,,,False,
80204865,,,,,,False,
80282535,,,,,,False,
80283249,,,,,,False,
80285181,,,,,,False,
80286374,,,,,,False,
80287040,,,,,,False,
80287642,,,,,,False,
80289324,,,,,,False,
80497394,,,,,,False,
80499284,,,,,,False,
80500464,,,,,,False,
80500940,,,,,,False,
80501417,,,,,,False,
80502339,,,,,,False,
80502928,,,,,,False,
80539543,,,,,,False,
80540359,,,,,,False,
80540956,,,,,,False,
80541245,,,,,,False,
80541578,,,,,,False,
80543174,,,,,,False,
80543844,,,,,,False,
80544128,,,,,,False,
80544519,,,,,,False,
80544866,,,,,,False,
80545194,,,,,,False,
80667687,,,,,,False,
80669014,,,,,,False,
81213667,,,,,,False,
81803431,,,,,,False,
81803499,,,,,,False,
81803574,,,,,,False,
81803822,,,,,,False,
81803885,,,,,,False,
81804037,,,,,,False,
81804105,,,,,,False,
81804193,,,,,,False,
81804347,,,,,,False,
81804468,,,,,,False,
81804533,,,,,,False,
81804594,,,,,,False,
81804663,,,,,,False,
81804719,,,,,,False,
81804815,,,,,,False,
81804893,,,,,,False,
81805203,,,,,,False,
81805294,,,,,,False,
81805412,,,,,,False,
81805479,,,,,,False,
81805556,,,,,,False,
81805637,,,,,,False,
81805712,,,,,,False,
81805794,,,,,,False,
81805858,,,,,,False,
81805957,,,,,,False,
81806049,,,,,,False,
81806928,,,,,,False,
81807390,,,,,,False,
81807550,,,,,,False,
81807725,,,,,,False,
81807809,,,,,,False,
81807873,,,,,,False,
81807943,,,,,,False,
81808109,,,,,,False,
81808371,,,,,,False,
81808508,,,,,,False,
81808606,,,,,,False,
81808732,,,,,,False,
81808865,,,,,,False,
82376634,,,,,,False,
82377558,,,,,,False,
82378986,,,,,,False,
82379527,,,,,,False,
82464707,,,,,,False,
82474041,,,,,,False,
82481662,,,,,,False,
82482625,,,,,,False,
82483763,,,,,,False,
82495267,,,,,,False,
82497829,,,,,,False,
82528637,,,,,,False,
82529547,,,,,,False,
82530259,,,,,,False,
82531153,,,,,,False,
82533607,,,,,,False,
82534448,,,,,,False,
82545119,,,,,,False,
82545958,,,,,,False,
82546646,,,,,,False,
82547174,,,,,,False,
82548452,,,,,,False,
82549027,,,,,,False,
82550024,,,,,,False,
82550809,,,,,,False,
82551840,,,,,,False,
82554652,,,,,,False,
82555603,,,,,,False,
82556608,,,,,,False,
82557141,,,,,,False,
82557568,,,,,,False,
82558085,,,,,,False,
82558758,,,,,,False,
82559336,,,,,,False,
82564045,,,,,,False,
82564391,,,,,,False,
82564668,,,,,,False,
82565292,,,,,,False,
82565599,,,,,,False,
82565935,,,,,,False,
82566308,,,,,,False,
82566716,,,,,,False,
82567173,,,,,,False,
82567624,,,,,,False,
82568007,,,,,,False,
82568452,,,,,,False,
82569136,,,,,,False,
82569635,,,,,,False,
82582452,,,,,,False,
82589580,,,,,,False,
82589802,,,,,,False,
82590280,,,,,,False,
82591249,,,,,,False,
82591577,,,,,,False,
82591963,,,,,,False,
82592147,,,,,,False,
82592492,,,,,,False,
82592906,,,,,,False,
82593160,,,,,,False,
82593429,,,,,,False,
82593831,,,,,,False,
82594057,,,,,,False,
82594336,,,,,,False,
82594615,,,,,,False,
82594847,,,,,,False,
82595111,,,,,,False,
82595315,,,,,,False,
82598628,,,,,,False,
82598863,,,,,,False,
82599652,,,,,,False,
82599931,,,,,,False,
80664600,,,,,,False,
80670629,,,,,,False,
80671496,,,,,,False,
80672367,,,,,,False,
80674757,,,,,,False,
80675425,,,,,,False,
80676557,,,,,,False,
80677902,,,,,,False,
80678796,,,,,,False,
80680963,,,,,,False,
80681330,,,,,,False,
81202092,,,,,,False,
81212950,,,,,,False,
82375147,,,,,,False,
82578918,,,,,,False,
82583607,,,,,,False,
82585671,,,,,,False,
104437781,,,,,,False,
104439856,,,,,,False,
104607784,,,,,,False,
104610426,,,,,,False,
104613538,,,,,,False,
104613543,,,,,,False,
104613548,,,,,,False,
104615967,,,,,,False,
104616560,,,,,,False,
104666730,,,,,,False,
104667396,,,,,,False,
104668293,,,,,,False,
104668684,,,,,,False,
104669403,,,,,,False,
104672957,,,,,,False,
104673863,,,,,,False,
104674668,,,,,,False,
104675182,,,,,,False,
104676416,,,,,,False,
104677254,,,,,,False,
104677628,,,,,,False,
104679834,,,,,,False,
104680552,,,,,,False,
104681266,,,,,,False,
104696959,,,,,,False,
104697193,,,,,,False,
104697760,,,,,,False,
104698034,,,,,,False,
104698343,,,,,,False,
104698724,,,,,,False,
104704132,,,,,,False,
104704347,,,,,,False,
104704789,,,,,,False,
104704972,,,,,,False,
104705206,,,,,,False,
104705397,,,,,,False,
104705536,,,,,,False,
104705748,,,,,,False,
104705860,,,,,,False,
104706024,,,,,,False,
104706477,,,,,,False,
104706762,,,,,,False,
104706939,,,,,,False,
104707769,,,,,,False,
104708137,,,,,,False,
104718886,,,,,,False,
104719305,,,,,,False,
104720489,,,,,,False,
104721236,,,,,,False,
104724671,,,,,,False,
104725271,,,,,,False,
104726069,,,,,,False,
104726702,,,,,,False,
104728021,,,,,,False,
105062192,,,,,,False,
105062810,,,,,,False,
105063710,,,,,,False,
105064408,,,,,,False,
105065441,,,,,,False,
105068846,,,,,,False,
105069328,,,,,,False,
105218334,,,,,,False,
105218863,,,,,,False,
105219371,,,,,,False,
105226751,,,,,,False,
105227042,,,,,,False,
105227324,,,,,,False,
105227855,,,,,,False,
105228124,,,,,,False,
105248373,,,,,,False,
105248909,,,,,,False,
105257303,,,,,,False,
105257889,,,,,,False,
105258189,,,,,,False,
105259833,,,,,,False,
105260207,,,,,,False,
105260550,,,,,,False,
105260865,,,,,,False,
105261160,,,,,,False,
105263426,,,,,,False,
105263684,,,,,,False,
105263837,,,,,,False,
105264091,,,,,,False,
105271186,,,,,,False,
105271278,,,,,,False,
105271369,,,,,,False,
105271634,,,,,,False,
105271785,,,,,,False,
105271946,,,,,,False,
105272040,,,,,,False,
105272172,,,,,,False,
105272404,,,,,,False,
105272560,,,,,,False,
105280443,,,,,,False,
105280745,,,,,,False,
105281294,,,,,,False,
105281814,,,,,,False,
105282014,,,,,,False,
105282230,,,,,,False,
105282381,,,,,,False,
105282566,,,,,,False,
105282822,,,,,,False,
105283077,,,,,,False,
105310756,,,,,,False,
105320626,,,,,,False,
105322239,,,,,,False,
105322555,,,,,,False,
105322893,,,,,,False,
105323263,,,,,,False,
105346878,,,,,,False,
105348927,,,,,,False,
105349696,,,,,,False,
105352625,,,,,,False,
105380191,,,,,,False,
105380242,,,,,,False,
105380331,,,,,,False,
105380384,,,,,,False,
105385000,,,,,,False,
105385317,,,,,,False,
105385387,,,,,,False,
105385512,,,,,,False,
105385987,,,,,,False,
105386102,,,,,,False,
105386195,,,,,,False,
105389803,,,,,,False,
105389940,,,,,,False,
105390192,,,,,,False,
105390837,,,,,,False,
105410425,,,,,,False,
104436132,,,,,,False,
105285932,,,,,,False,
105286382,,,,,,False,
105288559,,,,,,False,
105289787,,,,,,False,
105290603,,,,,,False,
105311507,,,,,,False,
105312553,,,,,,False,
105313757,,,,,,False,
105314234,,,,,,False,
105316983,,,,,,False,
105317688,,,,,,False,
105318429,,,,,,False,
105318767,,,,,,False,
105320299,,,,,,False,
105321038,,,,,,False,
105321332,,,,,,False,
105407696,,,,,,False,
105410708,,,,,,False,
115468414,,,,,,False,
117692576,,,,,,False,
117693843,,,,,,False,
117694749,,,,,,False,
117696468,,,,,,False,
118317968,,,,,,False,
119674509,,,,,,False,
119682712,,,,,,False,
119684353,,,,,,False,
119685991,,,,,,False,
121064854,,,,,,False,
121114112,,,,,,False,
121114515,,,,,,False,
121114816,,,,,,False,
121115140,,,,,,False,
121115425,,,,,,False,
121115774,,,,,,False,
121116083,,,,,,False,
121116636,,,,,,False,
121116969,,,,,,False,
121117231,,,,,,False,
121117614,,,,,,False,
121117932,,,,,,False,
121118350,,,,,,False,
121118582,,,,,,False,
121119294,,,,,,False,
121122566,,,,,,False,
121215461,,,,,,False,
121215710,,,,,,False,
121218162,,,,,,False,
121218326,,,,,,False,
121218389,,,,,,False,
121218618,,,,,,False,
121218656,,,,,,False,
121218709,,,,,,False,
121218718,,,,,,False,
121218745,,,,,,False,
121218771,,,,,,False,
121218780,,,,,,False,
121218788,,,,,,False,
121218797,,,,,,False,
121218801,,,,,,False,
121218812,,,,,,False,
121218818,,,,,,False,
121218820,,,,,,False,
121218826,,,,,,False,
121218836,,,,,,False,
121218839,,,,,,False,
121218953,,,,,,False,
121218966,,,,,,False,
121218975,,,,,,False,
121218986,,,,,,False,
121218987,,,,,,False,
121219005,,,,,,False,
121219011,,,,,,False,
121219023,,,,,,False,
121219043,,,,,,False,
121254341,,,,,,,
121254441,,,,,,False,
121254556,,,,,,False,
121254635,,,,,,False,
121254718,,,,,,False,
121255033,,,,,,False,
121255129,,,,,,False,
121256339,,,,,,False,
121256443,,,,,,False,
121257075,,,,,,False,
121257199,,,,,,False,
115217760,,,,,,False,
118330130,,,,,,False,
118334004,,,,,,False,
118335862,,,,,,False,
119679569,,,,,,False,
121064194,,,,,,False,
121119565,,,,,,False,
121119869,,,,,,False,
121120137,,,,,,False,
121121080,,,,,,False,
121121529,,,,,,False,
121124541,,,,,,False,
121215314,,,,,,False,
121217333,,,,,,False,
121217739,,,,,,False,
121218498,,,,,,False,
121218629,,,,,,False,
121218637,,,,,,False,
121218668,,,,,,False,
121255686,,,,,,False,
44210496,,,,,,,
44210531,,,,,,,
44210729,,,,,,,
44211164,,,,,,,
66190628,,,,,,False,
66190656,,,,,,False,
66190686,,,,,,False,
66190693,,,,,,False,
66190704,,,,,,False,
66190746,,,,,,False,
44210390,,,,,,,
44210448,,,,,,,
44210694,,,,,,,
44210886,,,,,,,
44211099,,,,,,,
44211224,,,,,,,
44211285,,,,,,,
44211639,,,,,,,
44211830,,,,,,,
44211966,,,,,,,
44211917,,,,,,,
47858540,,,,,,,
47858686,,,,,,,
47858925,,,,,,,
47859035,,,,,,,
47863278,,,,,,,
47866076,,,,,,,
66190291,,,,,,False,
66196175,,,,,,False,
47859204,,,,,,,
47859434,,,,,,,
47859632,,,,,,,
47859744,,,,,,,
47859948,,,,,,,
47860799,,,,,,,
47860947,,,,,,,
47862073,,,,,,,
47862290,,,,,,,
47862760,,,,,,,
47865042,,,,,,,
66190275,,,,,,False,
66196186,,,,,,False,
66196202,,,,,,False,
47860414,,,,,,,
47860551,,,,,,,
47861159,,,,,,,
47861376,,,,,,,
47861543,,,,,,,
47861789,,,,,,,
47861947,,,,,,,
47862571,,,,,,,
47862920,,,,,,,
62021926,,,,,,,
62023815,,,,,,,
62161675,,,,,,,
64758392,,,,,,False,
64758552,,,,,,False,
64758730,,,,,,False,
64758791,,,,,,False,
64758819,,,,,,False,
64758931,,,,,,False,
64759057,,,,,,False,
64759083,,,,,,False,
64759185,,,,,,False,
64759206,,,,,,False,
61961788,,,,,,,
61962005,,,,,,,
61963778,,,,,,,
61964138,,,,,,,
61964671,,,,,,,
62161476,,,,,,,
64758356,,,,,,False,
64758636,,,,,,False,
64758673,,,,,,False,
64759140,,,,,,False,
75589882,,,,,,False,
75591227,,,,,,False,
76025043,,,,,,False,
76025799,,,,,,False,
76026721,,,,,,False,
76027224,,,,,,False,
76027692,,,,,,False,
76028229,,,,,,False,
76028528,,,,,,False,
76029117,,,,,,False,
76029476,,,,,,False,
76029874,,,,,,False,
76710451,,,,,,False,
76718878,,,,,,False,
76753436,,,,,,False,
76754372,,,,,,False,
76759589,,,,,,False,
76760892,,,,,,False,
76761883,,,,,,False,
76763013,,,,,,False,
76763732,,,,,,False,
76764494,,,,,,False,
76765114,,,,,,False,
78557655,,,,,,False,
78559777,,,,,,False,
78561296,,,,,,False,
78562363,,,,,,False,
78563280,,,,,,False,
78565509,,,,,,False,
78567743,,,,,,False,
78873094,,,,,,False,
79730151,,,,,,False,
79802769,,,,,,False,
79803596,,,,,,False,
79804316,,,,,,False,
79805043,,,,,,False,
79805600,,,,,,False,
79806074,,,,,,False,
79806737,,,,,,False,
79807154,,,,,,False,
79807722,,,,,,False,
79808215,,,,,,False,
79808646,,,,,,False,
79809028,,,,,,False,
79809429,,,,,,False,
79809822,,,,,,False,
79810215,,,,,,False,
79810587,,,,,,False,
79811191,,,,,,False,
79811598,,,,,,False,
79811961,,,,,,False,
79812482,,,,,,False,
79813189,,,,,,False,
79813861,,,,,,False,
79814679,,,,,,False,
79815226,,,,,,False,
79815943,,,,,,False,
79816609,,,,,,False,
79817215,,,,,,False,
79817814,,,,,,False,
79818216,,,,,,False,
79818643,,,,,,False,
79819095,,,,,,False,
79819427,,,,,,False,
79820071,,,,,,False,
79823925,,,,,,False,
79824531,,,,,,False,
79825066,,,,,,False,
79825554,,,,,,False,
79826063,,,,,,False,
79826570,,,,,,False,
79827060,,,,,,False,
79827963,,,,,,False,
79828496,,,,,,False,
79829120,,,,,,False,
79829817,,,,,,False,
79830399,,,,,,False,
79831060,,,,,,False,
79832370,,,,,,False,
79832967,,,,,,False,
79833576,,,,,,False,
79834201,,,,,,False,
79834714,,,,,,False,
79835408,,,,,,False,
79836002,,,,,,False,
79836516,,,,,,False,
79837037,,,,,,False,
79837530,,,,,,False,
79838088,,,,,,False,
79838552,,,,,,False,
79839887,,,,,,False,
79840522,,,,,,False,
79841122,,,,,,False,
79841945,,,,,,False,
79842465,,,,,,False,
79842944,,,,,,False,
79843490,,,,,,False,
79844128,,,,,,False,
80570969,,,,,,False,
80572458,,,,,,False,
80572758,,,,,,False,
80572981,,,,,,False,
80573709,,,,,,False,
80574276,,,,,,False,
80574635,,,,,,False,
80575177,,,,,,False,
80575505,,,,,,False,
80575847,,,,,,False,
80576371,,,,,,False,
80576787,,,,,,False,
80577089,,,,,,False,
80577395,,,,,,False,
80577719,,,,,,False,
80577978,,,,,,False,
80578249,,,,,,False,
80578526,,,,,,False,
80581126,,,,,,False,
80747681,,,,,,False,
80748480,,,,,,False,
80749054,,,,,,False,
82859336,,,,,,False,
82859802,,,,,,False,
82860171,,,,,,False,
82860640,,,,,,False,
82861085,,,,,,False,
82861942,,,,,,False,
82862661,,,,,,False,
82863450,,,,,,False,
82863793,,,,,,False,
82864270,,,,,,False,
82868387,,,,,,False,
82868703,,,,,,False,
82868707,,,,,,False,
82869273,,,,,,False,
82870300,,,,,,False,
82870795,,,,,,False,
82871088,,,,,,False,
82871846,,,,,,False,
82872650,,,,,,False,
82874736,,,,,,False,
82875375,,,,,,False,
82877377,,,,,,False,
82878026,,,,,,False,
82879194,,,,,,False,
82880973,,,,,,False,
82887247,,,,,,False,
82889664,,,,,,False,
82890529,,,,,,False,
82901568,,,,,,False,
82933555,,,,,,False,
82934525,,,,,,False,
82942628,,,,,,False,
82943031,,,,,,False,
82943598,,,,,,False,
82944155,,,,,,False,
82945063,,,,,,False,
82945970,,,,,,False,
82946815,,,,,,False,
82982893,,,,,,False,
82983432,,,,,,False,
82983733,,,,,,False,
82984241,,,,,,False,
82984672,,,,,,False,
82985079,,,,,,False,
82985316,,,,,,False,
82985539,,,,,,False,
82985722,,,,,,False,
82986093,,,,,,False,
82986382,,,,,,False,
82986750,,,,,,False,
82986939,,,,,,False,
82987332,,,,,,False,
82987675,,,,,,False,
82987958,,,,,,False,
82988419,,,,,,False,
82988992,,,,,,False,
82989290,,,,,,False,
82989521,,,,,,False,
82989751,,,,,,False,
82990009,,,,,,False,
82990222,,,,,,False,
82990481,,,,,,False,
82990654,,,,,,False,
82990852,,,,,,False,
82991236,,,,,,False,
82991513,,,,,,False,
82991789,,,,,,False,
82992060,,,,,,False,
82992953,,,,,,False,
82993239,,,,,,False,
82993426,,,,,,False,
82993614,,,,,,False,
82993839,,,,,,False,
82994077,,,,,,False,
82994323,,,,,,False,
82994539,,,,,,False,
82994805,,,,,,False,
82995059,,,,,,False,
82995419,,,,,,False,
82995784,,,,,,False,
82996333,,,,,,False,
126998057,,,,,,False,
127969368,,,,,,False,
127969495,,,,,,False,
126997169,,,,,,False,
82902320,,,,,,False,
82903140,,,,,,False,
82906245,,,,,,False,
82908096,,,,,,False,
82919590,,,,,,False,
82921150,,,,,,False,
82925052,,,,,,False,
82925792,,,,,,False,
82928400,,,,,,False,
82932993,,,,,,False,
82948986,,,,,,False,
82951856,,,,,,False,
126997865,,,,,,False,
127969320,,,,,,False,
76198842,,,,,,False,
76202491,,,,,,False,
76204680,,,,,,False,
76205766,,,,,,False,
76262532,,,,,,False,
76263667,,,,,,False,
76462628,,,,,,False,
76463683,,,,,,False,
76463946,,,,,,False,
76467408,,,,,,False,
76468260,,,,,,False,
76468739,,,,,,False,
76469217,,,,,,False,
76469548,,,,,,False,
76470002,,,,,,False,
76470578,,,,,,False,
76471165,,,,,,False,
76471650,,,,,,False,
76472140,,,,,,False,
76472580,,,,,,False,
76473843,,,,,,False,
76474309,,,,,,False,
76474861,,,,,,False,
76475558,,,,,,False,
76476050,,,,,,False,
76476711,,,,,,False,
76477611,,,,,,False,
76478243,,,,,,False,
76478930,,,,,,False,
76479845,,,,,,False,
76480560,,,,,,False,
76481175,,,,,,False,
76482024,,,,,,False,
76482730,,,,,,False,
76485887,,,,,,False,
76488057,,,,,,False,
76489751,,,,,,False,
76491047,,,,,,False,
76493124,,,,,,False,
76699145,,,,,,False,
76699476,,,,,,False,
76699756,,,,,,False,
76700877,,,,,,False,
76701400,,,,,,False,
76701721,,,,,,False,
76702038,,,,,,False,
76702310,,,,,,False,
76702597,,,,,,False,
76702939,,,,,,False,
76703237,,,,,,False,
76703650,,,,,,False,
76703925,,,,,,False,
76704247,,,,,,False,
76706958,,,,,,False,
76707322,,,,,,False,
76707977,,,,,,False,
76708493,,,,,,False,
76708905,,,,,,False,
76709832,,,,,,False,
76711016,,,,,,False,
76714540,,,,,,False,
76715947,,,,,,False,
76716690,,,,,,False,
76717549,,,,,,False,
76718196,,,,,,False,
76726704,,,,,,False,
76727599,,,,,,False,
76729161,,,,,,False,
76730094,,,,,,False,
76730941,,,,,,False,
76731772,,,,,,False,
76732673,,,,,,False,
76733539,,,,,,False,
76734271,,,,,,False,
76741169,,,,,,False,
76741837,,,,,,False,
76742721,,,,,,False,
76743519,,,,,,False,
76744884,,,,,,False,
76745677,,,,,,False,
76746520,,,,,,False,
76747443,,,,,,False,
76748317,,,,,,False,
76749223,,,,,,False,
76750027,,,,,,False,
76750822,,,,,,False,
76751657,,,,,,False,
76752467,,,,,,False,
76755657,,,,,,False,
76756540,,,,,,False,
76757641,,,,,,False,
76758755,,,,,,False,
82902692,,,,,,False,
82905508,,,,,,False,
126996973,,,,,,False,
98470748,,,,,,False,
98615849,,,,,,False,
98616399,,,,,,False,
98730785,,,,,,False,
98744921,,,,,,False,
98746831,,,,,,False,
98753809,,,,,,False,
98754149,,,,,,False,
98771105,,,,,,False,
98771638,,,,,,False,
98772052,,,,,,False,
98773240,,,,,,False,
98774180,,,,,,False,
98774623,,,,,,False,
98813763,,,,,,False,
98910664,,,,,,False,
98911277,,,,,,False,
105495495,,,,,,False,
105496047,,,,,,False,
105496539,,,,,,False,
105499144,,,,,,False,
105500629,,,,,,False,
105500860,,,,,,False,
105501262,,,,,,False,
105544685,,,,,,False,
105544902,,,,,,False,
105545150,,,,,,False,
105545593,,,,,,False,
105545824,,,,,,False,
105545948,,,,,,False,
105546239,,,,,,False,
105546402,,,,,,False,
105546640,,,,,,False,
105546829,,,,,,False,
105547085,,,,,,False,
105547298,,,,,,False,
105548501,,,,,,False,
105558025,,,,,,False,
105564705,,,,,,False,
105565147,,,,,,False,
105570034,,,,,,False,
105573155,,,,,,False,
105573783,,,,,,False,
105574360,,,,,,False,
105574708,,,,,,False,
105575075,,,,,,False,
105575750,,,,,,False,
105576367,,,,,,False,
105577832,,,,,,False,
105578186,,,,,,False,
105578587,,,,,,False,
108601941,,,,,,False,
128141632,,,,,,False,
128141666,,,,,,False,
128141692,,,,,,False,
128141743,,,,,,False,
105553744,,,,,,False,
105555079,,,,,,False,
105556316,,,,,,False,
105556988,,,,,,False,
105560150,,,,,,False,
105560796,,,,,,False,
105561266,,,,,,False,
105563838,,,,,,False,
105566950,,,,,,False,
105567322,,,,,,False,
105567882,,,,,,False,
105568199,,,,,,False,
105568620,,,,,,False,
108601974,,,,,,False,
108602020,,,,,,False,
105557607,,,,,,False,
105561680,,,,,,False,
105565614,,,,,,False,
108601994,,,,,,False,
121467489,,,,,,False,
121470285,,,,,,False,
121471464,,,,,,False,
121606396,,,,,,False,
121606703,,,,,,False,
121606824,,,,,,False,
121606878,,,,,,False,
121606886,,,,,,False,
121606974,,,,,,False,
121607045,,,,,,False,
121607154,,,,,,False,
121607243,,,,,,False,
121607247,,,,,,False,
121607306,,,,,,False,
121607353,,,,,,False,
121607535,,,,,,False,
121607936,,,,,,False,
121608028,,,,,,False,
121608129,,,,,,False,
121608420,,,,,,False,
121608453,,,,,,False,
121608499,,,,,,False,
121608690,,,,,,False,
121608827,,,,,,False,
121608895,,,,,,False,
121609037,,,,,,False,
121609243,,,,,,False,
121609414,,,,,,False,
121609529,,,,,,False,
121609624,,,,,,False,
121609771,,,,,,False,
121609917,,,,,,False,
121610081,,,,,,False,
121610535,,,,,,False,
121610668,,,,,,False,
121610914,,,,,,False,
121612250,,,,,,False,
121612755,,,,,,False,
121612934,,,,,,False,
121613152,,,,,,False,
121613329,,,,,,False,
121613447,,,,,,False,
121613563,,,,,,False,
121613733,,,,,,False,
121614536,,,,,,False,
121614678,,,,,,False,
121615092,,,,,,False,
121615229,,,,,,False,
121615622,,,,,,False,
121615948,,,,,,False,
121787380,,,,,,False,
121787688,,,,,,False,
121787838,,,,,,False,
121792231,,,,,,False,
121792578,,,,,,False,
121792730,,,,,,False,
121792867,,,,,,False,
121793045,,,,,,False,
121793130,,,,,,False,
121793298,,,,,,False,
121793394,,,,,,False,
121793490,,,,,,False,
121793599,,,,,,False,
121793668,,,,,,False,
121793671,,,,,,False,
121793789,,,,,,False,
128119880,,,,,,False,
128119937,,,,,,False,
121606452,,,,,,False,
121606532,,,,,,False,
121606698,,,,,,False,
121606762,,,,,,,
121608181,,,,,,False,
121608233,,,,,,False,
121773212,,,,,,False,
43671521,,,,,,,
43671747,,,,,,,
43671918,,,,,,,
43672319,,,,,,,
43672705,,,,,,,
88000745,,,,,,False,
88001647,,,,,,False,
88001670,,,,,,False,
88001711,,,,,,False,
88001739,,,,,,False,
43671404,,,,,,,
43671464,,,,,,,
43671644,,,,,,,
43671842,,,,,,,
43671984,,,,,,,
43672125,,,,,,,
43672187,,,,,,,
43672259,,,,,,,
43672356,,,,,,,
43672422,,,,,,,
43672585,,,,,,,
43672631,,,,,,,
44144628,,,,,,,
88000587,,,,,,False,
43671274,,,,,,,
43672056,,,,,,,
64130825,,,,,,,
64131834,,,,,,,
64131918,,,,,,,
64132339,,,,,,,
64132368,,,,,,,
64130099,,,,,,,
64130151,,,,,,,
64130177,,,,,,,
64130269,,,,,,,
64130337,,,,,,,
64130379,,,,,,,
64130414,,,,,,,
64130448,,,,,,,
64130492,,,,,,,
64130528,,,,,,,
47727477,,,,,,,
47728391,,,,,,,
47728812,,,,,,,
47729260,,,,,,,
47729913,,,,,,,
47730299,,,,,,,
47730667,,,,,,,
47731010,,,,,,,
47731215,,,,,,,
47731425,,,,,,,
47731646,,,,,,,
47731922,,,,,,,
47734540,,,,,,,
59963154,,,,,,,
60095985,,,,,,,
60096214,,,,,,,
66074871,,,,,,False,
66074894,,,,,,False,
66074916,,,,,,False,
66075086,,,,,,False,
60096391,,,,,,,
66074832,,,,,,False,
66074853,,,,,,False,
66074952,,,,,,False,
66074971,,,,,,False,
66075002,,,,,,False,
66075036,,,,,,False,
66075064,,,,,,False,
66075107,,,,,,False,
66075123,,,,,,False,
66075138,,,,,,False,
79966088,,,,,,False,
79968034,,,,,,False,
79969302,,,,,,False,
79971173,,,,,,False,
79972453,,,,,,False,
79973077,,,,,,False,
79974350,,,,,,False,
79975298,,,,,,False,
79976306,,,,,,False,
79977211,,,,,,False,
79977817,,,,,,False,
79978558,,,,,,False,
79979104,,,,,,False,
79979611,,,,,,False,
79980206,,,,,,False,
79980676,,,,,,False,
79982088,,,,,,False,
79982985,,,,,,False,
80253121,,,,,,False,
80253883,,,,,,False,
80254795,,,,,,False,
80444256,,,,,,False,
80446749,,,,,,False,
80447449,,,,,,False,
80448577,,,,,,False,
80449341,,,,,,False,
80450100,,,,,,False,
80451014,,,,,,False,
80451977,,,,,,False,
80452972,,,,,,False,
80454232,,,,,,False,
80455115,,,,,,False,
80461878,,,,,,False,
80463086,,,,,,False,
80465729,,,,,,False,
80466855,,,,,,False,
80467669,,,,,,False,
80468606,,,,,,False,
80469297,,,,,,False,
80470534,,,,,,False,
80471339,,,,,,False,
80472904,,,,,,False,
80475271,,,,,,False,
80475918,,,,,,False,
80476604,,,,,,False,
80477324,,,,,,False,
80477877,,,,,,False,
80478835,,,,,,False,
80481574,,,,,,False,
80482420,,,,,,False,
80483743,,,,,,False,
80484664,,,,,,False,
80485510,,,,,,False,
80486326,,,,,,False,
80487269,,,,,,False,
80490076,,,,,,False,
80491080,,,,,,False,
80491887,,,,,,False,
80492898,,,,,,False,
80493763,,,,,,False,
80494565,,,,,,False,
80495118,,,,,,False,
80495891,,,,,,False,
80496467,,,,,,False,
80497391,,,,,,False,
80498873,,,,,,False,
80500135,,,,,,False,
80500805,,,,,,False,
80502267,,,,,,False,
80502875,,,,,,False,
80503819,,,,,,False,
80504373,,,,,,False,
80505138,,,,,,False,
80505568,,,,,,False,
80507186,,,,,,False,
80507617,,,,,,False,
80508224,,,,,,False,
80508620,,,,,,False,
80509376,,,,,,False,
80629600,,,,,,False,
80631336,,,,,,False,
80631338,,,,,,False,
80632458,,,,,,False,
80633832,,,,,,False,
80634715,,,,,,False,
80637822,,,,,,False,
80638420,,,,,,False,
80639119,,,,,,False,
80639955,,,,,,False,
80640770,,,,,,False,
80642258,,,,,,False,
80643626,,,,,,False,
80655728,,,,,,False,
80687592,,,,,,False,
80688939,,,,,,False,
80691915,,,,,,False,
80692428,,,,,,False,
80692954,,,,,,False,
80693413,,,,,,False,
80693703,,,,,,False,
80694092,,,,,,False,
80694339,,,,,,False,
80695045,,,,,,False,
80695301,,,,,,False,
80695691,,,,,,False,
80695949,,,,,,False,
80696260,,,,,,False,
80696563,,,,,,False,
80696856,,,,,,False,
80697167,,,,,,False,
80697645,,,,,,False,
80698516,,,,,,False,
80699235,,,,,,False,
80699590,,,,,,False,
80699840,,,,,,False,
80700200,,,,,,False,
80700546,,,,,,False,
80700997,,,,,,False,
80701181,,,,,,False,
80701435,,,,,,False,
80701979,,,,,,False,
80702226,,,,,,False,
80702659,,,,,,False,
80703007,,,,,,False,
80703245,,,,,,False,
80703682,,,,,,False,
80704106,,,,,,False,
80704349,,,,,,False,
80705061,,,,,,False,
80705425,,,,,,False,
80705744,,,,,,False,
80705750,,,,,,False,
80706089,,,,,,False,
80706151,,,,,,False,
80706441,,,,,,False,
80706577,,,,,,False,
80706892,,,,,,False,
80707316,,,,,,False,
80707598,,,,,,False,
80707942,,,,,,False,
80708151,,,,,,False,
80708422,,,,,,False,
80876784,,,,,,False,
80877131,,,,,,False,
80877523,,,,,,False,
80881138,,,,,,False,
80881587,,,,,,False,
80882117,,,,,,False,
80882409,,,,,,False,
80882801,,,,,,False,
80883045,,,,,,False,
80883358,,,,,,False,
80883866,,,,,,False,
80884343,,,,,,False,
80884633,,,,,,False,
80884937,,,,,,False,
80888612,,,,,,False,
80888795,,,,,,False,
80888976,,,,,,False,
80889113,,,,,,False,
80889237,,,,,,False,
80889339,,,,,,False,
80889446,,,,,,False,
80889560,,,,,,False,
80889692,,,,,,False,
80889808,,,,,,False,
80889935,,,,,,False,
80890043,,,,,,False,
80890187,,,,,,False,
81214321,,,,,,False,
81215586,,,,,,False,
81216534,,,,,,False,
81216790,,,,,,False,
81217493,,,,,,False,
81218446,,,,,,False,
81219402,,,,,,False,
81220100,,,,,,False,
81222842,,,,,,False,
81223880,,,,,,False,
81224572,,,,,,False,
81225970,,,,,,False,
81226738,,,,,,False,
81227276,,,,,,False,
81228440,,,,,,False,
81229143,,,,,,False,
81230697,,,,,,False,
81231866,,,,,,False,
81232739,,,,,,False,
81233634,,,,,,False,
81234672,,,,,,False,
81235307,,,,,,False,
81235928,,,,,,False,
81236911,,,,,,False,
81238654,,,,,,False,
81239993,,,,,,False,
81240706,,,,,,False,
81241650,,,,,,False,
81242633,,,,,,False,
81243104,,,,,,False,
81244135,,,,,,False,
81244788,,,,,,False,
81245395,,,,,,False,
81246103,,,,,,False,
81246777,,,,,,False,
81247485,,,,,,False,
81247990,,,,,,False,
81631092,,,,,,False,
81631444,,,,,,False,
81632413,,,,,,False,
81633634,,,,,,False,
81633743,,,,,,False,
81633782,,,,,,False,
81633917,,,,,,False,
128589744,,,,,,False,
81631361,,,,,,False,
81631700,,,,,,False,
81631971,,,,,,False,
81632977,,,,,,False,
81633032,,,,,,False,
81633096,,,,,,False,
81633147,,,,,,False,
81634494,,,,,,False,
81634520,,,,,,False,
81634557,,,,,,False,
128589704,,,,,,False,
81631625,,,,,,False,
81632205,,,,,,False,
81632292,,,,,,False,
81632343,,,,,,False,
81632523,,,,,,False,
81632585,,,,,,False,
102395270,,,,,,False,
102395610,,,,,,False,
102395936,,,,,,False,
102396278,,,,,,False,
102396791,,,,,,False,
102397296,,,,,,False,
102398271,,,,,,False,
102398918,,,,,,False,
102399478,,,,,,False,
102400181,,,,,,False,
102400702,,,,,,False,
102401089,,,,,,False,
102401518,,,,,,False,
102402234,,,,,,False,
102403562,,,,,,False,
102404245,,,,,,False,
102405083,,,,,,False,
102405955,,,,,,False,
102406454,,,,,,False,
102407105,,,,,,False,
102407475,,,,,,False,
102408256,,,,,,False,
102408897,,,,,,False,
102409876,,,,,,False,
102411131,,,,,,False,
102416253,,,,,,False,
102416337,,,,,,False,
102416871,,,,,,False,
102417515,,,,,,False,
102418137,,,,,,False,
102418324,,,,,,False,
102418869,,,,,,False,
102419073,,,,,,False,
102419367,,,,,,False,
102419879,,,,,,False,
102420379,,,,,,False,
102420530,,,,,,False,
102421569,,,,,,False,
102421791,,,,,,False,
102422728,,,,,,False,
102422955,,,,,,False,
102423204,,,,,,False,
102424444,,,,,,False,
102425379,,,,,,False,
102425850,,,,,,False,
102426546,,,,,,False,
102426838,,,,,,False,
102427557,,,,,,False,
102428572,,,,,,False,
102429011,,,,,,False,
102429343,,,,,,False,
102429356,,,,,,False,
102429647,,,,,,False,
102429689,,,,,,False,
102429946,,,,,,False,
102429964,,,,,,False,
102430541,,,,,,False,
102430697,,,,,,False,
102430710,,,,,,False,
102431006,,,,,,False,
102431059,,,,,,False,
102431259,,,,,,False,
102431363,,,,,,False,
102431662,,,,,,False,
102431841,,,,,,False,
102431974,,,,,,False,
102432200,,,,,,False,
102432430,,,,,,False,
102432442,,,,,,False,
102432762,,,,,,False,
102432901,,,,,,False,
102433025,,,,,,False,
102433099,,,,,,False,
102433353,,,,,,False,
102433632,,,,,,False,
102433693,,,,,,False,
102433824,,,,,,False,
102434199,,,,,,False,
102434231,,,,,,False,
102434490,,,,,,False,
102434679,,,,,,False,
102434693,,,,,,False,
102434992,,,,,,False,
102435171,,,,,,False,
102435332,,,,,,False,
102435573,,,,,,False,
102435683,,,,,,False,
102436092,,,,,,False,
102436217,,,,,,False,
102436425,,,,,,False,
102436865,,,,,,False,
102437003,,,,,,False,
102437024,,,,,,False,
102437257,,,,,,False,
102437657,,,,,,False,
102437732,,,,,,False,
102437767,,,,,,False,
102438465,,,,,,False,
102438569,,,,,,False,
102439381,,,,,,False,
102439444,,,,,,False,
102441937,,,,,,False,
102443133,,,,,,False,
102443852,,,,,,False,
102444010,,,,,,False,
102444752,,,,,,False,
102444887,,,,,,False,
102445527,,,,,,False,
102445696,,,,,,False,
102445728,,,,,,False,
102446414,,,,,,False,
102446441,,,,,,False,
102446767,,,,,,False,
102447380,,,,,,False,
102447495,,,,,,False,
102447663,,,,,,False,
102448607,,,,,,False,
102448795,,,,,,False,
102449721,,,,,,False,
102450263,,,,,,False,
102450476,,,,,,False,
102451061,,,,,,False,
102451285,,,,,,False,
102451369,,,,,,False,
102451816,,,,,,False,
102452115,,,,,,False,
102452249,,,,,,False,
102452352,,,,,,False,
102452993,,,,,,False,
102453101,,,,,,False,
102453169,,,,,,False,
102453949,,,,,,False,
102454641,,,,,,False,
102456594,,,,,,False,
102457248,,,,,,False,
102457511,,,,,,False,
102458406,,,,,,False,
102458501,,,,,,False,
102459165,,,,,,False,
102459229,,,,,,False,
102459345,,,,,,False,
102459873,,,,,,False,
102460186,,,,,,False,
102460919,,,,,,False,
102461741,,,,,,False,
102461790,,,,,,False,
102461944,,,,,,False,
102462594,,,,,,False,
102462691,,,,,,False,
102463080,,,,,,False,
102463357,,,,,,False,
102464031,,,,,,False,
102464638,,,,,,False,
102465309,,,,,,False,
102466565,,,,,,False,
102470176,,,,,,False,
102474250,,,,,,False,
102476123,,,,,,False,
102478004,,,,,,False,
102479496,,,,,,False,
102480512,,,,,,False,
102481991,,,,,,False,
102482747,,,,,,False,
102974687,,,,,,False,
102977694,,,,,,False,
102977834,,,,,,False,
102978227,,,,,,False,
102978366,,,,,,False,
102978522,,,,,,False,
102978645,,,,,,False,
102978780,,,,,,False,
102979038,,,,,,False,
102973373,,,,,,False,
102973596,,,,,,False,
102973833,,,,,,False,
102974410,,,,,,False,
102975154,,,,,,False,
102975381,,,,,,False,
102975565,,,,,,False,
102975731,,,,,,False,
102976510,,,,,,False,
102976675,,,,,,False,
102977029,,,,,,False,
102977210,,,,,,False,
102977375,,,,,,False,
118752772,,,,,,False,
118753193,,,,,,False,
118753674,,,,,,False,
118754349,,,,,,False,
118754807,,,,,,False,
118756078,,,,,,False,
118756379,,,,,,False,
118757048,,,,,,False,
118757282,,,,,,False,
118757987,,,,,,False,
118758311,,,,,,False,
118758578,,,,,,False,
118759986,,,,,,False,
118760225,,,,,,False,
118760466,,,,,,False,
118760890,,,,,,False,
118761232,,,,,,False,
118761484,,,,,,False,
118761723,,,,,,False,
121545153,,,,,,False,
121545305,,,,,,False,
121545784,,,,,,False,
121546185,,,,,,False,
121546331,,,,,,False,
121546574,,,,,,False,
121546685,,,,,,False,
121546860,,,,,,False,
121547128,,,,,,False,
121547532,,,,,,False,
121547858,,,,,,False,
121548052,,,,,,False,
121548230,,,,,,False,
121548398,,,,,,False,
121548646,,,,,,False,
121548949,,,,,,False,
121549197,,,,,,False,
121549373,,,,,,False,
121549645,,,,,,False,
121549784,,,,,,False,
121550568,,,,,,False,
121550866,,,,,,False,
121551878,,,,,,False,
121552077,,,,,,False,
121552244,,,,,,False,
121552972,,,,,,False,
121553214,,,,,,False,
121553444,,,,,,False,
121553744,,,,,,False,
121553902,,,,,,False,
121554071,,,,,,False,
121554211,,,,,,False,
121554407,,,,,,False,
121554642,,,,,,False,
121554814,,,,,,False,
121555227,,,,,,False,
121555627,,,,,,False,
121556358,,,,,,False,
121556663,,,,,,False,
121556812,,,,,,False,
121556955,,,,,,False,
121557073,,,,,,False,
121557271,,,,,,False,
121557434,,,,,,False,
121557619,,,,,,False,
121557786,,,,,,False,
121557902,,,,,,False,
121558035,,,,,,False,
121558160,,,,,,False,
121558313,,,,,,False,
121558514,,,,,,False,
121558673,,,,,,False,
121558820,,,,,,False,
121559118,,,,,,False,
121559433,,,,,,False,
121559630,,,,,,False,
121559771,,,,,,False,
121559950,,,,,,False,
121560077,,,,,,False,
121560219,,,,,,False,
121560359,,,,,,False,
121560473,,,,,,False,
121560634,,,,,,False,
121560875,,,,,,False,
121561064,,,,,,False,
121561267,,,,,,False,
121561544,,,,,,False,
121561695,,,,,,False,
121561832,,,,,,False,
121561967,,,,,,False,
121840580,,,,,,False,
121840941,,,,,,False,
121841168,,,,,,False,
121841411,,,,,,False,
121841682,,,,,,False,
121842061,,,,,,False,
121842222,,,,,,False,
121842402,,,,,,False,
121842511,,,,,,False,
121842748,,,,,,False,
121842948,,,,,,False,
121843138,,,,,,False,
121843367,,,,,,False,
121843711,,,,,,False,
121843862,,,,,,False,
121844062,,,,,,False,
121844311,,,,,,False,
121844468,,,,,,False,
121844611,,,,,,False,
121844802,,,,,,False,
121844958,,,,,,False,
121949966,,,,,,False,
121950169,,,,,,False,
121955437,,,,,,False,
121957684,,,,,,False,
121958030,,,,,,False,
121958542,,,,,,False,
121958669,,,,,,False,
121958800,,,,,,False,
121959211,,,,,,False,
121959381,,,,,,False,
121959585,,,,,,False,
121959732,,,,,,False,
121959959,,,,,,False,
121960091,,,,,,False,
121960176,,,,,,False,
121960292,,,,,,False,
121960380,,,,,,False,
121960591,,,,,,False,
121960748,,,,,,False,
121960962,,,,,,False,
121961027,,,,,,False,
121961223,,,,,,False,
121961849,,,,,,False,
121962026,,,,,,False,
121962085,,,,,,False,
121962128,,,,,,False,
121962178,,,,,,False,
121962250,,,,,,False,
121962301,,,,,,False,
121962431,,,,,,False,
128589602,,,,,,False,
128589625,,,,,,False,
121949644,,,,,,False,
121949785,,,,,,False,
121957376,,,,,,False,
121957497,,,,,,False,
121958109,,,,,,False,
121958270,,,,,,False,
121950340,,,,,,False,
121950742,,,,,,False,
121955319,,,,,,False,
121956206,,,,,,False,
44022548,,,,,,,
44022789,,,,,,,
52846425,,,,,,,
66070661,,,,,,False,
66070750,,,,,,False,
66070773,,,,,,False,
66070790,,,,,,False,
44022484,,,,,,,
44022602,,,,,,,
44022619,,,,,,,
44022668,,,,,,,
44022696,,,,,,,
44022719,,,,,,,
44022741,,,,,,,
44022755,,,,,,,
44022767,,,,,,,
44022775,,,,,,,
44022784,,,,,,,
44022798,,,,,,,
44022808,,,,,,,
44022832,,,,,,,
44022847,,,,,,,
44022861,,,,,,,
44022870,,,,,,,
44022883,,,,,,,
52846250,,,,,,,
52846339,,,,,,,
66070565,,,,,,False,
66070594,,,,,,False,
44022587,,,,,,,
44022634,,,,,,,
44022650,,,,,,,
44022682,,,,,,,
44022712,,,,,,,
44022727,,,,,,,
44023011,,,,,,,
55269673,,,,,,,
55269695,,,,,,,
55269724,,,,,,,
55269749,,,,,,,
54757869,,,,,,,
54758005,,,,,,,
54758039,,,,,,,
54758087,,,,,,,
54758155,,,,,,,
54758235,,,,,,,
54758281,,,,,,,
54758315,,,,,,,
66071033,,,,,,False,
54757828,,,,,,,
60104110,,,,,,,
60105170,,,,,,,
60105431,,,,,,,
60105698,,,,,,,
65351635,,,,,,False,
65351656,,,,,,False,
65351675,,,,,,False,
65351701,,,,,,False,
65351718,,,,,,False,
65351733,,,,,,False,
65351749,,,,,,False,
65351766,,,,,,False,
65351853,,,,,,False,
65351888,,,,,,False,
65351904,,,,,,False,
65351915,,,,,,False,
65351930,,,,,,False,
65351946,,,,,,False,
65351969,,,,,,False,
69917365,,,,,,False,
75455654,,,,,,False,
75455883,,,,,,False,
75456664,,,,,,False,
75457082,,,,,,False,
75457545,,,,,,False,
75457755,,,,,,False,
75458221,,,,,,False,
75459045,,,,,,False,
75459583,,,,,,False,
75459781,,,,,,False,
75459962,,,,,,False,
75460200,,,,,,False,
75460436,,,,,,False,
75460865,,,,,,False,
75464054,,,,,,False,
75464853,,,,,,False,
75465217,,,,,,False,
75465593,,,,,,False,
75465950,,,,,,False,
75466192,,,,,,False,
75466470,,,,,,False,
75466984,,,,,,False,
75467275,,,,,,False,
75468014,,,,,,False,
75477533,,,,,,False,
75478046,,,,,,False,
75479686,,,,,,False,
75480282,,,,,,False,
75481573,,,,,,False,
75481911,,,,,,False,
75482162,,,,,,False,
75482461,,,,,,False,
75482874,,,,,,False,
75483319,,,,,,False,
75483839,,,,,,False,
75484220,,,,,,False,
75485640,,,,,,False,
75498477,,,,,,False,
75498778,,,,,,False,
75499054,,,,,,False,
75499474,,,,,,False,
75499654,,,,,,False,
75500758,,,,,,False,
75500916,,,,,,False,
75501174,,,,,,False,
76246310,,,,,,False,
76249972,,,,,,False,
76254032,,,,,,False,
76256920,,,,,,False,
76260456,,,,,,False,
76265677,,,,,,False,
76265678,,,,,,False,
76269640,,,,,,False,
76271453,,,,,,False,
76275634,,,,,,False,
76278387,,,,,,False,
76279734,,,,,,False,
76309784,,,,,,False,
76312410,,,,,,False,
76312901,,,,,,False,
76349337,,,,,,False,
76350783,,,,,,False,
76352865,,,,,,False,
76355165,,,,,,False,
76357037,,,,,,False,
76357950,,,,,,False,
76360273,,,,,,False,
76367258,,,,,,False,
76386694,,,,,,False,
76388028,,,,,,False,
76390362,,,,,,False,
76392812,,,,,,False,
76394478,,,,,,False,
76396583,,,,,,False,
76397637,,,,,,False,
76399540,,,,,,False,
76400809,,,,,,False,
76402246,,,,,,False,
76403386,,,,,,False,
76405064,,,,,,False,
76442140,,,,,,False,
76444742,,,,,,False,
76445378,,,,,,False,
76445724,,,,,,False,
76446110,,,,,,False,
76446182,,,,,,False,
76446553,,,,,,False,
76446803,,,,,,False,
76447032,,,,,,False,
76447396,,,,,,False,
76951751,,,,,,False,
77533068,,,,,,False,
77538462,,,,,,False,
77541948,,,,,,False,
77542787,,,,,,False,
77543860,,,,,,False,
77544569,,,,,,False,
77599524,,,,,,False,
77606380,,,,,,False,
77802669,,,,,,False,
77804793,,,,,,False,
77806083,,,,,,False,
77808155,,,,,,False,
77809831,,,,,,False,
77849903,,,,,,False,
77851902,,,,,,False,
77853223,,,,,,False,
77855017,,,,,,False,
77856121,,,,,,False,
77856823,,,,,,False,
77857919,,,,,,False,
77859955,,,,,,False,
77866939,,,,,,False,
77867474,,,,,,False,
77869836,,,,,,False,
77870203,,,,,,False,
77870536,,,,,,False,
77873480,,,,,,False,
77874134,,,,,,False,
77874426,,,,,,False,
77874805,,,,,,False,
77874957,,,,,,False,
77875062,,,,,,False,
77937011,,,,,,False,
77941953,,,,,,False,
77946183,,,,,,False,
77948356,,,,,,False,
77951074,,,,,,False,
77953022,,,,,,False,
77955714,,,,,,False,
77958266,,,,,,False,
77960312,,,,,,False,
77966817,,,,,,False,
77968913,,,,,,False,
77972658,,,,,,False,
77987006,,,,,,False,
77991425,,,,,,False,
77999024,,,,,,False,
78003217,,,,,,False,
78007531,,,,,,False,
78010014,,,,,,False,
78012373,,,,,,False,
78014585,,,,,,False,
78017233,,,,,,False,
78027779,,,,,,False,
78030342,,,,,,False,
78035379,,,,,,False,
78093417,,,,,,False,
78096874,,,,,,False,
78099308,,,,,,False,
78110710,,,,,,False,
78113514,,,,,,False,
78116863,,,,,,False,
78118895,,,,,,False,
78124130,,,,,,False,
78127429,,,,,,False,
78129623,,,,,,False,
78133461,,,,,,False,
78135995,,,,,,False,
78140088,,,,,,False,
78143397,,,,,,False,
78185665,,,,,,False,
78188056,,,,,,False,
78236260,,,,,,False,
78237167,,,,,,False,
78237594,,,,,,False,
78238037,,,,,,False,
78238533,,,,,,False,
78238853,,,,,,False,
78239485,,,,,,False,
78239975,,,,,,False,
78240704,,,,,,False,
78241345,,,,,,False,
78461519,,,,,,False,
78462009,,,,,,False,
78462492,,,,,,False,
78470758,,,,,,False,
78470983,,,,,,False,
78471252,,,,,,False,
78472057,,,,,,False,
78472355,,,,,,False,
78473174,,,,,,False,
78473315,,,,,,False,
78473567,,,,,,False,
78473759,,,,,,False,
78474059,,,,,,False,
78474222,,,,,,False,
78474456,,,,,,False,
69830257,,,,,,False,
69830937,,,,,,False,
69832252,,,,,,False,
69833121,,,,,,False,
69837279,,,,,,False,
69839770,,,,,,False,
69842037,,,,,,False,
69843001,,,,,,False,
69844072,,,,,,False,
69844889,,,,,,False,
69853407,,,,,,False,
69854522,,,,,,False,
69860405,,,,,,False,
69898097,,,,,,False,
69908746,,,,,,False,
69910003,,,,,,False,
78438619,,,,,,False,
78447588,,,,,,False,
78448665,,,,,,False,
78449148,,,,,,False,
78450132,,,,,,False,
78453646,,,,,,False,
78465024,,,,,,False,
78466235,,,,,,False,
78466559,,,,,,False,
93755372,,,,,,False,
99155011,,,,,,False,
99155810,,,,,,False,
99157465,,,,,,False,
99158943,,,,,,False,
99161856,,,,,,False,
99163899,,,,,,False,
99174669,,,,,,False,
99176129,,,,,,False,
99176677,,,,,,False,
99177337,,,,,,False,
99210566,,,,,,False,
99213378,,,,,,False,
99213748,,,,,,False,
99213936,,,,,,False,
99214200,,,,,,False,
99214600,,,,,,False,
99359239,,,,,,False,
100270945,,,,,,False,
100578945,,,,,,False,
101974284,,,,,,False,
101975873,,,,,,False,
101983020,,,,,,False,
101984720,,,,,,False,
101986224,,,,,,False,
101987325,,,,,,False,
101989485,,,,,,False,
102901334,,,,,,False,
102902663,,,,,,False,
102904540,,,,,,False,
102905636,,,,,,False,
102907510,,,,,,False,
102908497,,,,,,False,
102911235,,,,,,False,
102912027,,,,,,False,
102914365,,,,,,False,
102915382,,,,,,False,
102917669,,,,,,False,
102918916,,,,,,False,
102922165,,,,,,False,
102923192,,,,,,False,
102934146,,,,,,False,
102937022,,,,,,False,
102939652,,,,,,False,
102941112,,,,,,False,
102946547,,,,,,False,
102948831,,,,,,False,
102950612,,,,,,False,
102951470,,,,,,False,
102952219,,,,,,False,
102952895,,,,,,False,
102953287,,,,,,False,
102953818,,,,,,False,
102954516,,,,,,False,
102954584,,,,,,False,
102955377,,,,,,False,
102955420,,,,,,False,
102956295,,,,,,False,
102956362,,,,,,False,
102956984,,,,,,False,
102957778,,,,,,False,
102957978,,,,,,False,
102959720,,,,,,False,
102960058,,,,,,False,
102960957,,,,,,False,
102961200,,,,,,False,
102962039,,,,,,False,
102962586,,,,,,False,
102962692,,,,,,False,
102962976,,,,,,False,
102963556,,,,,,False,
102963875,,,,,,False,
102964069,,,,,,False,
102964663,,,,,,False,
102965535,,,,,,False,
102965694,,,,,,False,
102966312,,,,,,False,
102966603,,,,,,False,
102973194,,,,,,False,
102973670,,,,,,False,
102974240,,,,,,False,
102974591,,,,,,False,
102975631,,,,,,False,
102976601,,,,,,False,
99362422,,,,,,False,
99363994,,,,,,False,
99364748,,,,,,False,
99365782,,,,,,False,
99368323,,,,,,False,
99368969,,,,,,False,
99369729,,,,,,False,
99370405,,,,,,False,
99481915,,,,,,False,
100074736,,,,,,False,
100076092,,,,,,False,
100077382,,,,,,False,
100203720,,,,,,False,
100205302,,,,,,False,
100210171,,,,,,False,
100211323,,,,,,False,
100213678,,,,,,False,
100215007,,,,,,False,
100217369,,,,,,False,
100219381,,,,,,False,
100219982,,,,,,False,
100220623,,,,,,False,
101370275,,,,,,False,
102979154,,,,,,False,
102979344,,,,,,False,
117195358,,,,,,False,
117198273,,,,,,False,
117912265,,,,,,False,
117937620,,,,,,False,
117937776,,,,,,False,
117937947,,,,,,False,
117938076,,,,,,False,
117938621,,,,,,False,
117938749,,,,,,False,
117938912,,,,,,False,
117955592,,,,,,False,
117956113,,,,,,False,
117956711,,,,,,False,
118260858,,,,,,False,
118261432,,,,,,False,
118261876,,,,,,False,
118263098,,,,,,,
118264260,,,,,,False,
118266419,,,,,,False,
121002351,,,,,,False,
121716756,,,,,,False,
121716820,,,,,,False,
121716938,,,,,,False,
121717064,,,,,,False,
121717135,,,,,,False,
121735557,,,,,,False,
121735611,,,,,,False,
121735656,,,,,,False,
121735759,,,,,,False,
121735811,,,,,,False,
121735869,,,,,,False,
121795376,,,,,,False,
121795556,,,,,,False,
121832603,,,,,,False,
121833242,,,,,,False,
121840430,,,,,,False,
121853026,,,,,,False,
121853501,,,,,,False,
121853879,,,,,,False,
121854237,,,,,,False,
121854553,,,,,,False,
121854886,,,,,,False,
121855171,,,,,,False,
121855418,,,,,,False,
121855745,,,,,,False,
121856684,,,,,,False,
121857281,,,,,,False,
121858452,,,,,,False,
121859055,,,,,,False,
121859474,,,,,,False,
121860035,,,,,,False,
121860368,,,,,,False,
121860636,,,,,,False,
121861019,,,,,,False,
121861321,,,,,,False,
121862458,,,,,,False,
121862978,,,,,,False,
121863193,,,,,,False,
121863572,,,,,,False,
121863815,,,,,,False,
121864177,,,,,,False,
121864565,,,,,,False,
121864839,,,,,,False,
121865092,,,,,,False,
121865338,,,,,,False,
121865539,,,,,,False,
121865974,,,,,,False,
121867330,,,,,,False,
121867457,,,,,,False,
121872527,,,,,,False,
121872728,,,,,,False,
121873610,,,,,,False,
121873702,,,,,,False,
121873772,,,,,,False,
121873853,,,,,,False,
121873939,,,,,,False,
121874054,,,,,,False,
121874150,,,,,,False,
121894095,,,,,,False,
121894196,,,,,,False,
121894269,,,,,,False,
121894320,,,,,,False,
121894479,,,,,,False,
121894584,,,,,,False,
121894633,,,,,,False,
121894721,,,,,,False,
121894785,,,,,,False,
121894830,,,,,,False,
121894879,,,,,,False,
121894930,,,,,,False,
121894987,,,,,,False,
121895037,,,,,,False,
121895255,,,,,,False,
121895322,,,,,,False,
121895379,,,,,,False,
121895473,,,,,,False,
121895729,,,,,,False,
121895828,,,,,,False,
121895898,,,,,,False,
121895964,,,,,,False,
121902909,,,,,,False,
121903284,,,,,,False,
121903494,,,,,,False,
121903724,,,,,,False,
121903835,,,,,,False,
121903916,,,,,,False,
121904045,,,,,,False,
121905224,,,,,,False,
121946298,,,,,,False,
121947098,,,,,,False,
121947173,,,,,,False,
121948170,,,,,,False,
121948566,,,,,,False,
121948664,,,,,,False,
121948738,,,,,,False,
121948823,,,,,,False,
121949112,,,,,,False,
121949287,,,,,,False,
121949627,,,,,,False,
127434229,,,,,,False,
113468094,,,,,,,
121796675,,,,,,,
121796760,,,,,,,
121796822,,,,,,,
121796911,,,,,,,
121797055,,,,,,,
121797409,,,,,,False,
121797522,,,,,,False,
121797701,,,,,,False,
121799777,,,,,,False,
121836389,,,,,,False,
121837616,,,,,,False,
121838294,,,,,,False,
121838664,,,,,,False,
121839463,,,,,,False,
121839866,,,,,,False,
121875120,,,,,,False,
127434092,,,,,,False,
127434152,,,,,,False,
127434199,,,,,,False,
127434272,,,,,,False,
127434382,,,,,,False,
121833970,,,,,,False,
121835287,,,,,,False,
121836854,,,,,,False,
121837168,,,,,,False,
121870602,,,,,,False,
121870790,,,,,,False,
44227334,,,,,,,
44227443,,,,,,,
51917684,,,,,,,
51918379,,,,,,,
51918758,,,,,,,
51918815,,,,,,,
87228396,,,,,,False,
87228973,,,,,,False,
87229467,,,,,,False,
87229489,,,,,,False,
87229528,,,,,,False,
87229552,,,,,,False,
87229573,,,,,,False,
87229598,,,,,,False,
44227218,,,,,,,
44227250,,,,,,,
44227259,,,,,,,
51917574,,,,,,,
51918217,,,,,,,
60561431,,,,,,,
60561586,,,,,,,
87228010,,,,,,False,
87228076,,,,,,False,
87228126,,,,,,False,
87228170,,,,,,False,
44227369,,,,,,,
44227382,,,,,,,
44227393,,,,,,,
44227460,,,,,,,
56168863,,,,,,,
56168905,,,,,,,
56168999,,,,,,,
56169020,,,,,,,
56169058,,,,,,,
56192383,,,,,,,
56192614,,,,,,,
56192733,,,,,,,
56192758,,,,,,,
56192798,,,,,,,
56192941,,,,,,,
56192966,,,,,,,
56193006,,,,,,,
56193842,,,,,,,
56168852,,,,,,,
56168872,,,,,,,
56168881,,,,,,,
56168889,,,,,,,
56168929,,,,,,,
56168958,,,,,,,
56168982,,,,,,,
56169034,,,,,,,
56169082,,,,,,,
56192487,,,,,,,
56192687,,,,,,,
47855464,,,,,,,
47855486,,,,,,,
47855518,,,,,,,
47855539,,,,,,,
47855560,,,,,,,
66661938,,,,,,False,
66671038,,,,,,False,
66671064,,,,,,False,
66671085,,,,,,False,
66671332,,,,,,False,
66671404,,,,,,False,
66671599,,,,,,False,
66671893,,,,,,False,
66671994,,,,,,False,
66727117,,,,,,False,
66671930,,,,,,False,
66661960,,,,,,False,
66671018,,,,,,False,
66671294,,,,,,False,
66671371,,,,,,False,
66671436,,,,,,False,
66671467,,,,,,False,
66671541,,,,,,False,
66671573,,,,,,False,
66671655,,,,,,False,
66671698,,,,,,False,
66671732,,,,,,False,
66671755,,,,,,False,
66671825,,,,,,False,
66671957,,,,,,False,
60384031,,,,,,,
60384136,,,,,,,
60384225,,,,,,,
60384335,,,,,,,
72620474,,,,,,False,
72623470,,,,,,False,
72625061,,,,,,False,
72626654,,,,,,False,
75538997,,,,,,False,
75539909,,,,,,False,
75540398,,,,,,False,
75540508,,,,,,False,
75540628,,,,,,False,
75540809,,,,,,False,
75541099,,,,,,False,
75541359,,,,,,False,
75541521,,,,,,False,
77928599,,,,,,False,
77929244,,,,,,False,
77929909,,,,,,False,
77931538,,,,,,False,
77932823,,,,,,False,
77933356,,,,,,False,
77933897,,,,,,False,
77934648,,,,,,False,
77936044,,,,,,False,
77936736,,,,,,False,
77937364,,,,,,False,
77938089,,,,,,False,
77939023,,,,,,False,
77940125,,,,,,False,
77940664,,,,,,False,
77941251,,,,,,False,
77942316,,,,,,False,
77953591,,,,,,False,
77955190,,,,,,False,
77956327,,,,,,False,
77956990,,,,,,False,
77958003,,,,,,False,
77961317,,,,,,False,
77962503,,,,,,False,
77965072,,,,,,False,
77970595,,,,,,False,
77974443,,,,,,False,
77976560,,,,,,False,
77977813,,,,,,False,
77979337,,,,,,False,
77980358,,,,,,False,
77983111,,,,,,False,
77995411,,,,,,False,
77996580,,,,,,False,
78427806,,,,,,False,
78428707,,,,,,False,
78429308,,,,,,False,
78429878,,,,,,False,
78430502,,,,,,False,
78430995,,,,,,False,
78433680,,,,,,False,
78434073,,,,,,False,
78434450,,,,,,False,
78436043,,,,,,False,
79000876,,,,,,False,
79001894,,,,,,False,
79008058,,,,,,False,
79009286,,,,,,False,
79010772,,,,,,False,
79011906,,,,,,False,
79019064,,,,,,False,
79021166,,,,,,False,
79023680,,,,,,False,
79025915,,,,,,False,
79028331,,,,,,False,
79029432,,,,,,False,
79030623,,,,,,False,
79031743,,,,,,False,
79034001,,,,,,False,
79034758,,,,,,False,
79036003,,,,,,False,
79036601,,,,,,False,
79046693,,,,,,False,
79051395,,,,,,False,
79052676,,,,,,False,
79053687,,,,,,False,
79054440,,,,,,False,
79055109,,,,,,False,
79055692,,,,,,False,
79056608,,,,,,False,
79057492,,,,,,False,
79058240,,,,,,False,
79058918,,,,,,False,
79059768,,,,,,False,
79060470,,,,,,False,
79063045,,,,,,False,
79064300,,,,,,False,
79066936,,,,,,False,
79068343,,,,,,False,
79069759,,,,,,False,
79071798,,,,,,False,
79072356,,,,,,False,
79073141,,,,,,False,
79073766,,,,,,False,
79074340,,,,,,False,
79074907,,,,,,False,
79075925,,,,,,False,
79077251,,,,,,False,
79077826,,,,,,False,
79078679,,,,,,False,
79080089,,,,,,False,
79081358,,,,,,False,
79082096,,,,,,False,
79082776,,,,,,False,
79083274,,,,,,False,
79084147,,,,,,False,
79085362,,,,,,False,
79085875,,,,,,False,
79086340,,,,,,False,
79086755,,,,,,False,
79087140,,,,,,False,
79090580,,,,,,False,
79212164,,,,,,False,
79243951,,,,,,False,
79245644,,,,,,False,
79246165,,,,,,False,
79252797,,,,,,False,
79255349,,,,,,False,
79257790,,,,,,False,
79261302,,,,,,False,
79262179,,,,,,False,
79262923,,,,,,False,
79263751,,,,,,False,
79274681,,,,,,False,
79275498,,,,,,False,
79276357,,,,,,False,
79284179,,,,,,False,
79290658,,,,,,False,
79297233,,,,,,False,
79298291,,,,,,False,
79299034,,,,,,False,
79418093,,,,,,False,
79419278,,,,,,False,
79419914,,,,,,False,
79420609,,,,,,False,
79421122,,,,,,False,
79421659,,,,,,False,
79555163,,,,,,False,
79556562,,,,,,False,
79557513,,,,,,False,
79558281,,,,,,False,
79558778,,,,,,False,
79559681,,,,,,False,
79560457,,,,,,False,
79561338,,,,,,False,
79562739,,,,,,False,
79566950,,,,,,False,
79567651,,,,,,False,
79568239,,,,,,False,
79569043,,,,,,False,
79569883,,,,,,False,
79570423,,,,,,False,
79572922,,,,,,False,
79574519,,,,,,False,
79576685,,,,,,False,
79578034,,,,,,False,
79578563,,,,,,False,
79579241,,,,,,False,
79580029,,,,,,False,
79580957,,,,,,False,
79582289,,,,,,False,
79584791,,,,,,False,
79585942,,,,,,False,
79590356,,,,,,False,
79591771,,,,,,False,
79593270,,,,,,False,
79594746,,,,,,False,
79595752,,,,,,False,
79596330,,,,,,False,
79597171,,,,,,False,
79597921,,,,,,False,
79599104,,,,,,False,
79599814,,,,,,False,
79604654,,,,,,False,
79605369,,,,,,False,
79605954,,,,,,False,
79607034,,,,,,False,
79608907,,,,,,False,
79609491,,,,,,False,
79610361,,,,,,False,
79613071,,,,,,False,
79614451,,,,,,False,
79616207,,,,,,False,
79618696,,,,,,False,
79623389,,,,,,False,
79690961,,,,,,False,
79692529,,,,,,False,
79693052,,,,,,False,
79693555,,,,,,False,
79694520,,,,,,False,
79695040,,,,,,False,
79695749,,,,,,False,
79696596,,,,,,False,
79697090,,,,,,False,
79697506,,,,,,False,
79697965,,,,,,False,
79698414,,,,,,False,
79698818,,,,,,False,
79699371,,,,,,False,
79699804,,,,,,False,
79700364,,,,,,False,
79700903,,,,,,False,
79701405,,,,,,False,
79701687,,,,,,False,
79702327,,,,,,False,
79702769,,,,,,False,
79703156,,,,,,False,
79703589,,,,,,False,
79704118,,,,,,False,
79704636,,,,,,False,
79705058,,,,,,False,
79705956,,,,,,False,
79707108,,,,,,False,
79707683,,,,,,False,
79709294,,,,,,False,
79710015,,,,,,False,
79710501,,,,,,False,
79710905,,,,,,False,
79711455,,,,,,False,
79711907,,,,,,False,
79712718,,,,,,False,
79713100,,,,,,False,
79713902,,,,,,False,
79714250,,,,,,False,
79715508,,,,,,False,
79716247,,,,,,False,
79716839,,,,,,False,
79717259,,,,,,False,
79717673,,,,,,False,
79717997,,,,,,False,
79718614,,,,,,False,
79719007,,,,,,False,
79719505,,,,,,False,
79719843,,,,,,False,
79720198,,,,,,False,
79720769,,,,,,False,
79721196,,,,,,False,
79721615,,,,,,False,
79722198,,,,,,False,
79722504,,,,,,False,
79722859,,,,,,False,
79723187,,,,,,False,
79723883,,,,,,False,
79724190,,,,,,False,
79724616,,,,,,False,
79725031,,,,,,False,
79725547,,,,,,False,
79725814,,,,,,False,
79726123,,,,,,False,
79726580,,,,,,False,
79726847,,,,,,False,
79728522,,,,,,False,
79728869,,,,,,False,
79729114,,,,,,False,
79729366,,,,,,False,
79729626,,,,,,False,
79729827,,,,,,False,
79730239,,,,,,False,
79730950,,,,,,False,
79731284,,,,,,False,
79731570,,,,,,False,
79731973,,,,,,False,
79732249,,,,,,False,
79732872,,,,,,False,
79733091,,,,,,False,
79733666,,,,,,False,
79733956,,,,,,False,
79734239,,,,,,False,
79734561,,,,,,False,
79734907,,,,,,False,
79735136,,,,,,False,
79735388,,,,,,False,
79735632,,,,,,False,
79735838,,,,,,False,
79736358,,,,,,False,
79736671,,,,,,False,
79736965,,,,,,False,
79737293,,,,,,False,
79737541,,,,,,False,
79737956,,,,,,False,
79738263,,,,,,False,
79738481,,,,,,False,
79738850,,,,,,False,
79822106,,,,,,False,
79822661,,,,,,False,
79822977,,,,,,False,
79823382,,,,,,False,
79823686,,,,,,False,
79824456,,,,,,False,
79826195,,,,,,False,
79827195,,,,,,False,
81435957,,,,,,False,
81436259,,,,,,False,
81436498,,,,,,False,
81436710,,,,,,False,
81436963,,,,,,False,
81437276,,,,,,False,
81437519,,,,,,False,
81437773,,,,,,False,
81437980,,,,,,False,
81438210,,,,,,False,
81438486,,,,,,False,
81438768,,,,,,False,
81439010,,,,,,False,
81439302,,,,,,False,
81439514,,,,,,False,
81439788,,,,,,False,
81440487,,,,,,False,
81440888,,,,,,False,
81441158,,,,,,False,
81441396,,,,,,False,
81441655,,,,,,False,
81441930,,,,,,False,
81442879,,,,,,False,
81443121,,,,,,False,
81443374,,,,,,False,
81443571,,,,,,False,
81443790,,,,,,False,
81444011,,,,,,False,
81444232,,,,,,False,
81444459,,,,,,False,
81444652,,,,,,False,
81444899,,,,,,False,
81445174,,,,,,False,
81445461,,,,,,False,
81445681,,,,,,False,
81445902,,,,,,False,
81446132,,,,,,False,
81446342,,,,,,False,
81446844,,,,,,False,
81447049,,,,,,False,
81447364,,,,,,False,
81447533,,,,,,False,
81447713,,,,,,False,
81447938,,,,,,False,
81448107,,,,,,False,
81448410,,,,,,False,
81448682,,,,,,False,
81448874,,,,,,False,
81449196,,,,,,False,
81449454,,,,,,False,
81449656,,,,,,False,
81449890,,,,,,False,
81450078,,,,,,False,
81450315,,,,,,False,
81450568,,,,,,False,
81450834,,,,,,False,
81451058,,,,,,False,
81451308,,,,,,False,
81451501,,,,,,False,
81451684,,,,,,False,
81451848,,,,,,False,
81452003,,,,,,False,
81452259,,,,,,False,
81452469,,,,,,False,
81452617,,,,,,False,
81452834,,,,,,False,
81453052,,,,,,False,
81453233,,,,,,False,
81453433,,,,,,False,
81453633,,,,,,False,
81453825,,,,,,False,
81454010,,,,,,False,
81454285,,,,,,False,
81454406,,,,,,False,
81454533,,,,,,False,
81454661,,,,,,False,
81454836,,,,,,False,
81454985,,,,,,False,
81455100,,,,,,False,
81455257,,,,,,False,
81455408,,,,,,False,
81455556,,,,,,False,
81455673,,,,,,False,
81455821,,,,,,False,
81456033,,,,,,False,
81456953,,,,,,False,
81457107,,,,,,False,
81457675,,,,,,False,
81457828,,,,,,False,
81458017,,,,,,False,
81458166,,,,,,False,
81458300,,,,,,False,
81458477,,,,,,False,
81458632,,,,,,False,
81458759,,,,,,False,
81549534,,,,,,False,
81568683,,,,,,False,
81569055,,,,,,False,
81570415,,,,,,False,
81570764,,,,,,False,
81571813,,,,,,False,
81574078,,,,,,False,
81575280,,,,,,False,
81575673,,,,,,False,
81575968,,,,,,False,
81576250,,,,,,False,
81576647,,,,,,False,
81580542,,,,,,False,
81582232,,,,,,False,
81583713,,,,,,False,
81583997,,,,,,False,
81584252,,,,,,False,
81584704,,,,,,False,
81585076,,,,,,False,
81585474,,,,,,False,
81585777,,,,,,False,
81586158,,,,,,False,
81586417,,,,,,False,
81586928,,,,,,False,
81545464,,,,,,False,
81545675,,,,,,False,
81545864,,,,,,False,
81546030,,,,,,False,
81546328,,,,,,False,
81546656,,,,,,False,
81547410,,,,,,False,
81547602,,,,,,False,
81547902,,,,,,False,
81549199,,,,,,False,
81550346,,,,,,False,
81550908,,,,,,False,
81551790,,,,,,False,
81552897,,,,,,False,
81553710,,,,,,False,
81557198,,,,,,False,
81558725,,,,,,False,
81564141,,,,,,False,
127284699,,,,,,False,
127284719,,,,,,False,
93854595,,,,,,False,
93855828,,,,,,False,
100227472,,,,,,False,
100227642,,,,,,False,
100227849,,,,,,False,
100228038,,,,,,False,
100228230,,,,,,False,
100228566,,,,,,False,
100229219,,,,,,False,
100229496,,,,,,False,
100229734,,,,,,False,
100229943,,,,,,False,
100230310,,,,,,False,
100236878,,,,,,False,
100237053,,,,,,False,
100237205,,,,,,False,
100237366,,,,,,False,
100237519,,,,,,False,
100237661,,,,,,False,
100237824,,,,,,False,
100237975,,,,,,False,
100238127,,,,,,False,
100238318,,,,,,False,
100238526,,,,,,False,
100238679,,,,,,False,
100238810,,,,,,False,
100238980,,,,,,False,
100239194,,,,,,False,
100239410,,,,,,False,
100239574,,,,,,False,
100239739,,,,,,False,
100239887,,,,,,False,
100240049,,,,,,False,
100240176,,,,,,False,
100240310,,,,,,False,
100240641,,,,,,False,
100240801,,,,,,False,
100295518,,,,,,False,
100295551,,,,,,False,
100295590,,,,,,False,
100295633,,,,,,False,
100295660,,,,,,False,
100295721,,,,,,False,
100295751,,,,,,False,
100295782,,,,,,False,
100295812,,,,,,False,
100295846,,,,,,False,
100295882,,,,,,False,
100295921,,,,,,False,
100295947,,,,,,False,
100295984,,,,,,False,
100296014,,,,,,False,
100296036,,,,,,False,
100296063,,,,,,False,
100296089,,,,,,False,
100296116,,,,,,False,
100296148,,,,,,False,
100296173,,,,,,False,
100296201,,,,,,False,
100296227,,,,,,False,
100296252,,,,,,False,
100296283,,,,,,False,
100296317,,,,,,False,
100296349,,,,,,False,
100296378,,,,,,False,
100296409,,,,,,False,
100296444,,,,,,False,
100296473,,,,,,False,
100296528,,,,,,False,
100296571,,,,,,False,
100296610,,,,,,False,
100296705,,,,,,False,
100296754,,,,,,False,
100296802,,,,,,False,
100296848,,,,,,False,
100296895,,,,,,False,
100296936,,,,,,False,
100296968,,,,,,False,
100297331,,,,,,False,
100297368,,,,,,False,
100297412,,,,,,False,
100297503,,,,,,False,
100297544,,,,,,False,
100297616,,,,,,False,
100297691,,,,,,False,
100297803,,,,,,False,
100297870,,,,,,False,
100297918,,,,,,False,
100297959,,,,,,False,
100298018,,,,,,False,
100298081,,,,,,False,
100298132,,,,,,False,
100298226,,,,,,False,
100298282,,,,,,False,
100298323,,,,,,False,
100298407,,,,,,False,
100298470,,,,,,False,
100298543,,,,,,False,
100298609,,,,,,False,
100298666,,,,,,False,
100298726,,,,,,False,
100298785,,,,,,False,
100298832,,,,,,False,
100298886,,,,,,False,
100298976,,,,,,False,
100299038,,,,,,False,
100299103,,,,,,False,
100299148,,,,,,False,
100299193,,,,,,False,
100299240,,,,,,False,
100303998,,,,,,False,
100304087,,,,,,False,
100304195,,,,,,False,
100304296,,,,,,False,
100304371,,,,,,False,
100304460,,,,,,False,
100304578,,,,,,False,
100304695,,,,,,False,
100304777,,,,,,False,
100304907,,,,,,False,
100305035,,,,,,False,
100305137,,,,,,False,
100305239,,,,,,False,
100305363,,,,,,False,
100305541,,,,,,False,
100305665,,,,,,False,
100305764,,,,,,False,
100305868,,,,,,False,
100305955,,,,,,False,
100306072,,,,,,False,
100306208,,,,,,False,
100306453,,,,,,False,
100306588,,,,,,False,
100306703,,,,,,False,
100306819,,,,,,False,
100306947,,,,,,False,
100307053,,,,,,False,
100307191,,,,,,False,
100307312,,,,,,False,
100307458,,,,,,False,
100307619,,,,,,False,
100329957,,,,,,False,
100330194,,,,,,False,
100360821,,,,,,False,
100361004,,,,,,False,
100361186,,,,,,False,
100361339,,,,,,False,
100361544,,,,,,False,
100361666,,,,,,False,
100361913,,,,,,False,
100362584,,,,,,False,
100363104,,,,,,False,
100363822,,,,,,False,
100364066,,,,,,False,
100364380,,,,,,False,
100364631,,,,,,False,
100364869,,,,,,False,
100365026,,,,,,False,
100365271,,,,,,False,
100365539,,,,,,False,
100365811,,,,,,False,
100366053,,,,,,False,
100366470,,,,,,False,
100366669,,,,,,False,
100366872,,,,,,False,
100367101,,,,,,False,
100367335,,,,,,False,
100367550,,,,,,False,
100367771,,,,,,False,
100367963,,,,,,False,
100368153,,,,,,False,
100368339,,,,,,False,
100368532,,,,,,False,
100368711,,,,,,False,
100368932,,,,,,False,
100369708,,,,,,False,
100369916,,,,,,False,
100370099,,,,,,False,
100399721,,,,,,False,
100399815,,,,,,False,
100399915,,,,,,False,
100400010,,,,,,False,
100400110,,,,,,False,
100400206,,,,,,False,
100400322,,,,,,False,
100400413,,,,,,False,
100400535,,,,,,False,
100400632,,,,,,False,
100400723,,,,,,False,
100400820,,,,,,False,
100400911,,,,,,False,
100401020,,,,,,False,
100401143,,,,,,False,
100401240,,,,,,False,
100401327,,,,,,False,
100401456,,,,,,False,
100401600,,,,,,False,
100401737,,,,,,False,
100401854,,,,,,False,
100401953,,,,,,False,
100402042,,,,,,False,
100402149,,,,,,False,
100402251,,,,,,False,
102340075,,,,,,False,
102340977,,,,,,False,
102341068,,,,,,False,
102341285,,,,,,False,
102341403,,,,,,False,
102341742,,,,,,False,
102342724,,,,,,False,
102343175,,,,,,False,
102343279,,,,,,False,
102458498,,,,,,False,
102459135,,,,,,False,
102467456,,,,,,False,
102468702,,,,,,False,
102469795,,,,,,False,
102470714,,,,,,False,
102471613,,,,,,False,
102472946,,,,,,False,
102474759,,,,,,False,
102476337,,,,,,False,
102477542,,,,,,False,
102479976,,,,,,False,
102485093,,,,,,False,
102485904,,,,,,False,
102486571,,,,,,False,
102488868,,,,,,False,
102492639,,,,,,False,
102493226,,,,,,False,
102493820,,,,,,False,
102494540,,,,,,False,
102495241,,,,,,False,
102496199,,,,,,False,
102497370,,,,,,False,
102499648,,,,,,False,
102500710,,,,,,False,
102501528,,,,,,False,
102502424,,,,,,False,
102504948,,,,,,False,
102505687,,,,,,False,
102507102,,,,,,False,
102508557,,,,,,False,
102510112,,,,,,False,
102512539,,,,,,False,
102513479,,,,,,False,
102514358,,,,,,False,
102515034,,,,,,False,
102516135,,,,,,False,
102660249,,,,,,False,
102661450,,,,,,False,
102672030,,,,,,False,
102676488,,,,,,False,
102677583,,,,,,False,
102678779,,,,,,False,
102681234,,,,,,False,
102682398,,,,,,False,
102683839,,,,,,False,
102693009,,,,,,False,
102695544,,,,,,False,
102340851,,,,,,False,
102341511,,,,,,False,
102341643,,,,,,False,
102341869,,,,,,False,
102342005,,,,,,False,
102342138,,,,,,False,
102342385,,,,,,False,
102342487,,,,,,False,
102342621,,,,,,False,
102342842,,,,,,False,
102343110,,,,,,False,
102343408,,,,,,False,
102343547,,,,,,False,
102343735,,,,,,False,
102343900,,,,,,False,
102596404,,,,,,False,
109031048,,,,,,False,
120939953,,,,,,,
121016481,,,,,,,
121016958,,,,,,,
121017321,,,,,,,
121017666,,,,,,,
121017928,,,,,,,
121018879,,,,,,,
121019328,,,,,,,
121020154,,,,,,,
121020591,,,,,,,
121021087,,,,,,,
121021712,,,,,,,
121022397,,,,,,,
121023645,,,,,,,
121025487,,,,,,,
121025820,,,,,,,
121026287,,,,,,,
121026289,,,,,,,
121028114,,,,,,,
121029177,,,,,,,
121029591,,,,,,,
121030191,,,,,,,
121030715,,,,,,,
121031257,,,,,,,
121031760,,,,,,,
121032316,,,,,,,
121032568,,,,,,,
121033055,,,,,,,
121033376,,,,,,,
121033956,,,,,,,
121034653,,,,,,,
121034938,,,,,,,
121035884,,,,,,,
121036176,,,,,,,
121036983,,,,,,,
121037229,,,,,,,
121037690,,,,,,,
121038605,,,,,,,
121038972,,,,,,,
121039180,,,,,,,
121039450,,,,,,,
121293907,,,,,,False,
121294230,,,,,,False,
121294682,,,,,,False,
121295237,,,,,,False,
121297008,,,,,,False,
121299563,,,,,,False,
121300149,,,,,,False,
121300634,,,,,,False,
121300962,,,,,,False,
121301681,,,,,,False,
121302154,,,,,,False,
121302444,,,,,,False,
121302897,,,,,,False,
121303789,,,,,,False,
121304538,,,,,,False,
121304841,,,,,,False,
121305282,,,,,,False,
121305632,,,,,,False,
121305871,,,,,,False,
121306167,,,,,,False,
121306539,,,,,,False,
121306845,,,,,,False,
121307548,,,,,,False,
121308180,,,,,,False,
121308720,,,,,,False,
121309288,,,,,,False,
121309626,,,,,,False,
121310160,,,,,,False,
121311287,,,,,,False,
121695757,,,,,,False,
121696150,,,,,,False,
121696247,,,,,,False,
121696380,,,,,,False,
121696636,,,,,,False,
121696667,,,,,,False,
121696690,,,,,,False,
121696718,,,,,,False,
121696748,,,,,,False,
121696801,,,,,,False,
121696822,,,,,,False,
121696862,,,,,,False,
121696889,,,,,,False,
121696915,,,,,,False,
121696938,,,,,,False,
121696970,,,,,,False,
121697018,,,,,,False,
121697047,,,,,,False,
121697071,,,,,,False,
121697092,,,,,,False,
121697130,,,,,,False,
121697243,,,,,,False,
121697272,,,,,,False,
121854673,,,,,,False,
121855216,,,,,,False,
121855716,,,,,,False,
121856054,,,,,,False,
121856819,,,,,,False,
121857496,,,,,,False,
128415826,,,,,,False,
128415853,,,,,,False,
128415867,,,,,,False,
121695717,,,,,,False,
121695422,,,,,,False,
121695457,,,,,,False,
121695506,,,,,,False,
121695555,,,,,,False,
121695585,,,,,,False,
121695626,,,,,,False,
121695669,,,,,,False,
121695789,,,,,,False,
121695825,,,,,,False,
121696320,,,,,,False,
126963579,,,,,,False,
128411938,,,,,,False,
128411960,,,,,,False,
121695863,,,,,,False,
121695901,,,,,,False,
121695928,,,,,,False,
121696208,,,,,,False,
121696288,,,,,,False,
121696355,,,,,,False,
44229131,,,,,,,
44229243,,,,,,,
44229375,,,,,,,
44229414,,,,,,,
44229532,,,,,,,
44229549,,,,,,,
44230285,,,,,,,
44230293,,,,,,,
44230304,,,,,,,
44230316,,,,,,,
44230328,,,,,,,
44230360,,,,,,,
44220672,,,,,,,
44229080,,,,,,,
44229180,,,,,,,
44229357,,,,,,,
44229447,,,,,,,
44229469,,,,,,,
44229496,,,,,,,
44229515,,,,,,,
44229565,,,,,,,
44229586,,,,,,,
44229608,,,,,,,
44229627,,,,,,,
44220721,,,,,,,
48566445,,,,,,,
48566557,,,,,,,
48566676,,,,,,,
48566771,,,,,,,
48566868,,,,,,,
48566982,,,,,,,
48567800,,,,,,,
48569110,,,,,,,
48569368,,,,,,,
48569550,,,,,,,
48569673,,,,,,,
48570023,,,,,,,
48570169,,,,,,,
48570304,,,,,,,
48570466,,,,,,,
48571325,,,,,,,
48571918,,,,,,,
48620270,,,,,,,
48620900,,,,,,,
48628640,,,,,,,
48566127,,,,,,,
48566224,,,,,,,
48566328,,,,,,,
48567232,,,,,,,
48567337,,,,,,,
48567910,,,,,,,
48568018,,,,,,,
48568160,,,,,,,
48568382,,,,,,,
65691556,,,,,,False,
65691573,,,,,,False,
48569878,,,,,,,
48621117,,,,,,,
48568553,,,,,,,
65107206,,,,,,False,
65107238,,,,,,False,
65107260,,,,,,False,
65107290,,,,,,False,
65107541,,,,,,False,
65107574,,,,,,False,
65107616,,,,,,False,
65107637,,,,,,False,
65107692,,,,,,False,
65107220,,,,,,False,
65107271,,,,,,False,
65107372,,,,,,False,
65107478,,,,,,False,
65107485,,,,,,False,
65107504,,,,,,False,
65107516,,,,,,False,
65107525,,,,,,False,
65107531,,,,,,False,
65107545,,,,,,False,
65107549,,,,,,False,
65107560,,,,,,False,
65107570,,,,,,False,
65107587,,,,,,False,
65107591,,,,,,False,
65107595,,,,,,False,
65107605,,,,,,False,
65107610,,,,,,False,
65107631,,,,,,False,
61880059,,,,,,,
61880124,,,,,,,
61880683,,,,,,,
61880754,,,,,,,
61880824,,,,,,,
61880904,,,,,,,
61880978,,,,,,,
61881033,,,,,,,
61881096,,,,,,,
61881271,,,,,,,
61881425,,,,,,,
61881476,,,,,,,
61881533,,,,,,,
61881620,,,,,,,
61881680,,,,,,,
61882948,,,,,,,
71782879,,,,,,False,
71785415,,,,,,False,
71787852,,,,,,False,
72016186,,,,,,False,
76672967,,,,,,False,
76673168,,,,,,False,
76673333,,,,,,False,
76673474,,,,,,False,
76673664,,,,,,False,
76673829,,,,,,False,
76674092,,,,,,False,
76674183,,,,,,False,
76674293,,,,,,False,
76674381,,,,,,False,
76674469,,,,,,False,
76674672,,,,,,False,
76674745,,,,,,False,
76674880,,,,,,False,
76675005,,,,,,False,
76675071,,,,,,False,
76675136,,,,,,False,
76675203,,,,,,False,
76675251,,,,,,False,
76675292,,,,,,False,
76675353,,,,,,False,
76675403,,,,,,False,
76675454,,,,,,False,
76675528,,,,,,False,
76675620,,,,,,False,
76675672,,,,,,False,
76675766,,,,,,False,
76675824,,,,,,False,
76675872,,,,,,False,
76675932,,,,,,False,
76730677,,,,,,False,
76731622,,,,,,False,
76733449,,,,,,False,
76734722,,,,,,False,
76735541,,,,,,False,
76736653,,,,,,False,
76737609,,,,,,False,
76738596,,,,,,False,
76739680,,,,,,False,
76749368,,,,,,False,
76750441,,,,,,False,
76751129,,,,,,False,
76752718,,,,,,False,
76754947,,,,,,False,
76755916,,,,,,False,
76756642,,,,,,False,
76760529,,,,,,False,
76762780,,,,,,False,
76775994,,,,,,False,
76777601,,,,,,False,
76780400,,,,,,False,
76893709,,,,,,False,
76894054,,,,,,False,
76894440,,,,,,False,
76894936,,,,,,False,
76895641,,,,,,False,
76896038,,,,,,False,
76897433,,,,,,False,
77188913,,,,,,False,
77194008,,,,,,False,
77234526,,,,,,False,
77234692,,,,,,False,
77234842,,,,,,False,
77235053,,,,,,False,
77235363,,,,,,False,
77235528,,,,,,False,
77235767,,,,,,False,
77235885,,,,,,False,
77236004,,,,,,False,
77236138,,,,,,False,
77236251,,,,,,False,
77236453,,,,,,False,
77236707,,,,,,False,
77236836,,,,,,False,
77236936,,,,,,False,
77237143,,,,,,False,
77237467,,,,,,False,
77237783,,,,,,False,
77237909,,,,,,False,
77238037,,,,,,False,
77238200,,,,,,False,
77238319,,,,,,False,
77238477,,,,,,False,
77238637,,,,,,False,
77238905,,,,,,False,
77239132,,,,,,False,
77239347,,,,,,False,
77239491,,,,,,False,
77239909,,,,,,False,
77240111,,,,,,False,
77240244,,,,,,False,
77240307,,,,,,False,
77240383,,,,,,False,
77240471,,,,,,False,
77240562,,,,,,False,
77240671,,,,,,False,
77240775,,,,,,False,
77461555,,,,,,False,
77462058,,,,,,False,
77463280,,,,,,False,
77464510,,,,,,False,
77465084,,,,,,False,
77465569,,,,,,False,
77466202,,,,,,False,
77467784,,,,,,False,
77469187,,,,,,False,
77470138,,,,,,False,
77470754,,,,,,False,
77471305,,,,,,False,
77472407,,,,,,False,
77472974,,,,,,False,
77473623,,,,,,False,
77474083,,,,,,False,
77482261,,,,,,False,
77540501,,,,,,False,
77540663,,,,,,False,
77540821,,,,,,False,
77540976,,,,,,False,
77541269,,,,,,False,
77541437,,,,,,False,
77541616,,,,,,False,
77541789,,,,,,False,
77541977,,,,,,False,
77542162,,,,,,False,
77542330,,,,,,False,
77542530,,,,,,False,
77542742,,,,,,False,
77542977,,,,,,False,
77543116,,,,,,False,
77543230,,,,,,False,
77543356,,,,,,False,
77543644,,,,,,False,
77543771,,,,,,False,
77543917,,,,,,False,
77544041,,,,,,False,
77544156,,,,,,False,
77544273,,,,,,False,
77544387,,,,,,False,
77544475,,,,,,False,
77544575,,,,,,False,
77544646,,,,,,False,
77544731,,,,,,False,
77544811,,,,,,False,
77544885,,,,,,False,
77544960,,,,,,False,
77545053,,,,,,False,
77545142,,,,,,False,
77545222,,,,,,False,
77545357,,,,,,False,
77545438,,,,,,False,
77545506,,,,,,False,
77545641,,,,,,False,
77545703,,,,,,False,
77545773,,,,,,False,
77545836,,,,,,False,
77545896,,,,,,False,
77545954,,,,,,False,
77546011,,,,,,False,
77546071,,,,,,False,
77546138,,,,,,False,
77546191,,,,,,False,
77546245,,,,,,False,
77546296,,,,,,False,
77546402,,,,,,False,
77546502,,,,,,False,
77546580,,,,,,False,
77546694,,,,,,False,
77546802,,,,,,False,
77546884,,,,,,False,
77546945,,,,,,False,
77547014,,,,,,False,
77547119,,,,,,False,
77547170,,,,,,False,
77547267,,,,,,False,
77547313,,,,,,False,
82591106,,,,,,False,
82591414,,,,,,False,
82591764,,,,,,False,
82592378,,,,,,False,
82593391,,,,,,False,
82593849,,,,,,False,
82599849,,,,,,False,
82622627,,,,,,False,
82623277,,,,,,False,
82623404,,,,,,False,
82623684,,,,,,False,
82623919,,,,,,False,
82624065,,,,,,False,
82624175,,,,,,False,
82624285,,,,,,False,
82624374,,,,,,False,
82624452,,,,,,False,
82625002,,,,,,False,
82625074,,,,,,False,
82625178,,,,,,False,
82625237,,,,,,False,
82625333,,,,,,False,
82625393,,,,,,False,
82625597,,,,,,False,
82625669,,,,,,False,
82625739,,,,,,False,
82626070,,,,,,False,
82626134,,,,,,False,
77189402,,,,,,False,
71778123,,,,,,False,
71778714,,,,,,False,
71783933,,,,,,False,
71784824,,,,,,False,
71785907,,,,,,False,
71786781,,,,,,False,
71787353,,,,,,False,
71788368,,,,,,False,
71790344,,,,,,False,
71791873,,,,,,False,
77179588,,,,,,False,
77180319,,,,,,False,
77180963,,,,,,False,
77181460,,,,,,False,
77185759,,,,,,False,
77189960,,,,,,False,
77190542,,,,,,False,
82594828,,,,,,False,
82596655,,,,,,False,
82597000,,,,,,False,
82597337,,,,,,False,
82597812,,,,,,False,
82619710,,,,,,False,
82619899,,,,,,False,
82620157,,,,,,False,
82620425,,,,,,False,
82620528,,,,,,False,
82620683,,,,,,False,
82620771,,,,,,False,
82620887,,,,,,False,
82620987,,,,,,False,
82621086,,,,,,False,
82621188,,,,,,False,
99713914,,,,,,False,
99714482,,,,,,False,
99714522,,,,,,False,
99714807,,,,,,False,
99715074,,,,,,False,
99715344,,,,,,False,
99715636,,,,,,False,
99715865,,,,,,False,
99716201,,,,,,False,
99716528,,,,,,False,
99716763,,,,,,False,
99717169,,,,,,False,
99717523,,,,,,False,
99717757,,,,,,False,
99718017,,,,,,False,
99718480,,,,,,False,
99718640,,,,,,False,
99718955,,,,,,False,
99719123,,,,,,False,
99719249,,,,,,False,
99719377,,,,,,False,
99719378,,,,,,False,
99719690,,,,,,False,
99719833,,,,,,False,
99721079,,,,,,False,
99722774,,,,,,False,
99722881,,,,,,False,
99722974,,,,,,False,
99723242,,,,,,False,
99723361,,,,,,False,
99723449,,,,,,False,
99723514,,,,,,False,
99723580,,,,,,False,
99781719,,,,,,False,
99782219,,,,,,False,
99782870,,,,,,False,
99783628,,,,,,False,
99784325,,,,,,False,
99787133,,,,,,False,
99787879,,,,,,False,
107151358,,,,,,False,
107151554,,,,,,False,
107151581,,,,,,False,
107151635,,,,,,False,
107156144,,,,,,False,
107156174,,,,,,False,
107156232,,,,,,False,
107156268,,,,,,False,
107156312,,,,,,False,
107156342,,,,,,False,
107156390,,,,,,False,
107156439,,,,,,False,
107156477,,,,,,False,
107156513,,,,,,False,
107157468,,,,,,False,
107163611,,,,,,False,
107163629,,,,,,False,
107163648,,,,,,False,
107163684,,,,,,False,
107163840,,,,,,False,
107163875,,,,,,False,
107163891,,,,,,False,
107163904,,,,,,False,
107165112,,,,,,False,
107165119,,,,,,False,
107165124,,,,,,False,
107165132,,,,,,False,
107165136,,,,,,False,
107165145,,,,,,False,
107165160,,,,,,False,
107165171,,,,,,False,
107165185,,,,,,False,
107165195,,,,,,False,
107165204,,,,,,False,
107165212,,,,,,False,
107165298,,,,,,False,
107165318,,,,,,False,
107165324,,,,,,False,
107165572,,,,,,False,
107165583,,,,,,False,
107165597,,,,,,False,
107165610,,,,,,False,
107165622,,,,,,False,
107165636,,,,,,False,
107165648,,,,,,False,
107165654,,,,,,False,
107165668,,,,,,False,
107165680,,,,,,False,
107165689,,,,,,False,
107518618,,,,,,False,
99708661,,,,,,False,
99554571,,,,,,False,
99554880,,,,,,False,
99555327,,,,,,False,
99556218,,,,,,False,
99707524,,,,,,False,
99708144,,,,,,False,
99708342,,,,,,False,
99709180,,,,,,False,
99709354,,,,,,False,
99709542,,,,,,False,
99709700,,,,,,False,
99709913,,,,,,False,
99710086,,,,,,False,
99710276,,,,,,False,
99710543,,,,,,False,
99711777,,,,,,False,
99712487,,,,,,False,
99712665,,,,,,False,
99712850,,,,,,False,
99713042,,,,,,False,
107151089,,,,,,False,
107151122,,,,,,False,
107151144,,,,,,False,
107151164,,,,,,False,
107151191,,,,,,False,
107151284,,,,,,False,
107151394,,,,,,False,
107151441,,,,,,False,
107163708,,,,,,False,
107163799,,,,,,False,
107163810,,,,,,False,
107270771,,,,,,False,
116939070,,,,,,False,
116939944,,,,,,False,
116942340,,,,,,False,
116942659,,,,,,False,
116942828,,,,,,False,
116942999,,,,,,False,
116943130,,,,,,False,
116943258,,,,,,False,
116943498,,,,,,False,
117198635,,,,,,False,
117199266,,,,,,False,
117206161,,,,,,False,
117206654,,,,,,False,
117207836,,,,,,False,
117305604,,,,,,False,
117306011,,,,,,False,
117306991,,,,,,False,
117307346,,,,,,False,
117307709,,,,,,False,
117308279,,,,,,False,
117308597,,,,,,False,
117308863,,,,,,False,
117309165,,,,,,False,
119073438,,,,,,False,
119073662,,,,,,False,
119073855,,,,,,False,
119074149,,,,,,False,
119074359,,,,,,False,
119074560,,,,,,False,
119089550,,,,,,False,
119092175,,,,,,False,
119092964,,,,,,False,
119093152,,,,,,False,
119093392,,,,,,False,
119093519,,,,,,False,
119093625,,,,,,False,
119093737,,,,,,False,
119095097,,,,,,False,
119095240,,,,,,False,
119095331,,,,,,False,
119095427,,,,,,False,
119095756,,,,,,False,
119095854,,,,,,False,
119095932,,,,,,False,
119095990,,,,,,False,
119096060,,,,,,False,
119096137,,,,,,False,
119096200,,,,,,False,
119167824,,,,,,False,
119167984,,,,,,False,
119168254,,,,,,False,
119168771,,,,,,False,
119168946,,,,,,False,
119169806,,,,,,False,
119169968,,,,,,False,
119170432,,,,,,False,
119170729,,,,,,False,
119170900,,,,,,False,
120769652,,,,,,,
120769931,,,,,,False,
120775845,,,,,,False,
120776116,,,,,,False,
120776390,,,,,,False,
120776557,,,,,,False,
120776734,,,,,,False,
120777072,,,,,,False,
120777320,,,,,,False,
120777583,,,,,,False,
120777828,,,,,,False,
120778078,,,,,,False,
120780042,,,,,,False,
120780279,,,,,,False,
120780469,,,,,,False,
120780875,,,,,,False,
120781082,,,,,,False,
120782403,,,,,,False,
120782625,,,,,,False,
120782855,,,,,,False,
120791564,,,,,,False,
120791766,,,,,,False,
120767246,,,,,,False,
114480358,,,,,,False,
114482331,,,,,,False,
114484467,,,,,,False,
114486227,,,,,,False,
114489608,,,,,,False,
116939380,,,,,,False,
116944306,,,,,,False,
117125903,,,,,,False,
117126175,,,,,,False,
117126878,,,,,,False,
117129679,,,,,,False,
117130103,,,,,,False,
117130546,,,,,,False,
117131013,,,,,,False,
117131915,,,,,,False,
117132339,,,,,,False,
117133108,,,,,,False,
117133377,,,,,,False,
117133605,,,,,,False,
117133847,,,,,,False,
117134081,,,,,,False,
120768069,,,,,,False,
120768562,,,,,,False,
120794463,,,,,,False,
120794631,,,,,,False,
44402698,,,,,,,
44402758,,,,,,,
44403003,,,,,,,
44401335,,,,,,,
44402043,,,,,,,
44402301,,,,,,,
44402404,,,,,,,
44402522,,,,,,,
44402591,,,,,,,
44402828,,,,,,,
44402904,,,,,,,
44403130,,,,,,,
44403211,,,,,,,
44403269,,,,,,,
44403402,,,,,,,
44403497,,,,,,,
47380958,,,,,,,
47382065,,,,,,,
47382584,,,,,,,
47385096,,,,,,,
47386394,,,,,,,
47863253,,,,,,,
47863358,,,,,,,
47864860,,,,,,,
61316533,,,,,,,
47379250,,,,,,,
47379391,,,,,,,
47379796,,,,,,,
47380104,,,,,,,
47380271,,,,,,,
47380387,,,,,,,
47383102,,,,,,,
47383253,,,,,,,
47383466,,,,,,,
47384658,,,,,,,
47385336,,,,,,,
47385789,,,,,,,
47385999,,,,,,,
47863116,,,,,,,
47863172,,,,,,,
47863310,,,,,,,
49001402,,,,,,,
47384873,,,,,,,
60523094,,,,,,,
65617947,,,,,,False,
65618232,,,,,,False,
65618586,,,,,,False,
65618736,,,,,,False,
60520967,,,,,,,
60522491,,,,,,,
60522812,,,,,,,
60840924,,,,,,,
60840977,,,,,,,
65617756,,,,,,False,
65617848,,,,,,False,
65618024,,,,,,False,
65618114,,,,,,False,
65618185,,,,,,False,
65618300,,,,,,False,
65618394,,,,,,False,
65618474,,,,,,False,
65618526,,,,,,False,
65618551,,,,,,False,
65618784,,,,,,False,
65618843,,,,,,False,
65618941,,,,,,False,
65619548,,,,,,False,
82599468,,,,,,False,
82599708,,,,,,False,
60522258,,,,,,,
60522672,,,,,,,
60841033,,,,,,,
60841159,,,,,,,
60841205,,,,,,,
60841269,,,,,,,
60841327,,,,,,,
60841405,,,,,,,
60841468,,,,,,,
68169504,,,,,,False,
68169621,,,,,,False,
68170100,,,,,,False,
77457637,,,,,,False,
77460564,,,,,,False,
77513071,,,,,,False,
78971983,,,,,,False,
78981234,,,,,,False,
79703903,,,,,,False,
79774865,,,,,,False,
79829546,,,,,,False,
79834206,,,,,,False,
79835675,,,,,,False,
79836457,,,,,,False,
79839235,,,,,,False,
79841889,,,,,,False,
79853167,,,,,,False,
79853949,,,,,,False,
79855034,,,,,,False,
79858492,,,,,,False,
79859464,,,,,,False,
79950913,,,,,,False,
79953197,,,,,,False,
79954851,,,,,,False,
79964303,,,,,,False,
79964862,,,,,,False,
79965485,,,,,,False,
79966704,,,,,,False,
79981035,,,,,,False,
79981712,,,,,,False,
80088727,,,,,,False,
80089634,,,,,,False,
80090442,,,,,,False,
80091769,,,,,,False,
80092799,,,,,,False,
80096346,,,,,,False,
80107026,,,,,,False,
80108417,,,,,,False,
80109649,,,,,,False,
80110615,,,,,,False,
80112323,,,,,,False,
80119840,,,,,,False,
80249778,,,,,,False,
80250780,,,,,,False,
80251273,,,,,,False,
80251648,,,,,,False,
80252010,,,,,,False,
80253578,,,,,,False,
80255281,,,,,,False,
80255671,,,,,,False,
80256045,,,,,,False,
80256486,,,,,,False,
80256845,,,,,,False,
80257169,,,,,,False,
80257527,,,,,,False,
80264362,,,,,,False,
80265270,,,,,,False,
80268544,,,,,,False,
80268992,,,,,,False,
80269704,,,,,,False,
80270961,,,,,,False,
80272069,,,,,,False,
80272618,,,,,,False,
80273036,,,,,,False,
80273630,,,,,,False,
80274008,,,,,,False,
80274466,,,,,,False,
80274790,,,,,,False,
80275187,,,,,,False,
80275595,,,,,,False,
80275912,,,,,,False,
80276208,,,,,,False,
80276612,,,,,,False,
80277436,,,,,,False,
80277729,,,,,,False,
80297416,,,,,,False,
80300814,,,,,,False,
80301255,,,,,,False,
80301792,,,,,,False,
80302279,,,,,,False,
80302784,,,,,,False,
80303414,,,,,,False,
80303966,,,,,,False,
80310674,,,,,,False,
80312692,,,,,,False,
80313065,,,,,,False,
80313705,,,,,,False,
80314128,,,,,,False,
80315157,,,,,,False,
80315521,,,,,,False,
80317090,,,,,,False,
80318810,,,,,,False,
80319149,,,,,,False,
80319634,,,,,,False,
80320683,,,,,,False,
80321379,,,,,,False,
80322871,,,,,,False,
80323354,,,,,,False,
80323798,,,,,,False,
80324272,,,,,,False,
80325045,,,,,,False,
80325517,,,,,,False,
80325865,,,,,,False,
80328028,,,,,,False,
80328674,,,,,,False,
80590417,,,,,,False,
80590909,,,,,,False,
80591910,,,,,,False,
80592609,,,,,,False,
80597426,,,,,,False,
80598569,,,,,,False,
80599331,,,,,,False,
80600044,,,,,,False,
80602263,,,,,,False,
80602791,,,,,,False,
80603229,,,,,,False,
80603620,,,,,,False,
80604194,,,,,,False,
80604764,,,,,,False,
80605311,,,,,,False,
80608562,,,,,,False,
80609215,,,,,,False,
80609706,,,,,,False,
80610290,,,,,,False,
80610840,,,,,,False,
80611284,,,,,,False,
80611821,,,,,,False,
80612323,,,,,,False,
80612981,,,,,,False,
80615039,,,,,,False,
80617820,,,,,,False,
80618486,,,,,,False,
80619089,,,,,,False,
80619674,,,,,,False,
80620413,,,,,,False,
80621190,,,,,,False,
80621632,,,,,,False,
80622059,,,,,,False,
80622631,,,,,,False,
80625017,,,,,,False,
80625528,,,,,,False,
80626113,,,,,,False,
80626614,,,,,,False,
80627364,,,,,,False,
80630199,,,,,,False,
80630788,,,,,,False,
80631359,,,,,,False,
80632277,,,,,,False,
80632867,,,,,,False,
80633714,,,,,,False,
80635271,,,,,,False,
80635842,,,,,,False,
80636307,,,,,,False,
80636729,,,,,,False,
80637116,,,,,,False,
80638307,,,,,,False,
80638961,,,,,,False,
80639485,,,,,,False,
68169971,,,,,,False,
68170204,,,,,,False,
68170335,,,,,,False,
68170440,,,,,,False,
77332331,,,,,,False,
77421402,,,,,,False,
77424542,,,,,,False,
77426859,,,,,,False,
77449988,,,,,,False,
77515397,,,,,,False,
77516168,,,,,,False,
77517014,,,,,,False,
77518368,,,,,,False,
77519060,,,,,,False,
77519513,,,,,,False,
77520595,,,,,,False,
77521079,,,,,,False,
77521523,,,,,,False,
77522050,,,,,,False,
77522469,,,,,,False,
77523156,,,,,,False,
77523615,,,,,,False,
77524065,,,,,,False,
77524606,,,,,,False,
77525044,,,,,,False,
77525455,,,,,,False,
77525882,,,,,,False,
77526292,,,,,,False,
77526804,,,,,,False,
77527280,,,,,,False,
77527740,,,,,,False,
77528122,,,,,,False,
77528698,,,,,,False,
77529339,,,,,,False,
77529779,,,,,,False,
77530492,,,,,,False,
77531030,,,,,,False,
77531540,,,,,,False,
77532586,,,,,,False,
77533115,,,,,,False,
77533499,,,,,,False,
78976833,,,,,,False,
78984227,,,,,,False,
78985565,,,,,,False,
78986775,,,,,,False,
78990166,,,,,,False,
79673404,,,,,,False,
79676639,,,,,,False,
79683614,,,,,,False,
79690140,,,,,,False,
79691022,,,,,,False,
79692594,,,,,,False,
79700601,,,,,,False,
99768873,,,,,,False,
101328366,,,,,,False,
101329835,,,,,,False,
101334130,,,,,,False,
101336006,,,,,,False,
101649990,,,,,,False,
101652200,,,,,,False,
101659550,,,,,,False,
101661275,,,,,,False,
101668386,,,,,,False,
101671265,,,,,,False,
101725602,,,,,,False,
101728074,,,,,,False,
101732057,,,,,,False,
101733475,,,,,,False,
102043076,,,,,,False,
102044917,,,,,,False,
102045802,,,,,,False,
102046779,,,,,,False,
102049648,,,,,,False,
102051213,,,,,,False,
102051619,,,,,,False,
102052193,,,,,,False,
102052468,,,,,,False,
102053178,,,,,,False,
102055745,,,,,,False,
102056138,,,,,,False,
102133087,,,,,,False,
102146544,,,,,,False,
102147744,,,,,,False,
102149538,,,,,,False,
102154148,,,,,,False,
102156373,,,,,,False,
102157629,,,,,,False,
102158954,,,,,,False,
102160251,,,,,,False,
102161875,,,,,,False,
102166171,,,,,,False,
103471181,,,,,,False,
103794559,,,,,,False,
103865468,,,,,,False,
103866744,,,,,,False,
103868392,,,,,,False,
103869662,,,,,,False,
103870903,,,,,,False,
103872097,,,,,,False,
103874997,,,,,,False,
103876162,,,,,,False,
103877518,,,,,,False,
105195831,,,,,,False,
105200172,,,,,,False,
105201163,,,,,,False,
105259526,,,,,,False,
105259908,,,,,,False,
105260991,,,,,,False,
105261308,,,,,,False,
105261724,,,,,,False,
105262058,,,,,,False,
105415621,,,,,,False,
105416293,,,,,,False,
105417425,,,,,,False,
105418297,,,,,,False,
105418604,,,,,,False,
105419616,,,,,,False,
105420170,,,,,,False,
105422729,,,,,,False,
105428506,,,,,,False,
105428887,,,,,,False,
105432633,,,,,,False,
105433224,,,,,,False,
105433772,,,,,,False,
105436598,,,,,,False,
105437074,,,,,,False,
105437582,,,,,,False,
105438070,,,,,,False,
105438582,,,,,,False,
105439158,,,,,,False,
105446806,,,,,,False,
105730812,,,,,,False,
105730924,,,,,,False,
105731504,,,,,,False,
105731621,,,,,,False,
105732874,,,,,,False,
105735828,,,,,,False,
105736120,,,,,,False,
105736465,,,,,,False,
105736684,,,,,,False,
105736705,,,,,,False,
105736718,,,,,,False,
105736731,,,,,,False,
105736748,,,,,,False,
105736763,,,,,,False,
105736775,,,,,,False,
105736787,,,,,,False,
105736803,,,,,,False,
105736816,,,,,,False,
105736844,,,,,,False,
105736850,,,,,,False,
105736864,,,,,,False,
105736876,,,,,,False,
101679536,,,,,,False,
101682166,,,,,,False,
101688899,,,,,,False,
101691919,,,,,,False,
101700336,,,,,,False,
101745219,,,,,,False,
102095355,,,,,,False,
102096768,,,,,,False,
102097739,,,,,,False,
102099266,,,,,,False,
102104527,,,,,,False,
102113870,,,,,,False,
102117530,,,,,,False,
102119617,,,,,,False,
102121492,,,,,,False,
102126022,,,,,,False,
102128088,,,,,,False,
102130303,,,,,,False,
117178667,,,,,,False,
117179158,,,,,,False,
122409245,,,,,,False,
122412205,,,,,,False,
122414082,,,,,,False,
122424380,,,,,,False,
122427854,,,,,,False,
122429469,,,,,,False,
122430733,,,,,,False,
122461286,,,,,,False,
122491145,,,,,,False,
122782974,,,,,,False,
122805700,,,,,,False,
122808555,,,,,,False,
122810323,,,,,,False,
122811822,,,,,,False,
122814088,,,,,,False,
122820414,,,,,,False,
122821911,,,,,,False,
122831722,,,,,,False,
122833228,,,,,,False,
122834643,,,,,,False,
122836533,,,,,,False,
122838476,,,,,,False,
122839485,,,,,,False,
122842872,,,,,,False,
122844317,,,,,,False,
122845398,,,,,,False,
122846504,,,,,,False,
122847610,,,,,,False,
122848633,,,,,,False,
122849521,,,,,,False,
122851121,,,,,,False,
122854250,,,,,,False,
122855193,,,,,,False,
122856024,,,,,,False,
122857052,,,,,,False,
122858692,,,,,,False,
122860590,,,,,,False,
122861419,,,,,,False,
122861960,,,,,,False,
122864163,,,,,,False,
122864743,,,,,,False,
122865314,,,,,,False,
122865911,,,,,,False,
122866460,,,,,,False,
122867197,,,,,,False,
122867745,,,,,,False,
122868332,,,,,,False,
122868982,,,,,,False,
122869701,,,,,,False,
122870380,,,,,,False,
122870990,,,,,,False,
122870991,,,,,,False,
122872020,,,,,,False,
122872593,,,,,,False,
122873068,,,,,,False,
122873656,,,,,,False,
122874156,,,,,,False,
122874614,,,,,,False,
122875468,,,,,,False,
122876150,,,,,,False,
122876602,,,,,,False,
122889954,,,,,,False,
122890202,,,,,,False,
122890489,,,,,,False,
122405738,,,,,,False,
122403174,,,,,,False,
122408190,,,,,,False,
122425822,,,,,,False,
122426822,,,,,,False,
122431817,,,,,,False,
122432907,,,,,,False,
122433890,,,,,,False,
122434551,,,,,,False,
122463524,,,,,,False,
122494657,,,,,,False,
122511991,,,,,,False,
122778951,,,,,,False,
122785257,,,,,,False,
122790071,,,,,,False,
122887323,,,,,,False,
127377934,,,,,,False,
127378005,,,,,,False,
122776363,,,,,,False,
122792846,,,,,,False,
44407039,,,,,,,
44406995,,,,,,,
44407259,,,,,,,
44407309,,,,,,,
44407397,,,,,,,
44407424,,,,,,,
44407447,,,,,,,
44407463,,,,,,,
44407503,,,,,,,
44407529,,,,,,,
44407552,,,,,,,
44407575,,,,,,,
44407589,,,,,,,
44407600,,,,,,,
44407621,,,,,,,
44407634,,,,,,,
44407652,,,,,,,
47459381,,,,,,,
47459904,,,,,,,
47460227,,,,,,,
47460758,,,,,,,
47585800,,,,,,,
47457628,,,,,,,
47457894,,,,,,,
47458102,,,,,,,
47458542,,,,,,,
47458890,,,,,,,
47459179,,,,,,,
47460413,,,,,,,
47460617,,,,,,,
47460951,,,,,,,
47461283,,,,,,,
47461466,,,,,,,
47461606,,,,,,,
47584522,,,,,,,
65413344,,,,,,False,
65413592,,,,,,False,
65414101,,,,,,False,
65414794,,,,,,False,
65422124,,,,,,False,
60640448,,,,,,,
60641482,,,,,,,
65411823,,,,,,False,
65413459,,,,,,False,
65413542,,,,,,False,
65413701,,,,,,False,
65413792,,,,,,False,
65413919,,,,,,False,
65414012,,,,,,False,
65414224,,,,,,False,
65414532,,,,,,False,
65414580,,,,,,False,
65414622,,,,,,False,
65414644,,,,,,False,
65414707,,,,,,False,
65414863,,,,,,False,
65422052,,,,,,False,
79858010,,,,,,False,
79859454,,,,,,False,
79862692,,,,,,False,
79863850,,,,,,False,
79944960,,,,,,False,
79946054,,,,,,False,
80153545,,,,,,False,
80154141,,,,,,False,
80154746,,,,,,False,
80155403,,,,,,False,
80156086,,,,,,False,
80156720,,,,,,False,
80157284,,,,,,False,
80157853,,,,,,False,
80158475,,,,,,False,
80159022,,,,,,False,
80159516,,,,,,False,
80160035,,,,,,False,
80161966,,,,,,False,
80163002,,,,,,False,
80163673,,,,,,False,
80164792,,,,,,False,
80165246,,,,,,False,
80166051,,,,,,False,
80166462,,,,,,False,
80166894,,,,,,False,
80170208,,,,,,False,
80170635,,,,,,False,
80172119,,,,,,False,
80173125,,,,,,False,
80173523,,,,,,False,
80173914,,,,,,False,
80174280,,,,,,False,
80174616,,,,,,False,
80174960,,,,,,False,
80175923,,,,,,False,
80255752,,,,,,False,
80257213,,,,,,False,
80257793,,,,,,False,
80258959,,,,,,False,
80259444,,,,,,False,
80259877,,,,,,False,
80260234,,,,,,False,
80260583,,,,,,False,
80260916,,,,,,False,
80261297,,,,,,False,
80261621,,,,,,False,
80261875,,,,,,False,
80262223,,,,,,False,
80262508,,,,,,False,
80262774,,,,,,False,
80263224,,,,,,False,
80263708,,,,,,False,
80264396,,,,,,False,
80264673,,,,,,False,
80265170,,,,,,False,
80265676,,,,,,False,
80266353,,,,,,False,
80266911,,,,,,False,
80267300,,,,,,False,
80268501,,,,,,False,
80268948,,,,,,False,
80269352,,,,,,False,
80269730,,,,,,False,
80270197,,,,,,False,
80273136,,,,,,False,
80274004,,,,,,False,
80274728,,,,,,False,
80275562,,,,,,False,
80276358,,,,,,False,
82780837,,,,,,False,
82879348,,,,,,False,
82879641,,,,,,False,
82880150,,,,,,False,
82880611,,,,,,False,
82881011,,,,,,False,
82881907,,,,,,False,
82882118,,,,,,False,
82882431,,,,,,False,
82882815,,,,,,False,
82883131,,,,,,False,
82883530,,,,,,False,
82884333,,,,,,False,
82884567,,,,,,False,
82884892,,,,,,False,
82885353,,,,,,False,
82885657,,,,,,False,
82887128,,,,,,False,
82889505,,,,,,False,
82889787,,,,,,False,
82890731,,,,,,False,
83049386,,,,,,False,
83064357,,,,,,False,
83065023,,,,,,False,
83065630,,,,,,False,
83066441,,,,,,False,
83067493,,,,,,False,
83067883,,,,,,False,
83068179,,,,,,False,
83069121,,,,,,False,
83069893,,,,,,False,
83071024,,,,,,False,
83073048,,,,,,False,
83075707,,,,,,False,
83077632,,,,,,False,
83078578,,,,,,False,
83079455,,,,,,False,
83079871,,,,,,False,
83080631,,,,,,False,
83080884,,,,,,False,
83081482,,,,,,False,
83108870,,,,,,False,
83109227,,,,,,False,
83109690,,,,,,False,
83110080,,,,,,False,
83110467,,,,,,False,
83110898,,,,,,False,
83111315,,,,,,False,
83111837,,,,,,False,
83112182,,,,,,False,
83115881,,,,,,False,
83116232,,,,,,False,
83116642,,,,,,False,
83116980,,,,,,False,
83117260,,,,,,False,
83117565,,,,,,False,
83117967,,,,,,False,
83118353,,,,,,False,
83118666,,,,,,False,
83118966,,,,,,False,
83119215,,,,,,False,
83121630,,,,,,False,
83121946,,,,,,False,
83122249,,,,,,False,
83123218,,,,,,False,
83123551,,,,,,False,
83123937,,,,,,False,
83124274,,,,,,False,
83124621,,,,,,False,
83124961,,,,,,False,
83125274,,,,,,False,
75998669,,,,,,False,
75998904,,,,,,False,
79943589,,,,,,False,
79947142,,,,,,False,
79948459,,,,,,False,
79954369,,,,,,False,
79955690,,,,,,False,
79957032,,,,,,False,
79957873,,,,,,False,
79962020,,,,,,False,
79962791,,,,,,False,
79963641,,,,,,False,
79964616,,,,,,False,
79965294,,,,,,False,
80162530,,,,,,False,
80165637,,,,,,False,
80167406,,,,,,False,
80169667,,,,,,False,
80172711,,,,,,False,
80175289,,,,,,False,
80175594,,,,,,False,
80176214,,,,,,False,
80255031,,,,,,False,
80255361,,,,,,False,
80256230,,,,,,False,
80256535,,,,,,False,
80256890,,,,,,False,
80257495,,,,,,False,
102988580,,,,,,False,
102988991,,,,,,False,
105242121,,,,,,False,
105242687,,,,,,False,
105243117,,,,,,False,
105243966,,,,,,False,
105244420,,,,,,False,
105244864,,,,,,False,
105245163,,,,,,False,
105246094,,,,,,False,
105246664,,,,,,False,
105252306,,,,,,False,
105252479,,,,,,False,
105252643,,,,,,False,
105253218,,,,,,False,
105253437,,,,,,False,
105253768,,,,,,False,
105254690,,,,,,False,
105254830,,,,,,False,
105255004,,,,,,False,
105255178,,,,,,False,
105255334,,,,,,False,
105255457,,,,,,False,
105255615,,,,,,False,
105476924,,,,,,False,
105476969,,,,,,False,
105477044,,,,,,False,
105477085,,,,,,False,
105477129,,,,,,False,
105477362,,,,,,False,
105477427,,,,,,False,
105477453,,,,,,False,
105477493,,,,,,False,
105477536,,,,,,False,
105478294,,,,,,False,
105478346,,,,,,False,
105478410,,,,,,False,
105478457,,,,,,False,
105478523,,,,,,False,
105478574,,,,,,False,
105478638,,,,,,False,
105478705,,,,,,False,
105478757,,,,,,False,
105478806,,,,,,False,
105478870,,,,,,False,
105645161,,,,,,False,
105645351,,,,,,False,
105645562,,,,,,False,
105645762,,,,,,False,
105645952,,,,,,False,
105646154,,,,,,False,
105646393,,,,,,False,
105646575,,,,,,False,
105646772,,,,,,False,
105646994,,,,,,False,
105668306,,,,,,False,
105733879,,,,,,False,
105734101,,,,,,False,
105734172,,,,,,False,
105734198,,,,,,False,
105648673,,,,,,False,
105648980,,,,,,False,
105649904,,,,,,False,
105650225,,,,,,False,
105660870,,,,,,False,
105661025,,,,,,False,
105661229,,,,,,False,
105661404,,,,,,False,
105667167,,,,,,False,
105667573,,,,,,False,
105733941,,,,,,False,
105650689,,,,,,False,
118384938,,,,,,False,
118386993,,,,,,False,
118389077,,,,,,False,
118390076,,,,,,False,
118391325,,,,,,False,
118392342,,,,,,False,
118392985,,,,,,False,
118394256,,,,,,False,
118395405,,,,,,False,
118457730,,,,,,False,
118459236,,,,,,False,
118460422,,,,,,False,
118461394,,,,,,False,
118462076,,,,,,False,
118478230,,,,,,False,
118506235,,,,,,False,
118516619,,,,,,False,
118530194,,,,,,False,
118531463,,,,,,False,
118540560,,,,,,False,
118964765,,,,,,False,
118965179,,,,,,False,
118965401,,,,,,False,
118965617,,,,,,False,
118965834,,,,,,False,
118966003,,,,,,False,
118966204,,,,,,False,
118966362,,,,,,False,
118966566,,,,,,False,
118966807,,,,,,False,
118971529,,,,,,False,
118971836,,,,,,False,
118972025,,,,,,False,
118972184,,,,,,False,
118972367,,,,,,False,
118972597,,,,,,False,
118972796,,,,,,False,
118973060,,,,,,False,
118973273,,,,,,False,
118973481,,,,,,False,
121106679,,,,,,False,
121106999,,,,,,False,
121107272,,,,,,False,
121107863,,,,,,False,
121108357,,,,,,False,
121109144,,,,,,False,
121109380,,,,,,False,
121109610,,,,,,False,
121109998,,,,,,False,
121110244,,,,,,False,
121110447,,,,,,False,
121110699,,,,,,False,
121111036,,,,,,False,
121111535,,,,,,False,
121111798,,,,,,False,
121112145,,,,,,False,
121112596,,,,,,False,
121112792,,,,,,False,
121113001,,,,,,False,
121113195,,,,,,False,
121114232,,,,,,False,
121114474,,,,,,False,
121114678,,,,,,False,
121114900,,,,,,False,
121115098,,,,,,False,
121115368,,,,,,False,
121115627,,,,,,False,
121115812,,,,,,False,
121116258,,,,,,False,
121116452,,,,,,False,
121116668,,,,,,False,
121116879,,,,,,False,
121117167,,,,,,False,
121117449,,,,,,False,
121117733,,,,,,False,
121118055,,,,,,False,
121118304,,,,,,False,
121118535,,,,,,False,
121118740,,,,,,False,
121118988,,,,,,False,
121119180,,,,,,False,
121119359,,,,,,False,
121119495,,,,,,False,
121119655,,,,,,False,
121119856,,,,,,False,
121120094,,,,,,False,
121120406,,,,,,False,
121120534,,,,,,False,
121120706,,,,,,False,
121120922,,,,,,False,
121121140,,,,,,False,
121121441,,,,,,False,
121121656,,,,,,False,
121121806,,,,,,False,
121122033,,,,,,False,
121122197,,,,,,False,
121123198,,,,,,False,
121123358,,,,,,False,
121599466,,,,,,False,
121599627,,,,,,False,
121600225,,,,,,False,
121626094,,,,,,False,
121627488,,,,,,False,
121628892,,,,,,False,
121629099,,,,,,False,
121629153,,,,,,False,
121629253,,,,,,False,
121629307,,,,,,False,
121629340,,,,,,False,
121629342,,,,,,False,
127987620,,,,,,False,
128486738,,,,,,False,
128486753,,,,,,False,
128486774,,,,,,False,
128271713,,,,,,False,
128271856,,,,,,False,
118504613,,,,,,False,
118509839,,,,,,,
118529913,,,,,,False,
118530588,,,,,,False,
118530871,,,,,,False,
118542524,,,,,,False,
121628130,,,,,,False,
121630116,,,,,,False,
121630153,,,,,,False,
127987671,,,,,,False,
118508175,,,,,,False,
118511892,,,,,,,
118515997,,,,,,False,
121599839,,,,,,False,
121628264,,,,,,False,
44274502,,,,,,,
44339496,,,,,,,
44339511,,,,,,,
44344671,,,,,,,
44344702,,,,,,,
44344737,,,,,,,
44339606,,,,,,,
44339623,,,,,,,
44339808,,,,,,,
44344661,,,,,,,
44344710,,,,,,,
44344759,,,,,,,
44344901,,,,,,,
44344919,,,,,,,
44344938,,,,,,,
44344953,,,,,,,
44344969,,,,,,,
44345009,,,,,,,
44345027,,,,,,,
44345047,,,,,,,
44345063,,,,,,,
56599703,,,,,,,
56674999,,,,,,,
56675323,,,,,,,
56675673,,,,,,,
56676084,,,,,,,
56676488,,,,,,,
65097933,,,,,,False,
65098073,,,,,,False,
65100424,,,,,,False,
65142852,,,,,,False,
65142882,,,,,,False,
65142924,,,,,,False,
65142958,,,,,,False,
48208325,,,,,,,
48208369,,,,,,,
48208444,,,,,,,
48208494,,,,,,,
56599453,,,,,,,
56600246,,,,,,,
56613832,,,,,,,
56657016,,,,,,,
56657451,,,,,,,
56673560,,,,,,,
56673997,,,,,,,
65096304,,,,,,False,
65096368,,,,,,False,
65097842,,,,,,False,
65098022,,,,,,False,
56671883,,,,,,,
56672974,,,,,,,
56674414,,,,,,,
60926262,,,,,,,
65409125,,,,,,False,
65409718,,,,,,False,
65409771,,,,,,False,
65410051,,,,,,False,
88448702,,,,,,False,
60926466,,,,,,,
60926606,,,,,,,
65408949,,,,,,False,
65409284,,,,,,False,
65409338,,,,,,False,
65409377,,,,,,False,
65409476,,,,,,False,
65409623,,,,,,False,
65409810,,,,,,False,
65409918,,,,,,False,
65409970,,,,,,False,
65410011,,,,,,False,
65410154,,,,,,False,
65410201,,,,,,False,
65410237,,,,,,False,
65410452,,,,,,False,
65410493,,,,,,False,
88448498,,,,,,False,
65410283,,,,,,False,
76411600,,,,,,False,
76412173,,,,,,False,
76413241,,,,,,False,
76414758,,,,,,False,
76416515,,,,,,False,
76416762,,,,,,False,
76420712,,,,,,False,
76420933,,,,,,False,
76421132,,,,,,False,
76421364,,,,,,False,
76421551,,,,,,False,
76421720,,,,,,False,
76421883,,,,,,False,
76423168,,,,,,False,
76424269,,,,,,False,
77186487,,,,,,False,
77187431,,,,,,False,
78948165,,,,,,False,
78948945,,,,,,False,
78950425,,,,,,False,
79234111,,,,,,False,
79235546,,,,,,False,
79238061,,,,,,False,
79241194,,,,,,False,
79243494,,,,,,False,
79245169,,,,,,False,
79247557,,,,,,False,
79247558,,,,,,False,
79251473,,,,,,False,
79253252,,,,,,False,
79606071,,,,,,False,
79607346,,,,,,False,
79610055,,,,,,False,
79610856,,,,,,False,
79611641,,,,,,False,
79612286,,,,,,False,
79612818,,,,,,False,
79613958,,,,,,False,
79614773,,,,,,False,
79615931,,,,,,False,
79616798,,,,,,False,
79617722,,,,,,False,
79618285,,,,,,False,
79618914,,,,,,False,
79619611,,,,,,False,
79620360,,,,,,False,
79621070,,,,,,False,
79622103,,,,,,False,
79622516,,,,,,False,
79623729,,,,,,False,
79625160,,,,,,False,
79626661,,,,,,False,
79826707,,,,,,False,
79827281,,,,,,False,
79827789,,,,,,False,
79828253,,,,,,False,
79828620,,,,,,False,
79829169,,,,,,False,
79829704,,,,,,False,
79830196,,,,,,False,
79830702,,,,,,False,
79831526,,,,,,False,
79832282,,,,,,False,
80178526,,,,,,False,
80178893,,,,,,False,
80179446,,,,,,False,
80179874,,,,,,False,
80180327,,,,,,False,
80180894,,,,,,False,
80181302,,,,,,False,
80181632,,,,,,False,
80182155,,,,,,False,
80182514,,,,,,False,
80182876,,,,,,False,
80183185,,,,,,False,
80183637,,,,,,False,
80184007,,,,,,False,
80184469,,,,,,False,
80185409,,,,,,False,
80185753,,,,,,False,
80186055,,,,,,False,
80186405,,,,,,False,
80186672,,,,,,False,
80187019,,,,,,False,
80187618,,,,,,False,
82774077,,,,,,False,
82774620,,,,,,False,
82774948,,,,,,False,
82775179,,,,,,False,
82775510,,,,,,False,
82775815,,,,,,False,
82776608,,,,,,False,
82776815,,,,,,False,
82777095,,,,,,False,
82777300,,,,,,False,
82777648,,,,,,False,
82777882,,,,,,False,
82778132,,,,,,False,
82778409,,,,,,False,
82873167,,,,,,False,
82891520,,,,,,False,
82905047,,,,,,False,
82905636,,,,,,False,
82927112,,,,,,False,
82927761,,,,,,False,
82929418,,,,,,False,
82930021,,,,,,False,
82930289,,,,,,False,
82930725,,,,,,False,
82931632,,,,,,False,
82932583,,,,,,False,
82933255,,,,,,False,
82933868,,,,,,False,
82934249,,,,,,False,
82934752,,,,,,False,
82935061,,,,,,False,
82935448,,,,,,False,
82935693,,,,,,False,
82936098,,,,,,False,
82936494,,,,,,False,
82936814,,,,,,False,
82937047,,,,,,False,
82937405,,,,,,False,
82937920,,,,,,False,
82938233,,,,,,False,
82938565,,,,,,False,
82939015,,,,,,False,
82939457,,,,,,False,
82939791,,,,,,False,
82940269,,,,,,False,
82940752,,,,,,False,
82941077,,,,,,False,
82941535,,,,,,False,
82941857,,,,,,False,
82942194,,,,,,False,
82942499,,,,,,False,
82943062,,,,,,False,
82943428,,,,,,False,
82943717,,,,,,False,
82944111,,,,,,False,
82944425,,,,,,False,
76412971,,,,,,False,
76413825,,,,,,False,
76414199,,,,,,False,
76415612,,,,,,False,
76415920,,,,,,False,
76416165,,,,,,False,
76417018,,,,,,False,
76417263,,,,,,False,
76417663,,,,,,False,
76419677,,,,,,False,
76420017,,,,,,False,
76420237,,,,,,False,
76420472,,,,,,False,
76422091,,,,,,False,
76422269,,,,,,False,
76422493,,,,,,False,
76422693,,,,,,False,
76422932,,,,,,False,
76423426,,,,,,False,
76423647,,,,,,False,
76423863,,,,,,False,
76424051,,,,,,False,
76576158,,,,,,False,
76582178,,,,,,False,
76584043,,,,,,False,
76584990,,,,,,False,
76588111,,,,,,False,
77188214,,,,,,False,
77189411,,,,,,False,
77190660,,,,,,False,
77191560,,,,,,False,
82876565,,,,,,False,
82877361,,,,,,False,
82878032,,,,,,False,
82903814,,,,,,False,
99737153,,,,,,False,
99737860,,,,,,False,
99773726,,,,,,False,
99774717,,,,,,False,
101605911,,,,,,False,
101609209,,,,,,False,
101650146,,,,,,False,
101703329,,,,,,False,
101705640,,,,,,False,
101718042,,,,,,False,
101719721,,,,,,False,
101801961,,,,,,False,
101883190,,,,,,False,
101886114,,,,,,False,
101887294,,,,,,False,
101888277,,,,,,False,
102171592,,,,,,False,
102206529,,,,,,False,
102207569,,,,,,False,
102208619,,,,,,False,
102210489,,,,,,False,
102211587,,,,,,False,
102212725,,,,,,False,
102213392,,,,,,False,
102214314,,,,,,False,
102216280,,,,,,False,
102217921,,,,,,False,
102218811,,,,,,False,
102219726,,,,,,False,
102220777,,,,,,False,
102221520,,,,,,False,
102229281,,,,,,False,
102230001,,,,,,False,
102230753,,,,,,False,
102231590,,,,,,False,
102259519,,,,,,False,
101614963,,,,,,False,
101616506,,,,,,False,
101621024,,,,,,False,
101636921,,,,,,False,
101639896,,,,,,False,
101659017,,,,,,False,
101663086,,,,,,False,
101667237,,,,,,False,
101709656,,,,,,False,
101711630,,,,,,False,
101713082,,,,,,False,
101714632,,,,,,False,
101716273,,,,,,False,
101721204,,,,,,False,
101723850,,,,,,False,
101726970,,,,,,False,
102245941,,,,,,False,
102253049,,,,,,False,
102364406,,,,,,False,
117175873,,,,,,False,
120166068,,,,,,False,
120166807,,,,,,False,
120167287,,,,,,False,
120168010,,,,,,False,
120168697,,,,,,False,
120169042,,,,,,False,
120169383,,,,,,False,
120169944,,,,,,False,
120170476,,,,,,False,
120170708,,,,,,False,
120171316,,,,,,False,
120172100,,,,,,,
120172511,,,,,,False,
121977953,,,,,,False,
121978227,,,,,,False,
121978921,,,,,,False,
121983668,,,,,,False,
121985161,,,,,,False,
122254276,,,,,,False,
122254368,,,,,,False,
122254481,,,,,,False,
122254586,,,,,,False,
122254680,,,,,,False,
122254919,,,,,,False,
122255040,,,,,,False,
122255196,,,,,,False,
122255315,,,,,,False,
122255463,,,,,,False,
122255680,,,,,,False,
122256113,,,,,,False,
122256214,,,,,,False,
122256319,,,,,,False,
122258180,,,,,,False,
122260080,,,,,,False,
122260218,,,,,,False,
122260533,,,,,,False,
122260807,,,,,,False,
122260973,,,,,,False,
122261342,,,,,,False,
122261632,,,,,,False,
122261912,,,,,,False,
122264232,,,,,,False,
122264467,,,,,,False,
122264715,,,,,,False,
122264943,,,,,,False,
122265283,,,,,,False,
122265638,,,,,,False,
122266312,,,,,,False,
122266615,,,,,,False,
122267567,,,,,,False,
122267786,,,,,,False,
122268143,,,,,,False,
122268406,,,,,,False,
122268632,,,,,,False,
122268905,,,,,,False,
122269714,,,,,,False,
122270136,,,,,,False,
122270513,,,,,,False,
122271397,,,,,,False,
122271978,,,,,,False,
122662439,,,,,,False,
122663381,,,,,,False,
122665180,,,,,,False,
122666033,,,,,,False,
122666570,,,,,,False,
122669149,,,,,,False,
121982101,,,,,,False,
121980042,,,,,,False,
117175672,,,,,,False,
121977784,,,,,,False,
121978446,,,,,,False,
121979127,,,,,,False,
121979351,,,,,,False,
121979609,,,,,,False,
121980396,,,,,,False,
121981445,,,,,,False,
121981982,,,,,,False,
121983932,,,,,,False,
121984299,,,,,,False,
121984590,,,,,,False,
121984981,,,,,,False,
121987791,,,,,,False,
121988150,,,,,,False,
121988481,,,,,,False,
121988989,,,,,,False,
38526616,,,,,,,
44280448,,,,,,,
44280796,,,,,,,
44301859,,,,,,,
44302181,,,,,,,
44302336,,,,,,,
44302367,,,,,,,
44280525,,,,,,,
44280668,,,,,,,
44280874,,,,,,,
44280995,,,,,,,
44281181,,,,,,,
44301379,,,,,,,
44301474,,,,,,,
44301723,,,,,,,
44301808,,,,,,,
44301931,,,,,,,
44302023,,,,,,,
44302100,,,,,,,
44302146,,,,,,,
44302217,,,,,,,
44302267,,,,,,,
44302306,,,,,,,
44302410,,,,,,,
44302453,,,,,,,
44302524,,,,,,,
44302588,,,,,,,
44302651,,,,,,,
47667019,,,,,,,
47671037,,,,,,,
47671535,,,,,,,
47675579,,,,,,,
47676009,,,,,,,
47676477,,,,,,,
47682035,,,,,,,
47690332,,,,,,,
47693089,,,,,,,
47696454,,,,,,,
47696961,,,,,,,
47697243,,,,,,,
47697480,,,,,,,
47698305,,,,,,,
47698503,,,,,,,
52574710,,,,,,,
52574739,,,,,,,
52574764,,,,,,,
52574812,,,,,,,
52574889,,,,,,,
52574914,,,,,,,
52574945,,,,,,,
52574976,,,,,,,
52575005,,,,,,,
52575033,,,,,,,
52575066,,,,,,,
52577209,,,,,,,
52577299,,,,,,,
47663723,,,,,,,
47664303,,,,,,,
47665150,,,,,,,
47666669,,,,,,,
47668326,,,,,,,
47669467,,,,,,,
47669718,,,,,,,
47681578,,,,,,,
47683986,,,,,,,
47698853,,,,,,,
52577071,,,,,,,
52577101,,,,,,,
52577130,,,,,,,
52577161,,,,,,,
52577185,,,,,,,
52577241,,,,,,,
52577274,,,,,,,
61742632,,,,,,,
64820237,,,,,,False,
64820308,,,,,,False,
64820323,,,,,,False,
64829783,,,,,,False,
64829873,,,,,,False,
64829906,,,,,,False,
64829953,,,,,,False,
64830031,,,,,,False,
64830046,,,,,,False,
64830182,,,,,,False,
64830200,,,,,,False,
64830376,,,,,,False,
64830488,,,,,,False,
64830520,,,,,,False,
64830539,,,,,,False,
64830591,,,,,,False,
64830684,,,,,,False,
61739887,,,,,,,
61740040,,,,,,,
61742627,,,,,,,
64820208,,,,,,False,
64820253,,,,,,False,
64820267,,,,,,False,
64820281,,,,,,False,
64820332,,,,,,False,
64820343,,,,,,False,
64820403,,,,,,False,
64829816,,,,,,False,
64829858,,,,,,False,
64829892,,,,,,False,
64829971,,,,,,False,
64830015,,,,,,False,
64830144,,,,,,False,
64830233,,,,,,False,
64830300,,,,,,False,
64830327,,,,,,False,
64830394,,,,,,False,
64830414,,,,,,False,
64830466,,,,,,False,
64830504,,,,,,False,
64830572,,,,,,False,
64830609,,,,,,False,
64830629,,,,,,False,
74828608,,,,,,False,
77001110,,,,,,False,
77204484,,,,,,False,
77207323,,,,,,False,
77211066,,,,,,False,
77383394,,,,,,False,
77387427,,,,,,False,
77391046,,,,,,False,
77394734,,,,,,False,
77398723,,,,,,False,
77403742,,,,,,False,
77406463,,,,,,False,
77408443,,,,,,False,
77411458,,,,,,False,
77509364,,,,,,False,
77522214,,,,,,False,
77523162,,,,,,False,
77524594,,,,,,False,
77526901,,,,,,False,
77527458,,,,,,False,
77528027,,,,,,False,
77528865,,,,,,False,
77532625,,,,,,False,
77533241,,,,,,False,
77719661,,,,,,False,
77722240,,,,,,False,
77742368,,,,,,False,
77745023,,,,,,False,
77748457,,,,,,False,
77751195,,,,,,False,
77754754,,,,,,False,
78201978,,,,,,False,
78206767,,,,,,False,
78207338,,,,,,False,
78208213,,,,,,False,
78208640,,,,,,False,
78210053,,,,,,False,
78211718,,,,,,False,
78212447,,,,,,False,
78212908,,,,,,False,
78216831,,,,,,False,
78218262,,,,,,False,
78218906,,,,,,False,
78220731,,,,,,False,
78221334,,,,,,False,
78224028,,,,,,False,
78224330,,,,,,False,
78224574,,,,,,False,
78224778,,,,,,False,
78225843,,,,,,False,
78226095,,,,,,False,
78226268,,,,,,False,
78226456,,,,,,False,
78226616,,,,,,False,
78226822,,,,,,False,
78227070,,,,,,False,
78227196,,,,,,False,
78227649,,,,,,False,
78227728,,,,,,False,
78227875,,,,,,False,
78227975,,,,,,False,
78228184,,,,,,False,
78228310,,,,,,False,
78228476,,,,,,False,
78228587,,,,,,False,
78228674,,,,,,False,
78228766,,,,,,False,
78228880,,,,,,False,
78229090,,,,,,False,
78229190,,,,,,False,
78229396,,,,,,False,
78229537,,,,,,False,
78238771,,,,,,False,
78239099,,,,,,False,
78239683,,,,,,False,
78240082,,,,,,False,
78240751,,,,,,False,
78241081,,,,,,False,
78241578,,,,,,False,
78241847,,,,,,False,
78242561,,,,,,False,
78243402,,,,,,False,
78244482,,,,,,False,
78244843,,,,,,False,
78245589,,,,,,False,
78247218,,,,,,False,
78249887,,,,,,False,
78251669,,,,,,False,
78309412,,,,,,False,
78311002,,,,,,False,
78312101,,,,,,False,
78312791,,,,,,False,
78313789,,,,,,False,
78314628,,,,,,False,
78315622,,,,,,False,
78316527,,,,,,False,
78318172,,,,,,False,
78330773,,,,,,False,
78332068,,,,,,False,
78333256,,,,,,False,
78335419,,,,,,False,
78337144,,,,,,False,
78338128,,,,,,False,
78338764,,,,,,False,
78340647,,,,,,False,
78341587,,,,,,False,
78342720,,,,,,False,
78344927,,,,,,False,
78346116,,,,,,False,
78346811,,,,,,False,
78348032,,,,,,False,
78349282,,,,,,False,
78350369,,,,,,False,
78350959,,,,,,False,
78353403,,,,,,False,
78354264,,,,,,False,
78354918,,,,,,False,
78355385,,,,,,False,
78355940,,,,,,False,
78357393,,,,,,False,
78357989,,,,,,False,
78358867,,,,,,False,
78359501,,,,,,False,
78360758,,,,,,False,
78361437,,,,,,False,
78362146,,,,,,False,
78363888,,,,,,False,
78366082,,,,,,False,
78366870,,,,,,False,
78367589,,,,,,False,
78368596,,,,,,False,
78370033,,,,,,False,
78373545,,,,,,False,
78374444,,,,,,False,
78375141,,,,,,False,
78376734,,,,,,False,
78378217,,,,,,False,
78378835,,,,,,False,
78446533,,,,,,False,
78446924,,,,,,False,
78447662,,,,,,False,
78448627,,,,,,False,
78450556,,,,,,False,
78451090,,,,,,False,
78451558,,,,,,False,
78452079,,,,,,False,
78452622,,,,,,False,
78453026,,,,,,False,
78453718,,,,,,False,
78454607,,,,,,False,
78455465,,,,,,False,
78455992,,,,,,False,
79175060,,,,,,False,
80533019,,,,,,False,
80536945,,,,,,False,
80557074,,,,,,False,
80557475,,,,,,False,
80558084,,,,,,False,
80558542,,,,,,False,
80560204,,,,,,False,
80560578,,,,,,False,
80644280,,,,,,False,
80646320,,,,,,False,
80660382,,,,,,False,
80661905,,,,,,False,
80668622,,,,,,False,
80669515,,,,,,False,
80670989,,,,,,False,
80671813,,,,,,False,
80677246,,,,,,False,
80706293,,,,,,False,
80711102,,,,,,False,
82690264,,,,,,False,
82970008,,,,,,False,
82973261,,,,,,False,
82973562,,,,,,False,
82973801,,,,,,False,
82974045,,,,,,False,
82974299,,,,,,False,
82974586,,,,,,False,
82974793,,,,,,False,
82975181,,,,,,False,
82975527,,,,,,False,
82975809,,,,,,False,
82976404,,,,,,False,
82976659,,,,,,False,
82977014,,,,,,False,
82977436,,,,,,False,
82977946,,,,,,False,
82978215,,,,,,False,
82978429,,,,,,False,
82978671,,,,,,False,
82978865,,,,,,False,
82979046,,,,,,False,
82979261,,,,,,False,
82979741,,,,,,False,
82982565,,,,,,False,
82982882,,,,,,False,
82983283,,,,,,False,
82983794,,,,,,False,
82984268,,,,,,False,
82984563,,,,,,False,
82985026,,,,,,False,
82985456,,,,,,False,
82985810,,,,,,False,
82986463,,,,,,False,
82986879,,,,,,False,
82987132,,,,,,False,
82987474,,,,,,False,
82987808,,,,,,False,
82988122,,,,,,False,
82989560,,,,,,False,
82989982,,,,,,False,
82990212,,,,,,False,
82990455,,,,,,False,
82990788,,,,,,False,
82996332,,,,,,False,
82997278,,,,,,False,
82997520,,,,,,False,
82997798,,,,,,False,
82997979,,,,,,False,
82998162,,,,,,False,
82998576,,,,,,False,
83000323,,,,,,False,
83009217,,,,,,False,
83009362,,,,,,False,
83015557,,,,,,False,
83016390,,,,,,False,
83018450,,,,,,False,
83019696,,,,,,False,
83024682,,,,,,False,
83045774,,,,,,False,
83085929,,,,,,False,
83087104,,,,,,False,
83088757,,,,,,False,
83102725,,,,,,False,
83116111,,,,,,False,
83116581,,,,,,False,
83116891,,,,,,False,
83116932,,,,,,False,
83123223,,,,,,False,
83131394,,,,,,False,
83134615,,,,,,False,
83138349,,,,,,False,
83139308,,,,,,False,
83139501,,,,,,False,
83139650,,,,,,False,
83139814,,,,,,False,
80575335,,,,,,False,
80576673,,,,,,False,
82998373,,,,,,False,
82999216,,,,,,False,
82999413,,,,,,False,
83032499,,,,,,False,
83118218,,,,,,False,
83119040,,,,,,False,
83128802,,,,,,False,
83129586,,,,,,False,
83130292,,,,,,False,
100105368,,,,,,False,
100105567,,,,,,False,
100105898,,,,,,False,
100106060,,,,,,False,
100106177,,,,,,False,
100107627,,,,,,False,
100119836,,,,,,False,
100120019,,,,,,False,
100120229,,,,,,False,
100128510,,,,,,False,
100129523,,,,,,False,
100129746,,,,,,False,
100130164,,,,,,False,
100135191,,,,,,False,
100135527,,,,,,False,
100156984,,,,,,False,
100159702,,,,,,False,
100160760,,,,,,False,
100161845,,,,,,False,
100171408,,,,,,False,
100172147,,,,,,False,
100172886,,,,,,False,
100206818,,,,,,False,
100207327,,,,,,False,
100208589,,,,,,False,
100208782,,,,,,False,
100209081,,,,,,False,
100216020,,,,,,False,
100218288,,,,,,False,
100224106,,,,,,False,
100378339,,,,,,False,
100381708,,,,,,False,
100386590,,,,,,False,
100387145,,,,,,False,
100388829,,,,,,False,
100454340,,,,,,False,
100454472,,,,,,False,
100454582,,,,,,False,
100454700,,,,,,False,
100454860,,,,,,False,
100455007,,,,,,False,
100455165,,,,,,False,
100455320,,,,,,False,
100455430,,,,,,False,
100455608,,,,,,False,
100455889,,,,,,False,
100456062,,,,,,False,
100456245,,,,,,False,
100456415,,,,,,False,
100456603,,,,,,False,
100456766,,,,,,False,
100456915,,,,,,False,
100457093,,,,,,False,
100457224,,,,,,False,
100457368,,,,,,False,
100457564,,,,,,False,
100457665,,,,,,False,
100457780,,,,,,False,
100457881,,,,,,False,
100458040,,,,,,False,
100458144,,,,,,False,
100458618,,,,,,False,
100459163,,,,,,False,
100460325,,,,,,False,
100460491,,,,,,False,
100460725,,,,,,False,
100460888,,,,,,False,
100461122,,,,,,False,
100461299,,,,,,False,
100461472,,,,,,False,
100461634,,,,,,False,
100462050,,,,,,False,
100462216,,,,,,False,
100462478,,,,,,False,
100462631,,,,,,False,
100462805,,,,,,False,
100463034,,,,,,False,
100463265,,,,,,False,
100463518,,,,,,False,
100463785,,,,,,False,
100463936,,,,,,False,
100464186,,,,,,False,
100464430,,,,,,False,
100464640,,,,,,False,
100464920,,,,,,False,
100465181,,,,,,False,
100465426,,,,,,False,
100465677,,,,,,False,
100465857,,,,,,False,
100466049,,,,,,False,
100466286,,,,,,False,
100466639,,,,,,False,
100466887,,,,,,False,
100467176,,,,,,False,
100480139,,,,,,False,
100481201,,,,,,False,
100485643,,,,,,False,
100488084,,,,,,False,
100488449,,,,,,False,
100488614,,,,,,False,
100489136,,,,,,False,
100489346,,,,,,False,
100489517,,,,,,False,
100489661,,,,,,False,
100489884,,,,,,False,
100490074,,,,,,False,
100490375,,,,,,False,
100491046,,,,,,False,
100491195,,,,,,False,
100491311,,,,,,False,
100491460,,,,,,False,
100491573,,,,,,False,
100491716,,,,,,False,
100491840,,,,,,False,
100492033,,,,,,False,
100492214,,,,,,False,
100492338,,,,,,False,
100492551,,,,,,False,
100492800,,,,,,False,
100493026,,,,,,False,
100493235,,,,,,False,
100493413,,,,,,False,
100494073,,,,,,False,
100494256,,,,,,False,
100494438,,,,,,False,
100494642,,,,,,False,
100494804,,,,,,False,
100495031,,,,,,False,
100495167,,,,,,False,
100495516,,,,,,False,
100495771,,,,,,False,
100495951,,,,,,False,
100496149,,,,,,False,
100496889,,,,,,False,
100497032,,,,,,False,
100497593,,,,,,False,
100497705,,,,,,False,
100498290,,,,,,False,
100498842,,,,,,False,
100498950,,,,,,False,
100526332,,,,,,False,
100528437,,,,,,False,
100529287,,,,,,False,
100529503,,,,,,False,
100529706,,,,,,False,
100529944,,,,,,False,
100531375,,,,,,False,
128344224,,,,,,False,
100221356,,,,,,False,
100222458,,,,,,False,
100224869,,,,,,False,
100339064,,,,,,False,
100341996,,,,,,False,
100342542,,,,,,False,
100343863,,,,,,False,
100347286,,,,,,False,
100374986,,,,,,False,
100375388,,,,,,False,
100375965,,,,,,False,
100376909,,,,,,False,
100379485,,,,,,False,
100379955,,,,,,False,
100385798,,,,,,False,
100387572,,,,,,False,
100406448,,,,,,False,
100482822,,,,,,False,
100500396,,,,,,False,
100525756,,,,,,False,
100526108,,,,,,False,
100527542,,,,,,False,
100527949,,,,,,False,
100528704,,,,,,False,
100530306,,,,,,False,
100530697,,,,,,False,
100531595,,,,,,False,
128344210,,,,,,False,
120298918,,,,,,False,
120299052,,,,,,False,
120299152,,,,,,False,
120299216,,,,,,False,
120299333,,,,,,False,
120299467,,,,,,False,
120299560,,,,,,False,
124758882,,,,,,,
124802652,,,,,,,
124802735,,,,,,False,
124802878,,,,,,False,
124802968,,,,,,False,
124803087,,,,,,False,
124803180,,,,,,False,
124803347,,,,,,False,
124803428,,,,,,False,
124803511,,,,,,False,
124803585,,,,,,False,
124803734,,,,,,False,
124803801,,,,,,False,
124804101,,,,,,False,
124804234,,,,,,False,
124811974,,,,,,,
124812087,,,,,,False,
124812292,,,,,,,
124812639,,,,,,False,
124812899,,,,,,,
124812951,,,,,,False,
124813127,,,,,,False,
124813157,,,,,,False,
124813202,,,,,,False,
124813291,,,,,,False,
124969249,,,,,,False,
124970315,,,,,,False,
124970538,,,,,,False,
124974949,,,,,,False,
124975017,,,,,,False,
124978490,,,,,,False,
124978592,,,,,,False,
124978777,,,,,,False,
124979418,,,,,,False,
124983396,,,,,,False,
124983933,,,,,,False,
124984401,,,,,,False,
124985229,,,,,,False,
124985589,,,,,,False,
124986225,,,,,,False,
124986508,,,,,,False,
124986872,,,,,,False,
124987232,,,,,,False,
125027725,,,,,,False,
125029367,,,,,,False,
125029532,,,,,,False,
125029770,,,,,,False,
125030388,,,,,,False,
125031826,,,,,,False,
125033621,,,,,,False,
125034064,,,,,,False,
125036844,,,,,,False,
125036970,,,,,,False,
125037119,,,,,,False,
125037218,,,,,,False,
125037416,,,,,,False,
125037664,,,,,,False,
125037919,,,,,,False,
125038055,,,,,,False,
125043758,,,,,,False,
125043886,,,,,,False,
125044311,,,,,,False,
125044488,,,,,,False,
125044736,,,,,,False,
125045008,,,,,,False,
125045187,,,,,,False,
125045580,,,,,,False,
125053974,,,,,,False,
125054026,,,,,,False,
125054256,,,,,,False,
125054334,,,,,,False,
125054380,,,,,,False,
125054510,,,,,,False,
125054633,,,,,,False,
125054705,,,,,,False,
125054743,,,,,,False,
124759177,,,,,,,
124801973,,,,,,,
124802520,,,,,,False,
124803470,,,,,,False,
124804169,,,,,,,
124812356,,,,,,False,
124812422,,,,,,False,
124812465,,,,,,False,
124812698,,,,,,False,
124812783,,,,,,False,
124969379,,,,,,False,
124997644,,,,,,False,
44218167,,,,,,,
44218221,,,,,,,
44218333,,,,,,,
44219215,,,,,,,
44220466,,,,,,,
44222758,,,,,,,
38590687,,,,,,,
44213449,,,,,,,
44214504,,,,,,,
44214752,,,,,,,
44218275,,,,,,,
44218307,,,,,,,
44218376,,,,,,,
44218414,,,,,,,
44218645,,,,,,,
44218873,,,,,,,
44219063,,,,,,,
44219594,,,,,,,
44220328,,,,,,,
44220394,,,,,,,
44220650,,,,,,,
44220850,,,,,,,
44222295,,,,,,,
44222332,,,,,,,
44222371,,,,,,,
44222390,,,,,,,
44222551,,,,,,,
44222572,,,,,,,
44222597,,,,,,,
44222616,,,,,,,
44222659,,,,,,,
44222688,,,,,,,
44222709,,,,,,,
44222732,,,,,,,
44222746,,,,,,,
50391821,,,,,,,
50392194,,,,,,,
52406616,,,,,,,
52407253,,,,,,,
52407357,,,,,,,
52407739,,,,,,,
52408979,,,,,,,
52412537,,,,,,,
52406194,,,,,,,
52406277,,,,,,,
52406402,,,,,,,
52406533,,,,,,,
52406689,,,,,,,
52406759,,,,,,,
52406846,,,,,,,
52407057,,,,,,,
52407430,,,,,,,
52407542,,,,,,,
52407665,,,,,,,
52407825,,,,,,,
52407908,,,,,,,
52408000,,,,,,,
52408070,,,,,,,
52408155,,,,,,,
52408216,,,,,,,
52408268,,,,,,,
52408377,,,,,,,
52408444,,,,,,,
52408566,,,,,,,
52408641,,,,,,,
52408703,,,,,,,
52408755,,,,,,,
52408802,,,,,,,
52408854,,,,,,,
52408902,,,,,,,
52409042,,,,,,,
52412604,,,,,,,
52412683,,,,,,,
61700020,,,,,,,
61700310,,,,,,,
61700358,,,,,,,
61700451,,,,,,,
61700825,,,,,,,
61703748,,,,,,,
61703983,,,,,,,
61704913,,,,,,,
61704967,,,,,,,
61699801,,,,,,,
61700127,,,,,,,
61700195,,,,,,,
61700498,,,,,,,
61700561,,,,,,,
61700611,,,,,,,
61700661,,,,,,,
61700712,,,,,,,
61700767,,,,,,,
61703803,,,,,,,
61703854,,,,,,,
61703924,,,,,,,
61704024,,,,,,,
61704099,,,,,,,
61704150,,,,,,,
61704199,,,,,,,
61704260,,,,,,,
61704310,,,,,,,
61704350,,,,,,,
61704482,,,,,,,
61704758,,,,,,,
61704797,,,,,,,
61704820,,,,,,,
61704860,,,,,,,
61704885,,,,,,,
61704935,,,,,,,
61704982,,,,,,,
61705005,,,,,,,
61705038,,,,,,,
75676908,,,,,,False,
75677949,,,,,,False,
75680750,,,,,,False,
75685395,,,,,,False,
75697512,,,,,,False,
75781940,,,,,,False,
75783376,,,,,,False,
75787801,,,,,,False,
75788480,,,,,,False,
75788862,,,,,,False,
75789250,,,,,,False,
75790163,,,,,,False,
75791239,,,,,,False,
75793585,,,,,,False,
75794310,,,,,,False,
75798308,,,,,,False,
75799222,,,,,,False,
75807075,,,,,,False,
75809020,,,,,,False,
75809880,,,,,,False,
75810957,,,,,,False,
75812335,,,,,,False,
75814183,,,,,,False,
75816673,,,,,,False,
75817798,,,,,,False,
75818403,,,,,,False,
75819089,,,,,,False,
75819867,,,,,,False,
75820553,,,,,,False,
75822322,,,,,,False,
75823058,,,,,,False,
75824140,,,,,,False,
75824842,,,,,,False,
75826230,,,,,,False,
75827093,,,,,,False,
75827716,,,,,,False,
75828499,,,,,,False,
75829464,,,,,,False,
75830949,,,,,,False,
75832478,,,,,,False,
75834177,,,,,,False,
75894889,,,,,,False,
75895256,,,,,,False,
75895499,,,,,,False,
75895655,,,,,,False,
76182420,,,,,,False,
76182445,,,,,,False,
76188487,,,,,,False,
76190404,,,,,,False,
76194754,,,,,,False,
76196537,,,,,,False,
76197979,,,,,,False,
76200128,,,,,,False,
76202414,,,,,,False,
76216489,,,,,,False,
76220550,,,,,,False,
76223024,,,,,,False,
76226186,,,,,,False,
76227142,,,,,,False,
76228590,,,,,,False,
76229700,,,,,,False,
76231144,,,,,,False,
76232951,,,,,,False,
76234699,,,,,,False,
76236646,,,,,,False,
76239902,,,,,,False,
76243270,,,,,,False,
76559729,,,,,,False,
76595277,,,,,,False,
76597149,,,,,,False,
76598861,,,,,,False,
76600343,,,,,,False,
76605764,,,,,,False,
76608591,,,,,,False,
76612252,,,,,,False,
76615056,,,,,,False,
76623274,,,,,,False,
76624550,,,,,,False,
76632393,,,,,,False,
76633286,,,,,,False,
76634388,,,,,,False,
76635160,,,,,,False,
76635966,,,,,,False,
76637221,,,,,,False,
77421748,,,,,,False,
77423716,,,,,,False,
77425841,,,,,,False,
77427652,,,,,,False,
77430916,,,,,,False,
77432669,,,,,,False,
77436193,,,,,,False,
77439917,,,,,,False,
77441628,,,,,,False,
77443631,,,,,,False,
77446577,,,,,,False,
77447878,,,,,,False,
77449506,,,,,,False,
77451683,,,,,,False,
77453778,,,,,,False,
77455533,,,,,,False,
78573574,,,,,,False,
78577491,,,,,,False,
82305526,,,,,,False,
82306015,,,,,,False,
82306261,,,,,,False,
82306716,,,,,,False,
82307429,,,,,,False,
82308681,,,,,,False,
82309227,,,,,,False,
82309942,,,,,,False,
82310288,,,,,,False,
82310650,,,,,,False,
82311016,,,,,,False,
82311629,,,,,,False,
82312056,,,,,,False,
82312325,,,,,,False,
82312640,,,,,,False,
82313347,,,,,,False,
82313782,,,,,,False,
82314442,,,,,,False,
82315144,,,,,,False,
82315580,,,,,,False,
82316275,,,,,,False,
82317463,,,,,,False,
82318784,,,,,,False,
82539838,,,,,,False,
82540520,,,,,,False,
82541223,,,,,,False,
82541867,,,,,,False,
82543744,,,,,,False,
82544292,,,,,,False,
82544994,,,,,,False,
82545537,,,,,,False,
82546161,,,,,,False,
82546636,,,,,,False,
82547406,,,,,,False,
82547973,,,,,,False,
82548740,,,,,,False,
82549469,,,,,,False,
82550290,,,,,,False,
82551350,,,,,,False,
82552052,,,,,,False,
82552807,,,,,,False,
82553364,,,,,,False,
82554360,,,,,,False,
82554727,,,,,,False,
82555082,,,,,,False,
82555508,,,,,,False,
82555967,,,,,,False,
82557328,,,,,,False,
82557757,,,,,,False,
82558219,,,,,,False,
82558601,,,,,,False,
82559029,,,,,,False,
82559516,,,,,,False,
82561671,,,,,,False,
82562106,,,,,,False,
82562606,,,,,,False,
82562998,,,,,,False,
82735180,,,,,,False,
82735919,,,,,,False,
82782276,,,,,,False,
82783023,,,,,,False,
82783841,,,,,,False,
74994677,,,,,,False,
75675976,,,,,,False,
75678544,,,,,,False,
75679497,,,,,,False,
75680195,,,,,,False,
75682097,,,,,,False,
75682821,,,,,,False,
75683577,,,,,,False,
75683991,,,,,,False,
75684548,,,,,,False,
75685056,,,,,,False,
75686754,,,,,,False,
75687115,,,,,,False,
75687493,,,,,,False,
75688119,,,,,,False,
75688697,,,,,,False,
75689370,,,,,,False,
75689985,,,,,,False,
75691056,,,,,,False,
75691695,,,,,,False,
75692255,,,,,,False,
75692882,,,,,,False,
75693370,,,,,,False,
75694773,,,,,,False,
75695666,,,,,,False,
75696331,,,,,,False,
75697056,,,,,,False,
75697766,,,,,,False,
82684938,,,,,,False,
82686347,,,,,,False,
82692936,,,,,,False,
99699423,,,,,,False,
99706929,,,,,,False,
99714732,,,,,,False,
99845860,,,,,,False,
99846820,,,,,,False,
99847593,,,,,,False,
99848312,,,,,,False,
99848967,,,,,,False,
99849683,,,,,,False,
99850435,,,,,,False,
99852856,,,,,,False,
99853795,,,,,,False,
99855517,,,,,,False,
99859575,,,,,,False,
99861580,,,,,,False,
99862808,,,,,,False,
99864336,,,,,,False,
99865380,,,,,,False,
99876202,,,,,,False,
99878169,,,,,,False,
99879347,,,,,,False,
99884996,,,,,,False,
99886827,,,,,,False,
99887562,,,,,,False,
99888617,,,,,,False,
99913852,,,,,,False,
99914071,,,,,,False,
99914212,,,,,,False,
99914378,,,,,,False,
99914534,,,,,,False,
99914841,,,,,,False,
99915075,,,,,,False,
99915324,,,,,,False,
99915601,,,,,,False,
99915918,,,,,,False,
99916340,,,,,,False,
99917054,,,,,,False,
99917464,,,,,,False,
99918199,,,,,,False,
99918742,,,,,,False,
99919192,,,,,,False,
99919989,,,,,,False,
99928846,,,,,,False,
99929287,,,,,,False,
99929987,,,,,,False,
99930402,,,,,,False,
99931254,,,,,,False,
99932054,,,,,,False,
99962468,,,,,,False,
99963148,,,,,,False,
99965107,,,,,,False,
99967265,,,,,,False,
99968294,,,,,,False,
99970565,,,,,,False,
99972396,,,,,,False,
99973458,,,,,,False,
99974521,,,,,,False,
99976226,,,,,,False,
99979225,,,,,,False,
99979258,,,,,,False,
99979270,,,,,,False,
99980509,,,,,,False,
99981684,,,,,,False,
99982484,,,,,,False,
99984037,,,,,,False,
99985337,,,,,,False,
99986177,,,,,,False,
99987253,,,,,,False,
99989005,,,,,,False,
99990192,,,,,,False,
99990211,,,,,,False,
100006786,,,,,,False,
100007763,,,,,,False,
100008394,,,,,,False,
100009135,,,,,,False,
100010527,,,,,,False,
100010992,,,,,,False,
100011560,,,,,,False,
100012293,,,,,,False,
100012836,,,,,,False,
100013277,,,,,,False,
100013756,,,,,,False,
100014295,,,,,,False,
100018151,,,,,,False,
100018822,,,,,,False,
100021390,,,,,,False,
100022218,,,,,,False,
100022910,,,,,,False,
100023516,,,,,,False,
100025012,,,,,,False,
100258289,,,,,,False,
100258782,,,,,,False,
100259209,,,,,,False,
100259954,,,,,,False,
100260254,,,,,,False,
100260574,,,,,,False,
100261147,,,,,,False,
100261447,,,,,,False,
100262041,,,,,,False,
100262351,,,,,,False,
100262858,,,,,,False,
100263522,,,,,,False,
100263850,,,,,,False,
100266601,,,,,,False,
100267172,,,,,,False,
100268259,,,,,,False,
100268648,,,,,,False,
100269388,,,,,,False,
100270070,,,,,,False,
100270495,,,,,,False,
100271130,,,,,,False,
100271519,,,,,,False,
100271986,,,,,,False,
100272494,,,,,,False,
100273090,,,,,,False,
100273676,,,,,,False,
100274558,,,,,,False,
100275413,,,,,,False,
100276077,,,,,,False,
100276561,,,,,,False,
100277084,,,,,,False,
100277605,,,,,,False,
100278014,,,,,,False,
100278392,,,,,,False,
100278865,,,,,,False,
100279365,,,,,,False,
100280144,,,,,,False,
100280465,,,,,,False,
100280967,,,,,,False,
100281450,,,,,,False,
100313189,,,,,,False,
100314004,,,,,,False,
100314277,,,,,,False,
100315114,,,,,,False,
100316743,,,,,,False,
100317160,,,,,,False,
100317476,,,,,,False,
100317862,,,,,,False,
100318346,,,,,,False,
100318756,,,,,,False,
100319114,,,,,,False,
100474711,,,,,,False,
100475288,,,,,,False,
100475678,,,,,,False,
100476136,,,,,,False,
100476428,,,,,,False,
100477102,,,,,,False,
100477366,,,,,,False,
100477888,,,,,,False,
100478347,,,,,,False,
100478642,,,,,,False,
100479017,,,,,,False,
100479251,,,,,,False,
100479642,,,,,,False,
100479952,,,,,,False,
100480197,,,,,,False,
100480549,,,,,,False,
100480832,,,,,,False,
100484734,,,,,,False,
100485308,,,,,,False,
100485591,,,,,,False,
100486007,,,,,,False,
100486421,,,,,,False,
100486797,,,,,,False,
100487471,,,,,,False,
100490581,,,,,,False,
100490819,,,,,,False,
100491259,,,,,,False,
100491624,,,,,,False,
100493306,,,,,,False,
100493652,,,,,,False,
100494462,,,,,,False,
100494948,,,,,,False,
100495174,,,,,,False,
100495542,,,,,,False,
100495861,,,,,,False,
100496370,,,,,,False,
100496850,,,,,,False,
100497298,,,,,,False,
100499787,,,,,,False,
100500089,,,,,,False,
100500433,,,,,,False,
100500787,,,,,,False,
100501167,,,,,,False,
100501680,,,,,,False,
100502135,,,,,,False,
101238324,,,,,,False,
101239111,,,,,,False,
101240349,,,,,,False,
101241659,,,,,,False,
101242905,,,,,,False,
101247644,,,,,,False,
101249219,,,,,,False,
101250569,,,,,,False,
101252383,,,,,,False,
101253812,,,,,,False,
101255549,,,,,,False,
101256783,,,,,,False,
101258067,,,,,,False,
101259441,,,,,,False,
101261177,,,,,,False,
101263982,,,,,,False,
101265694,,,,,,False,
101266831,,,,,,False,
101267910,,,,,,False,
101269850,,,,,,False,
101271513,,,,,,False,
101274008,,,,,,False,
101275808,,,,,,False,
101279663,,,,,,False,
101281123,,,,,,False,
101282444,,,,,,False,
101283676,,,,,,False,
101285326,,,,,,False,
101286713,,,,,,False,
101288120,,,,,,False,
101289242,,,,,,False,
101290484,,,,,,False,
101291968,,,,,,False,
101293492,,,,,,False,
101295547,,,,,,False,
101369846,,,,,,False,
101371352,,,,,,False,
101372857,,,,,,False,
101374117,,,,,,False,
101375299,,,,,,False,
101376133,,,,,,False,
101376959,,,,,,False,
101377974,,,,,,False,
101965711,,,,,,False,
101966508,,,,,,False,
101972280,,,,,,False,
101975592,,,,,,False,
101985538,,,,,,False,
101987736,,,,,,False,
101988599,,,,,,False,
101988985,,,,,,False,
103914541,,,,,,False,
103917229,,,,,,False,
103917726,,,,,,False,
103934454,,,,,,False,
103935818,,,,,,False,
101961208,,,,,,False,
101961640,,,,,,False,
101962142,,,,,,False,
101962720,,,,,,False,
101963329,,,,,,False,
101963725,,,,,,False,
101964522,,,,,,False,
101967417,,,,,,False,
101968586,,,,,,False,
101971795,,,,,,False,
101972792,,,,,,False,
101973374,,,,,,False,
101974189,,,,,,False,
101976266,,,,,,False,
101976912,,,,,,False,
101978613,,,,,,False,
101984194,,,,,,False,
101984898,,,,,,False,
101986558,,,,,,False,
101987227,,,,,,False,
101991246,,,,,,False,
103931690,,,,,,False,
114680251,,,,,,False,
115148911,,,,,,False,
115155007,,,,,,False,
115163502,,,,,,False,
115169576,,,,,,False,
115473258,,,,,,False,
115478004,,,,,,False,
118136892,,,,,,False,
118137766,,,,,,False,
118173962,,,,,,False,
118174725,,,,,,False,
118176129,,,,,,False,
118180362,,,,,,False,
118184500,,,,,,False,
118185420,,,,,,False,
118190458,,,,,,False,
118193350,,,,,,False,
118193780,,,,,,False,
118194657,,,,,,False,
118194978,,,,,,False,
118195391,,,,,,False,
118195882,,,,,,False,
118196309,,,,,,,
118197914,,,,,,False,
118198348,,,,,,False,
118199472,,,,,,False,
118199902,,,,,,False,
118200537,,,,,,False,
118201109,,,,,,False,
118201562,,,,,,False,
118202370,,,,,,False,
118202810,,,,,,False,
118203271,,,,,,False,
118203695,,,,,,False,
118209220,,,,,,False,
118209711,,,,,,False,
118210048,,,,,,False,
118210505,,,,,,False,
118211047,,,,,,False,
118211436,,,,,,False,
118211978,,,,,,False,
118212328,,,,,,False,
118212658,,,,,,False,
118213030,,,,,,,
118213388,,,,,,False,
118213730,,,,,,False,
118214028,,,,,,False,
118214397,,,,,,False,
118227617,,,,,,False,
118228055,,,,,,False,
118228439,,,,,,False,
118228753,,,,,,False,
118229270,,,,,,False,
118229760,,,,,,False,
118230112,,,,,,False,
118231189,,,,,,False,
118231569,,,,,,False,
118231837,,,,,,False,
118232165,,,,,,False,
118232435,,,,,,False,
118232765,,,,,,False,
118233080,,,,,,False,
118233534,,,,,,False,
118233965,,,,,,False,
118234288,,,,,,False,
118234702,,,,,,False,
118235582,,,,,,False,
118235842,,,,,,False,
118405435,,,,,,False,
118405815,,,,,,False,
118406153,,,,,,False,
118406955,,,,,,False,
118407297,,,,,,False,
118422595,,,,,,False,
118422789,,,,,,False,
118422956,,,,,,False,
118423375,,,,,,False,
118423594,,,,,,False,
118423759,,,,,,False,
118423917,,,,,,False,
118424060,,,,,,False,
118424272,,,,,,False,
118424453,,,,,,False,
118424742,,,,,,False,
118424858,,,,,,False,
118425040,,,,,,False,
118425246,,,,,,False,
118425948,,,,,,False,
118557848,,,,,,False,
118666736,,,,,,False,
118668124,,,,,,False,
118669187,,,,,,False,
118669968,,,,,,False,
118670808,,,,,,False,
118673416,,,,,,False,
118673883,,,,,,False,
118674262,,,,,,False,
118674984,,,,,,False,
118676047,,,,,,False,
118676455,,,,,,False,
118677446,,,,,,False,
118678030,,,,,,False,
118678632,,,,,,False,
118679372,,,,,,False,
118680682,,,,,,False,
118681320,,,,,,False,
118690850,,,,,,False,
118691799,,,,,,False,
118699129,,,,,,False,
118699527,,,,,,False,
118700061,,,,,,False,
118700523,,,,,,False,
118700996,,,,,,False,
119193979,,,,,,False,
119194437,,,,,,False,
119304621,,,,,,False,
119306973,,,,,,False,
119307239,,,,,,False,
119307559,,,,,,False,
119308224,,,,,,False,
119308549,,,,,,False,
119308895,,,,,,False,
119309771,,,,,,False,
119310087,,,,,,False,
119310576,,,,,,False,
119311096,,,,,,False,
119311602,,,,,,False,
119312106,,,,,,False,
119312588,,,,,,False,
123914903,,,,,,False,
123915074,,,,,,False,
123915275,,,,,,False,
123915455,,,,,,False,
123923537,,,,,,,
123923642,,,,,,False,
123924019,,,,,,False,
123924047,,,,,,,
123924087,,,,,,,
123924140,,,,,,,
123933112,,,,,,False,
123933436,,,,,,,
123933932,,,,,,,
123939591,,,,,,False,
123939871,,,,,,False,
123940050,,,,,,False,
123940200,,,,,,False,
123940404,,,,,,False,
123940498,,,,,,False,
123940619,,,,,,False,
123940809,,,,,,False,
123941383,,,,,,False,
123982439,,,,,,False,
123982824,,,,,,False,
123983102,,,,,,False,
123983163,,,,,,False,
123983230,,,,,,False,
123983243,,,,,,False,
123983289,,,,,,False,
123983307,,,,,,,
123983339,,,,,,,
124063091,,,,,,False,
124063566,,,,,,False,
124063621,,,,,,,
124063660,,,,,,,
124063741,,,,,,False,
124063771,,,,,,False,
124063804,,,,,,,
124063854,,,,,,False,
124063944,,,,,,False,
124063995,,,,,,False,
124064039,,,,,,False,
124064094,,,,,,,
124064142,,,,,,False,
124064202,,,,,,False,
124064250,,,,,,False,
124064742,,,,,,False,
124065071,,,,,,False,
124066269,,,,,,False,
124110771,,,,,,False,
124197813,,,,,,False,
124198045,,,,,,False,
124198106,,,,,,False,
124198188,,,,,,False,
124198272,,,,,,False,
124198526,,,,,,False,
124198778,,,,,,False,
124198853,,,,,,False,
124201918,,,,,,False,
124202685,,,,,,False,
124202740,,,,,,False,
124202939,,,,,,False,
124203018,,,,,,False,
124204120,,,,,,False,
124204160,,,,,,False,
124204200,,,,,,False,
124204219,,,,,,False,
124204247,,,,,,False,
124204307,,,,,,False,
124205298,,,,,,False,
124205749,,,,,,,
124205921,,,,,,False,
124205972,,,,,,False,
124206009,,,,,,False,
124206193,,,,,,False,
124206344,,,,,,False,
124206481,,,,,,False,
124210356,,,,,,False,
124210379,,,,,,False,
124210413,,,,,,False,
124210641,,,,,,False,
124213199,,,,,,False,
124213236,,,,,,False,
124213287,,,,,,False,
124213442,,,,,,False,
123923256,,,,,,False,
123923680,,,,,,False,
123923707,,,,,,False,
123923892,,,,,,,
123923992,,,,,,False,
123924066,,,,,,,
123924180,,,,,,,
124062668,,,,,,False,
124062726,,,,,,False,
124062766,,,,,,False,
124062800,,,,,,,
124062840,,,,,,,
124062881,,,,,,False,
124062946,,,,,,,
124062980,,,,,,False,
124063012,,,,,,False,
124063051,,,,,,False,
124064394,,,,,,False,
124065208,,,,,,False,
124066398,,,,,,False,
124110807,,,,,,False,
124197120,,,,,,False,
124197299,,,,,,False,
124198596,,,,,,False,
38605498,,,,,,,
38575361,,,,,,,
38575516,,,,,,,
38577239,,,,,,,
38577571,,,,,,,
38577935,,,,,,,
38578052,,,,,,,
38578406,,,,,,,
38605410,,,,,,,
38605614,,,,,,,
38605815,,,,,,,
38605932,,,,,,,
38606068,,,,,,,
44038263,,,,,,,
44038329,,,,,,,
44038848,,,,,,,
44039040,,,,,,,
38577682,,,,,,,
38606279,,,,,,,
44038964,,,,,,,
47547147,,,,,,,
47552456,,,,,,,
47566969,,,,,,,
47573551,,,,,,,
47576323,,,,,,,
47576749,,,,,,,
47577986,,,,,,,
47578343,,,,,,,
47578809,,,,,,,
47579625,,,,,,,
47543986,,,,,,,
47544380,,,,,,,
47544846,,,,,,,
47545301,,,,,,,
47545566,,,,,,,
47546357,,,,,,,
47546706,,,,,,,
47547905,,,,,,,
47548532,,,,,,,
47549499,,,,,,,
47565687,,,,,,,
47566476,,,,,,,
47568422,,,,,,,
47568935,,,,,,,
47569620,,,,,,,
47570328,,,,,,,
47570877,,,,,,,
47571470,,,,,,,
47633622,,,,,,,
47543549,,,,,,,
47547518,,,,,,,
47548992,,,,,,,
64899374,,,,,,False,
64899338,,,,,,False,
58712794,,,,,,,
64890591,,,,,,False,
64898048,,,,,,False,
64898178,,,,,,False,
64898333,,,,,,False,
64898448,,,,,,False,
64898667,,,,,,False,
64899291,,,,,,False,
64899492,,,,,,False,
64899527,,,,,,False,
64899589,,,,,,False,
64899614,,,,,,False,
64899673,,,,,,False,
64899715,,,,,,False,
64899743,,,,,,False,
64899761,,,,,,False,
64899826,,,,,,False,
64899885,,,,,,False,
64899917,,,,,,False,
65027554,,,,,,False,
64898550,,,,,,False,
64899408,,,,,,False,
64899452,,,,,,False,
64899647,,,,,,False,
64899807,,,,,,False,
65027576,,,,,,False,
69453359,,,,,,False,
69453541,,,,,,False,
69453828,,,,,,False,
69453932,,,,,,False,
69454054,,,,,,False,
69454734,,,,,,False,
69457307,,,,,,False,
69457509,,,,,,False,
69504463,,,,,,False,
69505017,,,,,,False,
69505561,,,,,,False,
69506032,,,,,,False,
69507203,,,,,,False,
69509775,,,,,,False,
69510643,,,,,,False,
69511457,,,,,,False,
69512694,,,,,,False,
69514273,,,,,,False,
69514762,,,,,,False,
69515238,,,,,,False,
69515954,,,,,,False,
69516422,,,,,,False,
69516875,,,,,,False,
69518109,,,,,,False,
69519414,,,,,,False,
69736996,,,,,,False,
69737744,,,,,,False,
69738113,,,,,,False,
69738393,,,,,,False,
69738783,,,,,,False,
69738963,,,,,,False,
69739101,,,,,,False,
69741528,,,,,,False,
69743650,,,,,,False,
69744256,,,,,,False,
69745762,,,,,,False,
69778345,,,,,,False,
69779108,,,,,,False,
69780202,,,,,,False,
70079362,,,,,,False,
70079560,,,,,,False,
70079823,,,,,,False,
70080084,,,,,,False,
70080318,,,,,,False,
70081104,,,,,,False,
70081370,,,,,,False,
70081622,,,,,,False,
70081850,,,,,,False,
70082077,,,,,,False,
70082274,,,,,,False,
70082519,,,,,,False,
70082894,,,,,,False,
70083103,,,,,,False,
70083575,,,,,,False,
70083795,,,,,,False,
70084067,,,,,,False,
70084329,,,,,,False,
70084624,,,,,,False,
70085663,,,,,,False,
70085933,,,,,,False,
70086154,,,,,,False,
70088454,,,,,,False,
70088762,,,,,,False,
70088939,,,,,,False,
70089102,,,,,,False,
70089313,,,,,,False,
70089763,,,,,,False,
70090865,,,,,,False,
70092382,,,,,,False,
70092622,,,,,,False,
70093189,,,,,,False,
70093423,,,,,,False,
70093780,,,,,,False,
70094027,,,,,,False,
70094723,,,,,,False,
70095192,,,,,,False,
70095474,,,,,,False,
70095800,,,,,,False,
70169788,,,,,,False,
70170648,,,,,,False,
70304185,,,,,,False,
70342857,,,,,,False,
70808014,,,,,,False,
70816711,,,,,,False,
72793770,,,,,,False,
72794062,,,,,,False,
72798525,,,,,,False,
72798837,,,,,,False,
72799663,,,,,,False,
72800798,,,,,,False,
72801065,,,,,,False,
72801861,,,,,,False,
72802037,,,,,,False,
72803050,,,,,,False,
72803969,,,,,,False,
72804209,,,,,,False,
72804961,,,,,,False,
72805277,,,,,,False,
72806036,,,,,,False,
72806442,,,,,,False,
72806727,,,,,,False,
72807433,,,,,,False,
72807674,,,,,,False,
72807940,,,,,,False,
72808511,,,,,,False,
72808795,,,,,,False,
72810531,,,,,,False,
72810839,,,,,,False,
72811100,,,,,,False,
72811547,,,,,,False,
72812240,,,,,,False,
72812558,,,,,,False,
72812856,,,,,,False,
72813335,,,,,,False,
72813790,,,,,,False,
72817577,,,,,,False,
72817773,,,,,,False,
72817929,,,,,,False,
72818688,,,,,,False,
72818828,,,,,,False,
72818957,,,,,,False,
72819107,,,,,,False,
72819307,,,,,,False,
72819458,,,,,,False,
72819570,,,,,,False,
72819717,,,,,,False,
72820573,,,,,,False,
72820713,,,,,,False,
72821059,,,,,,False,
72821170,,,,,,False,
72821293,,,,,,False,
72821494,,,,,,False,
72821631,,,,,,False,
72821844,,,,,,False,
72821991,,,,,,False,
72822150,,,,,,False,
72822273,,,,,,False,
72822428,,,,,,False,
72822551,,,,,,False,
72822711,,,,,,False,
72823072,,,,,,False,
72823279,,,,,,False,
72823603,,,,,,False,
72823724,,,,,,False,
72824228,,,,,,False,
72824375,,,,,,False,
72824490,,,,,,False,
72824634,,,,,,False,
72824789,,,,,,False,
72824903,,,,,,False,
72825091,,,,,,False,
72825278,,,,,,False,
72825408,,,,,,False,
72825538,,,,,,False,
72825736,,,,,,False,
72825872,,,,,,False,
72825995,,,,,,False,
75114161,,,,,,False,
75116046,,,,,,False,
75117207,,,,,,False,
75117340,,,,,,False,
75118449,,,,,,False,
75122527,,,,,,False,
75122970,,,,,,False,
75127179,,,,,,False,
75128479,,,,,,False,
75129266,,,,,,False,
75129618,,,,,,False,
75130040,,,,,,False,
75130813,,,,,,False,
75131232,,,,,,False,
75131801,,,,,,False,
75132074,,,,,,False,
75132754,,,,,,False,
75253851,,,,,,False,
75254513,,,,,,False,
75255756,,,,,,False,
75257255,,,,,,False,
75275555,,,,,,False,
75294235,,,,,,False,
75294410,,,,,,False,
75294625,,,,,,False,
75312020,,,,,,False,
75322416,,,,,,False,
75323391,,,,,,False,
75325959,,,,,,False,
75328306,,,,,,False,
75331446,,,,,,False,
75349346,,,,,,False,
75353346,,,,,,False,
75354644,,,,,,False,
76461811,,,,,,False,
76462441,,,,,,False,
76698976,,,,,,False,
76703657,,,,,,False,
76704083,,,,,,False,
76705157,,,,,,False,
77286198,,,,,,False,
77287053,,,,,,False,
77289697,,,,,,False,
77292412,,,,,,False,
77297559,,,,,,False,
77300674,,,,,,False,
77301930,,,,,,False,
78552977,,,,,,False,
78554343,,,,,,False,
78559962,,,,,,False,
78561042,,,,,,False,
78564178,,,,,,False,
78569662,,,,,,False,
78578696,,,,,,False,
78580224,,,,,,False,
78601505,,,,,,False,
78604257,,,,,,False,
78609872,,,,,,False,
78613107,,,,,,False,
78615582,,,,,,False,
78617734,,,,,,False,
78620400,,,,,,False,
78641312,,,,,,False,
78641914,,,,,,False,
78643179,,,,,,False,
78644032,,,,,,False,
78645552,,,,,,False,
78646233,,,,,,False,
78647015,,,,,,False,
78648064,,,,,,False,
78875727,,,,,,False,
78876785,,,,,,False,
78878074,,,,,,False,
78879434,,,,,,False,
78880428,,,,,,False,
78881276,,,,,,False,
78882332,,,,,,False,
78884062,,,,,,False,
78884889,,,,,,False,
78886005,,,,,,False,
78917231,,,,,,False,
79237654,,,,,,False,
79317537,,,,,,False,
79332065,,,,,,False,
79335950,,,,,,False,
79348922,,,,,,False,
79353837,,,,,,False,
79363505,,,,,,False,
79365864,,,,,,False,
79369799,,,,,,False,
79375285,,,,,,False,
79384817,,,,,,False,
79391636,,,,,,False,
79401041,,,,,,False,
79403471,,,,,,False,
79405935,,,,,,False,
79407176,,,,,,False,
79408265,,,,,,False,
79409823,,,,,,False,
79411067,,,,,,False,
79420353,,,,,,False,
79421879,,,,,,False,
79426412,,,,,,False,
79427941,,,,,,False,
79431563,,,,,,False,
79432287,,,,,,False,
79792100,,,,,,False,
79792238,,,,,,False,
79792409,,,,,,False,
79792586,,,,,,False,
79792727,,,,,,False,
79792873,,,,,,False,
79793034,,,,,,False,
79793191,,,,,,False,
79793591,,,,,,False,
79793955,,,,,,False,
79794307,,,,,,False,
79794837,,,,,,False,
79795107,,,,,,False,
79795312,,,,,,False,
79795624,,,,,,False,
79795848,,,,,,False,
79796116,,,,,,False,
79831082,,,,,,False,
79833847,,,,,,False,
79836192,,,,,,False,
79836680,,,,,,False,
79863800,,,,,,False,
79864435,,,,,,False,
79869529,,,,,,False,
79933232,,,,,,False,
79933968,,,,,,False,
79935013,,,,,,False,
79935493,,,,,,False,
79936334,,,,,,False,
79937159,,,,,,False,
79938064,,,,,,False,
79939743,,,,,,False,
79864906,,,,,,False,
78956825,,,,,,False,
78957945,,,,,,False,
78958964,,,,,,False,
78961615,,,,,,False,
78962638,,,,,,False,
78963874,,,,,,False,
79314928,,,,,,False,
79319035,,,,,,False,
79320151,,,,,,False,
79321585,,,,,,False,
79323719,,,,,,False,
79327179,,,,,,False,
79328574,,,,,,False,
79330926,,,,,,False,
79334582,,,,,,False,
79338794,,,,,,False,
79822322,,,,,,False,
79824965,,,,,,False,
79825301,,,,,,False,
79825780,,,,,,False,
79826137,,,,,,False,
79826422,,,,,,False,
79832034,,,,,,False,
79832340,,,,,,False,
79832838,,,,,,False,
79833430,,,,,,False,
79834387,,,,,,False,
79834918,,,,,,False,
79835325,,,,,,False,
79835712,,,,,,False,
79839920,,,,,,False,
79840373,,,,,,False,
79840869,,,,,,False,
79841312,,,,,,False,
79841769,,,,,,False,
79856546,,,,,,False,
79856905,,,,,,False,
79857618,,,,,,False,
79858258,,,,,,False,
94697793,,,,,,False,
94698214,,,,,,False,
99020355,,,,,,False,
99023401,,,,,,False,
99024167,,,,,,False,
99028011,,,,,,False,
99028856,,,,,,False,
99029429,,,,,,False,
99030432,,,,,,False,
99031941,,,,,,False,
99038909,,,,,,False,
99039381,,,,,,False,
99039764,,,,,,False,
99040214,,,,,,False,
99040699,,,,,,False,
99041114,,,,,,False,
99041462,,,,,,False,
99042228,,,,,,False,
99042505,,,,,,False,
99043381,,,,,,False,
99043704,,,,,,False,
99043945,,,,,,False,
99044250,,,,,,False,
99044567,,,,,,False,
99045162,,,,,,False,
99045594,,,,,,False,
99202603,,,,,,False,
99204128,,,,,,False,
99212641,,,,,,False,
99295513,,,,,,False,
99300945,,,,,,False,
99310244,,,,,,False,
99314166,,,,,,False,
99314599,,,,,,False,
99314825,,,,,,False,
99315080,,,,,,False,
99315350,,,,,,False,
99315944,,,,,,False,
99316063,,,,,,False,
99316198,,,,,,False,
99316339,,,,,,False,
99316505,,,,,,False,
99316636,,,,,,False,
99316807,,,,,,False,
99316941,,,,,,False,
99317082,,,,,,False,
99317356,,,,,,False,
99317508,,,,,,False,
99317626,,,,,,False,
99317788,,,,,,False,
99317909,,,,,,False,
99318103,,,,,,False,
99318218,,,,,,False,
99318434,,,,,,False,
99318541,,,,,,False,
99318790,,,,,,False,
99318932,,,,,,False,
99319033,,,,,,False,
99319144,,,,,,False,
99319244,,,,,,False,
99319343,,,,,,False,
99319455,,,,,,False,
99319576,,,,,,False,
99319737,,,,,,False,
99319859,,,,,,False,
99320227,,,,,,False,
99320487,,,,,,False,
99321043,,,,,,False,
99327681,,,,,,False,
99328087,,,,,,False,
99328424,,,,,,False,
99328831,,,,,,False,
99328945,,,,,,False,
99329187,,,,,,False,
99329369,,,,,,False,
99329615,,,,,,False,
99329719,,,,,,False,
99329883,,,,,,False,
99329984,,,,,,False,
99330069,,,,,,False,
99330165,,,,,,False,
99330303,,,,,,False,
99330481,,,,,,False,
99330558,,,,,,False,
99330663,,,,,,False,
99330876,,,,,,False,
99331093,,,,,,False,
99331230,,,,,,False,
99331649,,,,,,False,
99332280,,,,,,False,
99332447,,,,,,False,
99332590,,,,,,False,
99332688,,,,,,False,
99332925,,,,,,False,
99333306,,,,,,False,
99333534,,,,,,False,
99333639,,,,,,False,
99333921,,,,,,False,
99334040,,,,,,False,
99334156,,,,,,False,
99346808,,,,,,False,
99347071,,,,,,False,
99347278,,,,,,False,
99349349,,,,,,False,
99387379,,,,,,False,
99387592,,,,,,False,
99388560,,,,,,False,
99388987,,,,,,False,
99393431,,,,,,False,
99393725,,,,,,False,
99395055,,,,,,False,
99395277,,,,,,False,
99395948,,,,,,False,
99396327,,,,,,False,
99396707,,,,,,False,
99396956,,,,,,False,
99397387,,,,,,False,
99397762,,,,,,False,
99398119,,,,,,False,
99398282,,,,,,False,
99398572,,,,,,False,
99399628,,,,,,False,
99400299,,,,,,False,
99400792,,,,,,False,
99402832,,,,,,False,
99402966,,,,,,False,
99403116,,,,,,False,
99403522,,,,,,False,
99403817,,,,,,False,
99404199,,,,,,False,
99404383,,,,,,False,
99404522,,,,,,False,
99404667,,,,,,False,
99404852,,,,,,False,
99405009,,,,,,False,
99405176,,,,,,False,
99405338,,,,,,False,
99405492,,,,,,False,
99405662,,,,,,False,
99405788,,,,,,False,
99405929,,,,,,False,
99406039,,,,,,False,
99406145,,,,,,False,
99406286,,,,,,False,
99406470,,,,,,False,
99406593,,,,,,False,
99518562,,,,,,False,
99519373,,,,,,False,
99519924,,,,,,False,
99520739,,,,,,False,
99521032,,,,,,False,
99521500,,,,,,False,
99521701,,,,,,False,
99521933,,,,,,False,
99522570,,,,,,False,
99523106,,,,,,False,
99530497,,,,,,False,
99530713,,,,,,False,
99531004,,,,,,False,
99531236,,,,,,False,
99531406,,,,,,False,
99531648,,,,,,False,
99531873,,,,,,False,
99532248,,,,,,False,
99532461,,,,,,False,
99532731,,,,,,False,
99533015,,,,,,False,
99533161,,,,,,False,
99533395,,,,,,False,
99534079,,,,,,False,
99534230,,,,,,False,
99534449,,,,,,False,
99534604,,,,,,False,
99534763,,,,,,False,
99534923,,,,,,False,
99535121,,,,,,False,
99535336,,,,,,False,
99535523,,,,,,False,
99535965,,,,,,False,
99536168,,,,,,False,
99536313,,,,,,False,
99536498,,,,,,False,
99536643,,,,,,False,
99536863,,,,,,False,
99537147,,,,,,False,
99537573,,,,,,False,
99538339,,,,,,False,
99538529,,,,,,False,
99538724,,,,,,False,
99539044,,,,,,False,
99539264,,,,,,False,
99574387,,,,,,False,
99575813,,,,,,False,
99575985,,,,,,False,
99576626,,,,,,False,
99576717,,,,,,False,
99576827,,,,,,False,
99576911,,,,,,False,
99577020,,,,,,False,
99577142,,,,,,False,
99577780,,,,,,False,
127461135,,,,,,False,
99193579,,,,,,False,
99194313,,,,,,False,
99200935,,,,,,False,
99201373,,,,,,False,
99202139,,,,,,False,
99204494,,,,,,False,
99205361,,,,,,False,
99205821,,,,,,False,
99206225,,,,,,False,
99207951,,,,,,False,
99209897,,,,,,False,
99210443,,,,,,False,
99210908,,,,,,False,
99211535,,,,,,False,
99212228,,,,,,False,
99213480,,,,,,False,
99224864,,,,,,False,
99226610,,,,,,False,
99294408,,,,,,False,
99295187,,,,,,False,
99300463,,,,,,False,
99307997,,,,,,False,
99308978,,,,,,False,
99309393,,,,,,False,
99311114,,,,,,False,
99312567,,,,,,False,
99312947,,,,,,False,
99572973,,,,,,False,
99573082,,,,,,False,
99573127,,,,,,False,
99574009,,,,,,False,
99574138,,,,,,False,
99574295,,,,,,False,
99574453,,,,,,False,
99574532,,,,,,False,
99574690,,,,,,False,
99575299,,,,,,False,
99575511,,,,,,False,
99575608,,,,,,False,
99577413,,,,,,False,
99578314,,,,,,False,
127460612,,,,,,False,
127460678,,,,,,False,
99294917,,,,,,False,
99297598,,,,,,False,
99204721,,,,,,False,
99205053,,,,,,False,
99206502,,,,,,False,
99206706,,,,,,False,
99207128,,,,,,False,
99224713,,,,,,False,
99225026,,,,,,False,
99225200,,,,,,False,
99225365,,,,,,False,
99225513,,,,,,False,
99225875,,,,,,False,
99226004,,,,,,False,
99226155,,,,,,False,
99226304,,,,,,False,
99226443,,,,,,False,
99226751,,,,,,False,
99226866,,,,,,False,
99227043,,,,,,False,
99227220,,,,,,False,
99227375,,,,,,False,
99311583,,,,,,False,
109470399,,,,,,False,
109473193,,,,,,False,
116770835,,,,,,False,
116771840,,,,,,False,
116772970,,,,,,False,
116773742,,,,,,False,
116776732,,,,,,False,
116777710,,,,,,False,
116778742,,,,,,False,
116903741,,,,,,False,
116904216,,,,,,False,
116905366,,,,,,False,
116906061,,,,,,False,
116907611,,,,,,False,
116908854,,,,,,False,
116909850,,,,,,False,
116911030,,,,,,False,
116912085,,,,,,False,
116913003,,,,,,False,
116917232,,,,,,False,
116917979,,,,,,False,
116918718,,,,,,False,
116919194,,,,,,False,
116919862,,,,,,False,
116920351,,,,,,False,
116920847,,,,,,False,
116921396,,,,,,False,
116921905,,,,,,False,
124901948,,,,,,False,
124902048,,,,,,False,
124902128,,,,,,False,
124902401,,,,,,False,
124902516,,,,,,False,
124902611,,,,,,False,
124902966,,,,,,False,
124903024,,,,,,False,
124903085,,,,,,False,
124904561,,,,,,False,
124904660,,,,,,False,
124904729,,,,,,False,
124904789,,,,,,False,
124904829,,,,,,False,
124904890,,,,,,False,
124904959,,,,,,False,
124905012,,,,,,False,
124905097,,,,,,False,
124905135,,,,,,False,
124905222,,,,,,False,
124905275,,,,,,False,
124905313,,,,,,False,
124905351,,,,,,False,
124905401,,,,,,False,
124905448,,,,,,False,
124905541,,,,,,False,
124905598,,,,,,False,
124905935,,,,,,False,
124906363,,,,,,False,
124906448,,,,,,False,
124906595,,,,,,False,
124906726,,,,,,False,
124906988,,,,,,False,
124907072,,,,,,False,
124907122,,,,,,False,
124914429,,,,,,False,
124914829,,,,,,False,
124914903,,,,,,False,
124937292,,,,,,False,
124937817,,,,,,False,
124937997,,,,,,False,
124938211,,,,,,False,
124938425,,,,,,False,
124938721,,,,,,False,
124940002,,,,,,False,
124940216,,,,,,False,
124940423,,,,,,False,
124940919,,,,,,False,
124941356,,,,,,False,
124941771,,,,,,False,
124942034,,,,,,False,
124942362,,,,,,False,
124942544,,,,,,False,
124943164,,,,,,False,
124943788,,,,,,False,
124944138,,,,,,False,
124944604,,,,,,False,
124945368,,,,,,False,
124946959,,,,,,False,
124947497,,,,,,False,
124947977,,,,,,False,
124989313,,,,,,,
124991282,,,,,,False,
124998532,,,,,,False,
124999629,,,,,,False,
124999866,,,,,,False,
125000670,,,,,,False,
125000947,,,,,,False,
125001145,,,,,,False,
125006768,,,,,,False,
125007556,,,,,,False,
125008330,,,,,,False,
125009027,,,,,,False,
125009318,,,,,,False,
125009494,,,,,,False,
125009794,,,,,,False,
125018407,,,,,,False,
125018456,,,,,,False,
125018572,,,,,,False,
125018704,,,,,,False,
125018762,,,,,,False,
125018836,,,,,,False,
125018870,,,,,,False,
125029934,,,,,,False,
125030237,,,,,,,
125124869,,,,,,False,
125124899,,,,,,False,
125124922,,,,,,False,
125125061,,,,,,False,
125125108,,,,,,False,
125125132,,,,,,False,
125125159,,,,,,False,
125125170,,,,,,False,
125125189,,,,,,False,
125125208,,,,,,False,
125125223,,,,,,False,
125125237,,,,,,False,
125125284,,,,,,False,
125125350,,,,,,False,
125125382,,,,,,False,
125131571,,,,,,False,
125132067,,,,,,False,
125132123,,,,,,False,
125133955,,,,,,False,
125134022,,,,,,False,
125134070,,,,,,False,
125134098,,,,,,False,
125134130,,,,,,False,
125134166,,,,,,False,
125134205,,,,,,False,
125134248,,,,,,False,
125134288,,,,,,False,
125134322,,,,,,False,
125134681,,,,,,False,
125134719,,,,,,False,
125134749,,,,,,False,
125134797,,,,,,False,
125134836,,,,,,False,
125134867,,,,,,False,
125007972,,,,,,False,
125006389,,,,,,False,
125009997,,,,,,False,
125011529,,,,,,False,
125025588,,,,,,False,
124986513,,,,,,False,
124988730,,,,,,,
124989774,,,,,,,
124990415,,,,,,,
124999031,,,,,,False,
124999349,,,,,,,
125004644,,,,,,False,
125004922,,,,,,False,
125005114,,,,,,,
125005293,,,,,,False,
125007121,,,,,,False,
125008617,,,,,,False,
125011368,,,,,,False,
125018373,,,,,,False,
125018616,,,,,,,
125022468,,,,,,False,
125025447,,,,,,False,
44495761,,,,,,,
44495840,,,,,,,
44495856,,,,,,,
44495896,,,,,,,
44495913,,,,,,,
44495927,,,,,,,
44495948,,,,,,,
44495983,,,,,,,
44495996,,,,,,,
44496064,,,,,,,
44496089,,,,,,,
44496102,,,,,,,
44496142,,,,,,,
44496439,,,,,,,
62897766,,,,,,,
44495971,,,,,,,
44495705,,,,,,,
44495719,,,,,,,
44495733,,,,,,,
44495747,,,,,,,
44495785,,,,,,,
44495808,,,,,,,
44495826,,,,,,,
44495864,,,,,,,
44495881,,,,,,,
44496026,,,,,,,
44496045,,,,,,,
44496130,,,,,,,
62896806,,,,,,,
62897709,,,,,,,
44496118,,,,,,,
44496160,,,,,,,
44496172,,,,,,,
48867903,,,,,,,
48868073,,,,,,,
55237538,,,,,,,
61657222,,,,,,,
61657898,,,,,,,
61719599,,,,,,,
48868464,,,,,,,
48901366,,,,,,,
55237872,,,,,,,
48866885,,,,,,,
48867032,,,,,,,
48867383,,,,,,,
48868605,,,,,,,
48868799,,,,,,,
48869171,,,,,,,
48869338,,,,,,,
48869572,,,,,,,
48869764,,,,,,,
48870687,,,,,,,
48871145,,,,,,,
55237468,,,,,,,
55237582,,,,,,,
55237713,,,,,,,
55246824,,,,,,,
61715040,,,,,,,
61716858,,,,,,,
64780986,,,,,,False,
64781026,,,,,,False,
64781057,,,,,,False,
48867200,,,,,,,
48868271,,,,,,,
48869907,,,,,,,
48870093,,,,,,,
48870302,,,,,,,
48870530,,,,,,,
48870999,,,,,,,
48871599,,,,,,,
48891294,,,,,,,
55237620,,,,,,,
55237672,,,,,,,
55237785,,,,,,,
55237820,,,,,,,
61656978,,,,,,,
60851990,,,,,,,
60854853,,,,,,,
60880261,,,,,,,
65809786,,,,,,False,
65809821,,,,,,False,
65809918,,,,,,False,
65809939,,,,,,False,
60851379,,,,,,,
60851530,,,,,,,
60852206,,,,,,,
60852406,,,,,,,
60852518,,,,,,,
60854790,,,,,,,
60854945,,,,,,,
65809886,,,,,,False,
65809965,,,,,,False,
60851960,,,,,,,
60852032,,,,,,,
60852082,,,,,,,
60852116,,,,,,,
60852438,,,,,,,
60852476,,,,,,,
60852872,,,,,,,
60852934,,,,,,,
60855172,,,,,,,
60879885,,,,,,,
60879946,,,,,,,
60880007,,,,,,,
60880062,,,,,,,
60880146,,,,,,,
82514094,,,,,,False,
82516510,,,,,,False,
82674667,,,,,,False,
82728749,,,,,,False,
82730088,,,,,,False,
82731570,,,,,,False,
82732308,,,,,,False,
82735793,,,,,,False,
82736049,,,,,,False,
82737248,,,,,,False,
82738477,,,,,,False,
82740203,,,,,,False,
82740764,,,,,,False,
82741473,,,,,,False,
82742935,,,,,,False,
82745610,,,,,,False,
82746253,,,,,,False,
82746652,,,,,,False,
82749147,,,,,,False,
82750065,,,,,,False,
82751521,,,,,,False,
82752177,,,,,,False,
82752787,,,,,,False,
82753452,,,,,,False,
82753852,,,,,,False,
82754559,,,,,,False,
82755289,,,,,,False,
82755705,,,,,,False,
82756210,,,,,,False,
82756802,,,,,,False,
82757290,,,,,,False,
82758022,,,,,,False,
82759069,,,,,,False,
82759398,,,,,,False,
82759743,,,,,,False,
82760561,,,,,,False,
82761146,,,,,,False,
82761536,,,,,,False,
82762134,,,,,,False,
82762801,,,,,,False,
82763457,,,,,,False,
82764124,,,,,,False,
82764664,,,,,,False,
82765106,,,,,,False,
82765586,,,,,,False,
82766059,,,,,,False,
82766570,,,,,,False,
82766977,,,,,,False,
82767402,,,,,,False,
82768365,,,,,,False,
82768843,,,,,,False,
82769671,,,,,,False,
82770042,,,,,,False,
82770414,,,,,,False,
82770976,,,,,,False,
82771493,,,,,,False,
82771785,,,,,,False,
82772402,,,,,,False,
83035120,,,,,,False,
83035803,,,,,,False,
83036320,,,,,,False,
83037010,,,,,,False,
83038290,,,,,,False,
83040186,,,,,,False,
83041466,,,,,,False,
83043473,,,,,,False,
83047720,,,,,,False,
83053789,,,,,,False,
83056798,,,,,,False,
83059275,,,,,,False,
83060176,,,,,,False,
83078208,,,,,,False,
83078573,,,,,,False,
83078836,,,,,,False,
83079020,,,,,,False,
83080097,,,,,,False,
83080385,,,,,,False,
83080897,,,,,,False,
83081151,,,,,,False,
83082534,,,,,,False,
83082827,,,,,,False,
83083180,,,,,,False,
83083669,,,,,,False,
83083981,,,,,,False,
83109950,,,,,,False,
83113656,,,,,,False,
83113931,,,,,,False,
83114101,,,,,,False,
83114581,,,,,,False,
83114773,,,,,,False,
83114992,,,,,,False,
83115185,,,,,,False,
83115460,,,,,,False,
83116008,,,,,,False,
83117524,,,,,,False,
75538351,,,,,,False,
82767837,,,,,,False,
75536261,,,,,,False,
75536540,,,,,,False,
75537618,,,,,,False,
75537916,,,,,,False,
75538202,,,,,,False,
75538598,,,,,,False,
75538799,,,,,,False,
75540169,,,,,,False,
83103434,,,,,,False,
83104446,,,,,,False,
83105246,,,,,,False,
83105641,,,,,,False,
83106060,,,,,,False,
83106698,,,,,,False,
83107171,,,,,,False,
83107789,,,,,,False,
83110240,,,,,,False,
83110585,,,,,,False,
101216635,,,,,,False,
101218336,,,,,,False,
101239017,,,,,,False,
101239995,,,,,,False,
101241990,,,,,,False,
101266327,,,,,,False,
101266884,,,,,,False,
101267602,,,,,,False,
101268288,,,,,,False,
101269276,,,,,,False,
101269909,,,,,,False,
101271561,,,,,,False,
101272172,,,,,,False,
101272873,,,,,,False,
101273558,,,,,,False,
101274394,,,,,,False,
101275085,,,,,,False,
101275724,,,,,,False,
101276615,,,,,,False,
101279944,,,,,,False,
101280387,,,,,,False,
101281136,,,,,,False,
101281536,,,,,,False,
101282050,,,,,,False,
101282673,,,,,,False,
101283736,,,,,,False,
101284321,,,,,,False,
101306505,,,,,,False,
101307301,,,,,,False,
101308084,,,,,,False,
101321402,,,,,,False,
101323014,,,,,,False,
101323632,,,,,,False,
101324987,,,,,,False,
101325830,,,,,,False,
101327002,,,,,,False,
101327569,,,,,,False,
101328404,,,,,,False,
101329349,,,,,,False,
101330050,,,,,,False,
101331168,,,,,,False,
101332497,,,,,,False,
101333098,,,,,,False,
101334283,,,,,,False,
101335087,,,,,,False,
101335720,,,,,,False,
101336179,,,,,,False,
101336614,,,,,,False,
101336870,,,,,,False,
101337805,,,,,,False,
101337961,,,,,,False,
101338187,,,,,,False,
101338366,,,,,,False,
101338669,,,,,,False,
101338967,,,,,,False,
101339405,,,,,,False,
101339846,,,,,,False,
101340299,,,,,,False,
101341844,,,,,,False,
101343717,,,,,,False,
101344226,,,,,,False,
101344950,,,,,,False,
101345692,,,,,,False,
101346303,,,,,,False,
101346943,,,,,,False,
101348971,,,,,,False,
101349563,,,,,,False,
101350443,,,,,,False,
101351147,,,,,,False,
101351820,,,,,,False,
101352521,,,,,,False,
101353363,,,,,,False,
101353976,,,,,,False,
101355407,,,,,,False,
101356048,,,,,,False,
101356684,,,,,,False,
101357349,,,,,,False,
101358269,,,,,,False,
101358994,,,,,,False,
101399282,,,,,,False,
101400072,,,,,,False,
101401267,,,,,,False,
101403296,,,,,,False,
101404409,,,,,,False,
101405448,,,,,,False,
101406096,,,,,,False,
101406720,,,,,,False,
101407322,,,,,,False,
101407997,,,,,,False,
101409132,,,,,,False,
101417351,,,,,,False,
101417902,,,,,,False,
101419274,,,,,,False,
101419789,,,,,,False,
101420375,,,,,,False,
101420910,,,,,,False,
101421339,,,,,,False,
101421998,,,,,,False,
101422490,,,,,,False,
101423035,,,,,,False,
101424277,,,,,,False,
101424949,,,,,,False,
101425436,,,,,,False,
101425963,,,,,,False,
101426470,,,,,,False,
101427326,,,,,,False,
101427876,,,,,,False,
101428947,,,,,,False,
101429401,,,,,,False,
101430083,,,,,,False,
101430581,,,,,,False,
101447821,,,,,,False,
101464376,,,,,,False,
101466388,,,,,,False,
101766547,,,,,,False,
101826750,,,,,,False,
101828652,,,,,,False,
101829851,,,,,,False,
101831266,,,,,,False,
101834179,,,,,,False,
101839331,,,,,,False,
101844321,,,,,,False,
101845456,,,,,,False,
101846236,,,,,,False,
101847288,,,,,,False,
101850544,,,,,,False,
101851550,,,,,,False,
101853488,,,,,,False,
101854120,,,,,,False,
101855217,,,,,,False,
101856022,,,,,,False,
101856984,,,,,,False,
101857875,,,,,,False,
101858842,,,,,,False,
101860048,,,,,,False,
101860881,,,,,,False,
101863401,,,,,,False,
101864012,,,,,,False,
101864655,,,,,,False,
101870423,,,,,,False,
101874292,,,,,,False,
101879074,,,,,,False,
101900890,,,,,,False,
101902265,,,,,,False,
101903531,,,,,,False,
101904458,,,,,,False,
101944871,,,,,,False,
101945272,,,,,,False,
101945381,,,,,,False,
101945966,,,,,,False,
101946104,,,,,,False,
101946223,,,,,,False,
101190159,,,,,,False,
101193092,,,,,,False,
101200191,,,,,,False,
101201947,,,,,,False,
101202904,,,,,,False,
101206064,,,,,,False,
101207349,,,,,,False,
101209482,,,,,,False,
101450165,,,,,,False,
101452188,,,,,,False,
101454063,,,,,,False,
101455363,,,,,,False,
101456571,,,,,,False,
101462488,,,,,,False,
101463641,,,,,,False,
101467404,,,,,,False,
101734066,,,,,,False,
101823016,,,,,,False,
101942967,,,,,,False,
101943072,,,,,,False,
101943167,,,,,,False,
101943326,,,,,,False,
101943452,,,,,,False,
121337194,,,,,,,
121337435,,,,,,,
121337800,,,,,,,
121338034,,,,,,,
121338172,,,,,,,
121338308,,,,,,,
121338457,,,,,,,
121340780,,,,,,False,
121341073,,,,,,False,
121341351,,,,,,False,
121341611,,,,,,False,
121341805,,,,,,False,
121341959,,,,,,False,
121342145,,,,,,False,
121342544,,,,,,False,
122218241,,,,,,False,
122219022,,,,,,False,
122219233,,,,,,,
122219895,,,,,,False,
122220287,,,,,,False,
122220420,,,,,,False,
122220825,,,,,,False,
122220993,,,,,,False,
122221420,,,,,,False,
124923350,,,,,,,
124947833,,,,,,False,
124948553,,,,,,False,
124948925,,,,,,False,
124952203,,,,,,False,
124953306,,,,,,False,
124953842,,,,,,False,
124954327,,,,,,False,
124954819,,,,,,False,
124957395,,,,,,False,
124957425,,,,,,False,
124957824,,,,,,False,
124957971,,,,,,False,
124958047,,,,,,False,
124958435,,,,,,False,
124958778,,,,,,False,
124958854,,,,,,False,
124958966,,,,,,False,
124959510,,,,,,False,
124959645,,,,,,False,
124959688,,,,,,False,
124959896,,,,,,False,
124959925,,,,,,False,
124960148,,,,,,False,
124960303,,,,,,False,
124960696,,,,,,False,
124960844,,,,,,False,
124960919,,,,,,False,
124960996,,,,,,False,
124961421,,,,,,False,
124961601,,,,,,False,
124961823,,,,,,False,
124966248,,,,,,False,
124966793,,,,,,False,
124967099,,,,,,False,
124967375,,,,,,False,
124967444,,,,,,False,
124967502,,,,,,False,
124967561,,,,,,False,
124967636,,,,,,False,
124967740,,,,,,False,
124967890,,,,,,False,
124967963,,,,,,False,
124968087,,,,,,False,
124968174,,,,,,False,
124968238,,,,,,False,
124968302,,,,,,False,
124968393,,,,,,False,
124971231,,,,,,False,
124975066,,,,,,False,
124975255,,,,,,False,
124975355,,,,,,False,
124975393,,,,,,False,
124975418,,,,,,False,
124975456,,,,,,False,
124975491,,,,,,False,
124975503,,,,,,False,
124975567,,,,,,False,
124975573,,,,,,False,
124975650,,,,,,False,
121342351,,,,,,False,
122216134,,,,,,,
122217940,,,,,,False,
122218492,,,,,,False,
122218746,,,,,,False,
122219678,,,,,,False,
122220054,,,,,,False,
122220564,,,,,,False,
122221126,,,,,,False,
124965786,,,,,,False,
44116943,,,,,,,
44117026,,,,,,,
44117152,,,,,,,
44117226,,,,,,,
44127212,,,,,,,
44128000,,,,,,,
44116828,,,,,,,
44117113,,,,,,,
44117314,,,,,,,
44117403,,,,,,,
44117534,,,,,,,
44117617,,,,,,,
44117698,,,,,,,
44126993,,,,,,,
44127103,,,,,,,
44127926,,,,,,,
44190627,,,,,,,
44190688,,,,,,,
47705318,,,,,,,
47706978,,,,,,,
47707283,,,,,,,
47708325,,,,,,,
47708756,,,,,,,
47709227,,,,,,,
47712521,,,,,,,
47713654,,,,,,,
47715278,,,,,,,
47707727,,,,,,,
47709755,,,,,,,
47710418,,,,,,,
47711876,,,,,,,
47712667,,,,,,,
47713210,,,,,,,
47713430,,,,,,,
47714600,,,,,,,
47714942,,,,,,,
80225623,,,,,,False,
80225769,,,,,,False,
47705622,,,,,,,
47706136,,,,,,,
47706567,,,,,,,
61825103,,,,,,,
61825447,,,,,,,
61827680,,,,,,,
66562750,,,,,,False,
66562772,,,,,,False,
66562900,,,,,,False,
61824821,,,,,,,
61825320,,,,,,,
61826335,,,,,,,
61826579,,,,,,,
61826655,,,,,,,
61826742,,,,,,,
66562710,,,,,,False,
66562733,,,,,,False,
66562818,,,,,,False,
66562853,,,,,,False,
66562938,,,,,,False,
66562961,,,,,,False,
66563054,,,,,,False,
66563105,,,,,,False,
66937270,,,,,,False,
61825570,,,,,,,
61825786,,,,,,,
61825919,,,,,,,
61826445,,,,,,,
61827014,,,,,,,
75658965,,,,,,False,
75778741,,,,,,False,
75782357,,,,,,False,
75814640,,,,,,False,
76012379,,,,,,False,
77557094,,,,,,False,
77557810,,,,,,False,
77558221,,,,,,False,
78017157,,,,,,False,
78020251,,,,,,False,
78022408,,,,,,False,
78024254,,,,,,False,
78025778,,,,,,False,
78027827,,,,,,False,
78030627,,,,,,False,
78032512,,,,,,False,
78034045,,,,,,False,
78041965,,,,,,False,
78043387,,,,,,False,
78044958,,,,,,False,
78046666,,,,,,False,
78048361,,,,,,False,
78049672,,,,,,False,
78051036,,,,,,False,
78058540,,,,,,False,
78060022,,,,,,False,
78068446,,,,,,False,
78069759,,,,,,False,
78071057,,,,,,False,
78072510,,,,,,False,
78075977,,,,,,False,
78077475,,,,,,False,
78084113,,,,,,False,
78086786,,,,,,False,
78235702,,,,,,False,
78235817,,,,,,False,
78235935,,,,,,False,
78236064,,,,,,False,
78236198,,,,,,False,
78236310,,,,,,False,
78236440,,,,,,False,
78236564,,,,,,False,
78236720,,,,,,False,
78237153,,,,,,False,
78237361,,,,,,False,
78237770,,,,,,False,
78238113,,,,,,False,
78238279,,,,,,False,
78509286,,,,,,False,
78509317,,,,,,False,
78509391,,,,,,False,
78509416,,,,,,False,
78509446,,,,,,False,
78509490,,,,,,False,
78509536,,,,,,False,
78509571,,,,,,False,
78509600,,,,,,False,
78509637,,,,,,False,
78509670,,,,,,False,
78509716,,,,,,False,
78509813,,,,,,False,
78509856,,,,,,False,
78509892,,,,,,False,
78509929,,,,,,False,
78510021,,,,,,False,
78546797,,,,,,False,
78547593,,,,,,False,
78548505,,,,,,False,
78549564,,,,,,False,
78552236,,,,,,False,
78553108,,,,,,False,
78554018,,,,,,False,
79091999,,,,,,False,
79092889,,,,,,False,
79093579,,,,,,False,
79548649,,,,,,False,
79550524,,,,,,False,
79550991,,,,,,False,
79551657,,,,,,False,
79556220,,,,,,False,
79559436,,,,,,False,
79568059,,,,,,False,
79569575,,,,,,False,
79570290,,,,,,False,
79571055,,,,,,False,
79571644,,,,,,False,
79584094,,,,,,False,
79650295,,,,,,False,
79656527,,,,,,False,
79693728,,,,,,False,
79694813,,,,,,False,
79696144,,,,,,False,
79697386,,,,,,False,
79828039,,,,,,False,
79829188,,,,,,False,
79891880,,,,,,False,
79892795,,,,,,False,
79894282,,,,,,False,
79895359,,,,,,False,
79897772,,,,,,False,
79898902,,,,,,False,
83319300,,,,,,False,
83383600,,,,,,False,
83384637,,,,,,False,
83384984,,,,,,False,
83386036,,,,,,False,
83386665,,,,,,False,
83388755,,,,,,False,
83394575,,,,,,False,
83400851,,,,,,False,
83401901,,,,,,False,
83402943,,,,,,False,
83403534,,,,,,False,
83403989,,,,,,False,
83404320,,,,,,False,
83406081,,,,,,False,
83412848,,,,,,False,
83413106,,,,,,False,
83413531,,,,,,False,
83413756,,,,,,False,
83417091,,,,,,False,
83458149,,,,,,False,
83458381,,,,,,False,
83459750,,,,,,False,
83460431,,,,,,False,
83461317,,,,,,False,
83461676,,,,,,False,
83462295,,,,,,False,
83463353,,,,,,False,
83463899,,,,,,False,
83590718,,,,,,False,
83591041,,,,,,False,
83592827,,,,,,False,
83598494,,,,,,False,
83604528,,,,,,False,
83605112,,,,,,False,
83605691,,,,,,False,
83606328,,,,,,False,
83606863,,,,,,False,
83607232,,,,,,False,
83607475,,,,,,False,
83607588,,,,,,False,
83607899,,,,,,False,
83608571,,,,,,False,
83608607,,,,,,False,
83608895,,,,,,False,
83609139,,,,,,False,
83609381,,,,,,False,
83609590,,,,,,False,
83609905,,,,,,False,
83610203,,,,,,False,
83610250,,,,,,False,
83610510,,,,,,False,
83610836,,,,,,False,
83611099,,,,,,False,
83611142,,,,,,False,
83611899,,,,,,False,
83612193,,,,,,False,
83612274,,,,,,False,
83612580,,,,,,False,
83612834,,,,,,False,
83613075,,,,,,False,
83613358,,,,,,False,
83613506,,,,,,False,
83613928,,,,,,False,
83615300,,,,,,False,
83615646,,,,,,False,
83616141,,,,,,False,
83616501,,,,,,False,
83618469,,,,,,False,
83618892,,,,,,False,
83620834,,,,,,False,
72781897,,,,,,False,
83311975,,,,,,False,
83313861,,,,,,False,
83387320,,,,,,False,
83390114,,,,,,False,
83394942,,,,,,False,
83396097,,,,,,False,
100205923,,,,,,False,
100223796,,,,,,False,
100224222,,,,,,False,
100228384,,,,,,False,
100228910,,,,,,False,
100229357,,,,,,False,
100230017,,,,,,False,
100230393,,,,,,False,
101855910,,,,,,False,
101856903,,,,,,False,
101858184,,,,,,False,
101859651,,,,,,False,
101860685,,,,,,False,
101861908,,,,,,False,
101862912,,,,,,False,
101864007,,,,,,False,
101865030,,,,,,False,
101866027,,,,,,False,
101867289,,,,,,False,
101868728,,,,,,False,
101869610,,,,,,False,
101870564,,,,,,False,
101871874,,,,,,False,
101872780,,,,,,False,
101873725,,,,,,False,
101943074,,,,,,False,
101943226,,,,,,False,
101943343,,,,,,False,
101943534,,,,,,False,
101943667,,,,,,False,
101946063,,,,,,False,
101946615,,,,,,False,
101946986,,,,,,False,
101947637,,,,,,False,
103194739,,,,,,False,
103201772,,,,,,False,
103213592,,,,,,False,
103216091,,,,,,False,
103217257,,,,,,False,
103218383,,,,,,False,
103219623,,,,,,False,
103220860,,,,,,False,
103223268,,,,,,False,
103224551,,,,,,False,
103226323,,,,,,False,
103228114,,,,,,False,
103229473,,,,,,False,
103230566,,,,,,False,
103231517,,,,,,False,
103232910,,,,,,False,
103233809,,,,,,False,
103235090,,,,,,False,
103236281,,,,,,False,
103237342,,,,,,False,
103238740,,,,,,False,
103584315,,,,,,False,
103587271,,,,,,False,
103613062,,,,,,False,
103617779,,,,,,False,
103626486,,,,,,False,
103630229,,,,,,False,
103658829,,,,,,False,
103659646,,,,,,False,
103661283,,,,,,False,
103661309,,,,,,False,
103662470,,,,,,False,
103663732,,,,,,False,
103667408,,,,,,False,
103668335,,,,,,False,
103669911,,,,,,False,
103670338,,,,,,False,
103671182,,,,,,False,
103674656,,,,,,False,
103675213,,,,,,False,
103676638,,,,,,False,
103676823,,,,,,False,
103696691,,,,,,False,
103696911,,,,,,False,
103697070,,,,,,False,
103697245,,,,,,False,
103697411,,,,,,False,
103949122,,,,,,False,
103955812,,,,,,False,
103985208,,,,,,False,
103990041,,,,,,False,
103992017,,,,,,False,
103994441,,,,,,False,
103995079,,,,,,False,
104073584,,,,,,False,
104475362,,,,,,False,
104481179,,,,,,False,
104481694,,,,,,False,
104483066,,,,,,False,
104484477,,,,,,False,
104487082,,,,,,False,
104488738,,,,,,False,
104490386,,,,,,False,
104496554,,,,,,False,
104497062,,,,,,False,
104497899,,,,,,False,
104498774,,,,,,False,
104511825,,,,,,False,
104514048,,,,,,False,
104514620,,,,,,False,
104515406,,,,,,False,
104515906,,,,,,False,
104516667,,,,,,False,
104516958,,,,,,False,
104517332,,,,,,False,
104518295,,,,,,False,
104518516,,,,,,False,
104518704,,,,,,False,
104518966,,,,,,False,
104519253,,,,,,False,
104519463,,,,,,False,
104519637,,,,,,False,
104533146,,,,,,False,
104533339,,,,,,False,
104533512,,,,,,False,
104658770,,,,,,False,
104660041,,,,,,False,
104472887,,,,,,False,
104474754,,,,,,False,
104475801,,,,,,False,
104476183,,,,,,False,
104476960,,,,,,False,
104477552,,,,,,False,
104477918,,,,,,False,
104478186,,,,,,False,
104479341,,,,,,False,
104479411,,,,,,False,
104480037,,,,,,False,
104482322,,,,,,False,
104492019,,,,,,False,
104494065,,,,,,False,
104495110,,,,,,False,
104530498,,,,,,False,
104657223,,,,,,False,
115428841,,,,,,False,
119942752,,,,,,False,
119943091,,,,,,False,
119952367,,,,,,False,
119952684,,,,,,False,
119953003,,,,,,False,
119953302,,,,,,False,
119953564,,,,,,False,
119956439,,,,,,False,
119956562,,,,,,,
119956694,,,,,,False,
119991932,,,,,,False,
119992269,,,,,,False,
119992470,,,,,,False,
119992655,,,,,,False,
119992809,,,,,,False,
119992996,,,,,,False,
119997477,,,,,,False,
119997836,,,,,,False,
119998036,,,,,,False,
119998227,,,,,,False,
119998416,,,,,,False,
119998604,,,,,,False,
119998803,,,,,,False,
119999508,,,,,,False,
119999689,,,,,,False,
119999882,,,,,,False,
120000049,,,,,,False,
120000233,,,,,,False,
120000433,,,,,,False,
120000608,,,,,,False,
120000739,,,,,,False,
120000977,,,,,,False,
120001231,,,,,,False,
120001465,,,,,,False,
120001714,,,,,,False,
120001984,,,,,,False,
120002119,,,,,,False,
120002441,,,,,,False,
120002546,,,,,,False,
120002656,,,,,,False,
120002756,,,,,,False,
120002863,,,,,,False,
120002964,,,,,,False,
120003067,,,,,,False,
120003160,,,,,,False,
120003259,,,,,,False,
120003397,,,,,,False,
120003533,,,,,,False,
120003633,,,,,,False,
120003781,,,,,,False,
120003907,,,,,,False,
120004048,,,,,,False,
120004194,,,,,,False,
120004326,,,,,,False,
120004426,,,,,,False,
120004597,,,,,,False,
120004815,,,,,,False,
120004912,,,,,,False,
120005027,,,,,,False,
120005143,,,,,,False,
120005224,,,,,,False,
120005740,,,,,,False,
120005915,,,,,,False,
120006118,,,,,,False,
120006422,,,,,,False,
120006559,,,,,,False,
120007240,,,,,,,
120025598,,,,,,False,
120025765,,,,,,False,
120025949,,,,,,False,
120026248,,,,,,False,
120026363,,,,,,False,
120026544,,,,,,False,
120026859,,,,,,False,
120028488,,,,,,False,
120028661,,,,,,False,
120029831,,,,,,False,
120030897,,,,,,False,
124907996,,,,,,False,
124908242,,,,,,False,
124908660,,,,,,False,
124908758,,,,,,False,
124908798,,,,,,False,
124908858,,,,,,False,
124908907,,,,,,False,
124909113,,,,,,False,
124909178,,,,,,False,
124909266,,,,,,False,
124909431,,,,,,False,
124909448,,,,,,False,
124909507,,,,,,False,
124909528,,,,,,False,
124909607,,,,,,False,
124909620,,,,,,False,
124909637,,,,,,False,
124909659,,,,,,False,
124909675,,,,,,False,
124909689,,,,,,False,
124909704,,,,,,False,
124909721,,,,,,False,
124909733,,,,,,False,
124909744,,,,,,False,
124909853,,,,,,False,
124909868,,,,,,False,
124909891,,,,,,False,
124909914,,,,,,False,
124909924,,,,,,False,
124909937,,,,,,False,
124909950,,,,,,False,
124909967,,,,,,False,
124917073,,,,,,False,
124918952,,,,,,False,
124919222,,,,,,False,
124919593,,,,,,False,
124919900,,,,,,False,
124920038,,,,,,False,
124920191,,,,,,False,
124920429,,,,,,False,
124920796,,,,,,False,
124921405,,,,,,False,
124921734,,,,,,False,
124922989,,,,,,False,
124923223,,,,,,False,
124923722,,,,,,False,
124936010,,,,,,False,
124972098,,,,,,,
124972118,,,,,,False,
124972132,,,,,,False,
124976118,,,,,,False,
124976433,,,,,,False,
124976737,,,,,,False,
124976892,,,,,,False,
124977007,,,,,,False,
124977097,,,,,,False,
124977158,,,,,,False,
124977202,,,,,,False,
124977248,,,,,,False,
124977337,,,,,,False,
124977499,,,,,,,
124977603,,,,,,False,
124977662,,,,,,False,
124977885,,,,,,False,
124978027,,,,,,False,
124978143,,,,,,False,
124978175,,,,,,False,
124978723,,,,,,False,
124978792,,,,,,False,
124978876,,,,,,False,
124978943,,,,,,False,
124979223,,,,,,False,
124979984,,,,,,False,
124980057,,,,,,False,
124980124,,,,,,False,
124980213,,,,,,False,
124980535,,,,,,False,
124980614,,,,,,False,
124908159,,,,,,False,
124908308,,,,,,False,
124908476,,,,,,False,
124908718,,,,,,False,
124957341,,,,,,False,
124957699,,,,,,False,
44052149,,,,,,,
44088714,,,,,,,
44088723,,,,,,,
44088837,,,,,,,
44088969,,,,,,,
54138614,,,,,,,
56734787,,,,,,,
44088597,,,,,,,
44088636,,,,,,,
44088684,,,,,,,
44088706,,,,,,,
44088735,,,,,,,
44088766,,,,,,,
44088778,,,,,,,
44088799,,,,,,,
44088822,,,,,,,
44088864,,,,,,,
44088934,,,,,,,
44088952,,,,,,,
44088984,,,,,,,
53731743,,,,,,,
56729464,,,,,,,
44052205,,,,,,,
44088612,,,,,,,
44088653,,,,,,,
44088668,,,,,,,
44088812,,,,,,,
47625823,,,,,,,
48226923,,,,,,,
48227159,,,,,,,
48227277,,,,,,,
48227459,,,,,,,
48231585,,,,,,,
47625309,,,,,,,
47625526,,,,,,,
47625750,,,,,,,
48224906,,,,,,,
48225117,,,,,,,
48225316,,,,,,,
48225561,,,,,,,
48225778,,,,,,,
48226536,,,,,,,
48226686,,,,,,,
48227364,,,,,,,
48227546,,,,,,,
48228667,,,,,,,
48228818,,,,,,,
48229204,,,,,,,
56115159,,,,,,,
56740472,,,,,,,
56778477,,,,,,,
48226020,,,,,,,
48228588,,,,,,,
48229069,,,,,,,
48229475,,,,,,,
61835915,,,,,,,
61836120,,,,,,,
61836177,,,,,,,
61836407,,,,,,,
61836465,,,,,,,
61836689,,,,,,,
66413307,,,,,,False,
66413354,,,,,,False,
66413372,,,,,,False,
66413542,,,,,,False,
66413549,,,,,,False,
66413591,,,,,,False,
66413621,,,,,,False,
66413645,,,,,,False,
66413663,,,,,,False,
66413704,,,,,,False,
66413722,,,,,,False,
66413729,,,,,,False,
61835851,,,,,,,
61835970,,,,,,,
61836011,,,,,,,
61836061,,,,,,,
61836314,,,,,,,
61836355,,,,,,,
61836554,,,,,,,
61836646,,,,,,,
66413399,,,,,,False,
66413413,,,,,,False,
66413428,,,,,,False,
66413440,,,,,,False,
66413460,,,,,,False,
66413471,,,,,,False,
66413485,,,,,,False,
66413494,,,,,,False,
66413504,,,,,,False,
66413513,,,,,,False,
66413521,,,,,,False,
66413530,,,,,,False,
66413555,,,,,,False,
66413582,,,,,,False,
66413678,,,,,,False,
66413698,,,,,,False,
76006958,,,,,,False,
76007022,,,,,,False,
76007123,,,,,,False,
76007175,,,,,,False,
76007232,,,,,,False,
76007282,,,,,,False,
76007342,,,,,,False,
76007396,,,,,,False,
76007455,,,,,,False,
78291484,,,,,,False,
78291854,,,,,,False,
78292262,,,,,,False,
78292898,,,,,,False,
78293283,,,,,,False,
78293789,,,,,,False,
78294308,,,,,,False,
78294734,,,,,,False,
78295231,,,,,,False,
78295741,,,,,,False,
78296455,,,,,,False,
78304862,,,,,,False,
78305290,,,,,,False,
78305649,,,,,,False,
78305972,,,,,,False,
78306371,,,,,,False,
78306723,,,,,,False,
78307069,,,,,,False,
78307429,,,,,,False,
78307752,,,,,,False,
78308089,,,,,,False,
78308486,,,,,,False,
78308892,,,,,,False,
78309307,,,,,,False,
78309882,,,,,,False,
78311950,,,,,,False,
78312336,,,,,,False,
78312748,,,,,,False,
78313156,,,,,,False,
78313751,,,,,,False,
78314175,,,,,,False,
78315045,,,,,,False,
78315819,,,,,,False,
78317323,,,,,,False,
78317867,,,,,,False,
78318252,,,,,,False,
78318830,,,,,,False,
78323220,,,,,,False,
78324177,,,,,,False,
78324560,,,,,,False,
78325114,,,,,,False,
78325828,,,,,,False,
78326606,,,,,,False,
78327230,,,,,,False,
78331885,,,,,,False,
78333098,,,,,,False,
78333703,,,,,,False,
78334196,,,,,,False,
78335039,,,,,,False,
78335754,,,,,,False,
78336456,,,,,,False,
78336684,,,,,,False,
78337223,,,,,,False,
78338498,,,,,,False,
78341462,,,,,,False,
78346124,,,,,,False,
78347077,,,,,,False,
78354498,,,,,,False,
78355648,,,,,,False,
78356501,,,,,,False,
78357400,,,,,,False,
78359969,,,,,,False,
78362712,,,,,,False,
78396054,,,,,,False,
78397958,,,,,,False,
78399176,,,,,,False,
78400252,,,,,,False,
78423159,,,,,,False,
78428437,,,,,,False,
79589397,,,,,,False,
79591109,,,,,,False,
79592610,,,,,,False,
79593248,,,,,,False,
79593966,,,,,,False,
79594596,,,,,,False,
79595217,,,,,,False,
79596978,,,,,,False,
79598106,,,,,,False,
79599273,,,,,,False,
79600076,,,,,,False,
79600929,,,,,,False,
79601796,,,,,,False,
79602679,,,,,,False,
79603440,,,,,,False,
79655074,,,,,,False,
79655403,,,,,,False,
79655884,,,,,,False,
79656248,,,,,,False,
79656606,,,,,,False,
79656977,,,,,,False,
79657311,,,,,,False,
79657879,,,,,,False,
80057932,,,,,,False,
80058683,,,,,,False,
80061758,,,,,,False,
80062121,,,,,,False,
80063013,,,,,,False,
80063602,,,,,,False,
80064748,,,,,,False,
80065174,,,,,,False,
80065899,,,,,,False,
80067305,,,,,,False,
80067772,,,,,,False,
80068653,,,,,,False,
80069104,,,,,,False,
80069469,,,,,,False,
80069939,,,,,,False,
80070351,,,,,,False,
80070805,,,,,,False,
80161404,,,,,,False,
80161935,,,,,,False,
80162506,,,,,,False,
80163528,,,,,,False,
80163974,,,,,,False,
80164448,,,,,,False,
80164965,,,,,,False,
80165679,,,,,,False,
80166219,,,,,,False,
80166547,,,,,,False,
80167377,,,,,,False,
81149921,,,,,,False,
81150396,,,,,,False,
81150726,,,,,,False,
81151551,,,,,,False,
81155259,,,,,,False,
81155849,,,,,,False,
81156342,,,,,,False,
81157260,,,,,,False,
81158407,,,,,,False,
81159362,,,,,,False,
83170944,,,,,,False,
83171075,,,,,,False,
83172472,,,,,,False,
83173021,,,,,,False,
83174584,,,,,,False,
83177196,,,,,,False,
83177369,,,,,,False,
83177571,,,,,,False,
83177791,,,,,,False,
83178015,,,,,,False,
83178186,,,,,,False,
83178524,,,,,,False,
83178829,,,,,,False,
83179038,,,,,,False,
83179251,,,,,,False,
83179444,,,,,,False,
83179630,,,,,,False,
83179917,,,,,,False,
83180061,,,,,,False,
83180226,,,,,,False,
83180506,,,,,,False,
83180700,,,,,,False,
83180852,,,,,,False,
83180968,,,,,,False,
83181122,,,,,,False,
83181280,,,,,,False,
83181452,,,,,,False,
83181689,,,,,,False,
83181888,,,,,,False,
83182035,,,,,,False,
83183200,,,,,,False,
83183315,,,,,,False,
83183479,,,,,,False,
83183650,,,,,,False,
83184061,,,,,,False,
83171905,,,,,,False,
83172150,,,,,,False,
83170492,,,,,,False,
83170712,,,,,,False,
83171648,,,,,,False,
83173257,,,,,,False,
83173573,,,,,,False,
83174810,,,,,,False,
83175066,,,,,,False,
83175291,,,,,,False,
97885824,,,,,,False,
97885884,,,,,,False,
102278238,,,,,,False,
102279264,,,,,,False,
102280232,,,,,,False,
102280952,,,,,,False,
102281740,,,,,,False,
102282873,,,,,,False,
102283604,,,,,,False,
102286486,,,,,,False,
102287735,,,,,,False,
102288403,,,,,,False,
102291049,,,,,,False,
102293186,,,,,,False,
102294110,,,,,,False,
102294808,,,,,,False,
102295509,,,,,,False,
102296265,,,,,,False,
102296892,,,,,,False,
102297526,,,,,,False,
102298414,,,,,,False,
102300893,,,,,,False,
102301497,,,,,,False,
102302453,,,,,,False,
102303001,,,,,,False,
103013991,,,,,,False,
103014562,,,,,,False,
103016644,,,,,,False,
103017592,,,,,,False,
103017864,,,,,,False,
103017976,,,,,,False,
103018172,,,,,,False,
103018519,,,,,,False,
103018672,,,,,,False,
103018817,,,,,,False,
103019174,,,,,,False,
103019797,,,,,,False,
103019924,,,,,,False,
103020122,,,,,,False,
103020218,,,,,,False,
103020311,,,,,,False,
103272296,,,,,,False,
103274224,,,,,,False,
103275304,,,,,,False,
103276211,,,,,,False,
103278376,,,,,,False,
103282709,,,,,,False,
103283353,,,,,,False,
103284342,,,,,,False,
103285028,,,,,,False,
103286017,,,,,,False,
103287007,,,,,,False,
103288557,,,,,,False,
103289715,,,,,,False,
103292202,,,,,,False,
103293391,,,,,,False,
103397092,,,,,,False,
103635510,,,,,,False,
104262212,,,,,,False,
104263544,,,,,,False,
104424517,,,,,,False,
104425034,,,,,,False,
104425502,,,,,,False,
104425880,,,,,,False,
104426166,,,,,,False,
104426716,,,,,,False,
104429310,,,,,,False,
104429546,,,,,,False,
104429908,,,,,,False,
104430108,,,,,,False,
104430324,,,,,,False,
104430531,,,,,,False,
104430789,,,,,,False,
104431078,,,,,,False,
104431339,,,,,,False,
104431351,,,,,,False,
104431791,,,,,,False,
104432256,,,,,,False,
104432287,,,,,,False,
104432720,,,,,,False,
104433022,,,,,,False,
104433471,,,,,,False,
104446334,,,,,,False,
104446981,,,,,,False,
104447447,,,,,,False,
104447873,,,,,,False,
104491197,,,,,,False,
104491498,,,,,,False,
104264635,,,,,,False,
103395804,,,,,,False,
103399694,,,,,,False,
103590271,,,,,,False,
103590854,,,,,,False,
103591270,,,,,,False,
103591815,,,,,,False,
103592539,,,,,,False,
103593221,,,,,,False,
103593835,,,,,,False,
103594510,,,,,,False,
103595175,,,,,,False,
103595768,,,,,,False,
103596374,,,,,,False,
103597071,,,,,,False,
103598945,,,,,,False,
103599476,,,,,,False,
103603821,,,,,,False,
104262907,,,,,,False,
115241738,,,,,,False,
119752085,,,,,,False,
119794961,,,,,,False,
119800195,,,,,,False,
119801022,,,,,,False,
119801579,,,,,,False,
119802029,,,,,,False,
119802475,,,,,,False,
119802855,,,,,,False,
119803202,,,,,,False,
119803999,,,,,,False,
119805664,,,,,,False,
119806008,,,,,,False,
119806716,,,,,,False,
119829405,,,,,,False,
119829558,,,,,,False,
119829699,,,,,,False,
119830382,,,,,,False,
119830718,,,,,,False,
119831398,,,,,,False,
119832586,,,,,,False,
119834103,,,,,,False,
119834250,,,,,,False,
119834440,,,,,,False,
119834756,,,,,,False,
119834866,,,,,,False,
119835073,,,,,,False,
119835201,,,,,,False,
119835866,,,,,,False,
119836972,,,,,,False,
119837252,,,,,,False,
119837441,,,,,,False,
119837800,,,,,,False,
119837972,,,,,,False,
119838626,,,,,,False,
119838758,,,,,,False,
119839711,,,,,,False,
119839796,,,,,,False,
119956108,,,,,,False,
119956258,,,,,,False,
119956405,,,,,,False,
119956574,,,,,,False,
119956732,,,,,,False,
119956937,,,,,,False,
119957199,,,,,,False,
119957352,,,,,,False,
119957637,,,,,,False,
119957822,,,,,,False,
119958011,,,,,,False,
119958139,,,,,,False,
119958288,,,,,,False,
119958421,,,,,,False,
119958578,,,,,,False,
119959198,,,,,,False,
120124502,,,,,,False,
120125467,,,,,,False,
120125802,,,,,,False,
120126116,,,,,,False,
120126430,,,,,,False,
120126768,,,,,,False,
120127195,,,,,,False,
120127606,,,,,,False,
120127962,,,,,,False,
120128628,,,,,,False,
120129092,,,,,,False,
120130904,,,,,,False,
120131312,,,,,,False,
120131970,,,,,,False,
120132360,,,,,,False,
120132796,,,,,,False,
120133131,,,,,,False,
120133992,,,,,,False,
120134359,,,,,,False,
120134642,,,,,,False,
120134933,,,,,,False,
120135206,,,,,,False,
120135726,,,,,,False,
120136291,,,,,,False,
120137241,,,,,,False,
120137910,,,,,,False,
120138596,,,,,,False,
120138910,,,,,,False,
120139356,,,,,,False,
120139835,,,,,,False,
120140236,,,,,,False,
120140509,,,,,,False,
120140936,,,,,,False,
120141173,,,,,,False,
120141918,,,,,,False,
120142202,,,,,,False,
120142605,,,,,,False,
120142971,,,,,,False,
120143286,,,,,,False,
120143754,,,,,,False,
120144163,,,,,,False,
120144471,,,,,,False,
120144804,,,,,,False,
120145099,,,,,,False,
120145453,,,,,,False,
120146187,,,,,,False,
120666767,,,,,,False,
120667125,,,,,,False,
120667452,,,,,,False,
120667655,,,,,,,
120667902,,,,,,False,
120668252,,,,,,False,
120669879,,,,,,False,
120670138,,,,,,False,
120670976,,,,,,False,
120683412,,,,,,False,
120683508,,,,,,False,
120683710,,,,,,False,
120683938,,,,,,False,
125266228,,,,,,False,
125339970,,,,,,False,
125340182,,,,,,False,
125959597,,,,,,False,
125959644,,,,,,False,
125959658,,,,,,False,
125959677,,,,,,False,
125959749,,,,,,False,
125960240,,,,,,False,
125960265,,,,,,False,
125960270,,,,,,False,
125960302,,,,,,False,
125960314,,,,,,False,
125960329,,,,,,False,
125960343,,,,,,False,
125960359,,,,,,False,
125960391,,,,,,False,
125960398,,,,,,False,
125961151,,,,,,False,
125961164,,,,,,False,
125961174,,,,,,False,
125961177,,,,,,False,
125961216,,,,,,False,
125966090,,,,,,False,
125966147,,,,,,False,
125966166,,,,,,False,
125966190,,,,,,False,
125966202,,,,,,False,
125966218,,,,,,False,
125966233,,,,,,False,
125966256,,,,,,False,
125966336,,,,,,False,
125966349,,,,,,False,
125966377,,,,,,False,
125966392,,,,,,False,
125966406,,,,,,False,
125966420,,,,,,False,
125966727,,,,,,False,
125966735,,,,,,False,
125966778,,,,,,False,
125966782,,,,,,False,
125966787,,,,,,False,
125966792,,,,,,False,
125966801,,,,,,False,
125966804,,,,,,False,
125966811,,,,,,False,
125966816,,,,,,False,
125966819,,,,,,False,
125966822,,,,,,False,
125966824,,,,,,False,
125966831,,,,,,False,
125966834,,,,,,False,
125966839,,,,,,False,
125966864,,,,,,False,
125966867,,,,,,False,
125966874,,,,,,False,
125967105,,,,,,False,
125967108,,,,,,False,
125967114,,,,,,False,
125967119,,,,,,False,
125967126,,,,,,False,
125967130,,,,,,False,
125967134,,,,,,False,
125967139,,,,,,False,
125967149,,,,,,False,
125967152,,,,,,False,
125967155,,,,,,False,
125967158,,,,,,False,
125967164,,,,,,False,
125967167,,,,,,False,
125967175,,,,,,False,
125967180,,,,,,False,
125959525,,,,,,False,
125959551,,,,,,False,
125959569,,,,,,False,
125959616,,,,,,False,
125961168,,,,,,False,
125961183,,,,,,False,
125961193,,,,,,False,
125961209,,,,,,False,
125961224,,,,,,False,
44717176,,,,,,,
44721009,,,,,,,
44721025,,,,,,,
44721050,,,,,,,
65286766,,,,,,False,
44716708,,,,,,,
38553746,,,,,,,
38553887,,,,,,,
38553954,,,,,,,
38554241,,,,,,,
38554282,,,,,,,
38554319,,,,,,,
38554360,,,,,,,
38554424,,,,,,,
38554458,,,,,,,
38554518,,,,,,,
38554554,,,,,,,
38554579,,,,,,,
38554754,,,,,,,
44714596,,,,,,,
44714603,,,,,,,
44714612,,,,,,,
44716654,,,,,,,
44716682,,,,,,,
44716724,,,,,,,
44716747,,,,,,,
44716767,,,,,,,
44717060,,,,,,,
44717082,,,,,,,
44717099,,,,,,,
44717122,,,,,,,
44717137,,,,,,,
44717151,,,,,,,
44717163,,,,,,,
44720899,,,,,,,
44720919,,,,,,,
44720945,,,,,,,
44720961,,,,,,,
44720974,,,,,,,
44720985,,,,,,,
44721063,,,,,,,
44721089,,,,,,,
65286426,,,,,,False,
65286540,,,,,,False,
65286586,,,,,,False,
38552980,,,,,,,
38553559,,,,,,,
38553806,,,,,,,
38553824,,,,,,,
38553917,,,,,,,
38554009,,,,,,,
44043553,,,,,,,
54925960,,,,,,,
54926014,,,,,,,
54926077,,,,,,,
54926136,,,,,,,
54926161,,,,,,,
54926188,,,,,,,
54926224,,,,,,,
54926248,,,,,,,
54926315,,,,,,,
54926346,,,,,,,
54926383,,,,,,,
54926426,,,,,,,
59982749,,,,,,,
59982970,,,,,,,
65698277,,,,,,False,
65707079,,,,,,False,
65707098,,,,,,False,
65696910,,,,,,False,
65697004,,,,,,False,
65697031,,,,,,False,
65697062,,,,,,False,
65697095,,,,,,False,
65697137,,,,,,False,
65697900,,,,,,False,
65698169,,,,,,False,
65698185,,,,,,False,
65698207,,,,,,False,
65698226,,,,,,False,
65698242,,,,,,False,
65698258,,,,,,False,
65698292,,,,,,False,
65708798,,,,,,False,
75347616,,,,,,False,
77864623,,,,,,False,
77865172,,,,,,False,
77865884,,,,,,False,
77867877,,,,,,False,
77869063,,,,,,False,
77903457,,,,,,False,
77903982,,,,,,False,
77904286,,,,,,False,
77904569,,,,,,False,
77908740,,,,,,False,
77909327,,,,,,False,
77910008,,,,,,False,
77910736,,,,,,False,
77911574,,,,,,False,
77912250,,,,,,False,
77912877,,,,,,False,
77913726,,,,,,False,
77914498,,,,,,False,
77915748,,,,,,False,
77916510,,,,,,False,
77918095,,,,,,False,
77918920,,,,,,False,
77920806,,,,,,False,
77921466,,,,,,False,
77922187,,,,,,False,
77924142,,,,,,False,
77941318,,,,,,False,
77943263,,,,,,False,
77946305,,,,,,False,
77948799,,,,,,False,
77950232,,,,,,False,
77953397,,,,,,False,
77955405,,,,,,False,
77956772,,,,,,False,
77957745,,,,,,False,
77959447,,,,,,False,
77961235,,,,,,False,
77961855,,,,,,False,
77963780,,,,,,False,
77964782,,,,,,False,
77965915,,,,,,False,
77967570,,,,,,False,
77968443,,,,,,False,
77969582,,,,,,False,
77970764,,,,,,False,
77971968,,,,,,False,
77973182,,,,,,False,
77974316,,,,,,False,
77977259,,,,,,False,
77981758,,,,,,False,
77984911,,,,,,False,
77992338,,,,,,False,
77995827,,,,,,False,
77997226,,,,,,False,
77999017,,,,,,False,
78000708,,,,,,False,
78002325,,,,,,False,
78003805,,,,,,False,
78005455,,,,,,False,
78006902,,,,,,False,
78008706,,,,,,False,
78009461,,,,,,False,
78011919,,,,,,False,
78013161,,,,,,False,
78014571,,,,,,False,
78015593,,,,,,False,
78059952,,,,,,False,
78061631,,,,,,False,
78062965,,,,,,False,
78064794,,,,,,False,
78066339,,,,,,False,
78068242,,,,,,False,
78070187,,,,,,False,
78071382,,,,,,False,
78072582,,,,,,False,
78073447,,,,,,False,
78079918,,,,,,False,
78083465,,,,,,False,
78085073,,,,,,False,
78087469,,,,,,False,
78133783,,,,,,False,
78134923,,,,,,False,
78140944,,,,,,False,
78142922,,,,,,False,
78143910,,,,,,False,
78144619,,,,,,False,
78146269,,,,,,False,
78147613,,,,,,False,
78157932,,,,,,False,
78158981,,,,,,False,
78159635,,,,,,False,
78160617,,,,,,False,
78161139,,,,,,False,
78161608,,,,,,False,
78162143,,,,,,False,
78162763,,,,,,False,
78163495,,,,,,False,
78163922,,,,,,False,
78164614,,,,,,False,
78166224,,,,,,False,
78167242,,,,,,False,
78168016,,,,,,False,
78169122,,,,,,False,
78169615,,,,,,False,
78170152,,,,,,False,
78172342,,,,,,False,
78172868,,,,,,False,
78173275,,,,,,False,
78173675,,,,,,False,
78174150,,,,,,False,
78175677,,,,,,False,
78177754,,,,,,False,
78178240,,,,,,False,
78180383,,,,,,False,
78181131,,,,,,False,
78181578,,,,,,False,
78181948,,,,,,False,
78182187,,,,,,False,
78182571,,,,,,False,
78182884,,,,,,False,
78183619,,,,,,False,
78183902,,,,,,False,
78220668,,,,,,False,
78223128,,,,,,False,
79071357,,,,,,False,
79074895,,,,,,False,
79078314,,,,,,False,
79110019,,,,,,False,
79110402,,,,,,False,
79139657,,,,,,False,
79140915,,,,,,False,
79141659,,,,,,False,
79142822,,,,,,False,
79143411,,,,,,False,
79145604,,,,,,False,
79146476,,,,,,False,
79146737,,,,,,False,
79148661,,,,,,False,
79149242,,,,,,False,
79149701,,,,,,False,
79150405,,,,,,False,
79150740,,,,,,False,
79151175,,,,,,False,
79151384,,,,,,False,
79152020,,,,,,False,
79152413,,,,,,False,
79152759,,,,,,False,
79153034,,,,,,False,
79153244,,,,,,False,
79153660,,,,,,False,
79154076,,,,,,False,
79154331,,,,,,False,
79154548,,,,,,False,
79154718,,,,,,False,
79154917,,,,,,False,
79155173,,,,,,False,
79945856,,,,,,False,
79948929,,,,,,False,
79950201,,,,,,False,
79999559,,,,,,False,
80000727,,,,,,False,
80001997,,,,,,False,
80003330,,,,,,False,
80003851,,,,,,False,
80004358,,,,,,False,
81171079,,,,,,False,
81176144,,,,,,False,
81177523,,,,,,False,
81179410,,,,,,False,
81197318,,,,,,False,
81197653,,,,,,False,
81201345,,,,,,False,
81202201,,,,,,False,
81206103,,,,,,False,
81206363,,,,,,False,
81206895,,,,,,False,
81207248,,,,,,False,
81207622,,,,,,False,
81207957,,,,,,False,
81208297,,,,,,False,
81208555,,,,,,False,
81208842,,,,,,False,
81209169,,,,,,False,
81210249,,,,,,False,
81210615,,,,,,False,
81211047,,,,,,False,
81211357,,,,,,False,
81280135,,,,,,False,
81280889,,,,,,False,
75759321,,,,,,False,
75759533,,,,,,False,
75759830,,,,,,False,
75760279,,,,,,False,
75760379,,,,,,False,
75761153,,,,,,False,
79089576,,,,,,False,
79094376,,,,,,False,
79103097,,,,,,False,
79107798,,,,,,False,
79110929,,,,,,False,
79112249,,,,,,False,
79114303,,,,,,False,
80701364,,,,,,False,
80701608,,,,,,False,
81192814,,,,,,False,
81193103,,,,,,False,
81275031,,,,,,False,
81277994,,,,,,False,
81278841,,,,,,False,
81279055,,,,,,False,
81279790,,,,,,False,
93912595,,,,,,False,
98980469,,,,,,False,
98982052,,,,,,False,
98983383,,,,,,False,
98984755,,,,,,False,
98985930,,,,,,False,
98987028,,,,,,False,
98988847,,,,,,False,
98994595,,,,,,False,
99004656,,,,,,False,
99008689,,,,,,False,
99010026,,,,,,False,
99010616,,,,,,False,
99011585,,,,,,False,
99012083,,,,,,False,
99012504,,,,,,False,
99012761,,,,,,False,
99020322,,,,,,False,
99049802,,,,,,False,
99050214,,,,,,False,
99051027,,,,,,False,
99067893,,,,,,False,
99068229,,,,,,False,
99068751,,,,,,False,
99070425,,,,,,False,
99181139,,,,,,False,
99181354,,,,,,False,
99181611,,,,,,False,
99181942,,,,,,False,
99182153,,,,,,False,
99182507,,,,,,False,
99182641,,,,,,False,
99183190,,,,,,False,
99183473,,,,,,False,
99184594,,,,,,False,
99184796,,,,,,False,
99185394,,,,,,False,
99185746,,,,,,False,
99185999,,,,,,False,
99186210,,,,,,False,
99186361,,,,,,False,
99186565,,,,,,False,
99186857,,,,,,False,
99187842,,,,,,False,
99188023,,,,,,False,
99188501,,,,,,False,
99188850,,,,,,False,
99189079,,,,,,False,
99189242,,,,,,False,
99190010,,,,,,False,
99190639,,,,,,False,
99232946,,,,,,False,
99233151,,,,,,False,
99233529,,,,,,False,
99233952,,,,,,False,
99234194,,,,,,False,
99234459,,,,,,False,
99234872,,,,,,False,
99235035,,,,,,False,
99235678,,,,,,False,
99254715,,,,,,False,
99255130,,,,,,False,
99374692,,,,,,False,
99377324,,,,,,False,
99378608,,,,,,False,
99379505,,,,,,False,
99379880,,,,,,False,
99380444,,,,,,False,
99380807,,,,,,False,
99381150,,,,,,False,
99381534,,,,,,False,
99383595,,,,,,False,
99384985,,,,,,False,
99385004,,,,,,False,
99404420,,,,,,False,
99436441,,,,,,False,
99436836,,,,,,False,
99437119,,,,,,False,
99437408,,,,,,False,
99437580,,,,,,False,
99437992,,,,,,False,
99502819,,,,,,False,
99503430,,,,,,False,
99503826,,,,,,False,
99504173,,,,,,False,
99535216,,,,,,False,
99535637,,,,,,False,
99536053,,,,,,False,
99536493,,,,,,False,
99551142,,,,,,False,
99551414,,,,,,False,
99552272,,,,,,False,
99552709,,,,,,False,
99553038,,,,,,False,
99553253,,,,,,False,
99553467,,,,,,False,
99554520,,,,,,False,
99554965,,,,,,False,
99555337,,,,,,False,
99555595,,,,,,False,
99556081,,,,,,False,
99556605,,,,,,False,
99556948,,,,,,False,
99557348,,,,,,False,
99557649,,,,,,False,
99557874,,,,,,False,
99563179,,,,,,False,
99563297,,,,,,False,
99563434,,,,,,False,
99563660,,,,,,False,
99563861,,,,,,False,
99563983,,,,,,False,
99564198,,,,,,False,
99564416,,,,,,False,
99564677,,,,,,False,
99565761,,,,,,False,
99565922,,,,,,False,
99566051,,,,,,False,
99566203,,,,,,False,
99566385,,,,,,False,
99566717,,,,,,False,
99566819,,,,,,False,
99566874,,,,,,False,
99567165,,,,,,False,
99567718,,,,,,False,
99567781,,,,,,False,
99567852,,,,,,False,
99567922,,,,,,False,
99567982,,,,,,False,
99568084,,,,,,False,
99568191,,,,,,False,
99568255,,,,,,False,
99568349,,,,,,False,
99568475,,,,,,False,
99568569,,,,,,False,
99599855,,,,,,False,
99600094,,,,,,False,
99600449,,,,,,False,
99600731,,,,,,False,
99601207,,,,,,False,
99601444,,,,,,False,
99602052,,,,,,False,
99602332,,,,,,False,
99602679,,,,,,False,
99603768,,,,,,False,
99604086,,,,,,False,
99604496,,,,,,False,
99605173,,,,,,False,
99605532,,,,,,False,
99606152,,,,,,False,
99607423,,,,,,False,
99623793,,,,,,False,
99624286,,,,,,False,
99624824,,,,,,False,
99628117,,,,,,False,
99628738,,,,,,False,
99629255,,,,,,False,
101677505,,,,,,False,
101700799,,,,,,False,
101701760,,,,,,False,
101702702,,,,,,False,
101703754,,,,,,False,
101705145,,,,,,False,
101706085,,,,,,False,
101707288,,,,,,False,
101708055,,,,,,False,
101708942,,,,,,False,
101709825,,,,,,False,
101710724,,,,,,False,
101711789,,,,,,False,
101713231,,,,,,False,
101714877,,,,,,False,
101716304,,,,,,False,
101779311,,,,,,False,
101818781,,,,,,False,
101824030,,,,,,False,
101825953,,,,,,False,
101826859,,,,,,False,
101827970,,,,,,False,
101828729,,,,,,False,
101829349,,,,,,False,
101829663,,,,,,False,
101830490,,,,,,False,
101830973,,,,,,False,
101831545,,,,,,False,
101832099,,,,,,False,
101832801,,,,,,False,
101667469,,,,,,False,
101668571,,,,,,False,
101670645,,,,,,False,
101672014,,,,,,False,
101673353,,,,,,False,
101674919,,,,,,False,
101676201,,,,,,False,
101679271,,,,,,False,
101682447,,,,,,False,
101683463,,,,,,False,
101687405,,,,,,False,
101692435,,,,,,False,
101698485,,,,,,False,
101699547,,,,,,False,
101718593,,,,,,False,
101758172,,,,,,False,
101760378,,,,,,False,
101767979,,,,,,False,
101770042,,,,,,False,
101771672,,,,,,False,
101778291,,,,,,False,
101781141,,,,,,False,
101787279,,,,,,False,
101793444,,,,,,False,
101794599,,,,,,False,
117140028,,,,,,False,
117144842,,,,,,False,
117145764,,,,,,False,
117146557,,,,,,False,
117147104,,,,,,False,
117147625,,,,,,False,
117148210,,,,,,False,
117173379,,,,,,False,
117746359,,,,,,,
117747151,,,,,,,
117929730,,,,,,,
117943800,,,,,,,
118277376,,,,,,False,
121711622,,,,,,False,
121794473,,,,,,False,
121829724,,,,,,False,
121831448,,,,,,False,
121832409,,,,,,False,
121835370,,,,,,False,
121835842,,,,,,False,
121836217,,,,,,False,
121836734,,,,,,False,
121837298,,,,,,False,
121837654,,,,,,False,
121843533,,,,,,,
121843813,,,,,,False,
121844167,,,,,,,
121844382,,,,,,False,
121844853,,,,,,False,
121845339,,,,,,False,
121845884,,,,,,False,
121846574,,,,,,False,
121847071,,,,,,False,
121847606,,,,,,False,
121847816,,,,,,False,
121848231,,,,,,False,
121848515,,,,,,False,
121848912,,,,,,False,
121849379,,,,,,False,
121849687,,,,,,False,
121850331,,,,,,False,
121850883,,,,,,False,
121851348,,,,,,False,
121876528,,,,,,False,
121876850,,,,,,False,
121950179,,,,,,False,
121950897,,,,,,False,
121951029,,,,,,False,
121951043,,,,,,False,
121951169,,,,,,False,
121951263,,,,,,False,
121951367,,,,,,False,
121951526,,,,,,False,
121951619,,,,,,False,
121951695,,,,,,False,
121951791,,,,,,False,
121951887,,,,,,False,
121952052,,,,,,False,
121952175,,,,,,False,
121952300,,,,,,False,
121952427,,,,,,False,
121952545,,,,,,False,
121952977,,,,,,False,
121953079,,,,,,False,
121953148,,,,,,False,
121953275,,,,,,False,
121953342,,,,,,False,
121953434,,,,,,False,
121953692,,,,,,False,
121953824,,,,,,False,
121953930,,,,,,False,
121954143,,,,,,False,
121954263,,,,,,False,
121954398,,,,,,False,
121954482,,,,,,False,
121954582,,,,,,False,
121954644,,,,,,False,
121954728,,,,,,False,
121954827,,,,,,False,
121954918,,,,,,False,
121955042,,,,,,False,
121955551,,,,,,False,
121955700,,,,,,False,
121955938,,,,,,False,
121956309,,,,,,False,
121956837,,,,,,False,
121956922,,,,,,False,
121957020,,,,,,False,
121957124,,,,,,False,
121957235,,,,,,False,
121957334,,,,,,False,
121957421,,,,,,False,
121957534,,,,,,False,
128267291,,,,,,False,
121785218,,,,,,False,
121958555,,,,,,False,
121772840,,,,,,False,
121773936,,,,,,,
121786130,,,,,,False,
121875885,,,,,,False,
121876065,,,,,,False,
121876214,,,,,,False,
121949512,,,,,,False,
121949707,,,,,,False,
121949847,,,,,,False,
121950008,,,,,,False,
121950281,,,,,,False,
121950482,,,,,,False,
121950601,,,,,,False,
121950768,,,,,,False,
121950891,,,,,,False,
121951175,,,,,,False,
121951342,,,,,,False,
128267271,,,,,,False,
121784800,,,,,,False,
