activity_code,community_service_raw,community_service_code,community_service_duration,community_beneficiaries_expected
44434680,,,,
44434714,,,,
50378089,,,,
50385378,,,,
50386322,,,,
50509169,,,,
50518845,,,,
50518944,,,,
50384996,,,,
44434227,,,,
44434249,,,,
44434288,,,,
44434332,,,,
44434352,,,,
44434533,,,,
44434659,,,,
44434698,,,,
44434871,,,,
44434893,,,,
50378563,,,,
50378946,,,,
50379473,,,,
50379756,,,,
50380045,,,,
50380394,,,,
50380631,,,,
50380926,,,,
50385180,,,,
50385618,,,,
50386093,,,,
50386577,,,,
50386819,,,,
44434317,,,,
44434761,,,,
44434774,,,,
44434793,,,,
44434810,,,,
44434838,,,,
48702295,,,,
48702608,,,,
48945030,,,,
48945227,,,,
48945351,,,,
48945423,,,,
48945521,,,,
48945604,,,,
48945928,,,,
48946946,,,,
48947039,,,,
48947102,,,,
48947241,,,,
48947511,,,,
65640900,,,,
65647782,,,,
65647815,,,,
65647846,,,,
65647886,,,,
65647910,,,,
61656325,,,,
61688546,,,,
65640607,,,,
65640647,,,,
65640676,,,,
65640722,,,,
65640793,,,,
65640848,,,,
65647203,,,,
65647221,,,,
65647242,,,,
65647344,,,,
65647385,,,,
65647681,,,,
65647752,,,,
61654298,,,,
61654557,,,,
61654669,,,,
61654792,,,,
61655118,,,,
61655334,,,,
61655498,,,,
61655596,,,,
61655695,,,,
61655898,,,,
61655986,,,,
61656092,,,,
61656211,,,,
61688040,,,,
61688279,,,,
61688421,,,,
76539130,,,,
76542190,,,,
76548470,,,,
76550258,,,,
76551891,,,,
76554062,,,,
76555011,,,,
76557886,,,,
76561252,,,,
76562522,,,,
76565463,,,,
76567063,,,,
76571285,,,,
76574548,,,,
76576762,,,,
76577989,,,,
76580508,,,,
76584143,,,,
76586385,,,,
76588405,,,,
76589351,,,,
77018625,,,,
77021336,,,,
77022717,,,,
77222350,,,,
77222608,,,,
77222875,,,,
77223125,,,,
77223383,,,,
77223574,,,,
77223791,,,,
77224006,,,,
77224210,,,,
77224356,,,,
77224535,,,,
77224699,,,,
77224867,,,,
77225186,,,,
77225410,,,,
77225635,,,,
77225857,,,,
77226115,,,,
77226501,,,,
77226704,,,,
77226937,,,,
77227161,,,,
77227462,,,,
77227817,,,,
77228026,,,,
77285748,,,,
77286839,,,,
77287395,,,,
77288249,,,,
77290116,,,,
77291194,,,,
77294180,,,,
77296197,,,,
77297658,,,,
77298704,,,,
77300044,,,,
77572957,,,,
77573393,,,,
77574093,,,,
77574393,,,,
77575302,,,,
77575533,,,,
77575718,,,,
77575994,,,,
77576148,,,,
77576384,,,,
77576594,,,,
77576765,,,,
77576947,,,,
77577772,,,,
77578031,,,,
77578862,,,,
77581288,,,,
78483302,,,,
78483678,,,,
78484531,,,,
78484900,,,,
78485217,,,,
78486028,,,,
78486703,,,,
78487136,,,,
78487683,,,,
78488329,,,,
78488734,,,,
78489048,,,,
78489349,,,,
78489962,,,,
78490332,,,,
78490914,,,,
78491379,,,,
78491636,,,,
78491930,,,,
78492222,,,,
79107803,,,,
79108625,,,,
79109324,,,,
79109779,,,,
79110162,,,,
79111411,,,,
79112158,,,,
79112732,,,,
79113767,,,,
79115307,,,,
79115979,,,,
79116494,,,,
79116825,,,,
79117239,,,,
79117799,,657.0,7.0,300.0
79118322,,,,
79119341,,,,
79120344,,,,
79120770,,,,
79122176,,,,
79122770,,,,
79123435,,,,
79123919,,,,
79132821,,,,
79133246,,,,
79134272,,,,
79135404,,,,
79136040,,,,
79136675,,,,
79137185,,,,
79137833,,,,
79138279,,,,
79139486,,,,
79140259,,,,
79141676,,,,
79142084,,,,
79142524,,,,
79142876,,,,
79144076,,,,
79144423,,,,
79144908,,,,
79145679,,,,
79145930,,,,
79146194,,657.0,2.0,1000.0
79146537,,,,
79146926,,,,
81807728,,,,
81810184,,657.0,7.0,1000.0
81810563,,657.0,7.0,20000.0
81812326,,,,
81928022,,,,
81958083,,,,
82693845,,,,
82721199,,,,
82726253,,,,
82730562,,,,
82734648,,,,
82735058,,,,
82736399,,,,
82736902,,,,
82737293,,,,
82737645,,,,
82743049,,,,
82743855,,,,
82746861,,657.0,2.0,200.0
82747104,,,,
82747601,,,,
82748084,,657.0,200.0,2.0
82748924,,,,
82749303,,657.0,200.0,2.0
82756563,,,,
82759348,,,,
82761428,,,,
82762410,,,,
82762912,,657.0,500.0,5.0
82844937,,,,
82845314,,657.0,200.0,2.0
82845756,,,,
82846120,,,,
82846674,,,,
82847128,,,,
82847548,,,,
82848050,,,,
82848492,,,,
82849013,,,,
82849591,,,,
82850100,,,,
82854313,,,,
82855060,,,,
82856129,,,,
82856804,,,,
82858974,,657.0,200.0,1.0
82860681,,,,
82863014,,,,
82863341,,,,
82863764,,,,
82865214,,,,
99170258,,,,
127245884,,,,
128340982,,,,
81809079,,,,
81954553,,,,
81955225,,,,
81957492,,,,
82688276,,,,
82753880,,,,
82755183,,,,
82758183,,,,
127245789,,,,
128251100,,,,
128340688,,,,
81956350,,,,
82716369,,,,
82753455,,,,
128251061,,,,
98422720,,,,
98425797,,,,
98430111,,657.0,10.0,100.0
98709086,,,,
98709782,,,,
98711268,,,,
98712559,,,,
98713514,,658.0,10.0,1000.0
98714237,,,,
98821199,,,,
98862927,,,,
98867753,,,,
98868735,,,,
98877149,,,,
98907959,,,,
98908373,,,,
98908854,,,,
98928593,,,,
98928912,,,,
98960870,,,,
98961370,,,,
98961695,,,,
98962460,,,,
98999190,,,,
99000124,,,,
99000859,,,,
99003684,,,,
99047624,,,,
99048588,,,,
99091690,,,,
99091819,,,,
99092203,,,,
99092469,,,,
99092851,,,,
99093066,,,,
99093182,,,,
99093383,,,,
99093559,,,,
99093727,,,,
99094346,,,,
99100599,,,,
99101094,,,,
99101505,,,,
99101653,,,,
99101797,,,,
99102108,,,,
99102280,,,,
99102767,,,,
99103410,,,,
99103562,,,,
99103744,,,,
99104582,,,,
99114129,,,,
99114350,,,,
99114616,,,,
99114858,,,,
99115123,,,,
99117034,,,,
99117043,,,,
99117399,,,,
99117448,,,,
99117836,,,,
99118546,,,,
99118774,,,,
99119062,,,,
99119264,,,,
99119487,,,,
99123094,,,,
99123602,,,,
99123643,,,,
99124178,,,,
99124607,,,,
99126974,,,,
99127279,,,,
99127497,,,,
99129574,,,,
99129919,,,,
99130444,,,,
99130651,,,,
99130848,,,,
99130880,,,,
99131172,,,,
99131233,,,,
99131586,,,,
99132114,,,,
99132163,,,,
99132389,,,,
99132745,,,,
99133081,,,,
99134131,,,,
99134395,,,,
99134687,,,,
99134957,,,,
99136943,,,,
99137203,,,,
99137546,,,,
99137881,,,,
99138141,,,,
99138474,,,,
99138729,,,,
99139067,,,,
99139244,,,,
99140345,,,,
99140612,,,,
99140843,,,,
99141059,,,,
99141307,,,,
99141563,,,,
99141860,,,,
99142802,,,,
99143047,,,,
99143316,,,,
99143570,,,,
99143848,,,,
99147941,,,,
99148270,,,,
99148510,,,,
99148796,,,,
99149143,,,,
99149353,,,,
99149579,,,,
99149822,,,,
99150102,,,,
99150325,,,,
99151305,,,,
99151583,,,,
99151786,,,,
99153463,,,,
99153690,,,,
99153897,,,,
99154112,,,,
99154268,,,,
99154396,,,,
99154602,,,,
99154844,,,,
99155061,,,,
99155406,,,,
99155688,,,,
99155909,,,,
99156222,,,,
99157000,,,,
99157309,,,,
99157528,,,,
99157709,,,,
99157734,,,,
99158041,,,,
99158262,,,,
99158476,,,,
99158485,,,,
99158762,,,,
99159409,,,,
99161020,,,,
99165245,,,,
99166065,,,,
99166514,,,,
99166568,,,,
99166738,,,,
99167524,,,,
99168155,,,,
99168686,,,,
99169405,,,,
99170001,,,,
99170025,,,,
99170505,,,,
99171004,,,,
99171437,,,,
99172128,,,,
99172165,,,,
99173351,,,,
99173354,,,,
99174043,,,,
99174123,,,,
99174719,,,,
99175277,,,,
99175437,,,,
99175723,,,,
99175870,,,,
99296131,,,,
99296321,,,,
99296634,,,,
99297022,,,,
99297265,,,,
99297462,,,,
99297803,,,,
99298148,,,,
99298421,,,,
99298687,,,,
99299128,,,,
99299331,,,,
99299507,,,,
99299685,,,,
99300423,,,,
99300642,,,,
99300892,,,,
99301048,,,,
99301402,,,,
99301553,,,,
99301716,,,,
99301852,,,,
99302032,,,,
105401496,,,,
105407992,,,,
105408347,,,,
105423899,,,,
105424779,,,,
105426088,,,,
105426514,,,,
105426875,,,,
105430118,,,,
105430373,,,,
105430924,,,,
105431441,,,,
105431625,,,,
105432042,,,,
105432466,,657.0,2.0,100.0
105446740,,,,
128250807,,,,
128250915,,,,
128251376,,657.0,1.0,400.0
105399201,,,,
105399843,,,,
105404519,,,,
105407657,,,,
105410403,,,,
105418828,,,,
105419399,,,,
105419843,,,,
105433602,,,,
105439238,,,,
105440256,,,,
105444928,,,,
105446314,,,,
105408633,,,,
114767147,,,,
114806516,,,,
117510409,,,,
117511439,,,,
117511873,,,,
117512223,,,,
117512869,,,,
117513183,,,,
117513478,,,,
117513812,,,,
117517849,,,,
117518728,,,,
117520150,,,,
117520529,,,,
117521031,,,,
117521549,,,,
118083720,,,,
118084245,,,,
118084694,,,,
118085954,,,,
118086239,,,,
118086854,,,,
118089139,,,,
118090284,,,,
118091579,,,,
118091935,,,,
118092244,,,,
118092603,,,,
118093154,,,,
118093720,,,,
118107403,,,,
118107609,,657.0,30.0,3858.0
118107700,,657.0,30.0,3858.0
118107770,,657.0,30.0,3858.0
118107806,,657.0,30.0,3858.0
118107855,,,,
118107881,,,,
118107909,,657.0,30.0,3858.0
118107922,,,,
118107933,,,,
118107956,,657.0,30.0,3858.0
118107976,,,,
118107989,,657.0,30.0,3858.0
118108002,,657.0,30.0,3858.0
118108061,,,,
118108083,,,,
118108098,,,,
118108115,,,,
118108142,,,,
118108191,,,,
118108203,,,,
118108221,,,,
118108249,,,,
118108264,,,,
118108279,,,,
118108293,,,,
118108299,,657.0,30.0,900.0
118108307,,,,
118108316,,,,
118108331,,,,
118108355,,,,
118108364,,,,
118108383,,,,
118108401,,,,
118108422,,,,
118108439,,,,
118108455,,657.0,30.0,500.0
118110236,,,,
118110342,,,,
118111030,,,,
118111138,,,,
118111248,,,,
118111340,,,,
118111442,,,,
118111864,,,,
118111991,,,,
118112121,,,,
118112307,,,,
118112568,,657.0,30.0,400.0
118112881,,,,
118113354,,,,
118113580,,,,
118113701,,,,
118113870,,,,
118114115,,,,
118114528,,,,
118114652,,,,
118114786,,,,
118114897,,,,
118115029,,,,
118115240,,,,
118236444,,,,
118236621,,,,
118236842,,,,
118237451,,,,
118238361,,,,
118238622,,,,
118247028,,,,
118247192,,,,
118247260,,,,
119560604,,,,
119560858,,,,
119563452,,,,
119563680,,,,
119563920,,,,
119564296,,,,
119564546,,,,
119565093,,,,
119565261,,,,
119565421,,,,
119567133,,,,
119568049,,,,
119568219,,,,
119568383,,,,
119568554,,,,
119568786,,,,
119568946,,,,
119569165,,,,
119569399,,,,
119583960,,,,
119583984,,,,
119583997,,,,
119584006,,,,
119584044,,,,
119584070,,,,
119584088,,,,
119584098,,,,
119584117,,,,
119584133,,,,
119584154,,,,
119584162,,,,
119584168,,,,
119584181,,,,
119584188,,,,
120386265,,,,
120386319,,,,
120386748,,,,
120386777,,,,
120387060,,,,
120387109,,,,
120720939,,,,
120721071,,,,
120721179,,,,
120721595,,,,
120721909,,,,
120722017,,,,
120722835,,,,
120723046,,,,
120723667,,,,
120723785,,,,
120724102,,,,
120724227,,,,
120724421,,,,
121271632,,,,
121271646,,,,
121271655,,,,
121271672,,,,
121272792,,,,
121272834,,,,
121273214,,,,
121273258,,,,
121273310,,,,
121273434,,,,
121273502,,,,
121273533,,,,
121273572,,,,
121273603,,,,
121273640,,,,
121273673,,,,
121273703,,,,
121273739,,,,
121273796,,,,
121354878,,,,
121462383,,,,
121462688,,,,
121462884,,,,
121463059,,,,
121463253,,,,
121463452,,,,
121463644,,,,
121463811,,,,
121466578,,,,
121466765,,,,
121466987,,,,
121467166,,,,
121475974,,,,
121476138,,,,
121476349,,,,
121476531,,,,
121476699,,,,
121477030,,,,
121477219,,,,
121477395,,,,
121477581,,,,
121477744,,,,
121478042,,,,
121478233,,,,
121478502,,,,
121478706,,,,
121478881,,,,
121479069,,,,
121479310,,,,
122215550,,,,
122216579,,,,
122217944,,,,
122218511,,,,
122218795,,,,
122218966,,,,
122224954,,,,
122225397,,,,
122225876,,,,
122228522,,,,
122228761,,,,
122228876,,,,
122230024,,,,
122230126,,,,
122230446,,,,
122230575,,657.0,30.0,40.0
122241525,,,,
122241625,,,,
122242097,,,,
122242381,,,,
122242676,,,,
122242768,,,,
122242914,,657.0,30.0,300.0
122243030,,657.0,30.0,300.0
127245361,,,,
128056993,,,,
122214980,,,,
122215204,,,,
122215410,,,,
122216772,,,,
122216991,,,,
122217691,,,,
122224718,,,,
122229535,,,,
122229651,,,,
122229799,,657.0,30.0,400.0
122240109,,,,
127245330,,,,
128056968,,,,
122225160,,,,
122229161,,,,
44377691,,,,
44378384,,,,
46842718,,,,
46861757,,,,
46863243,,,,
48283445,,,,
44376521,,,,
44377200,,,,
44377555,,,,
44378252,,,,
46843604,,,,
46851012,,,,
46860396,,,,
46860964,,,,
46861339,,,,
48281117,,,,
48281283,,,,
48281425,,,,
44376713,,,,
44376908,,,,
44377348,,,,
44377837,,,,
44377958,,,,
44378080,,,,
44378515,,,,
44378637,,,,
44378727,,,,
44378905,,,,
48612920,,,,
55735899,,,,
55735975,,,,
55736083,,,,
55736204,,,,
55736283,,,,
55736361,,,,
55736700,,,,
55736812,,,,
55736870,,,,
55737761,,,,
48584673,,,,
48587836,,,,
48588115,,,,
48588415,,,,
48588888,,,,
48589178,,,,
48589482,,,,
55600860,,,,
55601248,,,,
48584377,,,,
48584943,,,,
48585211,,,,
48585464,,,,
48586944,,,,
48587198,,,,
48587405,,,,
48587616,,,,
65503145,,,,
65503237,,,,
65503444,,,,
65503546,,,,
65503646,,,,
65503808,,,,
65503898,,,,
65504538,,,,
61742558,,,,
61742451,,,,
61742455,,,,
61742460,,,,
61742469,,,,
61742479,,,,
61742490,,,,
61742509,,,,
61742520,,,,
61742552,,,,
61742562,,,,
61742577,,,,
61742586,,,,
65502394,,,,
65502685,,,,
65502816,,,,
65503385,,,,
65503722,,,,
61742441,,,,
61742503,,,,
61742531,,,,
61742539,,,,
61742543,,,,
61742592,,,,
74908673,,,,
74909779,,,,
74910897,,,,
74912858,,,,
74913878,,,,
74915636,,,,
74916405,,,,
74917288,,,,
74919976,,,,
74922244,,,,
74924150,,,,
74925669,,,,
74926596,,,,
75325509,,,,
75327699,,,,
75328294,,,,
75329745,,,,
75332917,,,,
75334248,,,,
75334997,,,,
75673570,,,,
76852959,,,,
76855353,,,,
76857403,,,,
76860268,,,,
76861992,,,,
76863887,,,,
76870655,,,,
76872356,,,,
76873714,,,,
76874653,,,,
76875619,,,,
76876274,,,,
76877099,,,,
76877938,,,,
76878581,,,,
76879500,,,,
76880414,,,,
76882666,,,,
76887775,,,,
76888547,,,,
76965639,,,,
76966475,,,,
76966859,,,,
76968711,,,,
76969044,,,,
76969897,,,,
76970105,,,,
76972230,,,,
76975345,,,,
76976023,,,,
76976449,,,,
76976664,,,,
77267031,,,,
77275560,,,,
77276752,,,,
77278142,,,,
77278423,,,,
77279910,,,,
77280263,,,,
77280739,,,,
78491116,,,,
78491476,,,,
78491998,,,,
78492333,,,,
78492814,,,,
78493897,,,,
78494126,,,,
78494502,,,,
78495236,,,,
78495596,,,,
78496071,,,,
78496458,,,,
78496705,,,,
78497072,,,,
78497365,,,,
78497945,,,,
78498113,,,,
78498439,,,,
78498722,,,,
78499068,,,,
78499277,,,,
78499712,,,,
78500014,,657.0,1.0,1000.0
78500161,,657.0,1.0,1000.0
78500556,,657.0,1.0,1000.0
80029130,,,,
80029215,,,,
80029295,,,,
80029373,,,,
80029450,,,,
80029521,,,,
80029599,,,,
80029705,,,,
80029763,,,,
80029851,,,,
80031828,,,,
80032043,,,,
80032155,,,,
80032278,,,,
80032460,,,,
80032683,,,,
80032770,,,,
80032875,,,,
80032978,,,,
80033118,,,,
80033273,,,,
80033382,,,,
80033493,,,,
80033581,,,,
80033964,,,,
80034110,,,,
80034230,,,,
80034351,,,,
80034472,,,,
80034601,,,,
80034782,,,,
80034899,,,,
80035027,,,,
80035169,,,,
80035309,,,,
80035573,,,,
80035696,,,,
80036583,,,,
80036725,,,,
80036858,,,,
80037138,,,,
80037280,,,,
80037394,,,,
80037562,,,,
80037707,,,,
80037816,,,,
80037937,,,,
80038053,,,,
80038175,,,,
80038292,,,,
80038923,,,,
80039042,,,,
80039247,,,,
80039350,,,,
80039631,,,,
80039796,,,,
80040296,,,,
80040602,,,,
80040857,,,,
80041149,,,,
80041298,,,,
80041520,,,,
80041773,,,,
80041901,,,,
80042050,,,,
80042363,,657.0,1.0,1.0
80042571,,,,
80042777,,,,
80043019,,,,
80043322,,,,
80043486,,,,
80043848,,,,
80044000,,,,
80044147,,,,
80044297,,,,
82332452,,,,
82422062,,,,
82422723,,,,
82423431,,,,
82426542,,,,
82634808,,,,
82635873,,,,
82635957,,,,
82636079,,,,
82636157,,,,
82636304,,,,
82636440,,,,
82637087,,,,
82637301,,,,
82637472,,,,
82638384,,,,
82659842,,,,
82660108,,,,
82660418,,,,
82660853,,,,
82661167,,,,
82661663,,,,
82662136,,,,
82662474,,,,
82662776,,,,
82663413,,,,
82663835,,,,
82664463,,,,
82665665,,,,
82665984,,,,
82666890,,,,
82667203,,,,
82667552,,,,
82673809,,,,
82677145,,,,
82677973,,,,
82678656,,,,
82678967,,,,
82685815,,,,
82687519,,,,
82326947,,,,
82329217,,,,
82330506,,,,
82331651,,,,
82333030,,,,
82334659,,,,
82335953,,,,
82420634,,,,
82420944,,,,
82421319,,,,
82421627,,,,
82424820,,,,
82425252,,,,
82478543,,,,
82669742,,,,
82670995,,,,
82690608,,,,
98522195,,657.0,1.0,175.0
98523402,,657.0,12.0,1750.0
98524117,,657.0,12.0,2250.0
98601893,,,,
98602531,,,,
98652970,,,,
98653285,,,,
98653541,,,,
98654085,,,,
98654551,,,,
98657681,,,,
98657983,,,,
98658397,,,,
98659153,,,,
98659482,,,,
98660313,,,,
98660600,,,,
98660983,,,,
98661496,,,,
98663047,,657.0,1.0,500.0
98663463,,,,
98663674,,657.0,1.0,500.0
98663908,,,,
98664348,,,,
98664539,,,,
98665231,,657.0,2.0,500.0
98757856,,,,
98758406,,,,
98759287,,,,
98759763,,,,
98800437,,,,
98800979,,,,
98801289,,,,
98801766,,,,
98802030,,,,
98802943,,,,
98803234,,,,
98804078,,,,
98804580,,657.0,200.0,1.0
98947339,,657.0,100.0,1.0
98947848,,,,
98948013,,,,
98948791,,,,
98948905,,,,
98949031,,,,
98949375,,,,
98950127,,,,
98951156,,,,
98951302,,,,
98951481,,,,
98951607,,,,
98951926,,,,
98952100,,,,
98952323,,,,
98952531,,,,
98952648,,,,
98953131,,,,
98953313,,,,
98953474,,,,
98953602,,,,
98954388,,,,
98954536,,,,
98954756,,,,
98954940,,,,
98955089,,,,
98956498,,,,
98956806,,,,
99330791,,,,
99331109,,,,
99331361,,,,
99331520,,,,
99331689,,,,
99331961,,,,
99332165,,,,
99332822,,,,
99333216,,,,
99333426,,,,
99333644,,,,
99333739,,,,
99333837,,,,
99334088,,,,
99334366,,,,
99334600,,,,
99334776,,,,
99334950,,,,
99335101,,,,
99335331,,,,
99335587,,,,
99335882,,,,
99335991,,,,
99336103,,,,
99336175,,,,
99336371,,,,
99336499,,,,
100115549,,,,
100116135,,,,
100116408,,,,
100116693,,,,
100116891,,,,
100117305,,,,
100117839,,,,
100118098,,,,
100118323,,,,
100119311,,,,
100119763,,,,
100119905,,,,
100120140,,,,
100120374,,,,
100120755,,,,
100163520,,,,
100164041,,,,
100170841,,,,
100171409,,,,
100171821,,,,
100172208,,,,
100173212,,,,
100173817,,,,
100174612,,,,
100175354,,,,
100176959,,,,
100309951,,,,
100310313,,,,
100310755,,,,
100310961,,,,
100311204,,,,
100311443,,,,
100311445,,,,
100311447,,,,
100311709,,,,
100312505,,,,
100312766,,,,
100313073,,,,
100313346,,,,
100313641,,,,
100313875,,,,
100314203,,,,
100314440,,,,
100314718,,,,
100314988,,,,
100315316,,,,
100319389,,,,
100319916,,,,
100320509,,,,
100322111,,,,
100322361,,,,
100322615,,,,
100322756,,,,
100322997,,,,
100323161,,,,
100323366,,,,
100323555,,,,
100323845,,,,
100324037,,,,
100324270,,,,
100324465,,,,
100324714,,,,
100355832,,,,
100355983,,,,
100356132,,,,
100356314,,,,
100356540,,,,
100356706,,,,
100356945,,,,
100357113,,,,
100357371,,,,
100357549,,,,
100357735,,,,
100357902,,,,
100358310,,,,
100358540,,,,
100358735,,,,
100358990,,,,
100359202,,,,
100359556,,,,
100359897,,,,
100360547,,,,
100413369,,,,
100413611,,,,
100413792,,,,
100413934,,,,
100414572,,,,
100414823,,,,
100415037,,,,
100415228,,,,
100415381,,,,
100424345,,,,
100424507,,,,
100424683,,,,
100424907,,,,
100425111,,,,
100425290,,,,
100425579,,,,
100425753,,,,
100425951,,,,
105368210,,,,
105368400,,,,
105368709,,,,
105368882,,,,
105373361,,,,
105378390,,,,
105379069,,,,
105379451,,,,
105379566,,,,
105379593,,657.0,1.0,75.0
105379623,,657.0,1.0,75.0
105379657,,657.0,1.0,75.0
105379679,,657.0,1.0,100.0
105379713,,,,
105379811,,,,
105379836,,657.0,1.0,75.0
128557871,,,,
128557902,,,,
105366995,,,,
105366790,,,,
105368013,,,,
105370526,,,,
105374258,,,,
105374436,,,,
105374771,,,,
105375002,,,,
105375198,,,,
105375738,,,,
105385109,,,,
105387475,,,,
105390630,,,,
105391951,,,,
105369525,,,,
114512053,,,,
116656179,,657.0,6.0,100.0
116656838,,657.0,6.0,100.0
116657368,,657.0,6.0,100.0
116658234,,657.0,6.0,30.0
116658893,,,,
116660018,,,,
116660407,,,,
116661762,,657.0,6.0,100.0
116663033,,,,
116858027,,657.0,6.0,20.0
116901223,,,,
116903091,,,,
116904716,,657.0,6.0,36.0
116905388,,657.0,6.0,30.0
116905979,,,,
116907020,,657.0,20.0,20.0
116907736,,,,
116911401,,659.0,60.0,20.0
116912408,,,,
116916393,,,,
116917316,,,,
116917805,,,,
116918473,,657.0,6.0,20.0
116920485,,,,
116920877,,,,
116922300,,657.0,6.0,50.0
116922858,,,,
116973201,,,,
116973702,,,,
116973989,,,,
116974335,,,,
116974779,,658.0,6.0,100.0
116975128,,,,
116975395,,657.0,6.0,100.0
116980390,,,,
116980692,,,,
116981571,,,,
116982023,,,,
116982394,,,,
117125580,,,,
117126127,,,,
117126559,,,,
117126870,,,,
117127207,,,,
117127677,,,,
117128073,,,,
117128407,,,,
117128867,,,,
117129475,,,,
117130602,,,,
117130968,,,,
117131364,,,,
117131788,,,,
117132190,,,,
117133187,,,,
119427253,,,,
119427500,,,,
119428034,,,,
119428261,,,,
119428422,,,,
119428555,,,,
119428751,,,,
119430070,,,,
119430226,,,,
119430429,,,,
119430596,,,,
119431087,,,,
119431357,,,,
119431578,,,,
119431935,,,,
119527049,,,,
119565211,,,,
119565589,,,,
119565835,,,,
119566407,,,,
119566702,,,,
119566989,,,,
119567296,,,,
119567649,,,,
119568153,,,,
119568421,,,,
119568641,,,,
119570903,,,,
119571102,,,,
119571352,,,,
119571555,,,,
119571868,,,,
119572092,,,,
119572398,,,,
119572873,,,,
119573076,,,,
119573253,,,,
119573406,,,,
119573536,,,,
119573682,,,,
119578130,,,,
119578492,,,,
119742472,,,,
119743447,,,,
119743968,,,,
119745118,,,,
119746275,,,,
119747130,,657.0,6.0,300.0
120373949,,,,
120374266,,,,
120758027,,,,
120758360,,,,
120759042,,,,
120759387,,,,
120759756,,,,
120760027,,,,
120760305,,,,
120760735,,,,
120761182,,,,
120762158,,,,
120850730,,657.0,6.0,100.0
120851347,,657.0,6.0,100.0
120851687,,,,
120852202,,657.0,6.0,100.0
120853415,,,,
120853731,,,,
120854315,,,,
120854906,,,,
120855448,,,,
120856012,,,,
120856440,,,,
120856795,,,,
120856953,,,,
120857532,,657.0,6.0,100.0
120857775,,657.0,6.0,100.0
120858413,,657.0,6.0,100.0
120858649,,,,
120858885,,657.0,6.0,100.0
120893694,,658.0,6.0,100.0
120893926,,658.0,6.0,100.0
120894078,,658.0,6.0,34.0
120894258,,658.0,6.0,100.0
120894430,,657.0,6.0,45.0
122049135,,,,
122049920,,,,
122050427,,,,
122050820,,,,
122051215,,,,
122051355,,,,
122088920,,,,
122090062,,,,
122090284,,,,
122098466,,,,
122098578,,,,
122098682,,,,
122098819,,,,
122098899,,,,
122099083,,,,
122099468,,,,
122099866,,,,
122099994,,,,
122100147,,,,
122178314,,,,
122178394,,,,
122178463,,,,
122178575,,,,
122178683,,,,
122178744,,657.0,6.0,100.0
122178914,,,,
122178975,,,,
122179072,,,,
122179187,,,,
122179773,,,,
122179873,,,,
122179997,,,,
122180118,,,,
122180406,,,,
122180516,,,,
122180619,,,,
122180702,,,,
128279444,,,,
128279476,,,,
128279557,,,,
122089587,,,,
122090542,,,,
122084186,,,,
122084562,,,,
122085097,,,,
122085483,,,,
122085805,,,,
122086266,,,,
122086831,,,,
122088730,,,,
122089312,,,,
122089799,,,,
122176291,,,,
122182622,,,,
122183042,,,,
122183840,,,,
122183908,,,,
52276424,,,,
52276521,,,,
52274555,,,,
52275022,,,,
52275051,,,,
52275079,,,,
52275108,,,,
52276390,,,,
52276402,,,,
52276445,,,,
52276462,,,,
52276487,,,,
52276505,,,,
52276538,,,,
52276559,,,,
52276583,,,,
52926908,,,,
52928449,,,,
66417498,,,,
52884352,,,,
52884501,,,,
52884604,,,,
52884663,,,,
52884843,,,,
52884906,,,,
52885146,,,,
52885214,,,,
66417478,,,,
52884988,,,,
61672582,,,,
66018795,,,,
66018845,,,,
66018956,,,,
66019033,,,,
66019079,,,,
61664567,,,,
61664768,,,,
61664910,,,,
61665171,,,,
61666890,,,,
66018329,,,,
66018426,,,,
66018637,,,,
66018695,,,,
66018753,,,,
66018988,,,,
66019150,,,,
66019209,,,,
66019314,,,,
66019346,,,,
61665032,,,,
61665318,,,,
61665443,,,,
61665630,,,,
61665744,,,,
61665991,,,,
61666111,,,,
61666281,,,,
61666348,,,,
61666448,,,,
61666545,,,,
61666689,,,,
61666803,,,,
74906158,,,,
74907691,,,,
74908867,,,,
74910125,,,,
74911063,,,,
74913908,,,,
74915449,,,,
74921783,,,,
74922418,,,,
74922961,,,,
74923715,,,,
74926330,,,,
74927336,,,,
74927932,,,,
76485083,,,,
76489874,,,,
76491233,,,,
76547946,,,,
76548608,,,,
76549377,,,,
76550344,,,,
76553560,,,,
76555807,,,,
76556916,,,,
76558900,,,,
76560506,,,,
76562127,,,,
76565974,,,,
76570142,,,,
76572990,,,,
76575663,,,,
76578356,,,,
76587617,,,,
76589145,,,,
76590734,,,,
76592032,,,,
76936927,,,,
76937699,,,,
76938327,,,,
76938701,,,,
76939068,,,,
78278629,,,,
78279551,,,,
78280122,,657.0,1.0,400.0
78280919,,,,
78281449,,,,
78283074,,,,
78283902,,,,
78284616,,,,
78285853,,,,
78286485,,,,
78287719,,,,
78288317,,,,
78288855,,,,
78289622,,,,
78312616,,,,
78314573,,,,
78315353,,,,
78316680,,,,
78317407,,,,
78318584,,657.0,1.0,200.0
78497121,,,,
78497361,,,,
78497558,,657.0,1.0,200.0
78497781,,657.0,1.0,200.0
78639883,,,,
78640713,,,,
78641717,,,,
78642348,,,,
78642965,,,,
78646786,,,,
78647846,,,,
78648916,,,,
78649630,,,,
78650246,,,,
78651114,,,,
78653721,,657.0,1.0,200.0
78654437,,657.0,1.0,1.0
78655118,,657.0,1.0,1.0
78655749,,657.0,1.0,1.0
78656427,,657.0,1.0,1.0
78658661,,657.0,1.0,1.0
78659261,,657.0,1.0,1.0
78659904,,657.0,1.0,1.0
78661050,,657.0,1.0,1.0
78661883,,657.0,1.0,1.0
78717447,,657.0,1.0,1.0
78718289,,657.0,1.0,1.0
78719321,,657.0,1.0,1.0
78720136,,657.0,1.0,1.0
78720845,,657.0,1.0,1.0
78721726,,657.0,1.0,1.0
78725383,,657.0,1.0,1.0
78728540,,657.0,1.0,1.0
78729072,,657.0,1.0,1.0
78730276,,657.0,1.0,1.0
79147243,,,,
79147504,,,,
79148294,,,,
79148866,,,,
79149082,,,,
79149305,,,,
79149525,,,,
79149717,,,,
79150034,,,,
79886123,,657.0,1.0,1.0
79886616,,657.0,1.0,1.0
79887088,,657.0,1.0,1.0
79887467,,657.0,1.0,1.0
79887901,,657.0,1.0,1.0
79888389,,657.0,1.0,1.0
79888871,,657.0,1.0,1.0
79889341,,657.0,1.0,1.0
79889881,,657.0,1.0,1.0
79890353,,657.0,1.0,1.0
79890822,,657.0,1.0,1.0
79892940,,,,
79893435,,,,
79896272,,657.0,1.0,1.0
79896901,,657.0,1.0,1.0
79897377,,657.0,1.0,1.0
79899249,,657.0,1.0,1.0
79902689,,,,
79905838,,,,
79906881,,657.0,1.0,1.0
79907422,,658.0,1.0,1.0
79907927,,657.0,1.0,1.0
79908391,,657.0,1.0,1.0
79908947,,657.0,1.0,1.0
79909474,,657.0,1.0,1.0
79910008,,657.0,1.0,1.0
79911159,,657.0,1.0,1.0
79911657,,657.0,1.0,1.0
79912228,,657.0,1.0,1.0
79912742,,657.0,1.0,1.0
79913544,,657.0,1.0,1.0
79913989,,657.0,1.0,1.0
79914528,,657.0,1.0,1.0
79914945,,657.0,1.0,1.0
79915628,,657.0,1.0,1.0
79916110,,657.0,1.0,1.0
79918301,,657.0,1.0,1.0
79918992,,657.0,1.0,1.0
79919482,,657.0,1.0,1.0
79920074,,657.0,1.0,1.0
79920651,,657.0,1.0,1.0
79921205,,657.0,1.0,1.0
79921739,,657.0,1.0,1.0
79922307,,657.0,1.0,1.0
79922801,,657.0,1.0,1.0
79923263,,657.0,1.0,1.0
79923783,,657.0,1.0,1.0
79924395,,657.0,1.0,1.0
79926417,,657.0,1.0,1.0
79927369,,657.0,1.0,1.0
79927866,,657.0,1.0,1.0
79939313,,,,
79940600,,,,
79941267,,,,
79942073,,,,
79943732,,,,
79944352,,,,
79944932,,,,
79945569,,,,
79946141,,,,
79946706,,,,
79947218,,,,
79948100,,,,
79950727,,,,
79951334,,,,
79951878,,,,
79952416,,,,
79952978,,,,
79953555,,,,
79955151,,,,
79956246,,,,
79956708,,,,
79957505,,,,
79958123,,,,
79958564,,,,
79961121,,,,
79962160,,,,
79962565,,657.0,1.0,1.0
79963141,,,,
79963711,,,,
79964266,,,,
79965013,,,,
79966182,,,,
79966602,,,,
79967249,,,,
79967781,,,,
79968329,,,,
79968940,,,,
79969718,,,,
79970144,,657.0,1.0,1.0
82704449,,,,
82705804,,,,
82706382,,,,
82721318,,,,
82946785,,,,
82966783,,,,
82967176,,,,
82967623,,,,
82967995,,,,
82969938,,,,
82971319,,657.0,1.0,300.0
82984557,,,,
82984738,,,,
82985087,,,,
82985292,,,,
82985471,,,,
82985648,,,,
82985867,,,,
82986087,,,,
82986361,,,,
82986562,,,,
82986767,,,,
82986943,,,,
82987164,,,,
82987568,,,,
82987769,,,,
82987955,,,,
82988123,,,,
82988275,,,,
82988432,,,,
82988598,,,,
82680418,,,,
82688016,,,,
82692293,,,,
82702658,,,,
82705250,,,,
82711051,,,,
82711977,,,,
82712780,,,,
82721831,,,,
82727036,,,,
82730292,,,,
82731347,,,,
82740632,,,,
82973536,,,,
96348249,,,,
96350659,,,,
99067497,,,,
99069032,,659.0,90.0,55.0
99097094,,,,
99097407,,,,
99097844,,,,
99100753,,,,
99101169,,,,
99101631,,,,
99102335,,,,
99102930,,,,
99104679,,,,
99105628,,,,
99107100,,659.0,180.0,50.0
99110623,,657.0,90.0,50.0
99111148,,,,
99112605,,657.0,90.0,50.0
99113609,,659.0,180.0,45.0
99117725,,,,
99128937,,,,
99129213,,,,
99130793,,,,
99131467,,,,
99131991,,,,
99132780,,,,
99133593,,,,
99134306,,,,
99142639,,,,
99143385,,,,
99143887,,,,
99144598,,,,
99145381,,,,
99146495,,,,
99147393,,,,
99147910,,,,
99148457,,,,
99148938,,,,
99203523,,,,
99203949,,,,
99204283,,,,
99204772,,657.0,30.0,50.0
99205665,,,,
99252706,,,,
99253676,,,,
99254241,,,,
99254675,,,,
99255127,,,,
99255507,,,,
99255985,,,,
99256963,,,,
99257256,,,,
99257688,,,,
99258411,,,,
99258946,,,,
99599554,,,,
99599858,,,,
99600269,,,,
99600685,,,,
99774808,,,,
99777351,,,,
99802600,,,,
99803783,,,,
99804903,,,,
99807734,,,,
99808643,,,,
99809294,,,,
99850467,,,,
99851045,,,,
99851674,,,,
99852368,,,,
99852917,,,,
99854274,,,,
99855074,,,,
99858241,,,,
99865115,,,,
99865612,,,,
99865950,,,,
99866401,,,,
99866868,,,,
99869114,,,,
99870151,,,,
99872818,,,,
99874011,,,,
99891662,,,,
99892207,,,,
99893105,,,,
99893588,,,,
99894365,,,,
99896372,,,,
100073599,,,,
100074150,,,,
100074561,,,,
100075131,,,,
100075592,,,,
100076146,,,,
100076721,,,,
100077506,,,,
100078020,,,,
100079446,,,,
100080073,,,,
100080979,,,,
100081690,,,,
100113114,,,,
100113509,,,,
100114339,,,,
100114757,,,,
100115277,,,,
100115815,,,,
100116423,,,,
100116831,,,,
100117303,,,,
100117619,,,,
100118419,,,,
100118847,,,,
100119247,,,,
100119664,,,,
100119887,,,,
100120442,,,,
100120840,,,,
100121336,,,,
100121702,,,,
100122560,,,,
100123125,,,,
100123696,,,,
100124218,,,,
100124789,,,,
100125668,,,,
100126153,,,,
100126654,,,,
100127389,,,,
100127854,,,,
100128545,,,,
100128882,,,,
100129197,,,,
100130234,,,,
100130812,,,,
100131313,,,,
100131824,,,,
100132336,,,,
100132871,,,,
100133513,,,,
100135330,,,,
100136440,,,,
100137233,,,,
100137655,,,,
100138255,,,,
100139050,,,,
100141057,,,,
100142002,,,,
100143774,,,,
100211770,,,,
100228717,,,,
100229189,,,,
100232655,,,,
100233427,,,,
100233839,,,,
100234268,,,,
100235037,,,,
100235503,,,,
100236057,,,,
100236861,,,,
100260014,,,,
100260667,,,,
100261452,,,,
100262044,,,,
100262627,,,,
100263533,,,,
100264206,,,,
100265424,,,,
100265942,,,,
100266471,,,,
100267053,,,,
100267813,,,,
100268265,,,,
100268726,,,,
100269376,,,,
100269955,,,,
100270446,,,,
100271267,,,,
100271671,,,,
100272102,,,,
100272550,,,,
100273074,,,,
100274504,,,,
100275372,,,,
100275827,,,,
100276266,,,,
100276708,,,,
100277340,,,,
100278151,,,,
100279129,,,,
100279640,,,,
100280550,,,,
100281340,,,,
100282012,,,,
100282864,,,,
100283180,,,,
100283701,,,,
100284082,,,,
100284581,,,,
100284981,,,,
100285532,,,,
105429014,,,,
105430629,,,,
105430916,,,,
105431603,,,,
105431741,,,,
105431881,,657.0,30.0,400.0
105432309,,657.0,30.0,400.0
105432928,,,,
105433196,,657.0,30.0,400.0
105433398,,657.0,30.0,400.0
105433594,,,,
105433849,,,,
105434050,,,,
105434595,,657.0,30.0,400.0
105434798,,,,
105447904,,,,
105448284,,,,
105448420,,,,
105448582,,,,
105448685,,,,
105448992,,,,
105449138,,657.0,30.0,400.0
105449386,,,,
100951187,,,,
100954833,,,,
105401313,,,,
105413098,,,,
105414568,,,,
105417454,,,,
105419984,,,,
105420513,,,,
105425488,,,,
105428081,,,,
105428300,,,,
105428593,,,,
105428790,,,,
105446019,,,,
105446246,,,,
105447295,,,,
116609392,,,,
117200086,,,,
118545733,,,,
118546030,,,,
118546368,,,,
118546844,,,,
118547968,,,,
118548625,,,,
118554165,,,,
118573001,,,,
118573018,,,,
118573033,,,,
118573045,,,,
118573068,,,,
118573105,,,,
118573119,,,,
118573135,,,,
118573147,,,,
118573161,,,,
118573177,,,,
118573188,,,,
118573201,,,,
118573206,,,,
118573232,,,,
118573243,,,,
118573265,,,,
118573284,,,,
118573303,,,,
118573322,,,,
118573341,,,,
118573358,,,,
118573382,,,,
118573412,,,,
118573763,,,,
118573789,,,,
118573822,,,,
118853797,,,,
118853820,,,,
118853830,,,,
118853841,,,,
118853849,,,,
118853861,,,,
118853872,,,,
118853884,,,,
118853894,,,,
118853906,,,,
118853916,,,,
118853929,,,,
118853935,,,,
118853946,,,,
118853953,,,,
118853968,,,,
118853973,,,,
118853987,,,,
118854007,,,,
118854023,,,,
118854035,,,,
118854049,,,,
118854059,,,,
118854074,,,,
118854107,,,,
118854119,,,,
118854127,,,,
118854143,,,,
118854160,,,,
118854172,,,,
118854188,,,,
118854207,,,,
118854236,,,,
118854257,,,,
118854271,,,,
118854288,,,,
118854302,,,,
118854319,,,,
118854336,,,,
118854351,,,,
118854363,,,,
118854373,,,,
118854392,,,,
118854407,,,,
118854432,,,,
118854450,,,,
118854469,,,,
118854491,,,,
118854506,,,,
118854527,,,,
118854545,,,,
118854572,,,,
118854588,,,,
118854628,,,,
118854678,,,,
118854705,,,,
118854733,,,,
118854769,,,,
118854790,,,,
118854813,,,,
118854841,,,,
118854860,,,,
120736735,,,,
120736744,,,,
120736767,,,,
120736783,,,,
120736810,,,,
120736828,,,,
120736845,,,,
120736861,,,,
120736937,,,,
120762477,,,,
120762686,,,,
120762831,,,,
120762986,,,,
120763121,,,,
120763417,,,,
120763588,,,,
120763715,,,,
120763867,,,,
120764003,,,,
120764145,,,,
120764391,,,,
120764547,,,,
120764754,,,,
120764897,,,,
120765054,,,,
120765191,,,,
120765333,,,,
120765587,,,,
120765726,,,,
120765870,,,,
120766000,,,,
120766326,,,,
120766461,,,,
120766635,,,,
120766732,,,,
120766853,,,,
120766979,,,,
120767099,,,,
120767236,,,,
120767335,,,,
120767468,,,,
120767613,,,,
120767741,,,,
120767870,,,,
120767999,,,,
120768114,,,,
120768239,,,,
120768379,,,,
120768533,,,,
120768693,,,,
123467138,,,,
123467462,,,,
123469811,,,,
127632520,,,,
123361564,,,,
123362365,,,,
123362979,,,,
123364401,,,,
123365329,,,,
123369541,,,,
123375228,,,,
123377827,,,,
123379333,,,,
123380046,,,,
123381563,,,,
123382448,,,,
123383534,,,,
123384320,,,,
123385383,,,,
123385938,,,,
123386594,,,,
123388537,,,,
123403421,,,,
127632485,,,,
123404462,,,,
44477929,,,,
44478085,,,,
44478113,,,,
44478149,,,,
44478190,,,,
44478236,,,,
49925583,,,,
49925715,,,,
49926196,,,,
49926390,,,,
51394139,,,,
51398344,,,,
51398506,,,,
63292706,,,,
44478035,,,,
44473426,,,,
44477215,,,,
44477294,,,,
44477526,,,,
44477686,,,,
44477723,,,,
49923475,,,,
49923633,,,,
49923830,,,,
49924130,,,,
49924434,,,,
49924584,,,,
49924832,,,,
49925179,,,,
49925355,,,,
49925943,,,,
63292660,,,,
63292671,,,,
63292871,,,,
44473384,,,,
44473527,,,,
44477162,,,,
44477360,,,,
44477401,,,,
44477441,,,,
44477564,,,,
44477620,,,,
44477753,,,,
44477804,,,,
44477840,,,,
44477885,,,,
47718772,,,,
49924953,,,,
54520907,,,,
54521016,,,,
54521070,,,,
54521127,,,,
54521249,,,,
54521316,,,,
54521379,,,,
63293148,,,,
63879515,,,,
64028515,,,,
65478755,,,,
65478977,,,,
65479324,,,,
66450560,,,,
66819883,,,,
64028527,,,,
64028536,,,,
64028546,,,,
48344782,,,,
48344833,,,,
48344875,,,,
48345021,,,,
48345342,,,,
48345420,,,,
63292618,,,,
65478931,,,,
65479238,,,,
65479275,,,,
66450063,,,,
66819847,,,,
48344916,,,,
48344965,,,,
48345115,,,,
48345221,,,,
48345257,,,,
48345308,,,,
48345381,,,,
48345496,,,,
48345564,,,,
48345610,,,,
48345648,,,,
48345725,,,,
48345775,,,,
48345803,,,,
48345889,,,,
48345951,,,,
48345995,,,,
48346038,,,,
48346086,,,,
48346134,,,,
48346170,,,,
48346224,,,,
54520682,,,,
54520962,,,,
54759995,,,,
54760018,,,,
61947349,,,,
61947618,,,,
65260102,,,,
65260477,,,,
65261170,,,,
65261867,,,,
65311537,,,,
66670220,,,,
65260513,,,,
64747839,,,,
64747969,,,,
65260067,,,,
65260165,,,,
65260264,,,,
65260294,,,,
65260325,,,,
65260337,,,,
65260362,,,,
65260618,,,,
65260704,,,,
65260734,,,,
65260847,,,,
65261025,,,,
65261048,,,,
65261104,,,,
65261308,,,,
65261636,,,,
65261664,,,,
65311838,,,,
66670204,,,,
66670233,,,,
66670247,,,,
66670256,,,,
86744952,,,,
106408324,,,,
65260129,,,,
65260186,,,,
65260821,,,,
65261431,,,,
65261482,,,,
65261514,,,,
65261795,,,,
65261838,,,,
72812194,,,,
72826065,,,,
76402992,,,,
76404396,,,,
76405150,,,,
76406237,,,,
76407193,,,,
76408010,,,,
76408628,,,,
76409556,,,,
76425258,,,,
76425872,,,,
76426434,,,,
76426939,,,,
76427404,,,,
76428277,,,,
76428846,,,,
76429659,,,,
76432059,,,,
76432818,,,,
76433385,,,,
76435734,,,,
76436436,,,,
76436760,,,,
76438436,,,,
76438787,,,,
76439053,,,,
76439364,,,,
76439520,,,,
76439796,,,,
76440329,,,,
76440646,,,,
76441569,,,,
76441905,,,,
76442273,,,,
76442746,,,,
76443071,,,,
76500302,,,,
76510728,,,,
76525326,,,,
76552922,,,,
77298721,,,,
77299816,,,,
77300850,,,,
77302258,,,,
77303012,,,,
77303763,,,,
77305047,,,,
77305610,,,,
77306121,,,,
77311028,,,,
77311811,,,,
77314195,,,,
77317346,,,,
77322951,,,,
77325471,,,,
77326350,,,,
77419693,,,,
77421359,,,,
77422777,,,,
77424078,,,,
77424953,,,,
77425511,,,,
77426468,,,,
77427172,,,,
77428544,,,,
77429178,,,,
77430193,,,,
77431286,,,,
77432161,,,,
77433423,,,,
77435131,,,,
77435599,,,,
77436116,,,,
77436698,,,,
77437835,,,,
77438509,,,,
77439131,,,,
78214359,,,,
78215035,,,,
78215661,,,,
78219276,,,,
78220390,,,,
78222690,,,,
78223142,,,,
78224197,,,,
78227113,,659.0,30.0,60.0
78227455,,658.0,5.0,1200.0
78227887,,,,
78228410,,,,
78228832,,,,
78230827,,,,
78231012,,,,
78231262,,,,
78231346,,,,
78231559,,,,
78231663,,,,
78231762,,,,
78231831,,,,
78231899,,,,
78231954,,,,
78232009,,,,
78232055,,,,
78232133,,,,
78232258,,658.0,2.0,1000.0
78232298,,658.0,2.0,1000.0
78232352,,657.0,2.0,10000.0
78232399,,657.0,2.0,1000.0
78232440,,657.0,1.0,450.0
78232511,,,,
78232615,,657.0,75.0,3500.0
78232658,,,,
78232694,,,,
78232725,,,,
78232746,,,,
78250613,,,,
78250913,,,,
78251380,,,,
78251954,,,,
78252430,,,,
78252904,,,,
78253591,,,,
78254516,,657.0,2.0,50.0
78255601,,,,
78256337,,,,
78261587,,,,
78261957,,,,
80418665,,,,
80419994,,,,
80420701,,,,
80420940,,,,
80421118,,,,
80421320,,,,
80421611,,,,
80421817,,,,
80422546,,,,
80422861,,,,
80423076,,,,
80423648,,,,
80424167,,,,
80424629,,,,
80424838,,,,
80425095,,,,
80425438,,,,
80429642,,,,
80429959,,,,
80475911,,,,
80476833,,,,
80477240,,,,
80479476,,,,
80479778,,,,
80479993,,,,
80480228,,,,
80480438,,,,
80480624,,,,
80480841,,,,
80481044,,,,
80481237,,,,
80481444,,,,
80481631,,,,
80481909,,,,
80482146,,,,
80482357,,,,
80482561,,,,
80482745,,,,
80482965,,,,
80483176,,,,
80483375,,,,
80483646,,,,
80485069,,,,
80485315,,,,
80485616,,,,
80485918,,,,
80486116,,,,
80486304,,,,
80486517,,,,
80486765,,,,
80486927,,,,
81590256,,,,
81593560,,,,
81599593,,,,
81645550,,,,
81645859,,,,
81646461,,,,
81646880,,,,
81771730,,,,
81774471,,,,
81775421,,,,
81776278,,657.0,2.0,200.0
81777162,,,,
81777679,,,,
81779353,,,,
81780035,,,,
81780649,,,,
81781440,,,,
81782402,,,,
81784075,,,,
81784381,,,,
81784590,,,,
81784930,,,,
81785281,,657.0,1.0,50.0
81785534,,,,
81785702,,,,
81785852,,,,
81786019,,,,
81786319,,,,
81787038,,,,
81787197,,,,
81787444,,,,
81787609,,,,
81787828,,,,
81787977,,,,
81788084,,,,
72808716,,,,
72809584,,,,
72816180,,,,
72817945,,,,
72820363,,,,
72822074,,,,
72824489,,,,
72824864,,,,
72825391,,,,
81591232,,,,
81594222,,,,
81595644,,,,
81596860,,,,
81598620,,,,
81598941,,,,
81600042,,,,
81644529,,,,
81644785,,,,
81644988,,,,
96877019,,,,
96878447,,,,
96879867,,,,
98112862,,,,
98113484,,,,
98114057,,,,
98114717,,,,
98115326,,,,
98116490,,,,
98117339,,,,
98117977,,,,
98119200,,,,
98120035,,,,
98120862,,,,
98121326,,,,
98121930,,,,
98124802,,,,
98126379,,,,
98130296,,,,
98132043,,,,
98132436,,,,
98132977,,,,
98135059,,,,
98135488,,,,
98136545,,,,
98137764,,657.0,1.0,400.0
98365806,,,,
98365950,,,,
98366164,,,,
98366313,,,,
98366455,,,,
98380589,,,,
98380894,,,,
98396114,,,,
98396578,,,,
98397253,,,,
98399600,,,,
98400985,,,,
98402041,,,,
98416400,,,,
98416894,,,,
98418117,,,,
98418536,,,,
98420443,,,,
98420937,,,,
98421328,,,,
98421760,,,,
98422291,,,,
98422860,,,,
98423311,,,,
98423821,,,,
98424481,,657.0,10.0,100.0
98425594,,,,
98427667,,,,
98429670,,,,
98430440,,,,
98431068,,,,
98431834,,,,
98432705,,,,
98433042,,,,
98433518,,,,
98433794,,658.0,2.0,100.0
98434364,,,,
98434818,,,,
98435103,,,,
98435459,,,,
98436027,,,,
98436465,,,,
98436818,,,,
98449179,,,,
98457128,,,,
98457372,,,,
98457656,,,,
98457802,,,,
98458082,,,,
98458414,,,,
98458672,,,,
98459385,,,,
98459636,,,,
98459756,,,,
98459981,,,,
98460306,,,,
98460598,,,,
98460631,,,,
98460747,,,,
98460871,,,,
98461086,,,,
98461189,,,,
98461306,,,,
98461611,,,,
98499749,,,,
98499875,,,,
98499976,,,,
98500099,,,,
98500191,,,,
98500311,,,,
98500379,,,,
98500477,,,,
98500543,,,,
98500622,,,,
98500758,,,,
98500854,,,,
98501026,,,,
98501289,,,,
98501394,,,,
98501605,,,,
98516901,,,,
98516953,,,,
98517040,,,,
98517148,,,,
98517280,,,,
98517465,,,,
98517667,,,,
98520349,,,,
98521429,,,,
98521720,,,,
98522414,,,,
98523130,,,,
98523695,,,,
98523895,,,,
98524587,,,,
98526631,,,,
98526851,,,,
98527688,,,,
98528184,,,,
98528362,,,,
98528487,,,,
98532184,,,,
98533310,,,,
98533681,,,,
98534097,,,,
98534387,,,,
98534599,,,,
98535131,,,,
98535472,,,,
98535842,,,,
98536057,,,,
98536445,,,,
98538037,,,,
98538610,,,,
98539403,,,,
98565533,,,,
98565764,,,,
98566118,,,,
98566349,,,,
98566607,,,,
98566930,,,,
98567155,,,,
98567573,,,,
98568145,,,,
98572677,,,,
98573214,,,,
98573659,,,,
98574123,,,,
98574533,,,,
98575740,,,,
98576201,,,,
98576709,,,,
98577240,,,,
98577711,,,,
98578309,,,,
98578806,,,,
98579320,,,,
98579678,,,,
98580182,,,,
98580656,,,,
98581151,,,,
98581917,,,,
98582300,,,,
98582722,,,,
98583145,,,,
98583747,,,,
98584298,,,,
98584794,,,,
98585156,,,,
98585608,,,,
98585989,,,,
98586360,,,,
98587776,,,,
98588102,,,,
98588438,,,,
98589241,,,,
98589617,,,,
98589907,,,,
98590333,,,,
98590854,,,,
98596005,,,,
98597307,,,,
100913334,,,,
101195208,,,,
101195880,,,,
101196287,,,,
101196594,,,,
101197456,,,,
101197890,,,,
101201434,,,,
101201833,,,,
101340552,,657.0,3.0,200.0
101341174,,,,
108993548,,,,
125992427,,,,
98573972,,,,
98574290,,,,
98574791,,,,
98575261,,,,
98575977,,,,
98586683,,,,
98588078,,,,
98592992,,,,
98594054,,,,
101194805,,,,
101198477,,,,
101200818,,,,
108993465,,,,
108993503,,,,
125992463,,,,
98588561,,,,
98595231,,,,
101195555,,,,
101200362,,,,
108786429,,,,
108786473,,,,
108786511,,,,
108786596,,,,
108786673,,,,
115852759,,,,
115864311,,,,
115867398,,,,
115870018,,,,
115874592,,,,
115880321,,,,
115882372,,,,
115892190,,,,
115897781,,,,
115934687,,,,
115936448,,,,
115938518,,,,
115954198,,,,
115968617,,,,
115973033,,,,
115979943,,,,
115983435,,,,
116134068,,,,
116139488,,,,
116141199,,,,
116143083,,,,
116145364,,,,
116147161,,,,
116320868,,,,
116321621,,,,
116322435,,,,
116323575,,657.0,100.0,50.0
116324404,,,,
116325601,,,,
116326386,,,,
116327501,,,,
116328708,,,,
116329740,,,,
116330788,,,,
116332269,,,,
116333587,,,,
117051807,,,,
117052954,,,,
117054768,,,,
117056570,,,,
117057922,,,,
117058812,,,,
117060208,,,,
117062784,,,,
117063588,,,,
117064546,,,,
117067074,,,,
117069885,,,,
117070943,,,,
117072003,,,,
117073081,,,,
117078178,,,,
117080535,,,,
117085299,,,,
117086081,,,,
117086783,,,,
117087750,,,,
117089339,,,,
117090329,,659.0,1.0,150.0
117090917,,659.0,1.0,150.0
117091812,,,,
117093276,,,,
117095071,,,,
117095574,,,,
117096175,,,,
117097166,,,,
117098172,,,,
117098596,,,,
117099045,,,,
117099442,,,,
117100163,,,,
117100724,,,,
117101201,,,,
117101952,,,,
117102811,,,,
117103496,,,,
117104095,,,,
117104942,,,,
117105672,,657.0,1.0,2500.0
117106087,,,,
117106426,,,,
117107096,,,,
117107338,,,,
117107749,,,,
117107960,,,,
117108146,,,,
117108380,,,,
117108571,,,,
117109574,,,,
117110843,,,,
117111326,,,,
117111648,,,,
117129165,,,,
117129901,,,,
117130567,,,,
117130987,,,,
117133738,,,,
117134469,,,,
117135430,,,,
117137093,,,,
117141250,,,,
117142101,,,,
117142704,,,,
117143622,,,,
117144415,,,,
117146139,,,,
117146850,,,,
117147737,,,,
117148710,,,,
117149185,,,,
117149789,,,,
117150289,,,,
117150719,,,,
117177788,,,,
117177960,,,,
117178279,,,,
117178788,,,,
117179065,,,,
117179923,,,,
117233551,,,,
117234004,,,,
117234476,,,,
117235164,,,,
117235562,,,,
117237311,,,,
117238107,,,,
117240560,,,,
117241110,,,,
117262330,,,,
117262685,,,,
117263028,,,,
117263511,,,,
117263886,,,,
117264322,,,,
117265680,,,,
117266350,,,,
117266945,,,,
117267746,,,,
117268959,,,,
117271190,,,,
117271909,,,,
117273515,,,,
117274039,,,,
117274833,,,,
117275872,,658.0,1.0,152.0
117276673,,657.0,1.0,152.0
117277270,,,,
117278044,,,,
117278511,,,,
117278948,,,,
117279741,,,,
117280323,,657.0,1.0,152.0
117281929,,,,
117282452,,,,
117287279,,,,
117287936,,,,
117288401,,,,
117289321,,,,
117289678,,,,
117289986,,,,
117290355,,,,
117291285,,,,
117292380,,,,
117292825,,,,
117465136,,,,
117465544,,,,
117465979,,,,
117467027,,,,
117467376,,,,
117467716,,,,
117468829,,,,
117469272,,,,
117470053,,,,
117470982,,,,
117471668,,,,
117472107,,,,
117473023,,,,
117473374,,,,
117474765,,,,
117475699,,,,
117476029,,,,
117476753,,,,
117477118,,,,
117477450,,,,
117898555,,,,
117899153,,,,
117900125,,,,
117900915,,,,
117901338,,,,
117901864,,,,
117902284,,,,
117904847,,,,
117906588,,,,
117908584,,,,
117909647,,,,
117910729,,,,
117913858,,,,
117914572,,,,
117915280,,,,
117915679,,,,
117916072,,,,
117916401,,,,
117916983,,,,
117917353,,,,
117918868,,,,
117920514,,,,
117920995,,,,
118405405,,,,
118405842,,657.0,220.0,255.0
118410089,,659.0,30.0,1500.0
118410569,,657.0,10.0,210.0
118412352,,,,
118414223,,,,
118414383,,,,
118414485,,,,
118414589,,,,
118414764,,,,
119427265,,,,
119427575,,,,
119428858,,,,
121205376,,,,
121213449,,,,
121254740,,,,
121254924,,,,
121255360,,,,
121255576,,,,
121255923,,,,
121256242,,,,
121256537,,,,
117904141,,,,
117905846,,,,
117909947,,,,
117910218,,,,
121260668,,,,
44263092,,,,
44263284,,,,
44263412,,,,
55495132,,,,
86049361,,,,
44262892,,,,
44262960,,,,
44263527,,,,
44263588,,,,
44263610,,,,
44263652,,,,
44263688,,,,
44263711,,,,
44263738,,,,
44263760,,,,
44263795,,,,
55495293,,,,
55495463,,,,
55495778,,,,
55496116,,,,
55496241,,,,
62418696,,,,
62418775,,,,
66382203,,,,
66382205,,,,
66382207,,,,
86049605,,,,
86049858,,,,
44262925,,,,
44262984,,,,
44263011,,,,
44263045,,,,
44263216,,,,
44263560,,,,
56034616,,,,
48560399,,,,
48560488,,,,
48560560,,,,
48560648,,,,
48564424,,,,
48564809,,,,
48567027,,,,
85957262,,,,
85957667,,,,
48564893,,,,
48559906,,,,
48559984,,,,
48560729,,,,
48560819,,,,
48560896,,,,
48560959,,,,
48561132,,,,
48561207,,,,
48561288,,,,
48561388,,,,
48561532,,,,
48561599,,,,
48564102,,,,
48564332,,,,
48564521,,,,
48564637,,,,
62417995,,,,
62418084,,,,
62418347,,,,
85957042,,,,
48560065,,,,
48560118,,,,
48560214,,,,
48560282,,,,
48561037,,,,
48561471,,,,
48564235,,,,
61990054,,,,
61990099,,,,
61990108,,,,
64839426,,,,
64839584,,,,
66621630,,,,
61990074,,,,
61990193,,,,
61990210,,,,
61990217,,,,
64839205,,,,
64839232,,,,
64839300,,,,
64839356,,,,
64839473,,,,
64839536,,,,
64839622,,,,
64839689,,,,
66411014,,,,
61990202,,,,
75716135,,,,
75716990,,,,
75718087,,,,
75718678,,,,
75719350,,,,
75758628,,,,
75758838,,,,
75759047,,,,
75759233,,,,
75759411,,,,
75759584,,,,
75759853,,,,
75760150,,,,
75760351,,,,
75760476,,,,
75760646,,,,
75761042,,,,
75761171,,,,
75761314,,,,
75761461,,,,
75761617,,,,
75761755,,,,
75762073,,,,
75762361,,,,
75771226,,,,
75771317,,,,
75771451,,,,
75771545,,,,
75771635,,,,
75775620,,,,
75775740,,,,
75775848,,,,
75775950,,,,
75776064,,,,
75776173,,,,
75776278,,,,
75776372,,,,
75776485,,,,
75776604,,,,
75776874,,,,
75777173,,,,
75777309,,,,
75777400,,,,
75777531,,,,
75777656,,,,
75777769,,,,
75777886,,,,
75778012,,,,
75778161,,,,
75778296,,,,
75778450,,,,
76394797,,,,
76440297,,,,
76440805,,,,
76442450,,,,
76662871,,,,
76663943,,,,
76664668,,,,
76665566,,,,
76666323,,,,
76666762,,,,
76667454,,,,
76668697,,,,
76669184,,,,
76669635,,,,
76670088,,,,
76670354,,,,
76670540,,,,
76670717,,,,
76670945,,,,
76671348,,,,
76671617,,,,
76671786,,,,
76672479,,,,
76673000,,,,
76673430,,,,
76914253,,,,
76916607,,,,
76919983,,,,
80204023,,,,
80204865,,,,
80282535,,,,
80283249,,,,
80285181,,,,
80286374,,657.0,111.0,11.0
80287040,,,,
80287642,,,,
80289324,,,,
80497394,,657.0,1.0,1.0
80499284,,657.0,1.0,1.0
80500464,,657.0,1.0,1.0
80500940,,657.0,1.0,1.0
80501417,,,,
80502339,,,,
80502928,,,,
80539543,,,,
80540359,,,,
80540956,,,,
80541245,,,,
80541578,,,,
80543174,,,,
80543844,,,,
80544128,,,,
80544519,,,,
80544866,,,,
80545194,,,,
80667687,,,,
80669014,,,,
81213667,,,,
81803431,,,,
81803499,,,,
81803574,,,,
81803822,,,,
81803885,,,,
81804037,,,,
81804105,,,,
81804193,,,,
81804347,,,,
81804468,,,,
81804533,,,,
81804594,,,,
81804663,,,,
81804719,,,,
81804815,,,,
81804893,,,,
81805203,,,,
81805294,,,,
81805412,,,,
81805479,,,,
81805556,,,,
81805637,,,,
81805712,,,,
81805794,,,,
81805858,,,,
81805957,,,,
81806049,,,,
81806928,,,,
81807390,,,,
81807550,,,,
81807725,,,,
81807809,,,,
81807873,,,,
81807943,,,,
81808109,,,,
81808371,,,,
81808508,,,,
81808606,,,,
81808732,,,,
81808865,,,,
82376634,,,,
82377558,,,,
82378986,,,,
82379527,,,,
82464707,,,,
82474041,,,,
82481662,,,,
82482625,,,,
82483763,,,,
82495267,,,,
82497829,,,,
82528637,,,,
82529547,,,,
82530259,,,,
82531153,,,,
82533607,,,,
82534448,,,,
82545119,,,,
82545958,,,,
82546646,,,,
82547174,,,,
82548452,,,,
82549027,,,,
82550024,,,,
82550809,,,,
82551840,,,,
82554652,,,,
82555603,,,,
82556608,,,,
82557141,,,,
82557568,,,,
82558085,,,,
82558758,,,,
82559336,,,,
82564045,,,,
82564391,,,,
82564668,,,,
82565292,,,,
82565599,,,,
82565935,,,,
82566308,,,,
82566716,,,,
82567173,,,,
82567624,,,,
82568007,,,,
82568452,,,,
82569136,,,,
82569635,,,,
82582452,,,,
82589580,,,,
82589802,,,,
82590280,,,,
82591249,,,,
82591577,,,,
82591963,,,,
82592147,,,,
82592492,,,,
82592906,,,,
82593160,,,,
82593429,,,,
82593831,,,,
82594057,,,,
82594336,,,,
82594615,,,,
82594847,,,,
82595111,,,,
82595315,,,,
82598628,,,,
82598863,,,,
82599652,,,,
82599931,,,,
80664600,,,,
80670629,,,,
80671496,,,,
80672367,,,,
80674757,,,,
80675425,,,,
80676557,,,,
80677902,,,,
80678796,,,,
80680963,,,,
80681330,,,,
81202092,,,,
81212950,,,,
82375147,,,,
82578918,,,,
82583607,,,,
82585671,,,,
104437781,,,,
104439856,,,,
104607784,,,,
104610426,,,,
104613538,,,,
104613543,,,,
104613548,,,,
104615967,,,,
104616560,,,,
104666730,,,,
104667396,,,,
104668293,,,,
104668684,,,,
104669403,,,,
104672957,,,,
104673863,,,,
104674668,,,,
104675182,,,,
104676416,,,,
104677254,,,,
104677628,,,,
104679834,,,,
104680552,,,,
104681266,,,,
104696959,,658.0,5.0,150.0
104697193,,657.0,5.0,500.0
104697760,,,,
104698034,,,,
104698343,,,,
104698724,,,,
104704132,,,,
104704347,,,,
104704789,,,,
104704972,,,,
104705206,,,,
104705397,,,,
104705536,,,,
104705748,,,,
104705860,,,,
104706024,,,,
104706477,,,,
104706762,,,,
104706939,,,,
104707769,,,,
104708137,,,,
104718886,,,,
104719305,,,,
104720489,,,,
104721236,,,,
104724671,,,,
104725271,,,,
104726069,,,,
104726702,,,,
104728021,,,,
105062192,,,,
105062810,,,,
105063710,,,,
105064408,,,,
105065441,,,,
105068846,,,,
105069328,,,,
105218334,,,,
105218863,,,,
105219371,,,,
105226751,,,,
105227042,,,,
105227324,,,,
105227855,,,,
105228124,,,,
105248373,,,,
105248909,,,,
105257303,,,,
105257889,,,,
105258189,,,,
105259833,,,,
105260207,,,,
105260550,,,,
105260865,,,,
105261160,,,,
105263426,,,,
105263684,,,,
105263837,,,,
105264091,,,,
105271186,,,,
105271278,,,,
105271369,,,,
105271634,,,,
105271785,,,,
105271946,,,,
105272040,,,,
105272172,,,,
105272404,,,,
105272560,,,,
105280443,,,,
105280745,,,,
105281294,,,,
105281814,,,,
105282014,,,,
105282230,,,,
105282381,,,,
105282566,,,,
105282822,,,,
105283077,,,,
105310756,,,,
105320626,,,,
105322239,,,,
105322555,,,,
105322893,,,,
105323263,,,,
105346878,,,,
105348927,,,,
105349696,,,,
105352625,,,,
105380191,,,,
105380242,,657.0,1.0,1.0
105380331,,657.0,1.0,1.0
105380384,,,,
105385000,,,,
105385317,,,,
105385387,,,,
105385512,,,,
105385987,,,,
105386102,,657.0,1.0,2.0
105386195,,657.0,2.0,2.0
105389803,,,,
105389940,,,,
105390192,,,,
105390837,,,,
105410425,,,,
104436132,,,,
105285932,,,,
105286382,,,,
105288559,,,,
105289787,,,,
105290603,,,,
105311507,,,,
105312553,,,,
105313757,,,,
105314234,,,,
105316983,,,,
105317688,,,,
105318429,,,,
105318767,,,,
105320299,,,,
105321038,,,,
105321332,,,,
105407696,,,,
105410708,,,,
115468414,,,,
117692576,,659.0,365.0,400.0
117693843,,,,
117694749,,,,
117696468,,,,
118317968,,,,
119674509,,,,
119682712,,,,
119684353,,,,
119685991,,,,
121064854,,,,
121114112,,,,
121114515,,,,
121114816,,,,
121115140,,,,
121115425,,,,
121115774,,,,
121116083,,,,
121116636,,,,
121116969,,,,
121117231,,,,
121117614,,,,
121117932,,,,
121118350,,,,
121118582,,,,
121119294,,,,
121122566,,,,
121215461,,,,
121215710,,,,
121218162,,,,
121218326,,,,
121218389,,,,
121218618,,,,
121218656,,,,
121218709,,,,
121218718,,,,
121218745,,,,
121218771,,,,
121218780,,,,
121218788,,,,
121218797,,,,
121218801,,,,
121218812,,,,
121218818,,,,
121218820,,,,
121218826,,,,
121218836,,657.0,122.0,100.0
121218839,,,,
121218953,,,,
121218966,,657.0,123.0,100.0
121218975,,,,
121218986,,,,
121218987,,,,
121219005,,,,
121219011,,,,
121219023,,,,
121219043,,,,
121254341,,,,
121254441,,659.0,120.0,1200.0
121254556,,,,
121254635,,,,
121254718,,,,
121255033,,,,
121255129,,657.0,120.0,100.0
121256339,,,,
121256443,,,,
121257075,,,,
121257199,,,,
115217760,,,,
118330130,,,,
118334004,,,,
118335862,,,,
119679569,,,,
121064194,,,,
121119565,,,,
121119869,,,,
121120137,,,,
121121080,,,,
121121529,,,,
121124541,,,,
121215314,,,,
121217333,,,,
121217739,,,,
121218498,,,,
121218629,,,,
121218637,,,,
121218668,,,,
121255686,,,,
44210496,,,,
44210531,,,,
44210729,,,,
44211164,,,,
66190628,,,,
66190656,,,,
66190686,,,,
66190693,,,,
66190704,,,,
66190746,,,,
44210390,,,,
44210448,,,,
44210694,,,,
44210886,,,,
44211099,,,,
44211224,,,,
44211285,,,,
44211639,,,,
44211830,,,,
44211966,,,,
44211917,,,,
47858540,,,,
47858686,,,,
47858925,,,,
47859035,,,,
47863278,,,,
47866076,,,,
66190291,,,,
66196175,,,,
47859204,,,,
47859434,,,,
47859632,,,,
47859744,,,,
47859948,,,,
47860799,,,,
47860947,,,,
47862073,,,,
47862290,,,,
47862760,,,,
47865042,,,,
66190275,,,,
66196186,,,,
66196202,,,,
47860414,,,,
47860551,,,,
47861159,,,,
47861376,,,,
47861543,,,,
47861789,,,,
47861947,,,,
47862571,,,,
47862920,,,,
62021926,,,,
62023815,,,,
62161675,,,,
64758392,,,,
64758552,,,,
64758730,,,,
64758791,,,,
64758819,,,,
64758931,,,,
64759057,,,,
64759083,,,,
64759185,,,,
64759206,,,,
61961788,,,,
61962005,,,,
61963778,,,,
61964138,,,,
61964671,,,,
62161476,,,,
64758356,,,,
64758636,,,,
64758673,,,,
64759140,,,,
75589882,,,,
75591227,,,,
76025043,,,,
76025799,,,,
76026721,,,,
76027224,,,,
76027692,,,,
76028229,,,,
76028528,,,,
76029117,,,,
76029476,,,,
76029874,,,,
76710451,,,,
76718878,,,,
76753436,,,,
76754372,,,,
76759589,,,,
76760892,,,,
76761883,,,,
76763013,,,,
76763732,,,,
76764494,,,,
76765114,,,,
78557655,,,,
78559777,,,,
78561296,,,,
78562363,,,,
78563280,,,,
78565509,,,,
78567743,,,,
78873094,,,,
79730151,,,,
79802769,,,,
79803596,,,,
79804316,,,,
79805043,,657.0,365.0,350.0
79805600,,657.0,365.0,350.0
79806074,,657.0,365.0,350.0
79806737,,657.0,365.0,350.0
79807154,,657.0,365.0,350.0
79807722,,657.0,365.0,350.0
79808215,,657.0,365.0,350.0
79808646,,657.0,365.0,350.0
79809028,,657.0,365.0,350.0
79809429,,657.0,365.0,350.0
79809822,,657.0,365.0,350.0
79810215,,657.0,365.0,350.0
79810587,,657.0,365.0,350.0
79811191,,657.0,365.0,350.0
79811598,,657.0,365.0,350.0
79811961,,657.0,365.0,350.0
79812482,,657.0,365.0,350.0
79813189,,,,
79813861,,,,
79814679,,,,
79815226,,,,
79815943,,,,
79816609,,,,
79817215,,,,
79817814,,,,
79818216,,,,
79818643,,,,
79819095,,,,
79819427,,,,
79820071,,,,
79823925,,,,
79824531,,,,
79825066,,,,
79825554,,,,
79826063,,,,
79826570,,,,
79827060,,,,
79827963,,,,
79828496,,,,
79829120,,,,
79829817,,,,
79830399,,,,
79831060,,,,
79832370,,,,
79832967,,,,
79833576,,,,
79834201,,,,
79834714,,,,
79835408,,,,
79836002,,,,
79836516,,,,
79837037,,,,
79837530,,,,
79838088,,,,
79838552,,,,
79839887,,,,
79840522,,,,
79841122,,,,
79841945,,,,
79842465,,,,
79842944,,,,
79843490,,,,
79844128,,,,
80570969,,,,
80572458,,,,
80572758,,,,
80572981,,,,
80573709,,,,
80574276,,,,
80574635,,,,
80575177,,,,
80575505,,,,
80575847,,,,
80576371,,,,
80576787,,,,
80577089,,,,
80577395,,,,
80577719,,,,
80577978,,,,
80578249,,,,
80578526,,,,
80581126,,,,
80747681,,,,
80748480,,,,
80749054,,,,
82859336,,,,
82859802,,,,
82860171,,,,
82860640,,,,
82861085,,,,
82861942,,,,
82862661,,,,
82863450,,,,
82863793,,,,
82864270,,,,
82868387,,,,
82868703,,,,
82868707,,,,
82869273,,,,
82870300,,,,
82870795,,,,
82871088,,,,
82871846,,,,
82872650,,,,
82874736,,,,
82875375,,,,
82877377,,,,
82878026,,,,
82879194,,,,
82880973,,657.0,2.0,200.0
82887247,,657.0,2.0,200.0
82889664,,,,
82890529,,,,
82901568,,,,
82933555,,,,
82934525,,,,
82942628,,,,
82943031,,,,
82943598,,659.0,90.0,50.0
82944155,,,,
82945063,,,,
82945970,,657.0,2.0,20.0
82946815,,,,
82982893,,,,
82983432,,,,
82983733,,,,
82984241,,,,
82984672,,,,
82985079,,,,
82985316,,,,
82985539,,,,
82985722,,,,
82986093,,,,
82986382,,,,
82986750,,,,
82986939,,,,
82987332,,,,
82987675,,,,
82987958,,,,
82988419,,,,
82988992,,,,
82989290,,,,
82989521,,,,
82989751,,,,
82990009,,,,
82990222,,,,
82990481,,,,
82990654,,,,
82990852,,,,
82991236,,,,
82991513,,,,
82991789,,,,
82992060,,,,
82992953,,,,
82993239,,,,
82993426,,,,
82993614,,,,
82993839,,,,
82994077,,,,
82994323,,,,
82994539,,,,
82994805,,,,
82995059,,,,
82995419,,,,
82995784,,657.0,2.0,100.0
82996333,,,,
126998057,,,,
127969368,,,,
127969495,,,,
126997169,,,,
82902320,,,,
82903140,,,,
82906245,,,,
82908096,,,,
82919590,,,,
82921150,,,,
82925052,,,,
82925792,,,,
82928400,,,,
82932993,,,,
82948986,,,,
82951856,,,,
126997865,,,,
127969320,,,,
76198842,,,,
76202491,,,,
76204680,,,,
76205766,,,,
76262532,,,,
76263667,,,,
76462628,,,,
76463683,,,,
76463946,,,,
76467408,,,,
76468260,,,,
76468739,,,,
76469217,,,,
76469548,,,,
76470002,,,,
76470578,,,,
76471165,,,,
76471650,,,,
76472140,,,,
76472580,,,,
76473843,,,,
76474309,,,,
76474861,,,,
76475558,,,,
76476050,,,,
76476711,,,,
76477611,,,,
76478243,,,,
76478930,,,,
76479845,,,,
76480560,,,,
76481175,,,,
76482024,,,,
76482730,,,,
76485887,,,,
76488057,,,,
76489751,,,,
76491047,,,,
76493124,,,,
76699145,,,,
76699476,,,,
76699756,,,,
76700877,,,,
76701400,,,,
76701721,,,,
76702038,,,,
76702310,,,,
76702597,,,,
76702939,,,,
76703237,,,,
76703650,,,,
76703925,,,,
76704247,,,,
76706958,,,,
76707322,,,,
76707977,,,,
76708493,,,,
76708905,,,,
76709832,,,,
76711016,,,,
76714540,,,,
76715947,,,,
76716690,,,,
76717549,,,,
76718196,,,,
76726704,,,,
76727599,,,,
76729161,,,,
76730094,,,,
76730941,,,,
76731772,,,,
76732673,,,,
76733539,,,,
76734271,,,,
76741169,,,,
76741837,,,,
76742721,,,,
76743519,,,,
76744884,,,,
76745677,,,,
76746520,,,,
76747443,,,,
76748317,,,,
76749223,,,,
76750027,,,,
76750822,,,,
76751657,,,,
76752467,,,,
76755657,,,,
76756540,,,,
76757641,,,,
76758755,,,,
82902692,,,,
82905508,,,,
126996973,,,,
98470748,,,,
98615849,,,,
98616399,,,,
98730785,,,,
98744921,,,,
98746831,,657.0,12.0,25.0
98753809,,,,
98754149,,,,
98771105,,,,
98771638,,,,
98772052,,,,
98773240,,,,
98774180,,,,
98774623,,657.0,12.0,2.0
98813763,,,,
98910664,,,,
98911277,,,,
105495495,,,,
105496047,,,,
105496539,,,,
105499144,,,,
105500629,,,,
105500860,,,,
105501262,,,,
105544685,,,,
105544902,,,,
105545150,,,,
105545593,,,,
105545824,,,,
105545948,,,,
105546239,,,,
105546402,,,,
105546640,,,,
105546829,,,,
105547085,,,,
105547298,,,,
105548501,,,,
105558025,,,,
105564705,,,,
105565147,,,,
105570034,,,,
105573155,,,,
105573783,,,,
105574360,,,,
105574708,,,,
105575075,,,,
105575750,,,,
105576367,,,,
105577832,,,,
105578186,,,,
105578587,,,,
108601941,,,,
128141632,,,,
128141666,,,,
128141692,,,,
128141743,,,,
105553744,,,,
105555079,,,,
105556316,,,,
105556988,,,,
105560150,,,,
105560796,,,,
105561266,,,,
105563838,,,,
105566950,,,,
105567322,,,,
105567882,,,,
105568199,,,,
105568620,,,,
108601974,,,,
108602020,,,,
105557607,,,,
105561680,,,,
105565614,,,,
108601994,,657.0,1.0,30.0
121467489,,,,
121470285,,657.0,1.0,1.0
121471464,,657.0,1.0,1.0
121606396,,,,
121606703,,,,
121606824,,,,
121606878,,,,
121606886,,,,
121606974,,,,
121607045,,,,
121607154,,,,
121607243,,,,
121607247,,,,
121607306,,,,
121607353,,,,
121607535,,,,
121607936,,,,
121608028,,,,
121608129,,658.0,1.0,15.0
121608420,,,,
121608453,,,,
121608499,,,,
121608690,,,,
121608827,,,,
121608895,,,,
121609037,,,,
121609243,,,,
121609414,,,,
121609529,,,,
121609624,,,,
121609771,,,,
121609917,,,,
121610081,,,,
121610535,,,,
121610668,,,,
121610914,,,,
121612250,,,,
121612755,,,,
121612934,,,,
121613152,,,,
121613329,,,,
121613447,,,,
121613563,,,,
121613733,,,,
121614536,,,,
121614678,,,,
121615092,,,,
121615229,,,,
121615622,,,,
121615948,,,,
121787380,,,,
121787688,,,,
121787838,,,,
121792231,,,,
121792578,,,,
121792730,,,,
121792867,,,,
121793045,,,,
121793130,,,,
121793298,,,,
121793394,,,,
121793490,,,,
121793599,,,,
121793668,,,,
121793671,,,,
121793789,,,,
128119880,,,,
128119937,,,,
121606452,,,,
121606532,,,,
121606698,,,,
121606762,,,,
121608181,,,,
121608233,,,,
121773212,,,,
43671521,,,,
43671747,,,,
43671918,,,,
43672319,,,,
43672705,,,,
88000745,,,,
88001647,,,,
88001670,,,,
88001711,,,,
88001739,,,,
43671404,,,,
43671464,,,,
43671644,,,,
43671842,,,,
43671984,,,,
43672125,,,,
43672187,,,,
43672259,,,,
43672356,,,,
43672422,,,,
43672585,,,,
43672631,,,,
44144628,,,,
88000587,,,,
43671274,,,,
43672056,,,,
64130825,,,,
64131834,,,,
64131918,,,,
64132339,,,,
64132368,,,,
64130099,,,,
64130151,,,,
64130177,,,,
64130269,,,,
64130337,,,,
64130379,,,,
64130414,,,,
64130448,,,,
64130492,,,,
64130528,,,,
47727477,,,,
47728391,,,,
47728812,,,,
47729260,,,,
47729913,,,,
47730299,,,,
47730667,,,,
47731010,,,,
47731215,,,,
47731425,,,,
47731646,,,,
47731922,,,,
47734540,,,,
59963154,,,,
60095985,,,,
60096214,,,,
66074871,,,,
66074894,,,,
66074916,,,,
66075086,,,,
60096391,,,,
66074832,,,,
66074853,,,,
66074952,,,,
66074971,,,,
66075002,,,,
66075036,,,,
66075064,,,,
66075107,,,,
66075123,,,,
66075138,,,,
79966088,,,,
79968034,,,,
79969302,,,,
79971173,,,,
79972453,,,,
79973077,,,,
79974350,,,,
79975298,,,,
79976306,,,,
79977211,,,,
79977817,,,,
79978558,,,,
79979104,,,,
79979611,,,,
79980206,,,,
79980676,,,,
79982088,,,,
79982985,,,,
80253121,,657.0,5.0,60.0
80253883,,,,
80254795,,,,
80444256,,,,
80446749,,,,
80447449,,,,
80448577,,,,
80449341,,,,
80450100,,,,
80451014,,,,
80451977,,,,
80452972,,,,
80454232,,,,
80455115,,,,
80461878,,,,
80463086,,657.0,15.0,5600.0
80465729,,,,
80466855,,,,
80467669,,,,
80468606,,,,
80469297,,,,
80470534,,,,
80471339,,,,
80472904,,,,
80475271,,,,
80475918,,,,
80476604,,,,
80477324,,,,
80477877,,,,
80478835,,,,
80481574,,,,
80482420,,,,
80483743,,,,
80484664,,,,
80485510,,,,
80486326,,,,
80487269,,658.0,30.0,500.0
80490076,,,,
80491080,,,,
80491887,,,,
80492898,,,,
80493763,,,,
80494565,,,,
80495118,,,,
80495891,,,,
80496467,,,,
80497391,,,,
80498873,,,,
80500135,,,,
80500805,,,,
80502267,,,,
80502875,,,,
80503819,,,,
80504373,,,,
80505138,,,,
80505568,,,,
80507186,,,,
80507617,,,,
80508224,,,,
80508620,,,,
80509376,,,,
80629600,,,,
80631336,,,,
80631338,,,,
80632458,,,,
80633832,,,,
80634715,,,,
80637822,,,,
80638420,,,,
80639119,,,,
80639955,,,,
80640770,,,,
80642258,,,,
80643626,,,,
80655728,,,,
80687592,,,,
80688939,,,,
80691915,,,,
80692428,,,,
80692954,,,,
80693413,,,,
80693703,,,,
80694092,,,,
80694339,,,,
80695045,,,,
80695301,,,,
80695691,,,,
80695949,,,,
80696260,,,,
80696563,,,,
80696856,,,,
80697167,,,,
80697645,,,,
80698516,,,,
80699235,,,,
80699590,,,,
80699840,,,,
80700200,,,,
80700546,,,,
80700997,,,,
80701181,,,,
80701435,,,,
80701979,,,,
80702226,,,,
80702659,,,,
80703007,,,,
80703245,,,,
80703682,,,,
80704106,,,,
80704349,,,,
80705061,,,,
80705425,,,,
80705744,,,,
80705750,,,,
80706089,,,,
80706151,,,,
80706441,,657.0,2.0,2.0
80706577,,657.0,5.0,500.0
80706892,,,,
80707316,,,,
80707598,,,,
80707942,,,,
80708151,,,,
80708422,,,,
80876784,,,,
80877131,,,,
80877523,,,,
80881138,,,,
80881587,,657.0,3.0,3.0
80882117,,,,
80882409,,,,
80882801,,,,
80883045,,,,
80883358,,657.0,3.0,3.0
80883866,,,,
80884343,,,,
80884633,,657.0,2.0,2.0
80884937,,,,
80888612,,,,
80888795,,,,
80888976,,,,
80889113,,,,
80889237,,,,
80889339,,,,
80889446,,,,
80889560,,,,
80889692,,,,
80889808,,,,
80889935,,,,
80890043,,,,
80890187,,657.0,1.0,15.0
81214321,,657.0,1.0,1.0
81215586,,,,
81216534,,,,
81216790,,,,
81217493,,,,
81218446,,,,
81219402,,,,
81220100,,,,
81222842,,,,
81223880,,,,
81224572,,,,
81225970,,657.0,3.0,3.0
81226738,,,,
81227276,,,,
81228440,,,,
81229143,,,,
81230697,,,,
81231866,,,,
81232739,,,,
81233634,,,,
81234672,,,,
81235307,,,,
81235928,,657.0,4.0,4.0
81236911,,657.0,2.0,2.0
81238654,,657.0,4.0,4.0
81239993,,,,
81240706,,657.0,3.0,3.0
81241650,,657.0,2.0,2.0
81242633,,,,
81243104,,,,
81244135,,,,
81244788,,,,
81245395,,657.0,3.0,3.0
81246103,,657.0,4.0,4.0
81246777,,657.0,5.0,5.0
81247485,,,,
81247990,,,,
81631092,,,,
81631444,,,,
81632413,,,,
81633634,,657.0,1.0,14.0
81633743,,,,
81633782,,,,
81633917,,,,
128589744,,,,
81631361,,,,
81631700,,,,
81631971,,,,
81632977,,,,
81633032,,,,
81633096,,,,
81633147,,,,
81634494,,,,
81634520,,,,
81634557,,,,
128589704,,,,
81631625,,,,
81632205,,,,
81632292,,,,
81632343,,,,
81632523,,,,
81632585,,,,
102395270,,,,
102395610,,,,
102395936,,,,
102396278,,,,
102396791,,,,
102397296,,,,
102398271,,,,
102398918,,,,
102399478,,,,
102400181,,,,
102400702,,,,
102401089,,,,
102401518,,,,
102402234,,,,
102403562,,,,
102404245,,,,
102405083,,,,
102405955,,657.0,2.0,100.0
102406454,,659.0,2.0,200.0
102407105,,657.0,2.0,200.0
102407475,,,,
102408256,,657.0,1.0,100.0
102408897,,657.0,2.0,100.0
102409876,,,,
102411131,,,,
102416253,,,,
102416337,,,,
102416871,,,,
102417515,,,,
102418137,,,,
102418324,,657.0,10.0,50.0
102418869,,,,
102419073,,,,
102419367,,,,
102419879,,,,
102420379,,,,
102420530,,,,
102421569,,,,
102421791,,657.0,10.0,100.0
102422728,,,,
102422955,,,,
102423204,,,,
102424444,,,,
102425379,,,,
102425850,,,,
102426546,,,,
102426838,,,,
102427557,,,,
102428572,,,,
102429011,,,,
102429343,,,,
102429356,,,,
102429647,,,,
102429689,,,,
102429946,,,,
102429964,,658.0,12.0,21.0
102430541,,,,
102430697,,657.0,1.0,30.0
102430710,,,,
102431006,,,,
102431059,,,,
102431259,,,,
102431363,,657.0,1.0,40.0
102431662,,,,
102431841,,,,
102431974,,,,
102432200,,,,
102432430,,,,
102432442,,657.0,1.0,50.0
102432762,,658.0,10.0,50.0
102432901,,,,
102433025,,,,
102433099,,,,
102433353,,658.0,10.0,60.0
102433632,,,,
102433693,,,,
102433824,,,,
102434199,,,,
102434231,,,,
102434490,,,,
102434679,,,,
102434693,,,,
102434992,,,,
102435171,,,,
102435332,,,,
102435573,,,,
102435683,,,,
102436092,,,,
102436217,,,,
102436425,,657.0,1.0,50.0
102436865,,,,
102437003,,,,
102437024,,657.0,1.0,60.0
102437257,,,,
102437657,,,,
102437732,,,,
102437767,,,,
102438465,,,,
102438569,,657.0,1.0,20.0
102439381,,,,
102439444,,,,
102441937,,,,
102443133,,,,
102443852,,,,
102444010,,,,
102444752,,,,
102444887,,,,
102445527,,657.0,7.0,35.0
102445696,,,,
102445728,,,,
102446414,,,,
102446441,,,,
102446767,,,,
102447380,,,,
102447495,,,,
102447663,,,,
102448607,,,,
102448795,,,,
102449721,,,,
102450263,,,,
102450476,,,,
102451061,,,,
102451285,,,,
102451369,,,,
102451816,,,,
102452115,,,,
102452249,,,,
102452352,,,,
102452993,,,,
102453101,,,,
102453169,,,,
102453949,,,,
102454641,,,,
102456594,,,,
102457248,,,,
102457511,,,,
102458406,,,,
102458501,,,,
102459165,,,,
102459229,,,,
102459345,,,,
102459873,,,,
102460186,,,,
102460919,,,,
102461741,,,,
102461790,,,,
102461944,,,,
102462594,,,,
102462691,,,,
102463080,,,,
102463357,,,,
102464031,,,,
102464638,,,,
102465309,,,,
102466565,,,,
102470176,,,,
102474250,,,,
102476123,,,,
102478004,,,,
102479496,,,,
102480512,,,,
102481991,,,,
102482747,,,,
102974687,,,,
102977694,,,,
102977834,,,,
102978227,,,,
102978366,,657.0,2.0,35.0
102978522,,,,
102978645,,,,
102978780,,,,
102979038,,657.0,2.0,35.0
102973373,,,,
102973596,,,,
102973833,,,,
102974410,,,,
102975154,,,,
102975381,,,,
102975565,,,,
102975731,,,,
102976510,,,,
102976675,,,,
102977029,,,,
102977210,,,,
102977375,,,,
118752772,,,,
118753193,,,,
118753674,,,,
118754349,,,,
118754807,,,,
118756078,,,,
118756379,,,,
118757048,,,,
118757282,,,,
118757987,,,,
118758311,,,,
118758578,,,,
118759986,,,,
118760225,,,,
118760466,,,,
118760890,,,,
118761232,,,,
118761484,,,,
118761723,,,,
121545153,,,,
121545305,,,,
121545784,,,,
121546185,,,,
121546331,,,,
121546574,,,,
121546685,,,,
121546860,,,,
121547128,,,,
121547532,,,,
121547858,,,,
121548052,,,,
121548230,,,,
121548398,,,,
121548646,,,,
121548949,,,,
121549197,,,,
121549373,,,,
121549645,,,,
121549784,,,,
121550568,,,,
121550866,,,,
121551878,,,,
121552077,,,,
121552244,,,,
121552972,,,,
121553214,,,,
121553444,,,,
121553744,,,,
121553902,,,,
121554071,,,,
121554211,,,,
121554407,,,,
121554642,,,,
121554814,,,,
121555227,,,,
121555627,,,,
121556358,,,,
121556663,,,,
121556812,,,,
121556955,,,,
121557073,,,,
121557271,,,,
121557434,,,,
121557619,,,,
121557786,,,,
121557902,,,,
121558035,,,,
121558160,,,,
121558313,,,,
121558514,,,,
121558673,,,,
121558820,,,,
121559118,,,,
121559433,,,,
121559630,,,,
121559771,,,,
121559950,,,,
121560077,,,,
121560219,,,,
121560359,,,,
121560473,,,,
121560634,,,,
121560875,,,,
121561064,,,,
121561267,,,,
121561544,,,,
121561695,,,,
121561832,,,,
121561967,,,,
121840580,,657.0,10.0,100.0
121840941,,658.0,10.0,100.0
121841168,,,,
121841411,,,,
121841682,,657.0,10.0,150.0
121842061,,,,
121842222,,,,
121842402,,,,
121842511,,,,
121842748,,657.0,10.0,10.0
121842948,,,,
121843138,,,,
121843367,,,,
121843711,,,,
121843862,,,,
121844062,,,,
121844311,,,,
121844468,,,,
121844611,,,,
121844802,,,,
121844958,,657.0,10.0,10.0
121949966,,,,
121950169,,,,
121955437,,,,
121957684,,,,
121958030,,,,
121958542,,657.0,1.0,500.0
121958669,,,,
121958800,,,,
121959211,,,,
121959381,,,,
121959585,,,,
121959732,,657.0,1.0,500.0
121959959,,657.0,1.0,500.0
121960091,,,,
121960176,,,,
121960292,,,,
121960380,,,,
121960591,,,,
121960748,,657.0,1.0,500.0
121960962,,657.0,1.0,420.0
121961027,,657.0,1.0,120.0
121961223,,,,
121961849,,657.0,1.0,500.0
121962026,,,,
121962085,,,,
121962128,,,,
121962178,,,,
121962250,,,,
121962301,,,,
121962431,,,,
128589602,,,,
128589625,,,,
121949644,,,,
121949785,,,,
121957376,,,,
121957497,,,,
121958109,,,,
121958270,,,,
121950340,,,,
121950742,,,,
121955319,,,,
121956206,,,,
44022548,,,,
44022789,,,,
52846425,,,,
66070661,,,,
66070750,,,,
66070773,,,,
66070790,,,,
44022484,,,,
44022602,,,,
44022619,,,,
44022668,,,,
44022696,,,,
44022719,,,,
44022741,,,,
44022755,,,,
44022767,,,,
44022775,,,,
44022784,,,,
44022798,,,,
44022808,,,,
44022832,,,,
44022847,,,,
44022861,,,,
44022870,,,,
44022883,,,,
52846250,,,,
52846339,,,,
66070565,,,,
66070594,,,,
44022587,,,,
44022634,,,,
44022650,,,,
44022682,,,,
44022712,,,,
44022727,,,,
44023011,,,,
55269673,,,,
55269695,,,,
55269724,,,,
55269749,,,,
54757869,,,,
54758005,,,,
54758039,,,,
54758087,,,,
54758155,,,,
54758235,,,,
54758281,,,,
54758315,,,,
66071033,,,,
54757828,,,,
60104110,,,,
60105170,,,,
60105431,,,,
60105698,,,,
65351635,,,,
65351656,,,,
65351675,,,,
65351701,,,,
65351718,,,,
65351733,,,,
65351749,,,,
65351766,,,,
65351853,,,,
65351888,,,,
65351904,,,,
65351915,,,,
65351930,,,,
65351946,,,,
65351969,,,,
69917365,,,,
75455654,,,,
75455883,,,,
75456664,,,,
75457082,,,,
75457545,,,,
75457755,,,,
75458221,,,,
75459045,,,,
75459583,,,,
75459781,,,,
75459962,,,,
75460200,,,,
75460436,,,,
75460865,,,,
75464054,,,,
75464853,,,,
75465217,,,,
75465593,,,,
75465950,,,,
75466192,,,,
75466470,,,,
75466984,,,,
75467275,,,,
75468014,,,,
75477533,,,,
75478046,,,,
75479686,,,,
75480282,,,,
75481573,,,,
75481911,,,,
75482162,,,,
75482461,,,,
75482874,,,,
75483319,,,,
75483839,,,,
75484220,,,,
75485640,,,,
75498477,,,,
75498778,,,,
75499054,,,,
75499474,,,,
75499654,,,,
75500758,,,,
75500916,,,,
75501174,,,,
76246310,,,,
76249972,,,,
76254032,,,,
76256920,,,,
76260456,,,,
76265677,,,,
76265678,,,,
76269640,,,,
76271453,,,,
76275634,,,,
76278387,,,,
76279734,,,,
76309784,,,,
76312410,,,,
76312901,,,,
76349337,,,,
76350783,,,,
76352865,,,,
76355165,,,,
76357037,,,,
76357950,,,,
76360273,,,,
76367258,,,,
76386694,,,,
76388028,,,,
76390362,,,,
76392812,,,,
76394478,,,,
76396583,,,,
76397637,,,,
76399540,,,,
76400809,,,,
76402246,,,,
76403386,,,,
76405064,,,,
76442140,,,,
76444742,,,,
76445378,,,,
76445724,,,,
76446110,,,,
76446182,,,,
76446553,,,,
76446803,,,,
76447032,,,,
76447396,,,,
76951751,,,,
77533068,,,,
77538462,,,,
77541948,,,,
77542787,,,,
77543860,,,,
77544569,,,,
77599524,,,,
77606380,,,,
77802669,,,,
77804793,,,,
77806083,,,,
77808155,,,,
77809831,,,,
77849903,,,,
77851902,,,,
77853223,,,,
77855017,,,,
77856121,,,,
77856823,,,,
77857919,,,,
77859955,,,,
77866939,,,,
77867474,,,,
77869836,,,,
77870203,,,,
77870536,,,,
77873480,,,,
77874134,,,,
77874426,,,,
77874805,,,,
77874957,,,,
77875062,,,,
77937011,,,,
77941953,,,,
77946183,,,,
77948356,,,,
77951074,,,,
77953022,,,,
77955714,,,,
77958266,,,,
77960312,,,,
77966817,,,,
77968913,,,,
77972658,,,,
77987006,,,,
77991425,,,,
77999024,,,,
78003217,,,,
78007531,,,,
78010014,,,,
78012373,,,,
78014585,,,,
78017233,,,,
78027779,,,,
78030342,,,,
78035379,,,,
78093417,,,,
78096874,,,,
78099308,,,,
78110710,,,,
78113514,,,,
78116863,,,,
78118895,,,,
78124130,,,,
78127429,,,,
78129623,,,,
78133461,,,,
78135995,,,,
78140088,,,,
78143397,,,,
78185665,,,,
78188056,,,,
78236260,,,,
78237167,,,,
78237594,,,,
78238037,,,,
78238533,,,,
78238853,,,,
78239485,,,,
78239975,,,,
78240704,,,,
78241345,,,,
78461519,,,,
78462009,,,,
78462492,,,,
78470758,,,,
78470983,,,,
78471252,,,,
78472057,,,,
78472355,,,,
78473174,,,,
78473315,,,,
78473567,,,,
78473759,,,,
78474059,,,,
78474222,,,,
78474456,,,,
69830257,,,,
69830937,,,,
69832252,,,,
69833121,,,,
69837279,,,,
69839770,,,,
69842037,,,,
69843001,,,,
69844072,,,,
69844889,,,,
69853407,,,,
69854522,,,,
69860405,,,,
69898097,,,,
69908746,,,,
69910003,,,,
78438619,,,,
78447588,,,,
78448665,,,,
78449148,,,,
78450132,,,,
78453646,,,,
78465024,,,,
78466235,,,,
78466559,,,,
93755372,,,,
99155011,,,,
99155810,,,,
99157465,,,,
99158943,,,,
99161856,,,,
99163899,,,,
99174669,,,,
99176129,,,,
99176677,,,,
99177337,,,,
99210566,,657.0,1.0,1.0
99213378,,,,
99213748,,,,
99213936,,,,
99214200,,,,
99214600,,,,
99359239,,,,
100270945,,,,
100578945,,,,
101974284,,,,
101975873,,,,
101983020,,,,
101984720,,,,
101986224,,,,
101987325,,,,
101989485,,,,
102901334,,,,
102902663,,,,
102904540,,,,
102905636,,,,
102907510,,,,
102908497,,,,
102911235,,,,
102912027,,,,
102914365,,,,
102915382,,,,
102917669,,,,
102918916,,,,
102922165,,,,
102923192,,,,
102934146,,,,
102937022,,,,
102939652,,,,
102941112,,,,
102946547,,,,
102948831,,,,
102950612,,,,
102951470,,,,
102952219,,,,
102952895,,,,
102953287,,,,
102953818,,,,
102954516,,,,
102954584,,,,
102955377,,,,
102955420,,,,
102956295,,,,
102956362,,,,
102956984,,,,
102957778,,,,
102957978,,657.0,120.0,2.0
102959720,,,,
102960058,,,,
102960957,,,,
102961200,,,,
102962039,,,,
102962586,,,,
102962692,,,,
102962976,,,,
102963556,,,,
102963875,,,,
102964069,,,,
102964663,,,,
102965535,,,,
102965694,,,,
102966312,,,,
102966603,,,,
102973194,,,,
102973670,,,,
102974240,,657.0,160.0,12.0
102974591,,,,
102975631,,,,
102976601,,,,
99362422,,,,
99363994,,,,
99364748,,,,
99365782,,,,
99368323,,,,
99368969,,,,
99369729,,,,
99370405,,,,
99481915,,,,
100074736,,,,
100076092,,,,
100077382,,,,
100203720,,,,
100205302,,,,
100210171,,,,
100211323,,,,
100213678,,,,
100215007,,,,
100217369,,,,
100219381,,,,
100219982,,,,
100220623,,,,
101370275,,,,
102979154,,,,
102979344,,,,
117195358,,,,
117198273,,,,
117912265,,,,
117937620,,,,
117937776,,659.0,120.0,360.0
117937947,,,,
117938076,,,,
117938621,,,,
117938749,,657.0,10.0,3000.0
117938912,,,,
117955592,,,,
117956113,,,,
117956711,,,,
118260858,,,,
118261432,,,,
118261876,,657.0,2.0,500.0
118263098,,,,
118264260,,658.0,5.0,500.0
118266419,,,,
121002351,,659.0,7.0,1000.0
121716756,,,,
121716820,,,,
121716938,,,,
121717064,,,,
121717135,,,,
121735557,,,,
121735611,,659.0,1.0,237.0
121735656,,,,
121735759,,659.0,2.0,250.0
121735811,,,,
121735869,,659.0,5.0,400.0
121795376,,657.0,3.0,3.0
121795556,,,,
121832603,,,,
121833242,,,,
121840430,,,,
121853026,,,,
121853501,,,,
121853879,,,,
121854237,,,,
121854553,,,,
121854886,,,,
121855171,,,,
121855418,,,,
121855745,,,,
121856684,,,,
121857281,,,,
121858452,,,,
121859055,,,,
121859474,,,,
121860035,,,,
121860368,,,,
121860636,,657.0,1.0,1.0
121861019,,,,
121861321,,,,
121862458,,,,
121862978,,,,
121863193,,,,
121863572,,,,
121863815,,,,
121864177,,,,
121864565,,,,
121864839,,,,
121865092,,,,
121865338,,,,
121865539,,,,
121865974,,,,
121867330,,,,
121867457,,,,
121872527,,,,
121872728,,657.0,1.0,1.0
121873610,,657.0,1.0,1.0
121873702,,657.0,1.0,1.0
121873772,,657.0,1.0,1.0
121873853,,,,
121873939,,657.0,1.0,1.0
121874054,,,,
121874150,,,,
121894095,,,,
121894196,,,,
121894269,,,,
121894320,,,,
121894479,,,,
121894584,,,,
121894633,,,,
121894721,,,,
121894785,,,,
121894830,,,,
121894879,,,,
121894930,,,,
121894987,,,,
121895037,,,,
121895255,,,,
121895322,,,,
121895379,,,,
121895473,,,,
121895729,,,,
121895828,,,,
121895898,,,,
121895964,,,,
121902909,,,,
121903284,,,,
121903494,,,,
121903724,,,,
121903835,,,,
121903916,,,,
121904045,,,,
121905224,,,,
121946298,,,,
121947098,,,,
121947173,,,,
121948170,,,,
121948566,,,,
121948664,,,,
121948738,,,,
121948823,,,,
121949112,,,,
121949287,,,,
121949627,,,,
127434229,,,,
113468094,,,,
121796675,,,,
121796760,,,,
121796822,,,,
121796911,,,,
121797055,,,,
121797409,,,,
121797522,,,,
121797701,,,,
121799777,,,,
121836389,,,,
121837616,,,,
121838294,,,,
121838664,,,,
121839463,,,,
121839866,,,,
121875120,,,,
127434092,,,,
127434152,,,,
127434199,,,,
127434272,,,,
127434382,,,,
121833970,,,,
121835287,,,,
121836854,,,,
121837168,,,,
121870602,,,,
121870790,,,,
44227334,,,,
44227443,,,,
51917684,,,,
51918379,,,,
51918758,,,,
51918815,,,,
87228396,,,,
87228973,,,,
87229467,,,,
87229489,,,,
87229528,,,,
87229552,,,,
87229573,,,,
87229598,,,,
44227218,,,,
44227250,,,,
44227259,,,,
51917574,,,,
51918217,,,,
60561431,,,,
60561586,,,,
87228010,,,,
87228076,,,,
87228126,,,,
87228170,,,,
44227369,,,,
44227382,,,,
44227393,,,,
44227460,,,,
56168863,,,,
56168905,,,,
56168999,,,,
56169020,,,,
56169058,,,,
56192383,,,,
56192614,,,,
56192733,,,,
56192758,,,,
56192798,,,,
56192941,,,,
56192966,,,,
56193006,,,,
56193842,,,,
56168852,,,,
56168872,,,,
56168881,,,,
56168889,,,,
56168929,,,,
56168958,,,,
56168982,,,,
56169034,,,,
56169082,,,,
56192487,,,,
56192687,,,,
47855464,,,,
47855486,,,,
47855518,,,,
47855539,,,,
47855560,,,,
66661938,,,,
66671038,,,,
66671064,,,,
66671085,,,,
66671332,,,,
66671404,,,,
66671599,,,,
66671893,,,,
66671994,,,,
66727117,,,,
66671930,,,,
66661960,,,,
66671018,,,,
66671294,,,,
66671371,,,,
66671436,,,,
66671467,,,,
66671541,,,,
66671573,,,,
66671655,,,,
66671698,,,,
66671732,,,,
66671755,,,,
66671825,,,,
66671957,,,,
60384031,,,,
60384136,,,,
60384225,,,,
60384335,,,,
72620474,,,,
72623470,,,,
72625061,,,,
72626654,,,,
75538997,,,,
75539909,,,,
75540398,,,,
75540508,,,,
75540628,,,,
75540809,,,,
75541099,,,,
75541359,,,,
75541521,,,,
77928599,,,,
77929244,,,,
77929909,,,,
77931538,,,,
77932823,,657.0,2.0,4.0
77933356,,,,
77933897,,,,
77934648,,,,
77936044,,,,
77936736,,,,
77937364,,,,
77938089,,,,
77939023,,,,
77940125,,,,
77940664,,,,
77941251,,,,
77942316,,,,
77953591,,,,
77955190,,,,
77956327,,657.0,2.0,2.0
77956990,,,,
77958003,,657.0,2.0,3.0
77961317,,,,
77962503,,,,
77965072,,657.0,3.0,1.0
77970595,,,,
77974443,,,,
77976560,,,,
77977813,,657.0,4.0,2.0
77979337,,,,
77980358,,657.0,3.0,2.0
77983111,,657.0,5.0,2.0
77995411,,657.0,3.0,2.0
77996580,,,,
78427806,,,,
78428707,,,,
78429308,,,,
78429878,,,,
78430502,,,,
78430995,,,,
78433680,,,,
78434073,,,,
78434450,,,,
78436043,,,,
79000876,,,,
79001894,,,,
79008058,,,,
79009286,,,,
79010772,,,,
79011906,,,,
79019064,,,,
79021166,,,,
79023680,,,,
79025915,,,,
79028331,,,,
79029432,,,,
79030623,,,,
79031743,,,,
79034001,,,,
79034758,,,,
79036003,,,,
79036601,,,,
79046693,,,,
79051395,,,,
79052676,,,,
79053687,,,,
79054440,,,,
79055109,,,,
79055692,,,,
79056608,,,,
79057492,,,,
79058240,,,,
79058918,,,,
79059768,,,,
79060470,,,,
79063045,,,,
79064300,,,,
79066936,,,,
79068343,,,,
79069759,,,,
79071798,,,,
79072356,,,,
79073141,,,,
79073766,,,,
79074340,,,,
79074907,,,,
79075925,,,,
79077251,,,,
79077826,,,,
79078679,,,,
79080089,,,,
79081358,,,,
79082096,,,,
79082776,,,,
79083274,,,,
79084147,,,,
79085362,,,,
79085875,,,,
79086340,,,,
79086755,,,,
79087140,,,,
79090580,,,,
79212164,,,,
79243951,,,,
79245644,,,,
79246165,,,,
79252797,,,,
79255349,,,,
79257790,,,,
79261302,,,,
79262179,,,,
79262923,,,,
79263751,,,,
79274681,,,,
79275498,,,,
79276357,,,,
79284179,,,,
79290658,,,,
79297233,,,,
79298291,,,,
79299034,,,,
79418093,,,,
79419278,,,,
79419914,,,,
79420609,,,,
79421122,,,,
79421659,,,,
79555163,,,,
79556562,,,,
79557513,,,,
79558281,,,,
79558778,,,,
79559681,,,,
79560457,,,,
79561338,,,,
79562739,,,,
79566950,,,,
79567651,,,,
79568239,,,,
79569043,,,,
79569883,,,,
79570423,,,,
79572922,,,,
79574519,,,,
79576685,,,,
79578034,,,,
79578563,,,,
79579241,,,,
79580029,,,,
79580957,,,,
79582289,,,,
79584791,,,,
79585942,,,,
79590356,,,,
79591771,,,,
79593270,,,,
79594746,,,,
79595752,,,,
79596330,,,,
79597171,,,,
79597921,,,,
79599104,,,,
79599814,,,,
79604654,,,,
79605369,,,,
79605954,,,,
79607034,,,,
79608907,,,,
79609491,,,,
79610361,,,,
79613071,,,,
79614451,,,,
79616207,,,,
79618696,,,,
79623389,,,,
79690961,,,,
79692529,,,,
79693052,,,,
79693555,,,,
79694520,,,,
79695040,,,,
79695749,,,,
79696596,,,,
79697090,,,,
79697506,,,,
79697965,,,,
79698414,,,,
79698818,,,,
79699371,,,,
79699804,,,,
79700364,,,,
79700903,,,,
79701405,,,,
79701687,,,,
79702327,,,,
79702769,,,,
79703156,,,,
79703589,,,,
79704118,,,,
79704636,,,,
79705058,,,,
79705956,,,,
79707108,,,,
79707683,,,,
79709294,,,,
79710015,,,,
79710501,,,,
79710905,,,,
79711455,,,,
79711907,,,,
79712718,,,,
79713100,,,,
79713902,,,,
79714250,,,,
79715508,,,,
79716247,,,,
79716839,,,,
79717259,,,,
79717673,,,,
79717997,,,,
79718614,,,,
79719007,,,,
79719505,,,,
79719843,,,,
79720198,,,,
79720769,,,,
79721196,,,,
79721615,,,,
79722198,,,,
79722504,,,,
79722859,,,,
79723187,,,,
79723883,,,,
79724190,,,,
79724616,,,,
79725031,,,,
79725547,,,,
79725814,,,,
79726123,,,,
79726580,,,,
79726847,,,,
79728522,,,,
79728869,,,,
79729114,,,,
79729366,,,,
79729626,,,,
79729827,,,,
79730239,,,,
79730950,,,,
79731284,,,,
79731570,,,,
79731973,,,,
79732249,,,,
79732872,,,,
79733091,,,,
79733666,,,,
79733956,,,,
79734239,,,,
79734561,,,,
79734907,,,,
79735136,,,,
79735388,,,,
79735632,,,,
79735838,,,,
79736358,,,,
79736671,,,,
79736965,,,,
79737293,,,,
79737541,,,,
79737956,,,,
79738263,,,,
79738481,,,,
79738850,,,,
79822106,,,,
79822661,,,,
79822977,,,,
79823382,,,,
79823686,,,,
79824456,,,,
79826195,,,,
79827195,,,,
81435957,,,,
81436259,,,,
81436498,,,,
81436710,,,,
81436963,,,,
81437276,,,,
81437519,,,,
81437773,,,,
81437980,,,,
81438210,,,,
81438486,,,,
81438768,,,,
81439010,,,,
81439302,,,,
81439514,,,,
81439788,,,,
81440487,,,,
81440888,,,,
81441158,,,,
81441396,,,,
81441655,,,,
81441930,,,,
81442879,,,,
81443121,,,,
81443374,,,,
81443571,,,,
81443790,,,,
81444011,,,,
81444232,,,,
81444459,,,,
81444652,,,,
81444899,,,,
81445174,,,,
81445461,,,,
81445681,,,,
81445902,,,,
81446132,,,,
81446342,,,,
81446844,,,,
81447049,,,,
81447364,,,,
81447533,,,,
81447713,,,,
81447938,,,,
81448107,,,,
81448410,,,,
81448682,,,,
81448874,,,,
81449196,,,,
81449454,,,,
81449656,,,,
81449890,,,,
81450078,,,,
81450315,,,,
81450568,,,,
81450834,,,,
81451058,,,,
81451308,,,,
81451501,,,,
81451684,,,,
81451848,,,,
81452003,,,,
81452259,,,,
81452469,,,,
81452617,,,,
81452834,,,,
81453052,,,,
81453233,,,,
81453433,,,,
81453633,,,,
81453825,,,,
81454010,,,,
81454285,,,,
81454406,,,,
81454533,,,,
81454661,,,,
81454836,,,,
81454985,,,,
81455100,,,,
81455257,,,,
81455408,,,,
81455556,,,,
81455673,,,,
81455821,,,,
81456033,,,,
81456953,,,,
81457107,,,,
81457675,,,,
81457828,,,,
81458017,,,,
81458166,,,,
81458300,,,,
81458477,,,,
81458632,,,,
81458759,,,,
81549534,,,,
81568683,,,,
81569055,,,,
81570415,,,,
81570764,,,,
81571813,,,,
81574078,,,,
81575280,,657.0,1.0,1.0
81575673,,,,
81575968,,,,
81576250,,,,
81576647,,,,
81580542,,,,
81582232,,,,
81583713,,657.0,1.0,1.0
81583997,,,,
81584252,,,,
81584704,,,,
81585076,,,,
81585474,,,,
81585777,,,,
81586158,,,,
81586417,,,,
81586928,,,,
81545464,,,,
81545675,,,,
81545864,,,,
81546030,,,,
81546328,,,,
81546656,,,,
81547410,,,,
81547602,,,,
81547902,,,,
81549199,,,,
81550346,,,,
81550908,,,,
81551790,,,,
81552897,,,,
81553710,,,,
81557198,,,,
81558725,,,,
81564141,,,,
127284699,,,,
127284719,,,,
93854595,,,,
93855828,,,,
100227472,,,,
100227642,,,,
100227849,,,,
100228038,,,,
100228230,,,,
100228566,,,,
100229219,,,,
100229496,,,,
100229734,,,,
100229943,,,,
100230310,,,,
100236878,,,,
100237053,,,,
100237205,,,,
100237366,,,,
100237519,,,,
100237661,,,,
100237824,,,,
100237975,,,,
100238127,,,,
100238318,,,,
100238526,,,,
100238679,,,,
100238810,,,,
100238980,,,,
100239194,,,,
100239410,,,,
100239574,,,,
100239739,,,,
100239887,,,,
100240049,,,,
100240176,,,,
100240310,,,,
100240641,,,,
100240801,,,,
100295518,,,,
100295551,,,,
100295590,,,,
100295633,,,,
100295660,,,,
100295721,,,,
100295751,,,,
100295782,,,,
100295812,,,,
100295846,,,,
100295882,,,,
100295921,,,,
100295947,,,,
100295984,,,,
100296014,,,,
100296036,,,,
100296063,,,,
100296089,,,,
100296116,,,,
100296148,,,,
100296173,,,,
100296201,,,,
100296227,,,,
100296252,,,,
100296283,,,,
100296317,,,,
100296349,,,,
100296378,,,,
100296409,,,,
100296444,,,,
100296473,,,,
100296528,,,,
100296571,,,,
100296610,,,,
100296705,,,,
100296754,,,,
100296802,,,,
100296848,,,,
100296895,,,,
100296936,,,,
100296968,,,,
100297331,,,,
100297368,,,,
100297412,,,,
100297503,,,,
100297544,,,,
100297616,,,,
100297691,,,,
100297803,,,,
100297870,,,,
100297918,,,,
100297959,,,,
100298018,,,,
100298081,,,,
100298132,,,,
100298226,,,,
100298282,,,,
100298323,,,,
100298407,,,,
100298470,,,,
100298543,,,,
100298609,,,,
100298666,,,,
100298726,,,,
100298785,,,,
100298832,,,,
100298886,,,,
100298976,,,,
100299038,,,,
100299103,,,,
100299148,,,,
100299193,,,,
100299240,,,,
100303998,,,,
100304087,,,,
100304195,,,,
100304296,,,,
100304371,,,,
100304460,,,,
100304578,,,,
100304695,,,,
100304777,,,,
100304907,,,,
100305035,,,,
100305137,,,,
100305239,,,,
100305363,,,,
100305541,,,,
100305665,,,,
100305764,,,,
100305868,,,,
100305955,,,,
100306072,,,,
100306208,,,,
100306453,,,,
100306588,,,,
100306703,,,,
100306819,,,,
100306947,,,,
100307053,,,,
100307191,,,,
100307312,,,,
100307458,,,,
100307619,,,,
100329957,,,,
100330194,,,,
100360821,,,,
100361004,,,,
100361186,,,,
100361339,,,,
100361544,,,,
100361666,,,,
100361913,,,,
100362584,,,,
100363104,,,,
100363822,,,,
100364066,,,,
100364380,,,,
100364631,,,,
100364869,,,,
100365026,,,,
100365271,,,,
100365539,,,,
100365811,,,,
100366053,,,,
100366470,,,,
100366669,,,,
100366872,,,,
100367101,,,,
100367335,,,,
100367550,,,,
100367771,,,,
100367963,,,,
100368153,,,,
100368339,,,,
100368532,,,,
100368711,,,,
100368932,,,,
100369708,,,,
100369916,,,,
100370099,,,,
100399721,,,,
100399815,,,,
100399915,,,,
100400010,,,,
100400110,,,,
100400206,,,,
100400322,,,,
100400413,,,,
100400535,,,,
100400632,,,,
100400723,,,,
100400820,,,,
100400911,,,,
100401020,,,,
100401143,,,,
100401240,,,,
100401327,,,,
100401456,,,,
100401600,,,,
100401737,,,,
100401854,,,,
100401953,,,,
100402042,,,,
100402149,,,,
100402251,,,,
102340075,,,,
102340977,,,,
102341068,,,,
102341285,,,,
102341403,,,,
102341742,,,,
102342724,,,,
102343175,,,,
102343279,,,,
102458498,,,,
102459135,,,,
102467456,,,,
102468702,,,,
102469795,,,,
102470714,,,,
102471613,,,,
102472946,,,,
102474759,,,,
102476337,,,,
102477542,,,,
102479976,,,,
102485093,,,,
102485904,,,,
102486571,,,,
102488868,,,,
102492639,,,,
102493226,,,,
102493820,,,,
102494540,,,,
102495241,,,,
102496199,,,,
102497370,,,,
102499648,,,,
102500710,,,,
102501528,,,,
102502424,,,,
102504948,,,,
102505687,,,,
102507102,,,,
102508557,,,,
102510112,,,,
102512539,,,,
102513479,,,,
102514358,,,,
102515034,,,,
102516135,,,,
102660249,,,,
102661450,,,,
102672030,,,,
102676488,,,,
102677583,,,,
102678779,,,,
102681234,,,,
102682398,,,,
102683839,,,,
102693009,,,,
102695544,,,,
102340851,,,,
102341511,,,,
102341643,,,,
102341869,,,,
102342005,,,,
102342138,,,,
102342385,,,,
102342487,,,,
102342621,,,,
102342842,,,,
102343110,,,,
102343408,,,,
102343547,,,,
102343735,,,,
102343900,,,,
102596404,,,,
109031048,,,,
120939953,,,,
121016481,,,,
121016958,,,,
121017321,,,,
121017666,,,,
121017928,,,,
121018879,,,,
121019328,,,,
121020154,,,,
121020591,,,,
121021087,,,,
121021712,,,,
121022397,,,,
121023645,,,,
121025487,,,,
121025820,,,,
121026287,,,,
121026289,,,,
121028114,,,,
121029177,,,,
121029591,,,,
121030191,,,,
121030715,,,,
121031257,,,,
121031760,,,,
121032316,,,,
121032568,,,,
121033055,,,,
121033376,,,,
121033956,,,,
121034653,,,,
121034938,,,,
121035884,,,,
121036176,,,,
121036983,,,,
121037229,,,,
121037690,,,,
121038605,,,,
121038972,,,,
121039180,,,,
121039450,,,,
121293907,,,,
121294230,,,,
121294682,,,,
121295237,,,,
121297008,,,,
121299563,,,,
121300149,,,,
121300634,,,,
121300962,,,,
121301681,,,,
121302154,,,,
121302444,,,,
121302897,,,,
121303789,,,,
121304538,,,,
121304841,,,,
121305282,,,,
121305632,,,,
121305871,,,,
121306167,,,,
121306539,,,,
121306845,,,,
121307548,,,,
121308180,,,,
121308720,,,,
121309288,,,,
121309626,,,,
121310160,,,,
121311287,,,,
121695757,,,,
121696150,,,,
121696247,,,,
121696380,,657.0,1.0,1.0
121696636,,657.0,1.0,1.0
121696667,,,,
121696690,,658.0,1.0,1.0
121696718,,,,
121696748,,,,
121696801,,657.0,2.0,2.0
121696822,,,,
121696862,,,,
121696889,,,,
121696915,,,,
121696938,,,,
121696970,,,,
121697018,,,,
121697047,,,,
121697071,,,,
121697092,,,,
121697130,,,,
121697243,,,,
121697272,,,,
121854673,,,,
121855216,,,,
121855716,,,,
121856054,,,,
121856819,,,,
121857496,,,,
128415826,,,,
128415853,,659.0,15.0,15.0
128415867,,659.0,16.0,16.0
121695717,,,,
121695422,,,,
121695457,,,,
121695506,,,,
121695555,,,,
121695585,,,,
121695626,,,,
121695669,,,,
121695789,,,,
121695825,,,,
121696320,,,,
126963579,,,,
128411938,,659.0,15.0,15.0
128411960,,659.0,15.0,15.0
121695863,,,,
121695901,,657.0,1.0,1.0
121695928,,,,
121696208,,,,
121696288,,,,
121696355,,,,
44229131,,,,
44229243,,,,
44229375,,,,
44229414,,,,
44229532,,,,
44229549,,,,
44230285,,,,
44230293,,,,
44230304,,,,
44230316,,,,
44230328,,,,
44230360,,,,
44220672,,,,
44229080,,,,
44229180,,,,
44229357,,,,
44229447,,,,
44229469,,,,
44229496,,,,
44229515,,,,
44229565,,,,
44229586,,,,
44229608,,,,
44229627,,,,
44220721,,,,
48566445,,,,
48566557,,,,
48566676,,,,
48566771,,,,
48566868,,,,
48566982,,,,
48567800,,,,
48569110,,,,
48569368,,,,
48569550,,,,
48569673,,,,
48570023,,,,
48570169,,,,
48570304,,,,
48570466,,,,
48571325,,,,
48571918,,,,
48620270,,,,
48620900,,,,
48628640,,,,
48566127,,,,
48566224,,,,
48566328,,,,
48567232,,,,
48567337,,,,
48567910,,,,
48568018,,,,
48568160,,,,
48568382,,,,
65691556,,,,
65691573,,,,
48569878,,,,
48621117,,,,
48568553,,,,
65107206,,,,
65107238,,,,
65107260,,,,
65107290,,,,
65107541,,,,
65107574,,,,
65107616,,,,
65107637,,,,
65107692,,,,
65107220,,,,
65107271,,,,
65107372,,,,
65107478,,,,
65107485,,,,
65107504,,,,
65107516,,,,
65107525,,,,
65107531,,,,
65107545,,,,
65107549,,,,
65107560,,,,
65107570,,,,
65107587,,,,
65107591,,,,
65107595,,,,
65107605,,,,
65107610,,,,
65107631,,,,
61880059,,,,
61880124,,,,
61880683,,,,
61880754,,,,
61880824,,,,
61880904,,,,
61880978,,,,
61881033,,,,
61881096,,,,
61881271,,,,
61881425,,,,
61881476,,,,
61881533,,,,
61881620,,,,
61881680,,,,
61882948,,,,
71782879,,,,
71785415,,,,
71787852,,,,
72016186,,,,
76672967,,,,
76673168,,,,
76673333,,,,
76673474,,,,
76673664,,,,
76673829,,,,
76674092,,,,
76674183,,,,
76674293,,,,
76674381,,,,
76674469,,,,
76674672,,,,
76674745,,,,
76674880,,,,
76675005,,,,
76675071,,,,
76675136,,,,
76675203,,,,
76675251,,,,
76675292,,,,
76675353,,,,
76675403,,,,
76675454,,,,
76675528,,,,
76675620,,,,
76675672,,,,
76675766,,,,
76675824,,,,
76675872,,,,
76675932,,,,
76730677,,,,
76731622,,,,
76733449,,,,
76734722,,,,
76735541,,,,
76736653,,,,
76737609,,,,
76738596,,,,
76739680,,,,
76749368,,,,
76750441,,,,
76751129,,,,
76752718,,,,
76754947,,,,
76755916,,,,
76756642,,,,
76760529,,,,
76762780,,,,
76775994,,,,
76777601,,,,
76780400,,,,
76893709,,,,
76894054,,,,
76894440,,,,
76894936,,,,
76895641,,,,
76896038,,,,
76897433,,,,
77188913,,,,
77194008,,,,
77234526,,,,
77234692,,,,
77234842,,,,
77235053,,,,
77235363,,,,
77235528,,,,
77235767,,,,
77235885,,,,
77236004,,,,
77236138,,,,
77236251,,,,
77236453,,,,
77236707,,,,
77236836,,,,
77236936,,,,
77237143,,,,
77237467,,,,
77237783,,,,
77237909,,,,
77238037,,,,
77238200,,,,
77238319,,,,
77238477,,,,
77238637,,,,
77238905,,,,
77239132,,,,
77239347,,,,
77239491,,,,
77239909,,,,
77240111,,,,
77240244,,,,
77240307,,,,
77240383,,,,
77240471,,,,
77240562,,,,
77240671,,,,
77240775,,,,
77461555,,,,
77462058,,,,
77463280,,,,
77464510,,,,
77465084,,,,
77465569,,,,
77466202,,,,
77467784,,,,
77469187,,,,
77470138,,,,
77470754,,,,
77471305,,,,
77472407,,,,
77472974,,,,
77473623,,,,
77474083,,,,
77482261,,,,
77540501,,,,
77540663,,,,
77540821,,,,
77540976,,,,
77541269,,,,
77541437,,,,
77541616,,,,
77541789,,,,
77541977,,,,
77542162,,,,
77542330,,,,
77542530,,,,
77542742,,,,
77542977,,,,
77543116,,,,
77543230,,,,
77543356,,,,
77543644,,,,
77543771,,,,
77543917,,,,
77544041,,,,
77544156,,,,
77544273,,,,
77544387,,,,
77544475,,,,
77544575,,,,
77544646,,,,
77544731,,,,
77544811,,,,
77544885,,,,
77544960,,,,
77545053,,,,
77545142,,,,
77545222,,,,
77545357,,,,
77545438,,,,
77545506,,,,
77545641,,,,
77545703,,,,
77545773,,,,
77545836,,,,
77545896,,,,
77545954,,,,
77546011,,,,
77546071,,,,
77546138,,,,
77546191,,,,
77546245,,,,
77546296,,,,
77546402,,,,
77546502,,,,
77546580,,,,
77546694,,,,
77546802,,,,
77546884,,,,
77546945,,,,
77547014,,,,
77547119,,,,
77547170,,,,
77547267,,,,
77547313,,,,
82591106,,,,
82591414,,,,
82591764,,,,
82592378,,,,
82593391,,,,
82593849,,,,
82599849,,,,
82622627,,657.0,3.0,20.0
82623277,,,,
82623404,,659.0,2.0,20.0
82623684,,,,
82623919,,,,
82624065,,,,
82624175,,,,
82624285,,,,
82624374,,,,
82624452,,,,
82625002,,,,
82625074,,,,
82625178,,,,
82625237,,,,
82625333,,,,
82625393,,,,
82625597,,,,
82625669,,,,
82625739,,,,
82626070,,,,
82626134,,,,
77189402,,,,
71778123,,,,
71778714,,,,
71783933,,,,
71784824,,,,
71785907,,,,
71786781,,,,
71787353,,,,
71788368,,,,
71790344,,,,
71791873,,,,
77179588,,,,
77180319,,,,
77180963,,,,
77181460,,,,
77185759,,,,
77189960,,,,
77190542,,,,
82594828,,,,
82596655,,,,
82597000,,,,
82597337,,,,
82597812,,,,
82619710,,,,
82619899,,,,
82620157,,,,
82620425,,,,
82620528,,,,
82620683,,,,
82620771,,,,
82620887,,,,
82620987,,,,
82621086,,,,
82621188,,,,
99713914,,,,
99714482,,,,
99714522,,,,
99714807,,,,
99715074,,,,
99715344,,,,
99715636,,,,
99715865,,,,
99716201,,,,
99716528,,,,
99716763,,,,
99717169,,,,
99717523,,,,
99717757,,,,
99718017,,,,
99718480,,,,
99718640,,,,
99718955,,,,
99719123,,659.0,7.0,10.0
99719249,,,,
99719377,,659.0,7.0,10.0
99719378,,659.0,7.0,10.0
99719690,,,,
99719833,,,,
99721079,,,,
99722774,,657.0,7.0,50.0
99722881,,,,
99722974,,,,
99723242,,,,
99723361,,,,
99723449,,,,
99723514,,,,
99723580,,657.0,7.0,30.0
99781719,,,,
99782219,,,,
99782870,,,,
99783628,,,,
99784325,,,,
99787133,,657.0,1.0,500.0
99787879,,,,
107151358,,,,
107151554,,,,
107151581,,,,
107151635,,,,
107156144,,,,
107156174,,,,
107156232,,,,
107156268,,,,
107156312,,,,
107156342,,,,
107156390,,,,
107156439,,,,
107156477,,,,
107156513,,,,
107157468,,,,
107163611,,,,
107163629,,,,
107163648,,,,
107163684,,,,
107163840,,,,
107163875,,,,
107163891,,,,
107163904,,,,
107165112,,,,
107165119,,,,
107165124,,,,
107165132,,,,
107165136,,,,
107165145,,,,
107165160,,,,
107165171,,,,
107165185,,,,
107165195,,,,
107165204,,,,
107165212,,,,
107165298,,,,
107165318,,,,
107165324,,,,
107165572,,,,
107165583,,,,
107165597,,,,
107165610,,,,
107165622,,,,
107165636,,,,
107165648,,,,
107165654,,,,
107165668,,,,
107165680,,,,
107165689,,,,
107518618,,,,
99708661,,,,
99554571,,,,
99554880,,,,
99555327,,,,
99556218,,,,
99707524,,,,
99708144,,,,
99708342,,,,
99709180,,,,
99709354,,,,
99709542,,,,
99709700,,,,
99709913,,,,
99710086,,,,
99710276,,,,
99710543,,,,
99711777,,,,
99712487,,,,
99712665,,,,
99712850,,,,
99713042,,,,
107151089,,,,
107151122,,,,
107151144,,,,
107151164,,,,
107151191,,,,
107151284,,659.0,10.0,20.0
107151394,,,,
107151441,,,,
107163708,,,,
107163799,,,,
107163810,,,,
107270771,,,,
116939070,,,,
116939944,,,,
116942340,,,,
116942659,,,,
116942828,,,,
116942999,,,,
116943130,,,,
116943258,,,,
116943498,,,,
117198635,,,,
117199266,,,,
117206161,,,,
117206654,,,,
117207836,,,,
117305604,,,,
117306011,,,,
117306991,,659.0,7.0,10.0
117307346,,657.0,7.0,10.0
117307709,,657.0,7.0,10.0
117308279,,657.0,7.0,10.0
117308597,,,,
117308863,,,,
117309165,,,,
119073438,,,,
119073662,,,,
119073855,,,,
119074149,,,,
119074359,,,,
119074560,,,,
119089550,,,,
119092175,,,,
119092964,,,,
119093152,,,,
119093392,,,,
119093519,,,,
119093625,,,,
119093737,,,,
119095097,,,,
119095240,,,,
119095331,,,,
119095427,,,,
119095756,,,,
119095854,,,,
119095932,,,,
119095990,,,,
119096060,,657.0,90.0,50.0
119096137,,,,
119096200,,,,
119167824,,,,
119167984,,,,
119168254,,,,
119168771,,,,
119168946,,,,
119169806,,,,
119169968,,,,
119170432,,,,
119170729,,,,
119170900,,,,
120769652,,657.0,10.0,10.0
120769931,,,,
120775845,,,,
120776116,,,,
120776390,,,,
120776557,,,,
120776734,,,,
120777072,,,,
120777320,,,,
120777583,,,,
120777828,,,,
120778078,,,,
120780042,,,,
120780279,,,,
120780469,,,,
120780875,,,,
120781082,,,,
120782403,,,,
120782625,,,,
120782855,,,,
120791564,,,,
120791766,,,,
120767246,,,,
114480358,,,,
114482331,,,,
114484467,,,,
114486227,,,,
114489608,,,,
116939380,,,,
116944306,,,,
117125903,,,,
117126175,,,,
117126878,,,,
117129679,,,,
117130103,,,,
117130546,,,,
117131013,,,,
117131915,,,,
117132339,,,,
117133108,,,,
117133377,,,,
117133605,,,,
117133847,,,,
117134081,,,,
120768069,,,,
120768562,,657.0,7.0,10.0
120794463,,,,
120794631,,,,
44402698,,,,
44402758,,,,
44403003,,,,
44401335,,,,
44402043,,,,
44402301,,,,
44402404,,,,
44402522,,,,
44402591,,,,
44402828,,,,
44402904,,,,
44403130,,,,
44403211,,,,
44403269,,,,
44403402,,,,
44403497,,,,
47380958,,,,
47382065,,,,
47382584,,,,
47385096,,,,
47386394,,,,
47863253,,,,
47863358,,,,
47864860,,,,
61316533,,,,
47379250,,,,
47379391,,,,
47379796,,,,
47380104,,,,
47380271,,,,
47380387,,,,
47383102,,,,
47383253,,,,
47383466,,,,
47384658,,,,
47385336,,,,
47385789,,,,
47385999,,,,
47863116,,,,
47863172,,,,
47863310,,,,
49001402,,,,
47384873,,,,
60523094,,,,
65617947,,,,
65618232,,,,
65618586,,,,
65618736,,,,
60520967,,,,
60522491,,,,
60522812,,,,
60840924,,,,
60840977,,,,
65617756,,,,
65617848,,,,
65618024,,,,
65618114,,,,
65618185,,,,
65618300,,,,
65618394,,,,
65618474,,,,
65618526,,,,
65618551,,,,
65618784,,,,
65618843,,,,
65618941,,,,
65619548,,,,
82599468,,657.0,1.0,1.0
82599708,,657.0,1.0,1.0
60522258,,,,
60522672,,,,
60841033,,,,
60841159,,,,
60841205,,,,
60841269,,,,
60841327,,,,
60841405,,,,
60841468,,,,
68169504,,,,
68169621,,,,
68170100,,,,
77457637,,,,
77460564,,,,
77513071,,,,
78971983,,,,
78981234,,,,
79703903,,,,
79774865,,657.0,1.0,572.0
79829546,,,,
79834206,,,,
79835675,,,,
79836457,,,,
79839235,,,,
79841889,,,,
79853167,,,,
79853949,,,,
79855034,,,,
79858492,,,,
79859464,,,,
79950913,,,,
79953197,,,,
79954851,,,,
79964303,,,,
79964862,,,,
79965485,,,,
79966704,,,,
79981035,,,,
79981712,,,,
80088727,,,,
80089634,,,,
80090442,,,,
80091769,,657.0,1.0,1.0
80092799,,657.0,1.0,1.0
80096346,,659.0,1.0,5.0
80107026,,657.0,1.0,1.0
80108417,,,,
80109649,,,,
80110615,,,,
80112323,,,,
80119840,,,,
80249778,,,,
80250780,,,,
80251273,,,,
80251648,,,,
80252010,,,,
80253578,,,,
80255281,,,,
80255671,,,,
80256045,,,,
80256486,,,,
80256845,,,,
80257169,,,,
80257527,,,,
80264362,,,,
80265270,,,,
80268544,,,,
80268992,,,,
80269704,,,,
80270961,,,,
80272069,,,,
80272618,,,,
80273036,,,,
80273630,,,,
80274008,,,,
80274466,,,,
80274790,,,,
80275187,,,,
80275595,,,,
80275912,,,,
80276208,,,,
80276612,,,,
80277436,,,,
80277729,,,,
80297416,,,,
80300814,,,,
80301255,,,,
80301792,,,,
80302279,,,,
80302784,,,,
80303414,,,,
80303966,,,,
80310674,,,,
80312692,,,,
80313065,,,,
80313705,,,,
80314128,,,,
80315157,,,,
80315521,,,,
80317090,,,,
80318810,,,,
80319149,,,,
80319634,,,,
80320683,,,,
80321379,,,,
80322871,,,,
80323354,,,,
80323798,,,,
80324272,,,,
80325045,,,,
80325517,,,,
80325865,,,,
80328028,,,,
80328674,,,,
80590417,,,,
80590909,,,,
80591910,,,,
80592609,,,,
80597426,,657.0,25.0,10.0
80598569,,,,
80599331,,,,
80600044,,,,
80602263,,,,
80602791,,,,
80603229,,,,
80603620,,,,
80604194,,,,
80604764,,,,
80605311,,,,
80608562,,,,
80609215,,,,
80609706,,657.0,25.0,24.0
80610290,,,,
80610840,,,,
80611284,,,,
80611821,,,,
80612323,,,,
80612981,,,,
80615039,,,,
80617820,,,,
80618486,,,,
80619089,,,,
80619674,,,,
80620413,,657.0,20.0,10.0
80621190,,,,
80621632,,,,
80622059,,,,
80622631,,,,
80625017,,,,
80625528,,,,
80626113,,,,
80626614,,,,
80627364,,,,
80630199,,,,
80630788,,,,
80631359,,,,
80632277,,,,
80632867,,,,
80633714,,,,
80635271,,,,
80635842,,,,
80636307,,,,
80636729,,,,
80637116,,,,
80638307,,,,
80638961,,,,
80639485,,,,
68169971,,,,
68170204,,,,
68170335,,,,
68170440,,,,
77332331,,,,
77421402,,,,
77424542,,,,
77426859,,,,
77449988,,,,
77515397,,,,
77516168,,,,
77517014,,,,
77518368,,,,
77519060,,,,
77519513,,,,
77520595,,,,
77521079,,,,
77521523,,,,
77522050,,,,
77522469,,,,
77523156,,,,
77523615,,,,
77524065,,,,
77524606,,,,
77525044,,,,
77525455,,,,
77525882,,,,
77526292,,,,
77526804,,,,
77527280,,,,
77527740,,,,
77528122,,,,
77528698,,,,
77529339,,,,
77529779,,,,
77530492,,,,
77531030,,,,
77531540,,,,
77532586,,,,
77533115,,,,
77533499,,,,
78976833,,,,
78984227,,,,
78985565,,,,
78986775,,,,
78990166,,,,
79673404,,,,
79676639,,,,
79683614,,,,
79690140,,,,
79691022,,,,
79692594,,,,
79700601,,,,
99768873,,,,
101328366,,,,
101329835,,,,
101334130,,,,
101336006,,,,
101649990,,,,
101652200,,,,
101659550,,,,
101661275,,,,
101668386,,657.0,5.0,100.0
101671265,,,,
101725602,,,,
101728074,,,,
101732057,,,,
101733475,,,,
102043076,,,,
102044917,,,,
102045802,,,,
102046779,,,,
102049648,,,,
102051213,,,,
102051619,,,,
102052193,,,,
102052468,,,,
102053178,,,,
102055745,,,,
102056138,,,,
102133087,,,,
102146544,,,,
102147744,,,,
102149538,,,,
102154148,,,,
102156373,,,,
102157629,,,,
102158954,,657.0,12.0,30.0
102160251,,,,
102161875,,,,
102166171,,657.0,12.0,30.0
103471181,,,,
103794559,,,,
103865468,,,,
103866744,,,,
103868392,,,,
103869662,,,,
103870903,,,,
103872097,,,,
103874997,,,,
103876162,,,,
103877518,,,,
105195831,,659.0,300.0,100.0
105200172,,,,
105201163,,,,
105259526,,,,
105259908,,,,
105260991,,,,
105261308,,,,
105261724,,,,
105262058,,,,
105415621,,657.0,12.0,30.0
105416293,,,,
105417425,,,,
105418297,,,,
105418604,,,,
105419616,,,,
105420170,,,,
105422729,,,,
105428506,,,,
105428887,,657.0,1.0,1.0
105432633,,,,
105433224,,,,
105433772,,,,
105436598,,,,
105437074,,,,
105437582,,,,
105438070,,,,
105438582,,,,
105439158,,,,
105446806,,,,
105730812,,,,
105730924,,,,
105731504,,659.0,30.0,30.0
105731621,,,,
105732874,,659.0,30.0,30.0
105735828,,,,
105736120,,,,
105736465,,,,
105736684,,,,
105736705,,,,
105736718,,,,
105736731,,,,
105736748,,,,
105736763,,,,
105736775,,,,
105736787,,,,
105736803,,,,
105736816,,,,
105736844,,,,
105736850,,,,
105736864,,,,
105736876,,,,
101679536,,,,
101682166,,,,
101688899,,657.0,1.0,100.0
101691919,,,,
101700336,,,,
101745219,,,,
102095355,,,,
102096768,,,,
102097739,,,,
102099266,,,,
102104527,,,,
102113870,,,,
102117530,,,,
102119617,,,,
102121492,,,,
102126022,,,,
102128088,,,,
102130303,,,,
117178667,,,,
117179158,,,,
122409245,,,,
122412205,,,,
122414082,,,,
122424380,,,,
122427854,,,,
122429469,,,,
122430733,,,,
122461286,,,,
122491145,,,,
122782974,,,,
122805700,,,,
122808555,,659.0,1.0,30.0
122810323,,657.0,1.0,30.0
122811822,,657.0,1.0,30.0
122814088,,,,
122820414,,,,
122821911,,,,
122831722,,,,
122833228,,,,
122834643,,,,
122836533,,,,
122838476,,,,
122839485,,,,
122842872,,,,
122844317,,,,
122845398,,,,
122846504,,,,
122847610,,,,
122848633,,,,
122849521,,,,
122851121,,,,
122854250,,,,
122855193,,,,
122856024,,,,
122857052,,,,
122858692,,,,
122860590,,,,
122861419,,,,
122861960,,,,
122864163,,,,
122864743,,,,
122865314,,,,
122865911,,,,
122866460,,,,
122867197,,,,
122867745,,,,
122868332,,,,
122868982,,,,
122869701,,,,
122870380,,,,
122870990,,,,
122870991,,,,
122872020,,,,
122872593,,,,
122873068,,,,
122873656,,,,
122874156,,,,
122874614,,,,
122875468,,,,
122876150,,,,
122876602,,,,
122889954,,,,
122890202,,,,
122890489,,,,
122405738,,657.0,1.0,30.0
122403174,,,,
122408190,,,,
122425822,,,,
122426822,,,,
122431817,,,,
122432907,,,,
122433890,,,,
122434551,,,,
122463524,,,,
122494657,,,,
122511991,,,,
122778951,,,,
122785257,,,,
122790071,,,,
122887323,,,,
127377934,,,,
127378005,,,,
122776363,,,,
122792846,,,,
44407039,,,,
44406995,,,,
44407259,,,,
44407309,,,,
44407397,,,,
44407424,,,,
44407447,,,,
44407463,,,,
44407503,,,,
44407529,,,,
44407552,,,,
44407575,,,,
44407589,,,,
44407600,,,,
44407621,,,,
44407634,,,,
44407652,,,,
47459381,,,,
47459904,,,,
47460227,,,,
47460758,,,,
47585800,,,,
47457628,,,,
47457894,,,,
47458102,,,,
47458542,,,,
47458890,,,,
47459179,,,,
47460413,,,,
47460617,,,,
47460951,,,,
47461283,,,,
47461466,,,,
47461606,,,,
47584522,,,,
65413344,,,,
65413592,,,,
65414101,,,,
65414794,,,,
65422124,,,,
60640448,,,,
60641482,,,,
65411823,,,,
65413459,,,,
65413542,,,,
65413701,,,,
65413792,,,,
65413919,,,,
65414012,,,,
65414224,,,,
65414532,,,,
65414580,,,,
65414622,,,,
65414644,,,,
65414707,,,,
65414863,,,,
65422052,,,,
79858010,,,,
79859454,,,,
79862692,,,,
79863850,,,,
79944960,,,,
79946054,,,,
80153545,,,,
80154141,,,,
80154746,,,,
80155403,,,,
80156086,,,,
80156720,,,,
80157284,,,,
80157853,,,,
80158475,,,,
80159022,,,,
80159516,,,,
80160035,,,,
80161966,,,,
80163002,,,,
80163673,,,,
80164792,,,,
80165246,,,,
80166051,,,,
80166462,,,,
80166894,,,,
80170208,,,,
80170635,,,,
80172119,,,,
80173125,,,,
80173523,,,,
80173914,,,,
80174280,,,,
80174616,,,,
80174960,,,,
80175923,,,,
80255752,,,,
80257213,,,,
80257793,,,,
80258959,,,,
80259444,,,,
80259877,,,,
80260234,,,,
80260583,,,,
80260916,,,,
80261297,,,,
80261621,,,,
80261875,,,,
80262223,,,,
80262508,,,,
80262774,,,,
80263224,,,,
80263708,,,,
80264396,,,,
80264673,,,,
80265170,,,,
80265676,,,,
80266353,,,,
80266911,,,,
80267300,,,,
80268501,,,,
80268948,,,,
80269352,,,,
80269730,,,,
80270197,,,,
80273136,,,,
80274004,,,,
80274728,,,,
80275562,,,,
80276358,,,,
82780837,,,,
82879348,,,,
82879641,,,,
82880150,,,,
82880611,,,,
82881011,,,,
82881907,,,,
82882118,,,,
82882431,,,,
82882815,,,,
82883131,,,,
82883530,,,,
82884333,,,,
82884567,,,,
82884892,,,,
82885353,,,,
82885657,,,,
82887128,,,,
82889505,,,,
82889787,,,,
82890731,,,,
83049386,,,,
83064357,,,,
83065023,,,,
83065630,,,,
83066441,,,,
83067493,,,,
83067883,,,,
83068179,,,,
83069121,,,,
83069893,,,,
83071024,,,,
83073048,,,,
83075707,,,,
83077632,,,,
83078578,,,,
83079455,,,,
83079871,,,,
83080631,,,,
83080884,,,,
83081482,,,,
83108870,,,,
83109227,,,,
83109690,,,,
83110080,,,,
83110467,,,,
83110898,,,,
83111315,,,,
83111837,,,,
83112182,,,,
83115881,,,,
83116232,,,,
83116642,,,,
83116980,,,,
83117260,,,,
83117565,,,,
83117967,,,,
83118353,,,,
83118666,,,,
83118966,,,,
83119215,,,,
83121630,,,,
83121946,,,,
83122249,,,,
83123218,,658.0,30.0,10000.0
83123551,,658.0,30.0,10000.0
83123937,,,,
83124274,,,,
83124621,,,,
83124961,,,,
83125274,,,,
75998669,,,,
75998904,,,,
79943589,,,,
79947142,,,,
79948459,,,,
79954369,,,,
79955690,,,,
79957032,,,,
79957873,,,,
79962020,,,,
79962791,,,,
79963641,,,,
79964616,,,,
79965294,,,,
80162530,,,,
80165637,,,,
80167406,,,,
80169667,,,,
80172711,,,,
80175289,,,,
80175594,,,,
80176214,,,,
80255031,,,,
80255361,,,,
80256230,,,,
80256535,,,,
80256890,,,,
80257495,,,,
102988580,,,,
102988991,,,,
105242121,,,,
105242687,,,,
105243117,,,,
105243966,,,,
105244420,,,,
105244864,,,,
105245163,,,,
105246094,,,,
105246664,,,,
105252306,,,,
105252479,,,,
105252643,,,,
105253218,,,,
105253437,,,,
105253768,,,,
105254690,,,,
105254830,,,,
105255004,,,,
105255178,,,,
105255334,,,,
105255457,,,,
105255615,,,,
105476924,,,,
105476969,,,,
105477044,,,,
105477085,,,,
105477129,,,,
105477362,,,,
105477427,,,,
105477453,,,,
105477493,,,,
105477536,,,,
105478294,,,,
105478346,,,,
105478410,,,,
105478457,,,,
105478523,,,,
105478574,,,,
105478638,,,,
105478705,,,,
105478757,,,,
105478806,,,,
105478870,,,,
105645161,,,,
105645351,,,,
105645562,,,,
105645762,,,,
105645952,,,,
105646154,,,,
105646393,,,,
105646575,,,,
105646772,,,,
105646994,,,,
105668306,,,,
105733879,,,,
105734101,,,,
105734172,,,,
105734198,,,,
105648673,,,,
105648980,,,,
105649904,,,,
105650225,,,,
105660870,,,,
105661025,,,,
105661229,,,,
105661404,,,,
105667167,,,,
105667573,,,,
105733941,,,,
105650689,,,,
118384938,,,,
118386993,,,,
118389077,,,,
118390076,,,,
118391325,,,,
118392342,,,,
118392985,,,,
118394256,,,,
118395405,,,,
118457730,,,,
118459236,,,,
118460422,,,,
118461394,,,,
118462076,,,,
118478230,,,,
118506235,,,,
118516619,,,,
118530194,,,,
118531463,,,,
118540560,,,,
118964765,,,,
118965179,,,,
118965401,,,,
118965617,,,,
118965834,,,,
118966003,,,,
118966204,,,,
118966362,,,,
118966566,,,,
118966807,,,,
118971529,,,,
118971836,,,,
118972025,,,,
118972184,,,,
118972367,,,,
118972597,,,,
118972796,,,,
118973060,,,,
118973273,,,,
118973481,,,,
121106679,,,,
121106999,,,,
121107272,,,,
121107863,,,,
121108357,,,,
121109144,,,,
121109380,,,,
121109610,,,,
121109998,,,,
121110244,,,,
121110447,,,,
121110699,,,,
121111036,,,,
121111535,,,,
121111798,,,,
121112145,,,,
121112596,,,,
121112792,,,,
121113001,,,,
121113195,,,,
121114232,,,,
121114474,,,,
121114678,,,,
121114900,,,,
121115098,,,,
121115368,,,,
121115627,,,,
121115812,,,,
121116258,,,,
121116452,,,,
121116668,,,,
121116879,,,,
121117167,,,,
121117449,,,,
121117733,,,,
121118055,,,,
121118304,,,,
121118535,,,,
121118740,,,,
121118988,,,,
121119180,,,,
121119359,,,,
121119495,,,,
121119655,,,,
121119856,,,,
121120094,,,,
121120406,,,,
121120534,,,,
121120706,,,,
121120922,,,,
121121140,,,,
121121441,,,,
121121656,,,,
121121806,,,,
121122033,,,,
121122197,,,,
121123198,,,,
121123358,,,,
121599466,,,,
121599627,,,,
121600225,,,,
121626094,,,,
121627488,,,,
121628892,,,,
121629099,,,,
121629153,,657.0,11.0,1.0
121629253,,,,
121629307,,,,
121629340,,,,
121629342,,657.0,11.0,1.0
127987620,,,,
128486738,,,,
128486753,,,,
128486774,,,,
128271713,,,,
128271856,,,,
118504613,,,,
118509839,,,,
118529913,,,,
118530588,,,,
118530871,,,,
118542524,,,,
121628130,,,,
121630116,,,,
121630153,,,,
127987671,,,,
118508175,,,,
118511892,,,,
118515997,,657.0,1.0,575.0
121599839,,,,
121628264,,,,
44274502,,,,
44339496,,,,
44339511,,,,
44344671,,,,
44344702,,,,
44344737,,,,
44339606,,,,
44339623,,,,
44339808,,,,
44344661,,,,
44344710,,,,
44344759,,,,
44344901,,,,
44344919,,,,
44344938,,,,
44344953,,,,
44344969,,,,
44345009,,,,
44345027,,,,
44345047,,,,
44345063,,,,
56599703,,,,
56674999,,,,
56675323,,,,
56675673,,,,
56676084,,,,
56676488,,,,
65097933,,,,
65098073,,,,
65100424,,,,
65142852,,,,
65142882,,,,
65142924,,,,
65142958,,,,
48208325,,,,
48208369,,,,
48208444,,,,
48208494,,,,
56599453,,,,
56600246,,,,
56613832,,,,
56657016,,,,
56657451,,,,
56673560,,,,
56673997,,,,
65096304,,,,
65096368,,,,
65097842,,,,
65098022,,,,
56671883,,,,
56672974,,,,
56674414,,,,
60926262,,,,
65409125,,,,
65409718,,,,
65409771,,,,
65410051,,,,
88448702,,,,
60926466,,,,
60926606,,,,
65408949,,,,
65409284,,,,
65409338,,,,
65409377,,,,
65409476,,,,
65409623,,,,
65409810,,,,
65409918,,,,
65409970,,,,
65410011,,,,
65410154,,,,
65410201,,,,
65410237,,,,
65410452,,,,
65410493,,,,
88448498,,,,
65410283,,,,
76411600,,,,
76412173,,,,
76413241,,,,
76414758,,,,
76416515,,,,
76416762,,,,
76420712,,,,
76420933,,,,
76421132,,,,
76421364,,,,
76421551,,,,
76421720,,,,
76421883,,,,
76423168,,,,
76424269,,,,
77186487,,,,
77187431,,,,
78948165,,,,
78948945,,,,
78950425,,,,
79234111,,,,
79235546,,,,
79238061,,,,
79241194,,657.0,1.0,20.0
79243494,,658.0,1.0,1.0
79245169,,,,
79247557,,,,
79247558,,,,
79251473,,,,
79253252,,,,
79606071,,,,
79607346,,,,
79610055,,,,
79610856,,,,
79611641,,,,
79612286,,,,
79612818,,,,
79613958,,,,
79614773,,,,
79615931,,,,
79616798,,,,
79617722,,,,
79618285,,,,
79618914,,,,
79619611,,,,
79620360,,,,
79621070,,,,
79622103,,,,
79622516,,,,
79623729,,,,
79625160,,,,
79626661,,,,
79826707,,,,
79827281,,,,
79827789,,,,
79828253,,,,
79828620,,,,
79829169,,,,
79829704,,,,
79830196,,,,
79830702,,,,
79831526,,,,
79832282,,,,
80178526,,,,
80178893,,,,
80179446,,,,
80179874,,,,
80180327,,,,
80180894,,,,
80181302,,,,
80181632,,,,
80182155,,,,
80182514,,,,
80182876,,,,
80183185,,,,
80183637,,,,
80184007,,,,
80184469,,,,
80185409,,,,
80185753,,,,
80186055,,,,
80186405,,,,
80186672,,,,
80187019,,,,
80187618,,,,
82774077,,,,
82774620,,,,
82774948,,,,
82775179,,,,
82775510,,,,
82775815,,,,
82776608,,,,
82776815,,,,
82777095,,,,
82777300,,,,
82777648,,,,
82777882,,,,
82778132,,,,
82778409,,,,
82873167,,,,
82891520,,,,
82905047,,,,
82905636,,,,
82927112,,,,
82927761,,,,
82929418,,,,
82930021,,,,
82930289,,,,
82930725,,,,
82931632,,,,
82932583,,,,
82933255,,,,
82933868,,,,
82934249,,,,
82934752,,,,
82935061,,,,
82935448,,,,
82935693,,,,
82936098,,,,
82936494,,,,
82936814,,,,
82937047,,,,
82937405,,,,
82937920,,,,
82938233,,,,
82938565,,,,
82939015,,,,
82939457,,,,
82939791,,657.0,1.0,1.0
82940269,,,,
82940752,,,,
82941077,,,,
82941535,,,,
82941857,,,,
82942194,,,,
82942499,,,,
82943062,,,,
82943428,,,,
82943717,,,,
82944111,,,,
82944425,,,,
76412971,,,,
76413825,,,,
76414199,,,,
76415612,,,,
76415920,,,,
76416165,,,,
76417018,,,,
76417263,,,,
76417663,,,,
76419677,,,,
76420017,,,,
76420237,,,,
76420472,,,,
76422091,,,,
76422269,,,,
76422493,,,,
76422693,,,,
76422932,,,,
76423426,,,,
76423647,,,,
76423863,,,,
76424051,,,,
76576158,,,,
76582178,,,,
76584043,,,,
76584990,,,,
76588111,,,,
77188214,,,,
77189411,,,,
77190660,,,,
77191560,,,,
82876565,,,,
82877361,,,,
82878032,,,,
82903814,,,,
99737153,,,,
99737860,,657.0,1.0,20.0
99773726,,657.0,2.0,5.0
99774717,,,,
101605911,,,,
101609209,,,,
101650146,,,,
101703329,,,,
101705640,,657.0,1.0,15.0
101718042,,,,
101719721,,,,
101801961,,657.0,1.0,15.0
101883190,,657.0,1.0,15.0
101886114,,657.0,1.0,15.0
101887294,,,,
101888277,,657.0,1.0,15.0
102171592,,657.0,1.0,15.0
102206529,,657.0,1.0,15.0
102207569,,657.0,1.0,15.0
102208619,,657.0,1.0,15.0
102210489,,,,
102211587,,,,
102212725,,657.0,1.0,15.0
102213392,,,,
102214314,,,,
102216280,,,,
102217921,,657.0,1.0,15.0
102218811,,,,
102219726,,657.0,1.0,15.0
102220777,,,,
102221520,,,,
102229281,,,,
102230001,,,,
102230753,,,,
102231590,,,,
102259519,,,,
101614963,,,,
101616506,,,,
101621024,,,,
101636921,,,,
101639896,,,,
101659017,,,,
101663086,,,,
101667237,,,,
101709656,,,,
101711630,,,,
101713082,,,,
101714632,,,,
101716273,,,,
101721204,,,,
101723850,,,,
101726970,,,,
102245941,,,,
102253049,,,,
102364406,,,,
117175873,,,,
120166068,,,,
120166807,,,,
120167287,,,,
120168010,,657.0,1.0,100.0
120168697,,,,
120169042,,,,
120169383,,,,
120169944,,,,
120170476,,657.0,1.0,20.0
120170708,,657.0,1.0,50.0
120171316,,,,
120172100,,,,
120172511,,,,
121977953,,,,
121978227,,,,
121978921,,,,
121983668,,,,
121985161,,,,
122254276,,,,
122254368,,,,
122254481,,,,
122254586,,657.0,1.0,10.0
122254680,,,,
122254919,,,,
122255040,,,,
122255196,,657.0,1.0,10.0
122255315,,,,
122255463,,,,
122255680,,,,
122256113,,,,
122256214,,,,
122256319,,,,
122258180,,,,
122260080,,,,
122260218,,,,
122260533,,,,
122260807,,,,
122260973,,,,
122261342,,,,
122261632,,,,
122261912,,,,
122264232,,,,
122264467,,,,
122264715,,,,
122264943,,,,
122265283,,,,
122265638,,,,
122266312,,,,
122266615,,,,
122267567,,,,
122267786,,,,
122268143,,,,
122268406,,657.0,1.0,10.0
122268632,,,,
122268905,,,,
122269714,,,,
122270136,,,,
122270513,,,,
122271397,,,,
122271978,,,,
122662439,,,,
122663381,,,,
122665180,,,,
122666033,,,,
122666570,,,,
122669149,,,,
121982101,,,,
121980042,,,,
117175672,,,,
121977784,,,,
121978446,,,,
121979127,,,,
121979351,,,,
121979609,,,,
121980396,,,,
121981445,,,,
121981982,,,,
121983932,,,,
121984299,,,,
121984590,,,,
121984981,,,,
121987791,,,,
121988150,,,,
121988481,,,,
121988989,,,,
38526616,,,,
44280448,,,,
44280796,,,,
44301859,,,,
44302181,,,,
44302336,,,,
44302367,,,,
44280525,,,,
44280668,,,,
44280874,,,,
44280995,,,,
44281181,,,,
44301379,,,,
44301474,,,,
44301723,,,,
44301808,,,,
44301931,,,,
44302023,,,,
44302100,,,,
44302146,,,,
44302217,,,,
44302267,,,,
44302306,,,,
44302410,,,,
44302453,,,,
44302524,,,,
44302588,,,,
44302651,,,,
47667019,,,,
47671037,,,,
47671535,,,,
47675579,,,,
47676009,,,,
47676477,,,,
47682035,,,,
47690332,,,,
47693089,,,,
47696454,,,,
47696961,,,,
47697243,,,,
47697480,,,,
47698305,,,,
47698503,,,,
52574710,,,,
52574739,,,,
52574764,,,,
52574812,,,,
52574889,,,,
52574914,,,,
52574945,,,,
52574976,,,,
52575005,,,,
52575033,,,,
52575066,,,,
52577209,,,,
52577299,,,,
47663723,,,,
47664303,,,,
47665150,,,,
47666669,,,,
47668326,,,,
47669467,,,,
47669718,,,,
47681578,,,,
47683986,,,,
47698853,,,,
52577071,,,,
52577101,,,,
52577130,,,,
52577161,,,,
52577185,,,,
52577241,,,,
52577274,,,,
61742632,,,,
64820237,,,,
64820308,,,,
64820323,,,,
64829783,,,,
64829873,,,,
64829906,,,,
64829953,,,,
64830031,,,,
64830046,,,,
64830182,,,,
64830200,,,,
64830376,,,,
64830488,,,,
64830520,,,,
64830539,,,,
64830591,,,,
64830684,,,,
61739887,,,,
61740040,,,,
61742627,,,,
64820208,,,,
64820253,,,,
64820267,,,,
64820281,,,,
64820332,,,,
64820343,,,,
64820403,,,,
64829816,,,,
64829858,,,,
64829892,,,,
64829971,,,,
64830015,,,,
64830144,,,,
64830233,,,,
64830300,,,,
64830327,,,,
64830394,,,,
64830414,,,,
64830466,,,,
64830504,,,,
64830572,,,,
64830609,,,,
64830629,,,,
74828608,,,,
77001110,,,,
77204484,,,,
77207323,,,,
77211066,,,,
77383394,,,,
77387427,,,,
77391046,,,,
77394734,,,,
77398723,,,,
77403742,,,,
77406463,,,,
77408443,,,,
77411458,,,,
77509364,,,,
77522214,,,,
77523162,,,,
77524594,,,,
77526901,,,,
77527458,,,,
77528027,,,,
77528865,,,,
77532625,,,,
77533241,,,,
77719661,,,,
77722240,,,,
77742368,,,,
77745023,,,,
77748457,,,,
77751195,,,,
77754754,,,,
78201978,,,,
78206767,,657.0,30.0,100.0
78207338,,657.0,6.0,90.0
78208213,,,,
78208640,,657.0,40.0,20.0
78210053,,659.0,30.0,20.0
78211718,,,,
78212447,,657.0,60.0,40.0
78212908,,657.0,40.0,20.0
78216831,,657.0,60.0,30.0
78218262,,657.0,40.0,20.0
78218906,,,,
78220731,,657.0,50.0,40.0
78221334,,657.0,40.0,20.0
78224028,,,,
78224330,,,,
78224574,,,,
78224778,,,,
78225843,,,,
78226095,,,,
78226268,,,,
78226456,,,,
78226616,,,,
78226822,,,,
78227070,,657.0,50.0,40.0
78227196,,657.0,40.0,20.0
78227649,,,,
78227728,,657.0,50.0,40.0
78227875,,657.0,50.0,40.0
78227975,,658.0,60.0,40.0
78228184,,657.0,60.0,40.0
78228310,,657.0,40.0,20.0
78228476,,658.0,50.0,40.0
78228587,,658.0,50.0,40.0
78228674,,658.0,40.0,50.0
78228766,,657.0,50.0,40.0
78228880,,,,
78229090,,658.0,50.0,40.0
78229190,,657.0,50.0,40.0
78229396,,657.0,50.0,40.0
78229537,,658.0,50.0,40.0
78238771,,,,
78239099,,,,
78239683,,,,
78240082,,657.0,60.0,300.0
78240751,,,,
78241081,,657.0,60.0,200.0
78241578,,657.0,10.0,30.0
78241847,,657.0,3.0,10.0
78242561,,657.0,5.0,10.0
78243402,,657.0,7.0,25.0
78244482,,,,
78244843,,,,
78245589,,657.0,10.0,10.0
78247218,,657.0,10.0,10.0
78249887,,657.0,10.0,10.0
78251669,,657.0,12.0,5.0
78309412,,,,
78311002,,,,
78312101,,,,
78312791,,,,
78313789,,,,
78314628,,,,
78315622,,,,
78316527,,,,
78318172,,,,
78330773,,,,
78332068,,,,
78333256,,,,
78335419,,,,
78337144,,,,
78338128,,,,
78338764,,,,
78340647,,,,
78341587,,,,
78342720,,657.0,50.0,40.0
78344927,,,,
78346116,,,,
78346811,,,,
78348032,,657.0,60.0,40.0
78349282,,,,
78350369,,,,
78350959,,,,
78353403,,,,
78354264,,,,
78354918,,657.0,60.0,40.0
78355385,,657.0,60.0,40.0
78355940,,658.0,60.0,50.0
78357393,,658.0,60.0,40.0
78357989,,657.0,60.0,40.0
78358867,,657.0,60.0,50.0
78359501,,,,
78360758,,,,
78361437,,658.0,60.0,40.0
78362146,,658.0,60.0,40.0
78363888,,657.0,60.0,40.0
78366082,,657.0,60.0,40.0
78366870,,657.0,60.0,50.0
78367589,,657.0,60.0,40.0
78368596,,658.0,60.0,40.0
78370033,,657.0,60.0,40.0
78373545,,,,
78374444,,,,
78375141,,658.0,60.0,40.0
78376734,,,,
78378217,,658.0,60.0,40.0
78378835,,657.0,60.0,40.0
78446533,,657.0,60.0,40.0
78446924,,657.0,60.0,40.0
78447662,,657.0,40.0,20.0
78448627,,657.0,60.0,40.0
78450556,,657.0,50.0,40.0
78451090,,657.0,60.0,40.0
78451558,,658.0,50.0,40.0
78452079,,657.0,60.0,40.0
78452622,,,,
78453026,,657.0,60.0,50.0
78453718,,658.0,60.0,40.0
78454607,,657.0,60.0,40.0
78455465,,,,
78455992,,657.0,60.0,40.0
79175060,,,,
80533019,,,,
80536945,,,,
80557074,,,,
80557475,,,,
80558084,,,,
80558542,,,,
80560204,,657.0,40.0,10.0
80560578,,657.0,40.0,10.0
80644280,,,,
80646320,,,,
80660382,,,,
80661905,,,,
80668622,,,,
80669515,,657.0,50.0,40.0
80670989,,,,
80671813,,657.0,50.0,40.0
80677246,,,,
80706293,,,,
80711102,,,,
82690264,,,,
82970008,,,,
82973261,,,,
82973562,,,,
82973801,,,,
82974045,,,,
82974299,,,,
82974586,,,,
82974793,,,,
82975181,,,,
82975527,,,,
82975809,,,,
82976404,,,,
82976659,,,,
82977014,,,,
82977436,,,,
82977946,,,,
82978215,,,,
82978429,,,,
82978671,,,,
82978865,,,,
82979046,,,,
82979261,,657.0,2.0,560.0
82979741,,,,
82982565,,,,
82982882,,,,
82983283,,,,
82983794,,,,
82984268,,657.0,2.0,200.0
82984563,,,,
82985026,,,,
82985456,,,,
82985810,,,,
82986463,,,,
82986879,,,,
82987132,,,,
82987474,,,,
82987808,,,,
82988122,,,,
82989560,,,,
82989982,,,,
82990212,,,,
82990455,,,,
82990788,,,,
82996332,,,,
82997278,,,,
82997520,,,,
82997798,,,,
82997979,,,,
82998162,,,,
82998576,,,,
83000323,,,,
83009217,,,,
83009362,,,,
83015557,,,,
83016390,,,,
83018450,,,,
83019696,,,,
83024682,,,,
83045774,,,,
83085929,,,,
83087104,,,,
83088757,,,,
83102725,,,,
83116111,,657.0,2.0,2.0
83116581,,,,
83116891,,,,
83116932,,,,
83123223,,,,
83131394,,,,
83134615,,,,
83138349,,,,
83139308,,,,
83139501,,,,
83139650,,,,
83139814,,,,
80575335,,,,
80576673,,,,
82998373,,,,
82999216,,,,
82999413,,,,
83032499,,,,
83118218,,,,
83119040,,,,
83128802,,,,
83129586,,,,
83130292,,,,
100105368,,,,
100105567,,,,
100105898,,,,
100106060,,,,
100106177,,,,
100107627,,,,
100119836,,,,
100120019,,,,
100120229,,,,
100128510,,,,
100129523,,,,
100129746,,,,
100130164,,,,
100135191,,657.0,2.0,50.0
100135527,,657.0,2.0,40.0
100156984,,,,
100159702,,,,
100160760,,,,
100161845,,,,
100171408,,,,
100172147,,,,
100172886,,,,
100206818,,,,
100207327,,,,
100208589,,,,
100208782,,,,
100209081,,,,
100216020,,,,
100218288,,,,
100224106,,,,
100378339,,,,
100381708,,,,
100386590,,,,
100387145,,,,
100388829,,,,
100454340,,,,
100454472,,,,
100454582,,,,
100454700,,,,
100454860,,,,
100455007,,,,
100455165,,,,
100455320,,,,
100455430,,,,
100455608,,,,
100455889,,,,
100456062,,,,
100456245,,659.0,1.0,10.0
100456415,,,,
100456603,,,,
100456766,,,,
100456915,,,,
100457093,,,,
100457224,,,,
100457368,,,,
100457564,,,,
100457665,,,,
100457780,,,,
100457881,,,,
100458040,,,,
100458144,,,,
100458618,,,,
100459163,,,,
100460325,,,,
100460491,,,,
100460725,,,,
100460888,,,,
100461122,,,,
100461299,,,,
100461472,,,,
100461634,,,,
100462050,,,,
100462216,,,,
100462478,,,,
100462631,,,,
100462805,,,,
100463034,,,,
100463265,,,,
100463518,,,,
100463785,,,,
100463936,,,,
100464186,,,,
100464430,,,,
100464640,,,,
100464920,,,,
100465181,,,,
100465426,,,,
100465677,,,,
100465857,,,,
100466049,,,,
100466286,,,,
100466639,,,,
100466887,,,,
100467176,,,,
100480139,,,,
100481201,,,,
100485643,,,,
100488084,,657.0,20.0,2.0
100488449,,,,
100488614,,,,
100489136,,,,
100489346,,,,
100489517,,,,
100489661,,,,
100489884,,,,
100490074,,,,
100490375,,,,
100491046,,,,
100491195,,,,
100491311,,,,
100491460,,,,
100491573,,,,
100491716,,,,
100491840,,,,
100492033,,,,
100492214,,,,
100492338,,,,
100492551,,,,
100492800,,,,
100493026,,,,
100493235,,,,
100493413,,,,
100494073,,,,
100494256,,,,
100494438,,,,
100494642,,,,
100494804,,,,
100495031,,,,
100495167,,,,
100495516,,,,
100495771,,,,
100495951,,,,
100496149,,,,
100496889,,,,
100497032,,,,
100497593,,,,
100497705,,,,
100498290,,,,
100498842,,,,
100498950,,,,
100526332,,,,
100528437,,657.0,1.0,20.0
100529287,,,,
100529503,,,,
100529706,,,,
100529944,,,,
100531375,,,,
128344224,,,,
100221356,,,,
100222458,,,,
100224869,,,,
100339064,,,,
100341996,,,,
100342542,,,,
100343863,,,,
100347286,,,,
100374986,,,,
100375388,,,,
100375965,,,,
100376909,,,,
100379485,,,,
100379955,,,,
100385798,,,,
100387572,,,,
100406448,,,,
100482822,,,,
100500396,,,,
100525756,,,,
100526108,,,,
100527542,,,,
100527949,,,,
100528704,,,,
100530306,,,,
100530697,,657.0,1.0,20.0
100531595,,657.0,2.0,20.0
128344210,,,,
120298918,,,,
120299052,,,,
120299152,,,,
120299216,,,,
120299333,,657.0,1.0,1.0
120299467,,657.0,1.0,1.0
120299560,,,,
124758882,,,,
124802652,,,,
124802735,,,,
124802878,,,,
124802968,,,,
124803087,,,,
124803180,,,,
124803347,,,,
124803428,,,,
124803511,,,,
124803585,,,,
124803734,,,,
124803801,,,,
124804101,,,,
124804234,,,,
124811974,,,,
124812087,,,,
124812292,,,,
124812639,,,,
124812899,,,,
124812951,,,,
124813127,,,,
124813157,,,,
124813202,,,,
124813291,,,,
124969249,,,,
124970315,,,,
124970538,,,,
124974949,,,,
124975017,,,,
124978490,,,,
124978592,,,,
124978777,,,,
124979418,,,,
124983396,,,,
124983933,,,,
124984401,,,,
124985229,,,,
124985589,,,,
124986225,,,,
124986508,,,,
124986872,,,,
124987232,,,,
125027725,,,,
125029367,,,,
125029532,,,,
125029770,,,,
125030388,,,,
125031826,,,,
125033621,,,,
125034064,,,,
125036844,,,,
125036970,,,,
125037119,,,,
125037218,,,,
125037416,,,,
125037664,,,,
125037919,,,,
125038055,,,,
125043758,,,,
125043886,,,,
125044311,,,,
125044488,,,,
125044736,,,,
125045008,,,,
125045187,,,,
125045580,,,,
125053974,,,,
125054026,,,,
125054256,,,,
125054334,,,,
125054380,,,,
125054510,,,,
125054633,,,,
125054705,,,,
125054743,,,,
124759177,,,,
124801973,,,,
124802520,,,,
124803470,,,,
124804169,,,,
124812356,,,,
124812422,,,,
124812465,,,,
124812698,,,,
124812783,,,,
124969379,,,,
124997644,,,,
44218167,,,,
44218221,,,,
44218333,,,,
44219215,,,,
44220466,,,,
44222758,,,,
38590687,,,,
44213449,,,,
44214504,,,,
44214752,,,,
44218275,,,,
44218307,,,,
44218376,,,,
44218414,,,,
44218645,,,,
44218873,,,,
44219063,,,,
44219594,,,,
44220328,,,,
44220394,,,,
44220650,,,,
44220850,,,,
44222295,,,,
44222332,,,,
44222371,,,,
44222390,,,,
44222551,,,,
44222572,,,,
44222597,,,,
44222616,,,,
44222659,,,,
44222688,,,,
44222709,,,,
44222732,,,,
44222746,,,,
50391821,,,,
50392194,,,,
52406616,,,,
52407253,,,,
52407357,,,,
52407739,,,,
52408979,,,,
52412537,,,,
52406194,,,,
52406277,,,,
52406402,,,,
52406533,,,,
52406689,,,,
52406759,,,,
52406846,,,,
52407057,,,,
52407430,,,,
52407542,,,,
52407665,,,,
52407825,,,,
52407908,,,,
52408000,,,,
52408070,,,,
52408155,,,,
52408216,,,,
52408268,,,,
52408377,,,,
52408444,,,,
52408566,,,,
52408641,,,,
52408703,,,,
52408755,,,,
52408802,,,,
52408854,,,,
52408902,,,,
52409042,,,,
52412604,,,,
52412683,,,,
61700020,,,,
61700310,,,,
61700358,,,,
61700451,,,,
61700825,,,,
61703748,,,,
61703983,,,,
61704913,,,,
61704967,,,,
61699801,,,,
61700127,,,,
61700195,,,,
61700498,,,,
61700561,,,,
61700611,,,,
61700661,,,,
61700712,,,,
61700767,,,,
61703803,,,,
61703854,,,,
61703924,,,,
61704024,,,,
61704099,,,,
61704150,,,,
61704199,,,,
61704260,,,,
61704310,,,,
61704350,,,,
61704482,,,,
61704758,,,,
61704797,,,,
61704820,,,,
61704860,,,,
61704885,,,,
61704935,,,,
61704982,,,,
61705005,,,,
61705038,,,,
75676908,,,,
75677949,,,,
75680750,,,,
75685395,,,,
75697512,,,,
75781940,,,,
75783376,,,,
75787801,,,,
75788480,,,,
75788862,,,,
75789250,,,,
75790163,,,,
75791239,,,,
75793585,,,,
75794310,,,,
75798308,,,,
75799222,,,,
75807075,,,,
75809020,,,,
75809880,,,,
75810957,,,,
75812335,,,,
75814183,,,,
75816673,,,,
75817798,,,,
75818403,,,,
75819089,,,,
75819867,,,,
75820553,,,,
75822322,,,,
75823058,,,,
75824140,,,,
75824842,,,,
75826230,,,,
75827093,,,,
75827716,,,,
75828499,,,,
75829464,,,,
75830949,,,,
75832478,,,,
75834177,,,,
75894889,,,,
75895256,,,,
75895499,,,,
75895655,,,,
76182420,,,,
76182445,,,,
76188487,,,,
76190404,,,,
76194754,,,,
76196537,,,,
76197979,,,,
76200128,,,,
76202414,,,,
76216489,,,,
76220550,,,,
76223024,,,,
76226186,,,,
76227142,,,,
76228590,,,,
76229700,,,,
76231144,,,,
76232951,,,,
76234699,,,,
76236646,,,,
76239902,,,,
76243270,,,,
76559729,,,,
76595277,,,,
76597149,,,,
76598861,,,,
76600343,,,,
76605764,,,,
76608591,,,,
76612252,,,,
76615056,,,,
76623274,,,,
76624550,,,,
76632393,,,,
76633286,,,,
76634388,,,,
76635160,,,,
76635966,,,,
76637221,,,,
77421748,,,,
77423716,,,,
77425841,,,,
77427652,,,,
77430916,,,,
77432669,,,,
77436193,,,,
77439917,,,,
77441628,,,,
77443631,,,,
77446577,,,,
77447878,,,,
77449506,,,,
77451683,,,,
77453778,,,,
77455533,,,,
78573574,,,,
78577491,,,,
82305526,,,,
82306015,,,,
82306261,,,,
82306716,,,,
82307429,,,,
82308681,,,,
82309227,,,,
82309942,,,,
82310288,,,,
82310650,,,,
82311016,,,,
82311629,,,,
82312056,,,,
82312325,,,,
82312640,,,,
82313347,,,,
82313782,,,,
82314442,,,,
82315144,,657.0,1.0,1.0
82315580,,,,
82316275,,,,
82317463,,,,
82318784,,,,
82539838,,,,
82540520,,,,
82541223,,,,
82541867,,,,
82543744,,,,
82544292,,,,
82544994,,,,
82545537,,,,
82546161,,,,
82546636,,,,
82547406,,,,
82547973,,,,
82548740,,,,
82549469,,,,
82550290,,,,
82551350,,,,
82552052,,,,
82552807,,,,
82553364,,,,
82554360,,,,
82554727,,,,
82555082,,,,
82555508,,,,
82555967,,,,
82557328,,,,
82557757,,,,
82558219,,,,
82558601,,,,
82559029,,,,
82559516,,,,
82561671,,,,
82562106,,,,
82562606,,,,
82562998,,,,
82735180,,,,
82735919,,,,
82782276,,,,
82783023,,,,
82783841,,657.0,10.0,2.0
74994677,,,,
75675976,,,,
75678544,,,,
75679497,,,,
75680195,,,,
75682097,,,,
75682821,,,,
75683577,,,,
75683991,,,,
75684548,,,,
75685056,,,,
75686754,,,,
75687115,,,,
75687493,,,,
75688119,,,,
75688697,,,,
75689370,,,,
75689985,,,,
75691056,,,,
75691695,,,,
75692255,,,,
75692882,,,,
75693370,,,,
75694773,,,,
75695666,,,,
75696331,,,,
75697056,,,,
75697766,,,,
82684938,,,,
82686347,,,,
82692936,,,,
99699423,,,,
99706929,,,,
99714732,,,,
99845860,,,,
99846820,,,,
99847593,,,,
99848312,,,,
99848967,,,,
99849683,,,,
99850435,,,,
99852856,,,,
99853795,,,,
99855517,,,,
99859575,,,,
99861580,,,,
99862808,,,,
99864336,,,,
99865380,,,,
99876202,,,,
99878169,,,,
99879347,,,,
99884996,,,,
99886827,,,,
99887562,,657.0,5.0,30.0
99888617,,,,
99913852,,,,
99914071,,,,
99914212,,,,
99914378,,,,
99914534,,,,
99914841,,,,
99915075,,,,
99915324,,,,
99915601,,,,
99915918,,,,
99916340,,,,
99917054,,,,
99917464,,,,
99918199,,,,
99918742,,,,
99919192,,,,
99919989,,,,
99928846,,,,
99929287,,,,
99929987,,,,
99930402,,,,
99931254,,,,
99932054,,,,
99962468,,,,
99963148,,,,
99965107,,,,
99967265,,,,
99968294,,,,
99970565,,,,
99972396,,,,
99973458,,,,
99974521,,657.0,5.0,50.0
99976226,,,,
99979225,,,,
99979258,,,,
99979270,,,,
99980509,,,,
99981684,,,,
99982484,,,,
99984037,,,,
99985337,,,,
99986177,,,,
99987253,,,,
99989005,,,,
99990192,,,,
99990211,,,,
100006786,,,,
100007763,,,,
100008394,,,,
100009135,,,,
100010527,,,,
100010992,,,,
100011560,,,,
100012293,,,,
100012836,,,,
100013277,,,,
100013756,,,,
100014295,,,,
100018151,,,,
100018822,,,,
100021390,,,,
100022218,,,,
100022910,,,,
100023516,,,,
100025012,,,,
100258289,,,,
100258782,,,,
100259209,,,,
100259954,,,,
100260254,,,,
100260574,,,,
100261147,,,,
100261447,,,,
100262041,,,,
100262351,,,,
100262858,,,,
100263522,,,,
100263850,,,,
100266601,,,,
100267172,,657.0,5.0,50.0
100268259,,,,
100268648,,,,
100269388,,,,
100270070,,657.0,3.0,50.0
100270495,,,,
100271130,,657.0,5.0,30.0
100271519,,,,
100271986,,,,
100272494,,657.0,3.0,30.0
100273090,,657.0,3.0,40.0
100273676,,657.0,3.0,50.0
100274558,,,,
100275413,,,,
100276077,,657.0,3.0,30.0
100276561,,657.0,2.0,50.0
100277084,,657.0,3.0,50.0
100277605,,657.0,3.0,30.0
100278014,,657.0,3.0,40.0
100278392,,657.0,2.0,30.0
100278865,,657.0,3.0,30.0
100279365,,657.0,3.0,50.0
100280144,,657.0,3.0,50.0
100280465,,,,
100280967,,657.0,2.0,30.0
100281450,,657.0,3.0,30.0
100313189,,,,
100314004,,,,
100314277,,,,
100315114,,,,
100316743,,657.0,3.0,30.0
100317160,,,,
100317476,,,,
100317862,,657.0,3.0,30.0
100318346,,,,
100318756,,,,
100319114,,,,
100474711,,657.0,3.0,30.0
100475288,,657.0,3.0,30.0
100475678,,,,
100476136,,657.0,3.0,30.0
100476428,,657.0,3.0,50.0
100477102,,,,
100477366,,,,
100477888,,,,
100478347,,657.0,3.0,30.0
100478642,,657.0,3.0,30.0
100479017,,,,
100479251,,,,
100479642,,,,
100479952,,,,
100480197,,,,
100480549,,,,
100480832,,,,
100484734,,,,
100485308,,,,
100485591,,,,
100486007,,657.0,3.0,30.0
100486421,,657.0,3.0,30.0
100486797,,,,
100487471,,657.0,3.0,40.0
100490581,,,,
100490819,,,,
100491259,,,,
100491624,,,,
100493306,,,,
100493652,,,,
100494462,,,,
100494948,,,,
100495174,,,,
100495542,,,,
100495861,,,,
100496370,,657.0,3.0,30.0
100496850,,,,
100497298,,,,
100499787,,657.0,3.0,40.0
100500089,,,,
100500433,,,,
100500787,,,,
100501167,,,,
100501680,,,,
100502135,,,,
101238324,,657.0,3.0,10.0
101239111,,,,
101240349,,657.0,3.0,10.0
101241659,,657.0,3.0,10.0
101242905,,657.0,3.0,10.0
101247644,,,,
101249219,,,,
101250569,,,,
101252383,,,,
101253812,,,,
101255549,,,,
101256783,,,,
101258067,,,,
101259441,,,,
101261177,,,,
101263982,,,,
101265694,,,,
101266831,,,,
101267910,,,,
101269850,,,,
101271513,,,,
101274008,,,,
101275808,,,,
101279663,,,,
101281123,,,,
101282444,,,,
101283676,,,,
101285326,,,,
101286713,,,,
101288120,,,,
101289242,,,,
101290484,,,,
101291968,,,,
101293492,,,,
101295547,,,,
101369846,,,,
101371352,,,,
101372857,,,,
101374117,,,,
101375299,,,,
101376133,,,,
101376959,,,,
101377974,,,,
101965711,,,,
101966508,,,,
101972280,,,,
101975592,,,,
101985538,,,,
101987736,,,,
101988599,,,,
101988985,,,,
103914541,,,,
103917229,,,,
103917726,,,,
103934454,,657.0,2.0,30.0
103935818,,657.0,3.0,40.0
101961208,,,,
101961640,,,,
101962142,,,,
101962720,,,,
101963329,,,,
101963725,,,,
101964522,,,,
101967417,,,,
101968586,,,,
101971795,,,,
101972792,,,,
101973374,,,,
101974189,,,,
101976266,,,,
101976912,,,,
101978613,,,,
101984194,,,,
101984898,,,,
101986558,,,,
101987227,,,,
101991246,,,,
103931690,,,,
114680251,,657.0,30.0,50.0
115148911,,657.0,20.0,150.0
115155007,,657.0,20.0,150.0
115163502,,657.0,15.0,300.0
115169576,,657.0,15.0,300.0
115473258,,657.0,15.0,350.0
115478004,,,,
118136892,,659.0,15.0,300.0
118137766,,,,
118173962,,,,
118174725,,,,
118176129,,657.0,15.0,300.0
118180362,,657.0,15.0,300.0
118184500,,657.0,15.0,300.0
118185420,,657.0,15.0,300.0
118190458,,,,
118193350,,,,
118193780,,,,
118194657,,,,
118194978,,657.0,15.0,300.0
118195391,,,,
118195882,,,,
118196309,,657.0,15.0,300.0
118197914,,,,
118198348,,,,
118199472,,657.0,15.0,300.0
118199902,,,,
118200537,,,,
118201109,,,,
118201562,,,,
118202370,,,,
118202810,,,,
118203271,,,,
118203695,,,,
118209220,,657.0,30.0,300.0
118209711,,657.0,30.0,300.0
118210048,,,,
118210505,,,,
118211047,,,,
118211436,,,,
118211978,,657.0,30.0,300.0
118212328,,657.0,15.0,300.0
118212658,,657.0,20.0,300.0
118213030,,657.0,20.0,300.0
118213388,,657.0,20.0,300.0
118213730,,,,
118214028,,,,
118214397,,657.0,20.0,100.0
118227617,,,,
118228055,,,,
118228439,,657.0,20.0,300.0
118228753,,657.0,20.0,300.0
118229270,,,,
118229760,,,,
118230112,,,,
118231189,,,,
118231569,,657.0,20.0,300.0
118231837,,,,
118232165,,,,
118232435,,,,
118232765,,,,
118233080,,,,
118233534,,657.0,20.0,300.0
118233965,,,,
118234288,,,,
118234702,,657.0,20.0,300.0
118235582,,657.0,20.0,300.0
118235842,,657.0,15.0,300.0
118405435,,,,
118405815,,,,
118406153,,,,
118406955,,,,
118407297,,,,
118422595,,657.0,20.0,300.0
118422789,,657.0,20.0,300.0
118422956,,657.0,20.0,300.0
118423375,,657.0,20.0,300.0
118423594,,657.0,20.0,300.0
118423759,,657.0,20.0,300.0
118423917,,657.0,20.0,300.0
118424060,,657.0,20.0,300.0
118424272,,657.0,20.0,300.0
118424453,,657.0,20.0,300.0
118424742,,,,
118424858,,,,
118425040,,,,
118425246,,,,
118425948,,,,
118557848,,,,
118666736,,,,
118668124,,657.0,15.0,300.0
118669187,,657.0,15.0,300.0
118669968,,,,
118670808,,657.0,20.0,300.0
118673416,,657.0,20.0,300.0
118673883,,657.0,20.0,300.0
118674262,,,,
118674984,,,,
118676047,,,,
118676455,,,,
118677446,,,,
118678030,,,,
118678632,,,,
118679372,,657.0,30.0,200.0
118680682,,,,
118681320,,657.0,20.0,200.0
118690850,,657.0,20.0,200.0
118691799,,657.0,20.0,200.0
118699129,,,,
118699527,,,,
118700061,,657.0,15.0,200.0
118700523,,,,
118700996,,657.0,15.0,200.0
119193979,,657.0,20.0,200.0
119194437,,657.0,20.0,200.0
119304621,,657.0,20.0,200.0
119306973,,,,
119307239,,657.0,20.0,200.0
119307559,,657.0,20.0,15.0
119308224,,,,
119308549,,657.0,20.0,100.0
119308895,,657.0,20.0,100.0
119309771,,657.0,20.0,200.0
119310087,,657.0,20.0,200.0
119310576,,657.0,20.0,100.0
119311096,,657.0,20.0,15.0
119311602,,,,
119312106,,,,
119312588,,,,
123914903,,,,
123915074,,,,
123915275,,,,
123915455,,,,
123923537,,,,
123923642,,,,
123924019,,,,
123924047,,,,
123924087,,,,
123924140,,,,
123933112,,,,
123933436,,657.0,30.0,20.0
123933932,,,,
123939591,,,,
123939871,,,,
123940050,,,,
123940200,,,,
123940404,,,,
123940498,,,,
123940619,,,,
123940809,,,,
123941383,,,,
123982439,,657.0,20.0,1.0
123982824,,657.0,15.0,150.0
123983102,,657.0,15.0,100.0
123983163,,657.0,20.0,150.0
123983230,,657.0,20.0,100.0
123983243,,,,
123983289,,,,
123983307,,657.0,20.0,150.0
123983339,,657.0,20.0,100.0
124063091,,,,
124063566,,,,
124063621,,,,
124063660,,,,
124063741,,,,
124063771,,,,
124063804,,,,
124063854,,,,
124063944,,,,
124063995,,,,
124064039,,,,
124064094,,,,
124064142,,,,
124064202,,,,
124064250,,,,
124064742,,,,
124065071,,,,
124066269,,,,
124110771,,,,
124197813,,,,
124198045,,,,
124198106,,,,
124198188,,,,
124198272,,,,
124198526,,,,
124198778,,,,
124198853,,,,
124201918,,,,
124202685,,,,
124202740,,657.0,5.0,200.0
124202939,,657.0,5.0,105.0
124203018,,658.0,5.0,100.0
124204120,,,,
124204160,,,,
124204200,,,,
124204219,,,,
124204247,,,,
124204307,,,,
124205298,,,,
124205749,,657.0,7.0,10.0
124205921,,,,
124205972,,,,
124206009,,,,
124206193,,,,
124206344,,,,
124206481,,,,
124210356,,657.0,4.0,10.0
124210379,,657.0,4.0,15.0
124210413,,657.0,4.0,20.0
124210641,,,,
124213199,,,,
124213236,,,,
124213287,,,,
124213442,,,,
123923256,,,,
123923680,,,,
123923707,,,,
123923892,,,,
123923992,,,,
123924066,,,,
123924180,,,,
124062668,,,,
124062726,,,,
124062766,,,,
124062800,,,,
124062840,,,,
124062881,,,,
124062946,,,,
124062980,,,,
124063012,,,,
124063051,,,,
124064394,,,,
124065208,,,,
124066398,,,,
124110807,,,,
124197120,,,,
124197299,,,,
124198596,,,,
38605498,,,,
38575361,,,,
38575516,,,,
38577239,,,,
38577571,,,,
38577935,,,,
38578052,,,,
38578406,,,,
38605410,,,,
38605614,,,,
38605815,,,,
38605932,,,,
38606068,,,,
44038263,,,,
44038329,,,,
44038848,,,,
44039040,,,,
38577682,,,,
38606279,,,,
44038964,,,,
47547147,,,,
47552456,,,,
47566969,,,,
47573551,,,,
47576323,,,,
47576749,,,,
47577986,,,,
47578343,,,,
47578809,,,,
47579625,,,,
47543986,,,,
47544380,,,,
47544846,,,,
47545301,,,,
47545566,,,,
47546357,,,,
47546706,,,,
47547905,,,,
47548532,,,,
47549499,,,,
47565687,,,,
47566476,,,,
47568422,,,,
47568935,,,,
47569620,,,,
47570328,,,,
47570877,,,,
47571470,,,,
47633622,,,,
47543549,,,,
47547518,,,,
47548992,,,,
64899374,,,,
64899338,,,,
58712794,,,,
64890591,,,,
64898048,,,,
64898178,,,,
64898333,,,,
64898448,,,,
64898667,,,,
64899291,,,,
64899492,,,,
64899527,,,,
64899589,,,,
64899614,,,,
64899673,,,,
64899715,,,,
64899743,,,,
64899761,,,,
64899826,,,,
64899885,,,,
64899917,,,,
65027554,,,,
64898550,,,,
64899408,,,,
64899452,,,,
64899647,,,,
64899807,,,,
65027576,,,,
69453359,,,,
69453541,,,,
69453828,,,,
69453932,,,,
69454054,,,,
69454734,,,,
69457307,,,,
69457509,,,,
69504463,,,,
69505017,,,,
69505561,,,,
69506032,,,,
69507203,,,,
69509775,,,,
69510643,,,,
69511457,,,,
69512694,,,,
69514273,,,,
69514762,,,,
69515238,,,,
69515954,,,,
69516422,,,,
69516875,,,,
69518109,,,,
69519414,,,,
69736996,,,,
69737744,,,,
69738113,,,,
69738393,,,,
69738783,,,,
69738963,,,,
69739101,,,,
69741528,,,,
69743650,,,,
69744256,,,,
69745762,,,,
69778345,,,,
69779108,,,,
69780202,,,,
70079362,,,,
70079560,,,,
70079823,,,,
70080084,,,,
70080318,,,,
70081104,,,,
70081370,,,,
70081622,,,,
70081850,,,,
70082077,,,,
70082274,,,,
70082519,,,,
70082894,,,,
70083103,,,,
70083575,,,,
70083795,,,,
70084067,,,,
70084329,,,,
70084624,,,,
70085663,,,,
70085933,,,,
70086154,,,,
70088454,,,,
70088762,,,,
70088939,,,,
70089102,,,,
70089313,,,,
70089763,,,,
70090865,,,,
70092382,,,,
70092622,,,,
70093189,,,,
70093423,,,,
70093780,,,,
70094027,,,,
70094723,,,,
70095192,,,,
70095474,,,,
70095800,,,,
70169788,,,,
70170648,,,,
70304185,,,,
70342857,,,,
70808014,,,,
70816711,,,,
72793770,,,,
72794062,,,,
72798525,,,,
72798837,,,,
72799663,,,,
72800798,,,,
72801065,,,,
72801861,,,,
72802037,,,,
72803050,,,,
72803969,,,,
72804209,,,,
72804961,,,,
72805277,,,,
72806036,,,,
72806442,,,,
72806727,,,,
72807433,,,,
72807674,,,,
72807940,,,,
72808511,,,,
72808795,,,,
72810531,,,,
72810839,,,,
72811100,,,,
72811547,,,,
72812240,,,,
72812558,,,,
72812856,,,,
72813335,,,,
72813790,,,,
72817577,,,,
72817773,,,,
72817929,,,,
72818688,,,,
72818828,,,,
72818957,,,,
72819107,,,,
72819307,,,,
72819458,,,,
72819570,,,,
72819717,,,,
72820573,,,,
72820713,,,,
72821059,,,,
72821170,,,,
72821293,,,,
72821494,,,,
72821631,,,,
72821844,,,,
72821991,,,,
72822150,,,,
72822273,,,,
72822428,,,,
72822551,,,,
72822711,,,,
72823072,,,,
72823279,,,,
72823603,,,,
72823724,,,,
72824228,,,,
72824375,,,,
72824490,,,,
72824634,,,,
72824789,,,,
72824903,,,,
72825091,,,,
72825278,,,,
72825408,,,,
72825538,,,,
72825736,,,,
72825872,,,,
72825995,,,,
75114161,,,,
75116046,,,,
75117207,,,,
75117340,,,,
75118449,,,,
75122527,,,,
75122970,,,,
75127179,,,,
75128479,,,,
75129266,,,,
75129618,,,,
75130040,,,,
75130813,,,,
75131232,,,,
75131801,,,,
75132074,,,,
75132754,,,,
75253851,,,,
75254513,,,,
75255756,,,,
75257255,,,,
75275555,,,,
75294235,,,,
75294410,,,,
75294625,,,,
75312020,,,,
75322416,,,,
75323391,,,,
75325959,,,,
75328306,,,,
75331446,,,,
75349346,,,,
75353346,,,,
75354644,,,,
76461811,,,,
76462441,,,,
76698976,,,,
76703657,,,,
76704083,,,,
76705157,,,,
77286198,,,,
77287053,,,,
77289697,,,,
77292412,,,,
77297559,,,,
77300674,,,,
77301930,,,,
78552977,,,,
78554343,,,,
78559962,,,,
78561042,,,,
78564178,,,,
78569662,,,,
78578696,,,,
78580224,,,,
78601505,,,,
78604257,,,,
78609872,,,,
78613107,,,,
78615582,,,,
78617734,,,,
78620400,,,,
78641312,,,,
78641914,,,,
78643179,,,,
78644032,,,,
78645552,,,,
78646233,,,,
78647015,,,,
78648064,,,,
78875727,,,,
78876785,,,,
78878074,,,,
78879434,,,,
78880428,,,,
78881276,,,,
78882332,,,,
78884062,,,,
78884889,,,,
78886005,,,,
78917231,,,,
79237654,,,,
79317537,,,,
79332065,,,,
79335950,,,,
79348922,,,,
79353837,,,,
79363505,,,,
79365864,,,,
79369799,,,,
79375285,,,,
79384817,,,,
79391636,,,,
79401041,,,,
79403471,,,,
79405935,,,,
79407176,,,,
79408265,,,,
79409823,,,,
79411067,,,,
79420353,,,,
79421879,,,,
79426412,,,,
79427941,,,,
79431563,,,,
79432287,,,,
79792100,,,,
79792238,,,,
79792409,,,,
79792586,,,,
79792727,,,,
79792873,,,,
79793034,,,,
79793191,,,,
79793591,,,,
79793955,,,,
79794307,,,,
79794837,,,,
79795107,,,,
79795312,,,,
79795624,,,,
79795848,,,,
79796116,,,,
79831082,,657.0,180.0,2.0
79833847,,,,
79836192,,,,
79836680,,,,
79863800,,,,
79864435,,,,
79869529,,,,
79933232,,,,
79933968,,,,
79935013,,,,
79935493,,,,
79936334,,,,
79937159,,,,
79938064,,,,
79939743,,,,
79864906,,,,
78956825,,,,
78957945,,,,
78958964,,,,
78961615,,,,
78962638,,,,
78963874,,,,
79314928,,,,
79319035,,,,
79320151,,,,
79321585,,,,
79323719,,,,
79327179,,,,
79328574,,,,
79330926,,,,
79334582,,,,
79338794,,,,
79822322,,,,
79824965,,,,
79825301,,,,
79825780,,,,
79826137,,,,
79826422,,,,
79832034,,,,
79832340,,,,
79832838,,,,
79833430,,,,
79834387,,,,
79834918,,,,
79835325,,,,
79835712,,,,
79839920,,,,
79840373,,,,
79840869,,,,
79841312,,,,
79841769,,,,
79856546,,,,
79856905,,,,
79857618,,,,
79858258,,,,
94697793,,,,
94698214,,,,
99020355,,,,
99023401,,,,
99024167,,,,
99028011,,,,
99028856,,,,
99029429,,,,
99030432,,,,
99031941,,,,
99038909,,,,
99039381,,,,
99039764,,,,
99040214,,,,
99040699,,,,
99041114,,,,
99041462,,,,
99042228,,,,
99042505,,,,
99043381,,,,
99043704,,,,
99043945,,,,
99044250,,,,
99044567,,,,
99045162,,,,
99045594,,,,
99202603,,,,
99204128,,,,
99212641,,,,
99295513,,,,
99300945,,,,
99310244,,,,
99314166,,,,
99314599,,,,
99314825,,,,
99315080,,,,
99315350,,,,
99315944,,,,
99316063,,,,
99316198,,,,
99316339,,,,
99316505,,,,
99316636,,,,
99316807,,,,
99316941,,,,
99317082,,,,
99317356,,,,
99317508,,,,
99317626,,,,
99317788,,,,
99317909,,,,
99318103,,,,
99318218,,,,
99318434,,,,
99318541,,,,
99318790,,,,
99318932,,,,
99319033,,,,
99319144,,,,
99319244,,,,
99319343,,,,
99319455,,,,
99319576,,,,
99319737,,,,
99319859,,,,
99320227,,,,
99320487,,,,
99321043,,,,
99327681,,,,
99328087,,,,
99328424,,,,
99328831,,,,
99328945,,,,
99329187,,,,
99329369,,,,
99329615,,,,
99329719,,,,
99329883,,,,
99329984,,,,
99330069,,,,
99330165,,,,
99330303,,,,
99330481,,,,
99330558,,,,
99330663,,,,
99330876,,,,
99331093,,,,
99331230,,,,
99331649,,,,
99332280,,,,
99332447,,,,
99332590,,,,
99332688,,,,
99332925,,,,
99333306,,,,
99333534,,,,
99333639,,,,
99333921,,,,
99334040,,,,
99334156,,,,
99346808,,,,
99347071,,,,
99347278,,,,
99349349,,,,
99387379,,,,
99387592,,,,
99388560,,,,
99388987,,,,
99393431,,,,
99393725,,,,
99395055,,,,
99395277,,,,
99395948,,,,
99396327,,,,
99396707,,,,
99396956,,,,
99397387,,,,
99397762,,,,
99398119,,,,
99398282,,,,
99398572,,,,
99399628,,,,
99400299,,,,
99400792,,,,
99402832,,,,
99402966,,,,
99403116,,,,
99403522,,,,
99403817,,,,
99404199,,,,
99404383,,,,
99404522,,,,
99404667,,,,
99404852,,,,
99405009,,,,
99405176,,,,
99405338,,,,
99405492,,,,
99405662,,,,
99405788,,,,
99405929,,,,
99406039,,,,
99406145,,,,
99406286,,,,
99406470,,,,
99406593,,,,
99518562,,657.0,10.0,458.0
99519373,,657.0,12.0,2500.0
99519924,,,,
99520739,,,,
99521032,,659.0,10.0,170.0
99521500,,657.0,10.0,40.0
99521701,,657.0,10.0,60.0
99521933,,,,
99522570,,,,
99523106,,,,
99530497,,,,
99530713,,,,
99531004,,,,
99531236,,,,
99531406,,,,
99531648,,657.0,1.0,10.0
99531873,,657.0,1.0,10.0
99532248,,,,
99532461,,,,
99532731,,,,
99533015,,,,
99533161,,,,
99533395,,,,
99534079,,657.0,1.0,20.0
99534230,,657.0,1.0,50.0
99534449,,,,
99534604,,,,
99534763,,,,
99534923,,,,
99535121,,,,
99535336,,,,
99535523,,,,
99535965,,,,
99536168,,,,
99536313,,,,
99536498,,,,
99536643,,,,
99536863,,,,
99537147,,,,
99537573,,,,
99538339,,,,
99538529,,,,
99538724,,,,
99539044,,,,
99539264,,,,
99574387,,,,
99575813,,,,
99575985,,,,
99576626,,,,
99576717,,,,
99576827,,657.0,10.0,1215.0
99576911,,,,
99577020,,,,
99577142,,,,
99577780,,,,
127461135,,,,
99193579,,,,
99194313,,,,
99200935,,,,
99201373,,,,
99202139,,,,
99204494,,,,
99205361,,,,
99205821,,,,
99206225,,,,
99207951,,,,
99209897,,,,
99210443,,,,
99210908,,657.0,2.0,50.0
99211535,,,,
99212228,,,,
99213480,,,,
99224864,,,,
99226610,,,,
99294408,,,,
99295187,,,,
99300463,,,,
99307997,,,,
99308978,,,,
99309393,,,,
99311114,,,,
99312567,,,,
99312947,,,,
99572973,,,,
99573082,,,,
99573127,,,,
99574009,,,,
99574138,,,,
99574295,,,,
99574453,,,,
99574532,,,,
99574690,,,,
99575299,,,,
99575511,,,,
99575608,,657.0,10.0,1205.0
99577413,,,,
99578314,,,,
127460612,,,,
127460678,,657.0,3.0,900.0
99294917,,,,
99297598,,,,
99204721,,,,
99205053,,,,
99206502,,,,
99206706,,,,
99207128,,,,
99224713,,,,
99225026,,,,
99225200,,,,
99225365,,,,
99225513,,,,
99225875,,,,
99226004,,,,
99226155,,,,
99226304,,,,
99226443,,,,
99226751,,,,
99226866,,,,
99227043,,,,
99227220,,,,
99227375,,,,
99311583,,,,
109470399,,,,
109473193,,,,
116770835,,,,
116771840,,,,
116772970,,,,
116773742,,,,
116776732,,,,
116777710,,,,
116778742,,,,
116903741,,,,
116904216,,,,
116905366,,,,
116906061,,,,
116907611,,,,
116908854,,,,
116909850,,,,
116911030,,,,
116912085,,,,
116913003,,,,
116917232,,,,
116917979,,,,
116918718,,,,
116919194,,,,
116919862,,,,
116920351,,,,
116920847,,,,
116921396,,,,
116921905,,,,
124901948,,,,
124902048,,,,
124902128,,,,
124902401,,,,
124902516,,,,
124902611,,,,
124902966,,,,
124903024,,,,
124903085,,,,
124904561,,,,
124904660,,,,
124904729,,,,
124904789,,,,
124904829,,,,
124904890,,,,
124904959,,,,
124905012,,,,
124905097,,,,
124905135,,,,
124905222,,,,
124905275,,,,
124905313,,,,
124905351,,,,
124905401,,,,
124905448,,,,
124905541,,,,
124905598,,,,
124905935,,,,
124906363,,,,
124906448,,,,
124906595,,657.0,365.0,1000.0
124906726,,,,
124906988,,,,
124907072,,,,
124907122,,,,
124914429,,,,
124914829,,,,
124914903,,,,
124937292,,,,
124937817,,,,
124937997,,,,
124938211,,,,
124938425,,,,
124938721,,,,
124940002,,,,
124940216,,,,
124940423,,,,
124940919,,,,
124941356,,,,
124941771,,657.0,300.0,360.0
124942034,,,,
124942362,,,,
124942544,,,,
124943164,,,,
124943788,,,,
124944138,,,,
124944604,,,,
124945368,,,,
124946959,,,,
124947497,,,,
124947977,,,,
124989313,,,,
124991282,,,,
124998532,,,,
124999629,,,,
124999866,,,,
125000670,,,,
125000947,,,,
125001145,,,,
125006768,,,,
125007556,,,,
125008330,,,,
125009027,,,,
125009318,,,,
125009494,,657.0,30.0,330.0
125009794,,,,
125018407,,,,
125018456,,,,
125018572,,,,
125018704,,,,
125018762,,,,
125018836,,,,
125018870,,,,
125029934,,,,
125030237,,,,
125124869,,,,
125124899,,,,
125124922,,,,
125125061,,,,
125125108,,659.0,365.0,210.0
125125132,,657.0,365.0,230.0
125125159,,,,
125125170,,,,
125125189,,,,
125125208,,,,
125125223,,,,
125125237,,,,
125125284,,,,
125125350,,,,
125125382,,,,
125131571,,,,
125132067,,,,
125132123,,,,
125133955,,,,
125134022,,,,
125134070,,,,
125134098,,,,
125134130,,,,
125134166,,,,
125134205,,,,
125134248,,,,
125134288,,,,
125134322,,,,
125134681,,,,
125134719,,,,
125134749,,,,
125134797,,,,
125134836,,,,
125134867,,,,
125007972,,,,
125006389,,,,
125009997,,,,
125011529,,,,
125025588,,,,
124986513,,,,
124988730,,,,
124989774,,,,
124990415,,,,
124999031,,,,
124999349,,,,
125004644,,,,
125004922,,,,
125005114,,,,
125005293,,,,
125007121,,,,
125008617,,,,
125011368,,,,
125018373,,,,
125018616,,,,
125022468,,,,
125025447,,,,
44495761,,,,
44495840,,,,
44495856,,,,
44495896,,,,
44495913,,,,
44495927,,,,
44495948,,,,
44495983,,,,
44495996,,,,
44496064,,,,
44496089,,,,
44496102,,,,
44496142,,,,
44496439,,,,
62897766,,,,
44495971,,,,
44495705,,,,
44495719,,,,
44495733,,,,
44495747,,,,
44495785,,,,
44495808,,,,
44495826,,,,
44495864,,,,
44495881,,,,
44496026,,,,
44496045,,,,
44496130,,,,
62896806,,,,
62897709,,,,
44496118,,,,
44496160,,,,
44496172,,,,
48867903,,,,
48868073,,,,
55237538,,,,
61657222,,,,
61657898,,,,
61719599,,,,
48868464,,,,
48901366,,,,
55237872,,,,
48866885,,,,
48867032,,,,
48867383,,,,
48868605,,,,
48868799,,,,
48869171,,,,
48869338,,,,
48869572,,,,
48869764,,,,
48870687,,,,
48871145,,,,
55237468,,,,
55237582,,,,
55237713,,,,
55246824,,,,
61715040,,,,
61716858,,,,
64780986,,,,
64781026,,,,
64781057,,,,
48867200,,,,
48868271,,,,
48869907,,,,
48870093,,,,
48870302,,,,
48870530,,,,
48870999,,,,
48871599,,,,
48891294,,,,
55237620,,,,
55237672,,,,
55237785,,,,
55237820,,,,
61656978,,,,
60851990,,,,
60854853,,,,
60880261,,,,
65809786,,,,
65809821,,,,
65809918,,,,
65809939,,,,
60851379,,,,
60851530,,,,
60852206,,,,
60852406,,,,
60852518,,,,
60854790,,,,
60854945,,,,
65809886,,,,
65809965,,,,
60851960,,,,
60852032,,,,
60852082,,,,
60852116,,,,
60852438,,,,
60852476,,,,
60852872,,,,
60852934,,,,
60855172,,,,
60879885,,,,
60879946,,,,
60880007,,,,
60880062,,,,
60880146,,,,
82514094,,,,
82516510,,,,
82674667,,,,
82728749,,,,
82730088,,,,
82731570,,,,
82732308,,,,
82735793,,,,
82736049,,,,
82737248,,,,
82738477,,,,
82740203,,,,
82740764,,,,
82741473,,,,
82742935,,,,
82745610,,,,
82746253,,,,
82746652,,,,
82749147,,,,
82750065,,,,
82751521,,,,
82752177,,657.0,1.0,1.0
82752787,,,,
82753452,,,,
82753852,,,,
82754559,,,,
82755289,,,,
82755705,,,,
82756210,,,,
82756802,,,,
82757290,,,,
82758022,,,,
82759069,,,,
82759398,,659.0,1.0,1000.0
82759743,,,,
82760561,,,,
82761146,,,,
82761536,,,,
82762134,,,,
82762801,,,,
82763457,,,,
82764124,,,,
82764664,,,,
82765106,,,,
82765586,,,,
82766059,,,,
82766570,,,,
82766977,,,,
82767402,,,,
82768365,,,,
82768843,,,,
82769671,,,,
82770042,,,,
82770414,,,,
82770976,,,,
82771493,,,,
82771785,,,,
82772402,,,,
83035120,,,,
83035803,,,,
83036320,,,,
83037010,,657.0,1.0,1.0
83038290,,,,
83040186,,,,
83041466,,,,
83043473,,,,
83047720,,,,
83053789,,,,
83056798,,,,
83059275,,,,
83060176,,,,
83078208,,,,
83078573,,,,
83078836,,,,
83079020,,,,
83080097,,,,
83080385,,,,
83080897,,,,
83081151,,,,
83082534,,,,
83082827,,,,
83083180,,,,
83083669,,,,
83083981,,,,
83109950,,,,
83113656,,,,
83113931,,,,
83114101,,,,
83114581,,,,
83114773,,,,
83114992,,,,
83115185,,,,
83115460,,,,
83116008,,,,
83117524,,,,
75538351,,,,
82767837,,,,
75536261,,,,
75536540,,,,
75537618,,,,
75537916,,,,
75538202,,,,
75538598,,,,
75538799,,,,
75540169,,,,
83103434,,,,
83104446,,,,
83105246,,,,
83105641,,,,
83106060,,,,
83106698,,,,
83107171,,,,
83107789,,,,
83110240,,,,
83110585,,,,
101216635,,,,
101218336,,,,
101239017,,,,
101239995,,,,
101241990,,,,
101266327,,,,
101266884,,,,
101267602,,,,
101268288,,,,
101269276,,,,
101269909,,,,
101271561,,,,
101272172,,,,
101272873,,,,
101273558,,,,
101274394,,,,
101275085,,,,
101275724,,,,
101276615,,,,
101279944,,,,
101280387,,,,
101281136,,,,
101281536,,,,
101282050,,,,
101282673,,,,
101283736,,,,
101284321,,,,
101306505,,,,
101307301,,,,
101308084,,,,
101321402,,,,
101323014,,,,
101323632,,,,
101324987,,,,
101325830,,,,
101327002,,,,
101327569,,,,
101328404,,,,
101329349,,,,
101330050,,,,
101331168,,,,
101332497,,,,
101333098,,,,
101334283,,,,
101335087,,,,
101335720,,,,
101336179,,,,
101336614,,,,
101336870,,,,
101337805,,,,
101337961,,,,
101338187,,,,
101338366,,,,
101338669,,,,
101338967,,,,
101339405,,,,
101339846,,,,
101340299,,,,
101341844,,,,
101343717,,,,
101344226,,,,
101344950,,,,
101345692,,,,
101346303,,,,
101346943,,,,
101348971,,,,
101349563,,,,
101350443,,,,
101351147,,,,
101351820,,,,
101352521,,,,
101353363,,,,
101353976,,,,
101355407,,,,
101356048,,,,
101356684,,,,
101357349,,,,
101358269,,,,
101358994,,,,
101399282,,,,
101400072,,,,
101401267,,,,
101403296,,,,
101404409,,,,
101405448,,657.0,20.0,1000.0
101406096,,,,
101406720,,,,
101407322,,,,
101407997,,,,
101409132,,,,
101417351,,,,
101417902,,,,
101419274,,,,
101419789,,,,
101420375,,,,
101420910,,,,
101421339,,,,
101421998,,,,
101422490,,,,
101423035,,,,
101424277,,,,
101424949,,,,
101425436,,,,
101425963,,,,
101426470,,,,
101427326,,,,
101427876,,,,
101428947,,,,
101429401,,,,
101430083,,,,
101430581,,,,
101447821,,,,
101464376,,,,
101466388,,,,
101766547,,,,
101826750,,,,
101828652,,,,
101829851,,,,
101831266,,,,
101834179,,,,
101839331,,,,
101844321,,,,
101845456,,,,
101846236,,657.0,12.0,100.0
101847288,,657.0,1.0,100.0
101850544,,,,
101851550,,,,
101853488,,,,
101854120,,,,
101855217,,658.0,12.0,100.0
101856022,,,,
101856984,,,,
101857875,,,,
101858842,,,,
101860048,,,,
101860881,,657.0,12.0,200.0
101863401,,,,
101864012,,,,
101864655,,,,
101870423,,,,
101874292,,657.0,2.0,100.0
101879074,,,,
101900890,,,,
101902265,,,,
101903531,,,,
101904458,,,,
101944871,,,,
101945272,,,,
101945381,,,,
101945966,,,,
101946104,,,,
101946223,,,,
101190159,,,,
101193092,,,,
101200191,,,,
101201947,,,,
101202904,,,,
101206064,,,,
101207349,,,,
101209482,,,,
101450165,,,,
101452188,,,,
101454063,,,,
101455363,,,,
101456571,,,,
101462488,,,,
101463641,,,,
101467404,,,,
101734066,,,,
101823016,,,,
101942967,,,,
101943072,,,,
101943167,,,,
101943326,,,,
101943452,,,,
121337194,,,,
121337435,,,,
121337800,,,,
121338034,,,,
121338172,,,,
121338308,,,,
121338457,,,,
121340780,,,,
121341073,,,,
121341351,,,,
121341611,,,,
121341805,,,,
121341959,,,,
121342145,,,,
121342544,,,,
122218241,,,,
122219022,,657.0,30.0,20.0
122219233,,,,
122219895,,,,
122220287,,,,
122220420,,,,
122220825,,,,
122220993,,,,
122221420,,,,
124923350,,,,
124947833,,,,
124948553,,,,
124948925,,,,
124952203,,659.0,12.0,20.0
124953306,,,,
124953842,,657.0,10.0,100.0
124954327,,659.0,15.0,100.0
124954819,,,,
124957395,,,,
124957425,,,,
124957824,,,,
124957971,,,,
124958047,,,,
124958435,,,,
124958778,,657.0,12.0,100.0
124958854,,,,
124958966,,657.0,12.0,100.0
124959510,,,,
124959645,,,,
124959688,,,,
124959896,,,,
124959925,,657.0,15.0,100.0
124960148,,,,
124960303,,,,
124960696,,,,
124960844,,,,
124960919,,,,
124960996,,,,
124961421,,,,
124961601,,659.0,15.0,100.0
124961823,,657.0,12.0,100.0
124966248,,,,
124966793,,,,
124967099,,,,
124967375,,,,
124967444,,,,
124967502,,,,
124967561,,,,
124967636,,,,
124967740,,658.0,12.0,100.0
124967890,,,,
124967963,,657.0,12.0,100.0
124968087,,,,
124968174,,,,
124968238,,,,
124968302,,,,
124968393,,657.0,5.0,8.0
124971231,,659.0,7.0,100.0
124975066,,657.0,15.0,45.0
124975255,,,,
124975355,,657.0,45.0,15.0
124975393,,657.0,7.0,100.0
124975418,,657.0,15.0,45.0
124975456,,657.0,15.0,25.0
124975491,,,,
124975503,,657.0,15.0,45.0
124975567,,,,
124975573,,657.0,15.0,40.0
124975650,,,,
121342351,,,,
122216134,,,,
122217940,,,,
122218492,,,,
122218746,,,,
122219678,,,,
122220054,,,,
122220564,,,,
122221126,,,,
124965786,,,,
44116943,,,,
44117026,,,,
44117152,,,,
44117226,,,,
44127212,,,,
44128000,,,,
44116828,,,,
44117113,,,,
44117314,,,,
44117403,,,,
44117534,,,,
44117617,,,,
44117698,,,,
44126993,,,,
44127103,,,,
44127926,,,,
44190627,,,,
44190688,,,,
47705318,,,,
47706978,,,,
47707283,,,,
47708325,,,,
47708756,,,,
47709227,,,,
47712521,,,,
47713654,,,,
47715278,,,,
47707727,,,,
47709755,,,,
47710418,,,,
47711876,,,,
47712667,,,,
47713210,,,,
47713430,,,,
47714600,,,,
47714942,,,,
80225623,,,,
80225769,,,,
47705622,,,,
47706136,,,,
47706567,,,,
61825103,,,,
61825447,,,,
61827680,,,,
66562750,,,,
66562772,,,,
66562900,,,,
61824821,,,,
61825320,,,,
61826335,,,,
61826579,,,,
61826655,,,,
61826742,,,,
66562710,,,,
66562733,,,,
66562818,,,,
66562853,,,,
66562938,,,,
66562961,,,,
66563054,,,,
66563105,,,,
66937270,,,,
61825570,,,,
61825786,,,,
61825919,,,,
61826445,,,,
61827014,,,,
75658965,,,,
75778741,,,,
75782357,,,,
75814640,,,,
76012379,,,,
77557094,,,,
77557810,,,,
77558221,,,,
78017157,,,,
78020251,,,,
78022408,,,,
78024254,,,,
78025778,,,,
78027827,,,,
78030627,,,,
78032512,,,,
78034045,,,,
78041965,,,,
78043387,,,,
78044958,,,,
78046666,,,,
78048361,,,,
78049672,,,,
78051036,,,,
78058540,,,,
78060022,,,,
78068446,,,,
78069759,,,,
78071057,,,,
78072510,,,,
78075977,,,,
78077475,,,,
78084113,,,,
78086786,,,,
78235702,,,,
78235817,,,,
78235935,,,,
78236064,,,,
78236198,,,,
78236310,,,,
78236440,,,,
78236564,,,,
78236720,,,,
78237153,,,,
78237361,,,,
78237770,,,,
78238113,,,,
78238279,,,,
78509286,,,,
78509317,,,,
78509391,,,,
78509416,,,,
78509446,,,,
78509490,,,,
78509536,,,,
78509571,,,,
78509600,,,,
78509637,,,,
78509670,,,,
78509716,,,,
78509813,,,,
78509856,,,,
78509892,,,,
78509929,,,,
78510021,,,,
78546797,,,,
78547593,,,,
78548505,,,,
78549564,,,,
78552236,,,,
78553108,,,,
78554018,,,,
79091999,,,,
79092889,,,,
79093579,,,,
79548649,,,,
79550524,,,,
79550991,,,,
79551657,,,,
79556220,,,,
79559436,,,,
79568059,,,,
79569575,,,,
79570290,,,,
79571055,,,,
79571644,,,,
79584094,,,,
79650295,,,,
79656527,,,,
79693728,,,,
79694813,,,,
79696144,,,,
79697386,,,,
79828039,,,,
79829188,,,,
79891880,,,,
79892795,,,,
79894282,,,,
79895359,,,,
79897772,,,,
79898902,,,,
83319300,,,,
83383600,,,,
83384637,,,,
83384984,,,,
83386036,,,,
83386665,,,,
83388755,,657.0,157.0,10.0
83394575,,,,
83400851,,,,
83401901,,659.0,10.0,72.0
83402943,,,,
83403534,,,,
83403989,,,,
83404320,,657.0,1.0,44.0
83406081,,,,
83412848,,,,
83413106,,,,
83413531,,,,
83413756,,,,
83417091,,657.0,1.0,44.0
83458149,,,,
83458381,,659.0,60.0,63.0
83459750,,,,
83460431,,,,
83461317,,659.0,90.0,80.0
83461676,,,,
83462295,,,,
83463353,,,,
83463899,,,,
83590718,,,,
83591041,,,,
83592827,,,,
83598494,,657.0,90.0,65.0
83604528,,,,
83605112,,657.0,120.0,200.0
83605691,,657.0,120.0,200.0
83606328,,,,
83606863,,,,
83607232,,657.0,120.0,200.0
83607475,,657.0,1.0,800.0
83607588,,657.0,120.0,300.0
83607899,,657.0,120.0,200.0
83608571,,657.0,120.0,200.0
83608607,,657.0,10.0,50.0
83608895,,657.0,120.0,200.0
83609139,,657.0,120.0,200.0
83609381,,657.0,120.0,200.0
83609590,,657.0,120.0,200.0
83609905,,,,
83610203,,,,
83610250,,,,
83610510,,657.0,120.0,320.0
83610836,,657.0,120.0,200.0
83611099,,657.0,120.0,320.0
83611142,,,,
83611899,,657.0,120.0,200.0
83612193,,657.0,120.0,200.0
83612274,,,,
83612580,,,,
83612834,,657.0,120.0,200.0
83613075,,657.0,120.0,200.0
83613358,,657.0,120.0,300.0
83613506,,,,
83613928,,,,
83615300,,,,
83615646,,,,
83616141,,657.0,10.0,30.0
83616501,,,,
83618469,,657.0,2.0,2060.0
83618892,,657.0,1.0,2000.0
83620834,,,,
72781897,,,,
83311975,,,,
83313861,,,,
83387320,,,,
83390114,,,,
83394942,,,,
83396097,,,,
100205923,,659.0,30.0,24.0
100223796,,,,
100224222,,,,
100228384,,657.0,30.0,1.0
100228910,,657.0,30.0,1.0
100229357,,657.0,30.0,1.0
100230017,,657.0,30.0,1.0
100230393,,657.0,30.0,1.0
101855910,,657.0,30.0,1.0
101856903,,657.0,30.0,1.0
101858184,,657.0,30.0,1.0
101859651,,657.0,30.0,1.0
101860685,,657.0,30.0,1.0
101861908,,657.0,30.0,1.0
101862912,,657.0,30.0,1.0
101864007,,657.0,30.0,1.0
101865030,,657.0,30.0,1.0
101866027,,657.0,30.0,1.0
101867289,,657.0,30.0,1.0
101868728,,657.0,30.0,1.0
101869610,,657.0,30.0,1.0
101870564,,657.0,30.0,1.0
101871874,,657.0,30.0,1.0
101872780,,657.0,30.0,1.0
101873725,,657.0,30.0,1.0
101943074,,,,
101943226,,,,
101943343,,,,
101943534,,,,
101943667,,,,
101946063,,,,
101946615,,,,
101946986,,,,
101947637,,,,
103194739,,,,
103201772,,,,
103213592,,,,
103216091,,,,
103217257,,,,
103218383,,,,
103219623,,,,
103220860,,,,
103223268,,,,
103224551,,,,
103226323,,,,
103228114,,,,
103229473,,,,
103230566,,,,
103231517,,,,
103232910,,659.0,15.0,1.0
103233809,,659.0,10.0,1.0
103235090,,,,
103236281,,,,
103237342,,,,
103238740,,,,
103584315,,,,
103587271,,,,
103613062,,,,
103617779,,,,
103626486,,,,
103630229,,,,
103658829,,,,
103659646,,,,
103661283,,,,
103661309,,,,
103662470,,,,
103663732,,657.0,12.0,5.0
103667408,,,,
103668335,,,,
103669911,,,,
103670338,,,,
103671182,,,,
103674656,,,,
103675213,,,,
103676638,,,,
103676823,,,,
103696691,,,,
103696911,,,,
103697070,,,,
103697245,,,,
103697411,,,,
103949122,,,,
103955812,,,,
103985208,,,,
103990041,,,,
103992017,,,,
103994441,,,,
103995079,,,,
104073584,,,,
104475362,,,,
104481179,,,,
104481694,,,,
104483066,,,,
104484477,,,,
104487082,,,,
104488738,,,,
104490386,,,,
104496554,,,,
104497062,,,,
104497899,,,,
104498774,,,,
104511825,,,,
104514048,,,,
104514620,,,,
104515406,,,,
104515906,,,,
104516667,,,,
104516958,,,,
104517332,,,,
104518295,,,,
104518516,,,,
104518704,,,,
104518966,,,,
104519253,,,,
104519463,,,,
104519637,,,,
104533146,,658.0,1.0,20.0
104533339,,657.0,2.0,20.0
104533512,,657.0,2.0,20.0
104658770,,,,
104660041,,,,
104472887,,,,
104474754,,,,
104475801,,,,
104476183,,,,
104476960,,,,
104477552,,,,
104477918,,,,
104478186,,,,
104479341,,,,
104479411,,,,
104480037,,,,
104482322,,659.0,12.0,1.0
104492019,,,,
104494065,,,,
104495110,,,,
104530498,,,,
104657223,,,,
115428841,,,,
119942752,,,,
119943091,,,,
119952367,,,,
119952684,,,,
119953003,,,,
119953302,,,,
119953564,,,,
119956439,,,,
119956562,,,,
119956694,,,,
119991932,,,,
119992269,,,,
119992470,,,,
119992655,,,,
119992809,,,,
119992996,,,,
119997477,,,,
119997836,,,,
119998036,,,,
119998227,,,,
119998416,,,,
119998604,,,,
119998803,,,,
119999508,,,,
119999689,,,,
119999882,,,,
120000049,,,,
120000233,,,,
120000433,,,,
120000608,,,,
120000739,,,,
120000977,,,,
120001231,,,,
120001465,,,,
120001714,,,,
120001984,,,,
120002119,,,,
120002441,,,,
120002546,,,,
120002656,,,,
120002756,,,,
120002863,,,,
120002964,,,,
120003067,,,,
120003160,,,,
120003259,,,,
120003397,,,,
120003533,,,,
120003633,,,,
120003781,,,,
120003907,,,,
120004048,,,,
120004194,,,,
120004326,,,,
120004426,,,,
120004597,,,,
120004815,,,,
120004912,,,,
120005027,,,,
120005143,,,,
120005224,,,,
120005740,,,,
120005915,,,,
120006118,,,,
120006422,,,,
120006559,,,,
120007240,,,,
120025598,,,,
120025765,,,,
120025949,,,,
120026248,,,,
120026363,,,,
120026544,,,,
120026859,,,,
120028488,,,,
120028661,,,,
120029831,,,,
120030897,,,,
124907996,,,,
124908242,,,,
124908660,,,,
124908758,,,,
124908798,,,,
124908858,,,,
124908907,,,,
124909113,,,,
124909178,,,,
124909266,,,,
124909431,,,,
124909448,,,,
124909507,,,,
124909528,,,,
124909607,,,,
124909620,,,,
124909637,,,,
124909659,,,,
124909675,,,,
124909689,,,,
124909704,,,,
124909721,,,,
124909733,,,,
124909744,,,,
124909853,,,,
124909868,,,,
124909891,,,,
124909914,,,,
124909924,,,,
124909937,,,,
124909950,,,,
124909967,,,,
124917073,,,,
124918952,,,,
124919222,,,,
124919593,,,,
124919900,,,,
124920038,,,,
124920191,,,,
124920429,,,,
124920796,,,,
124921405,,,,
124921734,,,,
124922989,,,,
124923223,,,,
124923722,,,,
124936010,,,,
124972098,,657.0,50.0,500.0
124972118,,,,
124972132,,657.0,30.0,200.0
124976118,,,,
124976433,,,,
124976737,,,,
124976892,,,,
124977007,,,,
124977097,,,,
124977158,,,,
124977202,,,,
124977248,,657.0,10.0,500.0
124977337,,,,
124977499,,,,
124977603,,,,
124977662,,657.0,20.0,500.0
124977885,,,,
124978027,,,,
124978143,,,,
124978175,,,,
124978723,,,,
124978792,,,,
124978876,,,,
124978943,,,,
124979223,,,,
124979984,,,,
124980057,,,,
124980124,,,,
124980213,,,,
124980535,,,,
124980614,,,,
124908159,,,,
124908308,,,,
124908476,,,,
124908718,,,,
124957341,,,,
124957699,,,,
44052149,,,,
44088714,,,,
44088723,,,,
44088837,,,,
44088969,,,,
54138614,,,,
56734787,,,,
44088597,,,,
44088636,,,,
44088684,,,,
44088706,,,,
44088735,,,,
44088766,,,,
44088778,,,,
44088799,,,,
44088822,,,,
44088864,,,,
44088934,,,,
44088952,,,,
44088984,,,,
53731743,,,,
56729464,,,,
44052205,,,,
44088612,,,,
44088653,,,,
44088668,,,,
44088812,,,,
47625823,,,,
48226923,,,,
48227159,,,,
48227277,,,,
48227459,,,,
48231585,,,,
47625309,,,,
47625526,,,,
47625750,,,,
48224906,,,,
48225117,,,,
48225316,,,,
48225561,,,,
48225778,,,,
48226536,,,,
48226686,,,,
48227364,,,,
48227546,,,,
48228667,,,,
48228818,,,,
48229204,,,,
56115159,,,,
56740472,,,,
56778477,,,,
48226020,,,,
48228588,,,,
48229069,,,,
48229475,,,,
61835915,,,,
61836120,,,,
61836177,,,,
61836407,,,,
61836465,,,,
61836689,,,,
66413307,,,,
66413354,,,,
66413372,,,,
66413542,,,,
66413549,,,,
66413591,,,,
66413621,,,,
66413645,,,,
66413663,,,,
66413704,,,,
66413722,,,,
66413729,,,,
61835851,,,,
61835970,,,,
61836011,,,,
61836061,,,,
61836314,,,,
61836355,,,,
61836554,,,,
61836646,,,,
66413399,,,,
66413413,,,,
66413428,,,,
66413440,,,,
66413460,,,,
66413471,,,,
66413485,,,,
66413494,,,,
66413504,,,,
66413513,,,,
66413521,,,,
66413530,,,,
66413555,,,,
66413582,,,,
66413678,,,,
66413698,,,,
76006958,,,,
76007022,,,,
76007123,,,,
76007175,,,,
76007232,,,,
76007282,,,,
76007342,,,,
76007396,,,,
76007455,,,,
78291484,,,,
78291854,,,,
78292262,,,,
78292898,,,,
78293283,,,,
78293789,,,,
78294308,,,,
78294734,,,,
78295231,,,,
78295741,,,,
78296455,,,,
78304862,,,,
78305290,,,,
78305649,,,,
78305972,,,,
78306371,,,,
78306723,,,,
78307069,,,,
78307429,,,,
78307752,,,,
78308089,,,,
78308486,,,,
78308892,,,,
78309307,,,,
78309882,,,,
78311950,,,,
78312336,,,,
78312748,,,,
78313156,,,,
78313751,,,,
78314175,,,,
78315045,,,,
78315819,,,,
78317323,,,,
78317867,,,,
78318252,,,,
78318830,,,,
78323220,,,,
78324177,,,,
78324560,,,,
78325114,,,,
78325828,,,,
78326606,,,,
78327230,,,,
78331885,,,,
78333098,,,,
78333703,,,,
78334196,,,,
78335039,,,,
78335754,,,,
78336456,,,,
78336684,,,,
78337223,,,,
78338498,,,,
78341462,,,,
78346124,,,,
78347077,,,,
78354498,,,,
78355648,,,,
78356501,,,,
78357400,,,,
78359969,,,,
78362712,,,,
78396054,,,,
78397958,,,,
78399176,,,,
78400252,,,,
78423159,,,,
78428437,,,,
79589397,,,,
79591109,,,,
79592610,,,,
79593248,,,,
79593966,,,,
79594596,,,,
79595217,,,,
79596978,,,,
79598106,,,,
79599273,,,,
79600076,,,,
79600929,,,,
79601796,,,,
79602679,,,,
79603440,,,,
79655074,,,,
79655403,,,,
79655884,,,,
79656248,,,,
79656606,,,,
79656977,,,,
79657311,,,,
79657879,,,,
80057932,,,,
80058683,,,,
80061758,,,,
80062121,,,,
80063013,,,,
80063602,,,,
80064748,,,,
80065174,,,,
80065899,,,,
80067305,,,,
80067772,,,,
80068653,,,,
80069104,,,,
80069469,,,,
80069939,,,,
80070351,,,,
80070805,,,,
80161404,,,,
80161935,,,,
80162506,,,,
80163528,,,,
80163974,,,,
80164448,,,,
80164965,,,,
80165679,,,,
80166219,,,,
80166547,,,,
80167377,,,,
81149921,,,,
81150396,,,,
81150726,,,,
81151551,,,,
81155259,,,,
81155849,,,,
81156342,,,,
81157260,,,,
81158407,,,,
81159362,,,,
83170944,,,,
83171075,,,,
83172472,,,,
83173021,,,,
83174584,,,,
83177196,,,,
83177369,,,,
83177571,,,,
83177791,,,,
83178015,,,,
83178186,,,,
83178524,,,,
83178829,,,,
83179038,,,,
83179251,,657.0,1.0,30.0
83179444,,,,
83179630,,,,
83179917,,,,
83180061,,,,
83180226,,,,
83180506,,,,
83180700,,,,
83180852,,,,
83180968,,,,
83181122,,,,
83181280,,,,
83181452,,,,
83181689,,,,
83181888,,,,
83182035,,,,
83183200,,,,
83183315,,,,
83183479,,,,
83183650,,,,
83184061,,,,
83171905,,,,
83172150,,,,
83170492,,,,
83170712,,,,
83171648,,,,
83173257,,,,
83173573,,,,
83174810,,,,
83175066,,,,
83175291,,,,
97885824,,,,
97885884,,,,
102278238,,657.0,8.0,202.0
102279264,,,,
102280232,,657.0,8.0,199.0
102280952,,,,
102281740,,,,
102282873,,657.0,8.0,238.0
102283604,,657.0,8.0,239.0
102286486,,,,
102287735,,657.0,8.0,238.0
102288403,,,,
102291049,,,,
102293186,,,,
102294110,,,,
102294808,,,,
102295509,,657.0,8.0,251.0
102296265,,657.0,8.0,291.0
102296892,,657.0,8.0,258.0
102297526,,657.0,8.0,259.0
102298414,,657.0,8.0,256.0
102300893,,657.0,8.0,258.0
102301497,,657.0,8.0,255.0
102302453,,657.0,8.0,251.0
102303001,,657.0,8.0,252.0
103013991,,,,
103014562,,,,
103016644,,,,
103017592,,657.0,8.0,4136.0
103017864,,,,
103017976,,,,
103018172,,657.0,9.0,60.0
103018519,,,,
103018672,,657.0,9.0,5.0
103018817,,657.0,7.0,360.0
103019174,,,,
103019797,,,,
103019924,,,,
103020122,,657.0,8.0,12.0
103020218,,657.0,7.0,50.0
103020311,,657.0,9.0,30.0
103272296,,,,
103274224,,,,
103275304,,,,
103276211,,,,
103278376,,,,
103282709,,,,
103283353,,,,
103284342,,,,
103285028,,,,
103286017,,,,
103287007,,657.0,8.0,5.0
103288557,,657.0,8.0,1500.0
103289715,,,,
103292202,,,,
103293391,,,,
103397092,,,,
103635510,,,,
104262212,,,,
104263544,,,,
104424517,,,,
104425034,,,,
104425502,,,,
104425880,,,,
104426166,,,,
104426716,,,,
104429310,,,,
104429546,,,,
104429908,,,,
104430108,,,,
104430324,,,,
104430531,,,,
104430789,,,,
104431078,,,,
104431339,,,,
104431351,,,,
104431791,,,,
104432256,,,,
104432287,,,,
104432720,,,,
104433022,,,,
104433471,,,,
104446334,,,,
104446981,,,,
104447447,,,,
104447873,,,,
104491197,,,,
104491498,,,,
104264635,,,,
103395804,,,,
103399694,,,,
103590271,,,,
103590854,,,,
103591270,,,,
103591815,,,,
103592539,,,,
103593221,,,,
103593835,,,,
103594510,,,,
103595175,,,,
103595768,,,,
103596374,,,,
103597071,,,,
103598945,,,,
103599476,,,,
103603821,,,,
104262907,,,,
115241738,,,,
119752085,,,,
119794961,,,,
119800195,,,,
119801022,,,,
119801579,,,,
119802029,,,,
119802475,,,,
119802855,,,,
119803202,,,,
119803999,,,,
119805664,,,,
119806008,,,,
119806716,,,,
119829405,,,,
119829558,,,,
119829699,,,,
119830382,,,,
119830718,,,,
119831398,,,,
119832586,,,,
119834103,,,,
119834250,,,,
119834440,,,,
119834756,,,,
119834866,,,,
119835073,,,,
119835201,,,,
119835866,,,,
119836972,,,,
119837252,,,,
119837441,,,,
119837800,,,,
119837972,,,,
119838626,,,,
119838758,,,,
119839711,,,,
119839796,,,,
119956108,,,,
119956258,,,,
119956405,,,,
119956574,,,,
119956732,,,,
119956937,,,,
119957199,,,,
119957352,,,,
119957637,,,,
119957822,,,,
119958011,,,,
119958139,,,,
119958288,,,,
119958421,,,,
119958578,,,,
119959198,,,,
120124502,,,,
120125467,,,,
120125802,,,,
120126116,,,,
120126430,,,,
120126768,,,,
120127195,,,,
120127606,,,,
120127962,,,,
120128628,,,,
120129092,,,,
120130904,,,,
120131312,,,,
120131970,,,,
120132360,,,,
120132796,,,,
120133131,,,,
120133992,,,,
120134359,,,,
120134642,,,,
120134933,,,,
120135206,,,,
120135726,,,,
120136291,,,,
120137241,,,,
120137910,,,,
120138596,,,,
120138910,,,,
120139356,,,,
120139835,,,,
120140236,,,,
120140509,,,,
120140936,,,,
120141173,,,,
120141918,,,,
120142202,,,,
120142605,,,,
120142971,,,,
120143286,,,,
120143754,,,,
120144163,,,,
120144471,,,,
120144804,,,,
120145099,,,,
120145453,,,,
120146187,,,,
120666767,,,,
120667125,,,,
120667452,,,,
120667655,,,,
120667902,,,,
120668252,,,,
120669879,,,,
120670138,,,,
120670976,,,,
120683412,,657.0,7.0,200.0
120683508,,,,
120683710,,659.0,7.0,200.0
120683938,,,,
125266228,,,,
125339970,,657.0,365.0,120.0
125340182,,,,
125959597,,,,
125959644,,,,
125959658,,,,
125959677,,,,
125959749,,,,
125960240,,,,
125960265,,,,
125960270,,,,
125960302,,,,
125960314,,,,
125960329,,,,
125960343,,,,
125960359,,,,
125960391,,,,
125960398,,,,
125961151,,,,
125961164,,,,
125961174,,,,
125961177,,,,
125961216,,,,
125966090,,,,
125966147,,657.0,10.0,100.0
125966166,,,,
125966190,,,,
125966202,,,,
125966218,,,,
125966233,,657.0,10.0,100.0
125966256,,,,
125966336,,,,
125966349,,,,
125966377,,,,
125966392,,657.0,100.0,100.0
125966406,,,,
125966420,,,,
125966727,,,,
125966735,,,,
125966778,,,,
125966782,,,,
125966787,,,,
125966792,,,,
125966801,,,,
125966804,,,,
125966811,,,,
125966816,,,,
125966819,,,,
125966822,,,,
125966824,,,,
125966831,,,,
125966834,,,,
125966839,,,,
125966864,,,,
125966867,,,,
125966874,,,,
125967105,,,,
125967108,,,,
125967114,,,,
125967119,,,,
125967126,,,,
125967130,,,,
125967134,,,,
125967139,,,,
125967149,,,,
125967152,,,,
125967155,,,,
125967158,,,,
125967164,,,,
125967167,,,,
125967175,,,,
125967180,,,,
125959525,,,,
125959551,,,,
125959569,,,,
125959616,,,,
125961168,,,,
125961183,,,,
125961193,,,,
125961209,,,,
125961224,,,,
44717176,,,,
44721009,,,,
44721025,,,,
44721050,,,,
65286766,,,,
44716708,,,,
38553746,,,,
38553887,,,,
38553954,,,,
38554241,,,,
38554282,,,,
38554319,,,,
38554360,,,,
38554424,,,,
38554458,,,,
38554518,,,,
38554554,,,,
38554579,,,,
38554754,,,,
44714596,,,,
44714603,,,,
44714612,,,,
44716654,,,,
44716682,,,,
44716724,,,,
44716747,,,,
44716767,,,,
44717060,,,,
44717082,,,,
44717099,,,,
44717122,,,,
44717137,,,,
44717151,,,,
44717163,,,,
44720899,,,,
44720919,,,,
44720945,,,,
44720961,,,,
44720974,,,,
44720985,,,,
44721063,,,,
44721089,,,,
65286426,,,,
65286540,,,,
65286586,,,,
38552980,,,,
38553559,,,,
38553806,,,,
38553824,,,,
38553917,,,,
38554009,,,,
44043553,,,,
54925960,,,,
54926014,,,,
54926077,,,,
54926136,,,,
54926161,,,,
54926188,,,,
54926224,,,,
54926248,,,,
54926315,,,,
54926346,,,,
54926383,,,,
54926426,,,,
59982749,,,,
59982970,,,,
65698277,,,,
65707079,,,,
65707098,,,,
65696910,,,,
65697004,,,,
65697031,,,,
65697062,,,,
65697095,,,,
65697137,,,,
65697900,,,,
65698169,,,,
65698185,,,,
65698207,,,,
65698226,,,,
65698242,,,,
65698258,,,,
65698292,,,,
65708798,,,,
75347616,,,,
77864623,,,,
77865172,,,,
77865884,,,,
77867877,,,,
77869063,,,,
77903457,,,,
77903982,,,,
77904286,,,,
77904569,,,,
77908740,,,,
77909327,,,,
77910008,,,,
77910736,,,,
77911574,,,,
77912250,,,,
77912877,,,,
77913726,,,,
77914498,,,,
77915748,,,,
77916510,,,,
77918095,,,,
77918920,,,,
77920806,,,,
77921466,,,,
77922187,,,,
77924142,,,,
77941318,,,,
77943263,,,,
77946305,,,,
77948799,,,,
77950232,,,,
77953397,,,,
77955405,,,,
77956772,,,,
77957745,,,,
77959447,,,,
77961235,,,,
77961855,,,,
77963780,,,,
77964782,,,,
77965915,,,,
77967570,,,,
77968443,,,,
77969582,,,,
77970764,,,,
77971968,,,,
77973182,,,,
77974316,,,,
77977259,,,,
77981758,,,,
77984911,,,,
77992338,,,,
77995827,,,,
77997226,,,,
77999017,,,,
78000708,,,,
78002325,,,,
78003805,,,,
78005455,,,,
78006902,,,,
78008706,,,,
78009461,,,,
78011919,,,,
78013161,,,,
78014571,,,,
78015593,,,,
78059952,,,,
78061631,,,,
78062965,,,,
78064794,,,,
78066339,,,,
78068242,,,,
78070187,,,,
78071382,,,,
78072582,,,,
78073447,,,,
78079918,,,,
78083465,,,,
78085073,,,,
78087469,,,,
78133783,,,,
78134923,,,,
78140944,,,,
78142922,,,,
78143910,,,,
78144619,,,,
78146269,,,,
78147613,,,,
78157932,,,,
78158981,,,,
78159635,,,,
78160617,,,,
78161139,,,,
78161608,,,,
78162143,,,,
78162763,,,,
78163495,,,,
78163922,,,,
78164614,,,,
78166224,,,,
78167242,,,,
78168016,,,,
78169122,,,,
78169615,,,,
78170152,,,,
78172342,,,,
78172868,,,,
78173275,,,,
78173675,,,,
78174150,,,,
78175677,,,,
78177754,,,,
78178240,,,,
78180383,,,,
78181131,,,,
78181578,,,,
78181948,,,,
78182187,,,,
78182571,,,,
78182884,,,,
78183619,,,,
78183902,,,,
78220668,,,,
78223128,,657.0,5.0,50.0
79071357,,,,
79074895,,,,
79078314,,,,
79110019,,,,
79110402,,,,
79139657,,,,
79140915,,,,
79141659,,,,
79142822,,,,
79143411,,,,
79145604,,,,
79146476,,,,
79146737,,,,
79148661,,,,
79149242,,,,
79149701,,,,
79150405,,,,
79150740,,,,
79151175,,,,
79151384,,,,
79152020,,,,
79152413,,,,
79152759,,,,
79153034,,,,
79153244,,,,
79153660,,,,
79154076,,,,
79154331,,,,
79154548,,,,
79154718,,,,
79154917,,,,
79155173,,,,
79945856,,,,
79948929,,,,
79950201,,,,
79999559,,657.0,1.0,1.0
80000727,,,,
80001997,,,,
80003330,,,,
80003851,,,,
80004358,,,,
81171079,,,,
81176144,,,,
81177523,,,,
81179410,,,,
81197318,,,,
81197653,,,,
81201345,,657.0,1.0,1.0
81202201,,,,
81206103,,,,
81206363,,,,
81206895,,,,
81207248,,,,
81207622,,,,
81207957,,,,
81208297,,,,
81208555,,,,
81208842,,,,
81209169,,,,
81210249,,,,
81210615,,,,
81211047,,,,
81211357,,,,
81280135,,,,
81280889,,,,
75759321,,,,
75759533,,,,
75759830,,,,
75760279,,,,
75760379,,,,
75761153,,,,
79089576,,,,
79094376,,,,
79103097,,,,
79107798,,,,
79110929,,,,
79112249,,,,
79114303,,,,
80701364,,,,
80701608,,,,
81192814,,,,
81193103,,,,
81275031,,,,
81277994,,,,
81278841,,,,
81279055,,,,
81279790,,,,
93912595,,,,
98980469,,,,
98982052,,,,
98983383,,,,
98984755,,,,
98985930,,,,
98987028,,,,
98988847,,657.0,120.0,123.0
98994595,,,,
99004656,,,,
99008689,,,,
99010026,,,,
99010616,,,,
99011585,,658.0,22.0,2.0
99012083,,,,
99012504,,,,
99012761,,,,
99020322,,,,
99049802,,,,
99050214,,,,
99051027,,,,
99067893,,,,
99068229,,,,
99068751,,,,
99070425,,,,
99181139,,,,
99181354,,,,
99181611,,,,
99181942,,657.0,2.0,2.0
99182153,,,,
99182507,,,,
99182641,,,,
99183190,,,,
99183473,,,,
99184594,,,,
99184796,,,,
99185394,,,,
99185746,,,,
99185999,,,,
99186210,,,,
99186361,,,,
99186565,,,,
99186857,,,,
99187842,,,,
99188023,,,,
99188501,,,,
99188850,,,,
99189079,,,,
99189242,,,,
99190010,,,,
99190639,,,,
99232946,,657.0,1.0,1.0
99233151,,,,
99233529,,,,
99233952,,,,
99234194,,,,
99234459,,,,
99234872,,,,
99235035,,,,
99235678,,657.0,11.0,11.0
99254715,,,,
99255130,,,,
99374692,,,,
99377324,,,,
99378608,,,,
99379505,,,,
99379880,,,,
99380444,,657.0,1.0,1.0
99380807,,,,
99381150,,,,
99381534,,,,
99383595,,,,
99384985,,,,
99385004,,,,
99404420,,,,
99436441,,,,
99436836,,,,
99437119,,,,
99437408,,,,
99437580,,,,
99437992,,,,
99502819,,,,
99503430,,658.0,1.0,1.0
99503826,,,,
99504173,,,,
99535216,,,,
99535637,,,,
99536053,,,,
99536493,,,,
99551142,,,,
99551414,,,,
99552272,,,,
99552709,,,,
99553038,,,,
99553253,,,,
99553467,,,,
99554520,,,,
99554965,,,,
99555337,,,,
99555595,,,,
99556081,,,,
99556605,,,,
99556948,,,,
99557348,,,,
99557649,,,,
99557874,,,,
99563179,,,,
99563297,,,,
99563434,,,,
99563660,,,,
99563861,,,,
99563983,,,,
99564198,,,,
99564416,,,,
99564677,,657.0,11.0,1.0
99565761,,,,
99565922,,,,
99566051,,,,
99566203,,,,
99566385,,,,
99566717,,658.0,11.0,1.0
99566819,,,,
99566874,,,,
99567165,,,,
99567718,,,,
99567781,,,,
99567852,,,,
99567922,,,,
99567982,,,,
99568084,,,,
99568191,,659.0,11.0,11.0
99568255,,,,
99568349,,,,
99568475,,,,
99568569,,,,
99599855,,,,
99600094,,,,
99600449,,,,
99600731,,,,
99601207,,,,
99601444,,,,
99602052,,,,
99602332,,,,
99602679,,,,
99603768,,,,
99604086,,,,
99604496,,,,
99605173,,,,
99605532,,,,
99606152,,,,
99607423,,,,
99623793,,,,
99624286,,,,
99624824,,,,
99628117,,,,
99628738,,,,
99629255,,,,
101677505,,,,
101700799,,,,
101701760,,,,
101702702,,,,
101703754,,,,
101705145,,,,
101706085,,,,
101707288,,,,
101708055,,,,
101708942,,,,
101709825,,,,
101710724,,,,
101711789,,,,
101713231,,,,
101714877,,,,
101716304,,,,
101779311,,657.0,1.0,1.0
101818781,,,,
101824030,,,,
101825953,,,,
101826859,,657.0,1.0,1.0
101827970,,,,
101828729,,,,
101829349,,,,
101829663,,,,
101830490,,,,
101830973,,,,
101831545,,,,
101832099,,,,
101832801,,,,
101667469,,,,
101668571,,,,
101670645,,,,
101672014,,,,
101673353,,,,
101674919,,,,
101676201,,,,
101679271,,,,
101682447,,,,
101683463,,,,
101687405,,,,
101692435,,,,
101698485,,,,
101699547,,,,
101718593,,,,
101758172,,,,
101760378,,,,
101767979,,,,
101770042,,,,
101771672,,,,
101778291,,,,
101781141,,,,
101787279,,657.0,1.0,1.0
101793444,,,,
101794599,,,,
117140028,,,,
117144842,,,,
117145764,,,,
117146557,,,,
117147104,,,,
117147625,,,,
117148210,,,,
117173379,,,,
117746359,,,,
117747151,,,,
117929730,,,,
117943800,,,,
118277376,,,,
121711622,,,,
121794473,,,,
121829724,,657.0,2.0,450.0
121831448,,,,
121832409,,,,
121835370,,,,
121835842,,,,
121836217,,,,
121836734,,657.0,2.0,100.0
121837298,,,,
121837654,,,,
121843533,,,,
121843813,,657.0,2.0,100.0
121844167,,657.0,2.0,100.0
121844382,,657.0,2.0,100.0
121844853,,,,
121845339,,,,
121845884,,,,
121846574,,657.0,1.0,100.0
121847071,,657.0,1.0,100.0
121847606,,657.0,1.0,100.0
121847816,,,,
121848231,,,,
121848515,,,,
121848912,,657.0,1.0,100.0
121849379,,657.0,1.0,210.0
121849687,,657.0,2.0,200.0
121850331,,,,
121850883,,657.0,1.0,100.0
121851348,,,,
121876528,,,,
121876850,,,,
121950179,,,,
121950897,,,,
121951029,,,,
121951043,,,,
121951169,,,,
121951263,,,,
121951367,,,,
121951526,,,,
121951619,,,,
121951695,,,,
121951791,,,,
121951887,,,,
121952052,,657.0,1.0,50.0
121952175,,,,
121952300,,,,
121952427,,,,
121952545,,657.0,1.0,50.0
121952977,,,,
121953079,,657.0,1.0,50.0
121953148,,,,
121953275,,,,
121953342,,,,
121953434,,657.0,1.0,50.0
121953692,,657.0,1.0,50.0
121953824,,657.0,1.0,50.0
121953930,,657.0,1.0,100.0
121954143,,657.0,1.0,100.0
121954263,,,,
121954398,,,,
121954482,,,,
121954582,,,,
121954644,,,,
121954728,,,,
121954827,,657.0,1.0,100.0
121954918,,,,
121955042,,,,
121955551,,,,
121955700,,,,
121955938,,,,
121956309,,,,
121956837,,657.0,1.0,100.0
121956922,,,,
121957020,,,,
121957124,,,,
121957235,,657.0,1.0,200.0
121957334,,,,
121957421,,,,
121957534,,,,
128267291,,,,
121785218,,,,
121958555,,,,
121772840,,,,
121773936,,,,
121786130,,,,
121875885,,,,
121876065,,,,
121876214,,,,
121949512,,,,
121949707,,,,
121949847,,,,
121950008,,,,
121950281,,,,
121950482,,,,
121950601,,,,
121950768,,,,
121950891,,,,
121951175,,,,
121951342,,,,
128267271,,,,
121784800,,,,
