activity_code,main_asset_category,main_asset_subcategory,main_asset_unit_type,main_asset_unit_count,asset_type,asset_category,asset_subcategory,asset_coverage_code,asset_name,asset_unit_type,asset_unit_count,asset_unit_cost,asset_parameter_type,asset_details_raw,asset_loc_code,asset_loc_unit_code,asset_loc_unit_type,asset_loc_unit_count,asset_loc_unit_cost_total,asset_loc_overflow_json
44434680,,1235.0,2.0,1.0,,,,,,,,,,,,,,,,
44434714,,1235.0,2.0,1.0,,,,,,,,,,,,,,,,
50378089,,1062.0,2.0,1.0,,,,,,,,,,,,,,,,
50385378,,1279.0,2.0,1.0,,,,,,,,,,,,,,,,
50386322,,1290.0,2.0,1.0,,,,,,,,,,,,,,,,
50509169,,11.0,2.0,1.0,,,,,,,,,,,,,,,,
50518845,,11.0,2.0,1.0,,,,,,,,,,,,,,,,
50518944,,452.0,2.0,1.0,,,,,,,,,,,,,,,,
50384996,77.0,1076.0,2.0,1.0,2.0,77.0,1076.0,A,,2.0,1.0,,,,380882.0,,,1.0,,
44434227,77.0,59.0,2.0,1.0,2.0,77.0,59.0,A,,2.0,1.0,,,,380882.0,,,1.0,,
44434249,77.0,59.0,2.0,1.0,2.0,77.0,59.0,A,,2.0,1.0,,,,380882.0,,,1.0,,
44434288,77.0,59.0,2.0,1.0,2.0,77.0,59.0,A,,2.0,1.0,,,,380882.0,,,1.0,,
44434332,,,,,,,,,,,,,,,,,,,,
44434352,,,,,,,,,,,,,,,,,,,,
44434533,10.0,1235.0,2.0,1.0,2.0,10.0,1235.0,A,,2.0,1.0,180000.0,,,380882.0,,,1.0,,
44434659,10.0,1235.0,2.0,1.0,2.0,10.0,1235.0,A,,2.0,1.0,,,,380882.0,,,1.0,,
44434698,10.0,10.0,2.0,10.0,2.0,10.0,10.0,A,,2.0,10.0,,,,380882.0,,,10.0,,
44434871,60.0,1275.0,2.0,1.0,2.0,60.0,1275.0,A,,2.0,1.0,,,,380882.0,,,1.0,,
44434893,,,,,,,,,,,,,,,,,,,,
50378563,,,,,2.0,15.0,458.0,A,,4.0,60.0,200000.0,358.0,,380882.0,,,1.0,,
50378946,,,,,2.0,15.0,458.0,A,,4.0,45.0,150000.0,358.0,,380882.0,,,1.0,,
50379473,77.0,1076.0,2.0,1.0,2.0,77.0,1076.0,A,,2.0,1.0,,,,380882.0,,,1.0,,
50379756,77.0,1076.0,2.0,1.0,2.0,77.0,1076.0,A,,2.0,1.0,,,,380882.0,,,1.0,,
50380045,77.0,1076.0,2.0,1.0,2.0,77.0,1076.0,A,,2.0,1.0,,,,380882.0,,,1.0,,
50380394,77.0,1076.0,2.0,2.0,2.0,77.0,1076.0,A,,2.0,2.0,,,,380882.0,,,2.0,,
50380631,77.0,1076.0,2.0,1.0,2.0,77.0,1076.0,A,,2.0,1.0,,,,380882.0,,,1.0,,
50380926,77.0,1076.0,2.0,1.0,2.0,77.0,1076.0,A,,2.0,1.0,,,,380882.0,,,1.0,,
50385180,77.0,1076.0,2.0,1.0,2.0,77.0,1076.0,A,,2.0,1.0,,,,380882.0,,,1.0,,
50385618,451.0,1281.0,2.0,1.0,2.0,451.0,1281.0,A,,2.0,1.0,12000.0,,,380882.0,,,1.0,,
50386093,451.0,1281.0,2.0,1.0,2.0,451.0,1281.0,A,,2.0,1.0,12000.0,,,380882.0,,,1.0,,
50386577,451.0,1287.0,2.0,1.0,1.0,455.0,1287.0,A,,2.0,1.0,,,,380882.0,,,1.0,,
50386819,63.0,62.0,4.0,1.0,2.0,63.0,62.0,A,,4.0,1.0,,,,380882.0,,,1.0,,
44434317,104.0,53.0,2.0,1.0,,,,,,,,,,,,,,,,
44434761,10.0,1235.0,2.0,1.0,,,,,,,,,,,,,,,,
44434774,63.0,62.0,4.0,45.0,,,,,,,,,,,,,,,,
44434793,63.0,1083.0,2.0,10.0,,,,,,,,,,,,,,,,
44434810,63.0,62.0,4.0,45.0,,,,,,,,,,,,,,,,
44434838,77.0,1051.0,2.0,1.0,,,,,,,,,,,,,,,,
48702295,63.0,62.0,4.0,1.0,2.0,63.0,62.0,A,,4.0,1.0,,,,380882.0,,,1.0,,
48702608,63.0,62.0,4.0,1.0,2.0,63.0,62.0,A,,4.0,1.0,,,,380882.0,,,1.0,,
48945030,454.0,1300.0,2.0,1.0,2.0,454.0,1300.0,A,,2.0,1.0,32918.0,,,380882.0,,,1.0,,
48945227,,,,,2.0,10.0,452.0,A,,2.0,1.0,482917.0,352.0,,380882.0,,,1.0,,
48945351,97.0,1062.0,2.0,1.0,2.0,97.0,1062.0,A,,2.0,1.0,,,,380882.0,,,1.0,,
48945423,97.0,1062.0,2.0,1.0,2.0,97.0,1062.0,A,,2.0,1.0,,,,380882.0,,,1.0,,
48945521,,,,,2.0,15.0,458.0,A,,4.0,100.0,335835.0,358.0,,380882.0,,,1.0,,
48945604,,,,,2.0,15.0,458.0,A,,4.0,100.0,330000.0,358.0,,380882.0,,,1.0,,
48945928,,,,,,,,,,,,,,,,,,,,
48946946,,,,,,,,,,,,,,,,,,,,
48947039,,,,,,,,,,,,,,,,,,,,
48947102,10.0,452.0,2.0,1.0,2.0,10.0,452.0,A,,2.0,1.0,,,,380882.0,,,1.0,,
48947241,10.0,1156.0,4.0,30.0,2.0,10.0,1156.0,A,,4.0,30.0,3333.0,,,380882.0,,,1.0,,
48947511,77.0,1227.0,2.0,1.0,2.0,77.0,1227.0,A,,2.0,1.0,117083.0,,,380882.0,,,1.0,,
65640900,60.0,1208.0,2.0,20.0,,,,,,,,,,,,,,,,
65647782,451.0,1286.0,2.0,1.0,,,,,,,,,,,,,,,,
65647815,,63.0,2.0,1.0,,,,,,,,,,,,,,,,
65647846,451.0,1287.0,2.0,1.0,,,,,,,,,,,,,,,,
65647886,,1263.0,2.0,1.0,,,,,,,,,,,,,,,,
65647910,451.0,1287.0,2.0,1.0,,,,,,,,,,,,,,,,
61656325,29.0,1279.0,2.0,1.0,2.0,454.0,1300.0,A,,2.0,1.0,100000.0,,,380882.0,,,1.0,,
61688546,10.0,11.0,2.0,1.0,2.0,10.0,11.0,A,,2.0,1.0,,,,380882.0,,,1.0,,
65640607,15.0,458.0,4.0,100.0,2.0,15.0,458.0,A,,4.0,100.0,2000.0,,,380882.0,,,1.0,,
65640647,97.0,55.0,4.0,1.0,2.0,97.0,55.0,A,,4.0,1.0,2000.0,,,380882.0,,,1.0,,
65640676,77.0,1076.0,2.0,1.0,2.0,77.0,1076.0,A,,2.0,1.0,39373.0,,,380882.0,,,1.0,,
65640722,60.0,1275.0,2.0,1.0,2.0,60.0,1275.0,A,,2.0,1.0,125000.0,,,380882.0,,,1.0,,
65640793,77.0,59.0,2.0,1.0,2.0,77.0,59.0,A,,2.0,1.0,400000.0,,,380882.0,,,1.0,,
65640848,63.0,1253.0,2.0,1.0,2.0,63.0,1253.0,A,,2.0,1.0,100000.0,,,380882.0,,,1.0,,
65647203,462.0,1375.0,2.0,4.0,2.0,462.0,1375.0,A,,2.0,4.0,32186.0,,,380882.0,,,4.0,,
65647221,462.0,1346.0,2.0,1.0,2.0,462.0,1346.0,A,,2.0,1.0,80000.0,,,380882.0,,,1.0,,
65647242,462.0,1345.0,2.0,2.0,2.0,462.0,1345.0,A,,2.0,2.0,,,,380882.0,,,2.0,,
65647344,454.0,1300.0,2.0,1.0,2.0,454.0,1300.0,A,,2.0,1.0,50000.0,,,380882.0,,,1.0,,
65647385,451.0,1376.0,2.0,1.0,2.0,451.0,1376.0,A,,2.0,1.0,107000.0,,,380882.0,,,1.0,,
65647681,454.0,1301.0,2.0,1.0,2.0,454.0,1301.0,A,,2.0,1.0,114594.0,,,380882.0,,,1.0,,
65647752,,,,,,,,,,,,,,,,,,,,
61654298,10.0,1156.0,4.0,200.0,,,,,,,,,,,,,,,,
61654557,10.0,452.0,2.0,1.0,,,,,,,,,,,,,,,,
61654669,106.0,1251.0,2.0,1.0,,,,,,,,,,,,,,,,
61654792,106.0,1251.0,2.0,1.0,,,,,,,,,,,,,,,,
61655118,77.0,1076.0,2.0,1.0,,,,,,,,,,,,,,,,
61655334,,,,,,,,,,,,,,,,,,,,
61655498,106.0,1252.0,2.0,1.0,,,,,,,,,,,,,,,,
61655596,106.0,1252.0,2.0,1.0,,,,,,,,,,,,,,,,
61655695,106.0,1251.0,2.0,1.0,,,,,,,,,,,,,,,,
61655898,60.0,1208.0,2.0,1.0,,,,,,,,,,,,,,,,
61655986,63.0,62.0,4.0,30.0,,,,,,,,,,,,,,,,
61656092,63.0,62.0,4.0,100.0,,,,,,,,,,,,,,,,
61656211,456.0,1307.0,2.0,4.0,,,,,,,,,,,,,,,,
61688040,10.0,1156.0,4.0,30.0,,,,,,,,,,,,,,,,
61688279,,,,,2.0,10.0,2.0,A,,2.0,2.0,220000.0,2.0,,380882.0,,,2.0,,
61688421,10.0,10.0,2.0,4.0,,,,,,,,,,,,,,,,
76539130,,,,,,,,,,,,,,,,,,,,
76542190,,,,,,,,,,,,,,,,,,,,
76548470,,,,,,,,,,,,,,,,,,,,
76550258,,,,,,,,,,,,,,,,,,,,
76551891,,,,,,,,,,,,,,,,,,,,
76554062,,,,,,,,,,,,,,,,,,,,
76555011,,,,,,,,,,,,,,,,,,,,
76557886,,,,,,,,,,,,,,,,,,,,
76561252,,,,,,,,,,,,,,,,,,,,
76562522,,,,,,,,,,,,,,,,,,,,
76565463,,,,,,,,,,,,,,,,,,,,
76567063,,,,,,,,,,,,,,,,,,,,
76571285,,,,,,,,,,,,,,,,,,,,
76574548,,,,,,,,,,,,,,,,,,,,
76576762,,,,,,,,,,,,,,,,,,,,
76577989,,,,,,,,,,,,,,,,,,,,
76580508,,,,,,,,,,,,,,,,,,,,
76584143,,,,,,,,,,,,,,,,,,,,
76586385,,,,,,,,,,,,,,,,,,,,
76588405,,,,,,,,,,,,,,,,,,,,
76589351,,,,,,,,,,,,,,,,,,,,
77018625,,,,,,,,,,,,,,,,,,,,
77021336,,,,,,,,,,,,,,,,,,,,
77022717,,,,,,,,,,,,,,,,,,,,
77222350,,,,,,,,,,,,,,,,,,,,
77222608,,,,,,,,,,,,,,,,,,,,
77222875,,,,,,,,,,,,,,,,,,,,
77223125,,,,,,,,,,,,,,,,,,,,
77223383,,,,,,,,,,,,,,,,,,,,
77223574,,,,,,,,,,,,,,,,,,,,
77223791,,,,,,,,,,,,,,,,,,,,
77224006,,,,,,,,,,,,,,,,,,,,
77224210,,,,,,,,,,,,,,,,,,,,
77224356,,,,,,,,,,,,,,,,,,,,
77224535,,,,,,,,,,,,,,,,,,,,
77224699,,,,,,,,,,,,,,,,,,,,
77224867,,,,,,,,,,,,,,,,,,,,
77225186,,,,,,,,,,,,,,,,,,,,
77225410,,,,,,,,,,,,,,,,,,,,
77225635,,,,,,,,,,,,,,,,,,,,
77225857,,,,,,,,,,,,,,,,,,,,
77226115,,,,,,,,,,,,,,,,,,,,
77226501,,,,,,,,,,,,,,,,,,,,
77226704,,,,,,,,,,,,,,,,,,,,
77226937,,,,,,,,,,,,,,,,,,,,
77227161,,,,,,,,,,,,,,,,,,,,
77227462,,,,,,,,,,,,,,,,,,,,
77227817,,,,,,,,,,,,,,,,,,,,
77228026,,,,,,,,,,,,,,,,,,,,
77285748,,,,,,,,,,,,,,,,,,,,
77286839,,,,,,,,,,,,,,,,,,,,
77287395,,,,,,,,,,,,,,,,,,,,
77288249,,,,,,,,,,,,,,,,,,,,
77290116,,,,,,,,,,,,,,,,,,,,
77291194,,,,,,,,,,,,,,,,,,,,
77294180,,,,,,,,,,,,,,,,,,,,
77296197,,,,,,,,,,,,,,,,,,,,
77297658,,,,,,,,,,,,,,,,,,,,
77298704,,,,,,,,,,,,,,,,,,,,
77300044,,,,,,,,,,,,,,,,,,,,
77572957,,,,,,,,,,,,,,,,,,,,
77573393,,,,,,,,,,,,,,,,,,,,
77574093,,,,,,,,,,,,,,,,,,,,
77574393,,,,,,,,,,,,,,,,,,,,
77575302,,,,,,,,,,,,,,,,,,,,
77575533,,,,,,,,,,,,,,,,,,,,
77575718,,,,,,,,,,,,,,,,,,,,
77575994,,,,,,,,,,,,,,,,,,,,
77576148,,,,,,,,,,,,,,,,,,,,
77576384,,,,,,,,,,,,,,,,,,,,
77576594,,,,,,,,,,,,,,,,,,,,
77576765,,,,,,,,,,,,,,,,,,,,
77576947,,,,,,,,,,,,,,,,,,,,
77577772,,,,,,,,,,,,,,,,,,,,
77578031,,,,,,,,,,,,,,,,,,,,
77578862,,,,,,,,,,,,,,,,,,,,
77581288,,,,,,,,,,,,,,,,,,,,
78483302,,,,,,,,,,,,,,,,,,,,
78483678,,,,,,,,,,,,,,,,,,,,
78484531,,,,,,,,,,,,,,,,,,,,
78484900,,,,,,,,,,,,,,,,,,,,
78485217,,,,,,,,,,,,,,,,,,,,
78486028,,,,,,,,,,,,,,,,,,,,
78486703,,,,,,,,,,,,,,,,,,,,
78487136,,,,,,,,,,,,,,,,,,,,
78487683,,,,,,,,,,,,,,,,,,,,
78488329,,,,,,,,,,,,,,,,,,,,
78488734,,,,,,,,,,,,,,,,,,,,
78489048,,,,,,,,,,,,,,,,,,,,
78489349,,,,,,,,,,,,,,,,,,,,
78489962,,,,,,,,,,,,,,,,,,,,
78490332,,,,,,,,,,,,,,,,,,,,
78490914,,,,,,,,,,,,,,,,,,,,
78491379,,,,,,,,,,,,,,,,,,,,
78491636,,,,,,,,,,,,,,,,,,,,
78491930,,,,,,,,,,,,,,,,,,,,
78492222,,,,,,,,,,,,,,,,,,,,
79107803,,,,,,,,,,,,,,,,,,,,
79108625,,,,,,,,,,,,,,,,,,,,
79109324,,,,,,,,,,,,,,,,,,,,
79109779,,,,,,,,,,,,,,,,,,,,
79110162,,,,,,,,,,,,,,,,,,,,
79111411,,,,,,,,,,,,,,,,,,,,
79112158,,,,,,,,,,,,,,,,,,,,
79112732,,,,,,,,,,,,,,,,,,,,
79113767,,,,,,,,,,,,,,,,,,,,
79115307,,,,,,,,,,,,,,,,,,,,
79115979,,,,,,,,,,,,,,,,,,,,
79116494,,,,,,,,,,,,,,,,,,,,
79116825,,,,,,,,,,,,,,,,,,,,
79117239,,,,,,,,,,,,,,,,,,,,
79117799,,,,,,,,,,,,,,,,,,,,
79118322,,,,,,,,,,,,,,,,,,,,
79119341,,,,,,,,,,,,,,,,,,,,
79120344,,,,,,,,,,,,,,,,,,,,
79120770,,,,,,,,,,,,,,,,,,,,
79122176,,,,,,,,,,,,,,,,,,,,
79122770,,,,,,,,,,,,,,,,,,,,
79123435,,,,,,,,,,,,,,,,,,,,
79123919,,,,,,,,,,,,,,,,,,,,
79132821,,,,,,,,,,,,,,,,,,,,
79133246,,,,,,,,,,,,,,,,,,,,
79134272,,,,,,,,,,,,,,,,,,,,
79135404,,,,,,,,,,,,,,,,,,,,
79136040,,,,,,,,,,,,,,,,,,,,
79136675,,,,,,,,,,,,,,,,,,,,
79137185,,,,,,,,,,,,,,,,,,,,
79137833,,,,,,,,,,,,,,,,,,,,
79138279,,,,,,,,,,,,,,,,,,,,
79139486,,,,,,,,,,,,,,,,,,,,
79140259,,,,,,,,,,,,,,,,,,,,
79141676,,,,,,,,,,,,,,,,,,,,
79142084,,,,,,,,,,,,,,,,,,,,
79142524,,,,,,,,,,,,,,,,,,,,
79142876,,,,,,,,,,,,,,,,,,,,
79144076,,,,,,,,,,,,,,,,,,,,
79144423,,,,,,,,,,,,,,,,,,,,
79144908,,,,,,,,,,,,,,,,,,,,
79145679,,,,,,,,,,,,,,,,,,,,
79145930,,,,,,,,,,,,,,,,,,,,
79146194,,,,,,,,,,,,,,,,,,,,
79146537,,,,,,,,,,,,,,,,,,,,
79146926,,,,,,,,,,,,,,,,,,,,
81807728,,,,,,,,,,,,,,,,,,,,
81810184,,,,,,,,,,,,,,,,,,,,
81810563,,,,,,,,,,,,,,,,,,,,
81812326,,,,,2.0,10.0,13.0,A,,2.0,1.0,10000.0,650.0,,380882.0,,,1.0,,
81928022,,,,,1.0,455.0,1286.0,A,,2.0,1.0,25000.0,733.0,,380882.0,,,1.0,,
81958083,,,,,2.0,77.0,59.0,A,,2.0,1.0,172448.0,54.0,,380882.0,,,1.0,,
82693845,,,,,2.0,457.0,1316.0,A,,2.0,1.0,73500.0,763.0,,380882.0,,,1.0,,
82721199,,,,,,,,,,,,,,,,,,,,
82726253,,,,,,,,,,,,,,,,,,,,
82730562,,,,,2.0,15.0,1205.0,A,,4.0,100.0,1000.0,508.0,,380882.0,,,1.0,,
82734648,,,,,,,,,,,,,,,,,,,,
82735058,,,,,,,,,,,,,,,,,,,,
82736399,,,,,,,,,,,,,,,,,,,,
82736902,,,,,,,,,,,,,,,,,,,,
82737293,,,,,,,,,,,,,,,,,,,,
82737645,,,,,,,,,,,,,,,,,,,,
82743049,,,,,,,,,,,,,,,,,,,,
82743855,,,,,,,,,,,,,,,,,,,,
82746861,,,,,,,,,,,,,,,,,,,,
82747104,,,,,,,,,,,,,,,,,,,,
82747601,,,,,,,,,,,,,,,,,,,,
82748084,,,,,,,,,,,,,,,,,,,,
82748924,,,,,,,,,,,,,,,,,,,,
82749303,,,,,,,,,,,,,,,,,,,,
82756563,,,,,2.0,454.0,1300.0,A,,2.0,1.0,5336.0,747.0,,380882.0,,,1.0,,
82759348,,,,,2.0,462.0,1356.0,A,,2.0,1.0,24000.0,803.0,,380882.0,,,1.0,,
82761428,,,,,2.0,6.0,3.0,A,,2.0,1.0,12238.0,3.0,,380882.0,,,1.0,,
82762410,,,,,2.0,4.0,64.0,A,,2.0,1.0,400000.0,58.0,,380882.0,,,1.0,,
82762912,,,,,,,,,,,,,,,,,,,,
82844937,,,,,2.0,462.0,1356.0,A,,2.0,1.0,100000.0,803.0,,380882.0,,,1.0,,
82845314,,,,,,,,,,,,,,,,,,,,
82845756,,,,,2.0,4.0,1026.0,A,,4.0,1.0,100000.0,80.0,,380882.0,,,1.0,,
82846120,,,,,2.0,103.0,1259.0,A,,2.0,1.0,100000.0,706.0,,380882.0,,,1.0,,
82846674,,,,,2.0,97.0,55.0,A,,4.0,1.0,100000.0,64.0,,380882.0,,,1.0,,
82847128,,,,,2.0,77.0,1217.0,A,,2.0,1.0,100000.0,663.0,,380882.0,,,1.0,,
82847548,,,,,2.0,462.0,1375.0,A,,2.0,1.0,100000.0,791.0,,380882.0,,,1.0,,
82848050,,,,,2.0,77.0,1217.0,A,,2.0,1.0,100000.0,663.0,,380882.0,,,1.0,,
82848492,,,,,2.0,4.0,1026.0,A,,4.0,1.0,100000.0,80.0,,380882.0,,,1.0,,
82849013,,,,,2.0,465.0,1370.0,A,,2.0,1.0,100000.0,817.0,,380882.0,,,1.0,,
82849591,,,,,2.0,10.0,26.0,A,,2.0,1.0,100000.0,23.0,,380882.0,,,1.0,,
82850100,,,,,2.0,462.0,1353.0,A,,2.0,1.0,100000.0,800.0,,380882.0,,,1.0,,
82854313,,,,,2.0,97.0,1057.0,A,,2.0,1.0,100000.0,101.0,,380882.0,,,1.0,,
82855060,,,,,2.0,462.0,1348.0,A,,2.0,1.0,100000.0,795.0,,380882.0,,,1.0,,
82856129,,,,,2.0,77.0,1380.0,A,,2.0,1.0,100000.0,826.0,,380882.0,,,1.0,,
82856804,,,,,2.0,103.0,1242.0,A,,2.0,1.0,100000.0,688.0,,380882.0,,,1.0,,
82858974,,,,,,,,,,,,,,,,,,,,
82860681,,,,,,,,,,,,,,,,,,,,
82863014,,,,,2.0,462.0,1375.0,A,,2.0,1.0,100000.0,791.0,,380882.0,,,1.0,,
82863341,,,,,2.0,462.0,1375.0,A,,2.0,1.0,100000.0,791.0,,380882.0,,,1.0,,
82863764,,,,,2.0,462.0,1359.0,A,,2.0,1.0,100000.0,806.0,,380882.0,,,1.0,,
82865214,,,,,2.0,462.0,1362.0,A,,2.0,1.0,100000.0,809.0,,380882.0,,,1.0,,
99170258,,,,,,,,,,,,,,,,,,,,
127245884,,,,,2.0,454.0,1301.0,A,,2.0,1.0,51574.0,748.0,,380882.0,,,1.0,,
128340982,,,,,1.0,41.0,1102.0,A,,2.0,1.0,10000.0,406.0,,380882.0,,,1.0,,
81809079,63.0,63.0,2.0,1.0,2.0,63.0,63.0,A,,2.0,1.0,593542.0,,,380882.0,,,1.0,,
81954553,,,,,1.0,463.0,1350.0,A,,2.0,1.0,128724.0,797.0,,380882.0,,,1.0,,
81955225,77.0,59.0,2.0,1.0,2.0,77.0,59.0,A,,2.0,1.0,404432.0,,,380882.0,,,1.0,,
81957492,462.0,1375.0,2.0,1.0,2.0,462.0,1375.0,A,,2.0,1.0,48000.0,,,380882.0,,,1.0,,
82688276,,,,,2.0,451.0,1281.0,A,,2.0,1.0,66000.0,728.0,,380882.0,,,1.0,,
82753880,,,,,2.0,454.0,1300.0,A,,2.0,1.0,100000.0,747.0,,380882.0,,,1.0,,
82755183,,,,,2.0,457.0,1316.0,A,,2.0,1.0,10000.0,763.0,,380882.0,,,1.0,,
82758183,462.0,1375.0,2.0,1.0,2.0,462.0,1375.0,A,,2.0,1.0,280000.0,,,380882.0,,,1.0,,
127245789,462.0,1345.0,2.0,1.0,2.0,462.0,1345.0,A,,2.0,1.0,50000.0,,,380882.0,,,1.0,,
128251100,,,,,2.0,454.0,1301.0,A,,2.0,1.0,100000.0,748.0,,380882.0,,,1.0,,
128340688,,,,,1.0,41.0,1102.0,A,,2.0,1.0,80000.0,406.0,,380882.0,,,1.0,,
81956350,,,,,,,,,,,,,,,,,,,,
82716369,,,,,2.0,454.0,1301.0,A,,2.0,1.0,51574.0,748.0,,380882.0,,,1.0,,
82753455,,,,,2.0,454.0,1300.0,A,,2.0,1.0,100000.0,747.0,,380882.0,,,1.0,,
128251061,,,,,1.0,41.0,1102.0,A,,2.0,1.0,80000.0,406.0,,380882.0,,,1.0,,
98422720,77.0,1380.0,2.0,1.0,,,,,,,,,,,,,,,,
98425797,,,,,,,,,,,,,,,,,,,,
98430111,,,,,,,,,,,,,,,,,,,,
98709086,,,,,,,,,,,,,,,,,,,,
98709782,,,,,,,,,,,,,,,,,,,,
98711268,104.0,53.0,2.0,1.0,,,,,,,,,,,,,,,,
98712559,,,,,,,,,,,,,,,,,,,,
98713514,,,,,,,,,,,,,,,,,,,,
98714237,4.0,64.0,2.0,1.0,,,,,,,,,,,,,,,,
98821199,,,,,,,,,,,,,,,,,,,,
98862927,,,,,,,,,,,,,,,,,,,,
98867753,,,,,,,,,,,,,,,,,,,,
98868735,,,,,,,,,,,,,,,,,,,,
98877149,,,,,,,,,,,,,,,,,,,,
98907959,,,,,,,,,,,,,,,,,,,,
98908373,,,,,,,,,,,,,,,,,,,,
98908854,,,,,,,,,,,,,,,,,,,,
98928593,,,,,,,,,,,,,,,,,,,,
98928912,,,,,,,,,,,,,,,,,,,,
98960870,,,,,,,,,,,,,,,,,,,,
98961370,,,,,,,,,,,,,,,,,,,,
98961695,,,,,,,,,,,,,,,,,,,,
98962460,,,,,,,,,,,,,,,,,,,,
98999190,,,,,,,,,,,,,,,,,,,,
99000124,,,,,,,,,,,,,,,,,,,,
99000859,,,,,,,,,,,,,,,,,,,,
99003684,,,,,,,,,,,,,,,,,,,,
99047624,,,,,,,,,,,,,,,,,,,,
99048588,,,,,,,,,,,,,,,,,,,,
99091690,,,,,,,,,,,,,,,,,,,,
99091819,,,,,,,,,,,,,,,,,,,,
99092203,,,,,,,,,,,,,,,,,,,,
99092469,,,,,,,,,,,,,,,,,,,,
99092851,,,,,,,,,,,,,,,,,,,,
99093066,,,,,,,,,,,,,,,,,,,,
99093182,,,,,,,,,,,,,,,,,,,,
99093383,,,,,,,,,,,,,,,,,,,,
99093559,,,,,,,,,,,,,,,,,,,,
99093727,,,,,,,,,,,,,,,,,,,,
99094346,,,,,,,,,,,,,,,,,,,,
99100599,,,,,,,,,,,,,,,,,,,,
99101094,,,,,,,,,,,,,,,,,,,,
99101505,,,,,,,,,,,,,,,,,,,,
99101653,,,,,,,,,,,,,,,,,,,,
99101797,,,,,,,,,,,,,,,,,,,,
99102108,,,,,,,,,,,,,,,,,,,,
99102280,,,,,,,,,,,,,,,,,,,,
99102767,,,,,,,,,,,,,,,,,,,,
99103410,,,,,,,,,,,,,,,,,,,,
99103562,,,,,,,,,,,,,,,,,,,,
99103744,,,,,,,,,,,,,,,,,,,,
99104582,,,,,,,,,,,,,,,,,,,,
99114129,,,,,,,,,,,,,,,,,,,,
99114350,,,,,,,,,,,,,,,,,,,,
99114616,,,,,,,,,,,,,,,,,,,,
99114858,,,,,,,,,,,,,,,,,,,,
99115123,,,,,,,,,,,,,,,,,,,,
99117034,,,,,,,,,,,,,,,,,,,,
99117043,,,,,,,,,,,,,,,,,,,,
99117399,,,,,,,,,,,,,,,,,,,,
99117448,,,,,,,,,,,,,,,,,,,,
99117836,,,,,,,,,,,,,,,,,,,,
99118546,,,,,,,,,,,,,,,,,,,,
99118774,,,,,,,,,,,,,,,,,,,,
99119062,,,,,,,,,,,,,,,,,,,,
99119264,,,,,,,,,,,,,,,,,,,,
99119487,,,,,,,,,,,,,,,,,,,,
99123094,,,,,,,,,,,,,,,,,,,,
99123602,,,,,,,,,,,,,,,,,,,,
99123643,,,,,,,,,,,,,,,,,,,,
99124178,,,,,,,,,,,,,,,,,,,,
99124607,,,,,,,,,,,,,,,,,,,,
99126974,,,,,,,,,,,,,,,,,,,,
99127279,,,,,,,,,,,,,,,,,,,,
99127497,,,,,,,,,,,,,,,,,,,,
99129574,,,,,,,,,,,,,,,,,,,,
99129919,,,,,,,,,,,,,,,,,,,,
99130444,,,,,,,,,,,,,,,,,,,,
99130651,,,,,,,,,,,,,,,,,,,,
99130848,,,,,,,,,,,,,,,,,,,,
99130880,,,,,,,,,,,,,,,,,,,,
99131172,,,,,,,,,,,,,,,,,,,,
99131233,,,,,,,,,,,,,,,,,,,,
99131586,,,,,,,,,,,,,,,,,,,,
99132114,,,,,,,,,,,,,,,,,,,,
99132163,,,,,,,,,,,,,,,,,,,,
99132389,,,,,,,,,,,,,,,,,,,,
99132745,,,,,,,,,,,,,,,,,,,,
99133081,,,,,,,,,,,,,,,,,,,,
99134131,,,,,,,,,,,,,,,,,,,,
99134395,,,,,,,,,,,,,,,,,,,,
99134687,,,,,,,,,,,,,,,,,,,,
99134957,,,,,,,,,,,,,,,,,,,,
99136943,,,,,,,,,,,,,,,,,,,,
99137203,,,,,,,,,,,,,,,,,,,,
99137546,,,,,,,,,,,,,,,,,,,,
99137881,,,,,,,,,,,,,,,,,,,,
99138141,,,,,,,,,,,,,,,,,,,,
99138474,,,,,,,,,,,,,,,,,,,,
99138729,,,,,,,,,,,,,,,,,,,,
99139067,,,,,,,,,,,,,,,,,,,,
99139244,,,,,,,,,,,,,,,,,,,,
99140345,,,,,,,,,,,,,,,,,,,,
99140612,,,,,,,,,,,,,,,,,,,,
99140843,,,,,,,,,,,,,,,,,,,,
99141059,,,,,,,,,,,,,,,,,,,,
99141307,,,,,,,,,,,,,,,,,,,,
99141563,,,,,,,,,,,,,,,,,,,,
99141860,,,,,,,,,,,,,,,,,,,,
99142802,,,,,,,,,,,,,,,,,,,,
99143047,,,,,,,,,,,,,,,,,,,,
99143316,,,,,,,,,,,,,,,,,,,,
99143570,,,,,,,,,,,,,,,,,,,,
99143848,,,,,,,,,,,,,,,,,,,,
99147941,,,,,,,,,,,,,,,,,,,,
99148270,,,,,,,,,,,,,,,,,,,,
99148510,,,,,,,,,,,,,,,,,,,,
99148796,,,,,,,,,,,,,,,,,,,,
99149143,,,,,,,,,,,,,,,,,,,,
99149353,,,,,,,,,,,,,,,,,,,,
99149579,,,,,,,,,,,,,,,,,,,,
99149822,,,,,,,,,,,,,,,,,,,,
99150102,,,,,,,,,,,,,,,,,,,,
99150325,,,,,,,,,,,,,,,,,,,,
99151305,,,,,,,,,,,,,,,,,,,,
99151583,,,,,,,,,,,,,,,,,,,,
99151786,,,,,,,,,,,,,,,,,,,,
99153463,,,,,,,,,,,,,,,,,,,,
99153690,,,,,,,,,,,,,,,,,,,,
99153897,,,,,,,,,,,,,,,,,,,,
99154112,,,,,,,,,,,,,,,,,,,,
99154268,,,,,,,,,,,,,,,,,,,,
99154396,,,,,,,,,,,,,,,,,,,,
99154602,,,,,,,,,,,,,,,,,,,,
99154844,,,,,,,,,,,,,,,,,,,,
99155061,,,,,,,,,,,,,,,,,,,,
99155406,,,,,,,,,,,,,,,,,,,,
99155688,,,,,,,,,,,,,,,,,,,,
99155909,,,,,,,,,,,,,,,,,,,,
99156222,,,,,,,,,,,,,,,,,,,,
99157000,,,,,,,,,,,,,,,,,,,,
99157309,,,,,,,,,,,,,,,,,,,,
99157528,,,,,,,,,,,,,,,,,,,,
99157709,,,,,,,,,,,,,,,,,,,,
99157734,,,,,,,,,,,,,,,,,,,,
99158041,,,,,,,,,,,,,,,,,,,,
99158262,,,,,,,,,,,,,,,,,,,,
99158476,,,,,,,,,,,,,,,,,,,,
99158485,,,,,,,,,,,,,,,,,,,,
99158762,,,,,,,,,,,,,,,,,,,,
99159409,,,,,,,,,,,,,,,,,,,,
99161020,,,,,,,,,,,,,,,,,,,,
99165245,,,,,,,,,,,,,,,,,,,,
99166065,,,,,,,,,,,,,,,,,,,,
99166514,,,,,,,,,,,,,,,,,,,,
99166568,,,,,,,,,,,,,,,,,,,,
99166738,,,,,,,,,,,,,,,,,,,,
99167524,,,,,,,,,,,,,,,,,,,,
99168155,,,,,,,,,,,,,,,,,,,,
99168686,,,,,,,,,,,,,,,,,,,,
99169405,,,,,,,,,,,,,,,,,,,,
99170001,,,,,,,,,,,,,,,,,,,,
99170025,,,,,,,,,,,,,,,,,,,,
99170505,,,,,,,,,,,,,,,,,,,,
99171004,,,,,,,,,,,,,,,,,,,,
99171437,,,,,2.0,104.0,47.0,A,,2.0,1.0,10000.0,43.0,,380882.0,,,1.0,,
99172128,,,,,,,,,,,,,,,,,,,,
99172165,,,,,,,,,,,,,,,,,,,,
99173351,,,,,,,,,,,,,,,,,,,,
99173354,,,,,,,,,,,,,,,,,,,,
99174043,104.0,53.0,2.0,1.0,,,,,,,,,,,,,,,,
99174123,,,,,,,,,,,,,,,,,,,,
99174719,,,,,,,,,,,,,,,,,,,,
99175277,,,,,,,,,,,,,,,,,,,,
99175437,,,,,,,,,,,,,,,,,,,,
99175723,,,,,,,,,,,,,,,,,,,,
99175870,,,,,,,,,,,,,,,,,,,,
99296131,,,,,,,,,,,,,,,,,,,,
99296321,,,,,,,,,,,,,,,,,,,,
99296634,,,,,,,,,,,,,,,,,,,,
99297022,,,,,,,,,,,,,,,,,,,,
99297265,,,,,,,,,,,,,,,,,,,,
99297462,,,,,,,,,,,,,,,,,,,,
99297803,,,,,,,,,,,,,,,,,,,,
99298148,,,,,,,,,,,,,,,,,,,,
99298421,,,,,,,,,,,,,,,,,,,,
99298687,,,,,,,,,,,,,,,,,,,,
99299128,,,,,,,,,,,,,,,,,,,,
99299331,,,,,,,,,,,,,,,,,,,,
99299507,,,,,,,,,,,,,,,,,,,,
99299685,,,,,,,,,,,,,,,,,,,,
99300423,,,,,,,,,,,,,,,,,,,,
99300642,,,,,,,,,,,,,,,,,,,,
99300892,,,,,,,,,,,,,,,,,,,,
99301048,,,,,,,,,,,,,,,,,,,,
99301402,,,,,,,,,,,,,,,,,,,,
99301553,,,,,,,,,,,,,,,,,,,,
99301716,,,,,,,,,,,,,,,,,,,,
99301852,,,,,,,,,,,,,,,,,,,,
99302032,,,,,,,,,,,,,,,,,,,,
105401496,,,,,,,,,,,,,,,,,,,,
105407992,,,,,2.0,453.0,1299.0,A,,2.0,1.0,17500.0,746.0,,380882.0,,,1.0,,
105408347,,,,,2.0,453.0,1299.0,A,,2.0,1.0,21000.0,746.0,,380882.0,,,1.0,,
105423899,,,,,2.0,77.0,1380.0,A,,2.0,1.0,83230.0,826.0,,380882.0,,,1.0,,
105424779,,,,,1.0,41.0,1102.0,A,,2.0,1.0,50000.0,406.0,,380882.0,,,1.0,,
105426088,,,,,,,,,,,,,,,,,,,,
105426514,,,,,,,,,,,,,,,,,,,,
105426875,,,,,,,,,,,,,,,,,,,,
105430118,,,,,,,,,,,,,,,,,,,,
105430373,,,,,,,,,,,,,,,,,,,,
105430924,,,,,,,,,,,,,,,,,,,,
105431441,,,,,,,,,,,,,,,,,,,,
105431625,,,,,,,,,,,,,,,,,,,,
105432042,,,,,,,,,,,,,,,,,,,,
105432466,,,,,,,,,,,,,,,,,,,,
105446740,,,,,2.0,77.0,59.0,A,,2.0,1.0,100000.0,54.0,,380882.0,,,1.0,,
128250807,,,,,2.0,454.0,1301.0,A,,2.0,1.0,90000.0,748.0,,380882.0,,,1.0,,
128250915,,,,,,,,,,,,,,,,,,,,
128251376,,,,,,,,,,,,,,,,,,,,
105399201,,,,,2.0,77.0,59.0,A,,2.0,1.0,300000.0,54.0,,380882.0,,,1.0,,
105399843,,,,,2.0,77.0,1380.0,A,,2.0,1.0,150000.0,826.0,,380882.0,,,1.0,,
105404519,,,,,2.0,454.0,1300.0,A,,2.0,1.0,60000.0,747.0,,380882.0,,,1.0,,
105407657,,,,,2.0,454.0,1301.0,A,,2.0,1.0,5150.0,748.0,,380882.0,,,1.0,,
105410403,,,,,2.0,462.0,1375.0,A,,2.0,1.0,115050.0,791.0,,380882.0,,,1.0,,
105418828,,,,,2.0,462.0,1375.0,A,,2.0,1.0,60000.0,791.0,,380882.0,,,1.0,,
105419399,,,,,2.0,77.0,1076.0,A,,2.0,1.0,150000.0,380.0,,380882.0,,,1.0,,
105419843,,,,,2.0,10.0,1156.0,A,,4.0,1.0,300000.0,551.0,,380882.0,,,1.0,,
105433602,,,,,2.0,462.0,1375.0,A,,2.0,1.0,81750.0,791.0,,380882.0,,,1.0,,
105439238,,,,,2.0,97.0,55.0,A,,4.0,1.0,152756.0,64.0,,380882.0,,,1.0,,
105440256,,,,,2.0,462.0,1375.0,A,,2.0,1.0,192767.0,791.0,,380882.0,,,1.0,,
105444928,,,,,2.0,454.0,1300.0,A,,2.0,1.0,295917.0,747.0,,380882.0,,,1.0,,
105446314,,,,,2.0,462.0,1355.0,A,,2.0,1.0,100000.0,802.0,,380882.0,,,1.0,,
105408633,,,,,2.0,454.0,1300.0,A,,2.0,1.0,90000.0,747.0,,380882.0,,,1.0,,
114767147,,,,,,,,,,,,,,,,,,,,
114806516,,,,,,,,,,,,,,,,,,,,
117510409,,,,,,,,,,,,,,,,,,,,
117511439,,,,,,,,,,,,,,,,,,,,
117511873,,,,,,,,,,,,,,,,,,,,
117512223,,,,,,,,,,,,,,,,,,,,
117512869,,,,,,,,,,,,,,,,,,,,
117513183,,,,,,,,,,,,,,,,,,,,
117513478,,,,,,,,,,,,,,,,,,,,
117513812,,,,,,,,,,,,,,,,,,,,
117517849,,,,,,,,,,,,,,,,,,,,
117518728,,,,,,,,,,,,,,,,,,,,
117520150,,,,,,,,,,,,,,,,,,,,
117520529,,,,,,,,,,,,,,,,,,,,
117521031,,,,,,,,,,,,,,,,,,,,
117521549,,,,,,,,,,,,,,,,,,,,
118083720,,,,,,,,,,,,,,,,,,,,
118084245,,,,,,,,,,,,,,,,,,,,
118084694,,,,,,,,,,,,,,,,,,,,
118085954,,,,,,,,,,,,,,,,,,,,
118086239,,,,,,,,,,,,,,,,,,,,
118086854,,,,,,,,,,,,,,,,,,,,
118089139,,,,,,,,,,,,,,,,,,,,
118090284,,,,,,,,,,,,,,,,,,,,
118091579,,,,,,,,,,,,,,,,,,,,
118091935,,,,,,,,,,,,,,,,,,,,
118092244,,,,,,,,,,,,,,,,,,,,
118092603,,,,,,,,,,,,,,,,,,,,
118093154,,,,,,,,,,,,,,,,,,,,
118093720,,,,,,,,,,,,,,,,,,,,
118107403,,,,,,,,,,,,,,,,,,,,
118107609,,,,,,,,,,,,,,,,,,,,
118107700,,,,,,,,,,,,,,,,,,,,
118107770,,,,,,,,,,,,,,,,,,,,
118107806,,,,,,,,,,,,,,,,,,,,
118107855,,,,,,,,,,,,,,,,,,,,
118107881,,,,,,,,,,,,,,,,,,,,
118107909,,,,,,,,,,,,,,,,,,,,
118107922,,,,,,,,,,,,,,,,,,,,
118107933,,,,,,,,,,,,,,,,,,,,
118107956,,,,,,,,,,,,,,,,,,,,
118107976,,,,,,,,,,,,,,,,,,,,
118107989,,,,,,,,,,,,,,,,,,,,
118108002,,,,,,,,,,,,,,,,,,,,
118108061,,,,,,,,,,,,,,,,,,,,
118108083,,,,,,,,,,,,,,,,,,,,
118108098,,,,,,,,,,,,,,,,,,,,
118108115,,,,,,,,,,,,,,,,,,,,
118108142,,,,,,,,,,,,,,,,,,,,
118108191,,,,,,,,,,,,,,,,,,,,
118108203,,,,,,,,,,,,,,,,,,,,
118108221,,,,,,,,,,,,,,,,,,,,
118108249,,,,,,,,,,,,,,,,,,,,
118108264,,,,,,,,,,,,,,,,,,,,
118108279,,,,,,,,,,,,,,,,,,,,
118108293,,,,,,,,,,,,,,,,,,,,
118108299,,,,,,,,,,,,,,,,,,,,
118108307,,,,,,,,,,,,,,,,,,,,
118108316,,,,,,,,,,,,,,,,,,,,
118108331,,,,,,,,,,,,,,,,,,,,
118108355,,,,,,,,,,,,,,,,,,,,
118108364,,,,,,,,,,,,,,,,,,,,
118108383,,,,,,,,,,,,,,,,,,,,
118108401,,,,,,,,,,,,,,,,,,,,
118108422,,,,,,,,,,,,,,,,,,,,
118108439,,,,,,,,,,,,,,,,,,,,
118108455,,,,,,,,,,,,,,,,,,,,
118110236,,,,,,,,,,,,,,,,,,,,
118110342,,,,,,,,,,,,,,,,,,,,
118111030,,,,,,,,,,,,,,,,,,,,
118111138,,,,,,,,,,,,,,,,,,,,
118111248,,,,,,,,,,,,,,,,,,,,
118111340,,,,,,,,,,,,,,,,,,,,
118111442,,,,,,,,,,,,,,,,,,,,
118111864,,,,,,,,,,,,,,,,,,,,
118111991,,,,,,,,,,,,,,,,,,,,
118112121,,,,,,,,,,,,,,,,,,,,
118112307,,,,,,,,,,,,,,,,,,,,
118112568,,,,,,,,,,,,,,,,,,,,
118112881,,,,,,,,,,,,,,,,,,,,
118113354,,,,,,,,,,,,,,,,,,,,
118113580,,,,,,,,,,,,,,,,,,,,
118113701,,,,,,,,,,,,,,,,,,,,
118113870,,,,,,,,,,,,,,,,,,,,
118114115,,,,,,,,,,,,,,,,,,,,
118114528,,,,,,,,,,,,,,,,,,,,
118114652,,,,,,,,,,,,,,,,,,,,
118114786,,,,,,,,,,,,,,,,,,,,
118114897,,,,,,,,,,,,,,,,,,,,
118115029,,,,,,,,,,,,,,,,,,,,
118115240,,,,,,,,,,,,,,,,,,,,
118236444,,,,,,,,,,,,,,,,,,,,
118236621,,,,,,,,,,,,,,,,,,,,
118236842,,,,,,,,,,,,,,,,,,,,
118237451,,,,,,,,,,,,,,,,,,,,
118238361,,,,,,,,,,,,,,,,,,,,
118238622,,,,,,,,,,,,,,,,,,,,
118247028,,,,,,,,,,,,,,,,,,,,
118247192,,,,,,,,,,,,,,,,,,,,
118247260,,,,,,,,,,,,,,,,,,,,
119560604,,,,,,,,,,,,,,,,,,,,
119560858,,,,,,,,,,,,,,,,,,,,
119563452,,,,,,,,,,,,,,,,,,,,
119563680,,,,,,,,,,,,,,,,,,,,
119563920,,,,,,,,,,,,,,,,,,,,
119564296,,,,,,,,,,,,,,,,,,,,
119564546,,,,,,,,,,,,,,,,,,,,
119565093,,,,,,,,,,,,,,,,,,,,
119565261,,,,,,,,,,,,,,,,,,,,
119565421,,,,,,,,,,,,,,,,,,,,
119567133,,,,,,,,,,,,,,,,,,,,
119568049,,,,,,,,,,,,,,,,,,,,
119568219,,,,,,,,,,,,,,,,,,,,
119568383,,,,,,,,,,,,,,,,,,,,
119568554,,,,,,,,,,,,,,,,,,,,
119568786,,,,,,,,,,,,,,,,,,,,
119568946,,,,,,,,,,,,,,,,,,,,
119569165,,,,,,,,,,,,,,,,,,,,
119569399,,,,,,,,,,,,,,,,,,,,
119583960,,,,,,,,,,,,,,,,,,,,
119583984,,,,,,,,,,,,,,,,,,,,
119583997,,,,,,,,,,,,,,,,,,,,
119584006,,,,,,,,,,,,,,,,,,,,
119584044,,,,,,,,,,,,,,,,,,,,
119584070,,,,,,,,,,,,,,,,,,,,
119584088,,,,,,,,,,,,,,,,,,,,
119584098,,,,,,,,,,,,,,,,,,,,
119584117,,,,,,,,,,,,,,,,,,,,
119584133,,,,,,,,,,,,,,,,,,,,
119584154,,,,,,,,,,,,,,,,,,,,
119584162,,,,,,,,,,,,,,,,,,,,
119584168,,,,,,,,,,,,,,,,,,,,
119584181,,,,,,,,,,,,,,,,,,,,
119584188,,,,,,,,,,,,,,,,,,,,
120386265,,,,,,,,,,,,,,,,,,,,
120386319,,,,,,,,,,,,,,,,,,,,
120386748,,,,,,,,,,,,,,,,,,,,
120386777,,,,,,,,,,,,,,,,,,,,
120387060,,,,,,,,,,,,,,,,,,,,
120387109,,,,,,,,,,,,,,,,,,,,
120720939,,,,,,,,,,,,,,,,,,,,
120721071,,,,,,,,,,,,,,,,,,,,
120721179,,,,,,,,,,,,,,,,,,,,
120721595,,,,,,,,,,,,,,,,,,,,
120721909,,,,,,,,,,,,,,,,,,,,
120722017,,,,,,,,,,,,,,,,,,,,
120722835,,,,,,,,,,,,,,,,,,,,
120723046,,,,,,,,,,,,,,,,,,,,
120723667,,,,,,,,,,,,,,,,,,,,
120723785,,,,,,,,,,,,,,,,,,,,
120724102,,,,,,,,,,,,,,,,,,,,
120724227,,,,,,,,,,,,,,,,,,,,
120724421,,,,,,,,,,,,,,,,,,,,
121271632,,,,,,,,,,,,,,,,,,,,
121271646,,,,,,,,,,,,,,,,,,,,
121271655,,,,,,,,,,,,,,,,,,,,
121271672,,,,,,,,,,,,,,,,,,,,
121272792,,,,,,,,,,,,,,,,,,,,
121272834,,,,,,,,,,,,,,,,,,,,
121273214,,,,,,,,,,,,,,,,,,,,
121273258,,,,,,,,,,,,,,,,,,,,
121273310,,,,,,,,,,,,,,,,,,,,
121273434,,,,,,,,,,,,,,,,,,,,
121273502,,,,,,,,,,,,,,,,,,,,
121273533,,,,,,,,,,,,,,,,,,,,
121273572,,,,,,,,,,,,,,,,,,,,
121273603,,,,,,,,,,,,,,,,,,,,
121273640,,,,,,,,,,,,,,,,,,,,
121273673,,,,,,,,,,,,,,,,,,,,
121273703,,,,,,,,,,,,,,,,,,,,
121273739,,,,,,,,,,,,,,,,,,,,
121273796,,,,,,,,,,,,,,,,,,,,
121354878,,,,,,,,,,,,,,,,,,,,
121462383,,,,,,,,,,,,,,,,,,,,
121462688,,,,,,,,,,,,,,,,,,,,
121462884,,,,,,,,,,,,,,,,,,,,
121463059,,,,,,,,,,,,,,,,,,,,
121463253,,,,,,,,,,,,,,,,,,,,
121463452,,,,,,,,,,,,,,,,,,,,
121463644,,,,,,,,,,,,,,,,,,,,
121463811,,,,,,,,,,,,,,,,,,,,
121466578,,,,,,,,,,,,,,,,,,,,
121466765,,,,,,,,,,,,,,,,,,,,
121466987,,,,,,,,,,,,,,,,,,,,
121467166,,,,,,,,,,,,,,,,,,,,
121475974,,,,,,,,,,,,,,,,,,,,
121476138,,,,,,,,,,,,,,,,,,,,
121476349,,,,,,,,,,,,,,,,,,,,
121476531,,,,,,,,,,,,,,,,,,,,
121476699,,,,,,,,,,,,,,,,,,,,
121477030,,,,,,,,,,,,,,,,,,,,
121477219,,,,,,,,,,,,,,,,,,,,
121477395,,,,,,,,,,,,,,,,,,,,
121477581,,,,,,,,,,,,,,,,,,,,
121477744,,,,,,,,,,,,,,,,,,,,
121478042,,,,,,,,,,,,,,,,,,,,
121478233,,,,,,,,,,,,,,,,,,,,
121478502,,,,,,,,,,,,,,,,,,,,
121478706,,,,,,,,,,,,,,,,,,,,
121478881,,,,,,,,,,,,,,,,,,,,
121479069,,,,,,,,,,,,,,,,,,,,
121479310,,,,,,,,,,,,,,,,,,,,
122215550,462.0,1375.0,2.0,1.0,,,,,,,,,,,,,,,,
122216579,454.0,1300.0,2.0,1.0,,,,,,,,,,,,,,,,
122217944,,,,,2.0,454.0,1300.0,A,,2.0,1.0,30000.0,747.0,,380882.0,,,1.0,,
122218511,,,,,1.0,455.0,1287.0,A,,2.0,1.0,36000.0,734.0,,380882.0,,,1.0,,
122218795,,,,,2.0,454.0,1300.0,A,,2.0,1.0,10500.0,747.0,,380882.0,,,1.0,,
122218966,,,,,1.0,455.0,1286.0,A,,2.0,1.0,75000.0,733.0,,380882.0,,,1.0,,
122224954,77.0,1207.0,2.0,1.0,,,,,,,,,,,,,,,,
122225397,,,,,2.0,462.0,1375.0,A,,2.0,1.0,97606.0,791.0,,380882.0,,,1.0,,
122225876,,,,,,,,,,,,,,,,,,,,
122228522,,,,,2.0,462.0,1375.0,A,,2.0,1.0,130000.0,791.0,,380882.0,,,1.0,,
122228761,,,,,,,,,,,,,,,,,,,,
122228876,60.0,1208.0,2.0,1.0,,,,,,,,,,,,,,,,
122230024,,,,,,,,,,,,,,,,,,,,
122230126,,,,,,,,,,,,,,,,,,,,
122230446,,,,,,,,,,,,,,,,,,,,
122230575,,,,,,,,,,,,,,,,,,,,
122241525,462.0,1375.0,2.0,1.0,,,,,,,,,,,,,,,,
122241625,454.0,1300.0,2.0,1.0,,,,,,,,,,,,,,,,
122242097,,,,,,,,,,,,,,,,,,,,
122242381,,,,,,,,,,,,,,,,,,,,
122242676,,,,,,,,,,,,,,,,,,,,
122242768,,,,,,,,,,,,,,,,,,,,
122242914,,,,,,,,,,,,,,,,,,,,
122243030,,,,,,,,,,,,,,,,,,,,
127245361,,,,,,,,,,,,,,,,,,,,
128056993,,,,,,,,,,,,,,,,,,,,
122214980,462.0,1346.0,2.0,1.0,2.0,462.0,1346.0,A,,2.0,1.0,78000.0,,,380882.0,,,1.0,,
122215204,462.0,1346.0,2.0,1.0,2.0,462.0,1346.0,A,,2.0,1.0,250000.0,,,380882.0,,,1.0,,
122215410,462.0,1346.0,2.0,1.0,2.0,462.0,1346.0,A,,2.0,1.0,100000.0,,,380882.0,,,1.0,,
122216772,454.0,1300.0,2.0,1.0,2.0,454.0,1300.0,A,,2.0,1.0,37067.0,,,380882.0,,,1.0,,
122216991,454.0,1300.0,2.0,1.0,2.0,454.0,1300.0,A,,2.0,1.0,30000.0,,,380882.0,,,1.0,,
122217691,454.0,1300.0,2.0,1.0,2.0,454.0,1300.0,A,,2.0,1.0,114000.0,,,380882.0,,,1.0,,
122224718,,,,,2.0,77.0,457.0,A,,2.0,1.0,200000.0,357.0,,380882.0,,,1.0,,
122229535,77.0,1207.0,2.0,1.0,2.0,77.0,1207.0,A,,2.0,1.0,48696.0,,,380882.0,,,1.0,,
122229651,77.0,1380.0,2.0,1.0,2.0,77.0,1380.0,A,,2.0,1.0,100000.0,,,380882.0,,,1.0,,
122229799,,,,,,,,,,,,,,,,,,,,
122240109,454.0,1300.0,2.0,1.0,2.0,454.0,1300.0,A,,2.0,1.0,49000.0,,,380882.0,,,1.0,,
127245330,77.0,1202.0,2.0,1.0,2.0,77.0,1202.0,A,,2.0,1.0,150000.0,,,380882.0,,,1.0,,
128056968,,,,,2.0,77.0,1076.0,A,,2.0,1.0,500000.0,380.0,,380882.0,,,1.0,,
122225160,,,,,2.0,77.0,457.0,A,,2.0,1.0,150000.0,357.0,,380882.0,,,1.0,,
122229161,,,,,2.0,77.0,1217.0,A,,2.0,1.0,200000.0,663.0,,380882.0,,,1.0,,
44377691,10.0,26.0,2.0,2.0,2.0,10.0,26.0,A,,2.0,2.0,,,,380439.0,,,1.0,,"[{""astLocCd"": 380454, ""astPlnUntCd"": null, ""astPlnUntTyp"": null, ""astNoOfUnt"": 1, ""astUnitCostTot"": null}]"
44378384,77.0,1076.0,2.0,1.0,2.0,77.0,1076.0,A,,2.0,1.0,,,,380439.0,,,1.0,,
46842718,,,,,2.0,63.0,62.0,A,,4.0,1.0,214080.0,65.0,,380439.0,,,1.0,,
46861757,,,,,2.0,104.0,53.0,A,,2.0,1.0,200000.0,49.0,,380439.0,,,1.0,,
46863243,,,,,2.0,63.0,62.0,A,,4.0,1.0,300000.0,65.0,,380439.0,,,1.0,,
48283445,,,,,2.0,10.0,10.0,A,,2.0,3.0,150000.0,9.0,,380439.0,,,1.0,,"[{""astLocCd"": 380454, ""astPlnUntCd"": null, ""astPlnUntTyp"": null, ""astNoOfUnt"": 1, ""astUnitCostTot"": null}, {""astLocCd"": 380455, ""astPlnUntCd"": null, ""astPlnUntTyp"": null, ""astNoOfUnt"": 1, ""astUnitCostTot"": null}]"
44376521,,,,,2.0,15.0,458.0,A,,4.0,30.0,214080.0,358.0,,380439.0,,,1.0,,
44377200,,,,,2.0,10.0,10.0,A,,2.0,3.0,150000.0,9.0,,380439.0,,,1.0,,"[{""astLocCd"": 380454, ""astPlnUntCd"": null, ""astPlnUntTyp"": null, ""astNoOfUnt"": 1, ""astUnitCostTot"": null}, {""astLocCd"": 380455, ""astPlnUntCd"": null, ""astPlnUntTyp"": null, ""astNoOfUnt"": 1, ""astUnitCostTot"": null}]"
44377555,,,,,2.0,10.0,11.0,A,,2.0,1.0,100000.0,10.0,,380439.0,,,1.0,,
44378252,77.0,1076.0,2.0,1.0,2.0,77.0,1076.0,A,,2.0,1.0,,,,380455.0,,,1.0,,
46843604,,,,,2.0,63.0,62.0,A,,4.0,1.0,300000.0,65.0,,380439.0,,,1.0,,
46851012,,,,,2.0,104.0,53.0,A,,2.0,1.0,300000.0,49.0,,380455.0,,,1.0,,
46860396,,,,,2.0,103.0,56.0,A,,2.0,1.0,250000.0,51.0,,380439.0,,,1.0,,
46860964,,,,,2.0,103.0,56.0,A,,2.0,1.0,30000.0,51.0,,380439.0,,,1.0,,"[{""astLocCd"": 380454, ""astPlnUntCd"": null, ""astPlnUntTyp"": null, ""astNoOfUnt"": 0, ""astUnitCostTot"": null}, {""astLocCd"": 380455, ""astPlnUntCd"": null, ""astPlnUntTyp"": null, ""astNoOfUnt"": 0, ""astUnitCostTot"": null}]"
46861339,,,,,2.0,104.0,53.0,A,,2.0,1.0,522000.0,49.0,,380439.0,,,1.0,,
48281117,,,,,2.0,10.0,1237.0,A,,2.0,1.0,100000.0,683.0,,380439.0,,,1.0,,"[{""astLocCd"": 380454, ""astPlnUntCd"": null, ""astPlnUntTyp"": null, ""astNoOfUnt"": 0, ""astUnitCostTot"": null}, {""astLocCd"": 380455, ""astPlnUntCd"": null, ""astPlnUntTyp"": null, ""astNoOfUnt"": 0, ""astUnitCostTot"": null}]"
48281283,,,,,2.0,63.0,63.0,A,,2.0,1.0,100312.0,57.0,,380439.0,,,1.0,,"[{""astLocCd"": 380454, ""astPlnUntCd"": null, ""astPlnUntTyp"": null, ""astNoOfUnt"": 0, ""astUnitCostTot"": null}, {""astLocCd"": 380455, ""astPlnUntCd"": null, ""astPlnUntTyp"": null, ""astNoOfUnt"": 0, ""astUnitCostTot"": null}]"
48281425,,,,,2.0,63.0,63.0,A,,2.0,1.0,873000.0,57.0,,380439.0,,,1.0,,
44376713,,,,,2.0,15.0,458.0,A,,4.0,60.0,300000.0,358.0,,380439.0,,,1.0,,
44376908,,,,,2.0,15.0,458.0,A,,4.0,120.0,2500.0,358.0,,380439.0,,,1.0,,
44377348,10.0,11.0,2.0,1.0,,,,,,,,,,,,,,,,
44377837,63.0,62.0,4.0,60.0,,,,,,,,,,,,,,,,
44377958,,,,,2.0,63.0,29.0,A,,2.0,1.0,200000.0,26.0,,380439.0,,,1.0,,
44378080,,,,,2.0,10.0,2.0,A,,2.0,3.0,225000.0,2.0,,380439.0,,,3.0,,
44378515,63.0,1263.0,2.0,1.0,,,,,,,,,,,,,,,,
44378637,,,,,2.0,104.0,53.0,A,,2.0,1.0,223312.0,49.0,,380439.0,,,1.0,,
44378727,77.0,1076.0,2.0,1.0,,,,,,,,,,,,,,,,
44378905,77.0,1076.0,2.0,1.0,,,,,,,,,,,,,,,,
48612920,,,,,,,,,,,,,,,,,,,,
55735899,,10.0,2.0,5.0,,,,,,,,,,,,,,,,
55735975,,1235.0,2.0,2.0,,,,,,,,,,,,,,,,
55736083,,1235.0,2.0,1.0,,,,,,,,,,,,,,,,
55736204,,,,,2.0,454.0,1300.0,A,,2.0,1.0,150000.0,725.0,,380439.0,,,1.0,,
55736283,,,,,2.0,63.0,62.0,A,,4.0,90.0,2500.0,65.0,,380439.0,,,1.0,,
55736361,,63.0,2.0,1.0,,,,,,,,,,,,,,,,
55736700,,1235.0,2.0,1.0,,,,,,,,,,,,,,,,
55736812,,63.0,2.0,1.0,,,,,,,,,,,,,,,,
55736870,,1076.0,2.0,1.0,,,,,,,,,,,,,,,,
55737761,,1076.0,2.0,1.0,,,,,,,,,,,,,,,,
48584673,,,,,2.0,10.0,1156.0,A,,4.0,2.0,100000.0,551.0,,380439.0,,,2.0,,
48587836,,,,,,,,,,,,,,,,,,,,
48588115,,,,,2.0,60.0,1275.0,A,,2.0,1.0,100000.0,722.0,,380439.0,,,1.0,,
48588415,,,,,,,,,,,,,,,,,,,,
48588888,,,,,,,,,,,,,,,,,,,,
48589178,,,,,2.0,77.0,66.0,A,,2.0,1.0,500000.0,60.0,,380439.0,,,1.0,,
48589482,,,,,2.0,15.0,458.0,A,,4.0,1.0,100000.0,358.0,,380455.0,,,1.0,,
55600860,,,,,2.0,10.0,1235.0,A,,2.0,1.0,200000.0,681.0,,380439.0,,,1.0,,
55601248,,,,,2.0,77.0,1076.0,A,,2.0,1.0,745052.0,380.0,,380439.0,,,1.0,,
48584377,,,,,2.0,10.0,10.0,A,,2.0,6.0,150000.0,9.0,,380439.0,,,4.0,,"[{""astLocCd"": 380454, ""astPlnUntCd"": null, ""astPlnUntTyp"": null, ""astNoOfUnt"": 1, ""astUnitCostTot"": null}, {""astLocCd"": 380455, ""astPlnUntCd"": null, ""astPlnUntTyp"": null, ""astNoOfUnt"": 1, ""astUnitCostTot"": null}]"
48584943,,,,,2.0,10.0,10.0,A,,2.0,1.0,200000.0,9.0,,380455.0,,,1.0,,
48585211,,,,,2.0,10.0,10.0,A,,2.0,1.0,161656.0,9.0,,380439.0,,,1.0,,
48585464,,,,,2.0,63.0,29.0,A,,2.0,1.0,200000.0,26.0,,380439.0,,,1.0,,
48586944,,,,,2.0,63.0,62.0,A,,4.0,1.0,300000.0,65.0,,380439.0,,,1.0,,
48587198,,,,,2.0,63.0,62.0,A,,4.0,1.0,111656.0,65.0,,380439.0,,,1.0,,
48587405,,,,,2.0,77.0,1256.0,A,,2.0,1.0,1000000.0,702.0,,380439.0,,,1.0,,
48587616,,,,,2.0,6.0,3.0,A,,2.0,1.0,223312.0,3.0,,380439.0,,,1.0,,
65503145,,,,,2.0,451.0,1281.0,A,,2.0,3.0,112000.0,728.0,,380439.0,,,1.0,,"[{""astLocCd"": 380454, ""astPlnUntCd"": null, ""astPlnUntTyp"": null, ""astNoOfUnt"": 1, ""astUnitCostTot"": null}, {""astLocCd"": 380455, ""astPlnUntCd"": null, ""astPlnUntTyp"": null, ""astNoOfUnt"": 1, ""astUnitCostTot"": null}]"
65503237,,,,,2.0,457.0,1313.0,A,,2.0,3.0,62544.0,760.0,,380439.0,,,1.0,,"[{""astLocCd"": 380454, ""astPlnUntCd"": null, ""astPlnUntTyp"": null, ""astNoOfUnt"": 1, ""astUnitCostTot"": null}, {""astLocCd"": 380455, ""astPlnUntCd"": null, ""astPlnUntTyp"": null, ""astNoOfUnt"": 1, ""astUnitCostTot"": null}]"
65503444,,,,,2.0,451.0,1281.0,A,,2.0,3.0,31500.0,728.0,,380439.0,,,1.0,,"[{""astLocCd"": 380454, ""astPlnUntCd"": null, ""astPlnUntTyp"": null, ""astNoOfUnt"": 1, ""astUnitCostTot"": null}, {""astLocCd"": 380455, ""astPlnUntCd"": null, ""astPlnUntTyp"": null, ""astNoOfUnt"": 1, ""astUnitCostTot"": null}]"
65503546,,,,,2.0,451.0,1281.0,A,,2.0,3.0,36000.0,728.0,,380439.0,,,1.0,,"[{""astLocCd"": 380454, ""astPlnUntCd"": null, ""astPlnUntTyp"": null, ""astNoOfUnt"": 1, ""astUnitCostTot"": null}, {""astLocCd"": 380455, ""astPlnUntCd"": null, ""astPlnUntTyp"": null, ""astNoOfUnt"": 1, ""astUnitCostTot"": null}]"
65503646,,,,,2.0,63.0,1264.0,A,,2.0,1.0,10000.0,711.0,,380439.0,,,1.0,,
65503808,,,,,2.0,63.0,63.0,A,,2.0,1.0,15000.0,57.0,,380439.0,,,1.0,,
65503898,,,,,2.0,10.0,1367.0,A,,2.0,10.0,30000.0,814.0,,380439.0,,,10.0,,
65504538,,,,,2.0,77.0,1202.0,A,,2.0,1.0,10000.0,505.0,,380439.0,,,1.0,,
61742558,,,,,,,,,,,,,,,,,,,,
61742451,77.0,1076.0,2.0,1.0,2.0,77.0,1076.0,A,,2.0,1.0,,,,380439.0,,,1.0,,
61742455,,,,,,,,,,,,,,,,,,,,
61742460,10.0,10.0,2.0,5.0,2.0,10.0,10.0,A,,2.0,5.0,,,,380439.0,,,3.0,,"[{""astLocCd"": 380454, ""astPlnUntCd"": null, ""astPlnUntTyp"": null, ""astNoOfUnt"": 1, ""astUnitCostTot"": null}, {""astLocCd"": 380455, ""astPlnUntCd"": null, ""astPlnUntTyp"": null, ""astNoOfUnt"": 1, ""astUnitCostTot"": null}]"
61742469,462.0,1346.0,2.0,1.0,2.0,462.0,1346.0,A,,2.0,1.0,50000.0,,,380439.0,,,1.0,,
61742479,10.0,10.0,2.0,1.0,2.0,10.0,10.0,A,,2.0,1.0,,,,380439.0,,,1.0,,
61742490,10.0,10.0,2.0,1.0,2.0,10.0,10.0,A,,2.0,1.0,128544.0,,,380439.0,,,1.0,,
61742509,,,,,2.0,63.0,63.0,A,,2.0,1.0,30000.0,57.0,,380439.0,,,1.0,,
61742520,451.0,1281.0,2.0,10.0,2.0,451.0,1281.0,A,,2.0,10.0,,,,380439.0,,,10.0,,
61742552,,,,,,,,,,,,,,,,,,,,
61742562,,,,,,,,,,,,,,,,,,,,
61742577,,,,,2.0,97.0,55.0,A,,4.0,100.0,2000.0,64.0,,380439.0,,,1.0,,
61742586,77.0,1202.0,2.0,1.0,2.0,77.0,1202.0,A,,2.0,1.0,,,,380439.0,,,1.0,,
65502394,,,,,2.0,97.0,55.0,A,,4.0,1.0,400000.0,64.0,,380439.0,,,1.0,,
65502685,,,,,2.0,77.0,1076.0,A,,2.0,1.0,100000.0,380.0,,380454.0,,,1.0,,
65502816,,,,,2.0,454.0,1300.0,A,,2.0,1.0,,725.0,,380455.0,,,1.0,,
65503385,,,,,1.0,455.0,1287.0,A,,2.0,1.0,75000.0,734.0,,380439.0,,,1.0,,
65503722,,,,,,,,,,,,,,,,,,,,
61742441,,,,,2.0,77.0,1076.0,A,,2.0,1.0,500000.0,380.0,,380454.0,,,1.0,,
61742503,,,,,2.0,63.0,29.0,A,,2.0,1.0,200000.0,26.0,,380455.0,,,1.0,,
61742531,63.0,63.0,2.0,1.0,,,,,,,,,,,,,,,,
61742539,,,,,1.0,455.0,1287.0,A,,2.0,1.0,30000.0,734.0,,380439.0,,,1.0,,
61742543,451.0,1281.0,2.0,3.0,,,,,,,,,,,,,,,,
61742592,77.0,1076.0,2.0,1.0,,,,,,,,,,,,,,,,
74908673,,,,,,,,,,,,,,,,,,,,
74909779,,,,,,,,,,,,,,,,,,,,
74910897,,,,,,,,,,,,,,,,,,,,
74912858,,,,,,,,,,,,,,,,,,,,
74913878,,,,,,,,,,,,,,,,,,,,
74915636,,,,,,,,,,,,,,,,,,,,
74916405,,,,,,,,,,,,,,,,,,,,
74917288,,,,,,,,,,,,,,,,,,,,
74919976,,,,,,,,,,,,,,,,,,,,
74922244,,,,,,,,,,,,,,,,,,,,
74924150,,,,,,,,,,,,,,,,,,,,
74925669,,,,,,,,,,,,,,,,,,,,
74926596,,,,,,,,,,,,,,,,,,,,
75325509,,,,,,,,,,,,,,,,,,,,
75327699,,,,,,,,,,,,,,,,,,,,
75328294,,,,,,,,,,,,,,,,,,,,
75329745,,,,,2.0,63.0,63.0,A,,2.0,1.0,500000.0,57.0,,380439.0,,,1.0,,
75332917,,,,,2.0,103.0,38.0,A,,2.0,1.0,100000.0,34.0,,380439.0,,,1.0,,
75334248,,,,,,,,,,,,,,,,,,,,
75334997,,,,,,,,,,,,,,,,,,,,
75673570,,,,,,,,,,,,,,,,,,,,
76852959,,,,,,,,,,,,,,,,,,,,
76855353,,,,,,,,,,,,,,,,,,,,
76857403,,,,,,,,,,,,,,,,,,,,
76860268,,,,,,,,,,,,,,,,,,,,
76861992,,,,,,,,,,,,,,,,,,,,
76863887,,,,,,,,,,,,,,,,,,,,
76870655,,,,,,,,,,,,,,,,,,,,
76872356,,,,,,,,,,,,,,,,,,,,
76873714,,,,,,,,,,,,,,,,,,,,
76874653,,,,,,,,,,,,,,,,,,,,
76875619,,,,,,,,,,,,,,,,,,,,
76876274,,,,,,,,,,,,,,,,,,,,
76877099,,,,,,,,,,,,,,,,,,,,
76877938,,,,,,,,,,,,,,,,,,,,
76878581,,,,,,,,,,,,,,,,,,,,
76879500,,,,,,,,,,,,,,,,,,,,
76880414,,,,,,,,,,,,,,,,,,,,
76882666,,,,,,,,,,,,,,,,,,,,
76887775,,,,,,,,,,,,,,,,,,,,
76888547,,,,,,,,,,,,,,,,,,,,
76965639,,,,,,,,,,,,,,,,,,,,
76966475,,,,,,,,,,,,,,,,,,,,
76966859,,,,,,,,,,,,,,,,,,,,
76968711,,,,,,,,,,,,,,,,,,,,
76969044,,,,,,,,,,,,,,,,,,,,
76969897,,,,,,,,,,,,,,,,,,,,
76970105,,,,,,,,,,,,,,,,,,,,
76972230,,,,,,,,,,,,,,,,,,,,
76975345,,,,,,,,,,,,,,,,,,,,
76976023,,,,,,,,,,,,,,,,,,,,
76976449,,,,,,,,,,,,,,,,,,,,
76976664,,,,,,,,,,,,,,,,,,,,
77267031,,,,,,,,,,,,,,,,,,,,
77275560,,,,,,,,,,,,,,,,,,,,
77276752,,,,,,,,,,,,,,,,,,,,
77278142,,,,,,,,,,,,,,,,,,,,
77278423,,,,,,,,,,,,,,,,,,,,
77279910,,,,,,,,,,,,,,,,,,,,
77280263,,,,,,,,,,,,,,,,,,,,
77280739,,,,,,,,,,,,,,,,,,,,
78491116,,,,,,,,,,,,,,,,,,,,
78491476,,,,,,,,,,,,,,,,,,,,
78491998,,,,,,,,,,,,,,,,,,,,
78492333,,,,,,,,,,,,,,,,,,,,
78492814,,,,,,,,,,,,,,,,,,,,
78493897,,,,,,,,,,,,,,,,,,,,
78494126,,,,,,,,,,,,,,,,,,,,
78494502,,,,,,,,,,,,,,,,,,,,
78495236,,,,,,,,,,,,,,,,,,,,
78495596,,,,,,,,,,,,,,,,,,,,
78496071,,,,,,,,,,,,,,,,,,,,
78496458,,,,,,,,,,,,,,,,,,,,
78496705,,,,,,,,,,,,,,,,,,,,
78497072,,,,,,,,,,,,,,,,,,,,
78497365,,,,,,,,,,,,,,,,,,,,
78497945,,,,,,,,,,,,,,,,,,,,
78498113,,,,,,,,,,,,,,,,,,,,
78498439,,,,,,,,,,,,,,,,,,,,
78498722,,,,,,,,,,,,,,,,,,,,
78499068,,,,,,,,,,,,,,,,,,,,
78499277,,,,,,,,,,,,,,,,,,,,
78499712,,,,,,,,,,,,,,,,,,,,
78500014,,,,,,,,,,,,,,,,,,,,
78500161,,,,,,,,,,,,,,,,,,,,
78500556,,,,,,,,,,,,,,,,,,,,
80029130,,,,,,,,,,,,,,,,,,,,
80029215,,,,,,,,,,,,,,,,,,,,
80029295,,,,,,,,,,,,,,,,,,,,
80029373,,,,,,,,,,,,,,,,,,,,
80029450,,,,,,,,,,,,,,,,,,,,
80029521,,,,,,,,,,,,,,,,,,,,
80029599,,,,,,,,,,,,,,,,,,,,
80029705,,,,,,,,,,,,,,,,,,,,
80029763,,,,,,,,,,,,,,,,,,,,
80029851,,,,,,,,,,,,,,,,,,,,
80031828,,,,,,,,,,,,,,,,,,,,
80032043,,,,,,,,,,,,,,,,,,,,
80032155,,,,,,,,,,,,,,,,,,,,
80032278,,,,,,,,,,,,,,,,,,,,
80032460,,,,,,,,,,,,,,,,,,,,
80032683,,,,,,,,,,,,,,,,,,,,
80032770,,,,,,,,,,,,,,,,,,,,
80032875,,,,,,,,,,,,,,,,,,,,
80032978,,,,,,,,,,,,,,,,,,,,
80033118,,,,,,,,,,,,,,,,,,,,
80033273,,,,,,,,,,,,,,,,,,,,
80033382,,,,,,,,,,,,,,,,,,,,
80033493,,,,,,,,,,,,,,,,,,,,
80033581,,,,,,,,,,,,,,,,,,,,
80033964,,,,,,,,,,,,,,,,,,,,
80034110,,,,,,,,,,,,,,,,,,,,
80034230,,,,,,,,,,,,,,,,,,,,
80034351,,,,,,,,,,,,,,,,,,,,
80034472,,,,,,,,,,,,,,,,,,,,
80034601,,,,,,,,,,,,,,,,,,,,
80034782,,,,,,,,,,,,,,,,,,,,
80034899,,,,,,,,,,,,,,,,,,,,
80035027,,,,,,,,,,,,,,,,,,,,
80035169,,,,,,,,,,,,,,,,,,,,
80035309,,,,,,,,,,,,,,,,,,,,
80035573,,,,,,,,,,,,,,,,,,,,
80035696,,,,,,,,,,,,,,,,,,,,
80036583,,,,,,,,,,,,,,,,,,,,
80036725,,,,,,,,,,,,,,,,,,,,
80036858,,,,,,,,,,,,,,,,,,,,
80037138,,,,,,,,,,,,,,,,,,,,
80037280,,,,,,,,,,,,,,,,,,,,
80037394,,,,,,,,,,,,,,,,,,,,
80037562,,,,,,,,,,,,,,,,,,,,
80037707,,,,,,,,,,,,,,,,,,,,
80037816,,,,,,,,,,,,,,,,,,,,
80037937,,,,,,,,,,,,,,,,,,,,
80038053,,,,,,,,,,,,,,,,,,,,
80038175,,,,,,,,,,,,,,,,,,,,
80038292,,,,,,,,,,,,,,,,,,,,
80038923,,,,,,,,,,,,,,,,,,,,
80039042,,,,,,,,,,,,,,,,,,,,
80039247,,,,,,,,,,,,,,,,,,,,
80039350,,,,,,,,,,,,,,,,,,,,
80039631,,,,,,,,,,,,,,,,,,,,
80039796,,,,,,,,,,,,,,,,,,,,
80040296,,,,,,,,,,,,,,,,,,,,
80040602,,,,,,,,,,,,,,,,,,,,
80040857,,,,,,,,,,,,,,,,,,,,
80041149,,,,,,,,,,,,,,,,,,,,
80041298,,,,,,,,,,,,,,,,,,,,
80041520,,,,,,,,,,,,,,,,,,,,
80041773,,,,,,,,,,,,,,,,,,,,
80041901,,,,,,,,,,,,,,,,,,,,
80042050,,,,,,,,,,,,,,,,,,,,
80042363,,,,,,,,,,,,,,,,,,,,
80042571,,,,,,,,,,,,,,,,,,,,
80042777,,,,,,,,,,,,,,,,,,,,
80043019,,,,,,,,,,,,,,,,,,,,
80043322,,,,,1.0,41.0,1162.0,A,,2.0,1.0,78000.0,466.0,,380454.0,,,1.0,,
80043486,,,,,,,,,,,,,,,,,,,,
80043848,,,,,,,,,,,,,,,,,,,,
80044000,,,,,,,,,,,,,,,,,,,,
80044147,,,,,,,,,,,,,,,,,,,,
80044297,,,,,,,,,,,,,,,,,,,,
82332452,,,,,2.0,97.0,1057.0,A,,2.0,1.0,172448.0,101.0,,380439.0,,,1.0,,
82422062,,,,,2.0,462.0,1361.0,A,,2.0,1.0,173279.0,808.0,,380439.0,,,1.0,,
82422723,,,,,2.0,457.0,1317.0,A,,2.0,6.0,14000.0,764.0,,380439.0,,,6.0,,
82423431,,,,,,,,,,,,,,,,,,,,
82426542,,,,,2.0,460.0,1326.0,A,,2.0,17.0,3500.0,773.0,,380439.0,,,17.0,,
82634808,,,,,2.0,410.0,1138.0,A,,2.0,1.0,78000.0,442.0,,380455.0,,,1.0,,
82635873,,,,,,,,,,,,,,,,,,,,
82635957,,,,,,,,,,,,,,,,,,,,
82636079,,,,,,,,,,,,,,,,,,,,
82636157,,,,,,,,,,,,,,,,,,,,
82636304,,,,,,,,,,,,,,,,,,,,
82636440,,,,,,,,,,,,,,,,,,,,
82637087,,,,,,,,,,,,,,,,,,,,
82637301,,,,,2.0,410.0,1136.0,A,,2.0,1.0,78000.0,440.0,,380439.0,,,1.0,,
82637472,,,,,2.0,10.0,26.0,A,,2.0,1.0,500000.0,23.0,,380454.0,,,1.0,,
82638384,,,,,2.0,10.0,26.0,A,,2.0,1.0,500000.0,23.0,,380439.0,,,1.0,,
82659842,,,,,,,,,,,,,,,,,,,,
82660108,,,,,,,,,,,,,,,,,,,,
82660418,,,,,,,,,,,,,,,,,,,,
82660853,,,,,,,,,,,,,,,,,,,,
82661167,,,,,,,,,,,,,,,,,,,,
82661663,,,,,,,,,,,,,,,,,,,,
82662136,,,,,,,,,,,,,,,,,,,,
82662474,,,,,,,,,,,,,,,,,,,,
82662776,,,,,,,,,,,,,,,,,,,,
82663413,,,,,,,,,,,,,,,,,,,,
82663835,,,,,,,,,,,,,,,,,,,,
82664463,,,,,,,,,,,,,,,,,,,,
82665665,,,,,,,,,,,,,,,,,,,,
82665984,,,,,,,,,,,,,,,,,,,,
82666890,,,,,,,,,,,,,,,,,,,,
82667203,,,,,,,,,,,,,,,,,,,,
82667552,,,,,,,,,,,,,,,,,,,,
82673809,,,,,,,,,,,,,,,,,,,,
82677145,,,,,,,,,,,,,,,,,,,,
82677973,,,,,,,,,,,,,,,,,,,,
82678656,,,,,,,,,,,,,,,,,,,,
82678967,,,,,,,,,,,,,,,,,,,,
82685815,,,,,,,,,,,,,,,,,,,,
82687519,,,,,2.0,15.0,458.0,A,,4.0,1.0,114000.0,358.0,,380439.0,,,1.0,,
82326947,,,,,2.0,6.0,3.0,A,,2.0,1.0,100000.0,3.0,,380439.0,,,1.0,,
82329217,,,,,2.0,6.0,3.0,A,,2.0,1.0,100000.0,3.0,,380455.0,,,1.0,,
82330506,,,,,,,,,,,,,,,,,,,,
82331651,,,,,2.0,462.0,1345.0,A,,2.0,1.0,119700.0,792.0,,380439.0,,,1.0,,
82333030,,,,,2.0,15.0,458.0,A,,4.0,1.0,242632.0,358.0,,380439.0,,,1.0,,
82334659,,,,,2.0,77.0,1227.0,A,,2.0,1.0,80372.0,673.0,,380439.0,,,1.0,,
82335953,10.0,1156.0,4.0,1.0,2.0,10.0,1156.0,A,,4.0,1.0,160000.0,,,380439.0,,,1.0,,
82420634,462.0,1346.0,2.0,1.0,2.0,462.0,1346.0,A,,2.0,1.0,80000.0,,,380439.0,,,1.0,,
82420944,462.0,1345.0,2.0,1.0,2.0,462.0,1345.0,A,,2.0,1.0,72000.0,,,380439.0,,,1.0,,
82421319,,,,,2.0,462.0,1360.0,A,,2.0,1.0,50000.0,807.0,,380439.0,,,1.0,,
82421627,,,,,2.0,462.0,1360.0,A,,2.0,1.0,50000.0,807.0,,380439.0,,,1.0,,
82424820,,,,,2.0,454.0,1300.0,A,,2.0,1.0,90000.0,747.0,,380439.0,,,1.0,,
82425252,,,,,2.0,454.0,1301.0,A,,2.0,1.0,50000.0,748.0,,380439.0,,,1.0,,
82478543,,,,,,,,,,,,,,,,,,,,
82669742,451.0,1376.0,2.0,1.0,2.0,451.0,1376.0,A,,2.0,1.0,115279.0,,,380439.0,,,1.0,,
82670995,454.0,1300.0,2.0,1.0,2.0,454.0,1300.0,A,,2.0,1.0,180000.0,,,380439.0,,,1.0,,
82690608,97.0,55.0,4.0,1.0,2.0,97.0,55.0,A,,4.0,1.0,700000.0,,,380439.0,,,1.0,,
98522195,,,,,,,,,,,,,,,,,,,,
98523402,,,,,,,,,,,,,,,,,,,,
98524117,,,,,,,,,,,,,,,,,,,,
98601893,,,,,,,,,,,,,,,,,,,,
98602531,,,,,,,,,,,,,,,,,,,,
98652970,,,,,,,,,,,,,,,,,,,,
98653285,,,,,,,,,,,,,,,,,,,,
98653541,,,,,,,,,,,,,,,,,,,,
98654085,,,,,,,,,,,,,,,,,,,,
98654551,,,,,,,,,,,,,,,,,,,,
98657681,,,,,,,,,,,,,,,,,,,,
98657983,,,,,,,,,,,,,,,,,,,,
98658397,,,,,,,,,,,,,,,,,,,,
98659153,,,,,,,,,,,,,,,,,,,,
98659482,,,,,,,,,,,,,,,,,,,,
98660313,,,,,,,,,,,,,,,,,,,,
98660600,,,,,,,,,,,,,,,,,,,,
98660983,,,,,,,,,,,,,,,,,,,,
98661496,,,,,,,,,,,,,,,,,,,,
98663047,,,,,,,,,,,,,,,,,,,,
98663463,,,,,,,,,,,,,,,,,,,,
98663674,,,,,,,,,,,,,,,,,,,,
98663908,,,,,,,,,,,,,,,,,,,,
98664348,,,,,,,,,,,,,,,,,,,,
98664539,,,,,,,,,,,,,,,,,,,,
98665231,,,,,,,,,,,,,,,,,,,,
98757856,,,,,,,,,,,,,,,,,,,,
98758406,,,,,,,,,,,,,,,,,,,,
98759287,,,,,,,,,,,,,,,,,,,,
98759763,,,,,,,,,,,,,,,,,,,,
98800437,,,,,,,,,,,,,,,,,,,,
98800979,,,,,,,,,,,,,,,,,,,,
98801289,,,,,,,,,,,,,,,,,,,,
98801766,,,,,,,,,,,,,,,,,,,,
98802030,,,,,,,,,,,,,,,,,,,,
98802943,,,,,,,,,,,,,,,,,,,,
98803234,,,,,,,,,,,,,,,,,,,,
98804078,,,,,,,,,,,,,,,,,,,,
98804580,,,,,,,,,,,,,,,,,,,,
98947339,,,,,,,,,,,,,,,,,,,,
98947848,,,,,,,,,,,,,,,,,,,,
98948013,,,,,,,,,,,,,,,,,,,,
98948791,,,,,,,,,,,,,,,,,,,,
98948905,,,,,,,,,,,,,,,,,,,,
98949031,,,,,,,,,,,,,,,,,,,,
98949375,,,,,,,,,,,,,,,,,,,,
98950127,,,,,,,,,,,,,,,,,,,,
98951156,,,,,,,,,,,,,,,,,,,,
98951302,,,,,,,,,,,,,,,,,,,,
98951481,,,,,,,,,,,,,,,,,,,,
98951607,,,,,,,,,,,,,,,,,,,,
98951926,,,,,,,,,,,,,,,,,,,,
98952100,,,,,,,,,,,,,,,,,,,,
98952323,,,,,,,,,,,,,,,,,,,,
98952531,,,,,,,,,,,,,,,,,,,,
98952648,,,,,,,,,,,,,,,,,,,,
98953131,,,,,,,,,,,,,,,,,,,,
98953313,,,,,,,,,,,,,,,,,,,,
98953474,,,,,,,,,,,,,,,,,,,,
98953602,,,,,,,,,,,,,,,,,,,,
98954388,,,,,,,,,,,,,,,,,,,,
98954536,,,,,,,,,,,,,,,,,,,,
98954756,,,,,,,,,,,,,,,,,,,,
98954940,,,,,,,,,,,,,,,,,,,,
98955089,,,,,,,,,,,,,,,,,,,,
98956498,,,,,,,,,,,,,,,,,,,,
98956806,,,,,,,,,,,,,,,,,,,,
99330791,,,,,,,,,,,,,,,,,,,,
99331109,,,,,,,,,,,,,,,,,,,,
99331361,,,,,,,,,,,,,,,,,,,,
99331520,,,,,,,,,,,,,,,,,,,,
99331689,,,,,,,,,,,,,,,,,,,,
99331961,,,,,,,,,,,,,,,,,,,,
99332165,,,,,,,,,,,,,,,,,,,,
99332822,,,,,,,,,,,,,,,,,,,,
99333216,,,,,,,,,,,,,,,,,,,,
99333426,,,,,,,,,,,,,,,,,,,,
99333644,,,,,,,,,,,,,,,,,,,,
99333739,,,,,,,,,,,,,,,,,,,,
99333837,,,,,,,,,,,,,,,,,,,,
99334088,,,,,,,,,,,,,,,,,,,,
99334366,,,,,,,,,,,,,,,,,,,,
99334600,,,,,,,,,,,,,,,,,,,,
99334776,,,,,,,,,,,,,,,,,,,,
99334950,,,,,,,,,,,,,,,,,,,,
99335101,,,,,,,,,,,,,,,,,,,,
99335331,,,,,,,,,,,,,,,,,,,,
99335587,,,,,,,,,,,,,,,,,,,,
99335882,,,,,,,,,,,,,,,,,,,,
99335991,,,,,,,,,,,,,,,,,,,,
99336103,,,,,,,,,,,,,,,,,,,,
99336175,,,,,,,,,,,,,,,,,,,,
99336371,,,,,,,,,,,,,,,,,,,,
99336499,,,,,,,,,,,,,,,,,,,,
100115549,,,,,,,,,,,,,,,,,,,,
100116135,,,,,,,,,,,,,,,,,,,,
100116408,,,,,,,,,,,,,,,,,,,,
100116693,,,,,,,,,,,,,,,,,,,,
100116891,,,,,,,,,,,,,,,,,,,,
100117305,,,,,,,,,,,,,,,,,,,,
100117839,,,,,,,,,,,,,,,,,,,,
100118098,,,,,,,,,,,,,,,,,,,,
100118323,,,,,,,,,,,,,,,,,,,,
100119311,,,,,,,,,,,,,,,,,,,,
100119763,,,,,,,,,,,,,,,,,,,,
100119905,,,,,,,,,,,,,,,,,,,,
100120140,,,,,,,,,,,,,,,,,,,,
100120374,,,,,,,,,,,,,,,,,,,,
100120755,,,,,,,,,,,,,,,,,,,,
100163520,,,,,,,,,,,,,,,,,,,,
100164041,,,,,,,,,,,,,,,,,,,,
100170841,,,,,,,,,,,,,,,,,,,,
100171409,,,,,,,,,,,,,,,,,,,,
100171821,,,,,,,,,,,,,,,,,,,,
100172208,,,,,,,,,,,,,,,,,,,,
100173212,,,,,,,,,,,,,,,,,,,,
100173817,,,,,,,,,,,,,,,,,,,,
100174612,,,,,,,,,,,,,,,,,,,,
100175354,,,,,,,,,,,,,,,,,,,,
100176959,,,,,,,,,,,,,,,,,,,,
100309951,,,,,,,,,,,,,,,,,,,,
100310313,,,,,,,,,,,,,,,,,,,,
100310755,,,,,,,,,,,,,,,,,,,,
100310961,,,,,,,,,,,,,,,,,,,,
100311204,,,,,,,,,,,,,,,,,,,,
100311443,,,,,,,,,,,,,,,,,,,,
100311445,,,,,,,,,,,,,,,,,,,,
100311447,,,,,,,,,,,,,,,,,,,,
100311709,,,,,,,,,,,,,,,,,,,,
100312505,,,,,,,,,,,,,,,,,,,,
100312766,,,,,,,,,,,,,,,,,,,,
100313073,,,,,,,,,,,,,,,,,,,,
100313346,,,,,,,,,,,,,,,,,,,,
100313641,,,,,,,,,,,,,,,,,,,,
100313875,,,,,,,,,,,,,,,,,,,,
100314203,,,,,,,,,,,,,,,,,,,,
100314440,,,,,,,,,,,,,,,,,,,,
100314718,,,,,,,,,,,,,,,,,,,,
100314988,,,,,,,,,,,,,,,,,,,,
100315316,,,,,,,,,,,,,,,,,,,,
100319389,,,,,,,,,,,,,,,,,,,,
100319916,,,,,,,,,,,,,,,,,,,,
100320509,,,,,,,,,,,,,,,,,,,,
100322111,,,,,,,,,,,,,,,,,,,,
100322361,,,,,,,,,,,,,,,,,,,,
100322615,,,,,,,,,,,,,,,,,,,,
100322756,,,,,,,,,,,,,,,,,,,,
100322997,,,,,,,,,,,,,,,,,,,,
100323161,,,,,,,,,,,,,,,,,,,,
100323366,,,,,,,,,,,,,,,,,,,,
100323555,,,,,,,,,,,,,,,,,,,,
100323845,,,,,,,,,,,,,,,,,,,,
100324037,,,,,,,,,,,,,,,,,,,,
100324270,,,,,,,,,,,,,,,,,,,,
100324465,,,,,,,,,,,,,,,,,,,,
100324714,,,,,,,,,,,,,,,,,,,,
100355832,,,,,,,,,,,,,,,,,,,,
100355983,,,,,,,,,,,,,,,,,,,,
100356132,,,,,,,,,,,,,,,,,,,,
100356314,,,,,,,,,,,,,,,,,,,,
100356540,,,,,,,,,,,,,,,,,,,,
100356706,,,,,,,,,,,,,,,,,,,,
100356945,,,,,,,,,,,,,,,,,,,,
100357113,,,,,,,,,,,,,,,,,,,,
100357371,,,,,,,,,,,,,,,,,,,,
100357549,,,,,,,,,,,,,,,,,,,,
100357735,,,,,,,,,,,,,,,,,,,,
100357902,,,,,,,,,,,,,,,,,,,,
100358310,,,,,,,,,,,,,,,,,,,,
100358540,,,,,,,,,,,,,,,,,,,,
100358735,,,,,,,,,,,,,,,,,,,,
100358990,,,,,,,,,,,,,,,,,,,,
100359202,,,,,,,,,,,,,,,,,,,,
100359556,,,,,,,,,,,,,,,,,,,,
100359897,,,,,,,,,,,,,,,,,,,,
100360547,,,,,,,,,,,,,,,,,,,,
100413369,,,,,,,,,,,,,,,,,,,,
100413611,,,,,,,,,,,,,,,,,,,,
100413792,,,,,,,,,,,,,,,,,,,,
100413934,,,,,,,,,,,,,,,,,,,,
100414572,,,,,,,,,,,,,,,,,,,,
100414823,,,,,,,,,,,,,,,,,,,,
100415037,,,,,,,,,,,,,,,,,,,,
100415228,,,,,,,,,,,,,,,,,,,,
100415381,,,,,,,,,,,,,,,,,,,,
100424345,,,,,,,,,,,,,,,,,,,,
100424507,,,,,,,,,,,,,,,,,,,,
100424683,,,,,,,,,,,,,,,,,,,,
100424907,,,,,,,,,,,,,,,,,,,,
100425111,,,,,,,,,,,,,,,,,,,,
100425290,,,,,,,,,,,,,,,,,,,,
100425579,,,,,,,,,,,,,,,,,,,,
100425753,,,,,,,,,,,,,,,,,,,,
100425951,,,,,,,,,,,,,,,,,,,,
105368210,,,,,2.0,454.0,1300.0,A,,2.0,1.0,90000.0,747.0,,380454.0,,,1.0,,
105368400,,,,,2.0,454.0,1300.0,A,,2.0,1.0,90000.0,747.0,,380455.0,,,1.0,,
105368709,,,,,2.0,454.0,1301.0,A,,2.0,1.0,240000.0,748.0,,380439.0,,,1.0,,
105368882,,,,,2.0,454.0,1301.0,A,,2.0,1.0,120000.0,748.0,,380439.0,,,1.0,,
105373361,,,,,2.0,15.0,1068.0,A,,4.0,1.0,126824.0,371.0,,380439.0,,,1.0,,
105378390,77.0,37.0,2.0,1.0,,,,,,,,,,,,,,,,
105379069,462.0,1356.0,2.0,1.0,,,,,,,,,,,,,,,,
105379451,,,,,,,,,,,,,,,,,,,,
105379566,,,,,,,,,,,,,,,,,,,,
105379593,,,,,,,,,,,,,,,,,,,,
105379623,,,,,,,,,,,,,,,,,,,,
105379657,,,,,,,,,,,,,,,,,,,,
105379679,,,,,,,,,,,,,,,,,,,,
105379713,,,,,,,,,,,,,,,,,,,,
105379811,,,,,,,,,,,,,,,,,,,,
105379836,,,,,,,,,,,,,,,,,,,,
128557871,,,,,2.0,10.0,1155.0,A,,2.0,1.0,300000.0,459.0,,380439.0,,,1.0,,
128557902,,,,,,,,,,,,,,,,,,,,
105366995,462.0,1346.0,2.0,1.0,2.0,462.0,1346.0,A,,2.0,1.0,44850.0,,,380439.0,,,1.0,,
105366790,,,,,2.0,10.0,452.0,A,,2.0,1.0,350000.0,352.0,,380439.0,,,1.0,,
105368013,457.0,1313.0,2.0,1.0,2.0,457.0,1313.0,A,,2.0,1.0,80118.0,,,380439.0,,,1.0,,
105370526,97.0,1062.0,2.0,1.0,2.0,97.0,1062.0,A,,2.0,1.0,200000.0,,,380439.0,,,1.0,,
105374258,,,,,1.0,463.0,1350.0,A,,2.0,1.0,120000.0,797.0,,380439.0,,,1.0,,
105374436,,,,,2.0,15.0,458.0,A,,4.0,1.0,200000.0,358.0,,380439.0,,,1.0,,
105374771,,,,,1.0,48.0,367.0,A,,2.0,1.0,90780.0,267.0,,380439.0,,,1.0,,
105375002,77.0,37.0,2.0,1.0,2.0,77.0,37.0,A,,2.0,1.0,200000.0,,,380439.0,,,1.0,,
105375198,10.0,1364.0,2.0,1.0,2.0,10.0,1364.0,A,,2.0,1.0,150000.0,,,380455.0,,,1.0,,
105375738,,,,,2.0,103.0,1242.0,A,,2.0,1.0,54000.0,688.0,,380439.0,,,1.0,,
105385109,,,,,2.0,462.0,1345.0,A,,2.0,1.0,133118.0,792.0,,380439.0,,,1.0,,
105387475,,,,,2.0,10.0,452.0,A,,2.0,1.0,200000.0,352.0,,380439.0,,,1.0,,
105390630,,,,,2.0,462.0,1352.0,A,,2.0,1.0,87000.0,799.0,,380439.0,,,1.0,,
105391951,,,,,,,,,,,,,,,,,,,,
105369525,,,,,2.0,104.0,53.0,A,,2.0,1.0,300000.0,49.0,,380439.0,,,1.0,,
114512053,,,,,,,,,,,,,,,,,,,,
116656179,,,,,,,,,,,,,,,,,,,,
116656838,,,,,,,,,,,,,,,,,,,,
116657368,,,,,,,,,,,,,,,,,,,,
116658234,,,,,,,,,,,,,,,,,,,,
116658893,,,,,,,,,,,,,,,,,,,,
116660018,,,,,,,,,,,,,,,,,,,,
116660407,,,,,,,,,,,,,,,,,,,,
116661762,,,,,,,,,,,,,,,,,,,,
116663033,,,,,,,,,,,,,,,,,,,,
116858027,,,,,,,,,,,,,,,,,,,,
116901223,,,,,,,,,,,,,,,,,,,,
116903091,,,,,,,,,,,,,,,,,,,,
116904716,,,,,,,,,,,,,,,,,,,,
116905388,,,,,,,,,,,,,,,,,,,,
116905979,,,,,,,,,,,,,,,,,,,,
116907020,,,,,,,,,,,,,,,,,,,,
116907736,,,,,,,,,,,,,,,,,,,,
116911401,,,,,,,,,,,,,,,,,,,,
116912408,,,,,,,,,,,,,,,,,,,,
116916393,,,,,,,,,,,,,,,,,,,,
116917316,,,,,,,,,,,,,,,,,,,,
116917805,,,,,,,,,,,,,,,,,,,,
116918473,,,,,,,,,,,,,,,,,,,,
116920485,,,,,,,,,,,,,,,,,,,,
116920877,,,,,,,,,,,,,,,,,,,,
116922300,,,,,,,,,,,,,,,,,,,,
116922858,,,,,,,,,,,,,,,,,,,,
116973201,,,,,,,,,,,,,,,,,,,,
116973702,,,,,,,,,,,,,,,,,,,,
116973989,,,,,,,,,,,,,,,,,,,,
116974335,,,,,,,,,,,,,,,,,,,,
116974779,,,,,,,,,,,,,,,,,,,,
116975128,,,,,,,,,,,,,,,,,,,,
116975395,,,,,,,,,,,,,,,,,,,,
116980390,,,,,,,,,,,,,,,,,,,,
116980692,,,,,,,,,,,,,,,,,,,,
116981571,,,,,,,,,,,,,,,,,,,,
116982023,,,,,,,,,,,,,,,,,,,,
116982394,,,,,,,,,,,,,,,,,,,,
117125580,,,,,,,,,,,,,,,,,,,,
117126127,,,,,,,,,,,,,,,,,,,,
117126559,,,,,,,,,,,,,,,,,,,,
117126870,,,,,,,,,,,,,,,,,,,,
117127207,,,,,,,,,,,,,,,,,,,,
117127677,,,,,,,,,,,,,,,,,,,,
117128073,,,,,,,,,,,,,,,,,,,,
117128407,,,,,,,,,,,,,,,,,,,,
117128867,,,,,,,,,,,,,,,,,,,,
117129475,,,,,,,,,,,,,,,,,,,,
117130602,,,,,,,,,,,,,,,,,,,,
117130968,,,,,,,,,,,,,,,,,,,,
117131364,,,,,,,,,,,,,,,,,,,,
117131788,,,,,,,,,,,,,,,,,,,,
117132190,,,,,,,,,,,,,,,,,,,,
117133187,,,,,,,,,,,,,,,,,,,,
119427253,,,,,,,,,,,,,,,,,,,,
119427500,,,,,,,,,,,,,,,,,,,,
119428034,,,,,,,,,,,,,,,,,,,,
119428261,,,,,,,,,,,,,,,,,,,,
119428422,,,,,,,,,,,,,,,,,,,,
119428555,,,,,,,,,,,,,,,,,,,,
119428751,,,,,,,,,,,,,,,,,,,,
119430070,,,,,,,,,,,,,,,,,,,,
119430226,,,,,,,,,,,,,,,,,,,,
119430429,,,,,,,,,,,,,,,,,,,,
119430596,,,,,,,,,,,,,,,,,,,,
119431087,,,,,,,,,,,,,,,,,,,,
119431357,,,,,,,,,,,,,,,,,,,,
119431578,,,,,,,,,,,,,,,,,,,,
119431935,,,,,,,,,,,,,,,,,,,,
119527049,,,,,,,,,,,,,,,,,,,,
119565211,,,,,,,,,,,,,,,,,,,,
119565589,,,,,,,,,,,,,,,,,,,,
119565835,,,,,,,,,,,,,,,,,,,,
119566407,,,,,,,,,,,,,,,,,,,,
119566702,,,,,,,,,,,,,,,,,,,,
119566989,,,,,,,,,,,,,,,,,,,,
119567296,,,,,,,,,,,,,,,,,,,,
119567649,,,,,,,,,,,,,,,,,,,,
119568153,,,,,,,,,,,,,,,,,,,,
119568421,,,,,,,,,,,,,,,,,,,,
119568641,,,,,,,,,,,,,,,,,,,,
119570903,,,,,,,,,,,,,,,,,,,,
119571102,,,,,,,,,,,,,,,,,,,,
119571352,,,,,,,,,,,,,,,,,,,,
119571555,,,,,,,,,,,,,,,,,,,,
119571868,,,,,,,,,,,,,,,,,,,,
119572092,,,,,,,,,,,,,,,,,,,,
119572398,,,,,,,,,,,,,,,,,,,,
119572873,,,,,,,,,,,,,,,,,,,,
119573076,,,,,,,,,,,,,,,,,,,,
119573253,,,,,,,,,,,,,,,,,,,,
119573406,,,,,,,,,,,,,,,,,,,,
119573536,,,,,,,,,,,,,,,,,,,,
119573682,,,,,,,,,,,,,,,,,,,,
119578130,,,,,,,,,,,,,,,,,,,,
119578492,,,,,,,,,,,,,,,,,,,,
119742472,,,,,,,,,,,,,,,,,,,,
119743447,,,,,,,,,,,,,,,,,,,,
119743968,,,,,,,,,,,,,,,,,,,,
119745118,,,,,,,,,,,,,,,,,,,,
119746275,,,,,,,,,,,,,,,,,,,,
119747130,,,,,,,,,,,,,,,,,,,,
120373949,,,,,,,,,,,,,,,,,,,,
120374266,,,,,,,,,,,,,,,,,,,,
120758027,,,,,,,,,,,,,,,,,,,,
120758360,,,,,,,,,,,,,,,,,,,,
120759042,,,,,,,,,,,,,,,,,,,,
120759387,,,,,,,,,,,,,,,,,,,,
120759756,,,,,,,,,,,,,,,,,,,,
120760027,,,,,,,,,,,,,,,,,,,,
120760305,,,,,,,,,,,,,,,,,,,,
120760735,,,,,,,,,,,,,,,,,,,,
120761182,,,,,,,,,,,,,,,,,,,,
120762158,,,,,,,,,,,,,,,,,,,,
120850730,,,,,,,,,,,,,,,,,,,,
120851347,,,,,,,,,,,,,,,,,,,,
120851687,,,,,,,,,,,,,,,,,,,,
120852202,,,,,,,,,,,,,,,,,,,,
120853415,,,,,,,,,,,,,,,,,,,,
120853731,,,,,,,,,,,,,,,,,,,,
120854315,,,,,,,,,,,,,,,,,,,,
120854906,,,,,,,,,,,,,,,,,,,,
120855448,,,,,,,,,,,,,,,,,,,,
120856012,,,,,,,,,,,,,,,,,,,,
120856440,,,,,,,,,,,,,,,,,,,,
120856795,,,,,,,,,,,,,,,,,,,,
120856953,,,,,,,,,,,,,,,,,,,,
120857532,,,,,,,,,,,,,,,,,,,,
120857775,,,,,,,,,,,,,,,,,,,,
120858413,,,,,,,,,,,,,,,,,,,,
120858649,,,,,,,,,,,,,,,,,,,,
120858885,,,,,,,,,,,,,,,,,,,,
120893694,,,,,,,,,,,,,,,,,,,,
120893926,,,,,,,,,,,,,,,,,,,,
120894078,,,,,,,,,,,,,,,,,,,,
120894258,,,,,,,,,,,,,,,,,,,,
120894430,,,,,,,,,,,,,,,,,,,,
122049135,,,,,,,,,,,,,,,,,,,,
122049920,,,,,2.0,457.0,1317.0,A,,2.0,1.0,45000.0,764.0,,380439.0,,,1.0,,
122050427,,,,,1.0,455.0,1287.0,A,,2.0,1.0,18000.0,734.0,,380439.0,,,1.0,,
122050820,,,,,1.0,455.0,1284.0,A,,2.0,1.0,15000.0,731.0,,380439.0,,,1.0,,
122051215,,,,,2.0,451.0,1281.0,A,,2.0,1.0,31500.0,728.0,,380439.0,,,1.0,,
122051355,,,,,2.0,457.0,1317.0,A,,2.0,3.0,20000.0,764.0,,380439.0,,,1.0,,"[{""astLocCd"": 380454, ""astPlnUntCd"": null, ""astPlnUntTyp"": null, ""astNoOfUnt"": 1, ""astUnitCostTot"": null}, {""astLocCd"": 380455, ""astPlnUntCd"": null, ""astPlnUntTyp"": null, ""astNoOfUnt"": 1, ""astUnitCostTot"": null}]"
122088920,,,,,,,,,,,,,,,,,,,,
122090062,,,,,2.0,60.0,1208.0,A,,2.0,1.0,104534.0,654.0,,380439.0,,,1.0,,
122090284,,,,,2.0,15.0,1205.0,A,,4.0,1.0,32000.0,508.0,,380439.0,,,1.0,,
122098466,,,,,2.0,10.0,1364.0,A,,2.0,1.0,500000.0,811.0,,380439.0,,,1.0,,
122098578,,,,,2.0,10.0,1364.0,A,,2.0,1.0,500000.0,811.0,,380439.0,,,1.0,,
122098682,,,,,2.0,462.0,1356.0,A,,2.0,1.0,500000.0,803.0,,380439.0,,,1.0,,
122098819,,,,,2.0,462.0,1356.0,A,,2.0,1.0,500000.0,803.0,,380439.0,,,1.0,,
122098899,,,,,2.0,462.0,1356.0,A,,2.0,1.0,500000.0,803.0,,380439.0,,,1.0,,
122099083,,,,,2.0,15.0,1205.0,A,,4.0,1.0,500000.0,508.0,,380439.0,,,1.0,,
122099468,,,,,2.0,15.0,1205.0,A,,4.0,500.0,1000.0,508.0,,380439.0,,,1.0,,
122099866,,,,,2.0,462.0,1356.0,A,,2.0,1.0,500000.0,803.0,,380455.0,,,1.0,,
122099994,,,,,2.0,15.0,1205.0,A,,4.0,500.0,1000.0,508.0,,380455.0,,,1.0,,
122100147,,,,,2.0,407.0,1153.0,A,,5.0,1.0,500000.0,457.0,,380439.0,,,1.0,,
122178314,,,,,,,,,,,,,,,,,,,,
122178394,,,,,,,,,,,,,,,,,,,,
122178463,,,,,,,,,,,,,,,,,,,,
122178575,,,,,,,,,,,,,,,,,,,,
122178683,,,,,,,,,,,,,,,,,,,,
122178744,,,,,,,,,,,,,,,,,,,,
122178914,,,,,,,,,,,,,,,,,,,,
122178975,,,,,,,,,,,,,,,,,,,,
122179072,,,,,,,,,,,,,,,,,,,,
122179187,,,,,,,,,,,,,,,,,,,,
122179773,,,,,2.0,457.0,1313.0,A,,2.0,1.0,144000.0,760.0,,380439.0,,,1.0,,
122179873,,,,,2.0,457.0,1313.0,A,,2.0,1.0,72000.0,760.0,,380439.0,,,1.0,,
122179997,,,,,2.0,457.0,1313.0,A,,2.0,1.0,45000.0,760.0,,380439.0,,,1.0,,
122180118,,,,,2.0,451.0,1288.0,A,,2.0,1.0,72000.0,735.0,,380439.0,,,1.0,,
122180406,,,,,1.0,455.0,1286.0,A,,2.0,1.0,30000.0,733.0,,380439.0,,,1.0,,
122180516,,,,,2.0,457.0,1313.0,A,,2.0,1.0,42618.0,760.0,,380439.0,,,1.0,,
122180619,,,,,2.0,451.0,1288.0,A,,2.0,1.0,25000.0,735.0,,380454.0,,,1.0,,
122180702,,,,,2.0,451.0,1288.0,A,,2.0,1.0,20000.0,735.0,,380455.0,,,1.0,,
128279444,,,,,2.0,4.0,64.0,A,,2.0,1.0,372946.0,58.0,,380439.0,,,1.0,,
128279476,,,,,2.0,4.0,64.0,A,,2.0,1.0,200000.0,58.0,,380455.0,,,1.0,,
128279557,,,,,2.0,77.0,1202.0,A,,2.0,1.0,200000.0,505.0,,380439.0,,,1.0,,
122089587,77.0,1380.0,2.0,1.0,2.0,77.0,1380.0,A,,2.0,1.0,20000.0,,,380439.0,,,1.0,,
122090542,,,,,,,,,,,,,,,,,,,,
122084186,97.0,55.0,4.0,1.0,2.0,97.0,55.0,A,,4.0,1.0,200000.0,,,380439.0,,,1.0,,
122084562,77.0,1207.0,2.0,1.0,2.0,77.0,1207.0,A,,2.0,1.0,210000.0,,,380439.0,,,1.0,,
122085097,,,,,2.0,63.0,63.0,A,,2.0,1.0,200000.0,57.0,,380439.0,,,1.0,,
122085483,,,,,2.0,63.0,63.0,A,,2.0,1.0,100000.0,57.0,,380439.0,,,1.0,,
122085805,,,,,2.0,15.0,1205.0,A,,4.0,1.0,116824.0,508.0,,380439.0,,,1.0,,
122086266,462.0,1353.0,2.0,1.0,2.0,462.0,1353.0,A,,2.0,1.0,150000.0,,,380439.0,,,1.0,,
122086831,10.0,452.0,2.0,1.0,2.0,10.0,452.0,A,,2.0,1.0,90000.0,,,380439.0,,,1.0,,
122088730,,,,,2.0,462.0,1353.0,A,,2.0,1.0,180000.0,800.0,,380439.0,,,1.0,,
122089312,,,,,2.0,15.0,458.0,A,,4.0,50.0,1800.0,358.0,,380439.0,,,1.0,,
122089799,,,,,2.0,15.0,1205.0,A,,4.0,1.0,102000.0,508.0,,380439.0,,,1.0,,
122176291,,,,,2.0,462.0,1346.0,A,,2.0,1.0,41850.0,793.0,,380439.0,,,1.0,,
122182622,,,,,2.0,10.0,1235.0,A,,2.0,1.0,102368.0,681.0,,380439.0,,,1.0,,
122183042,,,,,2.0,462.0,1346.0,A,,2.0,1.0,260000.0,793.0,,380439.0,,,1.0,,
122183840,,,,,2.0,462.0,1346.0,A,,2.0,1.0,165750.0,793.0,,380439.0,,,1.0,,
122183908,,,,,1.0,463.0,1350.0,A,,2.0,1.0,45000.0,797.0,,380439.0,,,1.0,,
52276424,,1156.0,4.0,500.0,,,,,,,,,,,,,,,,
52276521,,,,,2.0,63.0,63.0,A,,2.0,5.0,115000.0,57.0,,380477.0,,,1.0,,"[{""astLocCd"": 380480, ""astPlnUntCd"": null, ""astPlnUntTyp"": null, ""astNoOfUnt"": 1, ""astUnitCostTot"": null}, {""astLocCd"": 380479, ""astPlnUntCd"": null, ""astPlnUntTyp"": null, ""astNoOfUnt"": 1, ""astUnitCostTot"": null}, {""astLocCd"": 380478, ""astPlnUntCd"": null, ""astPlnUntTyp"": null, ""astNoOfUnt"": 1, ""astUnitCostTot"": null}, {""astLocCd"": 380476, ""astPlnUntCd"": null, ""astPlnUntTyp"": null, ""astNoOfUnt"": 1, ""astUnitCostTot"": null}]"
52274555,,,,,2.0,10.0,1156.0,A,,4.0,100.0,,551.0,,380480.0,,,1.0,,
52275022,,,,,2.0,10.0,1156.0,A,,4.0,100.0,,551.0,,380479.0,,,1.0,,
52275051,,,,,2.0,10.0,1156.0,A,,4.0,100.0,,551.0,,380478.0,,,1.0,,
52275079,,,,,2.0,10.0,1156.0,A,,4.0,100.0,132000.0,551.0,,380476.0,,,1.0,,
52275108,,,,,2.0,10.0,1156.0,A,,4.0,100.0,50000.0,551.0,,380477.0,,,1.0,,
52276390,,,,,2.0,10.0,1237.0,A,,2.0,1.0,75000.0,683.0,,380479.0,,,1.0,,
52276402,,,,,2.0,10.0,1237.0,A,,2.0,1.0,,683.0,,380477.0,,,1.0,,
52276445,,,,,2.0,63.0,62.0,A,,4.0,300.0,,65.0,,380477.0,,,1.0,,
52276462,,,,,2.0,63.0,62.0,A,,4.0,200.0,,65.0,,380476.0,,,1.0,,
52276487,77.0,1076.0,2.0,3.0,2.0,77.0,1076.0,A,,2.0,3.0,,,,380477.0,,,3.0,,
52276505,63.0,63.0,2.0,1.0,2.0,63.0,63.0,A,,2.0,1.0,,,,380477.0,,,1.0,,
52276538,63.0,63.0,2.0,3.0,2.0,63.0,63.0,A,,2.0,3.0,,,,380477.0,,,1.0,,"[{""astLocCd"": 380476, ""astPlnUntCd"": null, ""astPlnUntTyp"": null, ""astNoOfUnt"": 1, ""astUnitCostTot"": null}, {""astLocCd"": 380480, ""astPlnUntCd"": null, ""astPlnUntTyp"": null, ""astNoOfUnt"": 1, ""astUnitCostTot"": null}]"
52276559,77.0,1076.0,2.0,3.0,2.0,77.0,1076.0,A,,2.0,3.0,,,,380477.0,,,3.0,,
52276583,,,,,2.0,77.0,1202.0,A,,2.0,1.0,241846.0,505.0,,380477.0,,,1.0,,
52926908,,,,,2.0,15.0,458.0,A,,4.0,100.0,461049.0,358.0,,380477.0,,,1.0,,
52928449,,,,,2.0,63.0,63.0,A,,2.0,10.0,100000.0,57.0,,380476.0,,,2.0,,"[{""astLocCd"": 380478, ""astPlnUntCd"": null, ""astPlnUntTyp"": null, ""astNoOfUnt"": 2, ""astUnitCostTot"": null}, {""astLocCd"": 380479, ""astPlnUntCd"": null, ""astPlnUntTyp"": null, ""astNoOfUnt"": 2, ""astUnitCostTot"": null}, {""astLocCd"": 380480, ""astPlnUntCd"": null, ""astPlnUntTyp"": null, ""astNoOfUnt"": 2, ""astUnitCostTot"": null}, {""astLocCd"": 380477, ""astPlnUntCd"": null, ""astPlnUntTyp"": null, ""astNoOfUnt"": 2, ""astUnitCostTot"": null}]"
66417498,,63.0,2.0,1.0,,,,,,,,,,,,,,,,
52884352,,,,,2.0,77.0,1038.0,A,,2.0,1.0,,84.0,,380476.0,,,1.0,,
52884501,,,,,2.0,63.0,63.0,A,,2.0,2.0,,57.0,,380477.0,,,2.0,,
52884604,,,,,2.0,10.0,2.0,A,,2.0,1.0,75000.0,2.0,,380478.0,,,1.0,,
52884663,10.0,1156.0,4.0,1.0,2.0,10.0,1156.0,A,,4.0,1.0,,,,380476.0,,,1.0,,
52884843,63.0,63.0,2.0,2.0,2.0,63.0,63.0,A,,2.0,2.0,,,,380480.0,,,1.0,,"[{""astLocCd"": 380477, ""astPlnUntCd"": null, ""astPlnUntTyp"": null, ""astNoOfUnt"": 1, ""astUnitCostTot"": null}]"
52884906,,,,,2.0,10.0,1156.0,A,,4.0,400.0,180000.0,551.0,,380477.0,,,1.0,,
52885146,63.0,63.0,2.0,1.0,2.0,63.0,63.0,A,,2.0,1.0,,,,380477.0,,,1.0,,
52885214,,,,,2.0,77.0,1202.0,A,,2.0,1.0,258154.0,505.0,,380477.0,,,1.0,,
66417478,63.0,63.0,2.0,1.0,2.0,63.0,63.0,A,,2.0,1.0,,,,380477.0,,,1.0,,
52884988,,,,,2.0,63.0,63.0,A,,2.0,1.0,441148.0,57.0,,380477.0,,,1.0,,
61672582,,,,,2.0,63.0,63.0,A,,2.0,1.0,100000.0,57.0,,380477.0,,,1.0,,
66018795,,,,,,,,,,,,,,,,,,,,
66018845,451.0,1287.0,2.0,1.0,,,,,,,,,,,,,,,,
66018956,,1265.0,2.0,1.0,,,,,,,,,,,,,,,,
66019033,,1266.0,2.0,1.0,,,,,,,,,,,,,,,,
66019079,,,,,2.0,451.0,1281.0,A,,2.0,1.0,52500.0,728.0,,380477.0,,,1.0,,
61664567,10.0,1235.0,2.0,1.0,2.0,10.0,1235.0,A,,2.0,1.0,100000.0,,,380476.0,,,1.0,,
61664768,10.0,2.0,2.0,3.0,2.0,10.0,2.0,A,,2.0,3.0,,,,380477.0,,,1.0,,"[{""astLocCd"": 380480, ""astPlnUntCd"": null, ""astPlnUntTyp"": null, ""astNoOfUnt"": 1, ""astUnitCostTot"": null}, {""astLocCd"": 380478, ""astPlnUntCd"": null, ""astPlnUntTyp"": null, ""astNoOfUnt"": 1, ""astUnitCostTot"": null}]"
61664910,10.0,1235.0,2.0,1.0,2.0,10.0,1235.0,A,,2.0,1.0,58744.0,,,380476.0,,,1.0,,
61665171,10.0,10.0,2.0,5.0,2.0,10.0,10.0,A,,2.0,5.0,,,,380477.0,,,1.0,,"[{""astLocCd"": 380480, ""astPlnUntCd"": null, ""astPlnUntTyp"": null, ""astNoOfUnt"": 1, ""astUnitCostTot"": null}, {""astLocCd"": 380479, ""astPlnUntCd"": null, ""astPlnUntTyp"": null, ""astNoOfUnt"": 1, ""astUnitCostTot"": null}, {""astLocCd"": 380476, ""astPlnUntCd"": null, ""astPlnUntTyp"": null, ""astNoOfUnt"": 1, ""astUnitCostTot"": null}, {""astLocCd"": 380478, ""astPlnUntCd"": null, ""astPlnUntTyp"": null, ""astNoOfUnt"": 1, ""astUnitCostTot"": null}]"
61666890,,,,,,,,,,,,,,,,,,,,
66018329,,,,,2.0,10.0,2.0,A,,2.0,1.0,90000.0,2.0,,380477.0,,,1.0,,
66018426,63.0,63.0,2.0,1.0,2.0,63.0,63.0,A,,2.0,1.0,,,,380477.0,,,1.0,,
66018637,,,,,2.0,457.0,1317.0,A,,2.0,1.0,105000.0,764.0,,380477.0,,,1.0,,
66018695,,,,,2.0,451.0,1281.0,A,,2.0,1.0,30000.0,728.0,,380477.0,,,1.0,,
66018753,,,,,2.0,454.0,1300.0,A,,2.0,1.0,90000.0,747.0,,380477.0,,,1.0,,
66018988,,,,,,,,,,,,,,,,,,,,
66019150,,,,,2.0,77.0,1076.0,A,,2.0,1.0,558992.0,380.0,,380477.0,,,1.0,,
66019209,63.0,1263.0,2.0,1.0,2.0,63.0,1263.0,A,,2.0,1.0,50000.0,,,380477.0,,,1.0,,
66019314,10.0,452.0,2.0,1.0,2.0,10.0,452.0,A,,2.0,1.0,,,,380477.0,,,1.0,,
66019346,,,,,2.0,97.0,55.0,A,,4.0,100.0,173074.0,64.0,,380477.0,,,1.0,,
61665032,,,,,2.0,10.0,2.0,A,,2.0,1.0,90000.0,2.0,,380477.0,,,1.0,,
61665318,,,,,2.0,454.0,1300.0,A,,2.0,1.0,30000.0,747.0,,380477.0,,,1.0,,
61665443,,,,,1.0,455.0,1287.0,A,,2.0,1.0,30000.0,734.0,,380477.0,,,1.0,,
61665630,,,,,2.0,454.0,1300.0,A,,2.0,1.0,90000.0,747.0,,380477.0,,,1.0,,
61665744,,,,,2.0,451.0,1281.0,A,,2.0,5.0,37500.0,728.0,,380477.0,,,1.0,,"[{""astLocCd"": 380480, ""astPlnUntCd"": null, ""astPlnUntTyp"": null, ""astNoOfUnt"": 1, ""astUnitCostTot"": null}, {""astLocCd"": 380479, ""astPlnUntCd"": null, ""astPlnUntTyp"": null, ""astNoOfUnt"": 1, ""astUnitCostTot"": null}, {""astLocCd"": 380478, ""astPlnUntCd"": null, ""astPlnUntTyp"": null, ""astNoOfUnt"": 1, ""astUnitCostTot"": null}, {""astLocCd"": 380476, ""astPlnUntCd"": null, ""astPlnUntTyp"": null, ""astNoOfUnt"": 1, ""astUnitCostTot"": null}]"
61665991,,,,,2.0,454.0,1301.0,A,,2.0,10.0,80000.0,748.0,,380477.0,,,5.0,,"[{""astLocCd"": 380480, ""astPlnUntCd"": null, ""astPlnUntTyp"": null, ""astNoOfUnt"": 2, ""astUnitCostTot"": null}, {""astLocCd"": 380479, ""astPlnUntCd"": null, ""astPlnUntTyp"": null, ""astNoOfUnt"": 1, ""astUnitCostTot"": null}, {""astLocCd"": 380478, ""astPlnUntCd"": null, ""astPlnUntTyp"": null, ""astNoOfUnt"": 1, ""astUnitCostTot"": null}, {""astLocCd"": 380476, ""astPlnUntCd"": null, ""astPlnUntTyp"": null, ""astNoOfUnt"": 1, ""astUnitCostTot"": null}]"
61666111,,,,,2.0,452.0,1290.0,A,,2.0,33.0,99000.0,736.0,,380477.0,,,18.0,,"[{""astLocCd"": 380480, ""astPlnUntCd"": null, ""astPlnUntTyp"": null, ""astNoOfUnt"": 6, ""astUnitCostTot"": null}, {""astLocCd"": 380479, ""astPlnUntCd"": null, ""astPlnUntTyp"": null, ""astNoOfUnt"": 2, ""astUnitCostTot"": null}, {""astLocCd"": 380478, ""astPlnUntCd"": null, ""astPlnUntTyp"": null, ""astNoOfUnt"": 3, ""astUnitCostTot"": null}, {""astLocCd"": 380476, ""astPlnUntCd"": null, ""astPlnUntTyp"": null, ""astNoOfUnt"": 4, ""astUnitCostTot"": null}]"
61666281,,,,,2.0,452.0,1290.0,A,,2.0,15.0,47244.0,736.0,,380477.0,,,9.0,,"[{""astLocCd"": 380480, ""astPlnUntCd"": null, ""astPlnUntTyp"": null, ""astNoOfUnt"": 2, ""astUnitCostTot"": null}, {""astLocCd"": 380479, ""astPlnUntCd"": null, ""astPlnUntTyp"": null, ""astNoOfUnt"": 1, ""astUnitCostTot"": null}, {""astLocCd"": 380478, ""astPlnUntCd"": null, ""astPlnUntTyp"": null, ""astNoOfUnt"": 1, ""astUnitCostTot"": null}, {""astLocCd"": 380476, ""astPlnUntCd"": null, ""astPlnUntTyp"": null, ""astNoOfUnt"": 2, ""astUnitCostTot"": null}]"
61666348,63.0,63.0,2.0,5.0,,,,,,,,,,,,,,,,
61666448,,,,,2.0,104.0,53.0,A,,2.0,1.0,558992.0,49.0,,380477.0,,,1.0,,
61666545,29.0,1279.0,2.0,2.0,,,,,,,,,,,,,,,,
61666689,,,,,2.0,77.0,1202.0,A,,2.0,1.0,400000.0,505.0,,380477.0,,,1.0,,
61666803,,,,,2.0,63.0,1253.0,A,,2.0,1.0,173074.0,699.0,,380477.0,,,1.0,,
74906158,,,,,,,,,,,,,,,,,,,,
74907691,,,,,,,,,,,,,,,,,,,,
74908867,,,,,,,,,,,,,,,,,,,,
74910125,,,,,,,,,,,,,,,,,,,,
74911063,,,,,,,,,,,,,,,,,,,,
74913908,,,,,,,,,,,,,,,,,,,,
74915449,,,,,,,,,,,,,,,,,,,,
74921783,,,,,,,,,,,,,,,,,,,,
74922418,,,,,,,,,,,,,,,,,,,,
74922961,,,,,,,,,,,,,,,,,,,,
74923715,,,,,,,,,,,,,,,,,,,,
74926330,,,,,,,,,,,,,,,,,,,,
74927336,,,,,,,,,,,,,,,,,,,,
74927932,,,,,,,,,,,,,,,,,,,,
76485083,,,,,,,,,,,,,,,,,,,,
76489874,,,,,,,,,,,,,,,,,,,,
76491233,,,,,,,,,,,,,,,,,,,,
76547946,,,,,,,,,,,,,,,,,,,,
76548608,,,,,,,,,,,,,,,,,,,,
76549377,,,,,,,,,,,,,,,,,,,,
76550344,,,,,,,,,,,,,,,,,,,,
76553560,,,,,,,,,,,,,,,,,,,,
76555807,,,,,,,,,,,,,,,,,,,,
76556916,,,,,,,,,,,,,,,,,,,,
76558900,,,,,,,,,,,,,,,,,,,,
76560506,,,,,,,,,,,,,,,,,,,,
76562127,,,,,,,,,,,,,,,,,,,,
76565974,,,,,,,,,,,,,,,,,,,,
76570142,,,,,,,,,,,,,,,,,,,,
76572990,,,,,,,,,,,,,,,,,,,,
76575663,,,,,,,,,,,,,,,,,,,,
76578356,,,,,,,,,,,,,,,,,,,,
76587617,,,,,1.0,412.0,1276.0,A,,2.0,1.0,5000.0,723.0,,380477.0,,,1.0,,
76589145,,,,,,,,,,,,,,,,,,,,
76590734,,,,,,,,,,,,,,,,,,,,
76592032,,,,,,,,,,,,,,,,,,,,
76936927,,,,,,,,,,,,,,,,,,,,
76937699,,,,,2.0,453.0,1299.0,A,,2.0,1.0,3143.0,746.0,,380477.0,,,1.0,,
76938327,,,,,,,,,,,,,,,,,,,,
76938701,,,,,1.0,455.0,1286.0,A,,2.0,1.0,50000.0,733.0,,380477.0,,,1.0,,
76939068,,,,,2.0,453.0,1299.0,A,,2.0,1.0,60000.0,746.0,,380477.0,,,1.0,,
78278629,,,,,2.0,97.0,1238.0,A,,2.0,1.0,12000.0,684.0,,380477.0,,,1.0,,
78279551,,,,,,,,,,,,,,,,,,,,
78280122,,,,,,,,,,,,,,,,,,,,
78280919,,,,,,,,,,,,,,,,,,,,
78281449,,,,,,,,,,,,,,,,,,,,
78283074,,,,,,,,,,,,,,,,,,,,
78283902,,,,,,,,,,,,,,,,,,,,
78284616,,,,,,,,,,,,,,,,,,,,
78285853,,,,,,,,,,,,,,,,,,,,
78286485,,,,,,,,,,,,,,,,,,,,
78287719,,,,,,,,,,,,,,,,,,,,
78288317,,,,,,,,,,,,,,,,,,,,
78288855,,,,,,,,,,,,,,,,,,,,
78289622,,,,,2.0,77.0,1206.0,A,,2.0,1.0,3000.0,652.0,,380477.0,,,1.0,,
78312616,77.0,1207.0,2.0,1.0,,,,,,,,,,,,,,,,
78314573,,,,,,,,,,,,,,,,,,,,
78315353,,,,,,,,,,,,,,,,,,,,
78316680,,,,,,,,,,,,,,,,,,,,
78317407,,,,,,,,,,,,,,,,,,,,
78318584,,,,,,,,,,,,,,,,,,,,
78497121,,,,,,,,,,,,,,,,,,,,
78497361,,,,,,,,,,,,,,,,,,,,
78497558,,,,,,,,,,,,,,,,,,,,
78497781,,,,,,,,,,,,,,,,,,,,
78639883,,,,,2.0,454.0,1301.0,A,,2.0,1.0,3143.0,748.0,,380477.0,,,1.0,,
78640713,,,,,2.0,453.0,1299.0,A,,2.0,1.0,3143.0,746.0,,380480.0,,,1.0,,
78641717,,,,,2.0,453.0,1299.0,A,,2.0,1.0,3143.0,746.0,,380479.0,,,1.0,,
78642348,,,,,2.0,453.0,1299.0,A,,2.0,1.0,3143.0,746.0,,380478.0,,,1.0,,
78642965,,,,,2.0,453.0,1299.0,A,,2.0,1.0,3143.0,746.0,,380476.0,,,1.0,,
78646786,,,,,2.0,457.0,1312.0,A,,2.0,1.0,3143.0,759.0,,380477.0,,,1.0,,
78647846,,,,,2.0,457.0,1313.0,A,,2.0,1.0,3143.0,760.0,,380480.0,,,1.0,,
78648916,,,,,2.0,453.0,1299.0,A,,2.0,1.0,3143.0,746.0,,380479.0,,,1.0,,
78649630,,,,,2.0,453.0,1299.0,A,,2.0,1.0,3143.0,746.0,,380479.0,,,1.0,,
78650246,,,,,2.0,453.0,1299.0,A,,2.0,1.0,3143.0,746.0,,380478.0,,,1.0,,
78651114,,,,,2.0,453.0,1299.0,A,,2.0,1.0,3143.0,746.0,,380476.0,,,1.0,,
78653721,,,,,,,,,,,,,,,,,,,,
78654437,,,,,,,,,,,,,,,,,,,,
78655118,,,,,,,,,,,,,,,,,,,,
78655749,,,,,,,,,,,,,,,,,,,,
78656427,,,,,,,,,,,,,,,,,,,,
78658661,,,,,,,,,,,,,,,,,,,,
78659261,,,,,,,,,,,,,,,,,,,,
78659904,,,,,,,,,,,,,,,,,,,,
78661050,,,,,,,,,,,,,,,,,,,,
78661883,,,,,,,,,,,,,,,,,,,,
78717447,,,,,,,,,,,,,,,,,,,,
78718289,,,,,,,,,,,,,,,,,,,,
78719321,,,,,,,,,,,,,,,,,,,,
78720136,,,,,,,,,,,,,,,,,,,,
78720845,,,,,,,,,,,,,,,,,,,,
78721726,,,,,,,,,,,,,,,,,,,,
78725383,,,,,,,,,,,,,,,,,,,,
78728540,,,,,,,,,,,,,,,,,,,,
78729072,,,,,,,,,,,,,,,,,,,,
78730276,,,,,,,,,,,,,,,,,,,,
79147243,,,,,2.0,457.0,1316.0,A,,2.0,1.0,4134.0,763.0,,380477.0,,,1.0,,
79147504,,,,,2.0,457.0,1316.0,A,,2.0,1.0,4134.0,763.0,,380477.0,,,1.0,,
79148294,,,,,2.0,457.0,1316.0,A,,2.0,1.0,4134.0,763.0,,380477.0,,,1.0,,
79148866,,,,,2.0,457.0,1316.0,A,,2.0,1.0,4134.0,763.0,,380477.0,,,1.0,,
79149082,,,,,2.0,457.0,1316.0,A,,2.0,1.0,4134.0,763.0,,380477.0,,,1.0,,
79149305,,,,,2.0,457.0,1316.0,A,,2.0,1.0,4134.0,763.0,,380477.0,,,1.0,,
79149525,,,,,2.0,457.0,1316.0,A,,2.0,1.0,4134.0,763.0,,380477.0,,,1.0,,
79149717,,,,,2.0,457.0,1316.0,A,,2.0,1.0,4134.0,763.0,,380477.0,,,1.0,,
79150034,,,,,2.0,457.0,1316.0,A,,2.0,1.0,4134.0,763.0,,380477.0,,,1.0,,
79886123,,,,,,,,,,,,,,,,,,,,
79886616,,,,,,,,,,,,,,,,,,,,
79887088,,,,,,,,,,,,,,,,,,,,
79887467,,,,,,,,,,,,,,,,,,,,
79887901,,,,,,,,,,,,,,,,,,,,
79888389,,,,,,,,,,,,,,,,,,,,
79888871,,,,,,,,,,,,,,,,,,,,
79889341,,,,,,,,,,,,,,,,,,,,
79889881,,,,,,,,,,,,,,,,,,,,
79890353,,,,,,,,,,,,,,,,,,,,
79890822,,,,,,,,,,,,,,,,,,,,
79892940,,,,,2.0,10.0,1344.0,A,,2.0,1.0,500000.0,790.0,,380477.0,,,1.0,,
79893435,,,,,2.0,10.0,1344.0,A,,2.0,1.0,500000.0,790.0,,380478.0,,,1.0,,
79896272,,,,,,,,,,,,,,,,,,,,
79896901,,,,,,,,,,,,,,,,,,,,
79897377,,,,,,,,,,,,,,,,,,,,
79899249,,,,,,,,,,,,,,,,,,,,
79902689,,,,,,,,,,,,,,,,,,,,
79905838,,,,,2.0,63.0,1240.0,A,,5.0,1.0,100000.0,686.0,,380477.0,,,1.0,,
79906881,,,,,,,,,,,,,,,,,,,,
79907422,,,,,,,,,,,,,,,,,,,,
79907927,,,,,,,,,,,,,,,,,,,,
79908391,,,,,,,,,,,,,,,,,,,,
79908947,,,,,,,,,,,,,,,,,,,,
79909474,,,,,,,,,,,,,,,,,,,,
79910008,,,,,,,,,,,,,,,,,,,,
79911159,,,,,,,,,,,,,,,,,,,,
79911657,,,,,,,,,,,,,,,,,,,,
79912228,,,,,,,,,,,,,,,,,,,,
79912742,,,,,,,,,,,,,,,,,,,,
79913544,,,,,,,,,,,,,,,,,,,,
79913989,,,,,,,,,,,,,,,,,,,,
79914528,,,,,,,,,,,,,,,,,,,,
79914945,,,,,,,,,,,,,,,,,,,,
79915628,,,,,,,,,,,,,,,,,,,,
79916110,,,,,,,,,,,,,,,,,,,,
79918301,,,,,,,,,,,,,,,,,,,,
79918992,,,,,,,,,,,,,,,,,,,,
79919482,,,,,,,,,,,,,,,,,,,,
79920074,,,,,,,,,,,,,,,,,,,,
79920651,,,,,,,,,,,,,,,,,,,,
79921205,,,,,,,,,,,,,,,,,,,,
79921739,,,,,,,,,,,,,,,,,,,,
79922307,,,,,,,,,,,,,,,,,,,,
79922801,,,,,,,,,,,,,,,,,,,,
79923263,,,,,,,,,,,,,,,,,,,,
79923783,,,,,,,,,,,,,,,,,,,,
79924395,,,,,,,,,,,,,,,,,,,,
79926417,,,,,,,,,,,,,,,,,,,,
79927369,,,,,,,,,,,,,,,,,,,,
79927866,,,,,,,,,,,,,,,,,,,,
79939313,,,,,2.0,457.0,1316.0,A,,2.0,1.0,4440.0,763.0,,380477.0,,,1.0,,
79940600,,,,,2.0,457.0,1316.0,A,,2.0,1.0,4440.0,763.0,,380477.0,,,1.0,,
79941267,,,,,2.0,457.0,1316.0,A,,2.0,1.0,4440.0,763.0,,380477.0,,,1.0,,
79942073,,,,,2.0,457.0,1316.0,A,,2.0,1.0,4440.0,763.0,,380477.0,,,1.0,,
79943732,,,,,2.0,457.0,1316.0,A,,2.0,1.0,4440.0,763.0,,380477.0,,,1.0,,
79944352,,,,,2.0,457.0,1316.0,A,,2.0,1.0,4440.0,763.0,,380477.0,,,1.0,,
79944932,,,,,2.0,457.0,1316.0,A,,2.0,1.0,4440.0,763.0,,380477.0,,,1.0,,
79945569,,,,,2.0,457.0,1316.0,A,,2.0,1.0,4440.0,763.0,,380477.0,,,1.0,,
79946141,,,,,2.0,457.0,1316.0,A,,2.0,1.0,4440.0,763.0,,380477.0,,,1.0,,
79946706,,,,,2.0,457.0,1316.0,A,,2.0,1.0,4440.0,763.0,,380477.0,,,1.0,,
79947218,,,,,2.0,457.0,1316.0,A,,2.0,1.0,4440.0,763.0,,380477.0,,,1.0,,
79948100,,,,,2.0,457.0,1316.0,A,,2.0,1.0,4440.0,763.0,,380477.0,,,1.0,,
79950727,,,,,2.0,457.0,1316.0,A,,2.0,1.0,4440.0,763.0,,380477.0,,,1.0,,
79951334,,,,,2.0,457.0,1316.0,A,,2.0,1.0,4440.0,763.0,,380477.0,,,1.0,,
79951878,,,,,2.0,457.0,1316.0,A,,2.0,1.0,4440.0,763.0,,380477.0,,,1.0,,
79952416,,,,,2.0,457.0,1316.0,A,,2.0,1.0,4440.0,763.0,,380477.0,,,1.0,,
79952978,,,,,2.0,457.0,1316.0,A,,2.0,1.0,4440.0,763.0,,380477.0,,,1.0,,
79953555,,,,,2.0,457.0,1316.0,A,,2.0,1.0,4440.0,763.0,,380477.0,,,1.0,,
79955151,,,,,2.0,457.0,1316.0,A,,2.0,1.0,4440.0,763.0,,380477.0,,,1.0,,
79956246,,,,,2.0,457.0,1316.0,A,,2.0,1.0,4440.0,763.0,,380477.0,,,1.0,,
79956708,,,,,2.0,457.0,1316.0,A,,2.0,1.0,4440.0,763.0,,380477.0,,,1.0,,
79957505,,,,,2.0,457.0,1316.0,A,,2.0,1.0,4440.0,763.0,,380477.0,,,1.0,,
79958123,,,,,,,,,,,,,,,,,,,,
79958564,,,,,2.0,457.0,1316.0,A,,2.0,1.0,4440.0,763.0,,380477.0,,,1.0,,
79961121,,,,,,,,,,,,,,,,,,,,
79962160,,,,,,,,,,,,,,,,,,,,
79962565,,,,,,,,,,,,,,,,,,,,
79963141,,,,,2.0,103.0,56.0,A,,2.0,1.0,100000.0,51.0,,380477.0,,,1.0,,
79963711,,,,,2.0,103.0,1259.0,A,,2.0,1.0,100000.0,706.0,,380477.0,,,1.0,,
79964266,77.0,1202.0,2.0,1.0,,,,,,,,,,,,,,,,
79965013,,,,,,,,,,,,,,,,,,,,
79966182,,,,,2.0,77.0,1202.0,A,,2.0,1.0,300000.0,505.0,,380477.0,,,1.0,,
79966602,104.0,47.0,2.0,1.0,,,,,,,,,,,,,,,,
79967249,,,,,2.0,10.0,1344.0,A,,2.0,1.0,500000.0,790.0,,380477.0,,,1.0,,
79967781,77.0,1202.0,2.0,1.0,,,,,,,,,,,,,,,,
79968329,,,,,,,,,,,,,,,,,,,,
79968940,,,,,2.0,454.0,1300.0,A,,2.0,1.0,100000.0,747.0,,380477.0,,,1.0,,
79969718,,,,,2.0,454.0,1300.0,A,,2.0,1.0,100000.0,747.0,,380477.0,,,1.0,,
79970144,,,,,,,,,,,,,,,,,,,,
82704449,,,,,2.0,457.0,1317.0,A,,2.0,1.0,90000.0,764.0,,380478.0,,,1.0,,
82705804,,,,,2.0,451.0,1281.0,A,,2.0,1.0,5150.0,728.0,,380477.0,,,1.0,,
82706382,,,,,2.0,457.0,1317.0,A,,2.0,1.0,21000.0,764.0,,380477.0,,,1.0,,
82721318,,,,,2.0,77.0,1217.0,A,,2.0,1.0,172448.0,663.0,,380477.0,,,1.0,,
82946785,,,,,2.0,10.0,2.0,A,,2.0,1.0,45360.0,2.0,,380477.0,,,1.0,,
82966783,,,,,,,,,,,,,,,,,,,,
82967176,,,,,,,,,,,,,,,,,,,,
82967623,,,,,,,,,,,,,,,,,,,,
82967995,,,,,,,,,,,,,,,,,,,,
82969938,,,,,2.0,60.0,1275.0,A,,2.0,1.0,40000.0,722.0,,380477.0,,,1.0,,
82971319,,,,,,,,,,,,,,,,,,,,
82984557,,,,,,,,,,,,,,,,,,,,
82984738,,,,,,,,,,,,,,,,,,,,
82985087,,,,,,,,,,,,,,,,,,,,
82985292,,,,,,,,,,,,,,,,,,,,
82985471,,,,,,,,,,,,,,,,,,,,
82985648,,,,,,,,,,,,,,,,,,,,
82985867,,,,,,,,,,,,,,,,,,,,
82986087,,,,,,,,,,,,,,,,,,,,
82986361,,,,,,,,,,,,,,,,,,,,
82986562,,,,,,,,,,,,,,,,,,,,
82986767,,,,,,,,,,,,,,,,,,,,
82986943,,,,,,,,,,,,,,,,,,,,
82987164,,,,,,,,,,,,,,,,,,,,
82987568,,,,,,,,,,,,,,,,,,,,
82987769,,,,,,,,,,,,,,,,,,,,
82987955,,,,,,,,,,,,,,,,,,,,
82988123,,,,,,,,,,,,,,,,,,,,
82988275,,,,,,,,,,,,,,,,,,,,
82988432,,,,,,,,,,,,,,,,,,,,
82988598,,,,,,,,,,,,,,,,,,,,
82680418,,,,,2.0,462.0,1375.0,A,,2.0,1.0,119700.0,791.0,,380477.0,,,1.0,,
82688016,462.0,1348.0,2.0,1.0,2.0,462.0,1348.0,A,,2.0,1.0,225000.0,,,380477.0,,,1.0,,
82692293,,,,,2.0,457.0,1317.0,A,,2.0,1.0,90000.0,764.0,,380478.0,,,1.0,,
82702658,,,,,2.0,457.0,1317.0,A,,2.0,1.0,90000.0,764.0,,380478.0,,,1.0,,
82705250,,,,,2.0,454.0,1300.0,A,,2.0,1.0,90000.0,747.0,,380477.0,,,1.0,,
82711051,,,,,2.0,457.0,1313.0,A,,2.0,1.0,75910.0,760.0,,380477.0,,,1.0,,
82711977,,,,,2.0,97.0,55.0,A,,4.0,1.0,416080.0,64.0,,380477.0,,,1.0,,
82712780,,,,,2.0,77.0,1202.0,A,,2.0,1.0,200000.0,505.0,,380477.0,,,1.0,,
82721831,,,,,2.0,77.0,1202.0,A,,2.0,1.0,128000.0,505.0,,380477.0,,,1.0,,
82727036,,,,,2.0,15.0,1205.0,A,,4.0,1.0,120000.0,508.0,,380480.0,,,1.0,,
82730292,,,,,2.0,77.0,1227.0,A,,2.0,1.0,90000.0,673.0,,380477.0,,,1.0,,
82731347,,,,,,,,,,,,,,,,,,,,
82740632,,,,,2.0,462.0,1356.0,A,,2.0,1.0,72000.0,803.0,,380477.0,,,1.0,,
82973536,97.0,55.0,4.0,1.0,2.0,97.0,55.0,A,,4.0,1.0,132782.0,,,380477.0,,,1.0,,
96348249,,,,,,,,,,,,,,,,,,,,
96350659,,,,,,,,,,,,,,,,,,,,
99067497,,,,,,,,,,,,,,,,,,,,
99069032,,,,,,,,,,,,,,,,,,,,
99097094,,,,,,,,,,,,,,,,,,,,
99097407,,,,,,,,,,,,,,,,,,,,
99097844,,,,,,,,,,,,,,,,,,,,
99100753,,,,,,,,,,,,,,,,,,,,
99101169,,,,,,,,,,,,,,,,,,,,
99101631,,,,,,,,,,,,,,,,,,,,
99102335,,,,,,,,,,,,,,,,,,,,
99102930,,,,,,,,,,,,,,,,,,,,
99104679,,,,,,,,,,,,,,,,,,,,
99105628,,,,,,,,,,,,,,,,,,,,
99107100,,,,,,,,,,,,,,,,,,,,
99110623,,,,,,,,,,,,,,,,,,,,
99111148,,,,,,,,,,,,,,,,,,,,
99112605,,,,,,,,,,,,,,,,,,,,
99113609,,,,,,,,,,,,,,,,,,,,
99117725,,,,,,,,,,,,,,,,,,,,
99128937,,,,,,,,,,,,,,,,,,,,
99129213,,,,,,,,,,,,,,,,,,,,
99130793,,,,,,,,,,,,,,,,,,,,
99131467,,,,,,,,,,,,,,,,,,,,
99131991,,,,,,,,,,,,,,,,,,,,
99132780,,,,,,,,,,,,,,,,,,,,
99133593,,,,,,,,,,,,,,,,,,,,
99134306,,,,,,,,,,,,,,,,,,,,
99142639,,,,,,,,,,,,,,,,,,,,
99143385,,,,,,,,,,,,,,,,,,,,
99143887,,,,,,,,,,,,,,,,,,,,
99144598,,,,,,,,,,,,,,,,,,,,
99145381,,,,,,,,,,,,,,,,,,,,
99146495,,,,,,,,,,,,,,,,,,,,
99147393,,,,,,,,,,,,,,,,,,,,
99147910,,,,,,,,,,,,,,,,,,,,
99148457,,,,,,,,,,,,,,,,,,,,
99148938,,,,,,,,,,,,,,,,,,,,
99203523,,,,,,,,,,,,,,,,,,,,
99203949,,,,,,,,,,,,,,,,,,,,
99204283,,,,,,,,,,,,,,,,,,,,
99204772,,,,,,,,,,,,,,,,,,,,
99205665,,,,,,,,,,,,,,,,,,,,
99252706,,,,,,,,,,,,,,,,,,,,
99253676,,,,,,,,,,,,,,,,,,,,
99254241,,,,,,,,,,,,,,,,,,,,
99254675,,,,,,,,,,,,,,,,,,,,
99255127,,,,,,,,,,,,,,,,,,,,
99255507,,,,,,,,,,,,,,,,,,,,
99255985,,,,,,,,,,,,,,,,,,,,
99256963,,,,,,,,,,,,,,,,,,,,
99257256,,,,,,,,,,,,,,,,,,,,
99257688,,,,,,,,,,,,,,,,,,,,
99258411,,,,,,,,,,,,,,,,,,,,
99258946,,,,,,,,,,,,,,,,,,,,
99599554,,,,,,,,,,,,,,,,,,,,
99599858,,,,,,,,,,,,,,,,,,,,
99600269,,,,,,,,,,,,,,,,,,,,
99600685,,,,,,,,,,,,,,,,,,,,
99774808,,,,,,,,,,,,,,,,,,,,
99777351,,,,,,,,,,,,,,,,,,,,
99802600,,,,,,,,,,,,,,,,,,,,
99803783,,,,,,,,,,,,,,,,,,,,
99804903,,,,,,,,,,,,,,,,,,,,
99807734,,,,,,,,,,,,,,,,,,,,
99808643,,,,,,,,,,,,,,,,,,,,
99809294,,,,,,,,,,,,,,,,,,,,
99850467,,,,,,,,,,,,,,,,,,,,
99851045,,,,,,,,,,,,,,,,,,,,
99851674,,,,,,,,,,,,,,,,,,,,
99852368,,,,,,,,,,,,,,,,,,,,
99852917,,,,,,,,,,,,,,,,,,,,
99854274,,,,,,,,,,,,,,,,,,,,
99855074,,,,,,,,,,,,,,,,,,,,
99858241,,,,,,,,,,,,,,,,,,,,
99865115,,,,,,,,,,,,,,,,,,,,
99865612,,,,,,,,,,,,,,,,,,,,
99865950,,,,,,,,,,,,,,,,,,,,
99866401,,,,,,,,,,,,,,,,,,,,
99866868,,,,,,,,,,,,,,,,,,,,
99869114,,,,,,,,,,,,,,,,,,,,
99870151,,,,,,,,,,,,,,,,,,,,
99872818,,,,,,,,,,,,,,,,,,,,
99874011,,,,,,,,,,,,,,,,,,,,
99891662,,,,,,,,,,,,,,,,,,,,
99892207,,,,,,,,,,,,,,,,,,,,
99893105,,,,,,,,,,,,,,,,,,,,
99893588,,,,,,,,,,,,,,,,,,,,
99894365,,,,,,,,,,,,,,,,,,,,
99896372,,,,,,,,,,,,,,,,,,,,
100073599,,,,,,,,,,,,,,,,,,,,
100074150,,,,,,,,,,,,,,,,,,,,
100074561,,,,,,,,,,,,,,,,,,,,
100075131,,,,,,,,,,,,,,,,,,,,
100075592,,,,,,,,,,,,,,,,,,,,
100076146,,,,,,,,,,,,,,,,,,,,
100076721,,,,,,,,,,,,,,,,,,,,
100077506,,,,,,,,,,,,,,,,,,,,
100078020,,,,,,,,,,,,,,,,,,,,
100079446,,,,,,,,,,,,,,,,,,,,
100080073,,,,,,,,,,,,,,,,,,,,
100080979,,,,,,,,,,,,,,,,,,,,
100081690,,,,,,,,,,,,,,,,,,,,
100113114,,,,,,,,,,,,,,,,,,,,
100113509,,,,,,,,,,,,,,,,,,,,
100114339,,,,,,,,,,,,,,,,,,,,
100114757,,,,,,,,,,,,,,,,,,,,
100115277,,,,,,,,,,,,,,,,,,,,
100115815,,,,,,,,,,,,,,,,,,,,
100116423,,,,,,,,,,,,,,,,,,,,
100116831,,,,,,,,,,,,,,,,,,,,
100117303,,,,,,,,,,,,,,,,,,,,
100117619,,,,,,,,,,,,,,,,,,,,
100118419,,,,,,,,,,,,,,,,,,,,
100118847,,,,,,,,,,,,,,,,,,,,
100119247,,,,,,,,,,,,,,,,,,,,
100119664,,,,,,,,,,,,,,,,,,,,
100119887,,,,,,,,,,,,,,,,,,,,
100120442,,,,,,,,,,,,,,,,,,,,
100120840,,,,,,,,,,,,,,,,,,,,
100121336,,,,,,,,,,,,,,,,,,,,
100121702,,,,,,,,,,,,,,,,,,,,
100122560,,,,,,,,,,,,,,,,,,,,
100123125,,,,,,,,,,,,,,,,,,,,
100123696,,,,,,,,,,,,,,,,,,,,
100124218,,,,,,,,,,,,,,,,,,,,
100124789,,,,,,,,,,,,,,,,,,,,
100125668,,,,,,,,,,,,,,,,,,,,
100126153,,,,,,,,,,,,,,,,,,,,
100126654,,,,,,,,,,,,,,,,,,,,
100127389,,,,,,,,,,,,,,,,,,,,
100127854,,,,,,,,,,,,,,,,,,,,
100128545,,,,,,,,,,,,,,,,,,,,
100128882,,,,,,,,,,,,,,,,,,,,
100129197,,,,,,,,,,,,,,,,,,,,
100130234,,,,,,,,,,,,,,,,,,,,
100130812,,,,,,,,,,,,,,,,,,,,
100131313,,,,,,,,,,,,,,,,,,,,
100131824,,,,,,,,,,,,,,,,,,,,
100132336,,,,,,,,,,,,,,,,,,,,
100132871,,,,,,,,,,,,,,,,,,,,
100133513,,,,,,,,,,,,,,,,,,,,
100135330,,,,,,,,,,,,,,,,,,,,
100136440,,,,,,,,,,,,,,,,,,,,
100137233,,,,,,,,,,,,,,,,,,,,
100137655,,,,,,,,,,,,,,,,,,,,
100138255,,,,,,,,,,,,,,,,,,,,
100139050,,,,,,,,,,,,,,,,,,,,
100141057,,,,,,,,,,,,,,,,,,,,
100142002,,,,,,,,,,,,,,,,,,,,
100143774,,,,,,,,,,,,,,,,,,,,
100211770,,,,,,,,,,,,,,,,,,,,
100228717,,,,,,,,,,,,,,,,,,,,
100229189,,,,,,,,,,,,,,,,,,,,
100232655,,,,,,,,,,,,,,,,,,,,
100233427,,,,,,,,,,,,,,,,,,,,
100233839,,,,,,,,,,,,,,,,,,,,
100234268,,,,,,,,,,,,,,,,,,,,
100235037,,,,,,,,,,,,,,,,,,,,
100235503,,,,,,,,,,,,,,,,,,,,
100236057,,,,,,,,,,,,,,,,,,,,
100236861,,,,,,,,,,,,,,,,,,,,
100260014,,,,,,,,,,,,,,,,,,,,
100260667,,,,,,,,,,,,,,,,,,,,
100261452,,,,,,,,,,,,,,,,,,,,
100262044,,,,,,,,,,,,,,,,,,,,
100262627,,,,,,,,,,,,,,,,,,,,
100263533,,,,,,,,,,,,,,,,,,,,
100264206,,,,,,,,,,,,,,,,,,,,
100265424,,,,,,,,,,,,,,,,,,,,
100265942,,,,,,,,,,,,,,,,,,,,
100266471,,,,,,,,,,,,,,,,,,,,
100267053,,,,,,,,,,,,,,,,,,,,
100267813,,,,,,,,,,,,,,,,,,,,
100268265,,,,,,,,,,,,,,,,,,,,
100268726,,,,,,,,,,,,,,,,,,,,
100269376,,,,,,,,,,,,,,,,,,,,
100269955,,,,,,,,,,,,,,,,,,,,
100270446,,,,,,,,,,,,,,,,,,,,
100271267,,,,,,,,,,,,,,,,,,,,
100271671,,,,,,,,,,,,,,,,,,,,
100272102,,,,,,,,,,,,,,,,,,,,
100272550,,,,,,,,,,,,,,,,,,,,
100273074,,,,,,,,,,,,,,,,,,,,
100274504,,,,,,,,,,,,,,,,,,,,
100275372,,,,,,,,,,,,,,,,,,,,
100275827,,,,,,,,,,,,,,,,,,,,
100276266,,,,,,,,,,,,,,,,,,,,
100276708,,,,,,,,,,,,,,,,,,,,
100277340,,,,,,,,,,,,,,,,,,,,
100278151,,,,,,,,,,,,,,,,,,,,
100279129,,,,,,,,,,,,,,,,,,,,
100279640,,,,,,,,,,,,,,,,,,,,
100280550,,,,,,,,,,,,,,,,,,,,
100281340,,,,,,,,,,,,,,,,,,,,
100282012,,,,,,,,,,,,,,,,,,,,
100282864,,,,,,,,,,,,,,,,,,,,
100283180,,,,,,,,,,,,,,,,,,,,
100283701,,,,,,,,,,,,,,,,,,,,
100284082,,,,,,,,,,,,,,,,,,,,
100284581,,,,,,,,,,,,,,,,,,,,
100284981,,,,,,,,,,,,,,,,,,,,
100285532,,,,,,,,,,,,,,,,,,,,
105429014,,,,,2.0,454.0,1300.0,A,,2.0,1.0,90000.0,747.0,,380477.0,,,1.0,,
105430629,,,,,2.0,10.0,1344.0,A,,2.0,1.0,600000.0,790.0,,380477.0,,,1.0,,
105430916,,,,,2.0,407.0,1154.0,A,,5.0,1.0,60000.0,458.0,,380477.0,,,1.0,,
105431603,,,,,,,,,,,,,,,,,,,,
105431741,,,,,,,,,,,,,,,,,,,,
105431881,,,,,,,,,,,,,,,,,,,,
105432309,,,,,,,,,,,,,,,,,,,,
105432928,,,,,,,,,,,,,,,,,,,,
105433196,,,,,,,,,,,,,,,,,,,,
105433398,,,,,,,,,,,,,,,,,,,,
105433594,,,,,,,,,,,,,,,,,,,,
105433849,,,,,,,,,,,,,,,,,,,,
105434050,,,,,,,,,,,,,,,,,,,,
105434595,,,,,,,,,,,,,,,,,,,,
105434798,,,,,,,,,,,,,,,,,,,,
105447904,,,,,2.0,77.0,46.0,A,,2.0,1.0,35500.0,42.0,,380477.0,,,1.0,,
105448284,,,,,,,,,,,,,,,,,,,,
105448420,,,,,,,,,,,,,,,,,,,,
105448582,,,,,,,,,,,,,,,,,,,,
105448685,,,,,,,,,,,,,,,,,,,,
105448992,,,,,,,,,,,,,,,,,,,,
105449138,,,,,,,,,,,,,,,,,,,,
105449386,,,,,,,,,,,,,,,,,,,,
100951187,,,,,2.0,10.0,1364.0,A,,2.0,1.0,500000.0,811.0,,380477.0,,,1.0,,
100954833,77.0,1076.0,2.0,1.0,2.0,77.0,1076.0,A,,2.0,1.0,102756.0,,,380477.0,,,1.0,,
105401313,454.0,1300.0,2.0,1.0,2.0,454.0,1300.0,A,,2.0,1.0,50000.0,,,380478.0,,,1.0,,
105413098,454.0,1300.0,2.0,1.0,2.0,454.0,1300.0,A,,2.0,1.0,95150.0,,,380477.0,,,1.0,,
105414568,457.0,1313.0,2.0,1.0,2.0,457.0,1313.0,A,,2.0,1.0,124417.0,,,380477.0,,,1.0,,
105417454,77.0,1202.0,2.0,1.0,2.0,77.0,1202.0,A,,2.0,1.0,400330.0,,,380477.0,,,1.0,,
105419984,,,,,,,,,,,,,,,,,,,,
105420513,,,,,,,,,,,,,,,,,,,,
105425488,,,,,2.0,462.0,1375.0,A,,2.0,1.0,153900.0,791.0,,380477.0,,,1.0,,
105428081,,,,,2.0,462.0,1348.0,A,,2.0,1.0,250000.0,795.0,,380477.0,,,1.0,,
105428300,,,,,2.0,462.0,1375.0,A,,2.0,1.0,100000.0,791.0,,380477.0,,,1.0,,
105428593,,,,,2.0,454.0,1300.0,A,,2.0,1.0,90000.0,747.0,,380477.0,,,1.0,,
105428790,,,,,2.0,454.0,1300.0,A,,2.0,1.0,90000.0,747.0,,380476.0,,,1.0,,
105446019,,,,,2.0,462.0,1375.0,A,,2.0,1.0,5150.0,791.0,,380477.0,,,1.0,,
105446246,,,,,2.0,462.0,1375.0,A,,2.0,1.0,111000.0,791.0,,380477.0,,,1.0,,
105447295,,,,,2.0,462.0,1375.0,A,,2.0,1.0,23417.0,791.0,,380477.0,,,1.0,,
116609392,,,,,,,,,,,,,,,,,,,,
117200086,,,,,,,,,,,,,,,,,,,,
118545733,,,,,,,,,,,,,,,,,,,,
118546030,,,,,,,,,,,,,,,,,,,,
118546368,,,,,,,,,,,,,,,,,,,,
118546844,,,,,,,,,,,,,,,,,,,,
118547968,,,,,,,,,,,,,,,,,,,,
118548625,,,,,,,,,,,,,,,,,,,,
118554165,,,,,,,,,,,,,,,,,,,,
118573001,,,,,,,,,,,,,,,,,,,,
118573018,,,,,,,,,,,,,,,,,,,,
118573033,,,,,,,,,,,,,,,,,,,,
118573045,,,,,,,,,,,,,,,,,,,,
118573068,,,,,,,,,,,,,,,,,,,,
118573105,,,,,,,,,,,,,,,,,,,,
118573119,,,,,,,,,,,,,,,,,,,,
118573135,,,,,,,,,,,,,,,,,,,,
118573147,,,,,,,,,,,,,,,,,,,,
118573161,,,,,,,,,,,,,,,,,,,,
118573177,,,,,,,,,,,,,,,,,,,,
118573188,,,,,,,,,,,,,,,,,,,,
118573201,,,,,,,,,,,,,,,,,,,,
118573206,,,,,,,,,,,,,,,,,,,,
118573232,,,,,,,,,,,,,,,,,,,,
118573243,,,,,,,,,,,,,,,,,,,,
118573265,,,,,,,,,,,,,,,,,,,,
118573284,,,,,,,,,,,,,,,,,,,,
118573303,,,,,,,,,,,,,,,,,,,,
118573322,,,,,,,,,,,,,,,,,,,,
118573341,,,,,,,,,,,,,,,,,,,,
118573358,,,,,,,,,,,,,,,,,,,,
118573382,,,,,,,,,,,,,,,,,,,,
118573412,,,,,,,,,,,,,,,,,,,,
118573763,,,,,,,,,,,,,,,,,,,,
118573789,,,,,,,,,,,,,,,,,,,,
118573822,,,,,,,,,,,,,,,,,,,,
118853797,,,,,,,,,,,,,,,,,,,,
118853820,,,,,,,,,,,,,,,,,,,,
118853830,,,,,,,,,,,,,,,,,,,,
118853841,,,,,,,,,,,,,,,,,,,,
118853849,,,,,,,,,,,,,,,,,,,,
118853861,,,,,,,,,,,,,,,,,,,,
118853872,,,,,,,,,,,,,,,,,,,,
118853884,,,,,,,,,,,,,,,,,,,,
118853894,,,,,,,,,,,,,,,,,,,,
118853906,,,,,,,,,,,,,,,,,,,,
118853916,,,,,,,,,,,,,,,,,,,,
118853929,,,,,,,,,,,,,,,,,,,,
118853935,,,,,,,,,,,,,,,,,,,,
118853946,,,,,,,,,,,,,,,,,,,,
118853953,,,,,,,,,,,,,,,,,,,,
118853968,,,,,,,,,,,,,,,,,,,,
118853973,,,,,,,,,,,,,,,,,,,,
118853987,,,,,,,,,,,,,,,,,,,,
118854007,,,,,,,,,,,,,,,,,,,,
118854023,,,,,,,,,,,,,,,,,,,,
118854035,,,,,,,,,,,,,,,,,,,,
118854049,,,,,,,,,,,,,,,,,,,,
118854059,,,,,,,,,,,,,,,,,,,,
118854074,,,,,,,,,,,,,,,,,,,,
118854107,,,,,,,,,,,,,,,,,,,,
118854119,,,,,,,,,,,,,,,,,,,,
118854127,,,,,,,,,,,,,,,,,,,,
118854143,,,,,,,,,,,,,,,,,,,,
118854160,,,,,,,,,,,,,,,,,,,,
118854172,,,,,,,,,,,,,,,,,,,,
118854188,,,,,,,,,,,,,,,,,,,,
118854207,,,,,,,,,,,,,,,,,,,,
118854236,,,,,,,,,,,,,,,,,,,,
118854257,,,,,,,,,,,,,,,,,,,,
118854271,,,,,,,,,,,,,,,,,,,,
118854288,,,,,,,,,,,,,,,,,,,,
118854302,,,,,,,,,,,,,,,,,,,,
118854319,,,,,,,,,,,,,,,,,,,,
118854336,,,,,,,,,,,,,,,,,,,,
118854351,,,,,,,,,,,,,,,,,,,,
118854363,,,,,,,,,,,,,,,,,,,,
118854373,,,,,,,,,,,,,,,,,,,,
118854392,,,,,,,,,,,,,,,,,,,,
118854407,,,,,,,,,,,,,,,,,,,,
118854432,,,,,,,,,,,,,,,,,,,,
118854450,,,,,,,,,,,,,,,,,,,,
118854469,,,,,,,,,,,,,,,,,,,,
118854491,,,,,,,,,,,,,,,,,,,,
118854506,,,,,,,,,,,,,,,,,,,,
118854527,,,,,,,,,,,,,,,,,,,,
118854545,,,,,,,,,,,,,,,,,,,,
118854572,,,,,,,,,,,,,,,,,,,,
118854588,,,,,,,,,,,,,,,,,,,,
118854628,,,,,,,,,,,,,,,,,,,,
118854678,,,,,,,,,,,,,,,,,,,,
118854705,,,,,,,,,,,,,,,,,,,,
118854733,,,,,,,,,,,,,,,,,,,,
118854769,,,,,,,,,,,,,,,,,,,,
118854790,,,,,,,,,,,,,,,,,,,,
118854813,,,,,,,,,,,,,,,,,,,,
118854841,,,,,,,,,,,,,,,,,,,,
118854860,,,,,,,,,,,,,,,,,,,,
120736735,,,,,,,,,,,,,,,,,,,,
120736744,,,,,,,,,,,,,,,,,,,,
120736767,,,,,,,,,,,,,,,,,,,,
120736783,,,,,,,,,,,,,,,,,,,,
120736810,,,,,,,,,,,,,,,,,,,,
120736828,,,,,,,,,,,,,,,,,,,,
120736845,,,,,,,,,,,,,,,,,,,,
120736861,,,,,,,,,,,,,,,,,,,,
120736937,,,,,,,,,,,,,,,,,,,,
120762477,,,,,,,,,,,,,,,,,,,,
120762686,,,,,,,,,,,,,,,,,,,,
120762831,,,,,,,,,,,,,,,,,,,,
120762986,,,,,,,,,,,,,,,,,,,,
120763121,,,,,,,,,,,,,,,,,,,,
120763417,,,,,,,,,,,,,,,,,,,,
120763588,,,,,,,,,,,,,,,,,,,,
120763715,,,,,,,,,,,,,,,,,,,,
120763867,,,,,,,,,,,,,,,,,,,,
120764003,,,,,,,,,,,,,,,,,,,,
120764145,,,,,,,,,,,,,,,,,,,,
120764391,,,,,,,,,,,,,,,,,,,,
120764547,,,,,,,,,,,,,,,,,,,,
120764754,,,,,,,,,,,,,,,,,,,,
120764897,,,,,,,,,,,,,,,,,,,,
120765054,,,,,,,,,,,,,,,,,,,,
120765191,,,,,,,,,,,,,,,,,,,,
120765333,,,,,,,,,,,,,,,,,,,,
120765587,,,,,,,,,,,,,,,,,,,,
120765726,,,,,,,,,,,,,,,,,,,,
120765870,,,,,,,,,,,,,,,,,,,,
120766000,,,,,,,,,,,,,,,,,,,,
120766326,,,,,,,,,,,,,,,,,,,,
120766461,,,,,,,,,,,,,,,,,,,,
120766635,,,,,,,,,,,,,,,,,,,,
120766732,,,,,,,,,,,,,,,,,,,,
120766853,,,,,,,,,,,,,,,,,,,,
120766979,,,,,,,,,,,,,,,,,,,,
120767099,,,,,,,,,,,,,,,,,,,,
120767236,,,,,,,,,,,,,,,,,,,,
120767335,,,,,,,,,,,,,,,,,,,,
120767468,,,,,,,,,,,,,,,,,,,,
120767613,,,,,,,,,,,,,,,,,,,,
120767741,,,,,,,,,,,,,,,,,,,,
120767870,,,,,,,,,,,,,,,,,,,,
120767999,,,,,,,,,,,,,,,,,,,,
120768114,,,,,,,,,,,,,,,,,,,,
120768239,,,,,,,,,,,,,,,,,,,,
120768379,,,,,,,,,,,,,,,,,,,,
120768533,,,,,,,,,,,,,,,,,,,,
120768693,,,,,,,,,,,,,,,,,,,,
123467138,,,,,2.0,77.0,1380.0,A,,2.0,1.0,100000.0,826.0,,380477.0,,,1.0,,
123467462,,,,,2.0,77.0,1380.0,A,,2.0,1.0,100000.0,826.0,,380477.0,,,1.0,,
123469811,,,,,,,,,,,,,,,,,,,,
127632520,,,,,2.0,77.0,46.0,A,,2.0,1.0,10000.0,42.0,,380477.0,,,1.0,,
123361564,,,,,2.0,462.0,1352.0,A,,2.0,1.0,158696.0,799.0,,380477.0,,,1.0,,
123362365,,,,,2.0,60.0,1275.0,A,,2.0,1.0,130000.0,722.0,,380477.0,,,1.0,,
123362979,,,,,2.0,60.0,1275.0,A,,2.0,1.0,104534.0,722.0,,380477.0,,,1.0,,
123364401,,,,,2.0,77.0,59.0,A,,2.0,1.0,150000.0,54.0,,380476.0,,,1.0,,
123365329,,,,,2.0,77.0,1207.0,A,,2.0,1.0,100000.0,653.0,,380477.0,,,1.0,,
123369541,,,,,,,,,,,,,,,,,,,,
123375228,,,,,2.0,462.0,1346.0,A,,2.0,1.0,156000.0,793.0,,380477.0,,,1.0,,
123377827,,,,,2.0,462.0,1346.0,A,,2.0,1.0,250000.0,793.0,,380477.0,,,1.0,,
123379333,,,,,2.0,462.0,1346.0,A,,2.0,1.0,28567.0,793.0,,380477.0,,,1.0,,
123380046,,,,,2.0,454.0,1300.0,A,,2.0,1.0,72000.0,747.0,,380477.0,,,1.0,,
123381563,,,,,2.0,454.0,1300.0,A,,2.0,1.0,84000.0,747.0,,380477.0,,,1.0,,
123382448,,,,,2.0,454.0,1301.0,A,,2.0,1.0,90000.0,748.0,,380477.0,,,1.0,,
123383534,,,,,2.0,454.0,1300.0,A,,2.0,1.0,144000.0,747.0,,380477.0,,,1.0,,
123384320,,,,,2.0,454.0,1300.0,A,,2.0,1.0,40000.0,747.0,,380477.0,,,1.0,,
123385383,,,,,2.0,454.0,1300.0,A,,2.0,1.0,40000.0,747.0,,380477.0,,,1.0,,
123385938,,,,,2.0,454.0,1300.0,A,,2.0,1.0,14417.0,747.0,,380477.0,,,1.0,,
123386594,,,,,2.0,454.0,1300.0,A,,2.0,1.0,5150.0,747.0,,380477.0,,,1.0,,
123388537,,,,,2.0,77.0,37.0,A,,2.0,1.0,600000.0,33.0,,380477.0,,,1.0,,
123403421,,,,,2.0,10.0,11.0,A,,2.0,1.0,55000.0,10.0,,380477.0,,,1.0,,
127632485,,,,,2.0,451.0,1281.0,A,,2.0,1.0,52756.0,728.0,,380477.0,,,1.0,,
123404462,,,,,2.0,15.0,1205.0,A,,4.0,1.0,52756.0,508.0,,380477.0,,,1.0,,
44477929,,,,,2.0,10.0,1235.0,A,,2.0,1.0,150000.0,681.0,,380556.0,,,1.0,,
44478085,,,,,2.0,15.0,1068.0,A,,4.0,20.0,100000.0,371.0,,380556.0,,,1.0,,
44478113,,1256.0,2.0,1.0,,,,,,,,,,,,,,,,
44478149,,,,,2.0,63.0,62.0,A,,4.0,100.0,100000.0,65.0,,380525.0,,,1.0,,
44478190,,,,,2.0,63.0,62.0,A,,4.0,200.0,200000.0,65.0,,380557.0,,,1.0,,
44478236,,,,,2.0,97.0,1062.0,A,,2.0,1.0,110000.0,106.0,,380555.0,,,1.0,,
49925583,,,,,2.0,15.0,1068.0,A,,4.0,10.0,100000.0,371.0,,380556.0,,,1.0,,
49925715,,1076.0,2.0,1.0,,,,,,,,,,,,,,,,
49926196,,,,,2.0,63.0,62.0,A,,4.0,100.0,100000.0,65.0,,380525.0,,,1.0,,
49926390,,,,,2.0,63.0,62.0,A,,4.0,200.0,200000.0,65.0,,380557.0,,,1.0,,
51394139,,55.0,4.0,100.0,,,,,,,,,,,,,,,,
51398344,,1200.0,2.0,1.0,,,,,,,,,,,,,,,,
51398506,,23.0,2.0,1.0,,,,,,,,,,,,,,,,
63292706,,,,,,,,,,,,,,,,,,,,
44478035,,,,,2.0,15.0,1068.0,A,,4.0,20.0,200000.0,371.0,,380556.0,,,1.0,,
44473426,10.0,11.0,2.0,87.0,2.0,10.0,11.0,A,,2.0,87.0,,,,380556.0,,,87.0,,
44477215,,,,,2.0,10.0,2.0,A,,2.0,1.0,300000.0,2.0,,380556.0,,,1.0,,
44477294,,,,,2.0,10.0,2.0,A,,2.0,1.0,100000.0,2.0,,380556.0,,,1.0,,
44477526,63.0,62.0,4.0,1.0,2.0,63.0,62.0,A,,4.0,1.0,,,,380557.0,,,1.0,,
44477686,,,,,2.0,15.0,1068.0,A,,4.0,20.0,150000.0,371.0,,380556.0,,,1.0,,
44477723,,,,,2.0,15.0,1068.0,A,,4.0,20.0,150000.0,371.0,,380556.0,,,1.0,,
49923475,,,,,2.0,10.0,2.0,A,,2.0,1.0,150000.0,2.0,,380557.0,,,1.0,,
49923633,,,,,2.0,63.0,62.0,A,,4.0,300.0,300000.0,65.0,,380557.0,,,1.0,,
49923830,,,,,2.0,63.0,62.0,A,,4.0,250.0,250000.0,65.0,,380557.0,,,1.0,,
49924130,,,,,2.0,10.0,2.0,A,,2.0,1.0,100000.0,2.0,,380556.0,,,1.0,,
49924434,,,,,2.0,10.0,2.0,A,,2.0,1.0,150000.0,2.0,,380557.0,,,1.0,,
49924584,77.0,1076.0,2.0,1.0,2.0,77.0,1076.0,A,,2.0,1.0,,,,380555.0,,,1.0,,
49924832,,,,,2.0,15.0,1068.0,A,,4.0,20.0,400000.0,371.0,,380557.0,,,1.0,,
49925179,,,,,2.0,10.0,1156.0,A,,4.0,100.0,150000.0,551.0,,380556.0,,,1.0,,
49925355,,,,,2.0,15.0,1068.0,A,,4.0,20.0,200000.0,371.0,,380556.0,,,1.0,,
49925943,,,,,2.0,77.0,457.0,A,,2.0,1.0,110000.0,357.0,,380555.0,,,1.0,,
63292660,,,,,2.0,104.0,53.0,A,,2.0,1.0,300850.0,49.0,,380557.0,,,1.0,,
63292671,,,,,2.0,104.0,53.0,A,,2.0,1.0,514048.0,49.0,,380557.0,,,1.0,,
63292871,,,,,2.0,10.0,2.0,A,,2.0,1.0,280850.0,2.0,,380557.0,,,1.0,,
44473384,10.0,11.0,2.0,4.0,,,,,,,,,,,,,,,,
44473527,10.0,2.0,2.0,87.0,,,,,,,,,,,,,,,,
44477162,10.0,1156.0,4.0,500.0,,,,,,,,,,,,,,,,
44477360,,,,,2.0,10.0,452.0,A,,2.0,1.0,250000.0,352.0,,380557.0,,,1.0,,
44477401,,,,,2.0,63.0,62.0,A,,4.0,1.0,300000.0,65.0,,380557.0,,,1.0,,
44477441,,,,,2.0,63.0,62.0,A,,4.0,100.0,100000.0,65.0,,380555.0,,,1.0,,
44477564,104.0,53.0,2.0,1.0,,,,,,,,,,,,,,,,
44477620,104.0,53.0,2.0,1.0,,,,,,,,,,,,,,,,
44477753,,,,,2.0,15.0,1068.0,A,,4.0,20.0,100000.0,371.0,,380557.0,,,1.0,,
44477804,,,,,2.0,15.0,1068.0,A,,4.0,30.0,431702.0,371.0,,380556.0,,,1.0,,
44477840,,,,,2.0,15.0,1068.0,A,,4.0,3.0,200000.0,371.0,,380557.0,,,1.0,,
44477885,,,,,,,,,,,,,,,,,,,,
47718772,10.0,11.0,2.0,3.0,,,,,,,,,,,,,,,,
49924953,,,,,,,,,,,,,,,,,,,,
54520907,,,,,2.0,15.0,1068.0,A,,4.0,1.0,250000.0,371.0,,380556.0,,,1.0,,
54521016,,,,,2.0,63.0,62.0,A,,4.0,100.0,200000.0,65.0,,380525.0,,,1.0,,
54521070,,,,,2.0,15.0,1068.0,A,,4.0,20.0,300000.0,371.0,,380556.0,,,1.0,,
54521127,451.0,1288.0,2.0,1.0,,,,,,,,,,,,,,,,
54521249,,,,,2.0,6.0,3.0,A,,2.0,1.0,100000.0,3.0,,380557.0,,,1.0,,
54521316,,,,,2.0,77.0,1051.0,A,,2.0,1.0,150000.0,95.0,,380556.0,,,1.0,,
54521379,,,,,2.0,77.0,1051.0,A,,2.0,1.0,150000.0,95.0,,380555.0,,,1.0,,
63293148,,,,,,,,,,,,,,,,,,,,
63879515,,1235.0,2.0,1.0,,,,,,,,,,,,,,,,
64028515,,,,,2.0,10.0,1237.0,A,,2.0,1.0,75000.0,683.0,,380525.0,,,1.0,,
65478755,,,,,2.0,462.0,1345.0,A,,2.0,1.0,63998.0,792.0,,380556.0,,,1.0,,
65478977,,,,,2.0,77.0,1202.0,A,,2.0,1.0,38947.0,505.0,,380556.0,,,1.0,,
65479324,,,,,2.0,63.0,63.0,A,,2.0,1.0,63565.0,57.0,,380557.0,,,1.0,,
66450560,,1202.0,2.0,1.0,,,,,,,,,,,,,,,,
66819883,,,,,2.0,77.0,1202.0,A,,2.0,1.0,5952.0,505.0,,380556.0,,,1.0,,
64028527,60.0,1275.0,2.0,1.0,2.0,60.0,1275.0,A,,2.0,1.0,,,,380556.0,,,1.0,,
64028536,60.0,1275.0,2.0,1.0,2.0,60.0,1275.0,A,,2.0,1.0,,,,380525.0,,,1.0,,
64028546,60.0,1275.0,2.0,1.0,2.0,60.0,1275.0,A,,2.0,1.0,,,,380556.0,,,1.0,,
48344782,10.0,2.0,2.0,85.0,2.0,10.0,2.0,A,,2.0,85.0,,,,380556.0,,,85.0,,
48344833,10.0,11.0,2.0,2.0,2.0,10.0,11.0,A,,2.0,2.0,,,,380556.0,,,2.0,,
48344875,,,,,2.0,10.0,13.0,A,,2.0,1.0,350000.0,650.0,,380555.0,,,1.0,,
48345021,,,,,2.0,63.0,62.0,A,,4.0,10.0,360000.0,65.0,,380556.0,,,1.0,,
48345342,,,,,2.0,10.0,13.0,A,,2.0,1.0,350000.0,650.0,,380557.0,,,1.0,,
48345420,,,,,2.0,15.0,1068.0,A,,4.0,20.0,100000.0,371.0,,380557.0,,,1.0,,
63292618,,,,,2.0,104.0,53.0,A,,2.0,1.0,985952.0,49.0,,380556.0,,,1.0,,
65478931,,,,,2.0,462.0,1346.0,A,,2.0,1.0,351904.0,793.0,,380555.0,,,1.0,,
65479238,,,,,2.0,10.0,1237.0,A,,2.0,1.0,86002.0,683.0,,380556.0,,,1.0,,
65479275,,,,,2.0,454.0,1300.0,A,,2.0,1.0,316860.0,725.0,,380556.0,,,1.0,,
66450063,,,,,2.0,454.0,1300.0,A,,2.0,1.0,100000.0,747.0,,380556.0,,,1.0,,
66819847,,,,,,,,,,,,,,,,,,,,
48344916,,,,,2.0,10.0,1156.0,A,,4.0,150.0,150000.0,551.0,,380556.0,,,1.0,,
48344965,,,,,2.0,63.0,62.0,A,,4.0,400.0,380425.0,65.0,,380557.0,,,1.0,,
48345115,,,,,2.0,10.0,2.0,A,,2.0,1.0,80000.0,2.0,,380556.0,,,1.0,,
48345221,,,,,2.0,10.0,2.0,A,,2.0,1.0,80000.0,2.0,,380557.0,,,1.0,,
48345257,,,,,2.0,10.0,2.0,A,,2.0,1.0,80000.0,2.0,,380556.0,,,1.0,,
48345308,,,,,2.0,77.0,1202.0,A,,2.0,1.0,100000.0,505.0,,380557.0,,,1.0,,
48345381,,,,,2.0,15.0,1068.0,A,,4.0,20.0,100000.0,371.0,,380557.0,,,1.0,,
48345496,77.0,44.0,2.0,1.0,,,,,,,,,,,,,,,,
48345564,,,,,2.0,77.0,1202.0,A,,2.0,1.0,250000.0,505.0,,380557.0,,,1.0,,
48345610,,,,,2.0,63.0,29.0,A,,2.0,1.0,200000.0,26.0,,380557.0,,,1.0,,
48345648,,,,,,,,,,,,,,,,,,,,
48345725,,,,,2.0,10.0,2.0,A,,2.0,1.0,75000.0,2.0,,380525.0,,,1.0,,
48345775,103.0,38.0,2.0,1.0,,,,,,,,,,,,,,,,
48345803,103.0,38.0,2.0,1.0,,,,,,,,,,,,,,,,
48345889,103.0,38.0,2.0,1.0,,,,,,,,,,,,,,,,
48345951,,,,,2.0,15.0,1068.0,A,,4.0,20.0,200000.0,371.0,,380557.0,,,1.0,,
48345995,,,,,2.0,15.0,1068.0,A,,4.0,30.0,300000.0,371.0,,380556.0,,,1.0,,
48346038,,,,,2.0,63.0,62.0,A,,4.0,300.0,300000.0,65.0,,380557.0,,,1.0,,
48346086,63.0,62.0,4.0,100.0,2.0,63.0,62.0,A,,4.0,100.0,100000.0,65.0,,380555.0,,,1.0,,
48346134,,,,,2.0,106.0,1251.0,A,,2.0,1.0,100000.0,697.0,,380557.0,,,1.0,,
48346170,,,,,,,,,,,,,,,,,,,,
48346224,,,,,2.0,77.0,1076.0,A,,2.0,1.0,1182902.0,380.0,,380556.0,,,1.0,,
54520682,,,,,2.0,10.0,2.0,A,,2.0,1.0,8000.0,2.0,,380556.0,,,1.0,,
54520962,,,,,2.0,454.0,1300.0,A,,2.0,1.0,90000.0,725.0,,380556.0,,,1.0,,
54759995,,,,,2.0,63.0,62.0,A,,4.0,100.0,380425.0,65.0,,380557.0,,,1.0,,
54760018,,,,,2.0,63.0,29.0,A,,2.0,1.0,200851.0,26.0,,380557.0,,,1.0,,
61947349,,,,,,,,,,,,,,,,,,,,
61947618,77.0,1076.0,2.0,1.0,,,,,,,,,,,,,,,,
65260102,,,,,2.0,454.0,1300.0,A,,2.0,1.0,90000.0,747.0,,380555.0,,,1.0,,
65260477,451.0,1281.0,2.0,1.0,,,,,,,,,,,,,,,,
65261170,451.0,1287.0,2.0,1.0,,,,,,,,,,,,,,,,
65261867,,55.0,4.0,100.0,,,,,,,,,,,,,,,,
65311537,,1202.0,2.0,1.0,,,,,,,,,,,,,,,,
66670220,,,,,2.0,454.0,1300.0,A,,2.0,1.0,90000.0,747.0,,380556.0,,,1.0,,
65260513,451.0,1281.0,2.0,1.0,2.0,451.0,1281.0,A,,2.0,1.0,8000.0,,,380556.0,,,1.0,,
64747839,,,,,2.0,63.0,63.0,A,,2.0,1.0,90000.0,57.0,,380557.0,,,1.0,,
64747969,,,,,2.0,454.0,1300.0,A,,2.0,1.0,90000.0,747.0,,380557.0,,,1.0,,
65260067,,,,,2.0,454.0,1300.0,A,,2.0,1.0,90000.0,747.0,,380525.0,,,1.0,,
65260165,,,,,2.0,454.0,1300.0,A,,2.0,1.0,90000.0,747.0,,380557.0,,,1.0,,
65260264,,,,,2.0,451.0,1281.0,A,,2.0,1.0,10500.0,728.0,,380556.0,,,1.0,,
65260294,,,,,2.0,451.0,1281.0,A,,2.0,1.0,10500.0,728.0,,380525.0,,,1.0,,
65260325,,,,,2.0,451.0,1281.0,A,,2.0,1.0,10500.0,728.0,,380555.0,,,1.0,,
65260337,,,,,2.0,451.0,1281.0,A,,2.0,1.0,10500.0,728.0,,380557.0,,,1.0,,
65260362,,,,,2.0,451.0,1281.0,A,,2.0,1.0,10500.0,728.0,,380556.0,,,1.0,,
65260618,,,,,2.0,462.0,1345.0,A,,2.0,1.0,200000.0,792.0,,380556.0,,,1.0,,
65260704,,,,,2.0,462.0,1346.0,A,,2.0,1.0,330000.0,793.0,,380557.0,,,1.0,,
65260734,,,,,2.0,10.0,1237.0,A,,2.0,1.0,74347.0,683.0,,380556.0,,,1.0,,
65260847,,,,,2.0,457.0,1313.0,A,,2.0,1.0,300000.0,760.0,,380556.0,,,1.0,,
65261025,,,,,2.0,106.0,1252.0,A,,2.0,1.0,300000.0,698.0,,380557.0,,,1.0,,
65261048,,,,,,,,,,,,,,,,,,,,
65261104,,,,,2.0,451.0,1281.0,A,,2.0,1.0,30000.0,728.0,,380556.0,,,1.0,,
65261308,451.0,1376.0,2.0,1.0,2.0,451.0,1376.0,A,,2.0,1.0,230000.0,,,380556.0,,,1.0,,
65261636,462.0,1345.0,2.0,1.0,2.0,462.0,1345.0,A,,2.0,1.0,100000.0,,,380556.0,,,1.0,,
65261664,,,,,,,,,,,,,,,,,,,,
65311838,,,,,2.0,10.0,1237.0,A,,2.0,1.0,96000.0,683.0,,380556.0,,,1.0,,
66670204,,,,,2.0,454.0,1300.0,A,,2.0,1.0,90000.0,747.0,,380556.0,,,1.0,,
66670233,63.0,63.0,2.0,1.0,2.0,63.0,63.0,A,,2.0,1.0,,,,380556.0,,,1.0,,
66670247,,,,,2.0,60.0,1208.0,A,,2.0,1.0,174000.0,654.0,,380556.0,,,1.0,,
66670256,,,,,2.0,462.0,1349.0,A,,2.0,1.0,70500.0,796.0,,380525.0,,,1.0,,
86744952,,,,,2.0,457.0,1313.0,A,,2.0,1.0,300000.0,760.0,,380556.0,,,1.0,,
106408324,,,,,1.0,455.0,1286.0,A,,2.0,1.0,75000.0,733.0,,380556.0,,,1.0,,
65260129,,,,,2.0,454.0,1300.0,A,,2.0,1.0,90000.0,747.0,,380556.0,,,1.0,,
65260186,,,,,2.0,454.0,1300.0,A,,2.0,1.0,90000.0,747.0,,380556.0,,,1.0,,
65260821,,,,,2.0,457.0,1313.0,A,,2.0,1.0,300000.0,760.0,,380556.0,,,1.0,,
65261431,451.0,1287.0,,1.0,,,,,,,,,,,,,,,,
65261482,,,,,,,,,,,,,,,,,,,,
65261514,,,,,2.0,10.0,1237.0,A,,2.0,1.0,70500.0,683.0,,380556.0,,,1.0,,
65261795,,,,,2.0,77.0,1202.0,A,,2.0,1.0,300000.0,505.0,,380525.0,,,1.0,,
65261838,97.0,1062.0,2.0,1.0,,,,,,,,,,,,,,,,
72812194,,,,,2.0,457.0,1316.0,A,,2.0,1.0,175000.0,763.0,,380556.0,,,1.0,,
72826065,,,,,2.0,77.0,1202.0,A,,2.0,1.0,300000.0,505.0,,380525.0,,,1.0,,
76402992,,,,,,,,,,,,,,,,,,,,
76404396,,,,,,,,,,,,,,,,,,,,
76405150,,,,,,,,,,,,,,,,,,,,
76406237,,,,,,,,,,,,,,,,,,,,
76407193,,,,,,,,,,,,,,,,,,,,
76408010,,,,,,,,,,,,,,,,,,,,
76408628,,,,,,,,,,,,,,,,,,,,
76409556,,,,,,,,,,,,,,,,,,,,
76425258,,,,,,,,,,,,,,,,,,,,
76425872,,,,,,,,,,,,,,,,,,,,
76426434,,,,,,,,,,,,,,,,,,,,
76426939,,,,,,,,,,,,,,,,,,,,
76427404,,,,,,,,,,,,,,,,,,,,
76428277,,,,,,,,,,,,,,,,,,,,
76428846,,,,,,,,,,,,,,,,,,,,
76429659,,,,,,,,,,,,,,,,,,,,
76432059,,,,,,,,,,,,,,,,,,,,
76432818,,,,,,,,,,,,,,,,,,,,
76433385,,,,,,,,,,,,,,,,,,,,
76435734,,,,,,,,,,,,,,,,,,,,
76436436,,,,,,,,,,,,,,,,,,,,
76436760,,,,,,,,,,,,,,,,,,,,
76438436,,,,,,,,,,,,,,,,,,,,
76438787,,,,,,,,,,,,,,,,,,,,
76439053,,,,,,,,,,,,,,,,,,,,
76439364,,,,,,,,,,,,,,,,,,,,
76439520,,,,,,,,,,,,,,,,,,,,
76439796,,,,,,,,,,,,,,,,,,,,
76440329,,,,,,,,,,,,,,,,,,,,
76440646,,,,,,,,,,,,,,,,,,,,
76441569,,,,,,,,,,,,,,,,,,,,
76441905,,,,,,,,,,,,,,,,,,,,
76442273,,,,,,,,,,,,,,,,,,,,
76442746,,,,,,,,,,,,,,,,,,,,
76443071,,,,,,,,,,,,,,,,,,,,
76500302,,,,,,,,,,,,,,,,,,,,
76510728,,,,,,,,,,,,,,,,,,,,
76525326,,,,,,,,,,,,,,,,,,,,
76552922,77.0,46.0,2.0,1.0,,,,,,,,,,,,,,,,
77298721,,,,,,,,,,,,,,,,,,,,
77299816,,,,,,,,,,,,,,,,,,,,
77300850,,,,,,,,,,,,,,,,,,,,
77302258,,,,,,,,,,,,,,,,,,,,
77303012,,,,,,,,,,,,,,,,,,,,
77303763,,,,,,,,,,,,,,,,,,,,
77305047,,,,,,,,,,,,,,,,,,,,
77305610,,,,,,,,,,,,,,,,,,,,
77306121,,,,,,,,,,,,,,,,,,,,
77311028,,,,,2.0,4.0,1026.0,A,,4.0,1.0,400000.0,80.0,,380557.0,,,1.0,,
77311811,,,,,2.0,4.0,1026.0,A,,4.0,1.0,400000.0,80.0,,380525.0,,,1.0,,
77314195,,,,,2.0,4.0,1026.0,A,,4.0,1.0,400000.0,80.0,,380555.0,,,1.0,,
77317346,,,,,2.0,97.0,55.0,A,,4.0,1.0,500000.0,64.0,,380556.0,,,1.0,,
77322951,,,,,2.0,407.0,1154.0,A,,5.0,1.0,100000.0,458.0,,380556.0,,,1.0,,
77325471,,,,,2.0,407.0,1154.0,A,,5.0,1.0,100000.0,458.0,,380557.0,,,1.0,,
77326350,,,,,2.0,407.0,1153.0,A,,5.0,1.0,300000.0,457.0,,380525.0,,,1.0,,
77419693,,,,,2.0,407.0,1153.0,A,,5.0,1.0,100000.0,457.0,,380556.0,,,1.0,,
77421359,,,,,2.0,77.0,1380.0,A,,2.0,1.0,100000.0,826.0,,380556.0,,,1.0,,
77422777,,,,,,,,,,,,,,,,,,,,
77424078,,,,,,,,,,,,,,,,,,,,
77424953,,,,,,,,,,,,,,,,,,,,
77425511,,,,,,,,,,,,,,,,,,,,
77426468,,,,,,,,,,,,,,,,,,,,
77427172,,,,,,,,,,,,,,,,,,,,
77428544,,,,,,,,,,,,,,,,,,,,
77429178,,,,,,,,,,,,,,,,,,,,
77430193,,,,,,,,,,,,,,,,,,,,
77431286,,,,,,,,,,,,,,,,,,,,
77432161,,,,,,,,,,,,,,,,,,,,
77433423,,,,,,,,,,,,,,,,,,,,
77435131,,,,,,,,,,,,,,,,,,,,
77435599,,,,,,,,,,,,,,,,,,,,
77436116,,,,,,,,,,,,,,,,,,,,
77436698,,,,,,,,,,,,,,,,,,,,
77437835,,,,,,,,,,,,,,,,,,,,
77438509,,,,,,,,,,,,,,,,,,,,
77439131,,,,,,,,,,,,,,,,,,,,
78214359,,,,,,,,,,,,,,,,,,,,
78215035,,,,,,,,,,,,,,,,,,,,
78215661,,,,,,,,,,,,,,,,,,,,
78219276,,,,,,,,,,,,,,,,,,,,
78220390,,,,,,,,,,,,,,,,,,,,
78222690,,,,,,,,,,,,,,,,,,,,
78223142,,,,,,,,,,,,,,,,,,,,
78224197,,,,,,,,,,,,,,,,,,,,
78227113,,,,,,,,,,,,,,,,,,,,
78227455,,,,,,,,,,,,,,,,,,,,
78227887,,,,,,,,,,,,,,,,,,,,
78228410,,,,,,,,,,,,,,,,,,,,
78228832,,,,,,,,,,,,,,,,,,,,
78230827,,,,,,,,,,,,,,,,,,,,
78231012,,,,,,,,,,,,,,,,,,,,
78231262,,,,,,,,,,,,,,,,,,,,
78231346,,,,,,,,,,,,,,,,,,,,
78231559,,,,,,,,,,,,,,,,,,,,
78231663,,,,,,,,,,,,,,,,,,,,
78231762,,,,,,,,,,,,,,,,,,,,
78231831,,,,,,,,,,,,,,,,,,,,
78231899,,,,,,,,,,,,,,,,,,,,
78231954,,,,,,,,,,,,,,,,,,,,
78232009,,,,,,,,,,,,,,,,,,,,
78232055,,,,,,,,,,,,,,,,,,,,
78232133,,,,,,,,,,,,,,,,,,,,
78232258,,,,,,,,,,,,,,,,,,,,
78232298,,,,,,,,,,,,,,,,,,,,
78232352,,,,,,,,,,,,,,,,,,,,
78232399,,,,,,,,,,,,,,,,,,,,
78232440,,,,,,,,,,,,,,,,,,,,
78232511,,,,,2.0,10.0,1344.0,A,,2.0,1.0,500000.0,790.0,,380556.0,,,1.0,,
78232615,,,,,,,,,,,,,,,,,,,,
78232658,,,,,,,,,,,,,,,,,,,,
78232694,,,,,,,,,,,,,,,,,,,,
78232725,,,,,,,,,,,,,,,,,,,,
78232746,,,,,,,,,,,,,,,,,,,,
78250613,,,,,,,,,,,,,,,,,,,,
78250913,,,,,,,,,,,,,,,,,,,,
78251380,,,,,,,,,,,,,,,,,,,,
78251954,,,,,,,,,,,,,,,,,,,,
78252430,,,,,,,,,,,,,,,,,,,,
78252904,,,,,,,,,,,,,,,,,,,,
78253591,,,,,,,,,,,,,,,,,,,,
78254516,,,,,,,,,,,,,,,,,,,,
78255601,,,,,,,,,,,,,,,,,,,,
78256337,,,,,,,,,,,,,,,,,,,,
78261587,,,,,,,,,,,,,,,,,,,,
78261957,,,,,,,,,,,,,,,,,,,,
80418665,,,,,,,,,,,,,,,,,,,,
80419994,,,,,,,,,,,,,,,,,,,,
80420701,4.0,64.0,2.0,1.0,,,,,,,,,,,,,,,,
80420940,4.0,64.0,2.0,1.0,,,,,,,,,,,,,,,,
80421118,4.0,64.0,2.0,1.0,,,,,,,,,,,,,,,,
80421320,4.0,64.0,2.0,1.0,,,,,,,,,,,,,,,,
80421611,457.0,1313.0,2.0,1.0,,,,,,,,,,,,,,,,
80421817,457.0,1313.0,2.0,1.0,,,,,,,,,,,,,,,,
80422546,457.0,1313.0,2.0,1.0,,,,,,,,,,,,,,,,
80422861,457.0,1313.0,2.0,1.0,,,,,,,,,,,,,,,,
80423076,,,,,,,,,,,,,,,,,,,,
80423648,,,,,2.0,462.0,1345.0,A,,2.0,1.0,100000.0,792.0,,380556.0,,,1.0,,
80424167,,,,,2.0,77.0,1076.0,A,,2.0,1.0,50000.0,380.0,,380556.0,,,1.0,,
80424629,15.0,459.0,4.0,1.0,,,,,,,,,,,,,,,,
80424838,15.0,459.0,4.0,1.0,,,,,,,,,,,,,,,,
80425095,15.0,459.0,4.0,1.0,,,,,,,,,,,,,,,,
80425438,15.0,459.0,4.0,1.0,,,,,,,,,,,,,,,,
80429642,,,,,,,,,,,,,,,,,,,,
80429959,,,,,,,,,,,,,,,,,,,,
80475911,,,,,,,,,,,,,,,,,,,,
80476833,,,,,,,,,,,,,,,,,,,,
80477240,,,,,,,,,,,,,,,,,,,,
80479476,,,,,,,,,,,,,,,,,,,,
80479778,,,,,,,,,,,,,,,,,,,,
80479993,,,,,,,,,,,,,,,,,,,,
80480228,,,,,,,,,,,,,,,,,,,,
80480438,,,,,,,,,,,,,,,,,,,,
80480624,,,,,,,,,,,,,,,,,,,,
80480841,,,,,,,,,,,,,,,,,,,,
80481044,,,,,,,,,,,,,,,,,,,,
80481237,,,,,,,,,,,,,,,,,,,,
80481444,,,,,,,,,,,,,,,,,,,,
80481631,,,,,,,,,,,,,,,,,,,,
80481909,,,,,,,,,,,,,,,,,,,,
80482146,,,,,,,,,,,,,,,,,,,,
80482357,,,,,,,,,,,,,,,,,,,,
80482561,,,,,,,,,,,,,,,,,,,,
80482745,,,,,,,,,,,,,,,,,,,,
80482965,,,,,,,,,,,,,,,,,,,,
80483176,,,,,,,,,,,,,,,,,,,,
80483375,,,,,,,,,,,,,,,,,,,,
80483646,,,,,,,,,,,,,,,,,,,,
80485069,,,,,,,,,,,,,,,,,,,,
80485315,,,,,,,,,,,,,,,,,,,,
80485616,,,,,,,,,,,,,,,,,,,,
80485918,,,,,,,,,,,,,,,,,,,,
80486116,,,,,,,,,,,,,,,,,,,,
80486304,,,,,,,,,,,,,,,,,,,,
80486517,,,,,,,,,,,,,,,,,,,,
80486765,,,,,,,,,,,,,,,,,,,,
80486927,,,,,,,,,,,,,,,,,,,,
81590256,,,,,2.0,60.0,1208.0,A,,2.0,1.0,136020.0,654.0,,380556.0,,,1.0,,
81593560,451.0,1281.0,2.0,1.0,,,,,,,,,,,,,,,,
81599593,,,,,,,,,,,,,,,,,,,,
81645550,,,,,,,,,,,,,,,,,,,,
81645859,,,,,,,,,,,,,,,,,,,,
81646461,,,,,,,,,,,,,,,,,,,,
81646880,,,,,,,,,,,,,,,,,,,,
81771730,,,,,2.0,77.0,1202.0,A,,2.0,1.0,30000.0,505.0,,380556.0,,,1.0,,
81774471,,,,,,,,,,,,,,,,,,,,
81775421,,,,,,,,,,,,,,,,,,,,
81776278,,,,,,,,,,,,,,,,,,,,
81777162,,,,,,,,,,,,,,,,,,,,
81777679,,,,,,,,,,,,,,,,,,,,
81779353,,,,,,,,,,,,,,,,,,,,
81780035,,,,,,,,,,,,,,,,,,,,
81780649,,,,,,,,,,,,,,,,,,,,
81781440,,,,,1.0,463.0,1350.0,A,,2.0,1.0,15160.0,797.0,,380556.0,,,1.0,,
81782402,,,,,,,,,,,,,,,,,,,,
81784075,63.0,63.0,2.0,1.0,,,,,,,,,,,,,,,,
81784381,462.0,1346.0,2.0,1.0,,,,,,,,,,,,,,,,
81784590,,,,,2.0,77.0,1202.0,A,,2.0,1.0,30000.0,505.0,,380556.0,,,1.0,,
81784930,,,,,2.0,10.0,26.0,A,,2.0,1.0,100000.0,23.0,,380556.0,,,1.0,,
81785281,,,,,,,,,,,,,,,,,,,,
81785534,,,,,2.0,15.0,458.0,A,,4.0,1.0,50000.0,358.0,,380556.0,,,1.0,,
81785702,462.0,1346.0,2.0,1.0,,,,,,,,,,,,,,,,
81785852,77.0,1202.0,2.0,1.0,,,,,,,,,,,,,,,,
81786019,,,,,,,,,,,,,,,,,,,,
81786319,,,,,,,,,,,,,,,,,,,,
81787038,,,,,,,,,,,,,,,,,,,,
81787197,,,,,,,,,,,,,,,,,,,,
81787444,,,,,,,,,,,,,,,,,,,,
81787609,,,,,,,,,,,,,,,,,,,,
81787828,,,,,,,,,,,,,,,,,,,,
81787977,77.0,1202.0,2.0,1.0,,,,,,,,,,,,,,,,
81788084,10.0,452.0,2.0,1.0,,,,,,,,,,,,,,,,
72808716,,,,,2.0,457.0,1317.0,A,,2.0,1.0,90000.0,764.0,,380556.0,,,1.0,,
72809584,,,,,2.0,454.0,1300.0,A,,2.0,1.0,90000.0,747.0,,380556.0,,,1.0,,
72816180,,,,,2.0,10.0,1235.0,A,,2.0,1.0,350000.0,681.0,,380557.0,,,1.0,,
72817945,104.0,53.0,2.0,1.0,2.0,104.0,53.0,A,,2.0,1.0,300000.0,,,380525.0,,,1.0,,
72820363,,,,,2.0,63.0,63.0,A,,2.0,1.0,150000.0,57.0,,380556.0,,,1.0,,
72822074,,,,,2.0,10.0,452.0,A,,2.0,1.0,133796.0,352.0,,380556.0,,,1.0,,
72824489,,,,,2.0,10.0,10.0,A,,2.0,1.0,70000.0,9.0,,380556.0,,,1.0,,
72824864,,,,,2.0,10.0,1235.0,A,,2.0,1.0,410000.0,681.0,,380556.0,,,1.0,,
72825391,,,,,2.0,77.0,1076.0,A,,2.0,1.0,100000.0,380.0,,380556.0,,,1.0,,
81591232,,,,,1.0,301.0,1274.0,A,,2.0,1.0,350000.0,721.0,,380556.0,,,1.0,,
81594222,,,,,2.0,454.0,1300.0,A,,2.0,1.0,200000.0,747.0,,380556.0,,,1.0,,
81595644,457.0,1313.0,2.0,1.0,2.0,457.0,1313.0,A,,2.0,1.0,50000.0,,,380556.0,,,1.0,,
81596860,462.0,1360.0,2.0,1.0,2.0,462.0,1360.0,A,,2.0,1.0,80000.0,,,380556.0,,,1.0,,
81598620,,,,,2.0,77.0,1202.0,A,,2.0,1.0,100000.0,505.0,,380556.0,,,1.0,,
81598941,77.0,1202.0,2.0,1.0,2.0,77.0,1202.0,A,,2.0,1.0,300000.0,,,380556.0,,,1.0,,
81600042,,,,,,,,,,,,,,,,,,,,
81644529,,,,,1.0,463.0,1350.0,A,,2.0,1.0,96000.0,797.0,,380556.0,,,1.0,,
81644785,462.0,1345.0,2.0,1.0,2.0,462.0,1345.0,A,,2.0,1.0,182498.0,,,380556.0,,,1.0,,
81644988,,,,,1.0,455.0,1287.0,A,,2.0,1.0,72000.0,734.0,,380556.0,,,1.0,,
96877019,,,,,,,,,,,,,,,,,,,,
96878447,,,,,,,,,,,,,,,,,,,,
96879867,,,,,,,,,,,,,,,,,,,,
98112862,,,,,,,,,,,,,,,,,,,,
98113484,,,,,,,,,,,,,,,,,,,,
98114057,,,,,,,,,,,,,,,,,,,,
98114717,,,,,,,,,,,,,,,,,,,,
98115326,77.0,1202.0,2.0,1.0,,,,,,,,,,,,,,,,
98116490,77.0,1202.0,2.0,1.0,,,,,,,,,,,,,,,,
98117339,97.0,55.0,4.0,1.0,,,,,,,,,,,,,,,,
98117977,,,,,2.0,97.0,1062.0,A,,2.0,1.0,300000.0,106.0,,380556.0,,,1.0,,
98119200,,,,,2.0,77.0,1202.0,A,,2.0,1.0,50000.0,505.0,,380556.0,,,1.0,,
98120035,,,,,2.0,77.0,1202.0,A,,2.0,1.0,100000.0,505.0,,380556.0,,,1.0,,
98120862,,,,,,,,,,,,,,,,,,,,
98121326,,,,,,,,,,,,,,,,,,,,
98121930,,,,,1.0,463.0,1350.0,A,,2.0,1.0,80000.0,797.0,,380556.0,,,1.0,,
98124802,,,,,1.0,301.0,1116.0,A,,2.0,1.0,50000.0,419.0,,380556.0,,,1.0,,
98126379,,,,,,,,,,,,,,,,,,,,
98130296,,,,,,,,,,,,,,,,,,,,
98132043,,,,,,,,,,,,,,,,,,,,
98132436,,,,,,,,,,,,,,,,,,,,
98132977,,,,,,,,,,,,,,,,,,,,
98135059,,,,,,,,,,,,,,,,,,,,
98135488,,,,,,,,,,,,,,,,,,,,
98136545,,,,,,,,,,,,,,,,,,,,
98137764,,,,,,,,,,,,,,,,,,,,
98365806,,,,,,,,,,,,,,,,,,,,
98365950,,,,,,,,,,,,,,,,,,,,
98366164,,,,,,,,,,,,,,,,,,,,
98366313,,,,,,,,,,,,,,,,,,,,
98366455,,,,,,,,,,,,,,,,,,,,
98380589,,,,,,,,,,,,,,,,,,,,
98380894,,,,,,,,,,,,,,,,,,,,
98396114,,,,,,,,,,,,,,,,,,,,
98396578,,,,,,,,,,,,,,,,,,,,
98397253,,,,,,,,,,,,,,,,,,,,
98399600,,,,,,,,,,,,,,,,,,,,
98400985,,,,,,,,,,,,,,,,,,,,
98402041,,,,,,,,,,,,,,,,,,,,
98416400,,,,,,,,,,,,,,,,,,,,
98416894,,,,,,,,,,,,,,,,,,,,
98418117,,,,,,,,,,,,,,,,,,,,
98418536,,,,,,,,,,,,,,,,,,,,
98420443,,,,,,,,,,,,,,,,,,,,
98420937,,,,,,,,,,,,,,,,,,,,
98421328,,,,,,,,,,,,,,,,,,,,
98421760,,,,,,,,,,,,,,,,,,,,
98422291,,,,,,,,,,,,,,,,,,,,
98422860,,,,,,,,,,,,,,,,,,,,
98423311,,,,,,,,,,,,,,,,,,,,
98423821,,,,,,,,,,,,,,,,,,,,
98424481,,,,,,,,,,,,,,,,,,,,
98425594,,,,,,,,,,,,,,,,,,,,
98427667,,,,,,,,,,,,,,,,,,,,
98429670,,,,,,,,,,,,,,,,,,,,
98430440,,,,,,,,,,,,,,,,,,,,
98431068,,,,,,,,,,,,,,,,,,,,
98431834,,,,,,,,,,,,,,,,,,,,
98432705,,,,,,,,,,,,,,,,,,,,
98433042,,,,,,,,,,,,,,,,,,,,
98433518,,,,,,,,,,,,,,,,,,,,
98433794,,,,,,,,,,,,,,,,,,,,
98434364,,,,,,,,,,,,,,,,,,,,
98434818,,,,,,,,,,,,,,,,,,,,
98435103,,,,,,,,,,,,,,,,,,,,
98435459,,,,,,,,,,,,,,,,,,,,
98436027,,,,,,,,,,,,,,,,,,,,
98436465,,,,,,,,,,,,,,,,,,,,
98436818,,,,,,,,,,,,,,,,,,,,
98449179,,,,,,,,,,,,,,,,,,,,
98457128,,,,,,,,,,,,,,,,,,,,
98457372,,,,,,,,,,,,,,,,,,,,
98457656,,,,,,,,,,,,,,,,,,,,
98457802,,,,,,,,,,,,,,,,,,,,
98458082,,,,,,,,,,,,,,,,,,,,
98458414,,,,,,,,,,,,,,,,,,,,
98458672,,,,,,,,,,,,,,,,,,,,
98459385,,,,,,,,,,,,,,,,,,,,
98459636,,,,,,,,,,,,,,,,,,,,
98459756,,,,,,,,,,,,,,,,,,,,
98459981,,,,,,,,,,,,,,,,,,,,
98460306,,,,,,,,,,,,,,,,,,,,
98460598,,,,,,,,,,,,,,,,,,,,
98460631,,,,,,,,,,,,,,,,,,,,
98460747,,,,,,,,,,,,,,,,,,,,
98460871,,,,,,,,,,,,,,,,,,,,
98461086,,,,,,,,,,,,,,,,,,,,
98461189,,,,,,,,,,,,,,,,,,,,
98461306,,,,,,,,,,,,,,,,,,,,
98461611,,,,,,,,,,,,,,,,,,,,
98499749,,,,,,,,,,,,,,,,,,,,
98499875,,,,,,,,,,,,,,,,,,,,
98499976,,,,,,,,,,,,,,,,,,,,
98500099,,,,,,,,,,,,,,,,,,,,
98500191,,,,,,,,,,,,,,,,,,,,
98500311,,,,,,,,,,,,,,,,,,,,
98500379,,,,,,,,,,,,,,,,,,,,
98500477,,,,,,,,,,,,,,,,,,,,
98500543,,,,,,,,,,,,,,,,,,,,
98500622,,,,,,,,,,,,,,,,,,,,
98500758,,,,,,,,,,,,,,,,,,,,
98500854,,,,,,,,,,,,,,,,,,,,
98501026,,,,,,,,,,,,,,,,,,,,
98501289,,,,,,,,,,,,,,,,,,,,
98501394,,,,,,,,,,,,,,,,,,,,
98501605,,,,,,,,,,,,,,,,,,,,
98516901,,,,,,,,,,,,,,,,,,,,
98516953,,,,,,,,,,,,,,,,,,,,
98517040,,,,,,,,,,,,,,,,,,,,
98517148,,,,,,,,,,,,,,,,,,,,
98517280,,,,,,,,,,,,,,,,,,,,
98517465,,,,,,,,,,,,,,,,,,,,
98517667,,,,,,,,,,,,,,,,,,,,
98520349,,,,,,,,,,,,,,,,,,,,
98521429,,,,,,,,,,,,,,,,,,,,
98521720,,,,,,,,,,,,,,,,,,,,
98522414,,,,,,,,,,,,,,,,,,,,
98523130,,,,,,,,,,,,,,,,,,,,
98523695,,,,,,,,,,,,,,,,,,,,
98523895,,,,,,,,,,,,,,,,,,,,
98524587,,,,,,,,,,,,,,,,,,,,
98526631,,,,,,,,,,,,,,,,,,,,
98526851,,,,,,,,,,,,,,,,,,,,
98527688,,,,,,,,,,,,,,,,,,,,
98528184,,,,,,,,,,,,,,,,,,,,
98528362,,,,,,,,,,,,,,,,,,,,
98528487,,,,,,,,,,,,,,,,,,,,
98532184,,,,,,,,,,,,,,,,,,,,
98533310,,,,,,,,,,,,,,,,,,,,
98533681,,,,,,,,,,,,,,,,,,,,
98534097,,,,,,,,,,,,,,,,,,,,
98534387,,,,,,,,,,,,,,,,,,,,
98534599,,,,,,,,,,,,,,,,,,,,
98535131,,,,,,,,,,,,,,,,,,,,
98535472,,,,,,,,,,,,,,,,,,,,
98535842,,,,,,,,,,,,,,,,,,,,
98536057,,,,,,,,,,,,,,,,,,,,
98536445,,,,,,,,,,,,,,,,,,,,
98538037,,,,,,,,,,,,,,,,,,,,
98538610,,,,,,,,,,,,,,,,,,,,
98539403,,,,,,,,,,,,,,,,,,,,
98565533,,,,,,,,,,,,,,,,,,,,
98565764,,,,,,,,,,,,,,,,,,,,
98566118,,,,,,,,,,,,,,,,,,,,
98566349,,,,,,,,,,,,,,,,,,,,
98566607,,,,,,,,,,,,,,,,,,,,
98566930,,,,,,,,,,,,,,,,,,,,
98567155,,,,,,,,,,,,,,,,,,,,
98567573,,,,,,,,,,,,,,,,,,,,
98568145,,,,,,,,,,,,,,,,,,,,
98572677,,,,,,,,,,,,,,,,,,,,
98573214,,,,,,,,,,,,,,,,,,,,
98573659,,,,,,,,,,,,,,,,,,,,
98574123,,,,,,,,,,,,,,,,,,,,
98574533,,,,,,,,,,,,,,,,,,,,
98575740,,,,,,,,,,,,,,,,,,,,
98576201,,,,,,,,,,,,,,,,,,,,
98576709,,,,,,,,,,,,,,,,,,,,
98577240,,,,,,,,,,,,,,,,,,,,
98577711,,,,,,,,,,,,,,,,,,,,
98578309,,,,,,,,,,,,,,,,,,,,
98578806,,,,,,,,,,,,,,,,,,,,
98579320,,,,,,,,,,,,,,,,,,,,
98579678,,,,,,,,,,,,,,,,,,,,
98580182,,,,,,,,,,,,,,,,,,,,
98580656,,,,,,,,,,,,,,,,,,,,
98581151,,,,,,,,,,,,,,,,,,,,
98581917,,,,,,,,,,,,,,,,,,,,
98582300,,,,,,,,,,,,,,,,,,,,
98582722,,,,,,,,,,,,,,,,,,,,
98583145,,,,,,,,,,,,,,,,,,,,
98583747,,,,,,,,,,,,,,,,,,,,
98584298,,,,,,,,,,,,,,,,,,,,
98584794,,,,,,,,,,,,,,,,,,,,
98585156,,,,,,,,,,,,,,,,,,,,
98585608,,,,,,,,,,,,,,,,,,,,
98585989,,,,,,,,,,,,,,,,,,,,
98586360,,,,,,,,,,,,,,,,,,,,
98587776,,,,,,,,,,,,,,,,,,,,
98588102,,,,,,,,,,,,,,,,,,,,
98588438,,,,,,,,,,,,,,,,,,,,
98589241,,,,,,,,,,,,,,,,,,,,
98589617,,,,,,,,,,,,,,,,,,,,
98589907,,,,,,,,,,,,,,,,,,,,
98590333,,,,,,,,,,,,,,,,,,,,
98590854,,,,,,,,,,,,,,,,,,,,
98596005,,,,,,,,,,,,,,,,,,,,
98597307,,,,,2.0,462.0,1375.0,A,,2.0,1.0,100000.0,791.0,,380555.0,,,1.0,,
100913334,77.0,1076.0,2.0,1.0,,,,,,,,,,,,,,,,
101195208,,,,,2.0,454.0,1300.0,A,,2.0,1.0,90000.0,747.0,,380556.0,,,1.0,,
101195880,,,,,2.0,454.0,1300.0,A,,2.0,1.0,90000.0,747.0,,380556.0,,,1.0,,
101196287,,,,,2.0,451.0,1281.0,A,,2.0,1.0,10500.0,728.0,,380556.0,,,1.0,,
101196594,,,,,2.0,451.0,1281.0,A,,2.0,1.0,10500.0,728.0,,380557.0,,,1.0,,
101197456,,,,,2.0,451.0,1281.0,A,,2.0,1.0,30000.0,728.0,,380556.0,,,1.0,,
101197890,,,,,2.0,453.0,1299.0,A,,2.0,1.0,52500.0,746.0,,380556.0,,,1.0,,
101201434,,,,,2.0,63.0,63.0,A,,2.0,1.0,350000.0,57.0,,380525.0,,,1.0,,
101201833,,,,,,,,,,,,,,,,,,,,
101340552,,,,,,,,,,,,,,,,,,,,
101341174,,,,,,,,,,,,,,,,,,,,
108993548,,,,,2.0,77.0,1202.0,A,,2.0,1.0,155430.0,505.0,,380556.0,,,1.0,,
125992427,,,,,2.0,454.0,1300.0,A,,2.0,1.0,120000.0,747.0,,380556.0,,,1.0,,
98573972,,,,,2.0,10.0,11.0,A,,2.0,1.0,150000.0,10.0,,380556.0,,,1.0,,
98574290,,,,,2.0,462.0,1345.0,A,,2.0,1.0,156000.0,792.0,,380556.0,,,1.0,,
98574791,,,,,2.0,462.0,1345.0,A,,2.0,1.0,94672.0,792.0,,380556.0,,,1.0,,
98575261,,,,,2.0,10.0,1235.0,A,,2.0,1.0,350000.0,681.0,,380557.0,,,1.0,,
98575977,,,,,2.0,77.0,1076.0,A,,2.0,1.0,350000.0,380.0,,380525.0,,,1.0,,
98586683,,,,,2.0,77.0,1076.0,A,,2.0,1.0,500000.0,380.0,,380556.0,,,1.0,,
98588078,77.0,1076.0,2.0,1.0,2.0,77.0,1076.0,A,,2.0,1.0,50896.0,,,380556.0,,,1.0,,
98592992,,,,,2.0,462.0,1375.0,A,,2.0,1.0,50000.0,791.0,,380556.0,,,1.0,,
98594054,,,,,2.0,77.0,1199.0,A,,2.0,1.0,150000.0,651.0,,380556.0,,,1.0,,
101194805,,,,,2.0,456.0,1307.0,A,,2.0,1.0,200000.0,754.0,,380556.0,,,1.0,,
101198477,,,,,2.0,451.0,1376.0,A,,2.0,1.0,177172.0,822.0,,380556.0,,,1.0,,
101200818,,,,,2.0,462.0,1352.0,A,,2.0,1.0,142000.0,799.0,,380556.0,,,1.0,,
108993465,,,,,2.0,77.0,1202.0,A,,2.0,1.0,494570.0,505.0,,380556.0,,,1.0,,
108993503,,,,,2.0,457.0,1313.0,A,,2.0,1.0,150000.0,760.0,,380556.0,,,1.0,,
125992463,,,,,1.0,455.0,1286.0,A,,2.0,1.0,90000.0,733.0,,380556.0,,,1.0,,
98588561,,,,,2.0,77.0,1076.0,A,,2.0,1.0,300000.0,380.0,,380556.0,,,1.0,,
98595231,,,,,,,,,,,,,,,,,,,,
101195555,,,,,2.0,454.0,1300.0,A,,2.0,1.0,90000.0,747.0,,380556.0,,,1.0,,
101200362,,,,,2.0,457.0,1313.0,A,,2.0,1.0,300000.0,760.0,,380556.0,,,1.0,,
108786429,,,,,,,,,,,,,,,,,,,,
108786473,,,,,,,,,,,,,,,,,,,,
108786511,,,,,,,,,,,,,,,,,,,,
108786596,,,,,2.0,462.0,1359.0,A,,2.0,1.0,500000.0,806.0,,380556.0,,,1.0,,
108786673,,,,,2.0,60.0,1208.0,A,,2.0,1.0,400000.0,654.0,,380556.0,,,1.0,,
115852759,,,,,2.0,410.0,1136.0,A,,2.0,1.0,200000.0,440.0,,380557.0,,,1.0,,
115864311,,,,,2.0,410.0,1136.0,A,,2.0,1.0,200000.0,440.0,,380525.0,,,1.0,,
115867398,,,,,2.0,410.0,1136.0,A,,2.0,1.0,200000.0,440.0,,380555.0,,,1.0,,
115870018,,,,,,,,,,,,,,,,,,,,
115874592,,,,,,,,,,,,,,,,,,,,
115880321,,,,,,,,,,,,,,,,,,,,
115882372,,,,,,,,,,,,,,,,,,,,
115892190,,,,,2.0,77.0,1199.0,A,,2.0,1.0,2310000.0,651.0,,380556.0,,,1.0,,
115897781,,,,,2.0,77.0,1199.0,A,,2.0,1.0,440000.0,651.0,,380556.0,,,1.0,,
115934687,,,,,2.0,77.0,1199.0,A,,2.0,1.0,400000.0,651.0,,380556.0,,,1.0,,
115936448,,,,,2.0,77.0,1199.0,A,,2.0,1.0,200000.0,651.0,,380556.0,,,1.0,,
115938518,,,,,,,,,,,,,,,,,,,,
115954198,,,,,,,,,,,,,,,,,,,,
115968617,,,,,,,,,,,,,,,,,,,,
115973033,,,,,,,,,,,,,,,,,,,,
115979943,6.0,3.0,2.0,1.0,,,,,,,,,,,,,,,,
115983435,6.0,3.0,2.0,1.0,,,,,,,,,,,,,,,,
116134068,,,,,,,,,,,,,,,,,,,,
116139488,,,,,2.0,4.0,4.0,A,,2.0,1.0,100000.0,4.0,,380556.0,,,1.0,,
116141199,,,,,2.0,6.0,3.0,A,,2.0,1.0,2000000.0,3.0,,380556.0,,,1.0,,
116143083,,,,,,,,,,,,,,,,,,,,
116145364,,,,,,,,,,,,,,,,,,,,
116147161,,,,,,,,,,,,,,,,,,,,
116320868,,,,,2.0,77.0,1080.0,A,,2.0,1.0,100000.0,384.0,,380556.0,,,1.0,,
116321621,,,,,,,,,,,,,,,,,,,,
116322435,,,,,2.0,6.0,3.0,A,,2.0,1.0,150000.0,3.0,,380556.0,,,1.0,,
116323575,,,,,,,,,,,,,,,,,,,,
116324404,,,,,,,,,,,,,,,,,,,,
116325601,,,,,,,,,,,,,,,,,,,,
116326386,,,,,,,,,,,,,,,,,,,,
116327501,,,,,1.0,461.0,1343.0,A,,2.0,1.0,10000.0,789.0,,380556.0,,,1.0,,
116328708,,,,,,,,,,,,,,,,,,,,
116329740,,,,,,,,,,,,,,,,,,,,
116330788,,,,,,,,,,,,,,,,,,,,
116332269,,,,,,,,,,,,,,,,,,,,
116333587,,,,,,,,,,,,,,,,,,,,
117051807,,,,,,,,,,,,,,,,,,,,
117052954,,,,,,,,,,,,,,,,,,,,
117054768,,,,,,,,,,,,,,,,,,,,
117056570,,,,,,,,,,,,,,,,,,,,
117057922,,,,,,,,,,,,,,,,,,,,
117058812,,,,,,,,,,,,,,,,,,,,
117060208,,,,,,,,,,,,,,,,,,,,
117062784,,,,,,,,,,,,,,,,,,,,
117063588,,,,,,,,,,,,,,,,,,,,
117064546,,,,,,,,,,,,,,,,,,,,
117067074,,,,,,,,,,,,,,,,,,,,
117069885,,,,,,,,,,,,,,,,,,,,
117070943,,,,,,,,,,,,,,,,,,,,
117072003,,,,,,,,,,,,,,,,,,,,
117073081,,,,,,,,,,,,,,,,,,,,
117078178,,,,,,,,,,,,,,,,,,,,
117080535,,,,,2.0,77.0,1380.0,A,,2.0,1.0,50000.0,826.0,,380556.0,,,1.0,,
117085299,,,,,,,,,,,,,,,,,,,,
117086081,,,,,,,,,,,,,,,,,,,,
117086783,,,,,,,,,,,,,,,,,,,,
117087750,,,,,,,,,,,,,,,,,,,,
117089339,,,,,2.0,97.0,55.0,A,,4.0,1.0,500000.0,64.0,,380555.0,,,1.0,,
117090329,,,,,,,,,,,,,,,,,,,,
117090917,,,,,,,,,,,,,,,,,,,,
117091812,,,,,,,,,,,,,,,,,,,,
117093276,,,,,1.0,301.0,1119.0,A,,2.0,1.0,20000.0,422.0,,380556.0,,,1.0,,
117095071,,,,,,,,,,,,,,,,,,,,
117095574,,,,,,,,,,,,,,,,,,,,
117096175,,,,,,,,,,,,,,,,,,,,
117097166,104.0,53.0,2.0,1.0,,,,,,,,,,,,,,,,
117098172,,,,,,,,,,,,,,,,,,,,
117098596,,,,,,,,,,,,,,,,,,,,
117099045,,,,,,,,,,,,,,,,,,,,
117099442,,,,,,,,,,,,,,,,,,,,
117100163,,,,,2.0,4.0,64.0,A,,2.0,1.0,20000.0,58.0,,380557.0,,,1.0,,
117100724,,,,,2.0,4.0,64.0,A,,2.0,1.0,20000.0,58.0,,380557.0,,,1.0,,
117101201,,,,,2.0,4.0,64.0,A,,2.0,1.0,20000.0,58.0,,380556.0,,,1.0,,
117101952,10.0,1344.0,2.0,1.0,,,,,,,,,,,,,,,,
117102811,,,,,2.0,462.0,1360.0,A,,2.0,1.0,1000.0,807.0,,380556.0,,,1.0,,
117103496,,,,,2.0,10.0,1365.0,A,,2.0,1.0,350000.0,812.0,,380556.0,,,1.0,,
117104095,,,,,2.0,462.0,1375.0,A,,2.0,1.0,75000.0,791.0,,380556.0,,,1.0,,
117104942,,,,,2.0,462.0,1362.0,A,,2.0,1.0,100000.0,809.0,,380556.0,,,1.0,,
117105672,,,,,,,,,,,,,,,,,,,,
117106087,6.0,3.0,2.0,1.0,,,,,,,,,,,,,,,,
117106426,6.0,3.0,2.0,1.0,,,,,,,,,,,,,,,,
117107096,6.0,3.0,2.0,1.0,,,,,,,,,,,,,,,,
117107338,6.0,3.0,2.0,1.0,,,,,,,,,,,,,,,,
117107749,6.0,3.0,2.0,1.0,,,,,,,,,,,,,,,,
117107960,6.0,3.0,2.0,1.0,,,,,,,,,,,,,,,,
117108146,6.0,3.0,2.0,1.0,,,,,,,,,,,,,,,,
117108380,6.0,3.0,2.0,1.0,,,,,,,,,,,,,,,,
117108571,6.0,3.0,2.0,1.0,,,,,,,,,,,,,,,,
117109574,6.0,3.0,2.0,1.0,,,,,,,,,,,,,,,,
117110843,407.0,1153.0,5.0,1.0,,,,,,,,,,,,,,,,
117111326,407.0,1153.0,5.0,1.0,,,,,,,,,,,,,,,,
117111648,407.0,1153.0,5.0,1.0,,,,,,,,,,,,,,,,
117129165,,,,,2.0,451.0,1281.0,A,,2.0,1.0,264900.0,728.0,,380556.0,,,1.0,,
117129901,,,,,2.0,451.0,1281.0,A,,2.0,1.0,264900.0,728.0,,380557.0,,,1.0,,
117130567,,,,,2.0,451.0,1281.0,A,,2.0,1.0,132450.0,728.0,,380555.0,,,1.0,,
117130987,,,,,2.0,451.0,1281.0,A,,2.0,1.0,132450.0,728.0,,380525.0,,,1.0,,
117133738,,,,,2.0,4.0,64.0,A,,2.0,1.0,50000.0,58.0,,380556.0,,,1.0,,
117134469,,,,,2.0,451.0,1376.0,A,,2.0,1.0,50000.0,822.0,,380556.0,,,1.0,,
117135430,,,,,2.0,451.0,1376.0,A,,2.0,1.0,50000.0,822.0,,380556.0,,,1.0,,
117137093,,,,,2.0,451.0,1282.0,A,,2.0,1.0,150000.0,729.0,,380556.0,,,1.0,,
117141250,97.0,55.0,4.0,100.0,,,,,,,,,,,,,,,,
117142101,97.0,55.0,4.0,100.0,,,,,,,,,,,,,,,,
117142704,97.0,55.0,4.0,100.0,,,,,,,,,,,,,,,,
117143622,,,,,,,,,,,,,,,,,,,,
117144415,,,,,,,,,,,,,,,,,,,,
117146139,,,,,,,,,,,,,,,,,,,,
117146850,,,,,,,,,,,,,,,,,,,,
117147737,,,,,,,,,,,,,,,,,,,,
117148710,,,,,,,,,,,,,,,,,,,,
117149185,,,,,,,,,,,,,,,,,,,,
117149789,,,,,,,,,,,,,,,,,,,,
117150289,,,,,,,,,,,,,,,,,,,,
117150719,,,,,,,,,,,,,,,,,,,,
117177788,,,,,,,,,,,,,,,,,,,,
117177960,,,,,,,,,,,,,,,,,,,,
117178279,,,,,,,,,,,,,,,,,,,,
117178788,,,,,,,,,,,,,,,,,,,,
117179065,,,,,,,,,,,,,,,,,,,,
117179923,,,,,2.0,15.0,1258.0,A,,4.0,1.0,500000.0,705.0,,380556.0,,,1.0,,
117233551,,,,,2.0,15.0,458.0,A,,4.0,1.0,500000.0,358.0,,380557.0,,,1.0,,
117234004,,,,,2.0,15.0,459.0,A,,4.0,1.0,500000.0,359.0,,380557.0,,,1.0,,
117234476,,,,,2.0,15.0,458.0,A,,4.0,1.0,500000.0,358.0,,380525.0,,,1.0,,
117235164,,,,,,,,,,,,,,,,,,,,
117235562,,,,,,,,,,,,,,,,,,,,
117237311,,,,,1.0,41.0,1102.0,A,,2.0,1.0,10000.0,406.0,,380556.0,,,1.0,,
117238107,,,,,2.0,60.0,1208.0,A,,2.0,1.0,10000.0,654.0,,380555.0,,,1.0,,
117240560,,,,,,,,,,,,,,,,,,,,
117241110,,,,,,,,,,,,,,,,,,,,
117262330,,,,,,,,,,,,,,,,,,,,
117262685,,,,,,,,,,,,,,,,,,,,
117263028,,,,,,,,,,,,,,,,,,,,
117263511,,,,,,,,,,,,,,,,,,,,
117263886,,,,,,,,,,,,,,,,,,,,
117264322,,,,,,,,,,,,,,,,,,,,
117265680,,,,,,,,,,,,,,,,,,,,
117266350,,,,,,,,,,,,,,,,,,,,
117266945,,,,,,,,,,,,,,,,,,,,
117267746,,,,,,,,,,,,,,,,,,,,
117268959,,,,,,,,,,,,,,,,,,,,
117271190,,,,,,,,,,,,,,,,,,,,
117271909,,,,,,,,,,,,,,,,,,,,
117273515,,,,,,,,,,,,,,,,,,,,
117274039,,,,,,,,,,,,,,,,,,,,
117274833,,,,,,,,,,,,,,,,,,,,
117275872,,,,,,,,,,,,,,,,,,,,
117276673,,,,,,,,,,,,,,,,,,,,
117277270,,,,,,,,,,,,,,,,,,,,
117278044,,,,,,,,,,,,,,,,,,,,
117278511,,,,,,,,,,,,,,,,,,,,
117278948,,,,,,,,,,,,,,,,,,,,
117279741,,,,,,,,,,,,,,,,,,,,
117280323,,,,,,,,,,,,,,,,,,,,
117281929,77.0,1217.0,2.0,1.0,,,,,,,,,,,,,,,,
117282452,77.0,1217.0,2.0,1.0,,,,,,,,,,,,,,,,
117287279,,,,,1.0,455.0,1286.0,A,,2.0,1.0,50000.0,733.0,,380556.0,,,1.0,,
117287936,,,,,1.0,455.0,1284.0,A,,2.0,1.0,50000.0,731.0,,380557.0,,,1.0,,
117288401,,,,,1.0,455.0,1286.0,A,,2.0,1.0,50000.0,733.0,,380555.0,,,1.0,,
117289321,97.0,55.0,4.0,100.0,,,,,,,,,,,,,,,,
117289678,97.0,55.0,4.0,100.0,,,,,,,,,,,,,,,,
117289986,97.0,55.0,4.0,100.0,,,,,,,,,,,,,,,,
117290355,97.0,55.0,4.0,100.0,,,,,,,,,,,,,,,,
117291285,97.0,55.0,4.0,100.0,,,,,,,,,,,,,,,,
117292380,,,,,2.0,77.0,1202.0,A,,2.0,1.0,500000.0,505.0,,380557.0,,,1.0,,
117292825,,,,,2.0,77.0,1202.0,A,,2.0,1.0,500000.0,505.0,,380557.0,,,1.0,,
117465136,,,,,2.0,10.0,2.0,A,,2.0,1.0,100000.0,2.0,,380556.0,,,1.0,,
117465544,,,,,2.0,10.0,2.0,A,,2.0,1.0,100000.0,2.0,,380557.0,,,1.0,,
117465979,,,,,2.0,10.0,2.0,A,,2.0,1.0,100000.0,2.0,,380555.0,,,1.0,,
117467027,77.0,1076.0,2.0,1.0,,,,,,,,,,,,,,,,
117467376,104.0,53.0,2.0,1.0,,,,,,,,,,,,,,,,
117467716,104.0,53.0,2.0,1.0,,,,,,,,,,,,,,,,
117468829,,,,,1.0,48.0,1110.0,A,,2.0,1.0,10000.0,413.0,,380556.0,,,1.0,,
117469272,,,,,2.0,77.0,1080.0,A,,2.0,1.0,10000.0,384.0,,380556.0,,,1.0,,
117470053,,,,,2.0,15.0,459.0,A,,4.0,1.0,1000000.0,359.0,,380556.0,,,1.0,,
117470982,97.0,1160.0,2.0,1.0,,,,,,,,,,,,,,,,
117471668,,,,,,,,,,,,,,,,,,,,
117472107,,,,,,,,,,,,,,,,,,,,
117473023,,,,,,,,,,,,,,,,,,,,
117473374,,,,,,,,,,,,,,,,,,,,
117474765,97.0,1260.0,2.0,1.0,,,,,,,,,,,,,,,,
117475699,,,,,,,,,,,,,,,,,,,,
117476029,,,,,,,,,,,,,,,,,,,,
117476753,,,,,,,,,,,,,,,,,,,,
117477118,,,,,,,,,,,,,,,,,,,,
117477450,,,,,,,,,,,,,,,,,,,,
117898555,,,,,,,,,,,,,,,,,,,,
117899153,457.0,1313.0,2.0,1.0,,,,,,,,,,,,,,,,
117900125,457.0,1313.0,2.0,1.0,,,,,,,,,,,,,,,,
117900915,,,,,2.0,457.0,1317.0,A,,2.0,1.0,10500.0,764.0,,380555.0,,,1.0,,
117901338,,,,,2.0,457.0,1317.0,A,,2.0,1.0,50000.0,764.0,,380557.0,,,1.0,,
117901864,,,,,2.0,457.0,1317.0,A,,2.0,1.0,50000.0,764.0,,380557.0,,,1.0,,
117902284,,,,,2.0,457.0,1317.0,A,,2.0,1.0,50572.0,764.0,,380555.0,,,1.0,,
117904847,,,,,2.0,451.0,1377.0,A,,2.0,1.0,30000.0,823.0,,380556.0,,,1.0,,
117906588,,,,,2.0,10.0,11.0,A,,2.0,1.0,350000.0,10.0,,380557.0,,,1.0,,
117908584,77.0,1202.0,2.0,1.0,,,,,,,,,,,,,,,,
117909647,,,,,,,,,,,,,,,,,,,,
117910729,,,,,,,,,,,,,,,,,,,,
117913858,29.0,1279.0,2.0,1.0,,,,,,,,,,,,,,,,
117914572,,,,,2.0,77.0,1202.0,A,,2.0,1.0,30000.0,505.0,,380525.0,,,1.0,,
117915280,,,,,2.0,77.0,1202.0,A,,2.0,1.0,350000.0,505.0,,380557.0,,,1.0,,
117915679,,,,,2.0,77.0,1202.0,A,,2.0,1.0,300000.0,505.0,,380557.0,,,1.0,,
117916072,,,,,2.0,462.0,1375.0,A,,2.0,1.0,115000.0,791.0,,380556.0,,,1.0,,
117916401,,,,,2.0,457.0,1313.0,A,,2.0,1.0,200000.0,760.0,,380556.0,,,1.0,,
117916983,,,,,,,,,,,,,,,,,,,,
117917353,,,,,,,,,,,,,,,,,,,,
117918868,,,,,2.0,15.0,1068.0,A,,4.0,1.0,300000.0,371.0,,380556.0,,,1.0,,
117920514,,,,,2.0,77.0,1202.0,A,,2.0,1.0,300000.0,505.0,,380556.0,,,1.0,,
117920995,,,,,2.0,77.0,1202.0,A,,2.0,1.0,200000.0,505.0,,380556.0,,,1.0,,
118405405,,,,,1.0,412.0,1276.0,A,,2.0,1.0,571472.0,723.0,,380556.0,,,1.0,,
118405842,,,,,,,,,,,,,,,,,,,,
118410089,,,,,,,,,,,,,,,,,,,,
118410569,,,,,,,,,,,,,,,,,,,,
118412352,,,,,2.0,462.0,1346.0,A,,2.0,1.0,450250.0,793.0,,380556.0,,,1.0,,
118414223,,,,,2.0,454.0,1300.0,A,,2.0,1.0,300000.0,747.0,,380557.0,,,1.0,,
118414383,,,,,2.0,454.0,1300.0,A,,2.0,1.0,300000.0,747.0,,380525.0,,,1.0,,
118414485,,,,,2.0,454.0,1300.0,A,,2.0,1.0,300000.0,747.0,,380556.0,,,1.0,,
118414589,,,,,2.0,454.0,1300.0,A,,2.0,1.0,300000.0,747.0,,380555.0,,,1.0,,
118414764,,,,,2.0,454.0,1301.0,A,,2.0,1.0,500000.0,748.0,,380556.0,,,1.0,,
119427265,,,,,,,,,,,,,,,,,,,,
119427575,,,,,,,,,,,,,,,,,,,,
119428858,,,,,,,,,,,,,,,,,,,,
121205376,,,,,2.0,60.0,1208.0,A,,2.0,1.0,150000.0,654.0,,380556.0,,,1.0,,
121213449,,,,,,,,,,,,,,,,,,,,
121254740,,,,,,,,,,,,,,,,,,,,
121254924,,,,,,,,,,,,,,,,,,,,
121255360,,,,,,,,,,,,,,,,,,,,
121255576,,,,,,,,,,,,,,,,,,,,
121255923,,,,,,,,,,,,,,,,,,,,
121256242,,,,,,,,,,,,,,,,,,,,
121256537,,,,,,,,,,,,,,,,,,,,
117904141,,,,,1.0,455.0,1285.0,A,,2.0,1.0,144000.0,732.0,,380556.0,,,1.0,,
117905846,462.0,1375.0,2.0,1.0,2.0,462.0,1375.0,A,,2.0,1.0,205672.0,,,380556.0,,,1.0,,
117909947,,,,,,,,,,,,,,,,,,,,
117910218,,,,,,,,,,,,,,,,,,,,
121260668,,,,,2.0,462.0,1346.0,A,,2.0,1.0,195000.0,793.0,,380556.0,,,1.0,,
44263092,,,,,2.0,63.0,1265.0,A,,2.0,2.0,200000.0,712.0,,399152.0,,,1.0,,"[{""astLocCd"": 399151, ""astPlnUntCd"": null, ""astPlnUntTyp"": null, ""astNoOfUnt"": 1, ""astUnitCostTot"": null}]"
44263284,,452.0,2.0,1.0,,,,,,,,,,,,,,,,
44263412,,1264.0,2.0,1.0,,,,,,,,,,,,,,,,
55495132,,,,,2.0,454.0,1300.0,A,,2.0,1.0,90000.0,725.0,,399151.0,,,1.0,,
86049361,,,,,2.0,63.0,62.0,A,,4.0,1.0,163312.0,65.0,,907103.0,,,1.0,,
44262892,10.0,11.0,2.0,1.0,2.0,10.0,11.0,A,,2.0,1.0,,,,399152.0,,,1.0,,
44262960,10.0,11.0,2.0,1.0,2.0,10.0,11.0,A,,2.0,1.0,,,,399151.0,,,1.0,,
44263527,77.0,1202.0,2.0,1.0,2.0,77.0,1202.0,A,,2.0,1.0,,,,399151.0,,,1.0,,
44263588,77.0,1202.0,2.0,1.0,2.0,77.0,1202.0,A,,2.0,1.0,,,,399151.0,,,1.0,,
44263610,,,,,2.0,77.0,1202.0,A,,2.0,1.0,150000.0,505.0,,399152.0,,,1.0,,
44263652,77.0,1202.0,2.0,1.0,2.0,77.0,1202.0,A,,2.0,1.0,,,,399151.0,,,1.0,,
44263688,15.0,458.0,4.0,1.0,2.0,15.0,458.0,A,,4.0,1.0,,,,399151.0,,,1.0,,
44263711,77.0,1202.0,2.0,1.0,2.0,77.0,1202.0,A,,2.0,1.0,,,,399151.0,,,1.0,,
44263738,10.0,13.0,2.0,1.0,2.0,10.0,13.0,A,,2.0,1.0,400000.0,,,399151.0,,,1.0,,
44263760,15.0,458.0,4.0,1.0,2.0,15.0,458.0,A,,4.0,1.0,,,,399151.0,,,1.0,,
44263795,77.0,1076.0,2.0,1.0,2.0,77.0,1076.0,A,,2.0,1.0,,,,399151.0,,,1.0,,
55495293,,,,,2.0,63.0,1264.0,A,,2.0,1.0,80000.0,711.0,,399151.0,,,1.0,,
55495463,,,,,2.0,63.0,1266.0,A,,2.0,1.0,50000.0,713.0,,399151.0,,,1.0,,
55495778,,,,,2.0,452.0,1290.0,A,,2.0,1.0,50000.0,736.0,,399151.0,,,1.0,,
55496116,,,,,2.0,451.0,1281.0,A,,2.0,1.0,50000.0,728.0,,399151.0,,,1.0,,
55496241,,,,,2.0,452.0,1290.0,A,,2.0,1.0,45000.0,736.0,,399151.0,,,1.0,,
62418696,10.0,11.0,2.0,1.0,2.0,10.0,11.0,A,,2.0,1.0,,,,399152.0,,,1.0,,
62418775,10.0,11.0,2.0,1.0,2.0,10.0,11.0,A,,2.0,1.0,,,,399152.0,,,1.0,,
66382203,,,,,2.0,451.0,1281.0,A,,2.0,1.0,102000.0,728.0,,399151.0,,,1.0,,
66382205,,,,,2.0,451.0,1281.0,A,,2.0,1.0,32000.0,728.0,,399151.0,,,1.0,,
66382207,,,,,2.0,454.0,1300.0,A,,2.0,1.0,90000.0,747.0,,399151.0,,,1.0,,
86049605,,,,,2.0,77.0,1226.0,A,,2.0,1.0,60000.0,672.0,,907103.0,,,1.0,,
86049858,,,,,2.0,10.0,1156.0,A,,4.0,1.0,200000.0,551.0,,907103.0,,,1.0,,
44262925,,,,,2.0,10.0,1237.0,A,,2.0,1.0,115000.0,683.0,,399152.0,,,1.0,,
44262984,10.0,1156.0,4.0,100.0,,,,,,,,,,,,,,,,
44263011,,,,,2.0,10.0,1237.0,A,,2.0,1.0,80000.0,683.0,,399152.0,,,1.0,,
44263045,,,,,2.0,10.0,1237.0,A,,2.0,1.0,86391.0,683.0,,399151.0,,,1.0,,
44263216,10.0,1237.0,2.0,1.0,,,,,,,,,,,,,,,,
44263560,,,,,2.0,97.0,55.0,A,,4.0,100.0,423391.0,64.0,,399152.0,,,1.0,,
56034616,,,,,2.0,63.0,63.0,A,,2.0,1.0,225000.0,57.0,,399151.0,,,1.0,,
48560399,,,,,2.0,451.0,1281.0,A,,2.0,1.0,90000.0,728.0,,399151.0,,,1.0,,
48560488,,1263.0,2.0,3.0,,,,,,,,,,,,,,,,
48560560,451.0,1281.0,2.0,3.0,,,,,,,,,,,,,,,,
48560648,,62.0,4.0,250.0,,,,,,,,,,,,,,,,
48564424,,,,,2.0,97.0,55.0,A,,4.0,100.0,114080.0,64.0,,399152.0,,,1.0,,
48564809,,46.0,2.0,1.0,,,,,,,,,,,,,,,,
48567027,,62.0,4.0,100.0,,,,,,,,,,,,,,,,
85957262,,,,,2.0,462.0,1355.0,A,,2.0,1.0,30000.0,802.0,,907103.0,,,1.0,,
85957667,,,,,,,,,,,,,,,,,,,,
48564893,,,,,,,,,,,,,,,,,,,,
48559906,10.0,11.0,2.0,1.0,2.0,10.0,11.0,A,,2.0,1.0,,,,399152.0,,,1.0,,
48559984,10.0,11.0,2.0,1.0,2.0,10.0,11.0,A,,2.0,1.0,,,,399152.0,,,1.0,,
48560729,97.0,1260.0,2.0,1.0,2.0,97.0,1260.0,A,,2.0,1.0,,,,399151.0,,,1.0,,
48560819,97.0,1260.0,2.0,1.0,2.0,97.0,1260.0,A,,2.0,1.0,,,,399151.0,,,1.0,,
48560896,97.0,1260.0,2.0,1.0,2.0,97.0,1260.0,A,,2.0,1.0,,,,399151.0,,,1.0,,
48560959,97.0,1260.0,2.0,1.0,2.0,97.0,1260.0,A,,2.0,1.0,,,,399151.0,,,1.0,,
48561132,77.0,1202.0,2.0,1.0,2.0,77.0,1202.0,A,,2.0,1.0,,,,399151.0,,,1.0,,
48561207,77.0,1202.0,2.0,1.0,2.0,77.0,1202.0,A,,2.0,1.0,,,,399152.0,,,1.0,,
48561288,407.0,1154.0,5.0,1.0,2.0,407.0,1154.0,A,,5.0,1.0,,,,399151.0,,,1.0,,
48561388,77.0,1202.0,2.0,1.0,2.0,77.0,1202.0,A,,2.0,1.0,,,,399151.0,,,1.0,,
48561532,,,,,2.0,15.0,458.0,A,,4.0,100.0,100000.0,358.0,,399151.0,,,1.0,,
48561599,,,,,2.0,15.0,458.0,A,,4.0,100.0,100000.0,358.0,,399151.0,,,1.0,,
48564102,77.0,1202.0,2.0,1.0,2.0,77.0,1202.0,A,,2.0,1.0,,,,399151.0,,,1.0,,
48564332,,,,,2.0,15.0,458.0,A,,4.0,100.0,150000.0,358.0,,399151.0,,,1.0,,
48564521,,,,,2.0,15.0,458.0,A,,4.0,100.0,100000.0,358.0,,399151.0,,,1.0,,
48564637,77.0,1045.0,2.0,1.0,2.0,77.0,1045.0,A,,2.0,1.0,,,,399151.0,,,1.0,,
62417995,10.0,11.0,2.0,1.0,2.0,10.0,11.0,A,,2.0,1.0,,,,399152.0,,,1.0,,
62418084,10.0,11.0,2.0,1.0,2.0,10.0,11.0,A,,2.0,1.0,,,,399152.0,,,1.0,,
62418347,10.0,11.0,2.0,1.0,2.0,10.0,11.0,A,,2.0,1.0,,,,399152.0,,,1.0,,
85957042,,,,,2.0,77.0,1202.0,A,,2.0,1.0,200000.0,505.0,,907103.0,,,1.0,,
48560065,10.0,1156.0,4.0,120.0,,,,,,,,,,,,,,,,
48560118,10.0,452.0,2.0,1.0,,,,,,,,,,,,,,,,
48560214,,1237.0,2.0,1.0,,,,,,,,,,,,,,,,
48560282,10.0,1237.0,2.0,1.0,,,,,,,,,,,,,,,,
48561037,,1260.0,2.0,1.0,,,,,,,,,,,,,,,,
48561471,,,,,2.0,15.0,458.0,A,,4.0,100.0,100000.0,358.0,,399151.0,,,1.0,,
48564235,,,,,2.0,77.0,1202.0,A,,2.0,1.0,200000.0,505.0,,399151.0,,,1.0,,
61990054,60.0,1275.0,2.0,1.0,,,,,,,,,,,,,,,,
61990099,,,,,2.0,15.0,458.0,A,,4.0,300.0,100000.0,358.0,,399151.0,,,1.0,,
61990108,,,,,2.0,15.0,458.0,A,,4.0,300.0,100000.0,358.0,,399151.0,,,1.0,,
64839426,,,,,2.0,452.0,1290.0,A,,2.0,20.0,30000.0,736.0,,399152.0,,,10.0,,"[{""astLocCd"": 399151, ""astPlnUntCd"": null, ""astPlnUntTyp"": null, ""astNoOfUnt"": 10, ""astUnitCostTot"": null}]"
64839584,,,,,1.0,455.0,1287.0,A,,2.0,2.0,24000.0,734.0,,399152.0,,,1.0,,"[{""astLocCd"": 399151, ""astPlnUntCd"": null, ""astPlnUntTyp"": null, ""astNoOfUnt"": 1, ""astUnitCostTot"": null}]"
66621630,6.0,3.0,2.0,1.0,,,,,,,,,,,,,,,,
61990074,,,,,2.0,15.0,458.0,A,,4.0,400.0,200000.0,358.0,,399151.0,,,1.0,,
61990193,,,,,2.0,15.0,458.0,A,,4.0,400.0,250000.0,358.0,,399151.0,,,1.0,,
61990210,,,,,2.0,15.0,458.0,A,,4.0,500.0,200000.0,358.0,,399151.0,,,1.0,,
61990217,,,,,2.0,15.0,458.0,A,,4.0,300.0,178650.0,358.0,,399151.0,,,1.0,,
64839205,,,,,,,,,,,,,,,,,,,,
64839232,,,,,,,,,,,,,,,,,,,,
64839300,,,,,2.0,465.0,1368.0,A,,2.0,2.0,100000.0,815.0,,399152.0,,,1.0,,"[{""astLocCd"": 399151, ""astPlnUntCd"": null, ""astPlnUntTyp"": null, ""astNoOfUnt"": 1, ""astUnitCostTot"": null}]"
64839356,,,,,2.0,451.0,1281.0,A,,2.0,5.0,45000.0,728.0,,399152.0,,,3.0,,"[{""astLocCd"": 399151, ""astPlnUntCd"": null, ""astPlnUntTyp"": null, ""astNoOfUnt"": 2, ""astUnitCostTot"": null}]"
64839473,,,,,1.0,455.0,1287.0,A,,2.0,2.0,40000.0,734.0,,399152.0,,,1.0,,"[{""astLocCd"": 399151, ""astPlnUntCd"": null, ""astPlnUntTyp"": null, ""astNoOfUnt"": 1, ""astUnitCostTot"": null}]"
64839536,,,,,,,,,,,,,,,,,,,,
64839622,,,,,,,,,,,,,,,,,,,,
64839689,,,,,2.0,63.0,62.0,A,,4.0,150.0,503095.0,65.0,,399152.0,,,1.0,,
66411014,,,,,2.0,60.0,1208.0,A,,2.0,2.0,241302.0,654.0,,399152.0,,,1.0,,"[{""astLocCd"": 399151, ""astPlnUntCd"": null, ""astPlnUntTyp"": null, ""astNoOfUnt"": 1, ""astUnitCostTot"": null}]"
61990202,,,,,2.0,103.0,56.0,A,,2.0,1.0,350000.0,51.0,,399151.0,,,1.0,,
75716135,,,,,2.0,453.0,1299.0,A,,2.0,1.0,3500.0,746.0,,399151.0,,,1.0,,
75716990,,,,,2.0,453.0,1299.0,A,,2.0,1.0,3500.0,746.0,,399151.0,,,1.0,,
75718087,,,,,2.0,453.0,1299.0,A,,2.0,1.0,3500.0,746.0,,399151.0,,,1.0,,
75718678,,,,,2.0,453.0,1299.0,A,,2.0,1.0,3500.0,746.0,,399151.0,,,1.0,,
75719350,,,,,2.0,453.0,1299.0,A,,2.0,1.0,3500.0,746.0,,399151.0,,,1.0,,
75758628,,,,,2.0,453.0,1299.0,A,,2.0,1.0,3500.0,746.0,,399151.0,,,1.0,,
75758838,,,,,2.0,453.0,1299.0,A,,2.0,1.0,3500.0,746.0,,399151.0,,,1.0,,
75759047,,,,,2.0,453.0,1299.0,A,,2.0,1.0,3500.0,746.0,,399151.0,,,1.0,,
75759233,,,,,2.0,453.0,1299.0,A,,2.0,1.0,3500.0,746.0,,399151.0,,,1.0,,
75759411,,,,,2.0,453.0,1299.0,A,,2.0,1.0,3500.0,746.0,,399151.0,,,1.0,,
75759584,,,,,2.0,453.0,1299.0,A,,2.0,1.0,3500.0,746.0,,399152.0,,,1.0,,
75759853,,,,,2.0,453.0,1299.0,A,,2.0,1.0,3500.0,746.0,,399152.0,,,1.0,,
75760150,,,,,2.0,453.0,1299.0,A,,2.0,1.0,3500.0,746.0,,399152.0,,,1.0,,
75760351,,,,,2.0,453.0,1299.0,A,,2.0,1.0,3500.0,746.0,,399152.0,,,1.0,,
75760476,,,,,2.0,453.0,1299.0,A,,2.0,1.0,3500.0,746.0,,399152.0,,,1.0,,
75760646,,,,,2.0,453.0,1299.0,A,,2.0,1.0,3500.0,746.0,,399152.0,,,1.0,,
75761042,,,,,2.0,453.0,1299.0,A,,2.0,1.0,3500.0,746.0,,399152.0,,,1.0,,
75761171,,,,,2.0,453.0,1299.0,A,,2.0,1.0,3500.0,746.0,,399152.0,,,1.0,,
75761314,,,,,2.0,453.0,1299.0,A,,2.0,1.0,3500.0,746.0,,399152.0,,,1.0,,
75761461,,,,,2.0,453.0,1299.0,A,,2.0,1.0,3500.0,746.0,,399152.0,,,1.0,,
75761617,,,,,2.0,453.0,1299.0,A,,2.0,1.0,3500.0,746.0,,399152.0,,,1.0,,
75761755,,,,,2.0,453.0,1299.0,A,,2.0,1.0,3500.0,746.0,,399152.0,,,1.0,,
75762073,,,,,2.0,453.0,1299.0,A,,2.0,1.0,3500.0,746.0,,399152.0,,,1.0,,
75762361,,,,,2.0,453.0,1299.0,A,,2.0,1.0,3500.0,746.0,,399152.0,,,1.0,,
75771226,,,,,2.0,453.0,1299.0,A,,2.0,1.0,3500.0,746.0,,399152.0,,,1.0,,
75771317,,,,,2.0,453.0,1299.0,A,,2.0,1.0,3500.0,746.0,,399152.0,,,1.0,,
75771451,,,,,2.0,453.0,1299.0,A,,2.0,1.0,3500.0,746.0,,907103.0,,,1.0,,
75771545,,,,,2.0,453.0,1299.0,A,,2.0,1.0,3500.0,746.0,,907103.0,,,1.0,,
75771635,,,,,2.0,453.0,1299.0,A,,2.0,1.0,3500.0,746.0,,907103.0,,,1.0,,
75775620,,,,,2.0,453.0,1299.0,A,,2.0,1.0,3500.0,746.0,,907103.0,,,1.0,,
75775740,,,,,2.0,453.0,1299.0,A,,2.0,1.0,3500.0,746.0,,907103.0,,,1.0,,
75775848,,,,,2.0,453.0,1299.0,A,,2.0,1.0,3500.0,746.0,,907103.0,,,1.0,,
75775950,,,,,2.0,453.0,1299.0,A,,2.0,1.0,3500.0,746.0,,907103.0,,,1.0,,
75776064,,,,,2.0,453.0,1299.0,A,,2.0,1.0,3500.0,746.0,,907103.0,,,1.0,,
75776173,,,,,2.0,453.0,1299.0,A,,2.0,1.0,3500.0,746.0,,907103.0,,,1.0,,
75776278,,,,,2.0,453.0,1299.0,A,,2.0,1.0,3500.0,746.0,,907103.0,,,1.0,,
75776372,,,,,2.0,453.0,1299.0,A,,2.0,1.0,3500.0,746.0,,907103.0,,,1.0,,
75776485,,,,,2.0,453.0,1299.0,A,,2.0,1.0,3500.0,746.0,,907103.0,,,1.0,,
75776604,,,,,2.0,453.0,1299.0,A,,2.0,1.0,3500.0,746.0,,907103.0,,,1.0,,
75776874,,,,,2.0,453.0,1299.0,A,,2.0,1.0,3500.0,746.0,,907103.0,,,1.0,,
75777173,,,,,2.0,453.0,1299.0,A,,2.0,1.0,3500.0,746.0,,907103.0,,,1.0,,
75777309,,,,,2.0,453.0,1299.0,A,,2.0,1.0,3500.0,746.0,,907103.0,,,1.0,,
75777400,,,,,2.0,453.0,1299.0,A,,2.0,1.0,3500.0,746.0,,907103.0,,,1.0,,
75777531,,,,,2.0,453.0,1299.0,A,,2.0,1.0,3500.0,746.0,,907103.0,,,1.0,,
75777656,,,,,2.0,453.0,1299.0,A,,2.0,1.0,3500.0,746.0,,907103.0,,,1.0,,
75777769,,,,,2.0,453.0,1299.0,A,,2.0,1.0,3500.0,746.0,,907103.0,,,1.0,,
75777886,,,,,2.0,453.0,1299.0,A,,2.0,1.0,3500.0,746.0,,907103.0,,,1.0,,
75778012,,,,,2.0,453.0,1299.0,A,,2.0,1.0,3500.0,746.0,,907103.0,,,1.0,,
75778161,,,,,2.0,453.0,1299.0,A,,2.0,1.0,3500.0,746.0,,907103.0,,,1.0,,
75778296,,,,,2.0,453.0,1299.0,A,,2.0,1.0,3500.0,746.0,,399152.0,,,1.0,,
75778450,,,,,2.0,453.0,1299.0,A,,2.0,1.0,3500.0,746.0,,399152.0,,,1.0,,
76394797,,,,,2.0,454.0,1300.0,A,,2.0,1.0,190000.0,747.0,,907103.0,,,1.0,,
76440297,,,,,,,,,,,,,,,,,,,,
76440805,,,,,,,,,,,,,,,,,,,,
76442450,,,,,,,,,,,,,,,,,,,,
76662871,,,,,,,,,,,,,,,,,,,,
76663943,,,,,,,,,,,,,,,,,,,,
76664668,,,,,,,,,,,,,,,,,,,,
76665566,,,,,,,,,,,,,,,,,,,,
76666323,,,,,,,,,,,,,,,,,,,,
76666762,,,,,,,,,,,,,,,,,,,,
76667454,,,,,,,,,,,,,,,,,,,,
76668697,,,,,,,,,,,,,,,,,,,,
76669184,,,,,,,,,,,,,,,,,,,,
76669635,,,,,,,,,,,,,,,,,,,,
76670088,,,,,,,,,,,,,,,,,,,,
76670354,,,,,,,,,,,,,,,,,,,,
76670540,,,,,,,,,,,,,,,,,,,,
76670717,,,,,,,,,,,,,,,,,,,,
76670945,,,,,,,,,,,,,,,,,,,,
76671348,,,,,,,,,,,,,,,,,,,,
76671617,,,,,,,,,,,,,,,,,,,,
76671786,,,,,,,,,,,,,,,,,,,,
76672479,,,,,,,,,,,,,,,,,,,,
76673000,,,,,,,,,,,,,,,,,,,,
76673430,,,,,,,,,,,,,,,,,,,,
76914253,,,,,,,,,,,,,,,,,,,,
76916607,,,,,,,,,,,,,,,,,,,,
76919983,,,,,,,,,,,,,,,,,,,,
80204023,,,,,,,,,,,,,,,,,,,,
80204865,,,,,,,,,,,,,,,,,,,,
80282535,,,,,,,,,,,,,,,,,,,,
80283249,,,,,,,,,,,,,,,,,,,,
80285181,,,,,,,,,,,,,,,,,,,,
80286374,,,,,,,,,,,,,,,,,,,,
80287040,,,,,,,,,,,,,,,,,,,,
80287642,,,,,,,,,,,,,,,,,,,,
80289324,,,,,,,,,,,,,,,,,,,,
80497394,,,,,,,,,,,,,,,,,,,,
80499284,,,,,,,,,,,,,,,,,,,,
80500464,,,,,,,,,,,,,,,,,,,,
80500940,,,,,,,,,,,,,,,,,,,,
80501417,,,,,,,,,,,,,,,,,,,,
80502339,,,,,,,,,,,,,,,,,,,,
80502928,,,,,,,,,,,,,,,,,,,,
80539543,,,,,,,,,,,,,,,,,,,,
80540359,,,,,,,,,,,,,,,,,,,,
80540956,,,,,,,,,,,,,,,,,,,,
80541245,,,,,,,,,,,,,,,,,,,,
80541578,,,,,,,,,,,,,,,,,,,,
80543174,,,,,,,,,,,,,,,,,,,,
80543844,,,,,,,,,,,,,,,,,,,,
80544128,,,,,,,,,,,,,,,,,,,,
80544519,,,,,,,,,,,,,,,,,,,,
80544866,,,,,,,,,,,,,,,,,,,,
80545194,,,,,,,,,,,,,,,,,,,,
80667687,,,,,,,,,,,,,,,,,,,,
80669014,,,,,,,,,,,,,,,,,,,,
81213667,,,,,2.0,462.0,1346.0,A,,2.0,1.0,100000.0,793.0,,907103.0,,,1.0,,
81803431,,,,,,,,,,,,,,,,,,,,
81803499,,,,,,,,,,,,,,,,,,,,
81803574,,,,,,,,,,,,,,,,,,,,
81803822,,,,,,,,,,,,,,,,,,,,
81803885,,,,,,,,,,,,,,,,,,,,
81804037,,,,,,,,,,,,,,,,,,,,
81804105,,,,,,,,,,,,,,,,,,,,
81804193,,,,,,,,,,,,,,,,,,,,
81804347,,,,,,,,,,,,,,,,,,,,
81804468,,,,,,,,,,,,,,,,,,,,
81804533,,,,,,,,,,,,,,,,,,,,
81804594,,,,,,,,,,,,,,,,,,,,
81804663,,,,,,,,,,,,,,,,,,,,
81804719,,,,,,,,,,,,,,,,,,,,
81804815,,,,,,,,,,,,,,,,,,,,
81804893,,,,,,,,,,,,,,,,,,,,
81805203,,,,,,,,,,,,,,,,,,,,
81805294,,,,,,,,,,,,,,,,,,,,
81805412,,,,,,,,,,,,,,,,,,,,
81805479,,,,,,,,,,,,,,,,,,,,
81805556,,,,,,,,,,,,,,,,,,,,
81805637,,,,,,,,,,,,,,,,,,,,
81805712,,,,,,,,,,,,,,,,,,,,
81805794,,,,,,,,,,,,,,,,,,,,
81805858,,,,,,,,,,,,,,,,,,,,
81805957,,,,,,,,,,,,,,,,,,,,
81806049,,,,,,,,,,,,,,,,,,,,
81806928,,,,,,,,,,,,,,,,,,,,
81807390,,,,,,,,,,,,,,,,,,,,
81807550,,,,,,,,,,,,,,,,,,,,
81807725,,,,,,,,,,,,,,,,,,,,
81807809,,,,,,,,,,,,,,,,,,,,
81807873,,,,,,,,,,,,,,,,,,,,
81807943,,,,,,,,,,,,,,,,,,,,
81808109,,,,,,,,,,,,,,,,,,,,
81808371,,,,,,,,,,,,,,,,,,,,
81808508,,,,,,,,,,,,,,,,,,,,
81808606,,,,,,,,,,,,,,,,,,,,
81808732,,,,,,,,,,,,,,,,,,,,
81808865,,,,,,,,,,,,,,,,,,,,
82376634,,,,,2.0,454.0,1301.0,A,,2.0,1.0,106668.0,748.0,,907103.0,,,1.0,,
82377558,,,,,2.0,407.0,1153.0,A,,5.0,1.0,435372.0,457.0,,907103.0,,,1.0,,
82378986,,,,,,,,,,,,,,,,,,,,
82379527,77.0,1076.0,2.0,1.0,,,,,,,,,,,,,,,,
82464707,,,,,,,,,,,,,,,,,,,,
82474041,,,,,,,,,,,,,,,,,,,,
82481662,,,,,,,,,,,,,,,,,,,,
82482625,,,,,,,,,,,,,,,,,,,,
82483763,,,,,,,,,,,,,,,,,,,,
82495267,,,,,,,,,,,,,,,,,,,,
82497829,,,,,,,,,,,,,,,,,,,,
82528637,,,,,2.0,77.0,1380.0,A,,2.0,1.0,50000.0,826.0,,907103.0,,,1.0,,
82529547,,,,,,,,,,,,,,,,,,,,
82530259,,,,,,,,,,,,,,,,,,,,
82531153,,,,,,,,,,,,,,,,,,,,
82533607,,,,,2.0,462.0,1375.0,A,,2.0,1.0,50000.0,791.0,,907103.0,,,1.0,,
82534448,,,,,,,,,,,,,,,,,,,,
82545119,,,,,,,,,,,,,,,,,,,,
82545958,,,,,,,,,,,,,,,,,,,,
82546646,,,,,,,,,,,,,,,,,,,,
82547174,,,,,,,,,,,,,,,,,,,,
82548452,,,,,,,,,,,,,,,,,,,,
82549027,,,,,,,,,,,,,,,,,,,,
82550024,,,,,,,,,,,,,,,,,,,,
82550809,,,,,,,,,,,,,,,,,,,,
82551840,,,,,,,,,,,,,,,,,,,,
82554652,,,,,,,,,,,,,,,,,,,,
82555603,,,,,2.0,103.0,56.0,A,,2.0,1.0,50000.0,51.0,,907103.0,,,1.0,,
82556608,,,,,,,,,,,,,,,,,,,,
82557141,,,,,,,,,,,,,,,,,,,,
82557568,,,,,,,,,,,,,,,,,,,,
82558085,,,,,,,,,,,,,,,,,,,,
82558758,104.0,53.0,2.0,1.0,,,,,,,,,,,,,,,,
82559336,,,,,,,,,,,,,,,,,,,,
82564045,,,,,,,,,,,,,,,,,,,,
82564391,,,,,,,,,,,,,,,,,,,,
82564668,,,,,,,,,,,,,,,,,,,,
82565292,,,,,,,,,,,,,,,,,,,,
82565599,,,,,,,,,,,,,,,,,,,,
82565935,,,,,,,,,,,,,,,,,,,,
82566308,,,,,,,,,,,,,,,,,,,,
82566716,,,,,,,,,,,,,,,,,,,,
82567173,,,,,,,,,,,,,,,,,,,,
82567624,,,,,,,,,,,,,,,,,,,,
82568007,,,,,,,,,,,,,,,,,,,,
82568452,,,,,,,,,,,,,,,,,,,,
82569136,,,,,,,,,,,,,,,,,,,,
82569635,,,,,,,,,,,,,,,,,,,,
82582452,,,,,2.0,454.0,1300.0,A,,2.0,1.0,10000.0,747.0,,907103.0,,,1.0,,
82589580,,,,,,,,,,,,,,,,,,,,
82589802,,,,,,,,,,,,,,,,,,,,
82590280,,,,,,,,,,,,,,,,,,,,
82591249,,,,,,,,,,,,,,,,,,,,
82591577,,,,,,,,,,,,,,,,,,,,
82591963,,,,,,,,,,,,,,,,,,,,
82592147,,,,,,,,,,,,,,,,,,,,
82592492,,,,,2.0,60.0,1208.0,A,,2.0,1.0,100000.0,654.0,,907103.0,,,1.0,,
82592906,,,,,2.0,97.0,1239.0,A,,2.0,1.0,100000.0,685.0,,907103.0,,,1.0,,
82593160,,,,,2.0,77.0,1222.0,A,,2.0,1.0,100000.0,668.0,,907103.0,,,1.0,,
82593429,,,,,2.0,77.0,46.0,A,,2.0,1.0,100000.0,42.0,,907103.0,,,1.0,,
82593831,,,,,1.0,41.0,1163.0,A,,2.0,1.0,100000.0,467.0,,907103.0,,,1.0,,
82594057,,,,,2.0,77.0,66.0,A,,2.0,1.0,100000.0,60.0,,907103.0,,,1.0,,
82594336,77.0,1202.0,2.0,1.0,,,,,,,,,,,,,,,,
82594615,,,,,2.0,77.0,1202.0,A,,2.0,1.0,100000.0,505.0,,907103.0,,,1.0,,
82594847,,,,,2.0,77.0,1380.0,A,,2.0,1.0,100000.0,826.0,,907103.0,,,1.0,,
82595111,,,,,2.0,77.0,66.0,A,,2.0,1.0,100000.0,60.0,,907103.0,,,1.0,,
82595315,,,,,2.0,77.0,46.0,A,,2.0,1.0,100000.0,42.0,,907103.0,,,1.0,,
82598628,,,,,2.0,77.0,1217.0,A,,2.0,1.0,100000.0,663.0,,907103.0,,,1.0,,
82598863,,,,,2.0,60.0,1211.0,A,,2.0,1.0,100000.0,657.0,,907103.0,,,1.0,,
82599652,,,,,2.0,97.0,1239.0,A,,2.0,1.0,100000.0,685.0,,907103.0,,,1.0,,
82599931,,,,,2.0,97.0,1238.0,A,,2.0,1.0,100000.0,684.0,,907103.0,,,1.0,,
80664600,,,,,2.0,60.0,1275.0,A,,2.0,1.0,15000.0,722.0,,907103.0,,,1.0,,
80670629,,,,,2.0,15.0,1205.0,A,,4.0,1.0,100000.0,508.0,,399151.0,,,1.0,,
80671496,,,,,2.0,15.0,1205.0,A,,4.0,1.0,180000.0,508.0,,399152.0,,,1.0,,
80672367,,,,,2.0,77.0,1202.0,A,,2.0,1.0,150000.0,505.0,,907103.0,,,1.0,,
80674757,,,,,2.0,15.0,1205.0,A,,4.0,1.0,138000.0,508.0,,399151.0,,,1.0,,
80675425,,,,,2.0,15.0,1205.0,A,,4.0,1.0,50000.0,508.0,,399152.0,,,1.0,,
80676557,,,,,2.0,77.0,1202.0,A,,2.0,1.0,100000.0,505.0,,907103.0,,,1.0,,
80677902,,,,,2.0,15.0,1205.0,A,,4.0,1.0,150000.0,508.0,,907103.0,,,1.0,,
80678796,,,,,2.0,15.0,1205.0,A,,4.0,1.0,100000.0,508.0,,399152.0,,,1.0,,
80680963,,,,,,,,,,,,,,,,,,,,
80681330,,,,,,,,,,,,,,,,,,,,
81202092,,,,,2.0,462.0,1345.0,A,,2.0,1.0,50000.0,792.0,,907103.0,,,1.0,,
81212950,,,,,2.0,77.0,1202.0,A,,2.0,1.0,50000.0,505.0,,907103.0,,,1.0,,
82375147,,,,,2.0,462.0,1375.0,A,,2.0,1.0,163279.0,791.0,,907103.0,,,1.0,,
82578918,,,,,2.0,454.0,1301.0,A,,2.0,1.0,103611.0,748.0,,907103.0,,,1.0,,
82583607,,,,,2.0,462.0,1345.0,A,,2.0,1.0,72000.0,792.0,,907103.0,,,1.0,,
82585671,,,,,1.0,463.0,1350.0,A,,2.0,1.0,300000.0,797.0,,907103.0,,,1.0,,
104437781,,,,,2.0,15.0,458.0,A,,4.0,1.0,170000.0,358.0,,907103.0,,,1.0,,
104439856,,,,,2.0,15.0,458.0,A,,4.0,1.0,130000.0,358.0,,907103.0,,,1.0,,
104607784,,,,,2.0,77.0,1199.0,A,,2.0,1.0,100000.0,651.0,,399152.0,,,1.0,,
104610426,,,,,2.0,410.0,1136.0,A,,2.0,1.0,100000.0,440.0,,399152.0,,,1.0,,
104613538,,,,,,,,,,,,,,,,,,,,
104613543,,,,,,,,,,,,,,,,,,,,
104613548,,,,,,,,,,,,,,,,,,,,
104615967,,,,,,,,,,,,,,,,,,,,
104616560,,,,,,,,,,,,,,,,,,,,
104666730,,,,,,,,,,,,,,,,,,,,
104667396,,,,,,,,,,,,,,,,,,,,
104668293,,,,,,,,,,,,,,,,,,,,
104668684,,,,,,,,,,,,,,,,,,,,
104669403,,,,,,,,,,,,,,,,,,,,
104672957,,,,,,,,,,,,,,,,,,,,
104673863,,,,,,,,,,,,,,,,,,,,
104674668,,,,,,,,,,,,,,,,,,,,
104675182,,,,,,,,,,,,,,,,,,,,
104676416,,,,,,,,,,,,,,,,,,,,
104677254,,,,,,,,,,,,,,,,,,,,
104677628,,,,,,,,,,,,,,,,,,,,
104679834,,,,,,,,,,,,,,,,,,,,
104680552,,,,,,,,,,,,,,,,,,,,
104681266,,,,,,,,,,,,,,,,,,,,
104696959,,,,,,,,,,,,,,,,,,,,
104697193,,,,,,,,,,,,,,,,,,,,
104697760,,,,,,,,,,,,,,,,,,,,
104698034,,,,,,,,,,,,,,,,,,,,
104698343,,,,,,,,,,,,,,,,,,,,
104698724,,,,,,,,,,,,,,,,,,,,
104704132,,,,,,,,,,,,,,,,,,,,
104704347,,,,,,,,,,,,,,,,,,,,
104704789,,,,,,,,,,,,,,,,,,,,
104704972,,,,,,,,,,,,,,,,,,,,
104705206,,,,,,,,,,,,,,,,,,,,
104705397,,,,,,,,,,,,,,,,,,,,
104705536,,,,,,,,,,,,,,,,,,,,
104705748,,,,,,,,,,,,,,,,,,,,
104705860,,,,,,,,,,,,,,,,,,,,
104706024,,,,,,,,,,,,,,,,,,,,
104706477,,,,,,,,,,,,,,,,,,,,
104706762,,,,,,,,,,,,,,,,,,,,
104706939,,,,,,,,,,,,,,,,,,,,
104707769,,,,,,,,,,,,,,,,,,,,
104708137,97.0,1260.0,2.0,1.0,,,,,,,,,,,,,,,,
104718886,,,,,,,,,,,,,,,,,,,,
104719305,,,,,,,,,,,,,,,,,,,,
104720489,,,,,,,,,,,,,,,,,,,,
104721236,,,,,,,,,,,,,,,,,,,,
104724671,77.0,1199.0,2.0,1.0,,,,,,,,,,,,,,,,
104725271,,,,,,,,,,,,,,,,,,,,
104726069,,,,,,,,,,,,,,,,,,,,
104726702,,,,,,,,,,,,,,,,,,,,
104728021,,,,,2.0,4.0,64.0,A,,2.0,1.0,100000.0,58.0,,399151.0,,,1.0,,
105062192,,,,,2.0,453.0,1299.0,A,,2.0,1.0,3500.0,746.0,,907103.0,,,1.0,,
105062810,,,,,2.0,453.0,1299.0,A,,2.0,1.0,3500.0,746.0,,907103.0,,,1.0,,
105063710,,,,,2.0,453.0,1299.0,A,,2.0,1.0,3500.0,746.0,,907103.0,,,1.0,,
105064408,,,,,2.0,453.0,1299.0,A,,2.0,1.0,3500.0,746.0,,907103.0,,,1.0,,
105065441,,,,,2.0,453.0,1299.0,A,,2.0,1.0,3500.0,746.0,,907103.0,,,1.0,,
105068846,,,,,2.0,453.0,1299.0,A,,2.0,1.0,3500.0,746.0,,907103.0,,,1.0,,
105069328,,,,,2.0,453.0,1299.0,A,,2.0,1.0,3500.0,746.0,,907103.0,,,1.0,,
105218334,,,,,2.0,453.0,1299.0,A,,2.0,1.0,3500.0,746.0,,907103.0,,,1.0,,
105218863,,,,,2.0,453.0,1299.0,A,,2.0,1.0,3500.0,746.0,,907103.0,,,1.0,,
105219371,,,,,2.0,453.0,1299.0,A,,2.0,1.0,3500.0,746.0,,399151.0,,,1.0,,
105226751,,,,,2.0,453.0,1299.0,A,,2.0,1.0,3500.0,746.0,,907103.0,,,1.0,,
105227042,,,,,2.0,453.0,1299.0,A,,2.0,1.0,3500.0,746.0,,907103.0,,,1.0,,
105227324,,,,,2.0,453.0,1299.0,A,,2.0,1.0,3500.0,746.0,,399151.0,,,1.0,,
105227855,,,,,2.0,453.0,1299.0,A,,2.0,1.0,3500.0,746.0,,399151.0,,,1.0,,
105228124,,,,,2.0,453.0,1299.0,A,,2.0,1.0,3500.0,746.0,,399151.0,,,1.0,,
105248373,,,,,2.0,453.0,1299.0,A,,2.0,1.0,3500.0,746.0,,399151.0,,,1.0,,
105248909,,,,,2.0,453.0,1299.0,A,,2.0,1.0,3500.0,746.0,,399152.0,,,1.0,,
105257303,,,,,2.0,453.0,1299.0,A,,2.0,1.0,3500.0,746.0,,399152.0,,,1.0,,
105257889,,,,,2.0,453.0,1299.0,A,,2.0,1.0,3500.0,746.0,,399152.0,,,1.0,,
105258189,,,,,2.0,453.0,1299.0,A,,2.0,1.0,3500.0,746.0,,399152.0,,,1.0,,
105259833,,,,,2.0,453.0,1299.0,A,,2.0,1.0,3500.0,746.0,,907103.0,,,1.0,,
105260207,,,,,2.0,453.0,1299.0,A,,2.0,1.0,3500.0,746.0,,907103.0,,,1.0,,
105260550,,,,,2.0,453.0,1299.0,A,,2.0,1.0,3500.0,746.0,,907103.0,,,1.0,,
105260865,,,,,2.0,453.0,1299.0,A,,2.0,1.0,3500.0,746.0,,399151.0,,,1.0,,
105261160,,,,,2.0,453.0,1299.0,A,,2.0,1.0,3500.0,746.0,,907103.0,,,1.0,,
105263426,,,,,2.0,453.0,1299.0,A,,2.0,1.0,3500.0,746.0,,907103.0,,,1.0,,
105263684,,,,,2.0,453.0,1299.0,A,,2.0,1.0,3500.0,746.0,,907103.0,,,1.0,,
105263837,,,,,2.0,453.0,1299.0,A,,2.0,1.0,3500.0,746.0,,907103.0,,,1.0,,
105264091,,,,,2.0,453.0,1299.0,A,,2.0,1.0,3500.0,746.0,,399151.0,,,1.0,,
105271186,,,,,2.0,453.0,1299.0,A,,2.0,1.0,3500.0,746.0,,399151.0,,,1.0,,
105271278,,,,,2.0,453.0,1299.0,A,,2.0,1.0,3500.0,746.0,,907103.0,,,1.0,,
105271369,,,,,2.0,453.0,1299.0,A,,2.0,1.0,3500.0,746.0,,907103.0,,,1.0,,
105271634,,,,,2.0,453.0,1299.0,A,,2.0,1.0,3500.0,746.0,,907103.0,,,1.0,,
105271785,,,,,2.0,453.0,1299.0,A,,2.0,1.0,3500.0,746.0,,907103.0,,,1.0,,
105271946,,,,,2.0,453.0,1299.0,A,,2.0,1.0,3500.0,746.0,,907103.0,,,1.0,,
105272040,,,,,2.0,453.0,1299.0,A,,2.0,1.0,3500.0,746.0,,907103.0,,,1.0,,
105272172,,,,,2.0,453.0,1299.0,A,,2.0,1.0,3500.0,746.0,,399151.0,,,1.0,,
105272404,,,,,2.0,453.0,1299.0,A,,2.0,1.0,3500.0,746.0,,907103.0,,,1.0,,
105272560,,,,,2.0,453.0,1299.0,A,,2.0,1.0,3500.0,746.0,,907103.0,,,1.0,,
105280443,,,,,2.0,453.0,1299.0,A,,2.0,1.0,3500.0,746.0,,907103.0,,,1.0,,
105280745,,,,,2.0,453.0,1299.0,A,,2.0,1.0,3500.0,746.0,,907103.0,,,1.0,,
105281294,,,,,2.0,453.0,1299.0,A,,2.0,1.0,3500.0,746.0,,907103.0,,,1.0,,
105281814,,,,,2.0,453.0,1299.0,A,,2.0,1.0,3500.0,746.0,,907103.0,,,1.0,,
105282014,,,,,2.0,453.0,1299.0,A,,2.0,1.0,3500.0,746.0,,907103.0,,,1.0,,
105282230,,,,,2.0,453.0,1299.0,A,,2.0,1.0,3500.0,746.0,,907103.0,,,1.0,,
105282381,,,,,2.0,453.0,1299.0,A,,2.0,1.0,3500.0,746.0,,907103.0,,,1.0,,
105282566,,,,,2.0,453.0,1299.0,A,,2.0,1.0,3500.0,746.0,,907103.0,,,1.0,,
105282822,,,,,2.0,453.0,1299.0,A,,2.0,1.0,3500.0,746.0,,907103.0,,,1.0,,
105283077,,,,,2.0,453.0,1299.0,A,,2.0,1.0,3500.0,746.0,,907103.0,,,1.0,,
105310756,,,,,2.0,451.0,1377.0,A,,2.0,1.0,30000.0,823.0,,907103.0,,,1.0,,
105320626,,,,,2.0,15.0,458.0,A,,4.0,1.0,110000.0,358.0,,399152.0,,,1.0,,
105322239,97.0,1161.0,2.0,1.0,,,,,,,,,,,,,,,,
105322555,,,,,,,,,,,,,,,,,,,,
105322893,,,,,2.0,453.0,1299.0,A,,2.0,1.0,3500.0,746.0,,907103.0,,,1.0,,
105323263,,,,,2.0,453.0,1299.0,A,,2.0,1.0,3500.0,746.0,,907103.0,,,1.0,,
105346878,,,,,2.0,10.0,1366.0,A,,2.0,1.0,221868.0,813.0,,907103.0,,,1.0,,
105348927,,,,,1.0,455.0,1286.0,A,,2.0,1.0,100000.0,733.0,,907103.0,,,1.0,,
105349696,,,,,2.0,454.0,1300.0,A,,2.0,1.0,153049.0,747.0,,907103.0,,,1.0,,
105352625,,,,,,,,,,,,,,,,,,,,
105380191,,,,,2.0,15.0,458.0,A,,4.0,1.0,1000.0,358.0,,907103.0,,,1.0,,
105380242,,,,,,,,,,,,,,,,,,,,
105380331,,,,,,,,,,,,,,,,,,,,
105380384,,,,,,,,,,,,,,,,,,,,
105385000,,,,,,,,,,,,,,,,,,,,
105385317,,,,,,,,,,,,,,,,,,,,
105385387,,,,,1.0,461.0,1343.0,A,,2.0,1.0,1000.0,789.0,,907103.0,,,1.0,,
105385512,,,,,2.0,77.0,40.0,A,,2.0,1.0,1000.0,36.0,,907103.0,,,1.0,,
105385987,,,,,,,,,,,,,,,,,,,,
105386102,,,,,,,,,,,,,,,,,,,,
105386195,,,,,,,,,,,,,,,,,,,,
105389803,,,,,,,,,,,,,,,,,,,,
105389940,,,,,,,,,,,,,,,,,,,,
105390192,,,,,,,,,,,,,,,,,,,,
105390837,,,,,,,,,,,,,,,,,,,,
105410425,,,,,2.0,454.0,1300.0,A,,2.0,1.0,7069.0,747.0,,907103.0,,,1.0,,
104436132,,,,,2.0,15.0,458.0,A,,4.0,1.0,130000.0,358.0,,907103.0,,,1.0,,
105285932,,,,,2.0,10.0,11.0,A,,2.0,1.0,128250.0,10.0,,907103.0,,,1.0,,
105286382,,,,,1.0,463.0,1350.0,A,,2.0,1.0,20000.0,797.0,,907103.0,,,1.0,,
105288559,,,,,1.0,463.0,1350.0,A,,2.0,1.0,150000.0,797.0,,907103.0,,,1.0,,
105289787,,,,,2.0,454.0,1300.0,A,,2.0,1.0,45000.0,747.0,,907103.0,,,1.0,,
105290603,,,,,2.0,454.0,1300.0,A,,2.0,1.0,30000.0,747.0,,907103.0,,,1.0,,
105311507,,,,,2.0,15.0,458.0,A,,4.0,1.0,150000.0,358.0,,907103.0,,,1.0,,
105312553,77.0,46.0,2.0,1.0,2.0,77.0,46.0,A,,2.0,1.0,20000.0,,,907103.0,,,1.0,,
105313757,,,,,2.0,77.0,1202.0,A,,2.0,1.0,100000.0,505.0,,907103.0,,,1.0,,
105314234,,,,,2.0,15.0,458.0,A,,4.0,1.0,130000.0,358.0,,907103.0,,,1.0,,
105316983,,,,,2.0,77.0,1380.0,A,,2.0,1.0,100000.0,826.0,,907103.0,,,1.0,,
105317688,,,,,2.0,77.0,1380.0,A,,2.0,1.0,100000.0,826.0,,907103.0,,,1.0,,
105318429,,,,,2.0,15.0,458.0,A,,4.0,1.0,100000.0,358.0,,907103.0,,,1.0,,
105318767,77.0,1076.0,2.0,1.0,2.0,77.0,1076.0,A,,2.0,1.0,126824.0,,,907103.0,,,1.0,,
105320299,,,,,2.0,15.0,458.0,A,,4.0,1.0,100000.0,358.0,,907103.0,,,1.0,,
105321038,,,,,2.0,15.0,458.0,A,,4.0,1.0,124080.0,358.0,,399151.0,,,1.0,,
105321332,,,,,2.0,77.0,1076.0,A,,2.0,1.0,50000.0,380.0,,907103.0,,,1.0,,
105407696,,,,,1.0,463.0,1350.0,A,,2.0,1.0,100000.0,797.0,,907103.0,,,1.0,,
105410708,,,,,2.0,454.0,1300.0,A,,2.0,1.0,80000.0,747.0,,907103.0,,,1.0,,
115468414,,,,,,,,,,,,,,,,,,,,
117692576,,,,,,,,,,,,,,,,,,,,
117693843,,,,,,,,,,,,,,,,,,,,
117694749,,,,,,,,,,,,,,,,,,,,
117696468,,,,,,,,,,,,,,,,,,,,
118317968,,,,,,,,,,,,,,,,,,,,
119674509,,,,,2.0,451.0,1281.0,A,,2.0,1.0,9000.0,728.0,,907103.0,,,1.0,,
119682712,,,,,1.0,455.0,1286.0,A,,2.0,5.0,2400.0,733.0,,907103.0,,,3.0,,"[{""astLocCd"": 399152, ""astPlnUntCd"": null, ""astPlnUntTyp"": null, ""astNoOfUnt"": 1, ""astUnitCostTot"": null}, {""astLocCd"": 399151, ""astPlnUntCd"": null, ""astPlnUntTyp"": null, ""astNoOfUnt"": 1, ""astUnitCostTot"": null}]"
119684353,,,,,2.0,453.0,1299.0,A,,2.0,1.0,3500.0,746.0,,399151.0,,,1.0,,
119685991,,,,,1.0,455.0,1286.0,A,,2.0,1.0,75000.0,733.0,,907103.0,,,1.0,,
121064854,,,,,1.0,463.0,1350.0,A,,2.0,1.0,120000.0,797.0,,907103.0,,,1.0,,
121114112,,,,,2.0,460.0,1325.0,A,,2.0,1.0,3500.0,772.0,,399151.0,,,1.0,,
121114515,,,,,2.0,460.0,1325.0,A,,2.0,1.0,3500.0,772.0,,399151.0,,,1.0,,
121114816,,,,,2.0,460.0,1325.0,A,,2.0,1.0,3500.0,772.0,,399151.0,,,1.0,,
121115140,,,,,2.0,460.0,1325.0,A,,2.0,1.0,3500.0,772.0,,399151.0,,,1.0,,
121115425,,,,,2.0,460.0,1325.0,A,,2.0,1.0,3500.0,772.0,,399151.0,,,1.0,,
121115774,,,,,2.0,460.0,1325.0,A,,2.0,1.0,3500.0,772.0,,399151.0,,,1.0,,
121116083,,,,,2.0,460.0,1325.0,A,,2.0,1.0,3500.0,772.0,,399151.0,,,1.0,,
121116636,,,,,2.0,460.0,1325.0,A,,2.0,1.0,3500.0,772.0,,399151.0,,,1.0,,
121116969,,,,,2.0,460.0,1325.0,A,,2.0,1.0,3500.0,772.0,,399151.0,,,1.0,,
121117231,,,,,2.0,460.0,1325.0,A,,2.0,1.0,3500.0,772.0,,399151.0,,,1.0,,
121117614,,,,,2.0,460.0,1325.0,A,,2.0,1.0,3500.0,772.0,,399151.0,,,1.0,,
121117932,,,,,2.0,460.0,1325.0,A,,2.0,1.0,3500.0,772.0,,399151.0,,,1.0,,
121118350,,,,,2.0,460.0,1325.0,A,,2.0,1.0,3500.0,772.0,,399151.0,,,1.0,,
121118582,,,,,2.0,460.0,1325.0,A,,2.0,1.0,3500.0,772.0,,399151.0,,,1.0,,
121119294,,,,,2.0,15.0,458.0,A,,4.0,1.0,180000.0,358.0,,907103.0,,,1.0,,
121122566,,,,,2.0,63.0,29.0,A,,2.0,1.0,100000.0,26.0,,907103.0,,,1.0,,
121215461,,,,,,,,,,,,,,,,,,,,
121215710,77.0,37.0,2.0,1.0,,,,,,,,,,,,,,,,
121218162,,,,,2.0,462.0,1375.0,A,,2.0,1.0,20000.0,791.0,,907103.0,,,1.0,,
121218326,,,,,2.0,457.0,1317.0,A,,2.0,2.0,9000.0,764.0,,907103.0,,,1.0,,"[{""astLocCd"": 399152, ""astPlnUntCd"": null, ""astPlnUntTyp"": null, ""astNoOfUnt"": 1, ""astUnitCostTot"": null}]"
121218389,,,,,2.0,457.0,1313.0,A,,2.0,1.0,200000.0,760.0,,907103.0,,,1.0,,
121218618,,,,,2.0,77.0,1380.0,A,,2.0,1.0,50000.0,826.0,,907103.0,,,1.0,,
121218656,,,,,2.0,97.0,1260.0,A,,2.0,1.0,45000.0,707.0,,907103.0,,,1.0,,
121218709,,,,,2.0,97.0,1260.0,A,,2.0,1.0,20546.0,707.0,,907103.0,,,1.0,,
121218718,,,,,2.0,462.0,1352.0,A,,2.0,1.0,15409.0,799.0,,907103.0,,,1.0,,
121218745,,,,,,,,,,,,,,,,,,,,
121218771,,,,,,,,,,,,,,,,,,,,
121218780,,,,,,,,,,,,,,,,,,,,
121218788,,,,,,,,,,,,,,,,,,,,
121218797,,,,,,,,,,,,,,,,,,,,
121218801,,,,,,,,,,,,,,,,,,,,
121218812,,,,,,,,,,,,,,,,,,,,
121218818,,,,,,,,,,,,,,,,,,,,
121218820,,,,,,,,,,,,,,,,,,,,
121218826,,,,,,,,,,,,,,,,,,,,
121218836,,,,,,,,,,,,,,,,,,,,
121218839,,,,,,,,,,,,,,,,,,,,
121218953,,,,,,,,,,,,,,,,,,,,
121218966,,,,,,,,,,,,,,,,,,,,
121218975,,,,,,,,,,,,,,,,,,,,
121218986,,,,,2.0,457.0,1313.0,A,,2.0,1.0,100000.0,760.0,,907103.0,,,1.0,,
121218987,,,,,,,,,,,,,,,,,,,,
121219005,,,,,,,,,,,,,,,,,,,,
121219011,,,,,,,,,,,,,,,,,,,,
121219023,,,,,,,,,,,,,,,,,,,,
121219043,,,,,,,,,,,,,,,,,,,,
121254341,,,,,,,,,,,,,,,,,,,,
121254441,,,,,,,,,,,,,,,,,,,,
121254556,,,,,,,,,,,,,,,,,,,,
121254635,,,,,,,,,,,,,,,,,,,,
121254718,,,,,,,,,,,,,,,,,,,,
121255033,,,,,,,,,,,,,,,,,,,,
121255129,,,,,,,,,,,,,,,,,,,,
121256339,,,,,2.0,451.0,1283.0,A,,2.0,1.0,40000.0,730.0,,907103.0,,,1.0,,
121256443,,,,,2.0,459.0,1320.0,A,,2.0,1.0,80000.0,767.0,,907103.0,,,1.0,,
121257075,,,,,,,,,,,,,,,,,,,,
121257199,,,,,,,,,,,,,,,,,,,,
115217760,,,,,2.0,462.0,1345.0,A,,2.0,1.0,117000.0,792.0,,907103.0,,,1.0,,
118330130,,,,,2.0,77.0,1202.0,A,,2.0,1.0,100000.0,505.0,,907103.0,,,1.0,,
118334004,,,,,2.0,77.0,1202.0,A,,2.0,1.0,125000.0,505.0,,399151.0,,,1.0,,
118335862,,,,,2.0,15.0,458.0,A,,4.0,1.0,130000.0,358.0,,399151.0,,,1.0,,
119679569,,,,,2.0,457.0,1317.0,A,,2.0,5.0,3000.0,764.0,,907103.0,,,3.0,,"[{""astLocCd"": 399152, ""astPlnUntCd"": null, ""astPlnUntTyp"": null, ""astNoOfUnt"": 1, ""astUnitCostTot"": null}, {""astLocCd"": 399151, ""astPlnUntCd"": null, ""astPlnUntTyp"": null, ""astNoOfUnt"": 1, ""astUnitCostTot"": null}]"
121064194,462.0,1345.0,2.0,1.0,2.0,462.0,1345.0,A,,2.0,1.0,7709.0,,,907103.0,,,1.0,,
121119565,,,,,2.0,15.0,458.0,A,,4.0,1.0,146278.0,358.0,,907103.0,,,1.0,,
121119869,,,,,2.0,15.0,458.0,A,,4.0,1.0,100000.0,358.0,,399152.0,,,1.0,,
121120137,,,,,2.0,15.0,458.0,A,,4.0,1.0,100000.0,358.0,,399151.0,,,1.0,,
121121080,,,,,2.0,15.0,458.0,A,,4.0,1.0,100000.0,358.0,,399151.0,,,1.0,,
121121529,,,,,2.0,15.0,458.0,A,,4.0,1.0,80000.0,358.0,,399152.0,,,1.0,,
121124541,77.0,37.0,2.0,1.0,2.0,77.0,37.0,A,,2.0,1.0,10000.0,,,907103.0,,,1.0,,
121215314,60.0,1208.0,2.0,1.0,2.0,60.0,1208.0,A,,2.0,1.0,5547.0,,,907103.0,,,1.0,,
121217333,,,,,,,,,,,,,,,,,,,,
121217739,,,,,2.0,451.0,1376.0,A,,2.0,1.0,65000.0,822.0,,907103.0,,,1.0,,
121218498,,,,,,,,,,,,,,,,,,,,
121218629,,,,,2.0,77.0,1380.0,A,,2.0,1.0,35000.0,826.0,,907103.0,,,1.0,,
121218637,,,,,2.0,60.0,1208.0,A,,2.0,1.0,104533.0,654.0,,907103.0,,,1.0,,
121218668,,,,,2.0,15.0,458.0,A,,4.0,1.0,144000.0,358.0,,907103.0,,,1.0,,
121255686,,,,,2.0,462.0,1375.0,A,,2.0,1.0,315000.0,791.0,,907103.0,,,1.0,,
44210496,,,,,,,,,,,,,,,,,,,,
44210531,,,,,,,,,,,,,,,,,,,,
44210729,,2.0,2.0,30.0,,,,,,,,,,,,,,,,
44211164,,1156.0,4.0,50.0,,,,,,,,,,,,,,,,
66190628,,,,,2.0,63.0,62.0,A,,4.0,1.0,100000.0,65.0,,399367.0,,,1.0,,
66190656,,458.0,4.0,1.0,,,,,,,,,,,,,,,,
66190686,,458.0,4.0,1.0,,,,,,,,,,,,,,,,
66190693,,458.0,4.0,1.0,,,,,,,,,,,,,,,,
66190704,,,,,2.0,15.0,458.0,A,,4.0,1.0,128124.0,358.0,,399367.0,,,1.0,,
66190746,,458.0,4.0,1.0,,,,,,,,,,,,,,,,
44210390,,,,,2.0,77.0,59.0,A,,2.0,1.0,800000.0,54.0,,399367.0,,,1.0,,
44210448,,,,,2.0,77.0,1076.0,A,,2.0,1.0,125000.0,380.0,,399367.0,,,1.0,,
44210694,10.0,2.0,2.0,1.0,2.0,10.0,2.0,A,,2.0,1.0,,,,399367.0,,,1.0,,
44210886,,,,,2.0,10.0,1156.0,A,,4.0,20.0,60000.0,551.0,,399367.0,,,1.0,,
44211099,63.0,1083.0,2.0,1.0,2.0,63.0,1083.0,A,,2.0,1.0,,,,399367.0,,,1.0,,
44211224,,,,,2.0,63.0,62.0,A,,4.0,40.0,100000.0,65.0,,399370.0,,,1.0,,
44211285,,,,,2.0,63.0,62.0,A,,4.0,40.0,100000.0,65.0,,399370.0,,,1.0,,
44211639,,,,,2.0,63.0,62.0,A,,4.0,40.0,60000.0,65.0,,399370.0,,,1.0,,
44211830,,,,,2.0,77.0,1206.0,A,,2.0,1.0,83772.0,652.0,,399370.0,,,1.0,,
44211966,,,,,2.0,77.0,59.0,A,,2.0,1.0,643120.0,54.0,,399367.0,,,1.0,,
44211917,,,,,2.0,15.0,1068.0,A,,4.0,10.0,100000.0,371.0,,399370.0,,,1.0,,
47858540,,,,,2.0,77.0,1202.0,A,,2.0,1.0,100000.0,505.0,,399367.0,,,1.0,,
47858686,,,,,2.0,104.0,53.0,A,,2.0,1.0,100000.0,49.0,,399370.0,,,1.0,,
47858925,,,,,2.0,104.0,53.0,A,,2.0,1.0,100000.0,49.0,,399367.0,,,1.0,,
47859035,,,,,2.0,104.0,53.0,A,,2.0,1.0,100000.0,49.0,,399370.0,,,1.0,,
47863278,,,,,2.0,77.0,66.0,A,,2.0,1.0,337034.0,60.0,,399367.0,,,1.0,,
47866076,,,,,2.0,15.0,458.0,A,,4.0,50.0,100000.0,358.0,,399370.0,,,1.0,,
66190291,,1156.0,4.0,1.0,,,,,,,,,,,,,,,,
66196175,,,,,2.0,10.0,2.0,A,,2.0,1.0,150000.0,2.0,,399370.0,,,1.0,,
47859204,,,,,2.0,15.0,458.0,A,,4.0,15.0,25000.0,358.0,,399370.0,,,1.0,,
47859434,,,,,2.0,15.0,458.0,A,,4.0,50.0,150000.0,358.0,,399370.0,,,1.0,,
47859632,,,,,2.0,106.0,1252.0,A,,2.0,1.0,100000.0,698.0,,399370.0,,,1.0,,
47859744,,,,,2.0,106.0,1252.0,A,,2.0,1.0,90772.0,698.0,,399370.0,,,1.0,,
47859948,,,,,2.0,15.0,458.0,A,,4.0,50.0,100000.0,358.0,,399370.0,,,1.0,,
47860799,,,,,2.0,63.0,62.0,A,,4.0,20.0,25000.0,65.0,,399370.0,,,1.0,,
47860947,,,,,2.0,63.0,62.0,A,,4.0,1.0,25000.0,65.0,,399370.0,,,1.0,,
47862073,,,,,2.0,15.0,458.0,A,,4.0,50.0,100000.0,358.0,,399370.0,,,1.0,,
47862290,,,,,2.0,15.0,458.0,A,,4.0,50.0,100000.0,358.0,,399367.0,,,1.0,,
47862760,,,,,2.0,106.0,1252.0,A,,2.0,1.0,50000.0,698.0,,399370.0,,,1.0,,
47865042,,,,,2.0,10.0,1235.0,A,,2.0,1.0,482886.0,681.0,,399367.0,,,1.0,,
66190275,77.0,1207.0,2.0,1.0,2.0,77.0,1207.0,A,,2.0,1.0,393120.0,,,399367.0,,,1.0,,
66196186,,,,,2.0,63.0,62.0,A,,4.0,1.0,132886.0,65.0,,399367.0,,,1.0,,
66196202,,,,,2.0,63.0,62.0,A,,4.0,1.0,150000.0,65.0,,399367.0,,,1.0,,
47860414,,,,,2.0,63.0,62.0,A,,4.0,60.0,150000.0,65.0,,399370.0,,,1.0,,
47860551,,,,,2.0,63.0,62.0,A,,4.0,50.0,100000.0,65.0,,399370.0,,,1.0,,
47861159,,,,,2.0,454.0,1300.0,A,,2.0,1.0,50000.0,725.0,,399367.0,,,1.0,,
47861376,,,,,2.0,454.0,1300.0,A,,2.0,1.0,50000.0,725.0,,399367.0,,,1.0,,
47861543,,,,,2.0,63.0,62.0,A,,4.0,50.0,82886.0,65.0,,399370.0,,,1.0,,
47861789,,,,,2.0,15.0,458.0,A,,4.0,50.0,100000.0,358.0,,399370.0,,,1.0,,
47861947,,,,,2.0,106.0,1252.0,A,,2.0,1.0,150000.0,698.0,,399370.0,,,1.0,,
47862571,,,,,2.0,15.0,458.0,A,,4.0,50.0,100000.0,358.0,,399367.0,,,1.0,,
47862920,,,,,2.0,451.0,1281.0,A,,2.0,1.0,43120.0,728.0,,399367.0,,,1.0,,
62021926,,,,,2.0,15.0,458.0,A,,4.0,50.0,50000.0,358.0,,399370.0,,,1.0,,
62023815,,,,,2.0,77.0,1207.0,A,,2.0,1.0,50000.0,653.0,,399367.0,,,1.0,,
62161675,,,,,2.0,15.0,458.0,A,,4.0,50.0,100000.0,358.0,,399370.0,,,1.0,,
64758392,,,,,2.0,451.0,1289.0,A,,2.0,1.0,40000.0,745.0,,399367.0,,,1.0,,
64758552,,,,,,,,,,,,,,,,,,,,
64758730,,,,,,,,,,,,,,,,,,,,
64758791,,,,,,,,,,,,,,,,,,,,
64758819,,,,,,,,,,,,,,,,,,,,
64758931,,,,,2.0,451.0,1281.0,A,,2.0,1.0,129354.0,728.0,,399367.0,,,1.0,,
64759057,451.0,1284.0,2.0,2.0,,,,,,,,,,,,,,,,
64759083,,,,,,,,,,,,,,,,,,,,
64759185,,,,,2.0,10.0,2.0,A,,2.0,1.0,150000.0,2.0,,399367.0,,,1.0,,
64759206,,,,,,,,,,,,,,,,,,,,
61961788,,,,,,,,,,,,,,,,,,,,
61962005,,,,,2.0,104.0,53.0,A,,2.0,1.0,250000.0,49.0,,399367.0,,,1.0,,
61963778,,,,,2.0,15.0,458.0,A,,4.0,100.0,88992.0,358.0,,399367.0,,,1.0,,
61964138,77.0,59.0,2.0,1.0,2.0,77.0,59.0,A,,2.0,1.0,243074.0,,,399367.0,,,1.0,,
61964671,60.0,1208.0,2.0,1.0,2.0,60.0,1208.0,A,,2.0,1.0,400000.0,,,399367.0,,,1.0,,
62161476,,,,,2.0,15.0,458.0,A,,4.0,50.0,100000.0,358.0,,399367.0,,,1.0,,
64758356,,,,,2.0,451.0,1281.0,A,,2.0,1.0,51000.0,728.0,,399367.0,,,1.0,,
64758636,,,,,2.0,451.0,1281.0,A,,2.0,4.0,7500.0,728.0,,399370.0,,,2.0,,"[{""astLocCd"": 399367, ""astPlnUntCd"": null, ""astPlnUntTyp"": null, ""astNoOfUnt"": 2, ""astUnitCostTot"": null}]"
64758673,,,,,2.0,457.0,1317.0,A,,2.0,40.0,1500.0,764.0,,399370.0,,,20.0,,"[{""astLocCd"": 399367, ""astPlnUntCd"": null, ""astPlnUntTyp"": null, ""astNoOfUnt"": 20, ""astUnitCostTot"": null}]"
64759140,,,,,,,,,,,,,,,,,,,,
75589882,462.0,1346.0,2.0,1.0,,,,,,,,,,,,,,,,
75591227,,,,,2.0,77.0,1087.0,A,,2.0,1.0,200000.0,391.0,,399367.0,,,1.0,,
76025043,,,,,2.0,15.0,1258.0,A,,4.0,200.0,1000.0,705.0,,399370.0,,,1.0,,
76025799,,,,,2.0,15.0,1064.0,A,,4.0,200.0,1000.0,367.0,,399370.0,,,1.0,,
76026721,,,,,,,,,,,,,,,,,,,,
76027224,,,,,,,,,,,,,,,,,,,,
76027692,,,,,,,,,,,,,,,,,,,,
76028229,,,,,,,,,,,,,,,,,,,,
76028528,,,,,,,,,,,,,,,,,,,,
76029117,,,,,,,,,,,,,,,,,,,,
76029476,,,,,,,,,,,,,,,,,,,,
76029874,,,,,,,,,,,,,,,,,,,,
76710451,,,,,2.0,453.0,1299.0,A,,2.0,1.0,3500.0,746.0,,399370.0,,,1.0,,
76718878,,,,,2.0,453.0,1299.0,A,,2.0,1.0,3500.0,746.0,,399370.0,,,1.0,,
76753436,,,,,2.0,453.0,1299.0,A,,2.0,1.0,3500.0,746.0,,399370.0,,,1.0,,
76754372,,,,,2.0,453.0,1299.0,A,,2.0,1.0,3500.0,746.0,,399370.0,,,1.0,,
76759589,,,,,2.0,453.0,1299.0,A,,2.0,1.0,3500.0,746.0,,399370.0,,,1.0,,
76760892,,,,,2.0,453.0,1299.0,A,,2.0,1.0,3500.0,746.0,,399370.0,,,1.0,,
76761883,,,,,2.0,453.0,1299.0,A,,2.0,1.0,3500.0,746.0,,399370.0,,,1.0,,
76763013,,,,,2.0,453.0,1299.0,A,,2.0,1.0,3500.0,746.0,,399370.0,,,1.0,,
76763732,,,,,2.0,453.0,1299.0,A,,2.0,1.0,3500.0,746.0,,399370.0,,,1.0,,
76764494,,,,,2.0,453.0,1299.0,A,,2.0,1.0,3500.0,746.0,,399370.0,,,1.0,,
76765114,,,,,2.0,453.0,1299.0,A,,2.0,1.0,3500.0,746.0,,399370.0,,,1.0,,
78557655,,,,,,,,,,,,,,,,,,,,
78559777,,,,,,,,,,,,,,,,,,,,
78561296,,,,,,,,,,,,,,,,,,,,
78562363,,,,,,,,,,,,,,,,,,,,
78563280,,,,,,,,,,,,,,,,,,,,
78565509,,,,,,,,,,,,,,,,,,,,
78567743,,,,,,,,,,,,,,,,,,,,
78873094,,,,,,,,,,,,,,,,,,,,
79730151,,,,,2.0,103.0,1242.0,A,,2.0,1.0,500000.0,688.0,,399370.0,,,1.0,,
79802769,,,,,,,,,,,,,,,,,,,,
79803596,,,,,,,,,,,,,,,,,,,,
79804316,,,,,,,,,,,,,,,,,,,,
79805043,,,,,,,,,,,,,,,,,,,,
79805600,,,,,,,,,,,,,,,,,,,,
79806074,,,,,,,,,,,,,,,,,,,,
79806737,,,,,,,,,,,,,,,,,,,,
79807154,,,,,,,,,,,,,,,,,,,,
79807722,,,,,,,,,,,,,,,,,,,,
79808215,,,,,,,,,,,,,,,,,,,,
79808646,,,,,,,,,,,,,,,,,,,,
79809028,,,,,,,,,,,,,,,,,,,,
79809429,,,,,,,,,,,,,,,,,,,,
79809822,,,,,,,,,,,,,,,,,,,,
79810215,,,,,,,,,,,,,,,,,,,,
79810587,,,,,,,,,,,,,,,,,,,,
79811191,,,,,,,,,,,,,,,,,,,,
79811598,,,,,,,,,,,,,,,,,,,,
79811961,,,,,,,,,,,,,,,,,,,,
79812482,,,,,,,,,,,,,,,,,,,,
79813189,,,,,2.0,15.0,1064.0,A,,4.0,300.0,1000.0,367.0,,399367.0,,,1.0,,
79813861,,,,,2.0,15.0,1064.0,A,,4.0,300.0,1000.0,367.0,,399370.0,,,1.0,,
79814679,,,,,2.0,456.0,1341.0,A,,2.0,1.0,500000.0,787.0,,399367.0,,,1.0,,
79815226,,,,,2.0,451.0,1289.0,A,,2.0,1.0,300000.0,745.0,,399370.0,,,1.0,,
79815943,,,,,,,,,,,,,,,,,,,,
79816609,,,,,,,,,,,,,,,,,,,,
79817215,,,,,,,,,,,,,,,,,,,,
79817814,,,,,,,,,,,,,,,,,,,,
79818216,,,,,,,,,,,,,,,,,,,,
79818643,,,,,,,,,,,,,,,,,,,,
79819095,,,,,,,,,,,,,,,,,,,,
79819427,,,,,,,,,,,,,,,,,,,,
79820071,,,,,,,,,,,,,,,,,,,,
79823925,,,,,,,,,,,,,,,,,,,,
79824531,,,,,,,,,,,,,,,,,,,,
79825066,,,,,,,,,,,,,,,,,,,,
79825554,,,,,,,,,,,,,,,,,,,,
79826063,,,,,,,,,,,,,,,,,,,,
79826570,,,,,,,,,,,,,,,,,,,,
79827060,,,,,,,,,,,,,,,,,,,,
79827963,,,,,,,,,,,,,,,,,,,,
79828496,,,,,,,,,,,,,,,,,,,,
79829120,,,,,,,,,,,,,,,,,,,,
79829817,,,,,,,,,,,,,,,,,,,,
79830399,,,,,,,,,,,,,,,,,,,,
79831060,,,,,,,,,,,,,,,,,,,,
79832370,,,,,,,,,,,,,,,,,,,,
79832967,,,,,,,,,,,,,,,,,,,,
79833576,,,,,,,,,,,,,,,,,,,,
79834201,,,,,,,,,,,,,,,,,,,,
79834714,,,,,,,,,,,,,,,,,,,,
79835408,,,,,,,,,,,,,,,,,,,,
79836002,,,,,,,,,,,,,,,,,,,,
79836516,,,,,,,,,,,,,,,,,,,,
79837037,,,,,,,,,,,,,,,,,,,,
79837530,,,,,,,,,,,,,,,,,,,,
79838088,,,,,,,,,,,,,,,,,,,,
79838552,,,,,,,,,,,,,,,,,,,,
79839887,,,,,,,,,,,,,,,,,,,,
79840522,,,,,,,,,,,,,,,,,,,,
79841122,,,,,,,,,,,,,,,,,,,,
79841945,,,,,,,,,,,,,,,,,,,,
79842465,,,,,,,,,,,,,,,,,,,,
79842944,,,,,,,,,,,,,,,,,,,,
79843490,,,,,,,,,,,,,,,,,,,,
79844128,,,,,,,,,,,,,,,,,,,,
80570969,,,,,2.0,10.0,1344.0,A,,2.0,1.0,200000.0,790.0,,399367.0,,,1.0,,
80572458,,,,,2.0,451.0,1282.0,A,,2.0,1.0,14000.0,729.0,,399370.0,,,1.0,,
80572758,,,,,2.0,451.0,1282.0,A,,2.0,1.0,14000.0,729.0,,399370.0,,,1.0,,
80572981,,,,,2.0,451.0,1282.0,A,,2.0,1.0,14000.0,729.0,,399370.0,,,1.0,,
80573709,,,,,2.0,453.0,1299.0,A,,2.0,1.0,3500.0,746.0,,399370.0,,,1.0,,
80574276,,,,,2.0,453.0,1299.0,A,,2.0,1.0,3500.0,746.0,,399370.0,,,1.0,,
80574635,,,,,2.0,453.0,1299.0,A,,2.0,1.0,3500.0,746.0,,399370.0,,,1.0,,
80575177,,,,,2.0,453.0,1299.0,A,,2.0,1.0,3500.0,746.0,,399370.0,,,1.0,,
80575505,,,,,2.0,453.0,1299.0,A,,2.0,1.0,3500.0,746.0,,399370.0,,,1.0,,
80575847,,,,,2.0,453.0,1299.0,A,,2.0,1.0,3500.0,746.0,,399370.0,,,1.0,,
80576371,,,,,2.0,453.0,1299.0,A,,2.0,1.0,3500.0,746.0,,399370.0,,,1.0,,
80576787,,,,,2.0,453.0,1299.0,A,,2.0,1.0,3500.0,746.0,,399370.0,,,1.0,,
80577089,,,,,2.0,453.0,1299.0,A,,2.0,1.0,3500.0,746.0,,399370.0,,,1.0,,
80577395,,,,,2.0,453.0,1299.0,A,,2.0,1.0,3500.0,746.0,,399370.0,,,1.0,,
80577719,,,,,2.0,453.0,1299.0,A,,2.0,1.0,3500.0,746.0,,399370.0,,,1.0,,
80577978,,,,,2.0,453.0,1299.0,A,,2.0,1.0,3500.0,746.0,,399370.0,,,1.0,,
80578249,,,,,2.0,453.0,1299.0,A,,2.0,1.0,3500.0,746.0,,399370.0,,,1.0,,
80578526,,,,,2.0,453.0,1299.0,A,,2.0,1.0,3500.0,746.0,,399370.0,,,1.0,,
80581126,,,,,2.0,453.0,1299.0,A,,2.0,1.0,3500.0,746.0,,399370.0,,,1.0,,
80747681,103.0,1242.0,2.0,1.0,,,,,,,,,,,,,,,,
80748480,,,,,2.0,103.0,1242.0,A,,2.0,1.0,12000.0,688.0,,399367.0,,,1.0,,
80749054,,,,,2.0,97.0,1260.0,A,,2.0,1.0,12000.0,707.0,,399370.0,,,1.0,,
82859336,,,,,2.0,104.0,53.0,A,,2.0,1.0,100000.0,49.0,,399367.0,,,1.0,,
82859802,,,,,2.0,77.0,1202.0,A,,2.0,1.0,100000.0,505.0,,399367.0,,,1.0,,
82860171,,,,,2.0,103.0,56.0,A,,2.0,1.0,100000.0,51.0,,399367.0,,,1.0,,
82860640,,,,,2.0,104.0,53.0,A,,2.0,1.0,100000.0,49.0,,399367.0,,,1.0,,
82861085,,,,,2.0,104.0,53.0,A,,2.0,1.0,100000.0,49.0,,399367.0,,,1.0,,
82861942,,,,,2.0,77.0,1206.0,A,,2.0,1.0,100000.0,652.0,,399367.0,,,1.0,,
82862661,,,,,2.0,104.0,53.0,A,,2.0,1.0,100000.0,49.0,,399367.0,,,1.0,,
82863450,,,,,2.0,103.0,38.0,A,,2.0,1.0,100000.0,34.0,,399370.0,,,1.0,,
82863793,,,,,2.0,77.0,1076.0,A,,2.0,1.0,100000.0,380.0,,399367.0,,,1.0,,
82864270,,,,,2.0,77.0,1199.0,A,,2.0,1.0,100000.0,651.0,,399367.0,,,1.0,,
82868387,,,,,2.0,407.0,1154.0,A,,5.0,1.0,100000.0,458.0,,399367.0,,,1.0,,
82868703,,,,,2.0,97.0,1057.0,A,,2.0,1.0,100000.0,101.0,,399367.0,,,1.0,,
82868707,,,,,2.0,97.0,1057.0,A,,2.0,1.0,100000.0,101.0,,399367.0,,,1.0,,
82869273,,,,,,,,,,,,,,,,,,,,
82870300,,,,,,,,,,,,,,,,,,,,
82870795,,,,,,,,,,,,,,,,,,,,
82871088,,,,,,,,,,,,,,,,,,,,
82871846,,,,,,,,,,,,,,,,,,,,
82872650,,,,,,,,,,,,,,,,,,,,
82874736,,,,,,,,,,,,,,,,,,,,
82875375,,,,,,,,,,,,,,,,,,,,
82877377,,,,,,,,,,,,,,,,,,,,
82878026,,,,,,,,,,,,,,,,,,,,
82879194,,,,,,,,,,,,,,,,,,,,
82880973,,,,,,,,,,,,,,,,,,,,
82887247,,,,,,,,,,,,,,,,,,,,
82889664,,,,,,,,,,,,,,,,,,,,
82890529,,,,,,,,,,,,,,,,,,,,
82901568,,,,,,,,,,,,,,,,,,,,
82933555,,,,,,,,,,,,,,,,,,,,
82934525,,,,,2.0,451.0,1377.0,A,,2.0,1.0,42560.0,823.0,,399367.0,,,1.0,,
82942628,,,,,,,,,,,,,,,,,,,,
82943031,,,,,,,,,,,,,,,,,,,,
82943598,,,,,,,,,,,,,,,,,,,,
82944155,,,,,,,,,,,,,,,,,,,,
82945063,,,,,,,,,,,,,,,,,,,,
82945970,,,,,,,,,,,,,,,,,,,,
82946815,,,,,,,,,,,,,,,,,,,,
82982893,,,,,,,,,,,,,,,,,,,,
82983432,,,,,,,,,,,,,,,,,,,,
82983733,,,,,,,,,,,,,,,,,,,,
82984241,,,,,,,,,,,,,,,,,,,,
82984672,,,,,,,,,,,,,,,,,,,,
82985079,,,,,,,,,,,,,,,,,,,,
82985316,,,,,,,,,,,,,,,,,,,,
82985539,,,,,,,,,,,,,,,,,,,,
82985722,,,,,,,,,,,,,,,,,,,,
82986093,,,,,,,,,,,,,,,,,,,,
82986382,,,,,,,,,,,,,,,,,,,,
82986750,,,,,,,,,,,,,,,,,,,,
82986939,,,,,,,,,,,,,,,,,,,,
82987332,,,,,,,,,,,,,,,,,,,,
82987675,,,,,,,,,,,,,,,,,,,,
82987958,,,,,,,,,,,,,,,,,,,,
82988419,,,,,,,,,,,,,,,,,,,,
82988992,,,,,,,,,,,,,,,,,,,,
82989290,,,,,,,,,,,,,,,,,,,,
82989521,,,,,,,,,,,,,,,,,,,,
82989751,,,,,,,,,,,,,,,,,,,,
82990009,,,,,,,,,,,,,,,,,,,,
82990222,,,,,,,,,,,,,,,,,,,,
82990481,,,,,,,,,,,,,,,,,,,,
82990654,,,,,,,,,,,,,,,,,,,,
82990852,,,,,,,,,,,,,,,,,,,,
82991236,,,,,,,,,,,,,,,,,,,,
82991513,,,,,,,,,,,,,,,,,,,,
82991789,,,,,,,,,,,,,,,,,,,,
82992060,,,,,,,,,,,,,,,,,,,,
82992953,,,,,2.0,103.0,38.0,A,,2.0,1.0,100000.0,34.0,,399367.0,,,1.0,,
82993239,,,,,2.0,103.0,56.0,A,,2.0,1.0,100000.0,51.0,,399367.0,,,1.0,,
82993426,,,,,2.0,407.0,1072.0,A,,5.0,1.0,100000.0,376.0,,399367.0,,,1.0,,
82993614,,,,,2.0,77.0,1199.0,A,,2.0,1.0,100000.0,651.0,,399370.0,,,1.0,,
82993839,,,,,2.0,77.0,1080.0,A,,2.0,1.0,100000.0,384.0,,399370.0,,,1.0,,
82994077,,,,,2.0,103.0,56.0,A,,2.0,1.0,100000.0,51.0,,399367.0,,,1.0,,
82994323,,,,,2.0,77.0,66.0,A,,2.0,1.0,100000.0,60.0,,399367.0,,,1.0,,
82994539,,,,,2.0,462.0,1345.0,A,,2.0,1.0,100000.0,792.0,,399367.0,,,1.0,,
82994805,,,,,2.0,97.0,1062.0,A,,2.0,1.0,100000.0,106.0,,399367.0,,,1.0,,
82995059,,,,,2.0,104.0,53.0,A,,2.0,1.0,100000.0,49.0,,399367.0,,,1.0,,
82995419,,,,,2.0,104.0,53.0,A,,2.0,1.0,100000.0,49.0,,399367.0,,,1.0,,
82995784,,,,,,,,,,,,,,,,,,,,
82996333,,,,,2.0,104.0,53.0,A,,2.0,1.0,100000.0,49.0,,399367.0,,,1.0,,
126998057,,,,,,,,,,,,,,,,,,,,
127969368,,,,,2.0,77.0,457.0,A,,2.0,1.0,35000.0,357.0,,399367.0,,,1.0,,
127969495,,,,,2.0,97.0,55.0,A,,4.0,1.0,1000.0,64.0,,399370.0,,,1.0,,
126997169,,,,,1.0,41.0,1102.0,A,,2.0,1.0,1000.0,406.0,,399367.0,,,1.0,,
82902320,,,,,2.0,77.0,66.0,A,,2.0,1.0,177800.0,60.0,,399367.0,,,1.0,,
82903140,97.0,55.0,4.0,1.0,2.0,97.0,55.0,A,,4.0,1.0,100000.0,,,399367.0,,,1.0,,
82906245,,,,,2.0,15.0,458.0,A,,4.0,1.0,70000.0,358.0,,399367.0,,,1.0,,
82908096,77.0,59.0,2.0,1.0,2.0,77.0,59.0,A,,2.0,1.0,150000.0,,,399367.0,,,1.0,,
82919590,77.0,59.0,2.0,1.0,2.0,77.0,59.0,A,,2.0,1.0,50000.0,,,399370.0,,,1.0,,
82921150,,,,,2.0,15.0,458.0,A,,4.0,1.0,115000.0,358.0,,399367.0,,,1.0,,
82925052,,,,,2.0,77.0,1207.0,A,,2.0,1.0,203074.0,653.0,,399367.0,,,1.0,,
82925792,,,,,2.0,77.0,66.0,A,,2.0,1.0,25000.0,60.0,,399367.0,,,1.0,,
82928400,105.0,1247.0,2.0,1.0,2.0,105.0,1247.0,A,,2.0,1.0,12980.0,,,399367.0,,,1.0,,
82932993,77.0,66.0,2.0,1.0,2.0,77.0,66.0,A,,2.0,1.0,100000.0,,,399367.0,,,1.0,,
82948986,462.0,1346.0,2.0,1.0,2.0,462.0,1346.0,A,,2.0,1.0,250060.0,,,399367.0,,,1.0,,
82951856,462.0,1345.0,2.0,1.0,2.0,462.0,1345.0,A,,2.0,1.0,72000.0,,,399367.0,,,1.0,,
126997865,,,,,2.0,453.0,1299.0,A,,2.0,1.0,413000.0,746.0,,399367.0,,,1.0,,
127969320,,,,,2.0,60.0,1208.0,A,,2.0,1.0,200000.0,654.0,,399367.0,,,1.0,,
76198842,,,,,2.0,453.0,1299.0,A,,2.0,1.0,3500.0,746.0,,399370.0,,,1.0,,
76202491,,,,,2.0,453.0,1299.0,A,,2.0,1.0,3500.0,746.0,,399370.0,,,1.0,,
76204680,,,,,2.0,453.0,1299.0,A,,2.0,1.0,3500.0,746.0,,399370.0,,,1.0,,
76205766,,,,,2.0,453.0,1299.0,A,,2.0,1.0,3500.0,746.0,,399370.0,,,1.0,,
76262532,,,,,2.0,453.0,1299.0,A,,2.0,1.0,3500.0,746.0,,399370.0,,,1.0,,
76263667,,,,,2.0,453.0,1299.0,A,,2.0,1.0,3500.0,746.0,,399370.0,,,1.0,,
76462628,,,,,2.0,453.0,1299.0,A,,2.0,1.0,3500.0,746.0,,399370.0,,,1.0,,
76463683,,,,,2.0,453.0,1299.0,A,,2.0,1.0,3500.0,746.0,,399370.0,,,1.0,,
76463946,,,,,2.0,453.0,1299.0,A,,2.0,1.0,3500.0,746.0,,399370.0,,,1.0,,
76467408,,,,,2.0,453.0,1299.0,A,,2.0,1.0,3500.0,746.0,,399370.0,,,1.0,,
76468260,,,,,2.0,453.0,1299.0,A,,2.0,1.0,3500.0,746.0,,399367.0,,,1.0,,
76468739,,,,,2.0,453.0,1299.0,A,,2.0,1.0,3500.0,746.0,,399367.0,,,1.0,,
76469217,,,,,2.0,453.0,1299.0,A,,2.0,1.0,3500.0,746.0,,399367.0,,,1.0,,
76469548,,,,,2.0,453.0,1299.0,A,,2.0,1.0,3500.0,746.0,,399367.0,,,1.0,,
76470002,,,,,2.0,453.0,1299.0,A,,2.0,1.0,3500.0,746.0,,399367.0,,,1.0,,
76470578,,,,,2.0,453.0,1299.0,A,,2.0,1.0,3500.0,746.0,,399367.0,,,1.0,,
76471165,,,,,2.0,453.0,1299.0,A,,2.0,1.0,3500.0,746.0,,399367.0,,,1.0,,
76471650,,,,,2.0,453.0,1299.0,A,,2.0,1.0,3500.0,746.0,,399367.0,,,1.0,,
76472140,,,,,2.0,453.0,1299.0,A,,2.0,1.0,3500.0,746.0,,399367.0,,,1.0,,
76472580,,,,,2.0,453.0,1299.0,A,,2.0,1.0,3500.0,746.0,,399367.0,,,1.0,,
76473843,,,,,2.0,453.0,1299.0,A,,2.0,1.0,3500.0,746.0,,399367.0,,,1.0,,
76474309,,,,,2.0,453.0,1299.0,A,,2.0,1.0,3500.0,746.0,,399367.0,,,1.0,,
76474861,,,,,2.0,453.0,1299.0,A,,2.0,1.0,3500.0,746.0,,399367.0,,,1.0,,
76475558,,,,,2.0,453.0,1299.0,A,,2.0,1.0,3500.0,746.0,,399367.0,,,1.0,,
76476050,,,,,2.0,453.0,1299.0,A,,2.0,1.0,3500.0,746.0,,399367.0,,,1.0,,
76476711,,,,,2.0,453.0,1299.0,A,,2.0,1.0,3500.0,746.0,,399367.0,,,1.0,,
76477611,,,,,2.0,453.0,1299.0,A,,2.0,1.0,3500.0,746.0,,399367.0,,,1.0,,
76478243,,,,,2.0,453.0,1299.0,A,,2.0,1.0,3500.0,746.0,,399367.0,,,1.0,,
76478930,,,,,2.0,453.0,1299.0,A,,2.0,1.0,3500.0,746.0,,399367.0,,,1.0,,
76479845,,,,,2.0,453.0,1299.0,A,,2.0,1.0,3500.0,746.0,,399367.0,,,1.0,,
76480560,,,,,2.0,453.0,1299.0,A,,2.0,1.0,3500.0,746.0,,399367.0,,,1.0,,
76481175,,,,,2.0,453.0,1299.0,A,,2.0,1.0,3500.0,746.0,,399367.0,,,1.0,,
76482024,,,,,2.0,453.0,1299.0,A,,2.0,1.0,3500.0,746.0,,399367.0,,,1.0,,
76482730,,,,,2.0,453.0,1299.0,A,,2.0,1.0,3500.0,746.0,,399367.0,,,1.0,,
76485887,,,,,2.0,453.0,1299.0,A,,2.0,1.0,3500.0,746.0,,399367.0,,,1.0,,
76488057,,,,,2.0,453.0,1299.0,A,,2.0,1.0,3500.0,746.0,,399367.0,,,1.0,,
76489751,,,,,2.0,453.0,1299.0,A,,2.0,1.0,3500.0,746.0,,399367.0,,,1.0,,
76491047,,,,,2.0,453.0,1299.0,A,,2.0,1.0,3500.0,746.0,,399370.0,,,1.0,,
76493124,,,,,2.0,453.0,1299.0,A,,2.0,1.0,3500.0,746.0,,399370.0,,,1.0,,
76699145,,,,,2.0,453.0,1299.0,A,,2.0,1.0,3500.0,746.0,,399367.0,,,1.0,,
76699476,,,,,2.0,453.0,1299.0,A,,2.0,1.0,3500.0,746.0,,399367.0,,,1.0,,
76699756,,,,,2.0,453.0,1299.0,A,,2.0,1.0,3500.0,746.0,,399367.0,,,1.0,,
76700877,,,,,2.0,453.0,1299.0,A,,2.0,1.0,3500.0,746.0,,399370.0,,,1.0,,
76701400,,,,,2.0,453.0,1299.0,A,,2.0,1.0,3500.0,746.0,,399370.0,,,1.0,,
76701721,,,,,2.0,453.0,1299.0,A,,2.0,1.0,3500.0,746.0,,399370.0,,,1.0,,
76702038,,,,,2.0,453.0,1299.0,A,,2.0,1.0,3500.0,746.0,,399370.0,,,1.0,,
76702310,,,,,2.0,453.0,1299.0,A,,2.0,1.0,3500.0,746.0,,399370.0,,,1.0,,
76702597,,,,,2.0,453.0,1299.0,A,,2.0,1.0,3500.0,746.0,,399370.0,,,1.0,,
76702939,,,,,2.0,453.0,1299.0,A,,2.0,1.0,3500.0,746.0,,399370.0,,,1.0,,
76703237,,,,,2.0,453.0,1299.0,A,,2.0,1.0,3500.0,746.0,,399370.0,,,1.0,,
76703650,,,,,2.0,453.0,1299.0,A,,2.0,1.0,3500.0,746.0,,399370.0,,,1.0,,
76703925,,,,,2.0,453.0,1299.0,A,,2.0,1.0,3500.0,746.0,,399370.0,,,1.0,,
76704247,,,,,2.0,453.0,1299.0,A,,2.0,1.0,3500.0,746.0,,399370.0,,,1.0,,
76706958,,,,,2.0,453.0,1299.0,A,,2.0,1.0,3500.0,746.0,,399370.0,,,1.0,,
76707322,,,,,2.0,453.0,1299.0,A,,2.0,1.0,3500.0,746.0,,399370.0,,,1.0,,
76707977,,,,,2.0,453.0,1299.0,A,,2.0,1.0,3500.0,746.0,,399370.0,,,1.0,,
76708493,,,,,2.0,453.0,1299.0,A,,2.0,1.0,3500.0,746.0,,399370.0,,,1.0,,
76708905,,,,,2.0,453.0,1299.0,A,,2.0,1.0,3500.0,746.0,,399370.0,,,1.0,,
76709832,,,,,2.0,453.0,1299.0,A,,2.0,1.0,3500.0,746.0,,399370.0,,,1.0,,
76711016,,,,,2.0,453.0,1299.0,A,,2.0,1.0,3500.0,746.0,,399370.0,,,1.0,,
76714540,,,,,2.0,453.0,1299.0,A,,2.0,1.0,3500.0,746.0,,399370.0,,,1.0,,
76715947,,,,,2.0,453.0,1299.0,A,,2.0,1.0,3500.0,746.0,,399370.0,,,1.0,,
76716690,,,,,2.0,453.0,1299.0,A,,2.0,1.0,3500.0,746.0,,399370.0,,,1.0,,
76717549,,,,,2.0,453.0,1299.0,A,,2.0,1.0,3500.0,746.0,,399370.0,,,1.0,,
76718196,,,,,2.0,453.0,1299.0,A,,2.0,1.0,3500.0,746.0,,399370.0,,,1.0,,
76726704,,,,,2.0,453.0,1299.0,A,,2.0,1.0,3500.0,746.0,,399370.0,,,1.0,,
76727599,,,,,2.0,453.0,1299.0,A,,2.0,1.0,3500.0,746.0,,399370.0,,,1.0,,
76729161,,,,,2.0,453.0,1299.0,A,,2.0,1.0,3500.0,746.0,,399367.0,,,1.0,,
76730094,,,,,2.0,453.0,1299.0,A,,2.0,1.0,3500.0,746.0,,399367.0,,,1.0,,
76730941,,,,,2.0,453.0,1299.0,A,,2.0,1.0,3500.0,746.0,,399367.0,,,1.0,,
76731772,,,,,2.0,453.0,1299.0,A,,2.0,1.0,3500.0,746.0,,399367.0,,,1.0,,
76732673,,,,,2.0,453.0,1299.0,A,,2.0,1.0,3500.0,746.0,,399367.0,,,1.0,,
76733539,,,,,2.0,453.0,1299.0,A,,2.0,1.0,3500.0,746.0,,399367.0,,,1.0,,
76734271,,,,,2.0,453.0,1299.0,A,,2.0,1.0,3500.0,746.0,,399367.0,,,1.0,,
76741169,,,,,2.0,453.0,1299.0,A,,2.0,1.0,3500.0,746.0,,399367.0,,,1.0,,
76741837,,,,,2.0,453.0,1299.0,A,,2.0,1.0,3500.0,746.0,,399367.0,,,1.0,,
76742721,,,,,2.0,453.0,1299.0,A,,2.0,1.0,3500.0,746.0,,399367.0,,,1.0,,
76743519,,,,,2.0,453.0,1299.0,A,,2.0,1.0,3500.0,746.0,,399367.0,,,1.0,,
76744884,,,,,2.0,453.0,1299.0,A,,2.0,1.0,3500.0,746.0,,399370.0,,,1.0,,
76745677,,,,,2.0,453.0,1299.0,A,,2.0,1.0,3500.0,746.0,,399370.0,,,1.0,,
76746520,,,,,2.0,453.0,1299.0,A,,2.0,1.0,3500.0,746.0,,399370.0,,,1.0,,
76747443,,,,,2.0,453.0,1299.0,A,,2.0,1.0,3500.0,746.0,,399370.0,,,1.0,,
76748317,,,,,2.0,453.0,1299.0,A,,2.0,1.0,3500.0,746.0,,399370.0,,,1.0,,
76749223,,,,,2.0,453.0,1299.0,A,,2.0,1.0,3500.0,746.0,,399370.0,,,1.0,,
76750027,,,,,2.0,453.0,1299.0,A,,2.0,1.0,3500.0,746.0,,399370.0,,,1.0,,
76750822,,,,,2.0,453.0,1299.0,A,,2.0,1.0,3500.0,746.0,,399370.0,,,1.0,,
76751657,,,,,2.0,453.0,1299.0,A,,2.0,1.0,3500.0,746.0,,399370.0,,,1.0,,
76752467,,,,,2.0,453.0,1299.0,A,,2.0,1.0,3500.0,746.0,,399370.0,,,1.0,,
76755657,,,,,2.0,453.0,1299.0,A,,2.0,1.0,3500.0,746.0,,399370.0,,,1.0,,
76756540,,,,,2.0,453.0,1299.0,A,,2.0,1.0,3500.0,746.0,,399370.0,,,1.0,,
76757641,,,,,2.0,453.0,1299.0,A,,2.0,1.0,3500.0,746.0,,399370.0,,,1.0,,
76758755,,,,,2.0,453.0,1299.0,A,,2.0,1.0,3500.0,746.0,,399370.0,,,1.0,,
82902692,,,,,2.0,10.0,1344.0,A,,2.0,1.0,200000.0,790.0,,399367.0,,,1.0,,
82905508,15.0,458.0,4.0,1.0,,,,,,,,,,,,,,,,
126996973,,,,,2.0,453.0,1299.0,A,,2.0,1.0,357000.0,746.0,,399367.0,,,1.0,,
98470748,,,,,,,,,,,,,,,,,,,,
98615849,,,,,,,,,,,,,,,,,,,,
98616399,,,,,,,,,,,,,,,,,,,,
98730785,,,,,,,,,,,,,,,,,,,,
98744921,,,,,,,,,,,,,,,,,,,,
98746831,,,,,,,,,,,,,,,,,,,,
98753809,,,,,,,,,,,,,,,,,,,,
98754149,,,,,,,,,,,,,,,,,,,,
98771105,,,,,,,,,,,,,,,,,,,,
98771638,,,,,,,,,,,,,,,,,,,,
98772052,,,,,,,,,,,,,,,,,,,,
98773240,,,,,,,,,,,,,,,,,,,,
98774180,,,,,,,,,,,,,,,,,,,,
98774623,,,,,,,,,,,,,,,,,,,,
98813763,,,,,,,,,,,,,,,,,,,,
98910664,,,,,,,,,,,,,,,,,,,,
98911277,,,,,,,,,,,,,,,,,,,,
105495495,,,,,,,,,,,,,,,,,,,,
105496047,,,,,,,,,,,,,,,,,,,,
105496539,,,,,,,,,,,,,,,,,,,,
105499144,,,,,,,,,,,,,,,,,,,,
105500629,,,,,,,,,,,,,,,,,,,,
105500860,,,,,,,,,,,,,,,,,,,,
105501262,,,,,,,,,,,,,,,,,,,,
105544685,,,,,,,,,,,,,,,,,,,,
105544902,,,,,,,,,,,,,,,,,,,,
105545150,,,,,,,,,,,,,,,,,,,,
105545593,,,,,,,,,,,,,,,,,,,,
105545824,,,,,,,,,,,,,,,,,,,,
105545948,,,,,,,,,,,,,,,,,,,,
105546239,,,,,,,,,,,,,,,,,,,,
105546402,,,,,,,,,,,,,,,,,,,,
105546640,,,,,,,,,,,,,,,,,,,,
105546829,,,,,,,,,,,,,,,,,,,,
105547085,,,,,,,,,,,,,,,,,,,,
105547298,,,,,,,,,,,,,,,,,,,,
105548501,,,,,,,,,,,,,,,,,,,,
105558025,,,,,2.0,77.0,1076.0,A,,2.0,1.0,30000.0,380.0,,399367.0,,,1.0,,
105564705,462.0,1345.0,2.0,1.0,,,,,,,,,,,,,,,,
105565147,,,,,2.0,10.0,1237.0,A,,2.0,1.0,30000.0,683.0,,399367.0,,,1.0,,
105570034,,,,,2.0,77.0,1076.0,A,,2.0,1.0,1000.0,380.0,,399367.0,,,1.0,,
105573155,,,,,,,,,,,,,,,,,,,,
105573783,,,,,,,,,,,,,,,,,,,,
105574360,,,,,,,,,,,,,,,,,,,,
105574708,,,,,,,,,,,,,,,,,,,,
105575075,,,,,,,,,,,,,,,,,,,,
105575750,,,,,,,,,,,,,,,,,,,,
105576367,,,,,,,,,,,,,,,,,,,,
105577832,,,,,,,,,,,,,,,,,,,,
105578186,,,,,,,,,,,,,,,,,,,,
105578587,,,,,,,,,,,,,,,,,,,,
108601941,,,,,2.0,454.0,1301.0,A,,2.0,1.0,90000.0,748.0,,399367.0,,,1.0,,
128141632,,,,,2.0,77.0,1202.0,A,,2.0,1.0,33074.0,505.0,,399367.0,,,1.0,,
128141666,,,,,2.0,77.0,1202.0,A,,2.0,1.0,252756.0,505.0,,399367.0,,,1.0,,
128141692,,,,,2.0,454.0,1301.0,A,,2.0,1.0,94567.0,748.0,,399370.0,,,1.0,,
128141743,,,,,2.0,462.0,1352.0,A,,2.0,1.0,161317.0,799.0,,399367.0,,,1.0,,
105553744,,,,,2.0,60.0,1208.0,A,,2.0,1.0,200000.0,654.0,,399367.0,,,1.0,,
105555079,,,,,2.0,60.0,1208.0,A,,2.0,1.0,200000.0,654.0,,399367.0,,,1.0,,
105556316,,,,,2.0,15.0,458.0,A,,4.0,1.0,30000.0,358.0,,399367.0,,,1.0,,
105556988,,,,,2.0,15.0,458.0,A,,4.0,1.0,150000.0,358.0,,399367.0,,,1.0,,
105560150,,,,,2.0,15.0,458.0,A,,4.0,1.0,200000.0,358.0,,399370.0,,,1.0,,
105560796,,,,,2.0,15.0,458.0,A,,4.0,1.0,50000.0,358.0,,399370.0,,,1.0,,
105561266,,,,,2.0,15.0,458.0,A,,4.0,1.0,150000.0,358.0,,399370.0,,,1.0,,
105563838,462.0,1345.0,2.0,1.0,2.0,462.0,1345.0,A,,2.0,1.0,170000.0,,,399367.0,,,1.0,,
105566950,,,,,2.0,453.0,1299.0,A,,2.0,1.0,3500.0,746.0,,399370.0,,,1.0,,
105567322,,,,,2.0,453.0,1299.0,A,,2.0,1.0,3500.0,746.0,,399370.0,,,1.0,,
105567882,,,,,2.0,453.0,1299.0,A,,2.0,1.0,3500.0,746.0,,399370.0,,,1.0,,
105568199,,,,,2.0,453.0,1299.0,A,,2.0,1.0,3500.0,746.0,,399370.0,,,1.0,,
105568620,,,,,2.0,453.0,1299.0,A,,2.0,1.0,3500.0,746.0,,399370.0,,,1.0,,
108601974,,,,,2.0,451.0,1376.0,A,,2.0,1.0,87500.0,822.0,,399367.0,,,1.0,,
108602020,,,,,2.0,457.0,1313.0,A,,2.0,1.0,200000.0,760.0,,399367.0,,,1.0,,
105557607,,,,,2.0,77.0,1380.0,A,,2.0,1.0,33074.0,826.0,,399370.0,,,1.0,,
105561680,,,,,2.0,77.0,1380.0,A,,2.0,1.0,252756.0,826.0,,399370.0,,,1.0,,
105565614,,,,,2.0,462.0,1375.0,A,,2.0,1.0,161317.0,791.0,,399367.0,,,1.0,,
108601994,,,,,,,,,,,,,,,,,,,,
121467489,,,,,,,,,,,,,,,,,,,,
121470285,,,,,,,,,,,,,,,,,,,,
121471464,,,,,,,,,,,,,,,,,,,,
121606396,,,,,2.0,454.0,1300.0,A,,2.0,1.0,250000.0,747.0,,399370.0,,,1.0,,
121606703,,,,,,,,,,,,,,,,,,,,
121606824,,,,,2.0,462.0,1348.0,A,,2.0,1.0,180000.0,795.0,,399370.0,,,1.0,,
121606878,,,,,2.0,462.0,1361.0,A,,2.0,1.0,52567.0,808.0,,399367.0,,,1.0,,
121606886,,,,,,,,,,,,,,,,,,,,
121606974,,,,,2.0,451.0,1281.0,A,,2.0,1.0,9000.0,728.0,,399367.0,,,1.0,,
121607045,,,,,1.0,455.0,1286.0,A,,2.0,1.0,40000.0,733.0,,399367.0,,,1.0,,
121607154,,,,,2.0,457.0,1317.0,A,,2.0,1.0,9000.0,764.0,,399367.0,,,1.0,,
121607243,,,,,,,,,,,,,,,,,,,,
121607247,,,,,2.0,460.0,1325.0,A,,2.0,1.0,17500.0,772.0,,399367.0,,,1.0,,
121607306,,,,,2.0,460.0,1325.0,A,,2.0,1.0,15000.0,772.0,,399367.0,,,1.0,,
121607353,,,,,,,,,,,,,,,,,,,,
121607535,,,,,2.0,454.0,1300.0,A,,2.0,1.0,3000.0,747.0,,399367.0,,,1.0,,
121607936,,,,,,,,,,,,,,,,,,,,
121608028,,,,,,,,,,,,,,,,,,,,
121608129,,,,,,,,,,,,,,,,,,,,
121608420,77.0,1076.0,2.0,1.0,,,,,,,,,,,,,,,,
121608453,,,,,,,,,,,,,,,,,,,,
121608499,60.0,1211.0,2.0,1.0,,,,,,,,,,,,,,,,
121608690,,,,,,,,,,,,,,,,,,,,
121608827,,,,,2.0,60.0,1208.0,A,,2.0,1.0,100000.0,654.0,,399367.0,,,1.0,,
121608895,,,,,,,,,,,,,,,,,,,,
121609037,,,,,,,,,,,,,,,,,,,,
121609243,,,,,,,,,,,,,,,,,,,,
121609414,,,,,,,,,,,,,,,,,,,,
121609529,,,,,,,,,,,,,,,,,,,,
121609624,,,,,,,,,,,,,,,,,,,,
121609771,,,,,,,,,,,,,,,,,,,,
121609917,,,,,,,,,,,,,,,,,,,,
121610081,,,,,,,,,,,,,,,,,,,,
121610535,,,,,,,,,,,,,,,,,,,,
121610668,,,,,,,,,,,,,,,,,,,,
121610914,,,,,,,,,,,,,,,,,,,,
121612250,,,,,,,,,,,,,,,,,,,,
121612755,,,,,,,,,,,,,,,,,,,,
121612934,,,,,,,,,,,,,,,,,,,,
121613152,,,,,,,,,,,,,,,,,,,,
121613329,,,,,,,,,,,,,,,,,,,,
121613447,,,,,,,,,,,,,,,,,,,,
121613563,,,,,,,,,,,,,,,,,,,,
121613733,,,,,,,,,,,,,,,,,,,,
121614536,,,,,,,,,,,,,,,,,,,,
121614678,,,,,,,,,,,,,,,,,,,,
121615092,,,,,2.0,454.0,1300.0,A,,2.0,1.0,295267.0,747.0,,399367.0,,,1.0,,
121615229,,,,,,,,,,,,,,,,,,,,
121615622,,,,,,,,,,,,,,,,,,,,
121615948,,,,,,,,,,,,,,,,,,,,
121787380,,,,,,,,,,,,,,,,,,,,
121787688,,,,,,,,,,,,,,,,,,,,
121787838,,,,,,,,,,,,,,,,,,,,
121792231,,,,,,,,,,,,,,,,,,,,
121792578,,,,,,,,,,,,,,,,,,,,
121792730,,,,,,,,,,,,,,,,,,,,
121792867,,,,,,,,,,,,,,,,,,,,
121793045,,,,,,,,,,,,,,,,,,,,
121793130,,,,,,,,,,,,,,,,,,,,
121793298,,,,,,,,,,,,,,,,,,,,
121793394,,,,,,,,,,,,,,,,,,,,
121793490,,,,,,,,,,,,,,,,,,,,
121793599,,,,,,,,,,,,,,,,,,,,
121793668,,,,,,,,,,,,,,,,,,,,
121793671,,,,,,,,,,,,,,,,,,,,
121793789,,,,,,,,,,,,,,,,,,,,
128119880,,,,,2.0,454.0,1300.0,A,,2.0,1.0,100800.0,747.0,,399367.0,,,1.0,,
128119937,,,,,,,,,,,,,,,,,,,,
121606452,,,,,2.0,15.0,458.0,A,,4.0,1.0,200000.0,358.0,,399367.0,,,1.0,,
121606532,,,,,2.0,407.0,1072.0,A,,5.0,1.0,193074.0,376.0,,399367.0,,,1.0,,
121606698,,,,,2.0,462.0,1345.0,A,,2.0,1.0,140000.0,792.0,,399367.0,,,1.0,,
121606762,,,,,2.0,462.0,1345.0,A,,2.0,1.0,117000.0,792.0,,399367.0,,,1.0,,
121608181,,,,,2.0,15.0,458.0,A,,4.0,1.0,400000.0,358.0,,399370.0,,,1.0,,
121608233,,,,,2.0,60.0,1208.0,A,,2.0,1.0,152756.0,654.0,,399367.0,,,1.0,,
121773212,,,,,2.0,451.0,1376.0,A,,2.0,1.0,100800.0,822.0,,399367.0,,,1.0,,
43671521,,2.0,2.0,1.0,,,,,,,,,,,,,,,,
43671747,,26.0,2.0,1.0,,,,,,,,,,,,,,,,
43671918,,63.0,2.0,1.0,,,,,,,,,,,,,,,,
43672319,,1076.0,2.0,1.0,,,,,,,,,,,,,,,,
43672705,,1062.0,2.0,1.0,,,,,,,,,,,,,,,,
88000745,,,,,2.0,15.0,1254.0,A,,4.0,1.0,5381565.0,703.0,,411911.0,,,1.0,,
88001647,,,,,2.0,10.0,1156.0,A,,4.0,1.0,244660.0,551.0,,411911.0,,,1.0,,
88001670,,,,,2.0,77.0,59.0,A,,2.0,1.0,244660.0,54.0,,411911.0,,,1.0,,
88001711,,,,,2.0,106.0,1252.0,A,,2.0,1.0,1076314.0,698.0,,411911.0,,,1.0,,
88001739,,,,,2.0,77.0,59.0,A,,2.0,1.0,162806.0,54.0,,411911.0,,,1.0,,
43671404,10.0,2.0,2.0,1.0,2.0,10.0,2.0,A,,2.0,1.0,,,,411911.0,,,1.0,,
43671464,10.0,1156.0,4.0,1.0,2.0,10.0,1156.0,A,,4.0,1.0,,,,411911.0,,,1.0,,
43671644,10.0,1156.0,4.0,1.0,2.0,10.0,1156.0,A,,4.0,1.0,,,,411911.0,,,1.0,,
43671842,63.0,63.0,2.0,1.0,2.0,63.0,63.0,A,,2.0,1.0,,,,411911.0,,,1.0,,
43671984,,,,,2.0,63.0,62.0,A,,4.0,4.0,200000.0,65.0,,411911.0,,,1.0,,"[{""astLocCd"": 411915, ""astPlnUntCd"": null, ""astPlnUntTyp"": null, ""astNoOfUnt"": 1, ""astUnitCostTot"": null}, {""astLocCd"": 411910, ""astPlnUntCd"": null, ""astPlnUntTyp"": null, ""astNoOfUnt"": 1, ""astUnitCostTot"": null}, {""astLocCd"": 411945, ""astPlnUntCd"": null, ""astPlnUntTyp"": null, ""astNoOfUnt"": 1, ""astUnitCostTot"": null}]"
43672125,97.0,1062.0,2.0,1.0,2.0,97.0,1062.0,A,,2.0,1.0,,,,411911.0,,,1.0,,
43672187,15.0,1254.0,4.0,1.0,2.0,15.0,1254.0,A,,4.0,1.0,350000.0,,,411911.0,,,1.0,,
43672259,77.0,59.0,2.0,1.0,2.0,77.0,59.0,A,,2.0,1.0,150000.0,,,411911.0,,,1.0,,
43672356,,,,,,,,,,,,,,,,,,,,
43672422,97.0,1062.0,2.0,1.0,2.0,97.0,1062.0,A,,2.0,1.0,,,,411911.0,,,1.0,,
43672585,97.0,1062.0,2.0,1.0,2.0,97.0,1062.0,A,,2.0,1.0,,,,411911.0,,,1.0,,
43672631,60.0,1208.0,2.0,1.0,2.0,60.0,1208.0,A,,2.0,1.0,,,,411911.0,,,1.0,,
44144628,63.0,29.0,2.0,1.0,2.0,63.0,29.0,A,,2.0,1.0,,,,411911.0,,,1.0,,
88000587,,,,,2.0,451.0,1376.0,A,,2.0,1.0,274712.0,822.0,,411911.0,,,1.0,,
43671274,,2.0,2.0,1.0,,,,,,,,,,,,,,,,
43672056,,63.0,2.0,1.0,,,,,,,,,,,,,,,,
64130825,,,,,2.0,77.0,59.0,A,,2.0,1.0,127490.0,54.0,,411911.0,,,1.0,,
64131834,,,,,2.0,77.0,59.0,A,,2.0,1.0,162806.0,54.0,,411911.0,,,1.0,,
64131918,,,,,2.0,106.0,1252.0,A,,2.0,1.0,722919.0,698.0,,411911.0,,,1.0,,
64132339,,,,,2.0,10.0,1156.0,A,,4.0,1.0,172330.0,551.0,,411911.0,,,1.0,,
64132368,,,,,2.0,63.0,63.0,A,,2.0,1.0,172330.0,57.0,,411911.0,,,1.0,,
64130099,,,,,2.0,10.0,1156.0,A,,4.0,1.0,117000.0,551.0,,411911.0,,,1.0,,
64130151,,,,,2.0,10.0,1156.0,A,,4.0,1.0,444656.0,551.0,,411911.0,,,1.0,,
64130177,,,,,2.0,63.0,63.0,A,,2.0,1.0,200000.0,57.0,,411911.0,,,1.0,,
64130269,,,,,2.0,63.0,63.0,A,,2.0,1.0,361656.0,57.0,,411911.0,,,1.0,,
64130337,,,,,2.0,77.0,59.0,A,,2.0,1.0,200000.0,54.0,,411911.0,,,1.0,,
64130379,,,,,2.0,104.0,53.0,A,,2.0,1.0,520000.0,49.0,,411911.0,,,1.0,,
64130414,,,,,2.0,77.0,59.0,A,,2.0,1.0,25053.0,54.0,,411911.0,,,1.0,,
64130448,,,,,2.0,106.0,1252.0,A,,2.0,1.0,407000.0,698.0,,411911.0,,,1.0,,
64130492,,,,,2.0,106.0,1251.0,A,,2.0,1.0,150000.0,697.0,,411911.0,,,1.0,,
64130528,,,,,2.0,106.0,1252.0,A,,2.0,1.0,257032.0,698.0,,411911.0,,,1.0,,
47727477,10.0,1156.0,4.0,1.0,2.0,10.0,1156.0,A,,4.0,1.0,,,,411911.0,,,1.0,,
47728391,10.0,1156.0,4.0,1.0,2.0,10.0,1156.0,A,,4.0,1.0,,,,411911.0,,,1.0,,
47728812,10.0,1156.0,4.0,1.0,2.0,10.0,1156.0,A,,4.0,1.0,,,,411911.0,,,1.0,,
47729260,10.0,1156.0,4.0,1.0,2.0,10.0,1156.0,A,,4.0,1.0,,,,411911.0,,,1.0,,
47729913,,,,,2.0,63.0,1240.0,A,,5.0,1.0,50000.0,686.0,,411911.0,,,1.0,,
47730299,,,,,2.0,454.0,1300.0,A,,2.0,1.0,200000.0,725.0,,411911.0,,,1.0,,
47730667,,,,,2.0,454.0,1300.0,A,,2.0,1.0,361656.0,725.0,,411911.0,,,1.0,,
47731010,,,,,2.0,77.0,1199.0,A,,2.0,1.0,123312.0,651.0,,411911.0,,,1.0,,
47731215,104.0,53.0,2.0,1.0,,,,,,,,,,,,,,,,
47731425,,,,,,,,,,,,,,,,,,,,
47731646,97.0,1062.0,2.0,1.0,2.0,97.0,1062.0,A,,2.0,1.0,,,,411911.0,,,1.0,,
47731922,97.0,55.0,4.0,1.0,,,,,,,,,,,,,,,,
47734540,77.0,1076.0,2.0,1.0,2.0,77.0,1076.0,A,,2.0,1.0,,,,411911.0,,,1.0,,
59963154,,,,,2.0,77.0,59.0,A,,2.0,1.0,1000.0,54.0,,411911.0,,,1.0,,
60095985,,,,,2.0,10.0,1156.0,A,,4.0,1.0,155443.0,551.0,,411911.0,,,1.0,,
60096214,,,,,2.0,63.0,63.0,A,,2.0,1.0,155443.0,57.0,,411911.0,,,1.0,,
66074871,,,,,2.0,10.0,1156.0,A,,4.0,1.0,50542.0,551.0,,411911.0,,,1.0,,
66074894,,,,,2.0,10.0,1156.0,A,,4.0,1.0,48000.0,551.0,,411911.0,,,1.0,,
66074916,,,,,2.0,10.0,452.0,A,,2.0,1.0,60000.0,352.0,,411911.0,,,1.0,,
66075086,,,,,2.0,77.0,59.0,A,,2.0,1.0,21388.0,54.0,,411911.0,,,1.0,,
60096391,,,,,2.0,15.0,458.0,A,,4.0,1.0,207262.0,358.0,,411911.0,,,1.0,,
66074832,,,,,2.0,10.0,1156.0,A,,4.0,1.0,120000.0,551.0,,411911.0,,,1.0,,
66074853,,,,,2.0,10.0,1156.0,A,,4.0,1.0,300000.0,551.0,,411911.0,,,1.0,,
66074952,,,,,2.0,63.0,63.0,A,,2.0,1.0,300000.0,57.0,,411911.0,,,1.0,,
66074971,,,,,2.0,63.0,63.0,A,,2.0,1.0,300000.0,57.0,,411911.0,,,1.0,,
66075002,,,,,2.0,454.0,1300.0,A,,2.0,1.0,200000.0,747.0,,411910.0,,,1.0,,
66075036,,,,,2.0,77.0,59.0,A,,2.0,1.0,100000.0,54.0,,411945.0,,,1.0,,
66075064,,,,,2.0,77.0,59.0,A,,2.0,1.0,650000.0,54.0,,411910.0,,,1.0,,
66075107,,,,,2.0,106.0,1252.0,A,,2.0,1.0,500000.0,698.0,,411911.0,,,1.0,,
66075123,,,,,2.0,77.0,1076.0,A,,2.0,1.0,250000.0,380.0,,411911.0,,,1.0,,
66075138,,,,,2.0,60.0,1208.0,A,,2.0,1.0,64032.0,654.0,,411911.0,,,1.0,,
79966088,,,,,,,,,,,,,,,,,,,,
79968034,,,,,,,,,,,,,,,,,,,,
79969302,60.0,1275.0,2.0,1.0,,,,,,,,,,,,,,,,
79971173,,,,,1.0,41.0,1102.0,A,,2.0,2.0,20000.0,406.0,,411911.0,,,1.0,,"[{""astLocCd"": 411910, ""astPlnUntCd"": null, ""astPlnUntTyp"": null, ""astNoOfUnt"": 1, ""astUnitCostTot"": null}]"
79972453,,,,,2.0,97.0,1057.0,A,,2.0,1.0,5100.0,101.0,,411911.0,,,1.0,,
79973077,,,,,2.0,103.0,56.0,A,,2.0,1.0,60000.0,51.0,,411911.0,,,1.0,,
79974350,,,,,2.0,63.0,63.0,A,,2.0,1.0,40000.0,57.0,,411911.0,,,1.0,,
79975298,,,,,,,,,,,,,,,,,,,,
79976306,,,,,2.0,77.0,1217.0,A,,2.0,1.0,200000.0,663.0,,411911.0,,,1.0,,
79977211,,,,,2.0,77.0,1202.0,A,,2.0,1.0,100000.0,505.0,,411911.0,,,1.0,,
79977817,77.0,1202.0,2.0,1.0,,,,,,,,,,,,,,,,
79978558,,,,,2.0,77.0,1380.0,A,,2.0,1.0,70000.0,826.0,,411915.0,,,1.0,,
79979104,,,,,2.0,77.0,1380.0,A,,2.0,1.0,200000.0,826.0,,411915.0,,,1.0,,
79979611,,,,,2.0,77.0,1380.0,A,,2.0,1.0,100000.0,826.0,,411945.0,,,1.0,,
79980206,,,,,2.0,77.0,1380.0,A,,2.0,1.0,70000.0,826.0,,411910.0,,,1.0,,
79980676,,,,,2.0,77.0,1380.0,A,,2.0,1.0,100000.0,826.0,,411915.0,,,1.0,,
79982088,97.0,55.0,4.0,1.0,,,,,,,,,,,,,,,,
79982985,,,,,2.0,77.0,1380.0,A,,2.0,1.0,30000.0,826.0,,411945.0,,,1.0,,
80253121,,,,,,,,,,,,,,,,,,,,
80253883,97.0,1057.0,2.0,1.0,,,,,,,,,,,,,,,,
80254795,,,,,2.0,77.0,1380.0,A,,2.0,1.0,200000.0,826.0,,411915.0,,,1.0,,
80444256,,,,,,,,,,,,,,,,,,,,
80446749,,,,,1.0,301.0,1274.0,A,,2.0,1.0,10000.0,721.0,,411910.0,,,1.0,,
80447449,,,,,2.0,77.0,1380.0,A,,2.0,1.0,30000.0,826.0,,411911.0,,,1.0,,
80448577,,,,,2.0,77.0,1380.0,A,,2.0,1.0,40000.0,826.0,,411911.0,,,1.0,,
80449341,77.0,1380.0,2.0,1.0,,,,,,,,,,,,,,,,
80450100,,,,,,,,,,,,,,,,,,,,
80451014,,,,,2.0,77.0,1380.0,A,,2.0,1.0,100000.0,826.0,,411910.0,,,1.0,,
80451977,,,,,2.0,462.0,1346.0,A,,2.0,1.0,100000.0,793.0,,411945.0,,,1.0,,
80452972,,,,,,,,,,,,,,,,,,,,
80454232,,,,,2.0,63.0,1253.0,A,,2.0,1.0,40000.0,699.0,,411911.0,,,1.0,,
80455115,,,,,2.0,104.0,53.0,A,,2.0,1.0,36000.0,49.0,,411911.0,,,1.0,,
80461878,,,,,2.0,15.0,1254.0,A,,4.0,1.0,120000.0,703.0,,411915.0,,,1.0,,
80463086,,,,,,,,,,,,,,,,,,,,
80465729,,,,,,,,,,,,,,,,,,,,
80466855,,,,,1.0,463.0,1351.0,A,,2.0,1.0,47000.0,798.0,,411910.0,,,1.0,,
80467669,,,,,1.0,463.0,1350.0,A,,2.0,1.0,30000.0,797.0,,411915.0,,,1.0,,
80468606,,,,,1.0,301.0,1274.0,A,,2.0,1.0,72000.0,721.0,,411911.0,,,1.0,,
80469297,,,,,2.0,60.0,1208.0,A,,2.0,1.0,120000.0,654.0,,411910.0,,,1.0,,
80470534,,,,,2.0,60.0,1208.0,A,,2.0,1.0,130000.0,654.0,,411915.0,,,1.0,,
80471339,,,,,2.0,60.0,1275.0,A,,2.0,1.0,210000.0,722.0,,411911.0,,,1.0,,
80472904,,,,,,,,,,,,,,,,,,,,
80475271,,,,,,,,,,,,,,,,,,,,
80475918,,,,,2.0,77.0,1207.0,A,,2.0,1.0,350000.0,653.0,,411911.0,,,1.0,,
80476604,,,,,,,,,,,,,,,,,,,,
80477324,,,,,2.0,104.0,47.0,A,,2.0,1.0,70000.0,43.0,,411911.0,,,1.0,,
80477877,,,,,1.0,41.0,1102.0,A,,2.0,1.0,60000.0,406.0,,411911.0,,,1.0,,
80478835,,,,,2.0,97.0,55.0,A,,4.0,1.0,31000.0,64.0,,411911.0,,,1.0,,
80481574,,,,,2.0,104.0,53.0,A,,2.0,1.0,40000.0,49.0,,411910.0,,,1.0,,
80482420,,,,,1.0,41.0,1102.0,A,,2.0,1.0,30000.0,406.0,,411910.0,,,1.0,,
80483743,,,,,1.0,41.0,1102.0,A,,2.0,1.0,15000.0,406.0,,411911.0,,,1.0,,
80484664,,,,,1.0,48.0,1107.0,A,,2.0,1.0,70000.0,410.0,,411910.0,,,1.0,,
80485510,,,,,1.0,48.0,371.0,A,,2.0,2.0,30000.0,271.0,,411911.0,,,2.0,,
80486326,,,,,1.0,41.0,1102.0,A,,2.0,1.0,70000.0,406.0,,411911.0,,,1.0,,
80487269,,,,,,,,,,,,,,,,,,,,
80490076,,,,,2.0,77.0,1080.0,A,,2.0,1.0,66000.0,384.0,,411911.0,,,1.0,,
80491080,,,,,2.0,97.0,1260.0,A,,2.0,1.0,17000.0,707.0,,411911.0,,,1.0,,
80491887,,,,,2.0,103.0,56.0,A,,2.0,1.0,40000.0,51.0,,411911.0,,,1.0,,
80492898,,,,,1.0,48.0,1107.0,A,,2.0,1.0,55000.0,410.0,,411911.0,,,1.0,,
80493763,,,,,1.0,351.0,411.0,A,,2.0,1.0,66000.0,311.0,,411911.0,,,1.0,,
80494565,,,,,2.0,77.0,1207.0,A,,2.0,1.0,78000.0,653.0,,411910.0,,,1.0,,
80495118,,,,,2.0,60.0,1208.0,A,,2.0,1.0,69000.0,654.0,,411915.0,,,1.0,,
80495891,77.0,66.0,2.0,1.0,,,,,,,,,,,,,,,,
80496467,,,,,1.0,41.0,1165.0,A,,2.0,1.0,20000.0,469.0,,411911.0,,,1.0,,
80497391,,,,,1.0,41.0,1102.0,A,,2.0,1.0,33000.0,406.0,,411911.0,,,1.0,,
80498873,,,,,2.0,462.0,1352.0,A,,2.0,1.0,110000.0,799.0,,411910.0,,,1.0,,
80500135,,,,,1.0,41.0,1102.0,A,,2.0,1.0,30000.0,406.0,,411911.0,,,1.0,,
80500805,,,,,1.0,41.0,1102.0,A,,2.0,1.0,56000.0,406.0,,411911.0,,,1.0,,
80502267,77.0,1225.0,2.0,1.0,,,,,,,,,,,,,,,,
80502875,97.0,55.0,4.0,1.0,,,,,,,,,,,,,,,,
80503819,77.0,66.0,2.0,1.0,,,,,,,,,,,,,,,,
80504373,104.0,53.0,2.0,1.0,,,,,,,,,,,,,,,,
80505138,,,,,2.0,103.0,38.0,A,,2.0,1.0,15000.0,34.0,,411911.0,,,1.0,,
80505568,,,,,2.0,97.0,55.0,A,,4.0,1.0,500000.0,64.0,,411911.0,,,1.0,,
80507186,,,,,,,,,,,,,,,,,,,,
80507617,,,,,2.0,104.0,53.0,A,,2.0,1.0,120000.0,49.0,,411910.0,,,1.0,,
80508224,,,,,2.0,462.0,1375.0,A,,2.0,1.0,520000.0,791.0,,411911.0,,,1.0,,
80508620,,,,,,,,,,,,,,,,,,,,
80509376,,,,,2.0,103.0,38.0,A,,2.0,1.0,20000.0,34.0,,411911.0,,,1.0,,
80629600,,,,,1.0,461.0,1343.0,A,,2.0,1.0,70000.0,789.0,,411911.0,,,1.0,,
80631336,,,,,,,,,,,,,,,,,,,,
80631338,,,,,,,,,,,,,,,,,,,,
80632458,77.0,1229.0,2.0,1.0,,,,,,,,,,,,,,,,
80633832,,,,,1.0,41.0,1164.0,A,,2.0,1.0,90000.0,468.0,,411911.0,,,1.0,,
80634715,,,,,1.0,41.0,1102.0,A,,2.0,1.0,88000.0,406.0,,411911.0,,,1.0,,
80637822,,,,,1.0,461.0,1343.0,A,,2.0,1.0,30000.0,789.0,,411911.0,,,1.0,,
80638420,,,,,1.0,48.0,371.0,A,,2.0,1.0,12000.0,271.0,,411911.0,,,1.0,,
80639119,,,,,1.0,41.0,1102.0,A,,2.0,1.0,14000.0,406.0,,411911.0,,,1.0,,
80639955,,,,,1.0,41.0,1102.0,A,,2.0,1.0,25000.0,406.0,,411911.0,,,1.0,,
80640770,,,,,1.0,41.0,1102.0,A,,2.0,1.0,60000.0,406.0,,411911.0,,,1.0,,
80642258,,,,,1.0,41.0,1102.0,A,,2.0,1.0,30000.0,406.0,,411911.0,,,1.0,,
80643626,,,,,1.0,301.0,1113.0,A,,2.0,1.0,17000.0,416.0,,411910.0,,,1.0,,
80655728,,,,,,,,,,,,,,,,,,,,
80687592,,,,,,,,,,,,,,,,,,,,
80688939,,,,,,,,,,,,,,,,,,,,
80691915,,,,,,,,,,,,,,,,,,,,
80692428,,,,,,,,,,,,,,,,,,,,
80692954,,,,,,,,,,,,,,,,,,,,
80693413,,,,,,,,,,,,,,,,,,,,
80693703,,,,,,,,,,,,,,,,,,,,
80694092,,,,,,,,,,,,,,,,,,,,
80694339,,,,,,,,,,,,,,,,,,,,
80695045,,,,,,,,,,,,,,,,,,,,
80695301,,,,,,,,,,,,,,,,,,,,
80695691,,,,,,,,,,,,,,,,,,,,
80695949,,,,,,,,,,,,,,,,,,,,
80696260,,,,,,,,,,,,,,,,,,,,
80696563,,,,,,,,,,,,,,,,,,,,
80696856,,,,,,,,,,,,,,,,,,,,
80697167,,,,,,,,,,,,,,,,,,,,
80697645,,,,,,,,,,,,,,,,,,,,
80698516,,,,,,,,,,,,,,,,,,,,
80699235,,,,,,,,,,,,,,,,,,,,
80699590,,,,,,,,,,,,,,,,,,,,
80699840,,,,,,,,,,,,,,,,,,,,
80700200,,,,,,,,,,,,,,,,,,,,
80700546,,,,,,,,,,,,,,,,,,,,
80700997,,,,,,,,,,,,,,,,,,,,
80701181,,,,,,,,,,,,,,,,,,,,
80701435,,,,,,,,,,,,,,,,,,,,
80701979,,,,,,,,,,,,,,,,,,,,
80702226,,,,,,,,,,,,,,,,,,,,
80702659,,,,,,,,,,,,,,,,,,,,
80703007,,,,,,,,,,,,,,,,,,,,
80703245,,,,,,,,,,,,,,,,,,,,
80703682,,,,,,,,,,,,,,,,,,,,
80704106,,,,,,,,,,,,,,,,,,,,
80704349,,,,,,,,,,,,,,,,,,,,
80705061,,,,,,,,,,,,,,,,,,,,
80705425,,,,,,,,,,,,,,,,,,,,
80705744,,,,,,,,,,,,,,,,,,,,
80705750,,,,,,,,,,,,,,,,,,,,
80706089,,,,,,,,,,,,,,,,,,,,
80706151,,,,,,,,,,,,,,,,,,,,
80706441,,,,,,,,,,,,,,,,,,,,
80706577,,,,,,,,,,,,,,,,,,,,
80706892,,,,,,,,,,,,,,,,,,,,
80707316,,,,,,,,,,,,,,,,,,,,
80707598,,,,,,,,,,,,,,,,,,,,
80707942,,,,,,,,,,,,,,,,,,,,
80708151,,,,,,,,,,,,,,,,,,,,
80708422,,,,,,,,,,,,,,,,,,,,
80876784,,,,,,,,,,,,,,,,,,,,
80877131,,,,,,,,,,,,,,,,,,,,
80877523,,,,,,,,,,,,,,,,,,,,
80881138,,,,,,,,,,,,,,,,,,,,
80881587,,,,,,,,,,,,,,,,,,,,
80882117,,,,,,,,,,,,,,,,,,,,
80882409,,,,,,,,,,,,,,,,,,,,
80882801,,,,,,,,,,,,,,,,,,,,
80883045,,,,,,,,,,,,,,,,,,,,
80883358,,,,,,,,,,,,,,,,,,,,
80883866,,,,,,,,,,,,,,,,,,,,
80884343,,,,,,,,,,,,,,,,,,,,
80884633,,,,,,,,,,,,,,,,,,,,
80884937,,,,,,,,,,,,,,,,,,,,
80888612,,,,,1.0,41.0,1163.0,A,,2.0,1.0,80000.0,467.0,,411911.0,,,1.0,,
80888795,,,,,,,,,,,,,,,,,,,,
80888976,,,,,,,,,,,,,,,,,,,,
80889113,,,,,,,,,,,,,,,,,,,,
80889237,,,,,,,,,,,,,,,,,,,,
80889339,,,,,,,,,,,,,,,,,,,,
80889446,,,,,,,,,,,,,,,,,,,,
80889560,,,,,,,,,,,,,,,,,,,,
80889692,,,,,,,,,,,,,,,,,,,,
80889808,,,,,,,,,,,,,,,,,,,,
80889935,,,,,,,,,,,,,,,,,,,,
80890043,,,,,,,,,,,,,,,,,,,,
80890187,,,,,,,,,,,,,,,,,,,,
81214321,,,,,,,,,,,,,,,,,,,,
81215586,,,,,,,,,,,,,,,,,,,,
81216534,,,,,,,,,,,,,,,,,,,,
81216790,,,,,,,,,,,,,,,,,,,,
81217493,,,,,,,,,,,,,,,,,,,,
81218446,,,,,,,,,,,,,,,,,,,,
81219402,,,,,,,,,,,,,,,,,,,,
81220100,,,,,,,,,,,,,,,,,,,,
81222842,,,,,,,,,,,,,,,,,,,,
81223880,77.0,1380.0,2.0,1.0,,,,,,,,,,,,,,,,
81224572,,,,,,,,,,,,,,,,,,,,
81225970,,,,,,,,,,,,,,,,,,,,
81226738,,,,,,,,,,,,,,,,,,,,
81227276,,,,,,,,,,,,,,,,,,,,
81228440,,,,,,,,,,,,,,,,,,,,
81229143,,,,,,,,,,,,,,,,,,,,
81230697,,,,,,,,,,,,,,,,,,,,
81231866,,,,,,,,,,,,,,,,,,,,
81232739,,,,,,,,,,,,,,,,,,,,
81233634,,,,,,,,,,,,,,,,,,,,
81234672,,,,,,,,,,,,,,,,,,,,
81235307,,,,,,,,,,,,,,,,,,,,
81235928,,,,,,,,,,,,,,,,,,,,
81236911,,,,,,,,,,,,,,,,,,,,
81238654,,,,,,,,,,,,,,,,,,,,
81239993,,,,,,,,,,,,,,,,,,,,
81240706,,,,,,,,,,,,,,,,,,,,
81241650,,,,,,,,,,,,,,,,,,,,
81242633,,,,,2.0,77.0,1199.0,A,,2.0,1.0,39000.0,651.0,,411915.0,,,1.0,,
81243104,,,,,,,,,,,,,,,,,,,,
81244135,,,,,,,,,,,,,,,,,,,,
81244788,,,,,,,,,,,,,,,,,,,,
81245395,,,,,,,,,,,,,,,,,,,,
81246103,,,,,,,,,,,,,,,,,,,,
81246777,,,,,,,,,,,,,,,,,,,,
81247485,,,,,,,,,,,,,,,,,,,,
81247990,,,,,,,,,,,,,,,,,,,,
81631092,,,,,,,,,,,,,,,,,,,,
81631444,,,,,2.0,10.0,1156.0,A,,4.0,1.0,72000.0,551.0,,411911.0,,,1.0,,
81632413,,,,,1.0,455.0,1287.0,A,,2.0,1.0,10000.0,734.0,,411911.0,,,1.0,,
81633634,,,,,,,,,,,,,,,,,,,,
81633743,,,,,,,,,,,,,,,,,,,,
81633782,,,,,,,,,,,,,,,,,,,,
81633917,,,,,,,,,,,,,,,,,,,,
128589744,,,,,2.0,10.0,1156.0,A,,4.0,1.0,115279.0,551.0,,411911.0,,,1.0,,
81631361,,,,,2.0,10.0,1156.0,A,,4.0,1.0,48000.0,551.0,,411911.0,,,1.0,,
81631700,,,,,2.0,10.0,1156.0,A,,4.0,1.0,350000.0,551.0,,411911.0,,,1.0,,
81631971,,,,,2.0,451.0,1377.0,A,,2.0,1.0,320000.0,823.0,,411911.0,,,1.0,,
81632977,,,,,2.0,4.0,4.0,A,,2.0,1.0,100000.0,4.0,,411945.0,,,1.0,,
81633032,,,,,2.0,97.0,1238.0,A,,2.0,1.0,100000.0,684.0,,411910.0,,,1.0,,
81633096,,,,,2.0,15.0,1254.0,A,,4.0,1.0,250372.0,703.0,,411910.0,,,1.0,,
81633147,,,,,2.0,15.0,1254.0,A,,4.0,1.0,330000.0,703.0,,411911.0,,,1.0,,
81634494,,,,,2.0,97.0,1238.0,A,,2.0,1.0,100000.0,684.0,,411911.0,,,1.0,,
81634520,,,,,2.0,97.0,1238.0,A,,2.0,1.0,400000.0,684.0,,411910.0,,,1.0,,
81634557,,,,,2.0,15.0,1254.0,A,,4.0,1.0,314080.0,703.0,,411911.0,,,1.0,,
128589704,,,,,2.0,457.0,1313.0,A,,2.0,1.0,255279.0,760.0,,411911.0,,,1.0,,
81631625,,,,,2.0,462.0,1363.0,A,,2.0,1.0,115279.0,810.0,,411911.0,,,1.0,,
81632205,,,,,2.0,451.0,1377.0,A,,2.0,1.0,70000.0,823.0,,411911.0,,,1.0,,
81632292,,,,,2.0,451.0,1376.0,A,,2.0,1.0,5000.0,822.0,,411911.0,,,1.0,,
81632343,,,,,2.0,451.0,1376.0,A,,2.0,1.0,5060.0,822.0,,411911.0,,,1.0,,
81632523,,,,,1.0,455.0,1287.0,A,,2.0,1.0,115219.0,734.0,,411911.0,,,1.0,,
81632585,,,,,1.0,455.0,1287.0,A,,2.0,1.0,60000.0,734.0,,411911.0,,,1.0,,
102395270,,,,,,,,,,,,,,,,,,,,
102395610,,,,,,,,,,,,,,,,,,,,
102395936,,,,,,,,,,,,,,,,,,,,
102396278,,,,,,,,,,,,,,,,,,,,
102396791,,,,,2.0,4.0,1026.0,A,,4.0,1.0,100000.0,80.0,,411911.0,,,1.0,,
102397296,,,,,2.0,6.0,3.0,A,,2.0,1.0,500000.0,3.0,,411945.0,,,1.0,,
102398271,,,,,2.0,77.0,1225.0,A,,2.0,1.0,100000.0,671.0,,411945.0,,,1.0,,
102398918,,,,,,,,,,,,,,,,,,,,
102399478,,,,,,,,,,,,,,,,,,,,
102400181,,,,,2.0,410.0,1138.0,A,,2.0,1.0,300000.0,442.0,,411910.0,,,1.0,,
102400702,,,,,,,,,,,,,,,,,,,,
102401089,,,,,,,,,,,,,,,,,,,,
102401518,,,,,,,,,,,,,,,,,,,,
102402234,,,,,2.0,77.0,1272.0,A,,2.0,1.0,1000000.0,719.0,,411911.0,,,1.0,,
102403562,,,,,,,,,,,,,,,,,,,,
102404245,,,,,2.0,4.0,64.0,A,,2.0,1.0,100000.0,58.0,,411915.0,,,1.0,,
102405083,,,,,,,,,,,,,,,,,,,,
102405955,,,,,,,,,,,,,,,,,,,,
102406454,,,,,,,,,,,,,,,,,,,,
102407105,,,,,,,,,,,,,,,,,,,,
102407475,,,,,,,,,,,,,,,,,,,,
102408256,,,,,,,,,,,,,,,,,,,,
102408897,,,,,,,,,,,,,,,,,,,,
102409876,,,,,,,,,,,,,,,,,,,,
102411131,,,,,2.0,77.0,1225.0,A,,2.0,1.0,200000.0,671.0,,411911.0,,,1.0,,
102416253,,,,,1.0,48.0,370.0,A,,2.0,1.0,200000.0,270.0,,411911.0,,,1.0,,
102416337,,,,,,,,,,,,,,,,,,,,
102416871,,,,,,,,,,,,,,,,,,,,
102417515,,,,,,,,,,,,,,,,,,,,
102418137,,,,,2.0,103.0,1242.0,A,,2.0,1.0,150000.0,688.0,,411911.0,,,1.0,,
102418324,,,,,,,,,,,,,,,,,,,,
102418869,,,,,,,,,,,,,,,,,,,,
102419073,,,,,2.0,77.0,1380.0,A,,2.0,1.0,600000.0,826.0,,411911.0,,,1.0,,
102419367,,,,,,,,,,,,,,,,,,,,
102419879,,,,,2.0,104.0,53.0,A,,2.0,1.0,300000.0,49.0,,411911.0,,,1.0,,
102420379,,,,,,,,,,,,,,,,,,,,
102420530,,,,,2.0,63.0,29.0,A,,2.0,1.0,500000.0,26.0,,411910.0,,,1.0,,
102421569,,,,,,,,,,,,,,,,,,,,
102421791,,,,,,,,,,,,,,,,,,,,
102422728,,,,,,,,,,,,,,,,,,,,
102422955,,,,,2.0,4.0,1026.0,A,,4.0,1.0,600000.0,80.0,,411915.0,,,1.0,,
102423204,,,,,,,,,,,,,,,,,,,,
102424444,,,,,2.0,77.0,1380.0,A,,2.0,1.0,600000.0,826.0,,411945.0,,,1.0,,
102425379,97.0,1260.0,2.0,1.0,,,,,,,,,,,,,,,,
102425850,,,,,,,,,,,,,,,,,,,,
102426546,,,,,,,,,,,,,,,,,,,,
102426838,,,,,2.0,6.0,6.0,A,,2.0,1.0,550000.0,6.0,,411910.0,,,1.0,,
102427557,,,,,,,,,,,,,,,,,,,,
102428572,454.0,1300.0,2.0,1.0,,,,,,,,,,,,,,,,
102429011,,,,,2.0,63.0,1253.0,A,,2.0,1.0,80000.0,699.0,,411915.0,,,1.0,,
102429343,,,,,,,,,,,,,,,,,,,,
102429356,,,,,2.0,103.0,38.0,A,,2.0,1.0,200000.0,34.0,,411910.0,,,1.0,,
102429647,,,,,2.0,15.0,1205.0,A,,4.0,1.0,800000.0,508.0,,411945.0,,,1.0,,
102429689,,,,,2.0,454.0,1300.0,A,,2.0,1.0,25000.0,747.0,,411911.0,,,1.0,,
102429946,77.0,1380.0,2.0,1.0,,,,,,,,,,,,,,,,
102429964,,,,,,,,,,,,,,,,,,,,
102430541,,,,,2.0,63.0,1264.0,A,,2.0,1.0,14000.0,711.0,,411911.0,,,1.0,,
102430697,,,,,,,,,,,,,,,,,,,,
102430710,103.0,56.0,2.0,1.0,,,,,,,,,,,,,,,,
102431006,,,,,,,,,,,,,,,,,,,,
102431059,,,,,2.0,60.0,1275.0,A,,2.0,1.0,100000.0,722.0,,411915.0,,,1.0,,
102431259,103.0,56.0,2.0,1.0,,,,,,,,,,,,,,,,
102431363,,,,,,,,,,,,,,,,,,,,
102431662,,,,,,,,,,,,,,,,,,,,
102431841,,,,,,,,,,,,,,,,,,,,
102431974,,,,,,,,,,,,,,,,,,,,
102432200,,,,,,,,,,,,,,,,,,,,
102432430,,,,,,,,,,,,,,,,,,,,
102432442,,,,,,,,,,,,,,,,,,,,
102432762,,,,,,,,,,,,,,,,,,,,
102432901,,,,,2.0,97.0,1057.0,A,,2.0,1.0,500000.0,101.0,,411911.0,,,1.0,,
102433025,,,,,,,,,,,,,,,,,,,,
102433099,,,,,2.0,63.0,1083.0,A,,2.0,1.0,10000.0,387.0,,411911.0,,,1.0,,
102433353,,,,,,,,,,,,,,,,,,,,
102433632,,,,,2.0,77.0,1207.0,A,,2.0,1.0,50000.0,653.0,,411911.0,,,1.0,,
102433693,,,,,2.0,103.0,56.0,A,,2.0,1.0,60000.0,51.0,,411911.0,,,1.0,,
102433824,,,,,2.0,454.0,1300.0,A,,2.0,1.0,24000.0,747.0,,411911.0,,,1.0,,
102434199,103.0,56.0,2.0,1.0,,,,,,,,,,,,,,,,
102434231,,,,,2.0,77.0,1256.0,A,,2.0,1.0,500000.0,702.0,,411911.0,,,1.0,,
102434490,,,,,,,,,,,,,,,,,,,,
102434679,,,,,,,,,,,,,,,,,,,,
102434693,,,,,1.0,41.0,45.0,A,,2.0,1.0,250000.0,41.0,,411910.0,,,1.0,,
102434992,77.0,1207.0,2.0,1.0,,,,,,,,,,,,,,,,
102435171,,,,,,,,,,,,,,,,,,,,
102435332,,,,,2.0,454.0,1300.0,A,,2.0,1.0,30000.0,747.0,,411911.0,,,1.0,,
102435573,,,,,1.0,41.0,1102.0,A,,2.0,1.0,260000.0,406.0,,411911.0,,,1.0,,
102435683,,,,,2.0,77.0,1207.0,A,,2.0,1.0,200000.0,653.0,,411911.0,,,1.0,,
102436092,,,,,2.0,454.0,1301.0,A,,2.0,1.0,18000.0,748.0,,411911.0,,,1.0,,
102436217,,,,,,,,,,,,,,,,,,,,
102436425,,,,,,,,,,,,,,,,,,,,
102436865,,,,,1.0,41.0,1102.0,A,,2.0,1.0,500000.0,406.0,,411945.0,,,1.0,,
102437003,,,,,,,,,,,,,,,,,,,,
102437024,,,,,,,,,,,,,,,,,,,,
102437257,,,,,,,,,,,,,,,,,,,,
102437657,,,,,2.0,97.0,55.0,A,,4.0,1.0,50000.0,64.0,,411911.0,,,1.0,,
102437732,,,,,2.0,97.0,1160.0,A,,2.0,1.0,600000.0,464.0,,411910.0,,,1.0,,
102437767,,,,,,,,,,,,,,,,,,,,
102438465,,,,,,,,,,,,,,,,,,,,
102438569,,,,,,,,,,,,,,,,,,,,
102439381,,,,,,,,,,,,,,,,,,,,
102439444,,,,,2.0,63.0,63.0,A,,2.0,1.0,150000.0,57.0,,411911.0,,,1.0,,
102441937,,,,,2.0,456.0,1307.0,A,,2.0,1.0,20000.0,754.0,,411911.0,,,1.0,,
102443133,,,,,2.0,454.0,1300.0,A,,2.0,1.0,20000.0,747.0,,411911.0,,,1.0,,
102443852,97.0,1160.0,2.0,1.0,,,,,,,,,,,,,,,,
102444010,,,,,,,,,,,,,,,,,,,,
102444752,,,,,,,,,,,,,,,,,,,,
102444887,,,,,2.0,454.0,1300.0,A,,2.0,1.0,30000.0,747.0,,411911.0,,,1.0,,
102445527,,,,,,,,,,,,,,,,,,,,
102445696,,,,,2.0,456.0,1307.0,A,,2.0,1.0,27000.0,754.0,,411911.0,,,1.0,,
102445728,,,,,,,,,,,,,,,,,,,,
102446414,,,,,,,,,,,,,,,,,,,,
102446441,,,,,2.0,451.0,1376.0,A,,2.0,1.0,12000.0,822.0,,411911.0,,,1.0,,
102446767,,,,,,,,,,,,,,,,,,,,
102447380,,,,,,,,,,,,,,,,,,,,
102447495,,,,,1.0,455.0,1287.0,A,,2.0,1.0,22000.0,734.0,,411911.0,,,1.0,,
102447663,,,,,,,,,,,,,,,,,,,,
102448607,,,,,,,,,,,,,,,,,,,,
102448795,,,,,2.0,77.0,1380.0,A,,2.0,1.0,250000.0,826.0,,411911.0,,,1.0,,
102449721,,,,,,,,,,,,,,,,,,,,
102450263,,,,,,,,,,,,,,,,,,,,
102450476,,,,,,,,,,,,,,,,,,,,
102451061,,,,,,,,,,,,,,,,,,,,
102451285,,,,,2.0,454.0,1300.0,A,,2.0,1.0,15000.0,747.0,,411911.0,,,1.0,,
102451369,,,,,,,,,,,,,,,,,,,,
102451816,,,,,,,,,,,,,,,,,,,,
102452115,,,,,,,,,,,,,,,,,,,,
102452249,,,,,2.0,456.0,1307.0,A,,2.0,1.0,2000.0,754.0,,411911.0,,,1.0,,
102452352,,,,,,,,,,,,,,,,,,,,
102452993,,,,,,,,,,,,,,,,,,,,
102453101,,,,,2.0,457.0,1317.0,A,,2.0,1.0,25000.0,764.0,,411911.0,,,1.0,,
102453169,,,,,,,,,,,,,,,,,,,,
102453949,,,,,,,,,,,,,,,,,,,,
102454641,,,,,,,,,,,,,,,,,,,,
102456594,,,,,,,,,,,,,,,,,,,,
102457248,,,,,,,,,,,,,,,,,,,,
102457511,,,,,,,,,,,,,,,,,,,,
102458406,,,,,,,,,,,,,,,,,,,,
102458501,,,,,,,,,,,,,,,,,,,,
102459165,,,,,,,,,,,,,,,,,,,,
102459229,,,,,,,,,,,,,,,,,,,,
102459345,,,,,,,,,,,,,,,,,,,,
102459873,,,,,,,,,,,,,,,,,,,,
102460186,,,,,,,,,,,,,,,,,,,,
102460919,,,,,,,,,,,,,,,,,,,,
102461741,,,,,,,,,,,,,,,,,,,,
102461790,,,,,2.0,453.0,1299.0,A,,2.0,1.0,20000.0,746.0,,411911.0,,,1.0,,
102461944,,,,,,,,,,,,,,,,,,,,
102462594,,,,,,,,,,,,,,,,,,,,
102462691,,,,,,,,,,,,,,,,,,,,
102463080,,,,,2.0,454.0,1300.0,A,,2.0,1.0,14000.0,747.0,,411915.0,,,1.0,,
102463357,,,,,,,,,,,,,,,,,,,,
102464031,,,,,,,,,,,,,,,,,,,,
102464638,,,,,,,,,,,,,,,,,,,,
102465309,,,,,,,,,,,,,,,,,,,,
102466565,,,,,,,,,,,,,,,,,,,,
102470176,,,,,,,,,,,,,,,,,,,,
102474250,,,,,,,,,,,,,,,,,,,,
102476123,,,,,,,,,,,,,,,,,,,,
102478004,,,,,,,,,,,,,,,,,,,,
102479496,,,,,,,,,,,,,,,,,,,,
102480512,,,,,,,,,,,,,,,,,,,,
102481991,462.0,1346.0,2.0,1.0,,,,,,,,,,,,,,,,
102482747,,,,,,,,,,,,,,,,,,,,
102974687,10.0,1156.0,4.0,1.0,,,,,,,,,,,,,,,,
102977694,77.0,59.0,2.0,1.0,,,,,,,,,,,,,,,,
102977834,60.0,1275.0,2.0,1.0,,,,,,,,,,,,,,,,
102978227,,,,,,,,,,,,,,,,,,,,
102978366,,,,,,,,,,,,,,,,,,,,
102978522,,,,,,,,,,,,,,,,,,,,
102978645,,,,,,,,,,,,,,,,,,,,
102978780,,,,,,,,,,,,,,,,,,,,
102979038,,,,,,,,,,,,,,,,,,,,
102973373,10.0,1156.0,4.0,1.0,2.0,10.0,1156.0,A,,4.0,1.0,78000.0,,,411911.0,,,1.0,,
102973596,10.0,1156.0,4.0,1.0,2.0,10.0,1156.0,A,,4.0,1.0,117000.0,,,411911.0,,,1.0,,
102973833,10.0,1156.0,4.0,1.0,2.0,10.0,1156.0,A,,4.0,1.0,290279.0,,,411911.0,,,1.0,,
102974410,10.0,1156.0,4.0,1.0,2.0,10.0,1156.0,A,,4.0,1.0,100000.0,,,411911.0,,,1.0,,
102975154,457.0,1313.0,2.0,1.0,2.0,457.0,1313.0,A,,2.0,1.0,200000.0,,,411911.0,,,1.0,,
102975381,451.0,1376.0,2.0,1.0,2.0,451.0,1376.0,A,,2.0,1.0,96839.0,,,411911.0,,,1.0,,
102975565,451.0,1376.0,2.0,1.0,2.0,451.0,1376.0,A,,2.0,1.0,60000.0,,,411911.0,,,1.0,,
102975731,451.0,1376.0,2.0,1.0,2.0,451.0,1376.0,A,,2.0,1.0,263279.0,,,411911.0,,,1.0,,
102976510,77.0,59.0,2.0,1.0,2.0,77.0,59.0,A,,2.0,1.0,450000.0,,,411911.0,,,1.0,,
102976675,77.0,59.0,2.0,1.0,2.0,77.0,59.0,A,,2.0,1.0,376824.0,,,411911.0,,,1.0,,
102977029,77.0,59.0,2.0,1.0,2.0,77.0,59.0,A,,2.0,1.0,350000.0,,,411910.0,,,1.0,,
102977210,60.0,1208.0,2.0,1.0,2.0,60.0,1208.0,A,,2.0,1.0,164032.0,,,411911.0,,,1.0,,
102977375,77.0,59.0,2.0,1.0,2.0,77.0,59.0,A,,2.0,1.0,300000.0,,,411910.0,,,1.0,,
118752772,,,,,,,,,,,,,,,,,,,,
118753193,,,,,,,,,,,,,,,,,,,,
118753674,,,,,,,,,,,,,,,,,,,,
118754349,,,,,,,,,,,,,,,,,,,,
118754807,,,,,,,,,,,,,,,,,,,,
118756078,,,,,,,,,,,,,,,,,,,,
118756379,,,,,,,,,,,,,,,,,,,,
118757048,,,,,,,,,,,,,,,,,,,,
118757282,,,,,,,,,,,,,,,,,,,,
118757987,,,,,,,,,,,,,,,,,,,,
118758311,,,,,,,,,,,,,,,,,,,,
118758578,,,,,,,,,,,,,,,,,,,,
118759986,,,,,,,,,,,,,,,,,,,,
118760225,,,,,,,,,,,,,,,,,,,,
118760466,,,,,,,,,,,,,,,,,,,,
118760890,,,,,,,,,,,,,,,,,,,,
118761232,,,,,,,,,,,,,,,,,,,,
118761484,,,,,,,,,,,,,,,,,,,,
118761723,,,,,,,,,,,,,,,,,,,,
121545153,,,,,,,,,,,,,,,,,,,,
121545305,,,,,,,,,,,,,,,,,,,,
121545784,,,,,,,,,,,,,,,,,,,,
121546185,,,,,,,,,,,,,,,,,,,,
121546331,,,,,,,,,,,,,,,,,,,,
121546574,,,,,,,,,,,,,,,,,,,,
121546685,,,,,,,,,,,,,,,,,,,,
121546860,,,,,,,,,,,,,,,,,,,,
121547128,,,,,,,,,,,,,,,,,,,,
121547532,,,,,,,,,,,,,,,,,,,,
121547858,,,,,,,,,,,,,,,,,,,,
121548052,,,,,,,,,,,,,,,,,,,,
121548230,,,,,,,,,,,,,,,,,,,,
121548398,,,,,,,,,,,,,,,,,,,,
121548646,,,,,,,,,,,,,,,,,,,,
121548949,,,,,,,,,,,,,,,,,,,,
121549197,,,,,,,,,,,,,,,,,,,,
121549373,,,,,,,,,,,,,,,,,,,,
121549645,,,,,,,,,,,,,,,,,,,,
121549784,,,,,,,,,,,,,,,,,,,,
121550568,,,,,,,,,,,,,,,,,,,,
121550866,,,,,,,,,,,,,,,,,,,,
121551878,,,,,,,,,,,,,,,,,,,,
121552077,,,,,,,,,,,,,,,,,,,,
121552244,,,,,,,,,,,,,,,,,,,,
121552972,,,,,,,,,,,,,,,,,,,,
121553214,,,,,,,,,,,,,,,,,,,,
121553444,,,,,,,,,,,,,,,,,,,,
121553744,,,,,,,,,,,,,,,,,,,,
121553902,,,,,,,,,,,,,,,,,,,,
121554071,,,,,,,,,,,,,,,,,,,,
121554211,,,,,,,,,,,,,,,,,,,,
121554407,,,,,,,,,,,,,,,,,,,,
121554642,,,,,,,,,,,,,,,,,,,,
121554814,,,,,,,,,,,,,,,,,,,,
121555227,,,,,,,,,,,,,,,,,,,,
121555627,,,,,,,,,,,,,,,,,,,,
121556358,,,,,,,,,,,,,,,,,,,,
121556663,,,,,,,,,,,,,,,,,,,,
121556812,,,,,,,,,,,,,,,,,,,,
121556955,,,,,,,,,,,,,,,,,,,,
121557073,,,,,,,,,,,,,,,,,,,,
121557271,,,,,,,,,,,,,,,,,,,,
121557434,,,,,,,,,,,,,,,,,,,,
121557619,,,,,,,,,,,,,,,,,,,,
121557786,,,,,,,,,,,,,,,,,,,,
121557902,,,,,,,,,,,,,,,,,,,,
121558035,,,,,,,,,,,,,,,,,,,,
121558160,,,,,,,,,,,,,,,,,,,,
121558313,,,,,,,,,,,,,,,,,,,,
121558514,,,,,,,,,,,,,,,,,,,,
121558673,,,,,,,,,,,,,,,,,,,,
121558820,,,,,,,,,,,,,,,,,,,,
121559118,,,,,,,,,,,,,,,,,,,,
121559433,,,,,,,,,,,,,,,,,,,,
121559630,,,,,,,,,,,,,,,,,,,,
121559771,,,,,,,,,,,,,,,,,,,,
121559950,,,,,,,,,,,,,,,,,,,,
121560077,,,,,,,,,,,,,,,,,,,,
121560219,,,,,,,,,,,,,,,,,,,,
121560359,,,,,,,,,,,,,,,,,,,,
121560473,,,,,,,,,,,,,,,,,,,,
121560634,,,,,,,,,,,,,,,,,,,,
121560875,,,,,,,,,,,,,,,,,,,,
121561064,,,,,,,,,,,,,,,,,,,,
121561267,,,,,,,,,,,,,,,,,,,,
121561544,,,,,,,,,,,,,,,,,,,,
121561695,,,,,,,,,,,,,,,,,,,,
121561832,,,,,,,,,,,,,,,,,,,,
121561967,,,,,,,,,,,,,,,,,,,,
121840580,,,,,,,,,,,,,,,,,,,,
121840941,,,,,,,,,,,,,,,,,,,,
121841168,,,,,,,,,,,,,,,,,,,,
121841411,,,,,,,,,,,,,,,,,,,,
121841682,,,,,,,,,,,,,,,,,,,,
121842061,,,,,,,,,,,,,,,,,,,,
121842222,,,,,,,,,,,,,,,,,,,,
121842402,,,,,,,,,,,,,,,,,,,,
121842511,,,,,,,,,,,,,,,,,,,,
121842748,,,,,,,,,,,,,,,,,,,,
121842948,,,,,,,,,,,,,,,,,,,,
121843138,,,,,,,,,,,,,,,,,,,,
121843367,,,,,,,,,,,,,,,,,,,,
121843711,,,,,,,,,,,,,,,,,,,,
121843862,,,,,,,,,,,,,,,,,,,,
121844062,,,,,,,,,,,,,,,,,,,,
121844311,,,,,,,,,,,,,,,,,,,,
121844468,,,,,,,,,,,,,,,,,,,,
121844611,,,,,,,,,,,,,,,,,,,,
121844802,,,,,,,,,,,,,,,,,,,,
121844958,,,,,,,,,,,,,,,,,,,,
121949966,,,,,2.0,462.0,1375.0,A,,2.0,1.0,290000.0,791.0,,411911.0,,,1.0,,
121950169,,,,,2.0,462.0,1375.0,A,,2.0,1.0,35118.0,791.0,,411911.0,,,1.0,,
121955437,,,,,1.0,455.0,1287.0,A,,2.0,1.0,60000.0,734.0,,411911.0,,,1.0,,
121957684,,,,,,,,,,,,,,,,,,,,
121958030,,,,,2.0,15.0,459.0,A,,4.0,1.0,400000.0,359.0,,411910.0,,,1.0,,
121958542,,,,,,,,,,,,,,,,,,,,
121958669,,,,,,,,,,,,,,,,,,,,
121958800,,,,,,,,,,,,,,,,,,,,
121959211,,,,,,,,,,,,,,,,,,,,
121959381,,,,,,,,,,,,,,,,,,,,
121959585,,,,,,,,,,,,,,,,,,,,
121959732,,,,,,,,,,,,,,,,,,,,
121959959,,,,,,,,,,,,,,,,,,,,
121960091,,,,,,,,,,,,,,,,,,,,
121960176,,,,,,,,,,,,,,,,,,,,
121960292,103.0,38.0,2.0,1.0,,,,,,,,,,,,,,,,
121960380,,,,,,,,,,,,,,,,,,,,
121960591,,,,,,,,,,,,,,,,,,,,
121960748,,,,,,,,,,,,,,,,,,,,
121960962,,,,,,,,,,,,,,,,,,,,
121961027,,,,,,,,,,,,,,,,,,,,
121961223,,,,,,,,,,,,,,,,,,,,
121961849,,,,,,,,,,,,,,,,,,,,
121962026,77.0,1256.0,2.0,1.0,,,,,,,,,,,,,,,,
121962085,,,,,2.0,15.0,1258.0,A,,4.0,1.0,500000.0,705.0,,411911.0,,,1.0,,
121962128,,,,,2.0,77.0,1380.0,A,,2.0,1.0,200000.0,826.0,,411911.0,,,1.0,,
121962178,,,,,2.0,6.0,3.0,A,,2.0,1.0,300000.0,3.0,,411911.0,,,1.0,,
121962250,,,,,2.0,77.0,1227.0,A,,2.0,1.0,1000000.0,673.0,,411911.0,,,1.0,,
121962301,,,,,2.0,77.0,66.0,A,,2.0,1.0,500000.0,60.0,,411911.0,,,1.0,,
121962431,,,,,2.0,63.0,1261.0,A,,2.0,1.0,300000.0,708.0,,411911.0,,,1.0,,
128589602,,,,,2.0,457.0,1330.0,A,,2.0,1.0,560118.0,777.0,,411910.0,,,1.0,,
128589625,,,,,2.0,462.0,1362.0,A,,2.0,1.0,100000.0,809.0,,411911.0,,,1.0,,
121949644,,,,,2.0,462.0,1375.0,A,,2.0,1.0,78000.0,791.0,,411911.0,,,1.0,,
121949785,,,,,2.0,462.0,1375.0,A,,2.0,1.0,117000.0,791.0,,411911.0,,,1.0,,
121957376,,,,,2.0,15.0,459.0,A,,4.0,1.0,300000.0,359.0,,411911.0,,,1.0,,
121957497,,,,,2.0,15.0,459.0,A,,4.0,1.0,500000.0,359.0,,411911.0,,,1.0,,
121958109,,,,,2.0,15.0,459.0,A,,4.0,1.0,200000.0,359.0,,411911.0,,,1.0,,
121958270,60.0,1208.0,2.0,1.0,2.0,60.0,1208.0,A,,2.0,1.0,214032.0,,,411911.0,,,1.0,,
121950340,,,,,2.0,462.0,1375.0,A,,2.0,1.0,100000.0,791.0,,411911.0,,,1.0,,
121950742,,,,,1.0,455.0,1287.0,A,,2.0,1.0,150000.0,734.0,,411911.0,,,1.0,,
121955319,,,,,2.0,457.0,1311.0,A,,2.0,1.0,80118.0,758.0,,411911.0,,,1.0,,
121956206,,,,,2.0,454.0,1301.0,A,,2.0,1.0,330000.0,748.0,,411911.0,,,1.0,,
44022548,,,,,,,,,,,,,,,,,,,,
44022789,,,,,,,,,,,,,,,,,,,,
52846425,,,,,2.0,104.0,53.0,A,,2.0,1.0,,49.0,,412713.0,,,1.0,,
66070661,,,,,2.0,97.0,1062.0,A,,2.0,1.0,,106.0,,412713.0,,,1.0,,
66070750,,,,,2.0,10.0,10.0,A,,2.0,1.0,,9.0,,412713.0,,,1.0,,
66070773,,,,,2.0,97.0,1062.0,A,,2.0,1.0,,106.0,,412713.0,,,1.0,,
66070790,,,,,2.0,97.0,1062.0,A,,2.0,1.0,,106.0,,412713.0,,,1.0,,
44022484,,,,,2.0,10.0,2.0,A,,2.0,2.0,,2.0,,412713.0,,,2.0,,
44022602,,,,,,,,,,,,,,,,,,,,
44022619,,,,,2.0,10.0,2.0,A,,2.0,4.0,,2.0,,412713.0,,,4.0,,
44022668,,,,,2.0,97.0,55.0,A,,4.0,1.0,,64.0,,412713.0,,,1.0,,
44022696,,,,,2.0,63.0,62.0,A,,4.0,1.0,,65.0,,412713.0,,,1.0,,
44022719,,,,,2.0,63.0,62.0,A,,4.0,1.0,,65.0,,412713.0,,,1.0,,
44022741,,,,,2.0,15.0,1254.0,A,,4.0,100.0,,703.0,,412713.0,,,1.0,,
44022755,,,,,2.0,15.0,1254.0,A,,4.0,100.0,,703.0,,412713.0,,,1.0,,
44022767,,,,,2.0,15.0,1254.0,A,,4.0,100.0,,703.0,,412713.0,,,1.0,,
44022775,,,,,2.0,97.0,1062.0,A,,2.0,1.0,,106.0,,412713.0,,,1.0,,
44022784,,,,,2.0,15.0,1254.0,A,,4.0,100.0,,703.0,,412713.0,,,1.0,,
44022798,,,,,,,,,,,,,,,,,,,,
44022808,,,,,2.0,15.0,458.0,A,,4.0,100.0,,358.0,,412713.0,,,1.0,,
44022832,,,,,2.0,15.0,1254.0,A,,4.0,100.0,,703.0,,412713.0,,,1.0,,
44022847,,,,,2.0,97.0,1062.0,A,,2.0,1.0,,106.0,,412713.0,,,1.0,,
44022861,,,,,2.0,77.0,1202.0,A,,2.0,1.0,,505.0,,412713.0,,,1.0,,
44022870,,,,,2.0,77.0,1256.0,A,,2.0,1.0,,702.0,,412713.0,,,1.0,,
44022883,,,,,2.0,103.0,56.0,A,,2.0,1.0,,51.0,,412713.0,,,1.0,,
52846250,,,,,2.0,77.0,1076.0,A,,2.0,1.0,,380.0,,412703.0,,,1.0,,
52846339,,,,,2.0,77.0,1076.0,A,,2.0,1.0,,380.0,,412713.0,,,1.0,,
66070565,,,,,2.0,456.0,1307.0,A,,2.0,1.0,,754.0,,412713.0,,,1.0,,
66070594,,,,,2.0,77.0,1256.0,A,,2.0,1.0,,702.0,,412713.0,,,1.0,,
44022587,,,,,2.0,10.0,1156.0,A,,4.0,100.0,,551.0,,412713.0,,,1.0,,
44022634,,,,,2.0,63.0,1083.0,A,,2.0,1.0,,387.0,,412713.0,,,1.0,,
44022650,,,,,2.0,97.0,55.0,A,,4.0,1.0,,64.0,,412713.0,,,1.0,,
44022682,,,,,2.0,103.0,56.0,A,,2.0,1.0,,51.0,,412713.0,,,1.0,,
44022712,,,,,2.0,63.0,62.0,A,,4.0,1.0,,65.0,,412713.0,,,1.0,,
44022727,,,,,2.0,63.0,62.0,A,,4.0,1.0,,65.0,,412713.0,,,1.0,,
44023011,,,,,2.0,6.0,3.0,A,,2.0,1.0,,3.0,,412713.0,,,1.0,,
55269673,,,,,2.0,97.0,1062.0,A,,2.0,1.0,,106.0,,412713.0,,,1.0,,
55269695,,,,,2.0,97.0,1062.0,A,,2.0,1.0,,106.0,,412713.0,,,1.0,,
55269724,,,,,2.0,97.0,1062.0,A,,2.0,1.0,,106.0,,412713.0,,,1.0,,
55269749,,,,,2.0,63.0,1262.0,A,,2.0,1.0,,709.0,,412713.0,,,1.0,,
54757869,,,,,2.0,10.0,10.0,A,,2.0,1.0,,9.0,,412713.0,,,1.0,,
54758005,,,,,2.0,10.0,10.0,A,,2.0,1.0,282159.0,9.0,,412713.0,,,1.0,,
54758039,,,,,2.0,104.0,53.0,A,,2.0,1.0,,49.0,,412703.0,,,1.0,,
54758087,,,,,,,,,,,,,,,,,,,,
54758155,,,,,2.0,104.0,53.0,A,,2.0,1.0,,49.0,,412713.0,,,1.0,,
54758235,,,,,2.0,104.0,53.0,A,,2.0,1.0,,49.0,,412713.0,,,1.0,,
54758281,,,,,2.0,104.0,53.0,A,,2.0,1.0,,49.0,,412702.0,,,1.0,,
54758315,,,,,2.0,77.0,1256.0,A,,2.0,1.0,,702.0,,412713.0,,,1.0,,
66071033,,,,,2.0,456.0,1307.0,A,,2.0,1.0,,754.0,,412713.0,,,1.0,,
54757828,,,,,2.0,63.0,1262.0,A,,2.0,1.0,,709.0,,412713.0,,,1.0,,
60104110,,,,,2.0,63.0,1263.0,A,,2.0,1.0,,710.0,,412713.0,,,1.0,,
60105170,,,,,2.0,63.0,1083.0,A,,2.0,1.0,,387.0,,412713.0,,,1.0,,
60105431,,,,,2.0,452.0,1290.0,A,,2.0,1.0,,736.0,,412713.0,,,1.0,,
60105698,,,,,2.0,63.0,1263.0,A,,2.0,1.0,,710.0,,412713.0,,,1.0,,
65351635,,,,,2.0,10.0,10.0,A,,2.0,1.0,,9.0,,412713.0,,,1.0,,
65351656,,,,,2.0,10.0,10.0,A,,2.0,1.0,,9.0,,412713.0,,,1.0,,
65351675,,,,,2.0,10.0,10.0,A,,2.0,1.0,,9.0,,412713.0,,,1.0,,
65351701,,,,,2.0,10.0,10.0,A,,2.0,1.0,,9.0,,412713.0,,,1.0,,
65351718,,,,,2.0,451.0,1288.0,A,,2.0,1.0,,735.0,,412713.0,,,1.0,,
65351733,,,,,2.0,456.0,1307.0,A,,2.0,1.0,,754.0,,412713.0,,,1.0,,
65351749,,,,,2.0,456.0,1307.0,A,,2.0,1.0,,754.0,,412713.0,,,1.0,,
65351766,,,,,2.0,103.0,38.0,A,,2.0,1.0,,34.0,,412713.0,,,1.0,,
65351853,,,,,2.0,60.0,1210.0,A,,2.0,1.0,,656.0,,412713.0,,,1.0,,
65351888,,,,,2.0,77.0,1207.0,A,,2.0,1.0,,653.0,,412713.0,,,1.0,,
65351904,,,,,2.0,104.0,53.0,A,,2.0,1.0,,49.0,,412713.0,,,1.0,,
65351915,,,,,,,,,,,,,,,,,,,,
65351930,,,,,2.0,97.0,1062.0,A,,2.0,1.0,,106.0,,412713.0,,,1.0,,
65351946,,,,,2.0,104.0,53.0,A,,2.0,1.0,,49.0,,412713.0,,,1.0,,
65351969,,,,,2.0,97.0,1062.0,A,,2.0,1.0,,106.0,,412713.0,,,1.0,,
69917365,,,,,2.0,15.0,1205.0,A,,4.0,1.0,100000.0,508.0,,412713.0,,,1.0,,
75455654,,,,,,,,,,,,,,,,,,,,
75455883,,,,,,,,,,,,,,,,,,,,
75456664,,,,,,,,,,,,,,,,,,,,
75457082,,,,,,,,,,,,,,,,,,,,
75457545,,,,,,,,,,,,,,,,,,,,
75457755,,,,,,,,,,,,,,,,,,,,
75458221,,,,,,,,,,,,,,,,,,,,
75459045,,,,,,,,,,,,,,,,,,,,
75459583,,,,,,,,,,,,,,,,,,,,
75459781,,,,,,,,,,,,,,,,,,,,
75459962,,,,,,,,,,,,,,,,,,,,
75460200,,,,,,,,,,,,,,,,,,,,
75460436,,,,,,,,,,,,,,,,,,,,
75460865,,,,,,,,,,,,,,,,,,,,
75464054,,,,,,,,,,,,,,,,,,,,
75464853,,,,,,,,,,,,,,,,,,,,
75465217,,,,,,,,,,,,,,,,,,,,
75465593,,,,,,,,,,,,,,,,,,,,
75465950,,,,,,,,,,,,,,,,,,,,
75466192,,,,,,,,,,,,,,,,,,,,
75466470,,,,,,,,,,,,,,,,,,,,
75466984,,,,,,,,,,,,,,,,,,,,
75467275,,,,,,,,,,,,,,,,,,,,
75468014,,,,,,,,,,,,,,,,,,,,
75477533,,,,,,,,,,,,,,,,,,,,
75478046,,,,,,,,,,,,,,,,,,,,
75479686,,,,,2.0,103.0,38.0,A,,2.0,1.0,20.0,34.0,,412713.0,,,1.0,,
75480282,,,,,,,,,,,,,,,,,,,,
75481573,,,,,,,,,,,,,,,,,,,,
75481911,,,,,,,,,,,,,,,,,,,,
75482162,,,,,,,,,,,,,,,,,,,,
75482461,,,,,,,,,,,,,,,,,,,,
75482874,,,,,,,,,,,,,,,,,,,,
75483319,,,,,,,,,,,,,,,,,,,,
75483839,,,,,,,,,,,,,,,,,,,,
75484220,,,,,,,,,,,,,,,,,,,,
75485640,,,,,,,,,,,,,,,,,,,,
75498477,,,,,,,,,,,,,,,,,,,,
75498778,,,,,,,,,,,,,,,,,,,,
75499054,,,,,,,,,,,,,,,,,,,,
75499474,,,,,,,,,,,,,,,,,,,,
75499654,,,,,,,,,,,,,,,,,,,,
75500758,,,,,,,,,,,,,,,,,,,,
75500916,,,,,,,,,,,,,,,,,,,,
75501174,,,,,,,,,,,,,,,,,,,,
76246310,,,,,,,,,,,,,,,,,,,,
76249972,,,,,,,,,,,,,,,,,,,,
76254032,,,,,,,,,,,,,,,,,,,,
76256920,,,,,,,,,,,,,,,,,,,,
76260456,,,,,,,,,,,,,,,,,,,,
76265677,,,,,,,,,,,,,,,,,,,,
76265678,,,,,,,,,,,,,,,,,,,,
76269640,,,,,,,,,,,,,,,,,,,,
76271453,,,,,,,,,,,,,,,,,,,,
76275634,,,,,,,,,,,,,,,,,,,,
76278387,,,,,,,,,,,,,,,,,,,,
76279734,,,,,,,,,,,,,,,,,,,,
76309784,,,,,,,,,,,,,,,,,,,,
76312410,,,,,,,,,,,,,,,,,,,,
76312901,,,,,,,,,,,,,,,,,,,,
76349337,,,,,,,,,,,,,,,,,,,,
76350783,,,,,,,,,,,,,,,,,,,,
76352865,,,,,,,,,,,,,,,,,,,,
76355165,,,,,,,,,,,,,,,,,,,,
76357037,,,,,,,,,,,,,,,,,,,,
76357950,,,,,,,,,,,,,,,,,,,,
76360273,,,,,,,,,,,,,,,,,,,,
76367258,,,,,,,,,,,,,,,,,,,,
76386694,,,,,,,,,,,,,,,,,,,,
76388028,,,,,,,,,,,,,,,,,,,,
76390362,,,,,,,,,,,,,,,,,,,,
76392812,,,,,,,,,,,,,,,,,,,,
76394478,,,,,,,,,,,,,,,,,,,,
76396583,,,,,,,,,,,,,,,,,,,,
76397637,,,,,,,,,,,,,,,,,,,,
76399540,,,,,,,,,,,,,,,,,,,,
76400809,,,,,,,,,,,,,,,,,,,,
76402246,,,,,,,,,,,,,,,,,,,,
76403386,,,,,,,,,,,,,,,,,,,,
76405064,,,,,,,,,,,,,,,,,,,,
76442140,,,,,,,,,,,,,,,,,,,,
76444742,,,,,,,,,,,,,,,,,,,,
76445378,,,,,,,,,,,,,,,,,,,,
76445724,,,,,,,,,,,,,,,,,,,,
76446110,,,,,,,,,,,,,,,,,,,,
76446182,,,,,,,,,,,,,,,,,,,,
76446553,,,,,,,,,,,,,,,,,,,,
76446803,,,,,,,,,,,,,,,,,,,,
76447032,,,,,,,,,,,,,,,,,,,,
76447396,,,,,,,,,,,,,,,,,,,,
76951751,,,,,2.0,103.0,38.0,A,,2.0,1.0,250000.0,34.0,,412703.0,,,1.0,,
77533068,,,,,,,,,,,,,,,,,,,,
77538462,,,,,,,,,,,,,,,,,,,,
77541948,,,,,,,,,,,,,,,,,,,,
77542787,,,,,,,,,,,,,,,,,,,,
77543860,,,,,,,,,,,,,,,,,,,,
77544569,,,,,,,,,,,,,,,,,,,,
77599524,,,,,,,,,,,,,,,,,,,,
77606380,,,,,,,,,,,,,,,,,,,,
77802669,,,,,,,,,,,,,,,,,,,,
77804793,,,,,,,,,,,,,,,,,,,,
77806083,,,,,,,,,,,,,,,,,,,,
77808155,,,,,,,,,,,,,,,,,,,,
77809831,,,,,,,,,,,,,,,,,,,,
77849903,,,,,,,,,,,,,,,,,,,,
77851902,,,,,,,,,,,,,,,,,,,,
77853223,,,,,,,,,,,,,,,,,,,,
77855017,,,,,,,,,,,,,,,,,,,,
77856121,,,,,,,,,,,,,,,,,,,,
77856823,,,,,,,,,,,,,,,,,,,,
77857919,,,,,,,,,,,,,,,,,,,,
77859955,4.0,64.0,2.0,1.0,,,,,,,,,,,,,,,,
77866939,10.0,452.0,2.0,1.0,,,,,,,,,,,,,,,,
77867474,10.0,452.0,2.0,1.0,,,,,,,,,,,,,,,,
77869836,10.0,452.0,2.0,1.0,,,,,,,,,,,,,,,,
77870203,10.0,452.0,2.0,1.0,,,,,,,,,,,,,,,,
77870536,10.0,452.0,2.0,1.0,,,,,,,,,,,,,,,,
77873480,10.0,452.0,2.0,1.0,,,,,,,,,,,,,,,,
77874134,,,,,2.0,4.0,1026.0,A,,4.0,1.0,1000000.0,80.0,,412703.0,,,1.0,,
77874426,,,,,2.0,103.0,1259.0,A,,2.0,1.0,1000000.0,706.0,,412713.0,,,1.0,,
77874805,,,,,2.0,97.0,55.0,A,,4.0,1.0,6417500.0,64.0,,412713.0,,,1.0,,
77874957,103.0,56.0,2.0,1.0,,,,,,,,,,,,,,,,
77875062,103.0,56.0,2.0,1.0,,,,,,,,,,,,,,,,
77937011,,,,,2.0,457.0,1330.0,A,,2.0,1.0,1000000.0,777.0,,412713.0,,,1.0,,
77941953,,,,,,,,,,,,,,,,,,,,
77946183,,,,,2.0,15.0,1068.0,A,,4.0,1.0,500000.0,371.0,,412713.0,,,1.0,,
77948356,,,,,2.0,15.0,1068.0,A,,4.0,1.0,500000.0,371.0,,412713.0,,,1.0,,
77951074,,,,,2.0,15.0,1068.0,A,,4.0,1.0,500000.0,371.0,,412713.0,,,1.0,,
77953022,,,,,2.0,15.0,1068.0,A,,4.0,1.0,500000.0,371.0,,412713.0,,,1.0,,
77955714,,,,,2.0,15.0,1068.0,A,,4.0,1.0,500000.0,371.0,,412713.0,,,1.0,,
77958266,,,,,2.0,15.0,1068.0,A,,4.0,1.0,500000.0,371.0,,412703.0,,,1.0,,
77960312,,,,,2.0,15.0,1068.0,A,,4.0,1.0,500000.0,371.0,,412703.0,,,1.0,,
77966817,,,,,2.0,4.0,64.0,A,,2.0,1.0,1000000.0,58.0,,412713.0,,,1.0,,
77968913,,,,,2.0,4.0,64.0,A,,2.0,1.0,1000000.0,58.0,,412703.0,,,1.0,,
77972658,,,,,2.0,4.0,64.0,A,,2.0,1.0,1000000.0,58.0,,412703.0,,,1.0,,
77987006,,,,,2.0,15.0,1068.0,A,,4.0,1.0,1000000.0,371.0,,412713.0,,,1.0,,
77991425,457.0,1313.0,2.0,1.0,,,,,,,,,,,,,,,,
77999024,457.0,1313.0,2.0,1.0,,,,,,,,,,,,,,,,
78003217,457.0,1330.0,2.0,1.0,,,,,,,,,,,,,,,,
78007531,457.0,1330.0,2.0,1.0,,,,,,,,,,,,,,,,
78010014,457.0,1330.0,2.0,1.0,,,,,,,,,,,,,,,,
78012373,457.0,1330.0,2.0,1.0,,,,,,,,,,,,,,,,
78014585,457.0,1330.0,2.0,1.0,,,,,,,,,,,,,,,,
78017233,457.0,1330.0,2.0,1.0,,,,,,,,,,,,,,,,
78027779,,,,,2.0,457.0,1330.0,A,,2.0,1.0,1000000.0,777.0,,412713.0,,,1.0,,
78030342,,,,,2.0,457.0,1330.0,A,,2.0,1.0,1000000.0,777.0,,412713.0,,,1.0,,
78035379,,,,,2.0,457.0,1330.0,A,,2.0,1.0,1000000.0,777.0,,412713.0,,,1.0,,
78093417,,,,,2.0,457.0,1330.0,A,,2.0,1.0,1000000.0,777.0,,412713.0,,,1.0,,
78096874,,,,,2.0,457.0,1330.0,A,,2.0,1.0,1000000.0,777.0,,412713.0,,,1.0,,
78099308,,,,,2.0,457.0,1330.0,A,,2.0,1.0,1000000.0,777.0,,412713.0,,,1.0,,
78110710,,,,,2.0,457.0,1330.0,A,,2.0,1.0,1000000.0,777.0,,412713.0,,,1.0,,
78113514,,,,,2.0,457.0,1330.0,A,,2.0,1.0,1000000.0,777.0,,412713.0,,,1.0,,
78116863,,,,,2.0,457.0,1330.0,A,,2.0,1.0,1000000.0,777.0,,412713.0,,,1.0,,
78118895,,,,,2.0,457.0,1330.0,A,,2.0,1.0,1000000.0,777.0,,412713.0,,,1.0,,
78124130,,,,,2.0,77.0,1199.0,A,,2.0,1.0,500000.0,651.0,,412713.0,,,1.0,,
78127429,,,,,2.0,77.0,1199.0,A,,2.0,1.0,500000.0,651.0,,412713.0,,,1.0,,
78129623,,,,,2.0,77.0,1199.0,A,,2.0,1.0,500000.0,651.0,,412713.0,,,1.0,,
78133461,,,,,2.0,77.0,1199.0,A,,2.0,1.0,500000.0,651.0,,412703.0,,,1.0,,
78135995,,,,,2.0,77.0,1199.0,A,,2.0,1.0,500000.0,651.0,,412703.0,,,1.0,,
78140088,,,,,2.0,77.0,1199.0,A,,2.0,1.0,500000.0,651.0,,412703.0,,,1.0,,
78143397,,,,,2.0,77.0,1199.0,A,,2.0,1.0,500000.0,651.0,,412713.0,,,1.0,,
78185665,,,,,2.0,104.0,53.0,A,,2.0,1.0,100000.0,49.0,,412713.0,,,1.0,,
78188056,,,,,2.0,97.0,55.0,A,,4.0,1.0,1000000.0,64.0,,412703.0,,,1.0,,
78236260,,,,,1.0,463.0,1350.0,A,,2.0,1.0,60000.0,797.0,,412713.0,,,1.0,,
78237167,,,,,2.0,103.0,1242.0,A,,2.0,1.0,100000.0,688.0,,412713.0,,,1.0,,
78237594,,,,,2.0,103.0,38.0,A,,2.0,1.0,100000.0,34.0,,412703.0,,,1.0,,
78238037,,,,,2.0,103.0,1242.0,A,,2.0,1.0,100000.0,688.0,,412703.0,,,1.0,,
78238533,,,,,,,,,,,,,,,,,,,,
78238853,,,,,,,,,,,,,,,,,,,,
78239485,103.0,38.0,2.0,1.0,,,,,,,,,,,,,,,,
78239975,103.0,1242.0,2.0,1.0,,,,,,,,,,,,,,,,
78240704,,,,,,,,,,,,,,,,,,,,
78241345,,,,,,,,,,,,,,,,,,,,
78461519,,,,,,,,,,,,,,,,,,,,
78462009,,,,,,,,,,,,,,,,,,,,
78462492,,,,,,,,,,,,,,,,,,,,
78470758,,,,,,,,,,,,,,,,,,,,
78470983,,,,,,,,,,,,,,,,,,,,
78471252,,,,,,,,,,,,,,,,,,,,
78472057,,,,,,,,,,,,,,,,,,,,
78472355,,,,,,,,,,,,,,,,,,,,
78473174,,,,,,,,,,,,,,,,,,,,
78473315,,,,,,,,,,,,,,,,,,,,
78473567,,,,,,,,,,,,,,,,,,,,
78473759,,,,,,,,,,,,,,,,,,,,
78474059,,,,,,,,,,,,,,,,,,,,
78474222,,,,,,,,,,,,,,,,,,,,
78474456,,,,,,,,,,,,,,,,,,,,
69830257,,,,,2.0,462.0,1353.0,A,,2.0,1.0,70000.0,800.0,,412713.0,,,1.0,,
69830937,,,,,2.0,462.0,1353.0,A,,2.0,1.0,70000.0,800.0,,412713.0,,,1.0,,
69832252,462.0,1353.0,2.0,1.0,2.0,462.0,1353.0,A,,2.0,1.0,50000.0,,,412713.0,,,1.0,,
69833121,462.0,1353.0,2.0,1.0,2.0,462.0,1353.0,A,,2.0,1.0,70000.0,,,412713.0,,,1.0,,
69837279,462.0,1362.0,2.0,1.0,2.0,462.0,1362.0,A,,2.0,1.0,50000.0,,,412713.0,,,1.0,,
69839770,462.0,1362.0,2.0,1.0,2.0,462.0,1362.0,A,,2.0,1.0,50000.0,,,412703.0,,,1.0,,
69842037,10.0,1156.0,4.0,1.0,2.0,10.0,1156.0,A,,4.0,1.0,127279.0,,,412702.0,,,1.0,,
69843001,,,,,,,,,,,,,,,,,,,,
69844072,,,,,2.0,454.0,1301.0,A,,2.0,1.0,75000.0,748.0,,412713.0,,,1.0,,
69844889,,,,,2.0,454.0,1301.0,A,,2.0,1.0,75000.0,748.0,,412713.0,,,1.0,,
69853407,,,,,2.0,456.0,1341.0,A,,2.0,1.0,100000.0,787.0,,412713.0,,,1.0,,
69854522,,,,,2.0,456.0,1341.0,A,,2.0,1.0,200000.0,787.0,,412713.0,,,1.0,,
69860405,,,,,2.0,456.0,1341.0,A,,2.0,1.0,135279.0,787.0,,412713.0,,,1.0,,
69898097,104.0,53.0,2.0,1.0,2.0,104.0,53.0,A,,2.0,1.0,200000.0,,,412703.0,,,1.0,,
69908746,,,,,2.0,77.0,1256.0,A,,2.0,1.0,12000.0,702.0,,412713.0,,,1.0,,
69910003,,,,,2.0,77.0,1256.0,A,,2.0,1.0,73279.0,702.0,,412713.0,,,1.0,,
78438619,462.0,1345.0,2.0,1.0,2.0,462.0,1345.0,A,,2.0,1.0,50000.0,,,412713.0,,,1.0,,
78447588,,,,,2.0,104.0,53.0,A,,2.0,1.0,195093.0,49.0,,412702.0,,,1.0,,
78448665,,,,,2.0,97.0,1062.0,A,,2.0,1.0,200000.0,106.0,,412703.0,,,1.0,,
78449148,,,,,2.0,77.0,1380.0,A,,2.0,1.0,150000.0,826.0,,412703.0,,,1.0,,
78450132,,,,,2.0,104.0,53.0,A,,2.0,1.0,161085.0,49.0,,412713.0,,,1.0,,
78453646,77.0,37.0,2.0,1.0,2.0,77.0,37.0,A,,2.0,1.0,100000.0,,,412713.0,,,1.0,,
78465024,104.0,53.0,2.0,1.0,2.0,104.0,53.0,A,,2.0,1.0,300000.0,,,412713.0,,,1.0,,
78466235,,,,,2.0,77.0,1380.0,A,,2.0,1.0,100000.0,826.0,,412713.0,,,1.0,,
78466559,104.0,53.0,2.0,1.0,2.0,104.0,53.0,A,,2.0,1.0,103695.0,,,412713.0,,,1.0,,
93755372,,,,,,,,,,,,,,,,,,,,
99155011,,,,,,,,,,,,,,,,,,,,
99155810,,,,,,,,,,,,,,,,,,,,
99157465,,,,,,,,,,,,,,,,,,,,
99158943,,,,,,,,,,,,,,,,,,,,
99161856,,,,,,,,,,,,,,,,,,,,
99163899,,,,,,,,,,,,,,,,,,,,
99174669,,,,,,,,,,,,,,,,,,,,
99176129,,,,,,,,,,,,,,,,,,,,
99176677,,,,,2.0,77.0,1225.0,A,,2.0,1.0,1000.0,671.0,,412703.0,,,1.0,,
99177337,,,,,2.0,6.0,3.0,A,,2.0,1.0,100.0,3.0,,412703.0,,,1.0,,
99210566,,,,,,,,,,,,,,,,,,,,
99213378,,,,,,,,,,,,,,,,,,,,
99213748,,,,,,,,,,,,,,,,,,,,
99213936,,,,,,,,,,,,,,,,,,,,
99214200,,,,,,,,,,,,,,,,,,,,
99214600,,,,,,,,,,,,,,,,,,,,
99359239,,,,,,,,,,,,,,,,,,,,
100270945,,,,,,,,,,,,,,,,,,,,
100578945,,,,,,,,,,,,,,,,,,,,
101974284,,,,,,,,,,,,,,,,,,,,
101975873,,,,,,,,,,,,,,,,,,,,
101983020,,,,,,,,,,,,,,,,,,,,
101984720,,,,,,,,,,,,,,,,,,,,
101986224,,,,,,,,,,,,,,,,,,,,
101987325,,,,,,,,,,,,,,,,,,,,
101989485,,,,,,,,,,,,,,,,,,,,
102901334,,,,,,,,,,,,,,,,,,,,
102902663,,,,,,,,,,,,,,,,,,,,
102904540,,,,,,,,,,,,,,,,,,,,
102905636,,,,,,,,,,,,,,,,,,,,
102907510,,,,,,,,,,,,,,,,,,,,
102908497,,,,,,,,,,,,,,,,,,,,
102911235,,,,,,,,,,,,,,,,,,,,
102912027,,,,,,,,,,,,,,,,,,,,
102914365,,,,,,,,,,,,,,,,,,,,
102915382,,,,,,,,,,,,,,,,,,,,
102917669,,,,,,,,,,,,,,,,,,,,
102918916,,,,,,,,,,,,,,,,,,,,
102922165,,,,,,,,,,,,,,,,,,,,
102923192,,,,,,,,,,,,,,,,,,,,
102934146,,,,,,,,,,,,,,,,,,,,
102937022,,,,,,,,,,,,,,,,,,,,
102939652,77.0,1223.0,2.0,1.0,,,,,,,,,,,,,,,,
102941112,,,,,,,,,,,,,,,,,,,,
102946547,,,,,,,,,,,,,,,,,,,,
102948831,,,,,,,,,,,,,,,,,,,,
102950612,,,,,,,,,,,,,,,,,,,,
102951470,,,,,,,,,,,,,,,,,,,,
102952219,,,,,,,,,,,,,,,,,,,,
102952895,,,,,,,,,,,,,,,,,,,,
102953287,,,,,,,,,,,,,,,,,,,,
102953818,,,,,,,,,,,,,,,,,,,,
102954516,,,,,,,,,,,,,,,,,,,,
102954584,,,,,,,,,,,,,,,,,,,,
102955377,,,,,,,,,,,,,,,,,,,,
102955420,,,,,,,,,,,,,,,,,,,,
102956295,,,,,,,,,,,,,,,,,,,,
102956362,,,,,,,,,,,,,,,,,,,,
102956984,,,,,,,,,,,,,,,,,,,,
102957778,,,,,,,,,,,,,,,,,,,,
102957978,,,,,,,,,,,,,,,,,,,,
102959720,,,,,,,,,,,,,,,,,,,,
102960058,,,,,,,,,,,,,,,,,,,,
102960957,,,,,,,,,,,,,,,,,,,,
102961200,,,,,,,,,,,,,,,,,,,,
102962039,,,,,,,,,,,,,,,,,,,,
102962586,,,,,,,,,,,,,,,,,,,,
102962692,,,,,,,,,,,,,,,,,,,,
102962976,,,,,,,,,,,,,,,,,,,,
102963556,,,,,,,,,,,,,,,,,,,,
102963875,,,,,,,,,,,,,,,,,,,,
102964069,,,,,,,,,,,,,,,,,,,,
102964663,,,,,,,,,,,,,,,,,,,,
102965535,,,,,,,,,,,,,,,,,,,,
102965694,,,,,,,,,,,,,,,,,,,,
102966312,,,,,,,,,,,,,,,,,,,,
102966603,,,,,,,,,,,,,,,,,,,,
102973194,,,,,,,,,,,,,,,,,,,,
102973670,,,,,,,,,,,,,,,,,,,,
102974240,,,,,,,,,,,,,,,,,,,,
102974591,,,,,,,,,,,,,,,,,,,,
102975631,,,,,,,,,,,,,,,,,,,,
102976601,,,,,,,,,,,,,,,,,,,,
99362422,,,,,2.0,454.0,1300.0,A,,2.0,1.0,140000.0,747.0,,412713.0,,,1.0,,
99363994,456.0,1329.0,2.0,1.0,2.0,456.0,1329.0,A,,2.0,1.0,100118.0,,,412703.0,,,1.0,,
99364748,,,,,1.0,455.0,1286.0,A,,2.0,1.0,190000.0,733.0,,412713.0,,,1.0,,
99365782,,,,,2.0,457.0,1330.0,A,,2.0,1.0,100000.0,777.0,,412713.0,,,1.0,,
99368323,,,,,2.0,457.0,1330.0,A,,2.0,1.0,30000.0,777.0,,412713.0,,,1.0,,
99368969,,,,,,,,,,,,,,,,,,,,
99369729,462.0,1345.0,2.0,1.0,2.0,462.0,1345.0,A,,2.0,1.0,63000.0,,,412713.0,,,1.0,,
99370405,,,,,2.0,462.0,1360.0,A,,2.0,1.0,40000.0,807.0,,412713.0,,,1.0,,
99481915,,,,,2.0,10.0,26.0,A,,2.0,1.0,70000.0,23.0,,412713.0,,,1.0,,
100074736,,,,,2.0,104.0,53.0,A,,2.0,1.0,200000.0,49.0,,412702.0,,,1.0,,
100076092,,,,,2.0,77.0,1202.0,A,,2.0,1.0,150000.0,505.0,,412713.0,,,1.0,,
100077382,,,,,2.0,77.0,1380.0,A,,2.0,1.0,100000.0,826.0,,412713.0,,,1.0,,
100203720,,,,,2.0,77.0,1380.0,A,,2.0,1.0,76824.0,826.0,,412713.0,,,1.0,,
100205302,,,,,2.0,77.0,1380.0,A,,2.0,1.0,100000.0,826.0,,412713.0,,,1.0,,
100210171,,,,,2.0,457.0,1330.0,A,,2.0,1.0,100000.0,777.0,,412703.0,,,1.0,,
100211323,,,,,2.0,10.0,1344.0,A,,2.0,1.0,100000.0,790.0,,412713.0,,,1.0,,
100213678,,,,,2.0,104.0,53.0,A,,2.0,1.0,100000.0,49.0,,412713.0,,,1.0,,
100215007,,,,,2.0,97.0,55.0,A,,4.0,1.0,114780.0,64.0,,412713.0,,,1.0,,
100217369,,,,,2.0,77.0,1380.0,A,,2.0,1.0,100000.0,826.0,,412713.0,,,1.0,,
100219381,,,,,2.0,77.0,1202.0,A,,2.0,1.0,200000.0,54.0,,412713.0,,,1.0,,
100219982,,,,,2.0,77.0,1202.0,A,,2.0,1.0,150000.0,505.0,,412703.0,,,1.0,,
100220623,77.0,1207.0,2.0,1.0,2.0,77.0,1207.0,A,,2.0,1.0,150000.0,,,412713.0,,,1.0,,
101370275,,,,,2.0,462.0,1352.0,A,,2.0,1.0,67118.0,799.0,,412703.0,,,1.0,,
102979154,462.0,1345.0,2.0,1.0,2.0,462.0,1345.0,A,,2.0,1.0,330000.0,,,412713.0,,,1.0,,
102979344,462.0,1345.0,2.0,1.0,2.0,462.0,1345.0,A,,2.0,1.0,50000.0,,,412713.0,,,1.0,,
117195358,,,,,,,,,,,,,,,,,,,,
117198273,,,,,,,,,,,,,,,,,,,,
117912265,,,,,,,,,,,,,,,,,,,,
117937620,,,,,,,,,,,,,,,,,,,,
117937776,,,,,,,,,,,,,,,,,,,,
117937947,,,,,,,,,,,,,,,,,,,,
117938076,,,,,,,,,,,,,,,,,,,,
117938621,,,,,,,,,,,,,,,,,,,,
117938749,,,,,,,,,,,,,,,,,,,,
117938912,,,,,,,,,,,,,,,,,,,,
117955592,,,,,,,,,,,,,,,,,,,,
117956113,,,,,,,,,,,,,,,,,,,,
117956711,,,,,,,,,,,,,,,,,,,,
118260858,,,,,1.0,301.0,1121.0,A,,2.0,1.0,20000.0,424.0,,412713.0,,,1.0,,
118261432,,,,,,,,,,,,,,,,,,,,
118261876,,,,,,,,,,,,,,,,,,,,
118263098,,,,,,,,,,,,,,,,,,,,
118264260,,,,,,,,,,,,,,,,,,,,
118266419,,,,,,,,,,,,,,,,,,,,
121002351,,,,,,,,,,,,,,,,,,,,
121716756,,,,,2.0,10.0,1344.0,A,,2.0,1.0,1000000.0,790.0,,412713.0,,,1.0,,
121716820,,,,,2.0,10.0,1344.0,A,,2.0,1.0,1000000.0,790.0,,412703.0,,,1.0,,
121716938,,,,,2.0,10.0,1344.0,A,,2.0,1.0,1000000.0,790.0,,412713.0,,,1.0,,
121717064,,,,,2.0,10.0,1344.0,A,,2.0,1.0,1000000.0,790.0,,412713.0,,,1.0,,
121717135,,,,,2.0,10.0,1344.0,A,,2.0,1.0,1000000.0,790.0,,412703.0,,,1.0,,
121735557,,,,,,,,,,,,,,,,,,,,
121735611,,,,,,,,,,,,,,,,,,,,
121735656,,,,,,,,,,,,,,,,,,,,
121735759,,,,,,,,,,,,,,,,,,,,
121735811,,,,,,,,,,,,,,,,,,,,
121735869,,,,,,,,,,,,,,,,,,,,
121795376,,,,,,,,,,,,,,,,,,,,
121795556,,,,,,,,,,,,,,,,,,,,
121832603,,,,,2.0,460.0,1326.0,A,,2.0,1.0,3500.0,773.0,,412713.0,,,1.0,,
121833242,,,,,2.0,460.0,1326.0,A,,2.0,1.0,3500.0,773.0,,412713.0,,,1.0,,
121840430,,,,,,,,,,,,,,,,,,,,
121853026,,,,,2.0,77.0,1272.0,A,,2.0,1.0,121000.0,719.0,,412713.0,,,1.0,,
121853501,,,,,2.0,77.0,1272.0,A,,2.0,1.0,121000.0,719.0,,412713.0,,,1.0,,
121853879,,,,,2.0,77.0,1272.0,A,,2.0,1.0,121000.0,719.0,,412713.0,,,1.0,,
121854237,,,,,2.0,77.0,1272.0,A,,2.0,1.0,121000.0,719.0,,412713.0,,,1.0,,
121854553,,,,,2.0,77.0,1272.0,A,,2.0,1.0,121000.0,719.0,,412713.0,,,1.0,,
121854886,,,,,2.0,77.0,1272.0,A,,2.0,1.0,121000.0,719.0,,412713.0,,,1.0,,
121855171,,,,,2.0,77.0,1272.0,A,,2.0,1.0,121000.0,719.0,,412713.0,,,1.0,,
121855418,,,,,2.0,77.0,1272.0,A,,2.0,1.0,121000.0,719.0,,412713.0,,,1.0,,
121855745,,,,,2.0,77.0,1272.0,A,,2.0,1.0,121000.0,719.0,,412703.0,,,1.0,,
121856684,,,,,2.0,77.0,1272.0,A,,2.0,1.0,121000.0,719.0,,412703.0,,,1.0,,
121857281,,,,,2.0,77.0,1272.0,A,,2.0,1.0,121000.0,719.0,,412713.0,,,1.0,,
121858452,,,,,,,,,,,,,,,,,,,,
121859055,,,,,,,,,,,,,,,,,,,,
121859474,,,,,,,,,,,,,,,,,,,,
121860035,,,,,,,,,,,,,,,,,,,,
121860368,,,,,,,,,,,,,,,,,,,,
121860636,,,,,,,,,,,,,,,,,,,,
121861019,,,,,,,,,,,,,,,,,,,,
121861321,,,,,,,,,,,,,,,,,,,,
121862458,,,,,,,,,,,,,,,,,,,,
121862978,,,,,,,,,,,,,,,,,,,,
121863193,,,,,,,,,,,,,,,,,,,,
121863572,,,,,,,,,,,,,,,,,,,,
121863815,,,,,,,,,,,,,,,,,,,,
121864177,,,,,,,,,,,,,,,,,,,,
121864565,,,,,,,,,,,,,,,,,,,,
121864839,,,,,,,,,,,,,,,,,,,,
121865092,,,,,,,,,,,,,,,,,,,,
121865338,,,,,,,,,,,,,,,,,,,,
121865539,,,,,,,,,,,,,,,,,,,,
121865974,,,,,,,,,,,,,,,,,,,,
121867330,,,,,,,,,,,,,,,,,,,,
121867457,,,,,,,,,,,,,,,,,,,,
121872527,,,,,,,,,,,,,,,,,,,,
121872728,,,,,,,,,,,,,,,,,,,,
121873610,,,,,,,,,,,,,,,,,,,,
121873702,,,,,,,,,,,,,,,,,,,,
121873772,,,,,,,,,,,,,,,,,,,,
121873853,,,,,,,,,,,,,,,,,,,,
121873939,,,,,,,,,,,,,,,,,,,,
121874054,,,,,,,,,,,,,,,,,,,,
121874150,,,,,,,,,,,,,,,,,,,,
121894095,,,,,,,,,,,,,,,,,,,,
121894196,,,,,,,,,,,,,,,,,,,,
121894269,,,,,,,,,,,,,,,,,,,,
121894320,,,,,,,,,,,,,,,,,,,,
121894479,,,,,,,,,,,,,,,,,,,,
121894584,,,,,,,,,,,,,,,,,,,,
121894633,,,,,,,,,,,,,,,,,,,,
121894721,,,,,,,,,,,,,,,,,,,,
121894785,,,,,,,,,,,,,,,,,,,,
121894830,,,,,,,,,,,,,,,,,,,,
121894879,,,,,,,,,,,,,,,,,,,,
121894930,,,,,,,,,,,,,,,,,,,,
121894987,,,,,,,,,,,,,,,,,,,,
121895037,,,,,,,,,,,,,,,,,,,,
121895255,,,,,,,,,,,,,,,,,,,,
121895322,,,,,,,,,,,,,,,,,,,,
121895379,,,,,,,,,,,,,,,,,,,,
121895473,,,,,,,,,,,,,,,,,,,,
121895729,,,,,,,,,,,,,,,,,,,,
121895828,,,,,,,,,,,,,,,,,,,,
121895898,,,,,,,,,,,,,,,,,,,,
121895964,,,,,,,,,,,,,,,,,,,,
121902909,,,,,,,,,,,,,,,,,,,,
121903284,,,,,,,,,,,,,,,,,,,,
121903494,,,,,,,,,,,,,,,,,,,,
121903724,,,,,,,,,,,,,,,,,,,,
121903835,,,,,,,,,,,,,,,,,,,,
121903916,,,,,,,,,,,,,,,,,,,,
121904045,,,,,,,,,,,,,,,,,,,,
121905224,,,,,,,,,,,,,,,,,,,,
121946298,,,,,2.0,15.0,1258.0,A,,4.0,500.0,2000.0,705.0,,412713.0,,,1.0,,
121947098,,,,,2.0,15.0,1258.0,A,,4.0,500.0,2000.0,705.0,,412713.0,,,1.0,,
121947173,,,,,2.0,15.0,1258.0,A,,4.0,500.0,2000.0,705.0,,412703.0,,,1.0,,
121948170,,,,,1.0,41.0,1102.0,A,,2.0,1.0,40000.0,406.0,,412713.0,,,1.0,,
121948566,,,,,,,,,,,,,,,,,,,,
121948664,,,,,,,,,,,,,,,,,,,,
121948738,,,,,,,,,,,,,,,,,,,,
121948823,,,,,,,,,,,,,,,,,,,,
121949112,,,,,,,,,,,,,,,,,,,,
121949287,,,,,,,,,,,,,,,,,,,,
121949627,,,,,,,,,,,,,,,,,,,,
127434229,,,,,2.0,456.0,1307.0,A,,2.0,1.0,30000.0,754.0,,412713.0,,,1.0,,
113468094,462.0,1345.0,2.0,1.0,2.0,462.0,1345.0,A,,2.0,1.0,39000.0,,,412713.0,,,1.0,,
121796675,,,,,1.0,463.0,1350.0,A,,2.0,1.0,35000.0,797.0,,412713.0,,,1.0,,
121796760,10.0,2.0,2.0,1.0,2.0,10.0,2.0,A,,2.0,1.0,30000.0,,,412713.0,,,1.0,,
121796822,462.0,1345.0,2.0,1.0,2.0,462.0,1345.0,A,,2.0,1.0,116118.0,,,412703.0,,,1.0,,
121796911,462.0,1345.0,2.0,1.0,2.0,462.0,1345.0,A,,2.0,1.0,400000.0,,,412713.0,,,1.0,,
121797055,,,,,1.0,455.0,1286.0,A,,2.0,1.0,510000.0,733.0,,412713.0,,,1.0,,
121797409,,,,,2.0,460.0,1326.0,A,,2.0,1.0,3500.0,773.0,,412703.0,,,1.0,,
121797522,,,,,2.0,460.0,1326.0,A,,2.0,1.0,3500.0,773.0,,412713.0,,,1.0,,
121797701,,,,,2.0,460.0,1326.0,A,,2.0,1.0,3500.0,773.0,,412713.0,,,1.0,,
121799777,451.0,1377.0,2.0,1.0,2.0,451.0,1377.0,A,,2.0,1.0,62618.0,,,412713.0,,,1.0,,
121836389,63.0,1265.0,2.0,1.0,2.0,63.0,1265.0,A,,2.0,1.0,50000.0,,,412713.0,,,1.0,,
121837616,63.0,63.0,2.0,1.0,2.0,63.0,63.0,A,,2.0,1.0,40000.0,,,412713.0,,,1.0,,
121838294,,,,,2.0,77.0,1202.0,A,,2.0,1.0,100000.0,505.0,,412713.0,,,1.0,,
121838664,,,,,2.0,104.0,47.0,A,,2.0,1.0,200000.0,43.0,,412713.0,,,1.0,,
121839463,77.0,37.0,2.0,1.0,2.0,77.0,37.0,A,,2.0,1.0,314780.0,,,412713.0,,,1.0,,
121839866,,,,,2.0,77.0,1199.0,A,,2.0,1.0,200000.0,651.0,,412713.0,,,1.0,,
121875120,,,,,2.0,77.0,1380.0,A,,2.0,1.0,144824.0,826.0,,412713.0,,,1.0,,
127434092,,,,,2.0,60.0,1208.0,A,,2.0,1.0,50000.0,654.0,,412713.0,,,1.0,,
127434152,,,,,1.0,41.0,1102.0,A,,2.0,1.0,12000.0,406.0,,412713.0,,,1.0,,
127434199,,,,,2.0,63.0,29.0,A,,2.0,1.0,150000.0,26.0,,412713.0,,,1.0,,
127434272,,,,,2.0,60.0,1211.0,A,,2.0,1.0,230000.0,657.0,,412713.0,,,1.0,,
127434382,,,,,2.0,97.0,55.0,A,,4.0,1.0,150000.0,64.0,,412713.0,,,1.0,,
121833970,,,,,2.0,77.0,1202.0,A,,2.0,1.0,150000.0,505.0,,412713.0,,,1.0,,
121835287,63.0,29.0,2.0,1.0,2.0,63.0,29.0,A,,2.0,1.0,150000.0,,,412703.0,,,1.0,,
121836854,60.0,1208.0,2.0,1.0,2.0,60.0,1208.0,A,,2.0,1.0,50000.0,,,412713.0,,,1.0,,
121837168,,,,,,,,,,,,,,,,,,,,
121870602,,,,,1.0,455.0,1287.0,A,,2.0,1.0,30000.0,734.0,,412713.0,,,1.0,,
121870790,,,,,1.0,41.0,1102.0,A,,2.0,1.0,230000.0,406.0,,412713.0,,,1.0,,
44227334,,,,,,,,,,,,,,,,,,,,
44227443,,1076.0,2.0,1.0,,,,,,,,,,,,,,,,
51917684,,8.0,2.0,2.0,,,,,,,,,,,,,,,,
51918379,,29.0,2.0,1.0,,,,,,,,,,,,,,,,
51918758,,1076.0,2.0,1.0,,,,,,,,,,,,,,,,
51918815,,1202.0,2.0,1.0,,,,,,,,,,,,,,,,
87228396,77.0,1076.0,2.0,1.0,,,,,,,,,,,,,,,,
87228973,77.0,40.0,2.0,1.0,,,,,,,,,,,,,,,,
87229467,77.0,1076.0,2.0,1.0,,,,,,,,,,,,,,,,
87229489,97.0,1057.0,2.0,1.0,,,,,,,,,,,,,,,,
87229528,,,,,2.0,451.0,1288.0,A,,2.0,1.0,347672.0,735.0,,412551.0,,,1.0,,
87229552,103.0,56.0,2.0,1.0,,,,,,,,,,,,,,,,
87229573,77.0,457.0,2.0,1.0,,,,,,,,,,,,,,,,
87229598,77.0,1078.0,2.0,1.0,,,,,,,,,,,,,,,,
44227218,63.0,1069.0,2.0,1.0,2.0,63.0,1069.0,A,,2.0,1.0,,,,412551.0,,,1.0,,
44227250,63.0,63.0,2.0,1.0,2.0,63.0,63.0,A,,2.0,1.0,,,,412551.0,,,1.0,,
44227259,63.0,1267.0,2.0,1.0,2.0,63.0,1267.0,A,,2.0,1.0,,,,412551.0,,,1.0,,
51917574,10.0,1237.0,2.0,5.0,2.0,10.0,1237.0,A,,2.0,5.0,,,,412551.0,,,5.0,,
51918217,63.0,28.0,2.0,2.0,2.0,63.0,28.0,A,,2.0,2.0,,,,412551.0,,,2.0,,
60561431,77.0,1202.0,2.0,1.0,2.0,77.0,1202.0,A,,2.0,1.0,,,,412551.0,,,1.0,,
60561586,15.0,1254.0,4.0,1.0,2.0,15.0,1254.0,A,,4.0,1.0,,,,412551.0,,,1.0,,
87228010,60.0,1208.0,2.0,1.0,2.0,60.0,1208.0,A,,2.0,1.0,150000.0,,,412551.0,,,1.0,,
87228076,15.0,458.0,4.0,5.0,2.0,15.0,458.0,A,,4.0,5.0,14000.0,,,412551.0,,,1.0,,
87228126,,,,,2.0,77.0,1227.0,A,,2.0,1.0,70000.0,673.0,,412551.0,,,1.0,,
87228170,60.0,1208.0,2.0,1.0,2.0,60.0,1208.0,A,,2.0,1.0,259326.0,,,412551.0,,,1.0,,
44227369,97.0,1161.0,2.0,1.0,2.0,97.0,1161.0,A,,2.0,1.0,,,,412551.0,,,1.0,,
44227382,97.0,1062.0,2.0,1.0,2.0,97.0,1062.0,A,,2.0,1.0,,,,412551.0,,,1.0,,
44227393,77.0,1076.0,2.0,1.0,2.0,77.0,1076.0,A,,2.0,1.0,,,,412551.0,,,1.0,,
44227460,,1087.0,2.0,1.0,,,,,,,,,,,,,,,,
56168863,,1202.0,2.0,1.0,,,,,,,,,,,,,,,,
56168905,454.0,1300.0,,1.0,,,,,,,,,,,,,,,,
56168999,,1202.0,2.0,2.0,,,,,,,,,,,,,,,,
56169020,,1202.0,2.0,1.0,,,,,,,,,,,,,,,,
56169058,,1202.0,2.0,1.0,,,,,,,,,,,,,,,,
56192383,,458.0,4.0,10.0,,,,,,,,,,,,,,,,
56192614,,1076.0,2.0,1.0,,,,,,,,,,,,,,,,
56192733,,1062.0,2.0,1.0,,,,,,,,,,,,,,,,
56192758,,1202.0,2.0,1.0,,,,,,,,,,,,,,,,
56192798,,1202.0,2.0,1.0,,,,,,,,,,,,,,,,
56192941,,55.0,4.0,10.0,,,,,,,,,,,,,,,,
56192966,,1202.0,2.0,1.0,,,,,,,,,,,,,,,,
56193006,104.0,53.0,2.0,1.0,,,,,,,,,,,,,,,,
56193842,,1202.0,2.0,1.0,,,,,,,,,,,,,,,,
56168852,77.0,1202.0,2.0,1.0,2.0,77.0,1202.0,A,,2.0,1.0,,,,412551.0,,,1.0,,
56168872,77.0,1202.0,2.0,1.0,2.0,77.0,1202.0,A,,2.0,1.0,,,,412551.0,,,1.0,,
56168881,63.0,63.0,2.0,1.0,2.0,63.0,63.0,A,,2.0,1.0,,,,412551.0,,,1.0,,
56168889,63.0,28.0,2.0,1.0,2.0,63.0,28.0,A,,2.0,1.0,,,,412551.0,,,1.0,,
56168929,63.0,62.0,4.0,1.0,2.0,63.0,62.0,A,,4.0,1.0,,,,412551.0,,,1.0,,
56168958,63.0,1083.0,2.0,1.0,2.0,63.0,1083.0,A,,2.0,1.0,,,,412551.0,,,1.0,,
56168982,77.0,1202.0,2.0,1.0,2.0,77.0,1202.0,A,,2.0,1.0,,,,412551.0,,,1.0,,
56169034,77.0,1202.0,2.0,1.0,2.0,77.0,1202.0,A,,2.0,1.0,,,,412551.0,,,1.0,,
56169082,77.0,1202.0,2.0,1.0,2.0,77.0,1202.0,A,,2.0,1.0,,,,412528.0,,,1.0,,
56192487,63.0,63.0,2.0,1.0,2.0,63.0,63.0,A,,2.0,1.0,,,,412551.0,,,1.0,,
56192687,77.0,1202.0,2.0,1.0,2.0,77.0,1202.0,A,,2.0,1.0,,,,412551.0,,,1.0,,
47855464,10.0,1237.0,2.0,10.0,2.0,10.0,1237.0,A,,2.0,10.0,,,,412551.0,,,10.0,,
47855486,63.0,1240.0,5.0,1.0,2.0,63.0,1240.0,A,,5.0,1.0,,,,412551.0,,,1.0,,
47855518,77.0,1076.0,2.0,1.0,2.0,77.0,1076.0,A,,2.0,1.0,,,,412551.0,,,1.0,,
47855539,77.0,1076.0,2.0,1.0,2.0,77.0,1076.0,A,,2.0,1.0,,,,412551.0,,,1.0,,
47855560,77.0,1076.0,2.0,1.0,2.0,77.0,1076.0,A,,2.0,1.0,,,,412551.0,,,1.0,,
66661938,,1237.0,2.0,2.0,,,,,,,,,,,,,,,,
66671038,,11.0,2.0,1.0,,,,,,,,,,,,,,,,
66671064,,452.0,2.0,1.0,,,,,,,,,,,,,,,,
66671085,,1235.0,2.0,1.0,,,,,,,,,,,,,,,,
66671332,457.0,1317.0,2.0,2.0,,,,,,,,,,,,,,,,
66671404,,62.0,4.0,10.0,,,,,,,,,,,,,,,,
66671599,,29.0,2.0,1.0,,,,,,,,,,,,,,,,
66671893,,1205.0,4.0,10.0,,,,,,,,,,,,,,,,
66671994,,1205.0,4.0,12.0,,,,,,,,,,,,,,,,
66727117,,1076.0,2.0,1.0,,,,,,,,,,,,,,,,
66671930,77.0,1380.0,2.0,1.0,2.0,77.0,1380.0,A,,2.0,1.0,200000.0,,,412502.0,,,1.0,,
66661960,462.0,1345.0,2.0,1.0,2.0,462.0,1345.0,A,,2.0,1.0,192000.0,,,412551.0,,,1.0,,
66671018,462.0,1345.0,2.0,1.0,2.0,462.0,1345.0,A,,2.0,1.0,450000.0,,,412551.0,,,1.0,,
66671294,457.0,1314.0,2.0,1.0,2.0,457.0,1314.0,A,,2.0,1.0,200000.0,,,412551.0,,,1.0,,
66671371,451.0,1288.0,2.0,1.0,2.0,451.0,1288.0,A,,2.0,1.0,240000.0,,,412551.0,,,1.0,,
66671436,451.0,1282.0,2.0,1.0,2.0,451.0,1282.0,A,,2.0,1.0,9367.0,,,412551.0,,,1.0,,
66671467,456.0,1307.0,2.0,1.0,2.0,456.0,1307.0,A,,2.0,1.0,250000.0,,,412551.0,,,1.0,,
66671541,,,,,,,,,,,,,,,,,,,,
66671573,63.0,29.0,2.0,1.0,2.0,63.0,29.0,A,,2.0,1.0,150000.0,,,412551.0,,,1.0,,
66671655,77.0,1380.0,2.0,1.0,2.0,77.0,1380.0,A,,2.0,1.0,150000.0,,,412529.0,,,1.0,,
66671698,97.0,1238.0,2.0,1.0,2.0,97.0,1238.0,A,,2.0,1.0,200000.0,,,412551.0,,,1.0,,
66671732,15.0,1254.0,4.0,12.0,2.0,15.0,1254.0,A,,4.0,12.0,25000.0,,,412551.0,,,1.0,,
66671755,63.0,62.0,4.0,20.0,2.0,63.0,62.0,A,,4.0,20.0,12500.0,,,412551.0,,,1.0,,
66671825,77.0,1076.0,2.0,1.0,2.0,77.0,1076.0,A,,2.0,1.0,50355.0,,,412551.0,,,1.0,,
66671957,15.0,1254.0,4.0,15.0,2.0,15.0,1254.0,A,,4.0,15.0,26667.0,,,412551.0,,,1.0,,
60384031,77.0,1202.0,2.0,1.0,,,,,,,,,,,,,,,,
60384136,454.0,1300.0,2.0,1.0,,,,,,,,,,,,,,,,
60384225,77.0,1202.0,2.0,1.0,,,,,,,,,,,,,,,,
60384335,77.0,1202.0,2.0,1.0,,,,,,,,,,,,,,,,
72620474,462.0,1345.0,2.0,1.0,,,,,,,,,,,,,,,,
72623470,462.0,1356.0,2.0,1.0,,,,,,,,,,,,,,,,
72625061,,,,,2.0,77.0,33.0,A,,2.0,1.0,200000.0,29.0,,412551.0,,,1.0,,
72626654,,,,,2.0,60.0,1275.0,A,,2.0,1.0,300000.0,722.0,,412551.0,,,1.0,,
75538997,,,,,,,,,,,,,,,,,,,,
75539909,,,,,,,,,,,,,,,,,,,,
75540398,,,,,,,,,,,,,,,,,,,,
75540508,,,,,,,,,,,,,,,,,,,,
75540628,,,,,,,,,,,,,,,,,,,,
75540809,,,,,,,,,,,,,,,,,,,,
75541099,,,,,,,,,,,,,,,,,,,,
75541359,,,,,,,,,,,,,,,,,,,,
75541521,,,,,,,,,,,,,,,,,,,,
77928599,,,,,,,,,,,,,,,,,,,,
77929244,,,,,,,,,,,,,,,,,,,,
77929909,,,,,,,,,,,,,,,,,,,,
77931538,,,,,,,,,,,,,,,,,,,,
77932823,,,,,,,,,,,,,,,,,,,,
77933356,,,,,,,,,,,,,,,,,,,,
77933897,,,,,,,,,,,,,,,,,,,,
77934648,,,,,,,,,,,,,,,,,,,,
77936044,,,,,,,,,,,,,,,,,,,,
77936736,,,,,,,,,,,,,,,,,,,,
77937364,,,,,,,,,,,,,,,,,,,,
77938089,,,,,,,,,,,,,,,,,,,,
77939023,,,,,,,,,,,,,,,,,,,,
77940125,,,,,,,,,,,,,,,,,,,,
77940664,,,,,,,,,,,,,,,,,,,,
77941251,,,,,,,,,,,,,,,,,,,,
77942316,,,,,,,,,,,,,,,,,,,,
77953591,,,,,,,,,,,,,,,,,,,,
77955190,,,,,,,,,,,,,,,,,,,,
77956327,,,,,,,,,,,,,,,,,,,,
77956990,,,,,,,,,,,,,,,,,,,,
77958003,,,,,,,,,,,,,,,,,,,,
77961317,,,,,,,,,,,,,,,,,,,,
77962503,,,,,,,,,,,,,,,,,,,,
77965072,,,,,,,,,,,,,,,,,,,,
77970595,,,,,,,,,,,,,,,,,,,,
77974443,,,,,,,,,,,,,,,,,,,,
77976560,,,,,,,,,,,,,,,,,,,,
77977813,,,,,,,,,,,,,,,,,,,,
77979337,,,,,,,,,,,,,,,,,,,,
77980358,,,,,,,,,,,,,,,,,,,,
77983111,,,,,,,,,,,,,,,,,,,,
77995411,,,,,,,,,,,,,,,,,,,,
77996580,,,,,,,,,,,,,,,,,,,,
78427806,,,,,,,,,,,,,,,,,,,,
78428707,,,,,,,,,,,,,,,,,,,,
78429308,,,,,,,,,,,,,,,,,,,,
78429878,,,,,,,,,,,,,,,,,,,,
78430502,,,,,,,,,,,,,,,,,,,,
78430995,,,,,,,,,,,,,,,,,,,,
78433680,,,,,,,,,,,,,,,,,,,,
78434073,,,,,,,,,,,,,,,,,,,,
78434450,,,,,,,,,,,,,,,,,,,,
78436043,,,,,,,,,,,,,,,,,,,,
79000876,,,,,,,,,,,,,,,,,,,,
79001894,,,,,,,,,,,,,,,,,,,,
79008058,,,,,,,,,,,,,,,,,,,,
79009286,,,,,,,,,,,,,,,,,,,,
79010772,,,,,,,,,,,,,,,,,,,,
79011906,,,,,,,,,,,,,,,,,,,,
79019064,,,,,,,,,,,,,,,,,,,,
79021166,,,,,,,,,,,,,,,,,,,,
79023680,,,,,,,,,,,,,,,,,,,,
79025915,,,,,,,,,,,,,,,,,,,,
79028331,,,,,,,,,,,,,,,,,,,,
79029432,,,,,,,,,,,,,,,,,,,,
79030623,,,,,,,,,,,,,,,,,,,,
79031743,,,,,,,,,,,,,,,,,,,,
79034001,,,,,,,,,,,,,,,,,,,,
79034758,,,,,,,,,,,,,,,,,,,,
79036003,,,,,,,,,,,,,,,,,,,,
79036601,,,,,,,,,,,,,,,,,,,,
79046693,,,,,,,,,,,,,,,,,,,,
79051395,,,,,,,,,,,,,,,,,,,,
79052676,,,,,,,,,,,,,,,,,,,,
79053687,,,,,,,,,,,,,,,,,,,,
79054440,,,,,,,,,,,,,,,,,,,,
79055109,,,,,,,,,,,,,,,,,,,,
79055692,,,,,,,,,,,,,,,,,,,,
79056608,,,,,,,,,,,,,,,,,,,,
79057492,,,,,,,,,,,,,,,,,,,,
79058240,,,,,,,,,,,,,,,,,,,,
79058918,,,,,,,,,,,,,,,,,,,,
79059768,,,,,,,,,,,,,,,,,,,,
79060470,,,,,,,,,,,,,,,,,,,,
79063045,,,,,,,,,,,,,,,,,,,,
79064300,,,,,,,,,,,,,,,,,,,,
79066936,,,,,,,,,,,,,,,,,,,,
79068343,,,,,,,,,,,,,,,,,,,,
79069759,,,,,,,,,,,,,,,,,,,,
79071798,,,,,,,,,,,,,,,,,,,,
79072356,,,,,,,,,,,,,,,,,,,,
79073141,,,,,,,,,,,,,,,,,,,,
79073766,,,,,,,,,,,,,,,,,,,,
79074340,,,,,,,,,,,,,,,,,,,,
79074907,,,,,,,,,,,,,,,,,,,,
79075925,,,,,,,,,,,,,,,,,,,,
79077251,,,,,,,,,,,,,,,,,,,,
79077826,,,,,,,,,,,,,,,,,,,,
79078679,,,,,,,,,,,,,,,,,,,,
79080089,,,,,,,,,,,,,,,,,,,,
79081358,,,,,,,,,,,,,,,,,,,,
79082096,,,,,,,,,,,,,,,,,,,,
79082776,,,,,,,,,,,,,,,,,,,,
79083274,,,,,,,,,,,,,,,,,,,,
79084147,,,,,,,,,,,,,,,,,,,,
79085362,,,,,,,,,,,,,,,,,,,,
79085875,,,,,,,,,,,,,,,,,,,,
79086340,,,,,,,,,,,,,,,,,,,,
79086755,,,,,,,,,,,,,,,,,,,,
79087140,,,,,,,,,,,,,,,,,,,,
79090580,,,,,,,,,,,,,,,,,,,,
79212164,,,,,,,,,,,,,,,,,,,,
79243951,,,,,,,,,,,,,,,,,,,,
79245644,,,,,,,,,,,,,,,,,,,,
79246165,,,,,,,,,,,,,,,,,,,,
79252797,,,,,,,,,,,,,,,,,,,,
79255349,,,,,,,,,,,,,,,,,,,,
79257790,,,,,,,,,,,,,,,,,,,,
79261302,,,,,,,,,,,,,,,,,,,,
79262179,,,,,,,,,,,,,,,,,,,,
79262923,,,,,,,,,,,,,,,,,,,,
79263751,,,,,,,,,,,,,,,,,,,,
79274681,,,,,,,,,,,,,,,,,,,,
79275498,,,,,,,,,,,,,,,,,,,,
79276357,,,,,,,,,,,,,,,,,,,,
79284179,,,,,,,,,,,,,,,,,,,,
79290658,,,,,,,,,,,,,,,,,,,,
79297233,,,,,,,,,,,,,,,,,,,,
79298291,,,,,,,,,,,,,,,,,,,,
79299034,,,,,,,,,,,,,,,,,,,,
79418093,,,,,,,,,,,,,,,,,,,,
79419278,,,,,,,,,,,,,,,,,,,,
79419914,,,,,,,,,,,,,,,,,,,,
79420609,,,,,,,,,,,,,,,,,,,,
79421122,,,,,,,,,,,,,,,,,,,,
79421659,,,,,,,,,,,,,,,,,,,,
79555163,,,,,,,,,,,,,,,,,,,,
79556562,,,,,,,,,,,,,,,,,,,,
79557513,,,,,,,,,,,,,,,,,,,,
79558281,,,,,,,,,,,,,,,,,,,,
79558778,,,,,,,,,,,,,,,,,,,,
79559681,,,,,,,,,,,,,,,,,,,,
79560457,,,,,,,,,,,,,,,,,,,,
79561338,,,,,,,,,,,,,,,,,,,,
79562739,,,,,,,,,,,,,,,,,,,,
79566950,,,,,,,,,,,,,,,,,,,,
79567651,,,,,,,,,,,,,,,,,,,,
79568239,,,,,,,,,,,,,,,,,,,,
79569043,,,,,,,,,,,,,,,,,,,,
79569883,,,,,,,,,,,,,,,,,,,,
79570423,,,,,,,,,,,,,,,,,,,,
79572922,,,,,,,,,,,,,,,,,,,,
79574519,,,,,,,,,,,,,,,,,,,,
79576685,,,,,,,,,,,,,,,,,,,,
79578034,,,,,,,,,,,,,,,,,,,,
79578563,,,,,,,,,,,,,,,,,,,,
79579241,,,,,,,,,,,,,,,,,,,,
79580029,,,,,,,,,,,,,,,,,,,,
79580957,,,,,,,,,,,,,,,,,,,,
79582289,,,,,,,,,,,,,,,,,,,,
79584791,,,,,,,,,,,,,,,,,,,,
79585942,,,,,,,,,,,,,,,,,,,,
79590356,,,,,,,,,,,,,,,,,,,,
79591771,,,,,,,,,,,,,,,,,,,,
79593270,,,,,,,,,,,,,,,,,,,,
79594746,,,,,,,,,,,,,,,,,,,,
79595752,,,,,,,,,,,,,,,,,,,,
79596330,,,,,,,,,,,,,,,,,,,,
79597171,,,,,,,,,,,,,,,,,,,,
79597921,,,,,,,,,,,,,,,,,,,,
79599104,,,,,,,,,,,,,,,,,,,,
79599814,,,,,,,,,,,,,,,,,,,,
79604654,,,,,,,,,,,,,,,,,,,,
79605369,,,,,,,,,,,,,,,,,,,,
79605954,,,,,,,,,,,,,,,,,,,,
79607034,,,,,,,,,,,,,,,,,,,,
79608907,,,,,,,,,,,,,,,,,,,,
79609491,,,,,,,,,,,,,,,,,,,,
79610361,,,,,,,,,,,,,,,,,,,,
79613071,,,,,,,,,,,,,,,,,,,,
79614451,,,,,,,,,,,,,,,,,,,,
79616207,,,,,,,,,,,,,,,,,,,,
79618696,,,,,,,,,,,,,,,,,,,,
79623389,,,,,,,,,,,,,,,,,,,,
79690961,,,,,,,,,,,,,,,,,,,,
79692529,,,,,,,,,,,,,,,,,,,,
79693052,,,,,,,,,,,,,,,,,,,,
79693555,,,,,,,,,,,,,,,,,,,,
79694520,,,,,,,,,,,,,,,,,,,,
79695040,,,,,,,,,,,,,,,,,,,,
79695749,,,,,,,,,,,,,,,,,,,,
79696596,,,,,,,,,,,,,,,,,,,,
79697090,,,,,,,,,,,,,,,,,,,,
79697506,,,,,,,,,,,,,,,,,,,,
79697965,,,,,,,,,,,,,,,,,,,,
79698414,,,,,,,,,,,,,,,,,,,,
79698818,,,,,,,,,,,,,,,,,,,,
79699371,,,,,,,,,,,,,,,,,,,,
79699804,,,,,,,,,,,,,,,,,,,,
79700364,,,,,,,,,,,,,,,,,,,,
79700903,,,,,,,,,,,,,,,,,,,,
79701405,,,,,,,,,,,,,,,,,,,,
79701687,,,,,,,,,,,,,,,,,,,,
79702327,,,,,,,,,,,,,,,,,,,,
79702769,,,,,,,,,,,,,,,,,,,,
79703156,,,,,,,,,,,,,,,,,,,,
79703589,,,,,,,,,,,,,,,,,,,,
79704118,,,,,,,,,,,,,,,,,,,,
79704636,,,,,,,,,,,,,,,,,,,,
79705058,,,,,,,,,,,,,,,,,,,,
79705956,,,,,,,,,,,,,,,,,,,,
79707108,,,,,,,,,,,,,,,,,,,,
79707683,,,,,,,,,,,,,,,,,,,,
79709294,,,,,,,,,,,,,,,,,,,,
79710015,,,,,,,,,,,,,,,,,,,,
79710501,,,,,,,,,,,,,,,,,,,,
79710905,,,,,,,,,,,,,,,,,,,,
79711455,,,,,,,,,,,,,,,,,,,,
79711907,,,,,,,,,,,,,,,,,,,,
79712718,,,,,,,,,,,,,,,,,,,,
79713100,,,,,,,,,,,,,,,,,,,,
79713902,,,,,,,,,,,,,,,,,,,,
79714250,,,,,,,,,,,,,,,,,,,,
79715508,,,,,,,,,,,,,,,,,,,,
79716247,,,,,,,,,,,,,,,,,,,,
79716839,,,,,,,,,,,,,,,,,,,,
79717259,,,,,,,,,,,,,,,,,,,,
79717673,,,,,,,,,,,,,,,,,,,,
79717997,,,,,,,,,,,,,,,,,,,,
79718614,,,,,,,,,,,,,,,,,,,,
79719007,,,,,,,,,,,,,,,,,,,,
79719505,,,,,,,,,,,,,,,,,,,,
79719843,,,,,,,,,,,,,,,,,,,,
79720198,,,,,,,,,,,,,,,,,,,,
79720769,,,,,,,,,,,,,,,,,,,,
79721196,,,,,,,,,,,,,,,,,,,,
79721615,,,,,,,,,,,,,,,,,,,,
79722198,,,,,,,,,,,,,,,,,,,,
79722504,,,,,,,,,,,,,,,,,,,,
79722859,,,,,,,,,,,,,,,,,,,,
79723187,,,,,,,,,,,,,,,,,,,,
79723883,,,,,,,,,,,,,,,,,,,,
79724190,,,,,,,,,,,,,,,,,,,,
79724616,,,,,,,,,,,,,,,,,,,,
79725031,,,,,,,,,,,,,,,,,,,,
79725547,,,,,,,,,,,,,,,,,,,,
79725814,,,,,,,,,,,,,,,,,,,,
79726123,,,,,,,,,,,,,,,,,,,,
79726580,,,,,,,,,,,,,,,,,,,,
79726847,,,,,,,,,,,,,,,,,,,,
79728522,,,,,,,,,,,,,,,,,,,,
79728869,,,,,,,,,,,,,,,,,,,,
79729114,,,,,,,,,,,,,,,,,,,,
79729366,,,,,,,,,,,,,,,,,,,,
79729626,,,,,,,,,,,,,,,,,,,,
79729827,,,,,,,,,,,,,,,,,,,,
79730239,,,,,,,,,,,,,,,,,,,,
79730950,,,,,,,,,,,,,,,,,,,,
79731284,,,,,,,,,,,,,,,,,,,,
79731570,,,,,,,,,,,,,,,,,,,,
79731973,,,,,,,,,,,,,,,,,,,,
79732249,,,,,,,,,,,,,,,,,,,,
79732872,,,,,,,,,,,,,,,,,,,,
79733091,,,,,,,,,,,,,,,,,,,,
79733666,,,,,,,,,,,,,,,,,,,,
79733956,,,,,,,,,,,,,,,,,,,,
79734239,,,,,,,,,,,,,,,,,,,,
79734561,,,,,,,,,,,,,,,,,,,,
79734907,,,,,,,,,,,,,,,,,,,,
79735136,,,,,,,,,,,,,,,,,,,,
79735388,,,,,,,,,,,,,,,,,,,,
79735632,,,,,,,,,,,,,,,,,,,,
79735838,,,,,,,,,,,,,,,,,,,,
79736358,,,,,,,,,,,,,,,,,,,,
79736671,,,,,,,,,,,,,,,,,,,,
79736965,,,,,,,,,,,,,,,,,,,,
79737293,,,,,,,,,,,,,,,,,,,,
79737541,,,,,,,,,,,,,,,,,,,,
79737956,,,,,,,,,,,,,,,,,,,,
79738263,,,,,,,,,,,,,,,,,,,,
79738481,,,,,,,,,,,,,,,,,,,,
79738850,,,,,,,,,,,,,,,,,,,,
79822106,,,,,,,,,,,,,,,,,,,,
79822661,,,,,,,,,,,,,,,,,,,,
79822977,,,,,,,,,,,,,,,,,,,,
79823382,,,,,,,,,,,,,,,,,,,,
79823686,,,,,,,,,,,,,,,,,,,,
79824456,,,,,,,,,,,,,,,,,,,,
79826195,,,,,,,,,,,,,,,,,,,,
79827195,,,,,,,,,,,,,,,,,,,,
81435957,,,,,,,,,,,,,,,,,,,,
81436259,,,,,,,,,,,,,,,,,,,,
81436498,,,,,,,,,,,,,,,,,,,,
81436710,,,,,,,,,,,,,,,,,,,,
81436963,,,,,,,,,,,,,,,,,,,,
81437276,,,,,,,,,,,,,,,,,,,,
81437519,,,,,,,,,,,,,,,,,,,,
81437773,,,,,,,,,,,,,,,,,,,,
81437980,,,,,,,,,,,,,,,,,,,,
81438210,,,,,,,,,,,,,,,,,,,,
81438486,,,,,,,,,,,,,,,,,,,,
81438768,,,,,,,,,,,,,,,,,,,,
81439010,,,,,,,,,,,,,,,,,,,,
81439302,,,,,,,,,,,,,,,,,,,,
81439514,,,,,,,,,,,,,,,,,,,,
81439788,,,,,,,,,,,,,,,,,,,,
81440487,,,,,,,,,,,,,,,,,,,,
81440888,77.0,1076.0,2.0,1.0,,,,,,,,,,,,,,,,
81441158,,,,,,,,,,,,,,,,,,,,
81441396,,,,,,,,,,,,,,,,,,,,
81441655,,,,,,,,,,,,,,,,,,,,
81441930,,,,,,,,,,,,,,,,,,,,
81442879,,,,,,,,,,,,,,,,,,,,
81443121,,,,,,,,,,,,,,,,,,,,
81443374,,,,,,,,,,,,,,,,,,,,
81443571,,,,,,,,,,,,,,,,,,,,
81443790,,,,,,,,,,,,,,,,,,,,
81444011,,,,,,,,,,,,,,,,,,,,
81444232,,,,,,,,,,,,,,,,,,,,
81444459,,,,,,,,,,,,,,,,,,,,
81444652,,,,,,,,,,,,,,,,,,,,
81444899,,,,,,,,,,,,,,,,,,,,
81445174,,,,,,,,,,,,,,,,,,,,
81445461,,,,,,,,,,,,,,,,,,,,
81445681,,,,,,,,,,,,,,,,,,,,
81445902,,,,,,,,,,,,,,,,,,,,
81446132,,,,,,,,,,,,,,,,,,,,
81446342,,,,,,,,,,,,,,,,,,,,
81446844,,,,,,,,,,,,,,,,,,,,
81447049,,,,,,,,,,,,,,,,,,,,
81447364,,,,,,,,,,,,,,,,,,,,
81447533,,,,,,,,,,,,,,,,,,,,
81447713,,,,,,,,,,,,,,,,,,,,
81447938,,,,,,,,,,,,,,,,,,,,
81448107,,,,,,,,,,,,,,,,,,,,
81448410,,,,,,,,,,,,,,,,,,,,
81448682,,,,,,,,,,,,,,,,,,,,
81448874,,,,,,,,,,,,,,,,,,,,
81449196,,,,,,,,,,,,,,,,,,,,
81449454,,,,,,,,,,,,,,,,,,,,
81449656,,,,,,,,,,,,,,,,,,,,
81449890,,,,,,,,,,,,,,,,,,,,
81450078,,,,,,,,,,,,,,,,,,,,
81450315,,,,,,,,,,,,,,,,,,,,
81450568,,,,,,,,,,,,,,,,,,,,
81450834,,,,,,,,,,,,,,,,,,,,
81451058,,,,,,,,,,,,,,,,,,,,
81451308,,,,,,,,,,,,,,,,,,,,
81451501,,,,,,,,,,,,,,,,,,,,
81451684,,,,,,,,,,,,,,,,,,,,
81451848,,,,,,,,,,,,,,,,,,,,
81452003,,,,,,,,,,,,,,,,,,,,
81452259,,,,,,,,,,,,,,,,,,,,
81452469,,,,,,,,,,,,,,,,,,,,
81452617,,,,,,,,,,,,,,,,,,,,
81452834,77.0,1076.0,2.0,1.0,,,,,,,,,,,,,,,,
81453052,,,,,,,,,,,,,,,,,,,,
81453233,,,,,,,,,,,,,,,,,,,,
81453433,,,,,,,,,,,,,,,,,,,,
81453633,,,,,,,,,,,,,,,,,,,,
81453825,,,,,,,,,,,,,,,,,,,,
81454010,,,,,,,,,,,,,,,,,,,,
81454285,,,,,,,,,,,,,,,,,,,,
81454406,,,,,,,,,,,,,,,,,,,,
81454533,,,,,,,,,,,,,,,,,,,,
81454661,,,,,,,,,,,,,,,,,,,,
81454836,,,,,,,,,,,,,,,,,,,,
81454985,,,,,,,,,,,,,,,,,,,,
81455100,,,,,,,,,,,,,,,,,,,,
81455257,,,,,,,,,,,,,,,,,,,,
81455408,,,,,,,,,,,,,,,,,,,,
81455556,,,,,,,,,,,,,,,,,,,,
81455673,,,,,,,,,,,,,,,,,,,,
81455821,,,,,,,,,,,,,,,,,,,,
81456033,,,,,,,,,,,,,,,,,,,,
81456953,,,,,,,,,,,,,,,,,,,,
81457107,,,,,,,,,,,,,,,,,,,,
81457675,,,,,,,,,,,,,,,,,,,,
81457828,,,,,,,,,,,,,,,,,,,,
81458017,,,,,,,,,,,,,,,,,,,,
81458166,,,,,,,,,,,,,,,,,,,,
81458300,,,,,,,,,,,,,,,,,,,,
81458477,,,,,,,,,,,,,,,,,,,,
81458632,,,,,,,,,,,,,,,,,,,,
81458759,,,,,,,,,,,,,,,,,,,,
81549534,,,,,,,,,,,,,,,,,,,,
81568683,,,,,,,,,,,,,,,,,,,,
81569055,,,,,,,,,,,,,,,,,,,,
81570415,,,,,,,,,,,,,,,,,,,,
81570764,,,,,,,,,,,,,,,,,,,,
81571813,,,,,,,,,,,,,,,,,,,,
81574078,,,,,2.0,462.0,1352.0,A,,2.0,1.0,1000.0,799.0,,412551.0,,,1.0,,
81575280,,,,,,,,,,,,,,,,,,,,
81575673,462.0,1345.0,2.0,1.0,,,,,,,,,,,,,,,,
81575968,77.0,1202.0,2.0,1.0,,,,,,,,,,,,,,,,
81576250,,,,,2.0,77.0,1202.0,A,,2.0,1.0,1000.0,505.0,,412499.0,,,1.0,,
81576647,,,,,2.0,77.0,1202.0,A,,2.0,1.0,1000.0,505.0,,412499.0,,,1.0,,
81580542,,,,,2.0,77.0,1207.0,A,,2.0,1.0,1000.0,653.0,,412499.0,,,1.0,,
81582232,,,,,2.0,462.0,1346.0,A,,2.0,1.0,1000.0,793.0,,412499.0,,,1.0,,
81583713,,,,,,,,,,,,,,,,,,,,
81583997,,,,,2.0,462.0,1352.0,A,,2.0,1.0,10000.0,799.0,,412502.0,,,1.0,,
81584252,,,,,,,,,,,,,,,,,,,,
81584704,,,,,2.0,77.0,1380.0,A,,2.0,1.0,10000.0,826.0,,412499.0,,,1.0,,
81585076,77.0,1227.0,2.0,1.0,,,,,,,,,,,,,,,,
81585474,,,,,2.0,462.0,1352.0,A,,2.0,1.0,10000.0,799.0,,412499.0,,,1.0,,
81585777,,,,,2.0,462.0,1352.0,A,,2.0,1.0,10000.0,799.0,,412499.0,,,1.0,,
81586158,,,,,2.0,462.0,1352.0,A,,2.0,1.0,10000.0,799.0,,412499.0,,,1.0,,
81586417,,,,,2.0,462.0,1352.0,A,,2.0,1.0,10000.0,799.0,,412499.0,,,1.0,,
81586928,,,,,2.0,77.0,1207.0,A,,2.0,1.0,10000.0,653.0,,412499.0,,,1.0,,
81545464,462.0,1345.0,2.0,1.0,2.0,462.0,1345.0,A,,2.0,1.0,216000.0,,,412551.0,,,1.0,,
81545675,462.0,1345.0,2.0,1.0,2.0,462.0,1345.0,A,,2.0,1.0,50000.0,,,412551.0,,,1.0,,
81545864,462.0,1352.0,2.0,1.0,2.0,462.0,1352.0,A,,2.0,1.0,65723.0,,,412551.0,,,1.0,,
81546030,462.0,1345.0,2.0,1.0,2.0,462.0,1345.0,A,,2.0,1.0,500000.0,,,412551.0,,,1.0,,
81546328,,,,,2.0,454.0,1300.0,A,,2.0,1.0,240000.0,747.0,,412551.0,,,1.0,,
81546656,,,,,2.0,454.0,1301.0,A,,2.0,1.0,210000.0,748.0,,412502.0,,,1.0,,
81547410,,,,,2.0,454.0,1301.0,A,,2.0,1.0,101723.0,748.0,,412527.0,,,1.0,,
81547602,,,,,2.0,454.0,1301.0,A,,2.0,1.0,280000.0,748.0,,412499.0,,,1.0,,
81547902,,,,,2.0,77.0,1202.0,A,,2.0,1.0,200000.0,505.0,,412551.0,,,1.0,,
81549199,,,,,2.0,77.0,1202.0,A,,2.0,1.0,77241.0,505.0,,412551.0,,,1.0,,
81550346,,,,,2.0,77.0,1202.0,A,,2.0,1.0,272759.0,505.0,,412551.0,,,1.0,,
81550908,,,,,2.0,77.0,1202.0,A,,2.0,1.0,500000.0,505.0,,412551.0,,,1.0,,
81551790,,,,,2.0,462.0,1345.0,A,,2.0,1.0,289297.0,792.0,,412551.0,,,1.0,,
81552897,,,,,2.0,15.0,1254.0,A,,4.0,1.0,150000.0,703.0,,412551.0,,,1.0,,
81553710,,,,,2.0,77.0,1202.0,A,,2.0,1.0,160703.0,505.0,,412551.0,,,1.0,,
81557198,77.0,1202.0,2.0,1.0,2.0,77.0,1202.0,A,,2.0,1.0,200000.0,,,412551.0,,,1.0,,
81558725,77.0,1202.0,2.0,1.0,2.0,77.0,1202.0,A,,2.0,1.0,157190.0,,,412500.0,,,1.0,,
81564141,,,,,2.0,15.0,1254.0,A,,4.0,1.0,200000.0,703.0,,412551.0,,,1.0,,
127284699,,,,,2.0,97.0,1062.0,A,,2.0,1.0,400000.0,106.0,,412551.0,,,1.0,,
127284719,,,,,2.0,77.0,1076.0,A,,2.0,1.0,372946.0,380.0,,412551.0,,,1.0,,
93854595,,,,,,,,,,,,,,,,,,,,
93855828,,,,,,,,,,,,,,,,,,,,
100227472,,,,,,,,,,,,,,,,,,,,
100227642,,,,,,,,,,,,,,,,,,,,
100227849,,,,,,,,,,,,,,,,,,,,
100228038,,,,,,,,,,,,,,,,,,,,
100228230,,,,,,,,,,,,,,,,,,,,
100228566,,,,,,,,,,,,,,,,,,,,
100229219,,,,,,,,,,,,,,,,,,,,
100229496,,,,,,,,,,,,,,,,,,,,
100229734,,,,,,,,,,,,,,,,,,,,
100229943,,,,,,,,,,,,,,,,,,,,
100230310,,,,,,,,,,,,,,,,,,,,
100236878,,,,,,,,,,,,,,,,,,,,
100237053,,,,,,,,,,,,,,,,,,,,
100237205,,,,,,,,,,,,,,,,,,,,
100237366,,,,,,,,,,,,,,,,,,,,
100237519,,,,,,,,,,,,,,,,,,,,
100237661,,,,,,,,,,,,,,,,,,,,
100237824,,,,,,,,,,,,,,,,,,,,
100237975,,,,,,,,,,,,,,,,,,,,
100238127,,,,,,,,,,,,,,,,,,,,
100238318,,,,,,,,,,,,,,,,,,,,
100238526,,,,,,,,,,,,,,,,,,,,
100238679,,,,,,,,,,,,,,,,,,,,
100238810,,,,,,,,,,,,,,,,,,,,
100238980,,,,,,,,,,,,,,,,,,,,
100239194,,,,,,,,,,,,,,,,,,,,
100239410,,,,,,,,,,,,,,,,,,,,
100239574,,,,,,,,,,,,,,,,,,,,
100239739,,,,,,,,,,,,,,,,,,,,
100239887,,,,,,,,,,,,,,,,,,,,
100240049,,,,,,,,,,,,,,,,,,,,
100240176,,,,,,,,,,,,,,,,,,,,
100240310,,,,,,,,,,,,,,,,,,,,
100240641,,,,,,,,,,,,,,,,,,,,
100240801,,,,,,,,,,,,,,,,,,,,
100295518,,,,,,,,,,,,,,,,,,,,
100295551,,,,,,,,,,,,,,,,,,,,
100295590,,,,,,,,,,,,,,,,,,,,
100295633,,,,,,,,,,,,,,,,,,,,
100295660,,,,,,,,,,,,,,,,,,,,
100295721,,,,,,,,,,,,,,,,,,,,
100295751,,,,,,,,,,,,,,,,,,,,
100295782,,,,,,,,,,,,,,,,,,,,
100295812,,,,,,,,,,,,,,,,,,,,
100295846,,,,,,,,,,,,,,,,,,,,
100295882,,,,,,,,,,,,,,,,,,,,
100295921,,,,,,,,,,,,,,,,,,,,
100295947,,,,,,,,,,,,,,,,,,,,
100295984,,,,,,,,,,,,,,,,,,,,
100296014,,,,,,,,,,,,,,,,,,,,
100296036,,,,,,,,,,,,,,,,,,,,
100296063,,,,,,,,,,,,,,,,,,,,
100296089,,,,,,,,,,,,,,,,,,,,
100296116,,,,,,,,,,,,,,,,,,,,
100296148,,,,,,,,,,,,,,,,,,,,
100296173,,,,,,,,,,,,,,,,,,,,
100296201,,,,,,,,,,,,,,,,,,,,
100296227,,,,,,,,,,,,,,,,,,,,
100296252,,,,,,,,,,,,,,,,,,,,
100296283,,,,,,,,,,,,,,,,,,,,
100296317,,,,,,,,,,,,,,,,,,,,
100296349,,,,,,,,,,,,,,,,,,,,
100296378,,,,,,,,,,,,,,,,,,,,
100296409,,,,,,,,,,,,,,,,,,,,
100296444,,,,,,,,,,,,,,,,,,,,
100296473,,,,,,,,,,,,,,,,,,,,
100296528,,,,,,,,,,,,,,,,,,,,
100296571,,,,,,,,,,,,,,,,,,,,
100296610,,,,,,,,,,,,,,,,,,,,
100296705,,,,,,,,,,,,,,,,,,,,
100296754,,,,,,,,,,,,,,,,,,,,
100296802,,,,,,,,,,,,,,,,,,,,
100296848,,,,,,,,,,,,,,,,,,,,
100296895,,,,,,,,,,,,,,,,,,,,
100296936,,,,,,,,,,,,,,,,,,,,
100296968,,,,,,,,,,,,,,,,,,,,
100297331,,,,,,,,,,,,,,,,,,,,
100297368,,,,,,,,,,,,,,,,,,,,
100297412,,,,,,,,,,,,,,,,,,,,
100297503,,,,,,,,,,,,,,,,,,,,
100297544,,,,,,,,,,,,,,,,,,,,
100297616,,,,,,,,,,,,,,,,,,,,
100297691,,,,,,,,,,,,,,,,,,,,
100297803,,,,,,,,,,,,,,,,,,,,
100297870,,,,,,,,,,,,,,,,,,,,
100297918,,,,,,,,,,,,,,,,,,,,
100297959,,,,,,,,,,,,,,,,,,,,
100298018,,,,,,,,,,,,,,,,,,,,
100298081,,,,,,,,,,,,,,,,,,,,
100298132,,,,,,,,,,,,,,,,,,,,
100298226,,,,,,,,,,,,,,,,,,,,
100298282,,,,,,,,,,,,,,,,,,,,
100298323,,,,,,,,,,,,,,,,,,,,
100298407,,,,,,,,,,,,,,,,,,,,
100298470,,,,,,,,,,,,,,,,,,,,
100298543,,,,,,,,,,,,,,,,,,,,
100298609,,,,,,,,,,,,,,,,,,,,
100298666,,,,,,,,,,,,,,,,,,,,
100298726,,,,,,,,,,,,,,,,,,,,
100298785,,,,,,,,,,,,,,,,,,,,
100298832,,,,,,,,,,,,,,,,,,,,
100298886,,,,,,,,,,,,,,,,,,,,
100298976,,,,,,,,,,,,,,,,,,,,
100299038,,,,,,,,,,,,,,,,,,,,
100299103,,,,,,,,,,,,,,,,,,,,
100299148,,,,,,,,,,,,,,,,,,,,
100299193,,,,,,,,,,,,,,,,,,,,
100299240,,,,,,,,,,,,,,,,,,,,
100303998,,,,,,,,,,,,,,,,,,,,
100304087,,,,,,,,,,,,,,,,,,,,
100304195,,,,,,,,,,,,,,,,,,,,
100304296,,,,,,,,,,,,,,,,,,,,
100304371,,,,,,,,,,,,,,,,,,,,
100304460,,,,,,,,,,,,,,,,,,,,
100304578,,,,,,,,,,,,,,,,,,,,
100304695,,,,,,,,,,,,,,,,,,,,
100304777,,,,,,,,,,,,,,,,,,,,
100304907,,,,,,,,,,,,,,,,,,,,
100305035,,,,,,,,,,,,,,,,,,,,
100305137,,,,,,,,,,,,,,,,,,,,
100305239,,,,,,,,,,,,,,,,,,,,
100305363,,,,,,,,,,,,,,,,,,,,
100305541,,,,,,,,,,,,,,,,,,,,
100305665,,,,,,,,,,,,,,,,,,,,
100305764,,,,,,,,,,,,,,,,,,,,
100305868,,,,,,,,,,,,,,,,,,,,
100305955,,,,,,,,,,,,,,,,,,,,
100306072,,,,,,,,,,,,,,,,,,,,
100306208,,,,,,,,,,,,,,,,,,,,
100306453,,,,,,,,,,,,,,,,,,,,
100306588,,,,,,,,,,,,,,,,,,,,
100306703,,,,,,,,,,,,,,,,,,,,
100306819,,,,,,,,,,,,,,,,,,,,
100306947,,,,,,,,,,,,,,,,,,,,
100307053,,,,,,,,,,,,,,,,,,,,
100307191,,,,,,,,,,,,,,,,,,,,
100307312,,,,,,,,,,,,,,,,,,,,
100307458,,,,,,,,,,,,,,,,,,,,
100307619,,,,,,,,,,,,,,,,,,,,
100329957,,,,,,,,,,,,,,,,,,,,
100330194,,,,,,,,,,,,,,,,,,,,
100360821,,,,,,,,,,,,,,,,,,,,
100361004,,,,,,,,,,,,,,,,,,,,
100361186,,,,,,,,,,,,,,,,,,,,
100361339,,,,,,,,,,,,,,,,,,,,
100361544,,,,,,,,,,,,,,,,,,,,
100361666,,,,,,,,,,,,,,,,,,,,
100361913,,,,,,,,,,,,,,,,,,,,
100362584,,,,,,,,,,,,,,,,,,,,
100363104,,,,,,,,,,,,,,,,,,,,
100363822,,,,,,,,,,,,,,,,,,,,
100364066,,,,,,,,,,,,,,,,,,,,
100364380,,,,,,,,,,,,,,,,,,,,
100364631,,,,,,,,,,,,,,,,,,,,
100364869,,,,,,,,,,,,,,,,,,,,
100365026,,,,,,,,,,,,,,,,,,,,
100365271,,,,,,,,,,,,,,,,,,,,
100365539,,,,,,,,,,,,,,,,,,,,
100365811,,,,,,,,,,,,,,,,,,,,
100366053,,,,,,,,,,,,,,,,,,,,
100366470,,,,,,,,,,,,,,,,,,,,
100366669,,,,,,,,,,,,,,,,,,,,
100366872,,,,,,,,,,,,,,,,,,,,
100367101,,,,,,,,,,,,,,,,,,,,
100367335,,,,,,,,,,,,,,,,,,,,
100367550,,,,,,,,,,,,,,,,,,,,
100367771,,,,,,,,,,,,,,,,,,,,
100367963,,,,,,,,,,,,,,,,,,,,
100368153,,,,,,,,,,,,,,,,,,,,
100368339,,,,,,,,,,,,,,,,,,,,
100368532,,,,,,,,,,,,,,,,,,,,
100368711,,,,,,,,,,,,,,,,,,,,
100368932,,,,,,,,,,,,,,,,,,,,
100369708,,,,,,,,,,,,,,,,,,,,
100369916,,,,,,,,,,,,,,,,,,,,
100370099,,,,,,,,,,,,,,,,,,,,
100399721,,,,,,,,,,,,,,,,,,,,
100399815,,,,,,,,,,,,,,,,,,,,
100399915,,,,,,,,,,,,,,,,,,,,
100400010,,,,,,,,,,,,,,,,,,,,
100400110,,,,,,,,,,,,,,,,,,,,
100400206,,,,,,,,,,,,,,,,,,,,
100400322,,,,,,,,,,,,,,,,,,,,
100400413,,,,,,,,,,,,,,,,,,,,
100400535,,,,,,,,,,,,,,,,,,,,
100400632,,,,,,,,,,,,,,,,,,,,
100400723,,,,,,,,,,,,,,,,,,,,
100400820,,,,,,,,,,,,,,,,,,,,
100400911,,,,,,,,,,,,,,,,,,,,
100401020,,,,,,,,,,,,,,,,,,,,
100401143,,,,,,,,,,,,,,,,,,,,
100401240,,,,,,,,,,,,,,,,,,,,
100401327,,,,,,,,,,,,,,,,,,,,
100401456,,,,,,,,,,,,,,,,,,,,
100401600,,,,,,,,,,,,,,,,,,,,
100401737,,,,,,,,,,,,,,,,,,,,
100401854,,,,,,,,,,,,,,,,,,,,
100401953,,,,,,,,,,,,,,,,,,,,
100402042,,,,,,,,,,,,,,,,,,,,
100402149,,,,,,,,,,,,,,,,,,,,
100402251,,,,,,,,,,,,,,,,,,,,
102340075,,,,,,,,,,,,,,,,,,,,
102340977,,,,,,,,,,,,,,,,,,,,
102341068,,,,,,,,,,,,,,,,,,,,
102341285,,,,,,,,,,,,,,,,,,,,
102341403,,,,,2.0,103.0,38.0,A,,2.0,1.0,65000.0,34.0,,412551.0,,,1.0,,
102341742,,,,,2.0,454.0,1301.0,A,,2.0,1.0,35000.0,748.0,,412551.0,,,1.0,,
102342724,,,,,2.0,15.0,459.0,A,,4.0,1.0,131072.0,359.0,,412551.0,,,1.0,,
102343175,454.0,1300.0,2.0,1.0,,,,,,,,,,,,,,,,
102343279,454.0,1300.0,2.0,1.0,,,,,,,,,,,,,,,,
102458498,,,,,,,,,,,,,,,,,,,,
102459135,,,,,,,,,,,,,,,,,,,,
102467456,,,,,,,,,,,,,,,,,,,,
102468702,,,,,,,,,,,,,,,,,,,,
102469795,,,,,,,,,,,,,,,,,,,,
102470714,,,,,,,,,,,,,,,,,,,,
102471613,,,,,,,,,,,,,,,,,,,,
102472946,,,,,,,,,,,,,,,,,,,,
102474759,,,,,,,,,,,,,,,,,,,,
102476337,,,,,,,,,,,,,,,,,,,,
102477542,,,,,,,,,,,,,,,,,,,,
102479976,,,,,,,,,,,,,,,,,,,,
102485093,,,,,,,,,,,,,,,,,,,,
102485904,,,,,,,,,,,,,,,,,,,,
102486571,,,,,,,,,,,,,,,,,,,,
102488868,77.0,1076.0,2.0,1.0,,,,,,,,,,,,,,,,
102492639,,,,,,,,,,,,,,,,,,,,
102493226,,,,,,,,,,,,,,,,,,,,
102493820,,,,,,,,,,,,,,,,,,,,
102494540,,,,,,,,,,,,,,,,,,,,
102495241,,,,,,,,,,,,,,,,,,,,
102496199,,,,,,,,,,,,,,,,,,,,
102497370,,,,,,,,,,,,,,,,,,,,
102499648,77.0,1076.0,2.0,1.0,,,,,,,,,,,,,,,,
102500710,,,,,,,,,,,,,,,,,,,,
102501528,,,,,,,,,,,,,,,,,,,,
102502424,,,,,,,,,,,,,,,,,,,,
102504948,,,,,,,,,,,,,,,,,,,,
102505687,,,,,,,,,,,,,,,,,,,,
102507102,,,,,,,,,,,,,,,,,,,,
102508557,,,,,,,,,,,,,,,,,,,,
102510112,,,,,,,,,,,,,,,,,,,,
102512539,,,,,,,,,,,,,,,,,,,,
102513479,,,,,,,,,,,,,,,,,,,,
102514358,,,,,,,,,,,,,,,,,,,,
102515034,,,,,,,,,,,,,,,,,,,,
102516135,,,,,,,,,,,,,,,,,,,,
102660249,,,,,,,,,,,,,,,,,,,,
102661450,,,,,,,,,,,,,,,,,,,,
102672030,,,,,,,,,,,,,,,,,,,,
102676488,,,,,,,,,,,,,,,,,,,,
102677583,,,,,1.0,48.0,1108.0,A,,2.0,1.0,100000.0,411.0,,412551.0,,,1.0,,
102678779,,,,,1.0,41.0,1165.0,A,,2.0,1.0,100000.0,469.0,,412551.0,,,1.0,,
102681234,,,,,2.0,459.0,1320.0,A,,2.0,1.0,100000.0,767.0,,412551.0,,,1.0,,
102682398,453.0,1299.0,2.0,1.0,,,,,,,,,,,,,,,,
102683839,,,,,2.0,453.0,1299.0,A,,2.0,1.0,100000.0,746.0,,412551.0,,,1.0,,
102693009,,,,,1.0,455.0,1286.0,A,,2.0,1.0,2.0,733.0,,412527.0,,,1.0,,
102695544,,,,,2.0,77.0,1272.0,A,,2.0,1.0,1.0,719.0,,412527.0,,,1.0,,
102340851,462.0,1358.0,2.0,1.0,2.0,462.0,1358.0,A,,2.0,1.0,381000.0,,,412551.0,,,1.0,,
102341511,462.0,1345.0,2.0,1.0,2.0,462.0,1345.0,A,,2.0,1.0,435232.0,,,412551.0,,,1.0,,
102341643,,,,,2.0,454.0,1300.0,A,,2.0,1.0,381000.0,747.0,,412551.0,,,1.0,,
102341869,,,,,2.0,454.0,1300.0,A,,2.0,1.0,70000.0,747.0,,412551.0,,,1.0,,
102342005,,,,,2.0,451.0,1283.0,A,,2.0,1.0,178232.0,730.0,,412551.0,,,1.0,,
102342138,,,,,2.0,453.0,1299.0,A,,2.0,1.0,280000.0,746.0,,412551.0,,,1.0,,
102342385,454.0,1300.0,2.0,1.0,2.0,454.0,1300.0,A,,2.0,1.0,293744.0,,,412551.0,,,1.0,,
102342487,,,,,,,,,,,,,,,,,,,,
102342621,,,,,2.0,15.0,458.0,A,,4.0,1.0,200000.0,358.0,,412551.0,,,1.0,,
102342842,77.0,1272.0,2.0,1.0,2.0,77.0,1272.0,A,,2.0,1.0,500000.0,,,412551.0,,,1.0,,
102343110,,,,,2.0,453.0,1299.0,A,,2.0,1.0,200000.0,746.0,,412551.0,,,1.0,,
102343408,,,,,2.0,457.0,1313.0,A,,2.0,1.0,200000.0,760.0,,412551.0,,,1.0,,
102343547,77.0,1202.0,2.0,1.0,2.0,77.0,1202.0,A,,2.0,1.0,217893.0,,,412551.0,,,1.0,,
102343735,77.0,1202.0,2.0,1.0,2.0,77.0,1202.0,A,,2.0,1.0,150000.0,,,412551.0,,,1.0,,
102343900,77.0,1202.0,2.0,1.0,2.0,77.0,1202.0,A,,2.0,1.0,289297.0,,,412551.0,,,1.0,,
102596404,,,,,2.0,462.0,1346.0,A,,2.0,1.0,65000.0,793.0,,412551.0,,,1.0,,
109031048,,,,,,,,,,,,,,,,,,,,
120939953,,,,,,,,,,,,,,,,,,,,
121016481,,,,,,,,,,,,,,,,,,,,
121016958,,,,,,,,,,,,,,,,,,,,
121017321,,,,,,,,,,,,,,,,,,,,
121017666,,,,,,,,,,,,,,,,,,,,
121017928,,,,,,,,,,,,,,,,,,,,
121018879,,,,,,,,,,,,,,,,,,,,
121019328,,,,,,,,,,,,,,,,,,,,
121020154,,,,,,,,,,,,,,,,,,,,
121020591,,,,,,,,,,,,,,,,,,,,
121021087,,,,,,,,,,,,,,,,,,,,
121021712,,,,,,,,,,,,,,,,,,,,
121022397,,,,,,,,,,,,,,,,,,,,
121023645,,,,,,,,,,,,,,,,,,,,
121025487,,,,,,,,,,,,,,,,,,,,
121025820,,,,,,,,,,,,,,,,,,,,
121026287,,,,,,,,,,,,,,,,,,,,
121026289,,,,,,,,,,,,,,,,,,,,
121028114,,,,,,,,,,,,,,,,,,,,
121029177,,,,,,,,,,,,,,,,,,,,
121029591,,,,,,,,,,,,,,,,,,,,
121030191,,,,,,,,,,,,,,,,,,,,
121030715,,,,,,,,,,,,,,,,,,,,
121031257,,,,,,,,,,,,,,,,,,,,
121031760,,,,,,,,,,,,,,,,,,,,
121032316,,,,,,,,,,,,,,,,,,,,
121032568,,,,,,,,,,,,,,,,,,,,
121033055,,,,,,,,,,,,,,,,,,,,
121033376,,,,,,,,,,,,,,,,,,,,
121033956,,,,,,,,,,,,,,,,,,,,
121034653,,,,,,,,,,,,,,,,,,,,
121034938,,,,,,,,,,,,,,,,,,,,
121035884,,,,,,,,,,,,,,,,,,,,
121036176,,,,,,,,,,,,,,,,,,,,
121036983,,,,,,,,,,,,,,,,,,,,
121037229,,,,,,,,,,,,,,,,,,,,
121037690,,,,,,,,,,,,,,,,,,,,
121038605,,,,,,,,,,,,,,,,,,,,
121038972,,,,,,,,,,,,,,,,,,,,
121039180,,,,,,,,,,,,,,,,,,,,
121039450,,,,,,,,,,,,,,,,,,,,
121293907,,,,,,,,,,,,,,,,,,,,
121294230,,,,,,,,,,,,,,,,,,,,
121294682,,,,,,,,,,,,,,,,,,,,
121295237,,,,,,,,,,,,,,,,,,,,
121297008,,,,,,,,,,,,,,,,,,,,
121299563,,,,,,,,,,,,,,,,,,,,
121300149,,,,,,,,,,,,,,,,,,,,
121300634,,,,,,,,,,,,,,,,,,,,
121300962,,,,,,,,,,,,,,,,,,,,
121301681,,,,,,,,,,,,,,,,,,,,
121302154,,,,,,,,,,,,,,,,,,,,
121302444,,,,,,,,,,,,,,,,,,,,
121302897,,,,,,,,,,,,,,,,,,,,
121303789,,,,,,,,,,,,,,,,,,,,
121304538,,,,,,,,,,,,,,,,,,,,
121304841,,,,,,,,,,,,,,,,,,,,
121305282,,,,,,,,,,,,,,,,,,,,
121305632,,,,,,,,,,,,,,,,,,,,
121305871,,,,,,,,,,,,,,,,,,,,
121306167,,,,,,,,,,,,,,,,,,,,
121306539,,,,,,,,,,,,,,,,,,,,
121306845,,,,,,,,,,,,,,,,,,,,
121307548,,,,,,,,,,,,,,,,,,,,
121308180,,,,,,,,,,,,,,,,,,,,
121308720,,,,,,,,,,,,,,,,,,,,
121309288,,,,,,,,,,,,,,,,,,,,
121309626,,,,,,,,,,,,,,,,,,,,
121310160,,,,,,,,,,,,,,,,,,,,
121311287,,,,,,,,,,,,,,,,,,,,
121695757,,,,,,,,,,,,,,,,,,,,
121696150,,,,,2.0,15.0,1254.0,A,,4.0,1.0,200000.0,703.0,,412551.0,,,1.0,,
121696247,15.0,1254.0,4.0,1.0,,,,,,,,,,,,,,,,
121696380,,,,,,,,,,,,,,,,,,,,
121696636,,,,,,,,,,,,,,,,,,,,
121696667,,,,,,,,,,,,,,,,,,,,
121696690,,,,,,,,,,,,,,,,,,,,
121696718,,,,,,,,,,,,,,,,,,,,
121696748,,,,,,,,,,,,,,,,,,,,
121696801,,,,,,,,,,,,,,,,,,,,
121696822,,,,,,,,,,,,,,,,,,,,
121696862,,,,,,,,,,,,,,,,,,,,
121696889,,,,,,,,,,,,,,,,,,,,
121696915,,,,,,,,,,,,,,,,,,,,
121696938,77.0,1202.0,2.0,1.0,,,,,,,,,,,,,,,,
121696970,462.0,1356.0,2.0,1.0,,,,,,,,,,,,,,,,
121697018,,,,,,,,,,,,,,,,,,,,
121697047,,,,,,,,,,,,,,,,,,,,
121697071,,,,,,,,,,,,,,,,,,,,
121697092,,,,,,,,,,,,,,,,,,,,
121697130,,,,,2.0,77.0,1207.0,A,,2.0,1.0,55000.0,653.0,,412528.0,,,1.0,,
121697243,,,,,,,,,,,,,,,,,,,,
121697272,,,,,,,,,,,,,,,,,,,,
121854673,,,,,,,,,,,,,,,,,,,,
121855216,,,,,,,,,,,,,,,,,,,,
121855716,,,,,,,,,,,,,,,,,,,,
121856054,,,,,,,,,,,,,,,,,,,,
121856819,,,,,,,,,,,,,,,,,,,,
121857496,,,,,,,,,,,,,,,,,,,,
128415826,,,,,,,,,,,,,,,,,,,,
128415853,,,,,,,,,,,,,,,,,,,,
128415867,,,,,,,,,,,,,,,,,,,,
121695717,,,,,,,,,,,,,,,,,,,,
121695422,462.0,1345.0,2.0,1.0,2.0,462.0,1345.0,A,,2.0,1.0,390000.0,,,412551.0,,,1.0,,
121695457,462.0,1345.0,2.0,1.0,2.0,462.0,1345.0,A,,2.0,1.0,65000.0,,,412551.0,,,1.0,,
121695506,462.0,1345.0,2.0,1.0,2.0,462.0,1345.0,A,,2.0,1.0,426232.0,,,412551.0,,,1.0,,
121695555,,,,,2.0,453.0,1299.0,A,,2.0,1.0,300000.0,746.0,,412551.0,,,1.0,,
121695585,453.0,1299.0,2.0,1.0,2.0,453.0,1299.0,A,,2.0,1.0,200000.0,,,412551.0,,,1.0,,
121695626,,,,,2.0,453.0,1299.0,A,,2.0,1.0,100000.0,746.0,,412551.0,,,1.0,,
121695669,453.0,1299.0,2.0,1.0,2.0,453.0,1299.0,A,,2.0,1.0,324000.0,,,412551.0,,,1.0,,
121695789,77.0,1202.0,2.0,1.0,2.0,77.0,1202.0,A,,2.0,1.0,400000.0,,,412551.0,,,1.0,,
121695825,60.0,1208.0,2.0,1.0,2.0,60.0,1208.0,A,,2.0,1.0,200000.0,,,412551.0,,,1.0,,
121696320,,,,,2.0,15.0,1254.0,A,,4.0,1.0,200000.0,703.0,,422986.0,,,1.0,,
126963579,,,,,2.0,451.0,1376.0,A,,2.0,1.0,100000.0,822.0,,412551.0,,,1.0,,
128411938,,,,,,,,,,,,,,,,,,,,
128411960,,,,,,,,,,,,,,,,,,,,
121695863,,,,,2.0,77.0,1202.0,A,,2.0,1.0,100000.0,505.0,,412551.0,,,1.0,,
121695901,,,,,,,,,,,,,,,,,,,,
121695928,,,,,2.0,15.0,458.0,A,,4.0,1.0,300000.0,358.0,,412551.0,,,1.0,,
121696208,63.0,62.0,4.0,1.0,2.0,63.0,62.0,A,,4.0,1.0,200000.0,,,412551.0,,,1.0,,
121696288,,,,,2.0,15.0,1254.0,A,,4.0,1.0,200000.0,703.0,,412551.0,,,1.0,,
121696355,,,,,2.0,15.0,1254.0,A,,4.0,1.0,157190.0,703.0,,422986.0,,,1.0,,
44229131,,,,,2.0,10.0,452.0,A,,2.0,1.0,490000.0,352.0,,415580.0,,,1.0,,
44229243,,,,,2.0,10.0,1.0,A,,2.0,4.0,20000.0,1.0,,415578.0,,,1.0,,"[{""astLocCd"": 415580, ""astPlnUntCd"": null, ""astPlnUntTyp"": null, ""astNoOfUnt"": 1, ""astUnitCostTot"": null}, {""astLocCd"": 415601, ""astPlnUntCd"": null, ""astPlnUntTyp"": null, ""astNoOfUnt"": 1, ""astUnitCostTot"": null}, {""astLocCd"": 415579, ""astPlnUntCd"": null, ""astPlnUntTyp"": null, ""astNoOfUnt"": 1, ""astUnitCostTot"": null}]"
44229375,,,,,2.0,77.0,1202.0,A,,2.0,1.0,150000.0,505.0,,415579.0,,,1.0,,
44229414,,,,,2.0,77.0,1202.0,A,,2.0,1.0,50000.0,505.0,,415603.0,,,1.0,,
44229532,,,,,2.0,63.0,1253.0,A,,2.0,1.0,40000.0,699.0,,415636.0,,,1.0,,
44229549,,,,,2.0,77.0,1202.0,A,,2.0,1.0,50000.0,505.0,,415636.0,,,1.0,,
44230285,,,,,2.0,77.0,1202.0,A,,2.0,1.0,53844.0,505.0,,415636.0,,,1.0,,
44230293,,,,,2.0,77.0,1202.0,A,,2.0,1.0,100000.0,505.0,,415636.0,,,1.0,,
44230304,,,,,2.0,77.0,1202.0,A,,2.0,1.0,100000.0,505.0,,415582.0,,,1.0,,
44230316,,,,,2.0,77.0,1202.0,A,,2.0,1.0,100000.0,505.0,,415580.0,,,1.0,,
44230328,,,,,2.0,77.0,1202.0,A,,2.0,1.0,150000.0,505.0,,415636.0,,,1.0,,
44230360,,,,,2.0,60.0,1208.0,A,,2.0,12.0,25000.0,654.0,,415636.0,,,12.0,,
44220672,,,,,2.0,10.0,11.0,A,,2.0,1.0,180000.0,10.0,,415636.0,,,1.0,,
44229080,,,,,2.0,10.0,10.0,A,,2.0,1.0,30000.0,9.0,,415636.0,,,1.0,,
44229180,,,,,2.0,10.0,1237.0,A,,2.0,1.0,120000.0,683.0,,415636.0,,,1.0,,
44229357,,,,,2.0,10.0,1237.0,A,,2.0,12.0,62350.0,683.0,,415636.0,,,12.0,,
44229447,,,,,2.0,77.0,1202.0,A,,2.0,1.0,100000.0,505.0,,415636.0,,,1.0,,
44229469,,,,,2.0,77.0,1202.0,A,,2.0,1.0,100000.0,505.0,,415636.0,,,1.0,,
44229496,,,,,2.0,63.0,62.0,A,,4.0,50.0,100000.0,65.0,,415580.0,,,1.0,,
44229515,,,,,2.0,63.0,1253.0,A,,2.0,1.0,40000.0,699.0,,415636.0,,,1.0,,
44229565,,,,,2.0,63.0,1253.0,A,,2.0,1.0,60000.0,699.0,,415580.0,,,1.0,,
44229586,,,,,2.0,63.0,1253.0,A,,2.0,1.0,40000.0,699.0,,415636.0,,,1.0,,
44229608,,,,,2.0,77.0,1202.0,A,,2.0,1.0,150000.0,505.0,,415634.0,,,1.0,,
44229627,,,,,2.0,63.0,62.0,A,,4.0,65.0,182350.0,65.0,,415664.0,,,1.0,,
44220721,,,,,2.0,10.0,11.0,A,,2.0,1.0,100000.0,10.0,,415636.0,,,1.0,,
48566445,,,,,2.0,10.0,1.0,A,,2.0,1.0,40000.0,1.0,,415582.0,,,1.0,,
48566557,,,,,2.0,10.0,1.0,A,,2.0,1.0,30000.0,1.0,,415583.0,,,1.0,,
48566676,,,,,2.0,10.0,1.0,A,,2.0,1.0,30000.0,1.0,,415602.0,,,1.0,,
48566771,,,,,2.0,10.0,1.0,A,,2.0,1.0,40000.0,1.0,,415634.0,,,1.0,,
48566868,,,,,2.0,10.0,1.0,A,,2.0,1.0,40000.0,1.0,,415636.0,,,1.0,,
48566982,,,,,2.0,10.0,1.0,A,,2.0,1.0,40000.0,1.0,,415636.0,,,1.0,,
48567800,,,,,2.0,63.0,63.0,A,,2.0,1.0,100000.0,57.0,,415636.0,,,1.0,,
48569110,,,,,2.0,77.0,1202.0,A,,2.0,1.0,95000.0,505.0,,415634.0,,,1.0,,
48569368,,,,,2.0,63.0,63.0,A,,2.0,1.0,95000.0,57.0,,415636.0,,,1.0,,
48569550,,,,,2.0,63.0,63.0,A,,2.0,1.0,60000.0,57.0,,415636.0,,,1.0,,
48569673,,,,,2.0,63.0,63.0,A,,2.0,1.0,60000.0,57.0,,415636.0,,,1.0,,
48570023,,,,,2.0,63.0,63.0,A,,2.0,1.0,30000.0,57.0,,415601.0,,,1.0,,
48570169,,,,,2.0,10.0,1.0,A,,2.0,1.0,30000.0,1.0,,415601.0,,,1.0,,
48570304,,,,,2.0,104.0,53.0,A,,2.0,1.0,140000.0,49.0,,415664.0,,,1.0,,
48570466,,,,,2.0,104.0,53.0,A,,2.0,1.0,183844.0,49.0,,415602.0,,,1.0,,
48571325,,,,,2.0,97.0,1062.0,A,,2.0,1.0,80000.0,106.0,,415703.0,,,1.0,,
48571918,,,,,2.0,10.0,1.0,A,,2.0,1.0,60000.0,1.0,,415662.0,,,1.0,,
48620270,,,,,2.0,63.0,63.0,A,,2.0,1.0,140000.0,57.0,,415636.0,,,1.0,,
48620900,,,,,2.0,77.0,1202.0,A,,2.0,1.0,100000.0,505.0,,415602.0,,,1.0,,
48628640,,,,,2.0,63.0,63.0,A,,2.0,1.0,20076.0,57.0,,415636.0,,,1.0,,
48566127,,,,,2.0,10.0,11.0,A,,2.0,1.0,62350.0,10.0,,415636.0,,,1.0,,
48566224,,,,,2.0,10.0,11.0,A,,2.0,1.0,140000.0,10.0,,415636.0,,,1.0,,
48566328,,,,,2.0,10.0,11.0,A,,2.0,1.0,70000.0,10.0,,415636.0,,,1.0,,
48567232,,,,,2.0,10.0,1.0,A,,2.0,1.0,38825.0,1.0,,415636.0,,,1.0,,
48567337,,,,,2.0,63.0,63.0,A,,2.0,1.0,100000.0,57.0,,415636.0,,,1.0,,
48567910,,,,,2.0,63.0,63.0,A,,2.0,1.0,100000.0,57.0,,415636.0,,,1.0,,
48568018,,,,,2.0,63.0,62.0,A,,4.0,50.0,183844.0,65.0,,415636.0,,,1.0,,
48568160,,,,,2.0,63.0,62.0,A,,4.0,25.0,47331.0,65.0,,415636.0,,,1.0,,
48568382,,,,,2.0,77.0,1202.0,A,,2.0,1.0,102350.0,505.0,,415582.0,,,1.0,,
65691556,63.0,1253.0,2.0,1.0,2.0,63.0,1253.0,A,,2.0,1.0,,,,415634.0,,,1.0,,
65691573,63.0,1253.0,2.0,1.0,2.0,63.0,1253.0,A,,2.0,1.0,,,,415581.0,,,1.0,,
48569878,,,,,2.0,63.0,63.0,A,,2.0,1.0,490000.0,57.0,,415578.0,,,1.0,,
48621117,,,,,2.0,60.0,1208.0,A,,2.0,4.0,25000.0,654.0,,415662.0,,,1.0,,"[{""astLocCd"": 415580, ""astPlnUntCd"": null, ""astPlnUntTyp"": null, ""astNoOfUnt"": 1, ""astUnitCostTot"": null}, {""astLocCd"": 415601, ""astPlnUntCd"": null, ""astPlnUntTyp"": null, ""astNoOfUnt"": 1, ""astUnitCostTot"": null}, {""astLocCd"": 415602, ""astPlnUntCd"": null, ""astPlnUntTyp"": null, ""astNoOfUnt"": 1, ""astUnitCostTot"": null}]"
48568553,,,,,2.0,63.0,63.0,A,,2.0,1.0,100000.0,57.0,,415583.0,,,1.0,,
65107206,,11.0,2.0,1.0,,,,,,,,,,,,,,,,
65107238,,,,,,,,,,,,,,,,,,,,
65107260,,1.0,2.0,1.0,,,,,,,,,,,,,,,,
65107290,462.0,1345.0,2.0,1.0,,,,,,,,,,,,,,,,
65107541,,1202.0,2.0,1.0,,,,,,,,,,,,,,,,
65107574,104.0,47.0,2.0,1.0,,,,,,,,,,,,,,,,
65107616,,59.0,2.0,1.0,,,,,,,,,,,,,,,,
65107637,,59.0,2.0,1.0,,,,,,,,,,,,,,,,
65107692,,,,,,,,,,,,,,,,,,,,
65107220,10.0,1237.0,2.0,1.0,2.0,10.0,1237.0,A,,2.0,1.0,,,,415636.0,,,1.0,,
65107271,10.0,1156.0,4.0,1.0,2.0,10.0,1156.0,A,,4.0,1.0,,,,415580.0,,,1.0,,
65107372,462.0,1348.0,2.0,1.0,2.0,462.0,1348.0,A,,2.0,1.0,51885.0,,,415636.0,,,1.0,,
65107478,451.0,1288.0,2.0,1.0,2.0,451.0,1288.0,A,,2.0,1.0,,,,415662.0,,,1.0,,
65107485,451.0,1288.0,2.0,1.0,2.0,451.0,1288.0,A,,2.0,1.0,12600.0,,,415636.0,,,1.0,,
65107504,451.0,1288.0,2.0,1.0,2.0,451.0,1288.0,A,,2.0,1.0,48135.0,,,415636.0,,,1.0,,
65107516,457.0,1308.0,2.0,1.0,2.0,457.0,1308.0,A,,2.0,1.0,309000.0,,,415636.0,,,1.0,,
65107525,77.0,1202.0,2.0,1.0,2.0,77.0,1202.0,A,,2.0,1.0,100000.0,,,415636.0,,,1.0,,
65107531,60.0,1275.0,2.0,1.0,2.0,60.0,1275.0,A,,2.0,1.0,40000.0,,,415636.0,,,1.0,,
65107545,77.0,1087.0,2.0,1.0,2.0,77.0,1087.0,A,,2.0,1.0,,,,415636.0,,,1.0,,
65107549,77.0,1202.0,2.0,1.0,2.0,77.0,1202.0,A,,2.0,1.0,,,,415636.0,,,1.0,,
65107560,77.0,59.0,2.0,1.0,2.0,77.0,59.0,A,,2.0,1.0,100000.0,,,415583.0,,,1.0,,
65107570,104.0,53.0,2.0,1.0,2.0,104.0,53.0,A,,2.0,1.0,100000.0,,,415583.0,,,1.0,,
65107587,77.0,59.0,2.0,1.0,2.0,77.0,59.0,A,,2.0,1.0,37242.0,,,415634.0,,,1.0,,
65107591,104.0,53.0,2.0,1.0,2.0,104.0,53.0,A,,2.0,1.0,200000.0,,,415601.0,,,1.0,,
65107595,104.0,53.0,2.0,1.0,2.0,104.0,53.0,A,,2.0,1.0,,,,415662.0,,,1.0,,
65107605,104.0,53.0,2.0,1.0,2.0,104.0,53.0,A,,2.0,1.0,100000.0,,,415636.0,,,1.0,,
65107610,104.0,53.0,2.0,1.0,2.0,104.0,53.0,A,,2.0,1.0,200000.0,,,415580.0,,,1.0,,
65107631,77.0,59.0,2.0,1.0,2.0,77.0,59.0,A,,2.0,1.0,103844.0,,,415636.0,,,1.0,,
61880059,10.0,11.0,2.0,1.0,,,,,,,,,,,,,,,,
61880124,10.0,11.0,2.0,1.0,2.0,10.0,11.0,A,,2.0,1.0,,,,415636.0,,,1.0,,
61880683,63.0,63.0,2.0,1.0,,,,,,,,,,,,,,,,
61880754,63.0,62.0,4.0,25.0,,,,,,,,,,,,,,,,
61880824,63.0,63.0,2.0,1.0,,,,,,,,,,,,,,,,
61880904,63.0,63.0,2.0,1.0,,,,,,,,,,,,,,,,
61880978,77.0,1202.0,2.0,1.0,,,,,,,,,,,,,,,,
61881033,77.0,1202.0,2.0,1.0,,,,,,,,,,,,,,,,
61881096,77.0,1202.0,2.0,1.0,,,,,,,,,,,,,,,,
61881271,63.0,63.0,2.0,1.0,,,,,,,,,,,,,,,,
61881425,10.0,11.0,2.0,1.0,,,,,,,,,,,,,,,,
61881476,10.0,452.0,2.0,1.0,,,,,,,,,,,,,,,,
61881533,,,,,,,,,,,,,,,,,,,,
61881620,10.0,13.0,2.0,1.0,,,,,,,,,,,,,,,,
61881680,10.0,8.0,2.0,1.0,,,,,,,,,,,,,,,,
61882948,,,,,,,,,,,,,,,,,,,,
71782879,,,,,,,,,,,,,,,,,,,,
71785415,10.0,1364.0,2.0,1.0,,,,,,,,,,,,,,,,
71787852,,,,,2.0,462.0,1356.0,A,,2.0,1.0,50000.0,803.0,,415634.0,,,1.0,,
72016186,,,,,,,,,,,,,,,,,,,,
76672967,,,,,,,,,,,,,,,,,,,,
76673168,,,,,,,,,,,,,,,,,,,,
76673333,,,,,,,,,,,,,,,,,,,,
76673474,,,,,,,,,,,,,,,,,,,,
76673664,,,,,,,,,,,,,,,,,,,,
76673829,,,,,,,,,,,,,,,,,,,,
76674092,,,,,,,,,,,,,,,,,,,,
76674183,,,,,,,,,,,,,,,,,,,,
76674293,,,,,,,,,,,,,,,,,,,,
76674381,,,,,,,,,,,,,,,,,,,,
76674469,,,,,,,,,,,,,,,,,,,,
76674672,,,,,,,,,,,,,,,,,,,,
76674745,,,,,,,,,,,,,,,,,,,,
76674880,,,,,,,,,,,,,,,,,,,,
76675005,,,,,,,,,,,,,,,,,,,,
76675071,,,,,,,,,,,,,,,,,,,,
76675136,,,,,,,,,,,,,,,,,,,,
76675203,,,,,,,,,,,,,,,,,,,,
76675251,,,,,,,,,,,,,,,,,,,,
76675292,,,,,,,,,,,,,,,,,,,,
76675353,,,,,,,,,,,,,,,,,,,,
76675403,,,,,,,,,,,,,,,,,,,,
76675454,,,,,,,,,,,,,,,,,,,,
76675528,,,,,,,,,,,,,,,,,,,,
76675620,,,,,,,,,,,,,,,,,,,,
76675672,,,,,,,,,,,,,,,,,,,,
76675766,,,,,,,,,,,,,,,,,,,,
76675824,,,,,,,,,,,,,,,,,,,,
76675872,,,,,,,,,,,,,,,,,,,,
76675932,,,,,,,,,,,,,,,,,,,,
76730677,,,,,,,,,,,,,,,,,,,,
76731622,,,,,,,,,,,,,,,,,,,,
76733449,,,,,,,,,,,,,,,,,,,,
76734722,,,,,,,,,,,,,,,,,,,,
76735541,,,,,,,,,,,,,,,,,,,,
76736653,,,,,,,,,,,,,,,,,,,,
76737609,,,,,,,,,,,,,,,,,,,,
76738596,,,,,,,,,,,,,,,,,,,,
76739680,,,,,,,,,,,,,,,,,,,,
76749368,,,,,,,,,,,,,,,,,,,,
76750441,,,,,,,,,,,,,,,,,,,,
76751129,,,,,,,,,,,,,,,,,,,,
76752718,,,,,,,,,,,,,,,,,,,,
76754947,,,,,,,,,,,,,,,,,,,,
76755916,,,,,,,,,,,,,,,,,,,,
76756642,,,,,,,,,,,,,,,,,,,,
76760529,,,,,,,,,,,,,,,,,,,,
76762780,,,,,,,,,,,,,,,,,,,,
76775994,,,,,,,,,,,,,,,,,,,,
76777601,,,,,,,,,,,,,,,,,,,,
76780400,,,,,,,,,,,,,,,,,,,,
76893709,,,,,,,,,,,,,,,,,,,,
76894054,,,,,,,,,,,,,,,,,,,,
76894440,,,,,,,,,,,,,,,,,,,,
76894936,,,,,,,,,,,,,,,,,,,,
76895641,,,,,,,,,,,,,,,,,,,,
76896038,,,,,,,,,,,,,,,,,,,,
76897433,,,,,,,,,,,,,,,,,,,,
77188913,,,,,2.0,451.0,1281.0,A,,2.0,1.0,100000.0,728.0,,415636.0,,,1.0,,
77194008,,,,,,,,,,,,,,,,,,,,
77234526,,,,,,,,,,,,,,,,,,,,
77234692,,,,,,,,,,,,,,,,,,,,
77234842,,,,,,,,,,,,,,,,,,,,
77235053,,,,,,,,,,,,,,,,,,,,
77235363,,,,,2.0,103.0,38.0,A,,2.0,1.0,1000.0,34.0,,415580.0,,,1.0,,
77235528,,,,,2.0,103.0,38.0,A,,2.0,1.0,1000.0,34.0,,415583.0,,,1.0,,
77235767,,,,,,,,,,,,,,,,,,,,
77235885,,,,,,,,,,,,,,,,,,,,
77236004,,,,,,,,,,,,,,,,,,,,
77236138,,,,,,,,,,,,,,,,,,,,
77236251,,,,,,,,,,,,,,,,,,,,
77236453,,,,,,,,,,,,,,,,,,,,
77236707,,,,,,,,,,,,,,,,,,,,
77236836,,,,,,,,,,,,,,,,,,,,
77236936,,,,,,,,,,,,,,,,,,,,
77237143,,,,,,,,,,,,,,,,,,,,
77237467,97.0,55.0,4.0,100.0,,,,,,,,,,,,,,,,
77237783,,,,,,,,,,,,,,,,,,,,
77237909,,,,,,,,,,,,,,,,,,,,
77238037,,,,,,,,,,,,,,,,,,,,
77238200,,,,,,,,,,,,,,,,,,,,
77238319,,,,,,,,,,,,,,,,,,,,
77238477,,,,,,,,,,,,,,,,,,,,
77238637,,,,,,,,,,,,,,,,,,,,
77238905,,,,,,,,,,,,,,,,,,,,
77239132,462.0,1375.0,2.0,5.0,,,,,,,,,,,,,,,,
77239347,,,,,,,,,,,,,,,,,,,,
77239491,,,,,,,,,,,,,,,,,,,,
77239909,,,,,,,,,,,,,,,,,,,,
77240111,,,,,,,,,,,,,,,,,,,,
77240244,,,,,,,,,,,,,,,,,,,,
77240307,,,,,,,,,,,,,,,,,,,,
77240383,,,,,,,,,,,,,,,,,,,,
77240471,,,,,,,,,,,,,,,,,,,,
77240562,,,,,,,,,,,,,,,,,,,,
77240671,,,,,,,,,,,,,,,,,,,,
77240775,,,,,2.0,104.0,53.0,A,,2.0,1.0,100000.0,49.0,,415636.0,,,1.0,,
77461555,,,,,,,,,,,,,,,,,,,,
77462058,,,,,,,,,,,,,,,,,,,,
77463280,,,,,,,,,,,,,,,,,,,,
77464510,,,,,2.0,407.0,1072.0,A,,5.0,500.0,1100.0,376.0,,415603.0,,,1.0,,
77465084,,,,,,,,,,,,,,,,,,,,
77465569,,,,,,,,,,,,,,,,,,,,
77466202,,,,,,,,,,,,,,,,,,,,
77467784,,,,,,,,,,,,,,,,,,,,
77469187,,,,,,,,,,,,,,,,,,,,
77470138,,,,,,,,,,,,,,,,,,,,
77470754,,,,,,,,,,,,,,,,,,,,
77471305,,,,,,,,,,,,,,,,,,,,
77472407,,,,,,,,,,,,,,,,,,,,
77472974,,,,,,,,,,,,,,,,,,,,
77473623,,,,,,,,,,,,,,,,,,,,
77474083,,,,,,,,,,,,,,,,,,,,
77482261,,,,,,,,,,,,,,,,,,,,
77540501,,,,,,,,,,,,,,,,,,,,
77540663,,,,,,,,,,,,,,,,,,,,
77540821,,,,,,,,,,,,,,,,,,,,
77540976,,,,,,,,,,,,,,,,,,,,
77541269,,,,,,,,,,,,,,,,,,,,
77541437,,,,,,,,,,,,,,,,,,,,
77541616,,,,,,,,,,,,,,,,,,,,
77541789,,,,,,,,,,,,,,,,,,,,
77541977,,,,,,,,,,,,,,,,,,,,
77542162,,,,,,,,,,,,,,,,,,,,
77542330,,,,,,,,,,,,,,,,,,,,
77542530,,,,,,,,,,,,,,,,,,,,
77542742,,,,,,,,,,,,,,,,,,,,
77542977,,,,,,,,,,,,,,,,,,,,
77543116,,,,,,,,,,,,,,,,,,,,
77543230,,,,,,,,,,,,,,,,,,,,
77543356,,,,,,,,,,,,,,,,,,,,
77543644,,,,,,,,,,,,,,,,,,,,
77543771,,,,,,,,,,,,,,,,,,,,
77543917,,,,,2.0,77.0,59.0,A,,2.0,1.0,2000.0,54.0,,415636.0,,,1.0,,
77544041,,,,,,,,,,,,,,,,,,,,
77544156,77.0,1256.0,2.0,1.0,,,,,,,,,,,,,,,,
77544273,77.0,1256.0,2.0,1.0,,,,,,,,,,,,,,,,
77544387,,,,,,,,,,,,,,,,,,,,
77544475,77.0,59.0,2.0,1.0,,,,,,,,,,,,,,,,
77544575,,,,,,,,,,,,,,,,,,,,
77544646,,,,,,,,,,,,,,,,,,,,
77544731,,,,,,,,,,,,,,,,,,,,
77544811,,,,,,,,,,,,,,,,,,,,
77544885,,,,,,,,,,,,,,,,,,,,
77544960,,,,,,,,,,,,,,,,,,,,
77545053,,,,,,,,,,,,,,,,,,,,
77545142,,,,,,,,,,,,,,,,,,,,
77545222,,,,,,,,,,,,,,,,,,,,
77545357,,,,,,,,,,,,,,,,,,,,
77545438,,,,,,,,,,,,,,,,,,,,
77545506,,,,,,,,,,,,,,,,,,,,
77545641,,,,,,,,,,,,,,,,,,,,
77545703,,,,,,,,,,,,,,,,,,,,
77545773,,,,,,,,,,,,,,,,,,,,
77545836,,,,,,,,,,,,,,,,,,,,
77545896,,,,,,,,,,,,,,,,,,,,
77545954,,,,,,,,,,,,,,,,,,,,
77546011,,,,,,,,,,,,,,,,,,,,
77546071,,,,,,,,,,,,,,,,,,,,
77546138,,,,,,,,,,,,,,,,,,,,
77546191,,,,,,,,,,,,,,,,,,,,
77546245,,,,,,,,,,,,,,,,,,,,
77546296,,,,,,,,,,,,,,,,,,,,
77546402,,,,,,,,,,,,,,,,,,,,
77546502,,,,,2.0,407.0,1153.0,A,,5.0,100.0,6500.0,457.0,,415636.0,,,1.0,,
77546580,407.0,1153.0,5.0,100.0,,,,,,,,,,,,,,,,
77546694,6.0,3.0,2.0,1.0,,,,,,,,,,,,,,,,
77546802,,,,,,,,,,,,,,,,,,,,
77546884,,,,,,,,,,,,,,,,,,,,
77546945,,,,,2.0,97.0,55.0,A,,4.0,100.0,9500.0,64.0,,415636.0,,,1.0,,
77547014,,,,,2.0,97.0,55.0,A,,4.0,100.0,1000.0,64.0,,415662.0,,,1.0,,
77547119,,,,,2.0,103.0,38.0,A,,2.0,1.0,100000.0,34.0,,415580.0,,,1.0,,
77547170,,,,,2.0,77.0,1380.0,A,,2.0,1.0,100000.0,826.0,,415664.0,,,1.0,,
77547267,,,,,,,,,,,,,,,,,,,,
77547313,,,,,,,,,,,,,,,,,,,,
82591106,,,,,,,,,,,,,,,,,,,,
82591414,,,,,,,,,,,,,,,,,,,,
82591764,,,,,,,,,,,,,,,,,,,,
82592378,,,,,,,,,,,,,,,,,,,,
82593391,,,,,,,,,,,,,,,,,,,,
82593849,,,,,,,,,,,,,,,,,,,,
82599849,,,,,2.0,462.0,1346.0,A,,2.0,1.0,150000.0,793.0,,415636.0,,,1.0,,
82622627,,,,,,,,,,,,,,,,,,,,
82623277,,,,,,,,,,,,,,,,,,,,
82623404,,,,,,,,,,,,,,,,,,,,
82623684,,,,,,,,,,,,,,,,,,,,
82623919,,,,,2.0,77.0,59.0,A,,2.0,1.0,100000.0,54.0,,415580.0,,,1.0,,
82624065,462.0,1346.0,2.0,1.0,,,,,,,,,,,,,,,,
82624175,,,,,2.0,77.0,66.0,A,,2.0,1.0,100000.0,60.0,,415662.0,,,1.0,,
82624285,,,,,2.0,77.0,59.0,A,,2.0,1.0,100000.0,54.0,,415636.0,,,1.0,,
82624374,,,,,2.0,4.0,64.0,A,,2.0,1.0,100000.0,58.0,,415718.0,,,1.0,,
82624452,,,,,2.0,10.0,1235.0,A,,2.0,1.0,100000.0,681.0,,415703.0,,,1.0,,
82625002,,,,,2.0,77.0,59.0,A,,2.0,1.0,100000.0,54.0,,415580.0,,,1.0,,
82625074,,,,,2.0,77.0,59.0,A,,2.0,1.0,100000.0,54.0,,415603.0,,,1.0,,
82625178,,,,,2.0,103.0,1259.0,A,,2.0,1.0,100000.0,706.0,,415583.0,,,1.0,,
82625237,462.0,1375.0,2.0,1.0,,,,,,,,,,,,,,,,
82625333,,,,,2.0,103.0,38.0,A,,2.0,1.0,100000.0,34.0,,415601.0,,,1.0,,
82625393,77.0,59.0,2.0,1.0,,,,,,,,,,,,,,,,
82625597,,,,,2.0,462.0,1362.0,A,,2.0,1.0,100000.0,809.0,,415636.0,,,1.0,,
82625669,,,,,2.0,462.0,1362.0,A,,2.0,1.0,100000.0,809.0,,415664.0,,,1.0,,
82625739,,,,,2.0,462.0,1362.0,A,,2.0,1.0,100000.0,809.0,,415636.0,,,1.0,,
82626070,,,,,2.0,462.0,1360.0,A,,2.0,1.0,100000.0,807.0,,415582.0,,,1.0,,
82626134,,,,,2.0,462.0,1359.0,A,,2.0,1.0,100000.0,806.0,,415580.0,,,1.0,,
77189402,,,,,2.0,457.0,1317.0,A,,2.0,1.0,50000.0,764.0,,415636.0,,,1.0,,
71778123,,,,,,,,,,,,,,,,,,,,
71778714,,,,,2.0,10.0,1344.0,A,,2.0,1.0,100000.0,790.0,,415636.0,,,1.0,,
71783933,,,,,2.0,451.0,1376.0,A,,2.0,1.0,52410.0,822.0,,415636.0,,,1.0,,
71784824,,,,,2.0,454.0,1301.0,A,,2.0,1.0,50000.0,748.0,,415603.0,,,1.0,,
71785907,10.0,1344.0,2.0,1.0,2.0,10.0,1344.0,A,,2.0,1.0,200000.0,,,415583.0,,,1.0,,
71786781,,,,,2.0,462.0,1356.0,A,,2.0,1.0,50000.0,803.0,,415599.0,,,1.0,,
71787353,,,,,2.0,462.0,1356.0,A,,2.0,1.0,50000.0,803.0,,415636.0,,,1.0,,
71788368,10.0,1.0,2.0,1.0,2.0,10.0,1.0,A,,2.0,1.0,160000.0,,,415631.0,,,1.0,,
71790344,,,,,2.0,77.0,1087.0,A,,2.0,1.0,100000.0,391.0,,415636.0,,,1.0,,
71791873,,,,,2.0,77.0,1087.0,A,,2.0,1.0,100000.0,391.0,,415580.0,,,1.0,,
77179588,,,,,2.0,451.0,1377.0,A,,2.0,1.0,29100.0,823.0,,415636.0,,,1.0,,
77180319,,,,,2.0,451.0,1376.0,A,,2.0,1.0,29100.0,822.0,,415583.0,,,1.0,,
77180963,,,,,2.0,451.0,1376.0,A,,2.0,1.0,29100.0,822.0,,415703.0,,,1.0,,
77181460,,,,,2.0,451.0,1376.0,A,,2.0,1.0,29100.0,822.0,,415601.0,,,1.0,,
77185759,,,,,2.0,451.0,1376.0,A,,2.0,1.0,29100.0,822.0,,415602.0,,,1.0,,
77189960,,,,,1.0,455.0,1284.0,A,,2.0,1.0,15000.0,731.0,,415636.0,,,1.0,,
77190542,,,,,2.0,453.0,1299.0,A,,2.0,1.0,35000.0,746.0,,415636.0,,,1.0,,
82594828,,,,,2.0,462.0,1345.0,A,,2.0,1.0,182060.0,792.0,,415636.0,,,1.0,,
82596655,,,,,2.0,451.0,1376.0,A,,2.0,1.0,10000.0,822.0,,415636.0,,,1.0,,
82597000,,,,,1.0,455.0,1284.0,A,,2.0,4.0,6000.0,731.0,,415636.0,,,1.0,,"[{""astLocCd"": 415583, ""astPlnUntCd"": null, ""astPlnUntTyp"": null, ""astNoOfUnt"": 1, ""astUnitCostTot"": null}, {""astLocCd"": 415602, ""astPlnUntCd"": null, ""astPlnUntTyp"": null, ""astNoOfUnt"": 1, ""astUnitCostTot"": null}, {""astLocCd"": 415703, ""astPlnUntCd"": null, ""astPlnUntTyp"": null, ""astNoOfUnt"": 1, ""astUnitCostTot"": null}]"
82597337,,,,,2.0,454.0,1300.0,A,,2.0,1.0,90000.0,747.0,,415636.0,,,1.0,,
82597812,,,,,2.0,451.0,1281.0,A,,2.0,1.0,50000.0,728.0,,415636.0,,,1.0,,
82619710,,,,,2.0,77.0,1256.0,A,,2.0,1.0,104000.0,702.0,,415636.0,,,1.0,,
82619899,,,,,2.0,104.0,53.0,A,,2.0,1.0,50000.0,49.0,,415662.0,,,1.0,,
82620157,,,,,2.0,77.0,59.0,A,,2.0,1.0,50000.0,54.0,,415599.0,,,1.0,,
82620425,10.0,1.0,2.0,1.0,2.0,10.0,1.0,A,,2.0,1.0,50000.0,,,415634.0,,,1.0,,
82620528,10.0,1.0,2.0,1.0,2.0,10.0,1.0,A,,2.0,1.0,50000.0,,,415636.0,,,1.0,,
82620683,10.0,1.0,2.0,1.0,2.0,10.0,1.0,A,,2.0,1.0,50000.0,,,415636.0,,,1.0,,
82620771,10.0,1.0,2.0,1.0,2.0,10.0,1.0,A,,2.0,1.0,50000.0,,,415636.0,,,1.0,,
82620887,10.0,1.0,2.0,1.0,2.0,10.0,1.0,A,,2.0,1.0,50000.0,,,415636.0,,,1.0,,
82620987,10.0,1.0,2.0,1.0,2.0,10.0,1.0,A,,2.0,1.0,50000.0,,,415581.0,,,1.0,,
82621086,10.0,1.0,2.0,1.0,2.0,10.0,1.0,A,,2.0,1.0,50000.0,,,415582.0,,,1.0,,
82621188,10.0,1.0,2.0,1.0,2.0,10.0,1.0,A,,2.0,1.0,50000.0,,,415584.0,,,1.0,,
99713914,,,,,,,,,,,,,,,,,,,,
99714482,,,,,,,,,,,,,,,,,,,,
99714522,,,,,,,,,,,,,,,,,,,,
99714807,,,,,,,,,,,,,,,,,,,,
99715074,,,,,,,,,,,,,,,,,,,,
99715344,,,,,,,,,,,,,,,,,,,,
99715636,,,,,,,,,,,,,,,,,,,,
99715865,,,,,,,,,,,,,,,,,,,,
99716201,,,,,,,,,,,,,,,,,,,,
99716528,,,,,,,,,,,,,,,,,,,,
99716763,,,,,,,,,,,,,,,,,,,,
99717169,,,,,,,,,,,,,,,,,,,,
99717523,,,,,,,,,,,,,,,,,,,,
99717757,,,,,,,,,,,,,,,,,,,,
99718017,,,,,,,,,,,,,,,,,,,,
99718480,,,,,,,,,,,,,,,,,,,,
99718640,,,,,,,,,,,,,,,,,,,,
99718955,,,,,,,,,,,,,,,,,,,,
99719123,,,,,,,,,,,,,,,,,,,,
99719249,,,,,,,,,,,,,,,,,,,,
99719377,,,,,,,,,,,,,,,,,,,,
99719378,,,,,,,,,,,,,,,,,,,,
99719690,,,,,,,,,,,,,,,,,,,,
99719833,,,,,,,,,,,,,,,,,,,,
99721079,77.0,1256.0,2.0,1.0,,,,,,,,,,,,,,,,
99722774,,,,,,,,,,,,,,,,,,,,
99722881,,,,,,,,,,,,,,,,,,,,
99722974,,,,,,,,,,,,,,,,,,,,
99723242,,,,,,,,,,,,,,,,,,,,
99723361,,,,,,,,,,,,,,,,,,,,
99723449,,,,,,,,,,,,,,,,,,,,
99723514,,,,,,,,,,,,,,,,,,,,
99723580,,,,,,,,,,,,,,,,,,,,
99781719,,,,,2.0,10.0,1344.0,A,,2.0,1.0,1000000.0,790.0,,415636.0,,,1.0,,
99782219,462.0,1356.0,2.0,1.0,,,,,,,,,,,,,,,,
99782870,,,,,2.0,4.0,64.0,A,,2.0,1.0,200000.0,58.0,,415636.0,,,1.0,,
99783628,,,,,2.0,103.0,38.0,A,,2.0,1.0,100000.0,34.0,,415580.0,,,1.0,,
99784325,,,,,2.0,103.0,1242.0,A,,2.0,1.0,300000.0,688.0,,415580.0,,,1.0,,
99787133,,,,,,,,,,,,,,,,,,,,
99787879,,,,,2.0,103.0,56.0,A,,2.0,1.0,100000.0,51.0,,415703.0,,,1.0,,
107151358,,,,,1.0,455.0,1287.0,A,,2.0,1.0,8000.0,734.0,,415636.0,,,1.0,,
107151554,454.0,1300.0,2.0,1.0,,,,,,,,,,,,,,,,
107151581,,,,,,,,,,,,,,,,,,,,
107151635,457.0,1317.0,2.0,1.0,,,,,,,,,,,,,,,,
107156144,,,,,2.0,457.0,1317.0,A,,2.0,1.0,5000.0,764.0,,415583.0,,,1.0,,
107156174,,,,,2.0,457.0,1317.0,A,,2.0,1.0,5000.0,764.0,,415580.0,,,1.0,,
107156232,,,,,2.0,457.0,1317.0,A,,2.0,1.0,5000.0,764.0,,415601.0,,,1.0,,
107156268,,,,,2.0,457.0,1317.0,A,,2.0,1.0,5000.0,764.0,,415634.0,,,1.0,,
107156312,,,,,2.0,457.0,1317.0,A,,2.0,1.0,5000.0,764.0,,415636.0,,,1.0,,
107156342,,,,,2.0,457.0,1317.0,A,,2.0,1.0,5000.0,764.0,,415662.0,,,1.0,,
107156390,,,,,2.0,457.0,1317.0,A,,2.0,1.0,4000.0,764.0,,415604.0,,,1.0,,
107156439,,,,,2.0,457.0,1317.0,A,,2.0,1.0,4000.0,764.0,,415583.0,,,1.0,,
107156477,,,,,2.0,457.0,1317.0,A,,2.0,1.0,4000.0,764.0,,415580.0,,,1.0,,
107156513,,,,,2.0,457.0,1317.0,A,,2.0,1.0,4000.0,764.0,,415603.0,,,1.0,,
107157468,,,,,2.0,457.0,1317.0,A,,2.0,1.0,4000.0,764.0,,415601.0,,,1.0,,
107163611,,,,,2.0,457.0,1317.0,A,,2.0,1.0,4000.0,764.0,,415602.0,,,1.0,,
107163629,,,,,2.0,457.0,1317.0,A,,2.0,1.0,4000.0,764.0,,415582.0,,,1.0,,
107163648,,,,,2.0,451.0,1281.0,A,,2.0,1.0,10000.0,728.0,,415636.0,,,1.0,,
107163684,,,,,2.0,457.0,1317.0,A,,2.0,1.0,5000.0,764.0,,415636.0,,,1.0,,
107163840,,,,,2.0,457.0,1313.0,A,,2.0,1.0,3000.0,760.0,,415636.0,,,1.0,,
107163875,,,,,2.0,453.0,1299.0,A,,2.0,1.0,3500.0,746.0,,415636.0,,,1.0,,
107163891,,,,,2.0,453.0,1299.0,A,,2.0,1.0,3500.0,746.0,,415634.0,,,1.0,,
107163904,,,,,2.0,453.0,1299.0,A,,2.0,1.0,3500.0,746.0,,415636.0,,,1.0,,
107165112,,,,,2.0,453.0,1299.0,A,,2.0,1.0,3500.0,746.0,,415583.0,,,1.0,,
107165119,,,,,2.0,453.0,1299.0,A,,2.0,1.0,3500.0,746.0,,415662.0,,,1.0,,
107165124,,,,,2.0,456.0,1307.0,A,,2.0,1.0,6000.0,754.0,,415636.0,,,1.0,,
107165132,,,,,2.0,456.0,1307.0,A,,2.0,1.0,3000.0,754.0,,415580.0,,,1.0,,
107165136,,,,,2.0,456.0,1307.0,A,,2.0,1.0,3000.0,754.0,,415636.0,,,1.0,,
107165145,,,,,2.0,456.0,1307.0,A,,2.0,1.0,3000.0,754.0,,415636.0,,,1.0,,
107165160,,,,,2.0,456.0,1307.0,A,,2.0,1.0,3000.0,754.0,,415636.0,,,1.0,,
107165171,,,,,2.0,456.0,1307.0,A,,2.0,1.0,3000.0,754.0,,415636.0,,,1.0,,
107165185,,,,,2.0,456.0,1307.0,A,,2.0,1.0,3000.0,754.0,,415634.0,,,1.0,,
107165195,,,,,2.0,456.0,1307.0,A,,2.0,1.0,3000.0,754.0,,415634.0,,,1.0,,
107165204,,,,,2.0,456.0,1307.0,A,,2.0,1.0,3000.0,754.0,,415634.0,,,1.0,,
107165212,,,,,2.0,456.0,1307.0,A,,2.0,1.0,3000.0,754.0,,415580.0,,,1.0,,
107165298,,,,,2.0,456.0,1307.0,A,,2.0,1.0,3000.0,754.0,,415580.0,,,1.0,,
107165318,,,,,2.0,456.0,1307.0,A,,2.0,1.0,3000.0,754.0,,415580.0,,,1.0,,
107165324,,,,,2.0,456.0,1307.0,A,,2.0,1.0,3000.0,754.0,,415634.0,,,1.0,,
107165572,,,,,2.0,456.0,1307.0,A,,2.0,1.0,6000.0,754.0,,415583.0,,,1.0,,
107165583,,,,,2.0,456.0,1307.0,A,,2.0,1.0,3000.0,754.0,,415583.0,,,1.0,,
107165597,,,,,2.0,456.0,1307.0,A,,2.0,1.0,3000.0,754.0,,415583.0,,,1.0,,
107165610,,,,,2.0,456.0,1307.0,A,,2.0,1.0,6000.0,754.0,,415602.0,,,1.0,,
107165622,,,,,2.0,456.0,1307.0,A,,2.0,1.0,6000.0,754.0,,415601.0,,,1.0,,
107165636,,,,,2.0,456.0,1307.0,A,,2.0,1.0,6000.0,754.0,,415662.0,,,1.0,,
107165648,,,,,2.0,456.0,1307.0,A,,2.0,1.0,3000.0,754.0,,415662.0,,,1.0,,
107165654,,,,,2.0,456.0,1307.0,A,,2.0,1.0,3000.0,754.0,,415662.0,,,1.0,,
107165668,,,,,2.0,456.0,1307.0,A,,2.0,1.0,3000.0,754.0,,415703.0,,,1.0,,
107165680,,,,,2.0,456.0,1307.0,A,,2.0,1.0,3000.0,754.0,,415582.0,,,1.0,,
107165689,,,,,2.0,456.0,1307.0,A,,2.0,1.0,3000.0,754.0,,415582.0,,,1.0,,
107518618,,,,,1.0,455.0,1284.0,A,,2.0,1.0,61897.0,731.0,,415636.0,,,1.0,,
99708661,10.0,1.0,2.0,1.0,2.0,10.0,1.0,A,,2.0,1.0,50000.0,,,415636.0,,,1.0,,
99554571,,,,,2.0,462.0,1346.0,A,,2.0,1.0,117000.0,793.0,,415602.0,,,1.0,,
99554880,,,,,2.0,462.0,1346.0,A,,2.0,1.0,300000.0,793.0,,415636.0,,,1.0,,
99555327,,,,,2.0,462.0,1358.0,A,,2.0,1.0,30000.0,805.0,,415580.0,,,1.0,,
99556218,,,,,2.0,462.0,1362.0,A,,2.0,1.0,42567.0,809.0,,415636.0,,,1.0,,
99707524,77.0,1380.0,2.0,1.0,2.0,77.0,1380.0,A,,2.0,1.0,102756.0,,,415604.0,,,1.0,,
99708144,77.0,1087.0,2.0,1.0,2.0,77.0,1087.0,A,,2.0,1.0,50000.0,,,415636.0,,,1.0,,
99708342,10.0,1.0,2.0,1.0,2.0,10.0,1.0,A,,2.0,1.0,50000.0,,,415636.0,,,1.0,,
99709180,10.0,1.0,2.0,1.0,2.0,10.0,1.0,A,,2.0,1.0,50000.0,,,415603.0,,,1.0,,
99709354,10.0,1.0,2.0,1.0,2.0,10.0,1.0,A,,2.0,1.0,50000.0,,,415602.0,,,1.0,,
99709542,10.0,1.0,2.0,1.0,2.0,10.0,1.0,A,,2.0,1.0,50000.0,,,415635.0,,,1.0,,
99709700,10.0,1.0,2.0,1.0,2.0,10.0,1.0,A,,2.0,1.0,50000.0,,,415580.0,,,1.0,,
99709913,10.0,1.0,2.0,1.0,2.0,10.0,1.0,A,,2.0,1.0,50000.0,,,415583.0,,,1.0,,
99710086,10.0,1.0,2.0,1.0,2.0,10.0,1.0,A,,2.0,1.0,50000.0,,,415662.0,,,1.0,,
99710276,10.0,1.0,2.0,1.0,2.0,10.0,1.0,A,,2.0,1.0,100000.0,,,415604.0,,,1.0,,
99710543,77.0,1087.0,2.0,1.0,2.0,77.0,1087.0,A,,2.0,1.0,200000.0,,,415580.0,,,1.0,,
99711777,,,,,2.0,10.0,26.0,A,,2.0,1.0,70000.0,23.0,,415634.0,,,1.0,,
99712487,,,,,2.0,10.0,1155.0,A,,2.0,1.0,70000.0,459.0,,415580.0,,,1.0,,
99712665,,,,,2.0,10.0,5.0,A,,2.0,1.0,70000.0,5.0,,415636.0,,,1.0,,
99712850,,,,,2.0,77.0,1199.0,A,,2.0,1.0,200000.0,651.0,,415636.0,,,1.0,,
99713042,,,,,2.0,454.0,1301.0,A,,2.0,1.0,124044.0,748.0,,415636.0,,,1.0,,
107151089,,,,,1.0,455.0,1284.0,A,,2.0,1.0,4860.0,731.0,,415703.0,,,1.0,,
107151122,,,,,1.0,455.0,1284.0,A,,2.0,1.0,4860.0,731.0,,415602.0,,,1.0,,
107151144,,,,,1.0,455.0,1284.0,A,,2.0,1.0,4860.0,731.0,,415601.0,,,1.0,,
107151164,,,,,1.0,455.0,1284.0,A,,2.0,1.0,4860.0,731.0,,415583.0,,,1.0,,
107151191,,,,,1.0,455.0,1284.0,A,,2.0,1.0,4860.0,731.0,,415636.0,,,1.0,,
107151284,,,,,,,,,,,,,,,,,,,,
107151394,451.0,1376.0,2.0,1.0,2.0,451.0,1376.0,A,,2.0,1.0,22000.0,,,415636.0,,,1.0,,
107151441,,,,,2.0,451.0,1376.0,A,,2.0,1.0,15000.0,822.0,,415636.0,,,1.0,,
107163708,,,,,2.0,451.0,1376.0,A,,2.0,1.0,29100.0,822.0,,415599.0,,,1.0,,
107163799,,,,,2.0,451.0,1376.0,A,,2.0,1.0,29100.0,822.0,,415603.0,,,1.0,,
107163810,,,,,2.0,451.0,1376.0,A,,2.0,1.0,29100.0,822.0,,415718.0,,,1.0,,
107270771,60.0,1208.0,2.0,1.0,2.0,60.0,1208.0,A,,2.0,1.0,70000.0,,,415636.0,,,1.0,,
116939070,,,,,,,,,,,,,,,,,,,,
116939944,,,,,,,,,,,,,,,,,,,,
116942340,,,,,2.0,451.0,1377.0,A,,2.0,1.0,29100.0,823.0,,415582.0,,,1.0,,
116942659,,,,,1.0,455.0,1284.0,A,,2.0,1.0,10000.0,731.0,,415636.0,,,1.0,,
116942828,,,,,1.0,455.0,1285.0,A,,2.0,1.0,10000.0,732.0,,415636.0,,,1.0,,
116942999,,,,,1.0,455.0,1284.0,A,,2.0,1.0,5000.0,731.0,,415718.0,,,1.0,,
116943130,,,,,1.0,455.0,1284.0,A,,2.0,1.0,5000.0,731.0,,415664.0,,,1.0,,
116943258,,,,,1.0,455.0,1284.0,A,,2.0,1.0,5000.0,731.0,,415582.0,,,1.0,,
116943498,,,,,1.0,455.0,1284.0,A,,2.0,1.0,5000.0,731.0,,415584.0,,,1.0,,
117198635,,,,,,,,,,,,,,,,,,,,
117199266,,,,,,,,,,,,,,,,,,,,
117206161,,,,,,,,,,,,,,,,,,,,
117206654,,,,,,,,,,,,,,,,,,,,
117207836,,,,,,,,,,,,,,,,,,,,
117305604,,,,,,,,,,,,,,,,,,,,
117306011,,,,,,,,,,,,,,,,,,,,
117306991,,,,,,,,,,,,,,,,,,,,
117307346,,,,,,,,,,,,,,,,,,,,
117307709,,,,,,,,,,,,,,,,,,,,
117308279,,,,,,,,,,,,,,,,,,,,
117308597,,,,,,,,,,,,,,,,,,,,
117308863,,,,,,,,,,,,,,,,,,,,
117309165,,,,,,,,,,,,,,,,,,,,
119073438,,,,,,,,,,,,,,,,,,,,
119073662,,,,,,,,,,,,,,,,,,,,
119073855,,,,,,,,,,,,,,,,,,,,
119074149,,,,,,,,,,,,,,,,,,,,
119074359,,,,,,,,,,,,,,,,,,,,
119074560,,,,,,,,,,,,,,,,,,,,
119089550,97.0,55.0,4.0,500.0,,,,,,,,,,,,,,,,
119092175,,,,,2.0,4.0,1026.0,A,,4.0,500.0,1000.0,80.0,,415662.0,,,1.0,,
119092964,,,,,2.0,4.0,1026.0,A,,4.0,500.0,1000.0,80.0,,415600.0,,,1.0,,
119093152,407.0,1153.0,5.0,650.0,,,,,,,,,,,,,,,,
119093392,,,,,2.0,10.0,1.0,A,,2.0,1.0,180000.0,1.0,,415583.0,,,1.0,,
119093519,,,,,2.0,15.0,1064.0,A,,4.0,800.0,1000.0,367.0,,415664.0,,,1.0,,
119093625,,,,,2.0,15.0,1258.0,A,,4.0,750.0,1000.0,705.0,,415580.0,,,1.0,,
119093737,,,,,2.0,15.0,1064.0,A,,4.0,800.0,1000.0,367.0,,415584.0,,,1.0,,
119095097,407.0,1153.0,5.0,500.0,,,,,,,,,,,,,,,,
119095240,,,,,,,,,,,,,,,,,,,,
119095331,,,,,,,,,,,,,,,,,,,,
119095427,,,,,,,,,,,,,,,,,,,,
119095756,,,,,,,,,,,,,,,,,,,,
119095854,,,,,,,,,,,,,,,,,,,,
119095932,,,,,,,,,,,,,,,,,,,,
119095990,,,,,,,,,,,,,,,,,,,,
119096060,,,,,,,,,,,,,,,,,,,,
119096137,,,,,,,,,,,,,,,,,,,,
119096200,,,,,,,,,,,,,,,,,,,,
119167824,,,,,,,,,,,,,,,,,,,,
119167984,,,,,,,,,,,,,,,,,,,,
119168254,,,,,,,,,,,,,,,,,,,,
119168771,,,,,,,,,,,,,,,,,,,,
119168946,,,,,,,,,,,,,,,,,,,,
119169806,,,,,,,,,,,,,,,,,,,,
119169968,,,,,,,,,,,,,,,,,,,,
119170432,,,,,,,,,,,,,,,,,,,,
119170729,,,,,,,,,,,,,,,,,,,,
119170900,,,,,,,,,,,,,,,,,,,,
120769652,,,,,,,,,,,,,,,,,,,,
120769931,,,,,,,,,,,,,,,,,,,,
120775845,,,,,,,,,,,,,,,,,,,,
120776116,77.0,1207.0,2.0,1.0,,,,,,,,,,,,,,,,
120776390,,,,,2.0,77.0,1207.0,A,,2.0,1.0,5000.0,653.0,,415636.0,,,1.0,,
120776557,77.0,1227.0,2.0,1.0,,,,,,,,,,,,,,,,
120776734,77.0,1207.0,2.0,1.0,,,,,,,,,,,,,,,,
120777072,77.0,59.0,2.0,1.0,,,,,,,,,,,,,,,,
120777320,77.0,59.0,2.0,1.0,,,,,,,,,,,,,,,,
120777583,77.0,59.0,2.0,1.0,,,,,,,,,,,,,,,,
120777828,451.0,1376.0,2.0,1.0,,,,,,,,,,,,,,,,
120778078,,,,,2.0,77.0,59.0,A,,2.0,1.0,5000.0,54.0,,415636.0,,,1.0,,
120780042,,,,,2.0,63.0,28.0,A,,2.0,1.0,20000.0,25.0,,415636.0,,,1.0,,
120780279,77.0,1256.0,2.0,1.0,,,,,,,,,,,,,,,,
120780469,77.0,1202.0,2.0,1.0,,,,,,,,,,,,,,,,
120780875,,,,,2.0,10.0,1235.0,A,,2.0,1.0,25000.0,681.0,,415602.0,,,1.0,,
120781082,77.0,59.0,2.0,1.0,,,,,,,,,,,,,,,,
120782403,,,,,2.0,77.0,1256.0,A,,2.0,1.0,1000.0,702.0,,415636.0,,,1.0,,
120782625,,,,,2.0,77.0,1256.0,A,,2.0,1.0,1000.0,702.0,,415636.0,,,1.0,,
120782855,60.0,1208.0,2.0,1.0,,,,,,,,,,,,,,,,
120791564,,,,,2.0,15.0,1064.0,A,,4.0,800.0,1250.0,367.0,,415582.0,,,1.0,,
120791766,77.0,1256.0,2.0,1.0,,,,,,,,,,,,,,,,
120767246,,,,,2.0,10.0,1155.0,A,,2.0,1.0,50000.0,459.0,,415634.0,,,1.0,,
114480358,,,,,2.0,462.0,1345.0,A,,2.0,1.0,300000.0,792.0,,415636.0,,,1.0,,
114482331,,,,,2.0,462.0,1346.0,A,,2.0,1.0,117000.0,793.0,,415636.0,,,1.0,,
114484467,,,,,2.0,462.0,1346.0,A,,2.0,1.0,30567.0,793.0,,415636.0,,,1.0,,
114486227,,,,,2.0,10.0,10.0,A,,2.0,1.0,42000.0,9.0,,415580.0,,,1.0,,
114489608,77.0,59.0,2.0,1.0,2.0,77.0,59.0,A,,2.0,1.0,100000.0,,,415636.0,,,1.0,,
116939380,,,,,2.0,454.0,1301.0,A,,2.0,1.0,300000.0,748.0,,415636.0,,,1.0,,
116944306,,,,,1.0,455.0,1284.0,A,,2.0,1.0,30217.0,731.0,,415580.0,,,1.0,,
117125903,104.0,53.0,2.0,1.0,2.0,104.0,53.0,A,,2.0,1.0,300000.0,,,415580.0,,,1.0,,
117126175,104.0,53.0,2.0,1.0,2.0,104.0,53.0,A,,2.0,1.0,300000.0,,,415634.0,,,1.0,,
117126878,,,,,2.0,97.0,1238.0,A,,2.0,1.0,52756.0,684.0,,415636.0,,,1.0,,
117129679,77.0,59.0,2.0,1.0,2.0,77.0,59.0,A,,2.0,1.0,121044.0,,,415636.0,,,1.0,,
117130103,77.0,59.0,2.0,1.0,2.0,77.0,59.0,A,,2.0,1.0,100000.0,,,415636.0,,,1.0,,
117130546,63.0,63.0,2.0,1.0,2.0,63.0,63.0,A,,2.0,1.0,100000.0,,,415662.0,,,1.0,,
117131013,10.0,26.0,2.0,1.0,2.0,10.0,26.0,A,,2.0,1.0,50000.0,,,415599.0,,,1.0,,
117131915,,,,,2.0,10.0,5.0,A,,2.0,1.0,50000.0,5.0,,415599.0,,,1.0,,
117132339,,,,,2.0,10.0,26.0,A,,2.0,1.0,50000.0,23.0,,415581.0,,,1.0,,
117133108,,,,,2.0,10.0,1.0,A,,2.0,1.0,50000.0,1.0,,415636.0,,,1.0,,
117133377,,,,,2.0,10.0,1.0,A,,2.0,1.0,50000.0,1.0,,415580.0,,,1.0,,
117133605,,,,,2.0,10.0,1.0,A,,2.0,1.0,50000.0,1.0,,415583.0,,,1.0,,
117133847,,,,,2.0,10.0,1.0,A,,2.0,1.0,50000.0,1.0,,415636.0,,,1.0,,
117134081,,,,,2.0,10.0,1.0,A,,2.0,1.0,50000.0,1.0,,415636.0,,,1.0,,
120768069,,,,,2.0,456.0,1307.0,A,,2.0,1.0,29100.0,754.0,,415664.0,,,1.0,,
120768562,,,,,,,,,,,,,,,,,,,,
120794463,77.0,1380.0,2.0,1.0,2.0,77.0,1380.0,A,,2.0,1.0,150000.0,,,415602.0,,,1.0,,
120794631,77.0,1380.0,2.0,1.0,2.0,77.0,1380.0,A,,2.0,1.0,150000.0,,,415583.0,,,1.0,,
44402698,,,,,2.0,77.0,1202.0,A,,2.0,1.0,100000.0,505.0,,407473.0,,,1.0,,
44402758,,,,,2.0,15.0,458.0,A,,4.0,1.0,100000.0,358.0,,407472.0,,,1.0,,
44403003,,,,,2.0,63.0,63.0,A,,2.0,1.0,250000.0,57.0,,407474.0,,,1.0,,
44401335,462.0,1345.0,2.0,1.0,2.0,462.0,1345.0,A,,2.0,1.0,1809.0,,,407473.0,,,1.0,,
44402043,,,,,2.0,10.0,1156.0,A,,4.0,100.0,500000.0,551.0,,407473.0,,,1.0,,
44402301,,,,,2.0,63.0,1241.0,A,,2.0,3.0,,687.0,,407473.0,,,1.0,,"[{""astLocCd"": 407474, ""astPlnUntCd"": null, ""astPlnUntTyp"": null, ""astNoOfUnt"": 1, ""astUnitCostTot"": null}, {""astLocCd"": 407472, ""astPlnUntCd"": null, ""astPlnUntTyp"": null, ""astNoOfUnt"": 1, ""astUnitCostTot"": null}]"
44402404,,,,,2.0,63.0,62.0,A,,4.0,100.0,400000.0,65.0,,407473.0,,,1.0,,
44402522,,,,,2.0,15.0,458.0,A,,4.0,100.0,181896.0,358.0,,407472.0,,,1.0,,
44402591,77.0,1202.0,2.0,1.0,2.0,77.0,1202.0,A,,2.0,1.0,,,,407473.0,,,1.0,,
44402828,,,,,2.0,15.0,458.0,A,,4.0,100.0,250000.0,358.0,,407472.0,,,1.0,,
44402904,,,,,2.0,15.0,458.0,A,,4.0,100.0,398955.0,358.0,,407472.0,,,1.0,,
44403130,,,,,,,,,,,,,,,,,,,,
44403211,,,,,,,,,,,,,,,,,,,,
44403269,,,,,,,,,,,,,,,,,,,,
44403402,,,,,2.0,15.0,458.0,A,,4.0,100.0,200000.0,358.0,,407473.0,,,1.0,,
44403497,104.0,53.0,2.0,1.0,2.0,104.0,53.0,A,,2.0,1.0,,,,407474.0,,,1.0,,
47380958,,11.0,2.0,1.0,,,,,,,,,,,,,,,,
47382065,454.0,1300.0,2.0,1.0,2.0,63.0,62.0,A,,4.0,600.0,650000.0,65.0,,407473.0,,,1.0,,
47382584,454.0,1300.0,2.0,1.0,2.0,63.0,62.0,A,,4.0,1.0,250000.0,65.0,,407473.0,,,1.0,,
47385096,,,,,2.0,15.0,458.0,A,,4.0,100.0,100000.0,358.0,,407474.0,,,1.0,,
47386394,,1069.0,2.0,1.0,,,,,,,,,,,,,,,,
47863253,454.0,1300.0,2.0,1.0,2.0,63.0,62.0,A,,4.0,1.0,100426.0,65.0,,407473.0,,,1.0,,
47863358,454.0,1300.0,2.0,1.0,2.0,63.0,62.0,A,,4.0,1.0,180000.0,65.0,,407474.0,,,1.0,,
47864860,,,,,2.0,77.0,1207.0,A,,2.0,1.0,395995.0,653.0,,407473.0,,,1.0,,
61316533,106.0,1252.0,2.0,1.0,,,,,,,,,,,,,,,,
47379250,,,,,,,,,,,,,,,,,,,,
47379391,,,,,,,,,,,,,,,,,,,,
47379796,,,,,,,,,,,,,,,,,,,,
47380104,97.0,1260.0,2.0,1.0,2.0,97.0,1260.0,A,,2.0,1.0,,,,407472.0,,,1.0,,
47380271,77.0,1202.0,2.0,1.0,2.0,77.0,1202.0,A,,2.0,1.0,200000.0,,,407473.0,,,1.0,,
47380387,15.0,458.0,4.0,1.0,2.0,15.0,458.0,A,,4.0,1.0,,,,407473.0,,,1.0,,
47383102,77.0,1202.0,2.0,1.0,2.0,77.0,1202.0,A,,2.0,1.0,,,,407472.0,,,1.0,,
47383253,,,,,2.0,15.0,458.0,A,,4.0,150.0,150000.0,358.0,,407472.0,,,1.0,,
47383466,,,,,2.0,15.0,458.0,A,,4.0,100.0,150000.0,358.0,,407474.0,,,1.0,,
47384658,,,,,2.0,15.0,458.0,A,,4.0,200.0,200000.0,358.0,,407473.0,,,1.0,,
47385336,15.0,458.0,4.0,1.0,2.0,15.0,458.0,A,,4.0,1.0,,,,407474.0,,,1.0,,
47385789,,,,,2.0,15.0,458.0,A,,4.0,100.0,100000.0,358.0,,407472.0,,,1.0,,
47385999,,,,,2.0,15.0,458.0,A,,4.0,300.0,380851.0,358.0,,407472.0,,,1.0,,
47863116,,,,,2.0,10.0,1156.0,A,,4.0,1.0,540425.0,551.0,,407473.0,,,1.0,,
47863172,,,,,2.0,10.0,1156.0,A,,4.0,1.0,200000.0,551.0,,407473.0,,,1.0,,
47863310,10.0,11.0,2.0,1.0,2.0,10.0,11.0,A,,2.0,1.0,,,,407473.0,,,1.0,,
49001402,454.0,1300.0,2.0,1.0,2.0,454.0,1300.0,A,,2.0,1.0,,,,407473.0,,,1.0,,
47384873,,,,,2.0,15.0,458.0,A,,4.0,100.0,100000.0,358.0,,407474.0,,,1.0,,
60523094,,1076.0,2.0,1.0,,,,,,,,,,,,,,,,
65617947,,,,,2.0,454.0,1301.0,A,,2.0,2.0,30000.0,748.0,,407473.0,,,2.0,,
65618232,,,,,2.0,451.0,1281.0,A,,2.0,3.0,12000.0,728.0,,407473.0,,,3.0,,
65618586,,,,,1.0,455.0,1287.0,A,,2.0,1.0,18000.0,734.0,,407473.0,,,1.0,,
65618736,,,,,2.0,63.0,63.0,A,,2.0,1.0,7527.0,57.0,,407473.0,,,1.0,,
60520967,462.0,1345.0,2.0,1.0,2.0,462.0,1345.0,A,,2.0,1.0,100000.0,,,407473.0,,,1.0,,
60522491,104.0,53.0,2.0,1.0,2.0,104.0,53.0,A,,2.0,1.0,472500.0,,,407472.0,,,1.0,,
60522812,77.0,1076.0,2.0,1.0,2.0,77.0,1076.0,A,,2.0,1.0,40952.0,,,407473.0,,,1.0,,
60840924,462.0,1345.0,2.0,1.0,2.0,462.0,1345.0,A,,2.0,1.0,100347.0,,,407473.0,,,1.0,,
60840977,10.0,11.0,2.0,1.0,2.0,10.0,11.0,A,,2.0,1.0,,,,407473.0,,,1.0,,
65617756,462.0,1345.0,2.0,1.0,2.0,462.0,1345.0,A,,2.0,1.0,92000.0,,,407473.0,,,1.0,,
65617848,,,,,,,,,,,,,,,,,,,,
65618024,,,,,2.0,451.0,1281.0,A,,2.0,4.0,25000.0,728.0,,407473.0,,,1.0,,"[{""astLocCd"": 407472, ""astPlnUntCd"": null, ""astPlnUntTyp"": null, ""astNoOfUnt"": 2, ""astUnitCostTot"": null}, {""astLocCd"": 407474, ""astPlnUntCd"": null, ""astPlnUntTyp"": null, ""astNoOfUnt"": 1, ""astUnitCostTot"": null}]"
65618114,,,,,2.0,457.0,1317.0,A,,2.0,4.0,5000.0,764.0,,407473.0,,,1.0,,"[{""astLocCd"": 407472, ""astPlnUntCd"": null, ""astPlnUntTyp"": null, ""astNoOfUnt"": 2, ""astUnitCostTot"": null}, {""astLocCd"": 407474, ""astPlnUntCd"": null, ""astPlnUntTyp"": null, ""astNoOfUnt"": 1, ""astUnitCostTot"": null}]"
65618185,,,,,2.0,451.0,1281.0,A,,2.0,1.0,90000.0,728.0,,407473.0,,,1.0,,
65618300,,,,,2.0,451.0,1281.0,A,,2.0,1.0,60000.0,728.0,,407473.0,,,1.0,,
65618394,,,,,2.0,451.0,1281.0,A,,2.0,5.0,7500.0,728.0,,407473.0,,,1.0,,"[{""astLocCd"": 407474, ""astPlnUntCd"": null, ""astPlnUntTyp"": null, ""astNoOfUnt"": 3, ""astUnitCostTot"": null}, {""astLocCd"": 407472, ""astPlnUntCd"": null, ""astPlnUntTyp"": null, ""astNoOfUnt"": 1, ""astUnitCostTot"": null}]"
65618474,,,,,2.0,460.0,1325.0,A,,2.0,1.0,51000.0,57.0,,407473.0,,,1.0,,
65618526,,,,,2.0,451.0,1281.0,A,,2.0,1.0,150320.0,728.0,,407473.0,,,1.0,,
65618551,,,,,,,,,,,,,,,,,,,,
65618784,,,,,2.0,77.0,1202.0,A,,2.0,1.0,828796.0,505.0,,407473.0,,,1.0,,
65618843,,,,,2.0,77.0,1202.0,A,,2.0,1.0,105000.0,505.0,,407473.0,,,1.0,,
65618941,,,,,2.0,77.0,1202.0,A,,2.0,1.0,322500.0,505.0,,407473.0,,,1.0,,
65619548,,,,,2.0,77.0,1202.0,A,,2.0,1.0,150000.0,505.0,,407473.0,,,1.0,,
82599468,,,,,,,,,,,,,,,,,,,,
82599708,,,,,,,,,,,,,,,,,,,,
60522258,10.0,13.0,2.0,1.0,,,,,,,,,,,,,,,,
60522672,104.0,53.0,2.0,1.0,,,,,,,,,,,,,,,,
60841033,10.0,11.0,2.0,1.0,,,,,,,,,,,,,,,,
60841159,454.0,1300.0,2.0,1.0,,,,,,,,,,,,,,,,
60841205,454.0,1300.0,2.0,1.0,,,,,,,,,,,,,,,,
60841269,454.0,1300.0,2.0,1.0,,,,,,,,,,,,,,,,
60841327,454.0,1300.0,2.0,1.0,,,,,,,,,,,,,,,,
60841405,454.0,1300.0,2.0,1.0,,,,,,,,,,,,,,,,
60841468,454.0,1300.0,2.0,1.0,,,,,,,,,,,,,,,,
68169504,,,,,,,,,,,,,,,,,,,,
68169621,60.0,1275.0,2.0,1.0,,,,,,,,,,,,,,,,
68170100,,,,,2.0,77.0,1199.0,A,,2.0,1.0,150000.0,651.0,,407474.0,,,1.0,,
77457637,,,,,,,,,,,,,,,,,,,,
77460564,451.0,1376.0,2.0,1.0,,,,,,,,,,,,,,,,
77513071,,,,,,,,,,,,,,,,,,,,
78971983,,,,,,,,,,,,,,,,,,,,
78981234,,,,,2.0,451.0,1376.0,A,,2.0,1.0,7000.0,822.0,,407473.0,,,1.0,,
79703903,,,,,2.0,77.0,37.0,A,,2.0,1.0,10868.0,33.0,,407473.0,,,1.0,,
79774865,,,,,,,,,,,,,,,,,,,,
79829546,,,,,,,,,,,,,,,,,,,,
79834206,,,,,,,,,,,,,,,,,,,,
79835675,,,,,,,,,,,,,,,,,,,,
79836457,,,,,,,,,,,,,,,,,,,,
79839235,,,,,,,,,,,,,,,,,,,,
79841889,,,,,,,,,,,,,,,,,,,,
79853167,,,,,,,,,,,,,,,,,,,,
79853949,,,,,,,,,,,,,,,,,,,,
79855034,,,,,,,,,,,,,,,,,,,,
79858492,,,,,,,,,,,,,,,,,,,,
79859464,,,,,,,,,,,,,,,,,,,,
79950913,,,,,,,,,,,,,,,,,,,,
79953197,,,,,,,,,,,,,,,,,,,,
79954851,,,,,,,,,,,,,,,,,,,,
79964303,,,,,,,,,,,,,,,,,,,,
79964862,,,,,,,,,,,,,,,,,,,,
79965485,,,,,,,,,,,,,,,,,,,,
79966704,,,,,,,,,,,,,,,,,,,,
79981035,,,,,,,,,,,,,,,,,,,,
79981712,,,,,,,,,,,,,,,,,,,,
80088727,,,,,,,,,,,,,,,,,,,,
80089634,,,,,,,,,,,,,,,,,,,,
80090442,,,,,,,,,,,,,,,,,,,,
80091769,,,,,,,,,,,,,,,,,,,,
80092799,,,,,,,,,,,,,,,,,,,,
80096346,,,,,,,,,,,,,,,,,,,,
80107026,,,,,,,,,,,,,,,,,,,,
80108417,,,,,,,,,,,,,,,,,,,,
80109649,,,,,,,,,,,,,,,,,,,,
80110615,,,,,,,,,,,,,,,,,,,,
80112323,,,,,,,,,,,,,,,,,,,,
80119840,,,,,,,,,,,,,,,,,,,,
80249778,,,,,,,,,,,,,,,,,,,,
80250780,,,,,,,,,,,,,,,,,,,,
80251273,,,,,,,,,,,,,,,,,,,,
80251648,,,,,,,,,,,,,,,,,,,,
80252010,,,,,,,,,,,,,,,,,,,,
80253578,,,,,,,,,,,,,,,,,,,,
80255281,,,,,,,,,,,,,,,,,,,,
80255671,,,,,,,,,,,,,,,,,,,,
80256045,,,,,,,,,,,,,,,,,,,,
80256486,,,,,,,,,,,,,,,,,,,,
80256845,,,,,,,,,,,,,,,,,,,,
80257169,,,,,,,,,,,,,,,,,,,,
80257527,,,,,,,,,,,,,,,,,,,,
80264362,,,,,,,,,,,,,,,,,,,,
80265270,,,,,,,,,,,,,,,,,,,,
80268544,,,,,,,,,,,,,,,,,,,,
80268992,,,,,,,,,,,,,,,,,,,,
80269704,,,,,,,,,,,,,,,,,,,,
80270961,,,,,,,,,,,,,,,,,,,,
80272069,,,,,,,,,,,,,,,,,,,,
80272618,,,,,,,,,,,,,,,,,,,,
80273036,,,,,,,,,,,,,,,,,,,,
80273630,,,,,,,,,,,,,,,,,,,,
80274008,,,,,,,,,,,,,,,,,,,,
80274466,,,,,,,,,,,,,,,,,,,,
80274790,,,,,,,,,,,,,,,,,,,,
80275187,,,,,,,,,,,,,,,,,,,,
80275595,,,,,,,,,,,,,,,,,,,,
80275912,,,,,,,,,,,,,,,,,,,,
80276208,,,,,,,,,,,,,,,,,,,,
80276612,,,,,,,,,,,,,,,,,,,,
80277436,,,,,,,,,,,,,,,,,,,,
80277729,,,,,,,,,,,,,,,,,,,,
80297416,,,,,,,,,,,,,,,,,,,,
80300814,,,,,,,,,,,,,,,,,,,,
80301255,,,,,,,,,,,,,,,,,,,,
80301792,,,,,,,,,,,,,,,,,,,,
80302279,,,,,,,,,,,,,,,,,,,,
80302784,,,,,,,,,,,,,,,,,,,,
80303414,,,,,,,,,,,,,,,,,,,,
80303966,,,,,,,,,,,,,,,,,,,,
80310674,,,,,,,,,,,,,,,,,,,,
80312692,,,,,,,,,,,,,,,,,,,,
80313065,,,,,,,,,,,,,,,,,,,,
80313705,,,,,,,,,,,,,,,,,,,,
80314128,,,,,,,,,,,,,,,,,,,,
80315157,,,,,,,,,,,,,,,,,,,,
80315521,,,,,,,,,,,,,,,,,,,,
80317090,,,,,,,,,,,,,,,,,,,,
80318810,,,,,,,,,,,,,,,,,,,,
80319149,,,,,,,,,,,,,,,,,,,,
80319634,,,,,,,,,,,,,,,,,,,,
80320683,,,,,,,,,,,,,,,,,,,,
80321379,,,,,,,,,,,,,,,,,,,,
80322871,,,,,,,,,,,,,,,,,,,,
80323354,,,,,,,,,,,,,,,,,,,,
80323798,,,,,,,,,,,,,,,,,,,,
80324272,,,,,,,,,,,,,,,,,,,,
80325045,,,,,,,,,,,,,,,,,,,,
80325517,,,,,,,,,,,,,,,,,,,,
80325865,,,,,,,,,,,,,,,,,,,,
80328028,,,,,,,,,,,,,,,,,,,,
80328674,,,,,,,,,,,,,,,,,,,,
80590417,15.0,458.0,4.0,100.0,,,,,,,,,,,,,,,,
80590909,,,,,2.0,97.0,55.0,A,,4.0,1.0,80000.0,64.0,,407473.0,,,1.0,,
80591910,,,,,2.0,15.0,458.0,A,,4.0,100.0,1000.0,358.0,,407473.0,,,1.0,,
80592609,,,,,2.0,15.0,458.0,A,,4.0,100.0,1000.0,358.0,,407472.0,,,1.0,,
80597426,,,,,,,,,,,,,,,,,,,,
80598569,77.0,46.0,2.0,1.0,,,,,,,,,,,,,,,,
80599331,,,,,2.0,77.0,1202.0,A,,2.0,1.0,12000.0,505.0,,407473.0,,,1.0,,
80600044,,,,,1.0,411.0,1157.0,A,,2.0,10.0,350.0,461.0,,407473.0,,,10.0,,
80602263,,,,,2.0,77.0,1207.0,A,,2.0,1.0,12000.0,653.0,,407473.0,,,1.0,,
80602791,,,,,,,,,,,,,,,,,,,,
80603229,,,,,,,,,,,,,,,,,,,,
80603620,,,,,,,,,,,,,,,,,,,,
80604194,,,,,2.0,77.0,1207.0,A,,2.0,1.0,5000.0,653.0,,407473.0,,,1.0,,
80604764,77.0,1199.0,2.0,1.0,,,,,,,,,,,,,,,,
80605311,,,,,2.0,77.0,1207.0,A,,2.0,1.0,5000.0,653.0,,407473.0,,,1.0,,
80608562,97.0,55.0,4.0,1.0,,,,,,,,,,,,,,,,
80609215,,,,,2.0,77.0,1076.0,A,,2.0,1.0,10000.0,380.0,,407473.0,,,1.0,,
80609706,,,,,,,,,,,,,,,,,,,,
80610290,97.0,55.0,4.0,1.0,,,,,,,,,,,,,,,,
80610840,,,,,2.0,77.0,59.0,A,,2.0,1.0,5000.0,54.0,,407473.0,,,1.0,,
80611284,77.0,1227.0,2.0,1.0,,,,,,,,,,,,,,,,
80611821,,,,,,,,,,,,,,,,,,,,
80612323,,,,,2.0,77.0,1207.0,A,,2.0,1.0,25000.0,653.0,,407473.0,,,1.0,,
80612981,,,,,2.0,77.0,1199.0,A,,2.0,1.0,5000.0,651.0,,407473.0,,,1.0,,
80615039,,,,,2.0,77.0,1227.0,A,,2.0,1.0,5000.0,673.0,,407473.0,,,1.0,,
80617820,,,,,2.0,77.0,1217.0,A,,2.0,1.0,5000.0,663.0,,407473.0,,,1.0,,
80618486,,,,,2.0,462.0,1345.0,A,,2.0,1.0,6000.0,792.0,,407473.0,,,1.0,,
80619089,,,,,2.0,77.0,46.0,A,,2.0,1.0,9000.0,42.0,,407473.0,,,1.0,,
80619674,,,,,2.0,104.0,53.0,A,,2.0,1.0,10000.0,49.0,,407473.0,,,1.0,,
80620413,,,,,,,,,,,,,,,,,,,,
80621190,,,,,2.0,462.0,1345.0,A,,2.0,1.0,14000.0,792.0,,407473.0,,,1.0,,
80621632,,,,,2.0,77.0,1225.0,A,,2.0,1.0,8000.0,671.0,,407474.0,,,1.0,,
80622059,,,,,2.0,60.0,1211.0,A,,2.0,1.0,7000.0,657.0,,407472.0,,,1.0,,
80622631,,,,,2.0,77.0,66.0,A,,2.0,1.0,6500.0,60.0,,407474.0,,,1.0,,
80625017,,,,,2.0,104.0,53.0,A,,2.0,1.0,5000.0,49.0,,407473.0,,,1.0,,
80625528,,,,,2.0,77.0,1380.0,A,,2.0,1.0,8900.0,826.0,,407472.0,,,1.0,,
80626113,,,,,2.0,77.0,1380.0,A,,2.0,1.0,5565.0,826.0,,407473.0,,,1.0,,
80626614,,,,,2.0,104.0,39.0,A,,2.0,1.0,8877.0,35.0,,407473.0,,,1.0,,
80627364,,,,,2.0,29.0,1280.0,A,,2.0,1.0,8980.0,726.0,,407472.0,,,1.0,,
80630199,,,,,,,,,,,,,,,,,,,,
80630788,,,,,2.0,77.0,1207.0,A,,2.0,1.0,5000.0,653.0,,407473.0,,,1.0,,
80631359,,,,,2.0,77.0,1207.0,A,,2.0,1.0,15000.0,653.0,,407473.0,,,1.0,,
80632277,,,,,1.0,41.0,1102.0,A,,2.0,1.0,3000.0,406.0,,407473.0,,,1.0,,
80632867,,,,,1.0,41.0,1102.0,A,,2.0,1.0,20000.0,406.0,,407473.0,,,1.0,,
80633714,,,,,2.0,77.0,1207.0,A,,2.0,1.0,12000.0,653.0,,407473.0,,,1.0,,
80635271,,,,,1.0,41.0,1102.0,A,,2.0,1.0,1500.0,406.0,,407473.0,,,1.0,,
80635842,,,,,1.0,41.0,1102.0,A,,2.0,1.0,2000.0,406.0,,407473.0,,,1.0,,
80636307,77.0,1207.0,2.0,1.0,,,,,,,,,,,,,,,,
80636729,,,,,1.0,48.0,371.0,A,,2.0,1.0,11000.0,271.0,,407473.0,,,1.0,,
80637116,,,,,,,,,,,,,,,,,,,,
80638307,,,,,1.0,41.0,1102.0,A,,2.0,1.0,7000.0,406.0,,407473.0,,,1.0,,
80638961,77.0,46.0,2.0,1.0,,,,,,,,,,,,,,,,
80639485,,,,,,,,,,,,,,,,,,,,
68169971,77.0,1256.0,2.0,1.0,2.0,77.0,1256.0,A,,2.0,1.0,35000.0,,,407473.0,,,1.0,,
68170204,77.0,37.0,2.0,1.0,2.0,77.0,37.0,A,,2.0,1.0,150000.0,,,407473.0,,,1.0,,
68170335,,,,,2.0,15.0,458.0,A,,4.0,100.0,3000.0,358.0,,407473.0,,,1.0,,
68170440,77.0,1207.0,2.0,1.0,2.0,77.0,1207.0,A,,2.0,1.0,185952.0,,,407473.0,,,1.0,,
77332331,451.0,1376.0,2.0,1.0,2.0,451.0,1376.0,A,,2.0,1.0,34320.0,,,407473.0,,,1.0,,
77421402,451.0,1376.0,2.0,1.0,2.0,451.0,1376.0,A,,2.0,1.0,39420.0,,,407473.0,,,1.0,,
77424542,,,,,2.0,453.0,1299.0,A,,2.0,1.0,3500.0,746.0,,407473.0,,,1.0,,
77426859,,,,,2.0,453.0,1299.0,A,,2.0,1.0,3500.0,746.0,,407473.0,,,1.0,,
77449988,451.0,1376.0,2.0,1.0,2.0,451.0,1376.0,A,,2.0,1.0,31260.0,,,407474.0,,,1.0,,
77515397,,,,,2.0,453.0,1299.0,A,,2.0,1.0,3500.0,746.0,,407473.0,,,1.0,,
77516168,,,,,2.0,453.0,1299.0,A,,2.0,1.0,3500.0,746.0,,407473.0,,,1.0,,
77517014,,,,,2.0,453.0,1299.0,A,,2.0,1.0,3500.0,746.0,,407473.0,,,1.0,,
77518368,,,,,2.0,453.0,1299.0,A,,2.0,1.0,3500.0,746.0,,407473.0,,,1.0,,
77519060,,,,,2.0,453.0,1299.0,A,,2.0,1.0,3500.0,746.0,,407473.0,,,1.0,,
77519513,,,,,2.0,453.0,1299.0,A,,2.0,1.0,3500.0,746.0,,407473.0,,,1.0,,
77520595,,,,,2.0,453.0,1299.0,A,,2.0,1.0,3500.0,746.0,,407472.0,,,1.0,,
77521079,,,,,2.0,453.0,1299.0,A,,2.0,1.0,3500.0,746.0,,407472.0,,,1.0,,
77521523,,,,,2.0,453.0,1299.0,A,,2.0,1.0,3500.0,746.0,,407472.0,,,1.0,,
77522050,,,,,2.0,453.0,1299.0,A,,2.0,1.0,3500.0,746.0,,407472.0,,,1.0,,
77522469,,,,,2.0,453.0,1299.0,A,,2.0,1.0,3500.0,746.0,,407472.0,,,1.0,,
77523156,,,,,2.0,453.0,1299.0,A,,2.0,1.0,3500.0,746.0,,407472.0,,,1.0,,
77523615,,,,,2.0,453.0,1299.0,A,,2.0,1.0,3500.0,746.0,,407472.0,,,1.0,,
77524065,,,,,2.0,453.0,1299.0,A,,2.0,1.0,3500.0,746.0,,407472.0,,,1.0,,
77524606,,,,,2.0,453.0,1299.0,A,,2.0,1.0,3500.0,746.0,,407472.0,,,1.0,,
77525044,,,,,2.0,453.0,1299.0,A,,2.0,1.0,3500.0,746.0,,407472.0,,,1.0,,
77525455,,,,,2.0,453.0,1299.0,A,,2.0,1.0,3500.0,746.0,,407472.0,,,1.0,,
77525882,,,,,2.0,453.0,1299.0,A,,2.0,1.0,3500.0,746.0,,407472.0,,,1.0,,
77526292,,,,,2.0,453.0,1299.0,A,,2.0,1.0,3500.0,746.0,,407472.0,,,1.0,,
77526804,,,,,2.0,453.0,1299.0,A,,2.0,1.0,3500.0,746.0,,407472.0,,,1.0,,
77527280,,,,,2.0,453.0,1299.0,A,,2.0,1.0,3500.0,746.0,,407472.0,,,1.0,,
77527740,,,,,2.0,453.0,1299.0,A,,2.0,1.0,3500.0,746.0,,407472.0,,,1.0,,
77528122,,,,,2.0,453.0,1299.0,A,,2.0,1.0,3500.0,746.0,,407472.0,,,1.0,,
77528698,,,,,2.0,453.0,1299.0,A,,2.0,1.0,3500.0,746.0,,407472.0,,,1.0,,
77529339,,,,,2.0,453.0,1299.0,A,,2.0,1.0,3500.0,746.0,,407472.0,,,1.0,,
77529779,,,,,2.0,453.0,1299.0,A,,2.0,1.0,3500.0,746.0,,407472.0,,,1.0,,
77530492,,,,,2.0,453.0,1299.0,A,,2.0,1.0,3500.0,746.0,,407472.0,,,1.0,,
77531030,,,,,2.0,453.0,1299.0,A,,2.0,1.0,3500.0,746.0,,407472.0,,,1.0,,
77531540,,,,,2.0,453.0,1299.0,A,,2.0,1.0,3500.0,746.0,,407472.0,,,1.0,,
77532586,451.0,1288.0,2.0,1.0,2.0,451.0,1288.0,A,,2.0,1.0,47440.0,,,407473.0,,,1.0,,
77533115,451.0,1376.0,2.0,1.0,2.0,451.0,1376.0,A,,2.0,1.0,57340.0,,,407472.0,,,1.0,,
77533499,451.0,1376.0,2.0,1.0,2.0,451.0,1376.0,A,,2.0,1.0,45540.0,,,407474.0,,,1.0,,
78976833,,,,,2.0,454.0,1300.0,A,,2.0,1.0,257678.0,747.0,,407472.0,,,1.0,,
78984227,462.0,1345.0,2.0,1.0,2.0,462.0,1345.0,A,,2.0,1.0,100000.0,,,407473.0,,,1.0,,
78985565,462.0,1375.0,2.0,1.0,2.0,462.0,1375.0,A,,2.0,1.0,50000.0,,,407473.0,,,1.0,,
78986775,462.0,1345.0,2.0,1.0,2.0,462.0,1345.0,A,,2.0,1.0,558498.0,,,407472.0,,,1.0,,
78990166,,,,,2.0,15.0,458.0,A,,4.0,1.0,100000.0,358.0,,407472.0,,,1.0,,
79673404,,,,,2.0,15.0,458.0,A,,4.0,1.0,50000.0,358.0,,407472.0,,,1.0,,
79676639,,,,,2.0,15.0,458.0,A,,4.0,1.0,200000.0,358.0,,407472.0,,,1.0,,
79683614,,,,,2.0,15.0,458.0,A,,4.0,1.0,150000.0,358.0,,407473.0,,,1.0,,
79690140,,,,,2.0,15.0,458.0,A,,4.0,1.0,100000.0,358.0,,407473.0,,,1.0,,
79691022,,,,,2.0,77.0,1202.0,A,,2.0,1.0,60000.0,505.0,,407472.0,,,1.0,,
79692594,,,,,2.0,103.0,38.0,A,,2.0,1.0,40000.0,34.0,,407473.0,,,1.0,,
79700601,77.0,1207.0,2.0,1.0,2.0,77.0,1207.0,A,,2.0,1.0,233796.0,,,407473.0,,,1.0,,
99768873,77.0,1076.0,2.0,1.0,,,,,,,,,,,,,,,,
101328366,,,,,,,,,,,,,,,,,,,,
101329835,,,,,,,,,,,,,,,,,,,,
101334130,,,,,,,,,,,,,,,,,,,,
101336006,,,,,,,,,,,,,,,,,,,,
101649990,,,,,,,,,,,,,,,,,,,,
101652200,,,,,,,,,,,,,,,,,,,,
101659550,,,,,,,,,,,,,,,,,,,,
101661275,,,,,,,,,,,,,,,,,,,,
101668386,,,,,,,,,,,,,,,,,,,,
101671265,,,,,,,,,,,,,,,,,,,,
101725602,451.0,1376.0,2.0,1.0,,,,,,,,,,,,,,,,
101728074,454.0,1301.0,2.0,1.0,,,,,,,,,,,,,,,,
101732057,456.0,1307.0,2.0,1.0,,,,,,,,,,,,,,,,
101733475,457.0,1316.0,2.0,1.0,,,,,,,,,,,,,,,,
102043076,,,,,,,,,,,,,,,,,,,,
102044917,,,,,,,,,,,,,,,,,,,,
102045802,,,,,,,,,,,,,,,,,,,,
102046779,,,,,,,,,,,,,,,,,,,,
102049648,,,,,,,,,,,,,,,,,,,,
102051213,,,,,,,,,,,,,,,,,,,,
102051619,,,,,,,,,,,,,,,,,,,,
102052193,,,,,,,,,,,,,,,,,,,,
102052468,,,,,,,,,,,,,,,,,,,,
102053178,,,,,,,,,,,,,,,,,,,,
102055745,,,,,,,,,,,,,,,,,,,,
102056138,,,,,,,,,,,,,,,,,,,,
102133087,77.0,1217.0,2.0,1.0,,,,,,,,,,,,,,,,
102146544,,,,,,,,,,,,,,,,,,,,
102147744,,,,,,,,,,,,,,,,,,,,
102149538,,,,,,,,,,,,,,,,,,,,
102154148,,,,,,,,,,,,,,,,,,,,
102156373,,,,,,,,,,,,,,,,,,,,
102157629,,,,,,,,,,,,,,,,,,,,
102158954,,,,,,,,,,,,,,,,,,,,
102160251,,,,,,,,,,,,,,,,,,,,
102161875,,,,,,,,,,,,,,,,,,,,
102166171,,,,,,,,,,,,,,,,,,,,
103471181,,,,,,,,,,,,,,,,,,,,
103794559,,,,,2.0,457.0,1316.0,A,,2.0,1.0,3500.0,763.0,,407472.0,,,1.0,,
103865468,,,,,2.0,457.0,1316.0,A,,2.0,1.0,3500.0,763.0,,407472.0,,,1.0,,
103866744,,,,,2.0,457.0,1316.0,A,,2.0,1.0,3500.0,763.0,,407472.0,,,1.0,,
103868392,,,,,2.0,457.0,1316.0,A,,2.0,1.0,3500.0,763.0,,407474.0,,,1.0,,
103869662,,,,,2.0,457.0,1316.0,A,,2.0,1.0,3500.0,763.0,,407474.0,,,1.0,,
103870903,,,,,2.0,457.0,1316.0,A,,2.0,1.0,3500.0,763.0,,407474.0,,,1.0,,
103872097,,,,,2.0,457.0,1316.0,A,,2.0,1.0,3500.0,763.0,,407474.0,,,1.0,,
103874997,,,,,2.0,457.0,1316.0,A,,2.0,1.0,3500.0,763.0,,407472.0,,,1.0,,
103876162,,,,,2.0,457.0,1316.0,A,,2.0,1.0,3500.0,763.0,,407472.0,,,1.0,,
103877518,,,,,2.0,457.0,1316.0,A,,2.0,1.0,3500.0,763.0,,407472.0,,,1.0,,
105195831,,,,,,,,,,,,,,,,,,,,
105200172,,,,,,,,,,,,,,,,,,,,
105201163,,,,,,,,,,,,,,,,,,,,
105259526,,,,,,,,,,,,,,,,,,,,
105259908,,,,,,,,,,,,,,,,,,,,
105260991,,,,,,,,,,,,,,,,,,,,
105261308,,,,,,,,,,,,,,,,,,,,
105261724,,,,,,,,,,,,,,,,,,,,
105262058,,,,,,,,,,,,,,,,,,,,
105415621,,,,,,,,,,,,,,,,,,,,
105416293,,,,,,,,,,,,,,,,,,,,
105417425,,,,,,,,,,,,,,,,,,,,
105418297,,,,,,,,,,,,,,,,,,,,
105418604,,,,,,,,,,,,,,,,,,,,
105419616,,,,,,,,,,,,,,,,,,,,
105420170,,,,,,,,,,,,,,,,,,,,
105422729,,,,,,,,,,,,,,,,,,,,
105428506,,,,,,,,,,,,,,,,,,,,
105428887,,,,,,,,,,,,,,,,,,,,
105432633,,,,,,,,,,,,,,,,,,,,
105433224,,,,,,,,,,,,,,,,,,,,
105433772,,,,,,,,,,,,,,,,,,,,
105436598,,,,,,,,,,,,,,,,,,,,
105437074,,,,,,,,,,,,,,,,,,,,
105437582,,,,,,,,,,,,,,,,,,,,
105438070,,,,,,,,,,,,,,,,,,,,
105438582,,,,,,,,,,,,,,,,,,,,
105439158,,,,,,,,,,,,,,,,,,,,
105446806,,,,,,,,,,,,,,,,,,,,
105730812,,,,,,,,,,,,,,,,,,,,
105730924,,,,,,,,,,,,,,,,,,,,
105731504,,,,,,,,,,,,,,,,,,,,
105731621,,,,,,,,,,,,,,,,,,,,
105732874,,,,,,,,,,,,,,,,,,,,
105735828,454.0,1300.0,2.0,1.0,,,,,,,,,,,,,,,,
105736120,462.0,1345.0,2.0,1.0,,,,,,,,,,,,,,,,
105736465,,,,,2.0,63.0,29.0,A,,2.0,1.0,10000.0,26.0,,407473.0,,,1.0,,
105736684,,,,,,,,,,,,,,,,,,,,
105736705,,,,,,,,,,,,,,,,,,,,
105736718,,,,,,,,,,,,,,,,,,,,
105736731,,,,,,,,,,,,,,,,,,,,
105736748,,,,,,,,,,,,,,,,,,,,
105736763,,,,,,,,,,,,,,,,,,,,
105736775,,,,,,,,,,,,,,,,,,,,
105736787,,,,,,,,,,,,,,,,,,,,
105736803,,,,,,,,,,,,,,,,,,,,
105736816,,,,,,,,,,,,,,,,,,,,
105736844,,,,,,,,,,,,,,,,,,,,
105736850,,,,,,,,,,,,,,,,,,,,
105736864,,,,,,,,,,,,,,,,,,,,
105736876,,,,,,,,,,,,,,,,,,,,
101679536,462.0,1345.0,2.0,1.0,2.0,462.0,1345.0,A,,2.0,1.0,186000.0,,,407473.0,,,1.0,,
101682166,462.0,1345.0,2.0,1.0,2.0,462.0,1345.0,A,,2.0,1.0,200000.0,,,407473.0,,,1.0,,
101688899,,,,,,,,,,,,,,,,,,,,
101691919,,,,,2.0,462.0,1375.0,A,,2.0,1.0,114672.0,791.0,,407473.0,,,1.0,,
101700336,454.0,1300.0,2.0,1.0,2.0,454.0,1300.0,A,,2.0,1.0,180000.0,,,407473.0,,,1.0,,
101745219,,,,,2.0,457.0,1313.0,A,,2.0,1.0,270672.0,760.0,,407472.0,,,1.0,,
102095355,,,,,2.0,15.0,458.0,A,,4.0,1.0,100896.0,358.0,,407472.0,,,1.0,,
102096768,,,,,2.0,15.0,458.0,A,,4.0,1.0,200000.0,358.0,,407472.0,,,1.0,,
102097739,,,,,2.0,15.0,458.0,A,,4.0,1.0,300000.0,358.0,,407472.0,,,1.0,,
102099266,,,,,2.0,15.0,458.0,A,,4.0,1.0,200000.0,358.0,,407472.0,,,1.0,,
102104527,,,,,2.0,77.0,1217.0,A,,2.0,1.0,200000.0,663.0,,407473.0,,,1.0,,
102113870,,,,,2.0,77.0,1217.0,A,,2.0,1.0,100000.0,663.0,,407473.0,,,1.0,,
102117530,,,,,2.0,15.0,458.0,A,,4.0,1.0,100000.0,358.0,,407472.0,,,1.0,,
102119617,,,,,2.0,15.0,458.0,A,,4.0,1.0,100000.0,358.0,,407473.0,,,1.0,,
102121492,,,,,2.0,15.0,458.0,A,,4.0,1.0,100000.0,358.0,,407473.0,,,1.0,,
102126022,,,,,2.0,15.0,458.0,A,,4.0,1.0,200000.0,358.0,,407473.0,,,1.0,,
102128088,,,,,2.0,15.0,458.0,A,,4.0,1.0,100000.0,358.0,,407472.0,,,1.0,,
102130303,77.0,1217.0,2.0,1.0,2.0,77.0,1217.0,A,,2.0,1.0,235952.0,,,407473.0,,,1.0,,
117178667,,,,,,,,,,,,,,,,,,,,
117179158,,,,,,,,,,,,,,,,,,,,
122409245,454.0,1300.0,2.0,1.0,,,,,,,,,,,,,,,,
122412205,454.0,1300.0,2.0,1.0,,,,,,,,,,,,,,,,
122414082,,,,,2.0,454.0,1300.0,A,,2.0,1.0,140000.0,747.0,,407472.0,,,1.0,,
122424380,,,,,2.0,454.0,1301.0,A,,2.0,1.0,50000.0,748.0,,407473.0,,,1.0,,
122427854,456.0,1307.0,2.0,1.0,,,,,,,,,,,,,,,,
122429469,,,,,,,,,,,,,,,,,,,,
122430733,457.0,1317.0,2.0,1.0,,,,,,,,,,,,,,,,
122461286,6.0,3.0,2.0,1.0,,,,,,,,,,,,,,,,
122491145,15.0,458.0,4.0,1.0,,,,,,,,,,,,,,,,
122782974,,,,,2.0,77.0,1380.0,A,,2.0,1.0,50000.0,826.0,,407473.0,,,1.0,,
122805700,15.0,458.0,4.0,1.0,,,,,,,,,,,,,,,,
122808555,,,,,,,,,,,,,,,,,,,,
122810323,,,,,,,,,,,,,,,,,,,,
122811822,,,,,,,,,,,,,,,,,,,,
122814088,,,,,,,,,,,,,,,,,,,,
122820414,,,,,,,,,,,,,,,,,,,,
122821911,,,,,,,,,,,,,,,,,,,,
122831722,,,,,1.0,48.0,370.0,A,,2.0,1.0,2000.0,270.0,,407473.0,,,1.0,,
122833228,,,,,1.0,41.0,401.0,A,,2.0,1.0,2000.0,301.0,,407474.0,,,1.0,,
122834643,,,,,,,,,,,,,,,,,,,,
122836533,,,,,2.0,77.0,1202.0,A,,2.0,1.0,6000.0,505.0,,407472.0,,,1.0,,
122838476,77.0,1207.0,2.0,1.0,,,,,,,,,,,,,,,,
122839485,,,,,2.0,10.0,10.0,A,,2.0,1.0,4000.0,9.0,,407473.0,,,1.0,,
122842872,97.0,1161.0,2.0,1.0,,,,,,,,,,,,,,,,
122844317,97.0,1238.0,2.0,1.0,,,,,,,,,,,,,,,,
122845398,63.0,63.0,2.0,1.0,,,,,,,,,,,,,,,,
122846504,,,,,1.0,41.0,1102.0,A,,2.0,1.0,2000.0,406.0,,407472.0,,,1.0,,
122847610,63.0,29.0,2.0,1.0,,,,,,,,,,,,,,,,
122848633,77.0,1380.0,2.0,1.0,,,,,,,,,,,,,,,,
122849521,454.0,1300.0,2.0,1.0,,,,,,,,,,,,,,,,
122851121,10.0,10.0,2.0,1.0,,,,,,,,,,,,,,,,
122854250,60.0,1275.0,2.0,1.0,,,,,,,,,,,,,,,,
122855193,,,,,1.0,41.0,1102.0,A,,2.0,1.0,2000.0,406.0,,407472.0,,,1.0,,
122856024,,,,,2.0,77.0,1202.0,A,,2.0,1.0,2000.0,505.0,,407474.0,,,1.0,,
122857052,,,,,2.0,63.0,1263.0,A,,2.0,1.0,2000.0,710.0,,407473.0,,,1.0,,
122858692,,,,,2.0,60.0,1275.0,A,,2.0,1.0,2000.0,722.0,,407473.0,,,1.0,,
122860590,,,,,2.0,77.0,1380.0,A,,2.0,1.0,2000.0,826.0,,407474.0,,,1.0,,
122861419,,,,,1.0,41.0,1102.0,A,,2.0,1.0,2000.0,406.0,,407472.0,,,1.0,,
122861960,60.0,1208.0,2.0,1.0,,,,,,,,,,,,,,,,
122864163,,,,,,,,,,,,,,,,,,,,
122864743,,,,,,,,,,,,,,,,,,,,
122865314,,,,,,,,,,,,,,,,,,,,
122865911,,,,,,,,,,,,,,,,,,,,
122866460,,,,,,,,,,,,,,,,,,,,
122867197,,,,,,,,,,,,,,,,,,,,
122867745,,,,,,,,,,,,,,,,,,,,
122868332,,,,,,,,,,,,,,,,,,,,
122868982,,,,,,,,,,,,,,,,,,,,
122869701,,,,,,,,,,,,,,,,,,,,
122870380,,,,,,,,,,,,,,,,,,,,
122870990,,,,,,,,,,,,,,,,,,,,
122870991,,,,,,,,,,,,,,,,,,,,
122872020,,,,,,,,,,,,,,,,,,,,
122872593,,,,,,,,,,,,,,,,,,,,
122873068,,,,,,,,,,,,,,,,,,,,
122873656,,,,,,,,,,,,,,,,,,,,
122874156,,,,,,,,,,,,,,,,,,,,
122874614,,,,,,,,,,,,,,,,,,,,
122875468,,,,,,,,,,,,,,,,,,,,
122876150,,,,,,,,,,,,,,,,,,,,
122876602,,,,,,,,,,,,,,,,,,,,
122889954,,,,,,,,,,,,,,,,,,,,
122890202,,,,,,,,,,,,,,,,,,,,
122890489,,,,,,,,,,,,,,,,,,,,
122405738,,,,,,,,,,,,,,,,,,,,
122403174,462.0,1345.0,2.0,1.0,2.0,462.0,1345.0,A,,2.0,1.0,300000.0,,,407473.0,,,1.0,,
122408190,456.0,1328.0,2.0,1.0,2.0,456.0,1328.0,A,,2.0,1.0,201672.0,,,407473.0,,,1.0,,
122425822,,,,,1.0,455.0,1286.0,A,,2.0,1.0,84000.0,733.0,,407473.0,,,1.0,,
122426822,,,,,2.0,456.0,1342.0,A,,2.0,1.0,60000.0,788.0,,407473.0,,,1.0,,
122431817,462.0,1345.0,2.0,1.0,2.0,462.0,1345.0,A,,2.0,1.0,160000.0,,,407473.0,,,1.0,,
122432907,,,,,2.0,462.0,1375.0,A,,2.0,1.0,100672.0,791.0,,407473.0,,,1.0,,
122433890,462.0,1352.0,2.0,1.0,2.0,462.0,1352.0,A,,2.0,1.0,140000.0,,,407473.0,,,1.0,,
122434551,462.0,1348.0,2.0,1.0,2.0,462.0,1348.0,A,,2.0,1.0,50000.0,,,407473.0,,,1.0,,
122463524,,,,,2.0,4.0,64.0,A,,2.0,1.0,150896.0,58.0,,407472.0,,,1.0,,
122494657,,,,,2.0,15.0,458.0,A,,4.0,1.0,100000.0,358.0,,407473.0,,,1.0,,
122511991,,,,,2.0,77.0,1202.0,A,,2.0,1.0,150000.0,505.0,,407472.0,,,1.0,,
122778951,,,,,2.0,407.0,1153.0,A,,5.0,1.0,200000.0,457.0,,407474.0,,,1.0,,
122785257,,,,,2.0,15.0,458.0,A,,4.0,1.0,150000.0,358.0,,407472.0,,,1.0,,
122790071,,,,,2.0,77.0,1202.0,A,,2.0,1.0,85952.0,505.0,,407473.0,,,1.0,,
122887323,,,,,2.0,15.0,458.0,A,,4.0,1.0,150000.0,358.0,,407472.0,,,1.0,,
127377934,,,,,2.0,15.0,458.0,A,,4.0,1.0,200000.0,358.0,,407473.0,,,1.0,,
127378005,,,,,2.0,15.0,458.0,A,,4.0,1.0,150000.0,358.0,,407472.0,,,1.0,,
122776363,15.0,458.0,4.0,1.0,2.0,15.0,458.0,A,,4.0,1.0,200000.0,,,407473.0,,,1.0,,
122792846,15.0,458.0,4.0,1.0,2.0,15.0,458.0,A,,4.0,1.0,150000.0,,,407472.0,,,1.0,,
44407039,,,,,2.0,10.0,1156.0,A,,4.0,1.0,100000.0,551.0,,407522.0,,,1.0,,
44406995,10.0,1156.0,4.0,1.0,2.0,10.0,1156.0,A,,4.0,1.0,,,,407522.0,,,1.0,,
44407259,,,,,2.0,63.0,62.0,A,,4.0,100.0,165772.0,65.0,,407522.0,,,1.0,,
44407309,,,,,2.0,63.0,62.0,A,,4.0,100.0,200000.0,65.0,,407521.0,,,1.0,,
44407397,,,,,2.0,63.0,62.0,A,,4.0,100.0,,65.0,,407522.0,,,1.0,,
44407424,,,,,2.0,63.0,62.0,A,,4.0,100.0,,65.0,,407524.0,,,1.0,,
44407447,,,,,2.0,63.0,29.0,A,,2.0,1.0,100000.0,26.0,,407522.0,,,1.0,,
44407463,,,,,2.0,15.0,458.0,A,,4.0,100.0,165772.0,358.0,,407521.0,,,1.0,,
44407503,,,,,2.0,77.0,1199.0,A,,2.0,1.0,250000.0,651.0,,407521.0,,,1.0,,
44407529,10.0,13.0,2.0,1.0,2.0,10.0,13.0,A,,2.0,1.0,,,,407523.0,,,1.0,,
44407552,104.0,53.0,2.0,1.0,2.0,104.0,53.0,A,,2.0,1.0,,,,407521.0,,,1.0,,
44407575,97.0,55.0,4.0,1.0,2.0,97.0,55.0,A,,4.0,1.0,,,,407521.0,,,1.0,,
44407589,,,,,,,,,,,,,,,,,,,,
44407600,,,,,,,,,,,,,,,,,,,,
44407621,,,,,2.0,15.0,1254.0,A,,4.0,1.0,100000.0,703.0,,407522.0,,,1.0,,
44407634,15.0,458.0,4.0,100.0,2.0,15.0,458.0,A,,4.0,100.0,1000.0,,,407522.0,,,1.0,,
44407652,,,,,2.0,15.0,458.0,A,,4.0,100.0,143074.0,358.0,,407521.0,,,1.0,,
47459381,,,,,2.0,104.0,53.0,A,,2.0,1.0,100000.0,49.0,,407521.0,,,1.0,,
47459904,,,,,2.0,15.0,1068.0,A,,4.0,1.0,65772.0,371.0,,407521.0,,,1.0,,
47460227,,,,,2.0,77.0,1045.0,A,,2.0,1.0,100000.0,89.0,,407523.0,,,1.0,,
47460758,,458.0,4.0,100.0,,,,,,,,,,,,,,,,
47585800,,1207.0,2.0,1.0,,,,,,,,,,,,,,,,
47457628,10.0,1156.0,4.0,1.0,2.0,10.0,1156.0,A,,4.0,1.0,382886.0,,,407522.0,,,1.0,,
47457894,,,,,2.0,4.0,4.0,A,,2.0,1.0,100000.0,4.0,,407522.0,,,1.0,,
47458102,,,,,2.0,63.0,62.0,A,,4.0,1.0,200000.0,65.0,,407523.0,,,1.0,,
47458542,,,,,2.0,63.0,62.0,A,,4.0,1.0,250000.0,65.0,,407521.0,,,1.0,,
47458890,,,,,2.0,15.0,458.0,A,,4.0,1.0,200000.0,358.0,,407524.0,,,1.0,,
47459179,,,,,2.0,63.0,29.0,A,,2.0,1.0,100000.0,26.0,,407522.0,,,1.0,,
47460413,,,,,2.0,15.0,458.0,A,,4.0,1.0,200000.0,358.0,,407522.0,,,1.0,,
47460617,,,,,2.0,15.0,458.0,A,,4.0,1.0,100000.0,358.0,,407522.0,,,1.0,,
47460951,,,,,,,,,,,,,,,,,,,,
47461283,,,,,,,,,,,,,,,,,,,,
47461466,,,,,,,,,,,,,,,,,,,,
47461606,15.0,458.0,4.0,300.0,2.0,15.0,458.0,A,,4.0,300.0,1000.0,,,408530.0,,,1.0,,
47584522,,,,,2.0,63.0,1265.0,A,,2.0,1.0,32886.0,712.0,,407522.0,,,1.0,,
65413344,451.0,1286.0,2.0,3.0,,,,,,,,,,,,,,,,
65413592,451.0,1287.0,2.0,1.0,,,,,,,,,,,,,,,,
65414101,451.0,1287.0,2.0,1.0,,,,,,,,,,,,,,,,
65414794,,37.0,2.0,1.0,,,,,,,,,,,,,,,,
65422124,,59.0,2.0,1.0,,,,,,,,,,,,,,,,
60640448,462.0,1345.0,2.0,1.0,2.0,462.0,1345.0,A,,2.0,1.0,96000.0,,,407522.0,,,1.0,,
60641482,77.0,59.0,2.0,1.0,2.0,77.0,59.0,A,,2.0,1.0,,,,407522.0,,,1.0,,
65411823,462.0,1345.0,2.0,3.0,2.0,462.0,1345.0,A,,2.0,3.0,120248.0,,,407522.0,,,1.0,,"[{""astLocCd"": 408530, ""astPlnUntCd"": null, ""astPlnUntTyp"": null, ""astNoOfUnt"": 1, ""astUnitCostTot"": null}, {""astLocCd"": 407523, ""astPlnUntCd"": null, ""astPlnUntTyp"": null, ""astNoOfUnt"": 1, ""astUnitCostTot"": null}]"
65413459,454.0,1300.0,2.0,1.0,2.0,454.0,1300.0,A,,2.0,1.0,60000.0,,,407524.0,,,1.0,,
65413542,451.0,1287.0,2.0,1.0,1.0,455.0,1287.0,A,,2.0,1.0,101680.0,,,407522.0,,,1.0,,
65413701,457.0,1317.0,2.0,7.0,2.0,457.0,1317.0,A,,2.0,7.0,5000.0,,,407522.0,,,3.0,,"[{""astLocCd"": 407524, ""astPlnUntCd"": null, ""astPlnUntTyp"": null, ""astNoOfUnt"": 1, ""astUnitCostTot"": null}, {""astLocCd"": 408530, ""astPlnUntCd"": null, ""astPlnUntTyp"": null, ""astNoOfUnt"": 1, ""astUnitCostTot"": null}, {""astLocCd"": 407523, ""astPlnUntCd"": null, ""astPlnUntTyp"": null, ""astNoOfUnt"": 1, ""astUnitCostTot"": null}, {""astLocCd"": 407521, ""astPlnUntCd"": null, ""astPlnUntTyp"": null, ""astNoOfUnt"": 1, ""astUnitCostTot"": null}]"
65413792,,,,,2.0,451.0,1281.0,A,,2.0,4.0,25000.0,728.0,,407522.0,,,1.0,,"[{""astLocCd"": 407524, ""astPlnUntCd"": null, ""astPlnUntTyp"": null, ""astNoOfUnt"": 1, ""astUnitCostTot"": null}, {""astLocCd"": 407521, ""astPlnUntCd"": null, ""astPlnUntTyp"": null, ""astNoOfUnt"": 1, ""astUnitCostTot"": null}, {""astLocCd"": 407523, ""astPlnUntCd"": null, ""astPlnUntTyp"": null, ""astNoOfUnt"": 1, ""astUnitCostTot"": null}]"
65413919,,,,,2.0,451.0,1281.0,A,,2.0,4.0,25000.0,728.0,,407522.0,,,1.0,,"[{""astLocCd"": 407524, ""astPlnUntCd"": null, ""astPlnUntTyp"": null, ""astNoOfUnt"": 1, ""astUnitCostTot"": null}, {""astLocCd"": 407521, ""astPlnUntCd"": null, ""astPlnUntTyp"": null, ""astNoOfUnt"": 1, ""astUnitCostTot"": null}, {""astLocCd"": 407523, ""astPlnUntCd"": null, ""astPlnUntTyp"": null, ""astNoOfUnt"": 1, ""astUnitCostTot"": null}]"
65414012,,,,,2.0,457.0,1317.0,A,,2.0,8.0,5000.0,764.0,,407522.0,,,4.0,,"[{""astLocCd"": 407524, ""astPlnUntCd"": null, ""astPlnUntTyp"": null, ""astNoOfUnt"": 1, ""astUnitCostTot"": null}, {""astLocCd"": 408530, ""astPlnUntCd"": null, ""astPlnUntTyp"": null, ""astNoOfUnt"": 1, ""astUnitCostTot"": null}, {""astLocCd"": 407523, ""astPlnUntCd"": null, ""astPlnUntTyp"": null, ""astNoOfUnt"": 1, ""astUnitCostTot"": null}, {""astLocCd"": 407521, ""astPlnUntCd"": null, ""astPlnUntTyp"": null, ""astNoOfUnt"": 1, ""astUnitCostTot"": null}]"
65414224,451.0,1376.0,2.0,1.0,2.0,451.0,1376.0,A,,2.0,1.0,17624.0,,,407522.0,,,1.0,,
65414532,,,,,,,,,,,,,,,,,,,,
65414580,97.0,55.0,4.0,1.0,2.0,97.0,55.0,A,,4.0,1.0,,,,407521.0,,,1.0,,
65414622,77.0,1380.0,2.0,1.0,2.0,77.0,1380.0,A,,2.0,1.0,150000.0,,,407522.0,,,1.0,,
65414644,77.0,1380.0,2.0,1.0,2.0,77.0,1380.0,A,,2.0,1.0,150000.0,,,407523.0,,,1.0,,
65414707,63.0,62.0,4.0,50.0,2.0,63.0,62.0,A,,4.0,50.0,1400.0,,,407522.0,,,1.0,,
65414863,77.0,44.0,2.0,1.0,2.0,77.0,44.0,A,,2.0,1.0,,,,407521.0,,,1.0,,
65422052,106.0,1252.0,2.0,1.0,2.0,106.0,1252.0,A,,2.0,1.0,,,,407522.0,,,1.0,,
79858010,,,,,2.0,457.0,1316.0,A,,2.0,1.0,3500.0,763.0,,407522.0,,,1.0,,
79859454,,,,,2.0,457.0,1316.0,A,,2.0,1.0,3500.0,763.0,,407522.0,,,1.0,,
79862692,,,,,2.0,457.0,1316.0,A,,2.0,1.0,3500.0,763.0,,407522.0,,,1.0,,
79863850,,,,,2.0,457.0,1316.0,A,,2.0,1.0,3500.0,763.0,,407522.0,,,1.0,,
79944960,,,,,,,,,,,,,,,,,,,,
79946054,,,,,,,,,,,,,,,,,,,,
80153545,,,,,2.0,453.0,1299.0,A,,2.0,1.0,3500.0,746.0,,407522.0,,,1.0,,
80154141,,,,,2.0,453.0,1299.0,A,,2.0,1.0,3500.0,746.0,,407522.0,,,1.0,,
80154746,,,,,2.0,453.0,1299.0,A,,2.0,1.0,3500.0,746.0,,407522.0,,,1.0,,
80155403,,,,,2.0,453.0,1299.0,A,,2.0,1.0,3500.0,746.0,,407522.0,,,1.0,,
80156086,,,,,2.0,453.0,1299.0,A,,2.0,1.0,3500.0,746.0,,407522.0,,,1.0,,
80156720,,,,,2.0,453.0,1299.0,A,,2.0,1.0,3500.0,746.0,,407522.0,,,1.0,,
80157284,,,,,2.0,453.0,1299.0,A,,2.0,1.0,3500.0,746.0,,407522.0,,,1.0,,
80157853,,,,,2.0,453.0,1299.0,A,,2.0,1.0,3500.0,746.0,,407522.0,,,1.0,,
80158475,,,,,2.0,453.0,1299.0,A,,2.0,1.0,3500.0,746.0,,407522.0,,,1.0,,
80159022,,,,,2.0,453.0,1299.0,A,,2.0,1.0,3500.0,746.0,,407522.0,,,1.0,,
80159516,,,,,2.0,453.0,1299.0,A,,2.0,1.0,3500.0,746.0,,407522.0,,,1.0,,
80160035,,,,,2.0,453.0,1299.0,A,,2.0,1.0,3500.0,746.0,,407522.0,,,1.0,,
80161966,,,,,2.0,453.0,1299.0,A,,2.0,1.0,3500.0,746.0,,407522.0,,,1.0,,
80163002,,,,,2.0,453.0,1299.0,A,,2.0,1.0,3500.0,746.0,,407524.0,,,1.0,,
80163673,,,,,2.0,453.0,1299.0,A,,2.0,1.0,3500.0,746.0,,407524.0,,,1.0,,
80164792,,,,,2.0,453.0,1299.0,A,,2.0,1.0,3500.0,746.0,,407524.0,,,1.0,,
80165246,,,,,2.0,453.0,1299.0,A,,2.0,1.0,3500.0,746.0,,407524.0,,,1.0,,
80166051,,,,,2.0,453.0,1299.0,A,,2.0,1.0,3500.0,746.0,,407524.0,,,1.0,,
80166462,,,,,2.0,453.0,1299.0,A,,2.0,1.0,3500.0,746.0,,407524.0,,,1.0,,
80166894,,,,,2.0,453.0,1299.0,A,,2.0,1.0,3500.0,746.0,,408530.0,,,1.0,,
80170208,,,,,2.0,453.0,1299.0,A,,2.0,1.0,3500.0,746.0,,408530.0,,,1.0,,
80170635,,,,,2.0,453.0,1299.0,A,,2.0,1.0,3500.0,746.0,,408530.0,,,1.0,,
80172119,,,,,2.0,453.0,1299.0,A,,2.0,1.0,3500.0,746.0,,407523.0,,,1.0,,
80173125,,,,,2.0,453.0,1299.0,A,,2.0,1.0,3500.0,746.0,,407523.0,,,1.0,,
80173523,,,,,2.0,453.0,1299.0,A,,2.0,1.0,3500.0,746.0,,407523.0,,,1.0,,
80173914,,,,,2.0,453.0,1299.0,A,,2.0,1.0,3500.0,746.0,,407523.0,,,1.0,,
80174280,,,,,2.0,453.0,1299.0,A,,2.0,1.0,3500.0,746.0,,407523.0,,,1.0,,
80174616,,,,,2.0,453.0,1299.0,A,,2.0,1.0,3500.0,746.0,,407523.0,,,1.0,,
80174960,,,,,2.0,453.0,1299.0,A,,2.0,1.0,3500.0,746.0,,407523.0,,,1.0,,
80175923,,,,,2.0,453.0,1299.0,A,,2.0,1.0,3500.0,746.0,,407521.0,,,1.0,,
80255752,,,,,2.0,453.0,1299.0,A,,2.0,1.0,3500.0,746.0,,407521.0,,,1.0,,
80257213,,,,,2.0,453.0,1299.0,A,,2.0,1.0,3500.0,746.0,,407521.0,,,1.0,,
80257793,,,,,2.0,453.0,1299.0,A,,2.0,1.0,3500.0,746.0,,407521.0,,,1.0,,
80258959,,,,,,,,,,,,,,,,,,,,
80259444,,,,,,,,,,,,,,,,,,,,
80259877,,,,,,,,,,,,,,,,,,,,
80260234,,,,,,,,,,,,,,,,,,,,
80260583,,,,,,,,,,,,,,,,,,,,
80260916,,,,,,,,,,,,,,,,,,,,
80261297,,,,,,,,,,,,,,,,,,,,
80261621,,,,,,,,,,,,,,,,,,,,
80261875,,,,,,,,,,,,,,,,,,,,
80262223,,,,,,,,,,,,,,,,,,,,
80262508,,,,,,,,,,,,,,,,,,,,
80262774,,,,,,,,,,,,,,,,,,,,
80263224,,,,,,,,,,,,,,,,,,,,
80263708,,,,,,,,,,,,,,,,,,,,
80264396,,,,,,,,,,,,,,,,,,,,
80264673,,,,,,,,,,,,,,,,,,,,
80265170,,,,,,,,,,,,,,,,,,,,
80265676,,,,,,,,,,,,,,,,,,,,
80266353,,,,,,,,,,,,,,,,,,,,
80266911,,,,,,,,,,,,,,,,,,,,
80267300,,,,,,,,,,,,,,,,,,,,
80268501,,,,,,,,,,,,,,,,,,,,
80268948,,,,,,,,,,,,,,,,,,,,
80269352,,,,,,,,,,,,,,,,,,,,
80269730,,,,,,,,,,,,,,,,,,,,
80270197,,,,,,,,,,,,,,,,,,,,
80273136,,,,,,,,,,,,,,,,,,,,
80274004,,,,,,,,,,,,,,,,,,,,
80274728,,,,,,,,,,,,,,,,,,,,
80275562,,,,,,,,,,,,,,,,,,,,
80276358,,,,,,,,,,,,,,,,,,,,
82780837,,,,,,,,,,,,,,,,,,,,
82879348,,,,,,,,,,,,,,,,,,,,
82879641,,,,,,,,,,,,,,,,,,,,
82880150,,,,,,,,,,,,,,,,,,,,
82880611,,,,,,,,,,,,,,,,,,,,
82881011,,,,,,,,,,,,,,,,,,,,
82881907,,,,,,,,,,,,,,,,,,,,
82882118,,,,,,,,,,,,,,,,,,,,
82882431,,,,,,,,,,,,,,,,,,,,
82882815,,,,,,,,,,,,,,,,,,,,
82883131,,,,,,,,,,,,,,,,,,,,
82883530,,,,,,,,,,,,,,,,,,,,
82884333,,,,,,,,,,,,,,,,,,,,
82884567,,,,,,,,,,,,,,,,,,,,
82884892,,,,,,,,,,,,,,,,,,,,
82885353,,,,,,,,,,,,,,,,,,,,
82885657,,,,,,,,,,,,,,,,,,,,
82887128,,,,,,,,,,,,,,,,,,,,
82889505,,,,,,,,,,,,,,,,,,,,
82889787,,,,,,,,,,,,,,,,,,,,
82890731,,,,,,,,,,,,,,,,,,,,
83049386,,,,,1.0,463.0,1350.0,A,,2.0,1.0,10000.0,797.0,,407522.0,,,1.0,,
83064357,,,,,2.0,104.0,53.0,A,,2.0,1.0,1000.0,49.0,,407522.0,,,1.0,,
83065023,,,,,2.0,462.0,1375.0,A,,2.0,10.0,100.0,791.0,,407521.0,,,10.0,,
83065630,,,,,2.0,97.0,55.0,A,,4.0,100.0,1000.0,64.0,,407523.0,,,1.0,,
83066441,,,,,2.0,104.0,53.0,A,,2.0,1.0,100000.0,49.0,,407522.0,,,1.0,,
83067493,,,,,1.0,41.0,1102.0,A,,2.0,1.0,1000.0,406.0,,407522.0,,,1.0,,
83067883,,,,,2.0,103.0,38.0,A,,2.0,1.0,1000.0,34.0,,407522.0,,,1.0,,
83068179,,,,,1.0,48.0,371.0,A,,2.0,1.0,1000.0,271.0,,407522.0,,,1.0,,
83069121,,,,,2.0,103.0,56.0,A,,2.0,1.0,100000.0,51.0,,407522.0,,,1.0,,
83069893,,,,,1.0,41.0,1102.0,A,,2.0,1.0,1000.0,406.0,,407522.0,,,1.0,,
83071024,,,,,1.0,41.0,1165.0,A,,2.0,1.0,1000.0,469.0,,407522.0,,,1.0,,
83073048,77.0,1207.0,2.0,1.0,,,,,,,,,,,,,,,,
83075707,,,,,2.0,103.0,56.0,A,,2.0,1.0,1000.0,51.0,,407522.0,,,1.0,,
83077632,77.0,46.0,2.0,1.0,,,,,,,,,,,,,,,,
83078578,,,,,2.0,104.0,53.0,A,,2.0,1.0,100000.0,49.0,,407522.0,,,1.0,,
83079455,,,,,2.0,104.0,53.0,A,,2.0,1.0,100000.0,49.0,,407521.0,,,1.0,,
83079871,,,,,2.0,103.0,38.0,A,,2.0,1.0,100000.0,34.0,,407523.0,,,1.0,,
83080631,,,,,2.0,104.0,53.0,A,,2.0,1.0,1000.0,49.0,,407522.0,,,1.0,,
83080884,,,,,2.0,103.0,56.0,A,,2.0,1.0,100000.0,51.0,,407522.0,,,1.0,,
83081482,,,,,2.0,77.0,46.0,A,,2.0,1.0,100000.0,42.0,,407522.0,,,1.0,,
83108870,97.0,55.0,4.0,200.0,,,,,,,,,,,,,,,,
83109227,97.0,1057.0,2.0,1.0,,,,,,,,,,,,,,,,
83109690,,,,,2.0,77.0,59.0,A,,2.0,1.0,100000.0,54.0,,407522.0,,,1.0,,
83110080,,,,,2.0,103.0,38.0,A,,2.0,1.0,100000.0,34.0,,407521.0,,,1.0,,
83110467,,,,,2.0,104.0,53.0,A,,2.0,1.0,100000.0,49.0,,407521.0,,,1.0,,
83110898,407.0,1153.0,5.0,100.0,,,,,,,,,,,,,,,,
83111315,,,,,2.0,63.0,1240.0,A,,5.0,100.0,1000.0,686.0,,407523.0,,,1.0,,
83111837,77.0,1227.0,2.0,1.0,,,,,,,,,,,,,,,,
83112182,,,,,2.0,103.0,38.0,A,,2.0,1.0,100000.0,34.0,,407521.0,,,1.0,,
83115881,,,,,2.0,77.0,1256.0,A,,2.0,1.0,10000.0,702.0,,407522.0,,,1.0,,
83116232,,,,,1.0,48.0,370.0,A,,2.0,1.0,10000.0,270.0,,407522.0,,,1.0,,
83116642,,,,,1.0,41.0,45.0,A,,2.0,1.0,10000.0,41.0,,407521.0,,,1.0,,
83116980,,,,,2.0,10.0,2.0,A,,2.0,1.0,10000.0,2.0,,407523.0,,,1.0,,
83117260,,,,,2.0,103.0,38.0,A,,2.0,1.0,10000.0,34.0,,407522.0,,,1.0,,
83117565,103.0,1242.0,2.0,1.0,,,,,,,,,,,,,,,,
83117967,77.0,59.0,2.0,1.0,,,,,,,,,,,,,,,,
83118353,,,,,2.0,104.0,53.0,A,,2.0,1.0,100000.0,49.0,,407522.0,,,1.0,,
83118666,4.0,1026.0,4.0,10.0,,,,,,,,,,,,,,,,
83118966,,,,,2.0,103.0,38.0,A,,2.0,1.0,10000.0,34.0,,407521.0,,,1.0,,
83119215,,,,,2.0,103.0,56.0,A,,2.0,1.0,10000.0,51.0,,407522.0,,,1.0,,
83121630,,,,,2.0,103.0,38.0,A,,2.0,1.0,10000.0,34.0,,407523.0,,,1.0,,
83121946,,,,,2.0,97.0,55.0,A,,4.0,100.0,100.0,64.0,,407524.0,,,1.0,,
83122249,97.0,1057.0,2.0,1.0,,,,,,,,,,,,,,,,
83123218,,,,,,,,,,,,,,,,,,,,
83123551,,,,,,,,,,,,,,,,,,,,
83123937,,,,,2.0,104.0,53.0,A,,2.0,1.0,10000.0,49.0,,407522.0,,,1.0,,
83124274,,,,,2.0,104.0,53.0,A,,2.0,1.0,10000.0,49.0,,408530.0,,,1.0,,
83124621,,,,,2.0,104.0,53.0,A,,2.0,1.0,10000.0,49.0,,407523.0,,,1.0,,
83124961,,,,,2.0,97.0,1057.0,A,,2.0,1.0,10000.0,101.0,,407522.0,,,1.0,,
83125274,,,,,2.0,104.0,53.0,A,,2.0,1.0,10000.0,49.0,,407522.0,,,1.0,,
75998669,462.0,1345.0,2.0,1.0,2.0,462.0,1345.0,A,,2.0,1.0,96000.0,,,407522.0,,,1.0,,
75998904,462.0,1345.0,2.0,1.0,2.0,462.0,1345.0,A,,2.0,1.0,366060.0,,,407522.0,,,1.0,,
79943589,451.0,1376.0,2.0,1.0,2.0,451.0,1376.0,A,,2.0,1.0,62040.0,,,407522.0,,,1.0,,
79947142,,,,,2.0,454.0,1300.0,A,,2.0,1.0,90000.0,747.0,,407522.0,,,1.0,,
79948459,451.0,1376.0,2.0,1.0,2.0,451.0,1376.0,A,,2.0,1.0,101680.0,,,407522.0,,,1.0,,
79954369,,,,,,,,,,,,,,,,,,,,
79955690,77.0,37.0,2.0,1.0,2.0,77.0,37.0,A,,2.0,1.0,116080.0,,,407522.0,,,1.0,,
79957032,,,,,,,,,,,,,,,,,,,,
79957873,77.0,37.0,2.0,1.0,2.0,77.0,37.0,A,,2.0,1.0,20000.0,,,407522.0,,,1.0,,
79962020,,,,,,,,,,,,,,,,,,,,
79962791,,,,,,,,,,,,,,,,,,,,
79963641,,,,,2.0,15.0,458.0,A,,4.0,100.0,500.0,358.0,,407522.0,,,1.0,,
79964616,,,,,2.0,15.0,458.0,A,,4.0,100.0,800.0,358.0,,407522.0,,,1.0,,
79965294,,,,,2.0,15.0,458.0,A,,4.0,150.0,1000.0,358.0,,407522.0,,,1.0,,
80162530,,,,,2.0,453.0,1299.0,A,,2.0,1.0,3500.0,746.0,,407524.0,,,1.0,,
80165637,,,,,2.0,453.0,1299.0,A,,2.0,1.0,3500.0,746.0,,407524.0,,,1.0,,
80167406,,,,,2.0,453.0,1299.0,A,,2.0,1.0,3500.0,746.0,,408530.0,,,1.0,,
80169667,,,,,2.0,453.0,1299.0,A,,2.0,1.0,3500.0,746.0,,408530.0,,,1.0,,
80172711,,,,,2.0,453.0,1299.0,A,,2.0,1.0,3500.0,746.0,,407523.0,,,1.0,,
80175289,,,,,2.0,453.0,1299.0,A,,2.0,1.0,3500.0,746.0,,407521.0,,,1.0,,
80175594,,,,,2.0,453.0,1299.0,A,,2.0,1.0,3500.0,746.0,,407521.0,,,1.0,,
80176214,,,,,2.0,453.0,1299.0,A,,2.0,1.0,3500.0,746.0,,407521.0,,,1.0,,
80255031,,,,,2.0,453.0,1299.0,A,,2.0,1.0,3500.0,746.0,,407521.0,,,1.0,,
80255361,,,,,2.0,453.0,1299.0,A,,2.0,1.0,3500.0,746.0,,407521.0,,,1.0,,
80256230,,,,,2.0,453.0,1299.0,A,,2.0,1.0,3500.0,746.0,,407521.0,,,1.0,,
80256535,,,,,2.0,453.0,1299.0,A,,2.0,1.0,3500.0,746.0,,407521.0,,,1.0,,
80256890,,,,,2.0,453.0,1299.0,A,,2.0,1.0,3500.0,746.0,,407521.0,,,1.0,,
80257495,,,,,2.0,453.0,1299.0,A,,2.0,1.0,3500.0,746.0,,407521.0,,,1.0,,
102988580,,,,,,,,,,,,,,,,,,,,
102988991,,,,,,,,,,,,,,,,,,,,
105242121,,,,,,,,,,,,,,,,,,,,
105242687,,,,,,,,,,,,,,,,,,,,
105243117,,,,,,,,,,,,,,,,,,,,
105243966,,,,,,,,,,,,,,,,,,,,
105244420,,,,,,,,,,,,,,,,,,,,
105244864,,,,,,,,,,,,,,,,,,,,
105245163,,,,,,,,,,,,,,,,,,,,
105246094,,,,,,,,,,,,,,,,,,,,
105246664,,,,,,,,,,,,,,,,,,,,
105252306,,,,,,,,,,,,,,,,,,,,
105252479,,,,,,,,,,,,,,,,,,,,
105252643,,,,,,,,,,,,,,,,,,,,
105253218,,,,,,,,,,,,,,,,,,,,
105253437,,,,,,,,,,,,,,,,,,,,
105253768,,,,,,,,,,,,,,,,,,,,
105254690,,,,,,,,,,,,,,,,,,,,
105254830,,,,,,,,,,,,,,,,,,,,
105255004,,,,,,,,,,,,,,,,,,,,
105255178,,,,,,,,,,,,,,,,,,,,
105255334,,,,,,,,,,,,,,,,,,,,
105255457,,,,,,,,,,,,,,,,,,,,
105255615,,,,,,,,,,,,,,,,,,,,
105476924,,,,,,,,,,,,,,,,,,,,
105476969,,,,,,,,,,,,,,,,,,,,
105477044,,,,,,,,,,,,,,,,,,,,
105477085,,,,,,,,,,,,,,,,,,,,
105477129,,,,,,,,,,,,,,,,,,,,
105477362,,,,,,,,,,,,,,,,,,,,
105477427,,,,,,,,,,,,,,,,,,,,
105477453,,,,,,,,,,,,,,,,,,,,
105477493,,,,,,,,,,,,,,,,,,,,
105477536,,,,,,,,,,,,,,,,,,,,
105478294,,,,,,,,,,,,,,,,,,,,
105478346,,,,,,,,,,,,,,,,,,,,
105478410,,,,,,,,,,,,,,,,,,,,
105478457,,,,,,,,,,,,,,,,,,,,
105478523,,,,,,,,,,,,,,,,,,,,
105478574,,,,,,,,,,,,,,,,,,,,
105478638,,,,,,,,,,,,,,,,,,,,
105478705,,,,,,,,,,,,,,,,,,,,
105478757,,,,,,,,,,,,,,,,,,,,
105478806,,,,,,,,,,,,,,,,,,,,
105478870,,,,,,,,,,,,,,,,,,,,
105645161,,,,,2.0,454.0,1300.0,A,,2.0,1.0,3500.0,747.0,,407522.0,,,1.0,,
105645351,,,,,2.0,454.0,1300.0,A,,2.0,1.0,3500.0,747.0,,407522.0,,,1.0,,
105645562,,,,,2.0,454.0,1300.0,A,,2.0,1.0,3500.0,747.0,,407522.0,,,1.0,,
105645762,,,,,2.0,454.0,1300.0,A,,2.0,1.0,3500.0,747.0,,407522.0,,,1.0,,
105645952,,,,,2.0,454.0,1300.0,A,,2.0,1.0,3500.0,747.0,,407522.0,,,1.0,,
105646154,,,,,2.0,454.0,1300.0,A,,2.0,1.0,3500.0,747.0,,407522.0,,,1.0,,
105646393,,,,,2.0,454.0,1300.0,A,,2.0,1.0,3500.0,747.0,,407522.0,,,1.0,,
105646575,,,,,2.0,454.0,1300.0,A,,2.0,1.0,3500.0,747.0,,407522.0,,,1.0,,
105646772,,,,,2.0,454.0,1300.0,A,,2.0,1.0,3500.0,747.0,,407522.0,,,1.0,,
105646994,,,,,2.0,454.0,1300.0,A,,2.0,1.0,3500.0,747.0,,407522.0,,,1.0,,
105668306,,,,,2.0,97.0,55.0,A,,4.0,1.0,150000.0,64.0,,407522.0,,,1.0,,
105733879,,,,,,,,,,,,,,,,,,,,
105734101,,,,,2.0,462.0,1353.0,A,,2.0,1.0,2000.0,800.0,,407522.0,,,1.0,,
105734172,,,,,1.0,48.0,1107.0,A,,2.0,1.0,2000.0,410.0,,407522.0,,,1.0,,
105734198,77.0,1225.0,2.0,1.0,,,,,,,,,,,,,,,,
105648673,,,,,1.0,463.0,1350.0,A,,2.0,1.0,156000.0,797.0,,407522.0,,,1.0,,
105648980,,,,,1.0,463.0,1350.0,A,,2.0,1.0,333567.0,797.0,,407522.0,,,1.0,,
105649904,,,,,2.0,451.0,1376.0,A,,2.0,1.0,101680.0,822.0,,407522.0,,,1.0,,
105650225,,,,,1.0,455.0,1287.0,A,,2.0,1.0,62040.0,734.0,,407522.0,,,1.0,,
105660870,,,,,2.0,457.0,1313.0,A,,2.0,1.0,200847.0,760.0,,407522.0,,,1.0,,
105661025,,,,,,,,,,,,,,,,,,,,
105661229,,,,,1.0,48.0,368.0,A,,2.0,1.0,77756.0,268.0,,407522.0,,,1.0,,
105661404,,,,,2.0,77.0,37.0,A,,2.0,1.0,75000.0,33.0,,407522.0,,,1.0,,
105667167,,,,,,,,,,,,,,,,,,,,
105667573,,,,,2.0,4.0,64.0,A,,2.0,1.0,100000.0,58.0,,408530.0,,,1.0,,
105733941,,,,,2.0,77.0,1380.0,A,,2.0,1.0,200000.0,826.0,,407521.0,,,1.0,,
105650689,,,,,2.0,454.0,1301.0,A,,2.0,1.0,90000.0,748.0,,407523.0,,,1.0,,
118384938,,,,,,,,,,,,,,,,,,,,
118386993,,,,,,,,,,,,,,,,,,,,
118389077,,,,,,,,,,,,,,,,,,,,
118390076,,,,,,,,,,,,,,,,,,,,
118391325,,,,,,,,,,,,,,,,,,,,
118392342,,,,,,,,,,,,,,,,,,,,
118392985,,,,,,,,,,,,,,,,,,,,
118394256,,,,,,,,,,,,,,,,,,,,
118395405,,,,,,,,,,,,,,,,,,,,
118457730,,,,,2.0,454.0,1300.0,A,,2.0,1.0,51100.0,747.0,,407522.0,,,1.0,,
118459236,,,,,2.0,454.0,1300.0,A,,2.0,1.0,26980.0,747.0,,407521.0,,,1.0,,
118460422,,,,,2.0,456.0,1307.0,A,,2.0,1.0,8200.0,754.0,,407523.0,,,1.0,,
118461394,,,,,2.0,456.0,1307.0,A,,2.0,1.0,4760.0,754.0,,407524.0,,,1.0,,
118462076,,,,,2.0,456.0,1307.0,A,,2.0,1.0,7440.0,754.0,,408530.0,,,1.0,,
118478230,,,,,2.0,456.0,1307.0,A,,2.0,1.0,40000.0,754.0,,407524.0,,,1.0,,
118506235,,,,,,,,,,,,,,,,,,,,
118516619,77.0,1076.0,2.0,1.0,,,,,,,,,,,,,,,,
118530194,,,,,2.0,15.0,458.0,A,,4.0,1.0,150000.0,358.0,,407522.0,,,1.0,,
118531463,77.0,1380.0,2.0,1.0,,,,,,,,,,,,,,,,
118540560,462.0,1345.0,2.0,1.0,,,,,,,,,,,,,,,,
118964765,,,,,2.0,454.0,1301.0,A,,2.0,1.0,3500.0,748.0,,407521.0,,,1.0,,
118965179,,,,,2.0,454.0,1301.0,A,,2.0,1.0,3500.0,748.0,,407521.0,,,1.0,,
118965401,,,,,2.0,454.0,1301.0,A,,2.0,1.0,3500.0,748.0,,407521.0,,,1.0,,
118965617,,,,,2.0,454.0,1301.0,A,,2.0,1.0,3500.0,748.0,,407521.0,,,1.0,,
118965834,,,,,2.0,454.0,1301.0,A,,2.0,1.0,3500.0,748.0,,407521.0,,,1.0,,
118966003,,,,,2.0,454.0,1301.0,A,,2.0,1.0,3500.0,748.0,,407521.0,,,1.0,,
118966204,,,,,2.0,454.0,1301.0,A,,2.0,1.0,3500.0,748.0,,407521.0,,,1.0,,
118966362,,,,,2.0,454.0,1301.0,A,,2.0,1.0,3500.0,748.0,,407521.0,,,1.0,,
118966566,,,,,2.0,454.0,1301.0,A,,2.0,1.0,3500.0,748.0,,407521.0,,,1.0,,
118966807,,,,,2.0,454.0,1301.0,A,,2.0,1.0,3500.0,748.0,,407521.0,,,1.0,,
118971529,,,,,,,,,,,,,,,,,,,,
118971836,,,,,,,,,,,,,,,,,,,,
118972025,,,,,,,,,,,,,,,,,,,,
118972184,,,,,,,,,,,,,,,,,,,,
118972367,,,,,,,,,,,,,,,,,,,,
118972597,,,,,,,,,,,,,,,,,,,,
118972796,,,,,,,,,,,,,,,,,,,,
118973060,,,,,,,,,,,,,,,,,,,,
118973273,,,,,,,,,,,,,,,,,,,,
118973481,,,,,,,,,,,,,,,,,,,,
121106679,,,,,,,,,,,,,,,,,,,,
121106999,,,,,,,,,,,,,,,,,,,,
121107272,,,,,,,,,,,,,,,,,,,,
121107863,,,,,,,,,,,,,,,,,,,,
121108357,,,,,,,,,,,,,,,,,,,,
121109144,,,,,,,,,,,,,,,,,,,,
121109380,,,,,,,,,,,,,,,,,,,,
121109610,,,,,,,,,,,,,,,,,,,,
121109998,,,,,,,,,,,,,,,,,,,,
121110244,,,,,,,,,,,,,,,,,,,,
121110447,,,,,,,,,,,,,,,,,,,,
121110699,,,,,,,,,,,,,,,,,,,,
121111036,,,,,,,,,,,,,,,,,,,,
121111535,,,,,,,,,,,,,,,,,,,,
121111798,,,,,,,,,,,,,,,,,,,,
121112145,,,,,,,,,,,,,,,,,,,,
121112596,,,,,,,,,,,,,,,,,,,,
121112792,,,,,,,,,,,,,,,,,,,,
121113001,,,,,,,,,,,,,,,,,,,,
121113195,,,,,,,,,,,,,,,,,,,,
121114232,,,,,,,,,,,,,,,,,,,,
121114474,,,,,,,,,,,,,,,,,,,,
121114678,,,,,,,,,,,,,,,,,,,,
121114900,,,,,,,,,,,,,,,,,,,,
121115098,,,,,,,,,,,,,,,,,,,,
121115368,,,,,,,,,,,,,,,,,,,,
121115627,,,,,,,,,,,,,,,,,,,,
121115812,,,,,,,,,,,,,,,,,,,,
121116258,,,,,,,,,,,,,,,,,,,,
121116452,,,,,,,,,,,,,,,,,,,,
121116668,,,,,,,,,,,,,,,,,,,,
121116879,,,,,,,,,,,,,,,,,,,,
121117167,,,,,,,,,,,,,,,,,,,,
121117449,,,,,,,,,,,,,,,,,,,,
121117733,,,,,,,,,,,,,,,,,,,,
121118055,,,,,,,,,,,,,,,,,,,,
121118304,,,,,,,,,,,,,,,,,,,,
121118535,,,,,,,,,,,,,,,,,,,,
121118740,,,,,,,,,,,,,,,,,,,,
121118988,,,,,,,,,,,,,,,,,,,,
121119180,,,,,,,,,,,,,,,,,,,,
121119359,,,,,,,,,,,,,,,,,,,,
121119495,,,,,,,,,,,,,,,,,,,,
121119655,,,,,,,,,,,,,,,,,,,,
121119856,,,,,,,,,,,,,,,,,,,,
121120094,,,,,,,,,,,,,,,,,,,,
121120406,,,,,,,,,,,,,,,,,,,,
121120534,,,,,,,,,,,,,,,,,,,,
121120706,,,,,,,,,,,,,,,,,,,,
121120922,,,,,,,,,,,,,,,,,,,,
121121140,,,,,,,,,,,,,,,,,,,,
121121441,,,,,,,,,,,,,,,,,,,,
121121656,,,,,,,,,,,,,,,,,,,,
121121806,,,,,,,,,,,,,,,,,,,,
121122033,,,,,,,,,,,,,,,,,,,,
121122197,,,,,,,,,,,,,,,,,,,,
121123198,,,,,,,,,,,,,,,,,,,,
121123358,,,,,,,,,,,,,,,,,,,,
121599466,,,,,2.0,454.0,1301.0,A,,2.0,1.0,50000.0,748.0,,407522.0,,,1.0,,
121599627,451.0,1377.0,2.0,1.0,,,,,,,,,,,,,,,,
121600225,,,,,,,,,,,,,,,,,,,,
121626094,,,,,2.0,451.0,1376.0,A,,2.0,1.0,84000.0,822.0,,407522.0,,,1.0,,
121627488,,,,,,,,,,,,,,,,,,,,
121628892,,,,,1.0,48.0,367.0,A,,2.0,1.0,30000.0,267.0,,407522.0,,,1.0,,
121629099,,,,,,,,,,,,,,,,,,,,
121629153,,,,,,,,,,,,,,,,,,,,
121629253,,,,,,,,,,,,,,,,,,,,
121629307,,,,,,,,,,,,,,,,,,,,
121629340,,,,,,,,,,,,,,,,,,,,
121629342,,,,,,,,,,,,,,,,,,,,
127987620,,,,,,,,,,,,,,,,,,,,
128486738,,,,,2.0,454.0,1300.0,A,,2.0,1.0,30000.0,747.0,,407522.0,,,1.0,,
128486753,,,,,2.0,457.0,1313.0,A,,2.0,1.0,120920.0,760.0,,407522.0,,,1.0,,
128486774,,,,,2.0,60.0,1208.0,A,,2.0,1.0,40000.0,654.0,,407522.0,,,1.0,,
128271713,,,,,2.0,462.0,1360.0,A,,2.0,1.0,12167.0,807.0,,407521.0,,,1.0,,
128271856,,,,,2.0,77.0,1380.0,A,,2.0,1.0,140000.0,826.0,,407521.0,,,1.0,,
118504613,,,,,2.0,60.0,1208.0,A,,2.0,1.0,100000.0,654.0,,407522.0,,,1.0,,
118509839,,,,,2.0,10.0,1344.0,A,,2.0,1.0,140000.0,790.0,,408530.0,,,1.0,,
118529913,,,,,2.0,15.0,458.0,A,,4.0,1.0,200000.0,358.0,,407522.0,,,1.0,,
118530588,,,,,2.0,15.0,458.0,A,,4.0,1.0,100000.0,358.0,,407522.0,,,1.0,,
118530871,,,,,2.0,15.0,458.0,A,,4.0,1.0,100000.0,358.0,,407522.0,,,1.0,,
118542524,,,,,,,,,,,,,,,,,,,,
121628130,,,,,,,,,,,,,,,,,,,,
121630116,462.0,1345.0,2.0,1.0,2.0,462.0,1345.0,A,,2.0,1.0,156000.0,,,407522.0,,,1.0,,
121630153,462.0,1345.0,2.0,1.0,2.0,462.0,1345.0,A,,2.0,1.0,300000.0,,,407522.0,,,1.0,,
127987671,,,,,2.0,15.0,458.0,A,,4.0,1.0,150000.0,358.0,,407521.0,,,1.0,,
118508175,15.0,458.0,4.0,1.0,2.0,15.0,458.0,A,,4.0,1.0,150000.0,,,407521.0,,,1.0,,
118511892,,,,,2.0,77.0,1380.0,A,,2.0,1.0,140000.0,826.0,,407521.0,,,1.0,,
118515997,,,,,,,,,,,,,,,,,,,,
121599839,,,,,2.0,457.0,1330.0,A,,2.0,1.0,150920.0,777.0,,407522.0,,,1.0,,
121628264,10.0,1344.0,2.0,1.0,,,,,,,,,,,,,,,,
44274502,,,,,,,,,,,,,,,,,,,,
44339496,,,,,,,,,,,,,,,,,,,,
44339511,,,,,,,,,,,,,,,,,,,,
44344671,,1262.0,2.0,2.0,,,,,,,,,,,,,,,,
44344702,,,,,2.0,63.0,1083.0,A,,2.0,2.0,100000.0,387.0,,407750.0,,,2.0,,
44344737,,,,,2.0,10.0,1156.0,A,,4.0,50.0,100000.0,551.0,,407735.0,,,1.0,,
44339606,77.0,1380.0,2.0,1.0,2.0,77.0,1380.0,A,,2.0,1.0,100000.0,,,407751.0,,,1.0,,
44339623,77.0,1380.0,2.0,1.0,2.0,77.0,1380.0,A,,2.0,1.0,100000.0,,,407750.0,,,1.0,,
44339808,77.0,1380.0,2.0,1.0,2.0,77.0,1380.0,A,,2.0,1.0,75074.0,,,407752.0,,,1.0,,
44344661,462.0,1345.0,2.0,1.0,2.0,462.0,1345.0,A,,2.0,1.0,130000.0,,,407750.0,,,1.0,,
44344710,,,,,2.0,63.0,62.0,A,,4.0,100.0,200000.0,65.0,,407733.0,,,1.0,,
44344759,,,,,2.0,63.0,62.0,A,,4.0,100.0,205722.0,65.0,,407735.0,,,1.0,,
44344901,,,,,2.0,15.0,458.0,A,,4.0,80.0,150000.0,358.0,,407752.0,,,1.0,,
44344919,,,,,2.0,15.0,458.0,A,,4.0,50.0,100000.0,358.0,,407750.0,,,1.0,,
44344938,,,,,2.0,15.0,458.0,A,,4.0,60.0,120000.0,358.0,,407751.0,,,1.0,,
44344953,63.0,1253.0,2.0,1.0,2.0,63.0,1253.0,A,,2.0,1.0,,,,407750.0,,,1.0,,
44344969,63.0,1253.0,2.0,1.0,2.0,63.0,1253.0,A,,2.0,1.0,,,,407752.0,,,1.0,,
44345009,,,,,2.0,15.0,458.0,A,,4.0,50.0,100000.0,358.0,,407750.0,,,1.0,,
44345027,,,,,2.0,15.0,458.0,A,,4.0,50.0,100000.0,358.0,,407733.0,,,1.0,,
44345047,,,,,2.0,15.0,458.0,A,,4.0,50.0,150000.0,358.0,,407732.0,,,1.0,,
44345063,,,,,2.0,15.0,458.0,A,,4.0,60.0,120000.0,358.0,,407750.0,,,1.0,,
56599703,,,,,2.0,10.0,1237.0,A,,2.0,1.0,100000.0,683.0,,407750.0,,,1.0,,
56674999,,,,,2.0,77.0,1202.0,A,,2.0,1.0,50000.0,505.0,,407750.0,,,1.0,,
56675323,,,,,2.0,15.0,458.0,A,,4.0,1.0,50000.0,358.0,,407733.0,,,1.0,,
56675673,,,,,2.0,15.0,458.0,A,,4.0,1.0,50000.0,358.0,,407733.0,,,1.0,,
56676084,,,,,2.0,77.0,1202.0,A,,2.0,1.0,50000.0,505.0,,407752.0,,,1.0,,
56676488,,,,,2.0,15.0,458.0,A,,4.0,1.0,50000.0,358.0,,407750.0,,,1.0,,
65097933,,458.0,4.0,50.0,,,,,,,,,,,,,,,,
65098073,451.0,1288.0,2.0,1.0,,,,,,,,,,,,,,,,
65100424,106.0,1252.0,2.0,1.0,,,,,,,,,,,,,,,,
65142852,,1225.0,2.0,1.0,,,,,,,,,,,,,,,,
65142882,,46.0,2.0,1.0,,,,,,,,,,,,,,,,
65142924,451.0,1282.0,2.0,1.0,,,,,,,,,,,,,,,,
65142958,,10.0,2.0,1.0,,,,,,,,,,,,,,,,
48208325,,,,,,,,,,,,,,,,,,,,
48208369,,,,,,,,,,,,,,,,,,,,
48208444,,,,,,,,,,,,,,,,,,,,
48208494,77.0,1202.0,2.0,1.0,2.0,77.0,1202.0,A,,2.0,1.0,,,,407750.0,,,1.0,,
56599453,,,,,2.0,10.0,11.0,A,,2.0,1.0,200000.0,10.0,,407750.0,,,1.0,,
56600246,,,,,2.0,10.0,8.0,A,,2.0,1.0,20000.0,8.0,,407750.0,,,1.0,,
56613832,,,,,2.0,10.0,1156.0,A,,4.0,1.0,121149.0,551.0,,407750.0,,,1.0,,
56657016,,,,,2.0,63.0,62.0,A,,4.0,1.0,100000.0,65.0,,407750.0,,,1.0,,
56657451,,,,,2.0,63.0,62.0,A,,4.0,1.0,141149.0,65.0,,407734.0,,,1.0,,
56673560,,,,,2.0,77.0,59.0,A,,2.0,1.0,50000.0,54.0,,407735.0,,,1.0,,
56673997,,,,,2.0,15.0,458.0,A,,4.0,1.0,50000.0,358.0,,407732.0,,,1.0,,
65096304,15.0,458.0,4.0,1.0,2.0,15.0,458.0,A,,4.0,1.0,,,,407736.0,,,1.0,,
65096368,106.0,1251.0,2.0,1.0,2.0,106.0,1251.0,A,,2.0,1.0,,,,407750.0,,,1.0,,
65097842,15.0,458.0,4.0,50.0,2.0,15.0,458.0,A,,4.0,50.0,1000.0,,,407752.0,,,1.0,,
65098022,454.0,1300.0,2.0,1.0,2.0,454.0,1300.0,A,,2.0,1.0,100000.0,,,407735.0,,,1.0,,
56671883,,,,,1.0,455.0,1287.0,A,,2.0,1.0,200000.0,734.0,,407750.0,,,1.0,,
56672974,,,,,2.0,15.0,458.0,A,,4.0,1.0,88198.0,358.0,,407751.0,,,1.0,,
56674414,,,,,2.0,63.0,62.0,A,,4.0,1.0,150000.0,65.0,,407734.0,,,1.0,,
60926262,,1256.0,2.0,1.0,,,,,,,,,,,,,,,,
65409125,,8.0,2.0,1.0,,,,,,,,,,,,,,,,
65409718,451.0,1287.0,2.0,3.0,,,,,,,,,,,,,,,,
65409771,451.0,1287.0,2.0,1.0,,,,,,,,,,,,,,,,
65410051,451.0,1287.0,2.0,1.0,,,,,,,,,,,,,,,,
88448702,,,,,2.0,451.0,1281.0,A,,2.0,1.0,5000.0,728.0,,407734.0,,,1.0,,
60926466,15.0,1068.0,4.0,100.0,2.0,15.0,1068.0,A,,4.0,100.0,2000.0,,,407750.0,,,1.0,,
60926606,10.0,11.0,2.0,1.0,2.0,10.0,11.0,A,,2.0,1.0,,,,407750.0,,,1.0,,
65408949,10.0,11.0,2.0,1.0,2.0,10.0,11.0,A,,2.0,1.0,,,,407751.0,,,1.0,,
65409284,15.0,458.0,4.0,1.0,2.0,15.0,458.0,A,,4.0,1.0,,,,407751.0,,,1.0,,
65409338,77.0,59.0,2.0,1.0,2.0,77.0,59.0,A,,2.0,1.0,,,,407752.0,,,1.0,,
65409377,77.0,59.0,2.0,1.0,2.0,77.0,59.0,A,,2.0,1.0,,,,407750.0,,,1.0,,
65409476,77.0,59.0,2.0,1.0,2.0,77.0,59.0,A,,2.0,1.0,,,,407750.0,,,1.0,,
65409623,106.0,1252.0,2.0,1.0,2.0,106.0,1252.0,A,,2.0,1.0,,,,407750.0,,,1.0,,
65409810,451.0,1287.0,2.0,1.0,1.0,455.0,1287.0,A,,2.0,1.0,60000.0,,,407732.0,,,1.0,,
65409918,454.0,1300.0,2.0,1.0,2.0,454.0,1300.0,A,,2.0,1.0,90000.0,,,407750.0,,,1.0,,
65409970,457.0,1317.0,2.0,40.0,2.0,457.0,1317.0,A,,2.0,40.0,1500.0,,,407750.0,,,40.0,,
65410011,451.0,1281.0,2.0,3.0,2.0,451.0,1281.0,A,,2.0,3.0,7500.0,,,407750.0,,,3.0,,
65410154,451.0,1281.0,2.0,1.0,2.0,451.0,1281.0,A,,2.0,1.0,7000.0,,,407750.0,,,1.0,,
65410201,451.0,1282.0,2.0,2.0,2.0,451.0,1282.0,A,,2.0,2.0,25000.0,,,407750.0,,,2.0,,
65410237,457.0,1317.0,2.0,2.0,2.0,457.0,1317.0,A,,2.0,2.0,10000.0,,,407750.0,,,2.0,,
65410452,29.0,1279.0,2.0,1.0,2.0,454.0,1300.0,A,,2.0,1.0,21500.0,,,407750.0,,,1.0,,
65410493,454.0,1300.0,2.0,1.0,2.0,454.0,1300.0,A,,2.0,1.0,6594.0,,,407750.0,,,1.0,,
88448498,,,,,2.0,451.0,1376.0,A,,2.0,1.0,60000.0,822.0,,407750.0,,,1.0,,
65410283,451.0,1287.0,2.0,1.0,,,,,,,,,,,,,,,,
76411600,451.0,1376.0,2.0,1.0,,,,,,,,,,,,,,,,
76412173,,,,,,,,,,,,,,,,,,,,
76413241,,,,,,,,,,,,,,,,,,,,
76414758,451.0,1376.0,2.0,1.0,,,,,,,,,,,,,,,,
76416515,,,,,2.0,453.0,1299.0,A,,2.0,1.0,3500.0,746.0,,407751.0,,,1.0,,
76416762,,,,,2.0,453.0,1299.0,A,,2.0,1.0,3500.0,746.0,,407751.0,,,1.0,,
76420712,,,,,2.0,453.0,1299.0,A,,2.0,1.0,3500.0,746.0,,407750.0,,,1.0,,
76420933,,,,,2.0,453.0,1299.0,A,,2.0,1.0,3500.0,746.0,,407750.0,,,1.0,,
76421132,,,,,2.0,453.0,1299.0,A,,2.0,1.0,3500.0,746.0,,407750.0,,,1.0,,
76421364,,,,,2.0,453.0,1299.0,A,,2.0,1.0,3500.0,746.0,,407750.0,,,1.0,,
76421551,,,,,2.0,453.0,1299.0,A,,2.0,1.0,3500.0,746.0,,407750.0,,,1.0,,
76421720,,,,,2.0,453.0,1299.0,A,,2.0,1.0,3500.0,746.0,,407750.0,,,1.0,,
76421883,,,,,2.0,453.0,1299.0,A,,2.0,1.0,3500.0,746.0,,407750.0,,,1.0,,
76423168,,,,,2.0,453.0,1299.0,A,,2.0,1.0,3500.0,746.0,,407751.0,,,1.0,,
76424269,,,,,2.0,453.0,1299.0,A,,2.0,1.0,3500.0,746.0,,407750.0,,,1.0,,
77186487,,,,,2.0,456.0,1341.0,A,,2.0,1.0,113488.0,787.0,,407734.0,,,1.0,,
77187431,,,,,2.0,456.0,1341.0,A,,2.0,1.0,100000.0,787.0,,407734.0,,,1.0,,
78948165,,,,,,,,,,,,,,,,,,,,
78948945,,,,,,,,,,,,,,,,,,,,
78950425,,,,,,,,,,,,,,,,,,,,
79234111,,,,,,,,,,,,,,,,,,,,
79235546,,,,,,,,,,,,,,,,,,,,
79238061,,,,,,,,,,,,,,,,,,,,
79241194,,,,,,,,,,,,,,,,,,,,
79243494,,,,,,,,,,,,,,,,,,,,
79245169,,,,,,,,,,,,,,,,,,,,
79247557,,,,,,,,,,,,,,,,,,,,
79247558,,,,,,,,,,,,,,,,,,,,
79251473,,,,,,,,,,,,,,,,,,,,
79253252,,,,,,,,,,,,,,,,,,,,
79606071,,,,,,,,,,,,,,,,,,,,
79607346,,,,,,,,,,,,,,,,,,,,
79610055,,,,,,,,,,,,,,,,,,,,
79610856,,,,,,,,,,,,,,,,,,,,
79611641,,,,,,,,,,,,,,,,,,,,
79612286,,,,,,,,,,,,,,,,,,,,
79612818,,,,,,,,,,,,,,,,,,,,
79613958,,,,,,,,,,,,,,,,,,,,
79614773,,,,,,,,,,,,,,,,,,,,
79615931,,,,,,,,,,,,,,,,,,,,
79616798,,,,,,,,,,,,,,,,,,,,
79617722,,,,,,,,,,,,,,,,,,,,
79618285,,,,,,,,,,,,,,,,,,,,
79618914,,,,,,,,,,,,,,,,,,,,
79619611,,,,,,,,,,,,,,,,,,,,
79620360,,,,,,,,,,,,,,,,,,,,
79621070,,,,,,,,,,,,,,,,,,,,
79622103,,,,,,,,,,,,,,,,,,,,
79622516,,,,,,,,,,,,,,,,,,,,
79623729,,,,,,,,,,,,,,,,,,,,
79625160,,,,,,,,,,,,,,,,,,,,
79626661,,,,,,,,,,,,,,,,,,,,
79826707,,,,,,,,,,,,,,,,,,,,
79827281,,,,,,,,,,,,,,,,,,,,
79827789,,,,,,,,,,,,,,,,,,,,
79828253,,,,,,,,,,,,,,,,,,,,
79828620,,,,,,,,,,,,,,,,,,,,
79829169,,,,,,,,,,,,,,,,,,,,
79829704,,,,,,,,,,,,,,,,,,,,
79830196,,,,,,,,,,,,,,,,,,,,
79830702,,,,,,,,,,,,,,,,,,,,
79831526,,,,,,,,,,,,,,,,,,,,
79832282,,,,,,,,,,,,,,,,,,,,
80178526,,,,,2.0,77.0,37.0,A,,2.0,1.0,1000.0,33.0,,407750.0,,,1.0,,
80178893,,,,,2.0,462.0,1375.0,A,,2.0,1.0,5000.0,791.0,,407750.0,,,1.0,,
80179446,,,,,2.0,77.0,1380.0,A,,2.0,1.0,2000.0,826.0,,407752.0,,,1.0,,
80179874,,,,,2.0,77.0,59.0,A,,2.0,1.0,5000.0,54.0,,407750.0,,,1.0,,
80180327,,,,,2.0,104.0,53.0,A,,2.0,1.0,1000.0,49.0,,407750.0,,,1.0,,
80180894,,,,,2.0,97.0,1161.0,A,,2.0,1.0,5000.0,600.0,,407750.0,,,1.0,,
80181302,,,,,2.0,77.0,59.0,A,,2.0,1.0,1000.0,54.0,,407750.0,,,1.0,,
80181632,,,,,2.0,77.0,59.0,A,,2.0,1.0,5000.0,54.0,,407750.0,,,1.0,,
80182155,,,,,2.0,104.0,53.0,A,,2.0,1.0,1000.0,49.0,,407750.0,,,1.0,,
80182514,,,,,2.0,77.0,1380.0,A,,2.0,1.0,2000.0,826.0,,407752.0,,,1.0,,
80182876,,,,,2.0,77.0,59.0,A,,2.0,1.0,1000.0,54.0,,407750.0,,,1.0,,
80183185,,,,,2.0,77.0,59.0,A,,2.0,1.0,2000.0,54.0,,407750.0,,,1.0,,
80183637,,,,,2.0,77.0,59.0,A,,2.0,1.0,1000.0,54.0,,407750.0,,,1.0,,
80184007,,,,,2.0,77.0,59.0,A,,2.0,1.0,1000.0,54.0,,407752.0,,,1.0,,
80184469,,,,,2.0,60.0,1208.0,A,,2.0,1.0,1000.0,654.0,,407751.0,,,1.0,,
80185409,,,,,2.0,77.0,59.0,A,,2.0,1.0,2000.0,54.0,,407735.0,,,1.0,,
80185753,,,,,,,,,,,,,,,,,,,,
80186055,,,,,2.0,462.0,1375.0,A,,2.0,1.0,2000.0,791.0,,407750.0,,,1.0,,
80186405,,,,,2.0,77.0,59.0,A,,2.0,1.0,1000.0,54.0,,407750.0,,,1.0,,
80186672,,,,,2.0,77.0,59.0,A,,2.0,1.0,1000.0,54.0,,407750.0,,,1.0,,
80187019,,,,,2.0,77.0,59.0,A,,2.0,1.0,1000.0,54.0,,407750.0,,,1.0,,
80187618,,,,,2.0,103.0,56.0,A,,2.0,1.0,1000.0,51.0,,407751.0,,,1.0,,
82774077,,,,,,,,,,,,,,,,,,,,
82774620,,,,,,,,,,,,,,,,,,,,
82774948,,,,,,,,,,,,,,,,,,,,
82775179,,,,,,,,,,,,,,,,,,,,
82775510,,,,,,,,,,,,,,,,,,,,
82775815,,,,,,,,,,,,,,,,,,,,
82776608,,,,,,,,,,,,,,,,,,,,
82776815,,,,,,,,,,,,,,,,,,,,
82777095,,,,,,,,,,,,,,,,,,,,
82777300,,,,,,,,,,,,,,,,,,,,
82777648,,,,,,,,,,,,,,,,,,,,
82777882,,,,,,,,,,,,,,,,,,,,
82778132,,,,,,,,,,,,,,,,,,,,
82778409,,,,,,,,,,,,,,,,,,,,
82873167,,,,,,,,,,,,,,,,,,,,
82891520,,,,,,,,,,,,,,,,,,,,
82905047,,,,,2.0,77.0,1380.0,A,,2.0,1.0,300000.0,826.0,,407752.0,,,1.0,,
82905636,77.0,59.0,2.0,1.0,,,,,,,,,,,,,,,,
82927112,,,,,,,,,,,,,,,,,,,,
82927761,,,,,2.0,104.0,53.0,A,,2.0,1.0,1000.0,49.0,,407735.0,,,1.0,,
82929418,,,,,2.0,77.0,1380.0,A,,2.0,1.0,1000.0,826.0,,407752.0,,,1.0,,
82930021,,,,,2.0,104.0,53.0,A,,2.0,1.0,1000.0,49.0,,407750.0,,,1.0,,
82930289,,,,,2.0,104.0,53.0,A,,2.0,1.0,1000.0,49.0,,407750.0,,,1.0,,
82930725,,,,,2.0,77.0,1217.0,A,,2.0,1.0,1000.0,663.0,,407750.0,,,1.0,,
82931632,,,,,2.0,77.0,37.0,A,,2.0,1.0,1000.0,33.0,,407750.0,,,1.0,,
82932583,,,,,2.0,77.0,37.0,A,,2.0,1.0,1000.0,33.0,,407750.0,,,1.0,,
82933255,,,,,2.0,77.0,59.0,A,,2.0,1.0,1000.0,54.0,,407750.0,,,1.0,,
82933868,,,,,2.0,77.0,1199.0,A,,2.0,1.0,1000.0,651.0,,407733.0,,,1.0,,
82934249,97.0,55.0,4.0,1.0,,,,,,,,,,,,,,,,
82934752,,,,,2.0,77.0,59.0,A,,2.0,1.0,1000.0,54.0,,407733.0,,,1.0,,
82935061,,,,,2.0,77.0,59.0,A,,2.0,1.0,1000.0,54.0,,407750.0,,,1.0,,
82935448,,,,,2.0,97.0,1057.0,A,,2.0,1.0,1000.0,101.0,,407735.0,,,1.0,,
82935693,,,,,2.0,77.0,1380.0,A,,2.0,1.0,1000.0,826.0,,407752.0,,,1.0,,
82936098,,,,,2.0,77.0,1380.0,A,,2.0,1.0,1000.0,826.0,,407750.0,,,1.0,,
82936494,,,,,2.0,77.0,1380.0,A,,2.0,1.0,1000.0,826.0,,407752.0,,,1.0,,
82936814,,,,,2.0,77.0,1202.0,A,,2.0,1.0,1000.0,505.0,,407750.0,,,1.0,,
82937047,,,,,2.0,15.0,1205.0,A,,4.0,1.0,1000.0,508.0,,407750.0,,,1.0,,
82937405,,,,,2.0,77.0,37.0,A,,2.0,1.0,1000.0,33.0,,407750.0,,,1.0,,
82937920,,,,,2.0,77.0,59.0,A,,2.0,1.0,1000.0,54.0,,407735.0,,,1.0,,
82938233,,,,,2.0,77.0,1380.0,A,,2.0,1.0,1000.0,826.0,,407750.0,,,1.0,,
82938565,,,,,2.0,462.0,1375.0,A,,2.0,1.0,1000.0,791.0,,407750.0,,,1.0,,
82939015,,,,,,,,,,,,,,,,,,,,
82939457,,,,,2.0,77.0,1380.0,A,,2.0,1.0,1000.0,826.0,,407752.0,,,1.0,,
82939791,,,,,,,,,,,,,,,,,,,,
82940269,,,,,2.0,462.0,1375.0,A,,2.0,1.0,1000.0,791.0,,407750.0,,,1.0,,
82940752,,,,,2.0,77.0,37.0,A,,2.0,1.0,1000.0,33.0,,407750.0,,,1.0,,
82941077,,,,,2.0,60.0,1208.0,A,,2.0,1.0,1000.0,654.0,,407733.0,,,1.0,,
82941535,,,,,2.0,104.0,53.0,A,,2.0,1.0,1000.0,49.0,,407750.0,,,1.0,,
82941857,,,,,2.0,77.0,59.0,A,,2.0,1.0,1000.0,54.0,,407750.0,,,1.0,,
82942194,,,,,2.0,77.0,59.0,A,,2.0,1.0,1000.0,54.0,,407750.0,,,1.0,,
82942499,,,,,2.0,77.0,59.0,A,,2.0,1.0,1000.0,54.0,,407750.0,,,1.0,,
82943062,,,,,2.0,77.0,1380.0,A,,2.0,1.0,1000.0,826.0,,407750.0,,,1.0,,
82943428,,,,,2.0,77.0,37.0,A,,2.0,1.0,1000.0,33.0,,407750.0,,,1.0,,
82943717,,,,,2.0,77.0,1380.0,A,,2.0,1.0,1000.0,826.0,,407752.0,,,1.0,,
82944111,,,,,2.0,77.0,37.0,A,,2.0,1.0,1000.0,33.0,,407750.0,,,1.0,,
82944425,,,,,2.0,77.0,37.0,A,,2.0,1.0,1000.0,33.0,,407750.0,,,1.0,,
76412971,,,,,2.0,457.0,1313.0,A,,2.0,1.0,100000.0,760.0,,407751.0,,,1.0,,
76413825,457.0,1317.0,2.0,1.0,2.0,457.0,1317.0,A,,2.0,1.0,50000.0,,,407750.0,,,1.0,,
76414199,451.0,1376.0,2.0,1.0,2.0,451.0,1376.0,A,,2.0,1.0,75700.0,,,407750.0,,,1.0,,
76415612,,,,,2.0,453.0,1299.0,A,,2.0,1.0,3500.0,746.0,,407751.0,,,1.0,,
76415920,,,,,2.0,453.0,1299.0,A,,2.0,1.0,3500.0,746.0,,407751.0,,,1.0,,
76416165,,,,,2.0,453.0,1299.0,A,,2.0,1.0,3500.0,746.0,,407751.0,,,1.0,,
76417018,,,,,2.0,453.0,1299.0,A,,2.0,1.0,3500.0,746.0,,407751.0,,,1.0,,
76417263,,,,,2.0,453.0,1299.0,A,,2.0,1.0,3500.0,746.0,,407751.0,,,1.0,,
76417663,,,,,2.0,453.0,1299.0,A,,2.0,1.0,3500.0,746.0,,407751.0,,,1.0,,
76419677,,,,,2.0,453.0,1299.0,A,,2.0,1.0,3500.0,746.0,,407751.0,,,1.0,,
76420017,,,,,2.0,453.0,1299.0,A,,2.0,1.0,3500.0,746.0,,407751.0,,,1.0,,
76420237,,,,,2.0,453.0,1299.0,A,,2.0,1.0,3500.0,746.0,,407751.0,,,1.0,,
76420472,,,,,2.0,453.0,1299.0,A,,2.0,1.0,3500.0,746.0,,407751.0,,,1.0,,
76422091,,,,,2.0,453.0,1299.0,A,,2.0,1.0,3500.0,746.0,,407751.0,,,1.0,,
76422269,,,,,2.0,453.0,1299.0,A,,2.0,1.0,3500.0,746.0,,407751.0,,,1.0,,
76422493,,,,,2.0,453.0,1299.0,A,,2.0,1.0,3500.0,746.0,,407751.0,,,1.0,,
76422693,,,,,2.0,453.0,1299.0,A,,2.0,1.0,3500.0,746.0,,407751.0,,,1.0,,
76422932,,,,,2.0,453.0,1299.0,A,,2.0,1.0,3500.0,746.0,,407751.0,,,1.0,,
76423426,,,,,2.0,453.0,1299.0,A,,2.0,1.0,3500.0,746.0,,407751.0,,,1.0,,
76423647,,,,,2.0,453.0,1299.0,A,,2.0,1.0,3500.0,746.0,,407751.0,,,1.0,,
76423863,,,,,2.0,453.0,1299.0,A,,2.0,1.0,3500.0,746.0,,407751.0,,,1.0,,
76424051,,,,,2.0,453.0,1299.0,A,,2.0,1.0,3500.0,746.0,,407750.0,,,1.0,,
76576158,77.0,37.0,2.0,1.0,2.0,77.0,37.0,A,,2.0,1.0,300000.0,,,407750.0,,,1.0,,
76582178,77.0,37.0,2.0,1.0,2.0,77.0,37.0,A,,2.0,1.0,43074.0,,,407750.0,,,1.0,,
76584043,77.0,37.0,2.0,1.0,2.0,77.0,37.0,A,,2.0,1.0,50000.0,,,407750.0,,,1.0,,
76584990,,,,,2.0,77.0,1380.0,A,,2.0,1.0,50000.0,826.0,,407750.0,,,1.0,,
76588111,,,,,2.0,77.0,1380.0,A,,2.0,1.0,50000.0,826.0,,407752.0,,,1.0,,
77188214,,,,,2.0,77.0,1199.0,A,,2.0,1.0,100000.0,651.0,,407750.0,,,1.0,,
77189411,15.0,458.0,4.0,1.0,2.0,15.0,458.0,A,,4.0,1.0,100000.0,,,407732.0,,,1.0,,
77190660,15.0,458.0,4.0,1.0,2.0,15.0,458.0,A,,4.0,1.0,100000.0,,,407750.0,,,1.0,,
77191560,,,,,2.0,77.0,1380.0,A,,2.0,1.0,102592.0,826.0,,407752.0,,,1.0,,
82876565,,,,,2.0,10.0,11.0,A,,2.0,1.0,48000.0,10.0,,407750.0,,,1.0,,
82877361,,,,,2.0,10.0,11.0,A,,2.0,1.0,48744.0,10.0,,407750.0,,,1.0,,
82878032,,,,,2.0,10.0,11.0,A,,2.0,1.0,365516.0,10.0,,407749.0,,,1.0,,
82903814,77.0,1087.0,2.0,1.0,2.0,77.0,1087.0,A,,2.0,1.0,150000.0,,,407750.0,,,1.0,,
99737153,,,,,,,,,,,,,,,,,,,,
99737860,,,,,,,,,,,,,,,,,,,,
99773726,,,,,,,,,,,,,,,,,,,,
99774717,,,,,,,,,,,,,,,,,,,,
101605911,,,,,,,,,,,,,,,,,,,,
101609209,,,,,2.0,451.0,1376.0,A,,2.0,1.0,39000.0,822.0,,407750.0,,,1.0,,
101650146,,,,,,,,,,,,,,,,,,,,
101703329,,,,,,,,,,,,,,,,,,,,
101705640,,,,,,,,,,,,,,,,,,,,
101718042,,,,,2.0,453.0,1299.0,A,,2.0,1.0,3500.0,746.0,,407752.0,,,1.0,,
101719721,,,,,2.0,453.0,1299.0,A,,2.0,1.0,3500.0,746.0,,407752.0,,,1.0,,
101801961,,,,,,,,,,,,,,,,,,,,
101883190,,,,,,,,,,,,,,,,,,,,
101886114,,,,,,,,,,,,,,,,,,,,
101887294,,,,,,,,,,,,,,,,,,,,
101888277,,,,,,,,,,,,,,,,,,,,
102171592,,,,,,,,,,,,,,,,,,,,
102206529,,,,,,,,,,,,,,,,,,,,
102207569,,,,,,,,,,,,,,,,,,,,
102208619,,,,,,,,,,,,,,,,,,,,
102210489,,,,,,,,,,,,,,,,,,,,
102211587,,,,,,,,,,,,,,,,,,,,
102212725,,,,,,,,,,,,,,,,,,,,
102213392,,,,,,,,,,,,,,,,,,,,
102214314,,,,,,,,,,,,,,,,,,,,
102216280,,,,,,,,,,,,,,,,,,,,
102217921,,,,,,,,,,,,,,,,,,,,
102218811,,,,,,,,,,,,,,,,,,,,
102219726,,,,,,,,,,,,,,,,,,,,
102220777,,,,,,,,,,,,,,,,,,,,
102221520,,,,,,,,,,,,,,,,,,,,
102229281,,,,,,,,,,,,,,,,,,,,
102230001,,,,,,,,,,,,,,,,,,,,
102230753,,,,,,,,,,,,,,,,,,,,
102231590,,,,,,,,,,,,,,,,,,,,
102259519,,,,,2.0,77.0,1199.0,A,,2.0,1.0,250000.0,651.0,,407751.0,,,1.0,,
101614963,,,,,2.0,457.0,1313.0,A,,2.0,1.0,300000.0,760.0,,407750.0,,,1.0,,
101616506,,,,,,,,,,,,,,,,,,,,
101621024,,,,,2.0,457.0,1312.0,A,,2.0,1.0,20977.0,759.0,,407750.0,,,1.0,,
101636921,,,,,2.0,15.0,458.0,A,,4.0,1.0,252756.0,358.0,,407733.0,,,1.0,,
101639896,,,,,2.0,15.0,458.0,A,,4.0,1.0,200000.0,358.0,,407733.0,,,1.0,,
101659017,15.0,458.0,4.0,1.0,2.0,15.0,458.0,A,,4.0,1.0,150000.0,,,407750.0,,,1.0,,
101663086,77.0,37.0,2.0,1.0,2.0,77.0,37.0,A,,2.0,1.0,47074.0,,,407750.0,,,1.0,,
101667237,10.0,1237.0,2.0,1.0,2.0,10.0,1237.0,A,,2.0,1.0,100000.0,,,407750.0,,,1.0,,
101709656,,,,,2.0,453.0,1299.0,A,,2.0,1.0,3500.0,746.0,,407752.0,,,1.0,,
101711630,,,,,2.0,453.0,1299.0,A,,2.0,1.0,3500.0,746.0,,407752.0,,,1.0,,
101713082,,,,,2.0,453.0,1299.0,A,,2.0,1.0,3500.0,746.0,,407752.0,,,1.0,,
101714632,,,,,2.0,453.0,1299.0,A,,2.0,1.0,3500.0,746.0,,407752.0,,,1.0,,
101716273,,,,,2.0,453.0,1299.0,A,,2.0,1.0,3500.0,746.0,,407752.0,,,1.0,,
101721204,,,,,2.0,453.0,1299.0,A,,2.0,1.0,3500.0,746.0,,407752.0,,,1.0,,
101723850,,,,,2.0,453.0,1299.0,A,,2.0,1.0,3500.0,746.0,,407752.0,,,1.0,,
101726970,,,,,2.0,453.0,1299.0,A,,2.0,1.0,3500.0,746.0,,407752.0,,,1.0,,
102245941,451.0,1376.0,2.0,1.0,2.0,451.0,1376.0,A,,2.0,1.0,69440.0,,,407750.0,,,1.0,,
102253049,462.0,1345.0,2.0,1.0,2.0,462.0,1345.0,A,,2.0,1.0,489567.0,,,407750.0,,,1.0,,
102364406,,,,,2.0,15.0,458.0,A,,4.0,1.0,200000.0,358.0,,407749.0,,,1.0,,
117175873,77.0,1076.0,2.0,1.0,,,,,,,,,,,,,,,,
120166068,,,,,,,,,,,,,,,,,,,,
120166807,,,,,,,,,,,,,,,,,,,,
120167287,,,,,,,,,,,,,,,,,,,,
120168010,,,,,,,,,,,,,,,,,,,,
120168697,,,,,,,,,,,,,,,,,,,,
120169042,,,,,,,,,,,,,,,,,,,,
120169383,,,,,,,,,,,,,,,,,,,,
120169944,,,,,,,,,,,,,,,,,,,,
120170476,,,,,,,,,,,,,,,,,,,,
120170708,,,,,,,,,,,,,,,,,,,,
120171316,,,,,,,,,,,,,,,,,,,,
120172100,,,,,,,,,,,,,,,,,,,,
120172511,,,,,,,,,,,,,,,,,,,,
121977953,462.0,1345.0,2.0,1.0,,,,,,,,,,,,,,,,
121978227,,,,,,,,,,,,,,,,,,,,
121978921,,,,,2.0,451.0,1376.0,A,,2.0,1.0,39000.0,822.0,,407750.0,,,1.0,,
121983668,60.0,1208.0,2.0,1.0,,,,,,,,,,,,,,,,
121985161,60.0,1208.0,2.0,1.0,,,,,,,,,,,,,,,,
122254276,,,,,,,,,,,,,,,,,,,,
122254368,,,,,,,,,,,,,,,,,,,,
122254481,,,,,,,,,,,,,,,,,,,,
122254586,,,,,,,,,,,,,,,,,,,,
122254680,,,,,,,,,,,,,,,,,,,,
122254919,,,,,,,,,,,,,,,,,,,,
122255040,,,,,,,,,,,,,,,,,,,,
122255196,,,,,,,,,,,,,,,,,,,,
122255315,,,,,,,,,,,,,,,,,,,,
122255463,,,,,,,,,,,,,,,,,,,,
122255680,,,,,,,,,,,,,,,,,,,,
122256113,,,,,,,,,,,,,,,,,,,,
122256214,,,,,,,,,,,,,,,,,,,,
122256319,,,,,,,,,,,,,,,,,,,,
122258180,,,,,,,,,,,,,,,,,,,,
122260080,,,,,,,,,,,,,,,,,,,,
122260218,,,,,,,,,,,,,,,,,,,,
122260533,,,,,,,,,,,,,,,,,,,,
122260807,,,,,,,,,,,,,,,,,,,,
122260973,,,,,,,,,,,,,,,,,,,,
122261342,,,,,,,,,,,,,,,,,,,,
122261632,,,,,,,,,,,,,,,,,,,,
122261912,,,,,,,,,,,,,,,,,,,,
122264232,,,,,,,,,,,,,,,,,,,,
122264467,,,,,,,,,,,,,,,,,,,,
122264715,,,,,,,,,,,,,,,,,,,,
122264943,,,,,,,,,,,,,,,,,,,,
122265283,,,,,,,,,,,,,,,,,,,,
122265638,,,,,,,,,,,,,,,,,,,,
122266312,,,,,,,,,,,,,,,,,,,,
122266615,,,,,,,,,,,,,,,,,,,,
122267567,,,,,,,,,,,,,,,,,,,,
122267786,,,,,,,,,,,,,,,,,,,,
122268143,,,,,,,,,,,,,,,,,,,,
122268406,,,,,,,,,,,,,,,,,,,,
122268632,,,,,,,,,,,,,,,,,,,,
122268905,,,,,,,,,,,,,,,,,,,,
122269714,,,,,,,,,,,,,,,,,,,,
122270136,,,,,,,,,,,,,,,,,,,,
122270513,,,,,,,,,,,,,,,,,,,,
122271397,,,,,,,,,,,,,,,,,,,,
122271978,,,,,,,,,,,,,,,,,,,,
122662439,,,,,,,,,,,,,,,,,,,,
122663381,,,,,,,,,,,,,,,,,,,,
122665180,,,,,,,,,,,,,,,,,,,,
122666033,,,,,,,,,,,,,,,,,,,,
122666570,,,,,,,,,,,,,,,,,,,,
122669149,,,,,,,,,,,,,,,,,,,,
121982101,454.0,1301.0,2.0,1.0,2.0,454.0,1301.0,A,,2.0,1.0,12167.0,,,407750.0,,,1.0,,
121980042,,,,,,,,,,,,,,,,,,,,
117175672,462.0,1345.0,2.0,1.0,2.0,462.0,1345.0,A,,2.0,1.0,78000.0,,,407750.0,,,1.0,,
121977784,462.0,1345.0,2.0,1.0,2.0,462.0,1345.0,A,,2.0,1.0,399400.0,,,407750.0,,,1.0,,
121978446,451.0,1376.0,2.0,1.0,2.0,451.0,1376.0,A,,2.0,1.0,69440.0,,,407750.0,,,1.0,,
121979127,451.0,1376.0,2.0,1.0,2.0,451.0,1376.0,A,,2.0,1.0,30000.0,,,407750.0,,,1.0,,
121979351,451.0,1377.0,2.0,1.0,2.0,451.0,1377.0,A,,2.0,1.0,50000.0,,,407750.0,,,1.0,,
121979609,451.0,1377.0,2.0,1.0,2.0,451.0,1377.0,A,,2.0,1.0,50000.0,,,407750.0,,,1.0,,
121980396,,,,,2.0,451.0,1376.0,A,,2.0,1.0,20000.0,822.0,,407750.0,,,1.0,,
121981445,451.0,1376.0,2.0,1.0,2.0,451.0,1376.0,A,,2.0,1.0,110333.0,,,407750.0,,,1.0,,
121981982,,,,,2.0,454.0,1300.0,A,,2.0,1.0,90000.0,747.0,,407750.0,,,1.0,,
121983932,,,,,2.0,15.0,458.0,A,,4.0,1.0,100000.0,358.0,,407750.0,,,1.0,,
121984299,60.0,1208.0,2.0,1.0,2.0,60.0,1208.0,A,,2.0,1.0,152756.0,,,407750.0,,,1.0,,
121984590,,,,,2.0,15.0,458.0,A,,4.0,1.0,100000.0,358.0,,407734.0,,,1.0,,
121984981,462.0,1345.0,2.0,1.0,2.0,462.0,1345.0,A,,2.0,1.0,100000.0,,,407750.0,,,1.0,,
121987791,77.0,1076.0,2.0,1.0,2.0,77.0,1076.0,A,,2.0,1.0,150000.0,,,407750.0,,,1.0,,
121988150,,,,,2.0,15.0,458.0,A,,4.0,1.0,200000.0,358.0,,407750.0,,,1.0,,
121988481,,,,,2.0,15.0,458.0,A,,4.0,1.0,243074.0,358.0,,407751.0,,,1.0,,
121988989,77.0,1076.0,2.0,1.0,2.0,77.0,1076.0,A,,2.0,1.0,50000.0,,,407750.0,,,1.0,,
38526616,,63.0,2.0,1.0,2.0,63.0,62.0,A,,4.0,300.0,200000.0,4.0,,429273.0,,,300.0,,
44280448,,63.0,2.0,1.0,,,,,,,,,,,,,,,,
44280796,,,,,2.0,10.0,1237.0,A,,2.0,1.0,100000.0,683.0,,429273.0,,,1.0,,
44301859,,1202.0,2.0,1.0,,,,,,,,,,,,,,,,
44302181,,1202.0,2.0,1.0,,,,,,,,,,,,,,,,
44302336,,,,,2.0,10.0,1237.0,A,,2.0,1.0,100000.0,683.0,,429273.0,,,1.0,,
44302367,,63.0,2.0,1.0,,,,,,,,,,,,,,,,
44280525,10.0,1156.0,4.0,1.0,2.0,10.0,1156.0,A,,4.0,1.0,,,,429273.0,,,1.0,,
44280668,63.0,62.0,4.0,100.0,2.0,63.0,62.0,A,,4.0,100.0,,,,429274.0,,,100.0,,
44280874,10.0,1237.0,2.0,1.0,2.0,10.0,1237.0,A,,2.0,1.0,,,,429273.0,,,1.0,,
44280995,10.0,1237.0,2.0,1.0,2.0,10.0,1237.0,A,,2.0,1.0,,,,429311.0,,,1.0,,
44281181,63.0,63.0,2.0,1.0,2.0,63.0,63.0,A,,2.0,1.0,,,,429273.0,,,1.0,,
44301379,63.0,63.0,2.0,1.0,2.0,63.0,63.0,A,,2.0,1.0,,,,429273.0,,,1.0,,
44301474,63.0,63.0,2.0,1.0,2.0,63.0,63.0,A,,2.0,1.0,,,,429273.0,,,1.0,,
44301723,77.0,1202.0,2.0,1.0,2.0,77.0,1202.0,A,,2.0,1.0,,,,429196.0,,,1.0,,
44301808,77.0,1202.0,2.0,1.0,2.0,77.0,1202.0,A,,2.0,1.0,,,,429273.0,,,1.0,,
44301931,104.0,53.0,2.0,1.0,2.0,104.0,53.0,A,,2.0,1.0,100000.0,,,429273.0,,,1.0,,
44302023,15.0,1068.0,4.0,100.0,2.0,15.0,1068.0,A,,4.0,100.0,,,,429273.0,,,100.0,,
44302100,15.0,458.0,4.0,1.0,2.0,15.0,458.0,A,,4.0,1.0,,,,429273.0,,,1.0,,
44302146,15.0,458.0,4.0,100.0,2.0,15.0,458.0,A,,4.0,100.0,,,,429273.0,,,100.0,,
44302217,,,,,,,,,,,,,,,,,,,,
44302267,,,,,,,,,,,,,,,,,,,,
44302306,10.0,1156.0,4.0,1.0,2.0,10.0,1156.0,A,,4.0,1.0,,,,429273.0,,,1.0,,
44302410,63.0,63.0,2.0,1.0,2.0,63.0,63.0,A,,2.0,1.0,,,,429273.0,,,1.0,,
44302453,63.0,29.0,2.0,1.0,2.0,63.0,29.0,A,,2.0,1.0,,,,429273.0,,,1.0,,
44302524,15.0,458.0,4.0,1.0,2.0,15.0,458.0,A,,4.0,1.0,,,,429273.0,,,1.0,,
44302588,15.0,458.0,4.0,100.0,2.0,15.0,458.0,A,,4.0,100.0,,,,429273.0,,,100.0,,
44302651,77.0,1076.0,2.0,1.0,2.0,77.0,1076.0,A,,2.0,1.0,,,,429273.0,,,1.0,,
47667019,,,,,,,,,,,,,,,,,,,,
47671037,,63.0,2.0,1.0,,,,,,,,,,,,,,,,
47671535,451.0,1281.0,2.0,12.0,,,,,,,,,,,,,,,,
47675579,,63.0,2.0,1.0,,,,,,,,,,,,,,,,
47676009,,63.0,2.0,1.0,,,,,,,,,,,,,,,,
47676477,,63.0,2.0,10.0,,,,,,,,,,,,,,,,
47682035,104.0,53.0,2.0,1.0,,,,,,,,,,,,,,,,
47690332,,11.0,2.0,100.0,,,,,,,,,,,,,,,,
47693089,,63.0,2.0,1.0,,,,,,,,,,,,,,,,
47696454,104.0,53.0,2.0,1.0,,,,,,,,,,,,,,,,
47696961,,63.0,2.0,1.0,,,,,,,,,,,,,,,,
47697243,,63.0,2.0,1.0,,,,,,,,,,,,,,,,
47697480,,,,,,,,,,,,,,,,,,,,
47698305,,29.0,2.0,1.0,,,,,,,,,,,,,,,,
47698503,,,,,,,,,,,,,,,,,,,,
52574710,451.0,1281.0,2.0,1.0,,,,,,,,,,,,,,,,
52574739,451.0,1281.0,2.0,1.0,,,,,,,,,,,,,,,,
52574764,451.0,1281.0,2.0,1.0,,,,,,,,,,,,,,,,
52574812,451.0,1281.0,2.0,1.0,,,,,,,,,,,,,,,,
52574889,,63.0,2.0,1.0,,,,,,,,,,,,,,,,
52574914,,63.0,2.0,1.0,,,,,,,,,,,,,,,,
52574945,,63.0,2.0,1.0,,,,,,,,,,,,,,,,
52574976,,63.0,2.0,1.0,,,,,,,,,,,,,,,,
52575005,,63.0,2.0,1.0,,,,,,,,,,,,,,,,
52575033,,63.0,2.0,1.0,,,,,,,,,,,,,,,,
52575066,,63.0,2.0,1.0,,,,,,,,,,,,,,,,
52577209,,1199.0,2.0,1.0,,,,,,,,,,,,,,,,
52577299,,,,,,,,,,,,,,,,,,,,
47663723,63.0,63.0,2.0,1.0,2.0,63.0,63.0,A,,2.0,1.0,,,,429273.0,,,1.0,,
47664303,10.0,1156.0,4.0,1.0,2.0,10.0,1156.0,A,,4.0,1.0,,,,429273.0,,,1.0,,
47665150,63.0,63.0,2.0,1.0,2.0,63.0,63.0,A,,2.0,1.0,,,,429273.0,,,1.0,,
47666669,10.0,1156.0,4.0,1.0,2.0,10.0,1156.0,A,,4.0,1.0,,,,429273.0,,,1.0,,
47668326,10.0,1156.0,4.0,1.0,2.0,10.0,1156.0,A,,4.0,1.0,,,,429312.0,,,1.0,,
47669467,63.0,63.0,2.0,1.0,2.0,63.0,63.0,A,,2.0,1.0,,,,429273.0,,,1.0,,
47669718,63.0,63.0,2.0,1.0,2.0,63.0,63.0,A,,2.0,1.0,,,,429274.0,,,1.0,,
47681578,454.0,1300.0,2.0,1.0,2.0,454.0,1300.0,A,,2.0,1.0,35000.0,,,429273.0,,,1.0,,
47683986,10.0,1156.0,4.0,1.0,2.0,10.0,1156.0,A,,4.0,1.0,,,,429273.0,,,1.0,,
47698853,63.0,63.0,2.0,1.0,2.0,63.0,63.0,A,,2.0,1.0,,,,429273.0,,,1.0,,
52577071,77.0,1199.0,2.0,1.0,2.0,77.0,1199.0,A,,2.0,1.0,,,,429273.0,,,1.0,,
52577101,60.0,1208.0,2.0,1.0,2.0,60.0,1208.0,A,,2.0,1.0,,,,429273.0,,,1.0,,
52577130,10.0,1237.0,2.0,1.0,2.0,10.0,1237.0,A,,2.0,1.0,,,,429273.0,,,1.0,,
52577161,454.0,1301.0,2.0,1.0,2.0,454.0,1301.0,A,,2.0,1.0,400000.0,,,429273.0,,,1.0,,
52577185,77.0,1199.0,2.0,1.0,2.0,77.0,1199.0,A,,2.0,1.0,,,,429273.0,,,1.0,,
52577241,63.0,63.0,2.0,1.0,2.0,63.0,63.0,A,,2.0,1.0,,,,429273.0,,,1.0,,
52577274,,,,,,,,,,,,,,,,,,,,
61742632,,,,,,,,,,,,,,,,,,,,
64820237,,26.0,2.0,1.0,,,,,,,,,,,,,,,,
64820308,,63.0,2.0,1.0,,,,,,,,,,,,,,,,
64820323,,,,,,,,,,,,,,,,,,,,
64829783,,,,,,,,,,,,,,,,,,,,
64829873,,,,,,,,,,,,,,,,,,,,
64829906,,63.0,2.0,1.0,,,,,,,,,,,,,,,,
64829953,451.0,1287.0,2.0,1.0,,,,,,,,,,,,,,,,
64830031,451.0,1281.0,2.0,30.0,,,,,,,,,,,,,,,,
64830046,,63.0,2.0,1.0,,,,,,,,,,,,,,,,
64830182,454.0,1300.0,2.0,1.0,,,,,,,,,,,,,,,,
64830200,,63.0,2.0,1.0,,,,,,,,,,,,,,,,
64830376,,63.0,2.0,2.0,,,,,,,,,,,,,,,,
64830488,,460.0,4.0,100.0,,,,,,,,,,,,,,,,
64830520,,63.0,2.0,1.0,,,,,,,,,,,,,,,,
64830539,,452.0,2.0,1.0,,,,,,,,,,,,,,,,
64830591,,460.0,4.0,100.0,,,,,,,,,,,,,,,,
64830684,,1076.0,2.0,1.0,,,,,,,,,,,,,,,,
61739887,462.0,1355.0,2.0,1.0,2.0,462.0,1355.0,A,,2.0,1.0,125000.0,,,429311.0,,,1.0,,
61740040,,,,,,,,,,,,,,,,,,,,
61742627,,,,,,,,,,,,,,,,,,,,
64820208,,,,,,,,,,,,,,,,,,,,
64820253,63.0,1264.0,2.0,1.0,2.0,63.0,1264.0,A,,2.0,1.0,50000.0,,,429273.0,,,1.0,,
64820267,63.0,62.0,4.0,1.0,2.0,63.0,62.0,A,,4.0,1.0,160000.0,,,429273.0,,,1.0,,
64820281,6.0,3.0,2.0,1.0,2.0,6.0,3.0,A,,2.0,1.0,40000.0,,,429273.0,,,1.0,,
64820332,,,,,,,,,,,,,,,,,,,,
64820343,104.0,53.0,2.0,1.0,2.0,104.0,53.0,A,,2.0,1.0,30000.0,,,429273.0,,,1.0,,
64820403,63.0,63.0,2.0,1.0,2.0,63.0,63.0,A,,2.0,1.0,,,,429273.0,,,1.0,,
64829816,,,,,,,,,,,,,,,,,,,,
64829858,,,,,,,,,,,,,,,,,,,,
64829892,63.0,63.0,2.0,1.0,2.0,63.0,63.0,A,,2.0,1.0,,,,429273.0,,,1.0,,
64829971,451.0,1376.0,2.0,1.0,2.0,451.0,1376.0,A,,2.0,1.0,105000.0,,,429273.0,,,1.0,,
64830015,451.0,1281.0,2.0,1.0,2.0,451.0,1281.0,A,,2.0,1.0,52500.0,,,429273.0,,,1.0,,
64830144,454.0,1300.0,2.0,1.0,2.0,454.0,1300.0,A,,2.0,1.0,65383.0,,,429273.0,,,1.0,,
64830233,454.0,1300.0,2.0,1.0,2.0,454.0,1300.0,A,,2.0,1.0,20000.0,,,429273.0,,,1.0,,
64830300,104.0,53.0,2.0,1.0,2.0,104.0,53.0,A,,2.0,1.0,100000.0,,,429311.0,,,1.0,,
64830327,97.0,55.0,4.0,100.0,2.0,97.0,55.0,A,,4.0,100.0,1000.0,,,429273.0,,,1.0,,
64830394,4.0,64.0,2.0,1.0,2.0,4.0,64.0,A,,2.0,1.0,1000.0,,,429273.0,,,1.0,,
64830414,63.0,62.0,4.0,1.0,2.0,63.0,62.0,A,,4.0,1.0,20000.0,,,429196.0,,,1.0,,
64830466,4.0,64.0,2.0,1.0,2.0,4.0,64.0,A,,2.0,1.0,50000.0,,,429315.0,,,1.0,,
64830504,,,,,,,,,,,,,,,,,,,,
64830572,10.0,1237.0,2.0,1.0,2.0,10.0,1237.0,A,,2.0,1.0,140000.0,,,429273.0,,,1.0,,
64830609,63.0,62.0,4.0,100.0,2.0,63.0,62.0,A,,4.0,100.0,700.0,,,429273.0,,,1.0,,
64830629,63.0,63.0,2.0,1.0,2.0,63.0,63.0,A,,2.0,1.0,50000.0,,,429273.0,,,1.0,,
74828608,,,,,,,,,,,,,,,,,,,,
77001110,,,,,,,,,,,,,,,,,,,,
77204484,,,,,2.0,77.0,1380.0,A,,2.0,1.0,20000.0,826.0,,429312.0,,,1.0,,
77207323,407.0,1153.0,5.0,1.0,,,,,,,,,,,,,,,,
77211066,,,,,2.0,103.0,38.0,A,,2.0,1.0,20000.0,34.0,,429315.0,,,1.0,,
77383394,,,,,,,,,,,,,,,,,,,,
77387427,,,,,,,,,,,,,,,,,,,,
77391046,,,,,,,,,,,,,,,,,,,,
77394734,,,,,,,,,,,,,,,,,,,,
77398723,,,,,,,,,,,,,,,,,,,,
77403742,,,,,,,,,,,,,,,,,,,,
77406463,,,,,,,,,,,,,,,,,,,,
77408443,,,,,,,,,,,,,,,,,,,,
77411458,,,,,,,,,,,,,,,,,,,,
77509364,,,,,,,,,,,,,,,,,,,,
77522214,,,,,,,,,,,,,,,,,,,,
77523162,,,,,,,,,,,,,,,,,,,,
77524594,,,,,,,,,,,,,,,,,,,,
77526901,,,,,,,,,,,,,,,,,,,,
77527458,,,,,,,,,,,,,,,,,,,,
77528027,,,,,,,,,,,,,,,,,,,,
77528865,,,,,1.0,41.0,1162.0,A,,2.0,1.0,2500.0,466.0,,429311.0,,,1.0,,
77532625,,,,,,,,,,,,,,,,,,,,
77533241,,,,,,,,,,,,,,,,,,,,
77719661,,,,,,,,,,,,,,,,,,,,
77722240,,,,,,,,,,,,,,,,,,,,
77742368,,,,,,,,,,,,,,,,,,,,
77745023,,,,,,,,,,,,,,,,,,,,
77748457,,,,,,,,,,,,,,,,,,,,
77751195,,,,,,,,,,,,,,,,,,,,
77754754,,,,,,,,,,,,,,,,,,,,
78201978,,,,,,,,,,,,,,,,,,,,
78206767,,,,,,,,,,,,,,,,,,,,
78207338,,,,,,,,,,,,,,,,,,,,
78208213,,,,,,,,,,,,,,,,,,,,
78208640,,,,,,,,,,,,,,,,,,,,
78210053,,,,,,,,,,,,,,,,,,,,
78211718,,,,,,,,,,,,,,,,,,,,
78212447,,,,,,,,,,,,,,,,,,,,
78212908,,,,,,,,,,,,,,,,,,,,
78216831,,,,,,,,,,,,,,,,,,,,
78218262,,,,,,,,,,,,,,,,,,,,
78218906,,,,,,,,,,,,,,,,,,,,
78220731,,,,,,,,,,,,,,,,,,,,
78221334,,,,,,,,,,,,,,,,,,,,
78224028,,,,,,,,,,,,,,,,,,,,
78224330,,,,,,,,,,,,,,,,,,,,
78224574,,,,,,,,,,,,,,,,,,,,
78224778,,,,,,,,,,,,,,,,,,,,
78225843,,,,,,,,,,,,,,,,,,,,
78226095,,,,,,,,,,,,,,,,,,,,
78226268,,,,,,,,,,,,,,,,,,,,
78226456,,,,,,,,,,,,,,,,,,,,
78226616,,,,,,,,,,,,,,,,,,,,
78226822,,,,,,,,,,,,,,,,,,,,
78227070,,,,,,,,,,,,,,,,,,,,
78227196,,,,,,,,,,,,,,,,,,,,
78227649,,,,,,,,,,,,,,,,,,,,
78227728,,,,,,,,,,,,,,,,,,,,
78227875,,,,,,,,,,,,,,,,,,,,
78227975,,,,,,,,,,,,,,,,,,,,
78228184,,,,,,,,,,,,,,,,,,,,
78228310,,,,,,,,,,,,,,,,,,,,
78228476,,,,,,,,,,,,,,,,,,,,
78228587,,,,,,,,,,,,,,,,,,,,
78228674,,,,,,,,,,,,,,,,,,,,
78228766,,,,,,,,,,,,,,,,,,,,
78228880,,,,,,,,,,,,,,,,,,,,
78229090,,,,,,,,,,,,,,,,,,,,
78229190,,,,,,,,,,,,,,,,,,,,
78229396,,,,,,,,,,,,,,,,,,,,
78229537,,,,,,,,,,,,,,,,,,,,
78238771,,,,,,,,,,,,,,,,,,,,
78239099,,,,,,,,,,,,,,,,,,,,
78239683,,,,,,,,,,,,,,,,,,,,
78240082,,,,,,,,,,,,,,,,,,,,
78240751,,,,,,,,,,,,,,,,,,,,
78241081,,,,,,,,,,,,,,,,,,,,
78241578,,,,,,,,,,,,,,,,,,,,
78241847,,,,,,,,,,,,,,,,,,,,
78242561,,,,,,,,,,,,,,,,,,,,
78243402,,,,,,,,,,,,,,,,,,,,
78244482,,,,,,,,,,,,,,,,,,,,
78244843,,,,,,,,,,,,,,,,,,,,
78245589,,,,,,,,,,,,,,,,,,,,
78247218,,,,,,,,,,,,,,,,,,,,
78249887,,,,,,,,,,,,,,,,,,,,
78251669,,,,,,,,,,,,,,,,,,,,
78309412,,,,,,,,,,,,,,,,,,,,
78311002,,,,,,,,,,,,,,,,,,,,
78312101,,,,,,,,,,,,,,,,,,,,
78312791,,,,,,,,,,,,,,,,,,,,
78313789,,,,,,,,,,,,,,,,,,,,
78314628,,,,,,,,,,,,,,,,,,,,
78315622,,,,,,,,,,,,,,,,,,,,
78316527,,,,,,,,,,,,,,,,,,,,
78318172,,,,,,,,,,,,,,,,,,,,
78330773,,,,,,,,,,,,,,,,,,,,
78332068,,,,,,,,,,,,,,,,,,,,
78333256,,,,,,,,,,,,,,,,,,,,
78335419,,,,,,,,,,,,,,,,,,,,
78337144,,,,,,,,,,,,,,,,,,,,
78338128,,,,,,,,,,,,,,,,,,,,
78338764,,,,,,,,,,,,,,,,,,,,
78340647,,,,,,,,,,,,,,,,,,,,
78341587,,,,,,,,,,,,,,,,,,,,
78342720,,,,,,,,,,,,,,,,,,,,
78344927,,,,,,,,,,,,,,,,,,,,
78346116,,,,,,,,,,,,,,,,,,,,
78346811,,,,,,,,,,,,,,,,,,,,
78348032,,,,,,,,,,,,,,,,,,,,
78349282,,,,,,,,,,,,,,,,,,,,
78350369,,,,,,,,,,,,,,,,,,,,
78350959,,,,,,,,,,,,,,,,,,,,
78353403,,,,,,,,,,,,,,,,,,,,
78354264,,,,,,,,,,,,,,,,,,,,
78354918,,,,,,,,,,,,,,,,,,,,
78355385,,,,,,,,,,,,,,,,,,,,
78355940,,,,,,,,,,,,,,,,,,,,
78357393,,,,,,,,,,,,,,,,,,,,
78357989,,,,,,,,,,,,,,,,,,,,
78358867,,,,,,,,,,,,,,,,,,,,
78359501,,,,,,,,,,,,,,,,,,,,
78360758,,,,,,,,,,,,,,,,,,,,
78361437,,,,,,,,,,,,,,,,,,,,
78362146,,,,,,,,,,,,,,,,,,,,
78363888,,,,,,,,,,,,,,,,,,,,
78366082,,,,,,,,,,,,,,,,,,,,
78366870,,,,,,,,,,,,,,,,,,,,
78367589,,,,,,,,,,,,,,,,,,,,
78368596,,,,,,,,,,,,,,,,,,,,
78370033,,,,,,,,,,,,,,,,,,,,
78373545,,,,,,,,,,,,,,,,,,,,
78374444,,,,,,,,,,,,,,,,,,,,
78375141,,,,,,,,,,,,,,,,,,,,
78376734,,,,,,,,,,,,,,,,,,,,
78378217,,,,,,,,,,,,,,,,,,,,
78378835,,,,,,,,,,,,,,,,,,,,
78446533,,,,,,,,,,,,,,,,,,,,
78446924,,,,,,,,,,,,,,,,,,,,
78447662,,,,,,,,,,,,,,,,,,,,
78448627,,,,,,,,,,,,,,,,,,,,
78450556,,,,,,,,,,,,,,,,,,,,
78451090,,,,,,,,,,,,,,,,,,,,
78451558,,,,,,,,,,,,,,,,,,,,
78452079,,,,,,,,,,,,,,,,,,,,
78452622,,,,,,,,,,,,,,,,,,,,
78453026,,,,,,,,,,,,,,,,,,,,
78453718,,,,,,,,,,,,,,,,,,,,
78454607,,,,,,,,,,,,,,,,,,,,
78455465,,,,,,,,,,,,,,,,,,,,
78455992,,,,,,,,,,,,,,,,,,,,
79175060,,,,,,,,,,,,,,,,,,,,
80533019,,,,,,,,,,,,,,,,,,,,
80536945,,,,,,,,,,,,,,,,,,,,
80557074,,,,,,,,,,,,,,,,,,,,
80557475,,,,,,,,,,,,,,,,,,,,
80558084,,,,,,,,,,,,,,,,,,,,
80558542,,,,,,,,,,,,,,,,,,,,
80560204,,,,,,,,,,,,,,,,,,,,
80560578,,,,,,,,,,,,,,,,,,,,
80644280,,,,,,,,,,,,,,,,,,,,
80646320,63.0,63.0,2.0,1.0,,,,,,,,,,,,,,,,
80660382,,,,,,,,,,,,,,,,,,,,
80661905,,,,,,,,,,,,,,,,,,,,
80668622,,,,,,,,,,,,,,,,,,,,
80669515,,,,,,,,,,,,,,,,,,,,
80670989,,,,,,,,,,,,,,,,,,,,
80671813,,,,,,,,,,,,,,,,,,,,
80677246,,,,,,,,,,,,,,,,,,,,
80706293,,,,,,,,,,,,,,,,,,,,
80711102,15.0,25.0,2.0,1.0,,,,,,,,,,,,,,,,
82690264,,,,,,,,,,,,,,,,,,,,
82970008,77.0,59.0,2.0,1.0,,,,,,,,,,,,,,,,
82973261,,,,,2.0,462.0,1375.0,A,,2.0,1.0,500000.0,791.0,,429273.0,,,1.0,,
82973562,,,,,,,,,,,,,,,,,,,,
82973801,,,,,,,,,,,,,,,,,,,,
82974045,,,,,,,,,,,,,,,,,,,,
82974299,,,,,,,,,,,,,,,,,,,,
82974586,,,,,,,,,,,,,,,,,,,,
82974793,,,,,,,,,,,,,,,,,,,,
82975181,,,,,,,,,,,,,,,,,,,,
82975527,,,,,2.0,77.0,1217.0,A,,2.0,1.0,500000.0,663.0,,429273.0,,,1.0,,
82975809,,,,,,,,,,,,,,,,,,,,
82976404,,,,,2.0,462.0,1375.0,A,,2.0,1.0,300000.0,791.0,,429276.0,,,1.0,,
82976659,,,,,,,,,,,,,,,,,,,,
82977014,,,,,2.0,10.0,1364.0,A,,2.0,1.0,500000.0,811.0,,429273.0,,,1.0,,
82977436,,,,,,,,,,,,,,,,,,,,
82977946,,,,,,,,,,,,,,,,,,,,
82978215,,,,,,,,,,,,,,,,,,,,
82978429,,,,,,,,,,,,,,,,,,,,
82978671,,,,,,,,,,,,,,,,,,,,
82978865,,,,,,,,,,,,,,,,,,,,
82979046,,,,,,,,,,,,,,,,,,,,
82979261,,,,,,,,,,,,,,,,,,,,
82979741,,,,,,,,,,,,,,,,,,,,
82982565,,,,,,,,,,,,,,,,,,,,
82982882,,,,,,,,,,,,,,,,,,,,
82983283,,,,,,,,,,,,,,,,,,,,
82983794,,,,,,,,,,,,,,,,,,,,
82984268,,,,,,,,,,,,,,,,,,,,
82984563,,,,,,,,,,,,,,,,,,,,
82985026,,,,,,,,,,,,,,,,,,,,
82985456,,,,,,,,,,,,,,,,,,,,
82985810,,,,,,,,,,,,,,,,,,,,
82986463,,,,,,,,,,,,,,,,,,,,
82986879,,,,,,,,,,,,,,,,,,,,
82987132,,,,,,,,,,,,,,,,,,,,
82987474,,,,,,,,,,,,,,,,,,,,
82987808,,,,,,,,,,,,,,,,,,,,
82988122,,,,,,,,,,,,,,,,,,,,
82989560,,,,,,,,,,,,,,,,,,,,
82989982,,,,,,,,,,,,,,,,,,,,
82990212,,,,,,,,,,,,,,,,,,,,
82990455,,,,,,,,,,,,,,,,,,,,
82990788,,,,,,,,,,,,,,,,,,,,
82996332,,,,,1.0,455.0,1284.0,A,,2.0,1.0,51000.0,731.0,,429274.0,,,1.0,,
82997278,462.0,1375.0,2.0,1.0,,,,,,,,,,,,,,,,
82997520,77.0,59.0,2.0,1.0,,,,,,,,,,,,,,,,
82997798,,,,,2.0,4.0,64.0,A,,2.0,1.0,60000.0,58.0,,429273.0,,,1.0,,
82997979,,,,,,,,,,,,,,,,,,,,
82998162,10.0,1236.0,5.0,1.0,,,,,,,,,,,,,,,,
82998576,,,,,1.0,463.0,1350.0,A,,2.0,1.0,100000.0,797.0,,429273.0,,,1.0,,
83000323,,,,,1.0,463.0,1350.0,A,,2.0,1.0,83240.0,797.0,,429273.0,,,1.0,,
83009217,,,,,,,,,,,,,,,,,,,,
83009362,,,,,,,,,,,,,,,,,,,,
83015557,457.0,1314.0,2.0,1.0,,,,,,,,,,,,,,,,
83016390,,,,,2.0,453.0,1299.0,A,,2.0,1.0,36000.0,746.0,,429273.0,,,1.0,,
83018450,,,,,2.0,451.0,1281.0,A,,2.0,1.0,18000.0,728.0,,429273.0,,,1.0,,
83019696,,,,,2.0,451.0,1281.0,A,,2.0,1.0,24000.0,728.0,,429273.0,,,1.0,,
83024682,,,,,,,,,,,,,,,,,,,,
83045774,462.0,1360.0,2.0,1.0,,,,,,,,,,,,,,,,
83085929,,,,,,,,,,,,,,,,,,,,
83087104,,,,,,,,,,,,,,,,,,,,
83088757,,,,,2.0,4.0,64.0,A,,2.0,1.0,500000.0,58.0,,429273.0,,,1.0,,
83102725,,,,,2.0,77.0,59.0,A,,2.0,1.0,300000.0,54.0,,429274.0,,,1.0,,
83116111,,,,,,,,,,,,,,,,,,,,
83116581,,,,,2.0,451.0,1288.0,A,,2.0,1.0,20000.0,735.0,,429273.0,,,1.0,,
83116891,454.0,1300.0,2.0,1.0,,,,,,,,,,,,,,,,
83116932,,,,,1.0,455.0,1286.0,A,,2.0,1.0,18000.0,733.0,,429461.0,,,1.0,,
83123223,,,,,2.0,454.0,1300.0,A,,2.0,1.0,59000.0,747.0,,429273.0,,,1.0,,
83131394,,,,,2.0,97.0,1260.0,A,,2.0,1.0,299000.0,707.0,,429273.0,,,1.0,,
83134615,,,,,1.0,48.0,367.0,A,,2.0,1.0,7678640.0,267.0,,429273.0,,,1.0,,
83138349,,,,,,,,,,,,,,,,,,,,
83139308,,,,,2.0,462.0,1352.0,A,,2.0,1.0,500.0,799.0,,429461.0,,,1.0,,
83139501,,,,,2.0,462.0,1353.0,A,,2.0,1.0,500.0,800.0,,429312.0,,,1.0,,
83139650,,,,,1.0,48.0,1107.0,A,,2.0,1.0,500.0,410.0,,429461.0,,,1.0,,
83139814,,,,,2.0,462.0,1352.0,A,,2.0,1.0,500.0,799.0,,429276.0,,,1.0,,
80575335,,,,,,,,,,,,,,,,,,,,
80576673,,,,,,,,,,,,,,,,,,,,
82998373,,,,,2.0,77.0,59.0,A,,2.0,1.0,105000.0,54.0,,429273.0,,,1.0,,
82999216,454.0,1300.0,2.0,1.0,2.0,454.0,1300.0,A,,2.0,1.0,118664.0,,,429273.0,,,1.0,,
82999413,,,,,2.0,77.0,59.0,A,,2.0,1.0,924900.0,54.0,,429273.0,,,1.0,,
83032499,,,,,,,,,,,,,,,,,,,,
83118218,,,,,2.0,454.0,1300.0,A,,2.0,1.0,87000.0,747.0,,429273.0,,,1.0,,
83119040,,,,,2.0,454.0,1300.0,A,,2.0,1.0,63498.0,747.0,,429273.0,,,1.0,,
83128802,,,,,2.0,462.0,1345.0,A,,2.0,1.0,192000.0,792.0,,429273.0,,,1.0,,
83129586,,,,,2.0,462.0,1352.0,A,,2.0,1.0,375000.0,799.0,,429273.0,,,1.0,,
83130292,,,,,2.0,462.0,1345.0,A,,2.0,1.0,141498.0,792.0,,429273.0,,,1.0,,
100105368,,,,,,,,,,,,,,,,,,,,
100105567,,,,,,,,,,,,,,,,,,,,
100105898,,,,,,,,,,,,,,,,,,,,
100106060,,,,,,,,,,,,,,,,,,,,
100106177,,,,,,,,,,,,,,,,,,,,
100107627,,,,,,,,,,,,,,,,,,,,
100119836,,,,,,,,,,,,,,,,,,,,
100120019,,,,,,,,,,,,,,,,,,,,
100120229,,,,,,,,,,,,,,,,,,,,
100128510,,,,,,,,,,,,,,,,,,,,
100129523,,,,,,,,,,,,,,,,,,,,
100129746,,,,,,,,,,,,,,,,,,,,
100130164,,,,,,,,,,,,,,,,,,,,
100135191,,,,,,,,,,,,,,,,,,,,
100135527,,,,,,,,,,,,,,,,,,,,
100156984,,,,,,,,,,,,,,,,,,,,
100159702,,,,,,,,,,,,,,,,,,,,
100160760,,,,,,,,,,,,,,,,,,,,
100161845,,,,,,,,,,,,,,,,,,,,
100171408,,,,,,,,,,,,,,,,,,,,
100172147,,,,,,,,,,,,,,,,,,,,
100172886,,,,,,,,,,,,,,,,,,,,
100206818,,,,,,,,,,,,,,,,,,,,
100207327,,,,,,,,,,,,,,,,,,,,
100208589,,,,,,,,,,,,,,,,,,,,
100208782,,,,,,,,,,,,,,,,,,,,
100209081,,,,,,,,,,,,,,,,,,,,
100216020,,,,,,,,,,,,,,,,,,,,
100218288,,,,,2.0,451.0,1376.0,A,,2.0,1.0,64244.0,822.0,,429273.0,,,1.0,,
100224106,,,,,2.0,451.0,1281.0,A,,2.0,1.0,50000.0,728.0,,429273.0,,,1.0,,
100378339,,,,,2.0,454.0,1301.0,A,,2.0,1.0,60000.0,748.0,,429273.0,,,1.0,,
100381708,,,,,2.0,454.0,1300.0,A,,2.0,1.0,50000.0,747.0,,429273.0,,,1.0,,
100386590,,,,,2.0,407.0,1153.0,A,,5.0,1.0,50000.0,457.0,,429273.0,,,1.0,,
100387145,,,,,2.0,407.0,1153.0,A,,5.0,1.0,50000.0,457.0,,429273.0,,,1.0,,
100388829,,,,,2.0,407.0,1153.0,A,,5.0,1.0,50000.0,457.0,,429273.0,,,1.0,,
100454340,,,,,,,,,,,,,,,,,,,,
100454472,,,,,,,,,,,,,,,,,,,,
100454582,,,,,,,,,,,,,,,,,,,,
100454700,,,,,,,,,,,,,,,,,,,,
100454860,,,,,,,,,,,,,,,,,,,,
100455007,,,,,,,,,,,,,,,,,,,,
100455165,,,,,,,,,,,,,,,,,,,,
100455320,,,,,,,,,,,,,,,,,,,,
100455430,,,,,,,,,,,,,,,,,,,,
100455608,,,,,,,,,,,,,,,,,,,,
100455889,,,,,,,,,,,,,,,,,,,,
100456062,,,,,,,,,,,,,,,,,,,,
100456245,,,,,,,,,,,,,,,,,,,,
100456415,,,,,,,,,,,,,,,,,,,,
100456603,,,,,,,,,,,,,,,,,,,,
100456766,,,,,,,,,,,,,,,,,,,,
100456915,,,,,,,,,,,,,,,,,,,,
100457093,,,,,,,,,,,,,,,,,,,,
100457224,,,,,,,,,,,,,,,,,,,,
100457368,,,,,,,,,,,,,,,,,,,,
100457564,,,,,,,,,,,,,,,,,,,,
100457665,,,,,,,,,,,,,,,,,,,,
100457780,,,,,,,,,,,,,,,,,,,,
100457881,,,,,,,,,,,,,,,,,,,,
100458040,,,,,,,,,,,,,,,,,,,,
100458144,,,,,,,,,,,,,,,,,,,,
100458618,,,,,,,,,,,,,,,,,,,,
100459163,,,,,,,,,,,,,,,,,,,,
100460325,,,,,,,,,,,,,,,,,,,,
100460491,,,,,,,,,,,,,,,,,,,,
100460725,,,,,,,,,,,,,,,,,,,,
100460888,,,,,,,,,,,,,,,,,,,,
100461122,,,,,,,,,,,,,,,,,,,,
100461299,,,,,,,,,,,,,,,,,,,,
100461472,,,,,,,,,,,,,,,,,,,,
100461634,,,,,,,,,,,,,,,,,,,,
100462050,,,,,,,,,,,,,,,,,,,,
100462216,,,,,,,,,,,,,,,,,,,,
100462478,,,,,,,,,,,,,,,,,,,,
100462631,,,,,,,,,,,,,,,,,,,,
100462805,,,,,,,,,,,,,,,,,,,,
100463034,,,,,,,,,,,,,,,,,,,,
100463265,,,,,,,,,,,,,,,,,,,,
100463518,,,,,,,,,,,,,,,,,,,,
100463785,,,,,,,,,,,,,,,,,,,,
100463936,,,,,,,,,,,,,,,,,,,,
100464186,,,,,,,,,,,,,,,,,,,,
100464430,,,,,,,,,,,,,,,,,,,,
100464640,,,,,,,,,,,,,,,,,,,,
100464920,,,,,,,,,,,,,,,,,,,,
100465181,,,,,,,,,,,,,,,,,,,,
100465426,,,,,,,,,,,,,,,,,,,,
100465677,,,,,,,,,,,,,,,,,,,,
100465857,,,,,,,,,,,,,,,,,,,,
100466049,,,,,,,,,,,,,,,,,,,,
100466286,,,,,,,,,,,,,,,,,,,,
100466639,,,,,,,,,,,,,,,,,,,,
100466887,,,,,,,,,,,,,,,,,,,,
100467176,,,,,,,,,,,,,,,,,,,,
100480139,,,,,,,,,,,,,,,,,,,,
100481201,,,,,,,,,,,,,,,,,,,,
100485643,,,,,2.0,63.0,63.0,A,,2.0,1.0,160000.0,57.0,,429273.0,,,1.0,,
100488084,,,,,,,,,,,,,,,,,,,,
100488449,,,,,,,,,,,,,,,,,,,,
100488614,,,,,,,,,,,,,,,,,,,,
100489136,,,,,,,,,,,,,,,,,,,,
100489346,,,,,,,,,,,,,,,,,,,,
100489517,,,,,,,,,,,,,,,,,,,,
100489661,,,,,,,,,,,,,,,,,,,,
100489884,,,,,,,,,,,,,,,,,,,,
100490074,,,,,,,,,,,,,,,,,,,,
100490375,,,,,,,,,,,,,,,,,,,,
100491046,,,,,,,,,,,,,,,,,,,,
100491195,,,,,,,,,,,,,,,,,,,,
100491311,,,,,,,,,,,,,,,,,,,,
100491460,,,,,,,,,,,,,,,,,,,,
100491573,,,,,,,,,,,,,,,,,,,,
100491716,,,,,,,,,,,,,,,,,,,,
100491840,,,,,,,,,,,,,,,,,,,,
100492033,,,,,,,,,,,,,,,,,,,,
100492214,,,,,,,,,,,,,,,,,,,,
100492338,,,,,,,,,,,,,,,,,,,,
100492551,,,,,,,,,,,,,,,,,,,,
100492800,,,,,,,,,,,,,,,,,,,,
100493026,,,,,,,,,,,,,,,,,,,,
100493235,,,,,,,,,,,,,,,,,,,,
100493413,,,,,,,,,,,,,,,,,,,,
100494073,,,,,,,,,,,,,,,,,,,,
100494256,,,,,,,,,,,,,,,,,,,,
100494438,,,,,,,,,,,,,,,,,,,,
100494642,,,,,,,,,,,,,,,,,,,,
100494804,,,,,,,,,,,,,,,,,,,,
100495031,,,,,,,,,,,,,,,,,,,,
100495167,,,,,,,,,,,,,,,,,,,,
100495516,,,,,,,,,,,,,,,,,,,,
100495771,,,,,,,,,,,,,,,,,,,,
100495951,,,,,,,,,,,,,,,,,,,,
100496149,,,,,,,,,,,,,,,,,,,,
100496889,,,,,,,,,,,,,,,,,,,,
100497032,,,,,,,,,,,,,,,,,,,,
100497593,,,,,,,,,,,,,,,,,,,,
100497705,,,,,,,,,,,,,,,,,,,,
100498290,,,,,,,,,,,,,,,,,,,,
100498842,,,,,,,,,,,,,,,,,,,,
100498950,,,,,,,,,,,,,,,,,,,,
100526332,454.0,1300.0,2.0,1.0,,,,,,,,,,,,,,,,
100528437,,,,,,,,,,,,,,,,,,,,
100529287,,,,,,,,,,,,,,,,,,,,
100529503,,,,,,,,,,,,,,,,,,,,
100529706,,,,,,,,,,,,,,,,,,,,
100529944,,,,,2.0,454.0,1300.0,A,,2.0,1.0,6000.0,747.0,,429273.0,,,1.0,,
100531375,,,,,2.0,454.0,1300.0,A,,2.0,1.0,20000.0,747.0,,429273.0,,,1.0,,
128344224,,,,,2.0,451.0,1376.0,A,,2.0,1.0,52206.0,822.0,,429273.0,,,1.0,,
100221356,451.0,1377.0,2.0,1.0,2.0,451.0,1377.0,A,,2.0,1.0,50000.0,,,429273.0,,,1.0,,
100222458,,,,,2.0,456.0,1307.0,A,,2.0,1.0,50000.0,754.0,,429273.0,,,1.0,,
100224869,,,,,2.0,454.0,1301.0,A,,2.0,1.0,245000.0,748.0,,429273.0,,,1.0,,
100339064,,,,,2.0,454.0,1300.0,A,,2.0,1.0,36000.0,747.0,,429273.0,,,1.0,,
100341996,,,,,2.0,451.0,1377.0,A,,2.0,1.0,75000.0,823.0,,429273.0,,,1.0,,
100342542,,,,,2.0,451.0,1281.0,A,,2.0,1.0,22500.0,728.0,,429273.0,,,1.0,,
100343863,10.0,1156.0,4.0,1.0,2.0,10.0,1156.0,A,,4.0,1.0,220672.0,,,429273.0,,,1.0,,
100347286,,,,,2.0,10.0,1237.0,A,,2.0,1.0,130000.0,683.0,,429273.0,,,1.0,,
100374986,,,,,2.0,10.0,1237.0,A,,2.0,1.0,100000.0,683.0,,429273.0,,,1.0,,
100375388,,,,,2.0,10.0,1237.0,A,,2.0,1.0,100000.0,683.0,,429273.0,,,1.0,,
100375965,,,,,2.0,10.0,1237.0,A,,2.0,1.0,100000.0,683.0,,429273.0,,,1.0,,
100376909,,,,,2.0,10.0,1237.0,A,,2.0,1.0,100000.0,683.0,,429273.0,,,1.0,,
100379485,,,,,2.0,63.0,63.0,A,,2.0,1.0,600896.0,57.0,,429273.0,,,1.0,,
100379955,,,,,2.0,63.0,63.0,A,,2.0,1.0,50000.0,57.0,,429273.0,,,1.0,,
100385798,,,,,2.0,77.0,66.0,A,,2.0,1.0,100000.0,60.0,,429273.0,,,1.0,,
100387572,,,,,2.0,407.0,1153.0,A,,5.0,1.0,50000.0,457.0,,429273.0,,,1.0,,
100406448,,,,,2.0,454.0,1300.0,A,,2.0,1.0,60000.0,747.0,,429273.0,,,1.0,,
100482822,,,,,,,,,,,,,,,,,,,,
100500396,,,,,2.0,454.0,1300.0,A,,2.0,1.0,246648.0,747.0,,429273.0,,,1.0,,
100525756,,,,,,,,,,,,,,,,,,,,
100526108,,,,,,,,,,,,,,,,,,,,
100527542,,,,,2.0,454.0,1300.0,A,,2.0,1.0,50000.0,747.0,,429273.0,,,1.0,,
100527949,,,,,2.0,63.0,63.0,A,,2.0,1.0,140000.0,57.0,,429273.0,,,1.0,,
100528704,,,,,,,,,,,,,,,,,,,,
100530306,,,,,2.0,454.0,1301.0,A,,2.0,1.0,100000.0,748.0,,429273.0,,,1.0,,
100530697,,,,,,,,,,,,,,,,,,,,
100531595,,,,,,,,,,,,,,,,,,,,
128344210,,,,,2.0,451.0,1376.0,A,,2.0,1.0,97928.0,822.0,,429273.0,,,1.0,,
120298918,,,,,,,,,,,,,,,,,,,,
120299052,,,,,,,,,,,,,,,,,,,,
120299152,,,,,,,,,,,,,,,,,,,,
120299216,,,,,,,,,,,,,,,,,,,,
120299333,,,,,,,,,,,,,,,,,,,,
120299467,,,,,,,,,,,,,,,,,,,,
120299560,,,,,,,,,,,,,,,,,,,,
124758882,462.0,1353.0,2.0,1.0,,,,,,,,,,,,,,,,
124802652,,,,,2.0,454.0,1300.0,A,,2.0,1.0,240000.0,747.0,,429273.0,,,1.0,,
124802735,,,,,2.0,451.0,1281.0,A,,2.0,1.0,22500.0,728.0,,429273.0,,,1.0,,
124802878,,,,,2.0,451.0,1376.0,A,,2.0,1.0,45000.0,822.0,,429273.0,,,1.0,,
124802968,457.0,1317.0,2.0,1.0,,,,,,,,,,,,,,,,
124803087,,,,,2.0,454.0,1300.0,A,,2.0,1.0,80000.0,747.0,,429273.0,,,1.0,,
124803180,,,,,2.0,451.0,1283.0,A,,2.0,1.0,30000.0,730.0,,429273.0,,,1.0,,
124803347,,,,,2.0,451.0,1377.0,A,,2.0,1.0,40000.0,823.0,,429273.0,,,1.0,,
124803428,,,,,1.0,455.0,1286.0,A,,2.0,1.0,18000.0,733.0,,429273.0,,,1.0,,
124803511,,,,,2.0,454.0,1301.0,A,,2.0,1.0,70000.0,748.0,,429273.0,,,1.0,,
124803585,,,,,1.0,455.0,1285.0,A,,2.0,1.0,32928.0,732.0,,429273.0,,,1.0,,
124803734,,,,,1.0,455.0,1287.0,A,,2.0,1.0,50000.0,734.0,,429273.0,,,1.0,,
124803801,,,,,2.0,457.0,1313.0,A,,2.0,1.0,56244.0,760.0,,429273.0,,,1.0,,
124804101,,,,,2.0,60.0,1211.0,A,,2.0,1.0,322896.0,657.0,,429273.0,,,1.0,,
124804234,,,,,2.0,63.0,1264.0,A,,2.0,1.0,150000.0,711.0,,429273.0,,,1.0,,
124811974,,,,,2.0,462.0,1355.0,A,,2.0,1.0,240000.0,802.0,,429273.0,,,1.0,,
124812087,,,,,2.0,77.0,1228.0,A,,2.0,1.0,18000.0,674.0,,429273.0,,,1.0,,
124812292,,,,,2.0,77.0,1202.0,A,,2.0,1.0,100000.0,505.0,,429311.0,,,1.0,,
124812639,,,,,1.0,41.0,1102.0,A,,2.0,1.0,100000.0,406.0,,429273.0,,,1.0,,
124812899,,,,,2.0,77.0,1076.0,A,,2.0,1.0,200000.0,380.0,,429273.0,,,1.0,,
124812951,,,,,1.0,463.0,1350.0,A,,2.0,1.0,80000.0,797.0,,429273.0,,,1.0,,
124813127,,,,,2.0,60.0,1275.0,A,,2.0,1.0,40000.0,722.0,,429273.0,,,1.0,,
124813157,,,,,2.0,60.0,1275.0,A,,2.0,1.0,15000.0,722.0,,429273.0,,,1.0,,
124813202,,,,,2.0,60.0,1275.0,A,,2.0,1.0,6000.0,722.0,,429273.0,,,1.0,,
124813291,,,,,2.0,60.0,1275.0,A,,2.0,1.0,6000.0,722.0,,429273.0,,,1.0,,
124969249,,,,,2.0,60.0,1208.0,A,,2.0,1.0,233000.0,654.0,,429273.0,,,1.0,,
124970315,,,,,,,,,,,,,,,,,,,,
124970538,,,,,,,,,,,,,,,,,,,,
124974949,,,,,,,,,,,,,,,,,,,,
124975017,,,,,,,,,,,,,,,,,,,,
124978490,,,,,,,,,,,,,,,,,,,,
124978592,,,,,,,,,,,,,,,,,,,,
124978777,,,,,,,,,,,,,,,,,,,,
124979418,,,,,,,,,,,,,,,,,,,,
124983396,,,,,,,,,,,,,,,,,,,,
124983933,,,,,,,,,,,,,,,,,,,,
124984401,,,,,,,,,,,,,,,,,,,,
124985229,,,,,,,,,,,,,,,,,,,,
124985589,,,,,,,,,,,,,,,,,,,,
124986225,,,,,,,,,,,,,,,,,,,,
124986508,,,,,,,,,,,,,,,,,,,,
124986872,,,,,,,,,,,,,,,,,,,,
124987232,,,,,,,,,,,,,,,,,,,,
125027725,,,,,2.0,77.0,1256.0,A,,2.0,1.0,100000.0,702.0,,429273.0,,,1.0,,
125029367,,,,,,,,,,,,,,,,,,,,
125029532,,,,,,,,,,,,,,,,,,,,
125029770,,,,,,,,,,,,,,,,,,,,
125030388,,,,,,,,,,,,,,,,,,,,
125031826,,,,,,,,,,,,,,,,,,,,
125033621,,,,,,,,,,,,,,,,,,,,
125034064,,,,,,,,,,,,,,,,,,,,
125036844,,,,,,,,,,,,,,,,,,,,
125036970,,,,,,,,,,,,,,,,,,,,
125037119,,,,,,,,,,,,,,,,,,,,
125037218,,,,,,,,,,,,,,,,,,,,
125037416,,,,,,,,,,,,,,,,,,,,
125037664,,,,,,,,,,,,,,,,,,,,
125037919,,,,,,,,,,,,,,,,,,,,
125038055,,,,,,,,,,,,,,,,,,,,
125043758,,,,,,,,,,,,,,,,,,,,
125043886,,,,,,,,,,,,,,,,,,,,
125044311,,,,,,,,,,,,,,,,,,,,
125044488,,,,,,,,,,,,,,,,,,,,
125044736,,,,,,,,,,,,,,,,,,,,
125045008,,,,,,,,,,,,,,,,,,,,
125045187,,,,,,,,,,,,,,,,,,,,
125045580,,,,,,,,,,,,,,,,,,,,
125053974,,,,,,,,,,,,,,,,,,,,
125054026,,,,,,,,,,,,,,,,,,,,
125054256,,,,,,,,,,,,,,,,,,,,
125054334,,,,,,,,,,,,,,,,,,,,
125054380,,,,,,,,,,,,,,,,,,,,
125054510,,,,,,,,,,,,,,,,,,,,
125054633,,,,,,,,,,,,,,,,,,,,
125054705,,,,,2.0,454.0,1301.0,A,,2.0,1.0,500.0,748.0,,429273.0,,,1.0,,
125054743,,,,,2.0,454.0,1301.0,A,,2.0,1.0,500.0,748.0,,429273.0,,,1.0,,
124759177,,,,,2.0,462.0,1353.0,A,,2.0,1.0,110672.0,800.0,,429273.0,,,1.0,,
124801973,,,,,1.0,463.0,1350.0,A,,2.0,1.0,100000.0,797.0,,429273.0,,,1.0,,
124802520,,,,,2.0,462.0,1348.0,A,,2.0,1.0,273000.0,795.0,,429273.0,,,1.0,,
124803470,,,,,1.0,455.0,1287.0,A,,2.0,1.0,36000.0,734.0,,429273.0,,,1.0,,
124804169,,,,,2.0,462.0,1348.0,A,,2.0,1.0,150000.0,795.0,,429273.0,,,1.0,,
124812356,,,,,2.0,462.0,1355.0,A,,2.0,1.0,120000.0,802.0,,429273.0,,,1.0,,
124812422,,,,,2.0,97.0,55.0,A,,4.0,1.0,50000.0,64.0,,429273.0,,,1.0,,
124812465,,,,,2.0,97.0,55.0,A,,4.0,1.0,50000.0,64.0,,429314.0,,,1.0,,
124812698,,,,,1.0,41.0,1098.0,A,,2.0,1.0,105000.0,402.0,,429273.0,,,1.0,,
124812783,,,,,2.0,77.0,1218.0,A,,2.0,1.0,100000.0,664.0,,429273.0,,,1.0,,
124969379,,,,,1.0,41.0,1102.0,A,,2.0,1.0,28240.0,406.0,,429273.0,,,1.0,,
124997644,,,,,2.0,451.0,1376.0,A,,2.0,1.0,120000.0,822.0,,429273.0,,,1.0,,
44218167,,1156.0,4.0,70.0,,,,,,,,,,,,,,,,
44218221,,1156.0,4.0,70.0,,,,,,,,,,,,,,,,
44218333,,62.0,4.0,100.0,,,,,,,,,,,,,,,,
44219215,,,,,2.0,63.0,63.0,A,,2.0,10.0,,57.0,,428538.0,,,10.0,,
44220466,,55.0,4.0,100.0,,,,,,,,,,,,,,,,
44222758,,,,,,,,,,,,,,,,,,,,
38590687,,,,,2.0,63.0,62.0,A,,4.0,40.0,0.0,65.0,,428538.0,,,1.0,,
44213449,10.0,1156.0,4.0,1.0,2.0,10.0,1156.0,A,,4.0,1.0,,,,428538.0,,,1.0,,
44214504,10.0,1156.0,4.0,1.0,2.0,10.0,1156.0,A,,4.0,1.0,,,,428541.0,,,1.0,,
44214752,10.0,10.0,2.0,4.0,2.0,10.0,10.0,A,,2.0,4.0,,,,428538.0,,,4.0,,
44218275,63.0,62.0,4.0,1.0,2.0,63.0,62.0,A,,4.0,1.0,,,,428529.0,,,1.0,,
44218307,63.0,62.0,4.0,1.0,2.0,63.0,62.0,A,,4.0,1.0,,,,428538.0,,,1.0,,
44218376,454.0,1300.0,2.0,1.0,2.0,454.0,1300.0,A,,2.0,1.0,500.0,,,428538.0,,,1.0,,
44218414,,,,,2.0,63.0,62.0,A,,4.0,40.0,,65.0,,428538.0,,,1.0,,
44218645,,,,,2.0,63.0,62.0,A,,4.0,40.0,,65.0,,428538.0,,,1.0,,
44218873,,,,,2.0,63.0,62.0,A,,4.0,40.0,,65.0,,428538.0,,,1.0,,
44219063,,,,,2.0,63.0,62.0,A,,4.0,40.0,,65.0,,428538.0,,,1.0,,
44219594,,,,,2.0,77.0,1199.0,A,,2.0,1.0,,651.0,,428530.0,,,1.0,,
44220328,,,,,2.0,103.0,38.0,A,,2.0,1.0,,34.0,,428538.0,,,1.0,,
44220394,77.0,1076.0,2.0,1.0,2.0,77.0,1076.0,A,,2.0,1.0,,,,428538.0,,,1.0,,
44220650,97.0,55.0,4.0,120.0,2.0,97.0,55.0,A,,4.0,120.0,,,,428539.0,,,120.0,,
44220850,,,,,2.0,15.0,1068.0,A,,4.0,7.0,,371.0,,428538.0,,,1.0,,
44222295,,,,,2.0,15.0,1068.0,A,,4.0,7.0,,371.0,,428529.0,,,1.0,,
44222332,,,,,2.0,15.0,1068.0,A,,4.0,7.0,,371.0,,428538.0,,,1.0,,
44222371,,,,,2.0,77.0,1202.0,A,,2.0,1.0,,505.0,,428536.0,,,1.0,,
44222390,,,,,2.0,77.0,1202.0,A,,2.0,1.0,,505.0,,428538.0,,,1.0,,
44222551,,,,,2.0,103.0,56.0,A,,2.0,1.0,,51.0,,428538.0,,,1.0,,
44222572,,,,,,,,,,,,,,,,,,,,
44222597,,,,,,,,,,,,,,,,,,,,
44222616,,,,,2.0,10.0,1156.0,A,,4.0,1.0,,551.0,,428539.0,,,1.0,,
44222659,,,,,2.0,63.0,1240.0,A,,5.0,5.0,,686.0,,428538.0,,,1.0,,
44222688,10.0,2.0,2.0,1.0,2.0,10.0,2.0,A,,2.0,1.0,,,,428538.0,,,1.0,,
44222709,,,,,2.0,15.0,25.0,A,,2.0,1.0,,22.0,,428534.0,,,1.0,,
44222732,,,,,2.0,15.0,25.0,A,,2.0,1.0,,22.0,,428530.0,,,1.0,,
44222746,,,,,,,,,,,,,,,,,,,,
50391821,10.0,452.0,2.0,1.0,2.0,10.0,452.0,A,,2.0,1.0,,,,428538.0,,,1.0,,
50392194,,,,,2.0,10.0,1156.0,A,,4.0,50.0,154840.0,551.0,,428538.0,,,1.0,,
52406616,,,,,2.0,63.0,62.0,A,,4.0,10.0,50000.0,65.0,,428538.0,,,1.0,,
52407253,,,,,2.0,10.0,1156.0,A,,4.0,12.0,12867.0,551.0,,428535.0,,,1.0,,
52407357,,1076.0,2.0,1.0,,,,,,,,,,,,,,,,
52407739,,37.0,2.0,1.0,,,,,,,,,,,,,,,,
52408979,,,,,2.0,63.0,1083.0,A,,2.0,1.0,100000.0,387.0,,428538.0,,,1.0,,
52412537,,,,,2.0,10.0,2.0,A,,2.0,1.0,140000.0,2.0,,428538.0,,,1.0,,
52406194,,,,,2.0,63.0,62.0,A,,4.0,20.0,150000.0,65.0,,428538.0,,,20.0,,
52406277,,,,,2.0,63.0,62.0,A,,4.0,20.0,156000.0,65.0,,428538.0,,,26.0,,
52406402,,,,,2.0,454.0,1300.0,A,,2.0,1.0,90000.0,725.0,,428538.0,,,1.0,,
52406533,,,,,2.0,63.0,62.0,A,,4.0,1.0,100000.0,65.0,,428538.0,,,1.0,,
52406689,451.0,1281.0,2.0,1.0,2.0,451.0,1281.0,A,,2.0,1.0,80000.0,,,428538.0,,,1.0,,
52406759,456.0,1307.0,2.0,1.0,2.0,456.0,1307.0,A,,2.0,1.0,2343.0,,,428538.0,,,1.0,,
52406846,,,,,2.0,10.0,1156.0,A,,4.0,10.0,330000.0,551.0,,428535.0,,,1.0,,
52407057,,,,,2.0,10.0,1156.0,A,,4.0,10.0,330000.0,551.0,,428538.0,,,1.0,,
52407430,77.0,1076.0,2.0,1.0,2.0,77.0,1076.0,A,,2.0,1.0,,,,428530.0,,,1.0,,
52407542,,,,,2.0,97.0,55.0,A,,4.0,10.0,200000.0,64.0,,428538.0,,,1.0,,
52407665,,,,,2.0,63.0,1265.0,A,,2.0,1.0,100000.0,712.0,,428538.0,,,1.0,,
52407825,77.0,46.0,2.0,1.0,2.0,77.0,46.0,A,,2.0,1.0,6000.0,,,428538.0,,,1.0,,
52407908,10.0,1156.0,4.0,1.0,2.0,10.0,1156.0,A,,4.0,1.0,,,,428530.0,,,1.0,,
52408000,77.0,1076.0,2.0,1.0,2.0,77.0,1076.0,A,,2.0,1.0,,,,428540.0,,,1.0,,
52408070,77.0,1076.0,2.0,1.0,2.0,77.0,1076.0,A,,2.0,1.0,,,,428530.0,,,1.0,,
52408155,77.0,1076.0,2.0,1.0,2.0,77.0,1076.0,A,,2.0,1.0,,,,428538.0,,,1.0,,
52408216,77.0,1076.0,2.0,1.0,2.0,77.0,1076.0,A,,2.0,1.0,,,,428538.0,,,1.0,,
52408268,77.0,1076.0,2.0,1.0,2.0,77.0,1076.0,A,,2.0,1.0,,,,428538.0,,,1.0,,
52408377,,,,,2.0,15.0,459.0,A,,4.0,50.0,250000.0,359.0,,428538.0,,,1.0,,
52408444,454.0,1300.0,2.0,1.0,2.0,454.0,1300.0,A,,2.0,1.0,10000.0,,,428538.0,,,1.0,,
52408566,77.0,1087.0,2.0,1.0,2.0,77.0,1087.0,A,,2.0,1.0,,,,428538.0,,,1.0,,
52408641,60.0,1208.0,2.0,1.0,2.0,60.0,1208.0,A,,2.0,1.0,,,,428538.0,,,1.0,,
52408703,77.0,1076.0,2.0,1.0,2.0,77.0,1076.0,A,,2.0,1.0,,,,428538.0,,,1.0,,
52408755,451.0,1376.0,2.0,1.0,2.0,451.0,1376.0,A,,2.0,1.0,6667.0,,,428538.0,,,1.0,,
52408802,10.0,13.0,2.0,1.0,2.0,10.0,13.0,A,,2.0,1.0,,,,428538.0,,,1.0,,
52408854,77.0,1076.0,2.0,1.0,2.0,77.0,1076.0,A,,2.0,1.0,50000.0,,,428538.0,,,1.0,,
52408902,60.0,1208.0,2.0,1.0,2.0,60.0,1208.0,A,,2.0,1.0,50000.0,,,428538.0,,,1.0,,
52409042,,,,,2.0,10.0,13.0,A,,2.0,1.0,170000.0,650.0,,428538.0,,,1.0,,
52412604,,,,,2.0,10.0,2.0,A,,2.0,1.0,140000.0,2.0,,428535.0,,,1.0,,
52412683,,,,,2.0,10.0,2.0,A,,2.0,1.0,140000.0,2.0,,428536.0,,,1.0,,
61700020,,,,,2.0,10.0,1235.0,A,,2.0,1.0,130000.0,681.0,,428536.0,,,1.0,,
61700310,,,,,2.0,63.0,63.0,A,,2.0,1.0,50000.0,57.0,,428538.0,,,1.0,,
61700358,,,,,2.0,63.0,63.0,A,,2.0,1.0,50000.0,57.0,,428538.0,,,1.0,,
61700451,,,,,2.0,63.0,63.0,A,,2.0,1.0,100000.0,57.0,,428538.0,,,1.0,,
61700825,,,,,2.0,63.0,63.0,A,,2.0,1.0,53347.0,57.0,,428538.0,,,1.0,,
61703748,,,,,2.0,63.0,1265.0,A,,2.0,1.0,100000.0,712.0,,428538.0,,,1.0,,
61703983,,1256.0,2.0,1.0,,,,,,,,,,,,,,,,
61704913,,,,,2.0,60.0,1275.0,A,,2.0,1.0,100000.0,722.0,,428538.0,,,1.0,,
61704967,,1256.0,2.0,1.0,,,,,,,,,,,,,,,,
61699801,,,,,2.0,10.0,1235.0,A,,2.0,1.0,400000.0,681.0,,428538.0,,,1.0,,
61700127,,,,,2.0,10.0,1235.0,A,,2.0,1.0,30000.0,681.0,,428538.0,,,1.0,,
61700195,462.0,1345.0,2.0,1.0,2.0,462.0,1345.0,A,,2.0,1.0,140347.0,,,428538.0,,,1.0,,
61700498,63.0,63.0,2.0,1.0,2.0,63.0,63.0,A,,2.0,1.0,,,,428538.0,,,1.0,,
61700561,,,,,2.0,63.0,63.0,A,,2.0,1.0,100000.0,57.0,,428530.0,,,1.0,,
61700611,,,,,2.0,63.0,1265.0,A,,2.0,1.0,50000.0,712.0,,428538.0,,,1.0,,
61700661,,,,,2.0,63.0,63.0,A,,2.0,1.0,50000.0,57.0,,428538.0,,,1.0,,
61700712,,,,,2.0,63.0,63.0,A,,2.0,1.0,50000.0,57.0,,428529.0,,,1.0,,
61700767,,,,,2.0,63.0,63.0,A,,2.0,1.0,50000.0,57.0,,428530.0,,,1.0,,
61703803,,,,,2.0,60.0,1208.0,A,,2.0,1.0,100000.0,654.0,,428538.0,,,1.0,,
61703854,77.0,1207.0,2.0,1.0,2.0,77.0,1207.0,A,,2.0,1.0,100000.0,,,428538.0,,,1.0,,
61703924,,,,,2.0,77.0,59.0,A,,2.0,1.0,50000.0,54.0,,428538.0,,,1.0,,
61704024,105.0,1247.0,2.0,1.0,2.0,105.0,1247.0,A,,2.0,1.0,6000.0,,,428538.0,,,1.0,,
61704099,,,,,2.0,77.0,1076.0,A,,2.0,1.0,100000.0,380.0,,428538.0,,,1.0,,
61704150,,,,,2.0,77.0,1076.0,A,,2.0,1.0,100000.0,380.0,,428541.0,,,1.0,,
61704199,,,,,2.0,77.0,37.0,A,,2.0,1.0,50000.0,33.0,,428535.0,,,1.0,,
61704260,,,,,2.0,77.0,1076.0,A,,2.0,1.0,50000.0,380.0,,428530.0,,,1.0,,
61704310,,,,,2.0,77.0,1076.0,A,,2.0,1.0,,380.0,,428540.0,,,1.0,,
61704350,,,,,2.0,77.0,1076.0,A,,2.0,1.0,59796.0,380.0,,428529.0,,,1.0,,
61704482,,,,,2.0,77.0,1256.0,A,,2.0,1.0,100000.0,702.0,,428538.0,,,1.0,,
61704758,,,,,2.0,77.0,1256.0,A,,2.0,1.0,60000.0,702.0,,428538.0,,,1.0,,
61704797,103.0,38.0,2.0,1.0,2.0,103.0,38.0,A,,2.0,1.0,100000.0,,,428538.0,,,1.0,,
61704820,,,,,2.0,77.0,1076.0,A,,2.0,1.0,100000.0,380.0,,428538.0,,,1.0,,
61704860,,,,,2.0,77.0,1256.0,A,,2.0,1.0,100000.0,702.0,,428538.0,,,1.0,,
61704885,,,,,2.0,60.0,1208.0,A,,2.0,1.0,100000.0,654.0,,428538.0,,,1.0,,
61704935,,,,,2.0,77.0,1256.0,A,,2.0,1.0,100000.0,702.0,,428538.0,,,1.0,,
61704982,10.0,11.0,2.0,1.0,2.0,10.0,11.0,A,,2.0,1.0,,,,428538.0,,,1.0,,
61705005,10.0,11.0,2.0,1.0,2.0,10.0,11.0,A,,2.0,1.0,,,,428538.0,,,1.0,,
61705038,10.0,11.0,2.0,1.0,2.0,10.0,11.0,A,,2.0,1.0,,,,428538.0,,,1.0,,
75676908,,,,,2.0,407.0,1072.0,A,,5.0,1.0,100000.0,376.0,,428541.0,,,1.0,,
75677949,462.0,1358.0,2.0,1.0,,,,,,,,,,,,,,,,
75680750,,,,,2.0,454.0,1300.0,A,,2.0,1.0,50000.0,747.0,,428538.0,,,1.0,,
75685395,,,,,2.0,454.0,1300.0,A,,2.0,1.0,140455.0,747.0,,428538.0,,,1.0,,
75697512,,,,,,,,,,,,,,,,,,,,
75781940,,,,,,,,,,,,,,,,,,,,
75783376,,,,,,,,,,,,,,,,,,,,
75787801,,,,,,,,,,,,,,,,,,,,
75788480,,,,,,,,,,,,,,,,,,,,
75788862,,,,,,,,,,,,,,,,,,,,
75789250,,,,,,,,,,,,,,,,,,,,
75790163,,,,,,,,,,,,,,,,,,,,
75791239,,,,,,,,,,,,,,,,,,,,
75793585,,,,,,,,,,,,,,,,,,,,
75794310,,,,,,,,,,,,,,,,,,,,
75798308,,,,,,,,,,,,,,,,,,,,
75799222,,,,,,,,,,,,,,,,,,,,
75807075,,,,,,,,,,,,,,,,,,,,
75809020,,,,,,,,,,,,,,,,,,,,
75809880,,,,,,,,,,,,,,,,,,,,
75810957,,,,,,,,,,,,,,,,,,,,
75812335,,,,,,,,,,,,,,,,,,,,
75814183,,,,,,,,,,,,,,,,,,,,
75816673,,,,,,,,,,,,,,,,,,,,
75817798,,,,,,,,,,,,,,,,,,,,
75818403,,,,,,,,,,,,,,,,,,,,
75819089,,,,,,,,,,,,,,,,,,,,
75819867,,,,,,,,,,,,,,,,,,,,
75820553,,,,,,,,,,,,,,,,,,,,
75822322,,,,,,,,,,,,,,,,,,,,
75823058,,,,,,,,,,,,,,,,,,,,
75824140,,,,,,,,,,,,,,,,,,,,
75824842,,,,,,,,,,,,,,,,,,,,
75826230,,,,,,,,,,,,,,,,,,,,
75827093,,,,,,,,,,,,,,,,,,,,
75827716,,,,,,,,,,,,,,,,,,,,
75828499,,,,,,,,,,,,,,,,,,,,
75829464,,,,,,,,,,,,,,,,,,,,
75830949,,,,,,,,,,,,,,,,,,,,
75832478,,,,,,,,,,,,,,,,,,,,
75834177,,,,,,,,,,,,,,,,,,,,
75894889,,,,,,,,,,,,,,,,,,,,
75895256,,,,,,,,,,,,,,,,,,,,
75895499,,,,,,,,,,,,,,,,,,,,
75895655,,,,,,,,,,,,,,,,,,,,
76182420,,,,,,,,,,,,,,,,,,,,
76182445,,,,,,,,,,,,,,,,,,,,
76188487,,,,,,,,,,,,,,,,,,,,
76190404,,,,,,,,,,,,,,,,,,,,
76194754,,,,,,,,,,,,,,,,,,,,
76196537,,,,,,,,,,,,,,,,,,,,
76197979,,,,,,,,,,,,,,,,,,,,
76200128,,,,,,,,,,,,,,,,,,,,
76202414,,,,,,,,,,,,,,,,,,,,
76216489,,,,,,,,,,,,,,,,,,,,
76220550,,,,,,,,,,,,,,,,,,,,
76223024,,,,,,,,,,,,,,,,,,,,
76226186,,,,,,,,,,,,,,,,,,,,
76227142,,,,,,,,,,,,,,,,,,,,
76228590,,,,,,,,,,,,,,,,,,,,
76229700,,,,,,,,,,,,,,,,,,,,
76231144,,,,,,,,,,,,,,,,,,,,
76232951,,,,,,,,,,,,,,,,,,,,
76234699,,,,,,,,,,,,,,,,,,,,
76236646,,,,,,,,,,,,,,,,,,,,
76239902,,,,,,,,,,,,,,,,,,,,
76243270,,,,,,,,,,,,,,,,,,,,
76559729,,,,,,,,,,,,,,,,,,,,
76595277,,,,,,,,,,,,,,,,,,,,
76597149,,,,,,,,,,,,,,,,,,,,
76598861,,,,,,,,,,,,,,,,,,,,
76600343,,,,,,,,,,,,,,,,,,,,
76605764,,,,,,,,,,,,,,,,,,,,
76608591,,,,,,,,,,,,,,,,,,,,
76612252,,,,,,,,,,,,,,,,,,,,
76615056,,,,,,,,,,,,,,,,,,,,
76623274,,,,,2.0,454.0,1300.0,A,,2.0,1.0,300000.0,747.0,,428538.0,,,1.0,,
76624550,,,,,2.0,454.0,1300.0,A,,2.0,1.0,150000.0,747.0,,428538.0,,,1.0,,
76632393,,,,,,,,,,,,,,,,,,,,
76633286,,,,,,,,,,,,,,,,,,,,
76634388,,,,,,,,,,,,,,,,,,,,
76635160,,,,,,,,,,,,,,,,,,,,
76635966,,,,,,,,,,,,,,,,,,,,
76637221,,,,,,,,,,,,,,,,,,,,
77421748,,,,,2.0,63.0,63.0,A,,2.0,1.0,150000.0,57.0,,428538.0,,,1.0,,
77423716,,,,,2.0,97.0,55.0,A,,4.0,1.0,200000.0,64.0,,428538.0,,,1.0,,
77425841,,,,,2.0,63.0,1269.0,A,,2.0,1.0,200000.0,716.0,,428538.0,,,1.0,,
77427652,,,,,2.0,63.0,1270.0,A,,2.0,1.0,150000.0,717.0,,428538.0,,,1.0,,
77430916,,,,,,,,,,,,,,,,,,,,
77432669,,,,,2.0,407.0,1154.0,A,,5.0,1.0,150000.0,458.0,,428538.0,,,1.0,,
77436193,,,,,2.0,407.0,1072.0,A,,5.0,1.0,300000.0,376.0,,428538.0,,,1.0,,
77439917,,,,,2.0,77.0,1199.0,A,,2.0,1.0,200000.0,651.0,,428538.0,,,1.0,,
77441628,,,,,2.0,454.0,1300.0,A,,2.0,1.0,200000.0,747.0,,428538.0,,,1.0,,
77443631,,,,,2.0,15.0,1258.0,A,,4.0,1.0,300000.0,705.0,,428538.0,,,1.0,,
77446577,,,,,2.0,77.0,37.0,A,,2.0,1.0,150000.0,33.0,,428538.0,,,1.0,,
77447878,,,,,2.0,10.0,5.0,A,,2.0,1.0,200000.0,5.0,,428538.0,,,1.0,,
77449506,,,,,2.0,10.0,1366.0,A,,2.0,1.0,150000.0,813.0,,428538.0,,,1.0,,
77451683,,,,,2.0,97.0,55.0,A,,4.0,1.0,300000.0,64.0,,428538.0,,,1.0,,
77453778,,,,,2.0,465.0,1373.0,A,,2.0,1.0,150000.0,820.0,,428538.0,,,1.0,,
77455533,,,,,2.0,10.0,1365.0,A,,2.0,1.0,150000.0,812.0,,428538.0,,,1.0,,
78573574,,,,,2.0,407.0,1072.0,A,,5.0,1.0,200000.0,376.0,,428538.0,,,1.0,,
78577491,,,,,,,,,,,,,,,,,,,,
82305526,,,,,,,,,,,,,,,,,,,,
82306015,,,,,,,,,,,,,,,,,,,,
82306261,,,,,,,,,,,,,,,,,,,,
82306716,,,,,,,,,,,,,,,,,,,,
82307429,,,,,,,,,,,,,,,,,,,,
82308681,,,,,,,,,,,,,,,,,,,,
82309227,,,,,,,,,,,,,,,,,,,,
82309942,,,,,,,,,,,,,,,,,,,,
82310288,,,,,,,,,,,,,,,,,,,,
82310650,,,,,,,,,,,,,,,,,,,,
82311016,,,,,,,,,,,,,,,,,,,,
82311629,,,,,,,,,,,,,,,,,,,,
82312056,,,,,,,,,,,,,,,,,,,,
82312325,,,,,,,,,,,,,,,,,,,,
82312640,,,,,,,,,,,,,,,,,,,,
82313347,,,,,,,,,,,,,,,,,,,,
82313782,,,,,,,,,,,,,,,,,,,,
82314442,,,,,,,,,,,,,,,,,,,,
82315144,,,,,,,,,,,,,,,,,,,,
82315580,,,,,,,,,,,,,,,,,,,,
82316275,,,,,,,,,,,,,,,,,,,,
82317463,,,,,,,,,,,,,,,,,,,,
82318784,,,,,,,,,,,,,,,,,,,,
82539838,,,,,2.0,77.0,1380.0,A,,2.0,1.0,200000.0,826.0,,428538.0,,,1.0,,
82540520,,,,,2.0,77.0,1380.0,A,,2.0,1.0,200000.0,826.0,,428538.0,,,1.0,,
82541223,,,,,2.0,77.0,1380.0,A,,2.0,1.0,200000.0,826.0,,428538.0,,,1.0,,
82541867,,,,,2.0,77.0,1380.0,A,,2.0,1.0,200000.0,826.0,,428538.0,,,1.0,,
82543744,,,,,,,,,,,,,,,,,,,,
82544292,,,,,,,,,,,,,,,,,,,,
82544994,,,,,,,,,,,,,,,,,,,,
82545537,,,,,,,,,,,,,,,,,,,,
82546161,,,,,,,,,,,,,,,,,,,,
82546636,,,,,,,,,,,,,,,,,,,,
82547406,,,,,,,,,,,,,,,,,,,,
82547973,,,,,,,,,,,,,,,,,,,,
82548740,,,,,,,,,,,,,,,,,,,,
82549469,,,,,2.0,77.0,1380.0,A,,2.0,1.0,500.0,826.0,,428538.0,,,1.0,,
82550290,,,,,,,,,,,,,,,,,,,,
82551350,,,,,2.0,77.0,1380.0,A,,2.0,1.0,500.0,826.0,,428538.0,,,1.0,,
82552052,,,,,,,,,,,,,,,,,,,,
82552807,,,,,2.0,77.0,1380.0,A,,2.0,1.0,1000.0,826.0,,428538.0,,,1.0,,
82553364,,,,,,,,,,,,,,,,,,,,
82554360,,,,,,,,,,,,,,,,,,,,
82554727,,,,,,,,,,,,,,,,,,,,
82555082,,,,,,,,,,,,,,,,,,,,
82555508,,,,,,,,,,,,,,,,,,,,
82555967,,,,,,,,,,,,,,,,,,,,
82557328,,,,,,,,,,,,,,,,,,,,
82557757,,,,,,,,,,,,,,,,,,,,
82558219,,,,,,,,,,,,,,,,,,,,
82558601,,,,,,,,,,,,,,,,,,,,
82559029,,,,,,,,,,,,,,,,,,,,
82559516,,,,,,,,,,,,,,,,,,,,
82561671,,,,,,,,,,,,,,,,,,,,
82562106,,,,,,,,,,,,,,,,,,,,
82562606,,,,,,,,,,,,,,,,,,,,
82562998,,,,,,,,,,,,,,,,,,,,
82735180,,,,,2.0,77.0,1076.0,A,,2.0,1.0,353000.0,380.0,,428538.0,,,1.0,,
82735919,,,,,2.0,97.0,55.0,A,,4.0,1.0,700000.0,64.0,,428538.0,,,1.0,,
82782276,,,,,,,,,,,,,,,,,,,,
82783023,,,,,,,,,,,,,,,,,,,,
82783841,,,,,,,,,,,,,,,,,,,,
74994677,462.0,1361.0,2.0,1.0,2.0,462.0,1361.0,A,,2.0,1.0,200000.0,,,428538.0,,,1.0,,
75675976,,,,,1.0,463.0,1350.0,A,,2.0,1.0,44606.0,797.0,,428538.0,,,1.0,,
75678544,77.0,1201.0,2.0,1.0,2.0,77.0,1201.0,A,,2.0,1.0,50000.0,,,428538.0,,,1.0,,
75679497,,,,,2.0,454.0,1300.0,A,,2.0,1.0,100000.0,747.0,,428530.0,,,1.0,,
75680195,,,,,2.0,454.0,1300.0,A,,2.0,1.0,100000.0,747.0,,428538.0,,,1.0,,
75682097,,,,,2.0,454.0,1300.0,A,,2.0,1.0,10000.0,747.0,,428538.0,,,1.0,,
75682821,,,,,2.0,63.0,1265.0,A,,2.0,1.0,400000.0,712.0,,428538.0,,,1.0,,
75683577,,,,,2.0,454.0,1300.0,A,,2.0,1.0,60000.0,747.0,,428538.0,,,1.0,,
75683991,,,,,2.0,454.0,1300.0,A,,2.0,1.0,20000.0,747.0,,428538.0,,,1.0,,
75684548,,,,,2.0,454.0,1300.0,A,,2.0,1.0,50000.0,747.0,,428538.0,,,1.0,,
75685056,,,,,2.0,454.0,1300.0,A,,2.0,1.0,200000.0,747.0,,428538.0,,,1.0,,
75686754,,,,,2.0,77.0,1060.0,A,,2.0,1.0,50000.0,104.0,,428540.0,,,1.0,,
75687115,,,,,2.0,77.0,1060.0,A,,2.0,1.0,50000.0,104.0,,428541.0,,,1.0,,
75687493,,,,,2.0,407.0,1153.0,A,,5.0,1.0,100000.0,457.0,,428530.0,,,1.0,,
75688119,,,,,2.0,407.0,1153.0,A,,5.0,1.0,100000.0,457.0,,428538.0,,,1.0,,
75688697,,,,,2.0,407.0,1153.0,A,,5.0,1.0,100000.0,457.0,,428530.0,,,1.0,,
75689370,,,,,2.0,407.0,1153.0,A,,5.0,1.0,100000.0,457.0,,428538.0,,,1.0,,
75689985,,,,,2.0,407.0,1153.0,A,,5.0,1.0,100000.0,457.0,,428538.0,,,1.0,,
75691056,,,,,2.0,407.0,1153.0,A,,5.0,1.0,50000.0,457.0,,428534.0,,,1.0,,
75691695,,,,,2.0,407.0,1153.0,A,,5.0,1.0,50000.0,457.0,,428530.0,,,1.0,,
75692255,,,,,2.0,407.0,1153.0,A,,5.0,1.0,100000.0,457.0,,428529.0,,,1.0,,
75692882,,,,,2.0,15.0,1205.0,A,,4.0,1.0,100000.0,508.0,,428535.0,,,1.0,,
75693370,,,,,2.0,15.0,1205.0,A,,4.0,1.0,100000.0,508.0,,428536.0,,,1.0,,
75694773,,,,,2.0,63.0,1265.0,A,,2.0,1.0,100000.0,712.0,,428538.0,,,1.0,,
75695666,,,,,2.0,77.0,1060.0,A,,2.0,1.0,100058.0,104.0,,428538.0,,,1.0,,
75696331,77.0,1207.0,2.0,1.0,2.0,77.0,1207.0,A,,2.0,1.0,100000.0,,,428538.0,,,1.0,,
75697056,77.0,37.0,2.0,1.0,2.0,77.0,37.0,A,,2.0,1.0,59240.0,,,428538.0,,,1.0,,
75697766,,,,,,,,,,,,,,,,,,,,
82684938,462.0,1345.0,2.0,1.0,2.0,462.0,1345.0,A,,2.0,1.0,364498.0,,,428538.0,,,1.0,,
82686347,462.0,1345.0,2.0,1.0,2.0,462.0,1345.0,A,,2.0,1.0,144000.0,,,428538.0,,,1.0,,
82692936,,,,,2.0,454.0,1300.0,A,,2.0,1.0,78043.0,747.0,,428538.0,,,1.0,,
99699423,,,,,,,,,,,,,,,,,,,,
99706929,,,,,,,,,,,,,,,,,,,,
99714732,,,,,,,,,,,,,,,,,,,,
99845860,,,,,,,,,,,,,,,,,,,,
99846820,,,,,,,,,,,,,,,,,,,,
99847593,,,,,,,,,,,,,,,,,,,,
99848312,,,,,,,,,,,,,,,,,,,,
99848967,,,,,,,,,,,,,,,,,,,,
99849683,,,,,,,,,,,,,,,,,,,,
99850435,,,,,,,,,,,,,,,,,,,,
99852856,,,,,,,,,,,,,,,,,,,,
99853795,,,,,,,,,,,,,,,,,,,,
99855517,,,,,,,,,,,,,,,,,,,,
99859575,,,,,,,,,,,,,,,,,,,,
99861580,,,,,,,,,,,,,,,,,,,,
99862808,,,,,,,,,,,,,,,,,,,,
99864336,,,,,,,,,,,,,,,,,,,,
99865380,,,,,,,,,,,,,,,,,,,,
99876202,,,,,,,,,,,,,,,,,,,,
99878169,,,,,,,,,,,,,,,,,,,,
99879347,,,,,,,,,,,,,,,,,,,,
99884996,,,,,,,,,,,,,,,,,,,,
99886827,,,,,,,,,,,,,,,,,,,,
99887562,,,,,,,,,,,,,,,,,,,,
99888617,,,,,,,,,,,,,,,,,,,,
99913852,,,,,,,,,,,,,,,,,,,,
99914071,,,,,,,,,,,,,,,,,,,,
99914212,,,,,,,,,,,,,,,,,,,,
99914378,,,,,,,,,,,,,,,,,,,,
99914534,,,,,,,,,,,,,,,,,,,,
99914841,,,,,,,,,,,,,,,,,,,,
99915075,,,,,,,,,,,,,,,,,,,,
99915324,,,,,,,,,,,,,,,,,,,,
99915601,,,,,,,,,,,,,,,,,,,,
99915918,,,,,,,,,,,,,,,,,,,,
99916340,,,,,,,,,,,,,,,,,,,,
99917054,,,,,,,,,,,,,,,,,,,,
99917464,,,,,,,,,,,,,,,,,,,,
99918199,,,,,,,,,,,,,,,,,,,,
99918742,,,,,,,,,,,,,,,,,,,,
99919192,,,,,,,,,,,,,,,,,,,,
99919989,,,,,,,,,,,,,,,,,,,,
99928846,,,,,,,,,,,,,,,,,,,,
99929287,,,,,,,,,,,,,,,,,,,,
99929987,,,,,,,,,,,,,,,,,,,,
99930402,,,,,,,,,,,,,,,,,,,,
99931254,,,,,,,,,,,,,,,,,,,,
99932054,,,,,,,,,,,,,,,,,,,,
99962468,,,,,,,,,,,,,,,,,,,,
99963148,,,,,,,,,,,,,,,,,,,,
99965107,,,,,,,,,,,,,,,,,,,,
99967265,,,,,,,,,,,,,,,,,,,,
99968294,,,,,,,,,,,,,,,,,,,,
99970565,,,,,,,,,,,,,,,,,,,,
99972396,,,,,,,,,,,,,,,,,,,,
99973458,,,,,,,,,,,,,,,,,,,,
99974521,,,,,,,,,,,,,,,,,,,,
99976226,,,,,,,,,,,,,,,,,,,,
99979225,,,,,,,,,,,,,,,,,,,,
99979258,,,,,,,,,,,,,,,,,,,,
99979270,,,,,,,,,,,,,,,,,,,,
99980509,,,,,,,,,,,,,,,,,,,,
99981684,,,,,,,,,,,,,,,,,,,,
99982484,,,,,,,,,,,,,,,,,,,,
99984037,,,,,,,,,,,,,,,,,,,,
99985337,,,,,,,,,,,,,,,,,,,,
99986177,,,,,,,,,,,,,,,,,,,,
99987253,,,,,,,,,,,,,,,,,,,,
99989005,,,,,,,,,,,,,,,,,,,,
99990192,,,,,,,,,,,,,,,,,,,,
99990211,,,,,,,,,,,,,,,,,,,,
100006786,,,,,,,,,,,,,,,,,,,,
100007763,,,,,,,,,,,,,,,,,,,,
100008394,,,,,,,,,,,,,,,,,,,,
100009135,,,,,,,,,,,,,,,,,,,,
100010527,,,,,,,,,,,,,,,,,,,,
100010992,,,,,,,,,,,,,,,,,,,,
100011560,,,,,,,,,,,,,,,,,,,,
100012293,,,,,,,,,,,,,,,,,,,,
100012836,,,,,,,,,,,,,,,,,,,,
100013277,,,,,,,,,,,,,,,,,,,,
100013756,,,,,,,,,,,,,,,,,,,,
100014295,,,,,,,,,,,,,,,,,,,,
100018151,,,,,,,,,,,,,,,,,,,,
100018822,,,,,,,,,,,,,,,,,,,,
100021390,,,,,,,,,,,,,,,,,,,,
100022218,,,,,,,,,,,,,,,,,,,,
100022910,,,,,,,,,,,,,,,,,,,,
100023516,,,,,,,,,,,,,,,,,,,,
100025012,,,,,,,,,,,,,,,,,,,,
100258289,,,,,,,,,,,,,,,,,,,,
100258782,,,,,,,,,,,,,,,,,,,,
100259209,,,,,,,,,,,,,,,,,,,,
100259954,,,,,,,,,,,,,,,,,,,,
100260254,,,,,,,,,,,,,,,,,,,,
100260574,,,,,,,,,,,,,,,,,,,,
100261147,,,,,,,,,,,,,,,,,,,,
100261447,,,,,,,,,,,,,,,,,,,,
100262041,,,,,,,,,,,,,,,,,,,,
100262351,,,,,,,,,,,,,,,,,,,,
100262858,,,,,,,,,,,,,,,,,,,,
100263522,,,,,,,,,,,,,,,,,,,,
100263850,,,,,,,,,,,,,,,,,,,,
100266601,,,,,,,,,,,,,,,,,,,,
100267172,,,,,,,,,,,,,,,,,,,,
100268259,,,,,,,,,,,,,,,,,,,,
100268648,,,,,,,,,,,,,,,,,,,,
100269388,,,,,,,,,,,,,,,,,,,,
100270070,,,,,,,,,,,,,,,,,,,,
100270495,,,,,,,,,,,,,,,,,,,,
100271130,,,,,,,,,,,,,,,,,,,,
100271519,,,,,,,,,,,,,,,,,,,,
100271986,,,,,,,,,,,,,,,,,,,,
100272494,,,,,,,,,,,,,,,,,,,,
100273090,,,,,,,,,,,,,,,,,,,,
100273676,,,,,,,,,,,,,,,,,,,,
100274558,,,,,,,,,,,,,,,,,,,,
100275413,,,,,,,,,,,,,,,,,,,,
100276077,,,,,,,,,,,,,,,,,,,,
100276561,,,,,,,,,,,,,,,,,,,,
100277084,,,,,,,,,,,,,,,,,,,,
100277605,,,,,,,,,,,,,,,,,,,,
100278014,,,,,,,,,,,,,,,,,,,,
100278392,,,,,,,,,,,,,,,,,,,,
100278865,,,,,,,,,,,,,,,,,,,,
100279365,,,,,,,,,,,,,,,,,,,,
100280144,,,,,,,,,,,,,,,,,,,,
100280465,,,,,,,,,,,,,,,,,,,,
100280967,,,,,,,,,,,,,,,,,,,,
100281450,,,,,,,,,,,,,,,,,,,,
100313189,,,,,,,,,,,,,,,,,,,,
100314004,,,,,,,,,,,,,,,,,,,,
100314277,,,,,,,,,,,,,,,,,,,,
100315114,,,,,,,,,,,,,,,,,,,,
100316743,,,,,,,,,,,,,,,,,,,,
100317160,,,,,,,,,,,,,,,,,,,,
100317476,,,,,,,,,,,,,,,,,,,,
100317862,,,,,,,,,,,,,,,,,,,,
100318346,,,,,,,,,,,,,,,,,,,,
100318756,,,,,,,,,,,,,,,,,,,,
100319114,,,,,,,,,,,,,,,,,,,,
100474711,,,,,,,,,,,,,,,,,,,,
100475288,,,,,,,,,,,,,,,,,,,,
100475678,,,,,,,,,,,,,,,,,,,,
100476136,,,,,,,,,,,,,,,,,,,,
100476428,,,,,,,,,,,,,,,,,,,,
100477102,,,,,,,,,,,,,,,,,,,,
100477366,,,,,,,,,,,,,,,,,,,,
100477888,,,,,,,,,,,,,,,,,,,,
100478347,,,,,,,,,,,,,,,,,,,,
100478642,,,,,,,,,,,,,,,,,,,,
100479017,,,,,,,,,,,,,,,,,,,,
100479251,,,,,,,,,,,,,,,,,,,,
100479642,,,,,,,,,,,,,,,,,,,,
100479952,,,,,,,,,,,,,,,,,,,,
100480197,,,,,,,,,,,,,,,,,,,,
100480549,,,,,,,,,,,,,,,,,,,,
100480832,,,,,,,,,,,,,,,,,,,,
100484734,,,,,,,,,,,,,,,,,,,,
100485308,,,,,,,,,,,,,,,,,,,,
100485591,,,,,,,,,,,,,,,,,,,,
100486007,,,,,,,,,,,,,,,,,,,,
100486421,,,,,,,,,,,,,,,,,,,,
100486797,,,,,,,,,,,,,,,,,,,,
100487471,,,,,,,,,,,,,,,,,,,,
100490581,,,,,,,,,,,,,,,,,,,,
100490819,,,,,,,,,,,,,,,,,,,,
100491259,,,,,,,,,,,,,,,,,,,,
100491624,,,,,,,,,,,,,,,,,,,,
100493306,,,,,,,,,,,,,,,,,,,,
100493652,,,,,,,,,,,,,,,,,,,,
100494462,,,,,,,,,,,,,,,,,,,,
100494948,,,,,,,,,,,,,,,,,,,,
100495174,,,,,,,,,,,,,,,,,,,,
100495542,,,,,,,,,,,,,,,,,,,,
100495861,,,,,,,,,,,,,,,,,,,,
100496370,,,,,,,,,,,,,,,,,,,,
100496850,,,,,,,,,,,,,,,,,,,,
100497298,,,,,,,,,,,,,,,,,,,,
100499787,,,,,,,,,,,,,,,,,,,,
100500089,,,,,,,,,,,,,,,,,,,,
100500433,,,,,,,,,,,,,,,,,,,,
100500787,,,,,,,,,,,,,,,,,,,,
100501167,,,,,,,,,,,,,,,,,,,,
100501680,,,,,,,,,,,,,,,,,,,,
100502135,,,,,,,,,,,,,,,,,,,,
101238324,,,,,,,,,,,,,,,,,,,,
101239111,,,,,,,,,,,,,,,,,,,,
101240349,,,,,,,,,,,,,,,,,,,,
101241659,,,,,,,,,,,,,,,,,,,,
101242905,,,,,,,,,,,,,,,,,,,,
101247644,,,,,2.0,103.0,56.0,A,,2.0,1.0,1000.0,51.0,,428538.0,,,1.0,,
101249219,,,,,2.0,29.0,1280.0,A,,2.0,1.0,1000.0,726.0,,428538.0,,,1.0,,
101250569,,,,,2.0,4.0,64.0,A,,2.0,1.0,1000.0,58.0,,428540.0,,,1.0,,
101252383,,,,,2.0,4.0,64.0,A,,2.0,1.0,1000.0,58.0,,428540.0,,,1.0,,
101253812,,,,,1.0,41.0,1102.0,A,,2.0,1.0,1000.0,406.0,,428535.0,,,1.0,,
101255549,,,,,1.0,302.0,1145.0,A,,2.0,1.0,1000.0,449.0,,428538.0,,,1.0,,
101256783,,,,,1.0,461.0,1343.0,A,,2.0,1.0,1000.0,789.0,,428530.0,,,1.0,,
101258067,,,,,1.0,41.0,1102.0,A,,2.0,1.0,1000.0,406.0,,428530.0,,,1.0,,
101259441,,,,,2.0,63.0,1069.0,A,,2.0,1.0,1000.0,372.0,,428530.0,,,1.0,,
101261177,,,,,1.0,41.0,1102.0,A,,2.0,1.0,1000.0,406.0,,428541.0,,,1.0,,
101263982,,,,,1.0,41.0,1102.0,A,,2.0,1.0,1000.0,406.0,,428540.0,,,1.0,,
101265694,,,,,1.0,41.0,1102.0,A,,2.0,1.0,1000.0,406.0,,428541.0,,,1.0,,
101266831,,,,,2.0,103.0,56.0,A,,2.0,1.0,1000.0,51.0,,428539.0,,,1.0,,
101267910,,,,,1.0,41.0,1102.0,A,,2.0,1.0,1000.0,406.0,,428529.0,,,1.0,,
101269850,,,,,1.0,461.0,1343.0,A,,2.0,1.0,1000.0,789.0,,428541.0,,,1.0,,
101271513,,,,,1.0,41.0,1102.0,A,,2.0,1.0,1000.0,406.0,,428541.0,,,1.0,,
101274008,,,,,2.0,77.0,1380.0,A,,2.0,1.0,1000.0,826.0,,428539.0,,,1.0,,
101275808,,,,,2.0,77.0,1202.0,A,,2.0,1.0,1000.0,505.0,,428539.0,,,1.0,,
101279663,,,,,2.0,77.0,1199.0,A,,2.0,1.0,1000.0,651.0,,428540.0,,,1.0,,
101281123,,,,,1.0,41.0,1102.0,A,,2.0,1.0,1000.0,406.0,,428536.0,,,1.0,,
101282444,,,,,1.0,48.0,1111.0,A,,2.0,1.0,1000.0,414.0,,428530.0,,,1.0,,
101283676,,,,,1.0,41.0,1102.0,A,,2.0,1.0,1000.0,406.0,,428536.0,,,1.0,,
101285326,,,,,2.0,77.0,1076.0,A,,2.0,1.0,1000.0,380.0,,428530.0,,,1.0,,
101286713,,,,,1.0,41.0,1102.0,A,,2.0,1.0,1000.0,406.0,,428539.0,,,1.0,,
101288120,,,,,1.0,41.0,1102.0,A,,2.0,1.0,1000.0,406.0,,428539.0,,,1.0,,
101289242,,,,,1.0,41.0,1098.0,A,,2.0,1.0,1000.0,402.0,,428529.0,,,1.0,,
101290484,104.0,53.0,2.0,1.0,,,,,,,,,,,,,,,,
101291968,97.0,1260.0,2.0,1.0,,,,,,,,,,,,,,,,
101293492,,,,,2.0,77.0,1199.0,A,,2.0,1.0,1000.0,651.0,,428539.0,,,1.0,,
101295547,,,,,1.0,41.0,1102.0,A,,2.0,1.0,1000.0,406.0,,428540.0,,,1.0,,
101369846,97.0,1161.0,2.0,1.0,,,,,,,,,,,,,,,,
101371352,,,,,1.0,41.0,1102.0,A,,2.0,1.0,1000.0,406.0,,428530.0,,,1.0,,
101372857,,,,,2.0,77.0,1076.0,A,,2.0,1.0,1000.0,380.0,,428540.0,,,1.0,,
101374117,15.0,1205.0,4.0,1.0,,,,,,,,,,,,,,,,
101375299,,,,,2.0,77.0,1256.0,A,,2.0,1.0,1000.0,702.0,,428536.0,,,1.0,,
101376133,,,,,1.0,41.0,1102.0,A,,2.0,1.0,1000.0,406.0,,428530.0,,,1.0,,
101376959,,,,,2.0,77.0,1256.0,A,,2.0,1.0,1000.0,702.0,,428538.0,,,1.0,,
101377974,,,,,,,,,,,,,,,,,,,,
101965711,,,,,2.0,454.0,1300.0,A,,2.0,1.0,30000.0,747.0,,428538.0,,,1.0,,
101966508,,,,,2.0,454.0,1300.0,A,,2.0,1.0,75000.0,747.0,,428538.0,,,1.0,,
101972280,,,,,2.0,407.0,1154.0,A,,5.0,1.0,100000.0,458.0,,428530.0,,,1.0,,
101975592,77.0,1380.0,2.0,1.0,,,,,,,,,,,,,,,,
101985538,,,,,2.0,407.0,1154.0,A,,5.0,1.0,100000.0,458.0,,428538.0,,,1.0,,
101987736,,,,,,,,,,,,,,,,,,,,
101988599,,,,,,,,,,,,,,,,,,,,
101988985,,,,,,,,,,,,,,,,,,,,
103914541,,,,,2.0,454.0,1300.0,A,,2.0,1.0,63000.0,747.0,,428538.0,,,1.0,,
103917229,,,,,2.0,453.0,1299.0,A,,2.0,1.0,3500.0,746.0,,428538.0,,,1.0,,
103917726,,,,,2.0,453.0,1299.0,A,,2.0,1.0,3500.0,746.0,,428538.0,,,1.0,,
103934454,,,,,,,,,,,,,,,,,,,,
103935818,,,,,,,,,,,,,,,,,,,,
101961208,,,,,2.0,462.0,1345.0,A,,2.0,1.0,421425.0,792.0,,428538.0,,,1.0,,
101961640,,,,,2.0,462.0,1346.0,A,,2.0,1.0,299250.0,793.0,,428538.0,,,1.0,,
101962142,,,,,2.0,462.0,1346.0,A,,2.0,1.0,30000.0,793.0,,428538.0,,,1.0,,
101962720,,,,,2.0,454.0,1300.0,A,,2.0,1.0,185675.0,747.0,,428538.0,,,1.0,,
101963329,,,,,2.0,454.0,1300.0,A,,2.0,1.0,90000.0,747.0,,428538.0,,,1.0,,
101963725,,,,,2.0,454.0,1300.0,A,,2.0,1.0,30000.0,747.0,,428538.0,,,1.0,,
101964522,,,,,2.0,454.0,1300.0,A,,2.0,1.0,120000.0,747.0,,428538.0,,,1.0,,
101967417,,,,,2.0,454.0,1300.0,A,,2.0,1.0,50000.0,747.0,,428538.0,,,1.0,,
101968586,,,,,2.0,454.0,1300.0,A,,2.0,1.0,100000.0,747.0,,428538.0,,,1.0,,
101971795,,,,,2.0,15.0,458.0,A,,4.0,1.0,50900.0,358.0,,428541.0,,,1.0,,
101972792,,,,,2.0,407.0,1154.0,A,,5.0,1.0,100000.0,458.0,,428538.0,,,1.0,,
101973374,,,,,2.0,407.0,1154.0,A,,5.0,1.0,100000.0,458.0,,428538.0,,,1.0,,
101974189,,,,,2.0,407.0,1154.0,A,,5.0,1.0,150000.0,458.0,,428538.0,,,1.0,,
101976266,,,,,2.0,454.0,1300.0,A,,2.0,1.0,100000.0,747.0,,428538.0,,,1.0,,
101976912,,,,,2.0,407.0,1154.0,A,,5.0,1.0,100000.0,458.0,,428535.0,,,1.0,,
101978613,,,,,2.0,77.0,1200.0,A,,2.0,1.0,200000.0,503.0,,428538.0,,,1.0,,
101984194,77.0,1076.0,2.0,1.0,2.0,77.0,1076.0,A,,2.0,1.0,500000.0,,,428538.0,,,1.0,,
101984898,,,,,2.0,454.0,1300.0,A,,2.0,1.0,100000.0,747.0,,428538.0,,,1.0,,
101986558,,,,,2.0,454.0,1300.0,A,,2.0,1.0,100000.0,747.0,,428538.0,,,1.0,,
101987227,,,,,2.0,454.0,1300.0,A,,2.0,1.0,100000.0,747.0,,428538.0,,,1.0,,
101991246,,,,,2.0,454.0,1300.0,A,,2.0,1.0,50000.0,747.0,,428538.0,,,1.0,,
103931690,,,,,,,,,,,,,,,,,,,,
114680251,,,,,,,,,,,,,,,,,,,,
115148911,,,,,,,,,,,,,,,,,,,,
115155007,,,,,,,,,,,,,,,,,,,,
115163502,,,,,,,,,,,,,,,,,,,,
115169576,,,,,,,,,,,,,,,,,,,,
115473258,,,,,,,,,,,,,,,,,,,,
115478004,,,,,,,,,,,,,,,,,,,,
118136892,,,,,,,,,,,,,,,,,,,,
118137766,,,,,,,,,,,,,,,,,,,,
118173962,,,,,,,,,,,,,,,,,,,,
118174725,,,,,,,,,,,,,,,,,,,,
118176129,,,,,,,,,,,,,,,,,,,,
118180362,,,,,,,,,,,,,,,,,,,,
118184500,,,,,,,,,,,,,,,,,,,,
118185420,,,,,,,,,,,,,,,,,,,,
118190458,,,,,,,,,,,,,,,,,,,,
118193350,,,,,,,,,,,,,,,,,,,,
118193780,,,,,,,,,,,,,,,,,,,,
118194657,,,,,,,,,,,,,,,,,,,,
118194978,,,,,,,,,,,,,,,,,,,,
118195391,,,,,,,,,,,,,,,,,,,,
118195882,,,,,,,,,,,,,,,,,,,,
118196309,,,,,,,,,,,,,,,,,,,,
118197914,,,,,,,,,,,,,,,,,,,,
118198348,,,,,,,,,,,,,,,,,,,,
118199472,,,,,,,,,,,,,,,,,,,,
118199902,,,,,,,,,,,,,,,,,,,,
118200537,,,,,,,,,,,,,,,,,,,,
118201109,,,,,,,,,,,,,,,,,,,,
118201562,,,,,,,,,,,,,,,,,,,,
118202370,,,,,,,,,,,,,,,,,,,,
118202810,,,,,,,,,,,,,,,,,,,,
118203271,,,,,,,,,,,,,,,,,,,,
118203695,,,,,,,,,,,,,,,,,,,,
118209220,,,,,,,,,,,,,,,,,,,,
118209711,,,,,,,,,,,,,,,,,,,,
118210048,,,,,,,,,,,,,,,,,,,,
118210505,,,,,,,,,,,,,,,,,,,,
118211047,,,,,,,,,,,,,,,,,,,,
118211436,,,,,,,,,,,,,,,,,,,,
118211978,,,,,,,,,,,,,,,,,,,,
118212328,,,,,,,,,,,,,,,,,,,,
118212658,,,,,,,,,,,,,,,,,,,,
118213030,,,,,,,,,,,,,,,,,,,,
118213388,,,,,,,,,,,,,,,,,,,,
118213730,,,,,,,,,,,,,,,,,,,,
118214028,,,,,,,,,,,,,,,,,,,,
118214397,,,,,,,,,,,,,,,,,,,,
118227617,,,,,,,,,,,,,,,,,,,,
118228055,,,,,,,,,,,,,,,,,,,,
118228439,,,,,,,,,,,,,,,,,,,,
118228753,,,,,,,,,,,,,,,,,,,,
118229270,,,,,,,,,,,,,,,,,,,,
118229760,,,,,,,,,,,,,,,,,,,,
118230112,,,,,,,,,,,,,,,,,,,,
118231189,,,,,,,,,,,,,,,,,,,,
118231569,,,,,,,,,,,,,,,,,,,,
118231837,,,,,,,,,,,,,,,,,,,,
118232165,,,,,,,,,,,,,,,,,,,,
118232435,,,,,,,,,,,,,,,,,,,,
118232765,,,,,,,,,,,,,,,,,,,,
118233080,,,,,,,,,,,,,,,,,,,,
118233534,,,,,,,,,,,,,,,,,,,,
118233965,,,,,,,,,,,,,,,,,,,,
118234288,,,,,,,,,,,,,,,,,,,,
118234702,,,,,,,,,,,,,,,,,,,,
118235582,,,,,,,,,,,,,,,,,,,,
118235842,,,,,,,,,,,,,,,,,,,,
118405435,,,,,,,,,,,,,,,,,,,,
118405815,,,,,,,,,,,,,,,,,,,,
118406153,,,,,,,,,,,,,,,,,,,,
118406955,,,,,,,,,,,,,,,,,,,,
118407297,,,,,,,,,,,,,,,,,,,,
118422595,,,,,,,,,,,,,,,,,,,,
118422789,,,,,,,,,,,,,,,,,,,,
118422956,,,,,,,,,,,,,,,,,,,,
118423375,,,,,,,,,,,,,,,,,,,,
118423594,,,,,,,,,,,,,,,,,,,,
118423759,,,,,,,,,,,,,,,,,,,,
118423917,,,,,,,,,,,,,,,,,,,,
118424060,,,,,,,,,,,,,,,,,,,,
118424272,,,,,,,,,,,,,,,,,,,,
118424453,,,,,,,,,,,,,,,,,,,,
118424742,,,,,,,,,,,,,,,,,,,,
118424858,,,,,,,,,,,,,,,,,,,,
118425040,,,,,,,,,,,,,,,,,,,,
118425246,,,,,,,,,,,,,,,,,,,,
118425948,,,,,,,,,,,,,,,,,,,,
118557848,,,,,,,,,,,,,,,,,,,,
118666736,,,,,,,,,,,,,,,,,,,,
118668124,,,,,,,,,,,,,,,,,,,,
118669187,,,,,,,,,,,,,,,,,,,,
118669968,,,,,,,,,,,,,,,,,,,,
118670808,,,,,,,,,,,,,,,,,,,,
118673416,,,,,,,,,,,,,,,,,,,,
118673883,,,,,,,,,,,,,,,,,,,,
118674262,,,,,,,,,,,,,,,,,,,,
118674984,,,,,,,,,,,,,,,,,,,,
118676047,,,,,,,,,,,,,,,,,,,,
118676455,,,,,,,,,,,,,,,,,,,,
118677446,,,,,,,,,,,,,,,,,,,,
118678030,,,,,,,,,,,,,,,,,,,,
118678632,,,,,,,,,,,,,,,,,,,,
118679372,,,,,,,,,,,,,,,,,,,,
118680682,,,,,,,,,,,,,,,,,,,,
118681320,,,,,,,,,,,,,,,,,,,,
118690850,,,,,,,,,,,,,,,,,,,,
118691799,,,,,,,,,,,,,,,,,,,,
118699129,,,,,,,,,,,,,,,,,,,,
118699527,,,,,,,,,,,,,,,,,,,,
118700061,,,,,,,,,,,,,,,,,,,,
118700523,,,,,,,,,,,,,,,,,,,,
118700996,,,,,,,,,,,,,,,,,,,,
119193979,,,,,,,,,,,,,,,,,,,,
119194437,,,,,,,,,,,,,,,,,,,,
119304621,,,,,,,,,,,,,,,,,,,,
119306973,,,,,,,,,,,,,,,,,,,,
119307239,,,,,,,,,,,,,,,,,,,,
119307559,,,,,,,,,,,,,,,,,,,,
119308224,,,,,,,,,,,,,,,,,,,,
119308549,,,,,,,,,,,,,,,,,,,,
119308895,,,,,,,,,,,,,,,,,,,,
119309771,,,,,,,,,,,,,,,,,,,,
119310087,,,,,,,,,,,,,,,,,,,,
119310576,,,,,,,,,,,,,,,,,,,,
119311096,,,,,,,,,,,,,,,,,,,,
119311602,,,,,,,,,,,,,,,,,,,,
119312106,,,,,,,,,,,,,,,,,,,,
119312588,,,,,,,,,,,,,,,,,,,,
123914903,,,,,2.0,462.0,1357.0,A,,2.0,1.0,700000.0,804.0,,428538.0,,,1.0,,
123915074,,,,,2.0,462.0,1357.0,A,,2.0,1.0,700000.0,804.0,,428538.0,,,1.0,,
123915275,,,,,2.0,462.0,1357.0,A,,2.0,1.0,686720.0,804.0,,428538.0,,,1.0,,
123915455,,,,,2.0,462.0,1357.0,A,,2.0,1.0,808189.0,804.0,,428530.0,,,1.0,,
123923537,,,,,2.0,77.0,1380.0,A,,2.0,1.0,100000.0,826.0,,428538.0,,,1.0,,
123923642,,,,,2.0,77.0,66.0,A,,2.0,1.0,21600.0,60.0,,428541.0,,,1.0,,
123924019,,,,,2.0,77.0,1202.0,A,,2.0,1.0,17777.0,505.0,,428538.0,,,1.0,,
123924047,,,,,2.0,77.0,1199.0,A,,2.0,1.0,161783.0,651.0,,428530.0,,,1.0,,
123924087,,,,,2.0,77.0,37.0,A,,2.0,1.0,69915.0,33.0,,428537.0,,,1.0,,
123924140,,,,,2.0,454.0,1300.0,A,,2.0,1.0,69788.0,747.0,,428540.0,,,1.0,,
123933112,,,,,2.0,63.0,1253.0,A,,2.0,1.0,23931.0,699.0,,428538.0,,,1.0,,
123933436,,,,,,,,,,,,,,,,,,,,
123933932,,,,,2.0,465.0,1370.0,A,,2.0,1.0,1194.0,817.0,,428535.0,,,1.0,,
123939591,,,,,2.0,457.0,1313.0,A,,2.0,1.0,90010.0,760.0,,428539.0,,,1.0,,
123939871,,,,,2.0,457.0,1313.0,A,,2.0,1.0,116632.0,760.0,,428534.0,,,1.0,,
123940050,,,,,2.0,457.0,1313.0,A,,2.0,1.0,191430.0,760.0,,428535.0,,,1.0,,
123940200,,,,,2.0,457.0,1313.0,A,,2.0,1.0,260522.0,760.0,,428526.0,,,1.0,,
123940404,,,,,2.0,457.0,1313.0,A,,2.0,1.0,268762.0,760.0,,428541.0,,,1.0,,
123940498,,,,,2.0,457.0,1313.0,A,,2.0,1.0,348630.0,760.0,,428540.0,,,1.0,,
123940619,,,,,2.0,457.0,1313.0,A,,2.0,1.0,349264.0,760.0,,428537.0,,,1.0,,
123940809,,,,,2.0,457.0,1313.0,A,,2.0,1.0,383493.0,760.0,,428529.0,,,1.0,,
123941383,,,,,2.0,457.0,1313.0,A,,2.0,1.0,96348.0,760.0,,428536.0,,,1.0,,
123982439,,,,,,,,,,,,,,,,,,,,
123982824,,,,,,,,,,,,,,,,,,,,
123983102,,,,,,,,,,,,,,,,,,,,
123983163,,,,,,,,,,,,,,,,,,,,
123983230,,,,,,,,,,,,,,,,,,,,
123983243,,,,,,,,,,,,,,,,,,,,
123983289,,,,,,,,,,,,,,,,,,,,
123983307,,,,,,,,,,,,,,,,,,,,
123983339,,,,,,,,,,,,,,,,,,,,
124063091,,,,,2.0,462.0,1375.0,A,,2.0,1.0,29369.0,791.0,,428535.0,,,1.0,,
124063566,,,,,2.0,457.0,1317.0,A,,2.0,1.0,111986.0,764.0,,428538.0,,,1.0,,
124063621,,,,,2.0,454.0,1300.0,A,,2.0,1.0,121338.0,747.0,,428530.0,,,1.0,,
124063660,,,,,2.0,454.0,1300.0,A,,2.0,1.0,57576.0,747.0,,428529.0,,,1.0,,
124063741,,,,,2.0,457.0,1317.0,A,,2.0,1.0,52437.0,764.0,,428537.0,,,1.0,,
124063771,,,,,2.0,457.0,1317.0,A,,2.0,1.0,35577.0,764.0,,428540.0,,,1.0,,
124063804,,,,,1.0,455.0,1285.0,A,,2.0,1.0,21260.0,732.0,,428540.0,,,1.0,,
124063854,,,,,1.0,455.0,1284.0,A,,2.0,1.0,20000.0,731.0,,428535.0,,,1.0,,
124063944,,,,,1.0,455.0,1285.0,A,,2.0,1.0,8740.0,732.0,,428535.0,,,1.0,,
124063995,,,,,1.0,455.0,1285.0,A,,2.0,1.0,4495.0,732.0,,428539.0,,,1.0,,
124064039,,,,,2.0,457.0,1313.0,A,,2.0,1.0,40350.0,760.0,,428541.0,,,1.0,,
124064094,,,,,2.0,457.0,1313.0,A,,2.0,1.0,39113.0,760.0,,428526.0,,,1.0,,
124064142,,,,,2.0,457.0,1313.0,A,,2.0,1.0,17510.0,760.0,,428534.0,,,1.0,,
124064202,,,,,2.0,457.0,1313.0,A,,2.0,1.0,14465.0,760.0,,428536.0,,,1.0,,
124064250,,,,,2.0,457.0,1313.0,A,,2.0,1.0,9649.0,760.0,,428539.0,,,1.0,,
124064742,,,,,2.0,458.0,1318.0,A,,2.0,1.0,3081.0,765.0,,428541.0,,,1.0,,
124065071,,,,,2.0,454.0,1301.0,A,,2.0,1.0,3997.0,748.0,,428540.0,,,1.0,,
124066269,,,,,,,,,,,,,,,,,,,,
124110771,,,,,2.0,457.0,1313.0,A,,2.0,1.0,17724.0,760.0,,428538.0,,,1.0,,
124197813,,,,,2.0,454.0,1300.0,A,,2.0,1.0,24996.0,747.0,,428534.0,,,1.0,,
124198045,,,,,2.0,15.0,458.0,A,,4.0,1.0,173211.0,358.0,,428530.0,,,1.0,,
124198106,,,,,2.0,15.0,458.0,A,,4.0,1.0,82190.0,358.0,,428529.0,,,1.0,,
124198188,,,,,2.0,15.0,458.0,A,,4.0,1.0,74854.0,358.0,,428537.0,,,1.0,,
124198272,,,,,2.0,77.0,1380.0,A,,2.0,1.0,74718.0,826.0,,428540.0,,,1.0,,
124198526,,,,,2.0,77.0,1220.0,A,,2.0,1.0,38320.0,666.0,,428535.0,,,1.0,,
124198778,,,,,2.0,77.0,1080.0,A,,2.0,1.0,19287.0,384.0,,428536.0,,,1.0,,
124198853,,,,,2.0,15.0,458.0,A,,4.0,1.0,18018.0,358.0,,428539.0,,,1.0,,
124201918,,,,,2.0,77.0,1076.0,A,,2.0,1.0,20649.0,380.0,,428536.0,,,1.0,,
124202685,,,,,,,,,,,,,,,,,,,,
124202740,,,,,,,,,,,,,,,,,,,,
124202939,,,,,,,,,,,,,,,,,,,,
124203018,,,,,,,,,,,,,,,,,,,,
124204120,,,,,,,,,,,,,,,,,,,,
124204160,,,,,,,,,,,,,,,,,,,,
124204200,,,,,,,,,,,,,,,,,,,,
124204219,,,,,,,,,,,,,,,,,,,,
124204247,,,,,,,,,,,,,,,,,,,,
124204307,,,,,,,,,,,,,,,,,,,,
124205298,,,,,2.0,454.0,1301.0,A,,2.0,1.0,9266.0,748.0,,428530.0,,,1.0,,
124205749,,,,,,,,,,,,,,,,,,,,
124205921,,,,,2.0,4.0,64.0,A,,2.0,1.0,1000.0,58.0,,428529.0,,,1.0,,
124205972,,,,,,,,,,,,,,,,,,,,
124206009,,,,,,,,,,,,,,,,,,,,
124206193,,,,,,,,,,,,,,,,,,,,
124206344,,,,,,,,,,,,,,,,,,,,
124206481,,,,,,,,,,,,,,,,,,,,
124210356,,,,,,,,,,,,,,,,,,,,
124210379,,,,,,,,,,,,,,,,,,,,
124210413,,,,,,,,,,,,,,,,,,,,
124210641,,,,,,,,,,,,,,,,,,,,
124213199,,,,,2.0,407.0,1154.0,A,,5.0,10.0,100.0,458.0,,428537.0,,,1.0,,
124213236,,,,,2.0,63.0,1083.0,A,,2.0,1.0,1000.0,387.0,,428537.0,,,1.0,,
124213287,,,,,2.0,407.0,1153.0,A,,5.0,100.0,10.0,457.0,,428537.0,,,1.0,,
124213442,,,,,1.0,41.0,1102.0,A,,2.0,1.0,1000.0,406.0,,428535.0,,,1.0,,
123923256,,,,,2.0,462.0,1375.0,A,,2.0,1.0,47229.0,791.0,,428538.0,,,1.0,,
123923680,,,,,2.0,462.0,1345.0,A,,2.0,1.0,55835.0,792.0,,428526.0,,,1.0,,
123923707,,,,,2.0,462.0,1362.0,A,,2.0,1.0,41027.0,809.0,,428535.0,,,1.0,,
123923892,,,,,2.0,457.0,1312.0,A,,2.0,1.0,150000.0,759.0,,428538.0,,,1.0,,
123923992,,,,,2.0,454.0,1300.0,A,,2.0,1.0,150000.0,747.0,,428538.0,,,1.0,,
123924066,,,,,2.0,462.0,1356.0,A,,2.0,1.0,76767.0,803.0,,428529.0,,,1.0,,
123924180,,,,,2.0,407.0,1153.0,A,,5.0,1.0,52151.0,457.0,,428526.0,,,1.0,,
124062668,,,,,2.0,462.0,1345.0,A,,2.0,1.0,313291.0,792.0,,428538.0,,,1.0,,
124062726,,,,,2.0,462.0,1375.0,A,,2.0,1.0,121338.0,791.0,,428530.0,,,1.0,,
124062766,,,,,2.0,462.0,1345.0,A,,2.0,1.0,57576.0,792.0,,428529.0,,,1.0,,
124062800,,,,,2.0,462.0,1375.0,A,,2.0,1.0,52437.0,791.0,,428537.0,,,1.0,,
124062840,,,,,2.0,462.0,1375.0,A,,2.0,1.0,52342.0,791.0,,428540.0,,,1.0,,
124062881,,,,,2.0,462.0,1375.0,A,,2.0,1.0,40351.0,791.0,,428541.0,,,1.0,,
124062946,,,,,2.0,462.0,1375.0,A,,2.0,1.0,39114.0,791.0,,428526.0,,,1.0,,
124062980,,,,,2.0,462.0,1375.0,A,,2.0,1.0,17511.0,791.0,,428534.0,,,1.0,,
124063012,,,,,2.0,462.0,1375.0,A,,2.0,1.0,14465.0,791.0,,428536.0,,,1.0,,
124063051,,,,,2.0,462.0,1375.0,A,,2.0,1.0,13514.0,791.0,,428539.0,,,1.0,,
124064394,,,,,1.0,455.0,1285.0,A,,2.0,1.0,201305.0,732.0,,428538.0,,,1.0,,
124065208,,,,,2.0,456.0,1307.0,A,,2.0,1.0,400000.0,754.0,,428538.0,,,1.0,,
124066398,,,,,,,,,,,,,,,,,,,,
124110807,,,,,2.0,77.0,1080.0,A,,2.0,1.0,53800.0,384.0,,428541.0,,,1.0,,
124197120,,,,,2.0,60.0,1208.0,A,,2.0,1.0,36001.0,654.0,,428541.0,,,1.0,,
124197299,,,,,2.0,60.0,1208.0,A,,2.0,1.0,19290.0,654.0,,428539.0,,,1.0,,
124198596,,,,,2.0,15.0,458.0,A,,4.0,1.0,23347.0,358.0,,428534.0,,,1.0,,
38605498,,1237.0,2.0,1.0,,,,,,,,,,,,,,,,
38575361,,,,,,,,,,,,,,,,,,,,
38575516,,,,,2.0,10.0,1156.0,A,,4.0,600.0,90000.0,551.0,,430989.0,,,600.0,,
38577239,,,,,2.0,77.0,1202.0,A,,2.0,1.0,150000.0,505.0,,430989.0,,,1.0,,
38577571,,,,,2.0,104.0,53.0,A,,2.0,1.0,100000.0,2.0,,430989.0,,,1.0,,
38577935,,,,,2.0,104.0,53.0,A,,2.0,1.0,434936.0,49.0,,430989.0,,,1.0,,
38578052,,,,,2.0,63.0,62.0,A,,4.0,100.0,,65.0,,430989.0,,,100.0,,
38578406,,,,,2.0,15.0,458.0,A,,4.0,400.0,150000.0,358.0,,430989.0,,,400.0,,
38605410,63.0,62.0,4.0,1.0,2.0,63.0,62.0,A,,4.0,1.0,,,,430989.0,,,1.0,,
38605614,,,,,2.0,15.0,23.0,A,,2.0,1.0,150000.0,21.0,,430989.0,,,1.0,,
38605815,,,,,2.0,60.0,1208.0,A,,2.0,40.0,,654.0,,430989.0,,,1.0,,
38605932,,,,,2.0,63.0,62.0,A,,4.0,50.0,100000.0,65.0,,430989.0,,,50.0,,
38606068,15.0,458.0,4.0,1.0,2.0,15.0,458.0,A,,4.0,1.0,,,,430989.0,,,1.0,,
44038263,,,,,2.0,10.0,1235.0,A,,2.0,1.0,87936.0,681.0,,430989.0,,,1.0,,
44038329,,,,,2.0,10.0,1156.0,A,,4.0,100.0,100000.0,551.0,,430989.0,,,1.0,,
44038848,,,,,2.0,77.0,1203.0,A,,2.0,1.0,800000.0,506.0,,430989.0,,,1.0,,
44039040,,,,,2.0,97.0,1260.0,A,,2.0,1.0,50000.0,707.0,,430989.0,,,1.0,,
38577682,77.0,59.0,2.0,1.0,2.0,77.0,59.0,A,,2.0,1.0,,,,430989.0,,,1.0,,
38606279,63.0,63.0,2.0,1.0,2.0,63.0,63.0,A,,2.0,1.0,,,,430989.0,,,1.0,,
44038964,,,,,,,,,,,,,,,,,,,,
47547147,,,,,2.0,15.0,458.0,A,,4.0,1.0,200000.0,358.0,,430989.0,,,1.0,,
47552456,,,,,2.0,15.0,458.0,A,,4.0,1.0,200000.0,358.0,,430989.0,,,1.0,,
47566969,,,,,2.0,15.0,458.0,A,,4.0,1.0,150000.0,358.0,,430989.0,,,1.0,,
47573551,,,,,2.0,15.0,458.0,A,,4.0,1.0,200000.0,358.0,,430989.0,,,1.0,,
47576323,,,,,2.0,77.0,1087.0,A,,2.0,1.0,250000.0,391.0,,430989.0,,,1.0,,
47576749,,,,,2.0,15.0,458.0,A,,4.0,1.0,200000.0,358.0,,430989.0,,,1.0,,
47577986,,,,,2.0,77.0,457.0,A,,2.0,1.0,150000.0,357.0,,430989.0,,,1.0,,
47578343,,,,,2.0,77.0,1271.0,A,,2.0,1.0,500000.0,718.0,,430989.0,,,1.0,,
47578809,,,,,2.0,77.0,1272.0,A,,2.0,1.0,300000.0,719.0,,430989.0,,,1.0,,
47579625,,,,,,,,,,,,,,,,,,,,
47543986,,,,,2.0,10.0,1237.0,A,,2.0,1.0,240000.0,683.0,,430989.0,,,1.0,,
47544380,,,,,2.0,451.0,1288.0,A,,2.0,1.0,164468.0,735.0,,430989.0,,,1.0,,
47544846,,,,,2.0,63.0,62.0,A,,4.0,1.0,150000.0,65.0,,430989.0,,,1.0,,
47545301,,,,,2.0,63.0,62.0,A,,4.0,1.0,200000.0,65.0,,430989.0,,,1.0,,
47545566,,,,,2.0,63.0,62.0,A,,4.0,1.0,150000.0,65.0,,430989.0,,,1.0,,
47546357,,,,,2.0,10.0,1156.0,A,,4.0,1.0,374468.0,551.0,,430989.0,,,1.0,,
47546706,,,,,2.0,63.0,62.0,A,,4.0,1.0,150000.0,65.0,,430989.0,,,1.0,,
47547905,15.0,458.0,4.0,1.0,2.0,15.0,458.0,A,,4.0,1.0,150000.0,,,430989.0,,,1.0,,
47548532,,,,,2.0,77.0,59.0,A,,2.0,1.0,150000.0,54.0,,430989.0,,,1.0,,
47549499,,,,,2.0,15.0,458.0,A,,4.0,1.0,100000.0,358.0,,430992.0,,,1.0,,
47565687,15.0,458.0,4.0,1.0,2.0,15.0,458.0,A,,4.0,1.0,,,,430989.0,,,1.0,,
47566476,,,,,2.0,15.0,458.0,A,,4.0,1.0,150000.0,358.0,,430989.0,,,1.0,,
47568422,,,,,2.0,10.0,452.0,A,,2.0,1.0,162000.0,352.0,,430989.0,,,1.0,,
47568935,,,,,,,,,,,,,,,,,,,,
47569620,,,,,,,,,,,,,,,,,,,,
47570328,,,,,,,,,,,,,,,,,,,,
47570877,,,,,2.0,77.0,1087.0,A,,2.0,1.0,350000.0,391.0,,430989.0,,,1.0,,
47571470,,,,,,,,,,,,,,,,,,,,
47633622,,,,,2.0,15.0,458.0,A,,4.0,1.0,150000.0,358.0,,430989.0,,,1.0,,
47543549,,,,,2.0,10.0,1237.0,A,,2.0,1.0,200000.0,683.0,,430989.0,,,1.0,,
47547518,,,,,2.0,15.0,458.0,A,,4.0,1.0,150000.0,358.0,,430989.0,,,1.0,,
47548992,,,,,2.0,15.0,458.0,A,,4.0,1.0,150000.0,358.0,,430989.0,,,1.0,,
64899374,,,,,1.0,455.0,1286.0,A,,2.0,1.0,50000.0,733.0,,430989.0,,,1.0,,
64899338,,,,,2.0,63.0,1265.0,A,,2.0,1.0,74344.0,712.0,,430989.0,,,1.0,,
58712794,,,,,,,,,,,,,,,,,,,,
64890591,,,,,2.0,462.0,1359.0,A,,2.0,1.0,100000.0,806.0,,430989.0,,,1.0,,
64898048,,,,,1.0,463.0,1351.0,A,,2.0,1.0,150344.0,798.0,,430989.0,,,1.0,,
64898178,,,,,2.0,457.0,1317.0,A,,2.0,30.0,180000.0,764.0,,430989.0,,,30.0,,
64898333,,,,,2.0,456.0,1307.0,A,,2.0,1.0,108000.0,754.0,,430989.0,,,1.0,,
64898448,,,,,2.0,451.0,1281.0,A,,2.0,2.0,78000.0,728.0,,430989.0,,,2.0,,
64898667,,,,,2.0,454.0,1300.0,A,,2.0,1.0,90000.0,747.0,,430989.0,,,1.0,,
64899291,,,,,2.0,63.0,1265.0,A,,2.0,1.0,10000.0,712.0,,430989.0,,,1.0,,
64899492,,,,,2.0,10.0,1344.0,A,,2.0,1.0,200000.0,790.0,,430989.0,,,1.0,,
64899527,,,,,2.0,10.0,452.0,A,,2.0,1.0,200000.0,352.0,,430989.0,,,1.0,,
64899589,,,,,2.0,462.0,1346.0,A,,2.0,1.0,150000.0,793.0,,430993.0,,,1.0,,
64899614,,,,,2.0,462.0,1346.0,A,,2.0,1.0,150000.0,793.0,,430992.0,,,1.0,,
64899673,,,,,,,,,,,,,,,,,,,,
64899715,,,,,2.0,77.0,1202.0,A,,2.0,1.0,150000.0,505.0,,430989.0,,,1.0,,
64899743,,,,,2.0,77.0,1202.0,A,,2.0,1.0,150000.0,505.0,,430992.0,,,1.0,,
64899761,462.0,1348.0,2.0,1.0,2.0,462.0,1348.0,A,,2.0,1.0,250000.0,,,430989.0,,,1.0,,
64899826,,,,,,,,,,,,,,,,,,,,
64899885,,,,,2.0,15.0,458.0,A,,4.0,1.0,50000.0,358.0,,430989.0,,,1.0,,
64899917,,,,,2.0,15.0,1068.0,A,,4.0,1.0,100000.0,371.0,,430989.0,,,1.0,,
65027554,,,,,2.0,462.0,1355.0,A,,2.0,5.0,450000.0,802.0,,430989.0,,,5.0,,
64898550,,,,,1.0,455.0,1287.0,A,,2.0,1.0,60000.0,734.0,,430989.0,,,1.0,,
64899408,,,,,2.0,451.0,1289.0,A,,2.0,1.0,30000.0,745.0,,430989.0,,,1.0,,
64899452,,,,,2.0,15.0,458.0,A,,4.0,1.0,150000.0,358.0,,430989.0,,,1.0,,
64899647,60.0,1208.0,2.0,1.0,2.0,60.0,1208.0,A,,2.0,1.0,83792.0,,,430989.0,,,1.0,,
64899807,,,,,2.0,77.0,59.0,A,,2.0,1.0,300000.0,54.0,,430989.0,,,1.0,,
65027576,,,,,1.0,455.0,1287.0,A,,2.0,1.0,20000.0,734.0,,430989.0,,,1.0,,
69453359,10.0,1156.0,4.0,1.0,,,,,,,,,,,,,,,,
69453541,10.0,1156.0,4.0,1.0,,,,,,,,,,,,,,,,
69453828,63.0,1263.0,2.0,1.0,,,,,,,,,,,,,,,,
69453932,77.0,59.0,2.0,1.0,,,,,,,,,,,,,,,,
69454054,,,,,,,,,,,,,,,,,,,,
69454734,,,,,,,,,,,,,,,,,,,,
69457307,,,,,2.0,15.0,458.0,A,,4.0,1.0,200000.0,358.0,,430989.0,,,1.0,,
69457509,,,,,2.0,15.0,458.0,A,,4.0,1.0,200000.0,358.0,,430989.0,,,1.0,,
69504463,,,,,,,,,,,,,,,,,,,,
69505017,,,,,,,,,,,,,,,,,,,,
69505561,,,,,,,,,,,,,,,,,,,,
69506032,,,,,,,,,,,,,,,,,,,,
69507203,,,,,,,,,,,,,,,,,,,,
69509775,,,,,,,,,,,,,,,,,,,,
69510643,,,,,,,,,,,,,,,,,,,,
69511457,,,,,,,,,,,,,,,,,,,,
69512694,,,,,,,,,,,,,,,,,,,,
69514273,,,,,,,,,,,,,,,,,,,,
69514762,,,,,,,,,,,,,,,,,,,,
69515238,,,,,,,,,,,,,,,,,,,,
69515954,,,,,,,,,,,,,,,,,,,,
69516422,,,,,,,,,,,,,,,,,,,,
69516875,,,,,,,,,,,,,,,,,,,,
69518109,,,,,,,,,,,,,,,,,,,,
69519414,,,,,,,,,,,,,,,,,,,,
69736996,,,,,,,,,,,,,,,,,,,,
69737744,,,,,,,,,,,,,,,,,,,,
69738113,,,,,,,,,,,,,,,,,,,,
69738393,,,,,,,,,,,,,,,,,,,,
69738783,,,,,,,,,,,,,,,,,,,,
69738963,,,,,,,,,,,,,,,,,,,,
69739101,,,,,,,,,,,,,,,,,,,,
69741528,,,,,,,,,,,,,,,,,,,,
69743650,,,,,2.0,63.0,1262.0,A,,2.0,1.0,100000.0,709.0,,430989.0,,,1.0,,
69744256,,,,,,,,,,,,,,,,,,,,
69745762,465.0,1373.0,2.0,1.0,,,,,,,,,,,,,,,,
69778345,,,,,,,,,,,,,,,,,,,,
69779108,,,,,,,,,,,,,,,,,,,,
69780202,,,,,,,,,,,,,,,,,,,,
70079362,,,,,,,,,,,,,,,,,,,,
70079560,,,,,,,,,,,,,,,,,,,,
70079823,,,,,,,,,,,,,,,,,,,,
70080084,,,,,,,,,,,,,,,,,,,,
70080318,,,,,,,,,,,,,,,,,,,,
70081104,,,,,,,,,,,,,,,,,,,,
70081370,,,,,,,,,,,,,,,,,,,,
70081622,,,,,,,,,,,,,,,,,,,,
70081850,,,,,,,,,,,,,,,,,,,,
70082077,,,,,,,,,,,,,,,,,,,,
70082274,,,,,,,,,,,,,,,,,,,,
70082519,,,,,,,,,,,,,,,,,,,,
70082894,,,,,,,,,,,,,,,,,,,,
70083103,,,,,,,,,,,,,,,,,,,,
70083575,,,,,,,,,,,,,,,,,,,,
70083795,,,,,,,,,,,,,,,,,,,,
70084067,,,,,,,,,,,,,,,,,,,,
70084329,,,,,,,,,,,,,,,,,,,,
70084624,,,,,,,,,,,,,,,,,,,,
70085663,,,,,,,,,,,,,,,,,,,,
70085933,,,,,,,,,,,,,,,,,,,,
70086154,,,,,,,,,,,,,,,,,,,,
70088454,,,,,,,,,,,,,,,,,,,,
70088762,,,,,,,,,,,,,,,,,,,,
70088939,,,,,,,,,,,,,,,,,,,,
70089102,,,,,,,,,,,,,,,,,,,,
70089313,,,,,,,,,,,,,,,,,,,,
70089763,,,,,,,,,,,,,,,,,,,,
70090865,,,,,,,,,,,,,,,,,,,,
70092382,,,,,,,,,,,,,,,,,,,,
70092622,,,,,,,,,,,,,,,,,,,,
70093189,,,,,,,,,,,,,,,,,,,,
70093423,,,,,,,,,,,,,,,,,,,,
70093780,,,,,,,,,,,,,,,,,,,,
70094027,,,,,,,,,,,,,,,,,,,,
70094723,,,,,,,,,,,,,,,,,,,,
70095192,,,,,,,,,,,,,,,,,,,,
70095474,,,,,,,,,,,,,,,,,,,,
70095800,,,,,,,,,,,,,,,,,,,,
70169788,,,,,,,,,,,,,,,,,,,,
70170648,,,,,,,,,,,,,,,,,,,,
70304185,,,,,,,,,,,,,,,,,,,,
70342857,,,,,,,,,,,,,,,,,,,,
70808014,77.0,1380.0,2.0,1.0,,,,,,,,,,,,,,,,
70816711,97.0,1260.0,2.0,1.0,,,,,,,,,,,,,,,,
72793770,,,,,,,,,,,,,,,,,,,,
72794062,,,,,,,,,,,,,,,,,,,,
72798525,,,,,,,,,,,,,,,,,,,,
72798837,,,,,,,,,,,,,,,,,,,,
72799663,,,,,,,,,,,,,,,,,,,,
72800798,,,,,,,,,,,,,,,,,,,,
72801065,,,,,,,,,,,,,,,,,,,,
72801861,,,,,,,,,,,,,,,,,,,,
72802037,,,,,,,,,,,,,,,,,,,,
72803050,,,,,,,,,,,,,,,,,,,,
72803969,,,,,,,,,,,,,,,,,,,,
72804209,,,,,,,,,,,,,,,,,,,,
72804961,,,,,,,,,,,,,,,,,,,,
72805277,,,,,,,,,,,,,,,,,,,,
72806036,,,,,,,,,,,,,,,,,,,,
72806442,,,,,,,,,,,,,,,,,,,,
72806727,,,,,,,,,,,,,,,,,,,,
72807433,,,,,,,,,,,,,,,,,,,,
72807674,,,,,,,,,,,,,,,,,,,,
72807940,,,,,,,,,,,,,,,,,,,,
72808511,,,,,,,,,,,,,,,,,,,,
72808795,,,,,,,,,,,,,,,,,,,,
72810531,,,,,,,,,,,,,,,,,,,,
72810839,,,,,,,,,,,,,,,,,,,,
72811100,,,,,,,,,,,,,,,,,,,,
72811547,,,,,,,,,,,,,,,,,,,,
72812240,,,,,,,,,,,,,,,,,,,,
72812558,,,,,,,,,,,,,,,,,,,,
72812856,,,,,,,,,,,,,,,,,,,,
72813335,,,,,,,,,,,,,,,,,,,,
72813790,,,,,,,,,,,,,,,,,,,,
72817577,,,,,,,,,,,,,,,,,,,,
72817773,,,,,,,,,,,,,,,,,,,,
72817929,,,,,,,,,,,,,,,,,,,,
72818688,,,,,,,,,,,,,,,,,,,,
72818828,,,,,,,,,,,,,,,,,,,,
72818957,,,,,,,,,,,,,,,,,,,,
72819107,,,,,,,,,,,,,,,,,,,,
72819307,,,,,,,,,,,,,,,,,,,,
72819458,77.0,59.0,2.0,1.0,,,,,,,,,,,,,,,,
72819570,,,,,,,,,,,,,,,,,,,,
72819717,,,,,,,,,,,,,,,,,,,,
72820573,,,,,,,,,,,,,,,,,,,,
72820713,,,,,,,,,,,,,,,,,,,,
72821059,,,,,,,,,,,,,,,,,,,,
72821170,,,,,,,,,,,,,,,,,,,,
72821293,,,,,,,,,,,,,,,,,,,,
72821494,,,,,,,,,,,,,,,,,,,,
72821631,,,,,,,,,,,,,,,,,,,,
72821844,,,,,,,,,,,,,,,,,,,,
72821991,,,,,,,,,,,,,,,,,,,,
72822150,,,,,,,,,,,,,,,,,,,,
72822273,,,,,,,,,,,,,,,,,,,,
72822428,,,,,,,,,,,,,,,,,,,,
72822551,,,,,,,,,,,,,,,,,,,,
72822711,,,,,,,,,,,,,,,,,,,,
72823072,,,,,,,,,,,,,,,,,,,,
72823279,,,,,,,,,,,,,,,,,,,,
72823603,,,,,2.0,4.0,64.0,A,,2.0,1.0,1665400.0,58.0,,430989.0,,,1.0,,
72823724,97.0,1062.0,2.0,1.0,,,,,,,,,,,,,,,,
72824228,77.0,33.0,2.0,1.0,,,,,,,,,,,,,,,,
72824375,,,,,2.0,77.0,33.0,A,,2.0,1.0,300000.0,29.0,,430989.0,,,1.0,,
72824490,,,,,2.0,462.0,1363.0,A,,2.0,1.0,160000.0,810.0,,430989.0,,,1.0,,
72824634,465.0,1368.0,2.0,1.0,,,,,,,,,,,,,,,,
72824789,,,,,2.0,10.0,10.0,A,,2.0,1.0,400000.0,9.0,,430993.0,,,1.0,,
72824903,,,,,2.0,4.0,1026.0,A,,4.0,1.0,7500.0,80.0,,430989.0,,,1.0,,
72825091,,,,,1.0,463.0,1350.0,A,,2.0,1.0,200000.0,797.0,,430989.0,,,1.0,,
72825278,,,,,2.0,77.0,66.0,A,,2.0,1.0,680000.0,60.0,,430989.0,,,1.0,,
72825408,77.0,1216.0,2.0,1.0,,,,,,,,,,,,,,,,
72825538,77.0,1216.0,2.0,1.0,,,,,,,,,,,,,,,,
72825736,,,,,2.0,77.0,457.0,A,,2.0,1.0,625000.0,357.0,,430989.0,,,1.0,,
72825872,,,,,2.0,462.0,1375.0,A,,2.0,1.0,835000.0,791.0,,430989.0,,,1.0,,
72825995,77.0,1273.0,2.0,1.0,,,,,,,,,,,,,,,,
75114161,4.0,64.0,2.0,1.0,,,,,,,,,,,,,,,,
75116046,4.0,64.0,2.0,1.0,,,,,,,,,,,,,,,,
75117207,4.0,4.0,2.0,1.0,,,,,,,,,,,,,,,,
75117340,4.0,4.0,2.0,1.0,,,,,,,,,,,,,,,,
75118449,4.0,4.0,2.0,1.0,,,,,,,,,,,,,,,,
75122527,4.0,4.0,2.0,1.0,,,,,,,,,,,,,,,,
75122970,4.0,4.0,2.0,1.0,,,,,,,,,,,,,,,,
75127179,4.0,64.0,2.0,1.0,,,,,,,,,,,,,,,,
75128479,,,,,,,,,,,,,,,,,,,,
75129266,4.0,64.0,2.0,1.0,,,,,,,,,,,,,,,,
75129618,4.0,64.0,2.0,1.0,,,,,,,,,,,,,,,,
75130040,4.0,64.0,2.0,1.0,,,,,,,,,,,,,,,,
75130813,4.0,64.0,2.0,1.0,,,,,,,,,,,,,,,,
75131232,4.0,64.0,2.0,1.0,,,,,,,,,,,,,,,,
75131801,4.0,64.0,2.0,1.0,,,,,,,,,,,,,,,,
75132074,4.0,64.0,2.0,1.0,,,,,,,,,,,,,,,,
75132754,4.0,64.0,2.0,1.0,,,,,,,,,,,,,,,,
75253851,4.0,64.0,2.0,1.0,,,,,,,,,,,,,,,,
75254513,4.0,64.0,2.0,1.0,,,,,,,,,,,,,,,,
75255756,4.0,64.0,2.0,1.0,,,,,,,,,,,,,,,,
75257255,4.0,64.0,2.0,1.0,,,,,,,,,,,,,,,,
75275555,,,,,,,,,,,,,,,,,,,,
75294235,,,,,,,,,,,,,,,,,,,,
75294410,,,,,,,,,,,,,,,,,,,,
75294625,,,,,,,,,,,,,,,,,,,,
75312020,,,,,,,,,,,,,,,,,,,,
75322416,,,,,,,,,,,,,,,,,,,,
75323391,,,,,,,,,,,,,,,,,,,,
75325959,,,,,,,,,,,,,,,,,,,,
75328306,,,,,,,,,,,,,,,,,,,,
75331446,,,,,,,,,,,,,,,,,,,,
75349346,,,,,,,,,,,,,,,,,,,,
75353346,,,,,,,,,,,,,,,,,,,,
75354644,,,,,,,,,,,,,,,,,,,,
76461811,,,,,,,,,,,,,,,,,,,,
76462441,,,,,,,,,,,,,,,,,,,,
76698976,,,,,,,,,,,,,,,,,,,,
76703657,,,,,,,,,,,,,,,,,,,,
76704083,,,,,,,,,,,,,,,,,,,,
76705157,,,,,,,,,,,,,,,,,,,,
77286198,,,,,,,,,,,,,,,,,,,,
77287053,,,,,,,,,,,,,,,,,,,,
77289697,,,,,,,,,,,,,,,,,,,,
77292412,,,,,,,,,,,,,,,,,,,,
77297559,,,,,,,,,,,,,,,,,,,,
77300674,,,,,,,,,,,,,,,,,,,,
77301930,,,,,,,,,,,,,,,,,,,,
78552977,,,,,,,,,,,,,,,,,,,,
78554343,,,,,,,,,,,,,,,,,,,,
78559962,,,,,,,,,,,,,,,,,,,,
78561042,,,,,,,,,,,,,,,,,,,,
78564178,,,,,,,,,,,,,,,,,,,,
78569662,,,,,,,,,,,,,,,,,,,,
78578696,,,,,,,,,,,,,,,,,,,,
78580224,,,,,,,,,,,,,,,,,,,,
78601505,,,,,2.0,453.0,1299.0,A,,2.0,1.0,3500.0,746.0,,430989.0,,,1.0,,
78604257,,,,,2.0,453.0,1299.0,A,,2.0,1.0,3500.0,746.0,,430989.0,,,1.0,,
78609872,,,,,2.0,453.0,1299.0,A,,2.0,1.0,3500.0,746.0,,430989.0,,,1.0,,
78613107,,,,,2.0,453.0,1299.0,A,,2.0,1.0,3500.0,746.0,,430989.0,,,1.0,,
78615582,,,,,2.0,453.0,1299.0,A,,2.0,1.0,3500.0,746.0,,430989.0,,,1.0,,
78617734,,,,,2.0,453.0,1299.0,A,,2.0,1.0,3500.0,746.0,,430989.0,,,1.0,,
78620400,,,,,2.0,453.0,1299.0,A,,2.0,1.0,3500.0,746.0,,430989.0,,,1.0,,
78641312,,,,,2.0,453.0,1299.0,A,,2.0,1.0,3500.0,746.0,,430993.0,,,1.0,,
78641914,,,,,2.0,453.0,1299.0,A,,2.0,1.0,3500.0,746.0,,430993.0,,,1.0,,
78643179,,,,,2.0,453.0,1299.0,A,,2.0,1.0,3500.0,746.0,,430993.0,,,1.0,,
78644032,,,,,2.0,453.0,1299.0,A,,2.0,1.0,3500.0,746.0,,430993.0,,,1.0,,
78645552,,,,,2.0,453.0,1299.0,A,,2.0,1.0,3500.0,746.0,,430993.0,,,1.0,,
78646233,,,,,2.0,453.0,1299.0,A,,2.0,1.0,3500.0,746.0,,430993.0,,,1.0,,
78647015,,,,,2.0,453.0,1299.0,A,,2.0,1.0,3500.0,746.0,,430993.0,,,1.0,,
78648064,,,,,2.0,453.0,1299.0,A,,2.0,1.0,3500.0,746.0,,430993.0,,,1.0,,
78875727,,,,,2.0,453.0,1299.0,A,,2.0,1.0,3500.0,746.0,,430992.0,,,1.0,,
78876785,,,,,2.0,453.0,1299.0,A,,2.0,1.0,3500.0,746.0,,430992.0,,,1.0,,
78878074,,,,,2.0,453.0,1299.0,A,,2.0,1.0,3500.0,746.0,,430992.0,,,1.0,,
78879434,,,,,2.0,453.0,1299.0,A,,2.0,1.0,3500.0,746.0,,430992.0,,,1.0,,
78880428,,,,,2.0,453.0,1299.0,A,,2.0,1.0,3500.0,746.0,,430992.0,,,1.0,,
78881276,,,,,2.0,453.0,1299.0,A,,2.0,1.0,3500.0,746.0,,430992.0,,,1.0,,
78882332,,,,,2.0,453.0,1299.0,A,,2.0,1.0,3500.0,746.0,,430992.0,,,1.0,,
78884062,,,,,2.0,453.0,1299.0,A,,2.0,1.0,3500.0,746.0,,430992.0,,,1.0,,
78884889,,,,,2.0,453.0,1299.0,A,,2.0,1.0,3500.0,746.0,,430992.0,,,1.0,,
78886005,,,,,2.0,453.0,1299.0,A,,2.0,1.0,3500.0,746.0,,430992.0,,,1.0,,
78917231,,,,,,,,,,,,,,,,,,,,
79237654,,,,,2.0,454.0,1300.0,A,,2.0,1.0,20000.0,747.0,,430989.0,,,1.0,,
79317537,,,,,2.0,454.0,1300.0,A,,2.0,1.0,20000.0,747.0,,430992.0,,,1.0,,
79332065,,,,,2.0,454.0,1300.0,A,,2.0,1.0,20000.0,747.0,,430989.0,,,1.0,,
79335950,,,,,2.0,454.0,1300.0,A,,2.0,1.0,20000.0,747.0,,430989.0,,,1.0,,
79348922,,,,,2.0,10.0,1366.0,A,,2.0,1.0,750000.0,813.0,,430989.0,,,1.0,,
79353837,,,,,2.0,10.0,1366.0,A,,2.0,1.0,750000.0,813.0,,430993.0,,,1.0,,
79363505,,,,,2.0,103.0,38.0,A,,2.0,1.0,220000.0,34.0,,430989.0,,,1.0,,
79365864,,,,,2.0,103.0,1242.0,A,,2.0,1.0,220000.0,688.0,,430989.0,,,1.0,,
79369799,,,,,,,,,,,,,,,,,,,,
79375285,,,,,,,,,,,,,,,,,,,,
79384817,104.0,47.0,2.0,1.0,,,,,,,,,,,,,,,,
79391636,,,,,,,,,,,,,,,,,,,,
79401041,,,,,2.0,4.0,64.0,A,,2.0,1.0,860000.0,58.0,,430989.0,,,1.0,,
79403471,,,,,2.0,4.0,64.0,A,,2.0,1.0,940000.0,58.0,,430989.0,,,1.0,,
79405935,,,,,2.0,4.0,64.0,A,,2.0,1.0,657000.0,58.0,,430989.0,,,1.0,,
79407176,,,,,2.0,4.0,64.0,A,,2.0,1.0,650000.0,58.0,,430989.0,,,1.0,,
79408265,,,,,2.0,4.0,64.0,A,,2.0,1.0,730000.0,58.0,,430989.0,,,1.0,,
79409823,,,,,2.0,4.0,64.0,A,,2.0,1.0,730000.0,58.0,,430989.0,,,1.0,,
79411067,,,,,2.0,4.0,64.0,A,,2.0,1.0,680000.0,58.0,,430989.0,,,1.0,,
79420353,,,,,,,,,,,,,,,,,,,,
79421879,,,,,,,,,,,,,,,,,,,,
79426412,,,,,,,,,,,,,,,,,,,,
79427941,,,,,,,,,,,,,,,,,,,,
79431563,,,,,,,,,,,,,,,,,,,,
79432287,,,,,,,,,,,,,,,,,,,,
79792100,,,,,,,,,,,,,,,,,,,,
79792238,,,,,,,,,,,,,,,,,,,,
79792409,,,,,,,,,,,,,,,,,,,,
79792586,,,,,,,,,,,,,,,,,,,,
79792727,,,,,,,,,,,,,,,,,,,,
79792873,,,,,,,,,,,,,,,,,,,,
79793034,,,,,,,,,,,,,,,,,,,,
79793191,,,,,,,,,,,,,,,,,,,,
79793591,,,,,2.0,10.0,1364.0,A,,2.0,1.0,300000.0,811.0,,430989.0,,,1.0,,
79793955,10.0,2.0,2.0,1.0,,,,,,,,,,,,,,,,
79794307,407.0,1153.0,5.0,1.0,,,,,,,,,,,,,,,,
79794837,97.0,1238.0,2.0,1.0,,,,,,,,,,,,,,,,
79795107,,,,,,,,,,,,,,,,,,,,
79795312,,,,,,,,,,,,,,,,,,,,
79795624,,,,,,,,,,,,,,,,,,,,
79795848,,,,,,,,,,,,,,,,,,,,
79796116,,,,,,,,,,,,,,,,,,,,
79831082,,,,,,,,,,,,,,,,,,,,
79833847,,,,,2.0,454.0,1301.0,A,,2.0,1.0,70000.0,748.0,,430989.0,,,1.0,,
79836192,,,,,2.0,77.0,59.0,A,,2.0,1.0,6000.0,54.0,,430989.0,,,1.0,,
79836680,,,,,,,,,,,,,,,,,,,,
79863800,,,,,2.0,77.0,66.0,A,,2.0,1.0,300000.0,60.0,,430989.0,,,1.0,,
79864435,,,,,2.0,10.0,1156.0,A,,4.0,1.0,125000.0,551.0,,430989.0,,,1.0,,
79869529,,,,,,,,,,,,,,,,,,,,
79933232,,,,,,,,,,,,,,,,,,,,
79933968,,,,,,,,,,,,,,,,,,,,
79935013,,,,,,,,,,,,,,,,,,,,
79935493,,,,,,,,,,,,,,,,,,,,
79936334,,,,,,,,,,,,,,,,,,,,
79937159,,,,,,,,,,,,,,,,,,,,
79938064,,,,,,,,,,,,,,,,,,,,
79939743,,,,,,,,,,,,,,,,,,,,
79864906,,,,,,,,,,,,,,,,,,,,
78956825,,,,,2.0,454.0,1300.0,A,,2.0,1.0,20000.0,747.0,,430989.0,,,1.0,,
78957945,,,,,2.0,454.0,1300.0,A,,2.0,1.0,20000.0,747.0,,430989.0,,,1.0,,
78958964,,,,,2.0,454.0,1300.0,A,,2.0,1.0,20000.0,747.0,,430989.0,,,1.0,,
78961615,,,,,2.0,454.0,1300.0,A,,2.0,1.0,20000.0,747.0,,430989.0,,,1.0,,
78962638,,,,,2.0,454.0,1300.0,A,,2.0,1.0,20000.0,747.0,,430989.0,,,1.0,,
78963874,,,,,2.0,454.0,1300.0,A,,2.0,1.0,20000.0,747.0,,430989.0,,,1.0,,
79314928,,,,,2.0,454.0,1300.0,A,,2.0,1.0,20000.0,747.0,,430993.0,,,1.0,,
79319035,,,,,2.0,454.0,1300.0,A,,2.0,1.0,20000.0,747.0,,430992.0,,,1.0,,
79320151,,,,,2.0,454.0,1300.0,A,,2.0,1.0,20000.0,747.0,,430989.0,,,1.0,,
79321585,,,,,2.0,454.0,1300.0,A,,2.0,1.0,20000.0,747.0,,430989.0,,,1.0,,
79323719,,,,,2.0,454.0,1300.0,A,,2.0,1.0,20000.0,747.0,,430989.0,,,1.0,,
79327179,,,,,2.0,454.0,1300.0,A,,2.0,1.0,20000.0,747.0,,430989.0,,,1.0,,
79328574,,,,,2.0,454.0,1300.0,A,,2.0,1.0,20000.0,747.0,,430989.0,,,1.0,,
79330926,,,,,2.0,454.0,1300.0,A,,2.0,1.0,20000.0,747.0,,430989.0,,,1.0,,
79334582,,,,,2.0,454.0,1300.0,A,,2.0,1.0,20000.0,747.0,,430989.0,,,1.0,,
79338794,,,,,2.0,454.0,1300.0,A,,2.0,1.0,20000.0,747.0,,430989.0,,,1.0,,
79822322,,,,,2.0,77.0,59.0,A,,2.0,1.0,280000.0,54.0,,430989.0,,,1.0,,
79824965,,,,,2.0,77.0,59.0,A,,2.0,1.0,190000.0,54.0,,430989.0,,,1.0,,
79825301,,,,,2.0,77.0,1202.0,A,,2.0,1.0,100000.0,505.0,,430989.0,,,1.0,,
79825780,,,,,,,,,,,,,,,,,,,,
79826137,,,,,,,,,,,,,,,,,,,,
79826422,,,,,,,,,,,,,,,,,,,,
79832034,,,,,2.0,10.0,1156.0,A,,4.0,1.0,200000.0,551.0,,430989.0,,,1.0,,
79832340,10.0,1156.0,4.0,1.0,2.0,10.0,1156.0,A,,4.0,1.0,150000.0,,,430989.0,,,1.0,,
79832838,,,,,,,,,,,,,,,,,,,,
79833430,,,,,2.0,454.0,1301.0,A,,2.0,1.0,70000.0,748.0,,430989.0,,,1.0,,
79834387,,,,,2.0,77.0,59.0,A,,2.0,1.0,80000.0,54.0,,430989.0,,,1.0,,
79834918,,,,,2.0,77.0,59.0,A,,2.0,1.0,146164.0,54.0,,430989.0,,,1.0,,
79835325,,,,,2.0,77.0,1202.0,A,,2.0,1.0,150000.0,505.0,,430989.0,,,1.0,,
79835712,,,,,,,,,,,,,,,,,,,,
79839920,,,,,2.0,10.0,1156.0,A,,4.0,1.0,150000.0,551.0,,430989.0,,,1.0,,
79840373,,,,,2.0,10.0,1156.0,A,,4.0,1.0,88498.0,551.0,,430989.0,,,1.0,,
79840869,,,,,2.0,462.0,1355.0,A,,2.0,1.0,90000.0,802.0,,430992.0,,,1.0,,
79841312,,,,,2.0,462.0,1355.0,A,,2.0,1.0,90000.0,802.0,,430989.0,,,1.0,,
79841769,,,,,2.0,462.0,1355.0,A,,2.0,1.0,90000.0,802.0,,430989.0,,,1.0,,
79856546,,,,,2.0,10.0,1.0,A,,2.0,1.0,100000.0,1.0,,430989.0,,,1.0,,
79856905,,,,,2.0,10.0,1.0,A,,2.0,1.0,100000.0,1.0,,430989.0,,,1.0,,
79857618,,,,,2.0,451.0,1376.0,A,,2.0,1.0,58998.0,822.0,,430989.0,,,1.0,,
79858258,,,,,2.0,451.0,1376.0,A,,2.0,1.0,162000.0,822.0,,430989.0,,,1.0,,
94697793,,,,,2.0,462.0,1356.0,A,,2.0,1.0,167000.0,803.0,,430989.0,,,1.0,,
94698214,,,,,2.0,462.0,1356.0,A,,2.0,1.0,167000.0,803.0,,430989.0,,,1.0,,
99020355,,,,,2.0,10.0,1364.0,A,,2.0,1.0,167000.0,811.0,,430992.0,,,1.0,,
99023401,,,,,2.0,10.0,1364.0,A,,2.0,1.0,167000.0,811.0,,430989.0,,,1.0,,
99024167,,,,,2.0,10.0,1364.0,A,,2.0,1.0,167000.0,811.0,,430989.0,,,1.0,,
99028011,,,,,2.0,10.0,1364.0,A,,2.0,1.0,167000.0,811.0,,430989.0,,,1.0,,
99028856,,,,,2.0,10.0,1364.0,A,,2.0,1.0,167000.0,811.0,,430989.0,,,1.0,,
99029429,,,,,2.0,10.0,1364.0,A,,2.0,1.0,167000.0,811.0,,430989.0,,,1.0,,
99030432,,,,,2.0,10.0,1364.0,A,,2.0,1.0,167000.0,811.0,,430989.0,,,1.0,,
99031941,,,,,2.0,10.0,1364.0,A,,2.0,1.0,167000.0,811.0,,430989.0,,,1.0,,
99038909,,,,,2.0,10.0,1364.0,A,,2.0,1.0,167000.0,811.0,,430989.0,,,1.0,,
99039381,,,,,2.0,10.0,1364.0,A,,2.0,1.0,167000.0,811.0,,430989.0,,,1.0,,
99039764,,,,,2.0,10.0,1364.0,A,,2.0,1.0,167000.0,811.0,,430989.0,,,1.0,,
99040214,,,,,2.0,10.0,1364.0,A,,2.0,1.0,167000.0,811.0,,430989.0,,,1.0,,
99040699,,,,,2.0,10.0,1364.0,A,,2.0,1.0,167000.0,811.0,,430989.0,,,1.0,,
99041114,,,,,2.0,10.0,1364.0,A,,2.0,1.0,167000.0,811.0,,430989.0,,,1.0,,
99041462,,,,,2.0,10.0,1364.0,A,,2.0,1.0,167000.0,811.0,,430989.0,,,1.0,,
99042228,,,,,2.0,10.0,1364.0,A,,2.0,1.0,167000.0,811.0,,430992.0,,,1.0,,
99042505,,,,,2.0,10.0,1364.0,A,,2.0,1.0,167000.0,811.0,,430992.0,,,1.0,,
99043381,,,,,2.0,10.0,1364.0,A,,2.0,1.0,167000.0,811.0,,430992.0,,,1.0,,
99043704,,,,,2.0,10.0,1364.0,A,,2.0,1.0,167000.0,811.0,,430992.0,,,1.0,,
99043945,,,,,2.0,10.0,1364.0,A,,2.0,1.0,167000.0,811.0,,430992.0,,,1.0,,
99044250,,,,,2.0,10.0,1364.0,A,,2.0,1.0,167000.0,811.0,,430992.0,,,1.0,,
99044567,,,,,2.0,10.0,1364.0,A,,2.0,1.0,167000.0,811.0,,430992.0,,,1.0,,
99045162,,,,,2.0,10.0,1364.0,A,,2.0,1.0,167000.0,811.0,,430992.0,,,1.0,,
99045594,,,,,2.0,10.0,1364.0,A,,2.0,1.0,167000.0,811.0,,430992.0,,,1.0,,
99202603,,,,,2.0,10.0,9.0,A,,4.0,1.0,150000.0,61.0,,430989.0,,,1.0,,
99204128,,,,,2.0,465.0,1368.0,A,,2.0,1.0,15000.0,815.0,,430989.0,,,1.0,,
99212641,,,,,2.0,77.0,1202.0,A,,2.0,1.0,100000.0,505.0,,430989.0,,,1.0,,
99295513,,,,,2.0,454.0,1300.0,A,,2.0,1.0,75000.0,747.0,,430989.0,,,1.0,,
99300945,,,,,2.0,462.0,1355.0,A,,2.0,1.0,250000.0,802.0,,430989.0,,,1.0,,
99310244,,,,,,,,,,,,,,,,,,,,
99314166,,,,,2.0,10.0,1364.0,A,,2.0,1.0,167000.0,811.0,,430989.0,,,1.0,,
99314599,,,,,2.0,10.0,1364.0,A,,2.0,1.0,167000.0,811.0,,430989.0,,,1.0,,
99314825,,,,,2.0,10.0,1364.0,A,,2.0,1.0,167000.0,811.0,,430989.0,,,1.0,,
99315080,,,,,2.0,10.0,1364.0,A,,2.0,1.0,167000.0,811.0,,430989.0,,,1.0,,
99315350,,,,,2.0,10.0,1364.0,A,,2.0,1.0,167000.0,811.0,,430989.0,,,1.0,,
99315944,,,,,2.0,10.0,1364.0,A,,2.0,1.0,167000.0,811.0,,430989.0,,,1.0,,
99316063,,,,,2.0,10.0,1364.0,A,,2.0,1.0,167000.0,811.0,,430989.0,,,1.0,,
99316198,,,,,2.0,10.0,1364.0,A,,2.0,1.0,167000.0,811.0,,430989.0,,,1.0,,
99316339,,,,,2.0,10.0,1364.0,A,,2.0,1.0,167000.0,811.0,,430992.0,,,1.0,,
99316505,,,,,2.0,10.0,1364.0,A,,2.0,1.0,167000.0,811.0,,430989.0,,,1.0,,
99316636,,,,,2.0,10.0,1364.0,A,,2.0,1.0,167000.0,811.0,,430989.0,,,1.0,,
99316807,,,,,2.0,10.0,1364.0,A,,2.0,1.0,167000.0,811.0,,430989.0,,,1.0,,
99316941,,,,,2.0,10.0,1364.0,A,,2.0,1.0,167000.0,811.0,,430989.0,,,1.0,,
99317082,,,,,2.0,10.0,1364.0,A,,2.0,1.0,167000.0,811.0,,430989.0,,,1.0,,
99317356,,,,,2.0,10.0,1364.0,A,,2.0,1.0,167000.0,811.0,,430989.0,,,1.0,,
99317508,,,,,2.0,10.0,1364.0,A,,2.0,1.0,167000.0,811.0,,430989.0,,,1.0,,
99317626,,,,,2.0,10.0,1364.0,A,,2.0,1.0,167000.0,811.0,,430989.0,,,1.0,,
99317788,,,,,2.0,10.0,1364.0,A,,2.0,1.0,167000.0,811.0,,430989.0,,,1.0,,
99317909,,,,,2.0,10.0,1364.0,A,,2.0,1.0,167000.0,811.0,,430989.0,,,1.0,,
99318103,,,,,2.0,10.0,1364.0,A,,2.0,1.0,167000.0,811.0,,430989.0,,,1.0,,
99318218,,,,,2.0,10.0,1364.0,A,,2.0,1.0,167000.0,811.0,,430989.0,,,1.0,,
99318434,,,,,2.0,10.0,1364.0,A,,2.0,1.0,167000.0,811.0,,430989.0,,,1.0,,
99318541,,,,,2.0,10.0,1364.0,A,,2.0,1.0,167000.0,811.0,,430989.0,,,1.0,,
99318790,,,,,2.0,10.0,1364.0,A,,2.0,1.0,167000.0,811.0,,430989.0,,,1.0,,
99318932,,,,,2.0,10.0,1364.0,A,,2.0,1.0,167000.0,811.0,,430989.0,,,1.0,,
99319033,,,,,2.0,10.0,1364.0,A,,2.0,1.0,167000.0,811.0,,430989.0,,,1.0,,
99319144,,,,,2.0,10.0,1364.0,A,,2.0,1.0,167000.0,811.0,,430989.0,,,1.0,,
99319244,,,,,2.0,10.0,1364.0,A,,2.0,1.0,167000.0,811.0,,430989.0,,,1.0,,
99319343,,,,,2.0,10.0,1364.0,A,,2.0,1.0,167000.0,811.0,,430989.0,,,1.0,,
99319455,,,,,2.0,10.0,1364.0,A,,2.0,1.0,167000.0,811.0,,430989.0,,,1.0,,
99319576,,,,,2.0,10.0,1364.0,A,,2.0,1.0,167000.0,811.0,,430993.0,,,1.0,,
99319737,,,,,2.0,10.0,1364.0,A,,2.0,1.0,167000.0,811.0,,430993.0,,,1.0,,
99319859,,,,,2.0,10.0,1364.0,A,,2.0,1.0,167000.0,811.0,,430989.0,,,1.0,,
99320227,,,,,2.0,15.0,1258.0,A,,4.0,1.0,520000.0,705.0,,430989.0,,,1.0,,
99320487,,,,,2.0,15.0,1258.0,A,,4.0,1.0,750000.0,705.0,,430989.0,,,1.0,,
99321043,,,,,2.0,15.0,459.0,A,,4.0,1.0,520000.0,359.0,,430989.0,,,1.0,,
99327681,,,,,,,,,,,,,,,,,,,,
99328087,,,,,,,,,,,,,,,,,,,,
99328424,,,,,,,,,,,,,,,,,,,,
99328831,,,,,,,,,,,,,,,,,,,,
99328945,,,,,,,,,,,,,,,,,,,,
99329187,,,,,,,,,,,,,,,,,,,,
99329369,,,,,,,,,,,,,,,,,,,,
99329615,,,,,,,,,,,,,,,,,,,,
99329719,,,,,,,,,,,,,,,,,,,,
99329883,,,,,,,,,,,,,,,,,,,,
99329984,,,,,,,,,,,,,,,,,,,,
99330069,,,,,,,,,,,,,,,,,,,,
99330165,,,,,,,,,,,,,,,,,,,,
99330303,,,,,,,,,,,,,,,,,,,,
99330481,,,,,,,,,,,,,,,,,,,,
99330558,,,,,,,,,,,,,,,,,,,,
99330663,,,,,,,,,,,,,,,,,,,,
99330876,,,,,,,,,,,,,,,,,,,,
99331093,,,,,,,,,,,,,,,,,,,,
99331230,,,,,,,,,,,,,,,,,,,,
99331649,4.0,64.0,2.0,1.0,,,,,,,,,,,,,,,,
99332280,10.0,26.0,2.0,1.0,,,,,,,,,,,,,,,,
99332447,4.0,64.0,2.0,1.0,,,,,,,,,,,,,,,,
99332590,4.0,64.0,2.0,1.0,,,,,,,,,,,,,,,,
99332688,4.0,64.0,2.0,1.0,,,,,,,,,,,,,,,,
99332925,4.0,64.0,2.0,1.0,,,,,,,,,,,,,,,,
99333306,4.0,64.0,2.0,1.0,,,,,,,,,,,,,,,,
99333534,4.0,64.0,2.0,1.0,,,,,,,,,,,,,,,,
99333639,4.0,64.0,2.0,1.0,,,,,,,,,,,,,,,,
99333921,4.0,64.0,2.0,1.0,,,,,,,,,,,,,,,,
99334040,4.0,64.0,2.0,1.0,,,,,,,,,,,,,,,,
99334156,4.0,64.0,2.0,1.0,,,,,,,,,,,,,,,,
99346808,,,,,2.0,10.0,1364.0,A,,2.0,1.0,850000.0,811.0,,430993.0,,,1.0,,
99347071,,,,,2.0,10.0,1364.0,A,,2.0,1.0,850000.0,811.0,,430989.0,,,1.0,,
99347278,,,,,2.0,10.0,1364.0,A,,2.0,1.0,850000.0,811.0,,430989.0,,,1.0,,
99349349,,,,,2.0,77.0,1272.0,A,,2.0,1.0,127000.0,719.0,,430992.0,,,1.0,,
99387379,,,,,2.0,77.0,1272.0,A,,2.0,1.0,127000.0,719.0,,430992.0,,,1.0,,
99387592,,,,,2.0,77.0,1272.0,A,,2.0,1.0,127000.0,719.0,,430989.0,,,1.0,,
99388560,,,,,2.0,77.0,1199.0,A,,2.0,1.0,127000.0,651.0,,430989.0,,,1.0,,
99388987,,,,,2.0,77.0,1199.0,A,,2.0,1.0,127000.0,651.0,,430989.0,,,1.0,,
99393431,,,,,2.0,77.0,44.0,A,,2.0,1.0,127000.0,40.0,,430989.0,,,1.0,,
99393725,,,,,2.0,77.0,44.0,A,,2.0,1.0,127000.0,40.0,,430989.0,,,1.0,,
99395055,,,,,2.0,77.0,44.0,A,,2.0,1.0,127000.0,40.0,,430989.0,,,1.0,,
99395277,,,,,2.0,77.0,44.0,A,,2.0,1.0,127000.0,40.0,,430989.0,,,1.0,,
99395948,,,,,2.0,77.0,44.0,A,,2.0,1.0,127000.0,40.0,,430989.0,,,1.0,,
99396327,,,,,2.0,77.0,44.0,A,,2.0,1.0,127000.0,40.0,,430989.0,,,1.0,,
99396707,,,,,2.0,77.0,44.0,A,,2.0,1.0,127000.0,40.0,,430989.0,,,1.0,,
99396956,,,,,2.0,77.0,44.0,A,,2.0,1.0,127000.0,40.0,,430989.0,,,1.0,,
99397387,,,,,2.0,77.0,44.0,A,,2.0,1.0,127000.0,40.0,,430989.0,,,1.0,,
99397762,,,,,2.0,77.0,44.0,A,,2.0,1.0,127000.0,40.0,,430989.0,,,1.0,,
99398119,,,,,2.0,77.0,44.0,A,,2.0,1.0,127000.0,40.0,,430989.0,,,1.0,,
99398282,,,,,2.0,77.0,457.0,A,,2.0,1.0,127000.0,357.0,,430992.0,,,1.0,,
99398572,,,,,2.0,77.0,44.0,A,,2.0,1.0,127000.0,40.0,,430989.0,,,1.0,,
99399628,,,,,2.0,407.0,1153.0,A,,5.0,1.0,60000.0,457.0,,430989.0,,,1.0,,
99400299,,,,,2.0,407.0,1153.0,A,,5.0,1.0,60000.0,457.0,,430989.0,,,1.0,,
99400792,,,,,2.0,407.0,1153.0,A,,5.0,1.0,60000.0,457.0,,430989.0,,,1.0,,
99402832,,,,,2.0,407.0,1153.0,A,,5.0,1.0,60000.0,457.0,,430989.0,,,1.0,,
99402966,,,,,2.0,407.0,1153.0,A,,5.0,1.0,60000.0,457.0,,430989.0,,,1.0,,
99403116,,,,,2.0,407.0,1153.0,A,,5.0,1.0,60000.0,457.0,,430989.0,,,1.0,,
99403522,,,,,2.0,407.0,1153.0,A,,5.0,1.0,60000.0,457.0,,430989.0,,,1.0,,
99403817,,,,,2.0,407.0,1153.0,A,,5.0,1.0,60000.0,457.0,,430989.0,,,1.0,,
99404199,,,,,2.0,407.0,1153.0,A,,5.0,1.0,60000.0,457.0,,430989.0,,,1.0,,
99404383,,,,,2.0,407.0,1153.0,A,,5.0,1.0,60000.0,457.0,,430989.0,,,1.0,,
99404522,,,,,2.0,407.0,1153.0,A,,5.0,1.0,60000.0,457.0,,430989.0,,,1.0,,
99404667,,,,,2.0,407.0,1153.0,A,,5.0,1.0,60000.0,457.0,,430989.0,,,1.0,,
99404852,,,,,2.0,407.0,1153.0,A,,5.0,1.0,60000.0,457.0,,430989.0,,,1.0,,
99405009,,,,,2.0,407.0,1153.0,A,,5.0,1.0,60000.0,457.0,,430989.0,,,1.0,,
99405176,,,,,2.0,407.0,1153.0,A,,5.0,1.0,60000.0,457.0,,430989.0,,,1.0,,
99405338,,,,,2.0,407.0,1153.0,A,,5.0,1.0,60000.0,457.0,,430989.0,,,1.0,,
99405492,,,,,2.0,407.0,1153.0,A,,5.0,1.0,60000.0,457.0,,430989.0,,,1.0,,
99405662,,,,,2.0,407.0,1153.0,A,,5.0,1.0,60000.0,457.0,,430989.0,,,1.0,,
99405788,,,,,2.0,407.0,1153.0,A,,5.0,1.0,60000.0,457.0,,430989.0,,,1.0,,
99405929,,,,,2.0,407.0,1153.0,A,,5.0,1.0,60000.0,457.0,,430989.0,,,1.0,,
99406039,,,,,2.0,407.0,1153.0,A,,5.0,1.0,60000.0,457.0,,430989.0,,,1.0,,
99406145,,,,,2.0,407.0,1153.0,A,,5.0,1.0,60000.0,457.0,,430989.0,,,1.0,,
99406286,,,,,2.0,407.0,1153.0,A,,5.0,1.0,60000.0,457.0,,430989.0,,,1.0,,
99406470,,,,,2.0,407.0,1153.0,A,,5.0,1.0,60000.0,457.0,,430989.0,,,1.0,,
99406593,,,,,2.0,407.0,1153.0,A,,5.0,1.0,60000.0,457.0,,430989.0,,,1.0,,
99518562,,,,,,,,,,,,,,,,,,,,
99519373,,,,,,,,,,,,,,,,,,,,
99519924,,,,,,,,,,,,,,,,,,,,
99520739,,,,,,,,,,,,,,,,,,,,
99521032,,,,,,,,,,,,,,,,,,,,
99521500,,,,,,,,,,,,,,,,,,,,
99521701,,,,,,,,,,,,,,,,,,,,
99521933,,,,,,,,,,,,,,,,,,,,
99522570,,,,,,,,,,,,,,,,,,,,
99523106,,,,,,,,,,,,,,,,,,,,
99530497,,,,,,,,,,,,,,,,,,,,
99530713,,,,,,,,,,,,,,,,,,,,
99531004,,,,,,,,,,,,,,,,,,,,
99531236,,,,,,,,,,,,,,,,,,,,
99531406,,,,,,,,,,,,,,,,,,,,
99531648,,,,,,,,,,,,,,,,,,,,
99531873,,,,,,,,,,,,,,,,,,,,
99532248,,,,,,,,,,,,,,,,,,,,
99532461,,,,,,,,,,,,,,,,,,,,
99532731,,,,,,,,,,,,,,,,,,,,
99533015,,,,,,,,,,,,,,,,,,,,
99533161,,,,,,,,,,,,,,,,,,,,
99533395,,,,,,,,,,,,,,,,,,,,
99534079,,,,,,,,,,,,,,,,,,,,
99534230,,,,,,,,,,,,,,,,,,,,
99534449,,,,,,,,,,,,,,,,,,,,
99534604,,,,,,,,,,,,,,,,,,,,
99534763,,,,,,,,,,,,,,,,,,,,
99534923,,,,,,,,,,,,,,,,,,,,
99535121,,,,,,,,,,,,,,,,,,,,
99535336,,,,,,,,,,,,,,,,,,,,
99535523,,,,,,,,,,,,,,,,,,,,
99535965,,,,,,,,,,,,,,,,,,,,
99536168,,,,,,,,,,,,,,,,,,,,
99536313,,,,,,,,,,,,,,,,,,,,
99536498,,,,,,,,,,,,,,,,,,,,
99536643,,,,,,,,,,,,,,,,,,,,
99536863,,,,,,,,,,,,,,,,,,,,
99537147,,,,,,,,,,,,,,,,,,,,
99537573,,,,,,,,,,,,,,,,,,,,
99538339,,,,,,,,,,,,,,,,,,,,
99538529,,,,,,,,,,,,,,,,,,,,
99538724,,,,,,,,,,,,,,,,,,,,
99539044,,,,,,,,,,,,,,,,,,,,
99539264,,,,,,,,,,,,,,,,,,,,
99574387,,,,,2.0,462.0,1355.0,A,,2.0,1.0,15000.0,802.0,,430989.0,,,1.0,,
99575813,,,,,1.0,48.0,1110.0,A,,2.0,1.0,50000.0,413.0,,430989.0,,,1.0,,
99575985,,,,,2.0,77.0,37.0,A,,2.0,1.0,250000.0,33.0,,430989.0,,,1.0,,
99576626,,,,,,,,,,,,,,,,,,,,
99576717,,,,,,,,,,,,,,,,,,,,
99576827,,,,,,,,,,,,,,,,,,,,
99576911,,,,,,,,,,,,,,,,,,,,
99577020,,,,,,,,,,,,,,,,,,,,
99577142,,,,,,,,,,,,,,,,,,,,
99577780,,,,,2.0,451.0,1288.0,A,,2.0,1.0,15000.0,735.0,,430989.0,,,1.0,,
127461135,,,,,2.0,10.0,13.0,A,,2.0,1.0,20000.0,650.0,,430989.0,,,1.0,,
99193579,,,,,,,,,,,,,,,,,,,,
99194313,,,,,,,,,,,,,,,,,,,,
99200935,,,,,2.0,10.0,2.0,A,,2.0,1.0,90000.0,2.0,,430992.0,,,1.0,,
99201373,,,,,2.0,10.0,2.0,A,,2.0,1.0,90000.0,2.0,,430989.0,,,1.0,,
99202139,,,,,2.0,10.0,13.0,A,,2.0,1.0,70000.0,650.0,,430989.0,,,1.0,,
99204494,,,,,2.0,451.0,1281.0,A,,2.0,1.0,6000.0,728.0,,430989.0,,,1.0,,
99205361,,,,,2.0,451.0,1281.0,A,,2.0,1.0,6000.0,728.0,,430989.0,,,1.0,,
99205821,,,,,2.0,451.0,1281.0,A,,2.0,1.0,6000.0,728.0,,430989.0,,,1.0,,
99206225,,,,,2.0,451.0,1281.0,A,,2.0,1.0,6000.0,728.0,,430989.0,,,1.0,,
99207951,77.0,1202.0,2.0,1.0,2.0,77.0,1202.0,A,,2.0,1.0,50000.0,,,430989.0,,,1.0,,
99209897,,,,,2.0,77.0,1200.0,A,,2.0,1.0,100000.0,503.0,,430989.0,,,1.0,,
99210443,,,,,,,,,,,,,,,,,,,,
99210908,,,,,,,,,,,,,,,,,,,,
99211535,,,,,,,,,,,,,,,,,,,,
99212228,15.0,458.0,4.0,35.0,2.0,15.0,458.0,A,,4.0,35.0,2000.0,,,430989.0,,,1.0,,
99213480,462.0,1345.0,2.0,1.0,2.0,462.0,1345.0,A,,2.0,1.0,350000.0,,,430989.0,,,1.0,,
99224864,,,,,2.0,451.0,1281.0,A,,2.0,1.0,6000.0,728.0,,430989.0,,,1.0,,
99226610,,,,,2.0,451.0,1281.0,A,,2.0,1.0,6000.0,728.0,,430989.0,,,1.0,,
99294408,,,,,2.0,454.0,1300.0,A,,2.0,1.0,100000.0,747.0,,430989.0,,,1.0,,
99295187,,,,,2.0,454.0,1300.0,A,,2.0,1.0,200000.0,747.0,,430989.0,,,1.0,,
99300463,,,,,,,,,,,,,,,,,,,,
99307997,,,,,2.0,454.0,1300.0,A,,2.0,1.0,60000.0,747.0,,430989.0,,,1.0,,
99308978,,,,,1.0,41.0,1099.0,A,,2.0,1.0,80000.0,403.0,,430989.0,,,1.0,,
99309393,,,,,,,,,,,,,,,,,,,,
99311114,,,,,,,,,,,,,,,,,,,,
99312567,,,,,2.0,97.0,55.0,A,,4.0,1.0,100000.0,64.0,,430989.0,,,1.0,,
99312947,,,,,2.0,15.0,459.0,A,,4.0,1.0,69750.0,359.0,,430989.0,,,1.0,,
99572973,,,,,2.0,15.0,1068.0,A,,4.0,1.0,110000.0,371.0,,430989.0,,,1.0,,
99573082,,,,,2.0,462.0,1355.0,A,,2.0,1.0,15000.0,802.0,,430992.0,,,1.0,,
99573127,,,,,2.0,462.0,1355.0,A,,2.0,1.0,15000.0,802.0,,430992.0,,,1.0,,
99574009,,,,,2.0,462.0,1355.0,A,,2.0,1.0,15000.0,802.0,,430989.0,,,1.0,,
99574138,,,,,2.0,462.0,1355.0,A,,2.0,1.0,15000.0,802.0,,430989.0,,,1.0,,
99574295,,,,,2.0,462.0,1355.0,A,,2.0,1.0,15000.0,802.0,,430989.0,,,1.0,,
99574453,,,,,2.0,462.0,1355.0,A,,2.0,1.0,15000.0,802.0,,430989.0,,,1.0,,
99574532,,,,,2.0,462.0,1355.0,A,,2.0,1.0,15000.0,802.0,,430989.0,,,1.0,,
99574690,,,,,2.0,10.0,1156.0,A,,4.0,1.0,100000.0,551.0,,430989.0,,,1.0,,
99575299,,,,,2.0,462.0,1375.0,A,,2.0,1.0,130675.0,791.0,,430989.0,,,1.0,,
99575511,,,,,2.0,451.0,1377.0,A,,2.0,1.0,100000.0,823.0,,430989.0,,,1.0,,
99575608,,,,,,,,,,,,,,,,,,,,
99577413,,,,,2.0,462.0,1355.0,A,,2.0,1.0,15000.0,802.0,,430989.0,,,1.0,,
99578314,,,,,2.0,10.0,1156.0,A,,4.0,1.0,140900.0,551.0,,430989.0,,,1.0,,
127460612,15.0,1205.0,4.0,100.0,2.0,15.0,1205.0,A,,4.0,100.0,1500.0,,,430989.0,,,1.0,,
127460678,,,,,,,,,,,,,,,,,,,,
99294917,,,,,2.0,454.0,1300.0,A,,2.0,1.0,104675.0,747.0,,430989.0,,,1.0,,
99297598,,,,,2.0,97.0,1239.0,A,,2.0,1.0,100000.0,685.0,,430989.0,,,1.0,,
99204721,,,,,2.0,451.0,1281.0,A,,2.0,1.0,6000.0,728.0,,430989.0,,,1.0,,
99205053,,,,,2.0,451.0,1281.0,A,,2.0,1.0,6000.0,728.0,,430989.0,,,1.0,,
99206502,,,,,2.0,451.0,1281.0,A,,2.0,1.0,6000.0,728.0,,430989.0,,,1.0,,
99206706,,,,,2.0,451.0,1281.0,A,,2.0,1.0,6000.0,728.0,,430989.0,,,1.0,,
99207128,,,,,2.0,451.0,1281.0,A,,2.0,1.0,6000.0,728.0,,430989.0,,,1.0,,
99224713,,,,,2.0,451.0,1281.0,A,,2.0,1.0,6000.0,728.0,,430989.0,,,1.0,,
99225026,,,,,2.0,451.0,1281.0,A,,2.0,1.0,6000.0,728.0,,430993.0,,,1.0,,
99225200,,,,,2.0,451.0,1281.0,A,,2.0,1.0,6000.0,728.0,,430989.0,,,1.0,,
99225365,,,,,2.0,451.0,1281.0,A,,2.0,1.0,6000.0,728.0,,430989.0,,,1.0,,
99225513,,,,,2.0,451.0,1281.0,A,,2.0,1.0,6000.0,728.0,,430989.0,,,1.0,,
99225875,,,,,2.0,451.0,1281.0,A,,2.0,1.0,6000.0,728.0,,430989.0,,,1.0,,
99226004,,,,,2.0,451.0,1281.0,A,,2.0,1.0,6000.0,728.0,,430989.0,,,1.0,,
99226155,,,,,2.0,451.0,1281.0,A,,2.0,1.0,6000.0,728.0,,430989.0,,,1.0,,
99226304,,,,,2.0,451.0,1281.0,A,,2.0,1.0,6000.0,728.0,,430989.0,,,1.0,,
99226443,,,,,2.0,451.0,1281.0,A,,2.0,1.0,6000.0,728.0,,430989.0,,,1.0,,
99226751,,,,,2.0,451.0,1281.0,A,,2.0,1.0,6000.0,728.0,,430989.0,,,1.0,,
99226866,,,,,2.0,451.0,1281.0,A,,2.0,1.0,6000.0,728.0,,430989.0,,,1.0,,
99227043,,,,,2.0,451.0,1281.0,A,,2.0,1.0,6000.0,728.0,,430989.0,,,1.0,,
99227220,,,,,2.0,451.0,1281.0,A,,2.0,1.0,6000.0,728.0,,430989.0,,,1.0,,
99227375,,,,,2.0,451.0,1281.0,A,,2.0,1.0,6000.0,728.0,,430989.0,,,1.0,,
99311583,,,,,2.0,77.0,1225.0,A,,2.0,1.0,150000.0,671.0,,430989.0,,,1.0,,
109470399,,,,,,,,,,,,,,,,,,,,
109473193,,,,,,,,,,,,,,,,,,,,
116770835,,,,,,,,,,,,,,,,,,,,
116771840,,,,,,,,,,,,,,,,,,,,
116772970,,,,,,,,,,,,,,,,,,,,
116773742,,,,,,,,,,,,,,,,,,,,
116776732,,,,,,,,,,,,,,,,,,,,
116777710,,,,,,,,,,,,,,,,,,,,
116778742,,,,,,,,,,,,,,,,,,,,
116903741,,,,,,,,,,,,,,,,,,,,
116904216,,,,,,,,,,,,,,,,,,,,
116905366,,,,,,,,,,,,,,,,,,,,
116906061,,,,,,,,,,,,,,,,,,,,
116907611,,,,,,,,,,,,,,,,,,,,
116908854,,,,,2.0,77.0,1272.0,A,,2.0,1.0,700000.0,719.0,,430989.0,,,1.0,,
116909850,,,,,2.0,77.0,1272.0,A,,2.0,1.0,700000.0,719.0,,430992.0,,,1.0,,
116911030,,,,,,,,,,,,,,,,,,,,
116912085,,,,,,,,,,,,,,,,,,,,
116913003,,,,,,,,,,,,,,,,,,,,
116917232,,,,,,,,,,,,,,,,,,,,
116917979,,,,,,,,,,,,,,,,,,,,
116918718,,,,,,,,,,,,,,,,,,,,
116919194,,,,,,,,,,,,,,,,,,,,
116919862,,,,,,,,,,,,,,,,,,,,
116920351,,,,,,,,,,,,,,,,,,,,
116920847,,,,,,,,,,,,,,,,,,,,
116921396,,,,,,,,,,,,,,,,,,,,
116921905,,,,,,,,,,,,,,,,,,,,
124901948,,,,,,,,,,,,,,,,,,,,
124902048,,,,,,,,,,,,,,,,,,,,
124902128,,,,,,,,,,,,,,,,,,,,
124902401,,,,,,,,,,,,,,,,,,,,
124902516,,,,,,,,,,,,,,,,,,,,
124902611,,,,,,,,,,,,,,,,,,,,
124902966,,,,,,,,,,,,,,,,,,,,
124903024,,,,,,,,,,,,,,,,,,,,
124903085,,,,,,,,,,,,,,,,,,,,
124904561,,,,,,,,,,,,,,,,,,,,
124904660,,,,,,,,,,,,,,,,,,,,
124904729,,,,,,,,,,,,,,,,,,,,
124904789,,,,,,,,,,,,,,,,,,,,
124904829,,,,,,,,,,,,,,,,,,,,
124904890,,,,,,,,,,,,,,,,,,,,
124904959,,,,,,,,,,,,,,,,,,,,
124905012,,,,,,,,,,,,,,,,,,,,
124905097,,,,,,,,,,,,,,,,,,,,
124905135,,,,,,,,,,,,,,,,,,,,
124905222,,,,,,,,,,,,,,,,,,,,
124905275,,,,,,,,,,,,,,,,,,,,
124905313,,,,,,,,,,,,,,,,,,,,
124905351,,,,,,,,,,,,,,,,,,,,
124905401,,,,,,,,,,,,,,,,,,,,
124905448,,,,,,,,,,,,,,,,,,,,
124905541,,,,,,,,,,,,,,,,,,,,
124905598,,,,,,,,,,,,,,,,,,,,
124905935,,,,,,,,,,,,,,,,,,,,
124906363,,,,,,,,,,,,,,,,,,,,
124906448,,,,,,,,,,,,,,,,,,,,
124906595,,,,,,,,,,,,,,,,,,,,
124906726,,,,,,,,,,,,,,,,,,,,
124906988,,,,,,,,,,,,,,,,,,,,
124907072,,,,,,,,,,,,,,,,,,,,
124907122,,,,,,,,,,,,,,,,,,,,
124914429,,,,,,,,,,,,,,,,,,,,
124914829,,,,,,,,,,,,,,,,,,,,
124914903,,,,,,,,,,,,,,,,,,,,
124937292,,,,,,,,,,,,,,,,,,,,
124937817,,,,,,,,,,,,,,,,,,,,
124937997,,,,,,,,,,,,,,,,,,,,
124938211,,,,,,,,,,,,,,,,,,,,
124938425,,,,,,,,,,,,,,,,,,,,
124938721,,,,,,,,,,,,,,,,,,,,
124940002,,,,,,,,,,,,,,,,,,,,
124940216,,,,,,,,,,,,,,,,,,,,
124940423,,,,,,,,,,,,,,,,,,,,
124940919,,,,,,,,,,,,,,,,,,,,
124941356,,,,,,,,,,,,,,,,,,,,
124941771,,,,,,,,,,,,,,,,,,,,
124942034,,,,,,,,,,,,,,,,,,,,
124942362,,,,,,,,,,,,,,,,,,,,
124942544,,,,,,,,,,,,,,,,,,,,
124943164,,,,,,,,,,,,,,,,,,,,
124943788,,,,,,,,,,,,,,,,,,,,
124944138,,,,,,,,,,,,,,,,,,,,
124944604,,,,,,,,,,,,,,,,,,,,
124945368,,,,,,,,,,,,,,,,,,,,
124946959,,,,,,,,,,,,,,,,,,,,
124947497,,,,,,,,,,,,,,,,,,,,
124947977,,,,,,,,,,,,,,,,,,,,
124989313,,,,,2.0,10.0,1344.0,A,,2.0,1.0,90000.0,790.0,,430989.0,,,1.0,,
124991282,,,,,,,,,,,,,,,,,,,,
124998532,,,,,1.0,455.0,1287.0,A,,2.0,1.0,36000.0,734.0,,430989.0,,,1.0,,
124999629,,,,,2.0,454.0,1300.0,A,,2.0,1.0,90000.0,747.0,,430989.0,,,1.0,,
124999866,,,,,2.0,454.0,1300.0,A,,2.0,1.0,90000.0,747.0,,430989.0,,,1.0,,
125000670,,,,,2.0,451.0,1377.0,A,,2.0,1.0,36000.0,823.0,,430989.0,,,1.0,,
125000947,,,,,2.0,454.0,1301.0,A,,2.0,1.0,120000.0,748.0,,430993.0,,,1.0,,
125001145,,,,,2.0,454.0,1301.0,A,,2.0,1.0,120000.0,748.0,,430989.0,,,1.0,,
125006768,77.0,37.0,2.0,1.0,,,,,,,,,,,,,,,,
125007556,,,,,,,,,,,,,,,,,,,,
125008330,,,,,2.0,104.0,53.0,A,,2.0,1.0,100000.0,49.0,,430989.0,,,1.0,,
125009027,,,,,,,,,,,,,,,,,,,,
125009318,,,,,,,,,,,,,,,,,,,,
125009494,,,,,,,,,,,,,,,,,,,,
125009794,104.0,53.0,2.0,1.0,,,,,,,,,,,,,,,,
125018407,,,,,,,,,,,,,,,,,,,,
125018456,77.0,37.0,2.0,1.0,,,,,,,,,,,,,,,,
125018572,,,,,,,,,,,,,,,,,,,,
125018704,,,,,,,,,,,,,,,,,,,,
125018762,,,,,,,,,,,,,,,,,,,,
125018836,,,,,,,,,,,,,,,,,,,,
125018870,,,,,,,,,,,,,,,,,,,,
125029934,462.0,1375.0,2.0,1.0,,,,,,,,,,,,,,,,
125030237,,,,,2.0,454.0,1301.0,A,,2.0,1.0,120000.0,748.0,,430989.0,,,1.0,,
125124869,,,,,,,,,,,,,,,,,,,,
125124899,,,,,,,,,,,,,,,,,,,,
125124922,,,,,,,,,,,,,,,,,,,,
125125061,,,,,,,,,,,,,,,,,,,,
125125108,,,,,,,,,,,,,,,,,,,,
125125132,,,,,,,,,,,,,,,,,,,,
125125159,,,,,,,,,,,,,,,,,,,,
125125170,,,,,,,,,,,,,,,,,,,,
125125189,,,,,,,,,,,,,,,,,,,,
125125208,,,,,,,,,,,,,,,,,,,,
125125223,,,,,,,,,,,,,,,,,,,,
125125237,,,,,,,,,,,,,,,,,,,,
125125284,,,,,,,,,,,,,,,,,,,,
125125350,,,,,,,,,,,,,,,,,,,,
125125382,,,,,,,,,,,,,,,,,,,,
125131571,,,,,2.0,10.0,1156.0,A,,4.0,1.0,30000.0,551.0,,430989.0,,,1.0,,
125132067,,,,,,,,,,,,,,,,,,,,
125132123,,,,,,,,,,,,,,,,,,,,
125133955,,,,,,,,,,,,,,,,,,,,
125134022,,,,,,,,,,,,,,,,,,,,
125134070,,,,,,,,,,,,,,,,,,,,
125134098,,,,,,,,,,,,,,,,,,,,
125134130,,,,,,,,,,,,,,,,,,,,
125134166,,,,,,,,,,,,,,,,,,,,
125134205,,,,,,,,,,,,,,,,,,,,
125134248,,,,,,,,,,,,,,,,,,,,
125134288,,,,,,,,,,,,,,,,,,,,
125134322,,,,,,,,,,,,,,,,,,,,
125134681,,,,,,,,,,,,,,,,,,,,
125134719,,,,,,,,,,,,,,,,,,,,
125134749,,,,,,,,,,,,,,,,,,,,
125134797,,,,,,,,,,,,,,,,,,,,
125134836,,,,,,,,,,,,,,,,,,,,
125134867,,,,,,,,,,,,,,,,,,,,
125007972,60.0,1208.0,2.0,1.0,2.0,60.0,1208.0,A,,2.0,1.0,216920.0,,,430989.0,,,1.0,,
125006389,,,,,2.0,103.0,56.0,A,,2.0,1.0,100000.0,51.0,,430989.0,,,1.0,,
125009997,104.0,53.0,2.0,1.0,2.0,104.0,53.0,A,,2.0,1.0,150000.0,,,430989.0,,,1.0,,
125011529,104.0,53.0,2.0,1.0,2.0,104.0,53.0,A,,2.0,1.0,150000.0,,,430989.0,,,1.0,,
125025588,,,,,2.0,10.0,1237.0,A,,2.0,1.0,80000.0,683.0,,430989.0,,,1.0,,
124986513,,,,,2.0,462.0,1353.0,A,,2.0,1.0,155736.0,800.0,,430989.0,,,1.0,,
124988730,,,,,2.0,462.0,1353.0,A,,2.0,1.0,170000.0,800.0,,430989.0,,,1.0,,
124989774,,,,,2.0,462.0,1346.0,A,,2.0,1.0,170000.0,793.0,,430989.0,,,1.0,,
124990415,462.0,1353.0,2.0,1.0,2.0,462.0,1353.0,A,,2.0,1.0,91660.0,,,430989.0,,,1.0,,
124999031,,,,,2.0,454.0,1300.0,A,,2.0,1.0,90000.0,747.0,,430989.0,,,1.0,,
124999349,,,,,1.0,455.0,1287.0,A,,2.0,1.0,124917.0,734.0,,430989.0,,,1.0,,
125004644,77.0,1380.0,2.0,1.0,2.0,77.0,1380.0,A,,2.0,1.0,200000.0,,,430992.0,,,1.0,,
125004922,,,,,,,,,,,,,,,,,,,,
125005114,,,,,,,,,,,,,,,,,,,,
125005293,,,,,,,,,,,,,,,,,,,,
125007121,,,,,,,,,,,,,,,,,,,,
125008617,,,,,2.0,77.0,37.0,A,,2.0,1.0,20000.0,33.0,,430989.0,,,1.0,,
125011368,,,,,2.0,451.0,1281.0,A,,2.0,1.0,20000.0,728.0,,430989.0,,,1.0,,
125018373,,,,,1.0,455.0,1287.0,A,,2.0,1.0,180000.0,734.0,,430989.0,,,1.0,,
125018616,,,,,,,,,,,,,,,,,,,,
125022468,,,,,,,,,,,,,,,,,,,,
125025447,,,,,2.0,10.0,1237.0,A,,2.0,1.0,80000.0,683.0,,430989.0,,,1.0,,
44495761,,,,,2.0,63.0,1253.0,A,,2.0,1.0,200000.0,699.0,,425563.0,,,1.0,,
44495840,,,,,,,,,,,,,,,,,,,,
44495856,,,,,,,,,,,,,,,,,,,,
44495896,,,,,2.0,104.0,53.0,A,,2.0,1.0,200000.0,49.0,,425727.0,,,1.0,,
44495913,,,,,2.0,63.0,63.0,A,,2.0,1.0,10000.0,57.0,,425727.0,,,1.0,,
44495927,,,,,,,,,,,,,,,,,,,,
44495948,,,,,2.0,63.0,63.0,A,,2.0,1.0,20000.0,57.0,,425727.0,,,1.0,,
44495983,,459.0,4.0,50.0,,,,,,,,,,,,,,,,
44495996,,,,,2.0,15.0,458.0,A,,4.0,50.0,150000.0,358.0,,425727.0,,,1.0,,
44496064,,,,,2.0,63.0,63.0,A,,2.0,1.0,95000.0,57.0,,425727.0,,,1.0,,
44496089,,,,,2.0,15.0,459.0,A,,4.0,1.0,200000.0,359.0,,425561.0,,,1.0,,
44496102,,,,,2.0,15.0,458.0,A,,4.0,70.0,200000.0,358.0,,425536.0,,,1.0,,
44496142,,,,,2.0,77.0,1202.0,A,,2.0,1.0,150000.0,505.0,,425527.0,,,1.0,,
44496439,,,,,2.0,63.0,63.0,A,,2.0,1.0,100986.0,57.0,,425727.0,,,1.0,,
62897766,,,,,,,,,,,,,,,,,,,,
44495971,,,,,2.0,63.0,63.0,A,,2.0,1.0,100000.0,57.0,,425727.0,,,1.0,,
44495705,,,,,2.0,63.0,63.0,A,,2.0,1.0,50000.0,57.0,,425727.0,,,1.0,,
44495719,,,,,2.0,10.0,1156.0,A,,4.0,565.0,168000.0,551.0,,425727.0,,,1.0,,
44495733,,,,,2.0,10.0,1156.0,A,,4.0,200.0,168000.0,551.0,,425563.0,,,1.0,,
44495747,10.0,1156.0,4.0,1.0,2.0,10.0,1156.0,A,,4.0,1.0,,,,425727.0,,,1.0,,
44495785,,,,,2.0,63.0,63.0,A,,2.0,1.0,150000.0,57.0,,425727.0,,,1.0,,
44495808,,,,,2.0,10.0,1156.0,A,,4.0,500.0,80000.0,551.0,,425727.0,,,1.0,,
44495826,,,,,2.0,10.0,1156.0,A,,4.0,1.0,367300.0,551.0,,425727.0,,,1.0,,
44495864,,,,,,,,,,,,,,,,,,,,
44495881,,,,,2.0,60.0,1208.0,A,,2.0,1.0,100000.0,654.0,,425727.0,,,1.0,,
44496026,,,,,2.0,63.0,62.0,A,,4.0,50.0,150000.0,65.0,,425727.0,,,1.0,,
44496045,,,,,2.0,77.0,1203.0,A,,2.0,1.0,250000.0,506.0,,425727.0,,,1.0,,
44496130,,,,,2.0,63.0,63.0,A,,2.0,1.0,100000.0,57.0,,425727.0,,,1.0,,
62896806,,,,,2.0,15.0,458.0,A,,4.0,100.0,200000.0,358.0,,425727.0,,,1.0,,
62897709,,,,,2.0,63.0,62.0,A,,4.0,100.0,100000.0,65.0,,425727.0,,,1.0,,
44496118,,,,,2.0,15.0,459.0,A,,4.0,70.0,150000.0,359.0,,425533.0,,,1.0,,
44496160,,,,,2.0,77.0,1202.0,A,,2.0,1.0,100000.0,505.0,,425727.0,,,1.0,,
44496172,,,,,2.0,77.0,1202.0,A,,2.0,1.0,100000.0,505.0,,425536.0,,,1.0,,
48867903,,63.0,2.0,1.0,,,,,,,,,,,,,,,,
48868073,,63.0,2.0,1.0,,,,,,,,,,,,,,,,
55237538,,63.0,2.0,1.0,,,,,,,,,,,,,,,,
61657222,,1253.0,2.0,1.0,,,,,,,,,,,,,,,,
61657898,,,,,,,,,,,,,,,,,,,,
61719599,,,,,2.0,63.0,63.0,A,,2.0,1.0,25000.0,57.0,,425727.0,,,1.0,,
48868464,60.0,1208.0,2.0,10.0,2.0,60.0,1208.0,A,,2.0,10.0,5000.0,,,425727.0,,,10.0,,
48901366,,,,,2.0,60.0,1208.0,A,,2.0,10.0,295643.0,654.0,,425727.0,,,10.0,,
55237872,63.0,63.0,2.0,1.0,2.0,63.0,63.0,A,,2.0,1.0,,,,425727.0,,,1.0,,
48866885,10.0,1156.0,4.0,1.0,2.0,10.0,1156.0,A,,4.0,1.0,500000.0,,,425727.0,,,1.0,,
48867032,10.0,1156.0,4.0,1.0,2.0,10.0,1156.0,A,,4.0,1.0,,,,425727.0,,,1.0,,
48867383,,,,,2.0,10.0,2.0,A,,2.0,1.0,330000.0,2.0,,425533.0,,,1.0,,
48868605,104.0,53.0,2.0,1.0,2.0,104.0,53.0,A,,2.0,1.0,150000.0,,,425727.0,,,1.0,,
48868799,104.0,53.0,2.0,1.0,2.0,104.0,53.0,A,,2.0,1.0,,,,425727.0,,,1.0,,
48869171,104.0,53.0,2.0,1.0,2.0,104.0,53.0,A,,2.0,1.0,,,,425727.0,,,1.0,,
48869338,104.0,53.0,2.0,1.0,2.0,104.0,53.0,A,,2.0,1.0,100000.0,,,425727.0,,,1.0,,
48869572,,,,,2.0,15.0,458.0,A,,4.0,300.0,200000.0,358.0,,425727.0,,,1.0,,
48869764,,,,,,,,,,,,,,,,,,,,
48870687,77.0,1203.0,2.0,1.0,2.0,77.0,1203.0,A,,2.0,1.0,,,,425727.0,,,1.0,,
48871145,,,,,2.0,15.0,458.0,A,,4.0,200.0,120000.0,358.0,,425727.0,,,1.0,,
55237468,10.0,1235.0,2.0,1.0,2.0,10.0,1235.0,A,,2.0,1.0,750.0,,,425727.0,,,1.0,,
55237582,,,,,2.0,63.0,63.0,A,,2.0,1.0,150000.0,57.0,,425533.0,,,1.0,,
55237713,,,,,2.0,15.0,458.0,A,,4.0,100.0,1500.0,358.0,,425533.0,,,1.0,,
55246824,,,,,2.0,63.0,63.0,A,,2.0,1.0,75000.0,57.0,,425727.0,,,1.0,,
61715040,63.0,63.0,2.0,1.0,2.0,63.0,63.0,A,,2.0,1.0,,,,425533.0,,,1.0,,
61716858,63.0,63.0,2.0,1.0,2.0,63.0,63.0,A,,2.0,1.0,,,,425727.0,,,1.0,,
64780986,,,,,2.0,63.0,63.0,A,,2.0,1.0,200000.0,57.0,,425727.0,,,1.0,,
64781026,60.0,1208.0,2.0,1.0,2.0,60.0,1208.0,A,,2.0,1.0,150000.0,,,425727.0,,,1.0,,
64781057,60.0,1208.0,2.0,1.0,2.0,60.0,1208.0,A,,2.0,1.0,150000.0,,,425727.0,,,1.0,,
48867200,10.0,1156.0,4.0,600.0,,,,,,,,,,,,,,,,
48868271,,,,,2.0,77.0,1202.0,A,,2.0,1.0,200000.0,505.0,,425530.0,,,1.0,,
48869907,63.0,63.0,2.0,2.0,,,,,,,,,,,,,,,,
48870093,,,,,2.0,63.0,63.0,A,,2.0,1.0,100000.0,57.0,,425727.0,,,1.0,,
48870302,,,,,2.0,77.0,1199.0,A,,2.0,1.0,200000.0,651.0,,425727.0,,,1.0,,
48870530,,,,,2.0,63.0,63.0,A,,2.0,1.0,100000.0,57.0,,425727.0,,,1.0,,
48870999,63.0,63.0,2.0,1.0,,,,,,,,,,,,,,,,
48871599,,,,,,,,,,,,,,,,,,,,
48891294,,,,,2.0,63.0,63.0,A,,2.0,1.0,100000.0,57.0,,425727.0,,,1.0,,
55237620,63.0,63.0,2.0,1.0,,,,,,,,,,,,,,,,
55237672,,,,,2.0,97.0,1260.0,A,,2.0,1.0,100000.0,707.0,,425727.0,,,1.0,,
55237785,,,,,2.0,15.0,458.0,A,,4.0,100.0,2000.0,358.0,,425727.0,,,1.0,,
55237820,63.0,62.0,4.0,100.0,,,,,,,,,,,,,,,,
61656978,,,,,2.0,63.0,1253.0,A,,2.0,1.0,100000.0,699.0,,425727.0,,,1.0,,
60851990,,63.0,2.0,1.0,,,,,,,,,,,,,,,,
60854853,,1156.0,4.0,100.0,,,,,,,,,,,,,,,,
60880261,,,,,,,,,,,,,,,,,,,,
65809786,,,,,1.0,455.0,1287.0,A,,2.0,1.0,18000.0,734.0,,425727.0,,,1.0,,
65809821,,,,,2.0,63.0,63.0,A,,2.0,1.0,147600.0,57.0,,425727.0,,,1.0,,
65809918,,,,,2.0,457.0,1317.0,A,,2.0,1.0,127000.0,764.0,,425727.0,,,1.0,,
65809939,,,,,2.0,63.0,63.0,A,,2.0,1.0,30000.0,57.0,,425727.0,,,1.0,,
60851379,60.0,1208.0,2.0,30.0,2.0,60.0,1208.0,A,,2.0,30.0,6667.0,,,425727.0,,,30.0,,
60851530,,,,,2.0,63.0,63.0,A,,2.0,1.0,100000.0,57.0,,425727.0,,,1.0,,
60852206,77.0,1076.0,2.0,1.0,2.0,77.0,1076.0,A,,2.0,1.0,81392.0,,,425727.0,,,1.0,,
60852406,,,,,2.0,15.0,458.0,A,,4.0,70.0,150000.0,358.0,,425727.0,,,1.0,,
60852518,15.0,458.0,4.0,50.0,2.0,15.0,458.0,A,,4.0,50.0,6000.0,,,425727.0,,,1.0,,
60854790,10.0,452.0,2.0,1.0,2.0,10.0,452.0,A,,2.0,1.0,2000.0,,,425727.0,,,1.0,,
60854945,462.0,1375.0,2.0,1.0,2.0,462.0,1375.0,A,,2.0,1.0,1190.0,,,425727.0,,,1.0,,
65809886,,,,,2.0,457.0,1317.0,A,,2.0,1.0,137000.0,764.0,,425727.0,,,1.0,,
65809965,,,,,2.0,454.0,1300.0,A,,2.0,1.0,118944.0,747.0,,425727.0,,,1.0,,
60851960,,,,,2.0,77.0,1202.0,A,,2.0,1.0,100000.0,505.0,,425535.0,,,1.0,,
60852032,,,,,2.0,63.0,62.0,A,,4.0,50.0,100000.0,65.0,,425531.0,,,1.0,,
60852082,15.0,458.0,4.0,25.0,,,,,,,,,,,,,,,,
60852116,63.0,63.0,2.0,15.0,,,,,,,,,,,,,,,,
60852438,63.0,63.0,2.0,1.0,,,,,,,,,,,,,,,,
60852476,,,,,2.0,77.0,1202.0,A,,2.0,1.0,300000.0,505.0,,425561.0,,,1.0,,
60852872,,,,,2.0,77.0,1202.0,A,,2.0,1.0,100000.0,505.0,,425534.0,,,1.0,,
60852934,60.0,1208.0,2.0,15.0,,,,,,,,,,,,,,,,
60855172,10.0,1156.0,4.0,150.0,,,,,,,,,,,,,,,,
60879885,63.0,63.0,2.0,1.0,,,,,,,,,,,,,,,,
60879946,63.0,63.0,2.0,1.0,,,,,,,,,,,,,,,,
60880007,63.0,62.0,4.0,1.0,,,,,,,,,,,,,,,,
60880062,63.0,63.0,2.0,1.0,,,,,,,,,,,,,,,,
60880146,10.0,11.0,2.0,1.0,,,,,,,,,,,,,,,,
82514094,,,,,,,,,,,,,,,,,,,,
82516510,,,,,,,,,,,,,,,,,,,,
82674667,,,,,,,,,,,,,,,,,,,,
82728749,,,,,,,,,,,,,,,,,,,,
82730088,,,,,,,,,,,,,,,,,,,,
82731570,,,,,,,,,,,,,,,,,,,,
82732308,,,,,,,,,,,,,,,,,,,,
82735793,,,,,,,,,,,,,,,,,,,,
82736049,,,,,,,,,,,,,,,,,,,,
82737248,,,,,,,,,,,,,,,,,,,,
82738477,,,,,,,,,,,,,,,,,,,,
82740203,,,,,,,,,,,,,,,,,,,,
82740764,,,,,,,,,,,,,,,,,,,,
82741473,,,,,,,,,,,,,,,,,,,,
82742935,,,,,,,,,,,,,,,,,,,,
82745610,,,,,,,,,,,,,,,,,,,,
82746253,,,,,,,,,,,,,,,,,,,,
82746652,,,,,,,,,,,,,,,,,,,,
82749147,,,,,,,,,,,,,,,,,,,,
82750065,,,,,2.0,462.0,1352.0,A,,2.0,1.0,1000.0,799.0,,425535.0,,,1.0,,
82751521,462.0,1352.0,2.0,1.0,,,,,,,,,,,,,,,,
82752177,,,,,,,,,,,,,,,,,,,,
82752787,462.0,1352.0,2.0,1.0,,,,,,,,,,,,,,,,
82753452,77.0,1380.0,2.0,1.0,,,,,,,,,,,,,,,,
82753852,77.0,1225.0,2.0,1.0,,,,,,,,,,,,,,,,
82754559,,,,,2.0,103.0,56.0,A,,2.0,1.0,1000.0,51.0,,425535.0,,,1.0,,
82755289,,,,,2.0,77.0,1225.0,A,,2.0,1.0,1000.0,671.0,,425530.0,,,1.0,,
82755705,,,,,2.0,77.0,1225.0,A,,2.0,1.0,1000.0,671.0,,425536.0,,,1.0,,
82756210,,,,,2.0,77.0,1225.0,A,,2.0,1.0,1000.0,671.0,,425529.0,,,1.0,,
82756802,,,,,2.0,462.0,1360.0,A,,2.0,1.0,1000.0,807.0,,425534.0,,,1.0,,
82757290,,,,,1.0,461.0,1343.0,A,,2.0,1.0,1000.0,789.0,,425528.0,,,1.0,,
82758022,,,,,2.0,407.0,1072.0,A,,5.0,1.0,1000.0,376.0,,425563.0,,,1.0,,
82759069,,,,,1.0,48.0,1107.0,A,,2.0,1.0,1000.0,410.0,,425530.0,,,1.0,,
82759398,,,,,,,,,,,,,,,,,,,,
82759743,,,,,2.0,63.0,1240.0,A,,5.0,1.0,1000.0,686.0,,425530.0,,,1.0,,
82760561,465.0,1374.0,2.0,1.0,,,,,,,,,,,,,,,,
82761146,,,,,1.0,463.0,1350.0,A,,2.0,1.0,1000.0,797.0,,425533.0,,,1.0,,
82761536,,,,,1.0,463.0,1350.0,A,,2.0,1.0,1000.0,797.0,,425530.0,,,1.0,,
82762134,407.0,1072.0,5.0,1.0,,,,,,,,,,,,,,,,
82762801,,,,,2.0,103.0,56.0,A,,2.0,1.0,1000.0,51.0,,425529.0,,,1.0,,
82763457,4.0,64.0,2.0,1.0,,,,,,,,,,,,,,,,
82764124,77.0,1225.0,2.0,1.0,,,,,,,,,,,,,,,,
82764664,,,,,2.0,462.0,1352.0,A,,2.0,1.0,1000.0,799.0,,425536.0,,,1.0,,
82765106,63.0,1253.0,2.0,1.0,,,,,,,,,,,,,,,,
82765586,407.0,1072.0,5.0,1.0,,,,,,,,,,,,,,,,
82766059,77.0,1225.0,2.0,1.0,,,,,,,,,,,,,,,,
82766570,103.0,56.0,2.0,1.0,,,,,,,,,,,,,,,,
82766977,462.0,1353.0,2.0,1.0,,,,,,,,,,,,,,,,
82767402,462.0,1352.0,2.0,1.0,,,,,,,,,,,,,,,,
82768365,,,,,2.0,462.0,1352.0,A,,2.0,1.0,1000.0,799.0,,425528.0,,,1.0,,
82768843,,,,,2.0,462.0,1352.0,A,,2.0,1.0,1000.0,799.0,,425534.0,,,1.0,,
82769671,,,,,,,,,,,,,,,,,,,,
82770042,,,,,,,,,,,,,,,,,,,,
82770414,,,,,,,,,,,,,,,,,,,,
82770976,,,,,,,,,,,,,,,,,,,,
82771493,,,,,,,,,,,,,,,,,,,,
82771785,,,,,,,,,,,,,,,,,,,,
82772402,,,,,,,,,,,,,,,,,,,,
83035120,,,,,,,,,,,,,,,,,,,,
83035803,,,,,,,,,,,,,,,,,,,,
83036320,,,,,,,,,,,,,,,,,,,,
83037010,,,,,,,,,,,,,,,,,,,,
83038290,,,,,,,,,,,,,,,,,,,,
83040186,,,,,,,,,,,,,,,,,,,,
83041466,,,,,,,,,,,,,,,,,,,,
83043473,,,,,,,,,,,,,,,,,,,,
83047720,,,,,,,,,,,,,,,,,,,,
83053789,,,,,,,,,,,,,,,,,,,,
83056798,,,,,,,,,,,,,,,,,,,,
83059275,,,,,,,,,,,,,,,,,,,,
83060176,,,,,,,,,,,,,,,,,,,,
83078208,,,,,,,,,,,,,,,,,,,,
83078573,,,,,,,,,,,,,,,,,,,,
83078836,,,,,,,,,,,,,,,,,,,,
83079020,,,,,,,,,,,,,,,,,,,,
83080097,,,,,,,,,,,,,,,,,,,,
83080385,,,,,,,,,,,,,,,,,,,,
83080897,,,,,,,,,,,,,,,,,,,,
83081151,,,,,,,,,,,,,,,,,,,,
83082534,,,,,,,,,,,,,,,,,,,,
83082827,,,,,,,,,,,,,,,,,,,,
83083180,,,,,,,,,,,,,,,,,,,,
83083669,,,,,,,,,,,,,,,,,,,,
83083981,,,,,,,,,,,,,,,,,,,,
83109950,,,,,2.0,77.0,33.0,A,,2.0,1.0,250000.0,29.0,,425727.0,,,1.0,,
83113656,,,,,,,,,,,,,,,,,,,,
83113931,,,,,,,,,,,,,,,,,,,,
83114101,,,,,,,,,,,,,,,,,,,,
83114581,,,,,,,,,,,,,,,,,,,,
83114773,,,,,,,,,,,,,,,,,,,,
83114992,,,,,,,,,,,,,,,,,,,,
83115185,,,,,,,,,,,,,,,,,,,,
83115460,,,,,,,,,,,,,,,,,,,,
83116008,,,,,,,,,,,,,,,,,,,,
83117524,,,,,,,,,,,,,,,,,,,,
75538351,,,,,2.0,454.0,1300.0,A,,2.0,1.0,100000.0,747.0,,425727.0,,,1.0,,
82767837,,,,,,,,,,,,,,,,,,,,
75536261,,,,,2.0,462.0,1361.0,A,,2.0,1.0,50000.0,808.0,,425727.0,,,1.0,,
75536540,,,,,,,,,,,,,,,,,,,,
75537618,,,,,2.0,77.0,59.0,A,,2.0,1.0,300000.0,54.0,,425727.0,,,1.0,,
75537916,457.0,1313.0,2.0,1.0,2.0,457.0,1313.0,A,,2.0,1.0,100000.0,,,425727.0,,,1.0,,
75538202,,,,,2.0,63.0,63.0,A,,2.0,1.0,300000.0,57.0,,425727.0,,,1.0,,
75538598,,,,,2.0,77.0,1076.0,A,,2.0,1.0,50000.0,380.0,,425727.0,,,1.0,,
75538799,10.0,11.0,2.0,1.0,2.0,10.0,11.0,A,,2.0,1.0,61911.0,,,425727.0,,,1.0,,
75540169,,,,,2.0,77.0,1199.0,A,,2.0,1.0,80000.0,651.0,,425727.0,,,1.0,,
83103434,,,,,2.0,462.0,1345.0,A,,2.0,1.0,25000.0,792.0,,425727.0,,,1.0,,
83104446,,,,,2.0,462.0,1355.0,A,,2.0,1.0,34335.0,802.0,,425727.0,,,1.0,,
83105246,,,,,2.0,462.0,1360.0,A,,2.0,1.0,257944.0,807.0,,425727.0,,,1.0,,
83105641,,,,,2.0,462.0,1345.0,A,,2.0,1.0,100000.0,792.0,,425727.0,,,1.0,,
83106060,,,,,2.0,462.0,1345.0,A,,2.0,1.0,168000.0,792.0,,425727.0,,,1.0,,
83106698,,,,,1.0,455.0,1286.0,A,,2.0,1.0,20000.0,733.0,,425727.0,,,1.0,,
83107171,,,,,2.0,454.0,1300.0,A,,2.0,1.0,348223.0,747.0,,425727.0,,,1.0,,
83107789,,,,,1.0,455.0,1287.0,A,,2.0,1.0,217056.0,734.0,,425727.0,,,1.0,,
83110240,,,,,1.0,301.0,1274.0,A,,2.0,1.0,250000.0,721.0,,425727.0,,,1.0,,
83110585,,,,,1.0,463.0,1350.0,A,,2.0,1.0,280370.0,797.0,,425727.0,,,1.0,,
101216635,,,,,,,,,,,,,,,,,,,,
101218336,,,,,,,,,,,,,,,,,,,,
101239017,,,,,,,,,,,,,,,,,,,,
101239995,,,,,,,,,,,,,,,,,,,,
101241990,,,,,,,,,,,,,,,,,,,,
101266327,,,,,,,,,,,,,,,,,,,,
101266884,,,,,,,,,,,,,,,,,,,,
101267602,,,,,,,,,,,,,,,,,,,,
101268288,,,,,,,,,,,,,,,,,,,,
101269276,,,,,,,,,,,,,,,,,,,,
101269909,,,,,,,,,,,,,,,,,,,,
101271561,,,,,,,,,,,,,,,,,,,,
101272172,,,,,,,,,,,,,,,,,,,,
101272873,,,,,,,,,,,,,,,,,,,,
101273558,,,,,,,,,,,,,,,,,,,,
101274394,,,,,,,,,,,,,,,,,,,,
101275085,,,,,,,,,,,,,,,,,,,,
101275724,,,,,,,,,,,,,,,,,,,,
101276615,,,,,,,,,,,,,,,,,,,,
101279944,,,,,,,,,,,,,,,,,,,,
101280387,,,,,,,,,,,,,,,,,,,,
101281136,,,,,,,,,,,,,,,,,,,,
101281536,,,,,,,,,,,,,,,,,,,,
101282050,,,,,,,,,,,,,,,,,,,,
101282673,,,,,,,,,,,,,,,,,,,,
101283736,,,,,,,,,,,,,,,,,,,,
101284321,,,,,,,,,,,,,,,,,,,,
101306505,,,,,,,,,,,,,,,,,,,,
101307301,,,,,,,,,,,,,,,,,,,,
101308084,,,,,,,,,,,,,,,,,,,,
101321402,,,,,,,,,,,,,,,,,,,,
101323014,,,,,,,,,,,,,,,,,,,,
101323632,,,,,,,,,,,,,,,,,,,,
101324987,,,,,,,,,,,,,,,,,,,,
101325830,,,,,,,,,,,,,,,,,,,,
101327002,,,,,,,,,,,,,,,,,,,,
101327569,,,,,,,,,,,,,,,,,,,,
101328404,,,,,,,,,,,,,,,,,,,,
101329349,,,,,,,,,,,,,,,,,,,,
101330050,,,,,,,,,,,,,,,,,,,,
101331168,,,,,,,,,,,,,,,,,,,,
101332497,,,,,,,,,,,,,,,,,,,,
101333098,,,,,,,,,,,,,,,,,,,,
101334283,,,,,,,,,,,,,,,,,,,,
101335087,,,,,,,,,,,,,,,,,,,,
101335720,,,,,,,,,,,,,,,,,,,,
101336179,,,,,,,,,,,,,,,,,,,,
101336614,,,,,,,,,,,,,,,,,,,,
101336870,,,,,,,,,,,,,,,,,,,,
101337805,,,,,,,,,,,,,,,,,,,,
101337961,,,,,,,,,,,,,,,,,,,,
101338187,,,,,,,,,,,,,,,,,,,,
101338366,,,,,,,,,,,,,,,,,,,,
101338669,,,,,,,,,,,,,,,,,,,,
101338967,,,,,,,,,,,,,,,,,,,,
101339405,,,,,,,,,,,,,,,,,,,,
101339846,,,,,,,,,,,,,,,,,,,,
101340299,,,,,,,,,,,,,,,,,,,,
101341844,,,,,,,,,,,,,,,,,,,,
101343717,,,,,,,,,,,,,,,,,,,,
101344226,,,,,,,,,,,,,,,,,,,,
101344950,,,,,,,,,,,,,,,,,,,,
101345692,,,,,,,,,,,,,,,,,,,,
101346303,,,,,,,,,,,,,,,,,,,,
101346943,,,,,,,,,,,,,,,,,,,,
101348971,,,,,,,,,,,,,,,,,,,,
101349563,,,,,,,,,,,,,,,,,,,,
101350443,,,,,,,,,,,,,,,,,,,,
101351147,,,,,,,,,,,,,,,,,,,,
101351820,,,,,,,,,,,,,,,,,,,,
101352521,,,,,,,,,,,,,,,,,,,,
101353363,,,,,,,,,,,,,,,,,,,,
101353976,,,,,,,,,,,,,,,,,,,,
101355407,,,,,,,,,,,,,,,,,,,,
101356048,,,,,,,,,,,,,,,,,,,,
101356684,,,,,,,,,,,,,,,,,,,,
101357349,,,,,,,,,,,,,,,,,,,,
101358269,,,,,,,,,,,,,,,,,,,,
101358994,,,,,,,,,,,,,,,,,,,,
101399282,,,,,,,,,,,,,,,,,,,,
101400072,,,,,,,,,,,,,,,,,,,,
101401267,,,,,,,,,,,,,,,,,,,,
101403296,,,,,,,,,,,,,,,,,,,,
101404409,,,,,,,,,,,,,,,,,,,,
101405448,,,,,,,,,,,,,,,,,,,,
101406096,,,,,,,,,,,,,,,,,,,,
101406720,,,,,,,,,,,,,,,,,,,,
101407322,,,,,,,,,,,,,,,,,,,,
101407997,,,,,,,,,,,,,,,,,,,,
101409132,,,,,,,,,,,,,,,,,,,,
101417351,,,,,,,,,,,,,,,,,,,,
101417902,,,,,,,,,,,,,,,,,,,,
101419274,,,,,,,,,,,,,,,,,,,,
101419789,,,,,,,,,,,,,,,,,,,,
101420375,,,,,,,,,,,,,,,,,,,,
101420910,,,,,,,,,,,,,,,,,,,,
101421339,,,,,,,,,,,,,,,,,,,,
101421998,,,,,,,,,,,,,,,,,,,,
101422490,,,,,,,,,,,,,,,,,,,,
101423035,,,,,,,,,,,,,,,,,,,,
101424277,,,,,,,,,,,,,,,,,,,,
101424949,,,,,,,,,,,,,,,,,,,,
101425436,,,,,,,,,,,,,,,,,,,,
101425963,,,,,,,,,,,,,,,,,,,,
101426470,,,,,,,,,,,,,,,,,,,,
101427326,,,,,,,,,,,,,,,,,,,,
101427876,,,,,,,,,,,,,,,,,,,,
101428947,,,,,,,,,,,,,,,,,,,,
101429401,,,,,,,,,,,,,,,,,,,,
101430083,,,,,,,,,,,,,,,,,,,,
101430581,,,,,,,,,,,,,,,,,,,,
101447821,77.0,1076.0,2.0,1.0,,,,,,,,,,,,,,,,
101464376,,,,,2.0,454.0,1300.0,A,,2.0,1.0,60000.0,747.0,,425727.0,,,1.0,,
101466388,,,,,1.0,455.0,1284.0,A,,2.0,1.0,18000.0,731.0,,425727.0,,,1.0,,
101766547,77.0,1202.0,2.0,1.0,,,,,,,,,,,,,,,,
101826750,,,,,,,,,,,,,,,,,,,,
101828652,,,,,,,,,,,,,,,,,,,,
101829851,,,,,,,,,,,,,,,,,,,,
101831266,,,,,2.0,103.0,1242.0,A,,2.0,1.0,1000.0,688.0,,425535.0,,,1.0,,
101834179,,,,,2.0,462.0,1353.0,A,,2.0,1.0,1200.0,800.0,,425535.0,,,1.0,,
101839331,,,,,,,,,,,,,,,,,,,,
101844321,,,,,,,,,,,,,,,,,,,,
101845456,,,,,,,,,,,,,,,,,,,,
101846236,,,,,,,,,,,,,,,,,,,,
101847288,,,,,,,,,,,,,,,,,,,,
101850544,,,,,2.0,6.0,3.0,A,,2.0,1.0,1000.0,3.0,,425531.0,,,1.0,,
101851550,,,,,,,,,,,,,,,,,,,,
101853488,,,,,2.0,451.0,1283.0,A,,2.0,1.0,1000.0,730.0,,425727.0,,,1.0,,
101854120,,,,,,,,,,,,,,,,,,,,
101855217,,,,,,,,,,,,,,,,,,,,
101856022,,,,,,,,,,,,,,,,,,,,
101856984,,,,,2.0,77.0,1229.0,A,,2.0,1.0,1000.0,675.0,,425727.0,,,1.0,,
101857875,,,,,,,,,,,,,,,,,,,,
101858842,,,,,,,,,,,,,,,,,,,,
101860048,,,,,,,,,,,,,,,,,,,,
101860881,,,,,,,,,,,,,,,,,,,,
101863401,,,,,2.0,457.0,1314.0,A,,2.0,1.0,1000.0,761.0,,425530.0,,,1.0,,
101864012,,,,,,,,,,,,,,,,,,,,
101864655,,,,,,,,,,,,,,,,,,,,
101870423,,,,,,,,,,,,,,,,,,,,
101874292,,,,,,,,,,,,,,,,,,,,
101879074,,,,,,,,,,,,,,,,,,,,
101900890,,,,,,,,,,,,,,,,,,,,
101902265,,,,,,,,,,,,,,,,,,,,
101903531,,,,,,,,,,,,,,,,,,,,
101904458,,,,,,,,,,,,,,,,,,,,
101944871,,,,,2.0,454.0,1301.0,A,,2.0,1.0,174068.0,748.0,,425727.0,,,1.0,,
101945272,,,,,2.0,454.0,1300.0,A,,2.0,1.0,1000.0,747.0,,425727.0,,,1.0,,
101945381,,,,,2.0,454.0,1301.0,A,,2.0,1.0,1000.0,748.0,,425535.0,,,1.0,,
101945966,,,,,2.0,453.0,1299.0,A,,2.0,1.0,1000.0,746.0,,425727.0,,,1.0,,
101946104,,,,,2.0,457.0,1316.0,A,,2.0,1.0,1000.0,763.0,,425727.0,,,1.0,,
101946223,,,,,,,,,,,,,,,,,,,,
101190159,,,,,1.0,48.0,368.0,A,,2.0,1.0,150000.0,268.0,,425727.0,,,1.0,,
101193092,,,,,2.0,77.0,1200.0,A,,2.0,1.0,125000.0,503.0,,425727.0,,,1.0,,
101200191,,,,,2.0,77.0,1202.0,A,,2.0,1.0,175000.0,505.0,,425727.0,,,1.0,,
101201947,77.0,1256.0,2.0,1.0,2.0,77.0,1256.0,A,,2.0,1.0,195000.0,,,425727.0,,,1.0,,
101202904,454.0,1301.0,2.0,1.0,2.0,454.0,1301.0,A,,2.0,1.0,50000.0,,,425727.0,,,1.0,,
101206064,15.0,458.0,4.0,1.0,2.0,15.0,458.0,A,,4.0,1.0,100000.0,,,425530.0,,,1.0,,
101207349,,,,,2.0,454.0,1300.0,A,,2.0,1.0,100000.0,747.0,,425727.0,,,1.0,,
101209482,,,,,2.0,454.0,1300.0,A,,2.0,1.0,100000.0,747.0,,425727.0,,,1.0,,
101450165,462.0,1345.0,2.0,1.0,2.0,462.0,1345.0,A,,2.0,1.0,145000.0,,,425727.0,,,1.0,,
101452188,97.0,1260.0,2.0,1.0,2.0,97.0,1260.0,A,,2.0,1.0,100000.0,,,425727.0,,,1.0,,
101454063,,,,,2.0,462.0,1352.0,A,,2.0,1.0,100000.0,799.0,,425727.0,,,1.0,,
101455363,15.0,458.0,4.0,1.0,2.0,15.0,458.0,A,,4.0,1.0,100000.0,,,425727.0,,,1.0,,
101456571,77.0,1202.0,2.0,1.0,2.0,77.0,1202.0,A,,2.0,1.0,107756.0,,,425563.0,,,1.0,,
101462488,,,,,2.0,454.0,1300.0,A,,2.0,1.0,72000.0,747.0,,425727.0,,,1.0,,
101463641,,,,,2.0,454.0,1300.0,A,,2.0,1.0,120000.0,747.0,,425727.0,,,1.0,,
101467404,,,,,1.0,455.0,1284.0,A,,2.0,1.0,119000.0,731.0,,425727.0,,,1.0,,
101734066,,,,,2.0,77.0,1380.0,A,,2.0,1.0,145000.0,826.0,,425727.0,,,1.0,,
101823016,,,,,2.0,451.0,1376.0,A,,2.0,1.0,100657.0,822.0,,425531.0,,,1.0,,
101942967,462.0,1345.0,2.0,1.0,2.0,462.0,1345.0,A,,2.0,1.0,174567.0,,,425727.0,,,1.0,,
101943072,,,,,2.0,10.0,10.0,A,,2.0,1.0,120000.0,9.0,,425727.0,,,1.0,,
101943167,10.0,11.0,2.0,1.0,2.0,10.0,11.0,A,,2.0,1.0,195000.0,,,425727.0,,,1.0,,
101943326,,,,,2.0,4.0,64.0,A,,2.0,1.0,130551.0,58.0,,425727.0,,,1.0,,
101943452,,,,,2.0,454.0,1301.0,A,,2.0,1.0,130461.0,748.0,,425727.0,,,1.0,,
121337194,,,,,2.0,454.0,1300.0,A,,2.0,1.0,45000.0,747.0,,425727.0,,,1.0,,
121337435,,,,,2.0,454.0,1300.0,A,,2.0,1.0,18000.0,747.0,,425535.0,,,1.0,,
121337800,,,,,2.0,454.0,1300.0,A,,2.0,1.0,9000.0,747.0,,425563.0,,,1.0,,
121338034,,,,,2.0,454.0,1300.0,A,,2.0,1.0,9000.0,747.0,,425533.0,,,1.0,,
121338172,,,,,2.0,454.0,1300.0,A,,2.0,1.0,9000.0,747.0,,425530.0,,,1.0,,
121338308,,,,,2.0,454.0,1300.0,A,,2.0,1.0,9000.0,747.0,,425528.0,,,1.0,,
121338457,,,,,2.0,454.0,1300.0,A,,2.0,1.0,9000.0,747.0,,425529.0,,,1.0,,
121340780,454.0,1300.0,2.0,1.0,,,,,,,,,,,,,,,,
121341073,,,,,2.0,454.0,1300.0,A,,2.0,1.0,72000.0,747.0,,425727.0,,,1.0,,
121341351,,,,,1.0,455.0,1287.0,A,,2.0,1.0,4709.0,734.0,,425727.0,,,1.0,,
121341611,,,,,1.0,455.0,1284.0,A,,2.0,1.0,10000.0,731.0,,425727.0,,,1.0,,
121341805,,,,,1.0,455.0,1285.0,A,,2.0,1.0,6000.0,732.0,,425727.0,,,1.0,,
121341959,,,,,1.0,455.0,1287.0,A,,2.0,1.0,7000.0,734.0,,425727.0,,,1.0,,
121342145,,,,,2.0,454.0,1300.0,A,,2.0,1.0,70000.0,747.0,,425727.0,,,1.0,,
121342544,,,,,1.0,455.0,1286.0,A,,2.0,1.0,18000.0,733.0,,425727.0,,,1.0,,
122218241,,,,,2.0,77.0,1256.0,A,,2.0,1.0,100000.0,702.0,,425727.0,,,1.0,,
122219022,,,,,,,,,,,,,,,,,,,,
122219233,60.0,1275.0,2.0,1.0,,,,,,,,,,,,,,,,
122219895,462.0,1346.0,2.0,1.0,,,,,,,,,,,,,,,,
122220287,453.0,1299.0,2.0,1.0,,,,,,,,,,,,,,,,
122220420,,,,,,,,,,,,,,,,,,,,
122220825,77.0,44.0,2.0,1.0,,,,,,,,,,,,,,,,
122220993,,,,,2.0,4.0,64.0,A,,2.0,1.0,100000.0,58.0,,425563.0,,,1.0,,
122221420,,,,,1.0,463.0,1351.0,A,,2.0,1.0,107600.0,798.0,,425727.0,,,1.0,,
124923350,462.0,1361.0,2.0,1.0,,,,,,,,,,,,,,,,
124947833,,,,,2.0,63.0,1253.0,A,,2.0,1.0,20546.0,699.0,,425727.0,,,1.0,,
124948553,,,,,2.0,454.0,1300.0,A,,2.0,1.0,15409.0,747.0,,425727.0,,,1.0,,
124948925,,,,,2.0,97.0,1238.0,A,,2.0,1.0,100000.0,684.0,,425563.0,,,1.0,,
124952203,,,,,,,,,,,,,,,,,,,,
124953306,,,,,,,,,,,,,,,,,,,,
124953842,,,,,,,,,,,,,,,,,,,,
124954327,,,,,,,,,,,,,,,,,,,,
124954819,,,,,,,,,,,,,,,,,,,,
124957395,,,,,,,,,,,,,,,,,,,,
124957425,,,,,,,,,,,,,,,,,,,,
124957824,,,,,,,,,,,,,,,,,,,,
124957971,,,,,,,,,,,,,,,,,,,,
124958047,,,,,,,,,,,,,,,,,,,,
124958435,,,,,,,,,,,,,,,,,,,,
124958778,,,,,,,,,,,,,,,,,,,,
124958854,,,,,,,,,,,,,,,,,,,,
124958966,,,,,,,,,,,,,,,,,,,,
124959510,,,,,,,,,,,,,,,,,,,,
124959645,,,,,,,,,,,,,,,,,,,,
124959688,,,,,,,,,,,,,,,,,,,,
124959896,,,,,,,,,,,,,,,,,,,,
124959925,,,,,,,,,,,,,,,,,,,,
124960148,,,,,,,,,,,,,,,,,,,,
124960303,,,,,,,,,,,,,,,,,,,,
124960696,,,,,,,,,,,,,,,,,,,,
124960844,,,,,,,,,,,,,,,,,,,,
124960919,,,,,,,,,,,,,,,,,,,,
124960996,,,,,,,,,,,,,,,,,,,,
124961421,,,,,,,,,,,,,,,,,,,,
124961601,,,,,,,,,,,,,,,,,,,,
124961823,,,,,,,,,,,,,,,,,,,,
124966248,,,,,2.0,462.0,1345.0,A,,2.0,1.0,345000.0,792.0,,425727.0,,,1.0,,
124966793,,,,,2.0,462.0,1375.0,A,,2.0,1.0,259709.0,791.0,,425727.0,,,1.0,,
124967099,,,,,,,,,,,,,,,,,,,,
124967375,,,,,,,,,,,,,,,,,,,,
124967444,,,,,,,,,,,,,,,,,,,,
124967502,,,,,,,,,,,,,,,,,,,,
124967561,,,,,,,,,,,,,,,,,,,,
124967636,,,,,,,,,,,,,,,,,,,,
124967740,,,,,,,,,,,,,,,,,,,,
124967890,,,,,,,,,,,,,,,,,,,,
124967963,,,,,,,,,,,,,,,,,,,,
124968087,,,,,2.0,453.0,1299.0,A,,2.0,1.0,20000.0,746.0,,425536.0,,,1.0,,
124968174,454.0,1300.0,2.0,1.0,,,,,,,,,,,,,,,,
124968238,,,,,2.0,4.0,1026.0,A,,4.0,10.0,2000.0,80.0,,425530.0,,,1.0,,
124968302,,,,,2.0,77.0,1227.0,A,,2.0,1.0,20000.0,673.0,,425527.0,,,1.0,,
124968393,,,,,,,,,,,,,,,,,,,,
124971231,,,,,,,,,,,,,,,,,,,,
124975066,,,,,,,,,,,,,,,,,,,,
124975255,,,,,,,,,,,,,,,,,,,,
124975355,,,,,,,,,,,,,,,,,,,,
124975393,,,,,,,,,,,,,,,,,,,,
124975418,,,,,,,,,,,,,,,,,,,,
124975456,,,,,,,,,,,,,,,,,,,,
124975491,,,,,,,,,,,,,,,,,,,,
124975503,,,,,,,,,,,,,,,,,,,,
124975567,,,,,,,,,,,,,,,,,,,,
124975573,,,,,,,,,,,,,,,,,,,,
124975650,,,,,,,,,,,,,,,,,,,,
121342351,,,,,2.0,454.0,1300.0,A,,2.0,1.0,87000.0,747.0,,425727.0,,,1.0,,
122216134,454.0,1300.0,2.0,1.0,2.0,454.0,1300.0,A,,2.0,1.0,100000.0,,,425727.0,,,1.0,,
122217940,462.0,1355.0,2.0,1.0,2.0,462.0,1355.0,A,,2.0,1.0,100000.0,,,425727.0,,,1.0,,
122218492,63.0,63.0,2.0,1.0,2.0,63.0,63.0,A,,2.0,1.0,100000.0,,,425727.0,,,1.0,,
122218746,,,,,,,,,,,,,,,,,,,,
122219678,,,,,2.0,462.0,1361.0,A,,2.0,1.0,110000.0,808.0,,425727.0,,,1.0,,
122220054,462.0,1346.0,2.0,1.0,2.0,462.0,1346.0,A,,2.0,1.0,100000.0,,,425727.0,,,1.0,,
122220564,,,,,2.0,60.0,1208.0,A,,2.0,1.0,164000.0,654.0,,425727.0,,,1.0,,
122221126,,,,,2.0,4.0,64.0,A,,2.0,1.0,100000.0,58.0,,425727.0,,,1.0,,
124965786,,,,,2.0,454.0,1300.0,A,,2.0,1.0,144000.0,747.0,,425727.0,,,1.0,,
44116943,,,,,,,,,,,,,,,,,,,,
44117026,,,,,,,,,,,,,,,,,,,,
44117152,,,,,,,,,,,,,,,,,,,,
44117226,,9.0,4.0,245.0,,,,,,,,,,,,,,,,
44127212,,,,,2.0,10.0,2.0,A,,2.0,1.0,80000.0,2.0,,383929.0,,,1.0,,
44128000,,,,,2.0,63.0,1240.0,A,,5.0,1000.0,162350.0,686.0,,383932.0,,,10.0,,"[{""astLocCd"": 383930, ""astPlnUntCd"": null, ""astPlnUntTyp"": null, ""astNoOfUnt"": 10, ""astUnitCostTot"": null}, {""astLocCd"": 383929, ""astPlnUntCd"": null, ""astPlnUntTyp"": null, ""astNoOfUnt"": 10, ""astUnitCostTot"": null}]"
44116828,,,,,,,,,,,,,,,,,,,,
44117113,,,,,,,,,,,,,,,,,,,,
44117314,,,,,2.0,10.0,2.0,A,,2.0,1.0,508844.0,2.0,,383932.0,,,1.0,,
44117403,,,,,,,,,,,,,,,,,,,,
44117534,104.0,53.0,2.0,1.0,2.0,104.0,53.0,A,,2.0,1.0,,,,383930.0,,,1.0,,
44117617,,,,,2.0,104.0,53.0,A,,2.0,1.0,562350.0,49.0,,383929.0,,,1.0,,
44117698,63.0,29.0,2.0,1.0,2.0,63.0,29.0,A,,2.0,1.0,,,,383929.0,,,1.0,,
44126993,,,,,2.0,10.0,2.0,A,,2.0,1.0,460000.0,2.0,,383929.0,,,1.0,,
44127103,,,,,2.0,10.0,2.0,A,,2.0,1.0,50000.0,2.0,,383929.0,,,1.0,,
44127926,,,,,2.0,10.0,2.0,A,,2.0,1.0,80000.0,2.0,,383929.0,,,1.0,,
44190627,63.0,29.0,2.0,1.0,2.0,63.0,29.0,A,,2.0,1.0,,,,383929.0,,,1.0,,
44190688,,,,,2.0,10.0,2.0,A,,2.0,1.0,80000.0,2.0,,383929.0,,,1.0,,
47705318,,,,,2.0,10.0,2.0,A,,2.0,1.0,331175.0,2.0,,383930.0,,,1.0,,
47706978,,,,,2.0,454.0,1300.0,A,,2.0,1.0,70000.0,725.0,,383929.0,,,1.0,,
47707283,,,,,2.0,454.0,1300.0,A,,2.0,1.0,70000.0,725.0,,383929.0,,,1.0,,
47708325,,,,,2.0,451.0,1282.0,A,,2.0,1.0,150000.0,729.0,,383929.0,,,1.0,,
47708756,,,,,2.0,77.0,1202.0,A,,2.0,1.0,300000.0,505.0,,383930.0,,,1.0,,
47709227,,,,,2.0,106.0,1248.0,A,,5.0,200.0,200000.0,694.0,,383929.0,,,1.0,,
47712521,,,,,,,,,,,,,,,,,,,,
47713654,,,,,,,,,,,,,,,,,,,,
47715278,,,,,,,,,,,,,,,,,,,,
47707727,,,,,2.0,63.0,1253.0,A,,2.0,1.0,171175.0,699.0,,383930.0,,,1.0,,
47709755,,,,,2.0,15.0,458.0,A,,4.0,100.0,300000.0,358.0,,383929.0,,,1.0,,
47710418,,,,,2.0,15.0,458.0,A,,4.0,140.0,262350.0,358.0,,383932.0,,,1.0,,
47711876,,,,,,,,,,,,,,,,,,,,
47712667,,,,,,,,,,,,,,,,,,,,
47713210,,,,,,,,,,,,,,,,,,,,
47713430,,,,,,,,,,,,,,,,,,,,
47714600,,,,,2.0,15.0,458.0,A,,4.0,210.0,350000.0,358.0,,383929.0,,,1.0,,
47714942,,,,,2.0,15.0,458.0,A,,4.0,150.0,242844.0,358.0,,383930.0,,,1.0,,
80225623,,,,,2.0,10.0,1364.0,A,,2.0,1.0,80000.0,811.0,,383929.0,,,1.0,,
80225769,,,,,2.0,10.0,1364.0,A,,2.0,1.0,120000.0,811.0,,383929.0,,,1.0,,
47705622,,,,,2.0,10.0,1156.0,A,,4.0,100.0,120000.0,551.0,,383929.0,,,1.0,,
47706136,,,,,2.0,10.0,2.0,A,,2.0,1.0,80000.0,2.0,,383929.0,,,1.0,,
47706567,,,,,2.0,454.0,1300.0,A,,2.0,1.0,70000.0,725.0,,383929.0,,,1.0,,
61825103,,,,,2.0,10.0,1156.0,A,,4.0,800.0,20000.0,551.0,,383929.0,,,1.0,,
61825447,,,,,2.0,10.0,1156.0,A,,4.0,251.0,140744.0,551.0,,383929.0,,,1.0,,
61827680,,,,,1.0,41.0,1102.0,A,,2.0,1.0,20000.0,406.0,,383929.0,,,1.0,,
66562750,,,,,1.0,455.0,1287.0,A,,2.0,1.0,17000.0,734.0,,383929.0,,,1.0,,
66562772,,,,,1.0,455.0,1287.0,A,,2.0,1.0,40000.0,734.0,,383929.0,,,1.0,,
66562900,,,,,1.0,455.0,1285.0,A,,2.0,1.0,42244.0,732.0,,383929.0,,,1.0,,
61824821,,,,,2.0,10.0,11.0,A,,2.0,1.0,96000.0,10.0,,383929.0,,,1.0,,
61825320,,,,,2.0,10.0,11.0,A,,2.0,1.0,200000.0,10.0,,383929.0,,,1.0,,
61826335,,,,,,,,,,,,,,,,,,,,
61826579,,,,,,,,,,,,,,,,,,,,
61826655,,,,,,,,,,,,,,,,,,,,
61826742,,,,,2.0,10.0,10.0,A,,2.0,1.0,35000.0,9.0,,383929.0,,,1.0,,
66562710,,,,,2.0,456.0,1307.0,A,,2.0,1.0,96000.0,754.0,,383929.0,,,1.0,,
66562733,,,,,1.0,455.0,1287.0,A,,2.0,1.0,25000.0,734.0,,383929.0,,,1.0,,
66562818,,,,,2.0,451.0,1281.0,A,,2.0,1.0,67500.0,728.0,,383929.0,,,1.0,,
66562853,,,,,2.0,457.0,1316.0,A,,2.0,1.0,69000.0,763.0,,383929.0,,,1.0,,
66562938,,,,,2.0,457.0,1317.0,A,,2.0,1.0,69000.0,764.0,,383929.0,,,1.0,,
66562961,,,,,2.0,451.0,1282.0,A,,2.0,1.0,71400.0,729.0,,383929.0,,,1.0,,
66563054,,,,,2.0,15.0,458.0,A,,4.0,100.0,238792.0,358.0,,383929.0,,,1.0,,
66563105,,,,,2.0,15.0,458.0,A,,4.0,130.0,229800.0,358.0,,383930.0,,,1.0,,
66937270,,,,,2.0,77.0,44.0,A,,2.0,1.0,500000.0,40.0,,383929.0,,,1.0,,
61825570,,,,,2.0,451.0,1288.0,A,,2.0,1.0,456744.0,735.0,,383929.0,,,1.0,,
61825786,,,,,2.0,15.0,458.0,A,,4.0,80.0,308990.0,358.0,,383929.0,,,1.0,,
61825919,,,,,2.0,15.0,458.0,A,,4.0,1.0,300000.0,358.0,,383930.0,,,1.0,,
61826445,,,,,,,,,,,,,,,,,,,,
61827014,,,,,2.0,77.0,59.0,A,,2.0,1.0,50000.0,54.0,,383929.0,,,1.0,,
75658965,,,,,,,,,,,,,,,,,,,,
75778741,,,,,,,,,,,,,,,,,,,,
75782357,,,,,,,,,,,,,,,,,,,,
75814640,,,,,,,,,,,,,,,,,,,,
76012379,,,,,,,,,,,,,,,,,,,,
77557094,,,,,2.0,453.0,1299.0,A,,2.0,1.0,3500.0,746.0,,383932.0,,,1.0,,
77557810,,,,,2.0,453.0,1299.0,A,,2.0,1.0,3500.0,746.0,,383932.0,,,1.0,,
77558221,,,,,2.0,453.0,1299.0,A,,2.0,1.0,3500.0,746.0,,383932.0,,,1.0,,
78017157,,,,,2.0,453.0,1299.0,A,,2.0,1.0,3500.0,746.0,,383932.0,,,1.0,,
78020251,,,,,2.0,453.0,1299.0,A,,2.0,1.0,3500.0,746.0,,383932.0,,,1.0,,
78022408,,,,,2.0,453.0,1299.0,A,,2.0,1.0,3500.0,746.0,,383932.0,,,1.0,,
78024254,,,,,2.0,453.0,1299.0,A,,2.0,1.0,3500.0,746.0,,383932.0,,,1.0,,
78025778,,,,,2.0,453.0,1299.0,A,,2.0,1.0,3500.0,746.0,,383932.0,,,1.0,,
78027827,,,,,2.0,453.0,1299.0,A,,2.0,1.0,3500.0,746.0,,383932.0,,,1.0,,
78030627,,,,,2.0,453.0,1299.0,A,,2.0,1.0,3500.0,746.0,,383932.0,,,1.0,,
78032512,,,,,2.0,453.0,1299.0,A,,2.0,1.0,3500.0,746.0,,383932.0,,,1.0,,
78034045,,,,,2.0,453.0,1299.0,A,,2.0,1.0,3500.0,746.0,,383932.0,,,1.0,,
78041965,,,,,2.0,453.0,1299.0,A,,2.0,1.0,3500.0,746.0,,383932.0,,,1.0,,
78043387,,,,,2.0,453.0,1299.0,A,,2.0,1.0,3500.0,746.0,,383932.0,,,1.0,,
78044958,,,,,2.0,453.0,1299.0,A,,2.0,1.0,3500.0,746.0,,383932.0,,,1.0,,
78046666,,,,,2.0,453.0,1299.0,A,,2.0,1.0,3500.0,746.0,,383932.0,,,1.0,,
78048361,,,,,2.0,453.0,1299.0,A,,2.0,1.0,3500.0,746.0,,383932.0,,,1.0,,
78049672,,,,,2.0,453.0,1299.0,A,,2.0,1.0,3500.0,746.0,,383932.0,,,1.0,,
78051036,,,,,2.0,453.0,1299.0,A,,2.0,1.0,3500.0,746.0,,383932.0,,,1.0,,
78058540,,,,,2.0,453.0,1299.0,A,,2.0,1.0,3500.0,746.0,,383930.0,,,1.0,,
78060022,,,,,2.0,453.0,1299.0,A,,2.0,1.0,3500.0,746.0,,383930.0,,,1.0,,
78068446,,,,,2.0,453.0,1299.0,A,,2.0,1.0,3500.0,746.0,,383930.0,,,1.0,,
78069759,,,,,2.0,453.0,1299.0,A,,2.0,1.0,3500.0,746.0,,383930.0,,,1.0,,
78071057,,,,,2.0,453.0,1299.0,A,,2.0,1.0,3500.0,746.0,,383930.0,,,1.0,,
78072510,,,,,2.0,453.0,1299.0,A,,2.0,1.0,3500.0,746.0,,383930.0,,,1.0,,
78075977,,,,,2.0,453.0,1299.0,A,,2.0,1.0,3500.0,746.0,,383930.0,,,1.0,,
78077475,,,,,2.0,453.0,1299.0,A,,2.0,1.0,3500.0,746.0,,383930.0,,,1.0,,
78084113,,,,,2.0,453.0,1299.0,A,,2.0,1.0,3500.0,746.0,,383930.0,,,1.0,,
78086786,,,,,2.0,453.0,1299.0,A,,2.0,1.0,3500.0,746.0,,383930.0,,,1.0,,
78235702,,,,,2.0,453.0,1299.0,A,,2.0,1.0,3500.0,746.0,,383930.0,,,1.0,,
78235817,,,,,2.0,453.0,1299.0,A,,2.0,1.0,3500.0,746.0,,383930.0,,,1.0,,
78235935,,,,,2.0,453.0,1299.0,A,,2.0,1.0,3500.0,746.0,,383930.0,,,1.0,,
78236064,,,,,2.0,453.0,1299.0,A,,2.0,1.0,3500.0,746.0,,383930.0,,,1.0,,
78236198,,,,,2.0,453.0,1299.0,A,,2.0,1.0,3500.0,746.0,,383930.0,,,1.0,,
78236310,,,,,2.0,453.0,1299.0,A,,2.0,1.0,3500.0,746.0,,383930.0,,,1.0,,
78236440,,,,,2.0,453.0,1299.0,A,,2.0,1.0,3500.0,746.0,,383930.0,,,1.0,,
78236564,,,,,2.0,453.0,1299.0,A,,2.0,1.0,3500.0,746.0,,383930.0,,,1.0,,
78236720,,,,,2.0,453.0,1299.0,A,,2.0,1.0,3500.0,746.0,,383930.0,,,1.0,,
78237153,,,,,2.0,453.0,1299.0,A,,2.0,1.0,3500.0,746.0,,383929.0,,,1.0,,
78237361,,,,,2.0,453.0,1299.0,A,,2.0,1.0,3500.0,746.0,,383929.0,,,1.0,,
78237770,,,,,2.0,453.0,1299.0,A,,2.0,1.0,3500.0,746.0,,383929.0,,,1.0,,
78238113,,,,,2.0,453.0,1299.0,A,,2.0,1.0,3500.0,746.0,,383929.0,,,1.0,,
78238279,,,,,2.0,453.0,1299.0,A,,2.0,1.0,3500.0,746.0,,383929.0,,,1.0,,
78509286,,,,,2.0,453.0,1299.0,A,,2.0,1.0,3500.0,746.0,,383929.0,,,1.0,,
78509317,,,,,2.0,453.0,1299.0,A,,2.0,1.0,3500.0,746.0,,383929.0,,,1.0,,
78509391,,,,,2.0,453.0,1299.0,A,,2.0,1.0,3500.0,746.0,,383929.0,,,1.0,,
78509416,,,,,2.0,453.0,1299.0,A,,2.0,1.0,3500.0,746.0,,383929.0,,,1.0,,
78509446,,,,,2.0,453.0,1299.0,A,,2.0,1.0,3500.0,746.0,,383929.0,,,1.0,,
78509490,,,,,2.0,453.0,1299.0,A,,2.0,1.0,3500.0,746.0,,383929.0,,,1.0,,
78509536,,,,,2.0,453.0,1299.0,A,,2.0,1.0,3500.0,746.0,,383929.0,,,1.0,,
78509571,,,,,2.0,453.0,1299.0,A,,2.0,1.0,3500.0,746.0,,383929.0,,,1.0,,
78509600,,,,,2.0,453.0,1299.0,A,,2.0,1.0,3500.0,746.0,,383929.0,,,1.0,,
78509637,,,,,2.0,453.0,1299.0,A,,2.0,1.0,3500.0,746.0,,383929.0,,,1.0,,
78509670,,,,,2.0,453.0,1299.0,A,,2.0,1.0,3500.0,746.0,,383929.0,,,1.0,,
78509716,,,,,2.0,453.0,1299.0,A,,2.0,1.0,3500.0,746.0,,383929.0,,,1.0,,
78509813,,,,,2.0,453.0,1299.0,A,,2.0,1.0,3500.0,746.0,,383929.0,,,1.0,,
78509856,,,,,2.0,453.0,1299.0,A,,2.0,1.0,3500.0,746.0,,383929.0,,,1.0,,
78509892,,,,,2.0,453.0,1299.0,A,,2.0,1.0,3500.0,746.0,,383929.0,,,1.0,,
78509929,,,,,2.0,453.0,1299.0,A,,2.0,1.0,3500.0,746.0,,383929.0,,,1.0,,
78510021,,,,,2.0,453.0,1299.0,A,,2.0,1.0,3500.0,746.0,,383929.0,,,1.0,,
78546797,,,,,2.0,453.0,1299.0,A,,2.0,1.0,3500.0,746.0,,383929.0,,,1.0,,
78547593,,,,,2.0,453.0,1299.0,A,,2.0,1.0,3500.0,746.0,,383929.0,,,1.0,,
78548505,,,,,2.0,453.0,1299.0,A,,2.0,1.0,3500.0,746.0,,383929.0,,,1.0,,
78549564,,,,,2.0,453.0,1299.0,A,,2.0,1.0,3500.0,746.0,,383929.0,,,1.0,,
78552236,,,,,2.0,453.0,1299.0,A,,2.0,1.0,3500.0,746.0,,383929.0,,,1.0,,
78553108,,,,,2.0,453.0,1299.0,A,,2.0,1.0,3500.0,746.0,,383929.0,,,1.0,,
78554018,,,,,2.0,453.0,1299.0,A,,2.0,1.0,3500.0,746.0,,383929.0,,,1.0,,
79091999,,,,,2.0,453.0,1299.0,A,,2.0,1.0,3500.0,746.0,,383929.0,,,1.0,,
79092889,,,,,2.0,453.0,1299.0,A,,2.0,1.0,3500.0,746.0,,383929.0,,,1.0,,
79093579,,,,,2.0,453.0,1299.0,A,,2.0,1.0,3500.0,746.0,,383929.0,,,1.0,,
79548649,,,,,2.0,453.0,1299.0,A,,2.0,1.0,3500.0,746.0,,383929.0,,,1.0,,
79550524,,,,,2.0,453.0,1299.0,A,,2.0,1.0,3500.0,746.0,,383929.0,,,1.0,,
79550991,,,,,2.0,453.0,1299.0,A,,2.0,1.0,3500.0,746.0,,383929.0,,,1.0,,
79551657,,,,,2.0,453.0,1299.0,A,,2.0,1.0,3500.0,746.0,,383929.0,,,1.0,,
79556220,,,,,,,,,,,,,,,,,,,,
79559436,,,,,2.0,453.0,1299.0,A,,2.0,1.0,3500.0,746.0,,383929.0,,,1.0,,
79568059,,,,,,,,,,,,,,,,,,,,
79569575,,,,,,,,,,,,,,,,,,,,
79570290,,,,,,,,,,,,,,,,,,,,
79571055,,,,,,,,,,,,,,,,,,,,
79571644,,,,,,,,,,,,,,,,,,,,
79584094,,,,,,,,,,,,,,,,,,,,
79650295,,,,,,,,,,,,,,,,,,,,
79656527,,,,,,,,,,,,,,,,,,,,
79693728,,,,,2.0,453.0,1299.0,A,,2.0,1.0,3500.0,746.0,,383929.0,,,1.0,,
79694813,,,,,2.0,453.0,1299.0,A,,2.0,1.0,3500.0,746.0,,383929.0,,,1.0,,
79696144,,,,,2.0,453.0,1299.0,A,,2.0,1.0,3500.0,746.0,,383929.0,,,1.0,,
79697386,,,,,2.0,453.0,1299.0,A,,2.0,1.0,3500.0,746.0,,383929.0,,,1.0,,
79828039,,,,,2.0,453.0,1299.0,A,,2.0,1.0,3500.0,746.0,,383929.0,,,1.0,,
79829188,,,,,2.0,453.0,1299.0,A,,2.0,1.0,3500.0,746.0,,383929.0,,,1.0,,
79891880,,,,,2.0,453.0,1299.0,A,,2.0,1.0,3500.0,746.0,,383929.0,,,1.0,,
79892795,,,,,2.0,453.0,1299.0,A,,2.0,1.0,3500.0,746.0,,383929.0,,,1.0,,
79894282,,,,,2.0,453.0,1299.0,A,,2.0,1.0,3500.0,746.0,,383929.0,,,1.0,,
79895359,,,,,2.0,453.0,1299.0,A,,2.0,1.0,3500.0,746.0,,383929.0,,,1.0,,
79897772,,,,,2.0,453.0,1299.0,A,,2.0,1.0,3500.0,746.0,,383929.0,,,1.0,,
79898902,,,,,2.0,453.0,1299.0,A,,2.0,1.0,3500.0,746.0,,383929.0,,,1.0,,
83319300,,,,,1.0,455.0,1284.0,A,,2.0,1.0,51780.0,731.0,,383929.0,,,1.0,,
83383600,,,,,2.0,454.0,1300.0,A,,2.0,1.0,20260.0,747.0,,383932.0,,,1.0,,
83384637,,,,,,,,,,,,,,,,,,,,
83384984,,,,,2.0,456.0,1307.0,A,,2.0,1.0,40000.0,754.0,,383929.0,,,1.0,,
83386036,,,,,2.0,462.0,1346.0,A,,2.0,1.0,150000.0,793.0,,383929.0,,,1.0,,
83386665,,,,,,,,,,,,,,,,,,,,
83388755,,,,,,,,,,,,,,,,,,,,
83394575,,,,,,,,,,,,,,,,,,,,
83400851,,,,,,,,,,,,,,,,,,,,
83401901,,,,,,,,,,,,,,,,,,,,
83402943,,,,,,,,,,,,,,,,,,,,
83403534,,,,,,,,,,,,,,,,,,,,
83403989,,,,,,,,,,,,,,,,,,,,
83404320,,,,,,,,,,,,,,,,,,,,
83406081,,,,,,,,,,,,,,,,,,,,
83412848,,,,,,,,,,,,,,,,,,,,
83413106,,,,,,,,,,,,,,,,,,,,
83413531,,,,,,,,,,,,,,,,,,,,
83413756,,,,,,,,,,,,,,,,,,,,
83417091,,,,,,,,,,,,,,,,,,,,
83458149,,,,,,,,,,,,,,,,,,,,
83458381,,,,,,,,,,,,,,,,,,,,
83459750,,,,,,,,,,,,,,,,,,,,
83460431,,,,,,,,,,,,,,,,,,,,
83461317,,,,,,,,,,,,,,,,,,,,
83461676,,,,,,,,,,,,,,,,,,,,
83462295,,,,,,,,,,,,,,,,,,,,
83463353,,,,,,,,,,,,,,,,,,,,
83463899,,,,,,,,,,,,,,,,,,,,
83590718,,,,,2.0,10.0,1237.0,A,,2.0,1.0,150000.0,683.0,,383929.0,,,1.0,,
83591041,,,,,1.0,463.0,1351.0,A,,2.0,1.0,116060.0,798.0,,383929.0,,,1.0,,
83592827,,,,,2.0,457.0,1315.0,A,,2.0,1.0,70020.0,762.0,,383929.0,,,1.0,,
83598494,,,,,,,,,,,,,,,,,,,,
83604528,,,,,,,,,,,,,,,,,,,,
83605112,,,,,,,,,,,,,,,,,,,,
83605691,,,,,,,,,,,,,,,,,,,,
83606328,,,,,,,,,,,,,,,,,,,,
83606863,,,,,,,,,,,,,,,,,,,,
83607232,,,,,,,,,,,,,,,,,,,,
83607475,,,,,,,,,,,,,,,,,,,,
83607588,,,,,,,,,,,,,,,,,,,,
83607899,,,,,,,,,,,,,,,,,,,,
83608571,,,,,,,,,,,,,,,,,,,,
83608607,,,,,,,,,,,,,,,,,,,,
83608895,,,,,,,,,,,,,,,,,,,,
83609139,,,,,,,,,,,,,,,,,,,,
83609381,,,,,,,,,,,,,,,,,,,,
83609590,,,,,,,,,,,,,,,,,,,,
83609905,,,,,2.0,103.0,65.0,A,,2.0,1.0,100.0,59.0,,383929.0,,,1.0,,
83610203,,,,,2.0,103.0,65.0,A,,2.0,1.0,100.0,59.0,,383929.0,,,1.0,,
83610250,,,,,,,,,,,,,,,,,,,,
83610510,,,,,,,,,,,,,,,,,,,,
83610836,,,,,,,,,,,,,,,,,,,,
83611099,,,,,,,,,,,,,,,,,,,,
83611142,,,,,,,,,,,,,,,,,,,,
83611899,,,,,,,,,,,,,,,,,,,,
83612193,,,,,,,,,,,,,,,,,,,,
83612274,,,,,,,,,,,,,,,,,,,,
83612580,,,,,2.0,77.0,1076.0,A,,2.0,1.0,100.0,380.0,,383930.0,,,1.0,,
83612834,,,,,,,,,,,,,,,,,,,,
83613075,,,,,,,,,,,,,,,,,,,,
83613358,,,,,,,,,,,,,,,,,,,,
83613506,,,,,,,,,,,,,,,,,,,,
83613928,,,,,,,,,,,,,,,,,,,,
83615300,,,,,,,,,,,,,,,,,,,,
83615646,,,,,,,,,,,,,,,,,,,,
83616141,,,,,,,,,,,,,,,,,,,,
83616501,,,,,,,,,,,,,,,,,,,,
83618469,,,,,,,,,,,,,,,,,,,,
83618892,,,,,,,,,,,,,,,,,,,,
83620834,,,,,2.0,104.0,47.0,A,,2.0,1.0,124350.0,43.0,,383929.0,,,1.0,,
72781897,,,,,2.0,15.0,458.0,A,,4.0,1.0,203000.0,358.0,,383929.0,,,1.0,,
83311975,,,,,1.0,463.0,1350.0,A,,2.0,1.0,96000.0,797.0,,383929.0,,,1.0,,
83313861,,,,,2.0,462.0,1345.0,A,,2.0,1.0,100000.0,792.0,,383929.0,,,1.0,,
83387320,,,,,2.0,77.0,1199.0,A,,2.0,1.0,200000.0,651.0,,383929.0,,,1.0,,
83390114,,,,,2.0,77.0,1199.0,A,,2.0,1.0,30000.0,651.0,,383929.0,,,1.0,,
83394942,,,,,2.0,77.0,59.0,A,,2.0,1.0,650000.0,54.0,,383929.0,,,1.0,,
83396097,,,,,2.0,15.0,458.0,A,,4.0,1.0,99980.0,358.0,,383929.0,,,1.0,,
100205923,,,,,,,,,,,,,,,,,,,,
100223796,,,,,2.0,4.0,64.0,A,,2.0,1.0,170000.0,58.0,,383930.0,,,1.0,,
100224222,,,,,2.0,4.0,64.0,A,,2.0,1.0,170000.0,58.0,,383929.0,,,1.0,,
100228384,,,,,,,,,,,,,,,,,,,,
100228910,,,,,,,,,,,,,,,,,,,,
100229357,,,,,,,,,,,,,,,,,,,,
100230017,,,,,,,,,,,,,,,,,,,,
100230393,,,,,,,,,,,,,,,,,,,,
101855910,,,,,,,,,,,,,,,,,,,,
101856903,,,,,,,,,,,,,,,,,,,,
101858184,,,,,,,,,,,,,,,,,,,,
101859651,,,,,,,,,,,,,,,,,,,,
101860685,,,,,,,,,,,,,,,,,,,,
101861908,,,,,,,,,,,,,,,,,,,,
101862912,,,,,,,,,,,,,,,,,,,,
101864007,,,,,,,,,,,,,,,,,,,,
101865030,,,,,,,,,,,,,,,,,,,,
101866027,,,,,,,,,,,,,,,,,,,,
101867289,,,,,,,,,,,,,,,,,,,,
101868728,,,,,,,,,,,,,,,,,,,,
101869610,,,,,,,,,,,,,,,,,,,,
101870564,,,,,,,,,,,,,,,,,,,,
101871874,,,,,,,,,,,,,,,,,,,,
101872780,,,,,,,,,,,,,,,,,,,,
101873725,,,,,,,,,,,,,,,,,,,,
101943074,,,,,,,,,,,,,,,,,,,,
101943226,,,,,,,,,,,,,,,,,,,,
101943343,,,,,,,,,,,,,,,,,,,,
101943534,,,,,,,,,,,,,,,,,,,,
101943667,,,,,,,,,,,,,,,,,,,,
101946063,,,,,,,,,,,,,,,,,,,,
101946615,,,,,,,,,,,,,,,,,,,,
101946986,,,,,,,,,,,,,,,,,,,,
101947637,,,,,2.0,4.0,64.0,A,,2.0,1.0,990000.0,58.0,,383930.0,,,1.0,,
103194739,,,,,,,,,,,,,,,,,,,,
103201772,,,,,2.0,4.0,64.0,A,,2.0,1.0,990000.0,58.0,,383932.0,,,1.0,,
103213592,,,,,,,,,,,,,,,,,,,,
103216091,,,,,,,,,,,,,,,,,,,,
103217257,,,,,,,,,,,,,,,,,,,,
103218383,,,,,,,,,,,,,,,,,,,,
103219623,,,,,,,,,,,,,,,,,,,,
103220860,,,,,,,,,,,,,,,,,,,,
103223268,,,,,,,,,,,,,,,,,,,,
103224551,,,,,,,,,,,,,,,,,,,,
103226323,,,,,,,,,,,,,,,,,,,,
103228114,,,,,,,,,,,,,,,,,,,,
103229473,,,,,,,,,,,,,,,,,,,,
103230566,,,,,,,,,,,,,,,,,,,,
103231517,,,,,,,,,,,,,,,,,,,,
103232910,,,,,,,,,,,,,,,,,,,,
103233809,,,,,,,,,,,,,,,,,,,,
103235090,,,,,,,,,,,,,,,,,,,,
103236281,,,,,,,,,,,,,,,,,,,,
103237342,,,,,,,,,,,,,,,,,,,,
103238740,,,,,,,,,,,,,,,,,,,,
103584315,,,,,,,,,,,,,,,,,,,,
103587271,,,,,,,,,,,,,,,,,,,,
103613062,,,,,,,,,,,,,,,,,,,,
103617779,,,,,,,,,,,,,,,,,,,,
103626486,,,,,,,,,,,,,,,,,,,,
103630229,,,,,2.0,4.0,64.0,A,,2.0,1.0,300000.0,58.0,,383929.0,,,1.0,,
103658829,,,,,,,,,,,,,,,,,,,,
103659646,,,,,,,,,,,,,,,,,,,,
103661283,,,,,,,,,,,,,,,,,,,,
103661309,,,,,,,,,,,,,,,,,,,,
103662470,,,,,,,,,,,,,,,,,,,,
103663732,,,,,,,,,,,,,,,,,,,,
103667408,,,,,,,,,,,,,,,,,,,,
103668335,,,,,,,,,,,,,,,,,,,,
103669911,,,,,,,,,,,,,,,,,,,,
103670338,,,,,2.0,63.0,63.0,A,,2.0,1.0,1000.0,57.0,,383929.0,,,1.0,,
103671182,,,,,,,,,,,,,,,,,,,,
103674656,,,,,,,,,,,,,,,,,,,,
103675213,,,,,,,,,,,,,,,,,,,,
103676638,,,,,,,,,,,,,,,,,,,,
103676823,,,,,,,,,,,,,,,,,,,,
103696691,,,,,2.0,77.0,1380.0,A,,2.0,1.0,9000.0,826.0,,383929.0,,,1.0,,
103696911,,,,,2.0,77.0,1380.0,A,,2.0,1.0,9000.0,826.0,,383930.0,,,1.0,,
103697070,,,,,2.0,77.0,1380.0,A,,2.0,1.0,9000.0,826.0,,383929.0,,,1.0,,
103697245,,,,,2.0,77.0,1380.0,A,,2.0,1.0,9000.0,826.0,,383929.0,,,1.0,,
103697411,,,,,2.0,77.0,1380.0,A,,2.0,1.0,9000.0,826.0,,383930.0,,,1.0,,
103949122,,,,,,,,,,,,,,,,,,,,
103955812,,,,,,,,,,,,,,,,,,,,
103985208,,,,,,,,,,,,,,,,,,,,
103990041,,,,,,,,,,,,,,,,,,,,
103992017,,,,,,,,,,,,,,,,,,,,
103994441,,,,,,,,,,,,,,,,,,,,
103995079,,,,,,,,,,,,,,,,,,,,
104073584,97.0,1161.0,2.0,1.0,,,,,,,,,,,,,,,,
104475362,,,,,,,,,,,,,,,,,,,,
104481179,,,,,1.0,455.0,1287.0,A,,2.0,1.0,40000.0,734.0,,383929.0,,,1.0,,
104481694,,,,,1.0,455.0,1287.0,A,,2.0,1.0,84000.0,734.0,,383929.0,,,1.0,,
104483066,,,,,2.0,454.0,1300.0,A,,2.0,1.0,60000.0,747.0,,383929.0,,,1.0,,
104484477,,,,,2.0,453.0,1299.0,A,,2.0,1.0,70000.0,746.0,,383930.0,,,1.0,,
104487082,,,,,2.0,77.0,1076.0,A,,2.0,1.0,50000.0,380.0,,383929.0,,,1.0,,
104488738,77.0,1076.0,2.0,1.0,,,,,,,,,,,,,,,,
104490386,104.0,53.0,2.0,1.0,,,,,,,,,,,,,,,,
104496554,,,,,,,,,,,,,,,,,,,,
104497062,,,,,,,,,,,,,,,,,,,,
104497899,,,,,,,,,,,,,,,,,,,,
104498774,,,,,,,,,,,,,,,,,,,,
104511825,,,,,,,,,,,,,,,,,,,,
104514048,,,,,,,,,,,,,,,,,,,,
104514620,,,,,,,,,,,,,,,,,,,,
104515406,,,,,,,,,,,,,,,,,,,,
104515906,,,,,,,,,,,,,,,,,,,,
104516667,,,,,,,,,,,,,,,,,,,,
104516958,,,,,,,,,,,,,,,,,,,,
104517332,,,,,,,,,,,,,,,,,,,,
104518295,,,,,,,,,,,,,,,,,,,,
104518516,,,,,,,,,,,,,,,,,,,,
104518704,,,,,,,,,,,,,,,,,,,,
104518966,,,,,,,,,,,,,,,,,,,,
104519253,,,,,,,,,,,,,,,,,,,,
104519463,,,,,,,,,,,,,,,,,,,,
104519637,,,,,,,,,,,,,,,,,,,,
104533146,,,,,,,,,,,,,,,,,,,,
104533339,,,,,,,,,,,,,,,,,,,,
104533512,,,,,,,,,,,,,,,,,,,,
104658770,15.0,458.0,4.0,1.0,,,,,,,,,,,,,,,,
104660041,,,,,2.0,97.0,55.0,A,,4.0,1.0,600000.0,64.0,,383930.0,,,1.0,,
104472887,,,,,,,,,,,,,,,,,,,,
104474754,,,,,,,,,,,,,,,,,,,,
104475801,,,,,,,,,,,,,,,,,,,,
104476183,,,,,,,,,,,,,,,,,,,,
104476960,,,,,2.0,462.0,1345.0,A,,2.0,1.0,171000.0,792.0,,383929.0,,,1.0,,
104477552,77.0,59.0,2.0,1.0,2.0,77.0,59.0,A,,2.0,1.0,250000.0,,,383929.0,,,1.0,,
104477918,,,,,1.0,463.0,1350.0,A,,2.0,1.0,80000.0,797.0,,383929.0,,,1.0,,
104478186,77.0,1076.0,2.0,1.0,2.0,77.0,1076.0,A,,2.0,1.0,200000.0,,,383929.0,,,1.0,,
104479341,,,,,1.0,463.0,1350.0,A,,2.0,1.0,200000.0,797.0,,383929.0,,,1.0,,
104479411,,,,,2.0,462.0,1361.0,A,,2.0,1.0,77540.0,808.0,,383929.0,,,1.0,,
104480037,77.0,1076.0,2.0,1.0,2.0,77.0,1076.0,A,,2.0,1.0,350000.0,,,383929.0,,,1.0,,
104482322,,,,,,,,,,,,,,,,,,,,
104492019,,,,,2.0,15.0,1068.0,A,,4.0,1.0,250000.0,371.0,,383932.0,,,1.0,,
104494065,,,,,2.0,77.0,1207.0,A,,2.0,1.0,150000.0,653.0,,383929.0,,,1.0,,
104495110,,,,,2.0,77.0,1045.0,A,,2.0,1.0,50000.0,89.0,,383929.0,,,1.0,,
104530498,,,,,2.0,457.0,1313.0,A,,2.0,1.0,241118.0,760.0,,383932.0,,,1.0,,
104657223,,,,,2.0,10.0,1237.0,A,,2.0,1.0,38567.0,683.0,,383929.0,,,1.0,,
115428841,,,,,2.0,77.0,37.0,A,,2.0,1.0,6000.0,33.0,,383929.0,,,1.0,,
119942752,,,,,,,,,,,,,,,,,,,,
119943091,,,,,,,,,,,,,,,,,,,,
119952367,,,,,,,,,,,,,,,,,,,,
119952684,,,,,,,,,,,,,,,,,,,,
119953003,,,,,,,,,,,,,,,,,,,,
119953302,,,,,,,,,,,,,,,,,,,,
119953564,,,,,,,,,,,,,,,,,,,,
119956439,,,,,,,,,,,,,,,,,,,,
119956562,,,,,,,,,,,,,,,,,,,,
119956694,,,,,,,,,,,,,,,,,,,,
119991932,,,,,,,,,,,,,,,,,,,,
119992269,,,,,,,,,,,,,,,,,,,,
119992470,,,,,,,,,,,,,,,,,,,,
119992655,,,,,,,,,,,,,,,,,,,,
119992809,,,,,,,,,,,,,,,,,,,,
119992996,,,,,,,,,,,,,,,,,,,,
119997477,,,,,,,,,,,,,,,,,,,,
119997836,,,,,,,,,,,,,,,,,,,,
119998036,,,,,,,,,,,,,,,,,,,,
119998227,,,,,,,,,,,,,,,,,,,,
119998416,,,,,,,,,,,,,,,,,,,,
119998604,,,,,,,,,,,,,,,,,,,,
119998803,,,,,,,,,,,,,,,,,,,,
119999508,,,,,,,,,,,,,,,,,,,,
119999689,,,,,,,,,,,,,,,,,,,,
119999882,,,,,,,,,,,,,,,,,,,,
120000049,,,,,,,,,,,,,,,,,,,,
120000233,,,,,,,,,,,,,,,,,,,,
120000433,,,,,,,,,,,,,,,,,,,,
120000608,,,,,,,,,,,,,,,,,,,,
120000739,,,,,,,,,,,,,,,,,,,,
120000977,,,,,,,,,,,,,,,,,,,,
120001231,,,,,,,,,,,,,,,,,,,,
120001465,,,,,,,,,,,,,,,,,,,,
120001714,,,,,,,,,,,,,,,,,,,,
120001984,,,,,,,,,,,,,,,,,,,,
120002119,,,,,,,,,,,,,,,,,,,,
120002441,,,,,,,,,,,,,,,,,,,,
120002546,,,,,,,,,,,,,,,,,,,,
120002656,,,,,,,,,,,,,,,,,,,,
120002756,,,,,,,,,,,,,,,,,,,,
120002863,,,,,,,,,,,,,,,,,,,,
120002964,,,,,,,,,,,,,,,,,,,,
120003067,,,,,,,,,,,,,,,,,,,,
120003160,,,,,,,,,,,,,,,,,,,,
120003259,,,,,,,,,,,,,,,,,,,,
120003397,,,,,,,,,,,,,,,,,,,,
120003533,,,,,,,,,,,,,,,,,,,,
120003633,,,,,,,,,,,,,,,,,,,,
120003781,,,,,,,,,,,,,,,,,,,,
120003907,,,,,,,,,,,,,,,,,,,,
120004048,,,,,,,,,,,,,,,,,,,,
120004194,,,,,,,,,,,,,,,,,,,,
120004326,,,,,,,,,,,,,,,,,,,,
120004426,,,,,,,,,,,,,,,,,,,,
120004597,,,,,,,,,,,,,,,,,,,,
120004815,,,,,,,,,,,,,,,,,,,,
120004912,,,,,,,,,,,,,,,,,,,,
120005027,,,,,,,,,,,,,,,,,,,,
120005143,,,,,,,,,,,,,,,,,,,,
120005224,,,,,,,,,,,,,,,,,,,,
120005740,,,,,,,,,,,,,,,,,,,,
120005915,,,,,,,,,,,,,,,,,,,,
120006118,,,,,,,,,,,,,,,,,,,,
120006422,,,,,,,,,,,,,,,,,,,,
120006559,,,,,,,,,,,,,,,,,,,,
120007240,,,,,,,,,,,,,,,,,,,,
120025598,,,,,,,,,,,,,,,,,,,,
120025765,,,,,,,,,,,,,,,,,,,,
120025949,,,,,,,,,,,,,,,,,,,,
120026248,,,,,,,,,,,,,,,,,,,,
120026363,,,,,,,,,,,,,,,,,,,,
120026544,,,,,,,,,,,,,,,,,,,,
120026859,,,,,,,,,,,,,,,,,,,,
120028488,,,,,,,,,,,,,,,,,,,,
120028661,,,,,,,,,,,,,,,,,,,,
120029831,,,,,,,,,,,,,,,,,,,,
120030897,,,,,,,,,,,,,,,,,,,,
124907996,,,,,2.0,462.0,1348.0,A,,2.0,1.0,60000.0,795.0,,383929.0,,,1.0,,
124908242,,,,,2.0,462.0,1375.0,A,,2.0,1.0,201567.0,791.0,,383929.0,,,1.0,,
124908660,454.0,1300.0,2.0,1.0,,,,,,,,,,,,,,,,
124908758,,,,,1.0,455.0,1284.0,A,,2.0,1.0,150000.0,731.0,,383929.0,,,1.0,,
124908798,,,,,2.0,77.0,37.0,A,,2.0,1.0,300000.0,33.0,,383929.0,,,1.0,,
124908858,,,,,2.0,60.0,1208.0,A,,2.0,1.0,30000.0,654.0,,383930.0,,,1.0,,
124908907,,,,,2.0,77.0,457.0,A,,2.0,1.0,200000.0,357.0,,383929.0,,,1.0,,
124909113,,,,,1.0,455.0,1284.0,A,,2.0,1.0,18756.0,731.0,,383929.0,,,1.0,,
124909178,,,,,2.0,103.0,1242.0,A,,2.0,1.0,20000.0,688.0,,383929.0,,,1.0,,
124909266,,,,,,,,,,,,,,,,,,,,
124909431,,,,,,,,,,,,,,,,,,,,
124909448,,,,,,,,,,,,,,,,,,,,
124909507,,,,,,,,,,,,,,,,,,,,
124909528,,,,,1.0,41.0,1102.0,A,,2.0,1.0,60000.0,406.0,,383929.0,,,1.0,,
124909607,,,,,,,,,,,,,,,,,,,,
124909620,,,,,,,,,,,,,,,,,,,,
124909637,,,,,,,,,,,,,,,,,,,,
124909659,,,,,,,,,,,,,,,,,,,,
124909675,,,,,,,,,,,,,,,,,,,,
124909689,,,,,,,,,,,,,,,,,,,,
124909704,,,,,,,,,,,,,,,,,,,,
124909721,,,,,,,,,,,,,,,,,,,,
124909733,,,,,,,,,,,,,,,,,,,,
124909744,,,,,,,,,,,,,,,,,,,,
124909853,,,,,,,,,,,,,,,,,,,,
124909868,,,,,,,,,,,,,,,,,,,,
124909891,,,,,,,,,,,,,,,,,,,,
124909914,,,,,,,,,,,,,,,,,,,,
124909924,,,,,,,,,,,,,,,,,,,,
124909937,,,,,,,,,,,,,,,,,,,,
124909950,,,,,,,,,,,,,,,,,,,,
124909967,,,,,,,,,,,,,,,,,,,,
124917073,,,,,,,,,,,,,,,,,,,,
124918952,,,,,,,,,,,,,,,,,,,,
124919222,,,,,,,,,,,,,,,,,,,,
124919593,,,,,,,,,,,,,,,,,,,,
124919900,,,,,,,,,,,,,,,,,,,,
124920038,,,,,,,,,,,,,,,,,,,,
124920191,,,,,,,,,,,,,,,,,,,,
124920429,,,,,,,,,,,,,,,,,,,,
124920796,,,,,,,,,,,,,,,,,,,,
124921405,,,,,,,,,,,,,,,,,,,,
124921734,,,,,,,,,,,,,,,,,,,,
124922989,,,,,,,,,,,,,,,,,,,,
124923223,,,,,,,,,,,,,,,,,,,,
124923722,,,,,,,,,,,,,,,,,,,,
124936010,,,,,1.0,41.0,1102.0,A,,2.0,1.0,20000.0,406.0,,383929.0,,,1.0,,
124972098,,,,,,,,,,,,,,,,,,,,
124972118,,,,,1.0,455.0,1286.0,A,,2.0,1.0,75000.0,733.0,,383929.0,,,1.0,,
124972132,,,,,,,,,,,,,,,,,,,,
124976118,,,,,1.0,455.0,1284.0,A,,2.0,1.0,20000.0,731.0,,383929.0,,,1.0,,
124976433,,,,,1.0,41.0,1102.0,A,,2.0,1.0,5000.0,406.0,,383929.0,,,1.0,,
124976737,,,,,,,,,,,,,,,,,,,,
124976892,,,,,,,,,,,,,,,,,,,,
124977007,,,,,,,,,,,,,,,,,,,,
124977097,,,,,,,,,,,,,,,,,,,,
124977158,,,,,,,,,,,,,,,,,,,,
124977202,,,,,,,,,,,,,,,,,,,,
124977248,,,,,,,,,,,,,,,,,,,,
124977337,,,,,,,,,,,,,,,,,,,,
124977499,,,,,,,,,,,,,,,,,,,,
124977603,,,,,,,,,,,,,,,,,,,,
124977662,,,,,,,,,,,,,,,,,,,,
124977885,,,,,2.0,454.0,1300.0,A,,2.0,1.0,120000.0,747.0,,383929.0,,,1.0,,
124978027,,,,,,,,,,,,,,,,,,,,
124978143,,,,,1.0,461.0,1343.0,A,,2.0,1.0,10.0,789.0,,383929.0,,,1.0,,
124978175,,,,,1.0,461.0,1343.0,A,,2.0,1.0,10.0,789.0,,383930.0,,,1.0,,
124978723,,,,,2.0,454.0,1300.0,A,,2.0,1.0,10.0,747.0,,383932.0,,,1.0,,
124978792,,,,,2.0,63.0,1253.0,A,,2.0,1.0,10.0,699.0,,383932.0,,,1.0,,
124978876,,,,,2.0,454.0,1300.0,A,,2.0,1.0,10.0,747.0,,383929.0,,,1.0,,
124978943,,,,,2.0,77.0,1206.0,A,,2.0,1.0,10.0,652.0,,383930.0,,,1.0,,
124979223,,,,,2.0,77.0,66.0,A,,2.0,1.0,10.0,60.0,,383929.0,,,1.0,,
124979984,77.0,457.0,2.0,1.0,,,,,,,,,,,,,,,,
124980057,77.0,457.0,2.0,1.0,,,,,,,,,,,,,,,,
124980124,77.0,46.0,2.0,1.0,,,,,,,,,,,,,,,,
124980213,103.0,56.0,2.0,1.0,,,,,,,,,,,,,,,,
124980535,63.0,1269.0,2.0,1.0,,,,,,,,,,,,,,,,
124980614,104.0,53.0,2.0,1.0,,,,,,,,,,,,,,,,
124908159,462.0,1348.0,2.0,1.0,2.0,462.0,1348.0,A,,2.0,1.0,126000.0,,,383929.0,,,1.0,,
124908308,,,,,2.0,462.0,1345.0,A,,2.0,1.0,102000.0,792.0,,383929.0,,,1.0,,
124908476,,,,,2.0,454.0,1300.0,A,,2.0,1.0,77000.0,747.0,,383929.0,,,1.0,,
124908718,,,,,1.0,455.0,1284.0,A,,2.0,1.0,50000.0,731.0,,383929.0,,,1.0,,
124957341,,,,,2.0,15.0,23.0,A,,2.0,1.0,400000.0,21.0,,383929.0,,,1.0,,
124957699,,,,,2.0,77.0,457.0,A,,2.0,1.0,183840.0,357.0,,383930.0,,,1.0,,
44052149,,,,,2.0,10.0,1156.0,A,,4.0,1000.0,,551.0,,385180.0,,,1.0,,
44088714,,,,,,,,,,,,,,,,,,,,
44088723,,,,,,,,,,,,,,,,,,,,
44088837,,,,,,,,,,,,,,,,,,,,
44088969,104.0,53.0,2.0,1.0,,,,,,,,,,,,,,,,
54138614,,,,,,,,,,,,,,,,,,,,
56734787,,,,,,,,,,,,,,,,,,,,
44088597,,,,,2.0,103.0,38.0,A,,2.0,1.0,,34.0,,385213.0,,,1.0,,
44088636,,,,,2.0,63.0,62.0,A,,4.0,30.0,,65.0,,385213.0,,,1.0,,
44088684,,,,,2.0,104.0,53.0,A,,2.0,1.0,,49.0,,385212.0,,,1.0,,
44088706,,,,,2.0,63.0,62.0,A,,4.0,30.0,,65.0,,385213.0,,,1.0,,
44088735,,,,,,,,,,,,,,,,,,,,
44088766,,,,,,,,,,,,,,,,,,,,
44088778,,,,,,,,,,,,,,,,,,,,
44088799,,,,,,,,,,,,,,,,,,,,
44088822,,,,,,,,,,,,,,,,,,,,
44088864,,,,,2.0,63.0,29.0,A,,2.0,1.0,,26.0,,385180.0,,,1.0,,
44088934,,,,,,,,,,,,,,,,,,,,
44088952,,,,,2.0,63.0,62.0,A,,4.0,20.0,,65.0,,385224.0,,,1.0,,
44088984,103.0,38.0,2.0,1.0,2.0,103.0,38.0,A,,2.0,1.0,,,,385213.0,,,1.0,,
53731743,,,,,2.0,77.0,1045.0,A,,2.0,1.0,,89.0,,385180.0,,,1.0,,
56729464,,,,,2.0,15.0,458.0,A,,4.0,60.0,,358.0,,385213.0,,,1.0,,
44052205,,,,,2.0,63.0,1083.0,A,,2.0,1.0,,387.0,,385180.0,,,1.0,,
44088612,,,,,2.0,103.0,38.0,A,,2.0,1.0,,34.0,,385211.0,,,1.0,,
44088653,,,,,2.0,104.0,53.0,A,,2.0,1.0,,49.0,,385224.0,,,1.0,,
44088668,,,,,2.0,104.0,53.0,A,,2.0,1.0,,49.0,,385213.0,,,1.0,,
44088812,63.0,1265.0,2.0,1.0,,,,,,,,,,,,,,,,
47625823,,,,,,,,,,,,,,,,,,,,
48226923,,,,,2.0,63.0,62.0,A,,4.0,100.0,,65.0,,385213.0,,,1.0,,
48227159,,,,,,,,,,,,,,,,,,,,
48227277,,,,,,,,,,,,,,,,,,,,
48227459,,,,,,,,,,,,,,,,,,,,
48231585,,,,,,,,,,,,,,,,,,,,
47625309,,,,,2.0,10.0,1156.0,A,,4.0,50.0,,551.0,,385179.0,,,1.0,,
47625526,,,,,2.0,104.0,53.0,A,,2.0,1.0,,49.0,,385213.0,,,1.0,,
47625750,,,,,,,,,,,,,,,,,,,,
48224906,,,,,2.0,10.0,1156.0,A,,4.0,150.0,,551.0,,385180.0,,,1.0,,
48225117,,,,,2.0,10.0,1156.0,A,,4.0,150.0,,551.0,,385224.0,,,1.0,,
48225316,,,,,2.0,10.0,1156.0,A,,4.0,80.0,,551.0,,385213.0,,,1.0,,
48225561,,,,,2.0,10.0,1156.0,A,,4.0,150.0,,551.0,,385212.0,,,1.0,,
48225778,,,,,2.0,10.0,1156.0,A,,4.0,150.0,,551.0,,385213.0,,,1.0,,
48226536,454.0,1300.0,2.0,1.0,2.0,454.0,1300.0,A,,2.0,1.0,200000.0,,,385213.0,,,1.0,,
48226686,454.0,1301.0,2.0,1.0,2.0,454.0,1301.0,A,,2.0,1.0,200000.0,,,385180.0,,,1.0,,
48227364,,,,,,,,,,,,,,,,,,,,
48227546,,,,,,,,,,,,,,,,,,,,
48228667,,,,,,,,,,,,,,,,,,,,
48228818,,,,,,,,,,,,,,,,,,,,
48229204,77.0,1256.0,2.0,1.0,2.0,77.0,1256.0,A,,2.0,1.0,300000.0,,,385180.0,,,1.0,,
56115159,,,,,2.0,63.0,62.0,A,,4.0,100.0,,65.0,,385179.0,,,1.0,,
56740472,,,,,2.0,63.0,62.0,A,,4.0,100.0,,65.0,,385213.0,,,1.0,,
56778477,,,,,2.0,63.0,63.0,A,,2.0,1.0,,57.0,,385213.0,,,1.0,,
48226020,,,,,2.0,10.0,2.0,A,,2.0,1.0,,2.0,,385213.0,,,1.0,,
48228588,63.0,1261.0,2.0,1.0,,,,,,,,,,,,,,,,
48229069,,,,,2.0,10.0,2.0,A,,2.0,1.0,,2.0,,385179.0,,,1.0,,
48229475,,,,,2.0,97.0,55.0,A,,4.0,100.0,,64.0,,385180.0,,,1.0,,
61835915,,,,,,,,,,,,,,,,,,,,
61836120,,,,,,,,,,,,,,,,,,,,
61836177,,,,,2.0,63.0,1265.0,A,,2.0,1.0,,712.0,,385180.0,,,1.0,,
61836407,,,,,,,,,,,,,,,,,,,,
61836465,,,,,2.0,10.0,2.0,A,,2.0,1.0,,2.0,,385224.0,,,1.0,,
61836689,,,,,,,,,,,,,,,,,,,,
66413307,462.0,1345.0,2.0,1.0,,,,,,,,,,,,,,,,
66413354,,,,,2.0,462.0,1375.0,A,,2.0,1.0,,791.0,,385213.0,,,1.0,,
66413372,,,,,2.0,63.0,63.0,A,,2.0,1.0,,57.0,,385180.0,,,1.0,,
66413542,,,,,1.0,455.0,1284.0,A,,2.0,1.0,,731.0,,385180.0,,,1.0,,
66413549,,,,,1.0,455.0,1287.0,A,,2.0,1.0,,734.0,,385180.0,,,1.0,,
66413591,,,,,,,,,,,,,,,,,,,,
66413621,,,,,2.0,10.0,10.0,A,,2.0,1.0,,9.0,,385211.0,,,1.0,,
66413645,,,,,2.0,451.0,1281.0,A,,2.0,9.0,,728.0,,385224.0,,,1.0,,"[{""astLocCd"": 385211, ""astPlnUntCd"": null, ""astPlnUntTyp"": null, ""astNoOfUnt"": 2, ""astUnitCostTot"": null}, {""astLocCd"": 385212, ""astPlnUntCd"": null, ""astPlnUntTyp"": null, ""astNoOfUnt"": 1, ""astUnitCostTot"": null}, {""astLocCd"": 385180, ""astPlnUntCd"": null, ""astPlnUntTyp"": null, ""astNoOfUnt"": 1, ""astUnitCostTot"": null}, {""astLocCd"": 385179, ""astPlnUntCd"": null, ""astPlnUntTyp"": null, ""astNoOfUnt"": 1, ""astUnitCostTot"": null}, {""astLocCd"": 385213, ""astPlnUntCd"": null, ""astPlnUntTyp"": null, ""astNoOfUnt"": 3, ""astUnitCostTot"": null}]"
66413663,,,,,2.0,457.0,1317.0,A,,2.0,8.0,,764.0,,385224.0,,,1.0,,"[{""astLocCd"": 385179, ""astPlnUntCd"": null, ""astPlnUntTyp"": null, ""astNoOfUnt"": 1, ""astUnitCostTot"": null}, {""astLocCd"": 385212, ""astPlnUntCd"": null, ""astPlnUntTyp"": null, ""astNoOfUnt"": 1, ""astUnitCostTot"": null}, {""astLocCd"": 385211, ""astPlnUntCd"": null, ""astPlnUntTyp"": null, ""astNoOfUnt"": 1, ""astUnitCostTot"": null}, {""astLocCd"": 385180, ""astPlnUntCd"": null, ""astPlnUntTyp"": null, ""astNoOfUnt"": 2, ""astUnitCostTot"": null}, {""astLocCd"": 385213, ""astPlnUntCd"": null, ""astPlnUntTyp"": null, ""astNoOfUnt"": 2, ""astUnitCostTot"": null}]"
66413704,,,,,2.0,77.0,1256.0,A,,2.0,1.0,,702.0,,385180.0,,,1.0,,
66413722,,1256.0,2.0,1.0,,,,,,,,,,,,,,,,
66413729,,,,,,,,,,,,,,,,,,,,
61835851,,,,,,,,,,,,,,,,,,,,
61835970,,,,,,,,,,,,,,,,,,,,
61836011,,,,,,,,,,,,,,,,,,,,
61836061,,,,,,,,,,,,,,,,,,,,
61836314,,,,,,,,,,,,,,,,,,,,
61836355,,,,,,,,,,,,,,,,,,,,
61836554,,,,,2.0,15.0,458.0,A,,4.0,85.0,,358.0,,385179.0,,,1.0,,
61836646,,,,,2.0,77.0,1202.0,A,,2.0,1.0,,505.0,,385213.0,,,1.0,,
66413399,,,,,2.0,465.0,1369.0,A,,2.0,15.0,,816.0,,385213.0,,,15.0,,
66413413,,,,,2.0,465.0,1369.0,A,,2.0,16.0,,816.0,,385179.0,,,16.0,,
66413428,,,,,2.0,465.0,1369.0,A,,2.0,4.0,,816.0,,385178.0,,,4.0,,
66413440,,,,,2.0,465.0,1369.0,A,,2.0,10.0,,816.0,,385180.0,,,10.0,,
66413460,,,,,2.0,465.0,1369.0,A,,2.0,4.0,,816.0,,385186.0,,,4.0,,
66413471,,,,,2.0,465.0,1369.0,A,,2.0,9.0,,816.0,,385211.0,,,9.0,,
66413485,,,,,2.0,465.0,1369.0,A,,2.0,8.0,,816.0,,385224.0,,,8.0,,
66413494,,,,,2.0,465.0,1369.0,A,,2.0,8.0,,816.0,,385212.0,,,8.0,,
66413504,,,,,2.0,465.0,1369.0,A,,2.0,4.0,,816.0,,385184.0,,,4.0,,
66413513,,,,,2.0,465.0,1369.0,A,,2.0,5.0,,816.0,,385185.0,,,5.0,,
66413521,,,,,2.0,456.0,1307.0,A,,2.0,1.0,,754.0,,385180.0,,,1.0,,
66413530,,,,,1.0,455.0,1287.0,A,,2.0,1.0,,734.0,,385180.0,,,1.0,,
66413555,,,,,1.0,455.0,1287.0,A,,2.0,1.0,,734.0,,385180.0,,,1.0,,
66413582,,,,,2.0,451.0,1288.0,A,,2.0,1.0,,735.0,,385180.0,,,1.0,,
66413678,,,,,2.0,451.0,1281.0,A,,2.0,12.0,,728.0,,385213.0,,,3.0,,"[{""astLocCd"": 385224, ""astPlnUntCd"": null, ""astPlnUntTyp"": null, ""astNoOfUnt"": 1, ""astUnitCostTot"": null}, {""astLocCd"": 385179, ""astPlnUntCd"": null, ""astPlnUntTyp"": null, ""astNoOfUnt"": 1, ""astUnitCostTot"": null}, {""astLocCd"": 385186, ""astPlnUntCd"": null, ""astPlnUntTyp"": null, ""astNoOfUnt"": 1, ""astUnitCostTot"": null}, {""astLocCd"": 385212, ""astPlnUntCd"": null, ""astPlnUntTyp"": null, ""astNoOfUnt"": 1, ""astUnitCostTot"": null}, {""astLocCd"": 385185, ""astPlnUntCd"": null, ""astPlnUntTyp"": null, ""astNoOfUnt"": 1, ""astUnitCostTot"": null}, {""astLocCd"": 385180, ""astPlnUntCd"": null, ""astPlnUntTyp"": null, ""astNoOfUnt"": 1, ""astUnitCostTot"": null}, {""astLocCd"": 385184, ""astPlnUntCd"": null, ""astPlnUntTyp"": null, ""astNoOfUnt"": 1, ""astUnitCostTot"": null}, {""astLocCd"": 385178, ""astPlnUntCd"": null, ""astPlnUntTyp"": null, ""astNoOfUnt"": 1, ""astUnitCostTot"": null}, {""astLocCd"": 385211, ""astPlnUntCd"": null, ""astPlnUntTyp"": null, ""astNoOfUnt"": 1, ""astUnitCostTot"": null}]"
66413698,,,,,2.0,15.0,458.0,A,,4.0,75.0,,358.0,,385184.0,,,1.0,,
76006958,,,,,,,,,,,,,,,,,,,,
76007022,,,,,,,,,,,,,,,,,,,,
76007123,,,,,,,,,,,,,,,,,,,,
76007175,,,,,,,,,,,,,,,,,,,,
76007232,,,,,,,,,,,,,,,,,,,,
76007282,,,,,,,,,,,,,,,,,,,,
76007342,,,,,,,,,,,,,,,,,,,,
76007396,,,,,,,,,,,,,,,,,,,,
76007455,,,,,,,,,,,,,,,,,,,,
78291484,,,,,,,,,,,,,,,,,,,,
78291854,,,,,,,,,,,,,,,,,,,,
78292262,,,,,,,,,,,,,,,,,,,,
78292898,,,,,,,,,,,,,,,,,,,,
78293283,,,,,,,,,,,,,,,,,,,,
78293789,,,,,,,,,,,,,,,,,,,,
78294308,,,,,,,,,,,,,,,,,,,,
78294734,,,,,,,,,,,,,,,,,,,,
78295231,,,,,,,,,,,,,,,,,,,,
78295741,,,,,,,,,,,,,,,,,,,,
78296455,,,,,,,,,,,,,,,,,,,,
78304862,,,,,,,,,,,,,,,,,,,,
78305290,,,,,,,,,,,,,,,,,,,,
78305649,,,,,,,,,,,,,,,,,,,,
78305972,,,,,,,,,,,,,,,,,,,,
78306371,,,,,,,,,,,,,,,,,,,,
78306723,,,,,,,,,,,,,,,,,,,,
78307069,,,,,,,,,,,,,,,,,,,,
78307429,,,,,,,,,,,,,,,,,,,,
78307752,,,,,,,,,,,,,,,,,,,,
78308089,,,,,,,,,,,,,,,,,,,,
78308486,,,,,,,,,,,,,,,,,,,,
78308892,,,,,,,,,,,,,,,,,,,,
78309307,,,,,,,,,,,,,,,,,,,,
78309882,,,,,,,,,,,,,,,,,,,,
78311950,,,,,,,,,,,,,,,,,,,,
78312336,,,,,,,,,,,,,,,,,,,,
78312748,,,,,,,,,,,,,,,,,,,,
78313156,,,,,,,,,,,,,,,,,,,,
78313751,,,,,,,,,,,,,,,,,,,,
78314175,,,,,,,,,,,,,,,,,,,,
78315045,,,,,,,,,,,,,,,,,,,,
78315819,,,,,,,,,,,,,,,,,,,,
78317323,,,,,,,,,,,,,,,,,,,,
78317867,,,,,,,,,,,,,,,,,,,,
78318252,,,,,,,,,,,,,,,,,,,,
78318830,,,,,,,,,,,,,,,,,,,,
78323220,,,,,,,,,,,,,,,,,,,,
78324177,,,,,,,,,,,,,,,,,,,,
78324560,,,,,,,,,,,,,,,,,,,,
78325114,,,,,,,,,,,,,,,,,,,,
78325828,,,,,,,,,,,,,,,,,,,,
78326606,,,,,,,,,,,,,,,,,,,,
78327230,,,,,,,,,,,,,,,,,,,,
78331885,,,,,,,,,,,,,,,,,,,,
78333098,,,,,,,,,,,,,,,,,,,,
78333703,,,,,,,,,,,,,,,,,,,,
78334196,,,,,,,,,,,,,,,,,,,,
78335039,,,,,,,,,,,,,,,,,,,,
78335754,,,,,,,,,,,,,,,,,,,,
78336456,,,,,,,,,,,,,,,,,,,,
78336684,,,,,,,,,,,,,,,,,,,,
78337223,,,,,,,,,,,,,,,,,,,,
78338498,,,,,,,,,,,,,,,,,,,,
78341462,,,,,,,,,,,,,,,,,,,,
78346124,,,,,,,,,,,,,,,,,,,,
78347077,,,,,,,,,,,,,,,,,,,,
78354498,,,,,,,,,,,,,,,,,,,,
78355648,,,,,,,,,,,,,,,,,,,,
78356501,,,,,,,,,,,,,,,,,,,,
78357400,,,,,,,,,,,,,,,,,,,,
78359969,,,,,,,,,,,,,,,,,,,,
78362712,,,,,,,,,,,,,,,,,,,,
78396054,,,,,,,,,,,,,,,,,,,,
78397958,,,,,,,,,,,,,,,,,,,,
78399176,,,,,,,,,,,,,,,,,,,,
78400252,,,,,,,,,,,,,,,,,,,,
78423159,,,,,,,,,,,,,,,,,,,,
78428437,,,,,,,,,,,,,,,,,,,,
79589397,,,,,,,,,,,,,,,,,,,,
79591109,,,,,,,,,,,,,,,,,,,,
79592610,,,,,,,,,,,,,,,,,,,,
79593248,,,,,,,,,,,,,,,,,,,,
79593966,,,,,,,,,,,,,,,,,,,,
79594596,,,,,,,,,,,,,,,,,,,,
79595217,,,,,,,,,,,,,,,,,,,,
79596978,,,,,,,,,,,,,,,,,,,,
79598106,,,,,,,,,,,,,,,,,,,,
79599273,,,,,,,,,,,,,,,,,,,,
79600076,,,,,,,,,,,,,,,,,,,,
79600929,,,,,,,,,,,,,,,,,,,,
79601796,,,,,,,,,,,,,,,,,,,,
79602679,,,,,,,,,,,,,,,,,,,,
79603440,,,,,,,,,,,,,,,,,,,,
79655074,,,,,,,,,,,,,,,,,,,,
79655403,,,,,,,,,,,,,,,,,,,,
79655884,,,,,,,,,,,,,,,,,,,,
79656248,,,,,,,,,,,,,,,,,,,,
79656606,,,,,,,,,,,,,,,,,,,,
79656977,,,,,,,,,,,,,,,,,,,,
79657311,,,,,,,,,,,,,,,,,,,,
79657879,,,,,,,,,,,,,,,,,,,,
80057932,,,,,,,,,,,,,,,,,,,,
80058683,,,,,,,,,,,,,,,,,,,,
80061758,,,,,,,,,,,,,,,,,,,,
80062121,,,,,,,,,,,,,,,,,,,,
80063013,,,,,,,,,,,,,,,,,,,,
80063602,,,,,,,,,,,,,,,,,,,,
80064748,,,,,,,,,,,,,,,,,,,,
80065174,,,,,,,,,,,,,,,,,,,,
80065899,,,,,,,,,,,,,,,,,,,,
80067305,,,,,,,,,,,,,,,,,,,,
80067772,,,,,,,,,,,,,,,,,,,,
80068653,,,,,,,,,,,,,,,,,,,,
80069104,,,,,,,,,,,,,,,,,,,,
80069469,,,,,,,,,,,,,,,,,,,,
80069939,,,,,,,,,,,,,,,,,,,,
80070351,,,,,,,,,,,,,,,,,,,,
80070805,,,,,,,,,,,,,,,,,,,,
80161404,,,,,,,,,,,,,,,,,,,,
80161935,,,,,,,,,,,,,,,,,,,,
80162506,,,,,,,,,,,,,,,,,,,,
80163528,,,,,,,,,,,,,,,,,,,,
80163974,,,,,,,,,,,,,,,,,,,,
80164448,,,,,,,,,,,,,,,,,,,,
80164965,,,,,,,,,,,,,,,,,,,,
80165679,,,,,,,,,,,,,,,,,,,,
80166219,,,,,,,,,,,,,,,,,,,,
80166547,,,,,,,,,,,,,,,,,,,,
80167377,,,,,,,,,,,,,,,,,,,,
81149921,,,,,,,,,,,,,,,,,,,,
81150396,,,,,,,,,,,,,,,,,,,,
81150726,,,,,,,,,,,,,,,,,,,,
81151551,,,,,,,,,,,,,,,,,,,,
81155259,,,,,,,,,,,,,,,,,,,,
81155849,,,,,,,,,,,,,,,,,,,,
81156342,,,,,,,,,,,,,,,,,,,,
81157260,,,,,,,,,,,,,,,,,,,,
81158407,,,,,,,,,,,,,,,,,,,,
81159362,,,,,,,,,,,,,,,,,,,,
83170944,,,,,2.0,77.0,1256.0,A,,2.0,1.0,200000.0,702.0,,385180.0,,,1.0,,
83171075,,,,,,,,,,,,,,,,,,,,
83172472,,,,,2.0,10.0,10.0,A,,2.0,1.0,42060.0,9.0,,385180.0,,,1.0,,
83173021,,,,,2.0,451.0,1376.0,A,,2.0,1.0,105200.0,822.0,,385180.0,,,1.0,,
83174584,,,,,,,,,,,,,,,,,,,,
83177196,,,,,,,,,,,,,,,,,,,,
83177369,,,,,,,,,,,,,,,,,,,,
83177571,,,,,,,,,,,,,,,,,,,,
83177791,,,,,,,,,,,,,,,,,,,,
83178015,,,,,,,,,,,,,,,,,,,,
83178186,,,,,,,,,,,,,,,,,,,,
83178524,,,,,,,,,,,,,,,,,,,,
83178829,,,,,,,,,,,,,,,,,,,,
83179038,,,,,,,,,,,,,,,,,,,,
83179251,,,,,,,,,,,,,,,,,,,,
83179444,,,,,,,,,,,,,,,,,,,,
83179630,,,,,,,,,,,,,,,,,,,,
83179917,,,,,,,,,,,,,,,,,,,,
83180061,,,,,,,,,,,,,,,,,,,,
83180226,,,,,,,,,,,,,,,,,,,,
83180506,,,,,,,,,,,,,,,,,,,,
83180700,,,,,,,,,,,,,,,,,,,,
83180852,,,,,,,,,,,,,,,,,,,,
83180968,,,,,,,,,,,,,,,,,,,,
83181122,,,,,,,,,,,,,,,,,,,,
83181280,,,,,,,,,,,,,,,,,,,,
83181452,,,,,,,,,,,,,,,,,,,,
83181689,,,,,,,,,,,,,,,,,,,,
83181888,,,,,,,,,,,,,,,,,,,,
83182035,,,,,,,,,,,,,,,,,,,,
83183200,,,,,,,,,,,,,,,,,,,,
83183315,,,,,,,,,,,,,,,,,,,,
83183479,,,,,,,,,,,,,,,,,,,,
83183650,,,,,,,,,,,,,,,,,,,,
83184061,,,,,,,,,,,,,,,,,,,,
83171905,,,,,2.0,10.0,2.0,A,,2.0,1.0,160000.0,2.0,,385213.0,,,1.0,,
83172150,,,,,2.0,10.0,2.0,A,,2.0,1.0,160000.0,2.0,,385211.0,,,1.0,,
83170492,,,,,2.0,63.0,63.0,A,,2.0,1.0,300000.0,57.0,,385184.0,,,1.0,,
83170712,,,,,2.0,63.0,63.0,A,,2.0,1.0,300000.0,57.0,,385179.0,,,1.0,,
83171648,,,,,1.0,463.0,1350.0,A,,2.0,1.0,100000.0,797.0,,385180.0,,,1.0,,
83173257,,,,,2.0,453.0,1299.0,A,,2.0,1.0,105000.0,746.0,,385180.0,,,1.0,,
83173573,,,,,2.0,457.0,1313.0,A,,2.0,1.0,251860.0,760.0,,385180.0,,,1.0,,
83174810,,,,,2.0,77.0,1256.0,A,,2.0,1.0,116080.0,702.0,,385180.0,,,1.0,,
83175066,,,,,2.0,15.0,458.0,A,,4.0,1.0,250000.0,358.0,,385180.0,,,1.0,,
83175291,,,,,2.0,15.0,458.0,A,,4.0,1.0,250000.0,358.0,,385211.0,,,1.0,,
97885824,,,,,1.0,455.0,1284.0,A,,2.0,1.0,5000.0,731.0,,385180.0,,,1.0,,
97885884,,,,,,,,,,,,,,,,,,,,
102278238,,,,,,,,,,,,,,,,,,,,
102279264,,,,,,,,,,,,,,,,,,,,
102280232,,,,,,,,,,,,,,,,,,,,
102280952,,,,,,,,,,,,,,,,,,,,
102281740,,,,,,,,,,,,,,,,,,,,
102282873,,,,,,,,,,,,,,,,,,,,
102283604,,,,,,,,,,,,,,,,,,,,
102286486,,,,,,,,,,,,,,,,,,,,
102287735,,,,,,,,,,,,,,,,,,,,
102288403,,,,,,,,,,,,,,,,,,,,
102291049,,,,,,,,,,,,,,,,,,,,
102293186,,,,,,,,,,,,,,,,,,,,
102294110,,,,,,,,,,,,,,,,,,,,
102294808,,,,,,,,,,,,,,,,,,,,
102295509,,,,,,,,,,,,,,,,,,,,
102296265,,,,,,,,,,,,,,,,,,,,
102296892,,,,,,,,,,,,,,,,,,,,
102297526,,,,,,,,,,,,,,,,,,,,
102298414,,,,,,,,,,,,,,,,,,,,
102300893,,,,,,,,,,,,,,,,,,,,
102301497,,,,,,,,,,,,,,,,,,,,
102302453,,,,,,,,,,,,,,,,,,,,
102303001,,,,,,,,,,,,,,,,,,,,
103013991,,,,,,,,,,,,,,,,,,,,
103014562,,,,,,,,,,,,,,,,,,,,
103016644,,,,,,,,,,,,,,,,,,,,
103017592,,,,,,,,,,,,,,,,,,,,
103017864,,,,,,,,,,,,,,,,,,,,
103017976,,,,,,,,,,,,,,,,,,,,
103018172,,,,,,,,,,,,,,,,,,,,
103018519,,,,,,,,,,,,,,,,,,,,
103018672,,,,,,,,,,,,,,,,,,,,
103018817,,,,,,,,,,,,,,,,,,,,
103019174,,,,,,,,,,,,,,,,,,,,
103019797,,,,,,,,,,,,,,,,,,,,
103019924,,,,,,,,,,,,,,,,,,,,
103020122,,,,,,,,,,,,,,,,,,,,
103020218,,,,,,,,,,,,,,,,,,,,
103020311,,,,,,,,,,,,,,,,,,,,
103272296,,,,,,,,,,,,,,,,,,,,
103274224,,,,,,,,,,,,,,,,,,,,
103275304,,,,,,,,,,,,,,,,,,,,
103276211,,,,,,,,,,,,,,,,,,,,
103278376,,,,,,,,,,,,,,,,,,,,
103282709,,,,,,,,,,,,,,,,,,,,
103283353,,,,,,,,,,,,,,,,,,,,
103284342,,,,,,,,,,,,,,,,,,,,
103285028,,,,,,,,,,,,,,,,,,,,
103286017,,,,,,,,,,,,,,,,,,,,
103287007,,,,,,,,,,,,,,,,,,,,
103288557,,,,,,,,,,,,,,,,,,,,
103289715,,,,,,,,,,,,,,,,,,,,
103292202,,,,,,,,,,,,,,,,,,,,
103293391,,,,,,,,,,,,,,,,,,,,
103397092,,,,,2.0,462.0,1346.0,A,,2.0,1.0,347507.0,793.0,,385212.0,,,1.0,,
103635510,,,,,2.0,77.0,1076.0,A,,2.0,1.0,3844.0,380.0,,385180.0,,,1.0,,
104262212,,,,,2.0,462.0,1375.0,A,,2.0,1.0,42060.0,791.0,,385180.0,,,1.0,,
104263544,,,,,2.0,453.0,1299.0,A,,2.0,1.0,90507.0,746.0,,385180.0,,,1.0,,
104424517,,,,,2.0,103.0,56.0,A,,2.0,1.0,1.0,51.0,,385180.0,,,1.0,,
104425034,,,,,2.0,97.0,55.0,A,,4.0,1.0,1.0,64.0,,385180.0,,,1.0,,
104425502,,,,,2.0,77.0,1380.0,A,,2.0,1.0,1.0,826.0,,385180.0,,,1.0,,
104425880,,,,,2.0,97.0,55.0,A,,4.0,1.0,1.0,64.0,,385180.0,,,1.0,,
104426166,,,,,2.0,77.0,1380.0,A,,2.0,1.0,1.0,826.0,,385180.0,,,1.0,,
104426716,,,,,2.0,77.0,1380.0,A,,2.0,1.0,1.0,826.0,,385180.0,,,1.0,,
104429310,,,,,2.0,77.0,1380.0,A,,2.0,1.0,1.0,826.0,,385180.0,,,1.0,,
104429546,,,,,2.0,97.0,55.0,A,,4.0,1.0,1.0,64.0,,385180.0,,,1.0,,
104429908,,,,,2.0,77.0,1380.0,A,,2.0,1.0,1.0,826.0,,385180.0,,,1.0,,
104430108,,,,,2.0,97.0,55.0,A,,4.0,1.0,1.0,64.0,,385180.0,,,1.0,,
104430324,,,,,2.0,15.0,458.0,A,,4.0,1.0,1.0,358.0,,385180.0,,,1.0,,
104430531,,,,,2.0,97.0,55.0,A,,4.0,1.0,1.0,64.0,,385180.0,,,1.0,,
104430789,,,,,2.0,97.0,55.0,A,,4.0,1.0,1.0,64.0,,385180.0,,,1.0,,
104431078,,,,,2.0,97.0,55.0,A,,4.0,1.0,1.0,64.0,,385180.0,,,1.0,,
104431339,,,,,2.0,97.0,55.0,A,,4.0,1.0,1.0,64.0,,385180.0,,,1.0,,
104431351,,,,,2.0,97.0,55.0,A,,4.0,1.0,1.0,64.0,,385180.0,,,1.0,,
104431791,,,,,2.0,97.0,55.0,A,,4.0,1.0,1.0,64.0,,385180.0,,,1.0,,
104432256,,,,,2.0,462.0,1356.0,A,,2.0,1.0,1.0,803.0,,385180.0,,,1.0,,
104432287,,,,,2.0,462.0,1356.0,A,,2.0,1.0,1.0,803.0,,385180.0,,,1.0,,
104432720,,,,,2.0,60.0,1208.0,A,,2.0,1.0,1.0,654.0,,385180.0,,,1.0,,
104433022,,,,,2.0,97.0,55.0,A,,4.0,1.0,1.0,64.0,,385180.0,,,1.0,,
104433471,,,,,2.0,10.0,10.0,A,,2.0,1.0,1.0,9.0,,385180.0,,,1.0,,
104446334,,,,,2.0,97.0,55.0,A,,4.0,1.0,300000.0,64.0,,385180.0,,,1.0,,
104446981,,,,,2.0,97.0,55.0,A,,4.0,1.0,300000.0,64.0,,385180.0,,,1.0,,
104447447,,,,,2.0,453.0,1299.0,A,,2.0,1.0,251860.0,746.0,,385180.0,,,1.0,,
104447873,,,,,2.0,453.0,1299.0,A,,2.0,1.0,15200.0,746.0,,385180.0,,,1.0,,
104491197,,,,,,,,,,,,,,,,,,,,
104491498,,,,,,,,,,,,,,,,,,,,
104264635,,,,,2.0,60.0,1208.0,A,,2.0,1.0,200000.0,654.0,,385180.0,,,1.0,,
103395804,,,,,1.0,463.0,1350.0,A,,2.0,1.0,100000.0,797.0,,385180.0,,,1.0,,
103399694,,,,,1.0,455.0,1284.0,A,,2.0,1.0,45000.0,731.0,,385180.0,,,1.0,,
103590271,,,,,2.0,453.0,1299.0,A,,2.0,1.0,3500.0,746.0,,385180.0,,,1.0,,
103590854,,,,,2.0,453.0,1299.0,A,,2.0,1.0,3500.0,746.0,,385180.0,,,1.0,,
103591270,,,,,2.0,453.0,1299.0,A,,2.0,1.0,3500.0,746.0,,385180.0,,,1.0,,
103591815,,,,,2.0,453.0,1299.0,A,,2.0,1.0,3500.0,746.0,,385180.0,,,1.0,,
103592539,,,,,2.0,453.0,1299.0,A,,2.0,1.0,3500.0,746.0,,385180.0,,,1.0,,
103593221,,,,,2.0,453.0,1299.0,A,,2.0,1.0,3500.0,746.0,,385180.0,,,1.0,,
103593835,,,,,2.0,453.0,1299.0,A,,2.0,1.0,3500.0,746.0,,385180.0,,,1.0,,
103594510,,,,,2.0,453.0,1299.0,A,,2.0,1.0,3500.0,746.0,,385180.0,,,1.0,,
103595175,,,,,2.0,453.0,1299.0,A,,2.0,1.0,3500.0,746.0,,385180.0,,,1.0,,
103595768,,,,,2.0,453.0,1299.0,A,,2.0,1.0,3500.0,746.0,,385180.0,,,1.0,,
103596374,,,,,2.0,453.0,1299.0,A,,2.0,1.0,3500.0,746.0,,385180.0,,,1.0,,
103597071,,,,,2.0,453.0,1299.0,A,,2.0,1.0,3500.0,746.0,,385180.0,,,1.0,,
103598945,,,,,2.0,15.0,458.0,A,,4.0,1.0,250000.0,358.0,,385213.0,,,1.0,,
103599476,,,,,2.0,15.0,458.0,A,,4.0,1.0,225426.0,358.0,,385184.0,,,1.0,,
103603821,,,,,2.0,15.0,1254.0,A,,4.0,1.0,177330.0,703.0,,385180.0,,,1.0,,
104262907,,,,,2.0,453.0,1299.0,A,,2.0,1.0,40000.0,746.0,,385180.0,,,1.0,,
115241738,,,,,,,,,,,,,,,,,,,,
119752085,,,,,,,,,,,,,,,,,,,,
119794961,,,,,,,,,,,,,,,,,,,,
119800195,,,,,,,,,,,,,,,,,,,,
119801022,,,,,,,,,,,,,,,,,,,,
119801579,,,,,,,,,,,,,,,,,,,,
119802029,,,,,,,,,,,,,,,,,,,,
119802475,,,,,,,,,,,,,,,,,,,,
119802855,,,,,,,,,,,,,,,,,,,,
119803202,,,,,,,,,,,,,,,,,,,,
119803999,,,,,,,,,,,,,,,,,,,,
119805664,,,,,,,,,,,,,,,,,,,,
119806008,,,,,,,,,,,,,,,,,,,,
119806716,,,,,,,,,,,,,,,,,,,,
119829405,,,,,,,,,,,,,,,,,,,,
119829558,,,,,,,,,,,,,,,,,,,,
119829699,,,,,,,,,,,,,,,,,,,,
119830382,,,,,,,,,,,,,,,,,,,,
119830718,,,,,,,,,,,,,,,,,,,,
119831398,,,,,,,,,,,,,,,,,,,,
119832586,,,,,,,,,,,,,,,,,,,,
119834103,,,,,,,,,,,,,,,,,,,,
119834250,,,,,,,,,,,,,,,,,,,,
119834440,,,,,,,,,,,,,,,,,,,,
119834756,,,,,,,,,,,,,,,,,,,,
119834866,,,,,,,,,,,,,,,,,,,,
119835073,,,,,,,,,,,,,,,,,,,,
119835201,,,,,,,,,,,,,,,,,,,,
119835866,,,,,,,,,,,,,,,,,,,,
119836972,,,,,,,,,,,,,,,,,,,,
119837252,,,,,,,,,,,,,,,,,,,,
119837441,,,,,,,,,,,,,,,,,,,,
119837800,,,,,,,,,,,,,,,,,,,,
119837972,,,,,,,,,,,,,,,,,,,,
119838626,,,,,,,,,,,,,,,,,,,,
119838758,,,,,,,,,,,,,,,,,,,,
119839711,,,,,,,,,,,,,,,,,,,,
119839796,,,,,,,,,,,,,,,,,,,,
119956108,,,,,,,,,,,,,,,,,,,,
119956258,,,,,,,,,,,,,,,,,,,,
119956405,,,,,,,,,,,,,,,,,,,,
119956574,,,,,,,,,,,,,,,,,,,,
119956732,,,,,,,,,,,,,,,,,,,,
119956937,,,,,,,,,,,,,,,,,,,,
119957199,,,,,,,,,,,,,,,,,,,,
119957352,,,,,,,,,,,,,,,,,,,,
119957637,,,,,,,,,,,,,,,,,,,,
119957822,,,,,,,,,,,,,,,,,,,,
119958011,,,,,,,,,,,,,,,,,,,,
119958139,,,,,,,,,,,,,,,,,,,,
119958288,,,,,,,,,,,,,,,,,,,,
119958421,,,,,,,,,,,,,,,,,,,,
119958578,,,,,,,,,,,,,,,,,,,,
119959198,,,,,,,,,,,,,,,,,,,,
120124502,,,,,,,,,,,,,,,,,,,,
120125467,,,,,,,,,,,,,,,,,,,,
120125802,,,,,,,,,,,,,,,,,,,,
120126116,,,,,,,,,,,,,,,,,,,,
120126430,,,,,,,,,,,,,,,,,,,,
120126768,,,,,,,,,,,,,,,,,,,,
120127195,,,,,,,,,,,,,,,,,,,,
120127606,,,,,,,,,,,,,,,,,,,,
120127962,,,,,,,,,,,,,,,,,,,,
120128628,,,,,,,,,,,,,,,,,,,,
120129092,,,,,,,,,,,,,,,,,,,,
120130904,,,,,,,,,,,,,,,,,,,,
120131312,,,,,,,,,,,,,,,,,,,,
120131970,,,,,,,,,,,,,,,,,,,,
120132360,,,,,,,,,,,,,,,,,,,,
120132796,,,,,,,,,,,,,,,,,,,,
120133131,,,,,,,,,,,,,,,,,,,,
120133992,,,,,,,,,,,,,,,,,,,,
120134359,,,,,,,,,,,,,,,,,,,,
120134642,,,,,,,,,,,,,,,,,,,,
120134933,,,,,,,,,,,,,,,,,,,,
120135206,,,,,,,,,,,,,,,,,,,,
120135726,,,,,,,,,,,,,,,,,,,,
120136291,,,,,,,,,,,,,,,,,,,,
120137241,,,,,,,,,,,,,,,,,,,,
120137910,,,,,,,,,,,,,,,,,,,,
120138596,,,,,,,,,,,,,,,,,,,,
120138910,,,,,,,,,,,,,,,,,,,,
120139356,,,,,,,,,,,,,,,,,,,,
120139835,,,,,,,,,,,,,,,,,,,,
120140236,,,,,,,,,,,,,,,,,,,,
120140509,,,,,,,,,,,,,,,,,,,,
120140936,,,,,,,,,,,,,,,,,,,,
120141173,,,,,,,,,,,,,,,,,,,,
120141918,,,,,,,,,,,,,,,,,,,,
120142202,,,,,,,,,,,,,,,,,,,,
120142605,,,,,,,,,,,,,,,,,,,,
120142971,,,,,,,,,,,,,,,,,,,,
120143286,,,,,,,,,,,,,,,,,,,,
120143754,,,,,,,,,,,,,,,,,,,,
120144163,,,,,,,,,,,,,,,,,,,,
120144471,,,,,,,,,,,,,,,,,,,,
120144804,,,,,,,,,,,,,,,,,,,,
120145099,,,,,,,,,,,,,,,,,,,,
120145453,,,,,,,,,,,,,,,,,,,,
120146187,,,,,,,,,,,,,,,,,,,,
120666767,,,,,,,,,,,,,,,,,,,,
120667125,,,,,,,,,,,,,,,,,,,,
120667452,,,,,,,,,,,,,,,,,,,,
120667655,,,,,,,,,,,,,,,,,,,,
120667902,,,,,,,,,,,,,,,,,,,,
120668252,,,,,,,,,,,,,,,,,,,,
120669879,,,,,,,,,,,,,,,,,,,,
120670138,,,,,,,,,,,,,,,,,,,,
120670976,,,,,,,,,,,,,,,,,,,,
120683412,,,,,,,,,,,,,,,,,,,,
120683508,,,,,,,,,,,,,,,,,,,,
120683710,,,,,,,,,,,,,,,,,,,,
120683938,,,,,,,,,,,,,,,,,,,,
125266228,,,,,,,,,,,,,,,,,,,,
125339970,,,,,,,,,,,,,,,,,,,,
125340182,,,,,,,,,,,,,,,,,,,,
125959597,,,,,1.0,455.0,1286.0,A,,2.0,1.0,90000.0,733.0,,385180.0,,,1.0,,
125959644,,,,,2.0,451.0,1376.0,A,,2.0,1.0,30000.0,822.0,,385180.0,,,1.0,,
125959658,,,,,2.0,451.0,1283.0,A,,2.0,1.0,40000.0,730.0,,385180.0,,,1.0,,
125959677,,,,,2.0,454.0,1300.0,A,,2.0,1.0,24900.0,747.0,,385180.0,,,1.0,,
125959749,,,,,2.0,451.0,1282.0,A,,2.0,1.0,36167.0,729.0,,385180.0,,,1.0,,
125960240,,,,,2.0,451.0,1376.0,A,,2.0,1.0,40000.0,822.0,,385180.0,,,1.0,,
125960265,,,,,2.0,457.0,1317.0,A,,2.0,1.0,30000.0,764.0,,385180.0,,,1.0,,
125960270,,,,,2.0,451.0,1376.0,A,,2.0,1.0,30000.0,822.0,,385180.0,,,1.0,,
125960302,,,,,2.0,451.0,1376.0,A,,2.0,1.0,3500.0,822.0,,385180.0,,,1.0,,
125960314,,,,,2.0,451.0,1376.0,A,,2.0,1.0,3500.0,822.0,,385180.0,,,1.0,,
125960329,,,,,2.0,451.0,1376.0,A,,2.0,1.0,3500.0,822.0,,385180.0,,,1.0,,
125960343,,,,,2.0,451.0,1377.0,A,,2.0,1.0,3500.0,823.0,,385180.0,,,1.0,,
125960359,,,,,2.0,451.0,1376.0,A,,2.0,1.0,3500.0,822.0,,385180.0,,,1.0,,
125960391,,,,,2.0,451.0,1376.0,A,,2.0,1.0,3500.0,822.0,,385180.0,,,1.0,,
125960398,,,,,2.0,451.0,1376.0,A,,2.0,1.0,3500.0,822.0,,385180.0,,,1.0,,
125961151,,,,,2.0,451.0,1376.0,A,,2.0,1.0,80900.0,822.0,,385180.0,,,1.0,,
125961164,,,,,2.0,15.0,458.0,A,,4.0,1.0,419856.0,358.0,,385180.0,,,1.0,,
125961174,,,,,2.0,77.0,1217.0,A,,2.0,1.0,23000.0,663.0,,385180.0,,,1.0,,
125961177,,,,,2.0,77.0,1217.0,A,,2.0,1.0,12000.0,663.0,,385180.0,,,1.0,,
125961216,,,,,2.0,77.0,1217.0,A,,2.0,1.0,73844.0,663.0,,385180.0,,,1.0,,
125966090,,,,,,,,,,,,,,,,,,,,
125966147,,,,,,,,,,,,,,,,,,,,
125966166,,,,,,,,,,,,,,,,,,,,
125966190,,,,,,,,,,,,,,,,,,,,
125966202,,,,,,,,,,,,,,,,,,,,
125966218,,,,,,,,,,,,,,,,,,,,
125966233,,,,,,,,,,,,,,,,,,,,
125966256,,,,,,,,,,,,,,,,,,,,
125966336,,,,,,,,,,,,,,,,,,,,
125966349,,,,,,,,,,,,,,,,,,,,
125966377,,,,,,,,,,,,,,,,,,,,
125966392,,,,,,,,,,,,,,,,,,,,
125966406,,,,,,,,,,,,,,,,,,,,
125966420,,,,,,,,,,,,,,,,,,,,
125966727,,,,,,,,,,,,,,,,,,,,
125966735,,,,,,,,,,,,,,,,,,,,
125966778,,,,,1.0,463.0,1350.0,A,,2.0,1.0,1.0,797.0,,385180.0,,,1.0,,
125966782,,,,,2.0,451.0,1376.0,A,,2.0,1.0,1.0,822.0,,385180.0,,,1.0,,
125966787,,,,,2.0,407.0,1154.0,A,,5.0,1.0,1.0,458.0,,385180.0,,,1.0,,
125966792,,,,,2.0,63.0,1265.0,A,,2.0,1.0,1.0,712.0,,385180.0,,,1.0,,
125966801,,,,,2.0,63.0,62.0,A,,4.0,1.0,1.0,65.0,,385180.0,,,1.0,,
125966804,,,,,2.0,63.0,1261.0,A,,2.0,1.0,1.0,708.0,,385180.0,,,1.0,,
125966811,456.0,1341.0,2.0,1.0,,,,,,,,,,,,,,,,
125966816,,,,,1.0,463.0,1350.0,A,,2.0,1.0,1.0,797.0,,385180.0,,,1.0,,
125966819,,,,,2.0,60.0,1275.0,A,,2.0,1.0,1.0,722.0,,385180.0,,,1.0,,
125966822,,,,,2.0,63.0,1262.0,A,,2.0,1.0,1.0,709.0,,385180.0,,,1.0,,
125966824,,,,,2.0,60.0,1211.0,A,,2.0,1.0,1.0,657.0,,385180.0,,,1.0,,
125966831,,,,,1.0,455.0,1287.0,A,,2.0,1.0,1.0,734.0,,385180.0,,,1.0,,
125966834,,,,,2.0,63.0,1262.0,A,,2.0,1.0,1.0,709.0,,385180.0,,,1.0,,
125966839,,,,,2.0,63.0,29.0,A,,2.0,1.0,1.0,26.0,,385180.0,,,1.0,,
125966864,,,,,1.0,301.0,1115.0,A,,2.0,1.0,1.0,418.0,,385180.0,,,1.0,,
125966867,,,,,1.0,301.0,1114.0,A,,2.0,1.0,1.0,417.0,,385180.0,,,1.0,,
125966874,,,,,2.0,15.0,458.0,A,,4.0,1.0,1.0,358.0,,385180.0,,,1.0,,
125967105,,,,,2.0,460.0,1322.0,A,,2.0,1.0,1.0,769.0,,385180.0,,,1.0,,
125967108,454.0,1300.0,2.0,1.0,,,,,,,,,,,,,,,,
125967114,,,,,2.0,465.0,1373.0,A,,2.0,1.0,1.0,820.0,,385180.0,,,1.0,,
125967119,,,,,2.0,465.0,1373.0,A,,2.0,1.0,1.0,820.0,,385180.0,,,1.0,,
125967126,,,,,2.0,451.0,1376.0,A,,2.0,1.0,1.0,822.0,,385180.0,,,1.0,,
125967130,77.0,46.0,2.0,1.0,,,,,,,,,,,,,,,,
125967134,,,,,2.0,10.0,1366.0,A,,2.0,1.0,1.0,813.0,,385180.0,,,1.0,,
125967139,,,,,2.0,10.0,452.0,A,,2.0,1.0,1.0,352.0,,385180.0,,,1.0,,
125967149,,,,,1.0,455.0,1287.0,A,,2.0,1.0,1.0,734.0,,385180.0,,,1.0,,
125967152,,,,,1.0,301.0,1115.0,A,,2.0,1.0,1.0,418.0,,385180.0,,,1.0,,
125967155,,,,,2.0,462.0,1353.0,A,,2.0,1.0,1.0,800.0,,385180.0,,,1.0,,
125967158,,,,,2.0,451.0,1376.0,A,,2.0,1.0,1.0,822.0,,385180.0,,,1.0,,
125967164,,,,,2.0,462.0,1356.0,A,,2.0,1.0,1.0,803.0,,385180.0,,,1.0,,
125967167,462.0,1346.0,2.0,1.0,,,,,,,,,,,,,,,,
125967175,77.0,1217.0,2.0,1.0,,,,,,,,,,,,,,,,
125967180,451.0,1283.0,2.0,1.0,,,,,,,,,,,,,,,,
125959525,,,,,2.0,462.0,1348.0,A,,2.0,1.0,100000.0,795.0,,385180.0,,,1.0,,
125959551,,,,,2.0,462.0,1348.0,A,,2.0,1.0,339567.0,795.0,,385180.0,,,1.0,,
125959569,,,,,1.0,463.0,1350.0,A,,2.0,1.0,50000.0,797.0,,385180.0,,,1.0,,
125959616,,,,,1.0,455.0,1287.0,A,,2.0,1.0,144000.0,734.0,,385180.0,,,1.0,,
125961168,,,,,2.0,10.0,452.0,A,,2.0,1.0,117000.0,352.0,,385180.0,,,1.0,,
125961183,,,,,2.0,15.0,458.0,A,,4.0,1.0,250000.0,358.0,,385185.0,,,1.0,,
125961193,,,,,2.0,15.0,458.0,A,,4.0,1.0,250000.0,358.0,,385224.0,,,1.0,,
125961209,,,,,2.0,60.0,1275.0,A,,2.0,1.0,200000.0,722.0,,385180.0,,,1.0,,
125961224,,,,,,,,,,,,,,,,,,,,
44717176,,,,,2.0,97.0,1062.0,A,,2.0,1.0,,106.0,,412710.0,,,1.0,,
44721009,,,,,2.0,97.0,1062.0,A,,2.0,1.0,,106.0,,412710.0,,,1.0,,
44721025,,,,,2.0,104.0,53.0,A,,2.0,1.0,,49.0,,412710.0,,,1.0,,
44721050,,,,,2.0,77.0,1199.0,A,,2.0,1.0,,651.0,,412711.0,,,1.0,,
65286766,,,,,2.0,97.0,1062.0,A,,2.0,1.0,,106.0,,412711.0,,,1.0,,
44716708,,,,,2.0,10.0,13.0,A,,2.0,1.0,,650.0,,412711.0,,,1.0,,
38553746,,,,,2.0,10.0,1156.0,A,,4.0,250.0,250000.0,551.0,,412711.0,,,1.0,,
38553887,,,,,2.0,63.0,1265.0,A,,2.0,1.0,321656.0,712.0,,412711.0,,,1.0,,
38553954,,,,,2.0,97.0,55.0,A,,4.0,250.0,250000.0,64.0,,412711.0,,,1.0,,
38554241,,,,,2.0,77.0,1217.0,A,,2.0,1.0,11500.0,663.0,,412711.0,,,1.0,,
38554282,,,,,2.0,63.0,62.0,A,,4.0,150.0,150000.0,65.0,,412710.0,,,1.0,,
38554319,,,,,2.0,97.0,1062.0,A,,2.0,1.0,100000.0,106.0,,412711.0,,,1.0,,
38554360,,,,,2.0,63.0,1266.0,A,,2.0,1.0,100000.0,713.0,,412711.0,,,1.0,,
38554424,,,,,2.0,103.0,38.0,A,,2.0,1.0,50000.0,2.0,,412711.0,,,1.0,,
38554458,,,,,2.0,15.0,1254.0,A,,4.0,80.0,87104.0,703.0,,412709.0,,,1.0,,
38554518,,,,,2.0,97.0,1062.0,A,,2.0,1.0,500000.0,2.0,,412711.0,,,1.0,,
38554554,,,,,2.0,63.0,1266.0,A,,2.0,1.0,87104.0,713.0,,412711.0,,,1.0,,
38554579,,,,,,,,,,,,,,,,,,,,
38554754,,,,,2.0,77.0,1227.0,A,,2.0,1.0,455000.0,673.0,,412711.0,,,1.0,,
44714596,,,,,2.0,10.0,1156.0,A,,4.0,1.0,,551.0,,412711.0,,,1.0,,
44714603,,,,,2.0,10.0,1156.0,A,,4.0,1.0,,551.0,,412711.0,,,1.0,,
44714612,,,,,2.0,10.0,1156.0,A,,4.0,1.0,,551.0,,412709.0,,,1.0,,
44716654,,,,,2.0,10.0,1156.0,A,,4.0,1.0,,551.0,,412710.0,,,1.0,,
44716682,,,,,2.0,10.0,13.0,A,,2.0,1.0,,650.0,,412711.0,,,1.0,,
44716724,,,,,2.0,60.0,1208.0,A,,2.0,1.0,,654.0,,412710.0,,,1.0,,
44716747,,,,,2.0,60.0,1208.0,A,,2.0,1.0,,654.0,,412710.0,,,1.0,,
44716767,,,,,2.0,60.0,1208.0,A,,2.0,1.0,,654.0,,412711.0,,,1.0,,
44717060,,,,,2.0,60.0,1208.0,A,,2.0,1.0,,654.0,,412711.0,,,1.0,,
44717082,,,,,2.0,60.0,1208.0,A,,2.0,1.0,,654.0,,412709.0,,,1.0,,
44717099,,,,,2.0,60.0,1208.0,A,,2.0,1.0,,654.0,,412711.0,,,1.0,,
44717122,,,,,2.0,97.0,55.0,A,,4.0,1.0,,64.0,,412711.0,,,1.0,,
44717137,,,,,2.0,97.0,1057.0,A,,2.0,1.0,,101.0,,412711.0,,,1.0,,
44717151,,,,,2.0,97.0,1062.0,A,,2.0,1.0,,106.0,,412709.0,,,1.0,,
44717163,,,,,2.0,103.0,38.0,A,,2.0,1.0,,34.0,,412710.0,,,1.0,,
44720899,,,,,2.0,15.0,458.0,A,,4.0,1.0,,358.0,,412711.0,,,1.0,,
44720919,,,,,2.0,104.0,53.0,A,,2.0,1.0,,49.0,,412711.0,,,1.0,,
44720945,,,,,2.0,15.0,458.0,A,,4.0,1.0,,358.0,,412711.0,,,1.0,,
44720961,,,,,2.0,15.0,458.0,A,,4.0,1.0,,358.0,,412711.0,,,1.0,,
44720974,,,,,2.0,77.0,1256.0,A,,2.0,1.0,,702.0,,412711.0,,,1.0,,
44720985,,,,,2.0,77.0,1202.0,A,,2.0,1.0,,505.0,,412711.0,,,1.0,,
44721063,,,,,,,,,,,,,,,,,,,,
44721089,,,,,2.0,77.0,1227.0,A,,2.0,1.0,,673.0,,412711.0,,,1.0,,
65286426,,,,,2.0,77.0,1045.0,A,,2.0,1.0,,89.0,,412711.0,,,1.0,,
65286540,,,,,2.0,77.0,1256.0,A,,2.0,1.0,,702.0,,412711.0,,,1.0,,
65286586,,,,,2.0,77.0,1256.0,A,,2.0,1.0,,702.0,,412711.0,,,1.0,,
38552980,,,,,,,,,,,,,,,,,,,,
38553559,,,,,2.0,63.0,1265.0,A,,2.0,8.0,100000.0,712.0,,412710.0,,,2.0,,"[{""astLocCd"": 412711, ""astPlnUntCd"": null, ""astPlnUntTyp"": null, ""astNoOfUnt"": 4, ""astUnitCostTot"": null}, {""astLocCd"": 412709, ""astPlnUntCd"": null, ""astPlnUntTyp"": null, ""astNoOfUnt"": 2, ""astUnitCostTot"": null}]"
38553806,,,,,,,,,,,,,,,,,,,,
38553824,,,,,,,,,,,,,,,,,,,,
38553917,,,,,2.0,97.0,55.0,A,,4.0,75.0,75000.0,64.0,,412711.0,,,1.0,,
38554009,,,,,2.0,6.0,3.0,A,,2.0,1.0,75000.0,2.0,,412711.0,,,1.0,,
44043553,,,,,2.0,103.0,56.0,A,,2.0,1.0,,51.0,,412711.0,,,1.0,,
54925960,,,,,2.0,63.0,1240.0,A,,5.0,1.0,,686.0,,412711.0,,,1.0,,
54926014,,,,,2.0,63.0,1240.0,A,,5.0,1.0,,686.0,,412711.0,,,1.0,,
54926077,,,,,2.0,63.0,1262.0,A,,2.0,1.0,,709.0,,412709.0,,,1.0,,
54926136,,,,,2.0,10.0,10.0,A,,2.0,1.0,,9.0,,412710.0,,,1.0,,
54926161,,,,,2.0,10.0,10.0,A,,2.0,1.0,,9.0,,412711.0,,,1.0,,
54926188,,,,,2.0,77.0,1256.0,A,,2.0,1.0,,702.0,,412711.0,,,1.0,,
54926224,,,,,2.0,97.0,1062.0,A,,2.0,1.0,,106.0,,412711.0,,,1.0,,
54926248,,,,,,,,,,,,,,,,,,,,
54926315,,,,,2.0,97.0,1062.0,A,,2.0,1.0,,106.0,,412711.0,,,1.0,,
54926346,,,,,2.0,97.0,55.0,A,,4.0,1.0,,64.0,,412711.0,,,1.0,,
54926383,,,,,2.0,77.0,1256.0,A,,2.0,1.0,,702.0,,412711.0,,,1.0,,
54926426,,,,,2.0,10.0,10.0,A,,2.0,1.0,,9.0,,412711.0,,,1.0,,
59982749,,,,,2.0,97.0,1062.0,A,,2.0,1.0,,106.0,,412711.0,,,1.0,,
59982970,,,,,2.0,97.0,1062.0,A,,2.0,1.0,,106.0,,412711.0,,,1.0,,
65698277,,,,,2.0,10.0,452.0,A,,2.0,1.0,,352.0,,412711.0,,,1.0,,
65707079,,,,,2.0,10.0,10.0,A,,2.0,1.0,,9.0,,412711.0,,,1.0,,
65707098,,,,,2.0,456.0,1307.0,A,,2.0,1.0,,754.0,,412711.0,,,1.0,,
65696910,,,,,2.0,462.0,1375.0,A,,2.0,1.0,,791.0,,412711.0,,,1.0,,
65697004,,,,,2.0,462.0,1375.0,A,,2.0,1.0,,791.0,,412711.0,,,1.0,,
65697031,,,,,2.0,462.0,1375.0,A,,2.0,1.0,,791.0,,412711.0,,,1.0,,
65697062,,,,,2.0,456.0,1307.0,A,,2.0,1.0,,754.0,,412711.0,,,1.0,,
65697095,,,,,1.0,455.0,1287.0,A,,2.0,1.0,,734.0,,412711.0,,,1.0,,
65697137,,,,,1.0,455.0,1285.0,A,,2.0,1.0,,732.0,,412711.0,,,1.0,,
65697900,,,,,2.0,10.0,1156.0,A,,4.0,1.0,,551.0,,412711.0,,,1.0,,
65698169,,,,,2.0,97.0,1062.0,A,,2.0,1.0,,106.0,,412711.0,,,1.0,,
65698185,,,,,2.0,77.0,1202.0,A,,2.0,1.0,,505.0,,412711.0,,,1.0,,
65698207,,,,,2.0,97.0,55.0,A,,4.0,1.0,,64.0,,412711.0,,,1.0,,
65698226,,,,,,,,,,,,,,,,,,,,
65698242,,,,,2.0,77.0,1202.0,A,,2.0,1.0,,505.0,,412711.0,,,1.0,,
65698258,,,,,2.0,77.0,1256.0,A,,2.0,1.0,,702.0,,412709.0,,,1.0,,
65698292,,,,,2.0,77.0,1202.0,A,,2.0,1.0,,505.0,,412711.0,,,1.0,,
65708798,,,,,2.0,77.0,1045.0,A,,2.0,1.0,,89.0,,412711.0,,,1.0,,
75347616,,,,,,,,,,,,,,,,,,,,
77864623,,,,,,,,,,,,,,,,,,,,
77865172,,,,,,,,,,,,,,,,,,,,
77865884,,,,,,,,,,,,,,,,,,,,
77867877,,,,,,,,,,,,,,,,,,,,
77869063,,,,,,,,,,,,,,,,,,,,
77903457,,,,,,,,,,,,,,,,,,,,
77903982,,,,,,,,,,,,,,,,,,,,
77904286,,,,,,,,,,,,,,,,,,,,
77904569,,,,,,,,,,,,,,,,,,,,
77908740,,,,,,,,,,,,,,,,,,,,
77909327,,,,,,,,,,,,,,,,,,,,
77910008,,,,,,,,,,,,,,,,,,,,
77910736,,,,,,,,,,,,,,,,,,,,
77911574,,,,,,,,,,,,,,,,,,,,
77912250,,,,,,,,,,,,,,,,,,,,
77912877,,,,,,,,,,,,,,,,,,,,
77913726,,,,,,,,,,,,,,,,,,,,
77914498,,,,,,,,,,,,,,,,,,,,
77915748,,,,,,,,,,,,,,,,,,,,
77916510,,,,,,,,,,,,,,,,,,,,
77918095,,,,,,,,,,,,,,,,,,,,
77918920,,,,,,,,,,,,,,,,,,,,
77920806,,,,,,,,,,,,,,,,,,,,
77921466,,,,,,,,,,,,,,,,,,,,
77922187,,,,,,,,,,,,,,,,,,,,
77924142,,,,,,,,,,,,,,,,,,,,
77941318,,,,,,,,,,,,,,,,,,,,
77943263,,,,,,,,,,,,,,,,,,,,
77946305,,,,,,,,,,,,,,,,,,,,
77948799,,,,,,,,,,,,,,,,,,,,
77950232,,,,,,,,,,,,,,,,,,,,
77953397,,,,,,,,,,,,,,,,,,,,
77955405,,,,,,,,,,,,,,,,,,,,
77956772,,,,,,,,,,,,,,,,,,,,
77957745,,,,,,,,,,,,,,,,,,,,
77959447,,,,,,,,,,,,,,,,,,,,
77961235,,,,,,,,,,,,,,,,,,,,
77961855,,,,,,,,,,,,,,,,,,,,
77963780,,,,,,,,,,,,,,,,,,,,
77964782,,,,,,,,,,,,,,,,,,,,
77965915,,,,,,,,,,,,,,,,,,,,
77967570,,,,,,,,,,,,,,,,,,,,
77968443,,,,,,,,,,,,,,,,,,,,
77969582,,,,,,,,,,,,,,,,,,,,
77970764,,,,,,,,,,,,,,,,,,,,
77971968,,,,,,,,,,,,,,,,,,,,
77973182,,,,,,,,,,,,,,,,,,,,
77974316,,,,,,,,,,,,,,,,,,,,
77977259,,,,,,,,,,,,,,,,,,,,
77981758,,,,,,,,,,,,,,,,,,,,
77984911,,,,,,,,,,,,,,,,,,,,
77992338,,,,,,,,,,,,,,,,,,,,
77995827,,,,,,,,,,,,,,,,,,,,
77997226,,,,,,,,,,,,,,,,,,,,
77999017,,,,,,,,,,,,,,,,,,,,
78000708,,,,,,,,,,,,,,,,,,,,
78002325,,,,,,,,,,,,,,,,,,,,
78003805,,,,,,,,,,,,,,,,,,,,
78005455,,,,,,,,,,,,,,,,,,,,
78006902,,,,,,,,,,,,,,,,,,,,
78008706,,,,,,,,,,,,,,,,,,,,
78009461,,,,,,,,,,,,,,,,,,,,
78011919,,,,,,,,,,,,,,,,,,,,
78013161,,,,,,,,,,,,,,,,,,,,
78014571,,,,,,,,,,,,,,,,,,,,
78015593,,,,,,,,,,,,,,,,,,,,
78059952,,,,,,,,,,,,,,,,,,,,
78061631,,,,,,,,,,,,,,,,,,,,
78062965,,,,,,,,,,,,,,,,,,,,
78064794,,,,,,,,,,,,,,,,,,,,
78066339,,,,,,,,,,,,,,,,,,,,
78068242,,,,,,,,,,,,,,,,,,,,
78070187,,,,,,,,,,,,,,,,,,,,
78071382,,,,,,,,,,,,,,,,,,,,
78072582,,,,,,,,,,,,,,,,,,,,
78073447,,,,,,,,,,,,,,,,,,,,
78079918,,,,,,,,,,,,,,,,,,,,
78083465,,,,,,,,,,,,,,,,,,,,
78085073,,,,,,,,,,,,,,,,,,,,
78087469,,,,,,,,,,,,,,,,,,,,
78133783,,,,,,,,,,,,,,,,,,,,
78134923,,,,,,,,,,,,,,,,,,,,
78140944,,,,,,,,,,,,,,,,,,,,
78142922,,,,,,,,,,,,,,,,,,,,
78143910,,,,,,,,,,,,,,,,,,,,
78144619,,,,,,,,,,,,,,,,,,,,
78146269,,,,,,,,,,,,,,,,,,,,
78147613,,,,,,,,,,,,,,,,,,,,
78157932,,,,,,,,,,,,,,,,,,,,
78158981,,,,,,,,,,,,,,,,,,,,
78159635,,,,,,,,,,,,,,,,,,,,
78160617,,,,,,,,,,,,,,,,,,,,
78161139,,,,,,,,,,,,,,,,,,,,
78161608,,,,,,,,,,,,,,,,,,,,
78162143,,,,,,,,,,,,,,,,,,,,
78162763,,,,,,,,,,,,,,,,,,,,
78163495,,,,,,,,,,,,,,,,,,,,
78163922,,,,,,,,,,,,,,,,,,,,
78164614,,,,,,,,,,,,,,,,,,,,
78166224,,,,,,,,,,,,,,,,,,,,
78167242,,,,,,,,,,,,,,,,,,,,
78168016,,,,,,,,,,,,,,,,,,,,
78169122,,,,,,,,,,,,,,,,,,,,
78169615,,,,,,,,,,,,,,,,,,,,
78170152,,,,,,,,,,,,,,,,,,,,
78172342,,,,,,,,,,,,,,,,,,,,
78172868,,,,,,,,,,,,,,,,,,,,
78173275,,,,,,,,,,,,,,,,,,,,
78173675,,,,,,,,,,,,,,,,,,,,
78174150,,,,,,,,,,,,,,,,,,,,
78175677,,,,,,,,,,,,,,,,,,,,
78177754,,,,,,,,,,,,,,,,,,,,
78178240,,,,,,,,,,,,,,,,,,,,
78180383,,,,,,,,,,,,,,,,,,,,
78181131,,,,,,,,,,,,,,,,,,,,
78181578,,,,,,,,,,,,,,,,,,,,
78181948,,,,,,,,,,,,,,,,,,,,
78182187,,,,,,,,,,,,,,,,,,,,
78182571,,,,,,,,,,,,,,,,,,,,
78182884,,,,,,,,,,,,,,,,,,,,
78183619,,,,,,,,,,,,,,,,,,,,
78183902,,,,,,,,,,,,,,,,,,,,
78220668,,,,,,,,,,,,,,,,,,,,
78223128,,,,,,,,,,,,,,,,,,,,
79071357,,,,,,,,,,,,,,,,,,,,
79074895,,,,,,,,,,,,,,,,,,,,
79078314,,,,,,,,,,,,,,,,,,,,
79110019,104.0,47.0,2.0,1.0,,,,,,,,,,,,,,,,
79110402,,,,,2.0,77.0,1199.0,A,,2.0,1.0,200000.0,651.0,,412711.0,,,1.0,,
79139657,,,,,,,,,,,,,,,,,,,,
79140915,,,,,,,,,,,,,,,,,,,,
79141659,,,,,,,,,,,,,,,,,,,,
79142822,,,,,,,,,,,,,,,,,,,,
79143411,,,,,,,,,,,,,,,,,,,,
79145604,,,,,,,,,,,,,,,,,,,,
79146476,,,,,,,,,,,,,,,,,,,,
79146737,,,,,,,,,,,,,,,,,,,,
79148661,,,,,,,,,,,,,,,,,,,,
79149242,,,,,,,,,,,,,,,,,,,,
79149701,,,,,,,,,,,,,,,,,,,,
79150405,,,,,,,,,,,,,,,,,,,,
79150740,,,,,,,,,,,,,,,,,,,,
79151175,,,,,,,,,,,,,,,,,,,,
79151384,,,,,,,,,,,,,,,,,,,,
79152020,,,,,,,,,,,,,,,,,,,,
79152413,,,,,,,,,,,,,,,,,,,,
79152759,,,,,,,,,,,,,,,,,,,,
79153034,,,,,,,,,,,,,,,,,,,,
79153244,,,,,,,,,,,,,,,,,,,,
79153660,,,,,,,,,,,,,,,,,,,,
79154076,,,,,,,,,,,,,,,,,,,,
79154331,,,,,,,,,,,,,,,,,,,,
79154548,,,,,,,,,,,,,,,,,,,,
79154718,,,,,,,,,,,,,,,,,,,,
79154917,,,,,,,,,,,,,,,,,,,,
79155173,,,,,,,,,,,,,,,,,,,,
79945856,,,,,,,,,,,,,,,,,,,,
79948929,,,,,,,,,,,,,,,,,,,,
79950201,,,,,,,,,,,,,,,,,,,,
79999559,,,,,,,,,,,,,,,,,,,,
80000727,,,,,,,,,,,,,,,,,,,,
80001997,,,,,,,,,,,,,,,,,,,,
80003330,,,,,,,,,,,,,,,,,,,,
80003851,,,,,,,,,,,,,,,,,,,,
80004358,,,,,,,,,,,,,,,,,,,,
81171079,,,,,2.0,4.0,1026.0,A,,4.0,1.0,1000000.0,80.0,,412711.0,,,1.0,,
81176144,,,,,2.0,4.0,1026.0,A,,4.0,1.0,1000000.0,80.0,,412711.0,,,1.0,,
81177523,,,,,2.0,63.0,62.0,A,,4.0,1.0,1000000.0,65.0,,412711.0,,,1.0,,
81179410,,,,,2.0,63.0,62.0,A,,4.0,1.0,1000000.0,65.0,,412711.0,,,1.0,,
81197318,97.0,55.0,4.0,1.0,,,,,,,,,,,,,,,,
81197653,104.0,47.0,2.0,1.0,,,,,,,,,,,,,,,,
81201345,,,,,,,,,,,,,,,,,,,,
81202201,,,,,,,,,,,,,,,,,,,,
81206103,,,,,,,,,,,,,,,,,,,,
81206363,,,,,,,,,,,,,,,,,,,,
81206895,,,,,,,,,,,,,,,,,,,,
81207248,,,,,,,,,,,,,,,,,,,,
81207622,,,,,,,,,,,,,,,,,,,,
81207957,,,,,,,,,,,,,,,,,,,,
81208297,,,,,,,,,,,,,,,,,,,,
81208555,,,,,,,,,,,,,,,,,,,,
81208842,,,,,,,,,,,,,,,,,,,,
81209169,,,,,,,,,,,,,,,,,,,,
81210249,,,,,,,,,,,,,,,,,,,,
81210615,,,,,,,,,,,,,,,,,,,,
81211047,,,,,,,,,,,,,,,,,,,,
81211357,,,,,,,,,,,,,,,,,,,,
81280135,,,,,2.0,104.0,47.0,A,,2.0,1.0,93229.0,43.0,,412711.0,,,1.0,,
81280889,,,,,2.0,77.0,1380.0,A,,2.0,1.0,300000.0,826.0,,412711.0,,,1.0,,
75759321,,,,,2.0,462.0,1361.0,A,,2.0,1.0,50000.0,808.0,,412711.0,,,1.0,,
75759533,,,,,2.0,10.0,26.0,A,,2.0,1.0,70000.0,23.0,,412711.0,,,1.0,,
75759830,,,,,2.0,460.0,1326.0,A,,2.0,10.0,3500.0,773.0,,412711.0,,,10.0,,
75760279,,,,,2.0,454.0,1300.0,A,,2.0,1.0,90000.0,747.0,,412711.0,,,1.0,,
75760379,,,,,2.0,451.0,1376.0,A,,2.0,1.0,5000.0,822.0,,412711.0,,,1.0,,
75761153,,,,,2.0,454.0,1301.0,A,,2.0,1.0,50000.0,748.0,,412711.0,,,1.0,,
79089576,451.0,1377.0,2.0,1.0,2.0,451.0,1377.0,A,,2.0,1.0,20000.0,,,412711.0,,,1.0,,
79094376,,,,,2.0,77.0,1045.0,A,,2.0,1.0,100000.0,89.0,,412711.0,,,1.0,,
79103097,462.0,1353.0,2.0,1.0,2.0,462.0,1353.0,A,,2.0,1.0,100000.0,,,412711.0,,,1.0,,
79107798,,,,,2.0,456.0,1307.0,A,,2.0,1.0,25000.0,754.0,,412711.0,,,1.0,,
79110929,,,,,2.0,77.0,1256.0,A,,2.0,1.0,147272.0,702.0,,412711.0,,,1.0,,
79112249,,,,,2.0,77.0,58.0,A,,2.0,1.0,330000.0,53.0,,412711.0,,,1.0,,
79114303,,,,,2.0,77.0,1256.0,A,,2.0,1.0,59193.0,702.0,,412711.0,,,1.0,,
80701364,,,,,2.0,451.0,1376.0,A,,2.0,1.0,10000.0,822.0,,412711.0,,,1.0,,
80701608,456.0,1307.0,2.0,1.0,2.0,456.0,1307.0,A,,2.0,1.0,40000.0,,,412711.0,,,1.0,,
81192814,451.0,1376.0,2.0,1.0,2.0,451.0,1376.0,A,,2.0,1.0,80000.0,,,412711.0,,,1.0,,
81193103,451.0,1283.0,2.0,1.0,2.0,451.0,1283.0,A,,2.0,1.0,20000.0,,,412711.0,,,1.0,,
81275031,451.0,1376.0,2.0,1.0,2.0,451.0,1376.0,A,,2.0,1.0,27060.0,,,412711.0,,,1.0,,
81277994,451.0,1376.0,2.0,1.0,2.0,451.0,1376.0,A,,2.0,1.0,60000.0,,,412711.0,,,1.0,,
81278841,462.0,1345.0,2.0,1.0,2.0,462.0,1345.0,A,,2.0,1.0,218060.0,,,412711.0,,,1.0,,
81279055,462.0,1345.0,2.0,1.0,2.0,462.0,1345.0,A,,2.0,1.0,24000.0,,,412711.0,,,1.0,,
81279790,97.0,55.0,4.0,1.0,2.0,97.0,55.0,A,,4.0,1.0,160808.0,,,412711.0,,,1.0,,
93912595,,,,,,,,,,,,,,,,,,,,
98980469,,,,,,,,,,,,,,,,,,,,
98982052,,,,,,,,,,,,,,,,,,,,
98983383,,,,,,,,,,,,,,,,,,,,
98984755,,,,,,,,,,,,,,,,,,,,
98985930,,,,,,,,,,,,,,,,,,,,
98987028,,,,,,,,,,,,,,,,,,,,
98988847,,,,,,,,,,,,,,,,,,,,
98994595,,,,,,,,,,,,,,,,,,,,
99004656,,,,,,,,,,,,,,,,,,,,
99008689,,,,,,,,,,,,,,,,,,,,
99010026,,,,,,,,,,,,,,,,,,,,
99010616,,,,,,,,,,,,,,,,,,,,
99011585,,,,,,,,,,,,,,,,,,,,
99012083,,,,,,,,,,,,,,,,,,,,
99012504,,,,,,,,,,,,,,,,,,,,
99012761,,,,,,,,,,,,,,,,,,,,
99020322,,,,,,,,,,,,,,,,,,,,
99049802,,,,,,,,,,,,,,,,,,,,
99050214,,,,,,,,,,,,,,,,,,,,
99051027,,,,,,,,,,,,,,,,,,,,
99067893,,,,,,,,,,,,,,,,,,,,
99068229,,,,,,,,,,,,,,,,,,,,
99068751,,,,,,,,,,,,,,,,,,,,
99070425,,,,,,,,,,,,,,,,,,,,
99181139,,,,,,,,,,,,,,,,,,,,
99181354,,,,,,,,,,,,,,,,,,,,
99181611,,,,,,,,,,,,,,,,,,,,
99181942,,,,,,,,,,,,,,,,,,,,
99182153,,,,,,,,,,,,,,,,,,,,
99182507,,,,,,,,,,,,,,,,,,,,
99182641,,,,,,,,,,,,,,,,,,,,
99183190,,,,,,,,,,,,,,,,,,,,
99183473,,,,,,,,,,,,,,,,,,,,
99184594,,,,,,,,,,,,,,,,,,,,
99184796,,,,,,,,,,,,,,,,,,,,
99185394,,,,,,,,,,,,,,,,,,,,
99185746,,,,,,,,,,,,,,,,,,,,
99185999,,,,,,,,,,,,,,,,,,,,
99186210,,,,,,,,,,,,,,,,,,,,
99186361,,,,,,,,,,,,,,,,,,,,
99186565,,,,,,,,,,,,,,,,,,,,
99186857,,,,,,,,,,,,,,,,,,,,
99187842,,,,,,,,,,,,,,,,,,,,
99188023,,,,,,,,,,,,,,,,,,,,
99188501,,,,,,,,,,,,,,,,,,,,
99188850,,,,,,,,,,,,,,,,,,,,
99189079,,,,,,,,,,,,,,,,,,,,
99189242,,,,,,,,,,,,,,,,,,,,
99190010,,,,,,,,,,,,,,,,,,,,
99190639,,,,,,,,,,,,,,,,,,,,
99232946,,,,,,,,,,,,,,,,,,,,
99233151,,,,,,,,,,,,,,,,,,,,
99233529,,,,,,,,,,,,,,,,,,,,
99233952,,,,,,,,,,,,,,,,,,,,
99234194,,,,,,,,,,,,,,,,,,,,
99234459,,,,,,,,,,,,,,,,,,,,
99234872,,,,,,,,,,,,,,,,,,,,
99235035,,,,,,,,,,,,,,,,,,,,
99235678,,,,,,,,,,,,,,,,,,,,
99254715,,,,,,,,,,,,,,,,,,,,
99255130,,,,,,,,,,,,,,,,,,,,
99374692,,,,,,,,,,,,,,,,,,,,
99377324,,,,,,,,,,,,,,,,,,,,
99378608,,,,,,,,,,,,,,,,,,,,
99379505,,,,,,,,,,,,,,,,,,,,
99379880,,,,,,,,,,,,,,,,,,,,
99380444,,,,,,,,,,,,,,,,,,,,
99380807,,,,,,,,,,,,,,,,,,,,
99381150,,,,,,,,,,,,,,,,,,,,
99381534,,,,,,,,,,,,,,,,,,,,
99383595,,,,,,,,,,,,,,,,,,,,
99384985,,,,,,,,,,,,,,,,,,,,
99385004,,,,,,,,,,,,,,,,,,,,
99404420,,,,,,,,,,,,,,,,,,,,
99436441,,,,,,,,,,,,,,,,,,,,
99436836,,,,,,,,,,,,,,,,,,,,
99437119,,,,,,,,,,,,,,,,,,,,
99437408,,,,,,,,,,,,,,,,,,,,
99437580,,,,,,,,,,,,,,,,,,,,
99437992,,,,,,,,,,,,,,,,,,,,
99502819,,,,,,,,,,,,,,,,,,,,
99503430,,,,,,,,,,,,,,,,,,,,
99503826,,,,,,,,,,,,,,,,,,,,
99504173,,,,,,,,,,,,,,,,,,,,
99535216,,,,,,,,,,,,,,,,,,,,
99535637,,,,,,,,,,,,,,,,,,,,
99536053,,,,,,,,,,,,,,,,,,,,
99536493,,,,,,,,,,,,,,,,,,,,
99551142,,,,,,,,,,,,,,,,,,,,
99551414,,,,,,,,,,,,,,,,,,,,
99552272,,,,,,,,,,,,,,,,,,,,
99552709,,,,,,,,,,,,,,,,,,,,
99553038,,,,,,,,,,,,,,,,,,,,
99553253,,,,,,,,,,,,,,,,,,,,
99553467,,,,,,,,,,,,,,,,,,,,
99554520,,,,,,,,,,,,,,,,,,,,
99554965,,,,,,,,,,,,,,,,,,,,
99555337,,,,,,,,,,,,,,,,,,,,
99555595,,,,,,,,,,,,,,,,,,,,
99556081,,,,,,,,,,,,,,,,,,,,
99556605,,,,,,,,,,,,,,,,,,,,
99556948,,,,,,,,,,,,,,,,,,,,
99557348,,,,,,,,,,,,,,,,,,,,
99557649,,,,,,,,,,,,,,,,,,,,
99557874,,,,,,,,,,,,,,,,,,,,
99563179,,,,,,,,,,,,,,,,,,,,
99563297,,,,,,,,,,,,,,,,,,,,
99563434,,,,,,,,,,,,,,,,,,,,
99563660,,,,,,,,,,,,,,,,,,,,
99563861,,,,,,,,,,,,,,,,,,,,
99563983,,,,,,,,,,,,,,,,,,,,
99564198,,,,,,,,,,,,,,,,,,,,
99564416,,,,,,,,,,,,,,,,,,,,
99564677,,,,,,,,,,,,,,,,,,,,
99565761,,,,,,,,,,,,,,,,,,,,
99565922,,,,,,,,,,,,,,,,,,,,
99566051,,,,,,,,,,,,,,,,,,,,
99566203,,,,,,,,,,,,,,,,,,,,
99566385,,,,,,,,,,,,,,,,,,,,
99566717,,,,,,,,,,,,,,,,,,,,
99566819,,,,,,,,,,,,,,,,,,,,
99566874,,,,,,,,,,,,,,,,,,,,
99567165,,,,,,,,,,,,,,,,,,,,
99567718,,,,,,,,,,,,,,,,,,,,
99567781,,,,,,,,,,,,,,,,,,,,
99567852,,,,,,,,,,,,,,,,,,,,
99567922,,,,,,,,,,,,,,,,,,,,
99567982,,,,,,,,,,,,,,,,,,,,
99568084,,,,,,,,,,,,,,,,,,,,
99568191,,,,,,,,,,,,,,,,,,,,
99568255,,,,,,,,,,,,,,,,,,,,
99568349,,,,,,,,,,,,,,,,,,,,
99568475,,,,,,,,,,,,,,,,,,,,
99568569,,,,,,,,,,,,,,,,,,,,
99599855,,,,,,,,,,,,,,,,,,,,
99600094,,,,,,,,,,,,,,,,,,,,
99600449,,,,,,,,,,,,,,,,,,,,
99600731,,,,,,,,,,,,,,,,,,,,
99601207,,,,,,,,,,,,,,,,,,,,
99601444,,,,,,,,,,,,,,,,,,,,
99602052,,,,,,,,,,,,,,,,,,,,
99602332,,,,,,,,,,,,,,,,,,,,
99602679,,,,,,,,,,,,,,,,,,,,
99603768,,,,,,,,,,,,,,,,,,,,
99604086,,,,,,,,,,,,,,,,,,,,
99604496,,,,,,,,,,,,,,,,,,,,
99605173,,,,,,,,,,,,,,,,,,,,
99605532,,,,,,,,,,,,,,,,,,,,
99606152,,,,,,,,,,,,,,,,,,,,
99607423,,,,,,,,,,,,,,,,,,,,
99623793,,,,,,,,,,,,,,,,,,,,
99624286,,,,,,,,,,,,,,,,,,,,
99624824,,,,,,,,,,,,,,,,,,,,
99628117,,,,,,,,,,,,,,,,,,,,
99628738,,,,,,,,,,,,,,,,,,,,
99629255,,,,,,,,,,,,,,,,,,,,
101677505,462.0,1346.0,2.0,1.0,,,,,,,,,,,,,,,,
101700799,,,,,2.0,453.0,1299.0,A,,2.0,1.0,3500.0,746.0,,412711.0,,,1.0,,
101701760,,,,,2.0,453.0,1299.0,A,,2.0,1.0,3500.0,746.0,,412711.0,,,1.0,,
101702702,,,,,2.0,453.0,1299.0,A,,2.0,1.0,3500.0,746.0,,412711.0,,,1.0,,
101703754,,,,,2.0,453.0,1299.0,A,,2.0,1.0,3500.0,746.0,,412711.0,,,1.0,,
101705145,,,,,2.0,453.0,1299.0,A,,2.0,1.0,3500.0,746.0,,412711.0,,,1.0,,
101706085,,,,,2.0,453.0,1299.0,A,,2.0,1.0,3500.0,746.0,,412711.0,,,1.0,,
101707288,,,,,2.0,453.0,1299.0,A,,2.0,1.0,3500.0,746.0,,412711.0,,,1.0,,
101708055,,,,,2.0,453.0,1299.0,A,,2.0,1.0,3500.0,746.0,,412711.0,,,1.0,,
101708942,,,,,2.0,453.0,1299.0,A,,2.0,1.0,3500.0,746.0,,412711.0,,,1.0,,
101709825,,,,,2.0,453.0,1299.0,A,,2.0,1.0,3500.0,746.0,,412711.0,,,1.0,,
101710724,,,,,2.0,453.0,1299.0,A,,2.0,1.0,3500.0,746.0,,412711.0,,,1.0,,
101711789,,,,,2.0,453.0,1299.0,A,,2.0,1.0,3500.0,746.0,,412711.0,,,1.0,,
101713231,,,,,2.0,453.0,1299.0,A,,2.0,1.0,3500.0,746.0,,412711.0,,,1.0,,
101714877,,,,,2.0,453.0,1299.0,A,,2.0,1.0,3500.0,746.0,,412711.0,,,1.0,,
101716304,,,,,2.0,453.0,1299.0,A,,2.0,1.0,3500.0,746.0,,412711.0,,,1.0,,
101779311,,,,,,,,,,,,,,,,,,,,
101818781,,,,,2.0,6.0,3.0,A,,2.0,1.0,1000000.0,3.0,,412711.0,,,1.0,,
101824030,,,,,2.0,77.0,1256.0,A,,2.0,1.0,5000.0,702.0,,412711.0,,,1.0,,
101825953,,,,,,,,,,,,,,,,,,,,
101826859,,,,,,,,,,,,,,,,,,,,
101827970,,,,,,,,,,,,,,,,,,,,
101828729,,,,,,,,,,,,,,,,,,,,
101829349,,,,,,,,,,,,,,,,,,,,
101829663,,,,,,,,,,,,,,,,,,,,
101830490,,,,,,,,,,,,,,,,,,,,
101830973,,,,,,,,,,,,,,,,,,,,
101831545,,,,,,,,,,,,,,,,,,,,
101832099,,,,,,,,,,,,,,,,,,,,
101832801,,,,,,,,,,,,,,,,,,,,
101667469,462.0,1345.0,2.0,1.0,2.0,462.0,1345.0,A,,2.0,1.0,250567.0,,,412711.0,,,1.0,,
101668571,462.0,1375.0,2.0,1.0,2.0,462.0,1375.0,A,,2.0,1.0,39000.0,,,412711.0,,,1.0,,
101670645,462.0,1375.0,2.0,1.0,2.0,462.0,1375.0,A,,2.0,1.0,100000.0,,,412711.0,,,1.0,,
101672014,,,,,2.0,462.0,1348.0,A,,2.0,1.0,10000.0,795.0,,412711.0,,,1.0,,
101673353,462.0,1346.0,2.0,1.0,2.0,462.0,1346.0,A,,2.0,1.0,18000.0,,,412710.0,,,1.0,,
101674919,462.0,1346.0,2.0,1.0,2.0,462.0,1346.0,A,,2.0,1.0,18000.0,,,412711.0,,,1.0,,
101676201,462.0,1346.0,2.0,1.0,2.0,462.0,1346.0,A,,2.0,1.0,18000.0,,,412711.0,,,1.0,,
101679271,462.0,1346.0,2.0,1.0,2.0,462.0,1346.0,A,,2.0,1.0,18000.0,,,412711.0,,,1.0,,
101682447,451.0,1376.0,2.0,1.0,2.0,451.0,1376.0,A,,2.0,1.0,10000.0,,,412711.0,,,1.0,,
101683463,451.0,1376.0,2.0,1.0,2.0,451.0,1376.0,A,,2.0,1.0,40000.0,,,412711.0,,,1.0,,
101687405,,,,,2.0,456.0,1307.0,A,,2.0,1.0,87067.0,754.0,,412711.0,,,1.0,,
101692435,,,,,2.0,451.0,1376.0,A,,2.0,1.0,200000.0,822.0,,412711.0,,,1.0,,
101698485,451.0,1376.0,2.0,1.0,2.0,451.0,1376.0,A,,2.0,1.0,20000.0,,,412711.0,,,1.0,,
101699547,456.0,1307.0,2.0,1.0,2.0,456.0,1307.0,A,,2.0,1.0,10000.0,,,412711.0,,,1.0,,
101718593,456.0,1307.0,2.0,1.0,2.0,456.0,1307.0,A,,2.0,1.0,70000.0,,,412711.0,,,1.0,,
101758172,104.0,47.0,2.0,1.0,2.0,104.0,47.0,A,,2.0,1.0,380000.0,,,412711.0,,,1.0,,
101760378,104.0,53.0,2.0,1.0,2.0,104.0,53.0,A,,2.0,1.0,172756.0,,,412711.0,,,1.0,,
101767979,77.0,1256.0,2.0,1.0,2.0,77.0,1256.0,A,,2.0,1.0,100000.0,,,412711.0,,,1.0,,
101770042,15.0,1205.0,4.0,1.0,2.0,15.0,1205.0,A,,4.0,1.0,280000.0,,,412711.0,,,1.0,,
101771672,,,,,2.0,97.0,55.0,A,,4.0,1.0,130000.0,64.0,,412711.0,,,1.0,,
101778291,,,,,2.0,97.0,1062.0,A,,2.0,1.0,80000.0,106.0,,412711.0,,,1.0,,
101781141,,,,,2.0,77.0,1256.0,A,,2.0,1.0,33230.0,702.0,,412711.0,,,1.0,,
101787279,,,,,,,,,,,,,,,,,,,,
101793444,,,,,2.0,97.0,55.0,A,,4.0,1.0,100000.0,64.0,,412709.0,,,1.0,,
101794599,,,,,2.0,97.0,55.0,A,,4.0,1.0,208152.0,64.0,,412711.0,,,1.0,,
117140028,,,,,2.0,77.0,1272.0,A,,2.0,1.0,113000.0,719.0,,412711.0,,,1.0,,
117144842,,,,,2.0,77.0,1272.0,A,,2.0,1.0,113000.0,719.0,,412711.0,,,1.0,,
117145764,,,,,2.0,77.0,1272.0,A,,2.0,1.0,113000.0,719.0,,412711.0,,,1.0,,
117146557,,,,,2.0,77.0,1272.0,A,,2.0,1.0,113000.0,719.0,,412711.0,,,1.0,,
117147104,,,,,2.0,77.0,1272.0,A,,2.0,1.0,113000.0,719.0,,412711.0,,,1.0,,
117147625,,,,,2.0,77.0,1272.0,A,,2.0,1.0,113000.0,719.0,,412711.0,,,1.0,,
117148210,,,,,2.0,77.0,1272.0,A,,2.0,1.0,113000.0,719.0,,412711.0,,,1.0,,
117173379,,,,,2.0,77.0,1272.0,A,,2.0,1.0,113000.0,719.0,,412711.0,,,1.0,,
117746359,,,,,2.0,4.0,64.0,A,,2.0,1.0,1000000.0,58.0,,412709.0,,,1.0,,
117747151,,,,,2.0,462.0,1353.0,A,,2.0,1.0,1000000.0,800.0,,412711.0,,,1.0,,
117929730,,,,,2.0,457.0,1313.0,A,,2.0,1.0,1000000.0,760.0,,412709.0,,,1.0,,
117943800,,,,,2.0,77.0,1216.0,A,,2.0,1.0,500000.0,662.0,,412711.0,,,1.0,,
118277376,,,,,,,,,,,,,,,,,,,,
121711622,,,,,,,,,,,,,,,,,,,,
121794473,,,,,,,,,,,,,,,,,,,,
121829724,,,,,,,,,,,,,,,,,,,,
121831448,,,,,,,,,,,,,,,,,,,,
121832409,,,,,,,,,,,,,,,,,,,,
121835370,,,,,,,,,,,,,,,,,,,,
121835842,,,,,,,,,,,,,,,,,,,,
121836217,,,,,,,,,,,,,,,,,,,,
121836734,,,,,,,,,,,,,,,,,,,,
121837298,,,,,,,,,,,,,,,,,,,,
121837654,,,,,,,,,,,,,,,,,,,,
121843533,,,,,,,,,,,,,,,,,,,,
121843813,,,,,,,,,,,,,,,,,,,,
121844167,,,,,,,,,,,,,,,,,,,,
121844382,,,,,,,,,,,,,,,,,,,,
121844853,,,,,,,,,,,,,,,,,,,,
121845339,,,,,,,,,,,,,,,,,,,,
121845884,,,,,,,,,,,,,,,,,,,,
121846574,,,,,,,,,,,,,,,,,,,,
121847071,,,,,,,,,,,,,,,,,,,,
121847606,,,,,,,,,,,,,,,,,,,,
121847816,,,,,,,,,,,,,,,,,,,,
121848231,,,,,,,,,,,,,,,,,,,,
121848515,,,,,,,,,,,,,,,,,,,,
121848912,,,,,,,,,,,,,,,,,,,,
121849379,,,,,,,,,,,,,,,,,,,,
121849687,,,,,,,,,,,,,,,,,,,,
121850331,,,,,,,,,,,,,,,,,,,,
121850883,,,,,,,,,,,,,,,,,,,,
121851348,,,,,,,,,,,,,,,,,,,,
121876528,,,,,2.0,97.0,55.0,A,,4.0,1.0,1000000.0,64.0,,412711.0,,,1.0,,
121876850,,,,,,,,,,,,,,,,,,,,
121950179,457.0,1313.0,2.0,1.0,,,,,,,,,,,,,,,,
121950897,,,,,,,,,,,,,,,,,,,,
121951029,,,,,2.0,60.0,1208.0,A,,2.0,1.0,100000.0,654.0,,412711.0,,,1.0,,
121951043,,,,,,,,,,,,,,,,,,,,
121951169,,,,,,,,,,,,,,,,,,,,
121951263,,,,,,,,,,,,,,,,,,,,
121951367,,,,,,,,,,,,,,,,,,,,
121951526,,,,,,,,,,,,,,,,,,,,
121951619,,,,,,,,,,,,,,,,,,,,
121951695,,,,,,,,,,,,,,,,,,,,
121951791,,,,,,,,,,,,,,,,,,,,
121951887,,,,,,,,,,,,,,,,,,,,
121952052,,,,,,,,,,,,,,,,,,,,
121952175,,,,,,,,,,,,,,,,,,,,
121952300,,,,,,,,,,,,,,,,,,,,
121952427,,,,,,,,,,,,,,,,,,,,
121952545,,,,,,,,,,,,,,,,,,,,
121952977,,,,,,,,,,,,,,,,,,,,
121953079,,,,,,,,,,,,,,,,,,,,
121953148,,,,,,,,,,,,,,,,,,,,
121953275,,,,,,,,,,,,,,,,,,,,
121953342,,,,,,,,,,,,,,,,,,,,
121953434,,,,,,,,,,,,,,,,,,,,
121953692,,,,,,,,,,,,,,,,,,,,
121953824,,,,,,,,,,,,,,,,,,,,
121953930,,,,,,,,,,,,,,,,,,,,
121954143,,,,,,,,,,,,,,,,,,,,
121954263,,,,,,,,,,,,,,,,,,,,
121954398,,,,,,,,,,,,,,,,,,,,
121954482,,,,,,,,,,,,,,,,,,,,
121954582,,,,,,,,,,,,,,,,,,,,
121954644,,,,,,,,,,,,,,,,,,,,
121954728,,,,,,,,,,,,,,,,,,,,
121954827,,,,,,,,,,,,,,,,,,,,
121954918,,,,,,,,,,,,,,,,,,,,
121955042,,,,,,,,,,,,,,,,,,,,
121955551,,,,,,,,,,,,,,,,,,,,
121955700,,,,,,,,,,,,,,,,,,,,
121955938,,,,,,,,,,,,,,,,,,,,
121956309,,,,,,,,,,,,,,,,,,,,
121956837,,,,,,,,,,,,,,,,,,,,
121956922,,,,,,,,,,,,,,,,,,,,
121957020,,,,,,,,,,,,,,,,,,,,
121957124,,,,,,,,,,,,,,,,,,,,
121957235,,,,,,,,,,,,,,,,,,,,
121957334,,,,,,,,,,,,,,,,,,,,
121957421,,,,,,,,,,,,,,,,,,,,
121957534,,,,,,,,,,,,,,,,,,,,
128267291,,,,,,,,,,,,,,,,,,,,
121785218,,,,,,,,,,,,,,,,,,,,
121958555,,,,,,,,,,,,,,,,,,,,
121772840,,,,,2.0,454.0,1301.0,A,,2.0,1.0,69000.0,748.0,,412711.0,,,1.0,,
121773936,,,,,1.0,41.0,1162.0,A,,2.0,1.0,250000.0,466.0,,412711.0,,,1.0,,
121786130,,,,,1.0,41.0,1102.0,A,,2.0,1.0,60694.0,406.0,,412711.0,,,1.0,,
121875885,,,,,2.0,77.0,1380.0,A,,2.0,1.0,120000.0,826.0,,412711.0,,,1.0,,
121876065,,,,,1.0,461.0,1343.0,A,,2.0,1.0,60000.0,789.0,,412711.0,,,1.0,,
121876214,,,,,1.0,455.0,1286.0,A,,2.0,1.0,283230.0,733.0,,412711.0,,,1.0,,
121949512,,,,,2.0,15.0,1205.0,A,,4.0,1.0,180000.0,508.0,,412711.0,,,1.0,,
121949707,,,,,2.0,451.0,1376.0,A,,2.0,1.0,200000.0,822.0,,412711.0,,,1.0,,
121949847,454.0,1300.0,2.0,1.0,2.0,454.0,1300.0,A,,2.0,1.0,60000.0,,,412711.0,,,1.0,,
121950008,,,,,2.0,453.0,1299.0,A,,2.0,1.0,60000.0,746.0,,412711.0,,,1.0,,
121950281,454.0,1301.0,2.0,1.0,2.0,454.0,1301.0,A,,2.0,1.0,60567.0,,,412711.0,,,1.0,,
121950482,462.0,1375.0,2.0,1.0,2.0,462.0,1375.0,A,,2.0,1.0,120000.0,,,412711.0,,,1.0,,
121950601,,,,,2.0,462.0,1375.0,A,,2.0,1.0,30000.0,791.0,,412711.0,,,1.0,,
121950768,462.0,1375.0,2.0,1.0,2.0,462.0,1375.0,A,,2.0,1.0,89567.0,,,412711.0,,,1.0,,
121950891,,,,,2.0,60.0,1208.0,A,,2.0,1.0,150000.0,654.0,,412711.0,,,1.0,,
121951175,,,,,1.0,41.0,1102.0,A,,2.0,1.0,52306.0,406.0,,412711.0,,,1.0,,
121951342,,,,,,,,,,,,,,,,,,,,
128267271,,,,,2.0,77.0,1380.0,A,,2.0,1.0,250000.0,826.0,,412711.0,,,1.0,,
121784800,,,,,2.0,77.0,1380.0,A,,2.0,1.0,250000.0,826.0,,412711.0,,,1.0,,
