activity_code,fund_scheme_code,fund_component_code,fund_tied_general,fund_tied_sc,fund_tied_st,fund_untied_general,fund_untied_sc,fund_untied_st,fund_amount_total,fund_tied_abandoned_general,fund_tied_abandoned_sc,fund_tied_abandoned_st,fund_untied_abandoned_general,fund_untied_abandoned_sc,fund_untied_abandoned_st,fund_overflow_json
44434680,1769.0,4249.0,20000.0,0.0,0.0,0.0,0.0,0.0,20000.0,,,,,,,
44434714,1769.0,4249.0,100000.0,0.0,0.0,0.0,0.0,0.0,100000.0,,,,,,,
50378089,1769.0,4211.0,0.0,0.0,0.0,200000.0,0.0,0.0,200000.0,,,,,,,
50385378,1778.0,4250.0,0.0,0.0,0.0,90000.0,0.0,0.0,90000.0,,,,,,,
50386322,1778.0,4250.0,0.0,0.0,0.0,4350.0,0.0,0.0,4350.0,,,,,,,
50509169,1778.0,4250.0,0.0,0.0,0.0,128624.0,0.0,0.0,128624.0,,,,,,,
50518845,1769.0,4249.0,193154.0,0.0,0.0,0.0,0.0,0.0,193154.0,,,,,,,
50518944,1769.0,4211.0,0.0,0.0,0.0,193154.0,0.0,0.0,193154.0,,,,,,,
50384996,1778.0,4250.0,0.0,0.0,0.0,11239.0,0.0,0.0,11239.0,,,,,,,
44434227,1769.0,4211.0,0.0,0.0,0.0,150000.0,0.0,0.0,150000.0,,,,,,,
44434249,1769.0,4211.0,0.0,0.0,0.0,100000.0,0.0,0.0,100000.0,,,,,,,
44434288,1769.0,4211.0,0.0,0.0,0.0,300000.0,0.0,0.0,300000.0,0.0,0.0,0.0,300000.0,0.0,0.0,
44434332,1769.0,4211.0,0.0,0.0,0.0,70000.0,0.0,0.0,70000.0,,,,,,,
44434352,1769.0,4211.0,0.0,0.0,0.0,95772.0,0.0,0.0,95772.0,,,,,,,
44434533,1769.0,4249.0,180000.0,0.0,0.0,0.0,0.0,0.0,180000.0,,,,,,,
44434659,1769.0,4249.0,48000.0,0.0,0.0,0.0,0.0,0.0,48000.0,,,,,,,
44434698,1769.0,4249.0,117772.0,0.0,0.0,0.0,0.0,0.0,117772.0,,,,,,,
44434871,1778.0,4250.0,0.0,0.0,0.0,100000.0,0.0,0.0,100000.0,,,,,,,
44434893,1778.0,4250.0,0.0,0.0,0.0,43120.0,0.0,0.0,43120.0,,,,,,,
50378563,1769.0,4211.0,0.0,0.0,0.0,200000.0,0.0,0.0,200000.0,,,,,,,
50378946,1769.0,4211.0,0.0,0.0,0.0,150000.0,0.0,0.0,150000.0,,,,,,,
50379473,1769.0,4249.0,54492.0,0.0,0.0,0.0,0.0,0.0,54492.0,,,,,,,
50379756,1769.0,4249.0,160543.0,0.0,0.0,0.0,0.0,0.0,160543.0,,,,,,,
50380045,1769.0,4249.0,33002.0,0.0,0.0,0.0,0.0,0.0,33002.0,,,,,,,
50380394,1769.0,4249.0,54492.0,0.0,0.0,0.0,0.0,0.0,54492.0,,,,,,,
50380631,1769.0,4249.0,106090.0,0.0,0.0,0.0,0.0,0.0,106090.0,,,,,,,
50380926,1769.0,4249.0,91381.0,0.0,0.0,0.0,0.0,0.0,91381.0,,,,,,,
50385180,1778.0,4250.0,0.0,0.0,0.0,162137.0,0.0,0.0,162137.0,,,,,,,
50385618,1778.0,4250.0,0.0,0.0,0.0,12000.0,0.0,0.0,12000.0,,,,,,,
50386093,1778.0,4250.0,0.0,0.0,0.0,12000.0,0.0,0.0,12000.0,,,,,,,
50386577,1778.0,4250.0,0.0,0.0,0.0,30000.0,0.0,0.0,30000.0,,,,,,,
50386819,1778.0,4250.0,0.0,0.0,0.0,178274.0,0.0,0.0,178274.0,,,,,,,
44434317,1769.0,4211.0,0.0,0.0,0.0,250000.0,0.0,0.0,250000.0,0.0,0.0,0.0,250000.0,0.0,0.0,
44434761,1769.0,4249.0,500000.0,0.0,0.0,0.0,0.0,0.0,500000.0,500000.0,0.0,0.0,0.0,0.0,0.0,
44434774,1778.0,4250.0,0.0,0.0,0.0,150000.0,0.0,0.0,150000.0,0.0,0.0,0.0,150000.0,0.0,0.0,
44434793,1778.0,4250.0,0.0,0.0,0.0,100000.0,0.0,0.0,100000.0,0.0,0.0,0.0,100000.0,0.0,0.0,
44434810,1778.0,4250.0,0.0,0.0,0.0,150000.0,0.0,0.0,150000.0,0.0,0.0,0.0,150000.0,0.0,0.0,
44434838,1778.0,4250.0,0.0,0.0,0.0,100000.0,0.0,0.0,100000.0,0.0,0.0,0.0,100000.0,0.0,0.0,
48702295,1769.0,4249.0,200000.0,0.0,0.0,0.0,0.0,0.0,200000.0,,,,,,,
48702608,1769.0,4249.0,250000.0,0.0,0.0,0.0,0.0,0.0,250000.0,,,,,,,
48945030,1769.0,4249.0,32918.0,0.0,0.0,0.0,0.0,0.0,32918.0,,,,,,,
48945227,1769.0,4249.0,482917.0,0.0,0.0,0.0,0.0,0.0,482917.0,,,,,,,
48945351,1769.0,4211.0,0.0,0.0,0.0,150000.0,0.0,0.0,150000.0,,,,,,,
48945423,1769.0,4211.0,0.0,0.0,0.0,150000.0,0.0,0.0,150000.0,,,,,,,
48945521,1769.0,4211.0,0.0,0.0,0.0,335835.0,0.0,0.0,335835.0,,,,,,,
48945604,1769.0,4211.0,0.0,0.0,0.0,330000.0,0.0,0.0,330000.0,,,,,,,
48945928,1778.0,4250.0,0.0,0.0,0.0,73120.0,0.0,0.0,73120.0,,,,,,,
48946946,1778.0,4250.0,0.0,0.0,0.0,48000.0,0.0,0.0,48000.0,,,,,,,
48947039,1778.0,4250.0,0.0,0.0,0.0,180000.0,0.0,0.0,180000.0,,,,,,,
48947102,1778.0,4250.0,0.0,0.0,0.0,124917.0,0.0,0.0,124917.0,,,,,,,
48947241,1778.0,4250.0,0.0,0.0,0.0,100000.0,0.0,0.0,100000.0,,,,,,,
48947511,1778.0,4250.0,0.0,0.0,0.0,117083.0,0.0,0.0,117083.0,,,,,,,
65640900,1769.0,4211.0,0.0,0.0,0.0,108992.0,0.0,0.0,108992.0,,,,,,,
65647782,1769.0,4249.0,75000.0,0.0,0.0,0.0,0.0,0.0,75000.0,,,,,,,
65647815,1769.0,4249.0,8000.0,0.0,0.0,0.0,0.0,0.0,8000.0,,,,,,,
65647846,1769.0,4249.0,10000.0,0.0,0.0,0.0,0.0,0.0,10000.0,,,,,,,
65647886,1769.0,4249.0,15000.0,0.0,0.0,0.0,0.0,0.0,15000.0,,,,,,,
65647910,1769.0,4249.0,72000.0,0.0,0.0,0.0,0.0,0.0,72000.0,,,,,,,
61656325,1769.0,4249.0,100000.0,0.0,0.0,0.0,0.0,0.0,100000.0,100000.0,0.0,0.0,0.0,0.0,0.0,
61688546,1769.0,4249.0,48000.0,0.0,0.0,0.0,0.0,0.0,48000.0,,,,,,,
65640607,1778.0,4251.0,0.0,0.0,0.0,200000.0,0.0,0.0,200000.0,,,,,,,
65640647,1778.0,4251.0,0.0,0.0,0.0,200000.0,0.0,0.0,200000.0,,,,,,,
65640676,1778.0,4251.0,0.0,0.0,0.0,118120.0,0.0,0.0,118120.0,,,,,,,
65640722,1778.0,4251.0,0.0,0.0,0.0,125000.0,0.0,0.0,125000.0,,,,,,,
65640793,1769.0,4211.0,0.0,0.0,0.0,400000.0,0.0,0.0,400000.0,,,,,,,
65640848,1769.0,4211.0,0.0,0.0,0.0,100000.0,0.0,0.0,100000.0,,,,,,,
65647203,1769.0,4249.0,128744.0,0.0,0.0,0.0,0.0,0.0,128744.0,,,,,,,
65647221,1769.0,4249.0,80000.0,0.0,0.0,0.0,0.0,0.0,80000.0,,,,,,,
65647242,1769.0,4249.0,200000.0,0.0,0.0,0.0,0.0,0.0,200000.0,,,,,,,
65647344,1769.0,4249.0,50000.0,0.0,0.0,0.0,0.0,0.0,50000.0,,,,,,,
65647385,1769.0,4249.0,107000.0,0.0,0.0,0.0,0.0,0.0,107000.0,,,,,,,
65647681,1769.0,4249.0,114594.0,0.0,0.0,0.0,0.0,0.0,114594.0,,,,,,,
65647752,1769.0,4249.0,5150.0,0.0,0.0,0.0,0.0,0.0,5150.0,,,,,,,
61654298,1778.0,4251.0,0.0,0.0,0.0,200000.0,0.0,0.0,200000.0,0.0,0.0,0.0,200000.0,0.0,0.0,
61654557,1778.0,4251.0,0.0,0.0,0.0,50000.0,0.0,0.0,50000.0,0.0,0.0,0.0,50000.0,0.0,0.0,
61654669,1778.0,4251.0,0.0,0.0,0.0,100000.0,0.0,0.0,100000.0,0.0,0.0,0.0,100000.0,0.0,0.0,
61654792,1778.0,4251.0,0.0,0.0,0.0,100000.0,0.0,0.0,100000.0,0.0,0.0,0.0,100000.0,0.0,0.0,
61655118,1778.0,4251.0,0.0,0.0,0.0,118120.0,0.0,0.0,118120.0,0.0,0.0,0.0,118120.0,0.0,0.0,
61655334,1778.0,4251.0,0.0,0.0,0.0,75000.0,0.0,0.0,75000.0,0.0,0.0,0.0,75000.0,0.0,0.0,
61655498,1769.0,4211.0,0.0,0.0,0.0,300000.0,0.0,0.0,300000.0,0.0,0.0,0.0,300000.0,0.0,0.0,
61655596,1769.0,4211.0,0.0,0.0,0.0,130000.0,0.0,0.0,130000.0,0.0,0.0,0.0,130000.0,0.0,0.0,
61655695,1769.0,4211.0,0.0,0.0,0.0,100000.0,0.0,0.0,100000.0,0.0,0.0,0.0,100000.0,0.0,0.0,
61655898,1769.0,4211.0,0.0,0.0,0.0,78992.0,0.0,0.0,78992.0,0.0,0.0,0.0,78992.0,0.0,0.0,
61655986,1769.0,4249.0,206744.0,0.0,0.0,0.0,0.0,0.0,206744.0,206744.0,0.0,0.0,0.0,0.0,0.0,
61656092,1769.0,4249.0,50000.0,0.0,0.0,0.0,0.0,0.0,50000.0,50000.0,0.0,0.0,0.0,0.0,0.0,
61656211,1769.0,4249.0,100000.0,0.0,0.0,0.0,0.0,0.0,100000.0,100000.0,0.0,0.0,0.0,0.0,0.0,
61688040,1769.0,4249.0,80000.0,0.0,0.0,0.0,0.0,0.0,80000.0,80000.0,0.0,0.0,0.0,0.0,0.0,
61688279,1769.0,4249.0,220000.0,0.0,0.0,0.0,0.0,0.0,220000.0,220000.0,0.0,0.0,0.0,0.0,0.0,
61688421,1769.0,4249.0,108744.0,0.0,0.0,0.0,0.0,0.0,108744.0,108744.0,0.0,0.0,0.0,0.0,0.0,
76539130,,,,,,,,,,,,,,,,
76542190,,,,,,,,,,,,,,,,
76548470,,,,,,,,,,,,,,,,
76550258,,,,,,,,,,,,,,,,
76551891,,,,,,,,,,,,,,,,
76554062,,,,,,,,,,,,,,,,
76555011,,,,,,,,,,,,,,,,
76557886,,,,,,,,,,,,,,,,
76561252,,,,,,,,,,,,,,,,
76562522,,,,,,,,,,,,,,,,
76565463,,,,,,,,,,,,,,,,
76567063,,,,,,,,,,,,,,,,
76571285,,,,,,,,,,,,,,,,
76574548,,,,,,,,,,,,,,,,
76576762,,,,,,,,,,,,,,,,
76577989,,,,,,,,,,,,,,,,
76580508,,,,,,,,,,,,,,,,
76584143,,,,,,,,,,,,,,,,
76586385,,,,,,,,,,,,,,,,
76588405,,,,,,,,,,,,,,,,
76589351,,,,,,,,,,,,,,,,
77018625,,,,,,,,,,,,,,,,
77021336,,,,,,,,,,,,,,,,
77022717,,,,,,,,,,,,,,,,
77222350,,,,,,,,,,,,,,,,
77222608,,,,,,,,,,,,,,,,
77222875,,,,,,,,,,,,,,,,
77223125,,,,,,,,,,,,,,,,
77223383,,,,,,,,,,,,,,,,
77223574,,,,,,,,,,,,,,,,
77223791,,,,,,,,,,,,,,,,
77224006,,,,,,,,,,,,,,,,
77224210,,,,,,,,,,,,,,,,
77224356,,,,,,,,,,,,,,,,
77224535,,,,,,,,,,,,,,,,
77224699,,,,,,,,,,,,,,,,
77224867,,,,,,,,,,,,,,,,
77225186,,,,,,,,,,,,,,,,
77225410,,,,,,,,,,,,,,,,
77225635,,,,,,,,,,,,,,,,
77225857,,,,,,,,,,,,,,,,
77226115,,,,,,,,,,,,,,,,
77226501,,,,,,,,,,,,,,,,
77226704,,,,,,,,,,,,,,,,
77226937,,,,,,,,,,,,,,,,
77227161,,,,,,,,,,,,,,,,
77227462,,,,,,,,,,,,,,,,
77227817,,,,,,,,,,,,,,,,
77228026,,,,,,,,,,,,,,,,
77285748,,,,,,,,,,,,,,,,
77286839,,,,,,,,,,,,,,,,
77287395,,,,,,,,,,,,,,,,
77288249,,,,,,,,,,,,,,,,
77290116,,,,,,,,,,,,,,,,
77291194,,,,,,,,,,,,,,,,
77294180,,,,,,,,,,,,,,,,
77296197,,,,,,,,,,,,,,,,
77297658,,,,,,,,,,,,,,,,
77298704,,,,,,,,,,,,,,,,
77300044,,,,,,,,,,,,,,,,
77572957,,,,,,,,,,,,,,,,
77573393,,,,,,,,,,,,,,,,
77574093,,,,,,,,,,,,,,,,
77574393,,,,,,,,,,,,,,,,
77575302,,,,,,,,,,,,,,,,
77575533,,,,,,,,,,,,,,,,
77575718,,,,,,,,,,,,,,,,
77575994,,,,,,,,,,,,,,,,
77576148,,,,,,,,,,,,,,,,
77576384,,,,,,,,,,,,,,,,
77576594,,,,,,,,,,,,,,,,
77576765,,,,,,,,,,,,,,,,
77576947,,,,,,,,,,,,,,,,
77577772,,,,,,,,,,,,,,,,
77578031,,,,,,,,,,,,,,,,
77578862,,,,,,,,,,,,,,,,
77581288,,,,,,,,,,,,,,,,
78483302,,,,,,,,,,,,,,,,
78483678,,,,,,,,,,,,,,,,
78484531,,,,,,,,,,,,,,,,
78484900,,,,,,,,,,,,,,,,
78485217,,,,,,,,,,,,,,,,
78486028,,,,,,,,,,,,,,,,
78486703,,,,,,,,,,,,,,,,
78487136,,,,,,,,,,,,,,,,
78487683,,,,,,,,,,,,,,,,
78488329,,,,,,,,,,,,,,,,
78488734,,,,,,,,,,,,,,,,
78489048,,,,,,,,,,,,,,,,
78489349,,,,,,,,,,,,,,,,
78489962,,,,,,,,,,,,,,,,
78490332,,,,,,,,,,,,,,,,
78490914,,,,,,,,,,,,,,,,
78491379,,,,,,,,,,,,,,,,
78491636,,,,,,,,,,,,,,,,
78491930,,,,,,,,,,,,,,,,
78492222,,,,,,,,,,,,,,,,
79107803,,,,,,,,,,,,,,,,
79108625,,,,,,,,,,,,,,,,
79109324,,,,,,,,,,,,,,,,
79109779,,,,,,,,,,,,,,,,
79110162,,,,,,,,,,,,,,,,
79111411,,,,,,,,,,,,,,,,
79112158,,,,,,,,,,,,,,,,
79112732,,,,,,,,,,,,,,,,
79113767,,,,,,,,,,,,,,,,
79115307,,,,,,,,,,,,,,,,
79115979,,,,,,,,,,,,,,,,
79116494,,,,,,,,,,,,,,,,
79116825,,,,,,,,,,,,,,,,
79117239,,,,,,,,,,,,,,,,
79117799,,,,,,,,,,,,,,,,
79118322,,,,,,,,,,,,,,,,
79119341,,,,,,,,,,,,,,,,
79120344,,,,,,,,,,,,,,,,
79120770,,,,,,,,,,,,,,,,
79122176,,,,,,,,,,,,,,,,
79122770,,,,,,,,,,,,,,,,
79123435,,,,,,,,,,,,,,,,
79123919,,,,,,,,,,,,,,,,
79132821,,,,,,,,,,,,,,,,
79133246,,,,,,,,,,,,,,,,
79134272,,,,,,,,,,,,,,,,
79135404,,,,,,,,,,,,,,,,
79136040,,,,,,,,,,,,,,,,
79136675,,,,,,,,,,,,,,,,
79137185,,,,,,,,,,,,,,,,
79137833,,,,,,,,,,,,,,,,
79138279,,,,,,,,,,,,,,,,
79139486,,,,,,,,,,,,,,,,
79140259,,,,,,,,,,,,,,,,
79141676,,,,,,,,,,,,,,,,
79142084,,,,,,,,,,,,,,,,
79142524,,,,,,,,,,,,,,,,
79142876,,,,,,,,,,,,,,,,
79144076,,,,,,,,,,,,,,,,
79144423,,,,,,,,,,,,,,,,
79144908,,,,,,,,,,,,,,,,
79145679,,,,,,,,,,,,,,,,
79145930,,,,,,,,,,,,,,,,
79146194,,,,,,,,,,,,,,,,
79146537,,,,,,,,,,,,,,,,
79146926,,,,,,,,,,,,,,,,
81807728,1769.0,4211.0,0.0,0.0,0.0,10300.0,0.0,0.0,10300.0,,,,,,,
81810184,1769.0,4249.0,10650.0,0.0,0.0,0.0,0.0,0.0,10650.0,,,,,,,
81810563,1769.0,4249.0,20000.0,0.0,0.0,0.0,0.0,0.0,20000.0,,,,,,,
81812326,1769.0,4249.0,10000.0,0.0,0.0,0.0,0.0,0.0,10000.0,,,,,,,
81928022,1769.0,4249.0,25000.0,0.0,0.0,0.0,0.0,0.0,25000.0,,,,,,,
81958083,1778.0,4250.0,0.0,0.0,0.0,172448.0,0.0,0.0,172448.0,,,,,,,
82693845,1769.0,4249.0,73500.0,0.0,0.0,0.0,0.0,0.0,73500.0,,,,,,,
82721199,38.0,1.0,0.0,0.0,0.0,69410.0,0.0,0.0,69410.0,,,,,,,
82726253,29.0,4.0,0.0,0.0,0.0,100000.0,0.0,0.0,100000.0,,,,,,,
82730562,27.0,23.0,100000.0,0.0,0.0,0.0,0.0,0.0,100000.0,,,,,,,
82734648,31.0,24.0,100000.0,0.0,0.0,0.0,0.0,0.0,100000.0,,,,,,,
82735058,34.0,26.0,100000.0,0.0,0.0,0.0,0.0,0.0,100000.0,,,,,,,
82736399,26.0,3.0,0.0,0.0,0.0,100000.0,0.0,0.0,100000.0,,,,,,,
82736902,1013.0,2029.0,0.0,0.0,0.0,100000.0,0.0,0.0,100000.0,,,,,,,
82737293,1481.0,3795.0,0.0,0.0,0.0,100000.0,0.0,0.0,100000.0,,,,,,,
82737645,1547.0,3973.0,0.0,0.0,0.0,100000.0,0.0,0.0,100000.0,,,,,,,
82743049,1696.0,4133.0,0.0,0.0,0.0,100000.0,0.0,0.0,100000.0,,,,,,,
82743855,399.0,3744.0,0.0,0.0,0.0,100000.0,0.0,0.0,100000.0,,,,,,,
82746861,,,,,,,,,,,,,,,,
82747104,,,,,,,,,,,,,,,,
82747601,,,,,,,,,,,,,,,,
82748084,,,,,,,,,,,,,,,,
82748924,,,,,,,,,,,,,,,,
82749303,,,,,,,,,,,,,,,,
82756563,1769.0,4249.0,5336.0,0.0,0.0,0.0,0.0,0.0,5336.0,,,,,,,
82759348,0.0,0.0,0.0,0.0,0.0,24000.0,0.0,0.0,24000.0,,,,,,,
82761428,1769.0,4211.0,0.0,0.0,0.0,12238.0,0.0,0.0,12238.0,,,,,,,
82762410,38.0,1.0,0.0,0.0,0.0,400000.0,0.0,0.0,400000.0,,,,,,,
82762912,38.0,1.0,0.0,0.0,0.0,100000.0,0.0,0.0,100000.0,,,,,,,
82844937,26.0,3.0,0.0,0.0,0.0,100000.0,0.0,0.0,100000.0,,,,,,,
82845314,38.0,1.0,0.0,0.0,0.0,100000.0,0.0,0.0,100000.0,,,,,,,
82845756,38.0,1.0,0.0,0.0,0.0,100000.0,0.0,0.0,100000.0,,,,,,,
82846120,38.0,1.0,0.0,0.0,0.0,100000.0,0.0,0.0,100000.0,,,,,,,
82846674,38.0,1.0,0.0,0.0,0.0,100000.0,0.0,0.0,100000.0,,,,,,,
82847128,38.0,1.0,0.0,0.0,0.0,100000.0,0.0,0.0,100000.0,,,,,,,
82847548,38.0,1.0,0.0,0.0,0.0,100000.0,0.0,0.0,100000.0,,,,,,,
82848050,38.0,1.0,0.0,0.0,0.0,100000.0,0.0,0.0,100000.0,,,,,,,
82848492,38.0,1.0,0.0,0.0,0.0,100000.0,0.0,0.0,100000.0,,,,,,,
82849013,38.0,1.0,0.0,0.0,0.0,100000.0,0.0,0.0,100000.0,,,,,,,
82849591,38.0,1.0,0.0,0.0,0.0,100000.0,0.0,0.0,100000.0,,,,,,,
82850100,38.0,1.0,0.0,0.0,0.0,100000.0,0.0,0.0,100000.0,,,,,,,
82854313,38.0,1.0,0.0,0.0,0.0,100000.0,0.0,0.0,100000.0,,,,,,,
82855060,38.0,1.0,0.0,0.0,0.0,100000.0,0.0,0.0,100000.0,,,,,,,
82856129,26.0,3.0,0.0,0.0,0.0,100000.0,0.0,0.0,100000.0,,,,,,,
82856804,38.0,1.0,0.0,0.0,0.0,100000.0,0.0,0.0,100000.0,,,,,,,
82858974,38.0,1.0,0.0,0.0,0.0,100000.0,0.0,0.0,100000.0,,,,,,,
82860681,1778.0,4251.0,0.0,0.0,0.0,200000.0,0.0,0.0,200000.0,,,,,,,
82863014,38.0,1.0,0.0,0.0,0.0,100000.0,0.0,0.0,100000.0,,,,,,,
82863341,38.0,1.0,0.0,0.0,0.0,100000.0,0.0,0.0,100000.0,,,,,,,
82863764,38.0,1.0,0.0,0.0,0.0,100000.0,0.0,0.0,100000.0,,,,,,,
82865214,38.0,1.0,0.0,0.0,0.0,100000.0,0.0,0.0,100000.0,,,,,,,
99170258,,,,,,,,,,,,,,,,
127245884,1769.0,4249.0,51574.0,0.0,0.0,0.0,0.0,0.0,51574.0,,,,,,,
128340982,0.0,0.0,0.0,0.0,0.0,10000.0,0.0,0.0,10000.0,,,,,,,
81809079,1769.0,4211.0,0.0,0.0,0.0,593542.0,0.0,0.0,593542.0,,,,,,,
81954553,1769.0,4249.0,128724.0,0.0,0.0,0.0,0.0,0.0,128724.0,,,,,,,
81955225,1778.0,4250.0,0.0,0.0,0.0,404432.0,0.0,0.0,404432.0,,,,,,,
81957492,1769.0,4249.0,48000.0,0.0,0.0,0.0,0.0,0.0,48000.0,,,,,,,
82688276,1769.0,4249.0,66000.0,0.0,0.0,0.0,0.0,0.0,66000.0,,,,,,,
82753880,1769.0,4249.0,100000.0,0.0,0.0,0.0,0.0,0.0,100000.0,,,,,,,
82755183,1769.0,4249.0,10000.0,0.0,0.0,0.0,0.0,0.0,10000.0,,,,,,,
82758183,1769.0,4249.0,280000.0,0.0,0.0,0.0,0.0,0.0,280000.0,,,,,,,
127245789,0.0,0.0,0.0,0.0,0.0,50000.0,0.0,0.0,50000.0,,,,,,,
128251100,1769.0,4249.0,100000.0,0.0,0.0,0.0,0.0,0.0,100000.0,,,,,,,
128340688,1778.0,4250.0,0.0,0.0,0.0,80000.0,0.0,0.0,80000.0,,,,,,,
81956350,1778.0,4250.0,0.0,0.0,0.0,80000.0,0.0,0.0,80000.0,0.0,0.0,0.0,80000.0,0.0,0.0,
82716369,1769.0,4249.0,51574.0,0.0,0.0,0.0,0.0,0.0,51574.0,51574.0,0.0,0.0,0.0,0.0,0.0,
82753455,1769.0,4249.0,100000.0,0.0,0.0,0.0,0.0,0.0,100000.0,100000.0,0.0,0.0,0.0,0.0,0.0,
128251061,1778.0,4250.0,0.0,0.0,0.0,80000.0,0.0,0.0,80000.0,0.0,0.0,0.0,80000.0,0.0,0.0,
98422720,38.0,1.0,0.0,0.0,0.0,100000.0,0.0,0.0,100000.0,,,,,,,
98425797,,,,,,,,,,,,,,,,
98430111,,,,,,,,,,,,,,,,
98709086,,,,,,,,,,,,,,,,
98709782,,,,,,,,,,,,,,,,
98711268,38.0,1.0,0.0,0.0,0.0,10.0,0.0,0.0,10.0,,,,,,,
98712559,,,,,,,,,,,,,,,,
98713514,,,,,,,,,,,,,,,,
98714237,38.0,1.0,0.0,0.0,0.0,100000.0,0.0,0.0,100000.0,,,,,,,
98821199,,,,,,,,,,,,,,,,
98862927,,,,,,,,,,,,,,,,
98867753,,,,,,,,,,,,,,,,
98868735,,,,,,,,,,,,,,,,
98877149,,,,,,,,,,,,,,,,
98907959,,,,,,,,,,,,,,,,
98908373,,,,,,,,,,,,,,,,
98908854,,,,,,,,,,,,,,,,
98928593,,,,,,,,,,,,,,,,
98928912,,,,,,,,,,,,,,,,
98960870,,,,,,,,,,,,,,,,
98961370,,,,,,,,,,,,,,,,
98961695,,,,,,,,,,,,,,,,
98962460,,,,,,,,,,,,,,,,
98999190,,,,,,,,,,,,,,,,
99000124,,,,,,,,,,,,,,,,
99000859,,,,,,,,,,,,,,,,
99003684,,,,,,,,,,,,,,,,
99047624,,,,,,,,,,,,,,,,
99048588,,,,,,,,,,,,,,,,
99091690,,,,,,,,,,,,,,,,
99091819,,,,,,,,,,,,,,,,
99092203,,,,,,,,,,,,,,,,
99092469,,,,,,,,,,,,,,,,
99092851,,,,,,,,,,,,,,,,
99093066,,,,,,,,,,,,,,,,
99093182,,,,,,,,,,,,,,,,
99093383,,,,,,,,,,,,,,,,
99093559,,,,,,,,,,,,,,,,
99093727,,,,,,,,,,,,,,,,
99094346,,,,,,,,,,,,,,,,
99100599,,,,,,,,,,,,,,,,
99101094,,,,,,,,,,,,,,,,
99101505,,,,,,,,,,,,,,,,
99101653,,,,,,,,,,,,,,,,
99101797,,,,,,,,,,,,,,,,
99102108,,,,,,,,,,,,,,,,
99102280,,,,,,,,,,,,,,,,
99102767,,,,,,,,,,,,,,,,
99103410,,,,,,,,,,,,,,,,
99103562,,,,,,,,,,,,,,,,
99103744,,,,,,,,,,,,,,,,
99104582,,,,,,,,,,,,,,,,
99114129,,,,,,,,,,,,,,,,
99114350,,,,,,,,,,,,,,,,
99114616,,,,,,,,,,,,,,,,
99114858,,,,,,,,,,,,,,,,
99115123,,,,,,,,,,,,,,,,
99117034,,,,,,,,,,,,,,,,
99117043,,,,,,,,,,,,,,,,
99117399,,,,,,,,,,,,,,,,
99117448,,,,,,,,,,,,,,,,
99117836,,,,,,,,,,,,,,,,
99118546,,,,,,,,,,,,,,,,
99118774,,,,,,,,,,,,,,,,
99119062,,,,,,,,,,,,,,,,
99119264,,,,,,,,,,,,,,,,
99119487,,,,,,,,,,,,,,,,
99123094,,,,,,,,,,,,,,,,
99123602,,,,,,,,,,,,,,,,
99123643,,,,,,,,,,,,,,,,
99124178,,,,,,,,,,,,,,,,
99124607,,,,,,,,,,,,,,,,
99126974,,,,,,,,,,,,,,,,
99127279,,,,,,,,,,,,,,,,
99127497,,,,,,,,,,,,,,,,
99129574,,,,,,,,,,,,,,,,
99129919,,,,,,,,,,,,,,,,
99130444,,,,,,,,,,,,,,,,
99130651,,,,,,,,,,,,,,,,
99130848,,,,,,,,,,,,,,,,
99130880,,,,,,,,,,,,,,,,
99131172,,,,,,,,,,,,,,,,
99131233,,,,,,,,,,,,,,,,
99131586,,,,,,,,,,,,,,,,
99132114,,,,,,,,,,,,,,,,
99132163,,,,,,,,,,,,,,,,
99132389,,,,,,,,,,,,,,,,
99132745,,,,,,,,,,,,,,,,
99133081,,,,,,,,,,,,,,,,
99134131,,,,,,,,,,,,,,,,
99134395,,,,,,,,,,,,,,,,
99134687,,,,,,,,,,,,,,,,
99134957,,,,,,,,,,,,,,,,
99136943,,,,,,,,,,,,,,,,
99137203,,,,,,,,,,,,,,,,
99137546,,,,,,,,,,,,,,,,
99137881,,,,,,,,,,,,,,,,
99138141,,,,,,,,,,,,,,,,
99138474,,,,,,,,,,,,,,,,
99138729,,,,,,,,,,,,,,,,
99139067,,,,,,,,,,,,,,,,
99139244,,,,,,,,,,,,,,,,
99140345,,,,,,,,,,,,,,,,
99140612,,,,,,,,,,,,,,,,
99140843,,,,,,,,,,,,,,,,
99141059,,,,,,,,,,,,,,,,
99141307,,,,,,,,,,,,,,,,
99141563,,,,,,,,,,,,,,,,
99141860,,,,,,,,,,,,,,,,
99142802,,,,,,,,,,,,,,,,
99143047,,,,,,,,,,,,,,,,
99143316,,,,,,,,,,,,,,,,
99143570,,,,,,,,,,,,,,,,
99143848,,,,,,,,,,,,,,,,
99147941,,,,,,,,,,,,,,,,
99148270,,,,,,,,,,,,,,,,
99148510,,,,,,,,,,,,,,,,
99148796,,,,,,,,,,,,,,,,
99149143,,,,,,,,,,,,,,,,
99149353,,,,,,,,,,,,,,,,
99149579,,,,,,,,,,,,,,,,
99149822,,,,,,,,,,,,,,,,
99150102,,,,,,,,,,,,,,,,
99150325,,,,,,,,,,,,,,,,
99151305,,,,,,,,,,,,,,,,
99151583,,,,,,,,,,,,,,,,
99151786,,,,,,,,,,,,,,,,
99153463,,,,,,,,,,,,,,,,
99153690,,,,,,,,,,,,,,,,
99153897,,,,,,,,,,,,,,,,
99154112,,,,,,,,,,,,,,,,
99154268,,,,,,,,,,,,,,,,
99154396,,,,,,,,,,,,,,,,
99154602,,,,,,,,,,,,,,,,
99154844,,,,,,,,,,,,,,,,
99155061,,,,,,,,,,,,,,,,
99155406,,,,,,,,,,,,,,,,
99155688,,,,,,,,,,,,,,,,
99155909,,,,,,,,,,,,,,,,
99156222,,,,,,,,,,,,,,,,
99157000,,,,,,,,,,,,,,,,
99157309,,,,,,,,,,,,,,,,
99157528,,,,,,,,,,,,,,,,
99157709,,,,,,,,,,,,,,,,
99157734,,,,,,,,,,,,,,,,
99158041,,,,,,,,,,,,,,,,
99158262,,,,,,,,,,,,,,,,
99158476,,,,,,,,,,,,,,,,
99158485,,,,,,,,,,,,,,,,
99158762,,,,,,,,,,,,,,,,
99159409,,,,,,,,,,,,,,,,
99161020,,,,,,,,,,,,,,,,
99165245,,,,,,,,,,,,,,,,
99166065,,,,,,,,,,,,,,,,
99166514,,,,,,,,,,,,,,,,
99166568,,,,,,,,,,,,,,,,
99166738,,,,,,,,,,,,,,,,
99167524,,,,,,,,,,,,,,,,
99168155,,,,,,,,,,,,,,,,
99168686,,,,,,,,,,,,,,,,
99169405,,,,,,,,,,,,,,,,
99170001,,,,,,,,,,,,,,,,
99170025,,,,,,,,,,,,,,,,
99170505,,,,,,,,,,,,,,,,
99171004,,,,,,,,,,,,,,,,
99171437,38.0,1.0,0.0,0.0,0.0,10000.0,0.0,0.0,10000.0,,,,,,,
99172128,,,,,,,,,,,,,,,,
99172165,,,,,,,,,,,,,,,,
99173351,,,,,,,,,,,,,,,,
99173354,,,,,,,,,,,,,,,,
99174043,38.0,1.0,0.0,0.0,0.0,70000.0,0.0,0.0,70000.0,,,,,,,
99174123,,,,,,,,,,,,,,,,
99174719,,,,,,,,,,,,,,,,
99175277,,,,,,,,,,,,,,,,
99175437,,,,,,,,,,,,,,,,
99175723,,,,,,,,,,,,,,,,
99175870,,,,,,,,,,,,,,,,
99296131,,,,,,,,,,,,,,,,
99296321,,,,,,,,,,,,,,,,
99296634,,,,,,,,,,,,,,,,
99297022,,,,,,,,,,,,,,,,
99297265,,,,,,,,,,,,,,,,
99297462,,,,,,,,,,,,,,,,
99297803,,,,,,,,,,,,,,,,
99298148,,,,,,,,,,,,,,,,
99298421,,,,,,,,,,,,,,,,
99298687,,,,,,,,,,,,,,,,
99299128,,,,,,,,,,,,,,,,
99299331,,,,,,,,,,,,,,,,
99299507,,,,,,,,,,,,,,,,
99299685,,,,,,,,,,,,,,,,
99300423,,,,,,,,,,,,,,,,
99300642,,,,,,,,,,,,,,,,
99300892,,,,,,,,,,,,,,,,
99301048,,,,,,,,,,,,,,,,
99301402,,,,,,,,,,,,,,,,
99301553,,,,,,,,,,,,,,,,
99301716,,,,,,,,,,,,,,,,
99301852,,,,,,,,,,,,,,,,
99302032,,,,,,,,,,,,,,,,
105401496,1769.0,4211.0,0.0,0.0,0.0,50000.0,0.0,0.0,50000.0,,,,,,,
105407992,1769.0,4249.0,17500.0,0.0,0.0,0.0,0.0,0.0,17500.0,,,,,,,
105408347,1769.0,4249.0,21000.0,0.0,0.0,0.0,0.0,0.0,21000.0,,,,,,,
105423899,1778.0,4250.0,0.0,0.0,0.0,83230.0,0.0,0.0,83230.0,,,,,,,
105424779,1778.0,4250.0,0.0,0.0,0.0,50000.0,0.0,0.0,50000.0,,,,,,,
105426088,1778.0,4251.0,0.0,0.0,0.0,300000.0,0.0,0.0,300000.0,,,,,,,
105426514,1778.0,4251.0,0.0,0.0,0.0,100000.0,0.0,0.0,100000.0,,,,,,,
105426875,1778.0,4251.0,0.0,0.0,0.0,50000.0,0.0,0.0,50000.0,,,,,,,
105430118,,,,,,,,,,,,,,,,
105430373,,,,,,,,,,,,,,,,
105430924,,,,,,,,,,,,,,,,
105431441,,,,,,,,,,,,,,,,
105431625,,,,,,,,,,,,,,,,
105432042,,,,,,,,,,,,,,,,
105432466,,,,,,,,,,,,,,,,
105446740,0.0,0.0,0.0,0.0,0.0,100000.0,0.0,0.0,100000.0,,,,,,,
128250807,1769.0,4249.0,90000.0,0.0,0.0,0.0,0.0,0.0,90000.0,,,,,,,
128250915,,,,,,,,,,,,,,,,
128251376,,,,,,,,,,,,,,,,
105399201,1769.0,4211.0,0.0,0.0,0.0,300000.0,0.0,0.0,300000.0,,,,,,,
105399843,1769.0,4211.0,0.0,0.0,0.0,150000.0,0.0,0.0,150000.0,,,,,,,
105404519,1769.0,4249.0,60000.0,0.0,0.0,0.0,0.0,0.0,60000.0,,,,,,,
105407657,1769.0,4249.0,5150.0,0.0,0.0,0.0,0.0,0.0,5150.0,,,,,,,
105410403,1769.0,4249.0,115050.0,0.0,0.0,0.0,0.0,0.0,115050.0,,,,,,,
105418828,1778.0,4250.0,0.0,0.0,0.0,60000.0,0.0,0.0,60000.0,,,,,,,
105419399,1778.0,4250.0,0.0,0.0,0.0,150000.0,0.0,0.0,150000.0,,,,,,,
105419843,1778.0,4250.0,0.0,0.0,0.0,300000.0,0.0,0.0,300000.0,,,,,,,
105433602,1769.0,4249.0,81750.0,0.0,0.0,0.0,0.0,0.0,81750.0,,,,,,,
105439238,1769.0,4211.0,0.0,0.0,0.0,152756.0,0.0,0.0,152756.0,,,,,,,
105440256,1769.0,4249.0,192767.0,0.0,0.0,0.0,0.0,0.0,192767.0,,,,,,,
105444928,1769.0,4249.0,295917.0,0.0,0.0,0.0,0.0,0.0,295917.0,,,,,,,
105446314,1769.0,4249.0,100000.0,0.0,0.0,0.0,0.0,0.0,100000.0,,,,,,,
105408633,1769.0,4249.0,90000.0,0.0,0.0,0.0,0.0,0.0,90000.0,90000.0,0.0,0.0,0.0,0.0,0.0,
114767147,,,,,,,,,,,,,,,,
114806516,,,,,,,,,,,,,,,,
117510409,,,,,,,,,,,,,,,,
117511439,,,,,,,,,,,,,,,,
117511873,,,,,,,,,,,,,,,,
117512223,,,,,,,,,,,,,,,,
117512869,,,,,,,,,,,,,,,,
117513183,,,,,,,,,,,,,,,,
117513478,,,,,,,,,,,,,,,,
117513812,,,,,,,,,,,,,,,,
117517849,,,,,,,,,,,,,,,,
117518728,,,,,,,,,,,,,,,,
117520150,,,,,,,,,,,,,,,,
117520529,,,,,,,,,,,,,,,,
117521031,,,,,,,,,,,,,,,,
117521549,,,,,,,,,,,,,,,,
118083720,,,,,,,,,,,,,,,,
118084245,,,,,,,,,,,,,,,,
118084694,,,,,,,,,,,,,,,,
118085954,,,,,,,,,,,,,,,,
118086239,,,,,,,,,,,,,,,,
118086854,,,,,,,,,,,,,,,,
118089139,,,,,,,,,,,,,,,,
118090284,,,,,,,,,,,,,,,,
118091579,,,,,,,,,,,,,,,,
118091935,,,,,,,,,,,,,,,,
118092244,,,,,,,,,,,,,,,,
118092603,,,,,,,,,,,,,,,,
118093154,,,,,,,,,,,,,,,,
118093720,,,,,,,,,,,,,,,,
118107403,,,,,,,,,,,,,,,,
118107609,,,,,,,,,,,,,,,,
118107700,,,,,,,,,,,,,,,,
118107770,,,,,,,,,,,,,,,,
118107806,,,,,,,,,,,,,,,,
118107855,,,,,,,,,,,,,,,,
118107881,,,,,,,,,,,,,,,,
118107909,,,,,,,,,,,,,,,,
118107922,,,,,,,,,,,,,,,,
118107933,,,,,,,,,,,,,,,,
118107956,,,,,,,,,,,,,,,,
118107976,,,,,,,,,,,,,,,,
118107989,,,,,,,,,,,,,,,,
118108002,,,,,,,,,,,,,,,,
118108061,,,,,,,,,,,,,,,,
118108083,,,,,,,,,,,,,,,,
118108098,,,,,,,,,,,,,,,,
118108115,,,,,,,,,,,,,,,,
118108142,,,,,,,,,,,,,,,,
118108191,,,,,,,,,,,,,,,,
118108203,,,,,,,,,,,,,,,,
118108221,,,,,,,,,,,,,,,,
118108249,,,,,,,,,,,,,,,,
118108264,,,,,,,,,,,,,,,,
118108279,,,,,,,,,,,,,,,,
118108293,,,,,,,,,,,,,,,,
118108299,,,,,,,,,,,,,,,,
118108307,,,,,,,,,,,,,,,,
118108316,,,,,,,,,,,,,,,,
118108331,,,,,,,,,,,,,,,,
118108355,,,,,,,,,,,,,,,,
118108364,,,,,,,,,,,,,,,,
118108383,,,,,,,,,,,,,,,,
118108401,,,,,,,,,,,,,,,,
118108422,,,,,,,,,,,,,,,,
118108439,,,,,,,,,,,,,,,,
118108455,,,,,,,,,,,,,,,,
118110236,,,,,,,,,,,,,,,,
118110342,,,,,,,,,,,,,,,,
118111030,,,,,,,,,,,,,,,,
118111138,,,,,,,,,,,,,,,,
118111248,,,,,,,,,,,,,,,,
118111340,,,,,,,,,,,,,,,,
118111442,,,,,,,,,,,,,,,,
118111864,,,,,,,,,,,,,,,,
118111991,,,,,,,,,,,,,,,,
118112121,,,,,,,,,,,,,,,,
118112307,,,,,,,,,,,,,,,,
118112568,,,,,,,,,,,,,,,,
118112881,,,,,,,,,,,,,,,,
118113354,,,,,,,,,,,,,,,,
118113580,,,,,,,,,,,,,,,,
118113701,,,,,,,,,,,,,,,,
118113870,,,,,,,,,,,,,,,,
118114115,,,,,,,,,,,,,,,,
118114528,,,,,,,,,,,,,,,,
118114652,,,,,,,,,,,,,,,,
118114786,,,,,,,,,,,,,,,,
118114897,,,,,,,,,,,,,,,,
118115029,,,,,,,,,,,,,,,,
118115240,,,,,,,,,,,,,,,,
118236444,,,,,,,,,,,,,,,,
118236621,,,,,,,,,,,,,,,,
118236842,,,,,,,,,,,,,,,,
118237451,,,,,,,,,,,,,,,,
118238361,,,,,,,,,,,,,,,,
118238622,,,,,,,,,,,,,,,,
118247028,,,,,,,,,,,,,,,,
118247192,,,,,,,,,,,,,,,,
118247260,,,,,,,,,,,,,,,,
119560604,,,,,,,,,,,,,,,,
119560858,,,,,,,,,,,,,,,,
119563452,,,,,,,,,,,,,,,,
119563680,,,,,,,,,,,,,,,,
119563920,,,,,,,,,,,,,,,,
119564296,,,,,,,,,,,,,,,,
119564546,,,,,,,,,,,,,,,,
119565093,,,,,,,,,,,,,,,,
119565261,,,,,,,,,,,,,,,,
119565421,,,,,,,,,,,,,,,,
119567133,,,,,,,,,,,,,,,,
119568049,,,,,,,,,,,,,,,,
119568219,,,,,,,,,,,,,,,,
119568383,,,,,,,,,,,,,,,,
119568554,,,,,,,,,,,,,,,,
119568786,,,,,,,,,,,,,,,,
119568946,,,,,,,,,,,,,,,,
119569165,,,,,,,,,,,,,,,,
119569399,,,,,,,,,,,,,,,,
119583960,,,,,,,,,,,,,,,,
119583984,,,,,,,,,,,,,,,,
119583997,,,,,,,,,,,,,,,,
119584006,,,,,,,,,,,,,,,,
119584044,,,,,,,,,,,,,,,,
119584070,,,,,,,,,,,,,,,,
119584088,,,,,,,,,,,,,,,,
119584098,,,,,,,,,,,,,,,,
119584117,,,,,,,,,,,,,,,,
119584133,,,,,,,,,,,,,,,,
119584154,,,,,,,,,,,,,,,,
119584162,,,,,,,,,,,,,,,,
119584168,,,,,,,,,,,,,,,,
119584181,,,,,,,,,,,,,,,,
119584188,,,,,,,,,,,,,,,,
120386265,,,,,,,,,,,,,,,,
120386319,,,,,,,,,,,,,,,,
120386748,,,,,,,,,,,,,,,,
120386777,,,,,,,,,,,,,,,,
120387060,,,,,,,,,,,,,,,,
120387109,,,,,,,,,,,,,,,,
120720939,,,,,,,,,,,,,,,,
120721071,,,,,,,,,,,,,,,,
120721179,,,,,,,,,,,,,,,,
120721595,,,,,,,,,,,,,,,,
120721909,,,,,,,,,,,,,,,,
120722017,,,,,,,,,,,,,,,,
120722835,,,,,,,,,,,,,,,,
120723046,,,,,,,,,,,,,,,,
120723667,,,,,,,,,,,,,,,,
120723785,,,,,,,,,,,,,,,,
120724102,,,,,,,,,,,,,,,,
120724227,,,,,,,,,,,,,,,,
120724421,,,,,,,,,,,,,,,,
121271632,,,,,,,,,,,,,,,,
121271646,,,,,,,,,,,,,,,,
121271655,,,,,,,,,,,,,,,,
121271672,,,,,,,,,,,,,,,,
121272792,,,,,,,,,,,,,,,,
121272834,,,,,,,,,,,,,,,,
121273214,,,,,,,,,,,,,,,,
121273258,,,,,,,,,,,,,,,,
121273310,,,,,,,,,,,,,,,,
121273434,,,,,,,,,,,,,,,,
121273502,,,,,,,,,,,,,,,,
121273533,,,,,,,,,,,,,,,,
121273572,,,,,,,,,,,,,,,,
121273603,,,,,,,,,,,,,,,,
121273640,,,,,,,,,,,,,,,,
121273673,,,,,,,,,,,,,,,,
121273703,,,,,,,,,,,,,,,,
121273739,,,,,,,,,,,,,,,,
121273796,,,,,,,,,,,,,,,,
121354878,,,,,,,,,,,,,,,,
121462383,,,,,,,,,,,,,,,,
121462688,,,,,,,,,,,,,,,,
121462884,,,,,,,,,,,,,,,,
121463059,,,,,,,,,,,,,,,,
121463253,,,,,,,,,,,,,,,,
121463452,,,,,,,,,,,,,,,,
121463644,,,,,,,,,,,,,,,,
121463811,,,,,,,,,,,,,,,,
121466578,,,,,,,,,,,,,,,,
121466765,,,,,,,,,,,,,,,,
121466987,,,,,,,,,,,,,,,,
121467166,,,,,,,,,,,,,,,,
121475974,,,,,,,,,,,,,,,,
121476138,,,,,,,,,,,,,,,,
121476349,,,,,,,,,,,,,,,,
121476531,,,,,,,,,,,,,,,,
121476699,,,,,,,,,,,,,,,,
121477030,,,,,,,,,,,,,,,,
121477219,,,,,,,,,,,,,,,,
121477395,,,,,,,,,,,,,,,,
121477581,,,,,,,,,,,,,,,,
121477744,,,,,,,,,,,,,,,,
121478042,,,,,,,,,,,,,,,,
121478233,,,,,,,,,,,,,,,,
121478502,,,,,,,,,,,,,,,,
121478706,,,,,,,,,,,,,,,,
121478881,,,,,,,,,,,,,,,,
121479069,,,,,,,,,,,,,,,,
121479310,,,,,,,,,,,,,,,,
122215550,1769.0,4249.0,61567.0,0.0,0.0,0.0,0.0,0.0,61567.0,,,,,,,
122216579,1769.0,4249.0,108000.0,0.0,0.0,0.0,0.0,0.0,108000.0,,,,,,,
122217944,1769.0,4249.0,30000.0,0.0,0.0,0.0,0.0,0.0,30000.0,,,,,,,
122218511,1769.0,4249.0,36000.0,0.0,0.0,0.0,0.0,0.0,36000.0,,,,,,,
122218795,1769.0,4249.0,10500.0,0.0,0.0,0.0,0.0,0.0,10500.0,,,,,,,
122218966,1769.0,4249.0,75000.0,0.0,0.0,0.0,0.0,0.0,75000.0,,,,,,,
122224954,1769.0,4211.0,0.0,0.0,0.0,200000.0,0.0,0.0,200000.0,,,,,,,
122225397,1769.0,4211.0,0.0,0.0,0.0,97606.0,0.0,0.0,97606.0,,,,,,,
122225876,1769.0,4211.0,0.0,0.0,0.0,5150.0,0.0,0.0,5150.0,,,,,,,
122228522,1778.0,4250.0,0.0,0.0,0.0,130000.0,0.0,0.0,130000.0,,,,,,,
122228761,1778.0,4250.0,0.0,0.0,0.0,30000.0,0.0,0.0,30000.0,,,,,,,
122228876,1778.0,4250.0,0.0,0.0,0.0,104534.0,0.0,0.0,104534.0,,,,,,,
122230024,1778.0,4252.0,0.0,0.0,0.0,168000.0,0.0,0.0,168000.0,,,,,,,
122230126,1778.0,4252.0,0.0,0.0,0.0,83520.0,0.0,0.0,83520.0,,,,,,,
122230446,1778.0,4252.0,0.0,0.0,0.0,36000.0,0.0,0.0,36000.0,,,,,,,
122230575,1778.0,4252.0,0.0,0.0,0.0,120000.0,0.0,0.0,120000.0,,,,,,,
122241525,0.0,0.0,0.0,0.0,0.0,50000.0,0.0,0.0,50000.0,,,,,,,
122241625,0.0,0.0,0.0,0.0,0.0,50000.0,0.0,0.0,50000.0,,,,,,,
122242097,,,,,,,,,,,,,,,,
122242381,,,,,,,,,,,,,,,,
122242676,,,,,,,,,,,,,,,,
122242768,,,,,,,,,,,,,,,,
122242914,,,,,,,,,,,,,,,,
122243030,,,,,,,,,,,,,,,,
127245361,0.0,0.0,0.0,0.0,0.0,20000.0,0.0,0.0,20000.0,,,,,,,
128056993,,,,,,,,,,,,,,,,
122214980,1769.0,4249.0,78000.0,0.0,0.0,0.0,0.0,0.0,78000.0,,,,,,,
122215204,1769.0,4249.0,250000.0,0.0,0.0,0.0,0.0,0.0,250000.0,,,,,,,
122215410,1769.0,4249.0,100000.0,0.0,0.0,0.0,0.0,0.0,100000.0,,,,,,,
122216772,1769.0,4249.0,37067.0,0.0,0.0,0.0,0.0,0.0,37067.0,,,,,,,
122216991,1769.0,4249.0,30000.0,0.0,0.0,0.0,0.0,0.0,30000.0,,,,,,,
122217691,1769.0,4249.0,114000.0,0.0,0.0,0.0,0.0,0.0,114000.0,,,,,,,
122224718,1769.0,4211.0,0.0,0.0,0.0,200000.0,0.0,0.0,200000.0,,,,,,,
122229535,1778.0,4250.0,0.0,0.0,0.0,48696.0,0.0,0.0,48696.0,,,,,,,
122229651,1778.0,4250.0,0.0,0.0,0.0,100000.0,0.0,0.0,100000.0,,,,,,,
122229799,1778.0,4250.0,0.0,0.0,0.0,30000.0,0.0,0.0,30000.0,,,,,,,
122240109,1769.0,4249.0,49000.0,0.0,0.0,0.0,0.0,0.0,49000.0,,,,,,,
127245330,1769.0,4211.0,0.0,0.0,0.0,150000.0,0.0,0.0,150000.0,,,,,,,
128056968,1778.0,4250.0,0.0,0.0,0.0,500000.0,0.0,0.0,500000.0,,,,,,,
122225160,1769.0,4211.0,0.0,0.0,0.0,150000.0,0.0,0.0,150000.0,0.0,0.0,0.0,150000.0,0.0,0.0,
122229161,1778.0,4250.0,0.0,0.0,0.0,200000.0,0.0,0.0,200000.0,0.0,0.0,0.0,200000.0,0.0,0.0,
44377691,1769.0,4249.0,200000.0,0.0,0.0,0.0,0.0,0.0,200000.0,200000.0,0.0,0.0,0.0,0.0,0.0,
44378384,1769.0,4211.0,0.0,0.0,0.0,250000.0,0.0,0.0,250000.0,0.0,0.0,0.0,250000.0,0.0,0.0,
46842718,1778.0,4250.0,0.0,0.0,0.0,214080.0,0.0,0.0,214080.0,,,,,,,
46861757,1769.0,4211.0,0.0,0.0,0.0,48000.0,0.0,0.0,48000.0,,,,,,,
46863243,1769.0,4211.0,0.0,0.0,0.0,100000.0,0.0,0.0,100000.0,,,,,,,
48283445,1769.0,4249.0,150000.0,0.0,0.0,0.0,0.0,0.0,150000.0,,,,,,,
44376521,1769.0,4211.0,0.0,0.0,0.0,214080.0,0.0,0.0,214080.0,0.0,0.0,0.0,214080.0,0.0,0.0,"[{""schemeCode"": 1778, ""componentCode"": 4250, ""tiedAmountGen"": 0, ""tiedAmountSc"": 0, ""tiedAmountSt"": 0, ""untiedAmountGen"": 214080, ""untiedAmountSc"": 0, ""untiedAmountSt"": 0, ""amountTotal"": 214080, ""tiedAbundonAmountGen"": 0, ""tiedAbundonAmountSc"": 0, ""tiedAbundonAmountSt"": 0, ""untiedAbundonAmountGen"": 214080, ""untiedAbundonAmountSc"": 0, ""untiedAbundonAmountSt"": 0}]"
44377200,1769.0,4249.0,150000.0,0.0,0.0,0.0,0.0,0.0,150000.0,150000.0,0.0,0.0,0.0,0.0,0.0,
44377555,1769.0,4249.0,100000.0,0.0,0.0,0.0,0.0,0.0,100000.0,100000.0,0.0,0.0,0.0,0.0,0.0,
44378252,1769.0,4211.0,0.0,0.0,0.0,300000.0,0.0,0.0,300000.0,0.0,0.0,0.0,300000.0,0.0,0.0,
46843604,1778.0,4250.0,0.0,0.0,0.0,300000.0,0.0,0.0,300000.0,,,,,,,
46851012,1769.0,4211.0,0.0,0.0,0.0,300000.0,0.0,0.0,300000.0,,,,,,,
46860396,1778.0,4250.0,0.0,0.0,0.0,300000.0,0.0,0.0,300000.0,,,,,,,
46860964,1769.0,4211.0,0.0,0.0,0.0,30000.0,0.0,0.0,30000.0,,,,,,,
46861339,1769.0,4211.0,0.0,0.0,0.0,522000.0,0.0,0.0,522000.0,,,,,,,
48281117,1769.0,4249.0,100000.0,0.0,0.0,0.0,0.0,0.0,100000.0,,,,,,,
48281283,1769.0,4249.0,100312.0,0.0,0.0,0.0,0.0,0.0,100312.0,,,,,,,
48281425,1769.0,4249.0,873000.0,0.0,0.0,0.0,0.0,0.0,873000.0,,,,,,,
44376713,1769.0,4211.0,0.0,0.0,0.0,300000.0,0.0,0.0,300000.0,0.0,0.0,0.0,300000.0,0.0,0.0,"[{""schemeCode"": 1778, ""componentCode"": 4250, ""tiedAmountGen"": 0, ""tiedAmountSc"": 0, ""tiedAmountSt"": 0, ""untiedAmountGen"": 300000, ""untiedAmountSc"": 0, ""untiedAmountSt"": 0, ""amountTotal"": 300000, ""tiedAbundonAmountGen"": 0, ""tiedAbundonAmountSc"": 0, ""tiedAbundonAmountSt"": 0, ""untiedAbundonAmountGen"": 300000, ""untiedAbundonAmountSc"": 0, ""untiedAbundonAmountSt"": 0}]"
44376908,1778.0,4250.0,0.0,0.0,0.0,300000.0,0.0,0.0,300000.0,0.0,0.0,0.0,300000.0,0.0,0.0,
44377348,1769.0,4249.0,48000.0,0.0,0.0,0.0,0.0,0.0,48000.0,48000.0,0.0,0.0,0.0,0.0,0.0,
44377837,1769.0,4249.0,300312.0,0.0,0.0,0.0,0.0,0.0,300312.0,300312.0,0.0,0.0,0.0,0.0,0.0,
44377958,1769.0,4249.0,200000.0,0.0,0.0,0.0,0.0,0.0,200000.0,200000.0,0.0,0.0,0.0,0.0,0.0,
44378080,1769.0,4249.0,225000.0,0.0,0.0,0.0,0.0,0.0,225000.0,225000.0,0.0,0.0,0.0,0.0,0.0,
44378515,1769.0,4211.0,0.0,0.0,0.0,50000.0,0.0,0.0,50000.0,0.0,0.0,0.0,50000.0,0.0,0.0,
44378637,1769.0,4211.0,0.0,0.0,0.0,223312.0,0.0,0.0,223312.0,0.0,0.0,0.0,223312.0,0.0,0.0,
44378727,1769.0,4211.0,0.0,0.0,0.0,200000.0,0.0,0.0,200000.0,0.0,0.0,0.0,200000.0,0.0,0.0,
44378905,1769.0,4211.0,0.0,0.0,0.0,200000.0,0.0,0.0,200000.0,0.0,0.0,0.0,200000.0,0.0,0.0,
48612920,0.0,0.0,0.0,0.0,0.0,5000.0,0.0,0.0,5000.0,,,,,,,
55735899,1769.0,4249.0,125000.0,0.0,0.0,0.0,0.0,0.0,125000.0,,,,,,,
55735975,1769.0,4249.0,100000.0,0.0,0.0,0.0,0.0,0.0,100000.0,,,,,,,
55736083,1769.0,4249.0,133789.0,0.0,0.0,0.0,0.0,0.0,133789.0,,,,,,,
55736204,1769.0,4249.0,150000.0,0.0,0.0,0.0,0.0,0.0,150000.0,,,,,,,
55736283,1769.0,4249.0,300000.0,0.0,0.0,0.0,0.0,0.0,300000.0,,,,,,,
55736361,1769.0,4249.0,108789.0,0.0,0.0,0.0,0.0,0.0,108789.0,,,,,,,
55736700,1769.0,4249.0,175198.0,0.0,0.0,0.0,0.0,0.0,175198.0,,,,,,,
55736812,1769.0,4249.0,175198.0,0.0,0.0,0.0,0.0,0.0,175198.0,,,,,,,
55736870,1769.0,4211.0,0.0,0.0,0.0,722922.0,0.0,0.0,722922.0,,,,,,,
55737761,0.0,0.0,0.0,0.0,0.0,163806.0,0.0,0.0,163806.0,,,,,,,
48584673,1769.0,4249.0,100000.0,0.0,0.0,0.0,0.0,0.0,100000.0,100000.0,0.0,0.0,0.0,0.0,0.0,
48587836,1778.0,4250.0,0.0,0.0,0.0,48000.0,0.0,0.0,48000.0,,,,,,,
48588115,1778.0,4250.0,0.0,0.0,0.0,100000.0,0.0,0.0,100000.0,,,,,,,
48588415,1778.0,4250.0,0.0,0.0,0.0,40000.0,0.0,0.0,40000.0,,,,,,,
48588888,1778.0,4250.0,0.0,0.0,0.0,26032.0,0.0,0.0,26032.0,,,,,,,
48589178,1778.0,4250.0,0.0,0.0,0.0,500000.0,0.0,0.0,500000.0,,,,,,,
48589482,1778.0,4250.0,0.0,0.0,0.0,100000.0,0.0,0.0,100000.0,,,,,,,
55600860,1769.0,4249.0,200000.0,0.0,0.0,0.0,0.0,0.0,200000.0,,,,,,,
55601248,1769.0,4211.0,0.0,0.0,0.0,745052.0,0.0,0.0,745052.0,,,,,,,
48584377,1769.0,4249.0,150000.0,0.0,0.0,0.0,0.0,0.0,150000.0,150000.0,0.0,0.0,0.0,0.0,0.0,
48584943,1769.0,4249.0,200000.0,0.0,0.0,0.0,0.0,0.0,200000.0,200000.0,0.0,0.0,0.0,0.0,0.0,
48585211,1769.0,4249.0,161656.0,0.0,0.0,0.0,0.0,0.0,161656.0,161656.0,0.0,0.0,0.0,0.0,0.0,
48585464,1769.0,4249.0,200000.0,0.0,0.0,0.0,0.0,0.0,200000.0,200000.0,0.0,0.0,0.0,0.0,0.0,
48586944,1769.0,4249.0,300000.0,0.0,0.0,0.0,0.0,0.0,300000.0,300000.0,0.0,0.0,0.0,0.0,0.0,
48587198,1769.0,4249.0,111656.0,0.0,0.0,0.0,0.0,0.0,111656.0,111656.0,0.0,0.0,0.0,0.0,0.0,
48587405,1769.0,4211.0,0.0,0.0,0.0,1000000.0,0.0,0.0,1000000.0,0.0,0.0,0.0,1000000.0,0.0,0.0,
48587616,1769.0,4211.0,0.0,0.0,0.0,223312.0,0.0,0.0,223312.0,0.0,0.0,0.0,223312.0,0.0,0.0,
65503145,1769.0,4249.0,112000.0,0.0,0.0,0.0,0.0,0.0,112000.0,,,,,,,
65503237,1769.0,4249.0,62544.0,0.0,0.0,0.0,0.0,0.0,62544.0,,,,,,,
65503444,1769.0,4249.0,31500.0,0.0,0.0,0.0,0.0,0.0,31500.0,,,,,,,
65503546,1769.0,4249.0,36000.0,0.0,0.0,0.0,0.0,0.0,36000.0,,,,,,,
65503646,1769.0,4249.0,10000.0,0.0,0.0,0.0,0.0,0.0,10000.0,,,,,,,
65503808,1769.0,4249.0,15000.0,0.0,0.0,0.0,0.0,0.0,15000.0,,,,,,,
65503898,1769.0,4249.0,30000.0,0.0,0.0,0.0,0.0,0.0,30000.0,,,,,,,
65504538,0.0,0.0,0.0,0.0,0.0,10000.0,0.0,0.0,10000.0,,,,,,,
61742558,1778.0,4250.0,0.0,0.0,0.0,100000.0,0.0,0.0,100000.0,,,,,,,
61742451,1769.0,4211.0,0.0,0.0,0.0,250000.0,0.0,0.0,250000.0,,,,,,,
61742455,1769.0,4211.0,0.0,0.0,0.0,21392.0,0.0,0.0,21392.0,,,,,,,
61742460,1769.0,4249.0,150000.0,0.0,0.0,0.0,0.0,0.0,150000.0,,,,,,,
61742469,1769.0,4249.0,100000.0,0.0,0.0,0.0,0.0,0.0,100000.0,,,,,,,
61742479,1769.0,4249.0,200000.0,0.0,0.0,0.0,0.0,0.0,200000.0,,,,,,,
61742490,1769.0,4249.0,128544.0,0.0,0.0,0.0,0.0,0.0,128544.0,,,,,,,
61742509,1769.0,4249.0,30000.0,0.0,0.0,0.0,0.0,0.0,30000.0,,,,,,,
61742520,1769.0,4249.0,100000.0,0.0,0.0,0.0,0.0,0.0,100000.0,100000.0,0.0,0.0,0.0,0.0,0.0,
61742552,1778.0,4250.0,0.0,0.0,0.0,72000.0,0.0,0.0,72000.0,,,,,,,
61742562,1778.0,4250.0,0.0,0.0,0.0,142032.0,0.0,0.0,142032.0,,,,,,,
61742577,1778.0,4250.0,0.0,0.0,0.0,200000.0,0.0,0.0,200000.0,,,,,,,
61742586,1778.0,4250.0,0.0,0.0,0.0,300000.0,0.0,0.0,300000.0,,,,,,,
65502394,1769.0,4211.0,0.0,0.0,0.0,400000.0,0.0,0.0,400000.0,,,,,,,
65502685,1769.0,4211.0,0.0,0.0,0.0,100000.0,0.0,0.0,100000.0,,,,,,,
65502816,1769.0,4249.0,170000.0,0.0,0.0,0.0,0.0,0.0,170000.0,,,,,,,
65503385,1769.0,4249.0,75000.0,0.0,0.0,0.0,0.0,0.0,75000.0,,,,,,,
65503722,1769.0,4249.0,6500.0,0.0,0.0,0.0,0.0,0.0,6500.0,,,,,,,
61742441,1769.0,4211.0,0.0,0.0,0.0,500000.0,0.0,0.0,500000.0,0.0,0.0,0.0,500000.0,0.0,0.0,
61742503,1769.0,4249.0,200000.0,0.0,0.0,0.0,0.0,0.0,200000.0,200000.0,0.0,0.0,0.0,0.0,0.0,
61742531,1769.0,4249.0,196044.0,0.0,0.0,0.0,0.0,0.0,196044.0,196044.0,0.0,0.0,0.0,0.0,0.0,
61742539,1769.0,4249.0,30000.0,0.0,0.0,0.0,0.0,0.0,30000.0,30000.0,0.0,0.0,0.0,0.0,0.0,
61742543,1769.0,4249.0,22500.0,0.0,0.0,0.0,0.0,0.0,22500.0,22500.0,0.0,0.0,0.0,0.0,0.0,
61742592,0.0,0.0,0.0,0.0,0.0,10000.0,0.0,0.0,10000.0,0.0,0.0,0.0,10000.0,0.0,0.0,
74908673,,,,,,,,,,,,,,,,
74909779,,,,,,,,,,,,,,,,
74910897,,,,,,,,,,,,,,,,
74912858,,,,,,,,,,,,,,,,
74913878,,,,,,,,,,,,,,,,
74915636,,,,,,,,,,,,,,,,
74916405,,,,,,,,,,,,,,,,
74917288,,,,,,,,,,,,,,,,
74919976,,,,,,,,,,,,,,,,
74922244,,,,,,,,,,,,,,,,
74924150,,,,,,,,,,,,,,,,
74925669,,,,,,,,,,,,,,,,
74926596,,,,,,,,,,,,,,,,
75325509,,,,,,,,,,,,,,,,
75327699,,,,,,,,,,,,,,,,
75328294,,,,,,,,,,,,,,,,
75329745,38.0,1.0,0.0,0.0,0.0,500000.0,0.0,0.0,500000.0,,,,,,,
75332917,38.0,1.0,0.0,0.0,0.0,100000.0,0.0,0.0,100000.0,,,,,,,
75334248,,,,,,,,,,,,,,,,
75334997,,,,,,,,,,,,,,,,
75673570,,,,,,,,,,,,,,,,
76852959,,,,,,,,,,,,,,,,
76855353,,,,,,,,,,,,,,,,
76857403,,,,,,,,,,,,,,,,
76860268,,,,,,,,,,,,,,,,
76861992,,,,,,,,,,,,,,,,
76863887,,,,,,,,,,,,,,,,
76870655,,,,,,,,,,,,,,,,
76872356,,,,,,,,,,,,,,,,
76873714,,,,,,,,,,,,,,,,
76874653,,,,,,,,,,,,,,,,
76875619,,,,,,,,,,,,,,,,
76876274,,,,,,,,,,,,,,,,
76877099,,,,,,,,,,,,,,,,
76877938,,,,,,,,,,,,,,,,
76878581,,,,,,,,,,,,,,,,
76879500,,,,,,,,,,,,,,,,
76880414,,,,,,,,,,,,,,,,
76882666,,,,,,,,,,,,,,,,
76887775,,,,,,,,,,,,,,,,
76888547,,,,,,,,,,,,,,,,
76965639,,,,,,,,,,,,,,,,
76966475,,,,,,,,,,,,,,,,
76966859,,,,,,,,,,,,,,,,
76968711,,,,,,,,,,,,,,,,
76969044,,,,,,,,,,,,,,,,
76969897,,,,,,,,,,,,,,,,
76970105,,,,,,,,,,,,,,,,
76972230,,,,,,,,,,,,,,,,
76975345,,,,,,,,,,,,,,,,
76976023,,,,,,,,,,,,,,,,
76976449,,,,,,,,,,,,,,,,
76976664,,,,,,,,,,,,,,,,
77267031,,,,,,,,,,,,,,,,
77275560,,,,,,,,,,,,,,,,
77276752,,,,,,,,,,,,,,,,
77278142,,,,,,,,,,,,,,,,
77278423,,,,,,,,,,,,,,,,
77279910,,,,,,,,,,,,,,,,
77280263,,,,,,,,,,,,,,,,
77280739,,,,,,,,,,,,,,,,
78491116,,,,,,,,,,,,,,,,
78491476,,,,,,,,,,,,,,,,
78491998,,,,,,,,,,,,,,,,
78492333,,,,,,,,,,,,,,,,
78492814,,,,,,,,,,,,,,,,
78493897,,,,,,,,,,,,,,,,
78494126,,,,,,,,,,,,,,,,
78494502,,,,,,,,,,,,,,,,
78495236,,,,,,,,,,,,,,,,
78495596,,,,,,,,,,,,,,,,
78496071,,,,,,,,,,,,,,,,
78496458,,,,,,,,,,,,,,,,
78496705,,,,,,,,,,,,,,,,
78497072,,,,,,,,,,,,,,,,
78497365,,,,,,,,,,,,,,,,
78497945,,,,,,,,,,,,,,,,
78498113,,,,,,,,,,,,,,,,
78498439,,,,,,,,,,,,,,,,
78498722,,,,,,,,,,,,,,,,
78499068,,,,,,,,,,,,,,,,
78499277,,,,,,,,,,,,,,,,
78499712,,,,,,,,,,,,,,,,
78500014,,,,,,,,,,,,,,,,
78500161,,,,,,,,,,,,,,,,
78500556,,,,,,,,,,,,,,,,
80029130,,,,,,,,,,,,,,,,
80029215,,,,,,,,,,,,,,,,
80029295,,,,,,,,,,,,,,,,
80029373,,,,,,,,,,,,,,,,
80029450,,,,,,,,,,,,,,,,
80029521,,,,,,,,,,,,,,,,
80029599,,,,,,,,,,,,,,,,
80029705,,,,,,,,,,,,,,,,
80029763,,,,,,,,,,,,,,,,
80029851,,,,,,,,,,,,,,,,
80031828,,,,,,,,,,,,,,,,
80032043,,,,,,,,,,,,,,,,
80032155,,,,,,,,,,,,,,,,
80032278,,,,,,,,,,,,,,,,
80032460,,,,,,,,,,,,,,,,
80032683,,,,,,,,,,,,,,,,
80032770,,,,,,,,,,,,,,,,
80032875,,,,,,,,,,,,,,,,
80032978,,,,,,,,,,,,,,,,
80033118,,,,,,,,,,,,,,,,
80033273,,,,,,,,,,,,,,,,
80033382,,,,,,,,,,,,,,,,
80033493,,,,,,,,,,,,,,,,
80033581,,,,,,,,,,,,,,,,
80033964,,,,,,,,,,,,,,,,
80034110,,,,,,,,,,,,,,,,
80034230,,,,,,,,,,,,,,,,
80034351,,,,,,,,,,,,,,,,
80034472,,,,,,,,,,,,,,,,
80034601,,,,,,,,,,,,,,,,
80034782,,,,,,,,,,,,,,,,
80034899,,,,,,,,,,,,,,,,
80035027,,,,,,,,,,,,,,,,
80035169,,,,,,,,,,,,,,,,
80035309,,,,,,,,,,,,,,,,
80035573,,,,,,,,,,,,,,,,
80035696,,,,,,,,,,,,,,,,
80036583,,,,,,,,,,,,,,,,
80036725,,,,,,,,,,,,,,,,
80036858,,,,,,,,,,,,,,,,
80037138,,,,,,,,,,,,,,,,
80037280,,,,,,,,,,,,,,,,
80037394,,,,,,,,,,,,,,,,
80037562,,,,,,,,,,,,,,,,
80037707,,,,,,,,,,,,,,,,
80037816,,,,,,,,,,,,,,,,
80037937,,,,,,,,,,,,,,,,
80038053,,,,,,,,,,,,,,,,
80038175,,,,,,,,,,,,,,,,
80038292,,,,,,,,,,,,,,,,
80038923,,,,,,,,,,,,,,,,
80039042,,,,,,,,,,,,,,,,
80039247,,,,,,,,,,,,,,,,
80039350,,,,,,,,,,,,,,,,
80039631,,,,,,,,,,,,,,,,
80039796,,,,,,,,,,,,,,,,
80040296,,,,,,,,,,,,,,,,
80040602,,,,,,,,,,,,,,,,
80040857,,,,,,,,,,,,,,,,
80041149,,,,,,,,,,,,,,,,
80041298,,,,,,,,,,,,,,,,
80041520,,,,,,,,,,,,,,,,
80041773,,,,,,,,,,,,,,,,
80041901,,,,,,,,,,,,,,,,
80042050,,,,,,,,,,,,,,,,
80042363,,,,,,,,,,,,,,,,
80042571,,,,,,,,,,,,,,,,
80042777,,,,,,,,,,,,,,,,
80043019,,,,,,,,,,,,,,,,
80043322,38.0,1.0,0.0,0.0,0.0,78000.0,0.0,0.0,78000.0,,,,,,,
80043486,,,,,,,,,,,,,,,,
80043848,,,,,,,,,,,,,,,,
80044000,,,,,,,,,,,,,,,,
80044147,,,,,,,,,,,,,,,,
80044297,,,,,,,,,,,,,,,,
82332452,1778.0,4250.0,0.0,0.0,0.0,172448.0,0.0,0.0,172448.0,,,,,,,
82422062,1769.0,4249.0,173279.0,0.0,0.0,0.0,0.0,0.0,173279.0,,,,,,,
82422723,1769.0,4249.0,84000.0,0.0,0.0,0.0,0.0,0.0,84000.0,,,,,,,
82423431,1769.0,4249.0,6500.0,0.0,0.0,0.0,0.0,0.0,6500.0,,,,,,,
82426542,1769.0,4249.0,59500.0,0.0,0.0,0.0,0.0,0.0,59500.0,,,,,,,
82634808,38.0,1.0,0.0,0.0,0.0,78000.0,0.0,0.0,78000.0,,,,,,,
82635873,,,,,,,,,,,,,,,,
82635957,,,,,,,,,,,,,,,,
82636079,,,,,,,,,,,,,,,,
82636157,,,,,,,,,,,,,,,,
82636304,,,,,,,,,,,,,,,,
82636440,,,,,,,,,,,,,,,,
82637087,,,,,,,,,,,,,,,,
82637301,38.0,1.0,0.0,0.0,0.0,78000.0,0.0,0.0,78000.0,,,,,,,
82637472,38.0,1.0,0.0,0.0,0.0,500000.0,0.0,0.0,500000.0,,,,,,,
82638384,38.0,1.0,0.0,0.0,0.0,500000.0,0.0,0.0,500000.0,,,,,,,
82659842,,,,,,,,,,,,,,,,
82660108,,,,,,,,,,,,,,,,
82660418,,,,,,,,,,,,,,,,
82660853,,,,,,,,,,,,,,,,
82661167,,,,,,,,,,,,,,,,
82661663,,,,,,,,,,,,,,,,
82662136,,,,,,,,,,,,,,,,
82662474,,,,,,,,,,,,,,,,
82662776,,,,,,,,,,,,,,,,
82663413,,,,,,,,,,,,,,,,
82663835,,,,,,,,,,,,,,,,
82664463,,,,,,,,,,,,,,,,
82665665,,,,,,,,,,,,,,,,
82665984,,,,,,,,,,,,,,,,
82666890,,,,,,,,,,,,,,,,
82667203,,,,,,,,,,,,,,,,
82667552,,,,,,,,,,,,,,,,
82673809,,,,,,,,,,,,,,,,
82677145,,,,,,,,,,,,,,,,
82677973,,,,,,,,,,,,,,,,
82678656,,,,,,,,,,,,,,,,
82678967,,,,,,,,,,,,,,,,
82685815,0.0,0.0,0.0,0.0,0.0,36000.0,0.0,0.0,36000.0,,,,,,,
82687519,0.0,0.0,0.0,0.0,0.0,114000.0,0.0,0.0,114000.0,,,,,,,
82326947,1778.0,4250.0,0.0,0.0,0.0,100000.0,0.0,0.0,100000.0,,,,,,,
82329217,1778.0,4250.0,0.0,0.0,0.0,100000.0,0.0,0.0,100000.0,,,,,,,
82330506,1778.0,4250.0,0.0,0.0,0.0,80000.0,0.0,0.0,80000.0,,,,,,,
82331651,1778.0,4250.0,0.0,0.0,0.0,119700.0,0.0,0.0,119700.0,,,,,,,
82333030,1778.0,4250.0,0.0,0.0,0.0,242632.0,0.0,0.0,242632.0,,,,,,,
82334659,1769.0,4211.0,0.0,0.0,0.0,80372.0,0.0,0.0,80372.0,,,,,,,
82335953,1769.0,4249.0,160000.0,0.0,0.0,0.0,0.0,0.0,160000.0,,,,,,,
82420634,1769.0,4249.0,80000.0,0.0,0.0,0.0,0.0,0.0,80000.0,,,,,,,
82420944,1769.0,4249.0,72000.0,0.0,0.0,0.0,0.0,0.0,72000.0,,,,,,,
82421319,1769.0,4249.0,50000.0,0.0,0.0,0.0,0.0,0.0,50000.0,,,,,,,
82421627,1769.0,4249.0,50000.0,0.0,0.0,0.0,0.0,0.0,50000.0,,,,,,,
82424820,1769.0,4249.0,90000.0,0.0,0.0,0.0,0.0,0.0,90000.0,,,,,,,
82425252,1769.0,4249.0,50000.0,0.0,0.0,0.0,0.0,0.0,50000.0,,,,,,,
82478543,1778.0,4250.0,0.0,0.0,0.0,82680.0,0.0,0.0,82680.0,,,,,,,
82669742,1769.0,4249.0,115279.0,0.0,0.0,0.0,0.0,0.0,115279.0,,,,,,,
82670995,1769.0,4249.0,180000.0,0.0,0.0,0.0,0.0,0.0,180000.0,,,,,,,
82690608,1769.0,4211.0,0.0,0.0,0.0,700000.0,0.0,0.0,700000.0,,,,,,,
98522195,,,,,,,,,,,,,,,,
98523402,,,,,,,,,,,,,,,,
98524117,,,,,,,,,,,,,,,,
98601893,,,,,,,,,,,,,,,,
98602531,,,,,,,,,,,,,,,,
98652970,,,,,,,,,,,,,,,,
98653285,,,,,,,,,,,,,,,,
98653541,,,,,,,,,,,,,,,,
98654085,,,,,,,,,,,,,,,,
98654551,,,,,,,,,,,,,,,,
98657681,,,,,,,,,,,,,,,,
98657983,,,,,,,,,,,,,,,,
98658397,,,,,,,,,,,,,,,,
98659153,,,,,,,,,,,,,,,,
98659482,,,,,,,,,,,,,,,,
98660313,,,,,,,,,,,,,,,,
98660600,,,,,,,,,,,,,,,,
98660983,,,,,,,,,,,,,,,,
98661496,,,,,,,,,,,,,,,,
98663047,,,,,,,,,,,,,,,,
98663463,,,,,,,,,,,,,,,,
98663674,,,,,,,,,,,,,,,,
98663908,,,,,,,,,,,,,,,,
98664348,,,,,,,,,,,,,,,,
98664539,,,,,,,,,,,,,,,,
98665231,,,,,,,,,,,,,,,,
98757856,,,,,,,,,,,,,,,,
98758406,,,,,,,,,,,,,,,,
98759287,,,,,,,,,,,,,,,,
98759763,,,,,,,,,,,,,,,,
98800437,,,,,,,,,,,,,,,,
98800979,,,,,,,,,,,,,,,,
98801289,,,,,,,,,,,,,,,,
98801766,,,,,,,,,,,,,,,,
98802030,,,,,,,,,,,,,,,,
98802943,,,,,,,,,,,,,,,,
98803234,,,,,,,,,,,,,,,,
98804078,,,,,,,,,,,,,,,,
98804580,,,,,,,,,,,,,,,,
98947339,,,,,,,,,,,,,,,,
98947848,,,,,,,,,,,,,,,,
98948013,,,,,,,,,,,,,,,,
98948791,,,,,,,,,,,,,,,,
98948905,,,,,,,,,,,,,,,,
98949031,,,,,,,,,,,,,,,,
98949375,,,,,,,,,,,,,,,,
98950127,,,,,,,,,,,,,,,,
98951156,,,,,,,,,,,,,,,,
98951302,,,,,,,,,,,,,,,,
98951481,,,,,,,,,,,,,,,,
98951607,,,,,,,,,,,,,,,,
98951926,,,,,,,,,,,,,,,,
98952100,,,,,,,,,,,,,,,,
98952323,,,,,,,,,,,,,,,,
98952531,,,,,,,,,,,,,,,,
98952648,,,,,,,,,,,,,,,,
98953131,,,,,,,,,,,,,,,,
98953313,,,,,,,,,,,,,,,,
98953474,,,,,,,,,,,,,,,,
98953602,,,,,,,,,,,,,,,,
98954388,,,,,,,,,,,,,,,,
98954536,,,,,,,,,,,,,,,,
98954756,,,,,,,,,,,,,,,,
98954940,,,,,,,,,,,,,,,,
98955089,,,,,,,,,,,,,,,,
98956498,,,,,,,,,,,,,,,,
98956806,,,,,,,,,,,,,,,,
99330791,,,,,,,,,,,,,,,,
99331109,,,,,,,,,,,,,,,,
99331361,,,,,,,,,,,,,,,,
99331520,,,,,,,,,,,,,,,,
99331689,,,,,,,,,,,,,,,,
99331961,,,,,,,,,,,,,,,,
99332165,,,,,,,,,,,,,,,,
99332822,,,,,,,,,,,,,,,,
99333216,,,,,,,,,,,,,,,,
99333426,,,,,,,,,,,,,,,,
99333644,,,,,,,,,,,,,,,,
99333739,,,,,,,,,,,,,,,,
99333837,,,,,,,,,,,,,,,,
99334088,,,,,,,,,,,,,,,,
99334366,,,,,,,,,,,,,,,,
99334600,,,,,,,,,,,,,,,,
99334776,,,,,,,,,,,,,,,,
99334950,,,,,,,,,,,,,,,,
99335101,,,,,,,,,,,,,,,,
99335331,,,,,,,,,,,,,,,,
99335587,,,,,,,,,,,,,,,,
99335882,,,,,,,,,,,,,,,,
99335991,,,,,,,,,,,,,,,,
99336103,,,,,,,,,,,,,,,,
99336175,,,,,,,,,,,,,,,,
99336371,,,,,,,,,,,,,,,,
99336499,,,,,,,,,,,,,,,,
100115549,,,,,,,,,,,,,,,,
100116135,,,,,,,,,,,,,,,,
100116408,,,,,,,,,,,,,,,,
100116693,,,,,,,,,,,,,,,,
100116891,,,,,,,,,,,,,,,,
100117305,,,,,,,,,,,,,,,,
100117839,,,,,,,,,,,,,,,,
100118098,,,,,,,,,,,,,,,,
100118323,,,,,,,,,,,,,,,,
100119311,,,,,,,,,,,,,,,,
100119763,,,,,,,,,,,,,,,,
100119905,,,,,,,,,,,,,,,,
100120140,,,,,,,,,,,,,,,,
100120374,,,,,,,,,,,,,,,,
100120755,,,,,,,,,,,,,,,,
100163520,,,,,,,,,,,,,,,,
100164041,,,,,,,,,,,,,,,,
100170841,,,,,,,,,,,,,,,,
100171409,,,,,,,,,,,,,,,,
100171821,,,,,,,,,,,,,,,,
100172208,,,,,,,,,,,,,,,,
100173212,,,,,,,,,,,,,,,,
100173817,,,,,,,,,,,,,,,,
100174612,,,,,,,,,,,,,,,,
100175354,,,,,,,,,,,,,,,,
100176959,,,,,,,,,,,,,,,,
100309951,,,,,,,,,,,,,,,,
100310313,,,,,,,,,,,,,,,,
100310755,,,,,,,,,,,,,,,,
100310961,,,,,,,,,,,,,,,,
100311204,,,,,,,,,,,,,,,,
100311443,,,,,,,,,,,,,,,,
100311445,,,,,,,,,,,,,,,,
100311447,,,,,,,,,,,,,,,,
100311709,,,,,,,,,,,,,,,,
100312505,,,,,,,,,,,,,,,,
100312766,,,,,,,,,,,,,,,,
100313073,,,,,,,,,,,,,,,,
100313346,,,,,,,,,,,,,,,,
100313641,,,,,,,,,,,,,,,,
100313875,,,,,,,,,,,,,,,,
100314203,,,,,,,,,,,,,,,,
100314440,,,,,,,,,,,,,,,,
100314718,,,,,,,,,,,,,,,,
100314988,,,,,,,,,,,,,,,,
100315316,,,,,,,,,,,,,,,,
100319389,,,,,,,,,,,,,,,,
100319916,,,,,,,,,,,,,,,,
100320509,,,,,,,,,,,,,,,,
100322111,,,,,,,,,,,,,,,,
100322361,,,,,,,,,,,,,,,,
100322615,,,,,,,,,,,,,,,,
100322756,,,,,,,,,,,,,,,,
100322997,,,,,,,,,,,,,,,,
100323161,,,,,,,,,,,,,,,,
100323366,,,,,,,,,,,,,,,,
100323555,,,,,,,,,,,,,,,,
100323845,,,,,,,,,,,,,,,,
100324037,,,,,,,,,,,,,,,,
100324270,,,,,,,,,,,,,,,,
100324465,,,,,,,,,,,,,,,,
100324714,,,,,,,,,,,,,,,,
100355832,,,,,,,,,,,,,,,,
100355983,,,,,,,,,,,,,,,,
100356132,,,,,,,,,,,,,,,,
100356314,,,,,,,,,,,,,,,,
100356540,,,,,,,,,,,,,,,,
100356706,,,,,,,,,,,,,,,,
100356945,,,,,,,,,,,,,,,,
100357113,,,,,,,,,,,,,,,,
100357371,,,,,,,,,,,,,,,,
100357549,,,,,,,,,,,,,,,,
100357735,,,,,,,,,,,,,,,,
100357902,,,,,,,,,,,,,,,,
100358310,,,,,,,,,,,,,,,,
100358540,,,,,,,,,,,,,,,,
100358735,,,,,,,,,,,,,,,,
100358990,,,,,,,,,,,,,,,,
100359202,,,,,,,,,,,,,,,,
100359556,,,,,,,,,,,,,,,,
100359897,,,,,,,,,,,,,,,,
100360547,,,,,,,,,,,,,,,,
100413369,,,,,,,,,,,,,,,,
100413611,,,,,,,,,,,,,,,,
100413792,,,,,,,,,,,,,,,,
100413934,,,,,,,,,,,,,,,,
100414572,,,,,,,,,,,,,,,,
100414823,,,,,,,,,,,,,,,,
100415037,,,,,,,,,,,,,,,,
100415228,,,,,,,,,,,,,,,,
100415381,,,,,,,,,,,,,,,,
100424345,,,,,,,,,,,,,,,,
100424507,,,,,,,,,,,,,,,,
100424683,,,,,,,,,,,,,,,,
100424907,,,,,,,,,,,,,,,,
100425111,,,,,,,,,,,,,,,,
100425290,,,,,,,,,,,,,,,,
100425579,,,,,,,,,,,,,,,,
100425753,,,,,,,,,,,,,,,,
100425951,,,,,,,,,,,,,,,,
105368210,1769.0,4249.0,90000.0,0.0,0.0,0.0,0.0,0.0,90000.0,,,,,,,
105368400,1769.0,4249.0,90000.0,0.0,0.0,0.0,0.0,0.0,90000.0,,,,,,,
105368709,1769.0,4249.0,240000.0,0.0,0.0,0.0,0.0,0.0,240000.0,,,,,,,
105368882,1769.0,4249.0,120000.0,0.0,0.0,0.0,0.0,0.0,120000.0,,,,,,,
105373361,1769.0,4211.0,0.0,0.0,0.0,126824.0,0.0,0.0,126824.0,,,,,,,
105378390,0.0,0.0,0.0,0.0,0.0,12000.0,0.0,0.0,12000.0,,,,,,,
105379069,1769.0,4249.0,5150.0,0.0,0.0,0.0,0.0,0.0,5150.0,,,,,,,
105379451,,,,,,,,,,,,,,,,
105379566,,,,,,,,,,,,,,,,
105379593,,,,,,,,,,,,,,,,
105379623,,,,,,,,,,,,,,,,
105379657,,,,,,,,,,,,,,,,
105379679,,,,,,,,,,,,,,,,
105379713,,,,,,,,,,,,,,,,
105379811,,,,,,,,,,,,,,,,
105379836,,,,,,,,,,,,,,,,
128557871,1769.0,4211.0,0.0,0.0,0.0,300000.0,0.0,0.0,300000.0,,,,,,,
128557902,,,,,,,,,,,,,,,,
105366995,1769.0,4249.0,44850.0,0.0,0.0,0.0,0.0,0.0,44850.0,,,,,,,
105366790,1769.0,4249.0,350000.0,0.0,0.0,0.0,0.0,0.0,350000.0,,,,,,,
105368013,1769.0,4249.0,80118.0,0.0,0.0,0.0,0.0,0.0,80118.0,,,,,,,
105370526,1769.0,4211.0,0.0,0.0,0.0,200000.0,0.0,0.0,200000.0,,,,,,,
105374258,1778.0,4250.0,0.0,0.0,0.0,120000.0,0.0,0.0,120000.0,,,,,,,
105374436,1778.0,4250.0,0.0,0.0,0.0,200000.0,0.0,0.0,200000.0,,,,,,,
105374771,1778.0,4250.0,0.0,0.0,0.0,90780.0,0.0,0.0,90780.0,,,,,,,
105375002,1778.0,4250.0,0.0,0.0,0.0,200000.0,0.0,0.0,200000.0,,,,,,,
105375198,1778.0,4250.0,0.0,0.0,0.0,150000.0,0.0,0.0,150000.0,,,,,,,
105375738,1778.0,4250.0,0.0,0.0,0.0,54000.0,0.0,0.0,54000.0,,,,,,,
105385109,1769.0,4249.0,133118.0,0.0,0.0,0.0,0.0,0.0,133118.0,,,,,,,
105387475,1769.0,4211.0,0.0,0.0,0.0,200000.0,0.0,0.0,200000.0,,,,,,,
105390630,1769.0,4249.0,87000.0,0.0,0.0,0.0,0.0,0.0,87000.0,,,,,,,
105391951,1769.0,4249.0,5150.0,0.0,0.0,0.0,0.0,0.0,5150.0,,,,,,,
105369525,1769.0,4211.0,0.0,0.0,0.0,300000.0,0.0,0.0,300000.0,0.0,0.0,0.0,300000.0,0.0,0.0,
114512053,0.0,0.0,0.0,0.0,0.0,12000.0,0.0,0.0,12000.0,,,,,,,
116656179,,,,,,,,,,,,,,,,
116656838,,,,,,,,,,,,,,,,
116657368,,,,,,,,,,,,,,,,
116658234,,,,,,,,,,,,,,,,
116658893,,,,,,,,,,,,,,,,
116660018,,,,,,,,,,,,,,,,
116660407,,,,,,,,,,,,,,,,
116661762,,,,,,,,,,,,,,,,
116663033,,,,,,,,,,,,,,,,
116858027,,,,,,,,,,,,,,,,
116901223,,,,,,,,,,,,,,,,
116903091,,,,,,,,,,,,,,,,
116904716,,,,,,,,,,,,,,,,
116905388,,,,,,,,,,,,,,,,
116905979,,,,,,,,,,,,,,,,
116907020,,,,,,,,,,,,,,,,
116907736,,,,,,,,,,,,,,,,
116911401,,,,,,,,,,,,,,,,
116912408,,,,,,,,,,,,,,,,
116916393,,,,,,,,,,,,,,,,
116917316,,,,,,,,,,,,,,,,
116917805,,,,,,,,,,,,,,,,
116918473,,,,,,,,,,,,,,,,
116920485,,,,,,,,,,,,,,,,
116920877,,,,,,,,,,,,,,,,
116922300,,,,,,,,,,,,,,,,
116922858,,,,,,,,,,,,,,,,
116973201,,,,,,,,,,,,,,,,
116973702,,,,,,,,,,,,,,,,
116973989,,,,,,,,,,,,,,,,
116974335,,,,,,,,,,,,,,,,
116974779,,,,,,,,,,,,,,,,
116975128,,,,,,,,,,,,,,,,
116975395,,,,,,,,,,,,,,,,
116980390,,,,,,,,,,,,,,,,
116980692,,,,,,,,,,,,,,,,
116981571,,,,,,,,,,,,,,,,
116982023,,,,,,,,,,,,,,,,
116982394,,,,,,,,,,,,,,,,
117125580,,,,,,,,,,,,,,,,
117126127,,,,,,,,,,,,,,,,
117126559,,,,,,,,,,,,,,,,
117126870,,,,,,,,,,,,,,,,
117127207,,,,,,,,,,,,,,,,
117127677,,,,,,,,,,,,,,,,
117128073,,,,,,,,,,,,,,,,
117128407,,,,,,,,,,,,,,,,
117128867,,,,,,,,,,,,,,,,
117129475,,,,,,,,,,,,,,,,
117130602,,,,,,,,,,,,,,,,
117130968,,,,,,,,,,,,,,,,
117131364,,,,,,,,,,,,,,,,
117131788,,,,,,,,,,,,,,,,
117132190,,,,,,,,,,,,,,,,
117133187,,,,,,,,,,,,,,,,
119427253,,,,,,,,,,,,,,,,
119427500,,,,,,,,,,,,,,,,
119428034,,,,,,,,,,,,,,,,
119428261,,,,,,,,,,,,,,,,
119428422,,,,,,,,,,,,,,,,
119428555,,,,,,,,,,,,,,,,
119428751,,,,,,,,,,,,,,,,
119430070,,,,,,,,,,,,,,,,
119430226,,,,,,,,,,,,,,,,
119430429,,,,,,,,,,,,,,,,
119430596,,,,,,,,,,,,,,,,
119431087,,,,,,,,,,,,,,,,
119431357,,,,,,,,,,,,,,,,
119431578,,,,,,,,,,,,,,,,
119431935,,,,,,,,,,,,,,,,
119527049,,,,,,,,,,,,,,,,
119565211,,,,,,,,,,,,,,,,
119565589,,,,,,,,,,,,,,,,
119565835,,,,,,,,,,,,,,,,
119566407,,,,,,,,,,,,,,,,
119566702,,,,,,,,,,,,,,,,
119566989,,,,,,,,,,,,,,,,
119567296,,,,,,,,,,,,,,,,
119567649,,,,,,,,,,,,,,,,
119568153,,,,,,,,,,,,,,,,
119568421,,,,,,,,,,,,,,,,
119568641,,,,,,,,,,,,,,,,
119570903,,,,,,,,,,,,,,,,
119571102,,,,,,,,,,,,,,,,
119571352,,,,,,,,,,,,,,,,
119571555,,,,,,,,,,,,,,,,
119571868,,,,,,,,,,,,,,,,
119572092,,,,,,,,,,,,,,,,
119572398,,,,,,,,,,,,,,,,
119572873,,,,,,,,,,,,,,,,
119573076,,,,,,,,,,,,,,,,
119573253,,,,,,,,,,,,,,,,
119573406,,,,,,,,,,,,,,,,
119573536,,,,,,,,,,,,,,,,
119573682,,,,,,,,,,,,,,,,
119578130,,,,,,,,,,,,,,,,
119578492,,,,,,,,,,,,,,,,
119742472,,,,,,,,,,,,,,,,
119743447,,,,,,,,,,,,,,,,
119743968,,,,,,,,,,,,,,,,
119745118,,,,,,,,,,,,,,,,
119746275,,,,,,,,,,,,,,,,
119747130,,,,,,,,,,,,,,,,
120373949,,,,,,,,,,,,,,,,
120374266,,,,,,,,,,,,,,,,
120758027,,,,,,,,,,,,,,,,
120758360,,,,,,,,,,,,,,,,
120759042,,,,,,,,,,,,,,,,
120759387,,,,,,,,,,,,,,,,
120759756,,,,,,,,,,,,,,,,
120760027,,,,,,,,,,,,,,,,
120760305,,,,,,,,,,,,,,,,
120760735,,,,,,,,,,,,,,,,
120761182,,,,,,,,,,,,,,,,
120762158,,,,,,,,,,,,,,,,
120850730,,,,,,,,,,,,,,,,
120851347,,,,,,,,,,,,,,,,
120851687,,,,,,,,,,,,,,,,
120852202,,,,,,,,,,,,,,,,
120853415,,,,,,,,,,,,,,,,
120853731,,,,,,,,,,,,,,,,
120854315,,,,,,,,,,,,,,,,
120854906,,,,,,,,,,,,,,,,
120855448,,,,,,,,,,,,,,,,
120856012,,,,,,,,,,,,,,,,
120856440,,,,,,,,,,,,,,,,
120856795,,,,,,,,,,,,,,,,
120856953,,,,,,,,,,,,,,,,
120857532,,,,,,,,,,,,,,,,
120857775,,,,,,,,,,,,,,,,
120858413,,,,,,,,,,,,,,,,
120858649,,,,,,,,,,,,,,,,
120858885,,,,,,,,,,,,,,,,
120893694,,,,,,,,,,,,,,,,
120893926,,,,,,,,,,,,,,,,
120894078,,,,,,,,,,,,,,,,
120894258,,,,,,,,,,,,,,,,
120894430,,,,,,,,,,,,,,,,
122049135,1769.0,4249.0,5150.0,0.0,0.0,0.0,0.0,0.0,5150.0,,,,,,,
122049920,1769.0,4249.0,45000.0,0.0,0.0,0.0,0.0,0.0,45000.0,,,,,,,
122050427,1769.0,4249.0,18000.0,0.0,0.0,0.0,0.0,0.0,18000.0,,,,,,,
122050820,1769.0,4249.0,15000.0,0.0,0.0,0.0,0.0,0.0,15000.0,,,,,,,
122051215,1769.0,4249.0,31500.0,0.0,0.0,0.0,0.0,0.0,31500.0,,,,,,,
122051355,1769.0,4249.0,60000.0,0.0,0.0,0.0,0.0,0.0,60000.0,,,,,,,
122088920,1778.0,4250.0,0.0,0.0,0.0,46246.0,0.0,0.0,46246.0,,,,,,,
122090062,1778.0,4250.0,0.0,0.0,0.0,104534.0,0.0,0.0,104534.0,,,,,,,
122090284,1778.0,4250.0,0.0,0.0,0.0,32000.0,0.0,0.0,32000.0,,,,,,,
122098466,38.0,1.0,0.0,0.0,0.0,500000.0,0.0,0.0,500000.0,,,,,,,
122098578,38.0,1.0,0.0,0.0,0.0,500000.0,0.0,0.0,500000.0,,,,,,,
122098682,38.0,1.0,0.0,0.0,0.0,500000.0,0.0,0.0,500000.0,,,,,,,
122098819,38.0,1.0,0.0,0.0,0.0,500000.0,0.0,0.0,500000.0,,,,,,,
122098899,38.0,1.0,0.0,0.0,0.0,500000.0,0.0,0.0,500000.0,,,,,,,
122099083,38.0,1.0,0.0,0.0,0.0,500000.0,0.0,0.0,500000.0,,,,,,,
122099468,38.0,1.0,0.0,0.0,0.0,500000.0,0.0,0.0,500000.0,,,,,,,
122099866,38.0,1.0,0.0,0.0,0.0,500000.0,0.0,0.0,500000.0,,,,,,,
122099994,38.0,1.0,0.0,0.0,0.0,500000.0,0.0,0.0,500000.0,,,,,,,
122100147,38.0,1.0,0.0,0.0,0.0,500000.0,0.0,0.0,500000.0,,,,,,,
122178314,,,,,,,,,,,,,,,,
122178394,,,,,,,,,,,,,,,,
122178463,,,,,,,,,,,,,,,,
122178575,,,,,,,,,,,,,,,,
122178683,,,,,,,,,,,,,,,,
122178744,,,,,,,,,,,,,,,,
122178914,,,,,,,,,,,,,,,,
122178975,,,,,,,,,,,,,,,,
122179072,,,,,,,,,,,,,,,,
122179187,,,,,,,,,,,,,,,,
122179773,1769.0,4249.0,144000.0,0.0,0.0,0.0,0.0,0.0,144000.0,,,,,,,
122179873,1769.0,4249.0,72000.0,0.0,0.0,0.0,0.0,0.0,72000.0,,,,,,,
122179997,1769.0,4249.0,45000.0,0.0,0.0,0.0,0.0,0.0,45000.0,,,,,,,
122180118,1769.0,4249.0,72000.0,0.0,0.0,0.0,0.0,0.0,72000.0,,,,,,,
122180406,1769.0,4249.0,30000.0,0.0,0.0,0.0,0.0,0.0,30000.0,,,,,,,
122180516,1769.0,4249.0,42618.0,0.0,0.0,0.0,0.0,0.0,42618.0,,,,,,,
122180619,1769.0,4249.0,25000.0,0.0,0.0,0.0,0.0,0.0,25000.0,,,,,,,
122180702,1769.0,4249.0,20000.0,0.0,0.0,0.0,0.0,0.0,20000.0,,,,,,,
128279444,1778.0,4251.0,0.0,0.0,0.0,372946.0,0.0,0.0,372946.0,,,,,,,
128279476,1778.0,4251.0,0.0,0.0,0.0,200000.0,0.0,0.0,200000.0,,,,,,,
128279557,1778.0,4251.0,0.0,0.0,0.0,200000.0,0.0,0.0,200000.0,,,,,,,
122089587,1778.0,4250.0,0.0,0.0,0.0,20000.0,0.0,0.0,20000.0,,,,,,,
122090542,1778.0,4252.0,0.0,0.0,0.0,270000.0,0.0,0.0,270000.0,,,,,,,
122084186,1769.0,4211.0,0.0,0.0,0.0,200000.0,0.0,0.0,200000.0,,,,,,,
122084562,1769.0,4211.0,0.0,0.0,0.0,210000.0,0.0,0.0,210000.0,,,,,,,
122085097,1769.0,4211.0,0.0,0.0,0.0,200000.0,0.0,0.0,200000.0,,,,,,,
122085483,1769.0,4211.0,0.0,0.0,0.0,100000.0,0.0,0.0,100000.0,,,,,,,
122085805,1769.0,4211.0,0.0,0.0,0.0,116824.0,0.0,0.0,116824.0,,,,,,,
122086266,1778.0,4250.0,0.0,0.0,0.0,150000.0,0.0,0.0,150000.0,,,,,,,
122086831,1778.0,4250.0,0.0,0.0,0.0,90000.0,0.0,0.0,90000.0,,,,,,,
122088730,1778.0,4250.0,0.0,0.0,0.0,180000.0,0.0,0.0,180000.0,,,,,,,
122089312,1778.0,4250.0,0.0,0.0,0.0,90000.0,0.0,0.0,90000.0,,,,,,,
122089799,1778.0,4250.0,0.0,0.0,0.0,102000.0,0.0,0.0,102000.0,,,,,,,
122176291,1769.0,4249.0,41850.0,0.0,0.0,0.0,0.0,0.0,41850.0,,,,,,,
122182622,1769.0,4249.0,102368.0,0.0,0.0,0.0,0.0,0.0,102368.0,,,,,,,
122183042,1769.0,4249.0,260000.0,0.0,0.0,0.0,0.0,0.0,260000.0,,,,,,,
122183840,1769.0,4249.0,165750.0,0.0,0.0,0.0,0.0,0.0,165750.0,,,,,,,
122183908,1769.0,4249.0,45000.0,0.0,0.0,0.0,0.0,0.0,45000.0,,,,,,,
52276424,1769.0,4249.0,50000.0,0.0,0.0,0.0,0.0,0.0,50000.0,,,,,,,
52276521,1778.0,4250.0,0.0,0.0,0.0,115000.0,0.0,0.0,115000.0,,,,,,,
52274555,1769.0,4249.0,50000.0,0.0,0.0,0.0,0.0,0.0,50000.0,,,,,,,
52275022,1769.0,4249.0,50000.0,0.0,0.0,0.0,0.0,0.0,50000.0,,,,,,,
52275051,1769.0,4249.0,50000.0,0.0,0.0,0.0,0.0,0.0,50000.0,,,,,,,
52275079,1769.0,4249.0,132000.0,0.0,0.0,0.0,0.0,0.0,132000.0,,,,,,,
52275108,1769.0,4249.0,50000.0,0.0,0.0,0.0,0.0,0.0,50000.0,,,,,,,
52276390,1769.0,4249.0,75000.0,0.0,0.0,0.0,0.0,0.0,75000.0,,,,,,,
52276402,1769.0,4249.0,75000.0,0.0,0.0,0.0,0.0,0.0,75000.0,,,,,,,
52276445,1769.0,4249.0,300000.0,0.0,0.0,0.0,0.0,0.0,300000.0,,,,,,,
52276462,1769.0,4249.0,133772.0,0.0,0.0,0.0,0.0,0.0,133772.0,,,,,,,
52276487,1769.0,4211.0,0.0,0.0,0.0,965772.0,0.0,0.0,965772.0,,,,,,,
52276505,1778.0,4250.0,0.0,0.0,0.0,72000.0,0.0,0.0,72000.0,,,,,,,
52276538,1778.0,4250.0,0.0,0.0,0.0,180000.0,0.0,0.0,180000.0,,,,,,,
52276559,1778.0,4250.0,0.0,0.0,0.0,34228.0,0.0,0.0,34228.0,,,,,,,
52276583,1778.0,4250.0,0.0,0.0,0.0,241846.0,0.0,0.0,241846.0,,,,,,,
52926908,1769.0,4211.0,0.0,0.0,0.0,377574.0,0.0,0.0,377574.0,,,,,,,
52928449,0.0,0.0,0.0,0.0,0.0,100000.0,0.0,0.0,100000.0,,,,,,,
66417498,1769.0,4249.0,100000.0,0.0,0.0,0.0,0.0,0.0,100000.0,,,,,,,
52884352,1769.0,4211.0,0.0,0.0,0.0,388198.0,0.0,0.0,388198.0,,,,,,,
52884501,1769.0,4211.0,0.0,0.0,0.0,200000.0,0.0,0.0,200000.0,,,,,,,
52884604,1769.0,4249.0,75000.0,0.0,0.0,0.0,0.0,0.0,75000.0,,,,,,,
52884663,1769.0,4249.0,155886.0,0.0,0.0,0.0,0.0,0.0,155886.0,,,,,,,
52884843,1769.0,4249.0,72000.0,0.0,0.0,0.0,0.0,0.0,72000.0,,,,,,,
52884906,1769.0,4249.0,180000.0,0.0,0.0,0.0,0.0,0.0,180000.0,,,,,,,
52885146,1778.0,4250.0,0.0,0.0,0.0,384920.0,0.0,0.0,384920.0,,,,,,,
52885214,1778.0,4250.0,0.0,0.0,0.0,258154.0,0.0,0.0,258154.0,,,,,,,
66417478,1769.0,4249.0,424623.0,0.0,0.0,0.0,0.0,0.0,424623.0,,,,,,,
52884988,1769.0,4249.0,524623.0,0.0,0.0,0.0,0.0,0.0,524623.0,524623.0,0.0,0.0,0.0,0.0,0.0,
61672582,0.0,0.0,0.0,0.0,0.0,100000.0,0.0,0.0,100000.0,,,,,,,
66018795,1769.0,4249.0,24000.0,0.0,0.0,0.0,0.0,0.0,24000.0,,,,,,,
66018845,1769.0,4249.0,7000.0,0.0,0.0,0.0,0.0,0.0,7000.0,,,,,,,
66018956,1769.0,4249.0,15000.0,0.0,0.0,0.0,0.0,0.0,15000.0,,,,,,,
66019033,1769.0,4249.0,75000.0,0.0,0.0,0.0,0.0,0.0,75000.0,,,,,,,
66019079,1769.0,4249.0,52500.0,0.0,0.0,0.0,0.0,0.0,52500.0,,,,,,,
61664567,1769.0,4249.0,100000.0,0.0,0.0,0.0,0.0,0.0,100000.0,,,,,,,
61664768,1769.0,4249.0,108000.0,0.0,0.0,0.0,0.0,0.0,108000.0,,,,,,,
61664910,1769.0,4249.0,58744.0,0.0,0.0,0.0,0.0,0.0,58744.0,,,,,,,
61665171,1769.0,4249.0,100000.0,0.0,0.0,0.0,0.0,0.0,100000.0,,,,,,,
61666890,1778.0,4250.0,0.0,0.0,0.0,70000.0,0.0,0.0,70000.0,,,,,,,
66018329,1769.0,4249.0,90000.0,0.0,0.0,0.0,0.0,0.0,90000.0,,,,,,,
66018426,1769.0,4249.0,53094.0,0.0,0.0,0.0,0.0,0.0,53094.0,,,,,,,
66018637,1769.0,4249.0,105000.0,0.0,0.0,0.0,0.0,0.0,105000.0,,,,,,,
66018695,1769.0,4249.0,30000.0,0.0,0.0,0.0,0.0,0.0,30000.0,,,,,,,
66018753,1769.0,4249.0,90000.0,0.0,0.0,0.0,0.0,0.0,90000.0,,,,,,,
66018988,1769.0,4249.0,5150.0,0.0,0.0,0.0,0.0,0.0,5150.0,,,,,,,
66019150,1769.0,4211.0,0.0,0.0,0.0,558992.0,0.0,0.0,558992.0,,,,,,,
66019209,1769.0,4211.0,0.0,0.0,0.0,50000.0,0.0,0.0,50000.0,,,,,,,
66019314,1778.0,4250.0,0.0,0.0,0.0,400000.0,0.0,0.0,400000.0,,,,,,,
66019346,1778.0,4250.0,0.0,0.0,0.0,173074.0,0.0,0.0,173074.0,,,,,,,
61665032,1769.0,4249.0,90000.0,0.0,0.0,0.0,0.0,0.0,90000.0,90000.0,0.0,0.0,0.0,0.0,0.0,
61665318,1769.0,4249.0,30000.0,0.0,0.0,0.0,0.0,0.0,30000.0,30000.0,0.0,0.0,0.0,0.0,0.0,
61665443,1769.0,4249.0,30000.0,0.0,0.0,0.0,0.0,0.0,30000.0,30000.0,0.0,0.0,0.0,0.0,0.0,
61665630,1769.0,4249.0,90000.0,0.0,0.0,0.0,0.0,0.0,90000.0,90000.0,0.0,0.0,0.0,0.0,0.0,
61665744,1769.0,4249.0,37500.0,0.0,0.0,0.0,0.0,0.0,37500.0,37500.0,0.0,0.0,0.0,0.0,0.0,
61665991,1769.0,4249.0,80000.0,0.0,0.0,0.0,0.0,0.0,80000.0,80000.0,0.0,0.0,0.0,0.0,0.0,
61666111,1769.0,4249.0,99000.0,0.0,0.0,0.0,0.0,0.0,99000.0,99000.0,0.0,0.0,0.0,0.0,0.0,
61666281,1769.0,4249.0,47244.0,0.0,0.0,0.0,0.0,0.0,47244.0,47244.0,0.0,0.0,0.0,0.0,0.0,
61666348,1769.0,4249.0,43000.0,0.0,0.0,0.0,0.0,0.0,43000.0,43000.0,0.0,0.0,0.0,0.0,0.0,
61666448,1769.0,4211.0,0.0,0.0,0.0,558992.0,0.0,0.0,558992.0,0.0,0.0,0.0,558992.0,0.0,0.0,
61666545,1769.0,4211.0,0.0,0.0,0.0,50000.0,0.0,0.0,50000.0,0.0,0.0,0.0,50000.0,0.0,0.0,
61666689,1778.0,4250.0,0.0,0.0,0.0,400000.0,0.0,0.0,400000.0,0.0,0.0,0.0,400000.0,0.0,0.0,
61666803,1778.0,4250.0,0.0,0.0,0.0,173074.0,0.0,0.0,173074.0,0.0,0.0,0.0,173074.0,0.0,0.0,
74906158,,,,,,,,,,,,,,,,
74907691,,,,,,,,,,,,,,,,
74908867,,,,,,,,,,,,,,,,
74910125,,,,,,,,,,,,,,,,
74911063,,,,,,,,,,,,,,,,
74913908,,,,,,,,,,,,,,,,
74915449,,,,,,,,,,,,,,,,
74921783,,,,,,,,,,,,,,,,
74922418,,,,,,,,,,,,,,,,
74922961,,,,,,,,,,,,,,,,
74923715,,,,,,,,,,,,,,,,
74926330,,,,,,,,,,,,,,,,
74927336,,,,,,,,,,,,,,,,
74927932,,,,,,,,,,,,,,,,
76485083,,,,,,,,,,,,,,,,
76489874,,,,,,,,,,,,,,,,
76491233,,,,,,,,,,,,,,,,
76547946,,,,,,,,,,,,,,,,
76548608,,,,,,,,,,,,,,,,
76549377,,,,,,,,,,,,,,,,
76550344,,,,,,,,,,,,,,,,
76553560,,,,,,,,,,,,,,,,
76555807,,,,,,,,,,,,,,,,
76556916,,,,,,,,,,,,,,,,
76558900,,,,,,,,,,,,,,,,
76560506,,,,,,,,,,,,,,,,
76562127,,,,,,,,,,,,,,,,
76565974,,,,,,,,,,,,,,,,
76570142,,,,,,,,,,,,,,,,
76572990,,,,,,,,,,,,,,,,
76575663,,,,,,,,,,,,,,,,
76578356,,,,,,,,,,,,,,,,
76587617,0.0,0.0,0.0,0.0,0.0,5000.0,0.0,0.0,5000.0,,,,,,,
76589145,,,,,,,,,,,,,,,,
76590734,,,,,,,,,,,,,,,,
76592032,,,,,,,,,,,,,,,,
76936927,,,,,,,,,,,,,,,,
76937699,38.0,1.0,0.0,0.0,0.0,3143.0,0.0,0.0,3143.0,,,,,,,
76938327,,,,,,,,,,,,,,,,
76938701,0.0,0.0,0.0,0.0,0.0,50000.0,0.0,0.0,50000.0,,,,,,,
76939068,38.0,1.0,0.0,0.0,0.0,60000.0,0.0,0.0,60000.0,,,,,,,
78278629,0.0,0.0,0.0,0.0,0.0,12000.0,0.0,0.0,12000.0,,,,,,,
78279551,,,,,,,,,,,,,,,,
78280122,,,,,,,,,,,,,,,,
78280919,,,,,,,,,,,,,,,,
78281449,,,,,,,,,,,,,,,,
78283074,,,,,,,,,,,,,,,,
78283902,,,,,,,,,,,,,,,,
78284616,,,,,,,,,,,,,,,,
78285853,,,,,,,,,,,,,,,,
78286485,,,,,,,,,,,,,,,,
78287719,,,,,,,,,,,,,,,,
78288317,,,,,,,,,,,,,,,,
78288855,,,,,,,,,,,,,,,,
78289622,0.0,0.0,0.0,0.0,0.0,3000.0,0.0,0.0,3000.0,,,,,,,
78312616,0.0,0.0,0.0,0.0,0.0,6000.0,0.0,0.0,6000.0,,,,,,,
78314573,,,,,,,,,,,,,,,,
78315353,,,,,,,,,,,,,,,,
78316680,,,,,,,,,,,,,,,,
78317407,,,,,,,,,,,,,,,,
78318584,,,,,,,,,,,,,,,,
78497121,,,,,,,,,,,,,,,,
78497361,,,,,,,,,,,,,,,,
78497558,,,,,,,,,,,,,,,,
78497781,,,,,,,,,,,,,,,,
78639883,38.0,1.0,0.0,0.0,0.0,3143.0,0.0,0.0,3143.0,,,,,,,
78640713,38.0,1.0,0.0,0.0,0.0,3143.0,0.0,0.0,3143.0,,,,,,,
78641717,38.0,1.0,0.0,0.0,0.0,3143.0,0.0,0.0,3143.0,,,,,,,
78642348,38.0,1.0,0.0,0.0,0.0,3143.0,0.0,0.0,3143.0,,,,,,,
78642965,38.0,1.0,0.0,0.0,0.0,3143.0,0.0,0.0,3143.0,,,,,,,
78646786,38.0,1.0,0.0,0.0,0.0,3143.0,0.0,0.0,3143.0,,,,,,,
78647846,38.0,1.0,0.0,0.0,0.0,3143.0,0.0,0.0,3143.0,,,,,,,
78648916,38.0,1.0,0.0,0.0,0.0,3143.0,0.0,0.0,3143.0,,,,,,,
78649630,38.0,1.0,0.0,0.0,0.0,3143.0,0.0,0.0,3143.0,,,,,,,
78650246,38.0,1.0,0.0,0.0,0.0,3143.0,0.0,0.0,3143.0,,,,,,,
78651114,38.0,1.0,0.0,0.0,0.0,3143.0,0.0,0.0,3143.0,,,,,,,
78653721,,,,,,,,,,,,,,,,
78654437,,,,,,,,,,,,,,,,
78655118,,,,,,,,,,,,,,,,
78655749,,,,,,,,,,,,,,,,
78656427,,,,,,,,,,,,,,,,
78658661,,,,,,,,,,,,,,,,
78659261,,,,,,,,,,,,,,,,
78659904,,,,,,,,,,,,,,,,
78661050,,,,,,,,,,,,,,,,
78661883,,,,,,,,,,,,,,,,
78717447,,,,,,,,,,,,,,,,
78718289,,,,,,,,,,,,,,,,
78719321,,,,,,,,,,,,,,,,
78720136,,,,,,,,,,,,,,,,
78720845,,,,,,,,,,,,,,,,
78721726,,,,,,,,,,,,,,,,
78725383,,,,,,,,,,,,,,,,
78728540,,,,,,,,,,,,,,,,
78729072,,,,,,,,,,,,,,,,
78730276,,,,,,,,,,,,,,,,
79147243,38.0,1.0,0.0,0.0,0.0,4134.0,0.0,0.0,4134.0,,,,,,,
79147504,38.0,1.0,0.0,0.0,0.0,4134.0,0.0,0.0,4134.0,,,,,,,
79148294,38.0,1.0,0.0,0.0,0.0,4134.0,0.0,0.0,4134.0,,,,,,,
79148866,38.0,1.0,0.0,0.0,0.0,4134.0,0.0,0.0,4134.0,,,,,,,
79149082,38.0,1.0,0.0,0.0,0.0,4134.0,0.0,0.0,4134.0,,,,,,,
79149305,38.0,1.0,0.0,0.0,0.0,4134.0,0.0,0.0,4134.0,,,,,,,
79149525,38.0,1.0,0.0,0.0,0.0,4134.0,0.0,0.0,4134.0,,,,,,,
79149717,38.0,1.0,0.0,0.0,0.0,4134.0,0.0,0.0,4134.0,,,,,,,
79150034,38.0,1.0,0.0,0.0,0.0,4134.0,0.0,0.0,4134.0,,,,,,,
79886123,,,,,,,,,,,,,,,,
79886616,,,,,,,,,,,,,,,,
79887088,,,,,,,,,,,,,,,,
79887467,,,,,,,,,,,,,,,,
79887901,,,,,,,,,,,,,,,,
79888389,,,,,,,,,,,,,,,,
79888871,,,,,,,,,,,,,,,,
79889341,,,,,,,,,,,,,,,,
79889881,,,,,,,,,,,,,,,,
79890353,,,,,,,,,,,,,,,,
79890822,,,,,,,,,,,,,,,,
79892940,38.0,1.0,0.0,0.0,0.0,500000.0,0.0,0.0,500000.0,,,,,,,
79893435,38.0,1.0,0.0,0.0,0.0,500000.0,0.0,0.0,500000.0,,,,,,,
79896272,,,,,,,,,,,,,,,,
79896901,,,,,,,,,,,,,,,,
79897377,,,,,,,,,,,,,,,,
79899249,,,,,,,,,,,,,,,,
79902689,,,,,,,,,,,,,,,,
79905838,38.0,1.0,0.0,0.0,0.0,100000.0,0.0,0.0,100000.0,,,,,,,
79906881,,,,,,,,,,,,,,,,
79907422,,,,,,,,,,,,,,,,
79907927,,,,,,,,,,,,,,,,
79908391,,,,,,,,,,,,,,,,
79908947,,,,,,,,,,,,,,,,
79909474,,,,,,,,,,,,,,,,
79910008,,,,,,,,,,,,,,,,
79911159,,,,,,,,,,,,,,,,
79911657,,,,,,,,,,,,,,,,
79912228,,,,,,,,,,,,,,,,
79912742,,,,,,,,,,,,,,,,
79913544,,,,,,,,,,,,,,,,
79913989,,,,,,,,,,,,,,,,
79914528,,,,,,,,,,,,,,,,
79914945,,,,,,,,,,,,,,,,
79915628,,,,,,,,,,,,,,,,
79916110,,,,,,,,,,,,,,,,
79918301,,,,,,,,,,,,,,,,
79918992,,,,,,,,,,,,,,,,
79919482,,,,,,,,,,,,,,,,
79920074,,,,,,,,,,,,,,,,
79920651,,,,,,,,,,,,,,,,
79921205,,,,,,,,,,,,,,,,
79921739,,,,,,,,,,,,,,,,
79922307,,,,,,,,,,,,,,,,
79922801,,,,,,,,,,,,,,,,
79923263,,,,,,,,,,,,,,,,
79923783,,,,,,,,,,,,,,,,
79924395,,,,,,,,,,,,,,,,
79926417,,,,,,,,,,,,,,,,
79927369,,,,,,,,,,,,,,,,
79927866,,,,,,,,,,,,,,,,
79939313,38.0,1.0,0.0,0.0,0.0,4440.0,0.0,0.0,4440.0,,,,,,,
79940600,38.0,1.0,0.0,0.0,0.0,4440.0,0.0,0.0,4440.0,,,,,,,
79941267,38.0,1.0,0.0,0.0,0.0,4440.0,0.0,0.0,4440.0,,,,,,,
79942073,38.0,1.0,0.0,0.0,0.0,4440.0,0.0,0.0,4440.0,,,,,,,
79943732,38.0,1.0,0.0,0.0,0.0,4440.0,0.0,0.0,4440.0,,,,,,,
79944352,38.0,1.0,0.0,0.0,0.0,4440.0,0.0,0.0,4440.0,,,,,,,
79944932,38.0,1.0,0.0,0.0,0.0,4440.0,0.0,0.0,4440.0,,,,,,,
79945569,38.0,1.0,0.0,0.0,0.0,4440.0,0.0,0.0,4440.0,,,,,,,
79946141,38.0,1.0,0.0,0.0,0.0,4440.0,0.0,0.0,4440.0,,,,,,,
79946706,38.0,1.0,0.0,0.0,0.0,4440.0,0.0,0.0,4440.0,,,,,,,
79947218,38.0,1.0,0.0,0.0,0.0,4440.0,0.0,0.0,4440.0,,,,,,,
79948100,38.0,1.0,0.0,0.0,0.0,4440.0,0.0,0.0,4440.0,,,,,,,
79950727,38.0,1.0,0.0,0.0,0.0,4440.0,0.0,0.0,4440.0,,,,,,,
79951334,38.0,1.0,0.0,0.0,0.0,4440.0,0.0,0.0,4440.0,,,,,,,
79951878,38.0,1.0,0.0,0.0,0.0,4440.0,0.0,0.0,4440.0,,,,,,,
79952416,38.0,1.0,0.0,0.0,0.0,4440.0,0.0,0.0,4440.0,,,,,,,
79952978,38.0,1.0,0.0,0.0,0.0,4440.0,0.0,0.0,4440.0,,,,,,,
79953555,38.0,1.0,0.0,0.0,0.0,4440.0,0.0,0.0,4440.0,,,,,,,
79955151,38.0,1.0,0.0,0.0,0.0,4440.0,0.0,0.0,4440.0,,,,,,,
79956246,38.0,1.0,0.0,0.0,0.0,4440.0,0.0,0.0,4440.0,,,,,,,
79956708,38.0,1.0,0.0,0.0,0.0,4440.0,0.0,0.0,4440.0,,,,,,,
79957505,38.0,1.0,0.0,0.0,0.0,4440.0,0.0,0.0,4440.0,,,,,,,
79958123,,,,,,,,,,,,,,,,
79958564,38.0,1.0,0.0,0.0,0.0,4440.0,0.0,0.0,4440.0,,,,,,,
79961121,,,,,,,,,,,,,,,,
79962160,,,,,,,,,,,,,,,,
79962565,,,,,,,,,,,,,,,,
79963141,38.0,1.0,0.0,0.0,0.0,100000.0,0.0,0.0,100000.0,,,,,,,
79963711,38.0,1.0,0.0,0.0,0.0,100000.0,0.0,0.0,100000.0,,,,,,,
79964266,38.0,1.0,0.0,0.0,0.0,100000.0,0.0,0.0,100000.0,,,,,,,
79965013,,,,,,,,,,,,,,,,
79966182,38.0,1.0,0.0,0.0,0.0,300000.0,0.0,0.0,300000.0,,,,,,,
79966602,38.0,1.0,0.0,0.0,0.0,100000.0,0.0,0.0,100000.0,,,,,,,
79967249,38.0,1.0,0.0,0.0,0.0,500000.0,0.0,0.0,500000.0,,,,,,,
79967781,38.0,1.0,0.0,0.0,0.0,100000.0,0.0,0.0,100000.0,,,,,,,
79968329,,,,,,,,,,,,,,,,
79968940,38.0,1.0,0.0,0.0,0.0,100000.0,0.0,0.0,100000.0,,,,,,,
79969718,38.0,1.0,0.0,0.0,0.0,100000.0,0.0,0.0,100000.0,,,,,,,
79970144,,,,,,,,,,,,,,,,
82704449,1769.0,4249.0,90000.0,0.0,0.0,0.0,0.0,0.0,90000.0,,,,,,,
82705804,1769.0,4249.0,5150.0,0.0,0.0,0.0,0.0,0.0,5150.0,,,,,,,
82706382,1769.0,4249.0,21000.0,0.0,0.0,0.0,0.0,0.0,21000.0,,,,,,,
82721318,1778.0,4250.0,0.0,0.0,0.0,172448.0,0.0,0.0,172448.0,,,,,,,
82946785,1769.0,4249.0,45360.0,0.0,0.0,0.0,0.0,0.0,45360.0,,,,,,,
82966783,,,,,,,,,,,,,,,,
82967176,,,,,,,,,,,,,,,,
82967623,,,,,,,,,,,,,,,,
82967995,,,,,,,,,,,,,,,,
82969938,0.0,0.0,0.0,0.0,0.0,40000.0,0.0,0.0,40000.0,,,,,,,
82971319,38.0,1.0,0.0,0.0,0.0,362958.0,0.0,0.0,362958.0,,,,,,,
82984557,,,,,,,,,,,,,,,,
82984738,,,,,,,,,,,,,,,,
82985087,,,,,,,,,,,,,,,,
82985292,,,,,,,,,,,,,,,,
82985471,,,,,,,,,,,,,,,,
82985648,,,,,,,,,,,,,,,,
82985867,,,,,,,,,,,,,,,,
82986087,,,,,,,,,,,,,,,,
82986361,,,,,,,,,,,,,,,,
82986562,,,,,,,,,,,,,,,,
82986767,,,,,,,,,,,,,,,,
82986943,,,,,,,,,,,,,,,,
82987164,,,,,,,,,,,,,,,,
82987568,,,,,,,,,,,,,,,,
82987769,,,,,,,,,,,,,,,,
82987955,,,,,,,,,,,,,,,,
82988123,,,,,,,,,,,,,,,,
82988275,,,,,,,,,,,,,,,,
82988432,,,,,,,,,,,,,,,,
82988598,,,,,,,,,,,,,,,,
82680418,1769.0,4249.0,119700.0,0.0,0.0,0.0,0.0,0.0,119700.0,,,,,,,
82688016,1769.0,4249.0,225000.0,0.0,0.0,0.0,0.0,0.0,225000.0,,,,,,,
82692293,1769.0,4249.0,90000.0,0.0,0.0,0.0,0.0,0.0,90000.0,,,,,,,
82702658,1769.0,4249.0,90000.0,0.0,0.0,0.0,0.0,0.0,90000.0,,,,,,,
82705250,1769.0,4249.0,90000.0,0.0,0.0,0.0,0.0,0.0,90000.0,,,,,,,
82711051,1769.0,4249.0,75910.0,0.0,0.0,0.0,0.0,0.0,75910.0,,,,,,,
82711977,1769.0,4211.0,0.0,0.0,0.0,416080.0,0.0,0.0,416080.0,,,,,,,
82712780,1769.0,4211.0,0.0,0.0,0.0,200000.0,0.0,0.0,200000.0,,,,,,,
82721831,1778.0,4250.0,0.0,0.0,0.0,128000.0,0.0,0.0,128000.0,,,,,,,
82727036,1778.0,4250.0,0.0,0.0,0.0,120000.0,0.0,0.0,120000.0,,,,,,,
82730292,1778.0,4250.0,0.0,0.0,0.0,90000.0,0.0,0.0,90000.0,,,,,,,
82731347,1778.0,4250.0,0.0,0.0,0.0,82680.0,0.0,0.0,82680.0,,,,,,,
82740632,1769.0,4249.0,72000.0,0.0,0.0,0.0,0.0,0.0,72000.0,,,,,,,
82973536,1778.0,4250.0,0.0,0.0,0.0,132782.0,0.0,0.0,132782.0,,,,,,,
96348249,,,,,,,,,,,,,,,,
96350659,,,,,,,,,,,,,,,,
99067497,,,,,,,,,,,,,,,,
99069032,,,,,,,,,,,,,,,,
99097094,,,,,,,,,,,,,,,,
99097407,,,,,,,,,,,,,,,,
99097844,,,,,,,,,,,,,,,,
99100753,,,,,,,,,,,,,,,,
99101169,,,,,,,,,,,,,,,,
99101631,,,,,,,,,,,,,,,,
99102335,,,,,,,,,,,,,,,,
99102930,,,,,,,,,,,,,,,,
99104679,,,,,,,,,,,,,,,,
99105628,,,,,,,,,,,,,,,,
99107100,,,,,,,,,,,,,,,,
99110623,,,,,,,,,,,,,,,,
99111148,,,,,,,,,,,,,,,,
99112605,,,,,,,,,,,,,,,,
99113609,,,,,,,,,,,,,,,,
99117725,,,,,,,,,,,,,,,,
99128937,,,,,,,,,,,,,,,,
99129213,,,,,,,,,,,,,,,,
99130793,,,,,,,,,,,,,,,,
99131467,,,,,,,,,,,,,,,,
99131991,,,,,,,,,,,,,,,,
99132780,,,,,,,,,,,,,,,,
99133593,,,,,,,,,,,,,,,,
99134306,,,,,,,,,,,,,,,,
99142639,,,,,,,,,,,,,,,,
99143385,,,,,,,,,,,,,,,,
99143887,,,,,,,,,,,,,,,,
99144598,,,,,,,,,,,,,,,,
99145381,,,,,,,,,,,,,,,,
99146495,,,,,,,,,,,,,,,,
99147393,,,,,,,,,,,,,,,,
99147910,,,,,,,,,,,,,,,,
99148457,,,,,,,,,,,,,,,,
99148938,,,,,,,,,,,,,,,,
99203523,,,,,,,,,,,,,,,,
99203949,,,,,,,,,,,,,,,,
99204283,,,,,,,,,,,,,,,,
99204772,,,,,,,,,,,,,,,,
99205665,,,,,,,,,,,,,,,,
99252706,,,,,,,,,,,,,,,,
99253676,,,,,,,,,,,,,,,,
99254241,,,,,,,,,,,,,,,,
99254675,,,,,,,,,,,,,,,,
99255127,,,,,,,,,,,,,,,,
99255507,,,,,,,,,,,,,,,,
99255985,,,,,,,,,,,,,,,,
99256963,,,,,,,,,,,,,,,,
99257256,,,,,,,,,,,,,,,,
99257688,,,,,,,,,,,,,,,,
99258411,,,,,,,,,,,,,,,,
99258946,,,,,,,,,,,,,,,,
99599554,,,,,,,,,,,,,,,,
99599858,,,,,,,,,,,,,,,,
99600269,,,,,,,,,,,,,,,,
99600685,,,,,,,,,,,,,,,,
99774808,,,,,,,,,,,,,,,,
99777351,,,,,,,,,,,,,,,,
99802600,,,,,,,,,,,,,,,,
99803783,,,,,,,,,,,,,,,,
99804903,,,,,,,,,,,,,,,,
99807734,,,,,,,,,,,,,,,,
99808643,,,,,,,,,,,,,,,,
99809294,,,,,,,,,,,,,,,,
99850467,,,,,,,,,,,,,,,,
99851045,,,,,,,,,,,,,,,,
99851674,,,,,,,,,,,,,,,,
99852368,,,,,,,,,,,,,,,,
99852917,,,,,,,,,,,,,,,,
99854274,,,,,,,,,,,,,,,,
99855074,,,,,,,,,,,,,,,,
99858241,,,,,,,,,,,,,,,,
99865115,,,,,,,,,,,,,,,,
99865612,,,,,,,,,,,,,,,,
99865950,,,,,,,,,,,,,,,,
99866401,,,,,,,,,,,,,,,,
99866868,,,,,,,,,,,,,,,,
99869114,,,,,,,,,,,,,,,,
99870151,,,,,,,,,,,,,,,,
99872818,,,,,,,,,,,,,,,,
99874011,,,,,,,,,,,,,,,,
99891662,,,,,,,,,,,,,,,,
99892207,,,,,,,,,,,,,,,,
99893105,,,,,,,,,,,,,,,,
99893588,,,,,,,,,,,,,,,,
99894365,,,,,,,,,,,,,,,,
99896372,,,,,,,,,,,,,,,,
100073599,,,,,,,,,,,,,,,,
100074150,,,,,,,,,,,,,,,,
100074561,,,,,,,,,,,,,,,,
100075131,,,,,,,,,,,,,,,,
100075592,,,,,,,,,,,,,,,,
100076146,,,,,,,,,,,,,,,,
100076721,,,,,,,,,,,,,,,,
100077506,,,,,,,,,,,,,,,,
100078020,,,,,,,,,,,,,,,,
100079446,,,,,,,,,,,,,,,,
100080073,,,,,,,,,,,,,,,,
100080979,,,,,,,,,,,,,,,,
100081690,,,,,,,,,,,,,,,,
100113114,,,,,,,,,,,,,,,,
100113509,,,,,,,,,,,,,,,,
100114339,,,,,,,,,,,,,,,,
100114757,,,,,,,,,,,,,,,,
100115277,,,,,,,,,,,,,,,,
100115815,,,,,,,,,,,,,,,,
100116423,,,,,,,,,,,,,,,,
100116831,,,,,,,,,,,,,,,,
100117303,,,,,,,,,,,,,,,,
100117619,,,,,,,,,,,,,,,,
100118419,,,,,,,,,,,,,,,,
100118847,,,,,,,,,,,,,,,,
100119247,,,,,,,,,,,,,,,,
100119664,,,,,,,,,,,,,,,,
100119887,,,,,,,,,,,,,,,,
100120442,,,,,,,,,,,,,,,,
100120840,,,,,,,,,,,,,,,,
100121336,,,,,,,,,,,,,,,,
100121702,,,,,,,,,,,,,,,,
100122560,,,,,,,,,,,,,,,,
100123125,,,,,,,,,,,,,,,,
100123696,,,,,,,,,,,,,,,,
100124218,,,,,,,,,,,,,,,,
100124789,,,,,,,,,,,,,,,,
100125668,,,,,,,,,,,,,,,,
100126153,,,,,,,,,,,,,,,,
100126654,,,,,,,,,,,,,,,,
100127389,,,,,,,,,,,,,,,,
100127854,,,,,,,,,,,,,,,,
100128545,,,,,,,,,,,,,,,,
100128882,,,,,,,,,,,,,,,,
100129197,,,,,,,,,,,,,,,,
100130234,,,,,,,,,,,,,,,,
100130812,,,,,,,,,,,,,,,,
100131313,,,,,,,,,,,,,,,,
100131824,,,,,,,,,,,,,,,,
100132336,,,,,,,,,,,,,,,,
100132871,,,,,,,,,,,,,,,,
100133513,,,,,,,,,,,,,,,,
100135330,,,,,,,,,,,,,,,,
100136440,,,,,,,,,,,,,,,,
100137233,,,,,,,,,,,,,,,,
100137655,,,,,,,,,,,,,,,,
100138255,,,,,,,,,,,,,,,,
100139050,,,,,,,,,,,,,,,,
100141057,,,,,,,,,,,,,,,,
100142002,,,,,,,,,,,,,,,,
100143774,,,,,,,,,,,,,,,,
100211770,,,,,,,,,,,,,,,,
100228717,,,,,,,,,,,,,,,,
100229189,,,,,,,,,,,,,,,,
100232655,,,,,,,,,,,,,,,,
100233427,,,,,,,,,,,,,,,,
100233839,,,,,,,,,,,,,,,,
100234268,,,,,,,,,,,,,,,,
100235037,,,,,,,,,,,,,,,,
100235503,,,,,,,,,,,,,,,,
100236057,,,,,,,,,,,,,,,,
100236861,,,,,,,,,,,,,,,,
100260014,,,,,,,,,,,,,,,,
100260667,,,,,,,,,,,,,,,,
100261452,,,,,,,,,,,,,,,,
100262044,,,,,,,,,,,,,,,,
100262627,,,,,,,,,,,,,,,,
100263533,,,,,,,,,,,,,,,,
100264206,,,,,,,,,,,,,,,,
100265424,,,,,,,,,,,,,,,,
100265942,,,,,,,,,,,,,,,,
100266471,,,,,,,,,,,,,,,,
100267053,,,,,,,,,,,,,,,,
100267813,,,,,,,,,,,,,,,,
100268265,,,,,,,,,,,,,,,,
100268726,,,,,,,,,,,,,,,,
100269376,,,,,,,,,,,,,,,,
100269955,,,,,,,,,,,,,,,,
100270446,,,,,,,,,,,,,,,,
100271267,,,,,,,,,,,,,,,,
100271671,,,,,,,,,,,,,,,,
100272102,,,,,,,,,,,,,,,,
100272550,,,,,,,,,,,,,,,,
100273074,,,,,,,,,,,,,,,,
100274504,,,,,,,,,,,,,,,,
100275372,,,,,,,,,,,,,,,,
100275827,,,,,,,,,,,,,,,,
100276266,,,,,,,,,,,,,,,,
100276708,,,,,,,,,,,,,,,,
100277340,,,,,,,,,,,,,,,,
100278151,,,,,,,,,,,,,,,,
100279129,,,,,,,,,,,,,,,,
100279640,,,,,,,,,,,,,,,,
100280550,,,,,,,,,,,,,,,,
100281340,,,,,,,,,,,,,,,,
100282012,,,,,,,,,,,,,,,,
100282864,,,,,,,,,,,,,,,,
100283180,,,,,,,,,,,,,,,,
100283701,,,,,,,,,,,,,,,,
100284082,,,,,,,,,,,,,,,,
100284581,,,,,,,,,,,,,,,,
100284981,,,,,,,,,,,,,,,,
100285532,,,,,,,,,,,,,,,,
105429014,1769.0,4249.0,90000.0,0.0,0.0,0.0,0.0,0.0,90000.0,,,,,,,
105430629,38.0,1.0,0.0,0.0,0.0,600000.0,0.0,0.0,600000.0,,,,,,,
105430916,0.0,0.0,0.0,0.0,0.0,60000.0,0.0,0.0,60000.0,,,,,,,
105431603,,,,,,,,,,,,,,,,
105431741,,,,,,,,,,,,,,,,
105431881,,,,,,,,,,,,,,,,
105432309,,,,,,,,,,,,,,,,
105432928,,,,,,,,,,,,,,,,
105433196,,,,,,,,,,,,,,,,
105433398,,,,,,,,,,,,,,,,
105433594,,,,,,,,,,,,,,,,
105433849,,,,,,,,,,,,,,,,
105434050,,,,,,,,,,,,,,,,
105434595,,,,,,,,,,,,,,,,
105434798,,,,,,,,,,,,,,,,
105447904,1778.0,4252.0,0.0,0.0,0.0,35500.0,0.0,0.0,35500.0,,,,,,,
105448284,,,,,,,,,,,,,,,,
105448420,,,,,,,,,,,,,,,,
105448582,,,,,,,,,,,,,,,,
105448685,,,,,,,,,,,,,,,,
105448992,,,,,,,,,,,,,,,,
105449138,,,,,,,,,,,,,,,,
105449386,,,,,,,,,,,,,,,,
100951187,1769.0,4211.0,0.0,0.0,0.0,500000.0,0.0,0.0,500000.0,,,,,,,
100954833,1769.0,4211.0,0.0,0.0,0.0,102756.0,0.0,0.0,102756.0,,,,,,,
105401313,1769.0,4211.0,0.0,0.0,0.0,50000.0,0.0,0.0,50000.0,,,,,,,
105413098,1769.0,4249.0,95150.0,0.0,0.0,0.0,0.0,0.0,95150.0,,,,,,,
105414568,1769.0,4249.0,124417.0,0.0,0.0,0.0,0.0,0.0,124417.0,,,,,,,
105417454,1778.0,4250.0,0.0,0.0,0.0,400330.0,0.0,0.0,400330.0,,,,,,,
105419984,1778.0,4250.0,0.0,0.0,0.0,89000.0,0.0,0.0,89000.0,,,,,,,
105420513,1778.0,4252.0,0.0,0.0,0.0,237000.0,0.0,0.0,237000.0,,,,,,,
105425488,1778.0,4250.0,0.0,0.0,0.0,153900.0,0.0,0.0,153900.0,,,,,,,
105428081,1769.0,4249.0,250000.0,0.0,0.0,0.0,0.0,0.0,250000.0,,,,,,,
105428300,1769.0,4249.0,100000.0,0.0,0.0,0.0,0.0,0.0,100000.0,,,,,,,
105428593,1769.0,4249.0,90000.0,0.0,0.0,0.0,0.0,0.0,90000.0,,,,,,,
105428790,1769.0,4249.0,90000.0,0.0,0.0,0.0,0.0,0.0,90000.0,,,,,,,
105446019,1769.0,4249.0,5150.0,0.0,0.0,0.0,0.0,0.0,5150.0,,,,,,,
105446246,1769.0,4249.0,111000.0,0.0,0.0,0.0,0.0,0.0,111000.0,,,,,,,
105447295,1769.0,4249.0,23417.0,0.0,0.0,0.0,0.0,0.0,23417.0,,,,,,,
116609392,,,,,,,,,,,,,,,,
117200086,,,,,,,,,,,,,,,,
118545733,,,,,,,,,,,,,,,,
118546030,,,,,,,,,,,,,,,,
118546368,,,,,,,,,,,,,,,,
118546844,,,,,,,,,,,,,,,,
118547968,,,,,,,,,,,,,,,,
118548625,,,,,,,,,,,,,,,,
118554165,,,,,,,,,,,,,,,,
118573001,,,,,,,,,,,,,,,,
118573018,,,,,,,,,,,,,,,,
118573033,,,,,,,,,,,,,,,,
118573045,,,,,,,,,,,,,,,,
118573068,,,,,,,,,,,,,,,,
118573105,,,,,,,,,,,,,,,,
118573119,,,,,,,,,,,,,,,,
118573135,,,,,,,,,,,,,,,,
118573147,,,,,,,,,,,,,,,,
118573161,,,,,,,,,,,,,,,,
118573177,,,,,,,,,,,,,,,,
118573188,,,,,,,,,,,,,,,,
118573201,,,,,,,,,,,,,,,,
118573206,,,,,,,,,,,,,,,,
118573232,,,,,,,,,,,,,,,,
118573243,,,,,,,,,,,,,,,,
118573265,,,,,,,,,,,,,,,,
118573284,,,,,,,,,,,,,,,,
118573303,,,,,,,,,,,,,,,,
118573322,,,,,,,,,,,,,,,,
118573341,,,,,,,,,,,,,,,,
118573358,,,,,,,,,,,,,,,,
118573382,,,,,,,,,,,,,,,,
118573412,,,,,,,,,,,,,,,,
118573763,,,,,,,,,,,,,,,,
118573789,,,,,,,,,,,,,,,,
118573822,,,,,,,,,,,,,,,,
118853797,,,,,,,,,,,,,,,,
118853820,,,,,,,,,,,,,,,,
118853830,,,,,,,,,,,,,,,,
118853841,,,,,,,,,,,,,,,,
118853849,,,,,,,,,,,,,,,,
118853861,,,,,,,,,,,,,,,,
118853872,,,,,,,,,,,,,,,,
118853884,,,,,,,,,,,,,,,,
118853894,,,,,,,,,,,,,,,,
118853906,,,,,,,,,,,,,,,,
118853916,,,,,,,,,,,,,,,,
118853929,,,,,,,,,,,,,,,,
118853935,,,,,,,,,,,,,,,,
118853946,,,,,,,,,,,,,,,,
118853953,,,,,,,,,,,,,,,,
118853968,,,,,,,,,,,,,,,,
118853973,,,,,,,,,,,,,,,,
118853987,,,,,,,,,,,,,,,,
118854007,,,,,,,,,,,,,,,,
118854023,,,,,,,,,,,,,,,,
118854035,,,,,,,,,,,,,,,,
118854049,,,,,,,,,,,,,,,,
118854059,,,,,,,,,,,,,,,,
118854074,,,,,,,,,,,,,,,,
118854107,,,,,,,,,,,,,,,,
118854119,,,,,,,,,,,,,,,,
118854127,,,,,,,,,,,,,,,,
118854143,,,,,,,,,,,,,,,,
118854160,,,,,,,,,,,,,,,,
118854172,,,,,,,,,,,,,,,,
118854188,,,,,,,,,,,,,,,,
118854207,,,,,,,,,,,,,,,,
118854236,,,,,,,,,,,,,,,,
118854257,,,,,,,,,,,,,,,,
118854271,,,,,,,,,,,,,,,,
118854288,,,,,,,,,,,,,,,,
118854302,,,,,,,,,,,,,,,,
118854319,,,,,,,,,,,,,,,,
118854336,,,,,,,,,,,,,,,,
118854351,,,,,,,,,,,,,,,,
118854363,,,,,,,,,,,,,,,,
118854373,,,,,,,,,,,,,,,,
118854392,,,,,,,,,,,,,,,,
118854407,,,,,,,,,,,,,,,,
118854432,,,,,,,,,,,,,,,,
118854450,,,,,,,,,,,,,,,,
118854469,,,,,,,,,,,,,,,,
118854491,,,,,,,,,,,,,,,,
118854506,,,,,,,,,,,,,,,,
118854527,,,,,,,,,,,,,,,,
118854545,,,,,,,,,,,,,,,,
118854572,,,,,,,,,,,,,,,,
118854588,,,,,,,,,,,,,,,,
118854628,,,,,,,,,,,,,,,,
118854678,,,,,,,,,,,,,,,,
118854705,,,,,,,,,,,,,,,,
118854733,,,,,,,,,,,,,,,,
118854769,,,,,,,,,,,,,,,,
118854790,,,,,,,,,,,,,,,,
118854813,,,,,,,,,,,,,,,,
118854841,,,,,,,,,,,,,,,,
118854860,,,,,,,,,,,,,,,,
120736735,,,,,,,,,,,,,,,,
120736744,,,,,,,,,,,,,,,,
120736767,,,,,,,,,,,,,,,,
120736783,,,,,,,,,,,,,,,,
120736810,,,,,,,,,,,,,,,,
120736828,,,,,,,,,,,,,,,,
120736845,,,,,,,,,,,,,,,,
120736861,,,,,,,,,,,,,,,,
120736937,,,,,,,,,,,,,,,,
120762477,,,,,,,,,,,,,,,,
120762686,,,,,,,,,,,,,,,,
120762831,,,,,,,,,,,,,,,,
120762986,,,,,,,,,,,,,,,,
120763121,,,,,,,,,,,,,,,,
120763417,,,,,,,,,,,,,,,,
120763588,,,,,,,,,,,,,,,,
120763715,,,,,,,,,,,,,,,,
120763867,,,,,,,,,,,,,,,,
120764003,,,,,,,,,,,,,,,,
120764145,,,,,,,,,,,,,,,,
120764391,,,,,,,,,,,,,,,,
120764547,,,,,,,,,,,,,,,,
120764754,,,,,,,,,,,,,,,,
120764897,,,,,,,,,,,,,,,,
120765054,,,,,,,,,,,,,,,,
120765191,,,,,,,,,,,,,,,,
120765333,,,,,,,,,,,,,,,,
120765587,,,,,,,,,,,,,,,,
120765726,,,,,,,,,,,,,,,,
120765870,,,,,,,,,,,,,,,,
120766000,,,,,,,,,,,,,,,,
120766326,,,,,,,,,,,,,,,,
120766461,,,,,,,,,,,,,,,,
120766635,,,,,,,,,,,,,,,,
120766732,,,,,,,,,,,,,,,,
120766853,,,,,,,,,,,,,,,,
120766979,,,,,,,,,,,,,,,,
120767099,,,,,,,,,,,,,,,,
120767236,,,,,,,,,,,,,,,,
120767335,,,,,,,,,,,,,,,,
120767468,,,,,,,,,,,,,,,,
120767613,,,,,,,,,,,,,,,,
120767741,,,,,,,,,,,,,,,,
120767870,,,,,,,,,,,,,,,,
120767999,,,,,,,,,,,,,,,,
120768114,,,,,,,,,,,,,,,,
120768239,,,,,,,,,,,,,,,,
120768379,,,,,,,,,,,,,,,,
120768533,,,,,,,,,,,,,,,,
120768693,,,,,,,,,,,,,,,,
123467138,38.0,1.0,0.0,0.0,0.0,100000.0,0.0,0.0,100000.0,,,,,,,
123467462,0.0,0.0,0.0,0.0,0.0,100000.0,0.0,0.0,100000.0,,,,,,,
123469811,,,,,,,,,,,,,,,,
127632520,0.0,0.0,0.0,0.0,0.0,10000.0,0.0,0.0,10000.0,,,,,,,
123361564,1778.0,4250.0,0.0,0.0,0.0,158696.0,0.0,0.0,158696.0,,,,,,,
123362365,1778.0,4250.0,0.0,0.0,0.0,130000.0,0.0,0.0,130000.0,,,,,,,
123362979,1778.0,4250.0,0.0,0.0,0.0,104534.0,0.0,0.0,104534.0,,,,,,,
123364401,1778.0,4250.0,0.0,0.0,0.0,150000.0,0.0,0.0,150000.0,,,,,,,
123365329,1778.0,4250.0,0.0,0.0,0.0,100000.0,0.0,0.0,100000.0,,,,,,,
123369541,1778.0,4252.0,0.0,0.0,0.0,270000.0,0.0,0.0,270000.0,,,,,,,
123375228,1769.0,4249.0,156000.0,0.0,0.0,0.0,0.0,0.0,156000.0,,,,,,,
123377827,1769.0,4249.0,250000.0,0.0,0.0,0.0,0.0,0.0,250000.0,,,,,,,
123379333,1769.0,4249.0,28567.0,0.0,0.0,0.0,0.0,0.0,28567.0,,,,,,,
123380046,1769.0,4249.0,72000.0,0.0,0.0,0.0,0.0,0.0,72000.0,,,,,,,
123381563,1769.0,4249.0,84000.0,0.0,0.0,0.0,0.0,0.0,84000.0,,,,,,,
123382448,1769.0,4249.0,90000.0,0.0,0.0,0.0,0.0,0.0,90000.0,,,,,,,
123383534,1769.0,4249.0,144000.0,0.0,0.0,0.0,0.0,0.0,144000.0,,,,,,,
123384320,1769.0,4249.0,40000.0,0.0,0.0,0.0,0.0,0.0,40000.0,,,,,,,
123385383,1769.0,4249.0,40000.0,0.0,0.0,0.0,0.0,0.0,40000.0,,,,,,,
123385938,1769.0,4249.0,14417.0,0.0,0.0,0.0,0.0,0.0,14417.0,,,,,,,
123386594,1769.0,4249.0,5150.0,0.0,0.0,0.0,0.0,0.0,5150.0,,,,,,,
123388537,1769.0,4211.0,0.0,0.0,0.0,600000.0,0.0,0.0,600000.0,,,,,,,
123403421,1769.0,4249.0,55000.0,0.0,0.0,0.0,0.0,0.0,55000.0,,,,,,,
127632485,1769.0,4211.0,0.0,0.0,0.0,52756.0,0.0,0.0,52756.0,,,,,,,
123404462,1769.0,4211.0,0.0,0.0,0.0,52756.0,0.0,0.0,52756.0,0.0,0.0,0.0,52756.0,0.0,0.0,
44477929,1526.0,4176.0,0.0,0.0,0.0,150000.0,0.0,0.0,150000.0,,,,,,,
44478085,1526.0,4176.0,0.0,0.0,0.0,100000.0,0.0,0.0,100000.0,,,,,,,
44478113,1526.0,4176.0,0.0,0.0,0.0,200000.0,0.0,0.0,200000.0,,,,,,,
44478149,1526.0,4176.0,0.0,0.0,0.0,100000.0,0.0,0.0,100000.0,,,,,,,
44478190,1526.0,4176.0,0.0,0.0,0.0,200000.0,0.0,0.0,200000.0,,,,,,,
44478236,1526.0,4176.0,0.0,0.0,0.0,110000.0,0.0,0.0,110000.0,,,,,,,
49925583,1778.0,4250.0,0.0,0.0,0.0,100000.0,0.0,0.0,100000.0,,,,,,,
49925715,1778.0,4250.0,0.0,0.0,0.0,200000.0,0.0,0.0,200000.0,,,,,,,
49926196,1778.0,4250.0,0.0,0.0,0.0,100000.0,0.0,0.0,100000.0,,,,,,,
49926390,1778.0,4250.0,0.0,0.0,0.0,200000.0,0.0,0.0,200000.0,,,,,,,
51394139,1778.0,4250.0,0.0,0.0,0.0,212000.0,0.0,0.0,212000.0,,,,,,,
51398344,1769.0,4211.0,0.0,0.0,0.0,296170.0,0.0,0.0,296170.0,,,,,,,
51398506,1769.0,4249.0,296170.0,0.0,0.0,0.0,0.0,0.0,296170.0,,,,,,,
63292706,1778.0,4250.0,0.0,0.0,0.0,12000.0,0.0,0.0,12000.0,,,,,,,
44478035,1526.0,4176.0,0.0,0.0,0.0,200000.0,0.0,0.0,200000.0,,,,,,,
44473426,1769.0,4249.0,100000.0,0.0,0.0,0.0,0.0,0.0,100000.0,100000.0,0.0,0.0,0.0,0.0,0.0,
44477215,1769.0,4249.0,300000.0,0.0,0.0,0.0,0.0,0.0,300000.0,,,,,,,
44477294,1769.0,4249.0,100000.0,0.0,0.0,0.0,0.0,0.0,100000.0,,,,,,,
44477526,1769.0,4211.0,0.0,0.0,0.0,200000.0,0.0,0.0,200000.0,,,,,,,
44477686,1769.0,4211.0,0.0,0.0,0.0,150000.0,0.0,0.0,150000.0,,,,,,,
44477723,1769.0,4211.0,0.0,0.0,0.0,150000.0,0.0,0.0,150000.0,,,,,,,
49923475,1769.0,4249.0,150000.0,0.0,0.0,0.0,0.0,0.0,150000.0,,,,,,,
49923633,1769.0,4249.0,300000.0,0.0,0.0,0.0,0.0,0.0,300000.0,,,,,,,
49923830,1769.0,4249.0,250000.0,0.0,0.0,0.0,0.0,0.0,250000.0,,,,,,,
49924130,1769.0,4249.0,100000.0,0.0,0.0,0.0,0.0,0.0,100000.0,,,,,,,
49924434,1769.0,4211.0,0.0,0.0,0.0,150000.0,0.0,0.0,150000.0,,,,,,,
49924584,1769.0,4211.0,0.0,0.0,0.0,130000.0,0.0,0.0,130000.0,,,,,,,
49924832,1769.0,4211.0,0.0,0.0,0.0,400000.0,0.0,0.0,400000.0,,,,,,,
49925179,1778.0,4250.0,0.0,0.0,0.0,150000.0,0.0,0.0,150000.0,,,,,,,
49925355,1778.0,4250.0,0.0,0.0,0.0,200000.0,0.0,0.0,200000.0,,,,,,,
49925943,1778.0,4250.0,0.0,0.0,0.0,110000.0,0.0,0.0,110000.0,,,,,,,
63292660,1769.0,4211.0,0.0,0.0,0.0,300850.0,0.0,0.0,300850.0,,,,,,,
63292671,1778.0,4250.0,0.0,0.0,0.0,514048.0,0.0,0.0,514048.0,,,,,,,
63292871,1769.0,4249.0,280850.0,0.0,0.0,0.0,0.0,0.0,280850.0,,,,,,,
44473384,1769.0,4249.0,180851.0,0.0,0.0,0.0,0.0,0.0,180851.0,180851.0,0.0,0.0,0.0,0.0,0.0,
44473527,1769.0,4249.0,50000.0,0.0,0.0,0.0,0.0,0.0,50000.0,50000.0,0.0,0.0,0.0,0.0,0.0,
44477162,1769.0,4249.0,100000.0,0.0,0.0,0.0,0.0,0.0,100000.0,100000.0,0.0,0.0,0.0,0.0,0.0,
44477360,1769.0,4249.0,250000.0,0.0,0.0,0.0,0.0,0.0,250000.0,250000.0,0.0,0.0,0.0,0.0,0.0,
44477401,1769.0,4249.0,300000.0,0.0,0.0,0.0,0.0,0.0,300000.0,300000.0,0.0,0.0,0.0,0.0,0.0,
44477441,1769.0,4249.0,100000.0,0.0,0.0,0.0,0.0,0.0,100000.0,100000.0,0.0,0.0,0.0,0.0,0.0,
44477564,1769.0,4211.0,0.0,0.0,0.0,150000.0,0.0,0.0,150000.0,0.0,0.0,0.0,150000.0,0.0,0.0,
44477620,1769.0,4211.0,0.0,0.0,0.0,80000.0,0.0,0.0,80000.0,0.0,0.0,0.0,80000.0,0.0,0.0,
44477753,1769.0,4211.0,0.0,0.0,0.0,100000.0,0.0,0.0,100000.0,0.0,0.0,0.0,100000.0,0.0,0.0,
44477804,1769.0,4211.0,0.0,0.0,0.0,431702.0,0.0,0.0,431702.0,0.0,0.0,0.0,431702.0,0.0,0.0,
44477840,1769.0,4211.0,0.0,0.0,0.0,200000.0,0.0,0.0,200000.0,0.0,0.0,0.0,200000.0,0.0,0.0,
44477885,1769.0,4211.0,0.0,0.0,0.0,19149.0,0.0,0.0,19149.0,0.0,0.0,0.0,19149.0,0.0,0.0,
47718772,1769.0,4249.0,180851.0,0.0,0.0,0.0,0.0,0.0,180851.0,180851.0,0.0,0.0,0.0,0.0,0.0,
49924953,1769.0,4211.0,0.0,0.0,0.0,20851.0,0.0,0.0,20851.0,0.0,0.0,0.0,20851.0,0.0,0.0,
54520907,1769.0,4211.0,0.0,0.0,0.0,250000.0,0.0,0.0,250000.0,,,,,,,
54521016,1778.0,4250.0,0.0,0.0,0.0,200000.0,0.0,0.0,200000.0,,,,,,,
54521070,1778.0,4250.0,0.0,0.0,0.0,300000.0,0.0,0.0,300000.0,,,,,,,
54521127,1778.0,4250.0,0.0,0.0,0.0,50000.0,0.0,0.0,50000.0,,,,,,,
54521249,1778.0,4250.0,0.0,0.0,0.0,100000.0,0.0,0.0,100000.0,,,,,,,
54521316,1778.0,4250.0,0.0,0.0,0.0,150000.0,0.0,0.0,150000.0,,,,,,,
54521379,1778.0,4250.0,0.0,0.0,0.0,150000.0,0.0,0.0,150000.0,,,,,,,
63293148,0.0,0.0,0.0,0.0,0.0,1419483.0,0.0,0.0,1419483.0,,,,,,,
63879515,1769.0,4211.0,0.0,0.0,0.0,386169.0,0.0,0.0,386169.0,,,,,,,
64028515,1778.0,4250.0,0.0,0.0,0.0,75000.0,0.0,0.0,75000.0,,,,,,,
65478755,1769.0,4249.0,63998.0,0.0,0.0,0.0,0.0,0.0,63998.0,,,,,,,
65478977,1769.0,4211.0,0.0,0.0,0.0,38947.0,0.0,0.0,38947.0,,,,,,,
65479324,1769.0,4249.0,63565.0,0.0,0.0,0.0,0.0,0.0,63565.0,,,,,,,
66450560,1769.0,4211.0,0.0,0.0,0.0,3830.0,0.0,0.0,3830.0,,,,,,,
66819883,1769.0,4211.0,0.0,0.0,0.0,5952.0,0.0,0.0,5952.0,,,,,,,
64028527,1778.0,4250.0,0.0,0.0,0.0,25000.0,0.0,0.0,25000.0,,,,,,,
64028536,1778.0,4250.0,0.0,0.0,0.0,25000.0,0.0,0.0,25000.0,,,,,,,
64028546,1778.0,4250.0,0.0,0.0,0.0,25000.0,0.0,0.0,25000.0,,,,,,,
48344782,1769.0,4249.0,100000.0,0.0,0.0,0.0,0.0,0.0,100000.0,,,,,,,
48344833,1769.0,4249.0,140426.0,0.0,0.0,0.0,0.0,0.0,140426.0,,,,,,,
48344875,1769.0,4249.0,0.0,350000.0,0.0,0.0,0.0,0.0,350000.0,,,,,,,
48345021,1769.0,4249.0,360000.0,0.0,0.0,0.0,0.0,0.0,360000.0,,,,,,,
48345342,1769.0,4211.0,0.0,0.0,0.0,350000.0,0.0,0.0,350000.0,,,,,,,
48345420,1769.0,4211.0,0.0,0.0,0.0,100000.0,0.0,0.0,100000.0,,,,,,,
63292618,1778.0,4250.0,0.0,0.0,0.0,985952.0,0.0,0.0,985952.0,,,,,,,
65478931,1769.0,4211.0,0.0,0.0,0.0,351904.0,0.0,0.0,351904.0,,,,,,,
65479238,1769.0,4249.0,86002.0,0.0,0.0,0.0,0.0,0.0,86002.0,,,,,,,
65479275,1769.0,4249.0,316860.0,0.0,0.0,0.0,0.0,0.0,316860.0,,,,,,,
66450063,1769.0,4211.0,0.0,0.0,0.0,100000.0,0.0,0.0,100000.0,,,,,,,
66819847,1769.0,4211.0,0.0,0.0,0.0,84048.0,0.0,0.0,84048.0,,,,,,,
48344916,1769.0,4249.0,150000.0,0.0,0.0,0.0,0.0,0.0,150000.0,150000.0,0.0,0.0,0.0,0.0,0.0,
48344965,1769.0,4249.0,380425.0,0.0,0.0,0.0,0.0,0.0,380425.0,380425.0,0.0,0.0,0.0,0.0,0.0,
48345115,1769.0,4211.0,0.0,0.0,0.0,0.0,80000.0,0.0,80000.0,0.0,0.0,0.0,0.0,80000.0,0.0,
48345221,1769.0,4211.0,0.0,0.0,0.0,0.0,80000.0,0.0,80000.0,0.0,0.0,0.0,0.0,80000.0,0.0,
48345257,1769.0,4211.0,0.0,0.0,0.0,80000.0,0.0,0.0,80000.0,0.0,0.0,0.0,80000.0,0.0,0.0,
48345308,1769.0,4211.0,0.0,0.0,0.0,100000.0,0.0,0.0,100000.0,0.0,0.0,0.0,100000.0,0.0,0.0,
48345381,1769.0,4211.0,0.0,0.0,0.0,100000.0,0.0,0.0,100000.0,0.0,0.0,0.0,100000.0,0.0,0.0,
48345496,1769.0,4211.0,0.0,0.0,0.0,50000.0,0.0,0.0,50000.0,0.0,0.0,0.0,50000.0,0.0,0.0,
48345564,1769.0,4211.0,0.0,0.0,0.0,250000.0,0.0,0.0,250000.0,0.0,0.0,0.0,250000.0,0.0,0.0,
48345610,1769.0,4211.0,0.0,0.0,0.0,200000.0,0.0,0.0,200000.0,0.0,0.0,0.0,200000.0,0.0,0.0,
48345648,1769.0,4211.0,0.0,0.0,0.0,90851.0,0.0,0.0,90851.0,0.0,0.0,0.0,90851.0,0.0,0.0,
48345725,1778.0,4250.0,0.0,0.0,0.0,0.0,75000.0,0.0,75000.0,0.0,0.0,0.0,0.0,75000.0,0.0,
48345775,1778.0,4250.0,0.0,0.0,0.0,25000.0,0.0,0.0,25000.0,0.0,0.0,0.0,25000.0,0.0,0.0,
48345803,1778.0,4250.0,0.0,0.0,0.0,25000.0,0.0,0.0,25000.0,0.0,0.0,0.0,25000.0,0.0,0.0,
48345889,1778.0,4250.0,0.0,0.0,0.0,25000.0,0.0,0.0,25000.0,0.0,0.0,0.0,25000.0,0.0,0.0,
48345951,1778.0,4250.0,0.0,0.0,0.0,200000.0,0.0,0.0,200000.0,0.0,0.0,0.0,200000.0,0.0,0.0,
48345995,1778.0,4250.0,0.0,0.0,0.0,300000.0,0.0,0.0,300000.0,0.0,0.0,0.0,300000.0,0.0,0.0,
48346038,1778.0,4250.0,0.0,0.0,0.0,300000.0,0.0,0.0,300000.0,0.0,0.0,0.0,300000.0,0.0,0.0,
48346086,1778.0,4250.0,0.0,0.0,0.0,100000.0,0.0,0.0,100000.0,0.0,0.0,0.0,100000.0,0.0,0.0,
48346134,1778.0,4250.0,0.0,0.0,0.0,100000.0,0.0,0.0,100000.0,0.0,0.0,0.0,100000.0,0.0,0.0,
48346170,1778.0,4250.0,0.0,0.0,0.0,50000.0,0.0,0.0,50000.0,0.0,0.0,0.0,50000.0,0.0,0.0,
48346224,0.0,0.0,0.0,0.0,0.0,1182902.0,0.0,0.0,1182902.0,0.0,0.0,0.0,1182902.0,0.0,0.0,
54520682,1769.0,4211.0,0.0,0.0,0.0,80000.0,0.0,0.0,80000.0,0.0,0.0,0.0,80000.0,0.0,0.0,
54520962,1769.0,4249.0,90000.0,0.0,0.0,0.0,0.0,0.0,90000.0,90000.0,0.0,0.0,0.0,0.0,0.0,
54759995,1769.0,4249.0,380425.0,0.0,0.0,0.0,0.0,0.0,380425.0,380425.0,0.0,0.0,0.0,0.0,0.0,
54760018,1769.0,4211.0,0.0,0.0,0.0,200851.0,0.0,0.0,200851.0,0.0,0.0,0.0,200851.0,0.0,0.0,
61947349,1778.0,4250.0,0.0,0.0,0.0,50000.0,0.0,0.0,50000.0,,,,,,,
61947618,0.0,0.0,0.0,0.0,0.0,200000.0,0.0,0.0,200000.0,,,,,,,
65260102,1769.0,4249.0,90000.0,0.0,0.0,0.0,0.0,0.0,90000.0,,,,,,,
65260477,1769.0,4249.0,9847.0,0.0,0.0,0.0,0.0,0.0,9847.0,,,,,,,
65261170,1778.0,4250.0,0.0,0.0,0.0,75000.0,0.0,0.0,75000.0,,,,,,,
65261867,1778.0,4250.0,0.0,0.0,0.0,100000.0,0.0,0.0,100000.0,,,,,,,
65311537,0.0,0.0,0.0,0.0,0.0,200000.0,0.0,0.0,200000.0,,,,,,,
66670220,1769.0,4249.0,90000.0,0.0,0.0,0.0,0.0,0.0,90000.0,,,,,,,
65260513,1769.0,4249.0,8000.0,0.0,0.0,0.0,0.0,0.0,8000.0,,,,,,,
64747839,1769.0,4249.0,90000.0,0.0,0.0,0.0,0.0,0.0,90000.0,,,,,,,
64747969,1769.0,4249.0,90000.0,0.0,0.0,0.0,0.0,0.0,90000.0,,,,,,,
65260067,1769.0,4249.0,90000.0,0.0,0.0,0.0,0.0,0.0,90000.0,,,,,,,
65260165,1769.0,4249.0,90000.0,0.0,0.0,0.0,0.0,0.0,90000.0,,,,,,,
65260264,1769.0,4249.0,10500.0,0.0,0.0,0.0,0.0,0.0,10500.0,,,,,,,
65260294,1769.0,4249.0,10500.0,0.0,0.0,0.0,0.0,0.0,10500.0,,,,,,,
65260325,1769.0,4249.0,10500.0,0.0,0.0,0.0,0.0,0.0,10500.0,,,,,,,
65260337,1769.0,4249.0,10500.0,0.0,0.0,0.0,0.0,0.0,10500.0,,,,,,,
65260362,1769.0,4249.0,10500.0,0.0,0.0,0.0,0.0,0.0,10500.0,,,,,,,
65260618,1769.0,4249.0,200000.0,0.0,0.0,0.0,0.0,0.0,200000.0,,,,,,,
65260704,1769.0,4249.0,330000.0,0.0,0.0,0.0,0.0,0.0,330000.0,,,,,,,
65260734,1769.0,4249.0,74347.0,0.0,0.0,0.0,0.0,0.0,74347.0,,,,,,,
65260847,1769.0,4211.0,0.0,0.0,0.0,300000.0,0.0,0.0,300000.0,,,,,,,
65261025,1769.0,4211.0,0.0,0.0,0.0,300000.0,0.0,0.0,300000.0,,,,,,,
65261048,1769.0,4211.0,0.0,0.0,0.0,33796.0,0.0,0.0,33796.0,,,,,,,
65261104,1778.0,4250.0,0.0,0.0,0.0,30000.0,0.0,0.0,30000.0,,,,,,,
65261308,1778.0,4250.0,0.0,0.0,0.0,230000.0,0.0,0.0,230000.0,,,,,,,
65261636,1778.0,4250.0,0.0,0.0,0.0,100000.0,0.0,0.0,100000.0,,,,,,,
65261664,1778.0,4250.0,0.0,0.0,0.0,300000.0,0.0,0.0,300000.0,,,,,,,
65311838,1769.0,4249.0,96000.0,0.0,0.0,0.0,0.0,0.0,96000.0,,,,,,,
66670204,1769.0,4249.0,90000.0,0.0,0.0,0.0,0.0,0.0,90000.0,,,,,,,
66670233,1778.0,4250.0,0.0,0.0,0.0,8000.0,0.0,0.0,8000.0,,,,,,,
66670247,1778.0,4250.0,0.0,0.0,0.0,174000.0,0.0,0.0,174000.0,,,,,,,
66670256,1778.0,4250.0,0.0,0.0,0.0,70500.0,0.0,0.0,70500.0,,,,,,,
86744952,1769.0,4211.0,0.0,0.0,0.0,300000.0,0.0,0.0,300000.0,,,,,,,
106408324,1778.0,4250.0,0.0,0.0,0.0,75000.0,0.0,0.0,75000.0,,,,,,,
65260129,1769.0,4249.0,90000.0,0.0,0.0,0.0,0.0,0.0,90000.0,90000.0,0.0,0.0,0.0,0.0,0.0,
65260186,1769.0,4249.0,90000.0,0.0,0.0,0.0,0.0,0.0,90000.0,90000.0,0.0,0.0,0.0,0.0,0.0,
65260821,1769.0,4211.0,0.0,0.0,0.0,300000.0,0.0,0.0,300000.0,0.0,0.0,0.0,300000.0,0.0,0.0,
65261431,1778.0,4250.0,0.0,0.0,0.0,10000.0,0.0,0.0,10000.0,0.0,0.0,0.0,10000.0,0.0,0.0,
65261482,1778.0,4250.0,0.0,0.0,0.0,72000.0,0.0,0.0,72000.0,0.0,0.0,0.0,72000.0,0.0,0.0,
65261514,1778.0,4250.0,0.0,0.0,0.0,70500.0,0.0,0.0,70500.0,0.0,0.0,0.0,70500.0,0.0,0.0,
65261795,1778.0,4250.0,0.0,0.0,0.0,300000.0,0.0,0.0,300000.0,0.0,0.0,0.0,300000.0,0.0,0.0,
65261838,1778.0,4250.0,0.0,0.0,0.0,100000.0,0.0,0.0,100000.0,0.0,0.0,0.0,100000.0,0.0,0.0,
72812194,1769.0,4249.0,175000.0,0.0,0.0,0.0,0.0,0.0,175000.0,,,,,,,
72826065,1778.0,4250.0,0.0,0.0,0.0,300000.0,0.0,0.0,300000.0,,,,,,,
76402992,,,,,,,,,,,,,,,,
76404396,,,,,,,,,,,,,,,,
76405150,,,,,,,,,,,,,,,,
76406237,,,,,,,,,,,,,,,,
76407193,,,,,,,,,,,,,,,,
76408010,,,,,,,,,,,,,,,,
76408628,,,,,,,,,,,,,,,,
76409556,,,,,,,,,,,,,,,,
76425258,,,,,,,,,,,,,,,,
76425872,,,,,,,,,,,,,,,,
76426434,,,,,,,,,,,,,,,,
76426939,,,,,,,,,,,,,,,,
76427404,,,,,,,,,,,,,,,,
76428277,,,,,,,,,,,,,,,,
76428846,,,,,,,,,,,,,,,,
76429659,,,,,,,,,,,,,,,,
76432059,,,,,,,,,,,,,,,,
76432818,,,,,,,,,,,,,,,,
76433385,,,,,,,,,,,,,,,,
76435734,,,,,,,,,,,,,,,,
76436436,,,,,,,,,,,,,,,,
76436760,,,,,,,,,,,,,,,,
76438436,,,,,,,,,,,,,,,,
76438787,,,,,,,,,,,,,,,,
76439053,,,,,,,,,,,,,,,,
76439364,,,,,,,,,,,,,,,,
76439520,,,,,,,,,,,,,,,,
76439796,,,,,,,,,,,,,,,,
76440329,,,,,,,,,,,,,,,,
76440646,,,,,,,,,,,,,,,,
76441569,,,,,,,,,,,,,,,,
76441905,,,,,,,,,,,,,,,,
76442273,,,,,,,,,,,,,,,,
76442746,,,,,,,,,,,,,,,,
76443071,,,,,,,,,,,,,,,,
76500302,,,,,,,,,,,,,,,,
76510728,,,,,,,,,,,,,,,,
76525326,,,,,,,,,,,,,,,,
76552922,0.0,0.0,0.0,0.0,0.0,12000.0,0.0,0.0,12000.0,,,,,,,
77298721,,,,,,,,,,,,,,,,
77299816,,,,,,,,,,,,,,,,
77300850,,,,,,,,,,,,,,,,
77302258,,,,,,,,,,,,,,,,
77303012,,,,,,,,,,,,,,,,
77303763,,,,,,,,,,,,,,,,
77305047,,,,,,,,,,,,,,,,
77305610,,,,,,,,,,,,,,,,
77306121,,,,,,,,,,,,,,,,
77311028,38.0,1.0,0.0,0.0,0.0,400000.0,0.0,0.0,400000.0,,,,,,,
77311811,38.0,1.0,0.0,0.0,0.0,400000.0,0.0,0.0,400000.0,,,,,,,
77314195,38.0,1.0,0.0,0.0,0.0,400000.0,0.0,0.0,400000.0,,,,,,,
77317346,38.0,1.0,0.0,0.0,0.0,500000.0,0.0,0.0,500000.0,,,,,,,
77322951,38.0,1.0,0.0,0.0,0.0,100000.0,0.0,0.0,100000.0,,,,,,,
77325471,38.0,1.0,0.0,0.0,0.0,100000.0,0.0,0.0,100000.0,,,,,,,
77326350,38.0,1.0,0.0,0.0,0.0,300000.0,0.0,0.0,300000.0,,,,,,,
77419693,38.0,1.0,0.0,0.0,0.0,100000.0,0.0,0.0,100000.0,,,,,,,
77421359,38.0,1.0,0.0,0.0,0.0,100000.0,0.0,0.0,100000.0,,,,,,,
77422777,,,,,,,,,,,,,,,,
77424078,,,,,,,,,,,,,,,,
77424953,,,,,,,,,,,,,,,,
77425511,,,,,,,,,,,,,,,,
77426468,,,,,,,,,,,,,,,,
77427172,,,,,,,,,,,,,,,,
77428544,,,,,,,,,,,,,,,,
77429178,,,,,,,,,,,,,,,,
77430193,,,,,,,,,,,,,,,,
77431286,,,,,,,,,,,,,,,,
77432161,,,,,,,,,,,,,,,,
77433423,,,,,,,,,,,,,,,,
77435131,,,,,,,,,,,,,,,,
77435599,,,,,,,,,,,,,,,,
77436116,,,,,,,,,,,,,,,,
77436698,,,,,,,,,,,,,,,,
77437835,,,,,,,,,,,,,,,,
77438509,,,,,,,,,,,,,,,,
77439131,,,,,,,,,,,,,,,,
78214359,,,,,,,,,,,,,,,,
78215035,,,,,,,,,,,,,,,,
78215661,,,,,,,,,,,,,,,,
78219276,,,,,,,,,,,,,,,,
78220390,,,,,,,,,,,,,,,,
78222690,,,,,,,,,,,,,,,,
78223142,,,,,,,,,,,,,,,,
78224197,,,,,,,,,,,,,,,,
78227113,,,,,,,,,,,,,,,,
78227455,,,,,,,,,,,,,,,,
78227887,,,,,,,,,,,,,,,,
78228410,,,,,,,,,,,,,,,,
78228832,,,,,,,,,,,,,,,,
78230827,,,,,,,,,,,,,,,,
78231012,,,,,,,,,,,,,,,,
78231262,,,,,,,,,,,,,,,,
78231346,,,,,,,,,,,,,,,,
78231559,,,,,,,,,,,,,,,,
78231663,,,,,,,,,,,,,,,,
78231762,,,,,,,,,,,,,,,,
78231831,,,,,,,,,,,,,,,,
78231899,,,,,,,,,,,,,,,,
78231954,,,,,,,,,,,,,,,,
78232009,,,,,,,,,,,,,,,,
78232055,,,,,,,,,,,,,,,,
78232133,,,,,,,,,,,,,,,,
78232258,,,,,,,,,,,,,,,,
78232298,,,,,,,,,,,,,,,,
78232352,,,,,,,,,,,,,,,,
78232399,,,,,,,,,,,,,,,,
78232440,,,,,,,,,,,,,,,,
78232511,38.0,1.0,0.0,0.0,0.0,500000.0,0.0,0.0,500000.0,,,,,,,
78232615,,,,,,,,,,,,,,,,
78232658,,,,,,,,,,,,,,,,
78232694,,,,,,,,,,,,,,,,
78232725,,,,,,,,,,,,,,,,
78232746,,,,,,,,,,,,,,,,
78250613,,,,,,,,,,,,,,,,
78250913,,,,,,,,,,,,,,,,
78251380,,,,,,,,,,,,,,,,
78251954,,,,,,,,,,,,,,,,
78252430,,,,,,,,,,,,,,,,
78252904,,,,,,,,,,,,,,,,
78253591,,,,,,,,,,,,,,,,
78254516,,,,,,,,,,,,,,,,
78255601,,,,,,,,,,,,,,,,
78256337,,,,,,,,,,,,,,,,
78261587,,,,,,,,,,,,,,,,
78261957,,,,,,,,,,,,,,,,
80418665,0.0,0.0,0.0,0.0,0.0,60000.0,0.0,0.0,60000.0,,,,,,,
80419994,0.0,0.0,0.0,0.0,0.0,102840.0,0.0,0.0,102840.0,,,,,,,
80420701,0.0,0.0,0.0,0.0,0.0,20000.0,0.0,0.0,20000.0,,,,,,,
80420940,0.0,0.0,0.0,0.0,0.0,20000.0,0.0,0.0,20000.0,,,,,,,
80421118,0.0,0.0,0.0,0.0,0.0,20000.0,0.0,0.0,20000.0,,,,,,,
80421320,0.0,0.0,0.0,0.0,0.0,20000.0,0.0,0.0,20000.0,,,,,,,
80421611,0.0,0.0,0.0,0.0,0.0,20000.0,0.0,0.0,20000.0,,,,,,,
80421817,0.0,0.0,0.0,0.0,0.0,20000.0,0.0,0.0,20000.0,,,,,,,
80422546,0.0,0.0,0.0,0.0,0.0,20000.0,0.0,0.0,20000.0,,,,,,,
80422861,0.0,0.0,0.0,0.0,0.0,20000.0,0.0,0.0,20000.0,,,,,,,
80423076,0.0,0.0,0.0,0.0,0.0,100000.0,0.0,0.0,100000.0,,,,,,,
80423648,0.0,0.0,0.0,0.0,0.0,100000.0,0.0,0.0,100000.0,,,,,,,
80424167,38.0,1.0,0.0,0.0,0.0,50000.0,0.0,0.0,50000.0,,,,,,,
80424629,0.0,0.0,0.0,0.0,0.0,30000.0,0.0,0.0,30000.0,,,,,,,
80424838,0.0,0.0,0.0,0.0,0.0,30000.0,0.0,0.0,30000.0,,,,,,,
80425095,0.0,0.0,0.0,0.0,0.0,30000.0,0.0,0.0,30000.0,,,,,,,
80425438,0.0,0.0,0.0,0.0,0.0,30000.0,0.0,0.0,30000.0,,,,,,,
80429642,,,,,,,,,,,,,,,,
80429959,,,,,,,,,,,,,,,,
80475911,,,,,,,,,,,,,,,,
80476833,,,,,,,,,,,,,,,,
80477240,,,,,,,,,,,,,,,,
80479476,,,,,,,,,,,,,,,,
80479778,,,,,,,,,,,,,,,,
80479993,,,,,,,,,,,,,,,,
80480228,,,,,,,,,,,,,,,,
80480438,,,,,,,,,,,,,,,,
80480624,,,,,,,,,,,,,,,,
80480841,,,,,,,,,,,,,,,,
80481044,,,,,,,,,,,,,,,,
80481237,,,,,,,,,,,,,,,,
80481444,,,,,,,,,,,,,,,,
80481631,,,,,,,,,,,,,,,,
80481909,,,,,,,,,,,,,,,,
80482146,,,,,,,,,,,,,,,,
80482357,,,,,,,,,,,,,,,,
80482561,,,,,,,,,,,,,,,,
80482745,,,,,,,,,,,,,,,,
80482965,,,,,,,,,,,,,,,,
80483176,,,,,,,,,,,,,,,,
80483375,,,,,,,,,,,,,,,,
80483646,,,,,,,,,,,,,,,,
80485069,,,,,,,,,,,,,,,,
80485315,,,,,,,,,,,,,,,,
80485616,,,,,,,,,,,,,,,,
80485918,,,,,,,,,,,,,,,,
80486116,,,,,,,,,,,,,,,,
80486304,,,,,,,,,,,,,,,,
80486517,,,,,,,,,,,,,,,,
80486765,,,,,,,,,,,,,,,,
80486927,,,,,,,,,,,,,,,,
81590256,1778.0,4250.0,0.0,0.0,0.0,136020.0,0.0,0.0,136020.0,,,,,,,
81593560,1769.0,4249.0,31498.0,0.0,0.0,0.0,0.0,0.0,31498.0,,,,,,,
81599593,1769.0,4211.0,0.0,0.0,0.0,8000.0,0.0,0.0,8000.0,,,,,,,
81645550,,,,,,,,,,,,,,,,
81645859,,,,,,,,,,,,,,,,
81646461,,,,,,,,,,,,,,,,
81646880,,,,,,,,,,,,,,,,
81771730,0.0,0.0,0.0,0.0,0.0,30000.0,0.0,0.0,30000.0,,,,,,,
81774471,,,,,,,,,,,,,,,,
81775421,,,,,,,,,,,,,,,,
81776278,,,,,,,,,,,,,,,,
81777162,,,,,,,,,,,,,,,,
81777679,,,,,,,,,,,,,,,,
81779353,,,,,,,,,,,,,,,,
81780035,,,,,,,,,,,,,,,,
81780649,,,,,,,,,,,,,,,,
81781440,0.0,0.0,0.0,0.0,0.0,15160.0,0.0,0.0,15160.0,,,,,,,
81782402,1778.0,4250.0,0.0,0.0,0.0,113980.0,0.0,0.0,113980.0,,,,,,,
81784075,0.0,0.0,0.0,0.0,0.0,20000.0,0.0,0.0,20000.0,,,,,,,
81784381,0.0,0.0,0.0,0.0,0.0,5000.0,0.0,0.0,5000.0,,,,,,,
81784590,0.0,0.0,0.0,0.0,0.0,30000.0,0.0,0.0,30000.0,,,,,,,
81784930,38.0,1.0,0.0,0.0,0.0,100000.0,0.0,0.0,100000.0,,,,,,,
81785281,,,,,,,,,,,,,,,,
81785534,0.0,0.0,0.0,0.0,0.0,50000.0,0.0,0.0,50000.0,,,,,,,
81785702,0.0,0.0,0.0,0.0,0.0,20000.0,0.0,0.0,20000.0,,,,,,,
81785852,0.0,0.0,0.0,0.0,0.0,20000.0,0.0,0.0,20000.0,,,,,,,
81786019,,,,,,,,,,,,,,,,
81786319,,,,,,,,,,,,,,,,
81787038,,,,,,,,,,,,,,,,
81787197,,,,,,,,,,,,,,,,
81787444,,,,,,,,,,,,,,,,
81787609,,,,,,,,,,,,,,,,
81787828,,,,,,,,,,,,,,,,
81787977,0.0,0.0,0.0,0.0,0.0,40000.0,0.0,0.0,40000.0,,,,,,,
81788084,38.0,1.0,0.0,0.0,0.0,100000.0,0.0,0.0,100000.0,,,,,,,
72808716,1769.0,4249.0,90000.0,0.0,0.0,0.0,0.0,0.0,90000.0,,,,,,,
72809584,1769.0,4249.0,90000.0,0.0,0.0,0.0,0.0,0.0,90000.0,,,,,,,
72816180,1769.0,4249.0,350000.0,0.0,0.0,0.0,0.0,0.0,350000.0,,,,,,,
72817945,1769.0,4211.0,0.0,0.0,0.0,300000.0,0.0,0.0,300000.0,,,,,,,
72820363,1769.0,4211.0,0.0,0.0,0.0,150000.0,0.0,0.0,150000.0,,,,,,,
72822074,1769.0,4211.0,0.0,0.0,0.0,133796.0,0.0,0.0,133796.0,,,,,,,
72824489,1778.0,4250.0,0.0,0.0,0.0,70000.0,0.0,0.0,70000.0,,,,,,,
72824864,1778.0,4250.0,0.0,0.0,0.0,410000.0,0.0,0.0,410000.0,,,,,,,
72825391,1778.0,4250.0,0.0,0.0,0.0,100000.0,0.0,0.0,100000.0,,,,,,,
81591232,1778.0,4250.0,0.0,0.0,0.0,350000.0,0.0,0.0,350000.0,,,,,,,
81594222,1769.0,4249.0,200000.0,0.0,0.0,0.0,0.0,0.0,200000.0,,,,,,,
81595644,1769.0,4249.0,50000.0,0.0,0.0,0.0,0.0,0.0,50000.0,,,,,,,
81596860,1769.0,4249.0,80000.0,0.0,0.0,0.0,0.0,0.0,80000.0,,,,,,,
81598620,1769.0,4211.0,0.0,0.0,0.0,100000.0,0.0,0.0,100000.0,,,,,,,
81598941,1769.0,4211.0,0.0,0.0,0.0,300000.0,0.0,0.0,300000.0,,,,,,,
81600042,1769.0,4211.0,0.0,0.0,0.0,86644.0,0.0,0.0,86644.0,,,,,,,
81644529,1769.0,4249.0,96000.0,0.0,0.0,0.0,0.0,0.0,96000.0,,,,,,,
81644785,1769.0,4249.0,182498.0,0.0,0.0,0.0,0.0,0.0,182498.0,,,,,,,
81644988,1769.0,4249.0,72000.0,0.0,0.0,0.0,0.0,0.0,72000.0,,,,,,,
96877019,,,,,,,,,,,,,,,,
96878447,,,,,,,,,,,,,,,,
96879867,,,,,,,,,,,,,,,,
98112862,,,,,,,,,,,,,,,,
98113484,0.0,0.0,0.0,0.0,0.0,20000.0,0.0,0.0,20000.0,,,,,,,
98114057,,,,,,,,,,,,,,,,
98114717,,,,,,,,,,,,,,,,
98115326,1778.0,4250.0,0.0,0.0,0.0,100000.0,0.0,0.0,100000.0,,,,,,,
98116490,0.0,0.0,0.0,0.0,0.0,50000.0,0.0,0.0,50000.0,,,,,,,
98117339,38.0,1.0,0.0,0.0,0.0,500000.0,0.0,0.0,500000.0,,,,,,,
98117977,38.0,1.0,0.0,0.0,0.0,300000.0,0.0,0.0,300000.0,,,,,,,
98119200,1778.0,4250.0,0.0,0.0,0.0,50000.0,0.0,0.0,50000.0,,,,,,,
98120035,0.0,0.0,0.0,0.0,0.0,100000.0,0.0,0.0,100000.0,,,,,,,
98120862,,,,,,,,,,,,,,,,
98121326,,,,,,,,,,,,,,,,
98121930,0.0,0.0,0.0,0.0,0.0,80000.0,0.0,0.0,80000.0,,,,,,,
98124802,0.0,0.0,0.0,0.0,0.0,50000.0,0.0,0.0,50000.0,,,,,,,
98126379,,,,,,,,,,,,,,,,
98130296,,,,,,,,,,,,,,,,
98132043,,,,,,,,,,,,,,,,
98132436,,,,,,,,,,,,,,,,
98132977,,,,,,,,,,,,,,,,
98135059,,,,,,,,,,,,,,,,
98135488,,,,,,,,,,,,,,,,
98136545,,,,,,,,,,,,,,,,
98137764,,,,,,,,,,,,,,,,
98365806,,,,,,,,,,,,,,,,
98365950,,,,,,,,,,,,,,,,
98366164,,,,,,,,,,,,,,,,
98366313,,,,,,,,,,,,,,,,
98366455,,,,,,,,,,,,,,,,
98380589,,,,,,,,,,,,,,,,
98380894,,,,,,,,,,,,,,,,
98396114,,,,,,,,,,,,,,,,
98396578,,,,,,,,,,,,,,,,
98397253,,,,,,,,,,,,,,,,
98399600,,,,,,,,,,,,,,,,
98400985,,,,,,,,,,,,,,,,
98402041,,,,,,,,,,,,,,,,
98416400,,,,,,,,,,,,,,,,
98416894,,,,,,,,,,,,,,,,
98418117,,,,,,,,,,,,,,,,
98418536,,,,,,,,,,,,,,,,
98420443,,,,,,,,,,,,,,,,
98420937,,,,,,,,,,,,,,,,
98421328,,,,,,,,,,,,,,,,
98421760,,,,,,,,,,,,,,,,
98422291,,,,,,,,,,,,,,,,
98422860,,,,,,,,,,,,,,,,
98423311,,,,,,,,,,,,,,,,
98423821,,,,,,,,,,,,,,,,
98424481,,,,,,,,,,,,,,,,
98425594,,,,,,,,,,,,,,,,
98427667,,,,,,,,,,,,,,,,
98429670,,,,,,,,,,,,,,,,
98430440,,,,,,,,,,,,,,,,
98431068,,,,,,,,,,,,,,,,
98431834,,,,,,,,,,,,,,,,
98432705,,,,,,,,,,,,,,,,
98433042,,,,,,,,,,,,,,,,
98433518,,,,,,,,,,,,,,,,
98433794,,,,,,,,,,,,,,,,
98434364,,,,,,,,,,,,,,,,
98434818,,,,,,,,,,,,,,,,
98435103,,,,,,,,,,,,,,,,
98435459,,,,,,,,,,,,,,,,
98436027,,,,,,,,,,,,,,,,
98436465,,,,,,,,,,,,,,,,
98436818,,,,,,,,,,,,,,,,
98449179,,,,,,,,,,,,,,,,
98457128,,,,,,,,,,,,,,,,
98457372,,,,,,,,,,,,,,,,
98457656,,,,,,,,,,,,,,,,
98457802,,,,,,,,,,,,,,,,
98458082,,,,,,,,,,,,,,,,
98458414,,,,,,,,,,,,,,,,
98458672,,,,,,,,,,,,,,,,
98459385,,,,,,,,,,,,,,,,
98459636,,,,,,,,,,,,,,,,
98459756,,,,,,,,,,,,,,,,
98459981,,,,,,,,,,,,,,,,
98460306,,,,,,,,,,,,,,,,
98460598,,,,,,,,,,,,,,,,
98460631,,,,,,,,,,,,,,,,
98460747,,,,,,,,,,,,,,,,
98460871,,,,,,,,,,,,,,,,
98461086,,,,,,,,,,,,,,,,
98461189,,,,,,,,,,,,,,,,
98461306,,,,,,,,,,,,,,,,
98461611,,,,,,,,,,,,,,,,
98499749,,,,,,,,,,,,,,,,
98499875,,,,,,,,,,,,,,,,
98499976,,,,,,,,,,,,,,,,
98500099,,,,,,,,,,,,,,,,
98500191,,,,,,,,,,,,,,,,
98500311,,,,,,,,,,,,,,,,
98500379,,,,,,,,,,,,,,,,
98500477,,,,,,,,,,,,,,,,
98500543,,,,,,,,,,,,,,,,
98500622,,,,,,,,,,,,,,,,
98500758,,,,,,,,,,,,,,,,
98500854,,,,,,,,,,,,,,,,
98501026,,,,,,,,,,,,,,,,
98501289,,,,,,,,,,,,,,,,
98501394,,,,,,,,,,,,,,,,
98501605,,,,,,,,,,,,,,,,
98516901,,,,,,,,,,,,,,,,
98516953,,,,,,,,,,,,,,,,
98517040,,,,,,,,,,,,,,,,
98517148,,,,,,,,,,,,,,,,
98517280,,,,,,,,,,,,,,,,
98517465,,,,,,,,,,,,,,,,
98517667,,,,,,,,,,,,,,,,
98520349,,,,,,,,,,,,,,,,
98521429,,,,,,,,,,,,,,,,
98521720,,,,,,,,,,,,,,,,
98522414,,,,,,,,,,,,,,,,
98523130,,,,,,,,,,,,,,,,
98523695,,,,,,,,,,,,,,,,
98523895,,,,,,,,,,,,,,,,
98524587,,,,,,,,,,,,,,,,
98526631,,,,,,,,,,,,,,,,
98526851,,,,,,,,,,,,,,,,
98527688,,,,,,,,,,,,,,,,
98528184,,,,,,,,,,,,,,,,
98528362,,,,,,,,,,,,,,,,
98528487,,,,,,,,,,,,,,,,
98532184,,,,,,,,,,,,,,,,
98533310,,,,,,,,,,,,,,,,
98533681,,,,,,,,,,,,,,,,
98534097,,,,,,,,,,,,,,,,
98534387,,,,,,,,,,,,,,,,
98534599,,,,,,,,,,,,,,,,
98535131,,,,,,,,,,,,,,,,
98535472,,,,,,,,,,,,,,,,
98535842,,,,,,,,,,,,,,,,
98536057,,,,,,,,,,,,,,,,
98536445,,,,,,,,,,,,,,,,
98538037,,,,,,,,,,,,,,,,
98538610,,,,,,,,,,,,,,,,
98539403,,,,,,,,,,,,,,,,
98565533,,,,,,,,,,,,,,,,
98565764,,,,,,,,,,,,,,,,
98566118,,,,,,,,,,,,,,,,
98566349,,,,,,,,,,,,,,,,
98566607,,,,,,,,,,,,,,,,
98566930,,,,,,,,,,,,,,,,
98567155,,,,,,,,,,,,,,,,
98567573,,,,,,,,,,,,,,,,
98568145,,,,,,,,,,,,,,,,
98572677,,,,,,,,,,,,,,,,
98573214,,,,,,,,,,,,,,,,
98573659,,,,,,,,,,,,,,,,
98574123,,,,,,,,,,,,,,,,
98574533,,,,,,,,,,,,,,,,
98575740,,,,,,,,,,,,,,,,
98576201,,,,,,,,,,,,,,,,
98576709,,,,,,,,,,,,,,,,
98577240,,,,,,,,,,,,,,,,
98577711,,,,,,,,,,,,,,,,
98578309,,,,,,,,,,,,,,,,
98578806,,,,,,,,,,,,,,,,
98579320,,,,,,,,,,,,,,,,
98579678,,,,,,,,,,,,,,,,
98580182,,,,,,,,,,,,,,,,
98580656,,,,,,,,,,,,,,,,
98581151,,,,,,,,,,,,,,,,
98581917,,,,,,,,,,,,,,,,
98582300,,,,,,,,,,,,,,,,
98582722,,,,,,,,,,,,,,,,
98583145,,,,,,,,,,,,,,,,
98583747,,,,,,,,,,,,,,,,
98584298,,,,,,,,,,,,,,,,
98584794,,,,,,,,,,,,,,,,
98585156,,,,,,,,,,,,,,,,
98585608,,,,,,,,,,,,,,,,
98585989,,,,,,,,,,,,,,,,
98586360,,,,,,,,,,,,,,,,
98587776,,,,,,,,,,,,,,,,
98588102,,,,,,,,,,,,,,,,
98588438,,,,,,,,,,,,,,,,
98589241,,,,,,,,,,,,,,,,
98589617,,,,,,,,,,,,,,,,
98589907,,,,,,,,,,,,,,,,
98590333,,,,,,,,,,,,,,,,
98590854,,,,,,,,,,,,,,,,
98596005,1778.0,4250.0,0.0,0.0,0.0,294720.0,0.0,0.0,294720.0,,,,,,,
98597307,1769.0,4211.0,0.0,0.0,0.0,100000.0,0.0,0.0,100000.0,,,,,,,
100913334,0.0,0.0,0.0,0.0,0.0,5000.0,0.0,0.0,5000.0,,,,,,,
101195208,1769.0,4249.0,90000.0,0.0,0.0,0.0,0.0,0.0,90000.0,,,,,,,
101195880,1769.0,4249.0,90000.0,0.0,0.0,0.0,0.0,0.0,90000.0,,,,,,,
101196287,1769.0,4249.0,10500.0,0.0,0.0,0.0,0.0,0.0,10500.0,,,,,,,
101196594,1769.0,4249.0,10500.0,0.0,0.0,0.0,0.0,0.0,10500.0,,,,,,,
101197456,1769.0,4249.0,30000.0,0.0,0.0,0.0,0.0,0.0,30000.0,,,,,,,
101197890,1769.0,4249.0,52500.0,0.0,0.0,0.0,0.0,0.0,52500.0,,,,,,,
101201434,1778.0,4250.0,0.0,0.0,0.0,350000.0,0.0,0.0,350000.0,,,,,,,
101201833,1778.0,4250.0,0.0,0.0,0.0,10000.0,0.0,0.0,10000.0,,,,,,,
101340552,,,,,,,,,,,,,,,,
101341174,,,,,,,,,,,,,,,,
108993548,1778.0,4250.0,0.0,0.0,0.0,155430.0,0.0,0.0,155430.0,,,,,,,
125992427,0.0,0.0,0.0,0.0,0.0,120000.0,0.0,0.0,120000.0,,,,,,,
98573972,1769.0,4249.0,150000.0,0.0,0.0,0.0,0.0,0.0,150000.0,,,,,,,
98574290,1769.0,4249.0,156000.0,0.0,0.0,0.0,0.0,0.0,156000.0,,,,,,,
98574791,1769.0,4249.0,94672.0,0.0,0.0,0.0,0.0,0.0,94672.0,,,,,,,
98575261,1769.0,4249.0,350000.0,0.0,0.0,0.0,0.0,0.0,350000.0,,,,,,,
98575977,1769.0,4211.0,0.0,0.0,0.0,350000.0,0.0,0.0,350000.0,,,,,,,
98586683,1769.0,4211.0,0.0,0.0,0.0,500000.0,0.0,0.0,500000.0,,,,,,,
98588078,1769.0,4211.0,0.0,0.0,0.0,50896.0,0.0,0.0,50896.0,,,,,,,
98592992,1778.0,4250.0,0.0,0.0,0.0,50000.0,0.0,0.0,50000.0,,,,,,,
98594054,1778.0,4250.0,0.0,0.0,0.0,150000.0,0.0,0.0,150000.0,,,,,,,
101194805,1769.0,4249.0,200000.0,0.0,0.0,0.0,0.0,0.0,200000.0,,,,,,,
101198477,1769.0,4249.0,177172.0,0.0,0.0,0.0,0.0,0.0,177172.0,,,,,,,
101200818,1778.0,4250.0,0.0,0.0,0.0,142000.0,0.0,0.0,142000.0,,,,,,,
108993465,1778.0,4250.0,0.0,0.0,0.0,494570.0,0.0,0.0,494570.0,,,,,,,
108993503,1778.0,4250.0,0.0,0.0,0.0,150000.0,0.0,0.0,150000.0,,,,,,,
125992463,1769.0,4249.0,90000.0,0.0,0.0,0.0,0.0,0.0,90000.0,,,,,,,
98588561,1778.0,4250.0,0.0,0.0,0.0,300000.0,0.0,0.0,300000.0,0.0,0.0,0.0,300000.0,0.0,0.0,
98595231,1778.0,4250.0,0.0,0.0,0.0,200000.0,0.0,0.0,200000.0,0.0,0.0,0.0,200000.0,0.0,0.0,
101195555,1769.0,4249.0,90000.0,0.0,0.0,0.0,0.0,0.0,90000.0,90000.0,0.0,0.0,0.0,0.0,0.0,
101200362,1778.0,4250.0,0.0,0.0,0.0,300000.0,0.0,0.0,300000.0,0.0,0.0,0.0,300000.0,0.0,0.0,
108786429,,,,,,,,,,,,,,,,
108786473,,,,,,,,,,,,,,,,
108786511,,,,,,,,,,,,,,,,
108786596,1013.0,2029.0,0.0,0.0,0.0,500000.0,0.0,0.0,500000.0,,,,,,,
108786673,1859.0,4306.0,0.0,0.0,0.0,400000.0,0.0,0.0,400000.0,,,,,,,
115852759,38.0,1.0,0.0,0.0,0.0,200000.0,0.0,0.0,200000.0,,,,,,,
115864311,38.0,1.0,0.0,0.0,0.0,200000.0,0.0,0.0,200000.0,,,,,,,
115867398,38.0,1.0,0.0,0.0,0.0,200000.0,0.0,0.0,200000.0,,,,,,,
115870018,,,,,,,,,,,,,,,,
115874592,,,,,,,,,,,,,,,,
115880321,,,,,,,,,,,,,,,,
115882372,,,,,,,,,,,,,,,,
115892190,38.0,1.0,0.0,0.0,0.0,2310000.0,0.0,0.0,2310000.0,,,,,,,
115897781,38.0,1.0,0.0,0.0,0.0,440000.0,0.0,0.0,440000.0,,,,,,,
115934687,38.0,1.0,0.0,0.0,0.0,400000.0,0.0,0.0,400000.0,,,,,,,
115936448,38.0,1.0,0.0,0.0,0.0,200000.0,0.0,0.0,200000.0,,,,,,,
115938518,,,,,,,,,,,,,,,,
115954198,,,,,,,,,,,,,,,,
115968617,,,,,,,,,,,,,,,,
115973033,,,,,,,,,,,,,,,,
115979943,1696.0,4133.0,0.0,0.0,0.0,90000.0,0.0,0.0,90000.0,,,,,,,
115983435,38.0,1.0,0.0,0.0,0.0,90000.0,0.0,0.0,90000.0,,,,,,,
116134068,,,,,,,,,,,,,,,,
116139488,38.0,1.0,0.0,0.0,0.0,100000.0,0.0,0.0,100000.0,,,,,,,
116141199,38.0,1.0,0.0,0.0,0.0,2000000.0,0.0,0.0,2000000.0,,,,,,,
116143083,,,,,,,,,,,,,,,,
116145364,,,,,,,,,,,,,,,,
116147161,,,,,,,,,,,,,,,,
116320868,29.0,4.0,0.0,0.0,0.0,100000.0,0.0,0.0,100000.0,,,,,,,
116321621,,,,,,,,,,,,,,,,
116322435,38.0,1.0,0.0,0.0,0.0,150000.0,0.0,0.0,150000.0,,,,,,,
116323575,,,,,,,,,,,,,,,,
116324404,,,,,,,,,,,,,,,,
116325601,,,,,,,,,,,,,,,,
116326386,,,,,,,,,,,,,,,,
116327501,26.0,3.0,0.0,0.0,0.0,10000.0,0.0,0.0,10000.0,,,,,,,
116328708,,,,,,,,,,,,,,,,
116329740,,,,,,,,,,,,,,,,
116330788,,,,,,,,,,,,,,,,
116332269,,,,,,,,,,,,,,,,
116333587,,,,,,,,,,,,,,,,
117051807,,,,,,,,,,,,,,,,
117052954,,,,,,,,,,,,,,,,
117054768,,,,,,,,,,,,,,,,
117056570,,,,,,,,,,,,,,,,
117057922,,,,,,,,,,,,,,,,
117058812,,,,,,,,,,,,,,,,
117060208,,,,,,,,,,,,,,,,
117062784,,,,,,,,,,,,,,,,
117063588,,,,,,,,,,,,,,,,
117064546,,,,,,,,,,,,,,,,
117067074,,,,,,,,,,,,,,,,
117069885,,,,,,,,,,,,,,,,
117070943,,,,,,,,,,,,,,,,
117072003,,,,,,,,,,,,,,,,
117073081,,,,,,,,,,,,,,,,
117078178,,,,,,,,,,,,,,,,
117080535,1013.0,2029.0,0.0,0.0,0.0,50000.0,0.0,0.0,50000.0,,,,,,,
117085299,,,,,,,,,,,,,,,,
117086081,,,,,,,,,,,,,,,,
117086783,,,,,,,,,,,,,,,,
117087750,,,,,,,,,,,,,,,,
117089339,38.0,1.0,0.0,0.0,0.0,500000.0,0.0,0.0,500000.0,,,,,,,
117090329,,,,,,,,,,,,,,,,
117090917,,,,,,,,,,,,,,,,
117091812,,,,,,,,,,,,,,,,
117093276,26.0,3.0,0.0,0.0,0.0,20000.0,0.0,0.0,20000.0,,,,,,,
117095071,,,,,,,,,,,,,,,,
117095574,,,,,,,,,,,,,,,,
117096175,,,,,,,,,,,,,,,,
117097166,31.0,24.0,100000.0,0.0,0.0,0.0,0.0,0.0,100000.0,,,,,,,
117098172,,,,,,,,,,,,,,,,
117098596,,,,,,,,,,,,,,,,
117099045,,,,,,,,,,,,,,,,
117099442,,,,,,,,,,,,,,,,
117100163,0.0,0.0,0.0,0.0,0.0,20000.0,0.0,0.0,20000.0,,,,,,,
117100724,0.0,0.0,0.0,0.0,0.0,20000.0,0.0,0.0,20000.0,,,,,,,
117101201,0.0,0.0,0.0,0.0,0.0,20000.0,0.0,0.0,20000.0,,,,,,,
117101952,0.0,0.0,0.0,0.0,0.0,1000.0,0.0,0.0,1000.0,,,,,,,
117102811,0.0,0.0,0.0,0.0,0.0,1000.0,0.0,0.0,1000.0,,,,,,,
117103496,38.0,1.0,0.0,0.0,0.0,350000.0,0.0,0.0,350000.0,,,,,,,
117104095,1786.0,4258.0,75000.0,0.0,0.0,0.0,0.0,0.0,75000.0,,,,,,,
117104942,1786.0,4258.0,100000.0,0.0,0.0,0.0,0.0,0.0,100000.0,,,,,,,
117105672,,,,,,,,,,,,,,,,
117106087,38.0,1.0,0.0,0.0,0.0,500000.0,0.0,0.0,500000.0,,,,,,,
117106426,38.0,1.0,0.0,0.0,0.0,500000.0,0.0,0.0,500000.0,,,,,,,
117107096,38.0,1.0,0.0,0.0,0.0,500000.0,0.0,0.0,500000.0,,,,,,,
117107338,38.0,1.0,0.0,0.0,0.0,500000.0,0.0,0.0,500000.0,,,,,,,
117107749,38.0,1.0,0.0,0.0,0.0,500000.0,0.0,0.0,500000.0,,,,,,,
117107960,38.0,1.0,0.0,0.0,0.0,500000.0,0.0,0.0,500000.0,,,,,,,
117108146,38.0,1.0,0.0,0.0,0.0,500000.0,0.0,0.0,500000.0,,,,,,,
117108380,38.0,1.0,0.0,0.0,0.0,500000.0,0.0,0.0,500000.0,,,,,,,
117108571,38.0,1.0,0.0,0.0,0.0,500000.0,0.0,0.0,500000.0,,,,,,,
117109574,38.0,1.0,0.0,0.0,0.0,500000.0,0.0,0.0,500000.0,,,,,,,
117110843,38.0,1.0,0.0,0.0,0.0,25000.0,0.0,0.0,25000.0,,,,,,,
117111326,38.0,1.0,0.0,0.0,0.0,250000.0,0.0,0.0,250000.0,,,,,,,
117111648,38.0,1.0,0.0,0.0,0.0,250000.0,0.0,0.0,250000.0,,,,,,,
117129165,38.0,1.0,0.0,0.0,0.0,264900.0,0.0,0.0,264900.0,,,,,,,
117129901,38.0,1.0,0.0,0.0,0.0,264900.0,0.0,0.0,264900.0,,,,,,,
117130567,38.0,1.0,0.0,0.0,0.0,132450.0,0.0,0.0,132450.0,,,,,,,
117130987,38.0,1.0,0.0,0.0,0.0,132450.0,0.0,0.0,132450.0,,,,,,,
117133738,38.0,1.0,0.0,0.0,0.0,50000.0,0.0,0.0,50000.0,,,,,,,
117134469,34.0,4215.0,50000.0,0.0,0.0,0.0,0.0,0.0,50000.0,,,,,,,
117135430,34.0,4212.0,50000.0,0.0,0.0,0.0,0.0,0.0,50000.0,,,,,,,
117137093,34.0,4215.0,150000.0,0.0,0.0,0.0,0.0,0.0,150000.0,,,,,,,
117141250,38.0,1.0,0.0,0.0,0.0,500000.0,0.0,0.0,500000.0,,,,,,,
117142101,38.0,1.0,0.0,0.0,0.0,500000.0,0.0,0.0,500000.0,,,,,,,
117142704,38.0,1.0,0.0,0.0,0.0,500000.0,0.0,0.0,500000.0,,,,,,,
117143622,,,,,,,,,,,,,,,,
117144415,,,,,,,,,,,,,,,,
117146139,,,,,,,,,,,,,,,,
117146850,,,,,,,,,,,,,,,,
117147737,,,,,,,,,,,,,,,,
117148710,,,,,,,,,,,,,,,,
117149185,,,,,,,,,,,,,,,,
117149789,,,,,,,,,,,,,,,,
117150289,,,,,,,,,,,,,,,,
117150719,,,,,,,,,,,,,,,,
117177788,,,,,,,,,,,,,,,,
117177960,,,,,,,,,,,,,,,,
117178279,,,,,,,,,,,,,,,,
117178788,,,,,,,,,,,,,,,,
117179065,,,,,,,,,,,,,,,,
117179923,27.0,23.0,500000.0,0.0,0.0,0.0,0.0,0.0,500000.0,,,,,,,
117233551,27.0,23.0,500000.0,0.0,0.0,0.0,0.0,0.0,500000.0,,,,,,,
117234004,27.0,23.0,500000.0,0.0,0.0,0.0,0.0,0.0,500000.0,,,,,,,
117234476,27.0,23.0,500000.0,0.0,0.0,0.0,0.0,0.0,500000.0,,,,,,,
117235164,,,,,,,,,,,,,,,,
117235562,,,,,,,,,,,,,,,,
117237311,0.0,0.0,0.0,0.0,0.0,10000.0,0.0,0.0,10000.0,,,,,,,
117238107,0.0,0.0,0.0,0.0,0.0,10000.0,0.0,0.0,10000.0,,,,,,,
117240560,,,,,,,,,,,,,,,,
117241110,,,,,,,,,,,,,,,,
117262330,,,,,,,,,,,,,,,,
117262685,,,,,,,,,,,,,,,,
117263028,,,,,,,,,,,,,,,,
117263511,,,,,,,,,,,,,,,,
117263886,,,,,,,,,,,,,,,,
117264322,,,,,,,,,,,,,,,,
117265680,,,,,,,,,,,,,,,,
117266350,,,,,,,,,,,,,,,,
117266945,,,,,,,,,,,,,,,,
117267746,,,,,,,,,,,,,,,,
117268959,,,,,,,,,,,,,,,,
117271190,,,,,,,,,,,,,,,,
117271909,,,,,,,,,,,,,,,,
117273515,,,,,,,,,,,,,,,,
117274039,,,,,,,,,,,,,,,,
117274833,,,,,,,,,,,,,,,,
117275872,,,,,,,,,,,,,,,,
117276673,,,,,,,,,,,,,,,,
117277270,,,,,,,,,,,,,,,,
117278044,,,,,,,,,,,,,,,,
117278511,,,,,,,,,,,,,,,,
117278948,,,,,,,,,,,,,,,,
117279741,,,,,,,,,,,,,,,,
117280323,,,,,,,,,,,,,,,,
117281929,1013.0,2029.0,0.0,0.0,0.0,100000.0,0.0,0.0,100000.0,,,,,,,
117282452,1013.0,2029.0,0.0,0.0,0.0,100000.0,0.0,0.0,100000.0,,,,,,,
117287279,34.0,26.0,50000.0,0.0,0.0,0.0,0.0,0.0,50000.0,,,,,,,
117287936,34.0,4212.0,50000.0,0.0,0.0,0.0,0.0,0.0,50000.0,,,,,,,
117288401,34.0,26.0,50000.0,0.0,0.0,0.0,0.0,0.0,50000.0,,,,,,,
117289321,38.0,1.0,0.0,0.0,0.0,500000.0,0.0,0.0,500000.0,,,,,,,
117289678,38.0,1.0,0.0,0.0,0.0,500000.0,0.0,0.0,500000.0,,,,,,,
117289986,38.0,1.0,0.0,0.0,0.0,500000.0,0.0,0.0,500000.0,,,,,,,
117290355,38.0,1.0,0.0,0.0,0.0,500000.0,0.0,0.0,500000.0,,,,,,,
117291285,38.0,1.0,0.0,0.0,0.0,500000.0,0.0,0.0,500000.0,,,,,,,
117292380,1859.0,4306.0,0.0,0.0,0.0,500000.0,0.0,0.0,500000.0,,,,,,,
117292825,1859.0,4306.0,0.0,0.0,0.0,500000.0,0.0,0.0,500000.0,,,,,,,
117465136,1696.0,4133.0,0.0,0.0,0.0,100000.0,0.0,0.0,100000.0,,,,,,,
117465544,1696.0,4133.0,0.0,0.0,0.0,100000.0,0.0,0.0,100000.0,,,,,,,
117465979,1696.0,4133.0,0.0,0.0,0.0,100000.0,0.0,0.0,100000.0,,,,,,,
117467027,31.0,24.0,200000.0,0.0,0.0,0.0,0.0,0.0,200000.0,,,,,,,
117467376,31.0,24.0,200000.0,0.0,0.0,0.0,0.0,0.0,200000.0,,,,,,,
117467716,31.0,24.0,200000.0,0.0,0.0,0.0,0.0,0.0,200000.0,,,,,,,
117468829,0.0,0.0,0.0,0.0,0.0,10000.0,0.0,0.0,10000.0,,,,,,,
117469272,0.0,0.0,0.0,0.0,0.0,10000.0,0.0,0.0,10000.0,,,,,,,
117470053,27.0,23.0,1000000.0,0.0,0.0,0.0,0.0,0.0,1000000.0,,,,,,,
117470982,0.0,0.0,0.0,0.0,0.0,10000.0,0.0,0.0,10000.0,,,,,,,
117471668,,,,,,,,,,,,,,,,
117472107,,,,,,,,,,,,,,,,
117473023,,,,,,,,,,,,,,,,
117473374,,,,,,,,,,,,,,,,
117474765,29.0,4.0,0.0,0.0,0.0,5400.0,0.0,0.0,5400.0,,,,,,,
117475699,,,,,,,,,,,,,,,,
117476029,,,,,,,,,,,,,,,,
117476753,,,,,,,,,,,,,,,,
117477118,,,,,,,,,,,,,,,,
117477450,,,,,,,,,,,,,,,,
117898555,1769.0,4249.0,180100.0,0.0,0.0,0.0,0.0,0.0,180100.0,,,,,,,
117899153,1769.0,4249.0,185500.0,0.0,0.0,0.0,0.0,0.0,185500.0,,,,,,,
117900125,1769.0,4249.0,50000.0,0.0,0.0,0.0,0.0,0.0,50000.0,,,,,,,
117900915,1769.0,4249.0,10500.0,0.0,0.0,0.0,0.0,0.0,10500.0,,,,,,,
117901338,1769.0,4249.0,50000.0,0.0,0.0,0.0,0.0,0.0,50000.0,,,,,,,
117901864,1769.0,4249.0,50000.0,0.0,0.0,0.0,0.0,0.0,50000.0,,,,,,,
117902284,1769.0,4249.0,50572.0,0.0,0.0,0.0,0.0,0.0,50572.0,,,,,,,
117904847,1769.0,4249.0,30000.0,0.0,0.0,0.0,0.0,0.0,30000.0,,,,,,,
117906588,1769.0,4249.0,350000.0,0.0,0.0,0.0,0.0,0.0,350000.0,,,,,,,
117908584,1769.0,4211.0,0.0,0.0,0.0,200000.0,0.0,0.0,200000.0,,,,,,,
117909647,1769.0,4211.0,0.0,0.0,0.0,50000.0,0.0,0.0,50000.0,,,,,,,
117910729,1769.0,4211.0,0.0,0.0,0.0,40896.0,0.0,0.0,40896.0,,,,,,,
117913858,1778.0,4250.0,0.0,0.0,0.0,50000.0,0.0,0.0,50000.0,,,,,,,
117914572,1778.0,4250.0,0.0,0.0,0.0,30000.0,0.0,0.0,30000.0,,,,,,,
117915280,1778.0,4250.0,0.0,0.0,0.0,350000.0,0.0,0.0,350000.0,,,,,,,
117915679,1778.0,4250.0,0.0,0.0,0.0,300000.0,0.0,0.0,300000.0,,,,,,,
117916072,1778.0,4250.0,0.0,0.0,0.0,115000.0,0.0,0.0,115000.0,,,,,,,
117916401,1778.0,4250.0,0.0,0.0,0.0,200000.0,0.0,0.0,200000.0,,,,,,,
117916983,1778.0,4250.0,0.0,0.0,0.0,321120.0,0.0,0.0,321120.0,,,,,,,
117917353,1778.0,4250.0,0.0,0.0,0.0,10000.0,0.0,0.0,10000.0,,,,,,,
117918868,1778.0,4250.0,0.0,0.0,0.0,300000.0,0.0,0.0,300000.0,,,,,,,
117920514,1769.0,4211.0,0.0,0.0,0.0,300000.0,0.0,0.0,300000.0,,,,,,,
117920995,1769.0,4211.0,0.0,0.0,0.0,200000.0,0.0,0.0,200000.0,,,,,,,
118405405,21.0,17.0,0.0,0.0,0.0,571472.0,0.0,0.0,571472.0,,,,,,,
118405842,21.0,17.0,0.0,0.0,0.0,613734.0,0.0,0.0,613734.0,,,,,,,
118410089,399.0,3744.0,0.0,0.0,0.0,300000.0,0.0,0.0,300000.0,,,,,,,
118410569,1481.0,3795.0,0.0,0.0,0.0,50000.0,0.0,0.0,50000.0,,,,,,,
118412352,1786.0,4258.0,450250.0,0.0,0.0,0.0,0.0,0.0,450250.0,,,,,,,
118414223,34.0,4214.0,300000.0,0.0,0.0,0.0,0.0,0.0,300000.0,,,,,,,
118414383,34.0,4214.0,300000.0,0.0,0.0,0.0,0.0,0.0,300000.0,,,,,,,
118414485,34.0,4214.0,300000.0,0.0,0.0,0.0,0.0,0.0,300000.0,,,,,,,
118414589,34.0,4214.0,300000.0,0.0,0.0,0.0,0.0,0.0,300000.0,,,,,,,
118414764,34.0,4213.0,500000.0,0.0,0.0,0.0,0.0,0.0,500000.0,,,,,,,
119427265,,,,,,,,,,,,,,,,
119427575,,,,,,,,,,,,,,,,
119428858,,,,,,,,,,,,,,,,
121205376,1778.0,4250.0,0.0,0.0,0.0,150000.0,0.0,0.0,150000.0,,,,,,,
121213449,,,,,,,,,,,,,,,,
121254740,,,,,,,,,,,,,,,,
121254924,,,,,,,,,,,,,,,,
121255360,,,,,,,,,,,,,,,,
121255576,,,,,,,,,,,,,,,,
121255923,,,,,,,,,,,,,,,,
121256242,,,,,,,,,,,,,,,,
121256537,,,,,,,,,,,,,,,,
117904141,1769.0,4249.0,144000.0,0.0,0.0,0.0,0.0,0.0,144000.0,,,,,,,
117905846,1769.0,4249.0,205672.0,0.0,0.0,0.0,0.0,0.0,205672.0,,,,,,,
117909947,1769.0,4211.0,0.0,0.0,0.0,60000.0,0.0,0.0,60000.0,,,,,,,
117910218,1769.0,4211.0,0.0,0.0,0.0,150000.0,0.0,0.0,150000.0,,,,,,,
121260668,1769.0,4249.0,195000.0,0.0,0.0,0.0,0.0,0.0,195000.0,,,,,,,
44263092,1769.0,4249.0,200000.0,0.0,0.0,0.0,0.0,0.0,200000.0,,,,,,,
44263284,1769.0,4249.0,10000.0,0.0,0.0,0.0,0.0,0.0,10000.0,,,,,,,
44263412,1769.0,4249.0,20000.0,0.0,0.0,0.0,0.0,0.0,20000.0,,,,,,,
55495132,1769.0,4249.0,90000.0,0.0,0.0,0.0,0.0,0.0,90000.0,,,,,,,
86049361,1769.0,4211.0,0.0,0.0,0.0,163312.0,0.0,0.0,163312.0,,,,,,,
44262892,1769.0,4249.0,72000.0,0.0,0.0,0.0,0.0,0.0,72000.0,,,,,,,
44262960,1769.0,4249.0,300000.0,0.0,0.0,0.0,0.0,0.0,300000.0,,,,,,,
44263527,1769.0,4211.0,0.0,0.0,0.0,200000.0,0.0,0.0,200000.0,,,,,,,
44263588,1769.0,4211.0,0.0,0.0,0.0,150000.0,0.0,0.0,150000.0,,,,,,,
44263610,1769.0,4211.0,0.0,0.0,0.0,150000.0,0.0,0.0,150000.0,,,,,,,
44263652,1769.0,4211.0,0.0,0.0,0.0,100000.0,0.0,0.0,100000.0,,,,,,,
44263688,1769.0,4211.0,0.0,0.0,0.0,200000.0,0.0,0.0,200000.0,,,,,,,
44263711,1778.0,4250.0,0.0,0.0,0.0,150000.0,0.0,0.0,150000.0,,,,,,,
44263738,1778.0,4250.0,0.0,0.0,0.0,400000.0,0.0,0.0,400000.0,,,,,,,
44263760,1778.0,4250.0,0.0,0.0,0.0,200000.0,0.0,0.0,200000.0,,,,,,,
44263795,1778.0,4250.0,0.0,0.0,0.0,64080.0,0.0,0.0,64080.0,,,,,,,
55495293,1769.0,4249.0,80000.0,0.0,0.0,0.0,0.0,0.0,80000.0,,,,,,,
55495463,1769.0,4249.0,50000.0,0.0,0.0,0.0,0.0,0.0,50000.0,,,,,,,
55495778,1769.0,4249.0,50000.0,0.0,0.0,0.0,0.0,0.0,50000.0,,,,,,,
55496116,1769.0,4249.0,50000.0,0.0,0.0,0.0,0.0,0.0,50000.0,,,,,,,
55496241,1769.0,4249.0,45000.0,0.0,0.0,0.0,0.0,0.0,45000.0,,,,,,,
62418696,1769.0,4249.0,115000.0,0.0,0.0,0.0,0.0,0.0,115000.0,,,,,,,
62418775,1769.0,4249.0,160972.0,0.0,0.0,0.0,0.0,0.0,160972.0,,,,,,,
66382203,1769.0,4249.0,102000.0,0.0,0.0,0.0,0.0,0.0,102000.0,,,,,,,
66382205,1769.0,4249.0,32000.0,0.0,0.0,0.0,0.0,0.0,32000.0,,,,,,,
66382207,1769.0,4249.0,90000.0,0.0,0.0,0.0,0.0,0.0,90000.0,,,,,,,
86049605,1769.0,4211.0,0.0,0.0,0.0,60000.0,0.0,0.0,60000.0,,,,,,,
86049858,1769.0,4211.0,0.0,0.0,0.0,200000.0,0.0,0.0,200000.0,,,,,,,
44262925,1769.0,4249.0,115000.0,0.0,0.0,0.0,0.0,0.0,115000.0,115000.0,0.0,0.0,0.0,0.0,0.0,
44262984,1769.0,4249.0,300000.0,0.0,0.0,0.0,0.0,0.0,300000.0,300000.0,0.0,0.0,0.0,0.0,0.0,
44263011,1769.0,4249.0,80000.0,0.0,0.0,0.0,0.0,0.0,80000.0,80000.0,0.0,0.0,0.0,0.0,0.0,
44263045,1769.0,4249.0,86312.0,0.0,0.0,0.0,0.0,0.0,86312.0,86312.0,0.0,0.0,0.0,0.0,0.0,
44263216,1769.0,4249.0,40000.0,0.0,0.0,0.0,0.0,0.0,40000.0,40000.0,0.0,0.0,0.0,0.0,0.0,
44263560,1769.0,4211.0,0.0,0.0,0.0,423312.0,0.0,0.0,423312.0,0.0,0.0,0.0,423312.0,0.0,0.0,
56034616,1769.0,4249.0,225000.0,0.0,0.0,0.0,0.0,0.0,225000.0,225000.0,0.0,0.0,0.0,0.0,0.0,
48560399,1769.0,4249.0,90000.0,0.0,0.0,0.0,0.0,0.0,90000.0,,,,,,,
48560488,1769.0,4249.0,50000.0,0.0,0.0,0.0,0.0,0.0,50000.0,,,,,,,
48560560,1769.0,4249.0,81000.0,0.0,0.0,0.0,0.0,0.0,81000.0,,,,,,,
48560648,1769.0,4249.0,340656.0,0.0,0.0,0.0,0.0,0.0,340656.0,,,,,,,
48564424,1778.0,4250.0,0.0,0.0,0.0,114080.0,0.0,0.0,114080.0,,,,,,,
48564809,0.0,0.0,0.0,0.0,0.0,71311.0,0.0,0.0,71311.0,,,,,,,
48567027,1769.0,4249.0,50000.0,0.0,0.0,0.0,0.0,0.0,50000.0,,,,,,,
85957262,1769.0,4249.0,30000.0,0.0,0.0,0.0,0.0,0.0,30000.0,,,,,,,
85957667,1769.0,4249.0,7497.0,0.0,0.0,0.0,0.0,0.0,7497.0,,,,,,,
48564893,0.0,0.0,0.0,0.0,0.0,30000.0,0.0,0.0,30000.0,,,,,,,
48559906,1769.0,4249.0,72000.0,0.0,0.0,0.0,0.0,0.0,72000.0,,,,,,,
48559984,1769.0,4249.0,250000.0,0.0,0.0,0.0,0.0,0.0,250000.0,,,,,,,
48560729,1769.0,4211.0,0.0,0.0,0.0,100000.0,0.0,0.0,100000.0,,,,,,,
48560819,1769.0,4211.0,0.0,0.0,0.0,100000.0,0.0,0.0,100000.0,,,,,,,
48560896,1769.0,4211.0,0.0,0.0,0.0,100000.0,0.0,0.0,100000.0,,,,,,,
48560959,1769.0,4211.0,0.0,0.0,0.0,100000.0,0.0,0.0,100000.0,,,,,,,
48561132,1769.0,4211.0,0.0,0.0,0.0,100000.0,0.0,0.0,100000.0,,,,,,,
48561207,1769.0,4211.0,0.0,0.0,0.0,50000.0,0.0,0.0,50000.0,,,,,,,
48561288,1769.0,4211.0,0.0,0.0,0.0,100000.0,0.0,0.0,100000.0,,,,,,,
48561388,1769.0,4211.0,0.0,0.0,0.0,223312.0,0.0,0.0,223312.0,,,,,,,
48561532,1769.0,4211.0,0.0,0.0,0.0,100000.0,0.0,0.0,100000.0,,,,,,,
48561599,1769.0,4211.0,0.0,0.0,0.0,100000.0,0.0,0.0,100000.0,,,,,,,
48564102,1778.0,4250.0,0.0,0.0,0.0,100000.0,0.0,0.0,100000.0,,,,,,,
48564332,1778.0,4250.0,0.0,0.0,0.0,150000.0,0.0,0.0,150000.0,,,,,,,
48564521,1778.0,4250.0,0.0,0.0,0.0,100000.0,0.0,0.0,100000.0,,,,,,,
48564637,1778.0,4250.0,0.0,0.0,0.0,150000.0,0.0,0.0,150000.0,,,,,,,
62417995,1769.0,4249.0,132502.0,0.0,0.0,0.0,0.0,0.0,132502.0,,,,,,,
62418084,1769.0,4249.0,119656.0,0.0,0.0,0.0,0.0,0.0,119656.0,,,,,,,
62418347,1778.0,4250.0,0.0,0.0,0.0,200000.0,0.0,0.0,200000.0,,,,,,,
85957042,1769.0,4211.0,0.0,0.0,0.0,200000.0,0.0,0.0,200000.0,,,,,,,
48560065,1769.0,4249.0,130000.0,0.0,0.0,0.0,0.0,0.0,130000.0,130000.0,0.0,0.0,0.0,0.0,0.0,
48560118,1769.0,4249.0,10000.0,0.0,0.0,0.0,0.0,0.0,10000.0,10000.0,0.0,0.0,0.0,0.0,0.0,
48560214,1769.0,4249.0,30000.0,0.0,0.0,0.0,0.0,0.0,30000.0,30000.0,0.0,0.0,0.0,0.0,0.0,
48560282,1769.0,4249.0,119656.0,0.0,0.0,0.0,0.0,0.0,119656.0,119656.0,0.0,0.0,0.0,0.0,0.0,
48561037,1769.0,4211.0,0.0,0.0,0.0,100000.0,0.0,0.0,100000.0,0.0,0.0,0.0,100000.0,0.0,0.0,
48561471,1769.0,4211.0,0.0,0.0,0.0,100000.0,0.0,0.0,100000.0,0.0,0.0,0.0,100000.0,0.0,0.0,
48564235,1778.0,4250.0,0.0,0.0,0.0,200000.0,0.0,0.0,200000.0,0.0,0.0,0.0,200000.0,0.0,0.0,
61990054,1778.0,4250.0,0.0,0.0,0.0,414080.0,0.0,0.0,414080.0,,,,,,,
61990099,1778.0,4250.0,0.0,0.0,0.0,100000.0,0.0,0.0,100000.0,,,,,,,
61990108,1778.0,4250.0,0.0,0.0,0.0,100000.0,0.0,0.0,100000.0,,,,,,,
64839426,1769.0,4249.0,30000.0,0.0,0.0,0.0,0.0,0.0,30000.0,,,,,,,
64839584,1769.0,4249.0,24000.0,0.0,0.0,0.0,0.0,0.0,24000.0,,,,,,,
66621630,1769.0,4211.0,0.0,0.0,0.0,108698.0,0.0,0.0,108698.0,,,,,,,
61990074,1778.0,4250.0,0.0,0.0,0.0,200000.0,0.0,0.0,200000.0,,,,,,,
61990193,1769.0,4211.0,0.0,0.0,0.0,250000.0,0.0,0.0,250000.0,,,,,,,
61990210,1769.0,4211.0,0.0,0.0,0.0,200000.0,0.0,0.0,200000.0,,,,,,,
61990217,1769.0,4211.0,0.0,0.0,0.0,178650.0,0.0,0.0,178650.0,,,,,,,
64839205,1769.0,4249.0,561985.0,0.0,0.0,0.0,0.0,0.0,561985.0,,,,,,,
64839232,1769.0,4249.0,72000.0,0.0,0.0,0.0,0.0,0.0,72000.0,,,,,,,
64839300,1769.0,4249.0,100000.0,0.0,0.0,0.0,0.0,0.0,100000.0,,,,,,,
64839356,1769.0,4249.0,45000.0,0.0,0.0,0.0,0.0,0.0,45000.0,,,,,,,
64839473,1769.0,4249.0,40000.0,0.0,0.0,0.0,0.0,0.0,40000.0,,,,,,,
64839536,1769.0,4249.0,83720.0,0.0,0.0,0.0,0.0,0.0,83720.0,,,,,,,
64839622,1769.0,4249.0,8370.0,0.0,0.0,0.0,0.0,0.0,8370.0,,,,,,,
64839689,1769.0,4249.0,503095.0,0.0,0.0,0.0,0.0,0.0,503095.0,,,,,,,
66411014,1769.0,4211.0,0.0,0.0,0.0,241302.0,0.0,0.0,241302.0,,,,,,,
61990202,1769.0,4211.0,0.0,0.0,0.0,350000.0,0.0,0.0,350000.0,0.0,0.0,0.0,350000.0,0.0,0.0,
75716135,1769.0,4249.0,3500.0,0.0,0.0,0.0,0.0,0.0,3500.0,,,,,,,
75716990,1769.0,4249.0,3500.0,0.0,0.0,0.0,0.0,0.0,3500.0,,,,,,,
75718087,1769.0,4249.0,3500.0,0.0,0.0,0.0,0.0,0.0,3500.0,,,,,,,
75718678,1769.0,4249.0,3500.0,0.0,0.0,0.0,0.0,0.0,3500.0,,,,,,,
75719350,1769.0,4249.0,3500.0,0.0,0.0,0.0,0.0,0.0,3500.0,,,,,,,
75758628,1769.0,4249.0,3500.0,0.0,0.0,0.0,0.0,0.0,3500.0,,,,,,,
75758838,1769.0,4249.0,3500.0,0.0,0.0,0.0,0.0,0.0,3500.0,,,,,,,
75759047,1769.0,4249.0,3500.0,0.0,0.0,0.0,0.0,0.0,3500.0,,,,,,,
75759233,1769.0,4249.0,3500.0,0.0,0.0,0.0,0.0,0.0,3500.0,,,,,,,
75759411,1769.0,4249.0,3500.0,0.0,0.0,0.0,0.0,0.0,3500.0,,,,,,,
75759584,1769.0,4249.0,3500.0,0.0,0.0,0.0,0.0,0.0,3500.0,,,,,,,
75759853,1769.0,4249.0,3500.0,0.0,0.0,0.0,0.0,0.0,3500.0,,,,,,,
75760150,1769.0,4249.0,3500.0,0.0,0.0,0.0,0.0,0.0,3500.0,,,,,,,
75760351,1769.0,4249.0,3500.0,0.0,0.0,0.0,0.0,0.0,3500.0,,,,,,,
75760476,1769.0,4249.0,3500.0,0.0,0.0,0.0,0.0,0.0,3500.0,,,,,,,
75760646,1769.0,4249.0,3500.0,0.0,0.0,0.0,0.0,0.0,3500.0,,,,,,,
75761042,1769.0,4249.0,3500.0,0.0,0.0,0.0,0.0,0.0,3500.0,,,,,,,
75761171,1769.0,4249.0,3500.0,0.0,0.0,0.0,0.0,0.0,3500.0,,,,,,,
75761314,1769.0,4249.0,3500.0,0.0,0.0,0.0,0.0,0.0,3500.0,,,,,,,
75761461,1769.0,4249.0,3500.0,0.0,0.0,0.0,0.0,0.0,3500.0,,,,,,,
75761617,1769.0,4249.0,3500.0,0.0,0.0,0.0,0.0,0.0,3500.0,,,,,,,
75761755,1769.0,4249.0,3500.0,0.0,0.0,0.0,0.0,0.0,3500.0,,,,,,,
75762073,1769.0,4249.0,3500.0,0.0,0.0,0.0,0.0,0.0,3500.0,,,,,,,
75762361,1769.0,4249.0,3500.0,0.0,0.0,0.0,0.0,0.0,3500.0,,,,,,,
75771226,1769.0,4249.0,3500.0,0.0,0.0,0.0,0.0,0.0,3500.0,,,,,,,
75771317,1769.0,4249.0,3500.0,0.0,0.0,0.0,0.0,0.0,3500.0,,,,,,,
75771451,1769.0,4249.0,3500.0,0.0,0.0,0.0,0.0,0.0,3500.0,,,,,,,
75771545,1769.0,4249.0,3500.0,0.0,0.0,0.0,0.0,0.0,3500.0,,,,,,,
75771635,1769.0,4249.0,3500.0,0.0,0.0,0.0,0.0,0.0,3500.0,,,,,,,
75775620,1769.0,4249.0,3500.0,0.0,0.0,0.0,0.0,0.0,3500.0,,,,,,,
75775740,1769.0,4249.0,3500.0,0.0,0.0,0.0,0.0,0.0,3500.0,,,,,,,
75775848,1769.0,4249.0,3500.0,0.0,0.0,0.0,0.0,0.0,3500.0,,,,,,,
75775950,1769.0,4249.0,3500.0,0.0,0.0,0.0,0.0,0.0,3500.0,,,,,,,
75776064,1769.0,4249.0,3500.0,0.0,0.0,0.0,0.0,0.0,3500.0,,,,,,,
75776173,1769.0,4249.0,3500.0,0.0,0.0,0.0,0.0,0.0,3500.0,,,,,,,
75776278,1769.0,4249.0,3500.0,0.0,0.0,0.0,0.0,0.0,3500.0,,,,,,,
75776372,1769.0,4249.0,3500.0,0.0,0.0,0.0,0.0,0.0,3500.0,,,,,,,
75776485,1769.0,4249.0,3500.0,0.0,0.0,0.0,0.0,0.0,3500.0,,,,,,,
75776604,1769.0,4249.0,3500.0,0.0,0.0,0.0,0.0,0.0,3500.0,,,,,,,
75776874,1769.0,4249.0,3500.0,0.0,0.0,0.0,0.0,0.0,3500.0,,,,,,,
75777173,1769.0,4249.0,3500.0,0.0,0.0,0.0,0.0,0.0,3500.0,,,,,,,
75777309,1769.0,4249.0,3500.0,0.0,0.0,0.0,0.0,0.0,3500.0,,,,,,,
75777400,1769.0,4249.0,3500.0,0.0,0.0,0.0,0.0,0.0,3500.0,,,,,,,
75777531,1769.0,4249.0,3500.0,0.0,0.0,0.0,0.0,0.0,3500.0,,,,,,,
75777656,1769.0,4249.0,3500.0,0.0,0.0,0.0,0.0,0.0,3500.0,,,,,,,
75777769,1769.0,4249.0,3500.0,0.0,0.0,0.0,0.0,0.0,3500.0,,,,,,,
75777886,1769.0,4249.0,3500.0,0.0,0.0,0.0,0.0,0.0,3500.0,,,,,,,
75778012,1769.0,4249.0,3500.0,0.0,0.0,0.0,0.0,0.0,3500.0,,,,,,,
75778161,1769.0,4249.0,3500.0,0.0,0.0,0.0,0.0,0.0,3500.0,,,,,,,
75778296,1769.0,4249.0,3500.0,0.0,0.0,0.0,0.0,0.0,3500.0,,,,,,,
75778450,1769.0,4249.0,3500.0,0.0,0.0,0.0,0.0,0.0,3500.0,,,,,,,
76394797,1769.0,4249.0,190000.0,0.0,0.0,0.0,0.0,0.0,190000.0,,,,,,,
76440297,,,,,,,,,,,,,,,,
76440805,,,,,,,,,,,,,,,,
76442450,,,,,,,,,,,,,,,,
76662871,,,,,,,,,,,,,,,,
76663943,,,,,,,,,,,,,,,,
76664668,,,,,,,,,,,,,,,,
76665566,,,,,,,,,,,,,,,,
76666323,,,,,,,,,,,,,,,,
76666762,,,,,,,,,,,,,,,,
76667454,,,,,,,,,,,,,,,,
76668697,,,,,,,,,,,,,,,,
76669184,,,,,,,,,,,,,,,,
76669635,,,,,,,,,,,,,,,,
76670088,,,,,,,,,,,,,,,,
76670354,,,,,,,,,,,,,,,,
76670540,,,,,,,,,,,,,,,,
76670717,,,,,,,,,,,,,,,,
76670945,,,,,,,,,,,,,,,,
76671348,,,,,,,,,,,,,,,,
76671617,,,,,,,,,,,,,,,,
76671786,,,,,,,,,,,,,,,,
76672479,,,,,,,,,,,,,,,,
76673000,,,,,,,,,,,,,,,,
76673430,,,,,,,,,,,,,,,,
76914253,,,,,,,,,,,,,,,,
76916607,,,,,,,,,,,,,,,,
76919983,,,,,,,,,,,,,,,,
80204023,,,,,,,,,,,,,,,,
80204865,,,,,,,,,,,,,,,,
80282535,,,,,,,,,,,,,,,,
80283249,,,,,,,,,,,,,,,,
80285181,,,,,,,,,,,,,,,,
80286374,,,,,,,,,,,,,,,,
80287040,,,,,,,,,,,,,,,,
80287642,,,,,,,,,,,,,,,,
80289324,,,,,,,,,,,,,,,,
80497394,,,,,,,,,,,,,,,,
80499284,,,,,,,,,,,,,,,,
80500464,,,,,,,,,,,,,,,,
80500940,,,,,,,,,,,,,,,,
80501417,,,,,,,,,,,,,,,,
80502339,,,,,,,,,,,,,,,,
80502928,,,,,,,,,,,,,,,,
80539543,,,,,,,,,,,,,,,,
80540359,,,,,,,,,,,,,,,,
80540956,,,,,,,,,,,,,,,,
80541245,,,,,,,,,,,,,,,,
80541578,,,,,,,,,,,,,,,,
80543174,,,,,,,,,,,,,,,,
80543844,,,,,,,,,,,,,,,,
80544128,,,,,,,,,,,,,,,,
80544519,,,,,,,,,,,,,,,,
80544866,,,,,,,,,,,,,,,,
80545194,,,,,,,,,,,,,,,,
80667687,,,,,,,,,,,,,,,,
80669014,,,,,,,,,,,,,,,,
81213667,1769.0,4211.0,0.0,0.0,0.0,100000.0,0.0,0.0,100000.0,,,,,,,
81803431,,,,,,,,,,,,,,,,
81803499,,,,,,,,,,,,,,,,
81803574,,,,,,,,,,,,,,,,
81803822,,,,,,,,,,,,,,,,
81803885,,,,,,,,,,,,,,,,
81804037,,,,,,,,,,,,,,,,
81804105,,,,,,,,,,,,,,,,
81804193,,,,,,,,,,,,,,,,
81804347,,,,,,,,,,,,,,,,
81804468,,,,,,,,,,,,,,,,
81804533,,,,,,,,,,,,,,,,
81804594,,,,,,,,,,,,,,,,
81804663,,,,,,,,,,,,,,,,
81804719,,,,,,,,,,,,,,,,
81804815,,,,,,,,,,,,,,,,
81804893,,,,,,,,,,,,,,,,
81805203,,,,,,,,,,,,,,,,
81805294,,,,,,,,,,,,,,,,
81805412,,,,,,,,,,,,,,,,
81805479,,,,,,,,,,,,,,,,
81805556,,,,,,,,,,,,,,,,
81805637,,,,,,,,,,,,,,,,
81805712,,,,,,,,,,,,,,,,
81805794,,,,,,,,,,,,,,,,
81805858,,,,,,,,,,,,,,,,
81805957,,,,,,,,,,,,,,,,
81806049,,,,,,,,,,,,,,,,
81806928,,,,,,,,,,,,,,,,
81807390,,,,,,,,,,,,,,,,
81807550,,,,,,,,,,,,,,,,
81807725,,,,,,,,,,,,,,,,
81807809,,,,,,,,,,,,,,,,
81807873,,,,,,,,,,,,,,,,
81807943,,,,,,,,,,,,,,,,
81808109,,,,,,,,,,,,,,,,
81808371,,,,,,,,,,,,,,,,
81808508,,,,,,,,,,,,,,,,
81808606,,,,,,,,,,,,,,,,
81808732,,,,,,,,,,,,,,,,
81808865,,,,,,,,,,,,,,,,
82376634,1769.0,4249.0,106668.0,0.0,0.0,0.0,0.0,0.0,106668.0,,,,,,,
82377558,1769.0,4211.0,0.0,0.0,0.0,435372.0,0.0,0.0,435372.0,,,,,,,
82378986,0.0,0.0,0.0,0.0,0.0,12000.0,0.0,0.0,12000.0,,,,,,,
82379527,0.0,0.0,0.0,0.0,0.0,18000.0,0.0,0.0,18000.0,,,,,,,
82464707,,,,,,,,,,,,,,,,
82474041,,,,,,,,,,,,,,,,
82481662,,,,,,,,,,,,,,,,
82482625,,,,,,,,,,,,,,,,
82483763,,,,,,,,,,,,,,,,
82495267,,,,,,,,,,,,,,,,
82497829,,,,,,,,,,,,,,,,
82528637,38.0,1.0,0.0,0.0,0.0,50000.0,0.0,0.0,50000.0,,,,,,,
82529547,,,,,,,,,,,,,,,,
82530259,,,,,,,,,,,,,,,,
82531153,,,,,,,,,,,,,,,,
82533607,38.0,1.0,0.0,0.0,0.0,50000.0,0.0,0.0,50000.0,,,,,,,
82534448,,,,,,,,,,,,,,,,
82545119,,,,,,,,,,,,,,,,
82545958,,,,,,,,,,,,,,,,
82546646,,,,,,,,,,,,,,,,
82547174,,,,,,,,,,,,,,,,
82548452,,,,,,,,,,,,,,,,
82549027,,,,,,,,,,,,,,,,
82550024,,,,,,,,,,,,,,,,
82550809,,,,,,,,,,,,,,,,
82551840,,,,,,,,,,,,,,,,
82554652,,,,,,,,,,,,,,,,
82555603,38.0,1.0,0.0,0.0,0.0,50000.0,0.0,0.0,50000.0,,,,,,,
82556608,,,,,,,,,,,,,,,,
82557141,,,,,,,,,,,,,,,,
82557568,,,,,,,,,,,,,,,,
82558085,,,,,,,,,,,,,,,,
82558758,38.0,1.0,0.0,0.0,0.0,100000.0,0.0,0.0,100000.0,,,,,,,
82559336,,,,,,,,,,,,,,,,
82564045,,,,,,,,,,,,,,,,
82564391,,,,,,,,,,,,,,,,
82564668,,,,,,,,,,,,,,,,
82565292,,,,,,,,,,,,,,,,
82565599,,,,,,,,,,,,,,,,
82565935,,,,,,,,,,,,,,,,
82566308,,,,,,,,,,,,,,,,
82566716,,,,,,,,,,,,,,,,
82567173,,,,,,,,,,,,,,,,
82567624,,,,,,,,,,,,,,,,
82568007,,,,,,,,,,,,,,,,
82568452,,,,,,,,,,,,,,,,
82569136,,,,,,,,,,,,,,,,
82569635,,,,,,,,,,,,,,,,
82582452,1769.0,4249.0,10000.0,0.0,0.0,0.0,0.0,0.0,10000.0,,,,,,,
82589580,,,,,,,,,,,,,,,,
82589802,,,,,,,,,,,,,,,,
82590280,,,,,,,,,,,,,,,,
82591249,,,,,,,,,,,,,,,,
82591577,,,,,,,,,,,,,,,,
82591963,,,,,,,,,,,,,,,,
82592147,,,,,,,,,,,,,,,,
82592492,38.0,1.0,0.0,0.0,0.0,100000.0,0.0,0.0,100000.0,,,,,,,
82592906,38.0,1.0,0.0,0.0,0.0,100000.0,0.0,0.0,100000.0,,,,,,,
82593160,38.0,1.0,0.0,0.0,0.0,100000.0,0.0,0.0,100000.0,,,,,,,
82593429,38.0,1.0,0.0,0.0,0.0,100000.0,0.0,0.0,100000.0,,,,,,,
82593831,38.0,1.0,0.0,0.0,0.0,100000.0,0.0,0.0,100000.0,,,,,,,
82594057,38.0,1.0,0.0,0.0,0.0,100000.0,0.0,0.0,100000.0,,,,,,,
82594336,1778.0,4250.0,0.0,0.0,0.0,100000.0,0.0,0.0,100000.0,,,,,,,
82594615,38.0,1.0,0.0,0.0,0.0,100000.0,0.0,0.0,100000.0,,,,,,,
82594847,38.0,1.0,0.0,0.0,0.0,100000.0,0.0,0.0,100000.0,,,,,,,
82595111,38.0,1.0,0.0,0.0,0.0,100000.0,0.0,0.0,100000.0,,,,,,,
82595315,38.0,1.0,0.0,0.0,0.0,100000.0,0.0,0.0,100000.0,,,,,,,
82598628,38.0,1.0,0.0,0.0,0.0,100000.0,0.0,0.0,100000.0,,,,,,,
82598863,38.0,1.0,0.0,0.0,0.0,100000.0,0.0,0.0,100000.0,,,,,,,
82599652,38.0,1.0,0.0,0.0,0.0,100000.0,0.0,0.0,100000.0,,,,,,,
82599931,38.0,1.0,0.0,0.0,0.0,100000.0,0.0,0.0,100000.0,,,,,,,
80664600,1769.0,4211.0,0.0,0.0,0.0,15000.0,0.0,0.0,15000.0,,,,,,,
80670629,1778.0,4250.0,0.0,0.0,0.0,100000.0,0.0,0.0,100000.0,,,,,,,
80671496,1769.0,4211.0,0.0,0.0,0.0,180000.0,0.0,0.0,180000.0,,,,,,,
80672367,1778.0,4250.0,0.0,0.0,0.0,150000.0,0.0,0.0,150000.0,,,,,,,
80674757,1778.0,4250.0,0.0,0.0,0.0,138000.0,0.0,0.0,138000.0,,,,,,,
80675425,1778.0,4250.0,0.0,0.0,0.0,50000.0,0.0,0.0,50000.0,,,,,,,
80676557,1778.0,4250.0,0.0,0.0,0.0,100000.0,0.0,0.0,100000.0,,,,,,,
80677902,1778.0,4250.0,0.0,0.0,0.0,150000.0,0.0,0.0,150000.0,,,,,,,
80678796,1778.0,4250.0,0.0,0.0,0.0,100000.0,0.0,0.0,100000.0,,,,,,,
80680963,1778.0,4250.0,0.0,0.0,0.0,12000.0,0.0,0.0,12000.0,,,,,,,
80681330,1778.0,4250.0,0.0,0.0,0.0,14080.0,0.0,0.0,14080.0,,,,,,,
81202092,1769.0,4249.0,50000.0,0.0,0.0,0.0,0.0,0.0,50000.0,,,,,,,
81212950,1769.0,4211.0,0.0,0.0,0.0,50000.0,0.0,0.0,50000.0,,,,,,,
82375147,1769.0,4249.0,163279.0,0.0,0.0,0.0,0.0,0.0,163279.0,,,,,,,
82578918,1769.0,4249.0,103611.0,0.0,0.0,0.0,0.0,0.0,103611.0,,,,,,,
82583607,1769.0,4249.0,72000.0,0.0,0.0,0.0,0.0,0.0,72000.0,,,,,,,
82585671,1769.0,4249.0,300000.0,0.0,0.0,0.0,0.0,0.0,300000.0,,,,,,,
104437781,1778.0,4250.0,0.0,0.0,0.0,170000.0,0.0,0.0,170000.0,,,,,,,
104439856,1778.0,4250.0,0.0,0.0,0.0,130000.0,0.0,0.0,130000.0,,,,,,,
104607784,399.0,3744.0,0.0,0.0,0.0,100000.0,0.0,0.0,100000.0,,,,,,,
104610426,399.0,3744.0,0.0,0.0,0.0,100000.0,0.0,0.0,100000.0,,,,,,,
104613538,,,,,,,,,,,,,,,,
104613543,,,,,,,,,,,,,,,,
104613548,,,,,,,,,,,,,,,,
104615967,,,,,,,,,,,,,,,,
104616560,,,,,,,,,,,,,,,,
104666730,,,,,,,,,,,,,,,,
104667396,,,,,,,,,,,,,,,,
104668293,,,,,,,,,,,,,,,,
104668684,,,,,,,,,,,,,,,,
104669403,,,,,,,,,,,,,,,,
104672957,,,,,,,,,,,,,,,,
104673863,,,,,,,,,,,,,,,,
104674668,,,,,,,,,,,,,,,,
104675182,,,,,,,,,,,,,,,,
104676416,,,,,,,,,,,,,,,,
104677254,,,,,,,,,,,,,,,,
104677628,,,,,,,,,,,,,,,,
104679834,,,,,,,,,,,,,,,,
104680552,,,,,,,,,,,,,,,,
104681266,,,,,,,,,,,,,,,,
104696959,,,,,,,,,,,,,,,,
104697193,,,,,,,,,,,,,,,,
104697760,,,,,,,,,,,,,,,,
104698034,,,,,,,,,,,,,,,,
104698343,,,,,,,,,,,,,,,,
104698724,,,,,,,,,,,,,,,,
104704132,,,,,,,,,,,,,,,,
104704347,,,,,,,,,,,,,,,,
104704789,,,,,,,,,,,,,,,,
104704972,,,,,,,,,,,,,,,,
104705206,,,,,,,,,,,,,,,,
104705397,,,,,,,,,,,,,,,,
104705536,,,,,,,,,,,,,,,,
104705748,,,,,,,,,,,,,,,,
104705860,,,,,,,,,,,,,,,,
104706024,,,,,,,,,,,,,,,,
104706477,,,,,,,,,,,,,,,,
104706762,,,,,,,,,,,,,,,,
104706939,,,,,,,,,,,,,,,,
104707769,,,,,,,,,,,,,,,,
104708137,21.0,17.0,0.0,0.0,0.0,100000.0,0.0,0.0,100000.0,,,,,,,
104718886,,,,,,,,,,,,,,,,
104719305,,,,,,,,,,,,,,,,
104720489,,,,,,,,,,,,,,,,
104721236,,,,,,,,,,,,,,,,
104724671,1696.0,4133.0,0.0,0.0,0.0,100000.0,0.0,0.0,100000.0,,,,,,,
104725271,,,,,,,,,,,,,,,,
104726069,,,,,,,,,,,,,,,,
104726702,,,,,,,,,,,,,,,,
104728021,399.0,3744.0,0.0,0.0,0.0,100000.0,0.0,0.0,100000.0,,,,,,,
105062192,1769.0,4249.0,3500.0,0.0,0.0,0.0,0.0,0.0,3500.0,,,,,,,
105062810,1769.0,4249.0,3500.0,0.0,0.0,0.0,0.0,0.0,3500.0,,,,,,,
105063710,1769.0,4249.0,3500.0,0.0,0.0,0.0,0.0,0.0,3500.0,,,,,,,
105064408,1769.0,4249.0,3500.0,0.0,0.0,0.0,0.0,0.0,3500.0,,,,,,,
105065441,1769.0,4249.0,3500.0,0.0,0.0,0.0,0.0,0.0,3500.0,,,,,,,
105068846,1769.0,4249.0,3500.0,0.0,0.0,0.0,0.0,0.0,3500.0,,,,,,,
105069328,1769.0,4249.0,3500.0,0.0,0.0,0.0,0.0,0.0,3500.0,,,,,,,
105218334,1769.0,4249.0,3500.0,0.0,0.0,0.0,0.0,0.0,3500.0,,,,,,,
105218863,1769.0,4249.0,3500.0,0.0,0.0,0.0,0.0,0.0,3500.0,,,,,,,
105219371,1769.0,4249.0,3500.0,0.0,0.0,0.0,0.0,0.0,3500.0,,,,,,,
105226751,1769.0,4249.0,3500.0,0.0,0.0,0.0,0.0,0.0,3500.0,,,,,,,
105227042,1769.0,4249.0,3500.0,0.0,0.0,0.0,0.0,0.0,3500.0,,,,,,,
105227324,1769.0,4249.0,3500.0,0.0,0.0,0.0,0.0,0.0,3500.0,,,,,,,
105227855,1769.0,4249.0,3500.0,0.0,0.0,0.0,0.0,0.0,3500.0,,,,,,,
105228124,1769.0,4249.0,3500.0,0.0,0.0,0.0,0.0,0.0,3500.0,,,,,,,
105248373,1769.0,4249.0,3500.0,0.0,0.0,0.0,0.0,0.0,3500.0,,,,,,,
105248909,1769.0,4249.0,3500.0,0.0,0.0,0.0,0.0,0.0,3500.0,,,,,,,
105257303,1769.0,4249.0,3500.0,0.0,0.0,0.0,0.0,0.0,3500.0,,,,,,,
105257889,1769.0,4249.0,3500.0,0.0,0.0,0.0,0.0,0.0,3500.0,,,,,,,
105258189,1769.0,4249.0,3500.0,0.0,0.0,0.0,0.0,0.0,3500.0,,,,,,,
105259833,1769.0,4249.0,3500.0,0.0,0.0,0.0,0.0,0.0,3500.0,,,,,,,
105260207,1769.0,4249.0,3500.0,0.0,0.0,0.0,0.0,0.0,3500.0,,,,,,,
105260550,1769.0,4249.0,3500.0,0.0,0.0,0.0,0.0,0.0,3500.0,,,,,,,
105260865,1769.0,4249.0,3500.0,0.0,0.0,0.0,0.0,0.0,3500.0,,,,,,,
105261160,1769.0,4249.0,3500.0,0.0,0.0,0.0,0.0,0.0,3500.0,,,,,,,
105263426,1769.0,4249.0,3500.0,0.0,0.0,0.0,0.0,0.0,3500.0,,,,,,,
105263684,1769.0,4249.0,3500.0,0.0,0.0,0.0,0.0,0.0,3500.0,,,,,,,
105263837,1769.0,4249.0,3500.0,0.0,0.0,0.0,0.0,0.0,3500.0,,,,,,,
105264091,1769.0,4249.0,3500.0,0.0,0.0,0.0,0.0,0.0,3500.0,,,,,,,
105271186,1769.0,4249.0,3500.0,0.0,0.0,0.0,0.0,0.0,3500.0,,,,,,,
105271278,1769.0,4249.0,3500.0,0.0,0.0,0.0,0.0,0.0,3500.0,,,,,,,
105271369,1769.0,4249.0,3500.0,0.0,0.0,0.0,0.0,0.0,3500.0,,,,,,,
105271634,1769.0,4249.0,3500.0,0.0,0.0,0.0,0.0,0.0,3500.0,,,,,,,
105271785,1769.0,4249.0,3500.0,0.0,0.0,0.0,0.0,0.0,3500.0,,,,,,,
105271946,1769.0,4249.0,3500.0,0.0,0.0,0.0,0.0,0.0,3500.0,,,,,,,
105272040,1769.0,4249.0,3500.0,0.0,0.0,0.0,0.0,0.0,3500.0,,,,,,,
105272172,1769.0,4249.0,3500.0,0.0,0.0,0.0,0.0,0.0,3500.0,,,,,,,
105272404,1769.0,4249.0,3500.0,0.0,0.0,0.0,0.0,0.0,3500.0,,,,,,,
105272560,1769.0,4249.0,3500.0,0.0,0.0,0.0,0.0,0.0,3500.0,,,,,,,
105280443,1769.0,4249.0,3500.0,0.0,0.0,0.0,0.0,0.0,3500.0,,,,,,,
105280745,1769.0,4249.0,3500.0,0.0,0.0,0.0,0.0,0.0,3500.0,,,,,,,
105281294,1769.0,4249.0,3500.0,0.0,0.0,0.0,0.0,0.0,3500.0,,,,,,,
105281814,1769.0,4249.0,3500.0,0.0,0.0,0.0,0.0,0.0,3500.0,,,,,,,
105282014,1769.0,4249.0,3500.0,0.0,0.0,0.0,0.0,0.0,3500.0,,,,,,,
105282230,1769.0,4249.0,3500.0,0.0,0.0,0.0,0.0,0.0,3500.0,,,,,,,
105282381,1769.0,4249.0,3500.0,0.0,0.0,0.0,0.0,0.0,3500.0,,,,,,,
105282566,1769.0,4249.0,3500.0,0.0,0.0,0.0,0.0,0.0,3500.0,,,,,,,
105282822,1769.0,4249.0,3500.0,0.0,0.0,0.0,0.0,0.0,3500.0,,,,,,,
105283077,1769.0,4249.0,3500.0,0.0,0.0,0.0,0.0,0.0,3500.0,,,,,,,
105310756,1769.0,4249.0,30000.0,0.0,0.0,0.0,0.0,0.0,30000.0,,,,,,,
105320626,1778.0,4250.0,0.0,0.0,0.0,110000.0,0.0,0.0,110000.0,,,,,,,
105322239,0.0,0.0,0.0,0.0,0.0,50000.0,0.0,0.0,50000.0,,,,,,,
105322555,0.0,0.0,0.0,0.0,0.0,18000.0,0.0,0.0,18000.0,,,,,,,
105322893,1769.0,4249.0,3500.0,0.0,0.0,0.0,0.0,0.0,3500.0,,,,,,,
105323263,1769.0,4249.0,3500.0,0.0,0.0,0.0,0.0,0.0,3500.0,,,,,,,
105346878,1769.0,4249.0,221868.0,0.0,0.0,0.0,0.0,0.0,221868.0,,,,,,,
105348927,1769.0,4249.0,100000.0,0.0,0.0,0.0,0.0,0.0,100000.0,,,,,,,
105349696,1769.0,4249.0,153049.0,0.0,0.0,0.0,0.0,0.0,153049.0,,,,,,,
105352625,1769.0,4211.0,0.0,0.0,0.0,1000.0,0.0,0.0,1000.0,,,,,,,
105380191,27.0,23.0,1000.0,0.0,0.0,0.0,0.0,0.0,1000.0,,,,,,,
105380242,,,,,,,,,,,,,,,,
105380331,,,,,,,,,,,,,,,,
105380384,,,,,,,,,,,,,,,,
105385000,,,,,,,,,,,,,,,,
105385317,1013.0,2029.0,0.0,0.0,0.0,1000.0,0.0,0.0,1000.0,,,,,,,
105385387,399.0,3744.0,0.0,0.0,0.0,1000.0,0.0,0.0,1000.0,,,,,,,
105385512,1481.0,3795.0,0.0,0.0,0.0,1000.0,0.0,0.0,1000.0,,,,,,,
105385987,1481.0,3795.0,0.0,0.0,0.0,1000.0,0.0,0.0,1000.0,,,,,,,
105386102,,,,,,,,,,,,,,,,
105386195,399.0,3744.0,0.0,0.0,0.0,1000.0,0.0,0.0,1000.0,,,,,,,
105389803,,,,,,,,,,,,,,,,
105389940,,,,,,,,,,,,,,,,
105390192,,,,,,,,,,,,,,,,
105390837,,,,,,,,,,,,,,,,
105410425,1769.0,4249.0,7069.0,0.0,0.0,0.0,0.0,0.0,7069.0,,,,,,,
104436132,1778.0,4250.0,0.0,0.0,0.0,130000.0,0.0,0.0,130000.0,,,,,,,
105285932,1769.0,4249.0,128250.0,0.0,0.0,0.0,0.0,0.0,128250.0,,,,,,,
105286382,1769.0,4249.0,20000.0,0.0,0.0,0.0,0.0,0.0,20000.0,,,,,,,
105288559,1769.0,4249.0,150000.0,0.0,0.0,0.0,0.0,0.0,150000.0,,,,,,,
105289787,1769.0,4249.0,45000.0,0.0,0.0,0.0,0.0,0.0,45000.0,,,,,,,
105290603,1769.0,4249.0,30000.0,0.0,0.0,0.0,0.0,0.0,30000.0,,,,,,,
105311507,1769.0,4211.0,0.0,0.0,0.0,150000.0,0.0,0.0,150000.0,,,,,,,
105312553,1769.0,4211.0,0.0,0.0,0.0,20000.0,0.0,0.0,20000.0,,,,,,,
105313757,1769.0,4211.0,0.0,0.0,0.0,100000.0,0.0,0.0,100000.0,,,,,,,
105314234,1769.0,4211.0,0.0,0.0,0.0,130000.0,0.0,0.0,130000.0,,,,,,,
105316983,1769.0,4211.0,0.0,0.0,0.0,100000.0,0.0,0.0,100000.0,,,,,,,
105317688,1769.0,4211.0,0.0,0.0,0.0,100000.0,0.0,0.0,100000.0,,,,,,,
105318429,1769.0,4211.0,0.0,0.0,0.0,100000.0,0.0,0.0,100000.0,,,,,,,
105318767,1769.0,4211.0,0.0,0.0,0.0,126824.0,0.0,0.0,126824.0,,,,,,,
105320299,1778.0,4250.0,0.0,0.0,0.0,100000.0,0.0,0.0,100000.0,,,,,,,
105321038,1778.0,4250.0,0.0,0.0,0.0,124080.0,0.0,0.0,124080.0,,,,,,,
105321332,1778.0,4250.0,0.0,0.0,0.0,50000.0,0.0,0.0,50000.0,,,,,,,
105407696,1769.0,4249.0,100000.0,0.0,0.0,0.0,0.0,0.0,100000.0,,,,,,,
105410708,1769.0,4249.0,80000.0,0.0,0.0,0.0,0.0,0.0,80000.0,,,,,,,
115468414,,,,,,,,,,,,,,,,
117692576,,,,,,,,,,,,,,,,
117693843,,,,,,,,,,,,,,,,
117694749,,,,,,,,,,,,,,,,
117696468,,,,,,,,,,,,,,,,
118317968,,,,,,,,,,,,,,,,
119674509,1769.0,4249.0,9000.0,0.0,0.0,0.0,0.0,0.0,9000.0,,,,,,,
119682712,1769.0,4249.0,12000.0,0.0,0.0,0.0,0.0,0.0,12000.0,,,,,,,
119684353,1769.0,4249.0,3500.0,0.0,0.0,0.0,0.0,0.0,3500.0,,,,,,,
119685991,1769.0,4249.0,75000.0,0.0,0.0,0.0,0.0,0.0,75000.0,,,,,,,
121064854,1769.0,4249.0,120000.0,0.0,0.0,0.0,0.0,0.0,120000.0,,,,,,,
121114112,1769.0,4249.0,3500.0,0.0,0.0,0.0,0.0,0.0,3500.0,,,,,,,
121114515,1769.0,4249.0,3500.0,0.0,0.0,0.0,0.0,0.0,3500.0,,,,,,,
121114816,1769.0,4249.0,3500.0,0.0,0.0,0.0,0.0,0.0,3500.0,,,,,,,
121115140,1769.0,4249.0,3500.0,0.0,0.0,0.0,0.0,0.0,3500.0,,,,,,,
121115425,1769.0,4249.0,3500.0,0.0,0.0,0.0,0.0,0.0,3500.0,,,,,,,
121115774,1769.0,4249.0,3500.0,0.0,0.0,0.0,0.0,0.0,3500.0,,,,,,,
121116083,1769.0,4249.0,3500.0,0.0,0.0,0.0,0.0,0.0,3500.0,,,,,,,
121116636,1769.0,4249.0,3500.0,0.0,0.0,0.0,0.0,0.0,3500.0,,,,,,,
121116969,1769.0,4249.0,3500.0,0.0,0.0,0.0,0.0,0.0,3500.0,,,,,,,
121117231,1769.0,4249.0,3500.0,0.0,0.0,0.0,0.0,0.0,3500.0,,,,,,,
121117614,1769.0,4249.0,3500.0,0.0,0.0,0.0,0.0,0.0,3500.0,,,,,,,
121117932,1769.0,4249.0,3500.0,0.0,0.0,0.0,0.0,0.0,3500.0,,,,,,,
121118350,1769.0,4249.0,3500.0,0.0,0.0,0.0,0.0,0.0,3500.0,,,,,,,
121118582,1769.0,4249.0,3500.0,0.0,0.0,0.0,0.0,0.0,3500.0,,,,,,,
121119294,1769.0,4211.0,0.0,0.0,0.0,180000.0,0.0,0.0,180000.0,,,,,,,
121122566,1769.0,4211.0,0.0,0.0,0.0,100000.0,0.0,0.0,100000.0,,,,,,,
121215461,0.0,0.0,0.0,0.0,0.0,18000.0,0.0,0.0,18000.0,,,,,,,
121215710,0.0,0.0,0.0,0.0,0.0,30000.0,0.0,0.0,30000.0,,,,,,,
121218162,1769.0,4249.0,20000.0,0.0,0.0,0.0,0.0,0.0,20000.0,,,,,,,
121218326,1769.0,4249.0,18000.0,0.0,0.0,0.0,0.0,0.0,18000.0,,,,,,,
121218389,1769.0,4249.0,200000.0,0.0,0.0,0.0,0.0,0.0,200000.0,,,,,,,
121218618,1778.0,4250.0,0.0,0.0,0.0,50000.0,0.0,0.0,50000.0,,,,,,,
121218656,1778.0,4250.0,0.0,0.0,0.0,45000.0,0.0,0.0,45000.0,,,,,,,
121218709,1769.0,4211.0,0.0,0.0,0.0,20546.0,0.0,0.0,20546.0,,,,,,,
121218718,1769.0,4249.0,15409.0,0.0,0.0,0.0,0.0,0.0,15409.0,,,,,,,
121218745,1769.0,4249.0,15409.0,0.0,0.0,0.0,0.0,0.0,15409.0,,,,,,,
121218771,,,,,,,,,,,,,,,,
121218780,,,,,,,,,,,,,,,,
121218788,,,,,,,,,,,,,,,,
121218797,,,,,,,,,,,,,,,,
121218801,,,,,,,,,,,,,,,,
121218812,,,,,,,,,,,,,,,,
121218818,,,,,,,,,,,,,,,,
121218820,,,,,,,,,,,,,,,,
121218826,,,,,,,,,,,,,,,,
121218836,,,,,,,,,,,,,,,,
121218839,,,,,,,,,,,,,,,,
121218953,,,,,,,,,,,,,,,,
121218966,,,,,,,,,,,,,,,,
121218975,,,,,,,,,,,,,,,,
121218986,1769.0,4249.0,100000.0,0.0,0.0,0.0,0.0,0.0,100000.0,,,,,,,
121218987,,,,,,,,,,,,,,,,
121219005,,,,,,,,,,,,,,,,
121219011,,,,,,,,,,,,,,,,
121219023,,,,,,,,,,,,,,,,
121219043,,,,,,,,,,,,,,,,
121254341,,,,,,,,,,,,,,,,
121254441,,,,,,,,,,,,,,,,
121254556,,,,,,,,,,,,,,,,
121254635,,,,,,,,,,,,,,,,
121254718,,,,,,,,,,,,,,,,
121255033,,,,,,,,,,,,,,,,
121255129,,,,,,,,,,,,,,,,
121256339,1769.0,4249.0,40000.0,0.0,0.0,0.0,0.0,0.0,40000.0,,,,,,,
121256443,1769.0,4249.0,80000.0,0.0,0.0,0.0,0.0,0.0,80000.0,,,,,,,
121257075,,,,,,,,,,,,,,,,
121257199,,,,,,,,,,,,,,,,
115217760,1769.0,4249.0,117000.0,0.0,0.0,0.0,0.0,0.0,117000.0,,,,,,,
118330130,1778.0,4250.0,0.0,0.0,0.0,100000.0,0.0,0.0,100000.0,,,,,,,
118334004,1778.0,4250.0,0.0,0.0,0.0,125000.0,0.0,0.0,125000.0,,,,,,,
118335862,1778.0,4250.0,0.0,0.0,0.0,130000.0,0.0,0.0,130000.0,,,,,,,
119679569,1769.0,4249.0,15000.0,0.0,0.0,0.0,0.0,0.0,15000.0,,,,,,,
121064194,1769.0,4249.0,7709.0,0.0,0.0,0.0,0.0,0.0,7709.0,,,,,,,
121119565,1769.0,4211.0,0.0,0.0,0.0,146278.0,0.0,0.0,146278.0,,,,,,,
121119869,1769.0,4211.0,0.0,0.0,0.0,100000.0,0.0,0.0,100000.0,,,,,,,
121120137,1769.0,4211.0,0.0,0.0,0.0,100000.0,0.0,0.0,100000.0,,,,,,,
121121080,1769.0,4211.0,0.0,0.0,0.0,100000.0,0.0,0.0,100000.0,,,,,,,
121121529,1769.0,4211.0,0.0,0.0,0.0,80000.0,0.0,0.0,80000.0,,,,,,,
121124541,1778.0,4250.0,0.0,0.0,0.0,10000.0,0.0,0.0,10000.0,,,,,,,
121215314,1778.0,4250.0,0.0,0.0,0.0,5547.0,0.0,0.0,5547.0,,,,,,,
121217333,1769.0,4249.0,25000.0,0.0,0.0,0.0,0.0,0.0,25000.0,,,,,,,
121217739,1778.0,4250.0,0.0,0.0,0.0,65000.0,0.0,0.0,65000.0,,,,,,,
121218498,1769.0,4249.0,3209.0,0.0,0.0,0.0,0.0,0.0,3209.0,,,,,,,
121218629,1778.0,4250.0,0.0,0.0,0.0,35000.0,0.0,0.0,35000.0,,,,,,,
121218637,1778.0,4250.0,0.0,0.0,0.0,104533.0,0.0,0.0,104533.0,,,,,,,
121218668,1778.0,4250.0,0.0,0.0,0.0,144000.0,0.0,0.0,144000.0,,,,,,,
121255686,1769.0,4249.0,315000.0,0.0,0.0,0.0,0.0,0.0,315000.0,,,,,,,
44210496,1769.0,4211.0,0.0,0.0,0.0,34772.0,0.0,0.0,34772.0,,,,,,,
44210531,1769.0,4211.0,0.0,0.0,0.0,6000.0,0.0,0.0,6000.0,,,,,,,
44210729,1769.0,4249.0,240000.0,0.0,0.0,0.0,0.0,0.0,240000.0,,,,,,,
44211164,1769.0,4249.0,100000.0,0.0,0.0,0.0,0.0,0.0,100000.0,,,,,,,
66190628,1769.0,4249.0,100000.0,0.0,0.0,0.0,0.0,0.0,100000.0,,,,,,,
66190656,1518.0,3880.0,0.0,0.0,0.0,5901160.0,0.0,0.0,5901160.0,,,,,,,
66190686,1769.0,4211.0,0.0,0.0,0.0,193152.0,0.0,0.0,193152.0,,,,,,,
66190693,1769.0,4249.0,193152.0,0.0,0.0,0.0,0.0,0.0,193152.0,,,,,,,
66190704,1778.0,4251.0,0.0,0.0,0.0,128624.0,0.0,0.0,128624.0,,,,,,,
66190746,1518.0,3880.0,0.0,0.0,0.0,1180228.0,0.0,0.0,1180228.0,,,,,,,
44210390,1769.0,4211.0,0.0,0.0,0.0,800000.0,0.0,0.0,800000.0,,,,,,,
44210448,1769.0,4211.0,0.0,0.0,0.0,125000.0,0.0,0.0,125000.0,,,,,,,
44210694,1769.0,4249.0,72000.0,0.0,0.0,0.0,0.0,0.0,72000.0,,,,,,,
44210886,1769.0,4249.0,60000.0,0.0,0.0,0.0,0.0,0.0,60000.0,,,,,,,
44211099,1769.0,4249.0,50000.0,0.0,0.0,0.0,0.0,0.0,50000.0,,,,,,,
44211224,1769.0,4249.0,100000.0,0.0,0.0,0.0,0.0,0.0,100000.0,,,,,,,
44211285,1769.0,4249.0,100000.0,0.0,0.0,0.0,0.0,0.0,100000.0,,,,,,,
44211639,1769.0,4249.0,60000.0,0.0,0.0,0.0,0.0,0.0,60000.0,,,,,,,
44211830,1769.0,4249.0,83772.0,0.0,0.0,0.0,0.0,0.0,83772.0,,,,,,,
44211966,1778.0,4251.0,0.0,0.0,0.0,643120.0,0.0,0.0,643120.0,,,,,,,
44211917,1769.0,4249.0,100000.0,0.0,0.0,0.0,0.0,0.0,100000.0,100000.0,0.0,0.0,0.0,0.0,0.0,
47858540,1769.0,4211.0,0.0,0.0,0.0,100000.0,0.0,0.0,100000.0,,,,,,,
47858686,1769.0,4211.0,0.0,0.0,0.0,100000.0,0.0,0.0,100000.0,,,,,,,
47858925,1769.0,4211.0,0.0,0.0,0.0,100000.0,0.0,0.0,100000.0,,,,,,,
47859035,1769.0,4211.0,0.0,0.0,0.0,100000.0,0.0,0.0,100000.0,,,,,,,
47863278,0.0,0.0,0.0,0.0,0.0,337034.0,0.0,0.0,337034.0,,,,,,,
47866076,1769.0,4211.0,0.0,0.0,0.0,100000.0,0.0,0.0,100000.0,,,,,,,
66190291,0.0,0.0,0.0,0.0,0.0,1000.0,0.0,0.0,1000.0,,,,,,,
66196175,1769.0,4249.0,150000.0,0.0,0.0,0.0,0.0,0.0,150000.0,,,,,,,
47859204,1769.0,4211.0,0.0,0.0,0.0,25000.0,0.0,0.0,25000.0,,,,,,,
47859434,1769.0,4211.0,0.0,0.0,0.0,150000.0,0.0,0.0,150000.0,,,,,,,
47859632,1769.0,4211.0,0.0,0.0,0.0,100000.0,0.0,0.0,100000.0,,,,,,,
47859744,1769.0,4211.0,0.0,0.0,0.0,90772.0,0.0,0.0,90772.0,,,,,,,
47859948,1769.0,4211.0,0.0,0.0,0.0,100000.0,0.0,0.0,100000.0,,,,,,,
47860799,1769.0,4249.0,25000.0,0.0,0.0,0.0,0.0,0.0,25000.0,,,,,,,
47860947,1769.0,4249.0,25000.0,0.0,0.0,0.0,0.0,0.0,25000.0,,,,,,,
47862073,1778.0,4251.0,0.0,0.0,0.0,100000.0,0.0,0.0,100000.0,,,,,,,
47862290,1778.0,4251.0,0.0,0.0,0.0,100000.0,0.0,0.0,100000.0,,,,,,,
47862760,1778.0,4251.0,0.0,0.0,0.0,50000.0,0.0,0.0,50000.0,,,,,,,
47865042,1769.0,4249.0,482886.0,0.0,0.0,0.0,0.0,0.0,482886.0,,,,,,,
66190275,1778.0,4251.0,0.0,0.0,0.0,393120.0,0.0,0.0,393120.0,,,,,,,
66196186,1769.0,4249.0,132886.0,0.0,0.0,0.0,0.0,0.0,132886.0,,,,,,,
66196202,1769.0,4249.0,150000.0,0.0,0.0,0.0,0.0,0.0,150000.0,,,,,,,
47860414,1769.0,4249.0,150000.0,0.0,0.0,0.0,0.0,0.0,150000.0,150000.0,0.0,0.0,0.0,0.0,0.0,
47860551,1769.0,4249.0,100000.0,0.0,0.0,0.0,0.0,0.0,100000.0,100000.0,0.0,0.0,0.0,0.0,0.0,
47861159,1769.0,4249.0,50000.0,0.0,0.0,0.0,0.0,0.0,50000.0,50000.0,0.0,0.0,0.0,0.0,0.0,
47861376,1769.0,4249.0,50000.0,0.0,0.0,0.0,0.0,0.0,50000.0,50000.0,0.0,0.0,0.0,0.0,0.0,
47861543,1769.0,4249.0,82886.0,0.0,0.0,0.0,0.0,0.0,82886.0,82886.0,0.0,0.0,0.0,0.0,0.0,
47861789,1778.0,4251.0,0.0,0.0,0.0,100000.0,0.0,0.0,100000.0,0.0,0.0,0.0,100000.0,0.0,0.0,
47861947,1778.0,4251.0,0.0,0.0,0.0,150000.0,0.0,0.0,150000.0,0.0,0.0,0.0,150000.0,0.0,0.0,
47862571,1778.0,4251.0,0.0,0.0,0.0,100000.0,0.0,0.0,100000.0,0.0,0.0,0.0,100000.0,0.0,0.0,
47862920,1778.0,4251.0,0.0,0.0,0.0,43120.0,0.0,0.0,43120.0,0.0,0.0,0.0,43120.0,0.0,0.0,
62021926,1769.0,4211.0,0.0,0.0,0.0,50000.0,0.0,0.0,50000.0,,,,,,,
62023815,0.0,0.0,0.0,0.0,0.0,50000.0,0.0,0.0,50000.0,,,,,,,
62161675,1769.0,4211.0,0.0,0.0,0.0,100000.0,0.0,0.0,100000.0,,,,,,,
64758392,1769.0,4249.0,40000.0,0.0,0.0,0.0,0.0,0.0,40000.0,,,,,,,
64758552,1769.0,4249.0,24000.0,0.0,0.0,0.0,0.0,0.0,24000.0,,,,,,,
64758730,1769.0,4249.0,51240.0,0.0,0.0,0.0,0.0,0.0,51240.0,,,,,,,
64758791,1769.0,4249.0,48000.0,0.0,0.0,0.0,0.0,0.0,48000.0,,,,,,,
64758819,1769.0,4249.0,5150.0,0.0,0.0,0.0,0.0,0.0,5150.0,,,,,,,
64758931,1769.0,4249.0,129354.0,0.0,0.0,0.0,0.0,0.0,129354.0,,,,,,,
64759057,1769.0,4249.0,18000.0,0.0,0.0,0.0,0.0,0.0,18000.0,,,,,,,
64759083,1769.0,4249.0,72000.0,0.0,0.0,0.0,0.0,0.0,72000.0,,,,,,,
64759185,1769.0,4249.0,150000.0,0.0,0.0,0.0,0.0,0.0,150000.0,,,,,,,
64759206,1769.0,4249.0,114744.0,0.0,0.0,0.0,0.0,0.0,114744.0,,,,,,,
61961788,1769.0,4211.0,0.0,0.0,0.0,20000.0,0.0,0.0,20000.0,,,,,,,
61962005,1769.0,4211.0,0.0,0.0,0.0,250000.0,0.0,0.0,250000.0,,,,,,,
61963778,1769.0,4211.0,0.0,0.0,0.0,88992.0,0.0,0.0,88992.0,,,,,,,
61964138,1778.0,4250.0,0.0,0.0,0.0,243074.0,0.0,0.0,243074.0,,,,,,,
61964671,1778.0,4250.0,0.0,0.0,0.0,400000.0,0.0,0.0,400000.0,,,,,,,
62161476,1769.0,4211.0,0.0,0.0,0.0,100000.0,0.0,0.0,100000.0,,,,,,,
64758356,1769.0,4249.0,51000.0,0.0,0.0,0.0,0.0,0.0,51000.0,,,,,,,
64758636,1769.0,4249.0,30000.0,0.0,0.0,0.0,0.0,0.0,30000.0,,,,,,,
64758673,1769.0,4249.0,60000.0,0.0,0.0,0.0,0.0,0.0,60000.0,,,,,,,
64759140,1769.0,4249.0,120000.0,0.0,0.0,0.0,0.0,0.0,120000.0,,,,,,,
75589882,1769.0,4249.0,140000.0,0.0,0.0,0.0,0.0,0.0,140000.0,,,,,,,
75591227,0.0,0.0,0.0,0.0,0.0,200000.0,0.0,0.0,200000.0,,,,,,,
76025043,38.0,1.0,0.0,0.0,0.0,200000.0,0.0,0.0,200000.0,,,,,,,
76025799,38.0,1.0,0.0,0.0,0.0,200000.0,0.0,0.0,200000.0,,,,,,,
76026721,,,,,,,,,,,,,,,,
76027224,,,,,,,,,,,,,,,,
76027692,,,,,,,,,,,,,,,,
76028229,,,,,,,,,,,,,,,,
76028528,,,,,,,,,,,,,,,,
76029117,,,,,,,,,,,,,,,,
76029476,,,,,,,,,,,,,,,,
76029874,,,,,,,,,,,,,,,,
76710451,1769.0,4249.0,3500.0,0.0,0.0,0.0,0.0,0.0,3500.0,,,,,,,
76718878,1769.0,4249.0,3500.0,0.0,0.0,0.0,0.0,0.0,3500.0,,,,,,,
76753436,1769.0,4249.0,3500.0,0.0,0.0,0.0,0.0,0.0,3500.0,,,,,,,
76754372,1769.0,4249.0,3500.0,0.0,0.0,0.0,0.0,0.0,3500.0,,,,,,,
76759589,1769.0,4249.0,3500.0,0.0,0.0,0.0,0.0,0.0,3500.0,,,,,,,
76760892,1769.0,4249.0,3500.0,0.0,0.0,0.0,0.0,0.0,3500.0,,,,,,,
76761883,1769.0,4249.0,3500.0,0.0,0.0,0.0,0.0,0.0,3500.0,,,,,,,
76763013,1769.0,4249.0,3500.0,0.0,0.0,0.0,0.0,0.0,3500.0,,,,,,,
76763732,1769.0,4249.0,3500.0,0.0,0.0,0.0,0.0,0.0,3500.0,,,,,,,
76764494,1769.0,4249.0,3500.0,0.0,0.0,0.0,0.0,0.0,3500.0,,,,,,,
76765114,1769.0,4249.0,3500.0,0.0,0.0,0.0,0.0,0.0,3500.0,,,,,,,
78557655,,,,,,,,,,,,,,,,
78559777,,,,,,,,,,,,,,,,
78561296,,,,,,,,,,,,,,,,
78562363,,,,,,,,,,,,,,,,
78563280,,,,,,,,,,,,,,,,
78565509,,,,,,,,,,,,,,,,
78567743,,,,,,,,,,,,,,,,
78873094,,,,,,,,,,,,,,,,
79730151,38.0,1.0,0.0,0.0,0.0,500000.0,0.0,0.0,500000.0,,,,,,,
79802769,,,,,,,,,,,,,,,,
79803596,,,,,,,,,,,,,,,,
79804316,,,,,,,,,,,,,,,,
79805043,,,,,,,,,,,,,,,,
79805600,,,,,,,,,,,,,,,,
79806074,,,,,,,,,,,,,,,,
79806737,,,,,,,,,,,,,,,,
79807154,,,,,,,,,,,,,,,,
79807722,,,,,,,,,,,,,,,,
79808215,,,,,,,,,,,,,,,,
79808646,,,,,,,,,,,,,,,,
79809028,,,,,,,,,,,,,,,,
79809429,,,,,,,,,,,,,,,,
79809822,,,,,,,,,,,,,,,,
79810215,,,,,,,,,,,,,,,,
79810587,,,,,,,,,,,,,,,,
79811191,,,,,,,,,,,,,,,,
79811598,,,,,,,,,,,,,,,,
79811961,,,,,,,,,,,,,,,,
79812482,,,,,,,,,,,,,,,,
79813189,38.0,1.0,0.0,0.0,0.0,300000.0,0.0,0.0,300000.0,,,,,,,
79813861,38.0,1.0,0.0,0.0,0.0,300000.0,0.0,0.0,300000.0,,,,,,,
79814679,38.0,1.0,0.0,0.0,0.0,500000.0,0.0,0.0,500000.0,,,,,,,
79815226,38.0,1.0,0.0,0.0,0.0,300000.0,0.0,0.0,300000.0,,,,,,,
79815943,,,,,,,,,,,,,,,,
79816609,,,,,,,,,,,,,,,,
79817215,,,,,,,,,,,,,,,,
79817814,,,,,,,,,,,,,,,,
79818216,,,,,,,,,,,,,,,,
79818643,,,,,,,,,,,,,,,,
79819095,,,,,,,,,,,,,,,,
79819427,,,,,,,,,,,,,,,,
79820071,,,,,,,,,,,,,,,,
79823925,,,,,,,,,,,,,,,,
79824531,,,,,,,,,,,,,,,,
79825066,,,,,,,,,,,,,,,,
79825554,,,,,,,,,,,,,,,,
79826063,,,,,,,,,,,,,,,,
79826570,,,,,,,,,,,,,,,,
79827060,,,,,,,,,,,,,,,,
79827963,,,,,,,,,,,,,,,,
79828496,,,,,,,,,,,,,,,,
79829120,,,,,,,,,,,,,,,,
79829817,,,,,,,,,,,,,,,,
79830399,,,,,,,,,,,,,,,,
79831060,,,,,,,,,,,,,,,,
79832370,,,,,,,,,,,,,,,,
79832967,,,,,,,,,,,,,,,,
79833576,,,,,,,,,,,,,,,,
79834201,,,,,,,,,,,,,,,,
79834714,,,,,,,,,,,,,,,,
79835408,,,,,,,,,,,,,,,,
79836002,,,,,,,,,,,,,,,,
79836516,,,,,,,,,,,,,,,,
79837037,,,,,,,,,,,,,,,,
79837530,,,,,,,,,,,,,,,,
79838088,,,,,,,,,,,,,,,,
79838552,,,,,,,,,,,,,,,,
79839887,,,,,,,,,,,,,,,,
79840522,,,,,,,,,,,,,,,,
79841122,,,,,,,,,,,,,,,,
79841945,,,,,,,,,,,,,,,,
79842465,,,,,,,,,,,,,,,,
79842944,,,,,,,,,,,,,,,,
79843490,,,,,,,,,,,,,,,,
79844128,,,,,,,,,,,,,,,,
80570969,38.0,1.0,0.0,0.0,0.0,200000.0,0.0,0.0,200000.0,,,,,,,
80572458,38.0,1.0,0.0,0.0,0.0,14000.0,0.0,0.0,14000.0,,,,,,,
80572758,38.0,1.0,0.0,0.0,0.0,14000.0,0.0,0.0,14000.0,,,,,,,
80572981,38.0,1.0,0.0,0.0,0.0,14000.0,0.0,0.0,14000.0,,,,,,,
80573709,1769.0,4249.0,3500.0,0.0,0.0,0.0,0.0,0.0,3500.0,,,,,,,
80574276,1769.0,4249.0,3500.0,0.0,0.0,0.0,0.0,0.0,3500.0,,,,,,,
80574635,1769.0,4249.0,3500.0,0.0,0.0,0.0,0.0,0.0,3500.0,,,,,,,
80575177,1769.0,4249.0,3500.0,0.0,0.0,0.0,0.0,0.0,3500.0,,,,,,,
80575505,1769.0,4249.0,3500.0,0.0,0.0,0.0,0.0,0.0,3500.0,,,,,,,
80575847,1769.0,4249.0,3500.0,0.0,0.0,0.0,0.0,0.0,3500.0,,,,,,,
80576371,1769.0,4249.0,3500.0,0.0,0.0,0.0,0.0,0.0,3500.0,,,,,,,
80576787,1769.0,4249.0,3500.0,0.0,0.0,0.0,0.0,0.0,3500.0,,,,,,,
80577089,1769.0,4249.0,3500.0,0.0,0.0,0.0,0.0,0.0,3500.0,,,,,,,
80577395,1769.0,4249.0,3500.0,0.0,0.0,0.0,0.0,0.0,3500.0,,,,,,,
80577719,1769.0,4249.0,3500.0,0.0,0.0,0.0,0.0,0.0,3500.0,,,,,,,
80577978,1769.0,4249.0,3500.0,0.0,0.0,0.0,0.0,0.0,3500.0,,,,,,,
80578249,1769.0,4249.0,3500.0,0.0,0.0,0.0,0.0,0.0,3500.0,,,,,,,
80578526,1769.0,4249.0,3500.0,0.0,0.0,0.0,0.0,0.0,3500.0,,,,,,,
80581126,1769.0,4249.0,3500.0,0.0,0.0,0.0,0.0,0.0,3500.0,,,,,,,
80747681,38.0,1.0,0.0,0.0,0.0,12000.0,0.0,0.0,12000.0,,,,,,,
80748480,38.0,1.0,0.0,0.0,0.0,12000.0,0.0,0.0,12000.0,,,,,,,
80749054,38.0,1.0,0.0,0.0,0.0,12000.0,0.0,0.0,12000.0,,,,,,,
82859336,38.0,1.0,0.0,0.0,0.0,100000.0,0.0,0.0,100000.0,,,,,,,
82859802,38.0,1.0,0.0,0.0,0.0,100000.0,0.0,0.0,100000.0,,,,,,,
82860171,38.0,1.0,0.0,0.0,0.0,100000.0,0.0,0.0,100000.0,,,,,,,
82860640,38.0,1.0,0.0,0.0,0.0,100000.0,0.0,0.0,100000.0,,,,,,,
82861085,38.0,1.0,0.0,0.0,0.0,100000.0,0.0,0.0,100000.0,,,,,,,
82861942,38.0,1.0,0.0,0.0,0.0,100000.0,0.0,0.0,100000.0,,,,,,,
82862661,38.0,1.0,0.0,0.0,0.0,100000.0,0.0,0.0,100000.0,,,,,,,
82863450,38.0,1.0,0.0,0.0,0.0,100000.0,0.0,0.0,100000.0,,,,,,,
82863793,38.0,1.0,0.0,0.0,0.0,100000.0,0.0,0.0,100000.0,,,,,,,
82864270,38.0,1.0,0.0,0.0,0.0,100000.0,0.0,0.0,100000.0,,,,,,,
82868387,38.0,1.0,0.0,0.0,0.0,100000.0,0.0,0.0,100000.0,,,,,,,
82868703,38.0,1.0,0.0,0.0,0.0,100000.0,0.0,0.0,100000.0,,,,,,,
82868707,38.0,1.0,0.0,0.0,0.0,100000.0,0.0,0.0,100000.0,,,,,,,
82869273,,,,,,,,,,,,,,,,
82870300,,,,,,,,,,,,,,,,
82870795,,,,,,,,,,,,,,,,
82871088,,,,,,,,,,,,,,,,
82871846,,,,,,,,,,,,,,,,
82872650,,,,,,,,,,,,,,,,
82874736,,,,,,,,,,,,,,,,
82875375,,,,,,,,,,,,,,,,
82877377,,,,,,,,,,,,,,,,
82878026,,,,,,,,,,,,,,,,
82879194,,,,,,,,,,,,,,,,
82880973,,,,,,,,,,,,,,,,
82887247,,,,,,,,,,,,,,,,
82889664,,,,,,,,,,,,,,,,
82890529,,,,,,,,,,,,,,,,
82901568,1769.0,4211.0,0.0,0.0,0.0,20300.0,0.0,0.0,20300.0,,,,,,,
82933555,1769.0,4249.0,6500.0,0.0,0.0,0.0,0.0,0.0,6500.0,,,,,,,
82934525,1769.0,4249.0,42560.0,0.0,0.0,0.0,0.0,0.0,42560.0,,,,,,,
82942628,,,,,,,,,,,,,,,,
82943031,,,,,,,,,,,,,,,,
82943598,,,,,,,,,,,,,,,,
82944155,,,,,,,,,,,,,,,,
82945063,,,,,,,,,,,,,,,,
82945970,,,,,,,,,,,,,,,,
82946815,,,,,,,,,,,,,,,,
82982893,,,,,,,,,,,,,,,,
82983432,,,,,,,,,,,,,,,,
82983733,,,,,,,,,,,,,,,,
82984241,,,,,,,,,,,,,,,,
82984672,,,,,,,,,,,,,,,,
82985079,,,,,,,,,,,,,,,,
82985316,,,,,,,,,,,,,,,,
82985539,,,,,,,,,,,,,,,,
82985722,,,,,,,,,,,,,,,,
82986093,,,,,,,,,,,,,,,,
82986382,,,,,,,,,,,,,,,,
82986750,,,,,,,,,,,,,,,,
82986939,,,,,,,,,,,,,,,,
82987332,,,,,,,,,,,,,,,,
82987675,,,,,,,,,,,,,,,,
82987958,,,,,,,,,,,,,,,,
82988419,,,,,,,,,,,,,,,,
82988992,,,,,,,,,,,,,,,,
82989290,,,,,,,,,,,,,,,,
82989521,,,,,,,,,,,,,,,,
82989751,,,,,,,,,,,,,,,,
82990009,,,,,,,,,,,,,,,,
82990222,,,,,,,,,,,,,,,,
82990481,,,,,,,,,,,,,,,,
82990654,,,,,,,,,,,,,,,,
82990852,,,,,,,,,,,,,,,,
82991236,,,,,,,,,,,,,,,,
82991513,,,,,,,,,,,,,,,,
82991789,,,,,,,,,,,,,,,,
82992060,,,,,,,,,,,,,,,,
82992953,38.0,1.0,0.0,0.0,0.0,100000.0,0.0,0.0,100000.0,,,,,,,
82993239,38.0,1.0,0.0,0.0,0.0,100000.0,0.0,0.0,100000.0,,,,,,,
82993426,38.0,1.0,0.0,0.0,0.0,100000.0,0.0,0.0,100000.0,,,,,,,
82993614,38.0,1.0,0.0,0.0,0.0,100000.0,0.0,0.0,100000.0,,,,,,,
82993839,38.0,1.0,0.0,0.0,0.0,100000.0,0.0,0.0,100000.0,,,,,,,
82994077,38.0,1.0,0.0,0.0,0.0,100000.0,0.0,0.0,100000.0,,,,,,,
82994323,38.0,1.0,0.0,0.0,0.0,100000.0,0.0,0.0,100000.0,,,,,,,
82994539,38.0,1.0,0.0,0.0,0.0,100000.0,0.0,0.0,100000.0,,,,,,,
82994805,38.0,1.0,0.0,0.0,0.0,100000.0,0.0,0.0,100000.0,,,,,,,
82995059,38.0,1.0,0.0,0.0,0.0,100000.0,0.0,0.0,100000.0,,,,,,,
82995419,38.0,1.0,0.0,0.0,0.0,100000.0,0.0,0.0,100000.0,,,,,,,
82995784,,,,,,,,,,,,,,,,
82996333,38.0,1.0,0.0,0.0,0.0,100000.0,0.0,0.0,100000.0,,,,,,,
126998057,,,,,,,,,,,,,,,,
127969368,1769.0,4211.0,0.0,0.0,0.0,35000.0,0.0,0.0,35000.0,,,,,,,
127969495,0.0,0.0,0.0,0.0,0.0,1000.0,0.0,0.0,1000.0,,,,,,,
126997169,0.0,0.0,0.0,0.0,0.0,1000.0,0.0,0.0,1000.0,,,,,,,
82902320,1769.0,4211.0,0.0,0.0,0.0,177800.0,0.0,0.0,177800.0,,,,,,,
82903140,1769.0,4211.0,0.0,0.0,0.0,100000.0,0.0,0.0,100000.0,,,,,,,
82906245,1769.0,4211.0,0.0,0.0,0.0,70000.0,0.0,0.0,70000.0,,,,,,,
82908096,1778.0,4250.0,0.0,0.0,0.0,150000.0,0.0,0.0,150000.0,,,,,,,
82919590,1778.0,4250.0,0.0,0.0,0.0,50000.0,0.0,0.0,50000.0,,,,,,,
82921150,1778.0,4250.0,0.0,0.0,0.0,115000.0,0.0,0.0,115000.0,,,,,,,
82925052,1778.0,4250.0,0.0,0.0,0.0,203074.0,0.0,0.0,203074.0,,,,,,,
82925792,1778.0,4250.0,0.0,0.0,0.0,25000.0,0.0,0.0,25000.0,,,,,,,
82928400,1769.0,4211.0,0.0,0.0,0.0,12980.0,0.0,0.0,12980.0,,,,,,,
82932993,1778.0,4250.0,0.0,0.0,0.0,100000.0,0.0,0.0,100000.0,,,,,,,
82948986,1769.0,4249.0,250060.0,0.0,0.0,0.0,0.0,0.0,250060.0,,,,,,,
82951856,1769.0,4249.0,72000.0,0.0,0.0,0.0,0.0,0.0,72000.0,,,,,,,
126997865,1769.0,4249.0,413000.0,0.0,0.0,0.0,0.0,0.0,413000.0,,,,,,,
127969320,1769.0,4211.0,0.0,0.0,0.0,200000.0,0.0,0.0,200000.0,,,,,,,
76198842,1769.0,4249.0,3500.0,0.0,0.0,0.0,0.0,0.0,3500.0,3500.0,0.0,0.0,0.0,0.0,0.0,
76202491,1769.0,4249.0,3500.0,0.0,0.0,0.0,0.0,0.0,3500.0,3500.0,0.0,0.0,0.0,0.0,0.0,
76204680,1769.0,4249.0,3500.0,0.0,0.0,0.0,0.0,0.0,3500.0,3500.0,0.0,0.0,0.0,0.0,0.0,
76205766,1769.0,4249.0,3500.0,0.0,0.0,0.0,0.0,0.0,3500.0,3500.0,0.0,0.0,0.0,0.0,0.0,
76262532,1769.0,4249.0,3500.0,0.0,0.0,0.0,0.0,0.0,3500.0,3500.0,0.0,0.0,0.0,0.0,0.0,
76263667,1769.0,4249.0,3500.0,0.0,0.0,0.0,0.0,0.0,3500.0,3500.0,0.0,0.0,0.0,0.0,0.0,
76462628,1769.0,4249.0,3500.0,0.0,0.0,0.0,0.0,0.0,3500.0,3500.0,0.0,0.0,0.0,0.0,0.0,
76463683,1769.0,4249.0,3500.0,0.0,0.0,0.0,0.0,0.0,3500.0,3500.0,0.0,0.0,0.0,0.0,0.0,
76463946,1769.0,4249.0,3500.0,0.0,0.0,0.0,0.0,0.0,3500.0,3500.0,0.0,0.0,0.0,0.0,0.0,
76467408,1769.0,4249.0,3500.0,0.0,0.0,0.0,0.0,0.0,3500.0,3500.0,0.0,0.0,0.0,0.0,0.0,
76468260,1769.0,4249.0,3500.0,0.0,0.0,0.0,0.0,0.0,3500.0,3500.0,0.0,0.0,0.0,0.0,0.0,
76468739,1769.0,4249.0,3500.0,0.0,0.0,0.0,0.0,0.0,3500.0,3500.0,0.0,0.0,0.0,0.0,0.0,
76469217,1769.0,4249.0,3500.0,0.0,0.0,0.0,0.0,0.0,3500.0,3500.0,0.0,0.0,0.0,0.0,0.0,
76469548,1769.0,4249.0,3500.0,0.0,0.0,0.0,0.0,0.0,3500.0,3500.0,0.0,0.0,0.0,0.0,0.0,
76470002,1769.0,4249.0,3500.0,0.0,0.0,0.0,0.0,0.0,3500.0,3500.0,0.0,0.0,0.0,0.0,0.0,
76470578,1769.0,4249.0,3500.0,0.0,0.0,0.0,0.0,0.0,3500.0,3500.0,0.0,0.0,0.0,0.0,0.0,
76471165,1769.0,4249.0,3500.0,0.0,0.0,0.0,0.0,0.0,3500.0,3500.0,0.0,0.0,0.0,0.0,0.0,
76471650,1769.0,4249.0,3500.0,0.0,0.0,0.0,0.0,0.0,3500.0,3500.0,0.0,0.0,0.0,0.0,0.0,
76472140,1769.0,4249.0,3500.0,0.0,0.0,0.0,0.0,0.0,3500.0,3500.0,0.0,0.0,0.0,0.0,0.0,
76472580,1769.0,4249.0,3500.0,0.0,0.0,0.0,0.0,0.0,3500.0,3500.0,0.0,0.0,0.0,0.0,0.0,
76473843,1769.0,4249.0,3500.0,0.0,0.0,0.0,0.0,0.0,3500.0,3500.0,0.0,0.0,0.0,0.0,0.0,
76474309,1769.0,4249.0,3500.0,0.0,0.0,0.0,0.0,0.0,3500.0,3500.0,0.0,0.0,0.0,0.0,0.0,
76474861,1769.0,4249.0,3500.0,0.0,0.0,0.0,0.0,0.0,3500.0,3500.0,0.0,0.0,0.0,0.0,0.0,
76475558,1769.0,4249.0,3500.0,0.0,0.0,0.0,0.0,0.0,3500.0,3500.0,0.0,0.0,0.0,0.0,0.0,
76476050,1769.0,4249.0,3500.0,0.0,0.0,0.0,0.0,0.0,3500.0,3500.0,0.0,0.0,0.0,0.0,0.0,
76476711,1769.0,4249.0,3500.0,0.0,0.0,0.0,0.0,0.0,3500.0,3500.0,0.0,0.0,0.0,0.0,0.0,
76477611,1769.0,4249.0,3500.0,0.0,0.0,0.0,0.0,0.0,3500.0,3500.0,0.0,0.0,0.0,0.0,0.0,
76478243,1769.0,4249.0,3500.0,0.0,0.0,0.0,0.0,0.0,3500.0,3500.0,0.0,0.0,0.0,0.0,0.0,
76478930,1769.0,4249.0,3500.0,0.0,0.0,0.0,0.0,0.0,3500.0,3500.0,0.0,0.0,0.0,0.0,0.0,
76479845,1769.0,4249.0,3500.0,0.0,0.0,0.0,0.0,0.0,3500.0,3500.0,0.0,0.0,0.0,0.0,0.0,
76480560,1769.0,4249.0,3500.0,0.0,0.0,0.0,0.0,0.0,3500.0,3500.0,0.0,0.0,0.0,0.0,0.0,
76481175,1769.0,4249.0,3500.0,0.0,0.0,0.0,0.0,0.0,3500.0,3500.0,0.0,0.0,0.0,0.0,0.0,
76482024,1769.0,4249.0,3500.0,0.0,0.0,0.0,0.0,0.0,3500.0,3500.0,0.0,0.0,0.0,0.0,0.0,
76482730,1769.0,4249.0,3500.0,0.0,0.0,0.0,0.0,0.0,3500.0,3500.0,0.0,0.0,0.0,0.0,0.0,
76485887,1769.0,4249.0,3500.0,0.0,0.0,0.0,0.0,0.0,3500.0,3500.0,0.0,0.0,0.0,0.0,0.0,
76488057,1769.0,4249.0,3500.0,0.0,0.0,0.0,0.0,0.0,3500.0,3500.0,0.0,0.0,0.0,0.0,0.0,
76489751,1769.0,4249.0,3500.0,0.0,0.0,0.0,0.0,0.0,3500.0,3500.0,0.0,0.0,0.0,0.0,0.0,
76491047,1769.0,4249.0,3500.0,0.0,0.0,0.0,0.0,0.0,3500.0,3500.0,0.0,0.0,0.0,0.0,0.0,
76493124,1769.0,4249.0,3500.0,0.0,0.0,0.0,0.0,0.0,3500.0,3500.0,0.0,0.0,0.0,0.0,0.0,
76699145,1769.0,4249.0,3500.0,0.0,0.0,0.0,0.0,0.0,3500.0,3500.0,0.0,0.0,0.0,0.0,0.0,
76699476,1769.0,4249.0,3500.0,0.0,0.0,0.0,0.0,0.0,3500.0,3500.0,0.0,0.0,0.0,0.0,0.0,
76699756,1769.0,4249.0,3500.0,0.0,0.0,0.0,0.0,0.0,3500.0,3500.0,0.0,0.0,0.0,0.0,0.0,
76700877,1769.0,4249.0,3500.0,0.0,0.0,0.0,0.0,0.0,3500.0,3500.0,0.0,0.0,0.0,0.0,0.0,
76701400,1769.0,4249.0,3500.0,0.0,0.0,0.0,0.0,0.0,3500.0,3500.0,0.0,0.0,0.0,0.0,0.0,
76701721,1769.0,4249.0,3500.0,0.0,0.0,0.0,0.0,0.0,3500.0,3500.0,0.0,0.0,0.0,0.0,0.0,
76702038,1769.0,4249.0,3500.0,0.0,0.0,0.0,0.0,0.0,3500.0,3500.0,0.0,0.0,0.0,0.0,0.0,
76702310,1769.0,4249.0,3500.0,0.0,0.0,0.0,0.0,0.0,3500.0,3500.0,0.0,0.0,0.0,0.0,0.0,
76702597,1769.0,4249.0,3500.0,0.0,0.0,0.0,0.0,0.0,3500.0,3500.0,0.0,0.0,0.0,0.0,0.0,
76702939,1769.0,4249.0,3500.0,0.0,0.0,0.0,0.0,0.0,3500.0,3500.0,0.0,0.0,0.0,0.0,0.0,
76703237,1769.0,4249.0,3500.0,0.0,0.0,0.0,0.0,0.0,3500.0,3500.0,0.0,0.0,0.0,0.0,0.0,
76703650,1769.0,4249.0,3500.0,0.0,0.0,0.0,0.0,0.0,3500.0,3500.0,0.0,0.0,0.0,0.0,0.0,
76703925,1769.0,4249.0,3500.0,0.0,0.0,0.0,0.0,0.0,3500.0,3500.0,0.0,0.0,0.0,0.0,0.0,
76704247,1769.0,4249.0,3500.0,0.0,0.0,0.0,0.0,0.0,3500.0,3500.0,0.0,0.0,0.0,0.0,0.0,
76706958,1769.0,4249.0,3500.0,0.0,0.0,0.0,0.0,0.0,3500.0,3500.0,0.0,0.0,0.0,0.0,0.0,
76707322,1769.0,4249.0,3500.0,0.0,0.0,0.0,0.0,0.0,3500.0,3500.0,0.0,0.0,0.0,0.0,0.0,
76707977,1769.0,4249.0,3500.0,0.0,0.0,0.0,0.0,0.0,3500.0,3500.0,0.0,0.0,0.0,0.0,0.0,
76708493,1769.0,4249.0,3500.0,0.0,0.0,0.0,0.0,0.0,3500.0,3500.0,0.0,0.0,0.0,0.0,0.0,
76708905,1769.0,4249.0,3500.0,0.0,0.0,0.0,0.0,0.0,3500.0,3500.0,0.0,0.0,0.0,0.0,0.0,
76709832,1769.0,4249.0,3500.0,0.0,0.0,0.0,0.0,0.0,3500.0,3500.0,0.0,0.0,0.0,0.0,0.0,
76711016,1769.0,4249.0,3500.0,0.0,0.0,0.0,0.0,0.0,3500.0,3500.0,0.0,0.0,0.0,0.0,0.0,
76714540,1769.0,4249.0,3500.0,0.0,0.0,0.0,0.0,0.0,3500.0,3500.0,0.0,0.0,0.0,0.0,0.0,
76715947,1769.0,4249.0,3500.0,0.0,0.0,0.0,0.0,0.0,3500.0,3500.0,0.0,0.0,0.0,0.0,0.0,
76716690,1769.0,4249.0,3500.0,0.0,0.0,0.0,0.0,0.0,3500.0,3500.0,0.0,0.0,0.0,0.0,0.0,
76717549,1769.0,4249.0,3500.0,0.0,0.0,0.0,0.0,0.0,3500.0,3500.0,0.0,0.0,0.0,0.0,0.0,
76718196,1769.0,4249.0,3500.0,0.0,0.0,0.0,0.0,0.0,3500.0,3500.0,0.0,0.0,0.0,0.0,0.0,
76726704,1769.0,4249.0,3500.0,0.0,0.0,0.0,0.0,0.0,3500.0,3500.0,0.0,0.0,0.0,0.0,0.0,
76727599,1769.0,4249.0,3500.0,0.0,0.0,0.0,0.0,0.0,3500.0,3500.0,0.0,0.0,0.0,0.0,0.0,
76729161,1769.0,4249.0,3500.0,0.0,0.0,0.0,0.0,0.0,3500.0,3500.0,0.0,0.0,0.0,0.0,0.0,
76730094,1769.0,4249.0,3500.0,0.0,0.0,0.0,0.0,0.0,3500.0,3500.0,0.0,0.0,0.0,0.0,0.0,
76730941,1769.0,4249.0,3500.0,0.0,0.0,0.0,0.0,0.0,3500.0,3500.0,0.0,0.0,0.0,0.0,0.0,
76731772,1769.0,4249.0,3500.0,0.0,0.0,0.0,0.0,0.0,3500.0,3500.0,0.0,0.0,0.0,0.0,0.0,
76732673,1769.0,4249.0,3500.0,0.0,0.0,0.0,0.0,0.0,3500.0,3500.0,0.0,0.0,0.0,0.0,0.0,
76733539,1769.0,4249.0,3500.0,0.0,0.0,0.0,0.0,0.0,3500.0,3500.0,0.0,0.0,0.0,0.0,0.0,
76734271,1769.0,4249.0,3500.0,0.0,0.0,0.0,0.0,0.0,3500.0,3500.0,0.0,0.0,0.0,0.0,0.0,
76741169,1769.0,4249.0,3500.0,0.0,0.0,0.0,0.0,0.0,3500.0,3500.0,0.0,0.0,0.0,0.0,0.0,
76741837,1769.0,4249.0,3500.0,0.0,0.0,0.0,0.0,0.0,3500.0,3500.0,0.0,0.0,0.0,0.0,0.0,
76742721,1769.0,4249.0,3500.0,0.0,0.0,0.0,0.0,0.0,3500.0,3500.0,0.0,0.0,0.0,0.0,0.0,
76743519,1769.0,4249.0,3500.0,0.0,0.0,0.0,0.0,0.0,3500.0,3500.0,0.0,0.0,0.0,0.0,0.0,
76744884,1769.0,4249.0,3500.0,0.0,0.0,0.0,0.0,0.0,3500.0,3500.0,0.0,0.0,0.0,0.0,0.0,
76745677,1769.0,4249.0,3500.0,0.0,0.0,0.0,0.0,0.0,3500.0,3500.0,0.0,0.0,0.0,0.0,0.0,
76746520,1769.0,4249.0,3500.0,0.0,0.0,0.0,0.0,0.0,3500.0,3500.0,0.0,0.0,0.0,0.0,0.0,
76747443,1769.0,4249.0,3500.0,0.0,0.0,0.0,0.0,0.0,3500.0,3500.0,0.0,0.0,0.0,0.0,0.0,
76748317,1769.0,4249.0,3500.0,0.0,0.0,0.0,0.0,0.0,3500.0,3500.0,0.0,0.0,0.0,0.0,0.0,
76749223,1769.0,4249.0,3500.0,0.0,0.0,0.0,0.0,0.0,3500.0,3500.0,0.0,0.0,0.0,0.0,0.0,
76750027,1769.0,4249.0,3500.0,0.0,0.0,0.0,0.0,0.0,3500.0,3500.0,0.0,0.0,0.0,0.0,0.0,
76750822,1769.0,4249.0,3500.0,0.0,0.0,0.0,0.0,0.0,3500.0,3500.0,0.0,0.0,0.0,0.0,0.0,
76751657,1769.0,4249.0,3500.0,0.0,0.0,0.0,0.0,0.0,3500.0,3500.0,0.0,0.0,0.0,0.0,0.0,
76752467,1769.0,4249.0,3500.0,0.0,0.0,0.0,0.0,0.0,3500.0,3500.0,0.0,0.0,0.0,0.0,0.0,
76755657,1769.0,4249.0,3500.0,0.0,0.0,0.0,0.0,0.0,3500.0,3500.0,0.0,0.0,0.0,0.0,0.0,
76756540,1769.0,4249.0,3500.0,0.0,0.0,0.0,0.0,0.0,3500.0,3500.0,0.0,0.0,0.0,0.0,0.0,
76757641,1769.0,4249.0,3500.0,0.0,0.0,0.0,0.0,0.0,3500.0,3500.0,0.0,0.0,0.0,0.0,0.0,
76758755,1769.0,4249.0,3500.0,0.0,0.0,0.0,0.0,0.0,3500.0,3500.0,0.0,0.0,0.0,0.0,0.0,
82902692,1769.0,4211.0,0.0,0.0,0.0,200000.0,0.0,0.0,200000.0,0.0,0.0,0.0,200000.0,0.0,0.0,
82905508,1769.0,4211.0,0.0,0.0,0.0,35000.0,0.0,0.0,35000.0,0.0,0.0,0.0,35000.0,0.0,0.0,
126996973,1769.0,4249.0,357000.0,0.0,0.0,0.0,0.0,0.0,357000.0,357000.0,0.0,0.0,0.0,0.0,0.0,
98470748,,,,,,,,,,,,,,,,
98615849,,,,,,,,,,,,,,,,
98616399,,,,,,,,,,,,,,,,
98730785,,,,,,,,,,,,,,,,
98744921,,,,,,,,,,,,,,,,
98746831,,,,,,,,,,,,,,,,
98753809,,,,,,,,,,,,,,,,
98754149,,,,,,,,,,,,,,,,
98771105,,,,,,,,,,,,,,,,
98771638,,,,,,,,,,,,,,,,
98772052,,,,,,,,,,,,,,,,
98773240,,,,,,,,,,,,,,,,
98774180,,,,,,,,,,,,,,,,
98774623,,,,,,,,,,,,,,,,
98813763,,,,,,,,,,,,,,,,
98910664,,,,,,,,,,,,,,,,
98911277,,,,,,,,,,,,,,,,
105495495,,,,,,,,,,,,,,,,
105496047,,,,,,,,,,,,,,,,
105496539,,,,,,,,,,,,,,,,
105499144,,,,,,,,,,,,,,,,
105500629,,,,,,,,,,,,,,,,
105500860,,,,,,,,,,,,,,,,
105501262,,,,,,,,,,,,,,,,
105544685,,,,,,,,,,,,,,,,
105544902,,,,,,,,,,,,,,,,
105545150,,,,,,,,,,,,,,,,
105545593,,,,,,,,,,,,,,,,
105545824,,,,,,,,,,,,,,,,
105545948,,,,,,,,,,,,,,,,
105546239,,,,,,,,,,,,,,,,
105546402,,,,,,,,,,,,,,,,
105546640,,,,,,,,,,,,,,,,
105546829,,,,,,,,,,,,,,,,
105547085,,,,,,,,,,,,,,,,
105547298,,,,,,,,,,,,,,,,
105548501,,,,,,,,,,,,,,,,
105558025,1778.0,4250.0,0.0,0.0,0.0,30000.0,0.0,0.0,30000.0,,,,,,,
105564705,1769.0,4249.0,128250.0,0.0,0.0,0.0,0.0,0.0,128250.0,,,,,,,
105565147,1769.0,4249.0,30000.0,0.0,0.0,0.0,0.0,0.0,30000.0,,,,,,,
105570034,0.0,0.0,0.0,0.0,0.0,1000.0,0.0,0.0,1000.0,,,,,,,
105573155,,,,,,,,,,,,,,,,
105573783,,,,,,,,,,,,,,,,
105574360,,,,,,,,,,,,,,,,
105574708,,,,,,,,,,,,,,,,
105575075,,,,,,,,,,,,,,,,
105575750,,,,,,,,,,,,,,,,
105576367,,,,,,,,,,,,,,,,
105577832,,,,,,,,,,,,,,,,
105578186,,,,,,,,,,,,,,,,
105578587,,,,,,,,,,,,,,,,
108601941,1769.0,4249.0,90000.0,0.0,0.0,0.0,0.0,0.0,90000.0,,,,,,,
128141632,1778.0,4250.0,0.0,0.0,0.0,33074.0,0.0,0.0,33074.0,,,,,,,
128141666,1769.0,4211.0,0.0,0.0,0.0,252756.0,0.0,0.0,252756.0,,,,,,,
128141692,1769.0,4249.0,94567.0,0.0,0.0,0.0,0.0,0.0,94567.0,,,,,,,
128141743,1769.0,4249.0,161317.0,0.0,0.0,0.0,0.0,0.0,161317.0,,,,,,,
105553744,1778.0,4250.0,0.0,0.0,0.0,200000.0,0.0,0.0,200000.0,,,,,,,
105555079,1778.0,4250.0,0.0,0.0,0.0,200000.0,0.0,0.0,200000.0,,,,,,,
105556316,1778.0,4250.0,0.0,0.0,0.0,30000.0,0.0,0.0,30000.0,,,,,,,
105556988,1778.0,4250.0,0.0,0.0,0.0,150000.0,0.0,0.0,150000.0,,,,,,,
105560150,1769.0,4211.0,0.0,0.0,0.0,200000.0,0.0,0.0,200000.0,,,,,,,
105560796,1769.0,4211.0,0.0,0.0,0.0,50000.0,0.0,0.0,50000.0,,,,,,,
105561266,1769.0,4211.0,0.0,0.0,0.0,150000.0,0.0,0.0,150000.0,,,,,,,
105563838,1769.0,4249.0,170000.0,0.0,0.0,0.0,0.0,0.0,170000.0,,,,,,,
105566950,1769.0,4249.0,3500.0,0.0,0.0,0.0,0.0,0.0,3500.0,,,,,,,
105567322,1769.0,4249.0,3500.0,0.0,0.0,0.0,0.0,0.0,3500.0,,,,,,,
105567882,1769.0,4249.0,3500.0,0.0,0.0,0.0,0.0,0.0,3500.0,,,,,,,
105568199,1769.0,4249.0,3500.0,0.0,0.0,0.0,0.0,0.0,3500.0,,,,,,,
105568620,1769.0,4249.0,3500.0,0.0,0.0,0.0,0.0,0.0,3500.0,,,,,,,
108601974,1769.0,4249.0,87500.0,0.0,0.0,0.0,0.0,0.0,87500.0,,,,,,,
108602020,1769.0,4249.0,200000.0,0.0,0.0,0.0,0.0,0.0,200000.0,,,,,,,
105557607,1778.0,4250.0,0.0,0.0,0.0,33074.0,0.0,0.0,33074.0,0.0,0.0,0.0,33074.0,0.0,0.0,
105561680,1769.0,4211.0,0.0,0.0,0.0,252756.0,0.0,0.0,252756.0,0.0,0.0,0.0,252756.0,0.0,0.0,
105565614,1769.0,4249.0,161317.0,0.0,0.0,0.0,0.0,0.0,161317.0,161317.0,0.0,0.0,0.0,0.0,0.0,
108601994,1769.0,4249.0,94567.0,0.0,0.0,0.0,0.0,0.0,94567.0,94567.0,0.0,0.0,0.0,0.0,0.0,
121467489,,,,,,,,,,,,,,,,
121470285,,,,,,,,,,,,,,,,
121471464,,,,,,,,,,,,,,,,
121606396,1778.0,4250.0,0.0,0.0,0.0,250000.0,0.0,0.0,250000.0,,,,,,,
121606703,,,,,,,,,,,,,,,,
121606824,1769.0,4249.0,180000.0,0.0,0.0,0.0,0.0,0.0,180000.0,,,,,,,
121606878,1769.0,4249.0,52567.0,0.0,0.0,0.0,0.0,0.0,52567.0,,,,,,,
121606886,,,,,,,,,,,,,,,,
121606974,1769.0,4249.0,9000.0,0.0,0.0,0.0,0.0,0.0,9000.0,,,,,,,
121607045,1769.0,4249.0,40000.0,0.0,0.0,0.0,0.0,0.0,40000.0,,,,,,,
121607154,1769.0,4249.0,9000.0,0.0,0.0,0.0,0.0,0.0,9000.0,,,,,,,
121607243,,,,,,,,,,,,,,,,
121607247,1769.0,4249.0,17500.0,0.0,0.0,0.0,0.0,0.0,17500.0,,,,,,,
121607306,1769.0,4249.0,15000.0,0.0,0.0,0.0,0.0,0.0,15000.0,,,,,,,
121607353,,,,,,,,,,,,,,,,
121607535,1769.0,4249.0,3000.0,0.0,0.0,0.0,0.0,0.0,3000.0,,,,,,,
121607936,,,,,,,,,,,,,,,,
121608028,,,,,,,,,,,,,,,,
121608129,,,,,,,,,,,,,,,,
121608420,0.0,0.0,0.0,0.0,0.0,100000.0,0.0,0.0,100000.0,,,,,,,
121608453,0.0,0.0,0.0,0.0,0.0,26400.0,0.0,0.0,26400.0,,,,,,,
121608499,0.0,0.0,0.0,0.0,0.0,20000.0,0.0,0.0,20000.0,,,,,,,
121608690,,,,,,,,,,,,,,,,
121608827,1769.0,4211.0,0.0,0.0,0.0,100000.0,0.0,0.0,100000.0,,,,,,,
121608895,,,,,,,,,,,,,,,,
121609037,,,,,,,,,,,,,,,,
121609243,,,,,,,,,,,,,,,,
121609414,,,,,,,,,,,,,,,,
121609529,,,,,,,,,,,,,,,,
121609624,,,,,,,,,,,,,,,,
121609771,,,,,,,,,,,,,,,,
121609917,,,,,,,,,,,,,,,,
121610081,,,,,,,,,,,,,,,,
121610535,,,,,,,,,,,,,,,,
121610668,,,,,,,,,,,,,,,,
121610914,,,,,,,,,,,,,,,,
121612250,,,,,,,,,,,,,,,,
121612755,,,,,,,,,,,,,,,,
121612934,,,,,,,,,,,,,,,,
121613152,,,,,,,,,,,,,,,,
121613329,,,,,,,,,,,,,,,,
121613447,,,,,,,,,,,,,,,,
121613563,,,,,,,,,,,,,,,,
121613733,,,,,,,,,,,,,,,,
121614536,,,,,,,,,,,,,,,,
121614678,,,,,,,,,,,,,,,,
121615092,1769.0,4249.0,295267.0,0.0,0.0,0.0,0.0,0.0,295267.0,,,,,,,
121615229,,,,,,,,,,,,,,,,
121615622,,,,,,,,,,,,,,,,
121615948,,,,,,,,,,,,,,,,
121787380,,,,,,,,,,,,,,,,
121787688,,,,,,,,,,,,,,,,
121787838,,,,,,,,,,,,,,,,
121792231,,,,,,,,,,,,,,,,
121792578,,,,,,,,,,,,,,,,
121792730,,,,,,,,,,,,,,,,
121792867,,,,,,,,,,,,,,,,
121793045,,,,,,,,,,,,,,,,
121793130,,,,,,,,,,,,,,,,
121793298,,,,,,,,,,,,,,,,
121793394,,,,,,,,,,,,,,,,
121793490,,,,,,,,,,,,,,,,
121793599,,,,,,,,,,,,,,,,
121793668,,,,,,,,,,,,,,,,
121793671,,,,,,,,,,,,,,,,
121793789,,,,,,,,,,,,,,,,
128119880,1769.0,4249.0,100800.0,0.0,0.0,0.0,0.0,0.0,100800.0,,,,,,,
128119937,,,,,,,,,,,,,,,,
121606452,1778.0,4250.0,0.0,0.0,0.0,200000.0,0.0,0.0,200000.0,,,,,,,
121606532,1778.0,4250.0,0.0,0.0,0.0,193074.0,0.0,0.0,193074.0,,,,,,,
121606698,1769.0,4249.0,140000.0,0.0,0.0,0.0,0.0,0.0,140000.0,,,,,,,
121606762,1769.0,4249.0,117000.0,0.0,0.0,0.0,0.0,0.0,117000.0,,,,,,,
121608181,1769.0,4211.0,0.0,0.0,0.0,400000.0,0.0,0.0,400000.0,,,,,,,
121608233,1769.0,4211.0,0.0,0.0,0.0,152756.0,0.0,0.0,152756.0,,,,,,,
121773212,1769.0,4249.0,100800.0,0.0,0.0,0.0,0.0,0.0,100800.0,100800.0,0.0,0.0,0.0,0.0,0.0,
43671521,1769.0,4249.0,100000.0,0.0,0.0,0.0,0.0,0.0,100000.0,,,,,,,
43671747,1769.0,4249.0,70000.0,0.0,0.0,0.0,0.0,0.0,70000.0,,,,,,,
43671918,1769.0,4249.0,50000.0,0.0,0.0,0.0,0.0,0.0,50000.0,,,,,,,
43672319,1769.0,4211.0,0.0,0.0,0.0,40000.0,0.0,0.0,40000.0,,,,,,,
43672705,1778.0,4250.0,0.0,0.0,0.0,100000.0,0.0,0.0,100000.0,,,,,,,
88000745,1518.0,3880.0,0.0,0.0,0.0,5381565.0,0.0,0.0,5381565.0,,,,,,,
88001647,1769.0,4249.0,244660.0,0.0,0.0,0.0,0.0,0.0,244660.0,,,,,,,
88001670,1769.0,4211.0,0.0,0.0,0.0,244660.0,0.0,0.0,244660.0,,,,,,,
88001711,1518.0,3880.0,0.0,0.0,0.0,1076314.0,0.0,0.0,1076314.0,,,,,,,
88001739,1778.0,4250.0,0.0,0.0,0.0,162806.0,0.0,0.0,162806.0,,,,,,,
43671404,1769.0,4249.0,48600.0,0.0,0.0,0.0,0.0,0.0,48600.0,,,,,,,
43671464,1769.0,4249.0,60000.0,0.0,0.0,0.0,0.0,0.0,60000.0,,,,,,,
43671644,1769.0,4249.0,100000.0,0.0,0.0,0.0,0.0,0.0,100000.0,,,,,,,
43671842,1769.0,4249.0,230000.0,0.0,0.0,0.0,0.0,0.0,230000.0,,,,,,,
43671984,1769.0,4249.0,200000.0,0.0,0.0,0.0,0.0,0.0,200000.0,,,,,,,
43672125,1769.0,4211.0,0.0,0.0,0.0,500000.0,0.0,0.0,500000.0,,,,,,,
43672187,1769.0,4211.0,0.0,0.0,0.0,350000.0,0.0,0.0,350000.0,,,,,,,
43672259,1769.0,4211.0,0.0,0.0,0.0,150000.0,0.0,0.0,150000.0,,,,,,,
43672356,1769.0,4211.0,0.0,0.0,0.0,183312.0,0.0,0.0,183312.0,,,,,,,
43672422,1778.0,4250.0,0.0,0.0,0.0,500000.0,0.0,0.0,500000.0,,,,,,,
43672585,1778.0,4250.0,0.0,0.0,0.0,100000.0,0.0,0.0,100000.0,,,,,,,
43672631,1778.0,4250.0,0.0,0.0,0.0,114032.0,0.0,0.0,114032.0,,,,,,,
44144628,1769.0,4249.0,90000.0,0.0,0.0,0.0,0.0,0.0,90000.0,,,,,,,
88000587,1769.0,4249.0,274712.0,0.0,0.0,0.0,0.0,0.0,274712.0,,,,,,,
43671274,1769.0,4249.0,124712.0,0.0,0.0,0.0,0.0,0.0,124712.0,124712.0,0.0,0.0,0.0,0.0,0.0,
43672056,1769.0,4249.0,150000.0,0.0,0.0,0.0,0.0,0.0,150000.0,150000.0,0.0,0.0,0.0,0.0,0.0,
64130825,0.0,0.0,0.0,0.0,0.0,127490.0,0.0,0.0,127490.0,,,,,,,
64131834,1778.0,4250.0,0.0,0.0,0.0,162806.0,0.0,0.0,162806.0,,,,,,,
64131918,1769.0,4211.0,0.0,0.0,0.0,722919.0,0.0,0.0,722919.0,,,,,,,
64132339,1769.0,4249.0,172330.0,0.0,0.0,0.0,0.0,0.0,172330.0,,,,,,,
64132368,1769.0,4249.0,172330.0,0.0,0.0,0.0,0.0,0.0,172330.0,,,,,,,
64130099,1769.0,4249.0,117000.0,0.0,0.0,0.0,0.0,0.0,117000.0,,,,,,,
64130151,1769.0,4249.0,444656.0,0.0,0.0,0.0,0.0,0.0,444656.0,,,,,,,
64130177,1769.0,4249.0,200000.0,0.0,0.0,0.0,0.0,0.0,200000.0,,,,,,,
64130269,1769.0,4249.0,361656.0,0.0,0.0,0.0,0.0,0.0,361656.0,,,,,,,
64130337,1769.0,4211.0,0.0,0.0,0.0,200000.0,0.0,0.0,200000.0,,,,,,,
64130379,1769.0,4211.0,0.0,0.0,0.0,520000.0,0.0,0.0,520000.0,,,,,,,
64130414,1769.0,4211.0,0.0,0.0,0.0,25053.0,0.0,0.0,25053.0,,,,,,,
64130448,1778.0,4250.0,0.0,0.0,0.0,407000.0,0.0,0.0,407000.0,,,,,,,
64130492,1778.0,4250.0,0.0,0.0,0.0,150000.0,0.0,0.0,150000.0,,,,,,,
64130528,1778.0,4250.0,0.0,0.0,0.0,257032.0,0.0,0.0,257032.0,,,,,,,
47727477,1769.0,4249.0,48000.0,0.0,0.0,0.0,0.0,0.0,48000.0,48000.0,0.0,0.0,0.0,0.0,0.0,
47728391,1769.0,4249.0,152000.0,0.0,0.0,0.0,0.0,0.0,152000.0,152000.0,0.0,0.0,0.0,0.0,0.0,
47728812,1769.0,4249.0,311656.0,0.0,0.0,0.0,0.0,0.0,311656.0,311656.0,0.0,0.0,0.0,0.0,0.0,
47729260,1769.0,4249.0,100000.0,0.0,0.0,0.0,0.0,0.0,100000.0,100000.0,0.0,0.0,0.0,0.0,0.0,
47729913,1769.0,4249.0,50000.0,0.0,0.0,0.0,0.0,0.0,50000.0,50000.0,0.0,0.0,0.0,0.0,0.0,
47730299,1769.0,4249.0,200000.0,0.0,0.0,0.0,0.0,0.0,200000.0,200000.0,0.0,0.0,0.0,0.0,0.0,
47730667,1769.0,4249.0,361656.0,0.0,0.0,0.0,0.0,0.0,361656.0,361656.0,0.0,0.0,0.0,0.0,0.0,
47731010,1769.0,4211.0,0.0,0.0,0.0,123312.0,0.0,0.0,123312.0,0.0,0.0,0.0,123312.0,0.0,0.0,
47731215,1769.0,4211.0,0.0,0.0,0.0,1000000.0,0.0,0.0,1000000.0,0.0,0.0,0.0,1000000.0,0.0,0.0,
47731425,1769.0,4211.0,0.0,0.0,0.0,100000.0,0.0,0.0,100000.0,0.0,0.0,0.0,100000.0,0.0,0.0,
47731646,1778.0,4250.0,0.0,0.0,0.0,407000.0,0.0,0.0,407000.0,0.0,0.0,0.0,407000.0,0.0,0.0,
47731922,1778.0,4250.0,0.0,0.0,0.0,407032.0,0.0,0.0,407032.0,0.0,0.0,0.0,407032.0,0.0,0.0,
47734540,0.0,0.0,0.0,0.0,0.0,106242.0,0.0,0.0,106242.0,0.0,0.0,0.0,106242.0,0.0,0.0,
59963154,0.0,0.0,0.0,0.0,0.0,1000.0,0.0,0.0,1000.0,,,,,,,
60095985,1769.0,4249.0,155443.0,0.0,0.0,0.0,0.0,0.0,155443.0,,,,,,,
60096214,1769.0,4249.0,155443.0,0.0,0.0,0.0,0.0,0.0,155443.0,,,,,,,
66074871,1769.0,4249.0,50542.0,0.0,0.0,0.0,0.0,0.0,50542.0,,,,,,,
66074894,1769.0,4249.0,48000.0,0.0,0.0,0.0,0.0,0.0,48000.0,,,,,,,
66074916,1769.0,4249.0,60000.0,0.0,0.0,0.0,0.0,0.0,60000.0,,,,,,,
66075086,1769.0,4211.0,0.0,0.0,0.0,21388.0,0.0,0.0,21388.0,,,,,,,
60096391,1769.0,4211.0,0.0,0.0,0.0,207262.0,0.0,0.0,207262.0,,,,,,,
66074832,1769.0,4249.0,120000.0,0.0,0.0,0.0,0.0,0.0,120000.0,,,,,,,
66074853,1769.0,4249.0,300000.0,0.0,0.0,0.0,0.0,0.0,300000.0,,,,,,,
66074952,1769.0,4249.0,78542.0,0.0,0.0,0.0,0.0,0.0,78542.0,,,,,,,
66074971,1769.0,4249.0,300000.0,0.0,0.0,0.0,0.0,0.0,300000.0,,,,,,,
66075002,1769.0,4249.0,200000.0,0.0,0.0,0.0,0.0,0.0,200000.0,,,,,,,
66075036,1769.0,4211.0,0.0,0.0,0.0,100000.0,0.0,0.0,100000.0,,,,,,,
66075064,1769.0,4211.0,0.0,0.0,0.0,650000.0,0.0,0.0,650000.0,,,,,,,
66075107,1778.0,4250.0,0.0,0.0,0.0,500000.0,0.0,0.0,500000.0,,,,,,,
66075123,1778.0,4250.0,0.0,0.0,0.0,250000.0,0.0,0.0,250000.0,,,,,,,
66075138,1778.0,4250.0,0.0,0.0,0.0,64032.0,0.0,0.0,64032.0,,,,,,,
79966088,38.0,1.0,0.0,0.0,0.0,50000.0,0.0,0.0,50000.0,,,,,,,
79968034,,,,,,,,,,,,,,,,
79969302,38.0,1.0,0.0,0.0,0.0,50000.0,0.0,0.0,50000.0,,,,,,,
79971173,38.0,1.0,0.0,0.0,0.0,40000.0,0.0,0.0,40000.0,,,,,,,
79972453,38.0,1.0,0.0,0.0,0.0,5100.0,0.0,0.0,5100.0,,,,,,,
79973077,38.0,1.0,0.0,0.0,0.0,60000.0,0.0,0.0,60000.0,,,,,,,
79974350,38.0,1.0,0.0,0.0,0.0,40000.0,0.0,0.0,40000.0,,,,,,,
79975298,,,,,,,,,,,,,,,,
79976306,38.0,1.0,0.0,0.0,0.0,200000.0,0.0,0.0,200000.0,,,,,,,
79977211,38.0,1.0,0.0,0.0,0.0,100000.0,0.0,0.0,100000.0,,,,,,,
79977817,38.0,1.0,0.0,0.0,0.0,70000.0,0.0,0.0,70000.0,,,,,,,
79978558,38.0,1.0,0.0,0.0,0.0,70000.0,0.0,0.0,70000.0,,,,,,,
79979104,38.0,1.0,0.0,0.0,0.0,200000.0,0.0,0.0,200000.0,,,,,,,
79979611,38.0,1.0,0.0,0.0,0.0,100000.0,0.0,0.0,100000.0,,,,,,,
79980206,38.0,1.0,0.0,0.0,0.0,70000.0,0.0,0.0,70000.0,,,,,,,
79980676,38.0,1.0,0.0,0.0,0.0,100000.0,0.0,0.0,100000.0,,,,,,,
79982088,38.0,1.0,0.0,0.0,0.0,60000.0,0.0,0.0,60000.0,,,,,,,
79982985,38.0,1.0,0.0,0.0,0.0,30000.0,0.0,0.0,30000.0,,,,,,,
80253121,,,,,,,,,,,,,,,,
80253883,38.0,1.0,0.0,0.0,0.0,100000.0,0.0,0.0,100000.0,,,,,,,
80254795,38.0,1.0,0.0,0.0,0.0,200000.0,0.0,0.0,200000.0,,,,,,,
80444256,,,,,,,,,,,,,,,,
80446749,38.0,1.0,0.0,0.0,0.0,10000.0,0.0,0.0,10000.0,,,,,,,
80447449,38.0,1.0,0.0,0.0,0.0,30000.0,0.0,0.0,30000.0,,,,,,,
80448577,38.0,1.0,0.0,0.0,0.0,40000.0,0.0,0.0,40000.0,,,,,,,
80449341,38.0,1.0,0.0,0.0,0.0,60000.0,0.0,0.0,60000.0,,,,,,,
80450100,,,,,,,,,,,,,,,,
80451014,38.0,1.0,0.0,0.0,0.0,100000.0,0.0,0.0,100000.0,,,,,,,
80451977,38.0,1.0,0.0,0.0,0.0,100000.0,0.0,0.0,100000.0,,,,,,,
80452972,,,,,,,,,,,,,,,,
80454232,38.0,1.0,0.0,0.0,0.0,40000.0,0.0,0.0,40000.0,,,,,,,
80455115,38.0,1.0,0.0,0.0,0.0,36000.0,0.0,0.0,36000.0,,,,,,,
80461878,38.0,1.0,0.0,0.0,0.0,120000.0,0.0,0.0,120000.0,,,,,,,
80463086,,,,,,,,,,,,,,,,
80465729,,,,,,,,,,,,,,,,
80466855,38.0,1.0,0.0,0.0,0.0,47000.0,0.0,0.0,47000.0,,,,,,,
80467669,38.0,1.0,0.0,0.0,0.0,30000.0,0.0,0.0,30000.0,,,,,,,
80468606,38.0,1.0,0.0,0.0,0.0,72000.0,0.0,0.0,72000.0,,,,,,,
80469297,38.0,1.0,0.0,0.0,0.0,120000.0,0.0,0.0,120000.0,,,,,,,
80470534,38.0,1.0,0.0,0.0,0.0,130000.0,0.0,0.0,130000.0,,,,,,,
80471339,38.0,1.0,0.0,0.0,0.0,210000.0,0.0,0.0,210000.0,,,,,,,
80472904,,,,,,,,,,,,,,,,
80475271,,,,,,,,,,,,,,,,
80475918,38.0,1.0,0.0,0.0,0.0,350000.0,0.0,0.0,350000.0,,,,,,,
80476604,,,,,,,,,,,,,,,,
80477324,38.0,1.0,0.0,0.0,0.0,70000.0,0.0,0.0,70000.0,,,,,,,
80477877,38.0,1.0,0.0,0.0,0.0,60000.0,0.0,0.0,60000.0,,,,,,,
80478835,38.0,1.0,0.0,0.0,0.0,31000.0,0.0,0.0,31000.0,,,,,,,
80481574,38.0,1.0,0.0,0.0,0.0,40000.0,0.0,0.0,40000.0,,,,,,,
80482420,38.0,1.0,0.0,0.0,0.0,30000.0,0.0,0.0,30000.0,,,,,,,
80483743,38.0,1.0,0.0,0.0,0.0,15000.0,0.0,0.0,15000.0,,,,,,,
80484664,38.0,1.0,0.0,0.0,0.0,70000.0,0.0,0.0,70000.0,,,,,,,
80485510,38.0,1.0,0.0,0.0,0.0,60000.0,0.0,0.0,60000.0,,,,,,,
80486326,38.0,1.0,0.0,0.0,0.0,70000.0,0.0,0.0,70000.0,,,,,,,
80487269,,,,,,,,,,,,,,,,
80490076,38.0,1.0,0.0,0.0,0.0,66000.0,0.0,0.0,66000.0,,,,,,,
80491080,38.0,1.0,0.0,0.0,0.0,17000.0,0.0,0.0,17000.0,,,,,,,
80491887,38.0,1.0,0.0,0.0,0.0,40000.0,0.0,0.0,40000.0,,,,,,,
80492898,38.0,1.0,0.0,0.0,0.0,55000.0,0.0,0.0,55000.0,,,,,,,
80493763,38.0,1.0,0.0,0.0,0.0,66000.0,0.0,0.0,66000.0,,,,,,,
80494565,38.0,1.0,0.0,0.0,0.0,78000.0,0.0,0.0,78000.0,,,,,,,
80495118,38.0,1.0,0.0,0.0,0.0,69000.0,0.0,0.0,69000.0,,,,,,,
80495891,38.0,1.0,0.0,0.0,0.0,155000.0,0.0,0.0,155000.0,,,,,,,
80496467,38.0,1.0,0.0,0.0,0.0,20000.0,0.0,0.0,20000.0,,,,,,,
80497391,38.0,1.0,0.0,0.0,0.0,33000.0,0.0,0.0,33000.0,,,,,,,
80498873,38.0,1.0,0.0,0.0,0.0,110000.0,0.0,0.0,110000.0,,,,,,,
80500135,38.0,1.0,0.0,0.0,0.0,30000.0,0.0,0.0,30000.0,,,,,,,
80500805,38.0,1.0,0.0,0.0,0.0,56000.0,0.0,0.0,56000.0,,,,,,,
80502267,38.0,1.0,0.0,0.0,0.0,100000.0,0.0,0.0,100000.0,,,,,,,
80502875,38.0,1.0,0.0,0.0,0.0,40000.0,0.0,0.0,40000.0,,,,,,,
80503819,38.0,1.0,0.0,0.0,0.0,80000.0,0.0,0.0,80000.0,,,,,,,
80504373,38.0,1.0,0.0,0.0,0.0,77000.0,0.0,0.0,77000.0,,,,,,,
80505138,38.0,1.0,0.0,0.0,0.0,15000.0,0.0,0.0,15000.0,,,,,,,
80505568,38.0,1.0,0.0,0.0,0.0,500000.0,0.0,0.0,500000.0,,,,,,,
80507186,,,,,,,,,,,,,,,,
80507617,38.0,1.0,0.0,0.0,0.0,120000.0,0.0,0.0,120000.0,,,,,,,
80508224,38.0,1.0,0.0,0.0,0.0,520000.0,0.0,0.0,520000.0,,,,,,,
80508620,,,,,,,,,,,,,,,,
80509376,38.0,1.0,0.0,0.0,0.0,20000.0,0.0,0.0,20000.0,,,,,,,
80629600,38.0,1.0,0.0,0.0,0.0,70000.0,0.0,0.0,70000.0,,,,,,,
80631336,,,,,,,,,,,,,,,,
80631338,,,,,,,,,,,,,,,,
80632458,38.0,1.0,0.0,0.0,0.0,60000.0,0.0,0.0,60000.0,,,,,,,
80633832,38.0,1.0,0.0,0.0,0.0,90000.0,0.0,0.0,90000.0,,,,,,,
80634715,38.0,1.0,0.0,0.0,0.0,88000.0,0.0,0.0,88000.0,,,,,,,
80637822,38.0,1.0,0.0,0.0,0.0,30000.0,0.0,0.0,30000.0,,,,,,,
80638420,38.0,1.0,0.0,0.0,0.0,12000.0,0.0,0.0,12000.0,,,,,,,
80639119,38.0,1.0,0.0,0.0,0.0,14000.0,0.0,0.0,14000.0,,,,,,,
80639955,38.0,1.0,0.0,0.0,0.0,25000.0,0.0,0.0,25000.0,,,,,,,
80640770,38.0,1.0,0.0,0.0,0.0,60000.0,0.0,0.0,60000.0,,,,,,,
80642258,38.0,1.0,0.0,0.0,0.0,30000.0,0.0,0.0,30000.0,,,,,,,
80643626,38.0,1.0,0.0,0.0,0.0,17000.0,0.0,0.0,17000.0,,,,,,,
80655728,,,,,,,,,,,,,,,,
80687592,,,,,,,,,,,,,,,,
80688939,,,,,,,,,,,,,,,,
80691915,,,,,,,,,,,,,,,,
80692428,,,,,,,,,,,,,,,,
80692954,,,,,,,,,,,,,,,,
80693413,,,,,,,,,,,,,,,,
80693703,,,,,,,,,,,,,,,,
80694092,,,,,,,,,,,,,,,,
80694339,,,,,,,,,,,,,,,,
80695045,,,,,,,,,,,,,,,,
80695301,,,,,,,,,,,,,,,,
80695691,,,,,,,,,,,,,,,,
80695949,,,,,,,,,,,,,,,,
80696260,,,,,,,,,,,,,,,,
80696563,,,,,,,,,,,,,,,,
80696856,,,,,,,,,,,,,,,,
80697167,,,,,,,,,,,,,,,,
80697645,,,,,,,,,,,,,,,,
80698516,,,,,,,,,,,,,,,,
80699235,,,,,,,,,,,,,,,,
80699590,,,,,,,,,,,,,,,,
80699840,,,,,,,,,,,,,,,,
80700200,,,,,,,,,,,,,,,,
80700546,,,,,,,,,,,,,,,,
80700997,,,,,,,,,,,,,,,,
80701181,,,,,,,,,,,,,,,,
80701435,,,,,,,,,,,,,,,,
80701979,,,,,,,,,,,,,,,,
80702226,,,,,,,,,,,,,,,,
80702659,,,,,,,,,,,,,,,,
80703007,,,,,,,,,,,,,,,,
80703245,,,,,,,,,,,,,,,,
80703682,,,,,,,,,,,,,,,,
80704106,,,,,,,,,,,,,,,,
80704349,,,,,,,,,,,,,,,,
80705061,,,,,,,,,,,,,,,,
80705425,,,,,,,,,,,,,,,,
80705744,,,,,,,,,,,,,,,,
80705750,,,,,,,,,,,,,,,,
80706089,,,,,,,,,,,,,,,,
80706151,,,,,,,,,,,,,,,,
80706441,,,,,,,,,,,,,,,,
80706577,,,,,,,,,,,,,,,,
80706892,,,,,,,,,,,,,,,,
80707316,,,,,,,,,,,,,,,,
80707598,,,,,,,,,,,,,,,,
80707942,,,,,,,,,,,,,,,,
80708151,,,,,,,,,,,,,,,,
80708422,,,,,,,,,,,,,,,,
80876784,,,,,,,,,,,,,,,,
80877131,,,,,,,,,,,,,,,,
80877523,,,,,,,,,,,,,,,,
80881138,,,,,,,,,,,,,,,,
80881587,,,,,,,,,,,,,,,,
80882117,,,,,,,,,,,,,,,,
80882409,,,,,,,,,,,,,,,,
80882801,,,,,,,,,,,,,,,,
80883045,,,,,,,,,,,,,,,,
80883358,,,,,,,,,,,,,,,,
80883866,,,,,,,,,,,,,,,,
80884343,,,,,,,,,,,,,,,,
80884633,,,,,,,,,,,,,,,,
80884937,,,,,,,,,,,,,,,,
80888612,0.0,0.0,0.0,0.0,0.0,80000.0,0.0,0.0,80000.0,,,,,,,
80888795,0.0,0.0,0.0,0.0,0.0,12000.0,0.0,0.0,12000.0,,,,,,,
80888976,0.0,0.0,0.0,0.0,0.0,500.0,0.0,0.0,500.0,,,,,,,
80889113,0.0,0.0,0.0,0.0,0.0,5000.0,0.0,0.0,5000.0,,,,,,,
80889237,0.0,0.0,0.0,0.0,0.0,500.0,0.0,0.0,500.0,,,,,,,
80889339,0.0,0.0,0.0,0.0,0.0,500.0,0.0,0.0,500.0,,,,,,,
80889446,0.0,0.0,0.0,0.0,0.0,1000.0,0.0,0.0,1000.0,,,,,,,
80889560,0.0,0.0,0.0,0.0,0.0,500.0,0.0,0.0,500.0,,,,,,,
80889692,0.0,0.0,0.0,0.0,0.0,500.0,0.0,0.0,500.0,,,,,,,
80889808,0.0,0.0,0.0,0.0,0.0,500.0,0.0,0.0,500.0,,,,,,,
80889935,0.0,0.0,0.0,0.0,0.0,500.0,0.0,0.0,500.0,,,,,,,
80890043,0.0,0.0,0.0,0.0,0.0,2500.0,0.0,0.0,2500.0,,,,,,,
80890187,0.0,0.0,0.0,0.0,0.0,500.0,0.0,0.0,500.0,,,,,,,
81214321,,,,,,,,,,,,,,,,
81215586,,,,,,,,,,,,,,,,
81216534,,,,,,,,,,,,,,,,
81216790,,,,,,,,,,,,,,,,
81217493,,,,,,,,,,,,,,,,
81218446,,,,,,,,,,,,,,,,
81219402,,,,,,,,,,,,,,,,
81220100,,,,,,,,,,,,,,,,
81222842,,,,,,,,,,,,,,,,
81223880,38.0,1.0,0.0,0.0,0.0,30000.0,0.0,0.0,30000.0,,,,,,,
81224572,,,,,,,,,,,,,,,,
81225970,,,,,,,,,,,,,,,,
81226738,,,,,,,,,,,,,,,,
81227276,,,,,,,,,,,,,,,,
81228440,,,,,,,,,,,,,,,,
81229143,,,,,,,,,,,,,,,,
81230697,,,,,,,,,,,,,,,,
81231866,,,,,,,,,,,,,,,,
81232739,,,,,,,,,,,,,,,,
81233634,,,,,,,,,,,,,,,,
81234672,,,,,,,,,,,,,,,,
81235307,,,,,,,,,,,,,,,,
81235928,,,,,,,,,,,,,,,,
81236911,,,,,,,,,,,,,,,,
81238654,,,,,,,,,,,,,,,,
81239993,,,,,,,,,,,,,,,,
81240706,,,,,,,,,,,,,,,,
81241650,,,,,,,,,,,,,,,,
81242633,38.0,1.0,0.0,0.0,0.0,39000.0,0.0,0.0,39000.0,,,,,,,
81243104,,,,,,,,,,,,,,,,
81244135,,,,,,,,,,,,,,,,
81244788,,,,,,,,,,,,,,,,
81245395,,,,,,,,,,,,,,,,
81246103,,,,,,,,,,,,,,,,
81246777,,,,,,,,,,,,,,,,
81247485,,,,,,,,,,,,,,,,
81247990,,,,,,,,,,,,,,,,
81631092,0.0,0.0,0.0,0.0,0.0,5500.0,0.0,0.0,5500.0,,,,,,,
81631444,1769.0,4249.0,72000.0,0.0,0.0,0.0,0.0,0.0,72000.0,,,,,,,
81632413,1769.0,4249.0,10000.0,0.0,0.0,0.0,0.0,0.0,10000.0,,,,,,,
81633634,,,,,,,,,,,,,,,,
81633743,,,,,,,,,,,,,,,,
81633782,,,,,,,,,,,,,,,,
81633917,,,,,,,,,,,,,,,,
128589744,1769.0,4249.0,115279.0,0.0,0.0,0.0,0.0,0.0,115279.0,,,,,,,
81631361,1769.0,4249.0,48000.0,0.0,0.0,0.0,0.0,0.0,48000.0,,,,,,,
81631700,1769.0,4249.0,350000.0,0.0,0.0,0.0,0.0,0.0,350000.0,,,,,,,
81631971,1769.0,4249.0,320000.0,0.0,0.0,0.0,0.0,0.0,320000.0,,,,,,,
81632977,1769.0,4211.0,0.0,0.0,0.0,100000.0,0.0,0.0,100000.0,,,,,,,
81633032,1769.0,4211.0,0.0,0.0,0.0,100000.0,0.0,0.0,100000.0,,,,,,,
81633096,1769.0,4211.0,0.0,0.0,0.0,250372.0,0.0,0.0,250372.0,,,,,,,
81633147,1769.0,4211.0,0.0,0.0,0.0,330000.0,0.0,0.0,330000.0,,,,,,,
81634494,1778.0,4250.0,0.0,0.0,0.0,100000.0,0.0,0.0,100000.0,,,,,,,
81634520,1778.0,4250.0,0.0,0.0,0.0,400000.0,0.0,0.0,400000.0,,,,,,,
81634557,1778.0,4250.0,0.0,0.0,0.0,314080.0,0.0,0.0,314080.0,,,,,,,
128589704,1769.0,4249.0,255279.0,0.0,0.0,0.0,0.0,0.0,255279.0,,,,,,,
81631625,1769.0,4249.0,115279.0,0.0,0.0,0.0,0.0,0.0,115279.0,115279.0,0.0,0.0,0.0,0.0,0.0,
81632205,1769.0,4249.0,70000.0,0.0,0.0,0.0,0.0,0.0,70000.0,70000.0,0.0,0.0,0.0,0.0,0.0,
81632292,1769.0,4249.0,5000.0,0.0,0.0,0.0,0.0,0.0,5000.0,5000.0,0.0,0.0,0.0,0.0,0.0,
81632343,1769.0,4249.0,5060.0,0.0,0.0,0.0,0.0,0.0,5060.0,5060.0,0.0,0.0,0.0,0.0,0.0,
81632523,1769.0,4249.0,115219.0,0.0,0.0,0.0,0.0,0.0,115219.0,115219.0,0.0,0.0,0.0,0.0,0.0,
81632585,1769.0,4249.0,60000.0,0.0,0.0,0.0,0.0,0.0,60000.0,60000.0,0.0,0.0,0.0,0.0,0.0,
102395270,,,,,,,,,,,,,,,,
102395610,,,,,,,,,,,,,,,,
102395936,,,,,,,,,,,,,,,,
102396278,,,,,,,,,,,,,,,,
102396791,38.0,1.0,0.0,0.0,0.0,100000.0,0.0,0.0,100000.0,,,,,,,
102397296,38.0,1.0,0.0,0.0,0.0,500000.0,0.0,0.0,500000.0,,,,,,,
102398271,38.0,1.0,0.0,0.0,0.0,100000.0,0.0,0.0,100000.0,,,,,,,
102398918,,,,,,,,,,,,,,,,
102399478,,,,,,,,,,,,,,,,
102400181,38.0,1.0,0.0,0.0,0.0,300000.0,0.0,0.0,300000.0,,,,,,,
102400702,,,,,,,,,,,,,,,,
102401089,,,,,,,,,,,,,,,,
102401518,,,,,,,,,,,,,,,,
102402234,38.0,1.0,0.0,0.0,0.0,1000000.0,0.0,0.0,1000000.0,,,,,,,
102403562,,,,,,,,,,,,,,,,
102404245,38.0,1.0,0.0,0.0,0.0,100000.0,0.0,0.0,100000.0,,,,,,,
102405083,,,,,,,,,,,,,,,,
102405955,,,,,,,,,,,,,,,,
102406454,,,,,,,,,,,,,,,,
102407105,,,,,,,,,,,,,,,,
102407475,,,,,,,,,,,,,,,,
102408256,,,,,,,,,,,,,,,,
102408897,,,,,,,,,,,,,,,,
102409876,,,,,,,,,,,,,,,,
102411131,38.0,1.0,0.0,0.0,0.0,200000.0,0.0,0.0,200000.0,,,,,,,
102416253,38.0,1.0,0.0,0.0,0.0,200000.0,0.0,0.0,200000.0,,,,,,,
102416337,,,,,,,,,,,,,,,,
102416871,,,,,,,,,,,,,,,,
102417515,,,,,,,,,,,,,,,,
102418137,38.0,1.0,0.0,0.0,0.0,150000.0,0.0,0.0,150000.0,,,,,,,
102418324,,,,,,,,,,,,,,,,
102418869,,,,,,,,,,,,,,,,
102419073,38.0,1.0,0.0,0.0,0.0,600000.0,0.0,0.0,600000.0,,,,,,,
102419367,,,,,,,,,,,,,,,,
102419879,38.0,1.0,0.0,0.0,0.0,300000.0,0.0,0.0,300000.0,,,,,,,
102420379,,,,,,,,,,,,,,,,
102420530,38.0,1.0,0.0,0.0,0.0,500000.0,0.0,0.0,500000.0,,,,,,,
102421569,,,,,,,,,,,,,,,,
102421791,,,,,,,,,,,,,,,,
102422728,38.0,1.0,0.0,0.0,0.0,500000.0,0.0,0.0,500000.0,,,,,,,
102422955,38.0,1.0,0.0,0.0,0.0,600000.0,0.0,0.0,600000.0,,,,,,,
102423204,,,,,,,,,,,,,,,,
102424444,38.0,1.0,0.0,0.0,0.0,600000.0,0.0,0.0,600000.0,,,,,,,
102425379,38.0,1.0,0.0,0.0,0.0,20000.0,0.0,0.0,20000.0,,,,,,,
102425850,,,,,,,,,,,,,,,,
102426546,,,,,,,,,,,,,,,,
102426838,38.0,1.0,0.0,0.0,0.0,550000.0,0.0,0.0,550000.0,,,,,,,
102427557,,,,,,,,,,,,,,,,
102428572,38.0,1.0,0.0,0.0,0.0,15000.0,0.0,0.0,15000.0,,,,,,,
102429011,38.0,1.0,0.0,0.0,0.0,80000.0,0.0,0.0,80000.0,,,,,,,
102429343,38.0,1.0,0.0,0.0,0.0,50000.0,0.0,0.0,50000.0,,,,,,,
102429356,38.0,1.0,0.0,0.0,0.0,200000.0,0.0,0.0,200000.0,,,,,,,
102429647,38.0,1.0,0.0,0.0,0.0,800000.0,0.0,0.0,800000.0,,,,,,,
102429689,38.0,1.0,0.0,0.0,0.0,25000.0,0.0,0.0,25000.0,,,,,,,
102429946,38.0,1.0,0.0,0.0,0.0,100000.0,0.0,0.0,100000.0,,,,,,,
102429964,38.0,1.0,0.0,0.0,0.0,100000.0,0.0,0.0,100000.0,,,,,,,
102430541,38.0,1.0,0.0,0.0,0.0,14000.0,0.0,0.0,14000.0,,,,,,,
102430697,38.0,1.0,0.0,0.0,0.0,50000.0,0.0,0.0,50000.0,,,,,,,
102430710,38.0,1.0,0.0,0.0,0.0,150000.0,0.0,0.0,150000.0,,,,,,,
102431006,,,,,,,,,,,,,,,,
102431059,38.0,1.0,0.0,0.0,0.0,100000.0,0.0,0.0,100000.0,,,,,,,
102431259,38.0,1.0,0.0,0.0,0.0,350000.0,0.0,0.0,350000.0,,,,,,,
102431363,,,,,,,,,,,,,,,,
102431662,,,,,,,,,,,,,,,,
102431841,,,,,,,,,,,,,,,,
102431974,38.0,1.0,0.0,0.0,0.0,20000.0,0.0,0.0,20000.0,,,,,,,
102432200,,,,,,,,,,,,,,,,
102432430,,,,,,,,,,,,,,,,
102432442,38.0,1.0,0.0,0.0,0.0,50000.0,0.0,0.0,50000.0,,,,,,,
102432762,38.0,1.0,0.0,0.0,0.0,100000.0,0.0,0.0,100000.0,,,,,,,
102432901,38.0,1.0,0.0,0.0,0.0,500000.0,0.0,0.0,500000.0,,,,,,,
102433025,38.0,1.0,0.0,0.0,0.0,50000.0,0.0,0.0,50000.0,,,,,,,
102433099,38.0,1.0,0.0,0.0,0.0,10000.0,0.0,0.0,10000.0,,,,,,,
102433353,38.0,1.0,0.0,0.0,0.0,200000.0,0.0,0.0,200000.0,,,,,,,
102433632,38.0,1.0,0.0,0.0,0.0,50000.0,0.0,0.0,50000.0,,,,,,,
102433693,38.0,1.0,0.0,0.0,0.0,60000.0,0.0,0.0,60000.0,,,,,,,
102433824,38.0,1.0,0.0,0.0,0.0,24000.0,0.0,0.0,24000.0,,,,,,,
102434199,38.0,1.0,0.0,0.0,0.0,300000.0,0.0,0.0,300000.0,,,,,,,
102434231,38.0,1.0,0.0,0.0,0.0,500000.0,0.0,0.0,500000.0,,,,,,,
102434490,,,,,,,,,,,,,,,,
102434679,,,,,,,,,,,,,,,,
102434693,38.0,1.0,0.0,0.0,0.0,250000.0,0.0,0.0,250000.0,,,,,,,
102434992,38.0,1.0,0.0,0.0,0.0,100000.0,0.0,0.0,100000.0,,,,,,,
102435171,,,,,,,,,,,,,,,,
102435332,38.0,1.0,0.0,0.0,0.0,30000.0,0.0,0.0,30000.0,,,,,,,
102435573,38.0,1.0,0.0,0.0,0.0,260000.0,0.0,0.0,260000.0,,,,,,,
102435683,38.0,1.0,0.0,0.0,0.0,200000.0,0.0,0.0,200000.0,,,,,,,
102436092,38.0,1.0,0.0,0.0,0.0,18000.0,0.0,0.0,18000.0,,,,,,,
102436217,,,,,,,,,,,,,,,,
102436425,,,,,,,,,,,,,,,,
102436865,38.0,1.0,0.0,0.0,0.0,500000.0,0.0,0.0,500000.0,,,,,,,
102437003,,,,,,,,,,,,,,,,
102437024,38.0,1.0,0.0,0.0,0.0,100000.0,0.0,0.0,100000.0,,,,,,,
102437257,,,,,,,,,,,,,,,,
102437657,38.0,1.0,0.0,0.0,0.0,50000.0,0.0,0.0,50000.0,,,,,,,
102437732,38.0,1.0,0.0,0.0,0.0,600000.0,0.0,0.0,600000.0,,,,,,,
102437767,38.0,1.0,0.0,0.0,0.0,200000.0,0.0,0.0,200000.0,,,,,,,
102438465,38.0,1.0,0.0,0.0,0.0,25000.0,0.0,0.0,25000.0,,,,,,,
102438569,,,,,,,,,,,,,,,,
102439381,38.0,1.0,0.0,0.0,0.0,15000.0,0.0,0.0,15000.0,,,,,,,
102439444,38.0,1.0,0.0,0.0,0.0,150000.0,0.0,0.0,150000.0,,,,,,,
102441937,38.0,1.0,0.0,0.0,0.0,20000.0,0.0,0.0,20000.0,,,,,,,
102443133,38.0,1.0,0.0,0.0,0.0,20000.0,0.0,0.0,20000.0,,,,,,,
102443852,38.0,1.0,0.0,0.0,0.0,260000.0,0.0,0.0,260000.0,,,,,,,
102444010,,,,,,,,,,,,,,,,
102444752,,,,,,,,,,,,,,,,
102444887,38.0,1.0,0.0,0.0,0.0,30000.0,0.0,0.0,30000.0,,,,,,,
102445527,,,,,,,,,,,,,,,,
102445696,38.0,1.0,0.0,0.0,0.0,27000.0,0.0,0.0,27000.0,,,,,,,
102445728,,,,,,,,,,,,,,,,
102446414,,,,,,,,,,,,,,,,
102446441,38.0,1.0,0.0,0.0,0.0,12000.0,0.0,0.0,12000.0,,,,,,,
102446767,,,,,,,,,,,,,,,,
102447380,,,,,,,,,,,,,,,,
102447495,38.0,1.0,0.0,0.0,0.0,22000.0,0.0,0.0,22000.0,,,,,,,
102447663,,,,,,,,,,,,,,,,
102448607,,,,,,,,,,,,,,,,
102448795,38.0,1.0,0.0,0.0,0.0,250000.0,0.0,0.0,250000.0,,,,,,,
102449721,,,,,,,,,,,,,,,,
102450263,,,,,,,,,,,,,,,,
102450476,,,,,,,,,,,,,,,,
102451061,,,,,,,,,,,,,,,,
102451285,38.0,1.0,0.0,0.0,0.0,15000.0,0.0,0.0,15000.0,,,,,,,
102451369,,,,,,,,,,,,,,,,
102451816,,,,,,,,,,,,,,,,
102452115,,,,,,,,,,,,,,,,
102452249,38.0,1.0,0.0,0.0,0.0,2000.0,0.0,0.0,2000.0,,,,,,,
102452352,,,,,,,,,,,,,,,,
102452993,,,,,,,,,,,,,,,,
102453101,38.0,1.0,0.0,0.0,0.0,25000.0,0.0,0.0,25000.0,,,,,,,
102453169,,,,,,,,,,,,,,,,
102453949,,,,,,,,,,,,,,,,
102454641,,,,,,,,,,,,,,,,
102456594,,,,,,,,,,,,,,,,
102457248,,,,,,,,,,,,,,,,
102457511,,,,,,,,,,,,,,,,
102458406,,,,,,,,,,,,,,,,
102458501,,,,,,,,,,,,,,,,
102459165,,,,,,,,,,,,,,,,
102459229,,,,,,,,,,,,,,,,
102459345,,,,,,,,,,,,,,,,
102459873,,,,,,,,,,,,,,,,
102460186,,,,,,,,,,,,,,,,
102460919,,,,,,,,,,,,,,,,
102461741,,,,,,,,,,,,,,,,
102461790,38.0,1.0,0.0,0.0,0.0,20000.0,0.0,0.0,20000.0,,,,,,,
102461944,,,,,,,,,,,,,,,,
102462594,,,,,,,,,,,,,,,,
102462691,,,,,,,,,,,,,,,,
102463080,38.0,1.0,0.0,0.0,0.0,14000.0,0.0,0.0,14000.0,,,,,,,
102463357,,,,,,,,,,,,,,,,
102464031,,,,,,,,,,,,,,,,
102464638,,,,,,,,,,,,,,,,
102465309,,,,,,,,,,,,,,,,
102466565,,,,,,,,,,,,,,,,
102470176,,,,,,,,,,,,,,,,
102474250,,,,,,,,,,,,,,,,
102476123,,,,,,,,,,,,,,,,
102478004,,,,,,,,,,,,,,,,
102479496,,,,,,,,,,,,,,,,
102480512,,,,,,,,,,,,,,,,
102481991,38.0,1.0,0.0,0.0,0.0,50000.0,0.0,0.0,50000.0,,,,,,,
102482747,,,,,,,,,,,,,,,,
102974687,1769.0,4249.0,34839.0,0.0,0.0,0.0,0.0,0.0,34839.0,,,,,,,
102977694,0.0,0.0,0.0,0.0,0.0,52000.0,0.0,0.0,52000.0,,,,,,,
102977834,0.0,0.0,0.0,0.0,0.0,25000.0,0.0,0.0,25000.0,,,,,,,
102978227,,,,,,,,,,,,,,,,
102978366,,,,,,,,,,,,,,,,
102978522,,,,,,,,,,,,,,,,
102978645,,,,,,,,,,,,,,,,
102978780,,,,,,,,,,,,,,,,
102979038,,,,,,,,,,,,,,,,
102973373,1769.0,4249.0,78000.0,0.0,0.0,0.0,0.0,0.0,78000.0,,,,,,,
102973596,1769.0,4249.0,117000.0,0.0,0.0,0.0,0.0,0.0,117000.0,,,,,,,
102973833,1769.0,4249.0,290279.0,0.0,0.0,0.0,0.0,0.0,290279.0,,,,,,,
102974410,1769.0,4249.0,100000.0,0.0,0.0,0.0,0.0,0.0,100000.0,,,,,,,
102975154,1769.0,4249.0,200000.0,0.0,0.0,0.0,0.0,0.0,200000.0,,,,,,,
102975381,1769.0,4249.0,96839.0,0.0,0.0,0.0,0.0,0.0,96839.0,,,,,,,
102975565,1769.0,4249.0,60000.0,0.0,0.0,0.0,0.0,0.0,60000.0,,,,,,,
102975731,1769.0,4249.0,263279.0,0.0,0.0,0.0,0.0,0.0,263279.0,,,,,,,
102976510,1769.0,4211.0,0.0,0.0,0.0,450000.0,0.0,0.0,450000.0,,,,,,,
102976675,1769.0,4211.0,0.0,0.0,0.0,376824.0,0.0,0.0,376824.0,,,,,,,
102977029,1778.0,4250.0,0.0,0.0,0.0,350000.0,0.0,0.0,350000.0,,,,,,,
102977210,1778.0,4250.0,0.0,0.0,0.0,164032.0,0.0,0.0,164032.0,,,,,,,
102977375,1778.0,4250.0,0.0,0.0,0.0,300000.0,0.0,0.0,300000.0,,,,,,,
118752772,,,,,,,,,,,,,,,,
118753193,,,,,,,,,,,,,,,,
118753674,,,,,,,,,,,,,,,,
118754349,,,,,,,,,,,,,,,,
118754807,,,,,,,,,,,,,,,,
118756078,,,,,,,,,,,,,,,,
118756379,,,,,,,,,,,,,,,,
118757048,,,,,,,,,,,,,,,,
118757282,,,,,,,,,,,,,,,,
118757987,,,,,,,,,,,,,,,,
118758311,,,,,,,,,,,,,,,,
118758578,,,,,,,,,,,,,,,,
118759986,,,,,,,,,,,,,,,,
118760225,,,,,,,,,,,,,,,,
118760466,,,,,,,,,,,,,,,,
118760890,,,,,,,,,,,,,,,,
118761232,,,,,,,,,,,,,,,,
118761484,,,,,,,,,,,,,,,,
118761723,,,,,,,,,,,,,,,,
121545153,,,,,,,,,,,,,,,,
121545305,,,,,,,,,,,,,,,,
121545784,,,,,,,,,,,,,,,,
121546185,,,,,,,,,,,,,,,,
121546331,,,,,,,,,,,,,,,,
121546574,,,,,,,,,,,,,,,,
121546685,,,,,,,,,,,,,,,,
121546860,,,,,,,,,,,,,,,,
121547128,,,,,,,,,,,,,,,,
121547532,,,,,,,,,,,,,,,,
121547858,,,,,,,,,,,,,,,,
121548052,,,,,,,,,,,,,,,,
121548230,,,,,,,,,,,,,,,,
121548398,,,,,,,,,,,,,,,,
121548646,,,,,,,,,,,,,,,,
121548949,,,,,,,,,,,,,,,,
121549197,,,,,,,,,,,,,,,,
121549373,,,,,,,,,,,,,,,,
121549645,,,,,,,,,,,,,,,,
121549784,,,,,,,,,,,,,,,,
121550568,,,,,,,,,,,,,,,,
121550866,,,,,,,,,,,,,,,,
121551878,,,,,,,,,,,,,,,,
121552077,,,,,,,,,,,,,,,,
121552244,,,,,,,,,,,,,,,,
121552972,,,,,,,,,,,,,,,,
121553214,,,,,,,,,,,,,,,,
121553444,,,,,,,,,,,,,,,,
121553744,,,,,,,,,,,,,,,,
121553902,,,,,,,,,,,,,,,,
121554071,,,,,,,,,,,,,,,,
121554211,,,,,,,,,,,,,,,,
121554407,,,,,,,,,,,,,,,,
121554642,,,,,,,,,,,,,,,,
121554814,,,,,,,,,,,,,,,,
121555227,,,,,,,,,,,,,,,,
121555627,,,,,,,,,,,,,,,,
121556358,,,,,,,,,,,,,,,,
121556663,,,,,,,,,,,,,,,,
121556812,,,,,,,,,,,,,,,,
121556955,,,,,,,,,,,,,,,,
121557073,,,,,,,,,,,,,,,,
121557271,,,,,,,,,,,,,,,,
121557434,,,,,,,,,,,,,,,,
121557619,,,,,,,,,,,,,,,,
121557786,,,,,,,,,,,,,,,,
121557902,,,,,,,,,,,,,,,,
121558035,,,,,,,,,,,,,,,,
121558160,,,,,,,,,,,,,,,,
121558313,,,,,,,,,,,,,,,,
121558514,,,,,,,,,,,,,,,,
121558673,,,,,,,,,,,,,,,,
121558820,,,,,,,,,,,,,,,,
121559118,,,,,,,,,,,,,,,,
121559433,,,,,,,,,,,,,,,,
121559630,,,,,,,,,,,,,,,,
121559771,,,,,,,,,,,,,,,,
121559950,,,,,,,,,,,,,,,,
121560077,,,,,,,,,,,,,,,,
121560219,,,,,,,,,,,,,,,,
121560359,,,,,,,,,,,,,,,,
121560473,,,,,,,,,,,,,,,,
121560634,,,,,,,,,,,,,,,,
121560875,,,,,,,,,,,,,,,,
121561064,,,,,,,,,,,,,,,,
121561267,,,,,,,,,,,,,,,,
121561544,,,,,,,,,,,,,,,,
121561695,,,,,,,,,,,,,,,,
121561832,,,,,,,,,,,,,,,,
121561967,,,,,,,,,,,,,,,,
121840580,,,,,,,,,,,,,,,,
121840941,,,,,,,,,,,,,,,,
121841168,,,,,,,,,,,,,,,,
121841411,,,,,,,,,,,,,,,,
121841682,,,,,,,,,,,,,,,,
121842061,,,,,,,,,,,,,,,,
121842222,,,,,,,,,,,,,,,,
121842402,,,,,,,,,,,,,,,,
121842511,,,,,,,,,,,,,,,,
121842748,,,,,,,,,,,,,,,,
121842948,,,,,,,,,,,,,,,,
121843138,,,,,,,,,,,,,,,,
121843367,,,,,,,,,,,,,,,,
121843711,,,,,,,,,,,,,,,,
121843862,,,,,,,,,,,,,,,,
121844062,,,,,,,,,,,,,,,,
121844311,,,,,,,,,,,,,,,,
121844468,,,,,,,,,,,,,,,,
121844611,,,,,,,,,,,,,,,,
121844802,,,,,,,,,,,,,,,,
121844958,,,,,,,,,,,,,,,,
121949966,1769.0,4249.0,290000.0,0.0,0.0,0.0,0.0,0.0,290000.0,,,,,,,
121950169,1769.0,4249.0,35118.0,0.0,0.0,0.0,0.0,0.0,35118.0,,,,,,,
121955437,1769.0,4249.0,60000.0,0.0,0.0,0.0,0.0,0.0,60000.0,,,,,,,
121957684,1769.0,4211.0,0.0,0.0,0.0,26824.0,0.0,0.0,26824.0,,,,,,,
121958030,1778.0,4250.0,0.0,0.0,0.0,400000.0,0.0,0.0,400000.0,,,,,,,
121958542,0.0,0.0,0.0,0.0,0.0,31250.0,0.0,0.0,31250.0,,,,,,,
121958669,0.0,0.0,0.0,0.0,0.0,60000.0,0.0,0.0,60000.0,,,,,,,
121958800,0.0,0.0,0.0,0.0,0.0,9800.0,0.0,0.0,9800.0,,,,,,,
121959211,1013.0,2029.0,0.0,0.0,0.0,27250.0,0.0,0.0,27250.0,,,,,,,
121959381,1013.0,2029.0,0.0,0.0,0.0,8500.0,0.0,0.0,8500.0,,,,,,,
121959585,1013.0,2029.0,0.0,0.0,0.0,14700.0,0.0,0.0,14700.0,,,,,,,
121959732,1013.0,2029.0,0.0,0.0,0.0,42600.0,0.0,0.0,42600.0,,,,,,,
121959959,1013.0,2029.0,0.0,0.0,0.0,42600.0,0.0,0.0,42600.0,,,,,,,
121960091,1013.0,2029.0,0.0,0.0,0.0,9500.0,0.0,0.0,9500.0,,,,,,,
121960176,1013.0,2029.0,0.0,0.0,0.0,2500.0,0.0,0.0,2500.0,,,,,,,
121960292,1013.0,2029.0,0.0,0.0,0.0,9500.0,0.0,0.0,9500.0,,,,,,,
121960380,1013.0,2029.0,0.0,0.0,0.0,300000.0,0.0,0.0,300000.0,,,,,,,
121960591,1013.0,2029.0,0.0,0.0,0.0,7500.0,0.0,0.0,7500.0,,,,,,,
121960748,1013.0,2029.0,0.0,0.0,0.0,110500.0,0.0,0.0,110500.0,,,,,,,
121960962,1013.0,2029.0,0.0,0.0,0.0,62375.0,0.0,0.0,62375.0,,,,,,,
121961027,1013.0,2029.0,0.0,0.0,0.0,9000.0,0.0,0.0,9000.0,,,,,,,
121961223,1013.0,2029.0,0.0,0.0,0.0,150000.0,0.0,0.0,150000.0,,,,,,,
121961849,,,,,,,,,,,,,,,,
121962026,38.0,1.0,0.0,0.0,0.0,500000.0,0.0,0.0,500000.0,,,,,,,
121962085,38.0,1.0,0.0,0.0,0.0,500000.0,0.0,0.0,500000.0,,,,,,,
121962128,38.0,1.0,0.0,0.0,0.0,200000.0,0.0,0.0,200000.0,,,,,,,
121962178,38.0,1.0,0.0,0.0,0.0,300000.0,0.0,0.0,300000.0,,,,,,,
121962250,38.0,1.0,0.0,0.0,0.0,1000000.0,0.0,0.0,1000000.0,,,,,,,
121962301,38.0,1.0,0.0,0.0,0.0,500000.0,0.0,0.0,500000.0,,,,,,,
121962431,38.0,1.0,0.0,0.0,0.0,300000.0,0.0,0.0,300000.0,,,,,,,
128589602,1769.0,4249.0,560118.0,0.0,0.0,0.0,0.0,0.0,560118.0,,,,,,,
128589625,1769.0,4249.0,100000.0,0.0,0.0,0.0,0.0,0.0,100000.0,,,,,,,
121949644,1769.0,4249.0,78000.0,0.0,0.0,0.0,0.0,0.0,78000.0,,,,,,,
121949785,1769.0,4249.0,117000.0,0.0,0.0,0.0,0.0,0.0,117000.0,,,,,,,
121957376,1769.0,4211.0,0.0,0.0,0.0,300000.0,0.0,0.0,300000.0,,,,,,,
121957497,1769.0,4211.0,0.0,0.0,0.0,500000.0,0.0,0.0,500000.0,,,,,,,
121958109,1778.0,4250.0,0.0,0.0,0.0,200000.0,0.0,0.0,200000.0,,,,,,,
121958270,1778.0,4250.0,0.0,0.0,0.0,214032.0,0.0,0.0,214032.0,,,,,,,
121950340,1769.0,4249.0,100000.0,0.0,0.0,0.0,0.0,0.0,100000.0,100000.0,0.0,0.0,0.0,0.0,0.0,
121950742,1769.0,4249.0,150000.0,0.0,0.0,0.0,0.0,0.0,150000.0,150000.0,0.0,0.0,0.0,0.0,0.0,
121955319,1769.0,4249.0,80118.0,0.0,0.0,0.0,0.0,0.0,80118.0,80118.0,0.0,0.0,0.0,0.0,0.0,
121956206,1769.0,4249.0,330000.0,0.0,0.0,0.0,0.0,0.0,330000.0,330000.0,0.0,0.0,0.0,0.0,0.0,
44022548,1769.0,4211.0,0.0,0.0,0.0,19200.0,0.0,0.0,19200.0,,,,,,,
44022789,1769.0,4211.0,0.0,0.0,0.0,20000.0,0.0,0.0,20000.0,,,,,,,
52846425,1769.0,4211.0,0.0,0.0,0.0,160000.0,0.0,0.0,160000.0,,,,,,,
66070661,1518.0,3880.0,0.0,0.0,0.0,7050909.0,0.0,0.0,7050909.0,,,,,,,
66070750,1769.0,4249.0,244660.0,0.0,0.0,0.0,0.0,0.0,244660.0,,,,,,,
66070773,1769.0,4211.0,0.0,0.0,0.0,244660.0,0.0,0.0,244660.0,,,,,,,
66070790,1778.0,4250.0,0.0,0.0,0.0,162806.0,0.0,0.0,162806.0,,,,,,,
44022484,1769.0,4249.0,160000.0,0.0,0.0,0.0,0.0,0.0,160000.0,,,,,,,
44022602,1769.0,4211.0,0.0,0.0,0.0,6000.0,0.0,0.0,6000.0,,,,,,,
44022619,1769.0,4211.0,0.0,0.0,0.0,60000.0,0.0,0.0,60000.0,,,,,,,
44022668,1769.0,4249.0,100000.0,0.0,0.0,0.0,0.0,0.0,100000.0,,,,,,,
44022696,1769.0,4249.0,234633.0,0.0,0.0,0.0,0.0,0.0,234633.0,,,,,,,
44022719,1769.0,4249.0,128679.0,0.0,0.0,0.0,0.0,0.0,128679.0,,,,,,,
44022741,1769.0,4211.0,0.0,0.0,0.0,121321.0,0.0,0.0,121321.0,,,,,,,
44022755,1769.0,4211.0,0.0,0.0,0.0,100000.0,0.0,0.0,100000.0,,,,,,,
44022767,1769.0,4211.0,0.0,0.0,0.0,100000.0,0.0,0.0,100000.0,,,,,,,
44022775,1769.0,4211.0,0.0,0.0,0.0,200000.0,0.0,0.0,200000.0,,,,,,,
44022784,1769.0,4211.0,0.0,0.0,0.0,100000.0,0.0,0.0,100000.0,,,,,,,
44022798,1769.0,4211.0,0.0,0.0,0.0,236791.0,0.0,0.0,236791.0,,,,,,,
44022808,1778.0,4250.0,0.0,0.0,0.0,150000.0,0.0,0.0,150000.0,,,,,,,
44022832,1778.0,4250.0,0.0,0.0,0.0,150000.0,0.0,0.0,150000.0,,,,,,,
44022847,1778.0,4250.0,0.0,0.0,0.0,190000.0,0.0,0.0,190000.0,,,,,,,
44022861,1778.0,4250.0,0.0,0.0,0.0,56000.0,0.0,0.0,56000.0,,,,,,,
44022870,1778.0,4250.0,0.0,0.0,0.0,218032.0,0.0,0.0,218032.0,,,,,,,
44022883,1778.0,4250.0,0.0,0.0,0.0,50000.0,0.0,0.0,50000.0,,,,,,,
52846250,1769.0,4249.0,100000.0,0.0,0.0,0.0,0.0,0.0,100000.0,,,,,,,
52846339,1769.0,4249.0,400000.0,0.0,0.0,0.0,0.0,0.0,400000.0,,,,,,,
66070565,1769.0,4249.0,100000.0,0.0,0.0,0.0,0.0,0.0,100000.0,,,,,,,
66070594,1769.0,4211.0,0.0,0.0,0.0,100000.0,0.0,0.0,100000.0,,,,,,,
44022587,1769.0,4211.0,0.0,0.0,0.0,100000.0,0.0,0.0,100000.0,0.0,0.0,0.0,100000.0,0.0,0.0,
44022634,1769.0,4249.0,100000.0,0.0,0.0,0.0,0.0,0.0,100000.0,100000.0,0.0,0.0,0.0,0.0,0.0,
44022650,1769.0,4249.0,100000.0,0.0,0.0,0.0,0.0,0.0,100000.0,100000.0,0.0,0.0,0.0,0.0,0.0,
44022682,1769.0,4211.0,0.0,0.0,0.0,160000.0,0.0,0.0,160000.0,0.0,0.0,0.0,160000.0,0.0,0.0,
44022712,1769.0,4249.0,150000.0,0.0,0.0,0.0,0.0,0.0,150000.0,150000.0,0.0,0.0,0.0,0.0,0.0,
44022727,1769.0,4249.0,150000.0,0.0,0.0,0.0,0.0,0.0,150000.0,150000.0,0.0,0.0,0.0,0.0,0.0,
44023011,1769.0,4249.0,100000.0,0.0,0.0,0.0,0.0,0.0,100000.0,100000.0,0.0,0.0,0.0,0.0,0.0,
55269673,1769.0,4211.0,0.0,0.0,0.0,239130.0,0.0,0.0,239130.0,,,,,,,
55269695,1769.0,4211.0,0.0,0.0,0.0,239130.0,0.0,0.0,239130.0,,,,,,,
55269724,1769.0,4249.0,52867.0,0.0,0.0,0.0,0.0,0.0,52867.0,,,,,,,
55269749,1769.0,4249.0,52867.0,0.0,0.0,0.0,0.0,0.0,52867.0,,,,,,,
54757869,1769.0,4249.0,276630.0,0.0,0.0,0.0,0.0,0.0,276630.0,,,,,,,
54758005,1769.0,4249.0,282159.0,0.0,0.0,0.0,0.0,0.0,282159.0,,,,,,,
54758039,1769.0,4211.0,0.0,0.0,0.0,600000.0,0.0,0.0,600000.0,,,,,,,
54758087,1769.0,4211.0,0.0,0.0,0.0,145052.0,0.0,0.0,145052.0,,,,,,,
54758155,1778.0,4250.0,0.0,0.0,0.0,214032.0,0.0,0.0,214032.0,,,,,,,
54758235,1778.0,4250.0,0.0,0.0,0.0,200000.0,0.0,0.0,200000.0,,,,,,,
54758281,1778.0,4250.0,0.0,0.0,0.0,200000.0,0.0,0.0,200000.0,,,,,,,
54758315,1778.0,4250.0,0.0,0.0,0.0,200000.0,0.0,0.0,200000.0,,,,,,,
66071033,1769.0,4249.0,558789.0,0.0,0.0,0.0,0.0,0.0,558789.0,,,,,,,
54757828,1769.0,4249.0,558789.0,0.0,0.0,0.0,0.0,0.0,558789.0,558789.0,0.0,0.0,0.0,0.0,0.0,
60104110,0.0,0.0,0.0,0.0,0.0,45385.0,0.0,0.0,45385.0,,,,,,,
60105170,1769.0,4249.0,155444.0,0.0,0.0,0.0,0.0,0.0,155444.0,,,,,,,
60105431,1769.0,4249.0,155444.0,0.0,0.0,0.0,0.0,0.0,155444.0,,,,,,,
60105698,1769.0,4211.0,0.0,0.0,0.0,207262.0,0.0,0.0,207262.0,,,,,,,
65351635,1769.0,4249.0,182541.0,0.0,0.0,0.0,0.0,0.0,182541.0,,,,,,,
65351656,1769.0,4249.0,100000.0,0.0,0.0,0.0,0.0,0.0,100000.0,,,,,,,
65351675,1769.0,4249.0,96000.0,0.0,0.0,0.0,0.0,0.0,96000.0,,,,,,,
65351701,1769.0,4249.0,200000.0,0.0,0.0,0.0,0.0,0.0,200000.0,,,,,,,
65351718,1769.0,4249.0,200000.0,0.0,0.0,0.0,0.0,0.0,200000.0,,,,,,,
65351733,1769.0,4249.0,200000.0,0.0,0.0,0.0,0.0,0.0,200000.0,,,,,,,
65351749,1769.0,4249.0,178542.0,0.0,0.0,0.0,0.0,0.0,178542.0,,,,,,,
65351766,1769.0,4211.0,0.0,0.0,0.0,150000.0,0.0,0.0,150000.0,,,,,,,
65351853,1769.0,4211.0,0.0,0.0,0.0,50000.0,0.0,0.0,50000.0,,,,,,,
65351888,1769.0,4211.0,0.0,0.0,0.0,200000.0,0.0,0.0,200000.0,,,,,,,
65351904,1769.0,4211.0,0.0,0.0,0.0,321389.0,0.0,0.0,321389.0,,,,,,,
65351915,1769.0,4211.0,0.0,0.0,0.0,50000.0,0.0,0.0,50000.0,,,,,,,
65351930,1778.0,4250.0,0.0,0.0,0.0,160271.0,0.0,0.0,160271.0,,,,,,,
65351946,1778.0,4250.0,0.0,0.0,0.0,453809.0,0.0,0.0,453809.0,,,,,,,
65351969,1778.0,4250.0,0.0,0.0,0.0,200000.0,0.0,0.0,200000.0,,,,,,,
69917365,0.0,0.0,0.0,0.0,0.0,100000.0,0.0,0.0,100000.0,,,,,,,
75455654,,,,,,,,,,,,,,,,
75455883,,,,,,,,,,,,,,,,
75456664,,,,,,,,,,,,,,,,
75457082,,,,,,,,,,,,,,,,
75457545,,,,,,,,,,,,,,,,
75457755,,,,,,,,,,,,,,,,
75458221,,,,,,,,,,,,,,,,
75459045,,,,,,,,,,,,,,,,
75459583,,,,,,,,,,,,,,,,
75459781,,,,,,,,,,,,,,,,
75459962,,,,,,,,,,,,,,,,
75460200,,,,,,,,,,,,,,,,
75460436,,,,,,,,,,,,,,,,
75460865,,,,,,,,,,,,,,,,
75464054,,,,,,,,,,,,,,,,
75464853,,,,,,,,,,,,,,,,
75465217,,,,,,,,,,,,,,,,
75465593,,,,,,,,,,,,,,,,
75465950,,,,,,,,,,,,,,,,
75466192,,,,,,,,,,,,,,,,
75466470,,,,,,,,,,,,,,,,
75466984,,,,,,,,,,,,,,,,
75467275,,,,,,,,,,,,,,,,
75468014,,,,,,,,,,,,,,,,
75477533,,,,,,,,,,,,,,,,
75478046,,,,,,,,,,,,,,,,
75479686,0.0,0.0,0.0,0.0,0.0,20.0,0.0,0.0,20.0,,,,,,,
75480282,,,,,,,,,,,,,,,,
75481573,,,,,,,,,,,,,,,,
75481911,,,,,,,,,,,,,,,,
75482162,,,,,,,,,,,,,,,,
75482461,,,,,,,,,,,,,,,,
75482874,,,,,,,,,,,,,,,,
75483319,,,,,,,,,,,,,,,,
75483839,,,,,,,,,,,,,,,,
75484220,,,,,,,,,,,,,,,,
75485640,,,,,,,,,,,,,,,,
75498477,,,,,,,,,,,,,,,,
75498778,,,,,,,,,,,,,,,,
75499054,,,,,,,,,,,,,,,,
75499474,,,,,,,,,,,,,,,,
75499654,,,,,,,,,,,,,,,,
75500758,,,,,,,,,,,,,,,,
75500916,,,,,,,,,,,,,,,,
75501174,,,,,,,,,,,,,,,,
76246310,,,,,,,,,,,,,,,,
76249972,,,,,,,,,,,,,,,,
76254032,,,,,,,,,,,,,,,,
76256920,,,,,,,,,,,,,,,,
76260456,,,,,,,,,,,,,,,,
76265677,,,,,,,,,,,,,,,,
76265678,,,,,,,,,,,,,,,,
76269640,,,,,,,,,,,,,,,,
76271453,,,,,,,,,,,,,,,,
76275634,,,,,,,,,,,,,,,,
76278387,,,,,,,,,,,,,,,,
76279734,,,,,,,,,,,,,,,,
76309784,,,,,,,,,,,,,,,,
76312410,,,,,,,,,,,,,,,,
76312901,,,,,,,,,,,,,,,,
76349337,,,,,,,,,,,,,,,,
76350783,,,,,,,,,,,,,,,,
76352865,,,,,,,,,,,,,,,,
76355165,,,,,,,,,,,,,,,,
76357037,,,,,,,,,,,,,,,,
76357950,,,,,,,,,,,,,,,,
76360273,,,,,,,,,,,,,,,,
76367258,,,,,,,,,,,,,,,,
76386694,,,,,,,,,,,,,,,,
76388028,,,,,,,,,,,,,,,,
76390362,,,,,,,,,,,,,,,,
76392812,,,,,,,,,,,,,,,,
76394478,,,,,,,,,,,,,,,,
76396583,,,,,,,,,,,,,,,,
76397637,,,,,,,,,,,,,,,,
76399540,,,,,,,,,,,,,,,,
76400809,,,,,,,,,,,,,,,,
76402246,,,,,,,,,,,,,,,,
76403386,,,,,,,,,,,,,,,,
76405064,,,,,,,,,,,,,,,,
76442140,,,,,,,,,,,,,,,,
76444742,,,,,,,,,,,,,,,,
76445378,,,,,,,,,,,,,,,,
76445724,,,,,,,,,,,,,,,,
76446110,,,,,,,,,,,,,,,,
76446182,,,,,,,,,,,,,,,,
76446553,,,,,,,,,,,,,,,,
76446803,,,,,,,,,,,,,,,,
76447032,,,,,,,,,,,,,,,,
76447396,,,,,,,,,,,,,,,,
76951751,38.0,1.0,0.0,0.0,0.0,250000.0,0.0,0.0,250000.0,,,,,,,
77533068,,,,,,,,,,,,,,,,
77538462,,,,,,,,,,,,,,,,
77541948,,,,,,,,,,,,,,,,
77542787,,,,,,,,,,,,,,,,
77543860,,,,,,,,,,,,,,,,
77544569,,,,,,,,,,,,,,,,
77599524,,,,,,,,,,,,,,,,
77606380,,,,,,,,,,,,,,,,
77802669,,,,,,,,,,,,,,,,
77804793,,,,,,,,,,,,,,,,
77806083,,,,,,,,,,,,,,,,
77808155,,,,,,,,,,,,,,,,
77809831,,,,,,,,,,,,,,,,
77849903,,,,,,,,,,,,,,,,
77851902,,,,,,,,,,,,,,,,
77853223,,,,,,,,,,,,,,,,
77855017,,,,,,,,,,,,,,,,
77856121,,,,,,,,,,,,,,,,
77856823,,,,,,,,,,,,,,,,
77857919,,,,,,,,,,,,,,,,
77859955,38.0,1.0,0.0,0.0,0.0,1000000.0,0.0,0.0,1000000.0,,,,,,,
77866939,38.0,1.0,0.0,0.0,0.0,1000000.0,0.0,0.0,1000000.0,,,,,,,
77867474,38.0,1.0,0.0,0.0,0.0,1000000.0,0.0,0.0,1000000.0,,,,,,,
77869836,38.0,1.0,0.0,0.0,0.0,1000000.0,0.0,0.0,1000000.0,,,,,,,
77870203,38.0,1.0,0.0,0.0,0.0,1000000.0,0.0,0.0,1000000.0,,,,,,,
77870536,38.0,1.0,0.0,0.0,0.0,1000000.0,0.0,0.0,1000000.0,,,,,,,
77873480,38.0,1.0,0.0,0.0,0.0,1000000.0,0.0,0.0,1000000.0,,,,,,,
77874134,38.0,1.0,0.0,0.0,0.0,1000000.0,0.0,0.0,1000000.0,,,,,,,
77874426,38.0,1.0,0.0,0.0,0.0,1000000.0,0.0,0.0,1000000.0,,,,,,,
77874805,38.0,1.0,0.0,0.0,0.0,6417500.0,0.0,0.0,6417500.0,,,,,,,
77874957,38.0,1.0,0.0,0.0,0.0,600000.0,0.0,0.0,600000.0,,,,,,,
77875062,38.0,1.0,0.0,0.0,0.0,600000.0,0.0,0.0,600000.0,,,,,,,
77937011,38.0,1.0,0.0,0.0,0.0,1000000.0,0.0,0.0,1000000.0,,,,,,,
77941953,,,,,,,,,,,,,,,,
77946183,38.0,1.0,0.0,0.0,0.0,500000.0,0.0,0.0,500000.0,,,,,,,
77948356,38.0,1.0,0.0,0.0,0.0,500000.0,0.0,0.0,500000.0,,,,,,,
77951074,38.0,1.0,0.0,0.0,0.0,500000.0,0.0,0.0,500000.0,,,,,,,
77953022,38.0,1.0,0.0,0.0,0.0,500000.0,0.0,0.0,500000.0,,,,,,,
77955714,38.0,1.0,0.0,0.0,0.0,500000.0,0.0,0.0,500000.0,,,,,,,
77958266,38.0,1.0,0.0,0.0,0.0,500000.0,0.0,0.0,500000.0,,,,,,,
77960312,38.0,1.0,0.0,0.0,0.0,500000.0,0.0,0.0,500000.0,,,,,,,
77966817,38.0,1.0,0.0,0.0,0.0,1000000.0,0.0,0.0,1000000.0,,,,,,,
77968913,38.0,1.0,0.0,0.0,0.0,1000000.0,0.0,0.0,1000000.0,,,,,,,
77972658,38.0,1.0,0.0,0.0,0.0,1000000.0,0.0,0.0,1000000.0,,,,,,,
77987006,38.0,1.0,0.0,0.0,0.0,1000000.0,0.0,0.0,1000000.0,,,,,,,
77991425,38.0,1.0,0.0,0.0,0.0,1000000.0,0.0,0.0,1000000.0,,,,,,,
77999024,38.0,1.0,0.0,0.0,0.0,1000000.0,0.0,0.0,1000000.0,,,,,,,
78003217,38.0,1.0,0.0,0.0,0.0,1000000.0,0.0,0.0,1000000.0,,,,,,,
78007531,38.0,1.0,0.0,0.0,0.0,1000000.0,0.0,0.0,1000000.0,,,,,,,
78010014,38.0,1.0,0.0,0.0,0.0,1000000.0,0.0,0.0,1000000.0,,,,,,,
78012373,38.0,1.0,0.0,0.0,0.0,1000000.0,0.0,0.0,1000000.0,,,,,,,
78014585,38.0,1.0,0.0,0.0,0.0,1000000.0,0.0,0.0,1000000.0,,,,,,,
78017233,38.0,1.0,0.0,0.0,0.0,1000000.0,0.0,0.0,1000000.0,,,,,,,
78027779,38.0,1.0,0.0,0.0,0.0,1000000.0,0.0,0.0,1000000.0,,,,,,,
78030342,38.0,1.0,0.0,0.0,0.0,1000000.0,0.0,0.0,1000000.0,,,,,,,
78035379,38.0,1.0,0.0,0.0,0.0,1000000.0,0.0,0.0,1000000.0,,,,,,,
78093417,38.0,1.0,0.0,0.0,0.0,1000000.0,0.0,0.0,1000000.0,,,,,,,
78096874,38.0,1.0,0.0,0.0,0.0,1000000.0,0.0,0.0,1000000.0,,,,,,,
78099308,38.0,1.0,0.0,0.0,0.0,1000000.0,0.0,0.0,1000000.0,,,,,,,
78110710,38.0,1.0,0.0,0.0,0.0,1000000.0,0.0,0.0,1000000.0,,,,,,,
78113514,38.0,1.0,0.0,0.0,0.0,1000000.0,0.0,0.0,1000000.0,,,,,,,
78116863,38.0,1.0,0.0,0.0,0.0,1000000.0,0.0,0.0,1000000.0,,,,,,,
78118895,38.0,1.0,0.0,0.0,0.0,1000000.0,0.0,0.0,1000000.0,,,,,,,
78124130,38.0,1.0,0.0,0.0,0.0,500000.0,0.0,0.0,500000.0,,,,,,,
78127429,38.0,1.0,0.0,0.0,0.0,500000.0,0.0,0.0,500000.0,,,,,,,
78129623,38.0,1.0,0.0,0.0,0.0,500000.0,0.0,0.0,500000.0,,,,,,,
78133461,38.0,1.0,0.0,0.0,0.0,500000.0,0.0,0.0,500000.0,,,,,,,
78135995,38.0,1.0,0.0,0.0,0.0,500000.0,0.0,0.0,500000.0,,,,,,,
78140088,38.0,1.0,0.0,0.0,0.0,500000.0,0.0,0.0,500000.0,,,,,,,
78143397,38.0,1.0,0.0,0.0,0.0,500000.0,0.0,0.0,500000.0,,,,,,,
78185665,38.0,1.0,0.0,0.0,0.0,100000.0,0.0,0.0,100000.0,,,,,,,
78188056,38.0,1.0,0.0,0.0,0.0,1000000.0,0.0,0.0,1000000.0,,,,,,,
78236260,38.0,1.0,0.0,0.0,0.0,60000.0,0.0,0.0,60000.0,,,,,,,
78237167,38.0,1.0,0.0,0.0,0.0,100000.0,0.0,0.0,100000.0,,,,,,,
78237594,38.0,1.0,0.0,0.0,0.0,100000.0,0.0,0.0,100000.0,,,,,,,
78238037,38.0,1.0,0.0,0.0,0.0,100000.0,0.0,0.0,100000.0,,,,,,,
78238533,0.0,0.0,0.0,0.0,0.0,11700.0,0.0,0.0,11700.0,,,,,,,
78238853,0.0,0.0,0.0,0.0,0.0,12000.0,0.0,0.0,12000.0,,,,,,,
78239485,38.0,1.0,0.0,0.0,0.0,200000.0,0.0,0.0,200000.0,,,,,,,
78239975,38.0,1.0,0.0,0.0,0.0,200000.0,0.0,0.0,200000.0,,,,,,,
78240704,0.0,0.0,0.0,0.0,0.0,12000.0,0.0,0.0,12000.0,,,,,,,
78241345,0.0,0.0,0.0,0.0,0.0,30.0,0.0,0.0,30.0,,,,,,,
78461519,,,,,,,,,,,,,,,,
78462009,,,,,,,,,,,,,,,,
78462492,,,,,,,,,,,,,,,,
78470758,,,,,,,,,,,,,,,,
78470983,,,,,,,,,,,,,,,,
78471252,,,,,,,,,,,,,,,,
78472057,,,,,,,,,,,,,,,,
78472355,,,,,,,,,,,,,,,,
78473174,,,,,,,,,,,,,,,,
78473315,,,,,,,,,,,,,,,,
78473567,,,,,,,,,,,,,,,,
78473759,,,,,,,,,,,,,,,,
78474059,,,,,,,,,,,,,,,,
78474222,,,,,,,,,,,,,,,,
78474456,,,,,,,,,,,,,,,,
69830257,1769.0,4249.0,70000.0,0.0,0.0,0.0,0.0,0.0,70000.0,,,,,,,
69830937,1769.0,4249.0,70000.0,0.0,0.0,0.0,0.0,0.0,70000.0,,,,,,,
69832252,1769.0,4249.0,50000.0,0.0,0.0,0.0,0.0,0.0,50000.0,,,,,,,
69833121,1769.0,4249.0,70000.0,0.0,0.0,0.0,0.0,0.0,70000.0,,,,,,,
69837279,1769.0,4249.0,50000.0,0.0,0.0,0.0,0.0,0.0,50000.0,,,,,,,
69839770,1769.0,4249.0,50000.0,0.0,0.0,0.0,0.0,0.0,50000.0,,,,,,,
69842037,1769.0,4249.0,127279.0,0.0,0.0,0.0,0.0,0.0,127279.0,,,,,,,
69843001,1769.0,4249.0,48000.0,0.0,0.0,0.0,0.0,0.0,48000.0,,,,,,,
69844072,1769.0,4249.0,75000.0,0.0,0.0,0.0,0.0,0.0,75000.0,,,,,,,
69844889,1769.0,4249.0,75000.0,0.0,0.0,0.0,0.0,0.0,75000.0,,,,,,,
69853407,1769.0,4249.0,100000.0,0.0,0.0,0.0,0.0,0.0,100000.0,,,,,,,
69854522,1769.0,4249.0,200000.0,0.0,0.0,0.0,0.0,0.0,200000.0,,,,,,,
69860405,1769.0,4249.0,135279.0,0.0,0.0,0.0,0.0,0.0,135279.0,,,,,,,
69898097,1769.0,4211.0,0.0,0.0,0.0,200000.0,0.0,0.0,200000.0,,,,,,,
69908746,1769.0,4211.0,0.0,0.0,0.0,12000.0,0.0,0.0,12000.0,,,,,,,
69910003,1769.0,4211.0,0.0,0.0,0.0,73279.0,0.0,0.0,73279.0,,,,,,,
78438619,1769.0,4249.0,50000.0,0.0,0.0,0.0,0.0,0.0,50000.0,,,,,,,
78447588,1769.0,4211.0,0.0,0.0,0.0,195093.0,0.0,0.0,195093.0,,,,,,,
78448665,1778.0,4250.0,0.0,0.0,0.0,200000.0,0.0,0.0,200000.0,,,,,,,
78449148,1778.0,4250.0,0.0,0.0,0.0,150000.0,0.0,0.0,150000.0,,,,,,,
78450132,1778.0,4250.0,0.0,0.0,0.0,161085.0,0.0,0.0,161085.0,,,,,,,
78453646,1778.0,4250.0,0.0,0.0,0.0,100000.0,0.0,0.0,100000.0,,,,,,,
78465024,1769.0,4211.0,0.0,0.0,0.0,300000.0,0.0,0.0,300000.0,,,,,,,
78466235,1778.0,4250.0,0.0,0.0,0.0,100000.0,0.0,0.0,100000.0,,,,,,,
78466559,1778.0,4250.0,0.0,0.0,0.0,103695.0,0.0,0.0,103695.0,,,,,,,
93755372,,,,,,,,,,,,,,,,
99155011,,,,,,,,,,,,,,,,
99155810,,,,,,,,,,,,,,,,
99157465,,,,,,,,,,,,,,,,
99158943,,,,,,,,,,,,,,,,
99161856,,,,,,,,,,,,,,,,
99163899,0.0,0.0,0.0,0.0,0.0,23500.0,0.0,0.0,23500.0,,,,,,,
99174669,,,,,,,,,,,,,,,,
99176129,,,,,,,,,,,,,,,,
99176677,0.0,0.0,0.0,0.0,0.0,1000.0,0.0,0.0,1000.0,,,,,,,
99177337,0.0,0.0,0.0,0.0,0.0,100.0,0.0,0.0,100.0,,,,,,,
99210566,,,,,,,,,,,,,,,,
99213378,,,,,,,,,,,,,,,,
99213748,,,,,,,,,,,,,,,,
99213936,,,,,,,,,,,,,,,,
99214200,,,,,,,,,,,,,,,,
99214600,,,,,,,,,,,,,,,,
99359239,,,,,,,,,,,,,,,,
100270945,,,,,,,,,,,,,,,,
100578945,,,,,,,,,,,,,,,,
101974284,,,,,,,,,,,,,,,,
101975873,,,,,,,,,,,,,,,,
101983020,,,,,,,,,,,,,,,,
101984720,,,,,,,,,,,,,,,,
101986224,,,,,,,,,,,,,,,,
101987325,,,,,,,,,,,,,,,,
101989485,,,,,,,,,,,,,,,,
102901334,,,,,,,,,,,,,,,,
102902663,,,,,,,,,,,,,,,,
102904540,,,,,,,,,,,,,,,,
102905636,,,,,,,,,,,,,,,,
102907510,,,,,,,,,,,,,,,,
102908497,,,,,,,,,,,,,,,,
102911235,,,,,,,,,,,,,,,,
102912027,,,,,,,,,,,,,,,,
102914365,,,,,,,,,,,,,,,,
102915382,,,,,,,,,,,,,,,,
102917669,,,,,,,,,,,,,,,,
102918916,,,,,,,,,,,,,,,,
102922165,,,,,,,,,,,,,,,,
102923192,0.0,0.0,0.0,0.0,0.0,48000.0,0.0,0.0,48000.0,,,,,,,
102934146,0.0,0.0,0.0,0.0,0.0,7000.0,0.0,0.0,7000.0,,,,,,,
102937022,0.0,0.0,0.0,0.0,0.0,7000.0,0.0,0.0,7000.0,,,,,,,
102939652,0.0,0.0,0.0,0.0,0.0,2000.0,0.0,0.0,2000.0,,,,,,,
102941112,0.0,0.0,0.0,0.0,0.0,5000.0,0.0,0.0,5000.0,,,,,,,
102946547,,,,,,,,,,,,,,,,
102948831,,,,,,,,,,,,,,,,
102950612,,,,,,,,,,,,,,,,
102951470,,,,,,,,,,,,,,,,
102952219,,,,,,,,,,,,,,,,
102952895,,,,,,,,,,,,,,,,
102953287,,,,,,,,,,,,,,,,
102953818,,,,,,,,,,,,,,,,
102954516,,,,,,,,,,,,,,,,
102954584,,,,,,,,,,,,,,,,
102955377,,,,,,,,,,,,,,,,
102955420,,,,,,,,,,,,,,,,
102956295,,,,,,,,,,,,,,,,
102956362,,,,,,,,,,,,,,,,
102956984,,,,,,,,,,,,,,,,
102957778,,,,,,,,,,,,,,,,
102957978,,,,,,,,,,,,,,,,
102959720,,,,,,,,,,,,,,,,
102960058,,,,,,,,,,,,,,,,
102960957,,,,,,,,,,,,,,,,
102961200,,,,,,,,,,,,,,,,
102962039,,,,,,,,,,,,,,,,
102962586,,,,,,,,,,,,,,,,
102962692,,,,,,,,,,,,,,,,
102962976,,,,,,,,,,,,,,,,
102963556,,,,,,,,,,,,,,,,
102963875,,,,,,,,,,,,,,,,
102964069,,,,,,,,,,,,,,,,
102964663,,,,,,,,,,,,,,,,
102965535,,,,,,,,,,,,,,,,
102965694,,,,,,,,,,,,,,,,
102966312,,,,,,,,,,,,,,,,
102966603,,,,,,,,,,,,,,,,
102973194,,,,,,,,,,,,,,,,
102973670,,,,,,,,,,,,,,,,
102974240,,,,,,,,,,,,,,,,
102974591,,,,,,,,,,,,,,,,
102975631,,,,,,,,,,,,,,,,
102976601,,,,,,,,,,,,,,,,
99362422,1769.0,4249.0,140000.0,0.0,0.0,0.0,0.0,0.0,140000.0,,,,,,,
99363994,1769.0,4249.0,100118.0,0.0,0.0,0.0,0.0,0.0,100118.0,,,,,,,
99364748,1769.0,4249.0,190000.0,0.0,0.0,0.0,0.0,0.0,190000.0,,,,,,,
99365782,1769.0,4211.0,0.0,0.0,0.0,100000.0,0.0,0.0,100000.0,,,,,,,
99368323,1769.0,4249.0,30000.0,0.0,0.0,0.0,0.0,0.0,30000.0,,,,,,,
99368969,1769.0,4249.0,60000.0,0.0,0.0,0.0,0.0,0.0,60000.0,,,,,,,
99369729,1769.0,4249.0,63000.0,0.0,0.0,0.0,0.0,0.0,63000.0,,,,,,,
99370405,1769.0,4249.0,40000.0,0.0,0.0,0.0,0.0,0.0,40000.0,,,,,,,
99481915,1769.0,4249.0,70000.0,0.0,0.0,0.0,0.0,0.0,70000.0,,,,,,,
100074736,1769.0,4211.0,0.0,0.0,0.0,200000.0,0.0,0.0,200000.0,,,,,,,
100076092,1769.0,4211.0,0.0,0.0,0.0,150000.0,0.0,0.0,150000.0,,,,,,,
100077382,1769.0,4211.0,0.0,0.0,0.0,100000.0,0.0,0.0,100000.0,,,,,,,
100203720,1769.0,4211.0,0.0,0.0,0.0,76824.0,0.0,0.0,76824.0,,,,,,,
100205302,1769.0,4211.0,0.0,0.0,0.0,100000.0,0.0,0.0,100000.0,,,,,,,
100210171,1769.0,4249.0,100000.0,0.0,0.0,0.0,0.0,0.0,100000.0,,,,,,,
100211323,1769.0,4211.0,0.0,0.0,0.0,100000.0,0.0,0.0,100000.0,,,,,,,
100213678,1778.0,4250.0,0.0,0.0,0.0,100000.0,0.0,0.0,100000.0,,,,,,,
100215007,1778.0,4250.0,0.0,0.0,0.0,114780.0,0.0,0.0,114780.0,,,,,,,
100217369,1778.0,4250.0,0.0,0.0,0.0,100000.0,0.0,0.0,100000.0,,,,,,,
100219381,1778.0,4250.0,0.0,0.0,0.0,200000.0,0.0,0.0,200000.0,,,,,,,
100219982,1778.0,4250.0,0.0,0.0,0.0,150000.0,0.0,0.0,150000.0,,,,,,,
100220623,1778.0,4250.0,0.0,0.0,0.0,150000.0,0.0,0.0,150000.0,,,,,,,
101370275,1769.0,4249.0,67118.0,0.0,0.0,0.0,0.0,0.0,67118.0,,,,,,,
102979154,1769.0,4249.0,330000.0,0.0,0.0,0.0,0.0,0.0,330000.0,,,,,,,
102979344,1769.0,4249.0,50000.0,0.0,0.0,0.0,0.0,0.0,50000.0,,,,,,,
117195358,,,,,,,,,,,,,,,,
117198273,,,,,,,,,,,,,,,,
117912265,,,,,,,,,,,,,,,,
117937620,,,,,,,,,,,,,,,,
117937776,,,,,,,,,,,,,,,,
117937947,,,,,,,,,,,,,,,,
117938076,,,,,,,,,,,,,,,,
117938621,,,,,,,,,,,,,,,,
117938749,,,,,,,,,,,,,,,,
117938912,,,,,,,,,,,,,,,,
117955592,,,,,,,,,,,,,,,,
117956113,,,,,,,,,,,,,,,,
117956711,,,,,,,,,,,,,,,,
118260858,0.0,0.0,0.0,0.0,0.0,20000.0,0.0,0.0,20000.0,,,,,,,
118261432,,,,,,,,,,,,,,,,
118261876,,,,,,,,,,,,,,,,
118263098,,,,,,,,,,,,,,,,
118264260,,,,,,,,,,,,,,,,
118266419,,,,,,,,,,,,,,,,
121002351,,,,,,,,,,,,,,,,
121716756,38.0,1.0,0.0,0.0,0.0,1000000.0,0.0,0.0,1000000.0,,,,,,,
121716820,38.0,1.0,0.0,0.0,0.0,1000000.0,0.0,0.0,1000000.0,,,,,,,
121716938,38.0,1.0,0.0,0.0,0.0,1000000.0,0.0,0.0,1000000.0,,,,,,,
121717064,38.0,1.0,0.0,0.0,0.0,1000000.0,0.0,0.0,1000000.0,,,,,,,
121717135,38.0,1.0,0.0,0.0,0.0,1000000.0,0.0,0.0,1000000.0,,,,,,,
121735557,,,,,,,,,,,,,,,,
121735611,,,,,,,,,,,,,,,,
121735656,,,,,,,,,,,,,,,,
121735759,,,,,,,,,,,,,,,,
121735811,,,,,,,,,,,,,,,,
121735869,,,,,,,,,,,,,,,,
121795376,,,,,,,,,,,,,,,,
121795556,,,,,,,,,,,,,,,,
121832603,1769.0,4249.0,3500.0,0.0,0.0,0.0,0.0,0.0,3500.0,,,,,,,
121833242,1769.0,4249.0,3500.0,0.0,0.0,0.0,0.0,0.0,3500.0,,,,,,,
121840430,0.0,0.0,0.0,0.0,0.0,21600.0,0.0,0.0,21600.0,,,,,,,
121853026,38.0,1.0,0.0,0.0,0.0,121000.0,0.0,0.0,121000.0,,,,,,,
121853501,38.0,1.0,0.0,0.0,0.0,121000.0,0.0,0.0,121000.0,,,,,,,
121853879,38.0,1.0,0.0,0.0,0.0,121000.0,0.0,0.0,121000.0,,,,,,,
121854237,38.0,1.0,0.0,0.0,0.0,121000.0,0.0,0.0,121000.0,,,,,,,
121854553,38.0,1.0,0.0,0.0,0.0,121000.0,0.0,0.0,121000.0,,,,,,,
121854886,38.0,1.0,0.0,0.0,0.0,121000.0,0.0,0.0,121000.0,,,,,,,
121855171,38.0,1.0,0.0,0.0,0.0,121000.0,0.0,0.0,121000.0,,,,,,,
121855418,38.0,1.0,0.0,0.0,0.0,121000.0,0.0,0.0,121000.0,,,,,,,
121855745,38.0,1.0,0.0,0.0,0.0,121000.0,0.0,0.0,121000.0,,,,,,,
121856684,38.0,1.0,0.0,0.0,0.0,121000.0,0.0,0.0,121000.0,,,,,,,
121857281,38.0,1.0,0.0,0.0,0.0,121000.0,0.0,0.0,121000.0,,,,,,,
121858452,,,,,,,,,,,,,,,,
121859055,,,,,,,,,,,,,,,,
121859474,,,,,,,,,,,,,,,,
121860035,,,,,,,,,,,,,,,,
121860368,,,,,,,,,,,,,,,,
121860636,,,,,,,,,,,,,,,,
121861019,,,,,,,,,,,,,,,,
121861321,,,,,,,,,,,,,,,,
121862458,,,,,,,,,,,,,,,,
121862978,,,,,,,,,,,,,,,,
121863193,,,,,,,,,,,,,,,,
121863572,,,,,,,,,,,,,,,,
121863815,,,,,,,,,,,,,,,,
121864177,,,,,,,,,,,,,,,,
121864565,,,,,,,,,,,,,,,,
121864839,,,,,,,,,,,,,,,,
121865092,,,,,,,,,,,,,,,,
121865338,,,,,,,,,,,,,,,,
121865539,,,,,,,,,,,,,,,,
121865974,,,,,,,,,,,,,,,,
121867330,,,,,,,,,,,,,,,,
121867457,,,,,,,,,,,,,,,,
121872527,,,,,,,,,,,,,,,,
121872728,,,,,,,,,,,,,,,,
121873610,,,,,,,,,,,,,,,,
121873702,,,,,,,,,,,,,,,,
121873772,,,,,,,,,,,,,,,,
121873853,,,,,,,,,,,,,,,,
121873939,,,,,,,,,,,,,,,,
121874054,,,,,,,,,,,,,,,,
121874150,,,,,,,,,,,,,,,,
121894095,,,,,,,,,,,,,,,,
121894196,,,,,,,,,,,,,,,,
121894269,,,,,,,,,,,,,,,,
121894320,,,,,,,,,,,,,,,,
121894479,,,,,,,,,,,,,,,,
121894584,,,,,,,,,,,,,,,,
121894633,,,,,,,,,,,,,,,,
121894721,,,,,,,,,,,,,,,,
121894785,,,,,,,,,,,,,,,,
121894830,,,,,,,,,,,,,,,,
121894879,,,,,,,,,,,,,,,,
121894930,,,,,,,,,,,,,,,,
121894987,,,,,,,,,,,,,,,,
121895037,,,,,,,,,,,,,,,,
121895255,,,,,,,,,,,,,,,,
121895322,,,,,,,,,,,,,,,,
121895379,,,,,,,,,,,,,,,,
121895473,,,,,,,,,,,,,,,,
121895729,,,,,,,,,,,,,,,,
121895828,,,,,,,,,,,,,,,,
121895898,,,,,,,,,,,,,,,,
121895964,,,,,,,,,,,,,,,,
121902909,,,,,,,,,,,,,,,,
121903284,,,,,,,,,,,,,,,,
121903494,,,,,,,,,,,,,,,,
121903724,,,,,,,,,,,,,,,,
121903835,,,,,,,,,,,,,,,,
121903916,,,,,,,,,,,,,,,,
121904045,,,,,,,,,,,,,,,,
121905224,,,,,,,,,,,,,,,,
121946298,38.0,1.0,0.0,0.0,0.0,1000000.0,0.0,0.0,1000000.0,,,,,,,
121947098,38.0,1.0,0.0,0.0,0.0,1000000.0,0.0,0.0,1000000.0,,,,,,,
121947173,38.0,1.0,0.0,0.0,0.0,1000000.0,0.0,0.0,1000000.0,,,,,,,
121948170,0.0,0.0,0.0,0.0,0.0,40000.0,0.0,0.0,40000.0,,,,,,,
121948566,,,,,,,,,,,,,,,,
121948664,,,,,,,,,,,,,,,,
121948738,,,,,,,,,,,,,,,,
121948823,,,,,,,,,,,,,,,,
121949112,,,,,,,,,,,,,,,,
121949287,,,,,,,,,,,,,,,,
121949627,,,,,,,,,,,,,,,,
127434229,1769.0,4249.0,30000.0,0.0,0.0,0.0,0.0,0.0,30000.0,,,,,,,
113468094,1769.0,4249.0,39000.0,0.0,0.0,0.0,0.0,0.0,39000.0,,,,,,,
121796675,1769.0,4249.0,35000.0,0.0,0.0,0.0,0.0,0.0,35000.0,,,,,,,
121796760,1769.0,4249.0,30000.0,0.0,0.0,0.0,0.0,0.0,30000.0,,,,,,,
121796822,1769.0,4249.0,116118.0,0.0,0.0,0.0,0.0,0.0,116118.0,,,,,,,
121796911,1769.0,4249.0,400000.0,0.0,0.0,0.0,0.0,0.0,400000.0,,,,,,,
121797055,1769.0,4249.0,510000.0,0.0,0.0,0.0,0.0,0.0,510000.0,,,,,,,
121797409,1769.0,4249.0,3500.0,0.0,0.0,0.0,0.0,0.0,3500.0,,,,,,,
121797522,1769.0,4249.0,3500.0,0.0,0.0,0.0,0.0,0.0,3500.0,,,,,,,
121797701,1769.0,4249.0,3500.0,0.0,0.0,0.0,0.0,0.0,3500.0,,,,,,,
121799777,1769.0,4249.0,62618.0,0.0,0.0,0.0,0.0,0.0,62618.0,,,,,,,
121836389,1769.0,4211.0,0.0,0.0,0.0,50000.0,0.0,0.0,50000.0,,,,,,,
121837616,1769.0,4211.0,0.0,0.0,0.0,40000.0,0.0,0.0,40000.0,,,,,,,
121838294,1778.0,4250.0,0.0,0.0,0.0,100000.0,0.0,0.0,100000.0,,,,,,,
121838664,1778.0,4250.0,0.0,0.0,0.0,200000.0,0.0,0.0,200000.0,,,,,,,
121839463,1778.0,4250.0,0.0,0.0,0.0,314780.0,0.0,0.0,314780.0,,,,,,,
121839866,1778.0,4250.0,0.0,0.0,0.0,200000.0,0.0,0.0,200000.0,,,,,,,
121875120,1769.0,4211.0,0.0,0.0,0.0,144824.0,0.0,0.0,144824.0,,,,,,,
127434092,1769.0,4211.0,0.0,0.0,0.0,50000.0,0.0,0.0,50000.0,,,,,,,
127434152,1769.0,4211.0,0.0,0.0,0.0,12000.0,0.0,0.0,12000.0,,,,,,,
127434199,1769.0,4211.0,0.0,0.0,0.0,150000.0,0.0,0.0,150000.0,,,,,,,
127434272,1769.0,4211.0,0.0,0.0,0.0,230000.0,0.0,0.0,230000.0,,,,,,,
127434382,1769.0,4211.0,0.0,0.0,0.0,150000.0,0.0,0.0,150000.0,,,,,,,
121833970,1769.0,4211.0,0.0,0.0,0.0,150000.0,0.0,0.0,150000.0,0.0,0.0,0.0,150000.0,0.0,0.0,
121835287,1769.0,4211.0,0.0,0.0,0.0,150000.0,0.0,0.0,150000.0,0.0,0.0,0.0,150000.0,0.0,0.0,
121836854,1769.0,4211.0,0.0,0.0,0.0,50000.0,0.0,0.0,50000.0,0.0,0.0,0.0,50000.0,0.0,0.0,
121837168,1769.0,4211.0,0.0,0.0,0.0,12000.0,0.0,0.0,12000.0,0.0,0.0,0.0,12000.0,0.0,0.0,
121870602,1769.0,4249.0,30000.0,0.0,0.0,0.0,0.0,0.0,30000.0,30000.0,0.0,0.0,0.0,0.0,0.0,
121870790,1769.0,4211.0,0.0,0.0,0.0,230000.0,0.0,0.0,230000.0,0.0,0.0,0.0,230000.0,0.0,0.0,
44227334,1769.0,4211.0,0.0,0.0,0.0,8000.0,0.0,0.0,8000.0,,,,,,,
44227443,1778.0,4251.0,0.0,0.0,0.0,400000.0,0.0,0.0,400000.0,,,,,,,
51917684,1769.0,4249.0,200000.0,0.0,0.0,0.0,0.0,0.0,200000.0,,,,,,,
51918379,1769.0,4211.0,0.0,0.0,0.0,90000.0,0.0,0.0,90000.0,,,,,,,
51918758,1778.0,4251.0,0.0,0.0,0.0,50000.0,0.0,0.0,50000.0,,,,,,,
51918815,1778.0,4251.0,0.0,0.0,0.0,70000.0,0.0,0.0,70000.0,,,,,,,
87228396,1518.0,3880.0,0.0,0.0,0.0,8639858.0,0.0,0.0,8639858.0,,,,,,,
87228973,1778.0,4251.0,0.0,0.0,0.0,87864.0,0.0,0.0,87864.0,,,,,,,
87229467,1778.0,4251.0,0.0,0.0,0.0,231438.0,0.0,0.0,231438.0,,,,,,,
87229489,1769.0,4211.0,0.0,0.0,0.0,347673.0,0.0,0.0,347673.0,,,,,,,
87229528,1769.0,4249.0,347672.0,0.0,0.0,0.0,0.0,0.0,347672.0,,,,,,,
87229552,1767.0,4210.0,0.0,0.0,0.0,2067840.0,0.0,0.0,2067840.0,,,,,,,
87229573,38.0,1.0,0.0,0.0,0.0,8715150.0,0.0,0.0,8715150.0,,,,,,,
87229598,1518.0,3880.0,0.0,0.0,0.0,1727971.0,0.0,0.0,1727971.0,,,,,,,
44227218,1769.0,4249.0,240000.0,0.0,0.0,0.0,0.0,0.0,240000.0,,,,,,,
44227250,1769.0,4249.0,100000.0,0.0,0.0,0.0,0.0,0.0,100000.0,,,,,,,
44227259,1769.0,4249.0,300000.0,0.0,0.0,0.0,0.0,0.0,300000.0,,,,,,,
51917574,1769.0,4249.0,150000.0,0.0,0.0,0.0,0.0,0.0,150000.0,,,,,,,
51918217,1769.0,4249.0,748396.0,0.0,0.0,0.0,0.0,0.0,748396.0,,,,,,,
60561431,1769.0,4211.0,0.0,0.0,0.0,900000.0,0.0,0.0,900000.0,,,,,,,
60561586,1769.0,4211.0,0.0,0.0,0.0,740395.0,0.0,0.0,740395.0,,,,,,,
87228010,1778.0,4251.0,0.0,0.0,0.0,150000.0,0.0,0.0,150000.0,,,,,,,
87228076,1778.0,4251.0,0.0,0.0,0.0,70000.0,0.0,0.0,70000.0,,,,,,,
87228126,1778.0,4251.0,0.0,0.0,0.0,70000.0,0.0,0.0,70000.0,,,,,,,
87228170,1778.0,4251.0,0.0,0.0,0.0,259326.0,0.0,0.0,259326.0,,,,,,,
44227369,1769.0,4211.0,0.0,0.0,0.0,900000.0,0.0,0.0,900000.0,0.0,0.0,0.0,900000.0,0.0,0.0,
44227382,1769.0,4211.0,0.0,0.0,0.0,340395.0,0.0,0.0,340395.0,0.0,0.0,0.0,340395.0,0.0,0.0,
44227393,1769.0,4211.0,0.0,0.0,0.0,400000.0,0.0,0.0,400000.0,0.0,0.0,0.0,400000.0,0.0,0.0,
44227460,1778.0,4251.0,0.0,0.0,0.0,637190.0,0.0,0.0,637190.0,0.0,0.0,0.0,637190.0,0.0,0.0,
56168863,1769.0,4249.0,250000.0,0.0,0.0,0.0,0.0,0.0,250000.0,,,,,,,
56168905,1769.0,4249.0,200000.0,0.0,0.0,0.0,0.0,0.0,200000.0,,,,,,,
56168999,1769.0,4211.0,0.0,0.0,0.0,100000.0,0.0,0.0,100000.0,,,,,,,
56169020,1769.0,4211.0,0.0,0.0,0.0,150000.0,0.0,0.0,150000.0,,,,,,,
56169058,1769.0,4211.0,0.0,0.0,0.0,228000.0,0.0,0.0,228000.0,,,,,,,
56192383,1769.0,4211.0,0.0,0.0,0.0,200000.0,0.0,0.0,200000.0,,,,,,,
56192614,1769.0,4211.0,0.0,0.0,0.0,10000.0,0.0,0.0,10000.0,,,,,,,
56192733,1778.0,4250.0,0.0,0.0,0.0,300000.0,0.0,0.0,300000.0,,,,,,,
56192758,1769.0,4211.0,0.0,0.0,0.0,200000.0,0.0,0.0,200000.0,,,,,,,
56192798,1778.0,4250.0,0.0,0.0,0.0,200000.0,0.0,0.0,200000.0,,,,,,,
56192941,1778.0,4250.0,0.0,0.0,0.0,157190.0,0.0,0.0,157190.0,,,,,,,
56192966,1778.0,4250.0,0.0,0.0,0.0,100000.0,0.0,0.0,100000.0,,,,,,,
56193006,1778.0,4250.0,0.0,0.0,0.0,100000.0,0.0,0.0,100000.0,,,,,,,
56193842,1778.0,4250.0,0.0,0.0,0.0,100000.0,0.0,0.0,100000.0,,,,,,,
56168852,1769.0,4249.0,288000.0,0.0,0.0,0.0,0.0,0.0,288000.0,,,,,,,
56168872,1769.0,4249.0,80000.0,0.0,0.0,0.0,0.0,0.0,80000.0,,,,,,,
56168881,1769.0,4249.0,251198.0,0.0,0.0,0.0,0.0,0.0,251198.0,,,,,,,
56168889,1769.0,4249.0,240000.0,0.0,0.0,0.0,0.0,0.0,240000.0,,,,,,,
56168929,1769.0,4249.0,159197.0,0.0,0.0,0.0,0.0,0.0,159197.0,,,,,,,
56168958,1769.0,4249.0,270000.0,0.0,0.0,0.0,0.0,0.0,270000.0,,,,,,,
56168982,1769.0,4211.0,0.0,0.0,0.0,500000.0,0.0,0.0,500000.0,,,,,,,
56169034,1769.0,4211.0,0.0,0.0,0.0,200000.0,0.0,0.0,200000.0,,,,,,,
56169082,1769.0,4211.0,0.0,0.0,0.0,200000.0,0.0,0.0,200000.0,,,,,,,
56192487,1769.0,4211.0,0.0,0.0,0.0,50000.0,0.0,0.0,50000.0,,,,,,,
56192687,1769.0,4211.0,0.0,0.0,0.0,100395.0,0.0,0.0,100395.0,,,,,,,
47855464,1769.0,4249.0,869197.0,0.0,0.0,0.0,0.0,0.0,869197.0,869197.0,0.0,0.0,0.0,0.0,0.0,
47855486,1769.0,4249.0,869198.0,0.0,0.0,0.0,0.0,0.0,869198.0,869198.0,0.0,0.0,0.0,0.0,0.0,
47855518,1769.0,4211.0,0.0,0.0,0.0,1738395.0,0.0,0.0,1738395.0,0.0,0.0,0.0,1738395.0,0.0,0.0,
47855539,1778.0,4250.0,0.0,0.0,0.0,1157190.0,0.0,0.0,1157190.0,0.0,0.0,0.0,1157190.0,0.0,0.0,
47855560,0.0,0.0,0.0,0.0,0.0,434227.0,0.0,0.0,434227.0,0.0,0.0,0.0,434227.0,0.0,0.0,
66661938,1769.0,4249.0,48000.0,0.0,0.0,0.0,0.0,0.0,48000.0,,,,,,,
66671038,1769.0,4249.0,53035.0,0.0,0.0,0.0,0.0,0.0,53035.0,,,,,,,
66671064,1769.0,4249.0,200000.0,0.0,0.0,0.0,0.0,0.0,200000.0,,,,,,,
66671085,1769.0,4249.0,100000.0,0.0,0.0,0.0,0.0,0.0,100000.0,,,,,,,
66671332,1769.0,4249.0,100000.0,0.0,0.0,0.0,0.0,0.0,100000.0,,,,,,,
66671404,1769.0,4249.0,150000.0,0.0,0.0,0.0,0.0,0.0,150000.0,,,,,,,
66671599,1769.0,4211.0,0.0,0.0,0.0,150000.0,0.0,0.0,150000.0,,,,,,,
66671893,1778.0,4250.0,0.0,0.0,0.0,200000.0,0.0,0.0,200000.0,,,,,,,
66671994,1778.0,4250.0,0.0,0.0,0.0,357190.0,0.0,0.0,357190.0,,,,,,,
66727117,0.0,0.0,0.0,0.0,0.0,10000.0,0.0,0.0,10000.0,,,,,,,
66671930,1778.0,4250.0,0.0,0.0,0.0,200000.0,0.0,0.0,200000.0,,,,,,,
66661960,1769.0,4249.0,192000.0,0.0,0.0,0.0,0.0,0.0,192000.0,,,,,,,
66671018,1769.0,4249.0,450000.0,0.0,0.0,0.0,0.0,0.0,450000.0,,,,,,,
66671294,1769.0,4249.0,200000.0,0.0,0.0,0.0,0.0,0.0,200000.0,,,,,,,
66671371,1769.0,4249.0,240000.0,0.0,0.0,0.0,0.0,0.0,240000.0,,,,,,,
66671436,1769.0,4249.0,103035.0,0.0,0.0,0.0,0.0,0.0,103035.0,,,,,,,
66671467,1769.0,4249.0,250000.0,0.0,0.0,0.0,0.0,0.0,250000.0,,,,,,,
66671541,1769.0,4211.0,0.0,0.0,0.0,90000.0,0.0,0.0,90000.0,,,,,,,
66671573,1769.0,4211.0,0.0,0.0,0.0,150000.0,0.0,0.0,150000.0,,,,,,,
66671655,1769.0,4211.0,0.0,0.0,0.0,150000.0,0.0,0.0,150000.0,,,,,,,
66671698,1769.0,4211.0,0.0,0.0,0.0,200000.0,0.0,0.0,200000.0,,,,,,,
66671732,1769.0,4211.0,0.0,0.0,0.0,300000.0,0.0,0.0,300000.0,,,,,,,
66671755,1769.0,4211.0,0.0,0.0,0.0,250000.0,0.0,0.0,250000.0,,,,,,,
66671825,1769.0,4211.0,0.0,0.0,0.0,100710.0,0.0,0.0,100710.0,,,,,,,
66671957,1778.0,4250.0,0.0,0.0,0.0,400000.0,0.0,0.0,400000.0,,,,,,,
60384031,1769.0,4249.0,1043035.0,0.0,0.0,0.0,0.0,0.0,1043035.0,1043035.0,0.0,0.0,0.0,0.0,0.0,
60384136,1769.0,4249.0,1043035.0,0.0,0.0,0.0,0.0,0.0,1043035.0,1043035.0,0.0,0.0,0.0,0.0,0.0,
60384225,1769.0,4211.0,0.0,0.0,0.0,1390710.0,0.0,0.0,1390710.0,0.0,0.0,0.0,1390710.0,0.0,0.0,
60384335,0.0,0.0,0.0,0.0,0.0,10000.0,0.0,0.0,10000.0,0.0,0.0,0.0,10000.0,0.0,0.0,
72620474,0.0,0.0,0.0,0.0,0.0,200000.0,0.0,0.0,200000.0,,,,,,,
72623470,38.0,1.0,0.0,0.0,0.0,300000.0,0.0,0.0,300000.0,,,,,,,
72625061,0.0,0.0,0.0,0.0,0.0,200000.0,0.0,0.0,200000.0,,,,,,,
72626654,38.0,1.0,0.0,0.0,0.0,300000.0,0.0,0.0,300000.0,,,,,,,
75538997,38.0,1.0,0.0,0.0,0.0,2500.0,0.0,0.0,2500.0,,,,,,,
75539909,,,,,,,,,,,,,,,,
75540398,,,,,,,,,,,,,,,,
75540508,38.0,1.0,0.0,0.0,0.0,3000.0,0.0,0.0,3000.0,,,,,,,
75540628,,,,,,,,,,,,,,,,
75540809,,,,,,,,,,,,,,,,
75541099,,,,,,,,,,,,,,,,
75541359,,,,,,,,,,,,,,,,
75541521,38.0,1.0,0.0,0.0,0.0,3000.0,0.0,0.0,3000.0,,,,,,,
77928599,,,,,,,,,,,,,,,,
77929244,,,,,,,,,,,,,,,,
77929909,,,,,,,,,,,,,,,,
77931538,,,,,,,,,,,,,,,,
77932823,,,,,,,,,,,,,,,,
77933356,,,,,,,,,,,,,,,,
77933897,,,,,,,,,,,,,,,,
77934648,,,,,,,,,,,,,,,,
77936044,,,,,,,,,,,,,,,,
77936736,,,,,,,,,,,,,,,,
77937364,,,,,,,,,,,,,,,,
77938089,,,,,,,,,,,,,,,,
77939023,,,,,,,,,,,,,,,,
77940125,,,,,,,,,,,,,,,,
77940664,,,,,,,,,,,,,,,,
77941251,,,,,,,,,,,,,,,,
77942316,,,,,,,,,,,,,,,,
77953591,,,,,,,,,,,,,,,,
77955190,,,,,,,,,,,,,,,,
77956327,,,,,,,,,,,,,,,,
77956990,,,,,,,,,,,,,,,,
77958003,,,,,,,,,,,,,,,,
77961317,,,,,,,,,,,,,,,,
77962503,,,,,,,,,,,,,,,,
77965072,,,,,,,,,,,,,,,,
77970595,,,,,,,,,,,,,,,,
77974443,,,,,,,,,,,,,,,,
77976560,,,,,,,,,,,,,,,,
77977813,38.0,1.0,0.0,0.0,0.0,1500.0,0.0,0.0,1500.0,,,,,,,
77979337,,,,,,,,,,,,,,,,
77980358,,,,,,,,,,,,,,,,
77983111,,,,,,,,,,,,,,,,
77995411,,,,,,,,,,,,,,,,
77996580,,,,,,,,,,,,,,,,
78427806,,,,,,,,,,,,,,,,
78428707,,,,,,,,,,,,,,,,
78429308,,,,,,,,,,,,,,,,
78429878,,,,,,,,,,,,,,,,
78430502,,,,,,,,,,,,,,,,
78430995,,,,,,,,,,,,,,,,
78433680,,,,,,,,,,,,,,,,
78434073,,,,,,,,,,,,,,,,
78434450,,,,,,,,,,,,,,,,
78436043,,,,,,,,,,,,,,,,
79000876,,,,,,,,,,,,,,,,
79001894,,,,,,,,,,,,,,,,
79008058,,,,,,,,,,,,,,,,
79009286,,,,,,,,,,,,,,,,
79010772,,,,,,,,,,,,,,,,
79011906,,,,,,,,,,,,,,,,
79019064,,,,,,,,,,,,,,,,
79021166,,,,,,,,,,,,,,,,
79023680,,,,,,,,,,,,,,,,
79025915,,,,,,,,,,,,,,,,
79028331,,,,,,,,,,,,,,,,
79029432,,,,,,,,,,,,,,,,
79030623,,,,,,,,,,,,,,,,
79031743,,,,,,,,,,,,,,,,
79034001,,,,,,,,,,,,,,,,
79034758,,,,,,,,,,,,,,,,
79036003,,,,,,,,,,,,,,,,
79036601,,,,,,,,,,,,,,,,
79046693,,,,,,,,,,,,,,,,
79051395,,,,,,,,,,,,,,,,
79052676,,,,,,,,,,,,,,,,
79053687,,,,,,,,,,,,,,,,
79054440,,,,,,,,,,,,,,,,
79055109,,,,,,,,,,,,,,,,
79055692,,,,,,,,,,,,,,,,
79056608,,,,,,,,,,,,,,,,
79057492,,,,,,,,,,,,,,,,
79058240,,,,,,,,,,,,,,,,
79058918,,,,,,,,,,,,,,,,
79059768,,,,,,,,,,,,,,,,
79060470,,,,,,,,,,,,,,,,
79063045,,,,,,,,,,,,,,,,
79064300,,,,,,,,,,,,,,,,
79066936,,,,,,,,,,,,,,,,
79068343,,,,,,,,,,,,,,,,
79069759,,,,,,,,,,,,,,,,
79071798,,,,,,,,,,,,,,,,
79072356,,,,,,,,,,,,,,,,
79073141,,,,,,,,,,,,,,,,
79073766,,,,,,,,,,,,,,,,
79074340,,,,,,,,,,,,,,,,
79074907,,,,,,,,,,,,,,,,
79075925,,,,,,,,,,,,,,,,
79077251,,,,,,,,,,,,,,,,
79077826,,,,,,,,,,,,,,,,
79078679,,,,,,,,,,,,,,,,
79080089,,,,,,,,,,,,,,,,
79081358,,,,,,,,,,,,,,,,
79082096,,,,,,,,,,,,,,,,
79082776,,,,,,,,,,,,,,,,
79083274,,,,,,,,,,,,,,,,
79084147,,,,,,,,,,,,,,,,
79085362,,,,,,,,,,,,,,,,
79085875,,,,,,,,,,,,,,,,
79086340,,,,,,,,,,,,,,,,
79086755,,,,,,,,,,,,,,,,
79087140,,,,,,,,,,,,,,,,
79090580,,,,,,,,,,,,,,,,
79212164,,,,,,,,,,,,,,,,
79243951,,,,,,,,,,,,,,,,
79245644,,,,,,,,,,,,,,,,
79246165,,,,,,,,,,,,,,,,
79252797,,,,,,,,,,,,,,,,
79255349,,,,,,,,,,,,,,,,
79257790,,,,,,,,,,,,,,,,
79261302,,,,,,,,,,,,,,,,
79262179,,,,,,,,,,,,,,,,
79262923,,,,,,,,,,,,,,,,
79263751,,,,,,,,,,,,,,,,
79274681,,,,,,,,,,,,,,,,
79275498,,,,,,,,,,,,,,,,
79276357,,,,,,,,,,,,,,,,
79284179,,,,,,,,,,,,,,,,
79290658,,,,,,,,,,,,,,,,
79297233,,,,,,,,,,,,,,,,
79298291,,,,,,,,,,,,,,,,
79299034,,,,,,,,,,,,,,,,
79418093,,,,,,,,,,,,,,,,
79419278,,,,,,,,,,,,,,,,
79419914,,,,,,,,,,,,,,,,
79420609,,,,,,,,,,,,,,,,
79421122,,,,,,,,,,,,,,,,
79421659,,,,,,,,,,,,,,,,
79555163,,,,,,,,,,,,,,,,
79556562,,,,,,,,,,,,,,,,
79557513,,,,,,,,,,,,,,,,
79558281,,,,,,,,,,,,,,,,
79558778,,,,,,,,,,,,,,,,
79559681,,,,,,,,,,,,,,,,
79560457,,,,,,,,,,,,,,,,
79561338,,,,,,,,,,,,,,,,
79562739,,,,,,,,,,,,,,,,
79566950,,,,,,,,,,,,,,,,
79567651,,,,,,,,,,,,,,,,
79568239,,,,,,,,,,,,,,,,
79569043,,,,,,,,,,,,,,,,
79569883,,,,,,,,,,,,,,,,
79570423,,,,,,,,,,,,,,,,
79572922,,,,,,,,,,,,,,,,
79574519,,,,,,,,,,,,,,,,
79576685,,,,,,,,,,,,,,,,
79578034,,,,,,,,,,,,,,,,
79578563,,,,,,,,,,,,,,,,
79579241,,,,,,,,,,,,,,,,
79580029,,,,,,,,,,,,,,,,
79580957,,,,,,,,,,,,,,,,
79582289,,,,,,,,,,,,,,,,
79584791,,,,,,,,,,,,,,,,
79585942,,,,,,,,,,,,,,,,
79590356,,,,,,,,,,,,,,,,
79591771,,,,,,,,,,,,,,,,
79593270,,,,,,,,,,,,,,,,
79594746,,,,,,,,,,,,,,,,
79595752,,,,,,,,,,,,,,,,
79596330,,,,,,,,,,,,,,,,
79597171,,,,,,,,,,,,,,,,
79597921,,,,,,,,,,,,,,,,
79599104,,,,,,,,,,,,,,,,
79599814,,,,,,,,,,,,,,,,
79604654,,,,,,,,,,,,,,,,
79605369,,,,,,,,,,,,,,,,
79605954,,,,,,,,,,,,,,,,
79607034,,,,,,,,,,,,,,,,
79608907,,,,,,,,,,,,,,,,
79609491,,,,,,,,,,,,,,,,
79610361,,,,,,,,,,,,,,,,
79613071,,,,,,,,,,,,,,,,
79614451,,,,,,,,,,,,,,,,
79616207,,,,,,,,,,,,,,,,
79618696,,,,,,,,,,,,,,,,
79623389,,,,,,,,,,,,,,,,
79690961,,,,,,,,,,,,,,,,
79692529,,,,,,,,,,,,,,,,
79693052,,,,,,,,,,,,,,,,
79693555,,,,,,,,,,,,,,,,
79694520,,,,,,,,,,,,,,,,
79695040,,,,,,,,,,,,,,,,
79695749,,,,,,,,,,,,,,,,
79696596,,,,,,,,,,,,,,,,
79697090,,,,,,,,,,,,,,,,
79697506,,,,,,,,,,,,,,,,
79697965,,,,,,,,,,,,,,,,
79698414,,,,,,,,,,,,,,,,
79698818,,,,,,,,,,,,,,,,
79699371,,,,,,,,,,,,,,,,
79699804,,,,,,,,,,,,,,,,
79700364,,,,,,,,,,,,,,,,
79700903,,,,,,,,,,,,,,,,
79701405,,,,,,,,,,,,,,,,
79701687,,,,,,,,,,,,,,,,
79702327,,,,,,,,,,,,,,,,
79702769,,,,,,,,,,,,,,,,
79703156,,,,,,,,,,,,,,,,
79703589,,,,,,,,,,,,,,,,
79704118,,,,,,,,,,,,,,,,
79704636,,,,,,,,,,,,,,,,
79705058,,,,,,,,,,,,,,,,
79705956,,,,,,,,,,,,,,,,
79707108,,,,,,,,,,,,,,,,
79707683,,,,,,,,,,,,,,,,
79709294,,,,,,,,,,,,,,,,
79710015,,,,,,,,,,,,,,,,
79710501,,,,,,,,,,,,,,,,
79710905,,,,,,,,,,,,,,,,
79711455,,,,,,,,,,,,,,,,
79711907,,,,,,,,,,,,,,,,
79712718,,,,,,,,,,,,,,,,
79713100,,,,,,,,,,,,,,,,
79713902,,,,,,,,,,,,,,,,
79714250,,,,,,,,,,,,,,,,
79715508,,,,,,,,,,,,,,,,
79716247,,,,,,,,,,,,,,,,
79716839,,,,,,,,,,,,,,,,
79717259,,,,,,,,,,,,,,,,
79717673,,,,,,,,,,,,,,,,
79717997,,,,,,,,,,,,,,,,
79718614,,,,,,,,,,,,,,,,
79719007,,,,,,,,,,,,,,,,
79719505,,,,,,,,,,,,,,,,
79719843,,,,,,,,,,,,,,,,
79720198,,,,,,,,,,,,,,,,
79720769,,,,,,,,,,,,,,,,
79721196,,,,,,,,,,,,,,,,
79721615,,,,,,,,,,,,,,,,
79722198,,,,,,,,,,,,,,,,
79722504,,,,,,,,,,,,,,,,
79722859,,,,,,,,,,,,,,,,
79723187,,,,,,,,,,,,,,,,
79723883,,,,,,,,,,,,,,,,
79724190,,,,,,,,,,,,,,,,
79724616,,,,,,,,,,,,,,,,
79725031,,,,,,,,,,,,,,,,
79725547,,,,,,,,,,,,,,,,
79725814,,,,,,,,,,,,,,,,
79726123,,,,,,,,,,,,,,,,
79726580,,,,,,,,,,,,,,,,
79726847,,,,,,,,,,,,,,,,
79728522,,,,,,,,,,,,,,,,
79728869,,,,,,,,,,,,,,,,
79729114,,,,,,,,,,,,,,,,
79729366,,,,,,,,,,,,,,,,
79729626,,,,,,,,,,,,,,,,
79729827,,,,,,,,,,,,,,,,
79730239,,,,,,,,,,,,,,,,
79730950,,,,,,,,,,,,,,,,
79731284,,,,,,,,,,,,,,,,
79731570,,,,,,,,,,,,,,,,
79731973,,,,,,,,,,,,,,,,
79732249,,,,,,,,,,,,,,,,
79732872,,,,,,,,,,,,,,,,
79733091,,,,,,,,,,,,,,,,
79733666,,,,,,,,,,,,,,,,
79733956,,,,,,,,,,,,,,,,
79734239,,,,,,,,,,,,,,,,
79734561,,,,,,,,,,,,,,,,
79734907,,,,,,,,,,,,,,,,
79735136,,,,,,,,,,,,,,,,
79735388,,,,,,,,,,,,,,,,
79735632,,,,,,,,,,,,,,,,
79735838,,,,,,,,,,,,,,,,
79736358,,,,,,,,,,,,,,,,
79736671,,,,,,,,,,,,,,,,
79736965,,,,,,,,,,,,,,,,
79737293,,,,,,,,,,,,,,,,
79737541,,,,,,,,,,,,,,,,
79737956,,,,,,,,,,,,,,,,
79738263,,,,,,,,,,,,,,,,
79738481,,,,,,,,,,,,,,,,
79738850,,,,,,,,,,,,,,,,
79822106,,,,,,,,,,,,,,,,
79822661,,,,,,,,,,,,,,,,
79822977,,,,,,,,,,,,,,,,
79823382,,,,,,,,,,,,,,,,
79823686,,,,,,,,,,,,,,,,
79824456,,,,,,,,,,,,,,,,
79826195,,,,,,,,,,,,,,,,
79827195,,,,,,,,,,,,,,,,
81435957,,,,,,,,,,,,,,,,
81436259,,,,,,,,,,,,,,,,
81436498,,,,,,,,,,,,,,,,
81436710,,,,,,,,,,,,,,,,
81436963,,,,,,,,,,,,,,,,
81437276,,,,,,,,,,,,,,,,
81437519,,,,,,,,,,,,,,,,
81437773,,,,,,,,,,,,,,,,
81437980,,,,,,,,,,,,,,,,
81438210,,,,,,,,,,,,,,,,
81438486,,,,,,,,,,,,,,,,
81438768,,,,,,,,,,,,,,,,
81439010,,,,,,,,,,,,,,,,
81439302,,,,,,,,,,,,,,,,
81439514,,,,,,,,,,,,,,,,
81439788,,,,,,,,,,,,,,,,
81440487,,,,,,,,,,,,,,,,
81440888,0.0,0.0,0.0,0.0,0.0,1000.0,0.0,0.0,1000.0,,,,,,,
81441158,,,,,,,,,,,,,,,,
81441396,,,,,,,,,,,,,,,,
81441655,,,,,,,,,,,,,,,,
81441930,,,,,,,,,,,,,,,,
81442879,,,,,,,,,,,,,,,,
81443121,,,,,,,,,,,,,,,,
81443374,,,,,,,,,,,,,,,,
81443571,,,,,,,,,,,,,,,,
81443790,,,,,,,,,,,,,,,,
81444011,,,,,,,,,,,,,,,,
81444232,,,,,,,,,,,,,,,,
81444459,,,,,,,,,,,,,,,,
81444652,,,,,,,,,,,,,,,,
81444899,,,,,,,,,,,,,,,,
81445174,,,,,,,,,,,,,,,,
81445461,,,,,,,,,,,,,,,,
81445681,,,,,,,,,,,,,,,,
81445902,,,,,,,,,,,,,,,,
81446132,,,,,,,,,,,,,,,,
81446342,,,,,,,,,,,,,,,,
81446844,,,,,,,,,,,,,,,,
81447049,,,,,,,,,,,,,,,,
81447364,,,,,,,,,,,,,,,,
81447533,,,,,,,,,,,,,,,,
81447713,,,,,,,,,,,,,,,,
81447938,,,,,,,,,,,,,,,,
81448107,,,,,,,,,,,,,,,,
81448410,,,,,,,,,,,,,,,,
81448682,,,,,,,,,,,,,,,,
81448874,,,,,,,,,,,,,,,,
81449196,,,,,,,,,,,,,,,,
81449454,,,,,,,,,,,,,,,,
81449656,,,,,,,,,,,,,,,,
81449890,,,,,,,,,,,,,,,,
81450078,,,,,,,,,,,,,,,,
81450315,,,,,,,,,,,,,,,,
81450568,,,,,,,,,,,,,,,,
81450834,,,,,,,,,,,,,,,,
81451058,,,,,,,,,,,,,,,,
81451308,,,,,,,,,,,,,,,,
81451501,,,,,,,,,,,,,,,,
81451684,,,,,,,,,,,,,,,,
81451848,,,,,,,,,,,,,,,,
81452003,,,,,,,,,,,,,,,,
81452259,,,,,,,,,,,,,,,,
81452469,,,,,,,,,,,,,,,,
81452617,,,,,,,,,,,,,,,,
81452834,38.0,1.0,0.0,0.0,0.0,5000.0,0.0,0.0,5000.0,,,,,,,
81453052,,,,,,,,,,,,,,,,
81453233,,,,,,,,,,,,,,,,
81453433,,,,,,,,,,,,,,,,
81453633,,,,,,,,,,,,,,,,
81453825,,,,,,,,,,,,,,,,
81454010,,,,,,,,,,,,,,,,
81454285,,,,,,,,,,,,,,,,
81454406,,,,,,,,,,,,,,,,
81454533,,,,,,,,,,,,,,,,
81454661,,,,,,,,,,,,,,,,
81454836,,,,,,,,,,,,,,,,
81454985,,,,,,,,,,,,,,,,
81455100,,,,,,,,,,,,,,,,
81455257,,,,,,,,,,,,,,,,
81455408,,,,,,,,,,,,,,,,
81455556,,,,,,,,,,,,,,,,
81455673,,,,,,,,,,,,,,,,
81455821,,,,,,,,,,,,,,,,
81456033,,,,,,,,,,,,,,,,
81456953,,,,,,,,,,,,,,,,
81457107,,,,,,,,,,,,,,,,
81457675,,,,,,,,,,,,,,,,
81457828,,,,,,,,,,,,,,,,
81458017,,,,,,,,,,,,,,,,
81458166,,,,,,,,,,,,,,,,
81458300,,,,,,,,,,,,,,,,
81458477,,,,,,,,,,,,,,,,
81458632,,,,,,,,,,,,,,,,
81458759,,,,,,,,,,,,,,,,
81549534,1769.0,4211.0,0.0,0.0,0.0,58964.0,0.0,0.0,58964.0,,,,,,,
81568683,,,,,,,,,,,,,,,,
81569055,,,,,,,,,,,,,,,,
81570415,,,,,,,,,,,,,,,,
81570764,,,,,,,,,,,,,,,,
81571813,,,,,,,,,,,,,,,,
81574078,38.0,1.0,0.0,0.0,0.0,1000.0,0.0,0.0,1000.0,,,,,,,
81575280,,,,,,,,,,,,,,,,
81575673,38.0,1.0,0.0,0.0,0.0,1000.0,0.0,0.0,1000.0,,,,,,,
81575968,38.0,1.0,0.0,0.0,0.0,1000.0,0.0,0.0,1000.0,,,,,,,
81576250,38.0,1.0,0.0,0.0,0.0,1000.0,0.0,0.0,1000.0,,,,,,,
81576647,38.0,1.0,0.0,0.0,0.0,1000.0,0.0,0.0,1000.0,,,,,,,
81580542,38.0,1.0,0.0,0.0,0.0,1000.0,0.0,0.0,1000.0,,,,,,,
81582232,38.0,1.0,0.0,0.0,0.0,1000.0,0.0,0.0,1000.0,,,,,,,
81583713,,,,,,,,,,,,,,,,
81583997,38.0,1.0,0.0,0.0,0.0,10000.0,0.0,0.0,10000.0,,,,,,,
81584252,,,,,,,,,,,,,,,,
81584704,38.0,1.0,0.0,0.0,0.0,10000.0,0.0,0.0,10000.0,,,,,,,
81585076,38.0,1.0,0.0,0.0,0.0,10000.0,0.0,0.0,10000.0,,,,,,,
81585474,38.0,1.0,0.0,0.0,0.0,10000.0,0.0,0.0,10000.0,,,,,,,
81585777,38.0,1.0,0.0,0.0,0.0,10000.0,0.0,0.0,10000.0,,,,,,,
81586158,38.0,1.0,0.0,0.0,0.0,10000.0,0.0,0.0,10000.0,,,,,,,
81586417,38.0,1.0,0.0,0.0,0.0,10000.0,0.0,0.0,10000.0,,,,,,,
81586928,38.0,1.0,0.0,0.0,0.0,10000.0,0.0,0.0,10000.0,,,,,,,
81545464,1769.0,4249.0,216000.0,0.0,0.0,0.0,0.0,0.0,216000.0,,,,,,,
81545675,1769.0,4249.0,50000.0,0.0,0.0,0.0,0.0,0.0,50000.0,,,,,,,
81545864,1769.0,4249.0,65723.0,0.0,0.0,0.0,0.0,0.0,65723.0,,,,,,,
81546030,1769.0,4249.0,500000.0,0.0,0.0,0.0,0.0,0.0,500000.0,,,,,,,
81546328,1769.0,4249.0,240000.0,0.0,0.0,0.0,0.0,0.0,240000.0,,,,,,,
81546656,1769.0,4249.0,210000.0,0.0,0.0,0.0,0.0,0.0,210000.0,,,,,,,
81547410,1769.0,4249.0,101723.0,0.0,0.0,0.0,0.0,0.0,101723.0,,,,,,,
81547602,1769.0,4249.0,280000.0,0.0,0.0,0.0,0.0,0.0,280000.0,,,,,,,
81547902,1769.0,4211.0,0.0,0.0,0.0,200000.0,0.0,0.0,200000.0,,,,,,,
81549199,1769.0,4211.0,0.0,0.0,0.0,77241.0,0.0,0.0,77241.0,,,,,,,
81550346,1769.0,4211.0,0.0,0.0,0.0,272759.0,0.0,0.0,272759.0,,,,,,,
81550908,1769.0,4211.0,0.0,0.0,0.0,500000.0,0.0,0.0,500000.0,,,,,,,
81551790,1778.0,4250.0,0.0,0.0,0.0,289297.0,0.0,0.0,289297.0,,,,,,,
81552897,1778.0,4250.0,0.0,0.0,0.0,150000.0,0.0,0.0,150000.0,,,,,,,
81553710,1778.0,4250.0,0.0,0.0,0.0,160703.0,0.0,0.0,160703.0,,,,,,,
81557198,1778.0,4250.0,0.0,0.0,0.0,200000.0,0.0,0.0,200000.0,,,,,,,
81558725,1778.0,4250.0,0.0,0.0,0.0,157190.0,0.0,0.0,157190.0,,,,,,,
81564141,1778.0,4250.0,0.0,0.0,0.0,200000.0,0.0,0.0,200000.0,,,,,,,
127284699,1778.0,4251.0,0.0,0.0,0.0,400000.0,0.0,0.0,400000.0,,,,,,,
127284719,1778.0,4251.0,0.0,0.0,0.0,372946.0,0.0,0.0,372946.0,,,,,,,
93854595,,,,,,,,,,,,,,,,
93855828,,,,,,,,,,,,,,,,
100227472,,,,,,,,,,,,,,,,
100227642,,,,,,,,,,,,,,,,
100227849,,,,,,,,,,,,,,,,
100228038,,,,,,,,,,,,,,,,
100228230,,,,,,,,,,,,,,,,
100228566,,,,,,,,,,,,,,,,
100229219,,,,,,,,,,,,,,,,
100229496,,,,,,,,,,,,,,,,
100229734,,,,,,,,,,,,,,,,
100229943,,,,,,,,,,,,,,,,
100230310,,,,,,,,,,,,,,,,
100236878,,,,,,,,,,,,,,,,
100237053,,,,,,,,,,,,,,,,
100237205,,,,,,,,,,,,,,,,
100237366,,,,,,,,,,,,,,,,
100237519,,,,,,,,,,,,,,,,
100237661,,,,,,,,,,,,,,,,
100237824,,,,,,,,,,,,,,,,
100237975,,,,,,,,,,,,,,,,
100238127,,,,,,,,,,,,,,,,
100238318,,,,,,,,,,,,,,,,
100238526,,,,,,,,,,,,,,,,
100238679,,,,,,,,,,,,,,,,
100238810,,,,,,,,,,,,,,,,
100238980,,,,,,,,,,,,,,,,
100239194,,,,,,,,,,,,,,,,
100239410,,,,,,,,,,,,,,,,
100239574,,,,,,,,,,,,,,,,
100239739,,,,,,,,,,,,,,,,
100239887,,,,,,,,,,,,,,,,
100240049,,,,,,,,,,,,,,,,
100240176,,,,,,,,,,,,,,,,
100240310,,,,,,,,,,,,,,,,
100240641,,,,,,,,,,,,,,,,
100240801,,,,,,,,,,,,,,,,
100295518,,,,,,,,,,,,,,,,
100295551,,,,,,,,,,,,,,,,
100295590,,,,,,,,,,,,,,,,
100295633,,,,,,,,,,,,,,,,
100295660,,,,,,,,,,,,,,,,
100295721,,,,,,,,,,,,,,,,
100295751,,,,,,,,,,,,,,,,
100295782,,,,,,,,,,,,,,,,
100295812,,,,,,,,,,,,,,,,
100295846,,,,,,,,,,,,,,,,
100295882,,,,,,,,,,,,,,,,
100295921,,,,,,,,,,,,,,,,
100295947,,,,,,,,,,,,,,,,
100295984,,,,,,,,,,,,,,,,
100296014,,,,,,,,,,,,,,,,
100296036,,,,,,,,,,,,,,,,
100296063,,,,,,,,,,,,,,,,
100296089,,,,,,,,,,,,,,,,
100296116,,,,,,,,,,,,,,,,
100296148,,,,,,,,,,,,,,,,
100296173,,,,,,,,,,,,,,,,
100296201,,,,,,,,,,,,,,,,
100296227,,,,,,,,,,,,,,,,
100296252,,,,,,,,,,,,,,,,
100296283,,,,,,,,,,,,,,,,
100296317,,,,,,,,,,,,,,,,
100296349,,,,,,,,,,,,,,,,
100296378,,,,,,,,,,,,,,,,
100296409,,,,,,,,,,,,,,,,
100296444,,,,,,,,,,,,,,,,
100296473,,,,,,,,,,,,,,,,
100296528,,,,,,,,,,,,,,,,
100296571,,,,,,,,,,,,,,,,
100296610,,,,,,,,,,,,,,,,
100296705,,,,,,,,,,,,,,,,
100296754,,,,,,,,,,,,,,,,
100296802,,,,,,,,,,,,,,,,
100296848,,,,,,,,,,,,,,,,
100296895,,,,,,,,,,,,,,,,
100296936,,,,,,,,,,,,,,,,
100296968,,,,,,,,,,,,,,,,
100297331,,,,,,,,,,,,,,,,
100297368,,,,,,,,,,,,,,,,
100297412,,,,,,,,,,,,,,,,
100297503,,,,,,,,,,,,,,,,
100297544,,,,,,,,,,,,,,,,
100297616,,,,,,,,,,,,,,,,
100297691,,,,,,,,,,,,,,,,
100297803,,,,,,,,,,,,,,,,
100297870,,,,,,,,,,,,,,,,
100297918,,,,,,,,,,,,,,,,
100297959,,,,,,,,,,,,,,,,
100298018,,,,,,,,,,,,,,,,
100298081,,,,,,,,,,,,,,,,
100298132,,,,,,,,,,,,,,,,
100298226,,,,,,,,,,,,,,,,
100298282,,,,,,,,,,,,,,,,
100298323,,,,,,,,,,,,,,,,
100298407,,,,,,,,,,,,,,,,
100298470,,,,,,,,,,,,,,,,
100298543,,,,,,,,,,,,,,,,
100298609,,,,,,,,,,,,,,,,
100298666,,,,,,,,,,,,,,,,
100298726,,,,,,,,,,,,,,,,
100298785,,,,,,,,,,,,,,,,
100298832,,,,,,,,,,,,,,,,
100298886,,,,,,,,,,,,,,,,
100298976,,,,,,,,,,,,,,,,
100299038,,,,,,,,,,,,,,,,
100299103,,,,,,,,,,,,,,,,
100299148,,,,,,,,,,,,,,,,
100299193,,,,,,,,,,,,,,,,
100299240,,,,,,,,,,,,,,,,
100303998,,,,,,,,,,,,,,,,
100304087,,,,,,,,,,,,,,,,
100304195,,,,,,,,,,,,,,,,
100304296,,,,,,,,,,,,,,,,
100304371,,,,,,,,,,,,,,,,
100304460,,,,,,,,,,,,,,,,
100304578,,,,,,,,,,,,,,,,
100304695,,,,,,,,,,,,,,,,
100304777,,,,,,,,,,,,,,,,
100304907,,,,,,,,,,,,,,,,
100305035,,,,,,,,,,,,,,,,
100305137,,,,,,,,,,,,,,,,
100305239,,,,,,,,,,,,,,,,
100305363,,,,,,,,,,,,,,,,
100305541,,,,,,,,,,,,,,,,
100305665,,,,,,,,,,,,,,,,
100305764,,,,,,,,,,,,,,,,
100305868,,,,,,,,,,,,,,,,
100305955,,,,,,,,,,,,,,,,
100306072,,,,,,,,,,,,,,,,
100306208,,,,,,,,,,,,,,,,
100306453,,,,,,,,,,,,,,,,
100306588,,,,,,,,,,,,,,,,
100306703,,,,,,,,,,,,,,,,
100306819,,,,,,,,,,,,,,,,
100306947,,,,,,,,,,,,,,,,
100307053,,,,,,,,,,,,,,,,
100307191,,,,,,,,,,,,,,,,
100307312,,,,,,,,,,,,,,,,
100307458,,,,,,,,,,,,,,,,
100307619,,,,,,,,,,,,,,,,
100329957,,,,,,,,,,,,,,,,
100330194,,,,,,,,,,,,,,,,
100360821,,,,,,,,,,,,,,,,
100361004,,,,,,,,,,,,,,,,
100361186,,,,,,,,,,,,,,,,
100361339,,,,,,,,,,,,,,,,
100361544,,,,,,,,,,,,,,,,
100361666,,,,,,,,,,,,,,,,
100361913,,,,,,,,,,,,,,,,
100362584,,,,,,,,,,,,,,,,
100363104,,,,,,,,,,,,,,,,
100363822,,,,,,,,,,,,,,,,
100364066,,,,,,,,,,,,,,,,
100364380,,,,,,,,,,,,,,,,
100364631,,,,,,,,,,,,,,,,
100364869,,,,,,,,,,,,,,,,
100365026,,,,,,,,,,,,,,,,
100365271,,,,,,,,,,,,,,,,
100365539,,,,,,,,,,,,,,,,
100365811,,,,,,,,,,,,,,,,
100366053,,,,,,,,,,,,,,,,
100366470,,,,,,,,,,,,,,,,
100366669,,,,,,,,,,,,,,,,
100366872,,,,,,,,,,,,,,,,
100367101,,,,,,,,,,,,,,,,
100367335,,,,,,,,,,,,,,,,
100367550,,,,,,,,,,,,,,,,
100367771,,,,,,,,,,,,,,,,
100367963,,,,,,,,,,,,,,,,
100368153,,,,,,,,,,,,,,,,
100368339,,,,,,,,,,,,,,,,
100368532,,,,,,,,,,,,,,,,
100368711,,,,,,,,,,,,,,,,
100368932,,,,,,,,,,,,,,,,
100369708,,,,,,,,,,,,,,,,
100369916,,,,,,,,,,,,,,,,
100370099,,,,,,,,,,,,,,,,
100399721,,,,,,,,,,,,,,,,
100399815,,,,,,,,,,,,,,,,
100399915,,,,,,,,,,,,,,,,
100400010,,,,,,,,,,,,,,,,
100400110,,,,,,,,,,,,,,,,
100400206,,,,,,,,,,,,,,,,
100400322,,,,,,,,,,,,,,,,
100400413,,,,,,,,,,,,,,,,
100400535,,,,,,,,,,,,,,,,
100400632,,,,,,,,,,,,,,,,
100400723,,,,,,,,,,,,,,,,
100400820,,,,,,,,,,,,,,,,
100400911,,,,,,,,,,,,,,,,
100401020,,,,,,,,,,,,,,,,
100401143,,,,,,,,,,,,,,,,
100401240,,,,,,,,,,,,,,,,
100401327,,,,,,,,,,,,,,,,
100401456,,,,,,,,,,,,,,,,
100401600,,,,,,,,,,,,,,,,
100401737,,,,,,,,,,,,,,,,
100401854,,,,,,,,,,,,,,,,
100401953,,,,,,,,,,,,,,,,
100402042,,,,,,,,,,,,,,,,
100402149,,,,,,,,,,,,,,,,
100402251,,,,,,,,,,,,,,,,
102340075,,,,,,,,,,,,,,,,
102340977,,,,,,,,,,,,,,,,
102341068,,,,,,,,,,,,,,,,
102341285,,,,,,,,,,,,,,,,
102341403,0.0,0.0,0.0,0.0,0.0,65000.0,0.0,0.0,65000.0,,,,,,,
102341742,1769.0,4249.0,35000.0,0.0,0.0,0.0,0.0,0.0,35000.0,,,,,,,
102342724,1769.0,4211.0,0.0,0.0,0.0,131072.0,0.0,0.0,131072.0,,,,,,,
102343175,0.0,0.0,0.0,0.0,0.0,100000.0,0.0,0.0,100000.0,,,,,,,
102343279,1778.0,4250.0,0.0,0.0,0.0,100000.0,0.0,0.0,100000.0,,,,,,,
102458498,,,,,,,,,,,,,,,,
102459135,,,,,,,,,,,,,,,,
102467456,,,,,,,,,,,,,,,,
102468702,,,,,,,,,,,,,,,,
102469795,,,,,,,,,,,,,,,,
102470714,,,,,,,,,,,,,,,,
102471613,,,,,,,,,,,,,,,,
102472946,,,,,,,,,,,,,,,,
102474759,,,,,,,,,,,,,,,,
102476337,,,,,,,,,,,,,,,,
102477542,,,,,,,,,,,,,,,,
102479976,,,,,,,,,,,,,,,,
102485093,,,,,,,,,,,,,,,,
102485904,,,,,,,,,,,,,,,,
102486571,,,,,,,,,,,,,,,,
102488868,0.0,0.0,0.0,0.0,0.0,2000.0,0.0,0.0,2000.0,,,,,,,
102492639,,,,,,,,,,,,,,,,
102493226,,,,,,,,,,,,,,,,
102493820,,,,,,,,,,,,,,,,
102494540,,,,,,,,,,,,,,,,
102495241,,,,,,,,,,,,,,,,
102496199,,,,,,,,,,,,,,,,
102497370,,,,,,,,,,,,,,,,
102499648,0.0,0.0,0.0,0.0,0.0,1000.0,0.0,0.0,1000.0,,,,,,,
102500710,,,,,,,,,,,,,,,,
102501528,,,,,,,,,,,,,,,,
102502424,,,,,,,,,,,,,,,,
102504948,,,,,,,,,,,,,,,,
102505687,,,,,,,,,,,,,,,,
102507102,,,,,,,,,,,,,,,,
102508557,,,,,,,,,,,,,,,,
102510112,,,,,,,,,,,,,,,,
102512539,,,,,,,,,,,,,,,,
102513479,,,,,,,,,,,,,,,,
102514358,,,,,,,,,,,,,,,,
102515034,,,,,,,,,,,,,,,,
102516135,,,,,,,,,,,,,,,,
102660249,,,,,,,,,,,,,,,,
102661450,,,,,,,,,,,,,,,,
102672030,,,,,,,,,,,,,,,,
102676488,,,,,,,,,,,,,,,,
102677583,0.0,0.0,0.0,0.0,0.0,100000.0,0.0,0.0,100000.0,,,,,,,
102678779,0.0,0.0,0.0,0.0,0.0,100000.0,0.0,0.0,100000.0,,,,,,,
102681234,0.0,0.0,0.0,0.0,0.0,100000.0,0.0,0.0,100000.0,,,,,,,
102682398,0.0,0.0,0.0,0.0,0.0,100000.0,0.0,0.0,100000.0,,,,,,,
102683839,0.0,0.0,0.0,0.0,0.0,100000.0,0.0,0.0,100000.0,,,,,,,
102693009,0.0,0.0,0.0,0.0,0.0,2.0,0.0,0.0,2.0,,,,,,,
102695544,0.0,0.0,0.0,0.0,0.0,1.0,0.0,0.0,1.0,,,,,,,
102340851,1769.0,4249.0,381000.0,0.0,0.0,0.0,0.0,0.0,381000.0,,,,,,,
102341511,1769.0,4249.0,435232.0,0.0,0.0,0.0,0.0,0.0,435232.0,,,,,,,
102341643,1769.0,4249.0,381000.0,0.0,0.0,0.0,0.0,0.0,381000.0,,,,,,,
102341869,1769.0,4249.0,70000.0,0.0,0.0,0.0,0.0,0.0,70000.0,,,,,,,
102342005,1769.0,4249.0,178232.0,0.0,0.0,0.0,0.0,0.0,178232.0,,,,,,,
102342138,1769.0,4249.0,280000.0,0.0,0.0,0.0,0.0,0.0,280000.0,,,,,,,
102342385,1769.0,4211.0,0.0,0.0,0.0,293744.0,0.0,0.0,293744.0,,,,,,,
102342487,1769.0,4211.0,0.0,0.0,0.0,50160.0,0.0,0.0,50160.0,,,,,,,
102342621,1769.0,4211.0,0.0,0.0,0.0,200000.0,0.0,0.0,200000.0,,,,,,,
102342842,1769.0,4211.0,0.0,0.0,0.0,500000.0,0.0,0.0,500000.0,,,,,,,
102343110,1778.0,4250.0,0.0,0.0,0.0,200000.0,0.0,0.0,200000.0,,,,,,,
102343408,1778.0,4250.0,0.0,0.0,0.0,200000.0,0.0,0.0,200000.0,,,,,,,
102343547,1778.0,4250.0,0.0,0.0,0.0,217893.0,0.0,0.0,217893.0,,,,,,,
102343735,1778.0,4250.0,0.0,0.0,0.0,150000.0,0.0,0.0,150000.0,,,,,,,
102343900,1778.0,4250.0,0.0,0.0,0.0,289297.0,0.0,0.0,289297.0,,,,,,,
102596404,1769.0,4249.0,65000.0,0.0,0.0,0.0,0.0,0.0,65000.0,,,,,,,
109031048,,,,,,,,,,,,,,,,
120939953,,,,,,,,,,,,,,,,
121016481,,,,,,,,,,,,,,,,
121016958,,,,,,,,,,,,,,,,
121017321,,,,,,,,,,,,,,,,
121017666,,,,,,,,,,,,,,,,
121017928,,,,,,,,,,,,,,,,
121018879,,,,,,,,,,,,,,,,
121019328,,,,,,,,,,,,,,,,
121020154,,,,,,,,,,,,,,,,
121020591,,,,,,,,,,,,,,,,
121021087,,,,,,,,,,,,,,,,
121021712,,,,,,,,,,,,,,,,
121022397,,,,,,,,,,,,,,,,
121023645,,,,,,,,,,,,,,,,
121025487,,,,,,,,,,,,,,,,
121025820,,,,,,,,,,,,,,,,
121026287,,,,,,,,,,,,,,,,
121026289,,,,,,,,,,,,,,,,
121028114,,,,,,,,,,,,,,,,
121029177,,,,,,,,,,,,,,,,
121029591,,,,,,,,,,,,,,,,
121030191,,,,,,,,,,,,,,,,
121030715,,,,,,,,,,,,,,,,
121031257,,,,,,,,,,,,,,,,
121031760,,,,,,,,,,,,,,,,
121032316,,,,,,,,,,,,,,,,
121032568,,,,,,,,,,,,,,,,
121033055,,,,,,,,,,,,,,,,
121033376,,,,,,,,,,,,,,,,
121033956,,,,,,,,,,,,,,,,
121034653,,,,,,,,,,,,,,,,
121034938,,,,,,,,,,,,,,,,
121035884,,,,,,,,,,,,,,,,
121036176,,,,,,,,,,,,,,,,
121036983,,,,,,,,,,,,,,,,
121037229,,,,,,,,,,,,,,,,
121037690,,,,,,,,,,,,,,,,
121038605,,,,,,,,,,,,,,,,
121038972,,,,,,,,,,,,,,,,
121039180,,,,,,,,,,,,,,,,
121039450,,,,,,,,,,,,,,,,
121293907,,,,,,,,,,,,,,,,
121294230,,,,,,,,,,,,,,,,
121294682,,,,,,,,,,,,,,,,
121295237,,,,,,,,,,,,,,,,
121297008,,,,,,,,,,,,,,,,
121299563,,,,,,,,,,,,,,,,
121300149,,,,,,,,,,,,,,,,
121300634,,,,,,,,,,,,,,,,
121300962,,,,,,,,,,,,,,,,
121301681,,,,,,,,,,,,,,,,
121302154,,,,,,,,,,,,,,,,
121302444,,,,,,,,,,,,,,,,
121302897,,,,,,,,,,,,,,,,
121303789,,,,,,,,,,,,,,,,
121304538,,,,,,,,,,,,,,,,
121304841,,,,,,,,,,,,,,,,
121305282,,,,,,,,,,,,,,,,
121305632,,,,,,,,,,,,,,,,
121305871,,,,,,,,,,,,,,,,
121306167,,,,,,,,,,,,,,,,
121306539,,,,,,,,,,,,,,,,
121306845,,,,,,,,,,,,,,,,
121307548,,,,,,,,,,,,,,,,
121308180,,,,,,,,,,,,,,,,
121308720,,,,,,,,,,,,,,,,
121309288,,,,,,,,,,,,,,,,
121309626,,,,,,,,,,,,,,,,
121310160,,,,,,,,,,,,,,,,
121311287,,,,,,,,,,,,,,,,
121695757,1769.0,4211.0,0.0,0.0,0.0,12500.0,0.0,0.0,12500.0,,,,,,,
121696150,1778.0,4250.0,0.0,0.0,0.0,200000.0,0.0,0.0,200000.0,,,,,,,
121696247,1778.0,4250.0,0.0,0.0,0.0,200000.0,0.0,0.0,200000.0,,,,,,,
121696380,0.0,0.0,0.0,0.0,0.0,250000.0,0.0,0.0,250000.0,,,,,,,
121696636,,,,,,,,,,,,,,,,
121696667,,,,,,,,,,,,,,,,
121696690,,,,,,,,,,,,,,,,
121696718,,,,,,,,,,,,,,,,
121696748,,,,,,,,,,,,,,,,
121696801,,,,,,,,,,,,,,,,
121696822,,,,,,,,,,,,,,,,
121696862,,,,,,,,,,,,,,,,
121696889,,,,,,,,,,,,,,,,
121696915,,,,,,,,,,,,,,,,
121696938,38.0,1.0,0.0,0.0,0.0,1000000.0,0.0,0.0,1000000.0,,,,,,,
121696970,38.0,1.0,0.0,0.0,0.0,1000000.0,0.0,0.0,1000000.0,,,,,,,
121697018,1013.0,2029.0,0.0,0.0,0.0,30000.0,0.0,0.0,30000.0,,,,,,,
121697047,1013.0,2029.0,0.0,0.0,0.0,50000.0,0.0,0.0,50000.0,,,,,,,
121697071,1013.0,2029.0,0.0,0.0,0.0,35000.0,0.0,0.0,35000.0,,,,,,,
121697092,1013.0,2029.0,0.0,0.0,0.0,10000.0,0.0,0.0,10000.0,,,,,,,
121697130,1013.0,2029.0,0.0,0.0,0.0,55000.0,0.0,0.0,55000.0,,,,,,,
121697243,,,,,,,,,,,,,,,,
121697272,,,,,,,,,,,,,,,,
121854673,,,,,,,,,,,,,,,,
121855216,,,,,,,,,,,,,,,,
121855716,,,,,,,,,,,,,,,,
121856054,,,,,,,,,,,,,,,,
121856819,,,,,,,,,,,,,,,,
121857496,,,,,,,,,,,,,,,,
128415826,1769.0,4211.0,0.0,0.0,0.0,300000.0,0.0,0.0,300000.0,,,,,,,
128415853,1778.0,4250.0,0.0,0.0,0.0,157190.0,0.0,0.0,157190.0,,,,,,,
128415867,1778.0,4250.0,0.0,0.0,0.0,200000.0,0.0,0.0,200000.0,,,,,,,
121695717,1769.0,4211.0,0.0,0.0,0.0,62476.0,0.0,0.0,62476.0,,,,,,,
121695422,1769.0,4249.0,390000.0,0.0,0.0,0.0,0.0,0.0,390000.0,,,,,,,
121695457,1769.0,4249.0,65000.0,0.0,0.0,0.0,0.0,0.0,65000.0,,,,,,,
121695506,1769.0,4249.0,426232.0,0.0,0.0,0.0,0.0,0.0,426232.0,,,,,,,
121695555,1769.0,4249.0,300000.0,0.0,0.0,0.0,0.0,0.0,300000.0,,,,,,,
121695585,1769.0,4249.0,200000.0,0.0,0.0,0.0,0.0,0.0,200000.0,,,,,,,
121695626,1769.0,4249.0,100000.0,0.0,0.0,0.0,0.0,0.0,100000.0,,,,,,,
121695669,1769.0,4249.0,324000.0,0.0,0.0,0.0,0.0,0.0,324000.0,,,,,,,
121695789,1769.0,4211.0,0.0,0.0,0.0,400000.0,0.0,0.0,400000.0,,,,,,,
121695825,1769.0,4211.0,0.0,0.0,0.0,200000.0,0.0,0.0,200000.0,,,,,,,
121696320,1778.0,4250.0,0.0,0.0,0.0,200000.0,0.0,0.0,200000.0,,,,,,,
126963579,1769.0,4211.0,0.0,0.0,0.0,100000.0,0.0,0.0,100000.0,,,,,,,
128411938,1778.0,4250.0,0.0,0.0,0.0,200000.0,0.0,0.0,200000.0,,,,,,,
128411960,1769.0,4211.0,0.0,0.0,0.0,100000.0,0.0,0.0,100000.0,,,,,,,
121695863,1769.0,4211.0,0.0,0.0,0.0,100000.0,0.0,0.0,100000.0,0.0,0.0,0.0,100000.0,0.0,0.0,
121695901,1769.0,4211.0,0.0,0.0,0.0,100000.0,0.0,0.0,100000.0,0.0,0.0,0.0,100000.0,0.0,0.0,
121695928,1769.0,4211.0,0.0,0.0,0.0,300000.0,0.0,0.0,300000.0,0.0,0.0,0.0,300000.0,0.0,0.0,
121696208,1778.0,4250.0,0.0,0.0,0.0,200000.0,0.0,0.0,200000.0,0.0,0.0,0.0,200000.0,0.0,0.0,
121696288,1778.0,4250.0,0.0,0.0,0.0,200000.0,0.0,0.0,200000.0,0.0,0.0,0.0,200000.0,0.0,0.0,
121696355,1778.0,4250.0,0.0,0.0,0.0,157190.0,0.0,0.0,157190.0,0.0,0.0,0.0,157190.0,0.0,0.0,
44229131,1769.0,4249.0,490000.0,0.0,0.0,0.0,0.0,0.0,490000.0,,,,,,,
44229243,1769.0,4249.0,80000.0,0.0,0.0,0.0,0.0,0.0,80000.0,,,,,,,
44229375,1769.0,4211.0,0.0,0.0,0.0,150000.0,0.0,0.0,150000.0,,,,,,,
44229414,1769.0,4211.0,0.0,0.0,0.0,50000.0,0.0,0.0,50000.0,,,,,,,
44229532,1769.0,4211.0,0.0,0.0,0.0,40000.0,0.0,0.0,40000.0,,,,,,,
44229549,1769.0,4211.0,0.0,0.0,0.0,50000.0,0.0,0.0,50000.0,,,,,,,
44230285,1778.0,4250.0,0.0,0.0,0.0,53844.0,0.0,0.0,53844.0,,,,,,,
44230293,1778.0,4250.0,0.0,0.0,0.0,100000.0,0.0,0.0,100000.0,,,,,,,
44230304,1778.0,4250.0,0.0,0.0,0.0,100000.0,0.0,0.0,100000.0,,,,,,,
44230316,1778.0,4250.0,0.0,0.0,0.0,100000.0,0.0,0.0,100000.0,,,,,,,
44230328,1778.0,4250.0,0.0,0.0,0.0,150000.0,0.0,0.0,150000.0,,,,,,,
44230360,1778.0,4250.0,0.0,0.0,0.0,300000.0,0.0,0.0,300000.0,,,,,,,
44220672,1769.0,4249.0,180000.0,0.0,0.0,0.0,0.0,0.0,180000.0,,,,,,,
44229080,1769.0,4249.0,30000.0,0.0,0.0,0.0,0.0,0.0,30000.0,,,,,,,
44229180,1769.0,4249.0,120000.0,0.0,0.0,0.0,0.0,0.0,120000.0,,,,,,,
44229357,1769.0,4249.0,62350.0,0.0,0.0,0.0,0.0,0.0,62350.0,,,,,,,
44229447,1769.0,4211.0,0.0,0.0,0.0,100000.0,0.0,0.0,100000.0,,,,,,,
44229469,1769.0,4211.0,0.0,0.0,0.0,100000.0,0.0,0.0,100000.0,,,,,,,
44229496,1769.0,4211.0,0.0,0.0,0.0,100000.0,0.0,0.0,100000.0,,,,,,,
44229515,1769.0,4211.0,0.0,0.0,0.0,40000.0,0.0,0.0,40000.0,,,,,,,
44229565,1769.0,4211.0,0.0,0.0,0.0,60000.0,0.0,0.0,60000.0,,,,,,,
44229586,1769.0,4211.0,0.0,0.0,0.0,40000.0,0.0,0.0,40000.0,,,,,,,
44229608,1769.0,4211.0,0.0,0.0,0.0,150000.0,0.0,0.0,150000.0,,,,,,,
44229627,1769.0,4211.0,0.0,0.0,0.0,182350.0,0.0,0.0,182350.0,,,,,,,
44220721,1769.0,4249.0,100000.0,0.0,0.0,0.0,0.0,0.0,100000.0,,,,,,,
48566445,1769.0,4249.0,40000.0,0.0,0.0,0.0,0.0,0.0,40000.0,,,,,,,
48566557,1769.0,4249.0,30000.0,0.0,0.0,0.0,0.0,0.0,30000.0,,,,,,,
48566676,1769.0,4249.0,30000.0,0.0,0.0,0.0,0.0,0.0,30000.0,,,,,,,
48566771,1769.0,4249.0,40000.0,0.0,0.0,0.0,0.0,0.0,40000.0,,,,,,,
48566868,1769.0,4249.0,40000.0,0.0,0.0,0.0,0.0,0.0,40000.0,,,,,,,
48566982,1769.0,4249.0,40000.0,0.0,0.0,0.0,0.0,0.0,40000.0,,,,,,,
48567800,1769.0,4249.0,100000.0,0.0,0.0,0.0,0.0,0.0,100000.0,,,,,,,
48569110,1769.0,4211.0,0.0,0.0,0.0,95000.0,0.0,0.0,95000.0,,,,,,,
48569368,1769.0,4211.0,0.0,0.0,0.0,95000.0,0.0,0.0,95000.0,,,,,,,
48569550,1769.0,4211.0,0.0,0.0,0.0,60000.0,0.0,0.0,60000.0,,,,,,,
48569673,1769.0,4211.0,0.0,0.0,0.0,60000.0,0.0,0.0,60000.0,,,,,,,
48570023,1769.0,4211.0,0.0,0.0,0.0,30000.0,0.0,0.0,30000.0,,,,,,,
48570169,1769.0,4211.0,0.0,0.0,0.0,30000.0,0.0,0.0,30000.0,,,,,,,
48570304,1778.0,4250.0,0.0,0.0,0.0,140000.0,0.0,0.0,140000.0,,,,,,,
48570466,1778.0,4250.0,0.0,0.0,0.0,183844.0,0.0,0.0,183844.0,,,,,,,
48571325,1778.0,4250.0,0.0,0.0,0.0,80000.0,0.0,0.0,80000.0,,,,,,,
48571918,1778.0,4250.0,0.0,0.0,0.0,60000.0,0.0,0.0,60000.0,,,,,,,
48620270,1778.0,4250.0,0.0,0.0,0.0,140000.0,0.0,0.0,140000.0,,,,,,,
48620900,1778.0,4250.0,0.0,0.0,0.0,100000.0,0.0,0.0,100000.0,,,,,,,
48628640,0.0,0.0,0.0,0.0,0.0,20076.0,0.0,0.0,20076.0,,,,,,,
48566127,1769.0,4249.0,62350.0,0.0,0.0,0.0,0.0,0.0,62350.0,,,,,,,
48566224,1769.0,4249.0,140000.0,0.0,0.0,0.0,0.0,0.0,140000.0,,,,,,,
48566328,1769.0,4249.0,70000.0,0.0,0.0,0.0,0.0,0.0,70000.0,,,,,,,
48567232,1769.0,4249.0,38825.0,0.0,0.0,0.0,0.0,0.0,38825.0,,,,,,,
48567337,1769.0,4249.0,100000.0,0.0,0.0,0.0,0.0,0.0,100000.0,,,,,,,
48567910,1769.0,4249.0,100000.0,0.0,0.0,0.0,0.0,0.0,100000.0,,,,,,,
48568018,1769.0,4249.0,183844.0,0.0,0.0,0.0,0.0,0.0,183844.0,,,,,,,
48568160,1769.0,4249.0,47331.0,0.0,0.0,0.0,0.0,0.0,47331.0,,,,,,,
48568382,1769.0,4211.0,0.0,0.0,0.0,102350.0,0.0,0.0,102350.0,,,,,,,
65691556,1769.0,4211.0,0.0,0.0,0.0,50000.0,0.0,0.0,50000.0,,,,,,,
65691573,1769.0,4211.0,0.0,0.0,0.0,50000.0,0.0,0.0,50000.0,,,,,,,
48569878,1769.0,4211.0,0.0,0.0,0.0,490000.0,0.0,0.0,490000.0,,,,,,,
48621117,1778.0,4250.0,0.0,0.0,0.0,100000.0,0.0,0.0,100000.0,,,,,,,
48568553,1769.0,4211.0,0.0,0.0,0.0,100000.0,0.0,0.0,100000.0,0.0,0.0,0.0,100000.0,0.0,0.0,
65107206,1769.0,4249.0,150000.0,0.0,0.0,0.0,0.0,0.0,150000.0,,,,,,,
65107238,1769.0,4249.0,5150.0,0.0,0.0,0.0,0.0,0.0,5150.0,,,,,,,
65107260,1769.0,4249.0,50000.0,0.0,0.0,0.0,0.0,0.0,50000.0,,,,,,,
65107290,1769.0,4249.0,30000.0,0.0,0.0,0.0,0.0,0.0,30000.0,,,,,,,
65107541,1769.0,4211.0,0.0,0.0,0.0,100000.0,0.0,0.0,100000.0,,,,,,,
65107574,1769.0,4211.0,0.0,0.0,0.0,100000.0,0.0,0.0,100000.0,,,,,,,
65107616,1778.0,4250.0,0.0,0.0,0.0,100000.0,0.0,0.0,100000.0,,,,,,,
65107637,1778.0,4250.0,0.0,0.0,0.0,50000.0,0.0,0.0,50000.0,,,,,,,
65107692,0.0,0.0,0.0,0.0,0.0,5000.0,0.0,0.0,5000.0,,,,,,,
65107220,1769.0,4249.0,120000.0,0.0,0.0,0.0,0.0,0.0,120000.0,,,,,,,
65107271,1769.0,4249.0,50000.0,0.0,0.0,0.0,0.0,0.0,50000.0,,,,,,,
65107372,1769.0,4249.0,51885.0,0.0,0.0,0.0,0.0,0.0,51885.0,,,,,,,
65107478,1769.0,4249.0,87300.0,0.0,0.0,0.0,0.0,0.0,87300.0,,,,,,,
65107485,1769.0,4249.0,12600.0,0.0,0.0,0.0,0.0,0.0,12600.0,,,,,,,
65107504,1769.0,4249.0,48135.0,0.0,0.0,0.0,0.0,0.0,48135.0,,,,,,,
65107516,1769.0,4249.0,309000.0,0.0,0.0,0.0,0.0,0.0,309000.0,,,,,,,
65107525,1769.0,4211.0,0.0,0.0,0.0,100000.0,0.0,0.0,100000.0,,,,,,,
65107531,1769.0,4211.0,0.0,0.0,0.0,40000.0,0.0,0.0,40000.0,,,,,,,
65107545,1769.0,4211.0,0.0,0.0,0.0,16750.0,0.0,0.0,16750.0,,,,,,,
65107549,1769.0,4211.0,0.0,0.0,0.0,15000.0,0.0,0.0,15000.0,,,,,,,
65107560,1769.0,4211.0,0.0,0.0,0.0,100000.0,0.0,0.0,100000.0,,,,,,,
65107570,1769.0,4211.0,0.0,0.0,0.0,100000.0,0.0,0.0,100000.0,,,,,,,
65107587,1769.0,4211.0,0.0,0.0,0.0,37242.0,0.0,0.0,37242.0,,,,,,,
65107591,1778.0,4250.0,0.0,0.0,0.0,200000.0,0.0,0.0,200000.0,,,,,,,
65107595,1778.0,4250.0,0.0,0.0,0.0,50000.0,0.0,0.0,50000.0,,,,,,,
65107605,1778.0,4250.0,0.0,0.0,0.0,100000.0,0.0,0.0,100000.0,,,,,,,
65107610,1778.0,4250.0,0.0,0.0,0.0,200000.0,0.0,0.0,200000.0,,,,,,,
65107631,1778.0,4250.0,0.0,0.0,0.0,103844.0,0.0,0.0,103844.0,,,,,,,
61880059,1769.0,4249.0,206744.0,0.0,0.0,0.0,0.0,0.0,206744.0,206744.0,0.0,0.0,0.0,0.0,0.0,
61880124,1769.0,4249.0,250000.0,0.0,0.0,0.0,0.0,0.0,250000.0,250000.0,0.0,0.0,0.0,0.0,0.0,
61880683,1769.0,4249.0,146744.0,0.0,0.0,0.0,0.0,0.0,146744.0,146744.0,0.0,0.0,0.0,0.0,0.0,
61880754,1769.0,4249.0,200000.0,0.0,0.0,0.0,0.0,0.0,200000.0,200000.0,0.0,0.0,0.0,0.0,0.0,
61880824,1769.0,4249.0,50000.0,0.0,0.0,0.0,0.0,0.0,50000.0,50000.0,0.0,0.0,0.0,0.0,0.0,
61880904,1769.0,4249.0,60000.0,0.0,0.0,0.0,0.0,0.0,60000.0,60000.0,0.0,0.0,0.0,0.0,0.0,
61880978,1769.0,4211.0,0.0,0.0,0.0,100000.0,0.0,0.0,100000.0,0.0,0.0,0.0,100000.0,0.0,0.0,
61881033,1769.0,4211.0,0.0,0.0,0.0,158992.0,0.0,0.0,158992.0,0.0,0.0,0.0,158992.0,0.0,0.0,
61881096,1769.0,4211.0,0.0,0.0,0.0,150000.0,0.0,0.0,150000.0,0.0,0.0,0.0,150000.0,0.0,0.0,
61881271,1769.0,4211.0,0.0,0.0,0.0,250000.0,0.0,0.0,250000.0,0.0,0.0,0.0,250000.0,0.0,0.0,
61881425,1778.0,4250.0,0.0,0.0,0.0,168000.0,0.0,0.0,168000.0,0.0,0.0,0.0,168000.0,0.0,0.0,
61881476,1778.0,4250.0,0.0,0.0,0.0,73844.0,0.0,0.0,73844.0,0.0,0.0,0.0,73844.0,0.0,0.0,
61881533,1778.0,4250.0,0.0,0.0,0.0,12000.0,0.0,0.0,12000.0,0.0,0.0,0.0,12000.0,0.0,0.0,
61881620,1778.0,4250.0,0.0,0.0,0.0,100000.0,0.0,0.0,100000.0,0.0,0.0,0.0,100000.0,0.0,0.0,
61881680,1778.0,4250.0,0.0,0.0,0.0,450000.0,0.0,0.0,450000.0,0.0,0.0,0.0,450000.0,0.0,0.0,
61882948,0.0,0.0,0.0,0.0,0.0,5000.0,0.0,0.0,5000.0,0.0,0.0,0.0,5000.0,0.0,0.0,
71782879,1769.0,4249.0,5150.0,0.0,0.0,0.0,0.0,0.0,5150.0,,,,,,,
71785415,1769.0,4211.0,0.0,0.0,0.0,106080.0,0.0,0.0,106080.0,,,,,,,
71787852,1769.0,4211.0,0.0,0.0,0.0,50000.0,0.0,0.0,50000.0,,,,,,,
72016186,,,,,,,,,,,,,,,,
76672967,,,,,,,,,,,,,,,,
76673168,,,,,,,,,,,,,,,,
76673333,,,,,,,,,,,,,,,,
76673474,,,,,,,,,,,,,,,,
76673664,,,,,,,,,,,,,,,,
76673829,,,,,,,,,,,,,,,,
76674092,,,,,,,,,,,,,,,,
76674183,,,,,,,,,,,,,,,,
76674293,,,,,,,,,,,,,,,,
76674381,,,,,,,,,,,,,,,,
76674469,,,,,,,,,,,,,,,,
76674672,,,,,,,,,,,,,,,,
76674745,,,,,,,,,,,,,,,,
76674880,,,,,,,,,,,,,,,,
76675005,,,,,,,,,,,,,,,,
76675071,,,,,,,,,,,,,,,,
76675136,,,,,,,,,,,,,,,,
76675203,,,,,,,,,,,,,,,,
76675251,,,,,,,,,,,,,,,,
76675292,,,,,,,,,,,,,,,,
76675353,,,,,,,,,,,,,,,,
76675403,,,,,,,,,,,,,,,,
76675454,,,,,,,,,,,,,,,,
76675528,,,,,,,,,,,,,,,,
76675620,,,,,,,,,,,,,,,,
76675672,,,,,,,,,,,,,,,,
76675766,,,,,,,,,,,,,,,,
76675824,,,,,,,,,,,,,,,,
76675872,,,,,,,,,,,,,,,,
76675932,,,,,,,,,,,,,,,,
76730677,,,,,,,,,,,,,,,,
76731622,,,,,,,,,,,,,,,,
76733449,,,,,,,,,,,,,,,,
76734722,,,,,,,,,,,,,,,,
76735541,,,,,,,,,,,,,,,,
76736653,,,,,,,,,,,,,,,,
76737609,,,,,,,,,,,,,,,,
76738596,,,,,,,,,,,,,,,,
76739680,,,,,,,,,,,,,,,,
76749368,,,,,,,,,,,,,,,,
76750441,,,,,,,,,,,,,,,,
76751129,,,,,,,,,,,,,,,,
76752718,,,,,,,,,,,,,,,,
76754947,,,,,,,,,,,,,,,,
76755916,,,,,,,,,,,,,,,,
76756642,,,,,,,,,,,,,,,,
76760529,,,,,,,,,,,,,,,,
76762780,,,,,,,,,,,,,,,,
76775994,,,,,,,,,,,,,,,,
76777601,,,,,,,,,,,,,,,,
76780400,,,,,,,,,,,,,,,,
76893709,,,,,,,,,,,,,,,,
76894054,,,,,,,,,,,,,,,,
76894440,,,,,,,,,,,,,,,,
76894936,,,,,,,,,,,,,,,,
76895641,,,,,,,,,,,,,,,,
76896038,,,,,,,,,,,,,,,,
76897433,,,,,,,,,,,,,,,,
77188913,38.0,1.0,0.0,0.0,0.0,100000.0,0.0,0.0,100000.0,,,,,,,
77194008,,,,,,,,,,,,,,,,
77234526,,,,,,,,,,,,,,,,
77234692,,,,,,,,,,,,,,,,
77234842,,,,,,,,,,,,,,,,
77235053,,,,,,,,,,,,,,,,
77235363,38.0,1.0,0.0,0.0,0.0,1000.0,0.0,0.0,1000.0,,,,,,,
77235528,38.0,1.0,0.0,0.0,0.0,1000.0,0.0,0.0,1000.0,,,,,,,
77235767,,,,,,,,,,,,,,,,
77235885,,,,,,,,,,,,,,,,
77236004,,,,,,,,,,,,,,,,
77236138,,,,,,,,,,,,,,,,
77236251,,,,,,,,,,,,,,,,
77236453,,,,,,,,,,,,,,,,
77236707,,,,,,,,,,,,,,,,
77236836,,,,,,,,,,,,,,,,
77236936,,,,,,,,,,,,,,,,
77237143,,,,,,,,,,,,,,,,
77237467,38.0,1.0,0.0,0.0,0.0,500000.0,0.0,0.0,500000.0,,,,,,,
77237783,,,,,,,,,,,,,,,,
77237909,,,,,,,,,,,,,,,,
77238037,,,,,,,,,,,,,,,,
77238200,,,,,,,,,,,,,,,,
77238319,,,,,,,,,,,,,,,,
77238477,,,,,,,,,,,,,,,,
77238637,,,,,,,,,,,,,,,,
77238905,,,,,,,,,,,,,,,,
77239132,0.0,0.0,0.0,0.0,0.0,10000.0,0.0,0.0,10000.0,,,,,,,
77239347,,,,,,,,,,,,,,,,
77239491,,,,,,,,,,,,,,,,
77239909,,,,,,,,,,,,,,,,
77240111,,,,,,,,,,,,,,,,
77240244,,,,,,,,,,,,,,,,
77240307,,,,,,,,,,,,,,,,
77240383,,,,,,,,,,,,,,,,
77240471,,,,,,,,,,,,,,,,
77240562,,,,,,,,,,,,,,,,
77240671,,,,,,,,,,,,,,,,
77240775,38.0,1.0,0.0,0.0,0.0,100000.0,0.0,0.0,100000.0,,,,,,,
77461555,,,,,,,,,,,,,,,,
77462058,,,,,,,,,,,,,,,,
77463280,,,,,,,,,,,,,,,,
77464510,38.0,1.0,0.0,0.0,0.0,550000.0,0.0,0.0,550000.0,,,,,,,
77465084,,,,,,,,,,,,,,,,
77465569,,,,,,,,,,,,,,,,
77466202,,,,,,,,,,,,,,,,
77467784,,,,,,,,,,,,,,,,
77469187,,,,,,,,,,,,,,,,
77470138,,,,,,,,,,,,,,,,
77470754,,,,,,,,,,,,,,,,
77471305,,,,,,,,,,,,,,,,
77472407,,,,,,,,,,,,,,,,
77472974,,,,,,,,,,,,,,,,
77473623,,,,,,,,,,,,,,,,
77474083,,,,,,,,,,,,,,,,
77482261,,,,,,,,,,,,,,,,
77540501,,,,,,,,,,,,,,,,
77540663,,,,,,,,,,,,,,,,
77540821,,,,,,,,,,,,,,,,
77540976,,,,,,,,,,,,,,,,
77541269,,,,,,,,,,,,,,,,
77541437,,,,,,,,,,,,,,,,
77541616,,,,,,,,,,,,,,,,
77541789,,,,,,,,,,,,,,,,
77541977,,,,,,,,,,,,,,,,
77542162,,,,,,,,,,,,,,,,
77542330,,,,,,,,,,,,,,,,
77542530,,,,,,,,,,,,,,,,
77542742,,,,,,,,,,,,,,,,
77542977,,,,,,,,,,,,,,,,
77543116,,,,,,,,,,,,,,,,
77543230,,,,,,,,,,,,,,,,
77543356,,,,,,,,,,,,,,,,
77543644,,,,,,,,,,,,,,,,
77543771,,,,,,,,,,,,,,,,
77543917,38.0,1.0,0.0,0.0,0.0,2000.0,0.0,0.0,2000.0,,,,,,,
77544041,,,,,,,,,,,,,,,,
77544156,0.0,0.0,0.0,0.0,0.0,1000.0,0.0,0.0,1000.0,,,,,,,
77544273,0.0,0.0,0.0,0.0,0.0,500.0,0.0,0.0,500.0,,,,,,,
77544387,0.0,0.0,0.0,0.0,0.0,200.0,0.0,0.0,200.0,,,,,,,
77544475,38.0,1.0,0.0,0.0,0.0,100000.0,0.0,0.0,100000.0,,,,,,,
77544575,,,,,,,,,,,,,,,,
77544646,,,,,,,,,,,,,,,,
77544731,,,,,,,,,,,,,,,,
77544811,,,,,,,,,,,,,,,,
77544885,,,,,,,,,,,,,,,,
77544960,,,,,,,,,,,,,,,,
77545053,,,,,,,,,,,,,,,,
77545142,,,,,,,,,,,,,,,,
77545222,,,,,,,,,,,,,,,,
77545357,,,,,,,,,,,,,,,,
77545438,,,,,,,,,,,,,,,,
77545506,,,,,,,,,,,,,,,,
77545641,,,,,,,,,,,,,,,,
77545703,,,,,,,,,,,,,,,,
77545773,,,,,,,,,,,,,,,,
77545836,,,,,,,,,,,,,,,,
77545896,,,,,,,,,,,,,,,,
77545954,,,,,,,,,,,,,,,,
77546011,,,,,,,,,,,,,,,,
77546071,,,,,,,,,,,,,,,,
77546138,,,,,,,,,,,,,,,,
77546191,,,,,,,,,,,,,,,,
77546245,,,,,,,,,,,,,,,,
77546296,,,,,,,,,,,,,,,,
77546402,,,,,,,,,,,,,,,,
77546502,38.0,1.0,0.0,0.0,0.0,650000.0,0.0,0.0,650000.0,,,,,,,
77546580,38.0,1.0,0.0,0.0,0.0,750000.0,0.0,0.0,750000.0,,,,,,,
77546694,38.0,1.0,0.0,0.0,0.0,650000.0,0.0,0.0,650000.0,,,,,,,
77546802,,,,,,,,,,,,,,,,
77546884,,,,,,,,,,,,,,,,
77546945,38.0,1.0,0.0,0.0,0.0,950000.0,0.0,0.0,950000.0,,,,,,,
77547014,38.0,1.0,0.0,0.0,0.0,100000.0,0.0,0.0,100000.0,,,,,,,
77547119,38.0,1.0,0.0,0.0,0.0,100000.0,0.0,0.0,100000.0,,,,,,,
77547170,38.0,1.0,0.0,0.0,0.0,100000.0,0.0,0.0,100000.0,,,,,,,
77547267,,,,,,,,,,,,,,,,
77547313,,,,,,,,,,,,,,,,
82591106,,,,,,,,,,,,,,,,
82591414,,,,,,,,,,,,,,,,
82591764,,,,,,,,,,,,,,,,
82592378,,,,,,,,,,,,,,,,
82593391,,,,,,,,,,,,,,,,
82593849,,,,,,,,,,,,,,,,
82599849,1769.0,4249.0,150000.0,0.0,0.0,0.0,0.0,0.0,150000.0,,,,,,,
82622627,,,,,,,,,,,,,,,,
82623277,,,,,,,,,,,,,,,,
82623404,,,,,,,,,,,,,,,,
82623684,,,,,,,,,,,,,,,,
82623919,38.0,1.0,0.0,0.0,0.0,100000.0,0.0,0.0,100000.0,,,,,,,
82624065,38.0,1.0,0.0,0.0,0.0,100000.0,0.0,0.0,100000.0,,,,,,,
82624175,38.0,1.0,0.0,0.0,0.0,100000.0,0.0,0.0,100000.0,,,,,,,
82624285,38.0,1.0,0.0,0.0,0.0,100000.0,0.0,0.0,100000.0,,,,,,,
82624374,38.0,1.0,0.0,0.0,0.0,100000.0,0.0,0.0,100000.0,,,,,,,
82624452,38.0,1.0,0.0,0.0,0.0,100000.0,0.0,0.0,100000.0,,,,,,,
82625002,38.0,1.0,0.0,0.0,0.0,100000.0,0.0,0.0,100000.0,,,,,,,
82625074,38.0,1.0,0.0,0.0,0.0,100000.0,0.0,0.0,100000.0,,,,,,,
82625178,38.0,1.0,0.0,0.0,0.0,100000.0,0.0,0.0,100000.0,,,,,,,
82625237,38.0,1.0,0.0,0.0,0.0,100000.0,0.0,0.0,100000.0,,,,,,,
82625333,38.0,1.0,0.0,0.0,0.0,100000.0,0.0,0.0,100000.0,,,,,,,
82625393,38.0,1.0,0.0,0.0,0.0,100000.0,0.0,0.0,100000.0,,,,,,,
82625597,38.0,1.0,0.0,0.0,0.0,100000.0,0.0,0.0,100000.0,,,,,,,
82625669,38.0,1.0,0.0,0.0,0.0,100000.0,0.0,0.0,100000.0,,,,,,,
82625739,38.0,1.0,0.0,0.0,0.0,100000.0,0.0,0.0,100000.0,,,,,,,
82626070,38.0,1.0,0.0,0.0,0.0,100000.0,0.0,0.0,100000.0,,,,,,,
82626134,38.0,1.0,0.0,0.0,0.0,100000.0,0.0,0.0,100000.0,,,,,,,
77189402,38.0,1.0,0.0,0.0,0.0,50000.0,0.0,0.0,50000.0,,,,,,,
71778123,1769.0,4249.0,30000.0,0.0,0.0,0.0,0.0,0.0,30000.0,,,,,,,
71778714,1769.0,4249.0,100000.0,0.0,0.0,0.0,0.0,0.0,100000.0,,,,,,,
71783933,1769.0,4249.0,52410.0,0.0,0.0,0.0,0.0,0.0,52410.0,,,,,,,
71784824,1769.0,4249.0,50000.0,0.0,0.0,0.0,0.0,0.0,50000.0,,,,,,,
71785907,1769.0,4211.0,0.0,0.0,0.0,200000.0,0.0,0.0,200000.0,,,,,,,
71786781,1769.0,4211.0,0.0,0.0,0.0,50000.0,0.0,0.0,50000.0,,,,,,,
71787353,1769.0,4211.0,0.0,0.0,0.0,50000.0,0.0,0.0,50000.0,,,,,,,
71788368,1769.0,4211.0,0.0,0.0,0.0,160000.0,0.0,0.0,160000.0,,,,,,,
71790344,1778.0,4250.0,0.0,0.0,0.0,100000.0,0.0,0.0,100000.0,,,,,,,
71791873,1778.0,4250.0,0.0,0.0,0.0,100000.0,0.0,0.0,100000.0,,,,,,,
77179588,1769.0,4249.0,29100.0,0.0,0.0,0.0,0.0,0.0,29100.0,,,,,,,
77180319,1769.0,4249.0,29100.0,0.0,0.0,0.0,0.0,0.0,29100.0,,,,,,,
77180963,1769.0,4249.0,29100.0,0.0,0.0,0.0,0.0,0.0,29100.0,,,,,,,
77181460,1769.0,4249.0,29100.0,0.0,0.0,0.0,0.0,0.0,29100.0,,,,,,,
77185759,1769.0,4249.0,29100.0,0.0,0.0,0.0,0.0,0.0,29100.0,,,,,,,
77189960,1769.0,4249.0,15000.0,0.0,0.0,0.0,0.0,0.0,15000.0,,,,,,,
77190542,1769.0,4249.0,35000.0,0.0,0.0,0.0,0.0,0.0,35000.0,,,,,,,
82594828,1769.0,4249.0,182060.0,0.0,0.0,0.0,0.0,0.0,182060.0,,,,,,,
82596655,1769.0,4249.0,10000.0,0.0,0.0,0.0,0.0,0.0,10000.0,,,,,,,
82597000,1769.0,4249.0,24000.0,0.0,0.0,0.0,0.0,0.0,24000.0,,,,,,,
82597337,1769.0,4249.0,90000.0,0.0,0.0,0.0,0.0,0.0,90000.0,,,,,,,
82597812,1769.0,4249.0,50000.0,0.0,0.0,0.0,0.0,0.0,50000.0,,,,,,,
82619710,1778.0,4250.0,0.0,0.0,0.0,104000.0,0.0,0.0,104000.0,,,,,,,
82619899,1778.0,4250.0,0.0,0.0,0.0,50000.0,0.0,0.0,50000.0,,,,,,,
82620157,1778.0,4250.0,0.0,0.0,0.0,50000.0,0.0,0.0,50000.0,,,,,,,
82620425,1778.0,4250.0,0.0,0.0,0.0,50000.0,0.0,0.0,50000.0,,,,,,,
82620528,1778.0,4250.0,0.0,0.0,0.0,50000.0,0.0,0.0,50000.0,,,,,,,
82620683,1778.0,4250.0,0.0,0.0,0.0,50000.0,0.0,0.0,50000.0,,,,,,,
82620771,1778.0,4250.0,0.0,0.0,0.0,50000.0,0.0,0.0,50000.0,,,,,,,
82620887,1778.0,4250.0,0.0,0.0,0.0,50000.0,0.0,0.0,50000.0,,,,,,,
82620987,1778.0,4250.0,0.0,0.0,0.0,50000.0,0.0,0.0,50000.0,,,,,,,
82621086,1778.0,4250.0,0.0,0.0,0.0,50000.0,0.0,0.0,50000.0,,,,,,,
82621188,1778.0,4250.0,0.0,0.0,0.0,50000.0,0.0,0.0,50000.0,,,,,,,
99713914,,,,,,,,,,,,,,,,
99714482,,,,,,,,,,,,,,,,
99714522,,,,,,,,,,,,,,,,
99714807,,,,,,,,,,,,,,,,
99715074,,,,,,,,,,,,,,,,
99715344,,,,,,,,,,,,,,,,
99715636,,,,,,,,,,,,,,,,
99715865,,,,,,,,,,,,,,,,
99716201,,,,,,,,,,,,,,,,
99716528,,,,,,,,,,,,,,,,
99716763,,,,,,,,,,,,,,,,
99717169,,,,,,,,,,,,,,,,
99717523,,,,,,,,,,,,,,,,
99717757,,,,,,,,,,,,,,,,
99718017,,,,,,,,,,,,,,,,
99718480,,,,,,,,,,,,,,,,
99718640,,,,,,,,,,,,,,,,
99718955,,,,,,,,,,,,,,,,
99719123,,,,,,,,,,,,,,,,
99719249,,,,,,,,,,,,,,,,
99719377,,,,,,,,,,,,,,,,
99719378,,,,,,,,,,,,,,,,
99719690,,,,,,,,,,,,,,,,
99719833,,,,,,,,,,,,,,,,
99721079,0.0,0.0,0.0,0.0,0.0,10000.0,0.0,0.0,10000.0,,,,,,,
99722774,,,,,,,,,,,,,,,,
99722881,,,,,,,,,,,,,,,,
99722974,,,,,,,,,,,,,,,,
99723242,,,,,,,,,,,,,,,,
99723361,,,,,,,,,,,,,,,,
99723449,,,,,,,,,,,,,,,,
99723514,,,,,,,,,,,,,,,,
99723580,,,,,,,,,,,,,,,,
99781719,38.0,1.0,0.0,0.0,0.0,1000000.0,0.0,0.0,1000000.0,,,,,,,
99782219,38.0,1.0,0.0,0.0,0.0,500000.0,0.0,0.0,500000.0,,,,,,,
99782870,38.0,1.0,0.0,0.0,0.0,200000.0,0.0,0.0,200000.0,,,,,,,
99783628,38.0,1.0,0.0,0.0,0.0,100000.0,0.0,0.0,100000.0,,,,,,,
99784325,38.0,1.0,0.0,0.0,0.0,300000.0,0.0,0.0,300000.0,,,,,,,
99787133,38.0,1.0,0.0,0.0,0.0,100000.0,0.0,0.0,100000.0,,,,,,,
99787879,38.0,1.0,0.0,0.0,0.0,100000.0,0.0,0.0,100000.0,,,,,,,
107151358,1769.0,4249.0,8000.0,0.0,0.0,0.0,0.0,0.0,8000.0,,,,,,,
107151554,1769.0,4249.0,20000.0,0.0,0.0,0.0,0.0,0.0,20000.0,,,,,,,
107151581,1769.0,4249.0,5150.0,0.0,0.0,0.0,0.0,0.0,5150.0,,,,,,,
107151635,1769.0,4249.0,5000.0,0.0,0.0,0.0,0.0,0.0,5000.0,,,,,,,
107156144,1769.0,4249.0,5000.0,0.0,0.0,0.0,0.0,0.0,5000.0,,,,,,,
107156174,1769.0,4249.0,5000.0,0.0,0.0,0.0,0.0,0.0,5000.0,,,,,,,
107156232,1769.0,4249.0,5000.0,0.0,0.0,0.0,0.0,0.0,5000.0,,,,,,,
107156268,1769.0,4249.0,5000.0,0.0,0.0,0.0,0.0,0.0,5000.0,,,,,,,
107156312,1769.0,4249.0,5000.0,0.0,0.0,0.0,0.0,0.0,5000.0,,,,,,,
107156342,1769.0,4249.0,5000.0,0.0,0.0,0.0,0.0,0.0,5000.0,,,,,,,
107156390,1769.0,4249.0,4000.0,0.0,0.0,0.0,0.0,0.0,4000.0,,,,,,,
107156439,1769.0,4249.0,4000.0,0.0,0.0,0.0,0.0,0.0,4000.0,,,,,,,
107156477,1769.0,4249.0,4000.0,0.0,0.0,0.0,0.0,0.0,4000.0,,,,,,,
107156513,1769.0,4249.0,4000.0,0.0,0.0,0.0,0.0,0.0,4000.0,,,,,,,
107157468,1769.0,4249.0,4000.0,0.0,0.0,0.0,0.0,0.0,4000.0,,,,,,,
107163611,1769.0,4249.0,4000.0,0.0,0.0,0.0,0.0,0.0,4000.0,,,,,,,
107163629,1769.0,4249.0,4000.0,0.0,0.0,0.0,0.0,0.0,4000.0,,,,,,,
107163648,1769.0,4249.0,10000.0,0.0,0.0,0.0,0.0,0.0,10000.0,,,,,,,
107163684,1769.0,4249.0,5000.0,0.0,0.0,0.0,0.0,0.0,5000.0,,,,,,,
107163840,1769.0,4249.0,3000.0,0.0,0.0,0.0,0.0,0.0,3000.0,,,,,,,
107163875,1769.0,4249.0,3500.0,0.0,0.0,0.0,0.0,0.0,3500.0,,,,,,,
107163891,1769.0,4249.0,3500.0,0.0,0.0,0.0,0.0,0.0,3500.0,,,,,,,
107163904,1769.0,4249.0,3500.0,0.0,0.0,0.0,0.0,0.0,3500.0,,,,,,,
107165112,1769.0,4249.0,3500.0,0.0,0.0,0.0,0.0,0.0,3500.0,,,,,,,
107165119,1769.0,4249.0,3500.0,0.0,0.0,0.0,0.0,0.0,3500.0,,,,,,,
107165124,1769.0,4249.0,6000.0,0.0,0.0,0.0,0.0,0.0,6000.0,,,,,,,
107165132,1769.0,4249.0,3000.0,0.0,0.0,0.0,0.0,0.0,3000.0,,,,,,,
107165136,1769.0,4249.0,3000.0,0.0,0.0,0.0,0.0,0.0,3000.0,,,,,,,
107165145,1769.0,4249.0,3000.0,0.0,0.0,0.0,0.0,0.0,3000.0,,,,,,,
107165160,1769.0,4249.0,3000.0,0.0,0.0,0.0,0.0,0.0,3000.0,,,,,,,
107165171,1769.0,4249.0,3000.0,0.0,0.0,0.0,0.0,0.0,3000.0,,,,,,,
107165185,1769.0,4249.0,3000.0,0.0,0.0,0.0,0.0,0.0,3000.0,,,,,,,
107165195,1769.0,4249.0,3000.0,0.0,0.0,0.0,0.0,0.0,3000.0,,,,,,,
107165204,1769.0,4249.0,3000.0,0.0,0.0,0.0,0.0,0.0,3000.0,,,,,,,
107165212,1769.0,4249.0,3000.0,0.0,0.0,0.0,0.0,0.0,3000.0,,,,,,,
107165298,1769.0,4249.0,3000.0,0.0,0.0,0.0,0.0,0.0,3000.0,,,,,,,
107165318,1769.0,4249.0,3000.0,0.0,0.0,0.0,0.0,0.0,3000.0,,,,,,,
107165324,1769.0,4249.0,3000.0,0.0,0.0,0.0,0.0,0.0,3000.0,,,,,,,
107165572,1769.0,4249.0,6000.0,0.0,0.0,0.0,0.0,0.0,6000.0,,,,,,,
107165583,1769.0,4249.0,3000.0,0.0,0.0,0.0,0.0,0.0,3000.0,,,,,,,
107165597,1769.0,4249.0,3000.0,0.0,0.0,0.0,0.0,0.0,3000.0,,,,,,,
107165610,1769.0,4249.0,6000.0,0.0,0.0,0.0,0.0,0.0,6000.0,,,,,,,
107165622,1769.0,4249.0,6000.0,0.0,0.0,0.0,0.0,0.0,6000.0,,,,,,,
107165636,1769.0,4249.0,6000.0,0.0,0.0,0.0,0.0,0.0,6000.0,,,,,,,
107165648,1769.0,4249.0,3000.0,0.0,0.0,0.0,0.0,0.0,3000.0,,,,,,,
107165654,1769.0,4249.0,3000.0,0.0,0.0,0.0,0.0,0.0,3000.0,,,,,,,
107165668,1769.0,4249.0,3000.0,0.0,0.0,0.0,0.0,0.0,3000.0,,,,,,,
107165680,1769.0,4249.0,3000.0,0.0,0.0,0.0,0.0,0.0,3000.0,,,,,,,
107165689,1769.0,4249.0,3000.0,0.0,0.0,0.0,0.0,0.0,3000.0,,,,,,,
107518618,1769.0,4249.0,61897.0,0.0,0.0,0.0,0.0,0.0,61897.0,,,,,,,
99708661,1769.0,4211.0,0.0,0.0,0.0,50000.0,0.0,0.0,50000.0,,,,,,,
99554571,1769.0,4249.0,117000.0,0.0,0.0,0.0,0.0,0.0,117000.0,,,,,,,
99554880,1769.0,4249.0,300000.0,0.0,0.0,0.0,0.0,0.0,300000.0,,,,,,,
99555327,1769.0,4249.0,30000.0,0.0,0.0,0.0,0.0,0.0,30000.0,,,,,,,
99556218,1769.0,4249.0,42567.0,0.0,0.0,0.0,0.0,0.0,42567.0,,,,,,,
99707524,1769.0,4211.0,0.0,0.0,0.0,102756.0,0.0,0.0,102756.0,,,,,,,
99708144,1769.0,4211.0,0.0,0.0,0.0,50000.0,0.0,0.0,50000.0,,,,,,,
99708342,1769.0,4211.0,0.0,0.0,0.0,50000.0,0.0,0.0,50000.0,,,,,,,
99709180,1769.0,4211.0,0.0,0.0,0.0,50000.0,0.0,0.0,50000.0,,,,,,,
99709354,1769.0,4211.0,0.0,0.0,0.0,50000.0,0.0,0.0,50000.0,,,,,,,
99709542,1769.0,4211.0,0.0,0.0,0.0,50000.0,0.0,0.0,50000.0,,,,,,,
99709700,1769.0,4211.0,0.0,0.0,0.0,50000.0,0.0,0.0,50000.0,,,,,,,
99709913,1769.0,4211.0,0.0,0.0,0.0,50000.0,0.0,0.0,50000.0,,,,,,,
99710086,1769.0,4211.0,0.0,0.0,0.0,50000.0,0.0,0.0,50000.0,,,,,,,
99710276,1769.0,4211.0,0.0,0.0,0.0,100000.0,0.0,0.0,100000.0,,,,,,,
99710543,1778.0,4250.0,0.0,0.0,0.0,200000.0,0.0,0.0,200000.0,,,,,,,
99711777,1778.0,4250.0,0.0,0.0,0.0,70000.0,0.0,0.0,70000.0,,,,,,,
99712487,1778.0,4250.0,0.0,0.0,0.0,70000.0,0.0,0.0,70000.0,,,,,,,
99712665,1778.0,4250.0,0.0,0.0,0.0,70000.0,0.0,0.0,70000.0,,,,,,,
99712850,1778.0,4250.0,0.0,0.0,0.0,200000.0,0.0,0.0,200000.0,,,,,,,
99713042,1778.0,4250.0,0.0,0.0,0.0,124044.0,0.0,0.0,124044.0,,,,,,,
107151089,1769.0,4249.0,4860.0,0.0,0.0,0.0,0.0,0.0,4860.0,,,,,,,
107151122,1769.0,4249.0,4860.0,0.0,0.0,0.0,0.0,0.0,4860.0,,,,,,,
107151144,1769.0,4249.0,4860.0,0.0,0.0,0.0,0.0,0.0,4860.0,,,,,,,
107151164,1769.0,4249.0,4860.0,0.0,0.0,0.0,0.0,0.0,4860.0,,,,,,,
107151191,1769.0,4249.0,4860.0,0.0,0.0,0.0,0.0,0.0,4860.0,,,,,,,
107151284,1769.0,4249.0,60420.0,0.0,0.0,0.0,0.0,0.0,60420.0,,,,,,,
107151394,1769.0,4249.0,22000.0,0.0,0.0,0.0,0.0,0.0,22000.0,,,,,,,
107151441,1769.0,4249.0,15000.0,0.0,0.0,0.0,0.0,0.0,15000.0,,,,,,,
107163708,1769.0,4249.0,29100.0,0.0,0.0,0.0,0.0,0.0,29100.0,,,,,,,
107163799,1769.0,4249.0,29100.0,0.0,0.0,0.0,0.0,0.0,29100.0,,,,,,,
107163810,1769.0,4249.0,29100.0,0.0,0.0,0.0,0.0,0.0,29100.0,,,,,,,
107270771,1778.0,4250.0,0.0,0.0,0.0,70000.0,0.0,0.0,70000.0,,,,,,,
116939070,1778.0,4250.0,0.0,0.0,0.0,263040.0,0.0,0.0,263040.0,,,,,,,
116939944,1769.0,4249.0,5150.0,0.0,0.0,0.0,0.0,0.0,5150.0,,,,,,,
116942340,1769.0,4249.0,29100.0,0.0,0.0,0.0,0.0,0.0,29100.0,,,,,,,
116942659,1769.0,4249.0,10000.0,0.0,0.0,0.0,0.0,0.0,10000.0,,,,,,,
116942828,1769.0,4249.0,10000.0,0.0,0.0,0.0,0.0,0.0,10000.0,,,,,,,
116942999,1769.0,4249.0,5000.0,0.0,0.0,0.0,0.0,0.0,5000.0,,,,,,,
116943130,1769.0,4249.0,5000.0,0.0,0.0,0.0,0.0,0.0,5000.0,,,,,,,
116943258,1769.0,4249.0,5000.0,0.0,0.0,0.0,0.0,0.0,5000.0,,,,,,,
116943498,1769.0,4249.0,5000.0,0.0,0.0,0.0,0.0,0.0,5000.0,,,,,,,
117198635,,,,,,,,,,,,,,,,
117199266,,,,,,,,,,,,,,,,
117206161,,,,,,,,,,,,,,,,
117206654,,,,,,,,,,,,,,,,
117207836,,,,,,,,,,,,,,,,
117305604,,,,,,,,,,,,,,,,
117306011,,,,,,,,,,,,,,,,
117306991,,,,,,,,,,,,,,,,
117307346,,,,,,,,,,,,,,,,
117307709,,,,,,,,,,,,,,,,
117308279,,,,,,,,,,,,,,,,
117308597,,,,,,,,,,,,,,,,
117308863,,,,,,,,,,,,,,,,
117309165,,,,,,,,,,,,,,,,
119073438,,,,,,,,,,,,,,,,
119073662,,,,,,,,,,,,,,,,
119073855,,,,,,,,,,,,,,,,
119074149,,,,,,,,,,,,,,,,
119074359,,,,,,,,,,,,,,,,
119074560,,,,,,,,,,,,,,,,
119089550,38.0,1.0,0.0,0.0,0.0,950000.0,0.0,0.0,950000.0,,,,,,,
119092175,38.0,1.0,0.0,0.0,0.0,500000.0,0.0,0.0,500000.0,,,,,,,
119092964,38.0,1.0,0.0,0.0,0.0,500000.0,0.0,0.0,500000.0,,,,,,,
119093152,38.0,1.0,0.0,0.0,0.0,650000.0,0.0,0.0,650000.0,,,,,,,
119093392,38.0,1.0,0.0,0.0,0.0,180000.0,0.0,0.0,180000.0,,,,,,,
119093519,38.0,1.0,0.0,0.0,0.0,800000.0,0.0,0.0,800000.0,,,,,,,
119093625,38.0,1.0,0.0,0.0,0.0,750000.0,0.0,0.0,750000.0,,,,,,,
119093737,38.0,1.0,0.0,0.0,0.0,800000.0,0.0,0.0,800000.0,,,,,,,
119095097,38.0,1.0,0.0,0.0,0.0,500000.0,0.0,0.0,500000.0,,,,,,,
119095240,,,,,,,,,,,,,,,,
119095331,,,,,,,,,,,,,,,,
119095427,,,,,,,,,,,,,,,,
119095756,,,,,,,,,,,,,,,,
119095854,,,,,,,,,,,,,,,,
119095932,,,,,,,,,,,,,,,,
119095990,,,,,,,,,,,,,,,,
119096060,,,,,,,,,,,,,,,,
119096137,,,,,,,,,,,,,,,,
119096200,,,,,,,,,,,,,,,,
119167824,,,,,,,,,,,,,,,,
119167984,,,,,,,,,,,,,,,,
119168254,,,,,,,,,,,,,,,,
119168771,,,,,,,,,,,,,,,,
119168946,,,,,,,,,,,,,,,,
119169806,,,,,,,,,,,,,,,,
119169968,,,,,,,,,,,,,,,,
119170432,,,,,,,,,,,,,,,,
119170729,,,,,,,,,,,,,,,,
119170900,,,,,,,,,,,,,,,,
120769652,,,,,,,,,,,,,,,,
120769931,,,,,,,,,,,,,,,,
120775845,0.0,0.0,0.0,0.0,0.0,3000.0,0.0,0.0,3000.0,,,,,,,
120776116,0.0,0.0,0.0,0.0,0.0,3000.0,0.0,0.0,3000.0,,,,,,,
120776390,0.0,0.0,0.0,0.0,0.0,5000.0,0.0,0.0,5000.0,,,,,,,
120776557,0.0,0.0,0.0,0.0,0.0,5000.0,0.0,0.0,5000.0,,,,,,,
120776734,0.0,0.0,0.0,0.0,0.0,5000.0,0.0,0.0,5000.0,,,,,,,
120777072,0.0,0.0,0.0,0.0,0.0,5000.0,0.0,0.0,5000.0,,,,,,,
120777320,0.0,0.0,0.0,0.0,0.0,3000.0,0.0,0.0,3000.0,,,,,,,
120777583,0.0,0.0,0.0,0.0,0.0,4000.0,0.0,0.0,4000.0,,,,,,,
120777828,0.0,0.0,0.0,0.0,0.0,3000.0,0.0,0.0,3000.0,,,,,,,
120778078,0.0,0.0,0.0,0.0,0.0,5000.0,0.0,0.0,5000.0,,,,,,,
120780042,0.0,0.0,0.0,0.0,0.0,20000.0,0.0,0.0,20000.0,,,,,,,
120780279,0.0,0.0,0.0,0.0,0.0,20000.0,0.0,0.0,20000.0,,,,,,,
120780469,0.0,0.0,0.0,0.0,0.0,5000.0,0.0,0.0,5000.0,,,,,,,
120780875,0.0,0.0,0.0,0.0,0.0,25000.0,0.0,0.0,25000.0,,,,,,,
120781082,0.0,0.0,0.0,0.0,0.0,5000.0,0.0,0.0,5000.0,,,,,,,
120782403,0.0,0.0,0.0,0.0,0.0,1000.0,0.0,0.0,1000.0,,,,,,,
120782625,0.0,0.0,0.0,0.0,0.0,1000.0,0.0,0.0,1000.0,,,,,,,
120782855,0.0,0.0,0.0,0.0,0.0,5000.0,0.0,0.0,5000.0,,,,,,,
120791564,38.0,1.0,0.0,0.0,0.0,1000000.0,0.0,0.0,1000000.0,,,,,,,
120791766,38.0,1.0,0.0,0.0,0.0,800000.0,0.0,0.0,800000.0,,,,,,,
120767246,1778.0,4250.0,0.0,0.0,0.0,50000.0,0.0,0.0,50000.0,,,,,,,
114480358,1769.0,4249.0,300000.0,0.0,0.0,0.0,0.0,0.0,300000.0,,,,,,,
114482331,1769.0,4249.0,117000.0,0.0,0.0,0.0,0.0,0.0,117000.0,,,,,,,
114484467,1769.0,4249.0,30567.0,0.0,0.0,0.0,0.0,0.0,30567.0,,,,,,,
114486227,1769.0,4249.0,42000.0,0.0,0.0,0.0,0.0,0.0,42000.0,,,,,,,
114489608,1778.0,4250.0,0.0,0.0,0.0,100000.0,0.0,0.0,100000.0,,,,,,,
116939380,1769.0,4249.0,300000.0,0.0,0.0,0.0,0.0,0.0,300000.0,,,,,,,
116944306,1769.0,4249.0,30217.0,0.0,0.0,0.0,0.0,0.0,30217.0,,,,,,,
117125903,1769.0,4211.0,0.0,0.0,0.0,300000.0,0.0,0.0,300000.0,,,,,,,
117126175,1769.0,4211.0,0.0,0.0,0.0,300000.0,0.0,0.0,300000.0,,,,,,,
117126878,1769.0,4211.0,0.0,0.0,0.0,52756.0,0.0,0.0,52756.0,,,,,,,
117129679,1778.0,4250.0,0.0,0.0,0.0,121044.0,0.0,0.0,121044.0,,,,,,,
117130103,1778.0,4250.0,0.0,0.0,0.0,100000.0,0.0,0.0,100000.0,,,,,,,
117130546,1778.0,4250.0,0.0,0.0,0.0,100000.0,0.0,0.0,100000.0,,,,,,,
117131013,1778.0,4250.0,0.0,0.0,0.0,50000.0,0.0,0.0,50000.0,,,,,,,
117131915,1778.0,4250.0,0.0,0.0,0.0,50000.0,0.0,0.0,50000.0,,,,,,,
117132339,1778.0,4250.0,0.0,0.0,0.0,50000.0,0.0,0.0,50000.0,,,,,,,
117133108,1778.0,4250.0,0.0,0.0,0.0,50000.0,0.0,0.0,50000.0,,,,,,,
117133377,1778.0,4250.0,0.0,0.0,0.0,50000.0,0.0,0.0,50000.0,,,,,,,
117133605,1778.0,4250.0,0.0,0.0,0.0,50000.0,0.0,0.0,50000.0,,,,,,,
117133847,1778.0,4250.0,0.0,0.0,0.0,50000.0,0.0,0.0,50000.0,,,,,,,
117134081,1778.0,4250.0,0.0,0.0,0.0,50000.0,0.0,0.0,50000.0,,,,,,,
120768069,1769.0,4249.0,29100.0,0.0,0.0,0.0,0.0,0.0,29100.0,,,,,,,
120768562,1769.0,4249.0,56000.0,0.0,0.0,0.0,0.0,0.0,56000.0,,,,,,,
120794463,1778.0,4250.0,0.0,0.0,0.0,150000.0,0.0,0.0,150000.0,,,,,,,
120794631,1778.0,4250.0,0.0,0.0,0.0,150000.0,0.0,0.0,150000.0,,,,,,,
44402698,1769.0,4211.0,0.0,0.0,0.0,100000.0,0.0,0.0,100000.0,,,,,,,
44402758,1769.0,4211.0,0.0,0.0,0.0,100000.0,0.0,0.0,100000.0,,,,,,,
44403003,1769.0,4211.0,0.0,0.0,0.0,250000.0,0.0,0.0,250000.0,,,,,,,
44401335,1769.0,4249.0,180851.0,0.0,0.0,0.0,0.0,0.0,180851.0,,,,,,,
44402043,1769.0,4249.0,500000.0,0.0,0.0,0.0,0.0,0.0,500000.0,,,,,,,
44402301,1769.0,4249.0,400000.0,0.0,0.0,0.0,0.0,0.0,400000.0,,,,,,,
44402404,1769.0,4249.0,400000.0,0.0,0.0,0.0,0.0,0.0,400000.0,,,,,,,
44402522,1769.0,4211.0,0.0,0.0,0.0,181896.0,0.0,0.0,181896.0,,,,,,,
44402591,1769.0,4211.0,0.0,0.0,0.0,200000.0,0.0,0.0,200000.0,,,,,,,
44402828,1769.0,4211.0,0.0,0.0,0.0,250000.0,0.0,0.0,250000.0,,,,,,,
44402904,1769.0,4211.0,0.0,0.0,0.0,398955.0,0.0,0.0,398955.0,,,,,,,
44403130,1778.0,4250.0,0.0,0.0,0.0,100000.0,0.0,0.0,100000.0,,,,,,,
44403211,1778.0,4250.0,0.0,0.0,0.0,495000.0,0.0,0.0,495000.0,,,,,,,
44403269,1778.0,4250.0,0.0,0.0,0.0,40952.0,0.0,0.0,40952.0,,,,,,,
44403402,1778.0,4250.0,0.0,0.0,0.0,200000.0,0.0,0.0,200000.0,,,,,,,
44403497,1778.0,4250.0,0.0,0.0,0.0,150000.0,0.0,0.0,150000.0,,,,,,,
47380958,1769.0,4249.0,251428.0,0.0,0.0,0.0,0.0,0.0,251428.0,,,,,,,
47382065,1769.0,4249.0,30000.0,0.0,0.0,0.0,0.0,0.0,30000.0,,,,,,,
47382584,1769.0,4249.0,100000.0,0.0,0.0,0.0,0.0,0.0,100000.0,,,,,,,
47385096,1769.0,4211.0,0.0,0.0,0.0,90000.0,0.0,0.0,90000.0,,,,,,,
47386394,1769.0,4249.0,50000.0,0.0,0.0,0.0,0.0,0.0,50000.0,,,,,,,
47863253,1769.0,4249.0,30000.0,0.0,0.0,0.0,0.0,0.0,30000.0,,,,,,,
47863358,1769.0,4249.0,125000.0,0.0,0.0,0.0,0.0,0.0,125000.0,,,,,,,
47864860,0.0,0.0,0.0,0.0,0.0,395995.0,0.0,0.0,395995.0,,,,,,,
61316533,1769.0,4211.0,0.0,0.0,0.0,86904.0,0.0,0.0,86904.0,,,,,,,
47379250,1778.0,4250.0,0.0,0.0,0.0,100000.0,0.0,0.0,100000.0,,,,,,,
47379391,1778.0,4250.0,0.0,0.0,0.0,400000.0,0.0,0.0,400000.0,,,,,,,
47379796,1778.0,4250.0,0.0,0.0,0.0,40952.0,0.0,0.0,40952.0,,,,,,,
47380104,1778.0,4250.0,0.0,0.0,0.0,45000.0,0.0,0.0,45000.0,,,,,,,
47380271,1778.0,4250.0,0.0,0.0,0.0,200000.0,0.0,0.0,200000.0,,,,,,,
47380387,1778.0,4250.0,0.0,0.0,0.0,200000.0,0.0,0.0,200000.0,,,,,,,
47383102,1769.0,4211.0,0.0,0.0,0.0,70000.0,0.0,0.0,70000.0,,,,,,,
47383253,1769.0,4211.0,0.0,0.0,0.0,100000.0,0.0,0.0,100000.0,,,,,,,
47383466,1769.0,4211.0,0.0,0.0,0.0,100000.0,0.0,0.0,100000.0,,,,,,,
47384658,1769.0,4211.0,0.0,0.0,0.0,90000.0,0.0,0.0,90000.0,,,,,,,
47385336,1769.0,4211.0,0.0,0.0,0.0,85000.0,0.0,0.0,85000.0,,,,,,,
47385789,1769.0,4211.0,0.0,0.0,0.0,100000.0,0.0,0.0,100000.0,,,,,,,
47385999,1769.0,4211.0,0.0,0.0,0.0,100000.0,0.0,0.0,100000.0,,,,,,,
47863116,1769.0,4249.0,126428.0,0.0,0.0,0.0,0.0,0.0,126428.0,,,,,,,
47863172,1769.0,4249.0,100000.0,0.0,0.0,0.0,0.0,0.0,100000.0,,,,,,,
47863310,1769.0,4249.0,450000.0,0.0,0.0,0.0,0.0,0.0,450000.0,,,,,,,
49001402,1769.0,4249.0,90000.0,0.0,0.0,0.0,0.0,0.0,90000.0,,,,,,,
47384873,1769.0,4211.0,0.0,0.0,0.0,80000.0,0.0,0.0,80000.0,,,,,,,
60523094,0.0,0.0,0.0,0.0,0.0,395995.0,0.0,0.0,395995.0,,,,,,,
65617947,1769.0,4249.0,60000.0,0.0,0.0,0.0,0.0,0.0,60000.0,,,,,,,
65618232,1769.0,4249.0,36000.0,0.0,0.0,0.0,0.0,0.0,36000.0,,,,,,,
65618586,1769.0,4249.0,18000.0,0.0,0.0,0.0,0.0,0.0,18000.0,,,,,,,
65618736,1769.0,4249.0,7527.0,0.0,0.0,0.0,0.0,0.0,7527.0,,,,,,,
60520967,1769.0,4249.0,100000.0,0.0,0.0,0.0,0.0,0.0,100000.0,,,,,,,
60522491,1778.0,4250.0,0.0,0.0,0.0,472500.0,0.0,0.0,472500.0,,,,,,,
60522812,1778.0,4250.0,0.0,0.0,0.0,40952.0,0.0,0.0,40952.0,,,,,,,
60840924,1769.0,4249.0,100347.0,0.0,0.0,0.0,0.0,0.0,100347.0,,,,,,,
60840977,1769.0,4249.0,400000.0,0.0,0.0,0.0,0.0,0.0,400000.0,,,,,,,
65617756,1769.0,4249.0,92000.0,0.0,0.0,0.0,0.0,0.0,92000.0,,,,,,,
65617848,1769.0,4249.0,8000.0,0.0,0.0,0.0,0.0,0.0,8000.0,,,,,,,
65618024,1769.0,4249.0,100000.0,0.0,0.0,0.0,0.0,0.0,100000.0,,,,,,,
65618114,1769.0,4249.0,20000.0,0.0,0.0,0.0,0.0,0.0,20000.0,,,,,,,
65618185,1769.0,4249.0,90000.0,0.0,0.0,0.0,0.0,0.0,90000.0,,,,,,,
65618300,1769.0,4249.0,60000.0,0.0,0.0,0.0,0.0,0.0,60000.0,,,,,,,
65618394,1769.0,4249.0,37500.0,0.0,0.0,0.0,0.0,0.0,37500.0,,,,,,,
65618474,1769.0,4249.0,51000.0,0.0,0.0,0.0,0.0,0.0,51000.0,,,,,,,
65618526,1769.0,4249.0,150320.0,0.0,0.0,0.0,0.0,0.0,150320.0,,,,,,,
65618551,1769.0,4249.0,70000.0,0.0,0.0,0.0,0.0,0.0,70000.0,,,,,,,
65618784,1769.0,4211.0,0.0,0.0,0.0,828796.0,0.0,0.0,828796.0,,,,,,,
65618843,1769.0,4211.0,0.0,0.0,0.0,105000.0,0.0,0.0,105000.0,,,,,,,
65618941,1778.0,4250.0,0.0,0.0,0.0,322500.0,0.0,0.0,322500.0,,,,,,,
65619548,1778.0,4250.0,0.0,0.0,0.0,150000.0,0.0,0.0,150000.0,,,,,,,
82599468,1778.0,4250.0,0.0,0.0,0.0,37440.0,0.0,0.0,37440.0,,,,,,,
82599708,1778.0,4250.0,0.0,0.0,0.0,39480.0,0.0,0.0,39480.0,,,,,,,
60522258,1769.0,4211.0,0.0,0.0,0.0,933796.0,0.0,0.0,933796.0,0.0,0.0,0.0,933796.0,0.0,0.0,
60522672,1778.0,4250.0,0.0,0.0,0.0,472500.0,0.0,0.0,472500.0,0.0,0.0,0.0,472500.0,0.0,0.0,
60841033,1769.0,4249.0,100000.0,0.0,0.0,0.0,0.0,0.0,100000.0,100000.0,0.0,0.0,0.0,0.0,0.0,
60841159,1769.0,4249.0,125000.0,0.0,0.0,0.0,0.0,0.0,125000.0,125000.0,0.0,0.0,0.0,0.0,0.0,
60841205,1769.0,4249.0,30000.0,0.0,0.0,0.0,0.0,0.0,30000.0,30000.0,0.0,0.0,0.0,0.0,0.0,
60841269,1769.0,4249.0,100000.0,0.0,0.0,0.0,0.0,0.0,100000.0,100000.0,0.0,0.0,0.0,0.0,0.0,
60841327,1769.0,4249.0,30000.0,0.0,0.0,0.0,0.0,0.0,30000.0,30000.0,0.0,0.0,0.0,0.0,0.0,
60841405,1769.0,4249.0,365347.0,0.0,0.0,0.0,0.0,0.0,365347.0,365347.0,0.0,0.0,0.0,0.0,0.0,
60841468,1769.0,4249.0,50000.0,0.0,0.0,0.0,0.0,0.0,50000.0,50000.0,0.0,0.0,0.0,0.0,0.0,
68169504,1778.0,4250.0,0.0,0.0,0.0,100000.0,0.0,0.0,100000.0,,,,,,,
68169621,1778.0,4250.0,0.0,0.0,0.0,65000.0,0.0,0.0,65000.0,,,,,,,
68170100,1778.0,4250.0,0.0,0.0,0.0,150000.0,0.0,0.0,150000.0,,,,,,,
77457637,1769.0,4249.0,15196.0,0.0,0.0,0.0,0.0,0.0,15196.0,,,,,,,
77460564,1769.0,4249.0,10000.0,0.0,0.0,0.0,0.0,0.0,10000.0,,,,,,,
77513071,1769.0,4249.0,18000.0,0.0,0.0,0.0,0.0,0.0,18000.0,,,,,,,
78971983,1769.0,4249.0,36804.0,0.0,0.0,0.0,0.0,0.0,36804.0,,,,,,,
78981234,1769.0,4249.0,7000.0,0.0,0.0,0.0,0.0,0.0,7000.0,,,,,,,
79703903,1769.0,4211.0,0.0,0.0,0.0,10868.0,0.0,0.0,10868.0,,,,,,,
79774865,0.0,0.0,0.0,0.0,0.0,20000.0,0.0,0.0,20000.0,,,,,,,
79829546,,,,,,,,,,,,,,,,
79834206,,,,,,,,,,,,,,,,
79835675,,,,,,,,,,,,,,,,
79836457,,,,,,,,,,,,,,,,
79839235,,,,,,,,,,,,,,,,
79841889,,,,,,,,,,,,,,,,
79853167,,,,,,,,,,,,,,,,
79853949,,,,,,,,,,,,,,,,
79855034,,,,,,,,,,,,,,,,
79858492,,,,,,,,,,,,,,,,
79859464,,,,,,,,,,,,,,,,
79950913,,,,,,,,,,,,,,,,
79953197,,,,,,,,,,,,,,,,
79954851,,,,,,,,,,,,,,,,
79964303,,,,,,,,,,,,,,,,
79964862,,,,,,,,,,,,,,,,
79965485,,,,,,,,,,,,,,,,
79966704,,,,,,,,,,,,,,,,
79981035,,,,,,,,,,,,,,,,
79981712,,,,,,,,,,,,,,,,
80088727,,,,,,,,,,,,,,,,
80089634,,,,,,,,,,,,,,,,
80090442,,,,,,,,,,,,,,,,
80091769,,,,,,,,,,,,,,,,
80092799,,,,,,,,,,,,,,,,
80096346,,,,,,,,,,,,,,,,
80107026,,,,,,,,,,,,,,,,
80108417,,,,,,,,,,,,,,,,
80109649,,,,,,,,,,,,,,,,
80110615,,,,,,,,,,,,,,,,
80112323,,,,,,,,,,,,,,,,
80119840,,,,,,,,,,,,,,,,
80249778,,,,,,,,,,,,,,,,
80250780,,,,,,,,,,,,,,,,
80251273,,,,,,,,,,,,,,,,
80251648,,,,,,,,,,,,,,,,
80252010,,,,,,,,,,,,,,,,
80253578,,,,,,,,,,,,,,,,
80255281,,,,,,,,,,,,,,,,
80255671,,,,,,,,,,,,,,,,
80256045,,,,,,,,,,,,,,,,
80256486,,,,,,,,,,,,,,,,
80256845,,,,,,,,,,,,,,,,
80257169,,,,,,,,,,,,,,,,
80257527,,,,,,,,,,,,,,,,
80264362,,,,,,,,,,,,,,,,
80265270,,,,,,,,,,,,,,,,
80268544,,,,,,,,,,,,,,,,
80268992,,,,,,,,,,,,,,,,
80269704,,,,,,,,,,,,,,,,
80270961,,,,,,,,,,,,,,,,
80272069,,,,,,,,,,,,,,,,
80272618,,,,,,,,,,,,,,,,
80273036,,,,,,,,,,,,,,,,
80273630,,,,,,,,,,,,,,,,
80274008,,,,,,,,,,,,,,,,
80274466,,,,,,,,,,,,,,,,
80274790,,,,,,,,,,,,,,,,
80275187,,,,,,,,,,,,,,,,
80275595,,,,,,,,,,,,,,,,
80275912,,,,,,,,,,,,,,,,
80276208,,,,,,,,,,,,,,,,
80276612,,,,,,,,,,,,,,,,
80277436,,,,,,,,,,,,,,,,
80277729,,,,,,,,,,,,,,,,
80297416,,,,,,,,,,,,,,,,
80300814,,,,,,,,,,,,,,,,
80301255,,,,,,,,,,,,,,,,
80301792,,,,,,,,,,,,,,,,
80302279,,,,,,,,,,,,,,,,
80302784,,,,,,,,,,,,,,,,
80303414,,,,,,,,,,,,,,,,
80303966,,,,,,,,,,,,,,,,
80310674,,,,,,,,,,,,,,,,
80312692,,,,,,,,,,,,,,,,
80313065,,,,,,,,,,,,,,,,
80313705,,,,,,,,,,,,,,,,
80314128,,,,,,,,,,,,,,,,
80315157,,,,,,,,,,,,,,,,
80315521,,,,,,,,,,,,,,,,
80317090,,,,,,,,,,,,,,,,
80318810,,,,,,,,,,,,,,,,
80319149,,,,,,,,,,,,,,,,
80319634,,,,,,,,,,,,,,,,
80320683,,,,,,,,,,,,,,,,
80321379,,,,,,,,,,,,,,,,
80322871,,,,,,,,,,,,,,,,
80323354,,,,,,,,,,,,,,,,
80323798,,,,,,,,,,,,,,,,
80324272,,,,,,,,,,,,,,,,
80325045,,,,,,,,,,,,,,,,
80325517,,,,,,,,,,,,,,,,
80325865,,,,,,,,,,,,,,,,
80328028,,,,,,,,,,,,,,,,
80328674,,,,,,,,,,,,,,,,
80590417,38.0,1.0,0.0,0.0,0.0,100000.0,0.0,0.0,100000.0,,,,,,,
80590909,38.0,1.0,0.0,0.0,0.0,80000.0,0.0,0.0,80000.0,,,,,,,
80591910,38.0,1.0,0.0,0.0,0.0,100000.0,0.0,0.0,100000.0,,,,,,,
80592609,38.0,1.0,0.0,0.0,0.0,100000.0,0.0,0.0,100000.0,,,,,,,
80597426,,,,,,,,,,,,,,,,
80598569,38.0,1.0,0.0,0.0,0.0,6000.0,0.0,0.0,6000.0,,,,,,,
80599331,38.0,1.0,0.0,0.0,0.0,12000.0,0.0,0.0,12000.0,,,,,,,
80600044,38.0,1.0,0.0,0.0,0.0,3500.0,0.0,0.0,3500.0,,,,,,,
80602263,38.0,1.0,0.0,0.0,0.0,12000.0,0.0,0.0,12000.0,,,,,,,
80602791,,,,,,,,,,,,,,,,
80603229,,,,,,,,,,,,,,,,
80603620,,,,,,,,,,,,,,,,
80604194,38.0,1.0,0.0,0.0,0.0,5000.0,0.0,0.0,5000.0,,,,,,,
80604764,38.0,1.0,0.0,0.0,0.0,2500.0,0.0,0.0,2500.0,,,,,,,
80605311,38.0,1.0,0.0,0.0,0.0,5000.0,0.0,0.0,5000.0,,,,,,,
80608562,38.0,1.0,0.0,0.0,0.0,15000.0,0.0,0.0,15000.0,,,,,,,
80609215,38.0,1.0,0.0,0.0,0.0,10000.0,0.0,0.0,10000.0,,,,,,,
80609706,,,,,,,,,,,,,,,,
80610290,38.0,1.0,0.0,0.0,0.0,25000.0,0.0,0.0,25000.0,,,,,,,
80610840,38.0,1.0,0.0,0.0,0.0,5000.0,0.0,0.0,5000.0,,,,,,,
80611284,38.0,1.0,0.0,0.0,0.0,2000.0,0.0,0.0,2000.0,,,,,,,
80611821,,,,,,,,,,,,,,,,
80612323,38.0,1.0,0.0,0.0,0.0,25000.0,0.0,0.0,25000.0,,,,,,,
80612981,38.0,1.0,0.0,0.0,0.0,5000.0,0.0,0.0,5000.0,,,,,,,
80615039,38.0,1.0,0.0,0.0,0.0,5000.0,0.0,0.0,5000.0,,,,,,,
80617820,38.0,1.0,0.0,0.0,0.0,5000.0,0.0,0.0,5000.0,,,,,,,
80618486,38.0,1.0,0.0,0.0,0.0,6000.0,0.0,0.0,6000.0,,,,,,,
80619089,38.0,1.0,0.0,0.0,0.0,9000.0,0.0,0.0,9000.0,,,,,,,
80619674,38.0,1.0,0.0,0.0,0.0,10000.0,0.0,0.0,10000.0,,,,,,,
80620413,38.0,1.0,0.0,0.0,0.0,2000.0,0.0,0.0,2000.0,,,,,,,
80621190,38.0,1.0,0.0,0.0,0.0,14000.0,0.0,0.0,14000.0,,,,,,,
80621632,38.0,1.0,0.0,0.0,0.0,8000.0,0.0,0.0,8000.0,,,,,,,
80622059,38.0,1.0,0.0,0.0,0.0,7000.0,0.0,0.0,7000.0,,,,,,,
80622631,38.0,1.0,0.0,0.0,0.0,6500.0,0.0,0.0,6500.0,,,,,,,
80625017,38.0,1.0,0.0,0.0,0.0,5000.0,0.0,0.0,5000.0,,,,,,,
80625528,38.0,1.0,0.0,0.0,0.0,8900.0,0.0,0.0,8900.0,,,,,,,
80626113,38.0,1.0,0.0,0.0,0.0,5565.0,0.0,0.0,5565.0,,,,,,,
80626614,38.0,1.0,0.0,0.0,0.0,8877.0,0.0,0.0,8877.0,,,,,,,
80627364,38.0,1.0,0.0,0.0,0.0,8980.0,0.0,0.0,8980.0,,,,,,,
80630199,,,,,,,,,,,,,,,,
80630788,38.0,1.0,0.0,0.0,0.0,5000.0,0.0,0.0,5000.0,,,,,,,
80631359,38.0,1.0,0.0,0.0,0.0,15000.0,0.0,0.0,15000.0,,,,,,,
80632277,38.0,1.0,0.0,0.0,0.0,3000.0,0.0,0.0,3000.0,,,,,,,
80632867,38.0,1.0,0.0,0.0,0.0,20000.0,0.0,0.0,20000.0,,,,,,,
80633714,38.0,1.0,0.0,0.0,0.0,12000.0,0.0,0.0,12000.0,,,,,,,
80635271,38.0,1.0,0.0,0.0,0.0,1500.0,0.0,0.0,1500.0,,,,,,,
80635842,38.0,1.0,0.0,0.0,0.0,2000.0,0.0,0.0,2000.0,,,,,,,
80636307,38.0,1.0,0.0,0.0,0.0,1000.0,0.0,0.0,1000.0,,,,,,,
80636729,38.0,1.0,0.0,0.0,0.0,11000.0,0.0,0.0,11000.0,,,,,,,
80637116,,,,,,,,,,,,,,,,
80638307,38.0,1.0,0.0,0.0,0.0,7000.0,0.0,0.0,7000.0,,,,,,,
80638961,38.0,1.0,0.0,0.0,0.0,1200.0,0.0,0.0,1200.0,,,,,,,
80639485,,,,,,,,,,,,,,,,
68169971,1778.0,4250.0,0.0,0.0,0.0,35000.0,0.0,0.0,35000.0,,,,,,,
68170204,1778.0,4250.0,0.0,0.0,0.0,150000.0,0.0,0.0,150000.0,,,,,,,
68170335,1778.0,4250.0,0.0,0.0,0.0,300000.0,0.0,0.0,300000.0,,,,,,,
68170440,1778.0,4250.0,0.0,0.0,0.0,185952.0,0.0,0.0,185952.0,,,,,,,
77332331,1769.0,4249.0,34320.0,0.0,0.0,0.0,0.0,0.0,34320.0,,,,,,,
77421402,1769.0,4249.0,39420.0,0.0,0.0,0.0,0.0,0.0,39420.0,,,,,,,
77424542,1769.0,4249.0,3500.0,0.0,0.0,0.0,0.0,0.0,3500.0,,,,,,,
77426859,1769.0,4249.0,3500.0,0.0,0.0,0.0,0.0,0.0,3500.0,,,,,,,
77449988,1769.0,4249.0,31260.0,0.0,0.0,0.0,0.0,0.0,31260.0,,,,,,,
77515397,1769.0,4249.0,3500.0,0.0,0.0,0.0,0.0,0.0,3500.0,,,,,,,
77516168,1769.0,4249.0,3500.0,0.0,0.0,0.0,0.0,0.0,3500.0,,,,,,,
77517014,1769.0,4249.0,3500.0,0.0,0.0,0.0,0.0,0.0,3500.0,,,,,,,
77518368,1769.0,4249.0,3500.0,0.0,0.0,0.0,0.0,0.0,3500.0,,,,,,,
77519060,1769.0,4249.0,3500.0,0.0,0.0,0.0,0.0,0.0,3500.0,,,,,,,
77519513,1769.0,4249.0,3500.0,0.0,0.0,0.0,0.0,0.0,3500.0,,,,,,,
77520595,1769.0,4249.0,3500.0,0.0,0.0,0.0,0.0,0.0,3500.0,,,,,,,
77521079,1769.0,4249.0,3500.0,0.0,0.0,0.0,0.0,0.0,3500.0,,,,,,,
77521523,1769.0,4249.0,3500.0,0.0,0.0,0.0,0.0,0.0,3500.0,,,,,,,
77522050,1769.0,4249.0,3500.0,0.0,0.0,0.0,0.0,0.0,3500.0,,,,,,,
77522469,1769.0,4249.0,3500.0,0.0,0.0,0.0,0.0,0.0,3500.0,,,,,,,
77523156,1769.0,4249.0,3500.0,0.0,0.0,0.0,0.0,0.0,3500.0,,,,,,,
77523615,1769.0,4249.0,3500.0,0.0,0.0,0.0,0.0,0.0,3500.0,,,,,,,
77524065,1769.0,4249.0,3500.0,0.0,0.0,0.0,0.0,0.0,3500.0,,,,,,,
77524606,1769.0,4249.0,3500.0,0.0,0.0,0.0,0.0,0.0,3500.0,,,,,,,
77525044,1769.0,4249.0,3500.0,0.0,0.0,0.0,0.0,0.0,3500.0,,,,,,,
77525455,1769.0,4249.0,3500.0,0.0,0.0,0.0,0.0,0.0,3500.0,,,,,,,
77525882,1769.0,4249.0,3500.0,0.0,0.0,0.0,0.0,0.0,3500.0,,,,,,,
77526292,1769.0,4249.0,3500.0,0.0,0.0,0.0,0.0,0.0,3500.0,,,,,,,
77526804,1769.0,4249.0,3500.0,0.0,0.0,0.0,0.0,0.0,3500.0,,,,,,,
77527280,1769.0,4249.0,3500.0,0.0,0.0,0.0,0.0,0.0,3500.0,,,,,,,
77527740,1769.0,4249.0,3500.0,0.0,0.0,0.0,0.0,0.0,3500.0,,,,,,,
77528122,1769.0,4249.0,3500.0,0.0,0.0,0.0,0.0,0.0,3500.0,,,,,,,
77528698,1769.0,4249.0,3500.0,0.0,0.0,0.0,0.0,0.0,3500.0,,,,,,,
77529339,1769.0,4249.0,3500.0,0.0,0.0,0.0,0.0,0.0,3500.0,,,,,,,
77529779,1769.0,4249.0,3500.0,0.0,0.0,0.0,0.0,0.0,3500.0,,,,,,,
77530492,1769.0,4249.0,3500.0,0.0,0.0,0.0,0.0,0.0,3500.0,,,,,,,
77531030,1769.0,4249.0,3500.0,0.0,0.0,0.0,0.0,0.0,3500.0,,,,,,,
77531540,1769.0,4249.0,3500.0,0.0,0.0,0.0,0.0,0.0,3500.0,,,,,,,
77532586,1769.0,4249.0,47440.0,0.0,0.0,0.0,0.0,0.0,47440.0,,,,,,,
77533115,1769.0,4249.0,57340.0,0.0,0.0,0.0,0.0,0.0,57340.0,,,,,,,
77533499,1769.0,4249.0,45540.0,0.0,0.0,0.0,0.0,0.0,45540.0,,,,,,,
78976833,1769.0,4249.0,257678.0,0.0,0.0,0.0,0.0,0.0,257678.0,,,,,,,
78984227,1769.0,4249.0,100000.0,0.0,0.0,0.0,0.0,0.0,100000.0,,,,,,,
78985565,1769.0,4249.0,50000.0,0.0,0.0,0.0,0.0,0.0,50000.0,,,,,,,
78986775,1769.0,4249.0,558498.0,0.0,0.0,0.0,0.0,0.0,558498.0,,,,,,,
78990166,1769.0,4211.0,0.0,0.0,0.0,100000.0,0.0,0.0,100000.0,,,,,,,
79673404,1769.0,4211.0,0.0,0.0,0.0,50000.0,0.0,0.0,50000.0,,,,,,,
79676639,1769.0,4211.0,0.0,0.0,0.0,200000.0,0.0,0.0,200000.0,,,,,,,
79683614,1769.0,4211.0,0.0,0.0,0.0,150000.0,0.0,0.0,150000.0,,,,,,,
79690140,1769.0,4211.0,0.0,0.0,0.0,100000.0,0.0,0.0,100000.0,,,,,,,
79691022,1769.0,4211.0,0.0,0.0,0.0,60000.0,0.0,0.0,60000.0,,,,,,,
79692594,1769.0,4211.0,0.0,0.0,0.0,40000.0,0.0,0.0,40000.0,,,,,,,
79700601,1769.0,4211.0,0.0,0.0,0.0,233796.0,0.0,0.0,233796.0,,,,,,,
99768873,0.0,0.0,0.0,0.0,0.0,20000.0,0.0,0.0,20000.0,,,,,,,
101328366,,,,,,,,,,,,,,,,
101329835,,,,,,,,,,,,,,,,
101334130,,,,,,,,,,,,,,,,
101336006,,,,,,,,,,,,,,,,
101649990,,,,,,,,,,,,,,,,
101652200,,,,,,,,,,,,,,,,
101659550,,,,,,,,,,,,,,,,
101661275,,,,,,,,,,,,,,,,
101668386,,,,,,,,,,,,,,,,
101671265,,,,,,,,,,,,,,,,
101725602,1769.0,4249.0,50000.0,0.0,0.0,0.0,0.0,0.0,50000.0,,,,,,,
101728074,1769.0,4249.0,60000.0,0.0,0.0,0.0,0.0,0.0,60000.0,,,,,,,
101732057,1769.0,4249.0,50000.0,0.0,0.0,0.0,0.0,0.0,50000.0,,,,,,,
101733475,1769.0,4249.0,50000.0,0.0,0.0,0.0,0.0,0.0,50000.0,,,,,,,
102043076,,,,,,,,,,,,,,,,
102044917,,,,,,,,,,,,,,,,
102045802,,,,,,,,,,,,,,,,
102046779,,,,,,,,,,,,,,,,
102049648,,,,,,,,,,,,,,,,
102051213,,,,,,,,,,,,,,,,
102051619,,,,,,,,,,,,,,,,
102052193,,,,,,,,,,,,,,,,
102052468,,,,,,,,,,,,,,,,
102053178,,,,,,,,,,,,,,,,
102055745,,,,,,,,,,,,,,,,
102056138,,,,,,,,,,,,,,,,
102133087,1778.0,4250.0,0.0,0.0,0.0,50000.0,0.0,0.0,50000.0,,,,,,,
102146544,,,,,,,,,,,,,,,,
102147744,,,,,,,,,,,,,,,,
102149538,,,,,,,,,,,,,,,,
102154148,,,,,,,,,,,,,,,,
102156373,,,,,,,,,,,,,,,,
102157629,,,,,,,,,,,,,,,,
102158954,,,,,,,,,,,,,,,,
102160251,,,,,,,,,,,,,,,,
102161875,,,,,,,,,,,,,,,,
102166171,,,,,,,,,,,,,,,,
103471181,,,,,,,,,,,,,,,,
103794559,1769.0,4249.0,3500.0,0.0,0.0,0.0,0.0,0.0,3500.0,,,,,,,
103865468,1769.0,4249.0,3500.0,0.0,0.0,0.0,0.0,0.0,3500.0,,,,,,,
103866744,1769.0,4249.0,3500.0,0.0,0.0,0.0,0.0,0.0,3500.0,,,,,,,
103868392,1769.0,4249.0,3500.0,0.0,0.0,0.0,0.0,0.0,3500.0,,,,,,,
103869662,1769.0,4249.0,3500.0,0.0,0.0,0.0,0.0,0.0,3500.0,,,,,,,
103870903,1769.0,4249.0,3500.0,0.0,0.0,0.0,0.0,0.0,3500.0,,,,,,,
103872097,1769.0,4249.0,3500.0,0.0,0.0,0.0,0.0,0.0,3500.0,,,,,,,
103874997,1769.0,4249.0,3500.0,0.0,0.0,0.0,0.0,0.0,3500.0,,,,,,,
103876162,1769.0,4249.0,3500.0,0.0,0.0,0.0,0.0,0.0,3500.0,,,,,,,
103877518,1769.0,4249.0,3500.0,0.0,0.0,0.0,0.0,0.0,3500.0,,,,,,,
105195831,,,,,,,,,,,,,,,,
105200172,,,,,,,,,,,,,,,,
105201163,,,,,,,,,,,,,,,,
105259526,,,,,,,,,,,,,,,,
105259908,,,,,,,,,,,,,,,,
105260991,,,,,,,,,,,,,,,,
105261308,,,,,,,,,,,,,,,,
105261724,,,,,,,,,,,,,,,,
105262058,,,,,,,,,,,,,,,,
105415621,,,,,,,,,,,,,,,,
105416293,,,,,,,,,,,,,,,,
105417425,,,,,,,,,,,,,,,,
105418297,,,,,,,,,,,,,,,,
105418604,,,,,,,,,,,,,,,,
105419616,,,,,,,,,,,,,,,,
105420170,,,,,,,,,,,,,,,,
105422729,,,,,,,,,,,,,,,,
105428506,,,,,,,,,,,,,,,,
105428887,,,,,,,,,,,,,,,,
105432633,,,,,,,,,,,,,,,,
105433224,,,,,,,,,,,,,,,,
105433772,,,,,,,,,,,,,,,,
105436598,,,,,,,,,,,,,,,,
105437074,,,,,,,,,,,,,,,,
105437582,,,,,,,,,,,,,,,,
105438070,,,,,,,,,,,,,,,,
105438582,,,,,,,,,,,,,,,,
105439158,,,,,,,,,,,,,,,,
105446806,,,,,,,,,,,,,,,,
105730812,,,,,,,,,,,,,,,,
105730924,,,,,,,,,,,,,,,,
105731504,,,,,,,,,,,,,,,,
105731621,,,,,,,,,,,,,,,,
105732874,1769.0,4249.0,45000.0,0.0,0.0,0.0,0.0,0.0,45000.0,,,,,,,
105735828,1769.0,4249.0,10000.0,0.0,0.0,0.0,0.0,0.0,10000.0,,,,,,,
105736120,1769.0,4249.0,200000.0,0.0,0.0,0.0,0.0,0.0,200000.0,,,,,,,
105736465,0.0,0.0,0.0,0.0,0.0,10000.0,0.0,0.0,10000.0,,,,,,,
105736684,,,,,,,,,,,,,,,,
105736705,,,,,,,,,,,,,,,,
105736718,,,,,,,,,,,,,,,,
105736731,,,,,,,,,,,,,,,,
105736748,,,,,,,,,,,,,,,,
105736763,,,,,,,,,,,,,,,,
105736775,,,,,,,,,,,,,,,,
105736787,,,,,,,,,,,,,,,,
105736803,,,,,,,,,,,,,,,,
105736816,,,,,,,,,,,,,,,,
105736844,,,,,,,,,,,,,,,,
105736850,,,,,,,,,,,,,,,,
105736864,,,,,,,,,,,,,,,,
105736876,,,,,,,,,,,,,,,,
101679536,1769.0,4249.0,186000.0,0.0,0.0,0.0,0.0,0.0,186000.0,,,,,,,
101682166,1769.0,4249.0,200000.0,0.0,0.0,0.0,0.0,0.0,200000.0,,,,,,,
101688899,1769.0,4249.0,50000.0,0.0,0.0,0.0,0.0,0.0,50000.0,,,,,,,
101691919,1769.0,4249.0,114672.0,0.0,0.0,0.0,0.0,0.0,114672.0,,,,,,,
101700336,1769.0,4249.0,180000.0,0.0,0.0,0.0,0.0,0.0,180000.0,,,,,,,
101745219,1769.0,4249.0,270672.0,0.0,0.0,0.0,0.0,0.0,270672.0,,,,,,,
102095355,1769.0,4211.0,0.0,0.0,0.0,100896.0,0.0,0.0,100896.0,,,,,,,
102096768,1769.0,4211.0,0.0,0.0,0.0,200000.0,0.0,0.0,200000.0,,,,,,,
102097739,1769.0,4211.0,0.0,0.0,0.0,300000.0,0.0,0.0,300000.0,,,,,,,
102099266,1769.0,4211.0,0.0,0.0,0.0,200000.0,0.0,0.0,200000.0,,,,,,,
102104527,1769.0,4211.0,0.0,0.0,0.0,200000.0,0.0,0.0,200000.0,,,,,,,
102113870,1778.0,4250.0,0.0,0.0,0.0,100000.0,0.0,0.0,100000.0,,,,,,,
102117530,1778.0,4250.0,0.0,0.0,0.0,100000.0,0.0,0.0,100000.0,,,,,,,
102119617,1778.0,4250.0,0.0,0.0,0.0,100000.0,0.0,0.0,100000.0,,,,,,,
102121492,1778.0,4250.0,0.0,0.0,0.0,100000.0,0.0,0.0,100000.0,,,,,,,
102126022,1778.0,4250.0,0.0,0.0,0.0,200000.0,0.0,0.0,200000.0,,,,,,,
102128088,1778.0,4250.0,0.0,0.0,0.0,100000.0,0.0,0.0,100000.0,,,,,,,
102130303,1778.0,4250.0,0.0,0.0,0.0,235952.0,0.0,0.0,235952.0,,,,,,,
117178667,,,,,,,,,,,,,,,,
117179158,,,,,,,,,,,,,,,,
122409245,1769.0,4249.0,50000.0,0.0,0.0,0.0,0.0,0.0,50000.0,,,,,,,
122412205,1769.0,4249.0,50000.0,0.0,0.0,0.0,0.0,0.0,50000.0,,,,,,,
122414082,1769.0,4249.0,140000.0,0.0,0.0,0.0,0.0,0.0,140000.0,,,,,,,
122424380,1769.0,4249.0,50000.0,0.0,0.0,0.0,0.0,0.0,50000.0,,,,,,,
122427854,1769.0,4249.0,15000.0,0.0,0.0,0.0,0.0,0.0,15000.0,,,,,,,
122429469,1769.0,4249.0,15000.0,0.0,0.0,0.0,0.0,0.0,15000.0,,,,,,,
122430733,1769.0,4249.0,60000.0,0.0,0.0,0.0,0.0,0.0,60000.0,,,,,,,
122461286,1769.0,4211.0,0.0,0.0,0.0,400000.0,0.0,0.0,400000.0,,,,,,,
122491145,1769.0,4211.0,0.0,0.0,0.0,100000.0,0.0,0.0,100000.0,,,,,,,
122782974,1778.0,4250.0,0.0,0.0,0.0,50000.0,0.0,0.0,50000.0,,,,,,,
122805700,1769.0,4211.0,0.0,0.0,0.0,100000.0,0.0,0.0,100000.0,,,,,,,
122808555,,,,,,,,,,,,,,,,
122810323,,,,,,,,,,,,,,,,
122811822,,,,,,,,,,,,,,,,
122814088,,,,,,,,,,,,,,,,
122820414,,,,,,,,,,,,,,,,
122821911,,,,,,,,,,,,,,,,
122831722,0.0,0.0,0.0,0.0,0.0,2000.0,0.0,0.0,2000.0,,,,,,,
122833228,0.0,0.0,0.0,0.0,0.0,2000.0,0.0,0.0,2000.0,,,,,,,
122834643,,,,,,,,,,,,,,,,
122836533,0.0,0.0,0.0,0.0,0.0,6000.0,0.0,0.0,6000.0,,,,,,,
122838476,0.0,0.0,0.0,0.0,0.0,4000.0,0.0,0.0,4000.0,,,,,,,
122839485,0.0,0.0,0.0,0.0,0.0,4000.0,0.0,0.0,4000.0,,,,,,,
122842872,0.0,0.0,0.0,0.0,0.0,2000.0,0.0,0.0,2000.0,,,,,,,
122844317,0.0,0.0,0.0,0.0,0.0,2000.0,0.0,0.0,2000.0,,,,,,,
122845398,0.0,0.0,0.0,0.0,0.0,2000.0,0.0,0.0,2000.0,,,,,,,
122846504,0.0,0.0,0.0,0.0,0.0,2000.0,0.0,0.0,2000.0,,,,,,,
122847610,0.0,0.0,0.0,0.0,0.0,2000.0,0.0,0.0,2000.0,,,,,,,
122848633,0.0,0.0,0.0,0.0,0.0,2000.0,0.0,0.0,2000.0,,,,,,,
122849521,0.0,0.0,0.0,0.0,0.0,2000.0,0.0,0.0,2000.0,,,,,,,
122851121,0.0,0.0,0.0,0.0,0.0,2000.0,0.0,0.0,2000.0,,,,,,,
122854250,0.0,0.0,0.0,0.0,0.0,2000.0,0.0,0.0,2000.0,,,,,,,
122855193,0.0,0.0,0.0,0.0,0.0,2000.0,0.0,0.0,2000.0,,,,,,,
122856024,0.0,0.0,0.0,0.0,0.0,2000.0,0.0,0.0,2000.0,,,,,,,
122857052,0.0,0.0,0.0,0.0,0.0,2000.0,0.0,0.0,2000.0,,,,,,,
122858692,0.0,0.0,0.0,0.0,0.0,2000.0,0.0,0.0,2000.0,,,,,,,
122860590,0.0,0.0,0.0,0.0,0.0,2000.0,0.0,0.0,2000.0,,,,,,,
122861419,0.0,0.0,0.0,0.0,0.0,2000.0,0.0,0.0,2000.0,,,,,,,
122861960,0.0,0.0,0.0,0.0,0.0,2000.0,0.0,0.0,2000.0,,,,,,,
122864163,,,,,,,,,,,,,,,,
122864743,,,,,,,,,,,,,,,,
122865314,,,,,,,,,,,,,,,,
122865911,,,,,,,,,,,,,,,,
122866460,,,,,,,,,,,,,,,,
122867197,,,,,,,,,,,,,,,,
122867745,,,,,,,,,,,,,,,,
122868332,,,,,,,,,,,,,,,,
122868982,,,,,,,,,,,,,,,,
122869701,,,,,,,,,,,,,,,,
122870380,,,,,,,,,,,,,,,,
122870990,,,,,,,,,,,,,,,,
122870991,,,,,,,,,,,,,,,,
122872020,,,,,,,,,,,,,,,,
122872593,,,,,,,,,,,,,,,,
122873068,,,,,,,,,,,,,,,,
122873656,,,,,,,,,,,,,,,,
122874156,,,,,,,,,,,,,,,,
122874614,,,,,,,,,,,,,,,,
122875468,,,,,,,,,,,,,,,,
122876150,,,,,,,,,,,,,,,,
122876602,,,,,,,,,,,,,,,,
122889954,,,,,,,,,,,,,,,,
122890202,,,,,,,,,,,,,,,,
122890489,,,,,,,,,,,,,,,,
122405738,1769.0,4249.0,25000.0,0.0,0.0,0.0,0.0,0.0,25000.0,,,,,,,
122403174,1769.0,4249.0,300000.0,0.0,0.0,0.0,0.0,0.0,300000.0,,,,,,,
122408190,1769.0,4249.0,201672.0,0.0,0.0,0.0,0.0,0.0,201672.0,,,,,,,
122425822,1769.0,4249.0,84000.0,0.0,0.0,0.0,0.0,0.0,84000.0,,,,,,,
122426822,1769.0,4249.0,60000.0,0.0,0.0,0.0,0.0,0.0,60000.0,,,,,,,
122431817,1769.0,4249.0,160000.0,0.0,0.0,0.0,0.0,0.0,160000.0,,,,,,,
122432907,1769.0,4249.0,100672.0,0.0,0.0,0.0,0.0,0.0,100672.0,,,,,,,
122433890,1769.0,4249.0,140000.0,0.0,0.0,0.0,0.0,0.0,140000.0,,,,,,,
122434551,1769.0,4249.0,50000.0,0.0,0.0,0.0,0.0,0.0,50000.0,,,,,,,
122463524,1769.0,4211.0,0.0,0.0,0.0,150896.0,0.0,0.0,150896.0,,,,,,,
122494657,1769.0,4211.0,0.0,0.0,0.0,100000.0,0.0,0.0,100000.0,,,,,,,
122511991,1769.0,4211.0,0.0,0.0,0.0,150000.0,0.0,0.0,150000.0,,,,,,,
122778951,1778.0,4250.0,0.0,0.0,0.0,200000.0,0.0,0.0,200000.0,,,,,,,
122785257,1778.0,4250.0,0.0,0.0,0.0,150000.0,0.0,0.0,150000.0,,,,,,,
122790071,1778.0,4250.0,0.0,0.0,0.0,85952.0,0.0,0.0,85952.0,,,,,,,
122887323,1778.0,4250.0,0.0,0.0,0.0,150000.0,0.0,0.0,150000.0,,,,,,,
127377934,1778.0,4250.0,0.0,0.0,0.0,200000.0,0.0,0.0,200000.0,,,,,,,
127378005,1778.0,4250.0,0.0,0.0,0.0,150000.0,0.0,0.0,150000.0,,,,,,,
122776363,1778.0,4250.0,0.0,0.0,0.0,200000.0,0.0,0.0,200000.0,0.0,0.0,0.0,200000.0,0.0,0.0,
122792846,1778.0,4250.0,0.0,0.0,0.0,150000.0,0.0,0.0,150000.0,0.0,0.0,0.0,150000.0,0.0,0.0,
44407039,1769.0,4249.0,100000.0,0.0,0.0,0.0,0.0,0.0,100000.0,,,,,,,
44406995,1769.0,4249.0,200000.0,0.0,0.0,0.0,0.0,0.0,200000.0,,,,,,,
44407259,1769.0,4249.0,165772.0,0.0,0.0,0.0,0.0,0.0,165772.0,,,,,,,
44407309,1769.0,4249.0,200000.0,0.0,0.0,0.0,0.0,0.0,200000.0,,,,,,,
44407397,1769.0,4249.0,100000.0,0.0,0.0,0.0,0.0,0.0,100000.0,,,,,,,
44407424,1769.0,4249.0,100000.0,0.0,0.0,0.0,0.0,0.0,100000.0,,,,,,,
44407447,1769.0,4249.0,100000.0,0.0,0.0,0.0,0.0,0.0,100000.0,,,,,,,
44407463,1769.0,4211.0,0.0,0.0,0.0,165772.0,0.0,0.0,165772.0,,,,,,,
44407503,1769.0,4211.0,0.0,0.0,0.0,250000.0,0.0,0.0,250000.0,,,,,,,
44407529,1769.0,4211.0,0.0,0.0,0.0,150000.0,0.0,0.0,150000.0,,,,,,,
44407552,1769.0,4211.0,0.0,0.0,0.0,200000.0,0.0,0.0,200000.0,,,,,,,
44407575,1769.0,4211.0,0.0,0.0,0.0,200000.0,0.0,0.0,200000.0,,,,,,,
44407589,1778.0,4250.0,0.0,0.0,0.0,100000.0,0.0,0.0,100000.0,,,,,,,
44407600,1778.0,4250.0,0.0,0.0,0.0,200000.0,0.0,0.0,200000.0,,,,,,,
44407621,1778.0,4250.0,0.0,0.0,0.0,100000.0,0.0,0.0,100000.0,,,,,,,
44407634,1778.0,4250.0,0.0,0.0,0.0,100000.0,0.0,0.0,100000.0,,,,,,,
44407652,1778.0,4250.0,0.0,0.0,0.0,143074.0,0.0,0.0,143074.0,,,,,,,
47459381,1769.0,4211.0,0.0,0.0,0.0,100000.0,0.0,0.0,100000.0,,,,,,,
47459904,1769.0,4211.0,0.0,0.0,0.0,65772.0,0.0,0.0,65772.0,,,,,,,
47460227,1769.0,4211.0,0.0,0.0,0.0,100000.0,0.0,0.0,100000.0,,,,,,,
47460758,1769.0,4211.0,0.0,0.0,0.0,100000.0,0.0,0.0,100000.0,,,,,,,
47585800,0.0,0.0,0.0,0.0,0.0,500501.0,0.0,0.0,500501.0,,,,,,,
47457628,1769.0,4249.0,382886.0,0.0,0.0,0.0,0.0,0.0,382886.0,,,,,,,
47457894,1769.0,4249.0,100000.0,0.0,0.0,0.0,0.0,0.0,100000.0,,,,,,,
47458102,1769.0,4249.0,200000.0,0.0,0.0,0.0,0.0,0.0,200000.0,,,,,,,
47458542,1769.0,4249.0,250000.0,0.0,0.0,0.0,0.0,0.0,250000.0,,,,,,,
47458890,1769.0,4211.0,0.0,0.0,0.0,200000.0,0.0,0.0,200000.0,,,,,,,
47459179,1769.0,4211.0,0.0,0.0,0.0,100000.0,0.0,0.0,100000.0,,,,,,,
47460413,1769.0,4211.0,0.0,0.0,0.0,200000.0,0.0,0.0,200000.0,,,,,,,
47460617,1769.0,4211.0,0.0,0.0,0.0,100000.0,0.0,0.0,100000.0,,,,,,,
47460951,1778.0,4250.0,0.0,0.0,0.0,100000.0,0.0,0.0,100000.0,,,,,,,
47461283,1778.0,4250.0,0.0,0.0,0.0,200000.0,0.0,0.0,200000.0,,,,,,,
47461466,1778.0,4250.0,0.0,0.0,0.0,43074.0,0.0,0.0,43074.0,,,,,,,
47461606,1778.0,4250.0,0.0,0.0,0.0,300000.0,0.0,0.0,300000.0,,,,,,,
47584522,1769.0,4249.0,32886.0,0.0,0.0,0.0,0.0,0.0,32886.0,,,,,,,
65413344,1769.0,4249.0,32400.0,0.0,0.0,0.0,0.0,0.0,32400.0,,,,,,,
65413592,1769.0,4249.0,62040.0,0.0,0.0,0.0,0.0,0.0,62040.0,,,,,,,
65414101,1769.0,4249.0,6000.0,0.0,0.0,0.0,0.0,0.0,6000.0,,,,,,,
65414794,1778.0,4250.0,0.0,0.0,0.0,23074.0,0.0,0.0,23074.0,,,,,,,
65422124,0.0,0.0,0.0,0.0,0.0,500503.0,0.0,0.0,500503.0,,,,,,,
60640448,1769.0,4249.0,96000.0,0.0,0.0,0.0,0.0,0.0,96000.0,,,,,,,
60641482,1769.0,4211.0,0.0,0.0,0.0,500000.0,0.0,0.0,500000.0,,,,,,,
65411823,1769.0,4249.0,360744.0,0.0,0.0,0.0,0.0,0.0,360744.0,,,,,,,
65413459,1769.0,4249.0,60000.0,0.0,0.0,0.0,0.0,0.0,60000.0,,,,,,,
65413542,1769.0,4249.0,101680.0,0.0,0.0,0.0,0.0,0.0,101680.0,,,,,,,
65413701,1769.0,4249.0,35000.0,0.0,0.0,0.0,0.0,0.0,35000.0,,,,,,,
65413792,1769.0,4249.0,30000.0,0.0,0.0,0.0,0.0,0.0,30000.0,,,,,,,
65413919,1769.0,4249.0,100000.0,0.0,0.0,0.0,0.0,0.0,100000.0,,,,,,,
65414012,1769.0,4249.0,12000.0,0.0,0.0,0.0,0.0,0.0,12000.0,,,,,,,
65414224,1769.0,4249.0,17624.0,0.0,0.0,0.0,0.0,0.0,17624.0,,,,,,,
65414532,1769.0,4211.0,0.0,0.0,0.0,8992.0,0.0,0.0,8992.0,,,,,,,
65414580,1778.0,4250.0,0.0,0.0,0.0,200000.0,0.0,0.0,200000.0,,,,,,,
65414622,1778.0,4250.0,0.0,0.0,0.0,150000.0,0.0,0.0,150000.0,,,,,,,
65414644,1778.0,4250.0,0.0,0.0,0.0,150000.0,0.0,0.0,150000.0,,,,,,,
65414707,1778.0,4250.0,0.0,0.0,0.0,70000.0,0.0,0.0,70000.0,,,,,,,
65414863,1778.0,4250.0,0.0,0.0,0.0,50000.0,0.0,0.0,50000.0,,,,,,,
65422052,1769.0,4211.0,0.0,0.0,0.0,100000.0,0.0,0.0,100000.0,,,,,,,
79858010,1769.0,4249.0,3500.0,0.0,0.0,0.0,0.0,0.0,3500.0,,,,,,,
79859454,1769.0,4249.0,3500.0,0.0,0.0,0.0,0.0,0.0,3500.0,,,,,,,
79862692,1769.0,4249.0,3500.0,0.0,0.0,0.0,0.0,0.0,3500.0,,,,,,,
79863850,1769.0,4249.0,3500.0,0.0,0.0,0.0,0.0,0.0,3500.0,,,,,,,
79944960,1769.0,4249.0,22012.0,0.0,0.0,0.0,0.0,0.0,22012.0,,,,,,,
79946054,1769.0,4249.0,7828.0,0.0,0.0,0.0,0.0,0.0,7828.0,,,,,,,
80153545,1769.0,4249.0,3500.0,0.0,0.0,0.0,0.0,0.0,3500.0,,,,,,,
80154141,1769.0,4249.0,3500.0,0.0,0.0,0.0,0.0,0.0,3500.0,,,,,,,
80154746,1769.0,4249.0,3500.0,0.0,0.0,0.0,0.0,0.0,3500.0,,,,,,,
80155403,1769.0,4249.0,3500.0,0.0,0.0,0.0,0.0,0.0,3500.0,,,,,,,
80156086,1769.0,4249.0,3500.0,0.0,0.0,0.0,0.0,0.0,3500.0,,,,,,,
80156720,1769.0,4249.0,3500.0,0.0,0.0,0.0,0.0,0.0,3500.0,,,,,,,
80157284,1769.0,4249.0,3500.0,0.0,0.0,0.0,0.0,0.0,3500.0,,,,,,,
80157853,1769.0,4249.0,3500.0,0.0,0.0,0.0,0.0,0.0,3500.0,,,,,,,
80158475,1769.0,4249.0,3500.0,0.0,0.0,0.0,0.0,0.0,3500.0,,,,,,,
80159022,1769.0,4249.0,3500.0,0.0,0.0,0.0,0.0,0.0,3500.0,,,,,,,
80159516,1769.0,4249.0,3500.0,0.0,0.0,0.0,0.0,0.0,3500.0,,,,,,,
80160035,1769.0,4249.0,3500.0,0.0,0.0,0.0,0.0,0.0,3500.0,,,,,,,
80161966,1769.0,4249.0,3500.0,0.0,0.0,0.0,0.0,0.0,3500.0,,,,,,,
80163002,1769.0,4249.0,3500.0,0.0,0.0,0.0,0.0,0.0,3500.0,,,,,,,
80163673,1769.0,4249.0,3500.0,0.0,0.0,0.0,0.0,0.0,3500.0,,,,,,,
80164792,1769.0,4249.0,3500.0,0.0,0.0,0.0,0.0,0.0,3500.0,,,,,,,
80165246,1769.0,4249.0,3500.0,0.0,0.0,0.0,0.0,0.0,3500.0,,,,,,,
80166051,1769.0,4249.0,3500.0,0.0,0.0,0.0,0.0,0.0,3500.0,,,,,,,
80166462,1769.0,4249.0,3500.0,0.0,0.0,0.0,0.0,0.0,3500.0,,,,,,,
80166894,1769.0,4249.0,3500.0,0.0,0.0,0.0,0.0,0.0,3500.0,,,,,,,
80170208,1769.0,4249.0,3500.0,0.0,0.0,0.0,0.0,0.0,3500.0,,,,,,,
80170635,1769.0,4249.0,3500.0,0.0,0.0,0.0,0.0,0.0,3500.0,,,,,,,
80172119,1769.0,4249.0,3500.0,0.0,0.0,0.0,0.0,0.0,3500.0,,,,,,,
80173125,1769.0,4249.0,3500.0,0.0,0.0,0.0,0.0,0.0,3500.0,,,,,,,
80173523,1769.0,4249.0,3500.0,0.0,0.0,0.0,0.0,0.0,3500.0,,,,,,,
80173914,1769.0,4249.0,3500.0,0.0,0.0,0.0,0.0,0.0,3500.0,,,,,,,
80174280,1769.0,4249.0,3500.0,0.0,0.0,0.0,0.0,0.0,3500.0,,,,,,,
80174616,1769.0,4249.0,3500.0,0.0,0.0,0.0,0.0,0.0,3500.0,,,,,,,
80174960,1769.0,4249.0,3500.0,0.0,0.0,0.0,0.0,0.0,3500.0,,,,,,,
80175923,1769.0,4249.0,3500.0,0.0,0.0,0.0,0.0,0.0,3500.0,,,,,,,
80255752,1769.0,4249.0,3500.0,0.0,0.0,0.0,0.0,0.0,3500.0,,,,,,,
80257213,1769.0,4249.0,3500.0,0.0,0.0,0.0,0.0,0.0,3500.0,,,,,,,
80257793,1769.0,4249.0,3500.0,0.0,0.0,0.0,0.0,0.0,3500.0,,,,,,,
80258959,,,,,,,,,,,,,,,,
80259444,,,,,,,,,,,,,,,,
80259877,,,,,,,,,,,,,,,,
80260234,,,,,,,,,,,,,,,,
80260583,,,,,,,,,,,,,,,,
80260916,,,,,,,,,,,,,,,,
80261297,,,,,,,,,,,,,,,,
80261621,,,,,,,,,,,,,,,,
80261875,,,,,,,,,,,,,,,,
80262223,,,,,,,,,,,,,,,,
80262508,,,,,,,,,,,,,,,,
80262774,,,,,,,,,,,,,,,,
80263224,,,,,,,,,,,,,,,,
80263708,,,,,,,,,,,,,,,,
80264396,,,,,,,,,,,,,,,,
80264673,,,,,,,,,,,,,,,,
80265170,,,,,,,,,,,,,,,,
80265676,,,,,,,,,,,,,,,,
80266353,,,,,,,,,,,,,,,,
80266911,,,,,,,,,,,,,,,,
80267300,,,,,,,,,,,,,,,,
80268501,,,,,,,,,,,,,,,,
80268948,,,,,,,,,,,,,,,,
80269352,,,,,,,,,,,,,,,,
80269730,,,,,,,,,,,,,,,,
80270197,,,,,,,,,,,,,,,,
80273136,,,,,,,,,,,,,,,,
80274004,,,,,,,,,,,,,,,,
80274728,,,,,,,,,,,,,,,,
80275562,,,,,,,,,,,,,,,,
80276358,,,,,,,,,,,,,,,,
82780837,,,,,,,,,,,,,,,,
82879348,,,,,,,,,,,,,,,,
82879641,,,,,,,,,,,,,,,,
82880150,,,,,,,,,,,,,,,,
82880611,,,,,,,,,,,,,,,,
82881011,,,,,,,,,,,,,,,,
82881907,,,,,,,,,,,,,,,,
82882118,,,,,,,,,,,,,,,,
82882431,,,,,,,,,,,,,,,,
82882815,,,,,,,,,,,,,,,,
82883131,,,,,,,,,,,,,,,,
82883530,,,,,,,,,,,,,,,,
82884333,,,,,,,,,,,,,,,,
82884567,,,,,,,,,,,,,,,,
82884892,,,,,,,,,,,,,,,,
82885353,,,,,,,,,,,,,,,,
82885657,,,,,,,,,,,,,,,,
82887128,,,,,,,,,,,,,,,,
82889505,,,,,,,,,,,,,,,,
82889787,,,,,,,,,,,,,,,,
82890731,,,,,,,,,,,,,,,,
83049386,0.0,0.0,0.0,0.0,0.0,10000.0,0.0,0.0,10000.0,,,,,,,
83064357,0.0,0.0,0.0,0.0,0.0,1000.0,0.0,0.0,1000.0,,,,,,,
83065023,0.0,0.0,0.0,0.0,0.0,1000.0,0.0,0.0,1000.0,,,,,,,
83065630,38.0,1.0,0.0,0.0,0.0,100000.0,0.0,0.0,100000.0,,,,,,,
83066441,38.0,1.0,0.0,0.0,0.0,100000.0,0.0,0.0,100000.0,,,,,,,
83067493,0.0,0.0,0.0,0.0,0.0,1000.0,0.0,0.0,1000.0,,,,,,,
83067883,0.0,0.0,0.0,0.0,0.0,1000.0,0.0,0.0,1000.0,,,,,,,
83068179,0.0,0.0,0.0,0.0,0.0,1000.0,0.0,0.0,1000.0,,,,,,,
83069121,38.0,1.0,0.0,0.0,0.0,100000.0,0.0,0.0,100000.0,,,,,,,
83069893,0.0,0.0,0.0,0.0,0.0,1000.0,0.0,0.0,1000.0,,,,,,,
83071024,0.0,0.0,0.0,0.0,0.0,1000.0,0.0,0.0,1000.0,,,,,,,
83073048,38.0,1.0,0.0,0.0,0.0,100000.0,0.0,0.0,100000.0,,,,,,,
83075707,0.0,0.0,0.0,0.0,0.0,1000.0,0.0,0.0,1000.0,,,,,,,
83077632,0.0,0.0,0.0,0.0,0.0,1000.0,0.0,0.0,1000.0,,,,,,,
83078578,38.0,1.0,0.0,0.0,0.0,100000.0,0.0,0.0,100000.0,,,,,,,
83079455,38.0,1.0,0.0,0.0,0.0,100000.0,0.0,0.0,100000.0,,,,,,,
83079871,38.0,1.0,0.0,0.0,0.0,100000.0,0.0,0.0,100000.0,,,,,,,
83080631,0.0,0.0,0.0,0.0,0.0,1000.0,0.0,0.0,1000.0,,,,,,,
83080884,38.0,1.0,0.0,0.0,0.0,100000.0,0.0,0.0,100000.0,,,,,,,
83081482,38.0,1.0,0.0,0.0,0.0,100000.0,0.0,0.0,100000.0,,,,,,,
83108870,38.0,1.0,0.0,0.0,0.0,100000.0,0.0,0.0,100000.0,,,,,,,
83109227,38.0,1.0,0.0,0.0,0.0,100000.0,0.0,0.0,100000.0,,,,,,,
83109690,38.0,1.0,0.0,0.0,0.0,100000.0,0.0,0.0,100000.0,,,,,,,
83110080,38.0,1.0,0.0,0.0,0.0,100000.0,0.0,0.0,100000.0,,,,,,,
83110467,38.0,1.0,0.0,0.0,0.0,100000.0,0.0,0.0,100000.0,,,,,,,
83110898,38.0,1.0,0.0,0.0,0.0,100000.0,0.0,0.0,100000.0,,,,,,,
83111315,38.0,1.0,0.0,0.0,0.0,100000.0,0.0,0.0,100000.0,,,,,,,
83111837,38.0,1.0,0.0,0.0,0.0,100000.0,0.0,0.0,100000.0,,,,,,,
83112182,38.0,1.0,0.0,0.0,0.0,100000.0,0.0,0.0,100000.0,,,,,,,
83115881,38.0,1.0,0.0,0.0,0.0,10000.0,0.0,0.0,10000.0,,,,,,,
83116232,38.0,1.0,0.0,0.0,0.0,10000.0,0.0,0.0,10000.0,,,,,,,
83116642,38.0,1.0,0.0,0.0,0.0,10000.0,0.0,0.0,10000.0,,,,,,,
83116980,38.0,1.0,0.0,0.0,0.0,10000.0,0.0,0.0,10000.0,,,,,,,
83117260,38.0,1.0,0.0,0.0,0.0,10000.0,0.0,0.0,10000.0,,,,,,,
83117565,38.0,1.0,0.0,0.0,0.0,10000.0,0.0,0.0,10000.0,,,,,,,
83117967,38.0,1.0,0.0,0.0,0.0,10000.0,0.0,0.0,10000.0,,,,,,,
83118353,38.0,1.0,0.0,0.0,0.0,100000.0,0.0,0.0,100000.0,,,,,,,
83118666,38.0,1.0,0.0,0.0,0.0,10000.0,0.0,0.0,10000.0,,,,,,,
83118966,38.0,1.0,0.0,0.0,0.0,10000.0,0.0,0.0,10000.0,,,,,,,
83119215,38.0,1.0,0.0,0.0,0.0,10000.0,0.0,0.0,10000.0,,,,,,,
83121630,38.0,1.0,0.0,0.0,0.0,10000.0,0.0,0.0,10000.0,,,,,,,
83121946,38.0,1.0,0.0,0.0,0.0,10000.0,0.0,0.0,10000.0,,,,,,,
83122249,38.0,1.0,0.0,0.0,0.0,10000.0,0.0,0.0,10000.0,,,,,,,
83123218,38.0,1.0,0.0,0.0,0.0,10000.0,0.0,0.0,10000.0,,,,,,,
83123551,38.0,1.0,0.0,0.0,0.0,10000.0,0.0,0.0,10000.0,,,,,,,
83123937,38.0,1.0,0.0,0.0,0.0,10000.0,0.0,0.0,10000.0,,,,,,,
83124274,38.0,1.0,0.0,0.0,0.0,10000.0,0.0,0.0,10000.0,,,,,,,
83124621,38.0,1.0,0.0,0.0,0.0,10000.0,0.0,0.0,10000.0,,,,,,,
83124961,38.0,1.0,0.0,0.0,0.0,10000.0,0.0,0.0,10000.0,,,,,,,
83125274,38.0,1.0,0.0,0.0,0.0,10000.0,0.0,0.0,10000.0,,,,,,,
75998669,1769.0,4249.0,96000.0,0.0,0.0,0.0,0.0,0.0,96000.0,,,,,,,
75998904,1769.0,4249.0,366060.0,0.0,0.0,0.0,0.0,0.0,366060.0,,,,,,,
79943589,1769.0,4249.0,62040.0,0.0,0.0,0.0,0.0,0.0,62040.0,,,,,,,
79947142,1769.0,4249.0,90000.0,0.0,0.0,0.0,0.0,0.0,90000.0,,,,,,,
79948459,1769.0,4249.0,101680.0,0.0,0.0,0.0,0.0,0.0,101680.0,,,,,,,
79954369,1769.0,4211.0,0.0,0.0,0.0,500000.0,0.0,0.0,500000.0,,,,,,,
79955690,1769.0,4211.0,0.0,0.0,0.0,116080.0,0.0,0.0,116080.0,,,,,,,
79957032,1778.0,4250.0,0.0,0.0,0.0,100000.0,0.0,0.0,100000.0,,,,,,,
79957873,1778.0,4250.0,0.0,0.0,0.0,20000.0,0.0,0.0,20000.0,,,,,,,
79962020,1778.0,4250.0,0.0,0.0,0.0,43074.0,0.0,0.0,43074.0,,,,,,,
79962791,1778.0,4250.0,0.0,0.0,0.0,200000.0,0.0,0.0,200000.0,,,,,,,
79963641,1778.0,4250.0,0.0,0.0,0.0,50000.0,0.0,0.0,50000.0,,,,,,,
79964616,1778.0,4250.0,0.0,0.0,0.0,80000.0,0.0,0.0,80000.0,,,,,,,
79965294,1778.0,4250.0,0.0,0.0,0.0,150000.0,0.0,0.0,150000.0,,,,,,,
80162530,1769.0,4249.0,3500.0,0.0,0.0,0.0,0.0,0.0,3500.0,,,,,,,
80165637,1769.0,4249.0,3500.0,0.0,0.0,0.0,0.0,0.0,3500.0,,,,,,,
80167406,1769.0,4249.0,3500.0,0.0,0.0,0.0,0.0,0.0,3500.0,,,,,,,
80169667,1769.0,4249.0,3500.0,0.0,0.0,0.0,0.0,0.0,3500.0,,,,,,,
80172711,1769.0,4249.0,3500.0,0.0,0.0,0.0,0.0,0.0,3500.0,,,,,,,
80175289,1769.0,4249.0,3500.0,0.0,0.0,0.0,0.0,0.0,3500.0,,,,,,,
80175594,1769.0,4249.0,3500.0,0.0,0.0,0.0,0.0,0.0,3500.0,,,,,,,
80176214,1769.0,4249.0,3500.0,0.0,0.0,0.0,0.0,0.0,3500.0,,,,,,,
80255031,1769.0,4249.0,3500.0,0.0,0.0,0.0,0.0,0.0,3500.0,,,,,,,
80255361,1769.0,4249.0,3500.0,0.0,0.0,0.0,0.0,0.0,3500.0,,,,,,,
80256230,1769.0,4249.0,3500.0,0.0,0.0,0.0,0.0,0.0,3500.0,,,,,,,
80256535,1769.0,4249.0,3500.0,0.0,0.0,0.0,0.0,0.0,3500.0,,,,,,,
80256890,1769.0,4249.0,3500.0,0.0,0.0,0.0,0.0,0.0,3500.0,,,,,,,
80257495,1769.0,4249.0,3500.0,0.0,0.0,0.0,0.0,0.0,3500.0,,,,,,,
102988580,,,,,,,,,,,,,,,,
102988991,,,,,,,,,,,,,,,,
105242121,,,,,,,,,,,,,,,,
105242687,,,,,,,,,,,,,,,,
105243117,,,,,,,,,,,,,,,,
105243966,,,,,,,,,,,,,,,,
105244420,,,,,,,,,,,,,,,,
105244864,,,,,,,,,,,,,,,,
105245163,,,,,,,,,,,,,,,,
105246094,,,,,,,,,,,,,,,,
105246664,,,,,,,,,,,,,,,,
105252306,,,,,,,,,,,,,,,,
105252479,,,,,,,,,,,,,,,,
105252643,,,,,,,,,,,,,,,,
105253218,,,,,,,,,,,,,,,,
105253437,,,,,,,,,,,,,,,,
105253768,,,,,,,,,,,,,,,,
105254690,,,,,,,,,,,,,,,,
105254830,,,,,,,,,,,,,,,,
105255004,,,,,,,,,,,,,,,,
105255178,,,,,,,,,,,,,,,,
105255334,,,,,,,,,,,,,,,,
105255457,,,,,,,,,,,,,,,,
105255615,,,,,,,,,,,,,,,,
105476924,,,,,,,,,,,,,,,,
105476969,,,,,,,,,,,,,,,,
105477044,,,,,,,,,,,,,,,,
105477085,,,,,,,,,,,,,,,,
105477129,,,,,,,,,,,,,,,,
105477362,,,,,,,,,,,,,,,,
105477427,,,,,,,,,,,,,,,,
105477453,,,,,,,,,,,,,,,,
105477493,,,,,,,,,,,,,,,,
105477536,,,,,,,,,,,,,,,,
105478294,,,,,,,,,,,,,,,,
105478346,,,,,,,,,,,,,,,,
105478410,,,,,,,,,,,,,,,,
105478457,,,,,,,,,,,,,,,,
105478523,,,,,,,,,,,,,,,,
105478574,,,,,,,,,,,,,,,,
105478638,,,,,,,,,,,,,,,,
105478705,,,,,,,,,,,,,,,,
105478757,,,,,,,,,,,,,,,,
105478806,,,,,,,,,,,,,,,,
105478870,,,,,,,,,,,,,,,,
105645161,1769.0,4249.0,3500.0,0.0,0.0,0.0,0.0,0.0,3500.0,,,,,,,
105645351,1769.0,4249.0,3500.0,0.0,0.0,0.0,0.0,0.0,3500.0,,,,,,,
105645562,1769.0,4249.0,3500.0,0.0,0.0,0.0,0.0,0.0,3500.0,,,,,,,
105645762,1769.0,4249.0,3500.0,0.0,0.0,0.0,0.0,0.0,3500.0,,,,,,,
105645952,1769.0,4249.0,3500.0,0.0,0.0,0.0,0.0,0.0,3500.0,,,,,,,
105646154,1769.0,4249.0,3500.0,0.0,0.0,0.0,0.0,0.0,3500.0,,,,,,,
105646393,1769.0,4249.0,3500.0,0.0,0.0,0.0,0.0,0.0,3500.0,,,,,,,
105646575,1769.0,4249.0,3500.0,0.0,0.0,0.0,0.0,0.0,3500.0,,,,,,,
105646772,1769.0,4249.0,3500.0,0.0,0.0,0.0,0.0,0.0,3500.0,,,,,,,
105646994,1769.0,4249.0,3500.0,0.0,0.0,0.0,0.0,0.0,3500.0,,,,,,,
105668306,1778.0,4250.0,0.0,0.0,0.0,150000.0,0.0,0.0,150000.0,,,,,,,
105733879,1778.0,4250.0,0.0,0.0,0.0,150074.0,0.0,0.0,150074.0,,,,,,,
105734101,0.0,0.0,0.0,0.0,0.0,2000.0,0.0,0.0,2000.0,,,,,,,
105734172,0.0,0.0,0.0,0.0,0.0,2000.0,0.0,0.0,2000.0,,,,,,,
105734198,0.0,0.0,0.0,0.0,0.0,2000.0,0.0,0.0,2000.0,,,,,,,
105648673,1769.0,4249.0,156000.0,0.0,0.0,0.0,0.0,0.0,156000.0,,,,,,,
105648980,1769.0,4249.0,333567.0,0.0,0.0,0.0,0.0,0.0,333567.0,,,,,,,
105649904,1769.0,4249.0,101680.0,0.0,0.0,0.0,0.0,0.0,101680.0,,,,,,,
105650225,1769.0,4249.0,62040.0,0.0,0.0,0.0,0.0,0.0,62040.0,,,,,,,
105660870,1769.0,4249.0,200847.0,0.0,0.0,0.0,0.0,0.0,200847.0,,,,,,,
105661025,1769.0,4211.0,0.0,0.0,0.0,500000.0,0.0,0.0,500000.0,,,,,,,
105661229,1769.0,4211.0,0.0,0.0,0.0,77756.0,0.0,0.0,77756.0,,,,,,,
105661404,1769.0,4211.0,0.0,0.0,0.0,75000.0,0.0,0.0,75000.0,,,,,,,
105667167,1778.0,4250.0,0.0,0.0,0.0,43000.0,0.0,0.0,43000.0,,,,,,,
105667573,1778.0,4250.0,0.0,0.0,0.0,100000.0,0.0,0.0,100000.0,,,,,,,
105733941,1778.0,4250.0,0.0,0.0,0.0,200000.0,0.0,0.0,200000.0,,,,,,,
105650689,1769.0,4249.0,90000.0,0.0,0.0,0.0,0.0,0.0,90000.0,90000.0,0.0,0.0,0.0,0.0,0.0,
118384938,,,,,,,,,,,,,,,,
118386993,,,,,,,,,,,,,,,,
118389077,,,,,,,,,,,,,,,,
118390076,,,,,,,,,,,,,,,,
118391325,,,,,,,,,,,,,,,,
118392342,,,,,,,,,,,,,,,,
118392985,,,,,,,,,,,,,,,,
118394256,,,,,,,,,,,,,,,,
118395405,,,,,,,,,,,,,,,,
118457730,1769.0,4249.0,51100.0,0.0,0.0,0.0,0.0,0.0,51100.0,,,,,,,
118459236,1769.0,4249.0,26980.0,0.0,0.0,0.0,0.0,0.0,26980.0,,,,,,,
118460422,1769.0,4249.0,8200.0,0.0,0.0,0.0,0.0,0.0,8200.0,,,,,,,
118461394,1769.0,4249.0,4760.0,0.0,0.0,0.0,0.0,0.0,4760.0,,,,,,,
118462076,1769.0,4249.0,7440.0,0.0,0.0,0.0,0.0,0.0,7440.0,,,,,,,
118478230,1769.0,4249.0,40000.0,0.0,0.0,0.0,0.0,0.0,40000.0,,,,,,,
118506235,1769.0,4211.0,0.0,0.0,0.0,20000.0,0.0,0.0,20000.0,,,,,,,
118516619,1769.0,4211.0,0.0,0.0,0.0,46534.0,0.0,0.0,46534.0,,,,,,,
118530194,1778.0,4250.0,0.0,0.0,0.0,150000.0,0.0,0.0,150000.0,,,,,,,
118531463,1778.0,4250.0,0.0,0.0,0.0,43074.0,0.0,0.0,43074.0,,,,,,,
118540560,1769.0,4249.0,21400.0,0.0,0.0,0.0,0.0,0.0,21400.0,,,,,,,
118964765,1769.0,4249.0,3500.0,0.0,0.0,0.0,0.0,0.0,3500.0,,,,,,,
118965179,1769.0,4249.0,3500.0,0.0,0.0,0.0,0.0,0.0,3500.0,,,,,,,
118965401,1769.0,4249.0,3500.0,0.0,0.0,0.0,0.0,0.0,3500.0,,,,,,,
118965617,1769.0,4249.0,3500.0,0.0,0.0,0.0,0.0,0.0,3500.0,,,,,,,
118965834,1769.0,4249.0,3500.0,0.0,0.0,0.0,0.0,0.0,3500.0,,,,,,,
118966003,1769.0,4249.0,3500.0,0.0,0.0,0.0,0.0,0.0,3500.0,,,,,,,
118966204,1769.0,4249.0,3500.0,0.0,0.0,0.0,0.0,0.0,3500.0,,,,,,,
118966362,1769.0,4249.0,3500.0,0.0,0.0,0.0,0.0,0.0,3500.0,,,,,,,
118966566,1769.0,4249.0,3500.0,0.0,0.0,0.0,0.0,0.0,3500.0,,,,,,,
118966807,1769.0,4249.0,3500.0,0.0,0.0,0.0,0.0,0.0,3500.0,,,,,,,
118971529,,,,,,,,,,,,,,,,
118971836,,,,,,,,,,,,,,,,
118972025,,,,,,,,,,,,,,,,
118972184,,,,,,,,,,,,,,,,
118972367,,,,,,,,,,,,,,,,
118972597,,,,,,,,,,,,,,,,
118972796,,,,,,,,,,,,,,,,
118973060,,,,,,,,,,,,,,,,
118973273,,,,,,,,,,,,,,,,
118973481,,,,,,,,,,,,,,,,
121106679,,,,,,,,,,,,,,,,
121106999,,,,,,,,,,,,,,,,
121107272,,,,,,,,,,,,,,,,
121107863,,,,,,,,,,,,,,,,
121108357,,,,,,,,,,,,,,,,
121109144,,,,,,,,,,,,,,,,
121109380,,,,,,,,,,,,,,,,
121109610,,,,,,,,,,,,,,,,
121109998,,,,,,,,,,,,,,,,
121110244,,,,,,,,,,,,,,,,
121110447,,,,,,,,,,,,,,,,
121110699,,,,,,,,,,,,,,,,
121111036,,,,,,,,,,,,,,,,
121111535,,,,,,,,,,,,,,,,
121111798,,,,,,,,,,,,,,,,
121112145,,,,,,,,,,,,,,,,
121112596,,,,,,,,,,,,,,,,
121112792,,,,,,,,,,,,,,,,
121113001,,,,,,,,,,,,,,,,
121113195,,,,,,,,,,,,,,,,
121114232,,,,,,,,,,,,,,,,
121114474,,,,,,,,,,,,,,,,
121114678,,,,,,,,,,,,,,,,
121114900,,,,,,,,,,,,,,,,
121115098,,,,,,,,,,,,,,,,
121115368,,,,,,,,,,,,,,,,
121115627,,,,,,,,,,,,,,,,
121115812,,,,,,,,,,,,,,,,
121116258,,,,,,,,,,,,,,,,
121116452,,,,,,,,,,,,,,,,
121116668,,,,,,,,,,,,,,,,
121116879,,,,,,,,,,,,,,,,
121117167,,,,,,,,,,,,,,,,
121117449,,,,,,,,,,,,,,,,
121117733,,,,,,,,,,,,,,,,
121118055,,,,,,,,,,,,,,,,
121118304,,,,,,,,,,,,,,,,
121118535,,,,,,,,,,,,,,,,
121118740,,,,,,,,,,,,,,,,
121118988,,,,,,,,,,,,,,,,
121119180,,,,,,,,,,,,,,,,
121119359,,,,,,,,,,,,,,,,
121119495,,,,,,,,,,,,,,,,
121119655,,,,,,,,,,,,,,,,
121119856,,,,,,,,,,,,,,,,
121120094,,,,,,,,,,,,,,,,
121120406,,,,,,,,,,,,,,,,
121120534,,,,,,,,,,,,,,,,
121120706,,,,,,,,,,,,,,,,
121120922,,,,,,,,,,,,,,,,
121121140,,,,,,,,,,,,,,,,
121121441,,,,,,,,,,,,,,,,
121121656,,,,,,,,,,,,,,,,
121121806,,,,,,,,,,,,,,,,
121122033,,,,,,,,,,,,,,,,
121122197,,,,,,,,,,,,,,,,
121123198,,,,,,,,,,,,,,,,
121123358,,,,,,,,,,,,,,,,
121599466,1769.0,4249.0,50000.0,0.0,0.0,0.0,0.0,0.0,50000.0,,,,,,,
121599627,1769.0,4249.0,13000.0,0.0,0.0,0.0,0.0,0.0,13000.0,,,,,,,
121600225,1769.0,4249.0,6000.0,0.0,0.0,0.0,0.0,0.0,6000.0,,,,,,,
121626094,1769.0,4249.0,84000.0,0.0,0.0,0.0,0.0,0.0,84000.0,,,,,,,
121627488,1769.0,4211.0,0.0,0.0,0.0,16222.0,0.0,0.0,16222.0,,,,,,,
121628892,0.0,0.0,0.0,0.0,0.0,30000.0,0.0,0.0,30000.0,,,,,,,
121629099,,,,,,,,,,,,,,,,
121629153,,,,,,,,,,,,,,,,
121629253,,,,,,,,,,,,,,,,
121629307,,,,,,,,,,,,,,,,
121629340,,,,,,,,,,,,,,,,
121629342,,,,,,,,,,,,,,,,
127987620,,,,,,,,,,,,,,,,
128486738,1769.0,4249.0,30000.0,0.0,0.0,0.0,0.0,0.0,30000.0,,,,,,,
128486753,1769.0,4249.0,120920.0,0.0,0.0,0.0,0.0,0.0,120920.0,,,,,,,
128486774,1769.0,4211.0,0.0,0.0,0.0,40000.0,0.0,0.0,40000.0,,,,,,,
128271713,1769.0,4249.0,12167.0,0.0,0.0,0.0,0.0,0.0,12167.0,,,,,,,
128271856,1769.0,4211.0,0.0,0.0,0.0,140000.0,0.0,0.0,140000.0,,,,,,,
118504613,1769.0,4211.0,0.0,0.0,0.0,100000.0,0.0,0.0,100000.0,,,,,,,
118509839,1769.0,4211.0,0.0,0.0,0.0,140000.0,0.0,0.0,140000.0,,,,,,,
118529913,1778.0,4250.0,0.0,0.0,0.0,200000.0,0.0,0.0,200000.0,,,,,,,
118530588,1778.0,4250.0,0.0,0.0,0.0,100000.0,0.0,0.0,100000.0,,,,,,,
118530871,1778.0,4250.0,0.0,0.0,0.0,100000.0,0.0,0.0,100000.0,,,,,,,
118542524,1778.0,4250.0,0.0,0.0,0.0,50000.0,0.0,0.0,50000.0,,,,,,,
121628130,1769.0,4249.0,12167.0,0.0,0.0,0.0,0.0,0.0,12167.0,,,,,,,
121630116,1769.0,4249.0,156000.0,0.0,0.0,0.0,0.0,0.0,156000.0,,,,,,,
121630153,1769.0,4249.0,300000.0,0.0,0.0,0.0,0.0,0.0,300000.0,,,,,,,
127987671,1769.0,4211.0,0.0,0.0,0.0,150000.0,0.0,0.0,150000.0,,,,,,,
118508175,1769.0,4211.0,0.0,0.0,0.0,150000.0,0.0,0.0,150000.0,0.0,0.0,0.0,150000.0,0.0,0.0,
118511892,1769.0,4211.0,0.0,0.0,0.0,140000.0,0.0,0.0,140000.0,0.0,0.0,0.0,140000.0,0.0,0.0,
118515997,1769.0,4211.0,0.0,0.0,0.0,40000.0,0.0,0.0,40000.0,0.0,0.0,0.0,40000.0,0.0,0.0,
121599839,1769.0,4249.0,150920.0,0.0,0.0,0.0,0.0,0.0,150920.0,150920.0,0.0,0.0,0.0,0.0,0.0,
121628264,1769.0,4249.0,12167.0,0.0,0.0,0.0,0.0,0.0,12167.0,12167.0,0.0,0.0,0.0,0.0,0.0,
44274502,1778.0,4250.0,0.0,0.0,0.0,20000.0,0.0,0.0,20000.0,,,,,,,
44339496,1778.0,4250.0,0.0,0.0,0.0,48000.0,0.0,0.0,48000.0,,,,,,,
44339511,1778.0,4250.0,0.0,0.0,0.0,300000.0,0.0,0.0,300000.0,,,,,,,
44344671,1769.0,4249.0,100000.0,0.0,0.0,0.0,0.0,0.0,100000.0,,,,,,,
44344702,1769.0,4249.0,100000.0,0.0,0.0,0.0,0.0,0.0,100000.0,,,,,,,
44344737,1769.0,4249.0,100000.0,0.0,0.0,0.0,0.0,0.0,100000.0,,,,,,,
44339606,1778.0,4250.0,0.0,0.0,0.0,100000.0,0.0,0.0,100000.0,,,,,,,
44339623,1778.0,4250.0,0.0,0.0,0.0,100000.0,0.0,0.0,100000.0,,,,,,,
44339808,1778.0,4250.0,0.0,0.0,0.0,75074.0,0.0,0.0,75074.0,,,,,,,
44344661,1769.0,4249.0,260000.0,0.0,0.0,0.0,0.0,0.0,260000.0,,,,,,,
44344710,1769.0,4249.0,200000.0,0.0,0.0,0.0,0.0,0.0,200000.0,,,,,,,
44344759,1769.0,4249.0,205772.0,0.0,0.0,0.0,0.0,0.0,205772.0,,,,,,,
44344901,1769.0,4211.0,0.0,0.0,0.0,150000.0,0.0,0.0,150000.0,,,,,,,
44344919,1769.0,4211.0,0.0,0.0,0.0,100000.0,0.0,0.0,100000.0,,,,,,,
44344938,1769.0,4211.0,0.0,0.0,0.0,120000.0,0.0,0.0,120000.0,,,,,,,
44344953,1769.0,4211.0,0.0,0.0,0.0,75772.0,0.0,0.0,75772.0,,,,,,,
44344969,1769.0,4211.0,0.0,0.0,0.0,50000.0,0.0,0.0,50000.0,,,,,,,
44345009,1769.0,4211.0,0.0,0.0,0.0,100000.0,0.0,0.0,100000.0,,,,,,,
44345027,1769.0,4211.0,0.0,0.0,0.0,100000.0,0.0,0.0,100000.0,,,,,,,
44345047,1769.0,4211.0,0.0,0.0,0.0,150000.0,0.0,0.0,150000.0,,,,,,,
44345063,1769.0,4211.0,0.0,0.0,0.0,120000.0,0.0,0.0,120000.0,,,,,,,
56599703,1769.0,4249.0,100000.0,0.0,0.0,0.0,0.0,0.0,100000.0,,,,,,,
56674999,1769.0,4211.0,0.0,0.0,0.0,50000.0,0.0,0.0,50000.0,,,,,,,
56675323,1769.0,4211.0,0.0,0.0,0.0,50000.0,0.0,0.0,50000.0,,,,,,,
56675673,1769.0,4211.0,0.0,0.0,0.0,50000.0,0.0,0.0,50000.0,,,,,,,
56676084,1769.0,4211.0,0.0,0.0,0.0,50000.0,0.0,0.0,50000.0,,,,,,,
56676488,1769.0,4211.0,0.0,0.0,0.0,50000.0,0.0,0.0,50000.0,,,,,,,
65097933,1769.0,4211.0,0.0,0.0,0.0,50000.0,0.0,0.0,50000.0,,,,,,,
65098073,1769.0,4249.0,100000.0,0.0,0.0,0.0,0.0,0.0,100000.0,,,,,,,
65100424,1769.0,4211.0,0.0,0.0,0.0,350000.0,0.0,0.0,350000.0,,,,,,,
65142852,1769.0,4211.0,0.0,0.0,0.0,27572.0,0.0,0.0,27572.0,,,,,,,
65142882,1778.0,4252.0,0.0,0.0,0.0,163689.0,0.0,0.0,163689.0,,,,,,,
65142924,1769.0,4249.0,41736.0,0.0,0.0,0.0,0.0,0.0,41736.0,,,,,,,
65142958,1769.0,4249.0,41736.0,0.0,0.0,0.0,0.0,0.0,41736.0,,,,,,,
48208325,1778.0,4252.0,0.0,0.0,0.0,360000.0,0.0,0.0,360000.0,,,,,,,
48208369,1778.0,4252.0,0.0,0.0,0.0,48000.0,0.0,0.0,48000.0,,,,,,,
48208444,1778.0,4252.0,0.0,0.0,0.0,35074.0,0.0,0.0,35074.0,,,,,,,
48208494,1778.0,4252.0,0.0,0.0,0.0,200000.0,0.0,0.0,200000.0,,,,,,,
56599453,1769.0,4249.0,200000.0,0.0,0.0,0.0,0.0,0.0,200000.0,,,,,,,
56600246,1769.0,4249.0,20000.0,0.0,0.0,0.0,0.0,0.0,20000.0,,,,,,,
56613832,1769.0,4249.0,121149.0,0.0,0.0,0.0,0.0,0.0,121149.0,,,,,,,
56657016,1769.0,4249.0,100000.0,0.0,0.0,0.0,0.0,0.0,100000.0,,,,,,,
56657451,1769.0,4249.0,141149.0,0.0,0.0,0.0,0.0,0.0,141149.0,,,,,,,
56673560,1769.0,4211.0,0.0,0.0,0.0,50000.0,0.0,0.0,50000.0,,,,,,,
56673997,1769.0,4211.0,0.0,0.0,0.0,50000.0,0.0,0.0,50000.0,,,,,,,
65096304,1769.0,4211.0,0.0,0.0,0.0,88198.0,0.0,0.0,88198.0,,,,,,,
65096368,1769.0,4211.0,0.0,0.0,0.0,50000.0,0.0,0.0,50000.0,,,,,,,
65097842,1769.0,4211.0,0.0,0.0,0.0,50000.0,0.0,0.0,50000.0,,,,,,,
65098022,1769.0,4249.0,100000.0,0.0,0.0,0.0,0.0,0.0,100000.0,,,,,,,
56671883,1769.0,4249.0,200000.0,0.0,0.0,0.0,0.0,0.0,200000.0,200000.0,0.0,0.0,0.0,0.0,0.0,
56672974,1769.0,4211.0,0.0,0.0,0.0,88198.0,0.0,0.0,88198.0,0.0,0.0,0.0,88198.0,0.0,0.0,
56674414,1769.0,4211.0,0.0,0.0,0.0,150000.0,0.0,0.0,150000.0,0.0,0.0,0.0,150000.0,0.0,0.0,
60926262,0.0,0.0,0.0,0.0,0.0,418342.0,0.0,0.0,418342.0,,,,,,,
65409125,1769.0,4249.0,58744.0,0.0,0.0,0.0,0.0,0.0,58744.0,,,,,,,
65409718,1769.0,4249.0,36000.0,0.0,0.0,0.0,0.0,0.0,36000.0,,,,,,,
65409771,1769.0,4249.0,5150.0,0.0,0.0,0.0,0.0,0.0,5150.0,,,,,,,
65410051,1769.0,4249.0,18000.0,0.0,0.0,0.0,0.0,0.0,18000.0,,,,,,,
88448702,1769.0,4249.0,5000.0,0.0,0.0,0.0,0.0,0.0,5000.0,,,,,,,
60926466,1778.0,4250.0,0.0,0.0,0.0,200000.0,0.0,0.0,200000.0,,,,,,,
60926606,1769.0,4249.0,48000.0,0.0,0.0,0.0,0.0,0.0,48000.0,,,,,,,
65408949,1769.0,4249.0,350000.0,0.0,0.0,0.0,0.0,0.0,350000.0,,,,,,,
65409284,1769.0,4211.0,0.0,0.0,0.0,200000.0,0.0,0.0,200000.0,,,,,,,
65409338,1769.0,4211.0,0.0,0.0,0.0,300000.0,0.0,0.0,300000.0,,,,,,,
65409377,1769.0,4211.0,0.0,0.0,0.0,108992.0,0.0,0.0,108992.0,,,,,,,
65409476,1778.0,4250.0,0.0,0.0,0.0,400000.0,0.0,0.0,400000.0,,,,,,,
65409623,1778.0,4250.0,0.0,0.0,0.0,43074.0,0.0,0.0,43074.0,,,,,,,
65409810,1769.0,4249.0,60000.0,0.0,0.0,0.0,0.0,0.0,60000.0,,,,,,,
65409918,1769.0,4249.0,90000.0,0.0,0.0,0.0,0.0,0.0,90000.0,,,,,,,
65409970,1769.0,4249.0,60000.0,0.0,0.0,0.0,0.0,0.0,60000.0,,,,,,,
65410011,1769.0,4249.0,22500.0,0.0,0.0,0.0,0.0,0.0,22500.0,,,,,,,
65410154,1769.0,4249.0,7000.0,0.0,0.0,0.0,0.0,0.0,7000.0,,,,,,,
65410201,1769.0,4249.0,50000.0,0.0,0.0,0.0,0.0,0.0,50000.0,,,,,,,
65410237,1769.0,4249.0,20000.0,0.0,0.0,0.0,0.0,0.0,20000.0,,,,,,,
65410452,1769.0,4249.0,21500.0,0.0,0.0,0.0,0.0,0.0,21500.0,,,,,,,
65410493,1769.0,4249.0,6594.0,0.0,0.0,0.0,0.0,0.0,6594.0,,,,,,,
88448498,1769.0,4249.0,60000.0,0.0,0.0,0.0,0.0,0.0,60000.0,,,,,,,
65410283,1769.0,4249.0,60000.0,0.0,0.0,0.0,0.0,0.0,60000.0,60000.0,0.0,0.0,0.0,0.0,0.0,
76411600,1769.0,4249.0,45600.0,0.0,0.0,0.0,0.0,0.0,45600.0,,,,,,,
76412173,1769.0,4249.0,5150.0,0.0,0.0,0.0,0.0,0.0,5150.0,,,,,,,
76413241,1769.0,4249.0,18000.0,0.0,0.0,0.0,0.0,0.0,18000.0,,,,,,,
76414758,1769.0,4249.0,62610.0,0.0,0.0,0.0,0.0,0.0,62610.0,,,,,,,
76416515,1769.0,4249.0,3500.0,0.0,0.0,0.0,0.0,0.0,3500.0,,,,,,,
76416762,1769.0,4249.0,3500.0,0.0,0.0,0.0,0.0,0.0,3500.0,,,,,,,
76420712,1769.0,4249.0,3500.0,0.0,0.0,0.0,0.0,0.0,3500.0,,,,,,,
76420933,1769.0,4249.0,3500.0,0.0,0.0,0.0,0.0,0.0,3500.0,,,,,,,
76421132,1769.0,4249.0,3500.0,0.0,0.0,0.0,0.0,0.0,3500.0,,,,,,,
76421364,1769.0,4249.0,3500.0,0.0,0.0,0.0,0.0,0.0,3500.0,,,,,,,
76421551,1769.0,4249.0,3500.0,0.0,0.0,0.0,0.0,0.0,3500.0,,,,,,,
76421720,1769.0,4249.0,3500.0,0.0,0.0,0.0,0.0,0.0,3500.0,,,,,,,
76421883,1769.0,4249.0,3500.0,0.0,0.0,0.0,0.0,0.0,3500.0,,,,,,,
76423168,1769.0,4249.0,3500.0,0.0,0.0,0.0,0.0,0.0,3500.0,,,,,,,
76424269,1769.0,4249.0,3500.0,0.0,0.0,0.0,0.0,0.0,3500.0,,,,,,,
77186487,1769.0,4211.0,0.0,0.0,0.0,113488.0,0.0,0.0,113488.0,,,,,,,
77187431,1769.0,4211.0,0.0,0.0,0.0,100000.0,0.0,0.0,100000.0,,,,,,,
78948165,38.0,1.0,0.0,0.0,0.0,300000.0,0.0,0.0,300000.0,,,,,,,
78948945,38.0,1.0,0.0,0.0,0.0,300000.0,0.0,0.0,300000.0,,,,,,,
78950425,38.0,1.0,0.0,0.0,0.0,300000.0,0.0,0.0,300000.0,,,,,,,
79234111,,,,,,,,,,,,,,,,
79235546,,,,,,,,,,,,,,,,
79238061,,,,,,,,,,,,,,,,
79241194,,,,,,,,,,,,,,,,
79243494,,,,,,,,,,,,,,,,
79245169,,,,,,,,,,,,,,,,
79247557,,,,,,,,,,,,,,,,
79247558,,,,,,,,,,,,,,,,
79251473,,,,,,,,,,,,,,,,
79253252,,,,,,,,,,,,,,,,
79606071,,,,,,,,,,,,,,,,
79607346,,,,,,,,,,,,,,,,
79610055,,,,,,,,,,,,,,,,
79610856,,,,,,,,,,,,,,,,
79611641,,,,,,,,,,,,,,,,
79612286,,,,,,,,,,,,,,,,
79612818,,,,,,,,,,,,,,,,
79613958,,,,,,,,,,,,,,,,
79614773,,,,,,,,,,,,,,,,
79615931,,,,,,,,,,,,,,,,
79616798,,,,,,,,,,,,,,,,
79617722,,,,,,,,,,,,,,,,
79618285,,,,,,,,,,,,,,,,
79618914,,,,,,,,,,,,,,,,
79619611,,,,,,,,,,,,,,,,
79620360,,,,,,,,,,,,,,,,
79621070,,,,,,,,,,,,,,,,
79622103,,,,,,,,,,,,,,,,
79622516,,,,,,,,,,,,,,,,
79623729,,,,,,,,,,,,,,,,
79625160,,,,,,,,,,,,,,,,
79626661,,,,,,,,,,,,,,,,
79826707,,,,,,,,,,,,,,,,
79827281,,,,,,,,,,,,,,,,
79827789,,,,,,,,,,,,,,,,
79828253,,,,,,,,,,,,,,,,
79828620,,,,,,,,,,,,,,,,
79829169,,,,,,,,,,,,,,,,
79829704,,,,,,,,,,,,,,,,
79830196,,,,,,,,,,,,,,,,
79830702,,,,,,,,,,,,,,,,
79831526,,,,,,,,,,,,,,,,
79832282,,,,,,,,,,,,,,,,
80178526,38.0,1.0,0.0,0.0,0.0,1000.0,0.0,0.0,1000.0,,,,,,,
80178893,38.0,1.0,0.0,0.0,0.0,5000.0,0.0,0.0,5000.0,,,,,,,
80179446,38.0,1.0,0.0,0.0,0.0,2000.0,0.0,0.0,2000.0,,,,,,,
80179874,38.0,1.0,0.0,0.0,0.0,5000.0,0.0,0.0,5000.0,,,,,,,
80180327,38.0,1.0,0.0,0.0,0.0,1000.0,0.0,0.0,1000.0,,,,,,,
80180894,38.0,1.0,0.0,0.0,0.0,5000.0,0.0,0.0,5000.0,,,,,,,
80181302,38.0,1.0,0.0,0.0,0.0,1000.0,0.0,0.0,1000.0,,,,,,,
80181632,38.0,1.0,0.0,0.0,0.0,5000.0,0.0,0.0,5000.0,,,,,,,
80182155,38.0,1.0,0.0,0.0,0.0,1000.0,0.0,0.0,1000.0,,,,,,,
80182514,38.0,1.0,0.0,0.0,0.0,2000.0,0.0,0.0,2000.0,,,,,,,
80182876,38.0,1.0,0.0,0.0,0.0,1000.0,0.0,0.0,1000.0,,,,,,,
80183185,38.0,1.0,0.0,0.0,0.0,2000.0,0.0,0.0,2000.0,,,,,,,
80183637,38.0,1.0,0.0,0.0,0.0,1000.0,0.0,0.0,1000.0,,,,,,,
80184007,38.0,1.0,0.0,0.0,0.0,1000.0,0.0,0.0,1000.0,,,,,,,
80184469,38.0,1.0,0.0,0.0,0.0,1000.0,0.0,0.0,1000.0,,,,,,,
80185409,38.0,1.0,0.0,0.0,0.0,2000.0,0.0,0.0,2000.0,,,,,,,
80185753,38.0,1.0,0.0,0.0,0.0,2000.0,0.0,0.0,2000.0,,,,,,,
80186055,38.0,1.0,0.0,0.0,0.0,2000.0,0.0,0.0,2000.0,,,,,,,
80186405,38.0,1.0,0.0,0.0,0.0,1000.0,0.0,0.0,1000.0,,,,,,,
80186672,38.0,1.0,0.0,0.0,0.0,1000.0,0.0,0.0,1000.0,,,,,,,
80187019,38.0,1.0,0.0,0.0,0.0,1000.0,0.0,0.0,1000.0,,,,,,,
80187618,38.0,1.0,0.0,0.0,0.0,1000.0,0.0,0.0,1000.0,,,,,,,
82774077,,,,,,,,,,,,,,,,
82774620,,,,,,,,,,,,,,,,
82774948,,,,,,,,,,,,,,,,
82775179,,,,,,,,,,,,,,,,
82775510,,,,,,,,,,,,,,,,
82775815,,,,,,,,,,,,,,,,
82776608,,,,,,,,,,,,,,,,
82776815,,,,,,,,,,,,,,,,
82777095,,,,,,,,,,,,,,,,
82777300,,,,,,,,,,,,,,,,
82777648,,,,,,,,,,,,,,,,
82777882,,,,,,,,,,,,,,,,
82778132,,,,,,,,,,,,,,,,
82778409,,,,,,,,,,,,,,,,
82873167,,,,,,,,,,,,,,,,
82891520,0.0,0.0,0.0,0.0,0.0,20000.0,0.0,0.0,20000.0,,,,,,,
82905047,38.0,1.0,0.0,0.0,0.0,300000.0,0.0,0.0,300000.0,,,,,,,
82905636,38.0,1.0,0.0,0.0,0.0,300000.0,0.0,0.0,300000.0,,,,,,,
82927112,0.0,0.0,0.0,0.0,0.0,1000.0,0.0,0.0,1000.0,,,,,,,
82927761,0.0,0.0,0.0,0.0,0.0,1000.0,0.0,0.0,1000.0,,,,,,,
82929418,0.0,0.0,0.0,0.0,0.0,1000.0,0.0,0.0,1000.0,,,,,,,
82930021,0.0,0.0,0.0,0.0,0.0,1000.0,0.0,0.0,1000.0,,,,,,,
82930289,0.0,0.0,0.0,0.0,0.0,1000.0,0.0,0.0,1000.0,,,,,,,
82930725,0.0,0.0,0.0,0.0,0.0,1000.0,0.0,0.0,1000.0,,,,,,,
82931632,0.0,0.0,0.0,0.0,0.0,1000.0,0.0,0.0,1000.0,,,,,,,
82932583,0.0,0.0,0.0,0.0,0.0,1000.0,0.0,0.0,1000.0,,,,,,,
82933255,0.0,0.0,0.0,0.0,0.0,1000.0,0.0,0.0,1000.0,,,,,,,
82933868,0.0,0.0,0.0,0.0,0.0,1000.0,0.0,0.0,1000.0,,,,,,,
82934249,0.0,0.0,0.0,0.0,0.0,1000.0,0.0,0.0,1000.0,,,,,,,
82934752,0.0,0.0,0.0,0.0,0.0,1000.0,0.0,0.0,1000.0,,,,,,,
82935061,0.0,0.0,0.0,0.0,0.0,1000.0,0.0,0.0,1000.0,,,,,,,
82935448,0.0,0.0,0.0,0.0,0.0,1000.0,0.0,0.0,1000.0,,,,,,,
82935693,0.0,0.0,0.0,0.0,0.0,1000.0,0.0,0.0,1000.0,,,,,,,
82936098,0.0,0.0,0.0,0.0,0.0,1000.0,0.0,0.0,1000.0,,,,,,,
82936494,0.0,0.0,0.0,0.0,0.0,1000.0,0.0,0.0,1000.0,,,,,,,
82936814,0.0,0.0,0.0,0.0,0.0,1000.0,0.0,0.0,1000.0,,,,,,,
82937047,0.0,0.0,0.0,0.0,0.0,1000.0,0.0,0.0,1000.0,,,,,,,
82937405,1769.0,4211.0,0.0,0.0,0.0,1000.0,0.0,0.0,1000.0,,,,,,,
82937920,0.0,0.0,0.0,0.0,0.0,1000.0,0.0,0.0,1000.0,,,,,,,
82938233,0.0,0.0,0.0,0.0,0.0,1000.0,0.0,0.0,1000.0,,,,,,,
82938565,0.0,0.0,0.0,0.0,0.0,1000.0,0.0,0.0,1000.0,,,,,,,
82939015,1769.0,4211.0,0.0,0.0,0.0,1000.0,0.0,0.0,1000.0,,,,,,,
82939457,0.0,0.0,0.0,0.0,0.0,1000.0,0.0,0.0,1000.0,,,,,,,
82939791,0.0,0.0,0.0,0.0,0.0,1000.0,0.0,0.0,1000.0,,,,,,,
82940269,0.0,0.0,0.0,0.0,0.0,1000.0,0.0,0.0,1000.0,,,,,,,
82940752,0.0,0.0,0.0,0.0,0.0,1000.0,0.0,0.0,1000.0,,,,,,,
82941077,0.0,0.0,0.0,0.0,0.0,1000.0,0.0,0.0,1000.0,,,,,,,
82941535,0.0,0.0,0.0,0.0,0.0,1000.0,0.0,0.0,1000.0,,,,,,,
82941857,0.0,0.0,0.0,0.0,0.0,1000.0,0.0,0.0,1000.0,,,,,,,
82942194,0.0,0.0,0.0,0.0,0.0,1000.0,0.0,0.0,1000.0,,,,,,,
82942499,0.0,0.0,0.0,0.0,0.0,1000.0,0.0,0.0,1000.0,,,,,,,
82943062,0.0,0.0,0.0,0.0,0.0,1000.0,0.0,0.0,1000.0,,,,,,,
82943428,0.0,0.0,0.0,0.0,0.0,1000.0,0.0,0.0,1000.0,,,,,,,
82943717,0.0,0.0,0.0,0.0,0.0,1000.0,0.0,0.0,1000.0,,,,,,,
82944111,0.0,0.0,0.0,0.0,0.0,1000.0,0.0,0.0,1000.0,,,,,,,
82944425,0.0,0.0,0.0,0.0,0.0,1000.0,0.0,0.0,1000.0,,,,,,,
76412971,1769.0,4249.0,100000.0,0.0,0.0,0.0,0.0,0.0,100000.0,,,,,,,
76413825,1769.0,4249.0,50000.0,0.0,0.0,0.0,0.0,0.0,50000.0,,,,,,,
76414199,1769.0,4249.0,75700.0,0.0,0.0,0.0,0.0,0.0,75700.0,,,,,,,
76415612,1769.0,4249.0,3500.0,0.0,0.0,0.0,0.0,0.0,3500.0,,,,,,,
76415920,1769.0,4249.0,3500.0,0.0,0.0,0.0,0.0,0.0,3500.0,,,,,,,
76416165,1769.0,4249.0,3500.0,0.0,0.0,0.0,0.0,0.0,3500.0,,,,,,,
76417018,1769.0,4249.0,3500.0,0.0,0.0,0.0,0.0,0.0,3500.0,,,,,,,
76417263,1769.0,4249.0,3500.0,0.0,0.0,0.0,0.0,0.0,3500.0,,,,,,,
76417663,1769.0,4249.0,3500.0,0.0,0.0,0.0,0.0,0.0,3500.0,,,,,,,
76419677,1769.0,4249.0,3500.0,0.0,0.0,0.0,0.0,0.0,3500.0,,,,,,,
76420017,1769.0,4249.0,3500.0,0.0,0.0,0.0,0.0,0.0,3500.0,,,,,,,
76420237,1769.0,4249.0,3500.0,0.0,0.0,0.0,0.0,0.0,3500.0,,,,,,,
76420472,1769.0,4249.0,3500.0,0.0,0.0,0.0,0.0,0.0,3500.0,,,,,,,
76422091,1769.0,4249.0,3500.0,0.0,0.0,0.0,0.0,0.0,3500.0,,,,,,,
76422269,1769.0,4249.0,3500.0,0.0,0.0,0.0,0.0,0.0,3500.0,,,,,,,
76422493,1769.0,4249.0,3500.0,0.0,0.0,0.0,0.0,0.0,3500.0,,,,,,,
76422693,1769.0,4249.0,3500.0,0.0,0.0,0.0,0.0,0.0,3500.0,,,,,,,
76422932,1769.0,4249.0,3500.0,0.0,0.0,0.0,0.0,0.0,3500.0,,,,,,,
76423426,1769.0,4249.0,3500.0,0.0,0.0,0.0,0.0,0.0,3500.0,,,,,,,
76423647,1769.0,4249.0,3500.0,0.0,0.0,0.0,0.0,0.0,3500.0,,,,,,,
76423863,1769.0,4249.0,3500.0,0.0,0.0,0.0,0.0,0.0,3500.0,,,,,,,
76424051,1769.0,4249.0,3500.0,0.0,0.0,0.0,0.0,0.0,3500.0,,,,,,,
76576158,1778.0,4250.0,0.0,0.0,0.0,300000.0,0.0,0.0,300000.0,,,,,,,
76582178,1778.0,4250.0,0.0,0.0,0.0,43074.0,0.0,0.0,43074.0,,,,,,,
76584043,1778.0,4250.0,0.0,0.0,0.0,50000.0,0.0,0.0,50000.0,,,,,,,
76584990,1778.0,4250.0,0.0,0.0,0.0,50000.0,0.0,0.0,50000.0,,,,,,,
76588111,1778.0,4250.0,0.0,0.0,0.0,50000.0,0.0,0.0,50000.0,,,,,,,
77188214,1769.0,4211.0,0.0,0.0,0.0,100000.0,0.0,0.0,100000.0,,,,,,,
77189411,1769.0,4211.0,0.0,0.0,0.0,100000.0,0.0,0.0,100000.0,,,,,,,
77190660,1769.0,4211.0,0.0,0.0,0.0,100000.0,0.0,0.0,100000.0,,,,,,,
77191560,1769.0,4211.0,0.0,0.0,0.0,102592.0,0.0,0.0,102592.0,,,,,,,
82876565,1769.0,4249.0,48000.0,0.0,0.0,0.0,0.0,0.0,48000.0,,,,,,,
82877361,1769.0,4249.0,48744.0,0.0,0.0,0.0,0.0,0.0,48744.0,,,,,,,
82878032,1769.0,4249.0,365516.0,0.0,0.0,0.0,0.0,0.0,365516.0,,,,,,,
82903814,1778.0,4250.0,0.0,0.0,0.0,150000.0,0.0,0.0,150000.0,,,,,,,
99737153,,,,,,,,,,,,,,,,
99737860,,,,,,,,,,,,,,,,
99773726,0.0,0.0,0.0,0.0,0.0,1000.0,0.0,0.0,1000.0,,,,,,,
99774717,0.0,0.0,0.0,0.0,0.0,1000.0,0.0,0.0,1000.0,,,,,,,
101605911,1769.0,4249.0,20000.0,0.0,0.0,0.0,0.0,0.0,20000.0,,,,,,,
101609209,1769.0,4249.0,39000.0,0.0,0.0,0.0,0.0,0.0,39000.0,,,,,,,
101650146,1778.0,4250.0,0.0,0.0,0.0,96000.0,0.0,0.0,96000.0,,,,,,,
101703329,,,,,,,,,,,,,,,,
101705640,,,,,,,,,,,,,,,,
101718042,1769.0,4249.0,3500.0,0.0,0.0,0.0,0.0,0.0,3500.0,,,,,,,
101719721,1769.0,4249.0,3500.0,0.0,0.0,0.0,0.0,0.0,3500.0,,,,,,,
101801961,,,,,,,,,,,,,,,,
101883190,,,,,,,,,,,,,,,,
101886114,,,,,,,,,,,,,,,,
101887294,,,,,,,,,,,,,,,,
101888277,,,,,,,,,,,,,,,,
102171592,,,,,,,,,,,,,,,,
102206529,,,,,,,,,,,,,,,,
102207569,,,,,,,,,,,,,,,,
102208619,,,,,,,,,,,,,,,,
102210489,,,,,,,,,,,,,,,,
102211587,,,,,,,,,,,,,,,,
102212725,,,,,,,,,,,,,,,,
102213392,,,,,,,,,,,,,,,,
102214314,,,,,,,,,,,,,,,,
102216280,,,,,,,,,,,,,,,,
102217921,,,,,,,,,,,,,,,,
102218811,,,,,,,,,,,,,,,,
102219726,,,,,,,,,,,,,,,,
102220777,,,,,,,,,,,,,,,,
102221520,,,,,,,,,,,,,,,,
102229281,,,,,,,,,,,,,,,,
102230001,,,,,,,,,,,,,,,,
102230753,,,,,,,,,,,,,,,,
102231590,,,,,,,,,,,,,,,,
102259519,1778.0,4250.0,0.0,0.0,0.0,250000.0,0.0,0.0,250000.0,,,,,,,
101614963,1769.0,4249.0,300000.0,0.0,0.0,0.0,0.0,0.0,300000.0,,,,,,,
101616506,1769.0,4249.0,5150.0,0.0,0.0,0.0,0.0,0.0,5150.0,,,,,,,
101621024,1769.0,4249.0,20977.0,0.0,0.0,0.0,0.0,0.0,20977.0,,,,,,,
101636921,1769.0,4211.0,0.0,0.0,0.0,252756.0,0.0,0.0,252756.0,,,,,,,
101639896,1769.0,4211.0,0.0,0.0,0.0,200000.0,0.0,0.0,200000.0,,,,,,,
101659017,1778.0,4250.0,0.0,0.0,0.0,150000.0,0.0,0.0,150000.0,,,,,,,
101663086,1778.0,4250.0,0.0,0.0,0.0,47074.0,0.0,0.0,47074.0,,,,,,,
101667237,1778.0,4250.0,0.0,0.0,0.0,100000.0,0.0,0.0,100000.0,,,,,,,
101709656,1769.0,4249.0,3500.0,0.0,0.0,0.0,0.0,0.0,3500.0,,,,,,,
101711630,1769.0,4249.0,3500.0,0.0,0.0,0.0,0.0,0.0,3500.0,,,,,,,
101713082,1769.0,4249.0,3500.0,0.0,0.0,0.0,0.0,0.0,3500.0,,,,,,,
101714632,1769.0,4249.0,3500.0,0.0,0.0,0.0,0.0,0.0,3500.0,,,,,,,
101716273,1769.0,4249.0,3500.0,0.0,0.0,0.0,0.0,0.0,3500.0,,,,,,,
101721204,1769.0,4249.0,3500.0,0.0,0.0,0.0,0.0,0.0,3500.0,,,,,,,
101723850,1769.0,4249.0,3500.0,0.0,0.0,0.0,0.0,0.0,3500.0,,,,,,,
101726970,1769.0,4249.0,3500.0,0.0,0.0,0.0,0.0,0.0,3500.0,,,,,,,
102245941,1769.0,4249.0,69440.0,0.0,0.0,0.0,0.0,0.0,69440.0,,,,,,,
102253049,1769.0,4249.0,489567.0,0.0,0.0,0.0,0.0,0.0,489567.0,,,,,,,
102364406,1769.0,4211.0,0.0,0.0,0.0,200000.0,0.0,0.0,200000.0,,,,,,,
117175873,0.0,0.0,0.0,0.0,0.0,20000.0,0.0,0.0,20000.0,,,,,,,
120166068,,,,,,,,,,,,,,,,
120166807,,,,,,,,,,,,,,,,
120167287,,,,,,,,,,,,,,,,
120168010,,,,,,,,,,,,,,,,
120168697,,,,,,,,,,,,,,,,
120169042,,,,,,,,,,,,,,,,
120169383,,,,,,,,,,,,,,,,
120169944,,,,,,,,,,,,,,,,
120170476,,,,,,,,,,,,,,,,
120170708,,,,,,,,,,,,,,,,
120171316,,,,,,,,,,,,,,,,
120172100,,,,,,,,,,,,,,,,
120172511,,,,,,,,,,,,,,,,
121977953,1769.0,4249.0,12167.0,0.0,0.0,0.0,0.0,0.0,12167.0,,,,,,,
121978227,1769.0,4249.0,12000.0,0.0,0.0,0.0,0.0,0.0,12000.0,,,,,,,
121978921,1769.0,4249.0,39000.0,0.0,0.0,0.0,0.0,0.0,39000.0,,,,,,,
121983668,1769.0,4211.0,0.0,0.0,0.0,183778.0,0.0,0.0,183778.0,,,,,,,
121985161,1769.0,4211.0,0.0,0.0,0.0,16222.0,0.0,0.0,16222.0,,,,,,,
122254276,,,,,,,,,,,,,,,,
122254368,,,,,,,,,,,,,,,,
122254481,,,,,,,,,,,,,,,,
122254586,,,,,,,,,,,,,,,,
122254680,,,,,,,,,,,,,,,,
122254919,,,,,,,,,,,,,,,,
122255040,,,,,,,,,,,,,,,,
122255196,,,,,,,,,,,,,,,,
122255315,,,,,,,,,,,,,,,,
122255463,,,,,,,,,,,,,,,,
122255680,,,,,,,,,,,,,,,,
122256113,,,,,,,,,,,,,,,,
122256214,,,,,,,,,,,,,,,,
122256319,,,,,,,,,,,,,,,,
122258180,,,,,,,,,,,,,,,,
122260080,,,,,,,,,,,,,,,,
122260218,,,,,,,,,,,,,,,,
122260533,,,,,,,,,,,,,,,,
122260807,,,,,,,,,,,,,,,,
122260973,,,,,,,,,,,,,,,,
122261342,,,,,,,,,,,,,,,,
122261632,,,,,,,,,,,,,,,,
122261912,,,,,,,,,,,,,,,,
122264232,,,,,,,,,,,,,,,,
122264467,,,,,,,,,,,,,,,,
122264715,,,,,,,,,,,,,,,,
122264943,,,,,,,,,,,,,,,,
122265283,,,,,,,,,,,,,,,,
122265638,,,,,,,,,,,,,,,,
122266312,,,,,,,,,,,,,,,,
122266615,,,,,,,,,,,,,,,,
122267567,,,,,,,,,,,,,,,,
122267786,,,,,,,,,,,,,,,,
122268143,,,,,,,,,,,,,,,,
122268406,,,,,,,,,,,,,,,,
122268632,,,,,,,,,,,,,,,,
122268905,,,,,,,,,,,,,,,,
122269714,,,,,,,,,,,,,,,,
122270136,,,,,,,,,,,,,,,,
122270513,,,,,,,,,,,,,,,,
122271397,,,,,,,,,,,,,,,,
122271978,,,,,,,,,,,,,,,,
122662439,,,,,,,,,,,,,,,,
122663381,,,,,,,,,,,,,,,,
122665180,,,,,,,,,,,,,,,,
122666033,,,,,,,,,,,,,,,,
122666570,,,,,,,,,,,,,,,,
122669149,,,,,,,,,,,,,,,,
121982101,1769.0,4249.0,12167.0,0.0,0.0,0.0,0.0,0.0,12167.0,,,,,,,
121980042,1769.0,4249.0,6627.0,0.0,0.0,0.0,0.0,0.0,6627.0,,,,,,,
117175672,1769.0,4249.0,78000.0,0.0,0.0,0.0,0.0,0.0,78000.0,,,,,,,
121977784,1769.0,4249.0,399400.0,0.0,0.0,0.0,0.0,0.0,399400.0,,,,,,,
121978446,1769.0,4249.0,69440.0,0.0,0.0,0.0,0.0,0.0,69440.0,,,,,,,
121979127,1769.0,4249.0,30000.0,0.0,0.0,0.0,0.0,0.0,30000.0,,,,,,,
121979351,1769.0,4249.0,50000.0,0.0,0.0,0.0,0.0,0.0,50000.0,,,,,,,
121979609,1769.0,4249.0,50000.0,0.0,0.0,0.0,0.0,0.0,50000.0,,,,,,,
121980396,1769.0,4249.0,20000.0,0.0,0.0,0.0,0.0,0.0,20000.0,,,,,,,
121981445,1769.0,4249.0,110333.0,0.0,0.0,0.0,0.0,0.0,110333.0,,,,,,,
121981982,1769.0,4249.0,90000.0,0.0,0.0,0.0,0.0,0.0,90000.0,,,,,,,
121983932,1769.0,4211.0,0.0,0.0,0.0,100000.0,0.0,0.0,100000.0,,,,,,,
121984299,1769.0,4211.0,0.0,0.0,0.0,152756.0,0.0,0.0,152756.0,,,,,,,
121984590,1769.0,4211.0,0.0,0.0,0.0,100000.0,0.0,0.0,100000.0,,,,,,,
121984981,1769.0,4211.0,0.0,0.0,0.0,100000.0,0.0,0.0,100000.0,,,,,,,
121987791,1778.0,4250.0,0.0,0.0,0.0,150000.0,0.0,0.0,150000.0,,,,,,,
121988150,1778.0,4250.0,0.0,0.0,0.0,200000.0,0.0,0.0,200000.0,,,,,,,
121988481,1778.0,4250.0,0.0,0.0,0.0,243074.0,0.0,0.0,243074.0,,,,,,,
121988989,1778.0,4250.0,0.0,0.0,0.0,50000.0,0.0,0.0,50000.0,,,,,,,
38526616,1769.0,4249.0,79043.0,0.0,0.0,0.0,0.0,0.0,79043.0,,,,,,,
44280448,1769.0,4249.0,400000.0,0.0,0.0,0.0,0.0,0.0,400000.0,,,,,,,
44280796,1769.0,4249.0,100000.0,0.0,0.0,0.0,0.0,0.0,100000.0,,,,,,,
44301859,1769.0,4211.0,0.0,0.0,0.0,100000.0,0.0,0.0,100000.0,,,,,,,
44302181,1769.0,4211.0,0.0,0.0,0.0,100000.0,0.0,0.0,100000.0,,,,,,,
44302336,1778.0,4250.0,0.0,0.0,0.0,100000.0,0.0,0.0,100000.0,,,,,,,
44302367,1778.0,4250.0,0.0,0.0,0.0,200000.0,0.0,0.0,200000.0,,,,,,,
44280525,1769.0,4249.0,300000.0,0.0,0.0,0.0,0.0,0.0,300000.0,,,,,,,
44280668,1769.0,4249.0,150000.0,0.0,0.0,0.0,0.0,0.0,150000.0,,,,,,,
44280874,1769.0,4249.0,100000.0,0.0,0.0,0.0,0.0,0.0,100000.0,,,,,,,
44280995,1769.0,4249.0,200000.0,0.0,0.0,0.0,0.0,0.0,200000.0,,,,,,,
44281181,1769.0,4249.0,100000.0,0.0,0.0,0.0,0.0,0.0,100000.0,,,,,,,
44301379,1769.0,4249.0,100000.0,0.0,0.0,0.0,0.0,0.0,100000.0,,,,,,,
44301474,1769.0,4249.0,100000.0,0.0,0.0,0.0,0.0,0.0,100000.0,,,,,,,
44301723,1769.0,4211.0,0.0,0.0,0.0,200000.0,0.0,0.0,200000.0,,,,,,,
44301808,1769.0,4211.0,0.0,0.0,0.0,200000.0,0.0,0.0,200000.0,,,,,,,
44301931,1769.0,4211.0,0.0,0.0,0.0,100000.0,0.0,0.0,100000.0,,,,,,,
44302023,1769.0,4211.0,0.0,0.0,0.0,300000.0,0.0,0.0,300000.0,,,,,,,
44302100,1769.0,4211.0,0.0,0.0,0.0,200000.0,0.0,0.0,200000.0,,,,,,,
44302146,1769.0,4211.0,0.0,0.0,0.0,200000.0,0.0,0.0,200000.0,,,,,,,
44302217,1769.0,4211.0,0.0,0.0,0.0,179043.0,0.0,0.0,179043.0,,,,,,,
44302267,1769.0,4211.0,0.0,0.0,0.0,50000.0,0.0,0.0,50000.0,,,,,,,
44302306,1778.0,4250.0,0.0,0.0,0.0,100000.0,0.0,0.0,100000.0,,,,,,,
44302410,1778.0,4250.0,0.0,0.0,0.0,100000.0,0.0,0.0,100000.0,,,,,,,
44302453,1778.0,4250.0,0.0,0.0,0.0,400000.0,0.0,0.0,400000.0,,,,,,,
44302524,1778.0,4250.0,0.0,0.0,0.0,100000.0,0.0,0.0,100000.0,,,,,,,
44302588,1778.0,4250.0,0.0,0.0,0.0,100000.0,0.0,0.0,100000.0,,,,,,,
44302651,1778.0,4250.0,0.0,0.0,0.0,225000.0,0.0,0.0,225000.0,,,,,,,
47667019,0.0,0.0,0.0,0.0,0.0,331561.0,0.0,0.0,331561.0,,,,,,,
47671037,1769.0,4249.0,138094.0,0.0,0.0,0.0,0.0,0.0,138094.0,,,,,,,
47671535,1769.0,4249.0,12000.0,0.0,0.0,0.0,0.0,0.0,12000.0,,,,,,,
47675579,1769.0,4249.0,18000.0,0.0,0.0,0.0,0.0,0.0,18000.0,,,,,,,
47676009,1769.0,4211.0,0.0,0.0,0.0,724139.0,0.0,0.0,724139.0,,,,,,,
47676477,1769.0,4249.0,120000.0,0.0,0.0,0.0,0.0,0.0,120000.0,,,,,,,
47682035,1769.0,4211.0,0.0,0.0,0.0,100000.0,0.0,0.0,100000.0,,,,,,,
47690332,1778.0,4250.0,0.0,0.0,0.0,500000.0,0.0,0.0,500000.0,,,,,,,
47693089,1769.0,4249.0,10000.0,0.0,0.0,0.0,0.0,0.0,10000.0,,,,,,,
47696454,1769.0,4211.0,0.0,0.0,0.0,100000.0,0.0,0.0,100000.0,,,,,,,
47696961,1769.0,4249.0,35000.0,0.0,0.0,0.0,0.0,0.0,35000.0,,,,,,,
47697243,1769.0,4249.0,30000.0,0.0,0.0,0.0,0.0,0.0,30000.0,,,,,,,
47697480,1769.0,4211.0,0.0,0.0,0.0,6000.0,0.0,0.0,6000.0,,,,,,,
47698305,1769.0,4211.0,0.0,0.0,0.0,17904.0,0.0,0.0,17904.0,,,,,,,
47698503,1769.0,4211.0,0.0,0.0,0.0,18000.0,0.0,0.0,18000.0,,,,,,,
52574710,1769.0,4249.0,6000.0,0.0,0.0,0.0,0.0,0.0,6000.0,,,,,,,
52574739,1769.0,4249.0,6000.0,0.0,0.0,0.0,0.0,0.0,6000.0,,,,,,,
52574764,1769.0,4249.0,6000.0,0.0,0.0,0.0,0.0,0.0,6000.0,,,,,,,
52574812,1769.0,4249.0,6000.0,0.0,0.0,0.0,0.0,0.0,6000.0,,,,,,,
52574889,1769.0,4249.0,6000.0,0.0,0.0,0.0,0.0,0.0,6000.0,,,,,,,
52574914,1769.0,4249.0,6000.0,0.0,0.0,0.0,0.0,0.0,6000.0,,,,,,,
52574945,1769.0,4249.0,6000.0,0.0,0.0,0.0,0.0,0.0,6000.0,,,,,,,
52574976,1769.0,4249.0,6000.0,0.0,0.0,0.0,0.0,0.0,6000.0,,,,,,,
52575005,1769.0,4249.0,6000.0,0.0,0.0,0.0,0.0,0.0,6000.0,,,,,,,
52575033,1769.0,4249.0,6000.0,0.0,0.0,0.0,0.0,0.0,6000.0,,,,,,,
52575066,1769.0,4249.0,6000.0,0.0,0.0,0.0,0.0,0.0,6000.0,,,,,,,
52577209,1778.0,4250.0,0.0,0.0,0.0,150000.0,0.0,0.0,150000.0,,,,,,,
52577299,1778.0,4250.0,0.0,0.0,0.0,20000.0,0.0,0.0,20000.0,,,,,,,
47663723,1769.0,4249.0,370000.0,0.0,0.0,0.0,0.0,0.0,370000.0,,,,,,,
47664303,1769.0,4249.0,50000.0,0.0,0.0,0.0,0.0,0.0,50000.0,,,,,,,
47665150,1769.0,4249.0,192000.0,0.0,0.0,0.0,0.0,0.0,192000.0,,,,,,,
47666669,1769.0,4249.0,64428.0,0.0,0.0,0.0,0.0,0.0,64428.0,,,,,,,
47668326,1769.0,4211.0,0.0,0.0,0.0,330000.0,0.0,0.0,330000.0,,,,,,,
47669467,1769.0,4249.0,138093.0,0.0,0.0,0.0,0.0,0.0,138093.0,,,,,,,
47669718,1769.0,4249.0,120000.0,0.0,0.0,0.0,0.0,0.0,120000.0,,,,,,,
47681578,1769.0,4249.0,35000.0,0.0,0.0,0.0,0.0,0.0,35000.0,,,,,,,
47683986,1769.0,4211.0,0.0,0.0,0.0,333000.0,0.0,0.0,333000.0,,,,,,,
47698853,1769.0,4249.0,230428.0,0.0,0.0,0.0,0.0,0.0,230428.0,,,,,,,
52577071,1778.0,4250.0,0.0,0.0,0.0,200000.0,0.0,0.0,200000.0,,,,,,,
52577101,1778.0,4250.0,0.0,0.0,0.0,150000.0,0.0,0.0,150000.0,,,,,,,
52577130,1778.0,4250.0,0.0,0.0,0.0,100000.0,0.0,0.0,100000.0,,,,,,,
52577161,1778.0,4250.0,0.0,0.0,0.0,400000.0,0.0,0.0,400000.0,,,,,,,
52577185,1778.0,4250.0,0.0,0.0,0.0,150000.0,0.0,0.0,150000.0,,,,,,,
52577241,1778.0,4250.0,0.0,0.0,0.0,100000.0,0.0,0.0,100000.0,,,,,,,
52577274,1778.0,4250.0,0.0,0.0,0.0,50000.0,0.0,0.0,50000.0,,,,,,,
61742632,1778.0,4250.0,0.0,0.0,0.0,15000.0,0.0,0.0,15000.0,,,,,,,
64820237,1778.0,4250.0,0.0,0.0,0.0,20000.0,0.0,0.0,20000.0,,,,,,,
64820308,1778.0,4250.0,0.0,0.0,0.0,20000.0,0.0,0.0,20000.0,,,,,,,
64820323,1778.0,4250.0,0.0,0.0,0.0,8000.0,0.0,0.0,8000.0,,,,,,,
64829783,0.0,0.0,0.0,0.0,0.0,10000.0,0.0,0.0,10000.0,,,,,,,
64829873,1769.0,4249.0,8347.0,0.0,0.0,0.0,0.0,0.0,8347.0,,,,,,,
64829906,1769.0,4249.0,59000.0,0.0,0.0,0.0,0.0,0.0,59000.0,,,,,,,
64829953,1769.0,4249.0,50000.0,0.0,0.0,0.0,0.0,0.0,50000.0,,,,,,,
64830031,1769.0,4249.0,150000.0,0.0,0.0,0.0,0.0,0.0,150000.0,,,,,,,
64830046,1769.0,4249.0,73964.0,0.0,0.0,0.0,0.0,0.0,73964.0,,,,,,,
64830182,1769.0,4249.0,60000.0,0.0,0.0,0.0,0.0,0.0,60000.0,,,,,,,
64830200,1769.0,4249.0,4500.0,0.0,0.0,0.0,0.0,0.0,4500.0,,,,,,,
64830376,1769.0,4211.0,0.0,0.0,0.0,10000.0,0.0,0.0,10000.0,,,,,,,
64830488,1769.0,4211.0,0.0,0.0,0.0,10000.0,0.0,0.0,10000.0,,,,,,,
64830520,1769.0,4211.0,0.0,0.0,0.0,50000.0,0.0,0.0,50000.0,,,,,,,
64830539,1769.0,4211.0,0.0,0.0,0.0,50000.0,0.0,0.0,50000.0,,,,,,,
64830591,1769.0,4211.0,0.0,0.0,0.0,7000.0,0.0,0.0,7000.0,,,,,,,
64830684,1778.0,4250.0,0.0,0.0,0.0,50000.0,0.0,0.0,50000.0,,,,,,,
61739887,1778.0,4250.0,0.0,0.0,0.0,125000.0,0.0,0.0,125000.0,,,,,,,
61740040,1778.0,4250.0,0.0,0.0,0.0,21220.0,0.0,0.0,21220.0,,,,,,,
61742627,1778.0,4250.0,0.0,0.0,0.0,41220.0,0.0,0.0,41220.0,,,,,,,
64820208,1778.0,4250.0,0.0,0.0,0.0,500000.0,0.0,0.0,500000.0,,,,,,,
64820253,1778.0,4250.0,0.0,0.0,0.0,50000.0,0.0,0.0,50000.0,,,,,,,
64820267,1778.0,4250.0,0.0,0.0,0.0,160000.0,0.0,0.0,160000.0,,,,,,,
64820281,1778.0,4250.0,0.0,0.0,0.0,40000.0,0.0,0.0,40000.0,,,,,,,
64820332,1778.0,4250.0,0.0,0.0,0.0,12000.0,0.0,0.0,12000.0,,,,,,,
64820343,1778.0,4250.0,0.0,0.0,0.0,30000.0,0.0,0.0,30000.0,,,,,,,
64820403,1778.0,4250.0,0.0,0.0,0.0,140000.0,0.0,0.0,140000.0,,,,,,,
64829816,1769.0,4249.0,192000.0,0.0,0.0,0.0,0.0,0.0,192000.0,,,,,,,
64829858,1769.0,4249.0,500000.0,0.0,0.0,0.0,0.0,0.0,500000.0,,,,,,,
64829892,1769.0,4249.0,60000.0,0.0,0.0,0.0,0.0,0.0,60000.0,,,,,,,
64829971,1769.0,4249.0,105000.0,0.0,0.0,0.0,0.0,0.0,105000.0,,,,,,,
64830015,1769.0,4249.0,52500.0,0.0,0.0,0.0,0.0,0.0,52500.0,,,,,,,
64830144,1769.0,4249.0,65383.0,0.0,0.0,0.0,0.0,0.0,65383.0,,,,,,,
64830233,1769.0,4249.0,20000.0,0.0,0.0,0.0,0.0,0.0,20000.0,,,,,,,
64830300,1769.0,4211.0,0.0,0.0,0.0,100000.0,0.0,0.0,100000.0,,,,,,,
64830327,1769.0,4211.0,0.0,0.0,0.0,100000.0,0.0,0.0,100000.0,,,,,,,
64830394,1769.0,4211.0,0.0,0.0,0.0,100000.0,0.0,0.0,100000.0,,,,,,,
64830414,1769.0,4211.0,0.0,0.0,0.0,20000.0,0.0,0.0,20000.0,,,,,,,
64830466,1769.0,4211.0,0.0,0.0,0.0,50000.0,0.0,0.0,50000.0,,,,,,,
64830504,1769.0,4211.0,0.0,0.0,0.0,176796.0,0.0,0.0,176796.0,,,,,,,
64830572,1769.0,4211.0,0.0,0.0,0.0,140000.0,0.0,0.0,140000.0,,,,,,,
64830609,1769.0,4211.0,0.0,0.0,0.0,70000.0,0.0,0.0,70000.0,,,,,,,
64830629,1769.0,4211.0,0.0,0.0,0.0,50000.0,0.0,0.0,50000.0,,,,,,,
74828608,1769.0,4211.0,0.0,0.0,0.0,100000.0,0.0,0.0,100000.0,,,,,,,
77001110,,,,,,,,,,,,,,,,
77204484,38.0,1.0,0.0,0.0,0.0,20000.0,0.0,0.0,20000.0,,,,,,,
77207323,38.0,1.0,0.0,0.0,0.0,30000.0,0.0,0.0,30000.0,,,,,,,
77211066,1013.0,2029.0,0.0,0.0,0.0,20000.0,0.0,0.0,20000.0,,,,,,,
77383394,0.0,0.0,0.0,0.0,0.0,2000.0,0.0,0.0,2000.0,,,,,,,
77387427,0.0,0.0,0.0,0.0,0.0,2000.0,0.0,0.0,2000.0,,,,,,,
77391046,0.0,0.0,0.0,0.0,0.0,2000.0,0.0,0.0,2000.0,,,,,,,
77394734,0.0,0.0,0.0,0.0,0.0,1000.0,0.0,0.0,1000.0,,,,,,,
77398723,0.0,0.0,0.0,0.0,0.0,500.0,0.0,0.0,500.0,,,,,,,
77403742,38.0,1.0,0.0,0.0,0.0,450000.0,0.0,0.0,450000.0,,,,,,,
77406463,38.0,1.0,0.0,0.0,0.0,10000.0,0.0,0.0,10000.0,,,,,,,
77408443,38.0,1.0,0.0,0.0,0.0,25000.0,0.0,0.0,25000.0,,,,,,,
77411458,0.0,0.0,0.0,0.0,0.0,2000.0,0.0,0.0,2000.0,,,,,,,
77509364,0.0,0.0,0.0,0.0,0.0,5.0,0.0,0.0,5.0,,,,,,,
77522214,38.0,1.0,0.0,0.0,0.0,240000.0,0.0,0.0,240000.0,,,,,,,
77523162,38.0,1.0,0.0,0.0,0.0,24000.0,0.0,0.0,24000.0,,,,,,,
77524594,38.0,1.0,0.0,0.0,0.0,22515.0,0.0,0.0,22515.0,,,,,,,
77526901,1013.0,2029.0,0.0,0.0,0.0,2500.0,0.0,0.0,2500.0,,,,,,,
77527458,1013.0,2029.0,0.0,0.0,0.0,2500.0,0.0,0.0,2500.0,,,,,,,
77528027,0.0,0.0,0.0,0.0,0.0,2500.0,0.0,0.0,2500.0,,,,,,,
77528865,38.0,1.0,0.0,0.0,0.0,2500.0,0.0,0.0,2500.0,,,,,,,
77532625,38.0,1.0,0.0,0.0,0.0,20000.0,0.0,0.0,20000.0,,,,,,,
77533241,26.0,3.0,0.0,0.0,0.0,25000.0,0.0,0.0,25000.0,,,,,,,
77719661,0.0,0.0,0.0,0.0,0.0,6000.0,0.0,0.0,6000.0,,,,,,,
77722240,26.0,3.0,0.0,0.0,0.0,12000.0,0.0,0.0,12000.0,,,,,,,
77742368,1013.0,2029.0,0.0,0.0,0.0,20000.0,0.0,0.0,20000.0,,,,,,,
77745023,26.0,3.0,0.0,0.0,0.0,20000.0,0.0,0.0,20000.0,,,,,,,
77748457,1013.0,2029.0,0.0,0.0,0.0,5000.0,0.0,0.0,5000.0,,,,,,,
77751195,0.0,0.0,0.0,0.0,0.0,6000.0,0.0,0.0,6000.0,,,,,,,
77754754,0.0,0.0,0.0,0.0,0.0,5000.0,0.0,0.0,5000.0,,,,,,,
78201978,26.0,3.0,0.0,0.0,0.0,500.0,0.0,0.0,500.0,,,,,,,
78206767,26.0,3.0,0.0,0.0,0.0,5000.0,0.0,0.0,5000.0,,,,,,,
78207338,0.0,0.0,0.0,0.0,0.0,5000.0,0.0,0.0,5000.0,,,,,,,
78208213,0.0,0.0,0.0,0.0,0.0,4000.0,0.0,0.0,4000.0,,,,,,,
78208640,38.0,1.0,0.0,0.0,0.0,5000.0,0.0,0.0,5000.0,,,,,,,
78210053,1013.0,2029.0,0.0,0.0,0.0,7000.0,0.0,0.0,7000.0,,,,,,,
78211718,0.0,0.0,0.0,0.0,0.0,2000.0,0.0,0.0,2000.0,,,,,,,
78212447,26.0,3.0,0.0,0.0,0.0,24000.0,0.0,0.0,24000.0,,,,,,,
78212908,26.0,3.0,0.0,0.0,0.0,24000.0,0.0,0.0,24000.0,,,,,,,
78216831,38.0,1.0,0.0,0.0,0.0,7000.0,0.0,0.0,7000.0,,,,,,,
78218262,38.0,1.0,0.0,0.0,0.0,15000.0,0.0,0.0,15000.0,,,,,,,
78218906,38.0,1.0,0.0,0.0,0.0,237.0,0.0,0.0,237.0,,,,,,,
78220731,0.0,0.0,0.0,0.0,0.0,2600.0,0.0,0.0,2600.0,,,,,,,
78221334,38.0,1.0,0.0,0.0,0.0,4000.0,0.0,0.0,4000.0,,,,,,,
78224028,26.0,3.0,0.0,0.0,0.0,50000.0,0.0,0.0,50000.0,,,,,,,
78224330,,,,,,,,,,,,,,,,
78224574,,,,,,,,,,,,,,,,
78224778,,,,,,,,,,,,,,,,
78225843,,,,,,,,,,,,,,,,
78226095,,,,,,,,,,,,,,,,
78226268,,,,,,,,,,,,,,,,
78226456,,,,,,,,,,,,,,,,
78226616,,,,,,,,,,,,,,,,
78226822,,,,,,,,,,,,,,,,
78227070,38.0,1.0,0.0,0.0,0.0,24000.0,0.0,0.0,24000.0,,,,,,,
78227196,38.0,1.0,0.0,0.0,0.0,25000.0,0.0,0.0,25000.0,,,,,,,
78227649,26.0,3.0,0.0,0.0,0.0,25000.0,0.0,0.0,25000.0,,,,,,,
78227728,1013.0,2029.0,0.0,0.0,0.0,25000.0,0.0,0.0,25000.0,,,,,,,
78227875,26.0,3.0,0.0,0.0,0.0,25000.0,0.0,0.0,25000.0,,,,,,,
78227975,1013.0,2029.0,0.0,0.0,0.0,25000.0,0.0,0.0,25000.0,,,,,,,
78228184,26.0,3.0,0.0,0.0,0.0,24000.0,0.0,0.0,24000.0,,,,,,,
78228310,1013.0,2029.0,0.0,0.0,0.0,24000.0,0.0,0.0,24000.0,,,,,,,
78228476,26.0,3.0,0.0,0.0,0.0,24000.0,0.0,0.0,24000.0,,,,,,,
78228587,26.0,3.0,0.0,0.0,0.0,25000.0,0.0,0.0,25000.0,,,,,,,
78228674,1013.0,2029.0,0.0,0.0,0.0,25000.0,0.0,0.0,25000.0,,,,,,,
78228766,1013.0,2029.0,0.0,0.0,0.0,25000.0,0.0,0.0,25000.0,,,,,,,
78228880,,,,,,,,,,,,,,,,
78229090,26.0,3.0,0.0,0.0,0.0,25000.0,0.0,0.0,25000.0,,,,,,,
78229190,1013.0,2029.0,0.0,0.0,0.0,25000.0,0.0,0.0,25000.0,,,,,,,
78229396,26.0,3.0,0.0,0.0,0.0,25000.0,0.0,0.0,25000.0,,,,,,,
78229537,26.0,3.0,0.0,0.0,0.0,25000.0,0.0,0.0,25000.0,,,,,,,
78238771,1013.0,2029.0,0.0,0.0,0.0,25000.0,0.0,0.0,25000.0,,,,,,,
78239099,26.0,3.0,0.0,0.0,0.0,25000.0,0.0,0.0,25000.0,,,,,,,
78239683,1013.0,2029.0,0.0,0.0,0.0,1000.0,0.0,0.0,1000.0,,,,,,,
78240082,38.0,1.0,0.0,0.0,0.0,20000.0,0.0,0.0,20000.0,,,,,,,
78240751,1013.0,2029.0,0.0,0.0,0.0,500.0,0.0,0.0,500.0,,,,,,,
78241081,1481.0,3795.0,0.0,0.0,0.0,21320000.0,0.0,0.0,21320000.0,,,,,,,
78241578,38.0,1.0,0.0,0.0,0.0,10000.0,0.0,0.0,10000.0,,,,,,,
78241847,1013.0,2029.0,0.0,0.0,0.0,2000.0,0.0,0.0,2000.0,,,,,,,
78242561,0.0,0.0,0.0,0.0,0.0,1.0,0.0,0.0,1.0,,,,,,,
78243402,0.0,0.0,0.0,0.0,0.0,5000.0,0.0,0.0,5000.0,,,,,,,
78244482,38.0,1.0,0.0,0.0,0.0,24000.0,0.0,0.0,24000.0,,,,,,,
78244843,0.0,0.0,0.0,0.0,0.0,2000.0,0.0,0.0,2000.0,,,,,,,
78245589,0.0,0.0,0.0,0.0,0.0,6000.0,0.0,0.0,6000.0,,,,,,,
78247218,0.0,0.0,0.0,0.0,0.0,1000.0,0.0,0.0,1000.0,,,,,,,
78249887,38.0,1.0,0.0,0.0,0.0,1000.0,0.0,0.0,1000.0,,,,,,,
78251669,0.0,0.0,0.0,0.0,0.0,1.0,0.0,0.0,1.0,,,,,,,
78309412,38.0,1.0,0.0,0.0,0.0,25000.0,0.0,0.0,25000.0,,,,,,,
78311002,1013.0,2029.0,0.0,0.0,0.0,25000.0,0.0,0.0,25000.0,,,,,,,
78312101,1013.0,2029.0,0.0,0.0,0.0,25000.0,0.0,0.0,25000.0,,,,,,,
78312791,1013.0,2029.0,0.0,0.0,0.0,25000.0,0.0,0.0,25000.0,,,,,,,
78313789,26.0,3.0,0.0,0.0,0.0,25000.0,0.0,0.0,25000.0,,,,,,,
78314628,38.0,1.0,0.0,0.0,0.0,25000.0,0.0,0.0,25000.0,,,,,,,
78315622,1013.0,2029.0,0.0,0.0,0.0,25000.0,0.0,0.0,25000.0,,,,,,,
78316527,26.0,3.0,0.0,0.0,0.0,25000.0,0.0,0.0,25000.0,,,,,,,
78318172,38.0,1.0,0.0,0.0,0.0,25000.0,0.0,0.0,25000.0,,,,,,,
78330773,26.0,3.0,0.0,0.0,0.0,10000.0,0.0,0.0,10000.0,,,,,,,
78332068,38.0,1.0,0.0,0.0,0.0,10000.0,0.0,0.0,10000.0,,,,,,,
78333256,26.0,3.0,0.0,0.0,0.0,6000.0,0.0,0.0,6000.0,,,,,,,
78335419,26.0,3.0,0.0,0.0,0.0,1000.0,0.0,0.0,1000.0,,,,,,,
78337144,26.0,3.0,0.0,0.0,0.0,1000.0,0.0,0.0,1000.0,,,,,,,
78338128,399.0,3744.0,0.0,0.0,0.0,1000.0,0.0,0.0,1000.0,,,,,,,
78338764,399.0,3744.0,0.0,0.0,0.0,1000.0,0.0,0.0,1000.0,,,,,,,
78340647,31.0,24.0,1000.0,0.0,0.0,0.0,0.0,0.0,1000.0,,,,,,,
78341587,26.0,3.0,0.0,0.0,0.0,1000.0,0.0,0.0,1000.0,,,,,,,
78342720,26.0,3.0,0.0,0.0,0.0,1000.0,0.0,0.0,1000.0,,,,,,,
78344927,399.0,3744.0,0.0,0.0,0.0,1000.0,0.0,0.0,1000.0,,,,,,,
78346116,26.0,3.0,0.0,0.0,0.0,1000.0,0.0,0.0,1000.0,,,,,,,
78346811,38.0,1.0,0.0,0.0,0.0,1000.0,0.0,0.0,1000.0,,,,,,,
78348032,0.0,0.0,0.0,0.0,0.0,1000.0,0.0,0.0,1000.0,,,,,,,
78349282,399.0,3744.0,0.0,0.0,0.0,2000.0,0.0,0.0,2000.0,,,,,,,
78350369,,,,,,,,,,,,,,,,
78350959,,,,,,,,,,,,,,,,
78353403,,,,,,,,,,,,,,,,
78354264,,,,,,,,,,,,,,,,
78354918,26.0,3.0,0.0,0.0,0.0,2000.0,0.0,0.0,2000.0,,,,,,,
78355385,0.0,0.0,0.0,0.0,0.0,1000.0,0.0,0.0,1000.0,,,,,,,
78355940,26.0,3.0,0.0,0.0,0.0,2000.0,0.0,0.0,2000.0,,,,,,,
78357393,26.0,3.0,0.0,0.0,0.0,2000.0,0.0,0.0,2000.0,,,,,,,
78357989,26.0,3.0,0.0,0.0,0.0,2000.0,0.0,0.0,2000.0,,,,,,,
78358867,38.0,1.0,0.0,0.0,0.0,2000.0,0.0,0.0,2000.0,,,,,,,
78359501,,,,,,,,,,,,,,,,
78360758,,,,,,,,,,,,,,,,
78361437,26.0,3.0,0.0,0.0,0.0,3000.0,0.0,0.0,3000.0,,,,,,,
78362146,31.0,24.0,4000.0,0.0,0.0,0.0,0.0,0.0,4000.0,,,,,,,
78363888,38.0,1.0,0.0,0.0,0.0,3000.0,0.0,0.0,3000.0,,,,,,,
78366082,0.0,0.0,0.0,0.0,0.0,3000.0,0.0,0.0,3000.0,,,,,,,
78366870,0.0,0.0,0.0,0.0,0.0,3000.0,0.0,0.0,3000.0,,,,,,,
78367589,1013.0,2029.0,0.0,0.0,0.0,3000.0,0.0,0.0,3000.0,,,,,,,
78368596,0.0,0.0,0.0,0.0,0.0,3000.0,0.0,0.0,3000.0,,,,,,,
78370033,38.0,1.0,0.0,0.0,0.0,3000.0,0.0,0.0,3000.0,,,,,,,
78373545,38.0,1.0,0.0,0.0,0.0,3000.0,0.0,0.0,3000.0,,,,,,,
78374444,399.0,3744.0,0.0,0.0,0.0,2000.0,0.0,0.0,2000.0,,,,,,,
78375141,38.0,1.0,0.0,0.0,0.0,2000.0,0.0,0.0,2000.0,,,,,,,
78376734,38.0,1.0,0.0,0.0,0.0,3000.0,0.0,0.0,3000.0,,,,,,,
78378217,38.0,1.0,0.0,0.0,0.0,3000.0,0.0,0.0,3000.0,,,,,,,
78378835,0.0,0.0,0.0,0.0,0.0,2000.0,0.0,0.0,2000.0,,,,,,,
78446533,0.0,0.0,0.0,0.0,0.0,2000.0,0.0,0.0,2000.0,,,,,,,
78446924,26.0,3.0,0.0,0.0,0.0,2000.0,0.0,0.0,2000.0,,,,,,,
78447662,0.0,0.0,0.0,0.0,0.0,2000.0,0.0,0.0,2000.0,,,,,,,
78448627,0.0,0.0,0.0,0.0,0.0,2000.0,0.0,0.0,2000.0,,,,,,,
78450556,0.0,0.0,0.0,0.0,0.0,2000.0,0.0,0.0,2000.0,,,,,,,
78451090,0.0,0.0,0.0,0.0,0.0,3000.0,0.0,0.0,3000.0,,,,,,,
78451558,0.0,0.0,0.0,0.0,0.0,2000.0,0.0,0.0,2000.0,,,,,,,
78452079,38.0,1.0,0.0,0.0,0.0,3000.0,0.0,0.0,3000.0,,,,,,,
78452622,38.0,1.0,0.0,0.0,0.0,3000.0,0.0,0.0,3000.0,,,,,,,
78453026,0.0,0.0,0.0,0.0,0.0,2000.0,0.0,0.0,2000.0,,,,,,,
78453718,399.0,3744.0,0.0,0.0,0.0,3000.0,0.0,0.0,3000.0,,,,,,,
78454607,399.0,3744.0,0.0,0.0,0.0,3000.0,0.0,0.0,3000.0,,,,,,,
78455465,0.0,0.0,0.0,0.0,0.0,2000.0,0.0,0.0,2000.0,,,,,,,
78455992,0.0,0.0,0.0,0.0,0.0,1200.0,0.0,0.0,1200.0,,,,,,,
79175060,,,,,,,,,,,,,,,,
80533019,38.0,1.0,0.0,0.0,0.0,508347.0,0.0,0.0,508347.0,,,,,,,
80536945,38.0,1.0,0.0,0.0,0.0,662440.0,0.0,0.0,662440.0,,,,,,,
80557074,,,,,,,,,,,,,,,,
80557475,,,,,,,,,,,,,,,,
80558084,38.0,1.0,0.0,0.0,0.0,100000.0,0.0,0.0,100000.0,,,,,,,
80558542,,,,,,,,,,,,,,,,
80560204,399.0,3744.0,0.0,0.0,0.0,55347.0,0.0,0.0,55347.0,,,,,,,
80560578,38.0,1.0,0.0,0.0,0.0,57428.0,0.0,0.0,57428.0,,,,,,,
80644280,38.0,1.0,0.0,0.0,0.0,75000.0,0.0,0.0,75000.0,,,,,,,
80646320,38.0,1.0,0.0,0.0,0.0,140000.0,0.0,0.0,140000.0,,,,,,,
80660382,,,,,,,,,,,,,,,,
80661905,38.0,1.0,0.0,0.0,0.0,40000.0,0.0,0.0,40000.0,,,,,,,
80668622,38.0,1.0,0.0,0.0,0.0,100000.0,0.0,0.0,100000.0,,,,,,,
80669515,38.0,1.0,0.0,0.0,0.0,50000.0,0.0,0.0,50000.0,,,,,,,
80670989,,,,,,,,,,,,,,,,
80671813,,,,,,,,,,,,,,,,
80677246,38.0,1.0,0.0,0.0,0.0,100000.0,0.0,0.0,100000.0,,,,,,,
80706293,38.0,1.0,0.0,0.0,0.0,60000.0,0.0,0.0,60000.0,,,,,,,
80711102,38.0,1.0,0.0,0.0,0.0,40000.0,0.0,0.0,40000.0,,,,,,,
82690264,,,,,,,,,,,,,,,,
82970008,38.0,1.0,0.0,0.0,0.0,72000.0,0.0,0.0,72000.0,,,,,,,
82973261,38.0,1.0,0.0,0.0,0.0,500000.0,0.0,0.0,500000.0,,,,,,,
82973562,,,,,,,,,,,,,,,,
82973801,,,,,,,,,,,,,,,,
82974045,,,,,,,,,,,,,,,,
82974299,,,,,,,,,,,,,,,,
82974586,,,,,,,,,,,,,,,,
82974793,,,,,,,,,,,,,,,,
82975181,,,,,,,,,,,,,,,,
82975527,38.0,1.0,0.0,0.0,0.0,500000.0,0.0,0.0,500000.0,,,,,,,
82975809,,,,,,,,,,,,,,,,
82976404,38.0,1.0,0.0,0.0,0.0,300000.0,0.0,0.0,300000.0,,,,,,,
82976659,,,,,,,,,,,,,,,,
82977014,38.0,1.0,0.0,0.0,0.0,500000.0,0.0,0.0,500000.0,,,,,,,
82977436,,,,,,,,,,,,,,,,
82977946,,,,,,,,,,,,,,,,
82978215,,,,,,,,,,,,,,,,
82978429,,,,,,,,,,,,,,,,
82978671,,,,,,,,,,,,,,,,
82978865,,,,,,,,,,,,,,,,
82979046,,,,,,,,,,,,,,,,
82979261,,,,,,,,,,,,,,,,
82979741,,,,,,,,,,,,,,,,
82982565,,,,,,,,,,,,,,,,
82982882,,,,,,,,,,,,,,,,
82983283,,,,,,,,,,,,,,,,
82983794,,,,,,,,,,,,,,,,
82984268,,,,,,,,,,,,,,,,
82984563,,,,,,,,,,,,,,,,
82985026,,,,,,,,,,,,,,,,
82985456,,,,,,,,,,,,,,,,
82985810,,,,,,,,,,,,,,,,
82986463,,,,,,,,,,,,,,,,
82986879,,,,,,,,,,,,,,,,
82987132,,,,,,,,,,,,,,,,
82987474,,,,,,,,,,,,,,,,
82987808,,,,,,,,,,,,,,,,
82988122,,,,,,,,,,,,,,,,
82989560,,,,,,,,,,,,,,,,
82989982,,,,,,,,,,,,,,,,
82990212,,,,,,,,,,,,,,,,
82990455,,,,,,,,,,,,,,,,
82990788,,,,,,,,,,,,,,,,
82996332,1769.0,4249.0,51000.0,0.0,0.0,0.0,0.0,0.0,51000.0,,,,,,,
82997278,1769.0,4211.0,0.0,0.0,0.0,140000.0,0.0,0.0,140000.0,,,,,,,
82997520,1769.0,4211.0,0.0,0.0,0.0,60000.0,0.0,0.0,60000.0,,,,,,,
82997798,1769.0,4211.0,0.0,0.0,0.0,60000.0,0.0,0.0,60000.0,,,,,,,
82997979,38.0,1.0,0.0,0.0,0.0,176000.0,0.0,0.0,176000.0,,,,,,,
82998162,38.0,1.0,0.0,0.0,0.0,85000.0,0.0,0.0,85000.0,,,,,,,
82998576,1769.0,4211.0,0.0,0.0,0.0,100000.0,0.0,0.0,100000.0,,,,,,,
83000323,1778.0,4250.0,0.0,0.0,0.0,83240.0,0.0,0.0,83240.0,,,,,,,
83009217,,,,,,,,,,,,,,,,
83009362,,,,,,,,,,,,,,,,
83015557,1769.0,4249.0,41000.0,0.0,0.0,0.0,0.0,0.0,41000.0,,,,,,,
83016390,1769.0,4249.0,36000.0,0.0,0.0,0.0,0.0,0.0,36000.0,,,,,,,
83018450,1769.0,4249.0,18000.0,0.0,0.0,0.0,0.0,0.0,18000.0,,,,,,,
83019696,1769.0,4249.0,24000.0,0.0,0.0,0.0,0.0,0.0,24000.0,,,,,,,
83024682,,,,,,,,,,,,,,,,
83045774,1778.0,4250.0,0.0,0.0,0.0,225100.0,0.0,0.0,225100.0,,,,,,,
83085929,,,,,,,,,,,,,,,,
83087104,,,,,,,,,,,,,,,,
83088757,38.0,1.0,0.0,0.0,0.0,500000.0,0.0,0.0,500000.0,,,,,,,
83102725,38.0,1.0,0.0,0.0,0.0,300000.0,0.0,0.0,300000.0,,,,,,,
83116111,1769.0,4249.0,105000.0,0.0,0.0,0.0,0.0,0.0,105000.0,,,,,,,
83116581,1769.0,4249.0,20000.0,0.0,0.0,0.0,0.0,0.0,20000.0,,,,,,,
83116891,1769.0,4249.0,150000.0,0.0,0.0,0.0,0.0,0.0,150000.0,,,,,,,
83116932,1769.0,4249.0,18000.0,0.0,0.0,0.0,0.0,0.0,18000.0,,,,,,,
83123223,1769.0,4249.0,59000.0,0.0,0.0,0.0,0.0,0.0,59000.0,,,,,,,
83131394,38.0,1.0,0.0,0.0,0.0,299000.0,0.0,0.0,299000.0,,,,,,,
83134615,1008.0,2022.0,0.0,0.0,0.0,7678640.0,0.0,0.0,7678640.0,,,,,,,
83138349,,,,,,,,,,,,,,,,
83139308,1786.0,4258.0,500.0,0.0,0.0,0.0,0.0,0.0,500.0,,,,,,,
83139501,1786.0,4258.0,500.0,0.0,0.0,0.0,0.0,0.0,500.0,,,,,,,
83139650,1786.0,4258.0,500.0,0.0,0.0,0.0,0.0,0.0,500.0,,,,,,,
83139814,1786.0,4258.0,500.0,0.0,0.0,0.0,0.0,0.0,500.0,,,,,,,
80575335,1769.0,4211.0,0.0,0.0,0.0,85000.0,0.0,0.0,85000.0,,,,,,,
80576673,1769.0,4211.0,0.0,0.0,0.0,176000.0,0.0,0.0,176000.0,,,,,,,
82998373,1769.0,4211.0,0.0,0.0,0.0,105000.0,0.0,0.0,105000.0,,,,,,,
82999216,1769.0,4211.0,0.0,0.0,0.0,118664.0,0.0,0.0,118664.0,,,,,,,
82999413,1778.0,4250.0,0.0,0.0,0.0,924900.0,0.0,0.0,924900.0,,,,,,,
83032499,1769.0,4249.0,36000.0,0.0,0.0,0.0,0.0,0.0,36000.0,,,,,,,
83118218,1769.0,4249.0,87000.0,0.0,0.0,0.0,0.0,0.0,87000.0,,,,,,,
83119040,1769.0,4249.0,63498.0,0.0,0.0,0.0,0.0,0.0,63498.0,,,,,,,
83128802,1769.0,4249.0,192000.0,0.0,0.0,0.0,0.0,0.0,192000.0,,,,,,,
83129586,1769.0,4249.0,375000.0,0.0,0.0,0.0,0.0,0.0,375000.0,,,,,,,
83130292,1769.0,4249.0,141498.0,0.0,0.0,0.0,0.0,0.0,141498.0,,,,,,,
100105368,,,,,,,,,,,,,,,,
100105567,,,,,,,,,,,,,,,,
100105898,,,,,,,,,,,,,,,,
100106060,,,,,,,,,,,,,,,,
100106177,,,,,,,,,,,,,,,,
100107627,,,,,,,,,,,,,,,,
100119836,,,,,,,,,,,,,,,,
100120019,,,,,,,,,,,,,,,,
100120229,,,,,,,,,,,,,,,,
100128510,,,,,,,,,,,,,,,,
100129523,,,,,,,,,,,,,,,,
100129746,,,,,,,,,,,,,,,,
100130164,,,,,,,,,,,,,,,,
100135191,,,,,,,,,,,,,,,,
100135527,,,,,,,,,,,,,,,,
100156984,,,,,,,,,,,,,,,,
100159702,,,,,,,,,,,,,,,,
100160760,,,,,,,,,,,,,,,,
100161845,,,,,,,,,,,,,,,,
100171408,,,,,,,,,,,,,,,,
100172147,,,,,,,,,,,,,,,,
100172886,,,,,,,,,,,,,,,,
100206818,,,,,,,,,,,,,,,,
100207327,,,,,,,,,,,,,,,,
100208589,,,,,,,,,,,,,,,,
100208782,,,,,,,,,,,,,,,,
100209081,,,,,,,,,,,,,,,,
100216020,,,,,,,,,,,,,,,,
100218288,1769.0,4249.0,64244.0,0.0,0.0,0.0,0.0,0.0,64244.0,,,,,,,
100224106,1769.0,4249.0,50000.0,0.0,0.0,0.0,0.0,0.0,50000.0,,,,,,,
100378339,1769.0,4249.0,60000.0,0.0,0.0,0.0,0.0,0.0,60000.0,,,,,,,
100381708,1769.0,4211.0,0.0,0.0,0.0,50000.0,0.0,0.0,50000.0,,,,,,,
100386590,1769.0,4211.0,0.0,0.0,0.0,50000.0,0.0,0.0,50000.0,,,,,,,
100387145,1769.0,4211.0,0.0,0.0,0.0,50000.0,0.0,0.0,50000.0,,,,,,,
100388829,1769.0,4211.0,0.0,0.0,0.0,50000.0,0.0,0.0,50000.0,,,,,,,
100454340,,,,,,,,,,,,,,,,
100454472,,,,,,,,,,,,,,,,
100454582,,,,,,,,,,,,,,,,
100454700,,,,,,,,,,,,,,,,
100454860,,,,,,,,,,,,,,,,
100455007,,,,,,,,,,,,,,,,
100455165,,,,,,,,,,,,,,,,
100455320,,,,,,,,,,,,,,,,
100455430,,,,,,,,,,,,,,,,
100455608,,,,,,,,,,,,,,,,
100455889,,,,,,,,,,,,,,,,
100456062,,,,,,,,,,,,,,,,
100456245,,,,,,,,,,,,,,,,
100456415,,,,,,,,,,,,,,,,
100456603,,,,,,,,,,,,,,,,
100456766,,,,,,,,,,,,,,,,
100456915,,,,,,,,,,,,,,,,
100457093,,,,,,,,,,,,,,,,
100457224,,,,,,,,,,,,,,,,
100457368,,,,,,,,,,,,,,,,
100457564,,,,,,,,,,,,,,,,
100457665,,,,,,,,,,,,,,,,
100457780,,,,,,,,,,,,,,,,
100457881,,,,,,,,,,,,,,,,
100458040,,,,,,,,,,,,,,,,
100458144,,,,,,,,,,,,,,,,
100458618,,,,,,,,,,,,,,,,
100459163,,,,,,,,,,,,,,,,
100460325,,,,,,,,,,,,,,,,
100460491,,,,,,,,,,,,,,,,
100460725,,,,,,,,,,,,,,,,
100460888,,,,,,,,,,,,,,,,
100461122,,,,,,,,,,,,,,,,
100461299,,,,,,,,,,,,,,,,
100461472,,,,,,,,,,,,,,,,
100461634,,,,,,,,,,,,,,,,
100462050,,,,,,,,,,,,,,,,
100462216,,,,,,,,,,,,,,,,
100462478,,,,,,,,,,,,,,,,
100462631,,,,,,,,,,,,,,,,
100462805,,,,,,,,,,,,,,,,
100463034,,,,,,,,,,,,,,,,
100463265,,,,,,,,,,,,,,,,
100463518,,,,,,,,,,,,,,,,
100463785,,,,,,,,,,,,,,,,
100463936,,,,,,,,,,,,,,,,
100464186,,,,,,,,,,,,,,,,
100464430,,,,,,,,,,,,,,,,
100464640,,,,,,,,,,,,,,,,
100464920,,,,,,,,,,,,,,,,
100465181,,,,,,,,,,,,,,,,
100465426,,,,,,,,,,,,,,,,
100465677,,,,,,,,,,,,,,,,
100465857,,,,,,,,,,,,,,,,
100466049,,,,,,,,,,,,,,,,
100466286,,,,,,,,,,,,,,,,
100466639,,,,,,,,,,,,,,,,
100466887,,,,,,,,,,,,,,,,
100467176,,,,,,,,,,,,,,,,
100480139,,,,,,,,,,,,,,,,
100481201,,,,,,,,,,,,,,,,
100485643,0.0,0.0,0.0,0.0,0.0,160000.0,0.0,0.0,160000.0,,,,,,,
100488084,,,,,,,,,,,,,,,,
100488449,,,,,,,,,,,,,,,,
100488614,,,,,,,,,,,,,,,,
100489136,,,,,,,,,,,,,,,,
100489346,,,,,,,,,,,,,,,,
100489517,,,,,,,,,,,,,,,,
100489661,,,,,,,,,,,,,,,,
100489884,,,,,,,,,,,,,,,,
100490074,,,,,,,,,,,,,,,,
100490375,,,,,,,,,,,,,,,,
100491046,,,,,,,,,,,,,,,,
100491195,,,,,,,,,,,,,,,,
100491311,,,,,,,,,,,,,,,,
100491460,,,,,,,,,,,,,,,,
100491573,,,,,,,,,,,,,,,,
100491716,,,,,,,,,,,,,,,,
100491840,,,,,,,,,,,,,,,,
100492033,,,,,,,,,,,,,,,,
100492214,,,,,,,,,,,,,,,,
100492338,,,,,,,,,,,,,,,,
100492551,,,,,,,,,,,,,,,,
100492800,,,,,,,,,,,,,,,,
100493026,,,,,,,,,,,,,,,,
100493235,,,,,,,,,,,,,,,,
100493413,,,,,,,,,,,,,,,,
100494073,,,,,,,,,,,,,,,,
100494256,,,,,,,,,,,,,,,,
100494438,,,,,,,,,,,,,,,,
100494642,,,,,,,,,,,,,,,,
100494804,,,,,,,,,,,,,,,,
100495031,,,,,,,,,,,,,,,,
100495167,,,,,,,,,,,,,,,,
100495516,,,,,,,,,,,,,,,,
100495771,,,,,,,,,,,,,,,,
100495951,,,,,,,,,,,,,,,,
100496149,,,,,,,,,,,,,,,,
100496889,,,,,,,,,,,,,,,,
100497032,,,,,,,,,,,,,,,,
100497593,,,,,,,,,,,,,,,,
100497705,,,,,,,,,,,,,,,,
100498290,,,,,,,,,,,,,,,,
100498842,,,,,,,,,,,,,,,,
100498950,,,,,,,,,,,,,,,,
100526332,1778.0,4250.0,0.0,0.0,0.0,225240.0,0.0,0.0,225240.0,,,,,,,
100528437,1778.0,4250.0,0.0,0.0,0.0,40000.0,0.0,0.0,40000.0,,,,,,,
100529287,1778.0,4250.0,0.0,0.0,0.0,8000.0,0.0,0.0,8000.0,,,,,,,
100529503,1778.0,4250.0,0.0,0.0,0.0,18000.0,0.0,0.0,18000.0,,,,,,,
100529706,1778.0,4250.0,0.0,0.0,0.0,6000.0,0.0,0.0,6000.0,,,,,,,
100529944,1778.0,4250.0,0.0,0.0,0.0,6000.0,0.0,0.0,6000.0,,,,,,,
100531375,1778.0,4250.0,0.0,0.0,0.0,20000.0,0.0,0.0,20000.0,,,,,,,
128344224,1769.0,4249.0,52206.0,0.0,0.0,0.0,0.0,0.0,52206.0,,,,,,,
100221356,1769.0,4249.0,50000.0,0.0,0.0,0.0,0.0,0.0,50000.0,,,,,,,
100222458,1769.0,4249.0,50000.0,0.0,0.0,0.0,0.0,0.0,50000.0,,,,,,,
100224869,1769.0,4249.0,245000.0,0.0,0.0,0.0,0.0,0.0,245000.0,,,,,,,
100339064,1769.0,4249.0,36000.0,0.0,0.0,0.0,0.0,0.0,36000.0,,,,,,,
100341996,1769.0,4249.0,75000.0,0.0,0.0,0.0,0.0,0.0,75000.0,,,,,,,
100342542,1769.0,4249.0,22500.0,0.0,0.0,0.0,0.0,0.0,22500.0,,,,,,,
100343863,1769.0,4249.0,220672.0,0.0,0.0,0.0,0.0,0.0,220672.0,,,,,,,
100347286,1769.0,4249.0,130000.0,0.0,0.0,0.0,0.0,0.0,130000.0,,,,,,,
100374986,1769.0,4249.0,100000.0,0.0,0.0,0.0,0.0,0.0,100000.0,,,,,,,
100375388,1769.0,4249.0,100000.0,0.0,0.0,0.0,0.0,0.0,100000.0,,,,,,,
100375965,1769.0,4249.0,100000.0,0.0,0.0,0.0,0.0,0.0,100000.0,,,,,,,
100376909,1769.0,4249.0,100000.0,0.0,0.0,0.0,0.0,0.0,100000.0,,,,,,,
100379485,1769.0,4211.0,0.0,0.0,0.0,600896.0,0.0,0.0,600896.0,,,,,,,
100379955,1769.0,4211.0,0.0,0.0,0.0,50000.0,0.0,0.0,50000.0,,,,,,,
100385798,1769.0,4211.0,0.0,0.0,0.0,100000.0,0.0,0.0,100000.0,,,,,,,
100387572,1769.0,4211.0,0.0,0.0,0.0,50000.0,0.0,0.0,50000.0,,,,,,,
100406448,1778.0,4250.0,0.0,0.0,0.0,60000.0,0.0,0.0,60000.0,,,,,,,
100482822,1769.0,4249.0,97928.0,0.0,0.0,0.0,0.0,0.0,97928.0,,,,,,,
100500396,1778.0,4250.0,0.0,0.0,0.0,246648.0,0.0,0.0,246648.0,,,,,,,
100525756,1778.0,4250.0,0.0,0.0,0.0,132000.0,0.0,0.0,132000.0,,,,,,,
100526108,1778.0,4250.0,0.0,0.0,0.0,273000.0,0.0,0.0,273000.0,,,,,,,
100527542,1778.0,4250.0,0.0,0.0,0.0,50000.0,0.0,0.0,50000.0,,,,,,,
100527949,1778.0,4250.0,0.0,0.0,0.0,140000.0,0.0,0.0,140000.0,,,,,,,
100528704,1778.0,4250.0,0.0,0.0,0.0,15000.0,0.0,0.0,15000.0,,,,,,,
100530306,1778.0,4250.0,0.0,0.0,0.0,100000.0,0.0,0.0,100000.0,,,,,,,
100530697,1778.0,4250.0,0.0,0.0,0.0,100000.0,0.0,0.0,100000.0,,,,,,,
100531595,1778.0,4250.0,0.0,0.0,0.0,40000.0,0.0,0.0,40000.0,,,,,,,
128344210,1769.0,4249.0,97928.0,0.0,0.0,0.0,0.0,0.0,97928.0,,,,,,,
120298918,,,,,,,,,,,,,,,,
120299052,,,,,,,,,,,,,,,,
120299152,,,,,,,,,,,,,,,,
120299216,,,,,,,,,,,,,,,,
120299333,,,,,,,,,,,,,,,,
120299467,,,,,,,,,,,,,,,,
120299560,,,,,,,,,,,,,,,,
124758882,1769.0,4249.0,267000.0,0.0,0.0,0.0,0.0,0.0,267000.0,,,,,,,
124802652,1769.0,4249.0,240000.0,0.0,0.0,0.0,0.0,0.0,240000.0,,,,,,,
124802735,1769.0,4249.0,22500.0,0.0,0.0,0.0,0.0,0.0,22500.0,,,,,,,
124802878,1769.0,4249.0,45000.0,0.0,0.0,0.0,0.0,0.0,45000.0,,,,,,,
124802968,1769.0,4249.0,30000.0,0.0,0.0,0.0,0.0,0.0,30000.0,,,,,,,
124803087,1769.0,4249.0,80000.0,0.0,0.0,0.0,0.0,0.0,80000.0,,,,,,,
124803180,1769.0,4249.0,30000.0,0.0,0.0,0.0,0.0,0.0,30000.0,,,,,,,
124803347,1769.0,4249.0,40000.0,0.0,0.0,0.0,0.0,0.0,40000.0,,,,,,,
124803428,1769.0,4249.0,18000.0,0.0,0.0,0.0,0.0,0.0,18000.0,,,,,,,
124803511,1769.0,4249.0,70000.0,0.0,0.0,0.0,0.0,0.0,70000.0,,,,,,,
124803585,1769.0,4249.0,32928.0,0.0,0.0,0.0,0.0,0.0,32928.0,,,,,,,
124803734,1769.0,4249.0,50000.0,0.0,0.0,0.0,0.0,0.0,50000.0,,,,,,,
124803801,1769.0,4249.0,56244.0,0.0,0.0,0.0,0.0,0.0,56244.0,,,,,,,
124804101,1769.0,4211.0,0.0,0.0,0.0,322896.0,0.0,0.0,322896.0,,,,,,,
124804234,1769.0,4211.0,0.0,0.0,0.0,150000.0,0.0,0.0,150000.0,,,,,,,
124811974,1769.0,4211.0,0.0,0.0,0.0,240000.0,0.0,0.0,240000.0,,,,,,,
124812087,1769.0,4211.0,0.0,0.0,0.0,18000.0,0.0,0.0,18000.0,,,,,,,
124812292,1778.0,4250.0,0.0,0.0,0.0,100000.0,0.0,0.0,100000.0,,,,,,,
124812639,1778.0,4250.0,0.0,0.0,0.0,100000.0,0.0,0.0,100000.0,,,,,,,
124812899,1778.0,4250.0,0.0,0.0,0.0,200000.0,0.0,0.0,200000.0,,,,,,,
124812951,1778.0,4250.0,0.0,0.0,0.0,80000.0,0.0,0.0,80000.0,,,,,,,
124813127,1778.0,4250.0,0.0,0.0,0.0,40000.0,0.0,0.0,40000.0,,,,,,,
124813157,1778.0,4250.0,0.0,0.0,0.0,15000.0,0.0,0.0,15000.0,,,,,,,
124813202,1778.0,4250.0,0.0,0.0,0.0,6000.0,0.0,0.0,6000.0,,,,,,,
124813291,1778.0,4250.0,0.0,0.0,0.0,6000.0,0.0,0.0,6000.0,,,,,,,
124969249,1778.0,4250.0,0.0,0.0,0.0,233000.0,0.0,0.0,233000.0,,,,,,,
124970315,,,,,,,,,,,,,,,,
124970538,,,,,,,,,,,,,,,,
124974949,,,,,,,,,,,,,,,,
124975017,,,,,,,,,,,,,,,,
124978490,,,,,,,,,,,,,,,,
124978592,,,,,,,,,,,,,,,,
124978777,,,,,,,,,,,,,,,,
124979418,,,,,,,,,,,,,,,,
124983396,,,,,,,,,,,,,,,,
124983933,,,,,,,,,,,,,,,,
124984401,,,,,,,,,,,,,,,,
124985229,,,,,,,,,,,,,,,,
124985589,,,,,,,,,,,,,,,,
124986225,,,,,,,,,,,,,,,,
124986508,,,,,,,,,,,,,,,,
124986872,,,,,,,,,,,,,,,,
124987232,,,,,,,,,,,,,,,,
125027725,0.0,0.0,0.0,0.0,0.0,100000.0,0.0,0.0,100000.0,,,,,,,
125029367,,,,,,,,,,,,,,,,
125029532,,,,,,,,,,,,,,,,
125029770,,,,,,,,,,,,,,,,
125030388,,,,,,,,,,,,,,,,
125031826,,,,,,,,,,,,,,,,
125033621,,,,,,,,,,,,,,,,
125034064,,,,,,,,,,,,,,,,
125036844,,,,,,,,,,,,,,,,
125036970,,,,,,,,,,,,,,,,
125037119,,,,,,,,,,,,,,,,
125037218,,,,,,,,,,,,,,,,
125037416,,,,,,,,,,,,,,,,
125037664,,,,,,,,,,,,,,,,
125037919,,,,,,,,,,,,,,,,
125038055,,,,,,,,,,,,,,,,
125043758,,,,,,,,,,,,,,,,
125043886,,,,,,,,,,,,,,,,
125044311,,,,,,,,,,,,,,,,
125044488,,,,,,,,,,,,,,,,
125044736,,,,,,,,,,,,,,,,
125045008,,,,,,,,,,,,,,,,
125045187,,,,,,,,,,,,,,,,
125045580,,,,,,,,,,,,,,,,
125053974,0.0,0.0,0.0,0.0,0.0,500.0,0.0,0.0,500.0,,,,,,,
125054026,0.0,0.0,0.0,0.0,0.0,500.0,0.0,0.0,500.0,,,,,,,
125054256,0.0,0.0,0.0,0.0,0.0,500.0,0.0,0.0,500.0,,,,,,,
125054334,0.0,0.0,0.0,0.0,0.0,500.0,0.0,0.0,500.0,,,,,,,
125054380,0.0,0.0,0.0,0.0,0.0,500.0,0.0,0.0,500.0,,,,,,,
125054510,0.0,0.0,0.0,0.0,0.0,500.0,0.0,0.0,500.0,,,,,,,
125054633,0.0,0.0,0.0,0.0,0.0,500.0,0.0,0.0,500.0,,,,,,,
125054705,0.0,0.0,0.0,0.0,0.0,500.0,0.0,0.0,500.0,,,,,,,
125054743,0.0,0.0,0.0,0.0,0.0,500.0,0.0,0.0,500.0,,,,,,,
124759177,1769.0,4249.0,110672.0,0.0,0.0,0.0,0.0,0.0,110672.0,,,,,,,
124801973,1769.0,4249.0,100000.0,0.0,0.0,0.0,0.0,0.0,100000.0,,,,,,,
124802520,1769.0,4249.0,273000.0,0.0,0.0,0.0,0.0,0.0,273000.0,,,,,,,
124803470,1769.0,4249.0,36000.0,0.0,0.0,0.0,0.0,0.0,36000.0,,,,,,,
124804169,1769.0,4211.0,0.0,0.0,0.0,150000.0,0.0,0.0,150000.0,,,,,,,
124812356,1778.0,4250.0,0.0,0.0,0.0,120000.0,0.0,0.0,120000.0,,,,,,,
124812422,1778.0,4250.0,0.0,0.0,0.0,50000.0,0.0,0.0,50000.0,,,,,,,
124812465,1778.0,4250.0,0.0,0.0,0.0,50000.0,0.0,0.0,50000.0,,,,,,,
124812698,1778.0,4250.0,0.0,0.0,0.0,105000.0,0.0,0.0,105000.0,,,,,,,
124812783,1778.0,4250.0,0.0,0.0,0.0,100000.0,0.0,0.0,100000.0,,,,,,,
124969379,1778.0,4250.0,0.0,0.0,0.0,28240.0,0.0,0.0,28240.0,,,,,,,
124997644,1769.0,4211.0,0.0,0.0,0.0,120000.0,0.0,0.0,120000.0,,,,,,,
44218167,1769.0,4249.0,100000.0,0.0,0.0,0.0,0.0,0.0,100000.0,,,,,,,
44218221,1769.0,4249.0,100000.0,0.0,0.0,0.0,0.0,0.0,100000.0,,,,,,,
44218333,1769.0,4249.0,50000.0,0.0,0.0,0.0,0.0,0.0,50000.0,,,,,,,
44219215,1769.0,4249.0,75733.0,0.0,0.0,0.0,0.0,0.0,75733.0,,,,,,,
44220466,1769.0,4211.0,0.0,0.0,0.0,100000.0,0.0,0.0,100000.0,,,,,,,
44222758,1778.0,4250.0,0.0,0.0,0.0,18000.0,0.0,0.0,18000.0,,,,,,,
38590687,1769.0,4249.0,100000.0,0.0,0.0,0.0,0.0,0.0,100000.0,,,,,,,
44213449,1769.0,4249.0,100000.0,0.0,0.0,0.0,0.0,0.0,100000.0,,,,,,,
44214504,1769.0,4249.0,200000.0,0.0,0.0,0.0,0.0,0.0,200000.0,,,,,,,
44214752,1769.0,4249.0,20000.0,0.0,0.0,0.0,0.0,0.0,20000.0,,,,,,,
44218275,1769.0,4249.0,50000.0,0.0,0.0,0.0,0.0,0.0,50000.0,,,,,,,
44218307,1769.0,4249.0,100000.0,0.0,0.0,0.0,0.0,0.0,100000.0,,,,,,,
44218376,1769.0,4249.0,50000.0,0.0,0.0,0.0,0.0,0.0,50000.0,,,,,,,
44218414,1769.0,4249.0,100000.0,0.0,0.0,0.0,0.0,0.0,100000.0,,,,,,,
44218645,1769.0,4249.0,100000.0,0.0,0.0,0.0,0.0,0.0,100000.0,,,,,,,
44218873,1769.0,4249.0,100000.0,0.0,0.0,0.0,0.0,0.0,100000.0,,,,,,,
44219063,1769.0,4249.0,100000.0,0.0,0.0,0.0,0.0,0.0,100000.0,,,,,,,
44219594,1769.0,4211.0,0.0,0.0,0.0,250000.0,0.0,0.0,250000.0,,,,,,,
44220328,1769.0,4211.0,0.0,0.0,0.0,200000.0,0.0,0.0,200000.0,,,,,,,
44220394,1769.0,4211.0,0.0,0.0,0.0,200000.0,0.0,0.0,200000.0,,,,,,,
44220650,1769.0,4211.0,0.0,0.0,0.0,100000.0,0.0,0.0,100000.0,,,,,,,
44220850,1769.0,4211.0,0.0,0.0,0.0,100000.0,0.0,0.0,100000.0,,,,,,,
44222295,1769.0,4211.0,0.0,0.0,0.0,100000.0,0.0,0.0,100000.0,,,,,,,
44222332,1769.0,4211.0,0.0,0.0,0.0,95733.0,0.0,0.0,95733.0,,,,,,,
44222371,1769.0,4211.0,0.0,0.0,0.0,100000.0,0.0,0.0,100000.0,,,,,,,
44222390,1769.0,4211.0,0.0,0.0,0.0,100000.0,0.0,0.0,100000.0,,,,,,,
44222551,1778.0,4250.0,0.0,0.0,0.0,500000.0,0.0,0.0,500000.0,,,,,,,
44222572,1778.0,4250.0,0.0,0.0,0.0,150000.0,0.0,0.0,150000.0,,,,,,,
44222597,1778.0,4250.0,0.0,0.0,0.0,144000.0,0.0,0.0,144000.0,,,,,,,
44222616,1778.0,4250.0,0.0,0.0,0.0,270000.0,0.0,0.0,270000.0,,,,,,,
44222659,1778.0,4250.0,0.0,0.0,0.0,100000.0,0.0,0.0,100000.0,,,,,,,
44222688,1778.0,4250.0,0.0,0.0,0.0,229600.0,0.0,0.0,229600.0,,,,,,,
44222709,1778.0,4250.0,0.0,0.0,0.0,50000.0,0.0,0.0,50000.0,,,,,,,
44222732,1778.0,4250.0,0.0,0.0,0.0,50000.0,0.0,0.0,50000.0,,,,,,,
44222746,1778.0,4250.0,0.0,0.0,0.0,6000.0,0.0,0.0,6000.0,,,,,,,
50391821,1778.0,4250.0,0.0,0.0,0.0,60000.0,0.0,0.0,60000.0,,,,,,,
50392194,1778.0,4250.0,0.0,0.0,0.0,154840.0,0.0,0.0,154840.0,,,,,,,
52406616,1769.0,4249.0,50000.0,0.0,0.0,0.0,0.0,0.0,50000.0,,,,,,,
52407253,1769.0,4249.0,12867.0,0.0,0.0,0.0,0.0,0.0,12867.0,,,,,,,
52407357,1769.0,4211.0,0.0,0.0,0.0,200000.0,0.0,0.0,200000.0,,,,,,,
52407739,1769.0,4211.0,0.0,0.0,0.0,18000.0,0.0,0.0,18000.0,,,,,,,
52408979,1778.0,4250.0,0.0,0.0,0.0,100000.0,0.0,0.0,100000.0,,,,,,,
52412537,1769.0,4211.0,0.0,0.0,0.0,140000.0,0.0,0.0,140000.0,,,,,,,
52406194,1769.0,4249.0,150000.0,0.0,0.0,0.0,0.0,0.0,150000.0,,,,,,,
52406277,1769.0,4249.0,156000.0,0.0,0.0,0.0,0.0,0.0,156000.0,,,,,,,
52406402,1769.0,4249.0,90000.0,0.0,0.0,0.0,0.0,0.0,90000.0,,,,,,,
52406533,1769.0,4249.0,100000.0,0.0,0.0,0.0,0.0,0.0,100000.0,,,,,,,
52406689,1769.0,4249.0,80000.0,0.0,0.0,0.0,0.0,0.0,80000.0,,,,,,,
52406759,1769.0,4249.0,46866.0,0.0,0.0,0.0,0.0,0.0,46866.0,,,,,,,
52406846,1769.0,4249.0,330000.0,0.0,0.0,0.0,0.0,0.0,330000.0,,,,,,,
52407057,1769.0,4249.0,330000.0,0.0,0.0,0.0,0.0,0.0,330000.0,,,,,,,
52407430,1769.0,4211.0,0.0,0.0,0.0,200000.0,0.0,0.0,200000.0,,,,,,,
52407542,1769.0,4211.0,0.0,0.0,0.0,200000.0,0.0,0.0,200000.0,,,,,,,
52407665,1769.0,4211.0,0.0,0.0,0.0,100000.0,0.0,0.0,100000.0,,,,,,,
52407825,1769.0,4211.0,0.0,0.0,0.0,6000.0,0.0,0.0,6000.0,,,,,,,
52407908,1769.0,4211.0,0.0,0.0,0.0,51733.0,0.0,0.0,51733.0,,,,,,,
52408000,1769.0,4211.0,0.0,0.0,0.0,30000.0,0.0,0.0,30000.0,,,,,,,
52408070,1769.0,4211.0,0.0,0.0,0.0,30000.0,0.0,0.0,30000.0,,,,,,,
52408155,1769.0,4211.0,0.0,0.0,0.0,30000.0,0.0,0.0,30000.0,,,,,,,
52408216,1769.0,4211.0,0.0,0.0,0.0,30000.0,0.0,0.0,30000.0,,,,,,,
52408268,1769.0,4211.0,0.0,0.0,0.0,30000.0,0.0,0.0,30000.0,,,,,,,
52408377,1778.0,4250.0,0.0,0.0,0.0,250000.0,0.0,0.0,250000.0,,,,,,,
52408444,1778.0,4250.0,0.0,0.0,0.0,100000.0,0.0,0.0,100000.0,,,,,,,
52408566,1778.0,4250.0,0.0,0.0,0.0,100000.0,0.0,0.0,100000.0,,,,,,,
52408641,1778.0,4250.0,0.0,0.0,0.0,400000.0,0.0,0.0,400000.0,,,,,,,
52408703,1778.0,4250.0,0.0,0.0,0.0,144000.0,0.0,0.0,144000.0,,,,,,,
52408755,1778.0,4250.0,0.0,0.0,0.0,100000.0,0.0,0.0,100000.0,,,,,,,
52408802,1778.0,4250.0,0.0,0.0,0.0,40000.0,0.0,0.0,40000.0,,,,,,,
52408854,1778.0,4250.0,0.0,0.0,0.0,50000.0,0.0,0.0,50000.0,,,,,,,
52408902,1778.0,4250.0,0.0,0.0,0.0,50000.0,0.0,0.0,50000.0,,,,,,,
52409042,1778.0,4250.0,0.0,0.0,0.0,170000.0,0.0,0.0,170000.0,,,,,,,
52412604,1769.0,4211.0,0.0,0.0,0.0,140000.0,0.0,0.0,140000.0,,,,,,,
52412683,1769.0,4211.0,0.0,0.0,0.0,140000.0,0.0,0.0,140000.0,,,,,,,
61700020,1769.0,4249.0,130000.0,0.0,0.0,0.0,0.0,0.0,130000.0,,,,,,,
61700310,1769.0,4249.0,50000.0,0.0,0.0,0.0,0.0,0.0,50000.0,,,,,,,
61700358,1769.0,4249.0,50000.0,0.0,0.0,0.0,0.0,0.0,50000.0,,,,,,,
61700451,1769.0,4249.0,100000.0,0.0,0.0,0.0,0.0,0.0,100000.0,,,,,,,
61700825,1769.0,4249.0,50347.0,0.0,0.0,0.0,0.0,0.0,50347.0,,,,,,,
61703748,1769.0,4211.0,0.0,0.0,0.0,100000.0,0.0,0.0,100000.0,,,,,,,
61703983,1769.0,4211.0,0.0,0.0,0.0,18000.0,0.0,0.0,18000.0,,,,,,,
61704913,1778.0,4250.0,0.0,0.0,0.0,100000.0,0.0,0.0,100000.0,,,,,,,
61704967,1778.0,4250.0,0.0,0.0,0.0,50000.0,0.0,0.0,50000.0,,,,,,,
61699801,1769.0,4249.0,400000.0,0.0,0.0,0.0,0.0,0.0,400000.0,,,,,,,
61700127,1769.0,4249.0,30000.0,0.0,0.0,0.0,0.0,0.0,30000.0,,,,,,,
61700195,1769.0,4249.0,140347.0,0.0,0.0,0.0,0.0,0.0,140347.0,,,,,,,
61700498,1769.0,4249.0,100000.0,0.0,0.0,0.0,0.0,0.0,100000.0,,,,,,,
61700561,1769.0,4249.0,100000.0,0.0,0.0,0.0,0.0,0.0,100000.0,,,,,,,
61700611,1769.0,4249.0,50000.0,0.0,0.0,0.0,0.0,0.0,50000.0,,,,,,,
61700661,1769.0,4249.0,50000.0,0.0,0.0,0.0,0.0,0.0,50000.0,,,,,,,
61700712,1769.0,4249.0,50000.0,0.0,0.0,0.0,0.0,0.0,50000.0,,,,,,,
61700767,1769.0,4249.0,100000.0,0.0,0.0,0.0,0.0,0.0,100000.0,,,,,,,
61703803,1769.0,4211.0,0.0,0.0,0.0,100000.0,0.0,0.0,100000.0,,,,,,,
61703854,1769.0,4211.0,0.0,0.0,0.0,100000.0,0.0,0.0,100000.0,,,,,,,
61703924,1769.0,4211.0,0.0,0.0,0.0,50000.0,0.0,0.0,50000.0,,,,,,,
61704024,1769.0,4211.0,0.0,0.0,0.0,6000.0,0.0,0.0,6000.0,,,,,,,
61704099,1769.0,4211.0,0.0,0.0,0.0,100000.0,0.0,0.0,100000.0,,,,,,,
61704150,1769.0,4211.0,0.0,0.0,0.0,100000.0,0.0,0.0,100000.0,,,,,,,
61704199,1769.0,4211.0,0.0,0.0,0.0,50000.0,0.0,0.0,50000.0,,,,,,,
61704260,1769.0,4211.0,0.0,0.0,0.0,50000.0,0.0,0.0,50000.0,,,,,,,
61704310,1769.0,4211.0,0.0,0.0,0.0,100000.0,0.0,0.0,100000.0,,,,,,,
61704350,1769.0,4211.0,0.0,0.0,0.0,59796.0,0.0,0.0,59796.0,,,,,,,
61704482,1769.0,4211.0,0.0,0.0,0.0,100000.0,0.0,0.0,100000.0,,,,,,,
61704758,1778.0,4250.0,0.0,0.0,0.0,60000.0,0.0,0.0,60000.0,,,,,,,
61704797,1778.0,4250.0,0.0,0.0,0.0,100000.0,0.0,0.0,100000.0,,,,,,,
61704820,1778.0,4250.0,0.0,0.0,0.0,100000.0,0.0,0.0,100000.0,,,,,,,
61704860,1778.0,4250.0,0.0,0.0,0.0,100000.0,0.0,0.0,100000.0,,,,,,,
61704885,1778.0,4250.0,0.0,0.0,0.0,100000.0,0.0,0.0,100000.0,,,,,,,
61704935,1778.0,4250.0,0.0,0.0,0.0,100000.0,0.0,0.0,100000.0,,,,,,,
61704982,1778.0,4250.0,0.0,0.0,0.0,72000.0,0.0,0.0,72000.0,,,,,,,
61705005,1778.0,4250.0,0.0,0.0,0.0,72000.0,0.0,0.0,72000.0,,,,,,,
61705038,1778.0,4250.0,0.0,0.0,0.0,378440.0,0.0,0.0,378440.0,,,,,,,
75676908,1769.0,4211.0,0.0,0.0,0.0,100000.0,0.0,0.0,100000.0,,,,,,,
75677949,1778.0,4250.0,0.0,0.0,0.0,100000.0,0.0,0.0,100000.0,,,,,,,
75680750,1769.0,4249.0,50000.0,0.0,0.0,0.0,0.0,0.0,50000.0,,,,,,,
75685395,1769.0,4249.0,140455.0,0.0,0.0,0.0,0.0,0.0,140455.0,,,,,,,
75697512,1778.0,4250.0,0.0,0.0,0.0,18000.0,0.0,0.0,18000.0,,,,,,,
75781940,,,,,,,,,,,,,,,,
75783376,,,,,,,,,,,,,,,,
75787801,,,,,,,,,,,,,,,,
75788480,,,,,,,,,,,,,,,,
75788862,,,,,,,,,,,,,,,,
75789250,,,,,,,,,,,,,,,,
75790163,,,,,,,,,,,,,,,,
75791239,,,,,,,,,,,,,,,,
75793585,,,,,,,,,,,,,,,,
75794310,,,,,,,,,,,,,,,,
75798308,,,,,,,,,,,,,,,,
75799222,,,,,,,,,,,,,,,,
75807075,,,,,,,,,,,,,,,,
75809020,,,,,,,,,,,,,,,,
75809880,,,,,,,,,,,,,,,,
75810957,,,,,,,,,,,,,,,,
75812335,,,,,,,,,,,,,,,,
75814183,,,,,,,,,,,,,,,,
75816673,,,,,,,,,,,,,,,,
75817798,,,,,,,,,,,,,,,,
75818403,,,,,,,,,,,,,,,,
75819089,,,,,,,,,,,,,,,,
75819867,,,,,,,,,,,,,,,,
75820553,,,,,,,,,,,,,,,,
75822322,,,,,,,,,,,,,,,,
75823058,,,,,,,,,,,,,,,,
75824140,,,,,,,,,,,,,,,,
75824842,,,,,,,,,,,,,,,,
75826230,,,,,,,,,,,,,,,,
75827093,,,,,,,,,,,,,,,,
75827716,,,,,,,,,,,,,,,,
75828499,,,,,,,,,,,,,,,,
75829464,,,,,,,,,,,,,,,,
75830949,,,,,,,,,,,,,,,,
75832478,,,,,,,,,,,,,,,,
75834177,,,,,,,,,,,,,,,,
75894889,,,,,,,,,,,,,,,,
75895256,,,,,,,,,,,,,,,,
75895499,,,,,,,,,,,,,,,,
75895655,,,,,,,,,,,,,,,,
76182420,,,,,,,,,,,,,,,,
76182445,,,,,,,,,,,,,,,,
76188487,,,,,,,,,,,,,,,,
76190404,,,,,,,,,,,,,,,,
76194754,,,,,,,,,,,,,,,,
76196537,,,,,,,,,,,,,,,,
76197979,,,,,,,,,,,,,,,,
76200128,,,,,,,,,,,,,,,,
76202414,,,,,,,,,,,,,,,,
76216489,,,,,,,,,,,,,,,,
76220550,,,,,,,,,,,,,,,,
76223024,,,,,,,,,,,,,,,,
76226186,,,,,,,,,,,,,,,,
76227142,,,,,,,,,,,,,,,,
76228590,,,,,,,,,,,,,,,,
76229700,,,,,,,,,,,,,,,,
76231144,,,,,,,,,,,,,,,,
76232951,,,,,,,,,,,,,,,,
76234699,,,,,,,,,,,,,,,,
76236646,,,,,,,,,,,,,,,,
76239902,,,,,,,,,,,,,,,,
76243270,,,,,,,,,,,,,,,,
76559729,,,,,,,,,,,,,,,,
76595277,,,,,,,,,,,,,,,,
76597149,,,,,,,,,,,,,,,,
76598861,,,,,,,,,,,,,,,,
76600343,,,,,,,,,,,,,,,,
76605764,,,,,,,,,,,,,,,,
76608591,,,,,,,,,,,,,,,,
76612252,,,,,,,,,,,,,,,,
76615056,,,,,,,,,,,,,,,,
76623274,38.0,1.0,0.0,0.0,0.0,300000.0,0.0,0.0,300000.0,,,,,,,
76624550,38.0,1.0,0.0,0.0,0.0,150000.0,0.0,0.0,150000.0,,,,,,,
76632393,,,,,,,,,,,,,,,,
76633286,,,,,,,,,,,,,,,,
76634388,,,,,,,,,,,,,,,,
76635160,,,,,,,,,,,,,,,,
76635966,,,,,,,,,,,,,,,,
76637221,,,,,,,,,,,,,,,,
77421748,38.0,1.0,0.0,0.0,0.0,150000.0,0.0,0.0,150000.0,,,,,,,
77423716,38.0,1.0,0.0,0.0,0.0,200000.0,0.0,0.0,200000.0,,,,,,,
77425841,38.0,1.0,0.0,0.0,0.0,200000.0,0.0,0.0,200000.0,,,,,,,
77427652,38.0,1.0,0.0,0.0,0.0,150000.0,0.0,0.0,150000.0,,,,,,,
77430916,,,,,,,,,,,,,,,,
77432669,38.0,1.0,0.0,0.0,0.0,150000.0,0.0,0.0,150000.0,,,,,,,
77436193,38.0,1.0,0.0,0.0,0.0,300000.0,0.0,0.0,300000.0,,,,,,,
77439917,38.0,1.0,0.0,0.0,0.0,200000.0,0.0,0.0,200000.0,,,,,,,
77441628,38.0,1.0,0.0,0.0,0.0,200000.0,0.0,0.0,200000.0,,,,,,,
77443631,38.0,1.0,0.0,0.0,0.0,300000.0,0.0,0.0,300000.0,,,,,,,
77446577,38.0,1.0,0.0,0.0,0.0,150000.0,0.0,0.0,150000.0,,,,,,,
77447878,38.0,1.0,0.0,0.0,0.0,200000.0,0.0,0.0,200000.0,,,,,,,
77449506,38.0,1.0,0.0,0.0,0.0,150000.0,0.0,0.0,150000.0,,,,,,,
77451683,38.0,1.0,0.0,0.0,0.0,300000.0,0.0,0.0,300000.0,,,,,,,
77453778,38.0,1.0,0.0,0.0,0.0,150000.0,0.0,0.0,150000.0,,,,,,,
77455533,38.0,1.0,0.0,0.0,0.0,150000.0,0.0,0.0,150000.0,,,,,,,
78573574,38.0,1.0,0.0,0.0,0.0,200000.0,0.0,0.0,200000.0,,,,,,,
78577491,38.0,1.0,0.0,0.0,0.0,150000.0,0.0,0.0,150000.0,,,,,,,
82305526,,,,,,,,,,,,,,,,
82306015,,,,,,,,,,,,,,,,
82306261,,,,,,,,,,,,,,,,
82306716,,,,,,,,,,,,,,,,
82307429,,,,,,,,,,,,,,,,
82308681,,,,,,,,,,,,,,,,
82309227,,,,,,,,,,,,,,,,
82309942,,,,,,,,,,,,,,,,
82310288,,,,,,,,,,,,,,,,
82310650,,,,,,,,,,,,,,,,
82311016,,,,,,,,,,,,,,,,
82311629,,,,,,,,,,,,,,,,
82312056,,,,,,,,,,,,,,,,
82312325,,,,,,,,,,,,,,,,
82312640,,,,,,,,,,,,,,,,
82313347,,,,,,,,,,,,,,,,
82313782,,,,,,,,,,,,,,,,
82314442,,,,,,,,,,,,,,,,
82315144,,,,,,,,,,,,,,,,
82315580,,,,,,,,,,,,,,,,
82316275,,,,,,,,,,,,,,,,
82317463,,,,,,,,,,,,,,,,
82318784,,,,,,,,,,,,,,,,
82539838,38.0,1.0,0.0,0.0,0.0,200000.0,0.0,0.0,200000.0,,,,,,,
82540520,38.0,1.0,0.0,0.0,0.0,200000.0,0.0,0.0,200000.0,,,,,,,
82541223,38.0,1.0,0.0,0.0,0.0,200000.0,0.0,0.0,200000.0,,,,,,,
82541867,38.0,1.0,0.0,0.0,0.0,200000.0,0.0,0.0,200000.0,,,,,,,
82543744,0.0,0.0,0.0,0.0,0.0,500.0,0.0,0.0,500.0,,,,,,,
82544292,0.0,0.0,0.0,0.0,0.0,500.0,0.0,0.0,500.0,,,,,,,
82544994,0.0,0.0,0.0,0.0,0.0,500.0,0.0,0.0,500.0,,,,,,,
82545537,0.0,0.0,0.0,0.0,0.0,500.0,0.0,0.0,500.0,,,,,,,
82546161,0.0,0.0,0.0,0.0,0.0,500.0,0.0,0.0,500.0,,,,,,,
82546636,0.0,0.0,0.0,0.0,0.0,500.0,0.0,0.0,500.0,,,,,,,
82547406,0.0,0.0,0.0,0.0,0.0,500.0,0.0,0.0,500.0,,,,,,,
82547973,0.0,0.0,0.0,0.0,0.0,500.0,0.0,0.0,500.0,,,,,,,
82548740,0.0,0.0,0.0,0.0,0.0,500.0,0.0,0.0,500.0,,,,,,,
82549469,0.0,0.0,0.0,0.0,0.0,500.0,0.0,0.0,500.0,,,,,,,
82550290,0.0,0.0,0.0,0.0,0.0,500.0,0.0,0.0,500.0,,,,,,,
82551350,0.0,0.0,0.0,0.0,0.0,500.0,0.0,0.0,500.0,,,,,,,
82552052,0.0,0.0,0.0,0.0,0.0,1000.0,0.0,0.0,1000.0,,,,,,,
82552807,0.0,0.0,0.0,0.0,0.0,1000.0,0.0,0.0,1000.0,,,,,,,
82553364,0.0,0.0,0.0,0.0,0.0,1000.0,0.0,0.0,1000.0,,,,,,,
82554360,0.0,0.0,0.0,0.0,0.0,500.0,0.0,0.0,500.0,,,,,,,
82554727,0.0,0.0,0.0,0.0,0.0,500.0,0.0,0.0,500.0,,,,,,,
82555082,0.0,0.0,0.0,0.0,0.0,500.0,0.0,0.0,500.0,,,,,,,
82555508,0.0,0.0,0.0,0.0,0.0,500.0,0.0,0.0,500.0,,,,,,,
82555967,0.0,0.0,0.0,0.0,0.0,500.0,0.0,0.0,500.0,,,,,,,
82557328,0.0,0.0,0.0,0.0,0.0,500.0,0.0,0.0,500.0,,,,,,,
82557757,0.0,0.0,0.0,0.0,0.0,500.0,0.0,0.0,500.0,,,,,,,
82558219,0.0,0.0,0.0,0.0,0.0,500.0,0.0,0.0,500.0,,,,,,,
82558601,0.0,0.0,0.0,0.0,0.0,509.0,0.0,0.0,509.0,,,,,,,
82559029,0.0,0.0,0.0,0.0,0.0,500.0,0.0,0.0,500.0,,,,,,,
82559516,0.0,0.0,0.0,0.0,0.0,500.0,0.0,0.0,500.0,,,,,,,
82561671,0.0,0.0,0.0,0.0,0.0,500.0,0.0,0.0,500.0,,,,,,,
82562106,0.0,0.0,0.0,0.0,0.0,500.0,0.0,0.0,500.0,,,,,,,
82562606,0.0,0.0,0.0,0.0,0.0,500.0,0.0,0.0,500.0,,,,,,,
82562998,0.0,0.0,0.0,0.0,0.0,500.0,0.0,0.0,500.0,,,,,,,
82735180,38.0,1.0,0.0,0.0,0.0,353000.0,0.0,0.0,353000.0,,,,,,,
82735919,38.0,1.0,0.0,0.0,0.0,700000.0,0.0,0.0,700000.0,,,,,,,
82782276,,,,,,,,,,,,,,,,
82783023,,,,,,,,,,,,,,,,
82783841,,,,,,,,,,,,,,,,
74994677,1769.0,4249.0,200000.0,0.0,0.0,0.0,0.0,0.0,200000.0,,,,,,,
75675976,1769.0,4211.0,0.0,0.0,0.0,44606.0,0.0,0.0,44606.0,,,,,,,
75678544,1778.0,4250.0,0.0,0.0,0.0,50000.0,0.0,0.0,50000.0,,,,,,,
75679497,1769.0,4211.0,0.0,0.0,0.0,100000.0,0.0,0.0,100000.0,,,,,,,
75680195,1769.0,4249.0,100000.0,0.0,0.0,0.0,0.0,0.0,100000.0,,,,,,,
75682097,1769.0,4249.0,10000.0,0.0,0.0,0.0,0.0,0.0,10000.0,,,,,,,
75682821,1769.0,4211.0,0.0,0.0,0.0,400000.0,0.0,0.0,400000.0,,,,,,,
75683577,1769.0,4249.0,60000.0,0.0,0.0,0.0,0.0,0.0,60000.0,,,,,,,
75683991,1769.0,4249.0,20000.0,0.0,0.0,0.0,0.0,0.0,20000.0,,,,,,,
75684548,1769.0,4249.0,50000.0,0.0,0.0,0.0,0.0,0.0,50000.0,,,,,,,
75685056,1769.0,4249.0,200000.0,0.0,0.0,0.0,0.0,0.0,200000.0,,,,,,,
75686754,1778.0,4250.0,0.0,0.0,0.0,50000.0,0.0,0.0,50000.0,,,,,,,
75687115,1778.0,4250.0,0.0,0.0,0.0,50000.0,0.0,0.0,50000.0,,,,,,,
75687493,1769.0,4211.0,0.0,0.0,0.0,100000.0,0.0,0.0,100000.0,,,,,,,
75688119,1769.0,4211.0,0.0,0.0,0.0,100000.0,0.0,0.0,100000.0,,,,,,,
75688697,1778.0,4250.0,0.0,0.0,0.0,100000.0,0.0,0.0,100000.0,,,,,,,
75689370,1778.0,4250.0,0.0,0.0,0.0,100000.0,0.0,0.0,100000.0,,,,,,,
75689985,1778.0,4250.0,0.0,0.0,0.0,100000.0,0.0,0.0,100000.0,,,,,,,
75691056,1778.0,4250.0,0.0,0.0,0.0,50000.0,0.0,0.0,50000.0,,,,,,,
75691695,1778.0,4250.0,0.0,0.0,0.0,50000.0,0.0,0.0,50000.0,,,,,,,
75692255,1778.0,4250.0,0.0,0.0,0.0,100000.0,0.0,0.0,100000.0,,,,,,,
75692882,1778.0,4250.0,0.0,0.0,0.0,100000.0,0.0,0.0,100000.0,,,,,,,
75693370,1778.0,4250.0,0.0,0.0,0.0,100000.0,0.0,0.0,100000.0,,,,,,,
75694773,1778.0,4250.0,0.0,0.0,0.0,100000.0,0.0,0.0,100000.0,,,,,,,
75695666,1769.0,4211.0,0.0,0.0,0.0,100058.0,0.0,0.0,100058.0,,,,,,,
75696331,1778.0,4250.0,0.0,0.0,0.0,100000.0,0.0,0.0,100000.0,,,,,,,
75697056,1778.0,4250.0,0.0,0.0,0.0,59240.0,0.0,0.0,59240.0,,,,,,,
75697766,1778.0,4250.0,0.0,0.0,0.0,6000.0,0.0,0.0,6000.0,,,,,,,
82684938,1769.0,4249.0,364498.0,0.0,0.0,0.0,0.0,0.0,364498.0,,,,,,,
82686347,1769.0,4249.0,144000.0,0.0,0.0,0.0,0.0,0.0,144000.0,,,,,,,
82692936,1769.0,4249.0,78043.0,0.0,0.0,0.0,0.0,0.0,78043.0,,,,,,,
99699423,,,,,,,,,,,,,,,,
99706929,,,,,,,,,,,,,,,,
99714732,,,,,,,,,,,,,,,,
99845860,,,,,,,,,,,,,,,,
99846820,,,,,,,,,,,,,,,,
99847593,,,,,,,,,,,,,,,,
99848312,,,,,,,,,,,,,,,,
99848967,,,,,,,,,,,,,,,,
99849683,,,,,,,,,,,,,,,,
99850435,,,,,,,,,,,,,,,,
99852856,,,,,,,,,,,,,,,,
99853795,,,,,,,,,,,,,,,,
99855517,,,,,,,,,,,,,,,,
99859575,,,,,,,,,,,,,,,,
99861580,,,,,,,,,,,,,,,,
99862808,,,,,,,,,,,,,,,,
99864336,,,,,,,,,,,,,,,,
99865380,,,,,,,,,,,,,,,,
99876202,,,,,,,,,,,,,,,,
99878169,,,,,,,,,,,,,,,,
99879347,,,,,,,,,,,,,,,,
99884996,,,,,,,,,,,,,,,,
99886827,,,,,,,,,,,,,,,,
99887562,,,,,,,,,,,,,,,,
99888617,,,,,,,,,,,,,,,,
99913852,,,,,,,,,,,,,,,,
99914071,,,,,,,,,,,,,,,,
99914212,,,,,,,,,,,,,,,,
99914378,,,,,,,,,,,,,,,,
99914534,,,,,,,,,,,,,,,,
99914841,,,,,,,,,,,,,,,,
99915075,,,,,,,,,,,,,,,,
99915324,,,,,,,,,,,,,,,,
99915601,,,,,,,,,,,,,,,,
99915918,,,,,,,,,,,,,,,,
99916340,,,,,,,,,,,,,,,,
99917054,,,,,,,,,,,,,,,,
99917464,,,,,,,,,,,,,,,,
99918199,,,,,,,,,,,,,,,,
99918742,,,,,,,,,,,,,,,,
99919192,,,,,,,,,,,,,,,,
99919989,,,,,,,,,,,,,,,,
99928846,,,,,,,,,,,,,,,,
99929287,,,,,,,,,,,,,,,,
99929987,,,,,,,,,,,,,,,,
99930402,,,,,,,,,,,,,,,,
99931254,,,,,,,,,,,,,,,,
99932054,,,,,,,,,,,,,,,,
99962468,,,,,,,,,,,,,,,,
99963148,,,,,,,,,,,,,,,,
99965107,,,,,,,,,,,,,,,,
99967265,,,,,,,,,,,,,,,,
99968294,,,,,,,,,,,,,,,,
99970565,,,,,,,,,,,,,,,,
99972396,,,,,,,,,,,,,,,,
99973458,,,,,,,,,,,,,,,,
99974521,,,,,,,,,,,,,,,,
99976226,,,,,,,,,,,,,,,,
99979225,,,,,,,,,,,,,,,,
99979258,,,,,,,,,,,,,,,,
99979270,,,,,,,,,,,,,,,,
99980509,,,,,,,,,,,,,,,,
99981684,,,,,,,,,,,,,,,,
99982484,,,,,,,,,,,,,,,,
99984037,,,,,,,,,,,,,,,,
99985337,,,,,,,,,,,,,,,,
99986177,,,,,,,,,,,,,,,,
99987253,,,,,,,,,,,,,,,,
99989005,,,,,,,,,,,,,,,,
99990192,,,,,,,,,,,,,,,,
99990211,,,,,,,,,,,,,,,,
100006786,,,,,,,,,,,,,,,,
100007763,,,,,,,,,,,,,,,,
100008394,,,,,,,,,,,,,,,,
100009135,,,,,,,,,,,,,,,,
100010527,,,,,,,,,,,,,,,,
100010992,,,,,,,,,,,,,,,,
100011560,,,,,,,,,,,,,,,,
100012293,,,,,,,,,,,,,,,,
100012836,,,,,,,,,,,,,,,,
100013277,,,,,,,,,,,,,,,,
100013756,,,,,,,,,,,,,,,,
100014295,,,,,,,,,,,,,,,,
100018151,,,,,,,,,,,,,,,,
100018822,,,,,,,,,,,,,,,,
100021390,,,,,,,,,,,,,,,,
100022218,,,,,,,,,,,,,,,,
100022910,,,,,,,,,,,,,,,,
100023516,,,,,,,,,,,,,,,,
100025012,,,,,,,,,,,,,,,,
100258289,,,,,,,,,,,,,,,,
100258782,,,,,,,,,,,,,,,,
100259209,,,,,,,,,,,,,,,,
100259954,,,,,,,,,,,,,,,,
100260254,,,,,,,,,,,,,,,,
100260574,,,,,,,,,,,,,,,,
100261147,,,,,,,,,,,,,,,,
100261447,,,,,,,,,,,,,,,,
100262041,,,,,,,,,,,,,,,,
100262351,,,,,,,,,,,,,,,,
100262858,,,,,,,,,,,,,,,,
100263522,,,,,,,,,,,,,,,,
100263850,,,,,,,,,,,,,,,,
100266601,,,,,,,,,,,,,,,,
100267172,,,,,,,,,,,,,,,,
100268259,,,,,,,,,,,,,,,,
100268648,,,,,,,,,,,,,,,,
100269388,,,,,,,,,,,,,,,,
100270070,,,,,,,,,,,,,,,,
100270495,,,,,,,,,,,,,,,,
100271130,,,,,,,,,,,,,,,,
100271519,,,,,,,,,,,,,,,,
100271986,,,,,,,,,,,,,,,,
100272494,,,,,,,,,,,,,,,,
100273090,,,,,,,,,,,,,,,,
100273676,,,,,,,,,,,,,,,,
100274558,,,,,,,,,,,,,,,,
100275413,,,,,,,,,,,,,,,,
100276077,,,,,,,,,,,,,,,,
100276561,,,,,,,,,,,,,,,,
100277084,,,,,,,,,,,,,,,,
100277605,,,,,,,,,,,,,,,,
100278014,,,,,,,,,,,,,,,,
100278392,,,,,,,,,,,,,,,,
100278865,,,,,,,,,,,,,,,,
100279365,,,,,,,,,,,,,,,,
100280144,,,,,,,,,,,,,,,,
100280465,,,,,,,,,,,,,,,,
100280967,,,,,,,,,,,,,,,,
100281450,,,,,,,,,,,,,,,,
100313189,,,,,,,,,,,,,,,,
100314004,,,,,,,,,,,,,,,,
100314277,,,,,,,,,,,,,,,,
100315114,,,,,,,,,,,,,,,,
100316743,,,,,,,,,,,,,,,,
100317160,,,,,,,,,,,,,,,,
100317476,,,,,,,,,,,,,,,,
100317862,,,,,,,,,,,,,,,,
100318346,,,,,,,,,,,,,,,,
100318756,,,,,,,,,,,,,,,,
100319114,,,,,,,,,,,,,,,,
100474711,,,,,,,,,,,,,,,,
100475288,,,,,,,,,,,,,,,,
100475678,,,,,,,,,,,,,,,,
100476136,,,,,,,,,,,,,,,,
100476428,,,,,,,,,,,,,,,,
100477102,,,,,,,,,,,,,,,,
100477366,,,,,,,,,,,,,,,,
100477888,,,,,,,,,,,,,,,,
100478347,,,,,,,,,,,,,,,,
100478642,,,,,,,,,,,,,,,,
100479017,,,,,,,,,,,,,,,,
100479251,,,,,,,,,,,,,,,,
100479642,,,,,,,,,,,,,,,,
100479952,,,,,,,,,,,,,,,,
100480197,,,,,,,,,,,,,,,,
100480549,,,,,,,,,,,,,,,,
100480832,,,,,,,,,,,,,,,,
100484734,,,,,,,,,,,,,,,,
100485308,,,,,,,,,,,,,,,,
100485591,,,,,,,,,,,,,,,,
100486007,,,,,,,,,,,,,,,,
100486421,,,,,,,,,,,,,,,,
100486797,,,,,,,,,,,,,,,,
100487471,,,,,,,,,,,,,,,,
100490581,,,,,,,,,,,,,,,,
100490819,,,,,,,,,,,,,,,,
100491259,,,,,,,,,,,,,,,,
100491624,,,,,,,,,,,,,,,,
100493306,,,,,,,,,,,,,,,,
100493652,,,,,,,,,,,,,,,,
100494462,,,,,,,,,,,,,,,,
100494948,,,,,,,,,,,,,,,,
100495174,,,,,,,,,,,,,,,,
100495542,,,,,,,,,,,,,,,,
100495861,,,,,,,,,,,,,,,,
100496370,,,,,,,,,,,,,,,,
100496850,,,,,,,,,,,,,,,,
100497298,,,,,,,,,,,,,,,,
100499787,,,,,,,,,,,,,,,,
100500089,,,,,,,,,,,,,,,,
100500433,,,,,,,,,,,,,,,,
100500787,,,,,,,,,,,,,,,,
100501167,,,,,,,,,,,,,,,,
100501680,,,,,,,,,,,,,,,,
100502135,,,,,,,,,,,,,,,,
101238324,,,,,,,,,,,,,,,,
101239111,,,,,,,,,,,,,,,,
101240349,,,,,,,,,,,,,,,,
101241659,,,,,,,,,,,,,,,,
101242905,,,,,,,,,,,,,,,,
101247644,0.0,0.0,0.0,0.0,0.0,1000.0,0.0,0.0,1000.0,,,,,,,
101249219,0.0,0.0,0.0,0.0,0.0,1000.0,0.0,0.0,1000.0,,,,,,,
101250569,0.0,0.0,0.0,0.0,0.0,1000.0,0.0,0.0,1000.0,,,,,,,
101252383,0.0,0.0,0.0,0.0,0.0,1000.0,0.0,0.0,1000.0,,,,,,,
101253812,0.0,0.0,0.0,0.0,0.0,1000.0,0.0,0.0,1000.0,,,,,,,
101255549,0.0,0.0,0.0,0.0,0.0,1000.0,0.0,0.0,1000.0,,,,,,,
101256783,0.0,0.0,0.0,0.0,0.0,1000.0,0.0,0.0,1000.0,,,,,,,
101258067,0.0,0.0,0.0,0.0,0.0,1000.0,0.0,0.0,1000.0,,,,,,,
101259441,0.0,0.0,0.0,0.0,0.0,1000.0,0.0,0.0,1000.0,,,,,,,
101261177,0.0,0.0,0.0,0.0,0.0,1000.0,0.0,0.0,1000.0,,,,,,,
101263982,0.0,0.0,0.0,0.0,0.0,1000.0,0.0,0.0,1000.0,,,,,,,
101265694,0.0,0.0,0.0,0.0,0.0,1000.0,0.0,0.0,1000.0,,,,,,,
101266831,0.0,0.0,0.0,0.0,0.0,1000.0,0.0,0.0,1000.0,,,,,,,
101267910,0.0,0.0,0.0,0.0,0.0,1000.0,0.0,0.0,1000.0,,,,,,,
101269850,0.0,0.0,0.0,0.0,0.0,1000.0,0.0,0.0,1000.0,,,,,,,
101271513,0.0,0.0,0.0,0.0,0.0,1000.0,0.0,0.0,1000.0,,,,,,,
101274008,0.0,0.0,0.0,0.0,0.0,1000.0,0.0,0.0,1000.0,,,,,,,
101275808,0.0,0.0,0.0,0.0,0.0,1000.0,0.0,0.0,1000.0,,,,,,,
101279663,0.0,0.0,0.0,0.0,0.0,1000.0,0.0,0.0,1000.0,,,,,,,
101281123,0.0,0.0,0.0,0.0,0.0,1000.0,0.0,0.0,1000.0,,,,,,,
101282444,0.0,0.0,0.0,0.0,0.0,1000.0,0.0,0.0,1000.0,,,,,,,
101283676,0.0,0.0,0.0,0.0,0.0,1000.0,0.0,0.0,1000.0,,,,,,,
101285326,0.0,0.0,0.0,0.0,0.0,1000.0,0.0,0.0,1000.0,,,,,,,
101286713,0.0,0.0,0.0,0.0,0.0,1000.0,0.0,0.0,1000.0,,,,,,,
101288120,0.0,0.0,0.0,0.0,0.0,1000.0,0.0,0.0,1000.0,,,,,,,
101289242,0.0,0.0,0.0,0.0,0.0,1000.0,0.0,0.0,1000.0,,,,,,,
101290484,0.0,0.0,0.0,0.0,0.0,1000.0,0.0,0.0,1000.0,,,,,,,
101291968,0.0,0.0,0.0,0.0,0.0,1000.0,0.0,0.0,1000.0,,,,,,,
101293492,0.0,0.0,0.0,0.0,0.0,1000.0,0.0,0.0,1000.0,,,,,,,
101295547,0.0,0.0,0.0,0.0,0.0,1000.0,0.0,0.0,1000.0,,,,,,,
101369846,0.0,0.0,0.0,0.0,0.0,1000.0,0.0,0.0,1000.0,,,,,,,
101371352,0.0,0.0,0.0,0.0,0.0,1000.0,0.0,0.0,1000.0,,,,,,,
101372857,0.0,0.0,0.0,0.0,0.0,1000.0,0.0,0.0,1000.0,,,,,,,
101374117,0.0,0.0,0.0,0.0,0.0,1000.0,0.0,0.0,1000.0,,,,,,,
101375299,0.0,0.0,0.0,0.0,0.0,1000.0,0.0,0.0,1000.0,,,,,,,
101376133,0.0,0.0,0.0,0.0,0.0,1000.0,0.0,0.0,1000.0,,,,,,,
101376959,0.0,0.0,0.0,0.0,0.0,1000.0,0.0,0.0,1000.0,,,,,,,
101377974,0.0,0.0,0.0,0.0,0.0,1000.0,0.0,0.0,1000.0,,,,,,,
101965711,1769.0,4249.0,30000.0,0.0,0.0,0.0,0.0,0.0,30000.0,,,,,,,
101966508,1769.0,4249.0,75000.0,0.0,0.0,0.0,0.0,0.0,75000.0,,,,,,,
101972280,1769.0,4211.0,0.0,0.0,0.0,100000.0,0.0,0.0,100000.0,,,,,,,
101975592,1769.0,4211.0,0.0,0.0,0.0,100000.0,0.0,0.0,100000.0,,,,,,,
101985538,1778.0,4250.0,0.0,0.0,0.0,100000.0,0.0,0.0,100000.0,,,,,,,
101987736,1778.0,4250.0,0.0,0.0,0.0,6000.0,0.0,0.0,6000.0,,,,,,,
101988599,1778.0,4250.0,0.0,0.0,0.0,18000.0,0.0,0.0,18000.0,,,,,,,
101988985,1778.0,4250.0,0.0,0.0,0.0,8000.0,0.0,0.0,8000.0,,,,,,,
103914541,1769.0,4249.0,63000.0,0.0,0.0,0.0,0.0,0.0,63000.0,,,,,,,
103917229,1769.0,4249.0,3500.0,0.0,0.0,0.0,0.0,0.0,3500.0,,,,,,,
103917726,1769.0,4249.0,3500.0,0.0,0.0,0.0,0.0,0.0,3500.0,,,,,,,
103934454,,,,,,,,,,,,,,,,
103935818,,,,,,,,,,,,,,,,
101961208,1769.0,4249.0,421425.0,0.0,0.0,0.0,0.0,0.0,421425.0,,,,,,,
101961640,1769.0,4249.0,299250.0,0.0,0.0,0.0,0.0,0.0,299250.0,,,,,,,
101962142,1769.0,4249.0,30000.0,0.0,0.0,0.0,0.0,0.0,30000.0,,,,,,,
101962720,1769.0,4249.0,185675.0,0.0,0.0,0.0,0.0,0.0,185675.0,,,,,,,
101963329,1769.0,4249.0,90000.0,0.0,0.0,0.0,0.0,0.0,90000.0,,,,,,,
101963725,1769.0,4249.0,30000.0,0.0,0.0,0.0,0.0,0.0,30000.0,,,,,,,
101964522,1769.0,4249.0,120000.0,0.0,0.0,0.0,0.0,0.0,120000.0,,,,,,,
101967417,1769.0,4249.0,50000.0,0.0,0.0,0.0,0.0,0.0,50000.0,,,,,,,
101968586,1769.0,4249.0,100000.0,0.0,0.0,0.0,0.0,0.0,100000.0,,,,,,,
101971795,1769.0,4211.0,0.0,0.0,0.0,50900.0,0.0,0.0,50900.0,,,,,,,
101972792,1769.0,4211.0,0.0,0.0,0.0,100000.0,0.0,0.0,100000.0,,,,,,,
101973374,1769.0,4211.0,0.0,0.0,0.0,100000.0,0.0,0.0,100000.0,,,,,,,
101974189,1769.0,4211.0,0.0,0.0,0.0,150000.0,0.0,0.0,150000.0,,,,,,,
101976266,1769.0,4211.0,0.0,0.0,0.0,100000.0,0.0,0.0,100000.0,,,,,,,
101976912,1769.0,4211.0,0.0,0.0,0.0,100000.0,0.0,0.0,100000.0,,,,,,,
101978613,1769.0,4211.0,0.0,0.0,0.0,200000.0,0.0,0.0,200000.0,,,,,,,
101984194,1778.0,4250.0,0.0,0.0,0.0,500000.0,0.0,0.0,500000.0,,,,,,,
101984898,1778.0,4250.0,0.0,0.0,0.0,100000.0,0.0,0.0,100000.0,,,,,,,
101986558,1778.0,4250.0,0.0,0.0,0.0,100000.0,0.0,0.0,100000.0,,,,,,,
101987227,1778.0,4250.0,0.0,0.0,0.0,100000.0,0.0,0.0,100000.0,,,,,,,
101991246,1778.0,4250.0,0.0,0.0,0.0,50000.0,0.0,0.0,50000.0,,,,,,,
103931690,1778.0,4250.0,0.0,0.0,0.0,35600.0,0.0,0.0,35600.0,,,,,,,
114680251,,,,,,,,,,,,,,,,
115148911,,,,,,,,,,,,,,,,
115155007,,,,,,,,,,,,,,,,
115163502,,,,,,,,,,,,,,,,
115169576,,,,,,,,,,,,,,,,
115473258,,,,,,,,,,,,,,,,
115478004,,,,,,,,,,,,,,,,
118136892,,,,,,,,,,,,,,,,
118137766,,,,,,,,,,,,,,,,
118173962,,,,,,,,,,,,,,,,
118174725,,,,,,,,,,,,,,,,
118176129,,,,,,,,,,,,,,,,
118180362,,,,,,,,,,,,,,,,
118184500,,,,,,,,,,,,,,,,
118185420,,,,,,,,,,,,,,,,
118190458,,,,,,,,,,,,,,,,
118193350,,,,,,,,,,,,,,,,
118193780,,,,,,,,,,,,,,,,
118194657,,,,,,,,,,,,,,,,
118194978,,,,,,,,,,,,,,,,
118195391,,,,,,,,,,,,,,,,
118195882,,,,,,,,,,,,,,,,
118196309,,,,,,,,,,,,,,,,
118197914,,,,,,,,,,,,,,,,
118198348,,,,,,,,,,,,,,,,
118199472,,,,,,,,,,,,,,,,
118199902,,,,,,,,,,,,,,,,
118200537,,,,,,,,,,,,,,,,
118201109,,,,,,,,,,,,,,,,
118201562,,,,,,,,,,,,,,,,
118202370,,,,,,,,,,,,,,,,
118202810,,,,,,,,,,,,,,,,
118203271,,,,,,,,,,,,,,,,
118203695,,,,,,,,,,,,,,,,
118209220,,,,,,,,,,,,,,,,
118209711,,,,,,,,,,,,,,,,
118210048,,,,,,,,,,,,,,,,
118210505,,,,,,,,,,,,,,,,
118211047,,,,,,,,,,,,,,,,
118211436,,,,,,,,,,,,,,,,
118211978,,,,,,,,,,,,,,,,
118212328,,,,,,,,,,,,,,,,
118212658,,,,,,,,,,,,,,,,
118213030,,,,,,,,,,,,,,,,
118213388,,,,,,,,,,,,,,,,
118213730,,,,,,,,,,,,,,,,
118214028,,,,,,,,,,,,,,,,
118214397,,,,,,,,,,,,,,,,
118227617,,,,,,,,,,,,,,,,
118228055,,,,,,,,,,,,,,,,
118228439,,,,,,,,,,,,,,,,
118228753,,,,,,,,,,,,,,,,
118229270,,,,,,,,,,,,,,,,
118229760,,,,,,,,,,,,,,,,
118230112,,,,,,,,,,,,,,,,
118231189,,,,,,,,,,,,,,,,
118231569,,,,,,,,,,,,,,,,
118231837,,,,,,,,,,,,,,,,
118232165,,,,,,,,,,,,,,,,
118232435,,,,,,,,,,,,,,,,
118232765,,,,,,,,,,,,,,,,
118233080,,,,,,,,,,,,,,,,
118233534,,,,,,,,,,,,,,,,
118233965,,,,,,,,,,,,,,,,
118234288,,,,,,,,,,,,,,,,
118234702,,,,,,,,,,,,,,,,
118235582,,,,,,,,,,,,,,,,
118235842,,,,,,,,,,,,,,,,
118405435,,,,,,,,,,,,,,,,
118405815,,,,,,,,,,,,,,,,
118406153,,,,,,,,,,,,,,,,
118406955,,,,,,,,,,,,,,,,
118407297,,,,,,,,,,,,,,,,
118422595,,,,,,,,,,,,,,,,
118422789,,,,,,,,,,,,,,,,
118422956,,,,,,,,,,,,,,,,
118423375,,,,,,,,,,,,,,,,
118423594,,,,,,,,,,,,,,,,
118423759,,,,,,,,,,,,,,,,
118423917,,,,,,,,,,,,,,,,
118424060,,,,,,,,,,,,,,,,
118424272,,,,,,,,,,,,,,,,
118424453,,,,,,,,,,,,,,,,
118424742,,,,,,,,,,,,,,,,
118424858,,,,,,,,,,,,,,,,
118425040,,,,,,,,,,,,,,,,
118425246,,,,,,,,,,,,,,,,
118425948,,,,,,,,,,,,,,,,
118557848,,,,,,,,,,,,,,,,
118666736,,,,,,,,,,,,,,,,
118668124,,,,,,,,,,,,,,,,
118669187,,,,,,,,,,,,,,,,
118669968,,,,,,,,,,,,,,,,
118670808,,,,,,,,,,,,,,,,
118673416,,,,,,,,,,,,,,,,
118673883,,,,,,,,,,,,,,,,
118674262,,,,,,,,,,,,,,,,
118674984,,,,,,,,,,,,,,,,
118676047,,,,,,,,,,,,,,,,
118676455,,,,,,,,,,,,,,,,
118677446,,,,,,,,,,,,,,,,
118678030,,,,,,,,,,,,,,,,
118678632,,,,,,,,,,,,,,,,
118679372,,,,,,,,,,,,,,,,
118680682,,,,,,,,,,,,,,,,
118681320,,,,,,,,,,,,,,,,
118690850,,,,,,,,,,,,,,,,
118691799,,,,,,,,,,,,,,,,
118699129,,,,,,,,,,,,,,,,
118699527,,,,,,,,,,,,,,,,
118700061,,,,,,,,,,,,,,,,
118700523,,,,,,,,,,,,,,,,
118700996,,,,,,,,,,,,,,,,
119193979,,,,,,,,,,,,,,,,
119194437,,,,,,,,,,,,,,,,
119304621,,,,,,,,,,,,,,,,
119306973,,,,,,,,,,,,,,,,
119307239,,,,,,,,,,,,,,,,
119307559,,,,,,,,,,,,,,,,
119308224,,,,,,,,,,,,,,,,
119308549,,,,,,,,,,,,,,,,
119308895,,,,,,,,,,,,,,,,
119309771,,,,,,,,,,,,,,,,
119310087,,,,,,,,,,,,,,,,
119310576,,,,,,,,,,,,,,,,
119311096,,,,,,,,,,,,,,,,
119311602,,,,,,,,,,,,,,,,
119312106,,,,,,,,,,,,,,,,
119312588,,,,,,,,,,,,,,,,
123914903,38.0,1.0,0.0,0.0,0.0,700000.0,0.0,0.0,700000.0,,,,,,,
123915074,38.0,1.0,0.0,0.0,0.0,700000.0,0.0,0.0,700000.0,,,,,,,
123915275,38.0,1.0,0.0,0.0,0.0,686720.0,0.0,0.0,686720.0,,,,,,,
123915455,38.0,1.0,0.0,0.0,0.0,808189.0,0.0,0.0,808189.0,,,,,,,
123923537,1769.0,4211.0,0.0,0.0,0.0,100000.0,0.0,0.0,100000.0,,,,,,,
123923642,1778.0,4250.0,0.0,0.0,0.0,21600.0,0.0,0.0,21600.0,,,,,,,
123924019,1769.0,4211.0,0.0,0.0,0.0,17777.0,0.0,0.0,17777.0,,,,,,,
123924047,1769.0,4211.0,0.0,0.0,0.0,161783.0,0.0,0.0,161783.0,,,,,,,
123924087,1769.0,4211.0,0.0,0.0,0.0,69915.0,0.0,0.0,69915.0,,,,,,,
123924140,1769.0,4211.0,0.0,0.0,0.0,69788.0,0.0,0.0,69788.0,,,,,,,
123933112,0.0,0.0,0.0,0.0,0.0,23931.0,0.0,0.0,23931.0,,,,,,,
123933436,0.0,0.0,0.0,0.0,0.0,1004.0,0.0,0.0,1004.0,,,,,,,
123933932,0.0,0.0,0.0,0.0,0.0,1194.0,0.0,0.0,1194.0,,,,,,,
123939591,38.0,1.0,0.0,0.0,0.0,90010.0,0.0,0.0,90010.0,,,,,,,
123939871,38.0,1.0,0.0,0.0,0.0,116632.0,0.0,0.0,116632.0,,,,,,,
123940050,38.0,1.0,0.0,0.0,0.0,191430.0,0.0,0.0,191430.0,,,,,,,
123940200,38.0,1.0,0.0,0.0,0.0,260522.0,0.0,0.0,260522.0,,,,,,,
123940404,38.0,1.0,0.0,0.0,0.0,268762.0,0.0,0.0,268762.0,,,,,,,
123940498,38.0,1.0,0.0,0.0,0.0,348630.0,0.0,0.0,348630.0,,,,,,,
123940619,38.0,1.0,0.0,0.0,0.0,349264.0,0.0,0.0,349264.0,,,,,,,
123940809,38.0,1.0,0.0,0.0,0.0,383493.0,0.0,0.0,383493.0,,,,,,,
123941383,38.0,1.0,0.0,0.0,0.0,96348.0,0.0,0.0,96348.0,,,,,,,
123982439,,,,,,,,,,,,,,,,
123982824,,,,,,,,,,,,,,,,
123983102,,,,,,,,,,,,,,,,
123983163,,,,,,,,,,,,,,,,
123983230,,,,,,,,,,,,,,,,
123983243,,,,,,,,,,,,,,,,
123983289,,,,,,,,,,,,,,,,
123983307,,,,,,,,,,,,,,,,
123983339,,,,,,,,,,,,,,,,
124063091,1769.0,4249.0,29369.0,0.0,0.0,0.0,0.0,0.0,29369.0,,,,,,,
124063566,1769.0,4249.0,111986.0,0.0,0.0,0.0,0.0,0.0,111986.0,,,,,,,
124063621,1769.0,4249.0,121338.0,0.0,0.0,0.0,0.0,0.0,121338.0,,,,,,,
124063660,1769.0,4249.0,57576.0,0.0,0.0,0.0,0.0,0.0,57576.0,,,,,,,
124063741,1769.0,4249.0,52437.0,0.0,0.0,0.0,0.0,0.0,52437.0,,,,,,,
124063771,1769.0,4249.0,35577.0,0.0,0.0,0.0,0.0,0.0,35577.0,,,,,,,
124063804,1769.0,4249.0,21260.0,0.0,0.0,0.0,0.0,0.0,21260.0,,,,,,,
124063854,1769.0,4249.0,20000.0,0.0,0.0,0.0,0.0,0.0,20000.0,,,,,,,
124063944,1769.0,4249.0,8740.0,0.0,0.0,0.0,0.0,0.0,8740.0,,,,,,,
124063995,1769.0,4249.0,4495.0,0.0,0.0,0.0,0.0,0.0,4495.0,,,,,,,
124064039,1769.0,4249.0,40350.0,0.0,0.0,0.0,0.0,0.0,40350.0,,,,,,,
124064094,1769.0,4249.0,39113.0,0.0,0.0,0.0,0.0,0.0,39113.0,,,,,,,
124064142,1769.0,4249.0,17510.0,0.0,0.0,0.0,0.0,0.0,17510.0,,,,,,,
124064202,1769.0,4249.0,14465.0,0.0,0.0,0.0,0.0,0.0,14465.0,,,,,,,
124064250,1769.0,4249.0,9649.0,0.0,0.0,0.0,0.0,0.0,9649.0,,,,,,,
124064742,0.0,0.0,0.0,0.0,0.0,3081.0,0.0,0.0,3081.0,,,,,,,
124065071,0.0,0.0,0.0,0.0,0.0,3997.0,0.0,0.0,3997.0,,,,,,,
124066269,,,,,,,,,,,,,,,,
124110771,1769.0,4211.0,0.0,0.0,0.0,17724.0,0.0,0.0,17724.0,,,,,,,
124197813,1778.0,4250.0,0.0,0.0,0.0,24996.0,0.0,0.0,24996.0,,,,,,,
124198045,1778.0,4250.0,0.0,0.0,0.0,173211.0,0.0,0.0,173211.0,,,,,,,
124198106,1778.0,4250.0,0.0,0.0,0.0,82190.0,0.0,0.0,82190.0,,,,,,,
124198188,1778.0,4250.0,0.0,0.0,0.0,74854.0,0.0,0.0,74854.0,,,,,,,
124198272,1778.0,4250.0,0.0,0.0,0.0,74718.0,0.0,0.0,74718.0,,,,,,,
124198526,1769.0,4211.0,0.0,0.0,0.0,38320.0,0.0,0.0,38320.0,,,,,,,
124198778,1769.0,4211.0,0.0,0.0,0.0,19287.0,0.0,0.0,19287.0,,,,,,,
124198853,1769.0,4211.0,0.0,0.0,0.0,18018.0,0.0,0.0,18018.0,,,,,,,
124201918,1778.0,4250.0,0.0,0.0,0.0,20649.0,0.0,0.0,20649.0,,,,,,,
124202685,,,,,,,,,,,,,,,,
124202740,,,,,,,,,,,,,,,,
124202939,,,,,,,,,,,,,,,,
124203018,,,,,,,,,,,,,,,,
124204120,,,,,,,,,,,,,,,,
124204160,,,,,,,,,,,,,,,,
124204200,,,,,,,,,,,,,,,,
124204219,,,,,,,,,,,,,,,,
124204247,,,,,,,,,,,,,,,,
124204307,,,,,,,,,,,,,,,,
124205298,0.0,0.0,0.0,0.0,0.0,9266.0,0.0,0.0,9266.0,,,,,,,
124205749,0.0,0.0,0.0,0.0,0.0,1104.0,0.0,0.0,1104.0,,,,,,,
124205921,0.0,0.0,0.0,0.0,0.0,1000.0,0.0,0.0,1000.0,,,,,,,
124205972,0.0,0.0,0.0,0.0,0.0,1000.0,0.0,0.0,1000.0,,,,,,,
124206009,0.0,0.0,0.0,0.0,0.0,1000.0,0.0,0.0,1000.0,,,,,,,
124206193,0.0,0.0,0.0,0.0,0.0,1397.0,0.0,0.0,1397.0,,,,,,,
124206344,0.0,0.0,0.0,0.0,0.0,1000.0,0.0,0.0,1000.0,,,,,,,
124206481,0.0,0.0,0.0,0.0,0.0,1000.0,0.0,0.0,1000.0,,,,,,,
124210356,0.0,0.0,0.0,0.0,0.0,500.0,0.0,0.0,500.0,,,,,,,
124210379,0.0,0.0,0.0,0.0,0.0,837.0,0.0,0.0,837.0,,,,,,,
124210413,0.0,0.0,0.0,0.0,0.0,1032.0,0.0,0.0,1032.0,,,,,,,
124210641,0.0,0.0,0.0,0.0,0.0,987.0,0.0,0.0,987.0,,,,,,,
124213199,0.0,0.0,0.0,0.0,0.0,1000.0,0.0,0.0,1000.0,,,,,,,
124213236,0.0,0.0,0.0,0.0,0.0,1000.0,0.0,0.0,1000.0,,,,,,,
124213287,0.0,0.0,0.0,0.0,0.0,1000.0,0.0,0.0,1000.0,,,,,,,
124213442,0.0,0.0,0.0,0.0,0.0,1000.0,0.0,0.0,1000.0,,,,,,,
123923256,1778.0,4250.0,0.0,0.0,0.0,47229.0,0.0,0.0,47229.0,,,,,,,
123923680,1778.0,4250.0,0.0,0.0,0.0,55835.0,0.0,0.0,55835.0,,,,,,,
123923707,1778.0,4250.0,0.0,0.0,0.0,41027.0,0.0,0.0,41027.0,,,,,,,
123923892,1769.0,4211.0,0.0,0.0,0.0,150000.0,0.0,0.0,150000.0,,,,,,,
123923992,1769.0,4211.0,0.0,0.0,0.0,150000.0,0.0,0.0,150000.0,,,,,,,
123924066,1769.0,4211.0,0.0,0.0,0.0,76767.0,0.0,0.0,76767.0,,,,,,,
123924180,1769.0,4211.0,0.0,0.0,0.0,52151.0,0.0,0.0,52151.0,,,,,,,
124062668,1769.0,4249.0,313291.0,0.0,0.0,0.0,0.0,0.0,313291.0,,,,,,,
124062726,1769.0,4249.0,121338.0,0.0,0.0,0.0,0.0,0.0,121338.0,,,,,,,
124062766,1769.0,4249.0,57576.0,0.0,0.0,0.0,0.0,0.0,57576.0,,,,,,,
124062800,1769.0,4249.0,52437.0,0.0,0.0,0.0,0.0,0.0,52437.0,,,,,,,
124062840,1769.0,4249.0,52342.0,0.0,0.0,0.0,0.0,0.0,52342.0,,,,,,,
124062881,1769.0,4249.0,40351.0,0.0,0.0,0.0,0.0,0.0,40351.0,,,,,,,
124062946,1769.0,4249.0,39114.0,0.0,0.0,0.0,0.0,0.0,39114.0,,,,,,,
124062980,1769.0,4249.0,17511.0,0.0,0.0,0.0,0.0,0.0,17511.0,,,,,,,
124063012,1769.0,4249.0,14465.0,0.0,0.0,0.0,0.0,0.0,14465.0,,,,,,,
124063051,1769.0,4249.0,13514.0,0.0,0.0,0.0,0.0,0.0,13514.0,,,,,,,
124064394,1769.0,4249.0,201305.0,0.0,0.0,0.0,0.0,0.0,201305.0,,,,,,,
124065208,1778.0,4250.0,0.0,0.0,0.0,400000.0,0.0,0.0,400000.0,,,,,,,
124066398,,,,,,,,,,,,,,,,
124110807,1769.0,4211.0,0.0,0.0,0.0,53800.0,0.0,0.0,53800.0,,,,,,,
124197120,1778.0,4250.0,0.0,0.0,0.0,36001.0,0.0,0.0,36001.0,,,,,,,
124197299,1778.0,4250.0,0.0,0.0,0.0,19290.0,0.0,0.0,19290.0,,,,,,,
124198596,1769.0,4211.0,0.0,0.0,0.0,23347.0,0.0,0.0,23347.0,,,,,,,
38605498,1769.0,4249.0,30000.0,0.0,0.0,0.0,0.0,0.0,30000.0,,,,,,,
38575361,1778.0,4251.0,0.0,0.0,0.0,150000.0,0.0,0.0,150000.0,,,,,,,
38575516,1769.0,4249.0,100000.0,0.0,0.0,0.0,0.0,0.0,100000.0,,,,,,,
38577239,1778.0,4251.0,0.0,0.0,0.0,150000.0,0.0,0.0,150000.0,,,,,,,
38577571,1778.0,4251.0,0.0,0.0,0.0,400000.0,0.0,0.0,400000.0,,,,,,,
38577935,1769.0,4211.0,0.0,0.0,0.0,434936.0,0.0,0.0,434936.0,,,,,,,
38578052,1769.0,4249.0,200000.0,0.0,0.0,0.0,0.0,0.0,200000.0,,,,,,,
38578406,1769.0,4211.0,0.0,0.0,0.0,100000.0,0.0,0.0,100000.0,,,,,,,
38605410,1769.0,4249.0,514468.0,0.0,0.0,0.0,0.0,0.0,514468.0,,,,,,,
38605614,1778.0,4251.0,0.0,0.0,0.0,150000.0,0.0,0.0,150000.0,,,,,,,
38605815,1769.0,4211.0,0.0,0.0,0.0,144000.0,0.0,0.0,144000.0,,,,,,,
38605932,1769.0,4249.0,100000.0,0.0,0.0,0.0,0.0,0.0,100000.0,,,,,,,
38606068,1778.0,4251.0,0.0,0.0,0.0,200000.0,0.0,0.0,200000.0,,,,,,,
44038263,1769.0,4249.0,584468.0,0.0,0.0,0.0,0.0,0.0,584468.0,,,,,,,
44038329,1769.0,4249.0,100000.0,0.0,0.0,0.0,0.0,0.0,100000.0,,,,,,,
44038848,1769.0,4211.0,0.0,0.0,0.0,800000.0,0.0,0.0,800000.0,,,,,,,
44039040,1778.0,4251.0,0.0,0.0,0.0,50000.0,0.0,0.0,50000.0,,,,,,,
38577682,1769.0,4211.0,0.0,0.0,0.0,150000.0,0.0,0.0,150000.0,,,,,,,
38606279,1778.0,4251.0,0.0,0.0,0.0,130000.0,0.0,0.0,130000.0,,,,,,,
44038964,1778.0,4251.0,0.0,0.0,0.0,2440.0,0.0,0.0,2440.0,0.0,0.0,0.0,2440.0,0.0,0.0,
47547147,1769.0,4211.0,0.0,0.0,0.0,200000.0,0.0,0.0,200000.0,,,,,,,
47552456,1769.0,4211.0,0.0,0.0,0.0,200000.0,0.0,0.0,200000.0,,,,,,,
47566969,1769.0,4211.0,0.0,0.0,0.0,150000.0,0.0,0.0,150000.0,,,,,,,
47573551,0.0,0.0,0.0,0.0,0.0,200000.0,0.0,0.0,200000.0,,,,,,,
47576323,0.0,0.0,0.0,0.0,0.0,250000.0,0.0,0.0,250000.0,,,,,,,
47576749,0.0,0.0,0.0,0.0,0.0,200000.0,0.0,0.0,200000.0,,,,,,,
47577986,0.0,0.0,0.0,0.0,0.0,150000.0,0.0,0.0,150000.0,,,,,,,
47578343,0.0,0.0,0.0,0.0,0.0,500000.0,0.0,0.0,500000.0,,,,,,,
47578809,0.0,0.0,0.0,0.0,0.0,300000.0,0.0,0.0,300000.0,,,,,,,
47579625,0.0,0.0,0.0,0.0,0.0,352958.0,0.0,0.0,352958.0,,,,,,,
47543986,1769.0,4249.0,240000.0,0.0,0.0,0.0,0.0,0.0,240000.0,,,,,,,
47544380,1769.0,4249.0,164468.0,0.0,0.0,0.0,0.0,0.0,164468.0,,,,,,,
47544846,1769.0,4249.0,150000.0,0.0,0.0,0.0,0.0,0.0,150000.0,,,,,,,
47545301,1769.0,4249.0,200000.0,0.0,0.0,0.0,0.0,0.0,200000.0,,,,,,,
47545566,1769.0,4249.0,150000.0,0.0,0.0,0.0,0.0,0.0,150000.0,,,,,,,
47546357,1769.0,4249.0,374468.0,0.0,0.0,0.0,0.0,0.0,374468.0,,,,,,,
47546706,1769.0,4249.0,150000.0,0.0,0.0,0.0,0.0,0.0,150000.0,,,,,,,
47547905,1769.0,4211.0,0.0,0.0,0.0,150000.0,0.0,0.0,150000.0,,,,,,,
47548532,1769.0,4211.0,0.0,0.0,0.0,150000.0,0.0,0.0,150000.0,,,,,,,
47549499,1769.0,4211.0,0.0,0.0,0.0,100000.0,0.0,0.0,100000.0,,,,,,,
47565687,1769.0,4211.0,0.0,0.0,0.0,78936.0,0.0,0.0,78936.0,,,,,,,
47566476,1769.0,4211.0,0.0,0.0,0.0,150000.0,0.0,0.0,150000.0,,,,,,,
47568422,1778.0,4250.0,0.0,0.0,0.0,162000.0,0.0,0.0,162000.0,,,,,,,
47568935,1778.0,4250.0,0.0,0.0,0.0,192000.0,0.0,0.0,192000.0,,,,,,,
47569620,1778.0,4250.0,0.0,0.0,0.0,500000.0,0.0,0.0,500000.0,,,,,,,
47570328,1778.0,4250.0,0.0,0.0,0.0,11000.0,0.0,0.0,11000.0,,,,,,,
47570877,1778.0,4250.0,0.0,0.0,0.0,350000.0,0.0,0.0,350000.0,,,,,,,
47571470,1778.0,4250.0,0.0,0.0,0.0,17440.0,0.0,0.0,17440.0,,,,,,,
47633622,1769.0,4211.0,0.0,0.0,0.0,150000.0,0.0,0.0,150000.0,,,,,,,
47543549,1769.0,4249.0,200000.0,0.0,0.0,0.0,0.0,0.0,200000.0,,,,,,,
47547518,1769.0,4211.0,0.0,0.0,0.0,150000.0,0.0,0.0,150000.0,,,,,,,
47548992,1769.0,4211.0,0.0,0.0,0.0,150000.0,0.0,0.0,150000.0,,,,,,,
64899374,1769.0,4249.0,50000.0,0.0,0.0,0.0,0.0,0.0,50000.0,,,,,,,
64899338,1769.0,4249.0,74344.0,0.0,0.0,0.0,0.0,0.0,74344.0,,,,,,,
58712794,0.0,0.0,0.0,0.0,0.0,10000.0,0.0,0.0,10000.0,,,,,,,
64890591,1769.0,4249.0,100000.0,0.0,0.0,0.0,0.0,0.0,100000.0,,,,,,,
64898048,1769.0,4249.0,150344.0,0.0,0.0,0.0,0.0,0.0,150344.0,,,,,,,
64898178,1769.0,4249.0,180000.0,0.0,0.0,0.0,0.0,0.0,180000.0,,,,,,,
64898333,1769.0,4249.0,108000.0,0.0,0.0,0.0,0.0,0.0,108000.0,,,,,,,
64898448,1769.0,4249.0,78000.0,0.0,0.0,0.0,0.0,0.0,78000.0,,,,,,,
64898667,1769.0,4249.0,90000.0,0.0,0.0,0.0,0.0,0.0,90000.0,,,,,,,
64899291,1769.0,4249.0,10000.0,0.0,0.0,0.0,0.0,0.0,10000.0,,,,,,,
64899492,1769.0,4211.0,0.0,0.0,0.0,200000.0,0.0,0.0,200000.0,,,,,,,
64899527,1769.0,4211.0,0.0,0.0,0.0,200000.0,0.0,0.0,200000.0,,,,,,,
64899589,1769.0,4211.0,0.0,0.0,0.0,150000.0,0.0,0.0,150000.0,,,,,,,
64899614,1769.0,4211.0,0.0,0.0,0.0,150000.0,0.0,0.0,150000.0,,,,,,,
64899673,1778.0,4250.0,0.0,0.0,0.0,192000.0,0.0,0.0,192000.0,,,,,,,
64899715,1778.0,4250.0,0.0,0.0,0.0,150000.0,0.0,0.0,150000.0,,,,,,,
64899743,1778.0,4250.0,0.0,0.0,0.0,150000.0,0.0,0.0,150000.0,,,,,,,
64899761,1778.0,4250.0,0.0,0.0,0.0,250000.0,0.0,0.0,250000.0,,,,,,,
64899826,1778.0,4250.0,0.0,0.0,0.0,40440.0,0.0,0.0,40440.0,,,,,,,
64899885,1778.0,4250.0,0.0,0.0,0.0,50000.0,0.0,0.0,50000.0,,,,,,,
64899917,1778.0,4250.0,0.0,0.0,0.0,100000.0,0.0,0.0,100000.0,,,,,,,
65027554,1769.0,4249.0,450000.0,0.0,0.0,0.0,0.0,0.0,450000.0,,,,,,,
64898550,1769.0,4249.0,60000.0,0.0,0.0,0.0,0.0,0.0,60000.0,,,,,,,
64899408,1769.0,4249.0,30000.0,0.0,0.0,0.0,0.0,0.0,30000.0,,,,,,,
64899452,1769.0,4211.0,0.0,0.0,0.0,150000.0,0.0,0.0,150000.0,,,,,,,
64899647,1769.0,4211.0,0.0,0.0,0.0,83792.0,0.0,0.0,83792.0,,,,,,,
64899807,1778.0,4250.0,0.0,0.0,0.0,300000.0,0.0,0.0,300000.0,,,,,,,
65027576,1769.0,4249.0,20000.0,0.0,0.0,0.0,0.0,0.0,20000.0,,,,,,,
69453359,38.0,1.0,0.0,0.0,0.0,100000.0,0.0,0.0,100000.0,,,,,,,
69453541,38.0,1.0,0.0,0.0,0.0,154440.0,0.0,0.0,154440.0,,,,,,,
69453828,38.0,1.0,0.0,0.0,0.0,100000.0,0.0,0.0,100000.0,,,,,,,
69453932,38.0,1.0,0.0,0.0,0.0,70000.0,0.0,0.0,70000.0,,,,,,,
69454054,38.0,1.0,0.0,0.0,0.0,60000.0,0.0,0.0,60000.0,,,,,,,
69454734,38.0,1.0,0.0,0.0,0.0,9800.0,0.0,0.0,9800.0,,,,,,,
69457307,38.0,1.0,0.0,0.0,0.0,200000.0,0.0,0.0,200000.0,,,,,,,
69457509,38.0,1.0,0.0,0.0,0.0,200000.0,0.0,0.0,200000.0,,,,,,,
69504463,,,,,,,,,,,,,,,,
69505017,,,,,,,,,,,,,,,,
69505561,,,,,,,,,,,,,,,,
69506032,,,,,,,,,,,,,,,,
69507203,,,,,,,,,,,,,,,,
69509775,,,,,,,,,,,,,,,,
69510643,,,,,,,,,,,,,,,,
69511457,,,,,,,,,,,,,,,,
69512694,,,,,,,,,,,,,,,,
69514273,,,,,,,,,,,,,,,,
69514762,,,,,,,,,,,,,,,,
69515238,,,,,,,,,,,,,,,,
69515954,,,,,,,,,,,,,,,,
69516422,,,,,,,,,,,,,,,,
69516875,,,,,,,,,,,,,,,,
69518109,,,,,,,,,,,,,,,,
69519414,,,,,,,,,,,,,,,,
69736996,,,,,,,,,,,,,,,,
69737744,,,,,,,,,,,,,,,,
69738113,,,,,,,,,,,,,,,,
69738393,,,,,,,,,,,,,,,,
69738783,,,,,,,,,,,,,,,,
69738963,,,,,,,,,,,,,,,,
69739101,,,,,,,,,,,,,,,,
69741528,,,,,,,,,,,,,,,,
69743650,38.0,1.0,0.0,0.0,0.0,100000.0,0.0,0.0,100000.0,,,,,,,
69744256,,,,,,,,,,,,,,,,
69745762,38.0,1.0,0.0,0.0,0.0,6400.0,0.0,0.0,6400.0,,,,,,,
69778345,,,,,,,,,,,,,,,,
69779108,,,,,,,,,,,,,,,,
69780202,,,,,,,,,,,,,,,,
70079362,,,,,,,,,,,,,,,,
70079560,,,,,,,,,,,,,,,,
70079823,,,,,,,,,,,,,,,,
70080084,,,,,,,,,,,,,,,,
70080318,,,,,,,,,,,,,,,,
70081104,,,,,,,,,,,,,,,,
70081370,,,,,,,,,,,,,,,,
70081622,,,,,,,,,,,,,,,,
70081850,,,,,,,,,,,,,,,,
70082077,,,,,,,,,,,,,,,,
70082274,,,,,,,,,,,,,,,,
70082519,,,,,,,,,,,,,,,,
70082894,,,,,,,,,,,,,,,,
70083103,,,,,,,,,,,,,,,,
70083575,,,,,,,,,,,,,,,,
70083795,,,,,,,,,,,,,,,,
70084067,,,,,,,,,,,,,,,,
70084329,,,,,,,,,,,,,,,,
70084624,,,,,,,,,,,,,,,,
70085663,,,,,,,,,,,,,,,,
70085933,,,,,,,,,,,,,,,,
70086154,,,,,,,,,,,,,,,,
70088454,,,,,,,,,,,,,,,,
70088762,,,,,,,,,,,,,,,,
70088939,,,,,,,,,,,,,,,,
70089102,,,,,,,,,,,,,,,,
70089313,,,,,,,,,,,,,,,,
70089763,,,,,,,,,,,,,,,,
70090865,,,,,,,,,,,,,,,,
70092382,,,,,,,,,,,,,,,,
70092622,,,,,,,,,,,,,,,,
70093189,,,,,,,,,,,,,,,,
70093423,,,,,,,,,,,,,,,,
70093780,,,,,,,,,,,,,,,,
70094027,,,,,,,,,,,,,,,,
70094723,,,,,,,,,,,,,,,,
70095192,,,,,,,,,,,,,,,,
70095474,,,,,,,,,,,,,,,,
70095800,,,,,,,,,,,,,,,,
70169788,,,,,,,,,,,,,,,,
70170648,,,,,,,,,,,,,,,,
70304185,,,,,,,,,,,,,,,,
70342857,,,,,,,,,,,,,,,,
70808014,38.0,1.0,0.0,0.0,0.0,70000.0,0.0,0.0,70000.0,,,,,,,
70816711,1778.0,4250.0,0.0,0.0,0.0,150000.0,0.0,0.0,150000.0,,,,,,,
72793770,,,,,,,,,,,,,,,,
72794062,,,,,,,,,,,,,,,,
72798525,,,,,,,,,,,,,,,,
72798837,,,,,,,,,,,,,,,,
72799663,,,,,,,,,,,,,,,,
72800798,,,,,,,,,,,,,,,,
72801065,,,,,,,,,,,,,,,,
72801861,,,,,,,,,,,,,,,,
72802037,,,,,,,,,,,,,,,,
72803050,,,,,,,,,,,,,,,,
72803969,,,,,,,,,,,,,,,,
72804209,,,,,,,,,,,,,,,,
72804961,,,,,,,,,,,,,,,,
72805277,,,,,,,,,,,,,,,,
72806036,,,,,,,,,,,,,,,,
72806442,,,,,,,,,,,,,,,,
72806727,,,,,,,,,,,,,,,,
72807433,,,,,,,,,,,,,,,,
72807674,,,,,,,,,,,,,,,,
72807940,,,,,,,,,,,,,,,,
72808511,,,,,,,,,,,,,,,,
72808795,,,,,,,,,,,,,,,,
72810531,,,,,,,,,,,,,,,,
72810839,,,,,,,,,,,,,,,,
72811100,,,,,,,,,,,,,,,,
72811547,,,,,,,,,,,,,,,,
72812240,,,,,,,,,,,,,,,,
72812558,,,,,,,,,,,,,,,,
72812856,,,,,,,,,,,,,,,,
72813335,,,,,,,,,,,,,,,,
72813790,,,,,,,,,,,,,,,,
72817577,,,,,,,,,,,,,,,,
72817773,,,,,,,,,,,,,,,,
72817929,,,,,,,,,,,,,,,,
72818688,,,,,,,,,,,,,,,,
72818828,,,,,,,,,,,,,,,,
72818957,,,,,,,,,,,,,,,,
72819107,,,,,,,,,,,,,,,,
72819307,,,,,,,,,,,,,,,,
72819458,38.0,1.0,0.0,0.0,0.0,70000.0,0.0,0.0,70000.0,,,,,,,
72819570,,,,,,,,,,,,,,,,
72819717,,,,,,,,,,,,,,,,
72820573,,,,,,,,,,,,,,,,
72820713,,,,,,,,,,,,,,,,
72821059,,,,,,,,,,,,,,,,
72821170,,,,,,,,,,,,,,,,
72821293,,,,,,,,,,,,,,,,
72821494,,,,,,,,,,,,,,,,
72821631,,,,,,,,,,,,,,,,
72821844,,,,,,,,,,,,,,,,
72821991,,,,,,,,,,,,,,,,
72822150,,,,,,,,,,,,,,,,
72822273,,,,,,,,,,,,,,,,
72822428,,,,,,,,,,,,,,,,
72822551,,,,,,,,,,,,,,,,
72822711,,,,,,,,,,,,,,,,
72823072,,,,,,,,,,,,,,,,
72823279,,,,,,,,,,,,,,,,
72823603,38.0,1.0,0.0,0.0,0.0,1665400.0,0.0,0.0,1665400.0,,,,,,,
72823724,38.0,1.0,0.0,0.0,0.0,30000.0,0.0,0.0,30000.0,,,,,,,
72824228,38.0,1.0,0.0,0.0,0.0,300000.0,0.0,0.0,300000.0,,,,,,,
72824375,38.0,1.0,0.0,0.0,0.0,300000.0,0.0,0.0,300000.0,,,,,,,
72824490,38.0,1.0,0.0,0.0,0.0,160000.0,0.0,0.0,160000.0,,,,,,,
72824634,38.0,1.0,0.0,0.0,0.0,300000.0,0.0,0.0,300000.0,,,,,,,
72824789,38.0,1.0,0.0,0.0,0.0,400000.0,0.0,0.0,400000.0,,,,,,,
72824903,38.0,1.0,0.0,0.0,0.0,7500.0,0.0,0.0,7500.0,,,,,,,
72825091,38.0,1.0,0.0,0.0,0.0,200000.0,0.0,0.0,200000.0,,,,,,,
72825278,38.0,1.0,0.0,0.0,0.0,680000.0,0.0,0.0,680000.0,,,,,,,
72825408,38.0,1.0,0.0,0.0,0.0,680000.0,0.0,0.0,680000.0,,,,,,,
72825538,38.0,1.0,0.0,0.0,0.0,835000.0,0.0,0.0,835000.0,,,,,,,
72825736,38.0,1.0,0.0,0.0,0.0,625000.0,0.0,0.0,625000.0,,,,,,,
72825872,38.0,1.0,0.0,0.0,0.0,835000.0,0.0,0.0,835000.0,,,,,,,
72825995,38.0,1.0,0.0,0.0,0.0,835000.0,0.0,0.0,835000.0,,,,,,,
75114161,38.0,1.0,0.0,0.0,0.0,0.0,167000.0,0.0,167000.0,,,,,,,
75116046,38.0,1.0,0.0,0.0,0.0,0.0,0.0,167000.0,167000.0,,,,,,,
75117207,38.0,1.0,0.0,0.0,0.0,0.0,0.0,167000.0,167000.0,,,,,,,
75117340,38.0,1.0,0.0,0.0,0.0,0.0,0.0,167000.0,167000.0,,,,,,,
75118449,38.0,1.0,0.0,0.0,0.0,0.0,0.0,167000.0,167000.0,,,,,,,
75122527,38.0,1.0,0.0,0.0,0.0,0.0,0.0,167000.0,167000.0,,,,,,,
75122970,38.0,1.0,0.0,0.0,0.0,0.0,0.0,167000.0,167000.0,,,,,,,
75127179,38.0,1.0,0.0,0.0,0.0,0.0,0.0,167000.0,167000.0,,,,,,,
75128479,,,,,,,,,,,,,,,,
75129266,38.0,1.0,0.0,0.0,0.0,0.0,0.0,167000.0,167000.0,,,,,,,
75129618,38.0,1.0,0.0,0.0,0.0,0.0,0.0,167000.0,167000.0,,,,,,,
75130040,38.0,1.0,0.0,0.0,0.0,0.0,0.0,167000.0,167000.0,,,,,,,
75130813,38.0,1.0,0.0,0.0,0.0,0.0,0.0,167000.0,167000.0,,,,,,,
75131232,38.0,1.0,0.0,0.0,0.0,0.0,0.0,167000.0,167000.0,,,,,,,
75131801,38.0,1.0,0.0,0.0,0.0,0.0,0.0,167000.0,167000.0,,,,,,,
75132074,38.0,1.0,0.0,0.0,0.0,0.0,0.0,167000.0,167000.0,,,,,,,
75132754,38.0,1.0,0.0,0.0,0.0,0.0,0.0,167000.0,167000.0,,,,,,,
75253851,38.0,1.0,0.0,0.0,0.0,0.0,167000.0,0.0,167000.0,,,,,,,
75254513,38.0,1.0,0.0,0.0,0.0,0.0,167000.0,0.0,167000.0,,,,,,,
75255756,38.0,1.0,0.0,0.0,0.0,0.0,0.0,167000.0,167000.0,,,,,,,
75257255,38.0,1.0,0.0,0.0,0.0,0.0,167000.0,0.0,167000.0,,,,,,,
75275555,,,,,,,,,,,,,,,,
75294235,,,,,,,,,,,,,,,,
75294410,,,,,,,,,,,,,,,,
75294625,,,,,,,,,,,,,,,,
75312020,,,,,,,,,,,,,,,,
75322416,,,,,,,,,,,,,,,,
75323391,,,,,,,,,,,,,,,,
75325959,,,,,,,,,,,,,,,,
75328306,,,,,,,,,,,,,,,,
75331446,,,,,,,,,,,,,,,,
75349346,,,,,,,,,,,,,,,,
75353346,,,,,,,,,,,,,,,,
75354644,,,,,,,,,,,,,,,,
76461811,,,,,,,,,,,,,,,,
76462441,,,,,,,,,,,,,,,,
76698976,,,,,,,,,,,,,,,,
76703657,,,,,,,,,,,,,,,,
76704083,,,,,,,,,,,,,,,,
76705157,,,,,,,,,,,,,,,,
77286198,,,,,,,,,,,,,,,,
77287053,,,,,,,,,,,,,,,,
77289697,,,,,,,,,,,,,,,,
77292412,,,,,,,,,,,,,,,,
77297559,,,,,,,,,,,,,,,,
77300674,,,,,,,,,,,,,,,,
77301930,,,,,,,,,,,,,,,,
78552977,,,,,,,,,,,,,,,,
78554343,,,,,,,,,,,,,,,,
78559962,,,,,,,,,,,,,,,,
78561042,,,,,,,,,,,,,,,,
78564178,,,,,,,,,,,,,,,,
78569662,,,,,,,,,,,,,,,,
78578696,,,,,,,,,,,,,,,,
78580224,,,,,,,,,,,,,,,,
78601505,1769.0,4249.0,0.0,0.0,3500.0,0.0,0.0,0.0,3500.0,,,,,,,
78604257,1769.0,4249.0,0.0,0.0,3500.0,0.0,0.0,0.0,3500.0,,,,,,,
78609872,1769.0,4249.0,0.0,0.0,3500.0,0.0,0.0,0.0,3500.0,,,,,,,
78613107,1769.0,4249.0,3500.0,0.0,0.0,0.0,0.0,0.0,3500.0,,,,,,,
78615582,1769.0,4249.0,3500.0,0.0,0.0,0.0,0.0,0.0,3500.0,,,,,,,
78617734,1769.0,4249.0,0.0,3500.0,0.0,0.0,0.0,0.0,3500.0,,,,,,,
78620400,1769.0,4249.0,0.0,3500.0,0.0,0.0,0.0,0.0,3500.0,,,,,,,
78641312,1769.0,4249.0,0.0,0.0,3500.0,0.0,0.0,0.0,3500.0,,,,,,,
78641914,1769.0,4249.0,0.0,0.0,3500.0,0.0,0.0,0.0,3500.0,,,,,,,
78643179,1769.0,4249.0,0.0,0.0,3500.0,0.0,0.0,0.0,3500.0,,,,,,,
78644032,1769.0,4249.0,0.0,0.0,3500.0,0.0,0.0,0.0,3500.0,,,,,,,
78645552,1769.0,4249.0,0.0,0.0,3500.0,0.0,0.0,0.0,3500.0,,,,,,,
78646233,1769.0,4249.0,0.0,0.0,3500.0,0.0,0.0,0.0,3500.0,,,,,,,
78647015,1769.0,4249.0,0.0,0.0,3500.0,0.0,0.0,0.0,3500.0,,,,,,,
78648064,1769.0,4249.0,0.0,0.0,3500.0,0.0,0.0,0.0,3500.0,,,,,,,
78875727,1769.0,4249.0,0.0,0.0,3500.0,0.0,0.0,0.0,3500.0,,,,,,,
78876785,1769.0,4249.0,0.0,0.0,3500.0,0.0,0.0,0.0,3500.0,,,,,,,
78878074,1769.0,4249.0,0.0,3500.0,0.0,0.0,0.0,0.0,3500.0,,,,,,,
78879434,1769.0,4249.0,0.0,3500.0,0.0,0.0,0.0,0.0,3500.0,,,,,,,
78880428,1769.0,4249.0,0.0,3500.0,0.0,0.0,0.0,0.0,3500.0,,,,,,,
78881276,1769.0,4249.0,0.0,3500.0,0.0,0.0,0.0,0.0,3500.0,,,,,,,
78882332,1769.0,4249.0,0.0,3500.0,0.0,0.0,0.0,0.0,3500.0,,,,,,,
78884062,1769.0,4249.0,0.0,3500.0,0.0,0.0,0.0,0.0,3500.0,,,,,,,
78884889,1769.0,4249.0,0.0,3500.0,0.0,0.0,0.0,0.0,3500.0,,,,,,,
78886005,1769.0,4249.0,0.0,3500.0,0.0,0.0,0.0,0.0,3500.0,,,,,,,
78917231,,,,,,,,,,,,,,,,
79237654,1769.0,4249.0,20000.0,0.0,0.0,0.0,0.0,0.0,20000.0,,,,,,,
79317537,1769.0,4249.0,0.0,20000.0,0.0,0.0,0.0,0.0,20000.0,,,,,,,
79332065,1769.0,4249.0,0.0,0.0,20000.0,0.0,0.0,0.0,20000.0,,,,,,,
79335950,1769.0,4249.0,20000.0,0.0,0.0,0.0,0.0,0.0,20000.0,,,,,,,
79348922,38.0,1.0,0.0,0.0,0.0,0.0,0.0,750000.0,750000.0,,,,,,,
79353837,38.0,1.0,0.0,0.0,0.0,0.0,0.0,750000.0,750000.0,,,,,,,
79363505,38.0,1.0,0.0,0.0,0.0,220000.0,0.0,0.0,220000.0,,,,,,,
79365864,38.0,1.0,0.0,0.0,0.0,220000.0,0.0,0.0,220000.0,,,,,,,
79369799,,,,,,,,,,,,,,,,
79375285,,,,,,,,,,,,,,,,
79384817,38.0,1.0,0.0,0.0,0.0,958000.0,0.0,0.0,958000.0,,,,,,,
79391636,,,,,,,,,,,,,,,,
79401041,38.0,1.0,0.0,0.0,0.0,860000.0,0.0,0.0,860000.0,,,,,,,
79403471,38.0,1.0,0.0,0.0,0.0,940000.0,0.0,0.0,940000.0,,,,,,,
79405935,38.0,1.0,0.0,0.0,0.0,657000.0,0.0,0.0,657000.0,,,,,,,
79407176,38.0,1.0,0.0,0.0,0.0,650000.0,0.0,0.0,650000.0,,,,,,,
79408265,38.0,1.0,0.0,0.0,0.0,730000.0,0.0,0.0,730000.0,,,,,,,
79409823,38.0,1.0,0.0,0.0,0.0,730000.0,0.0,0.0,730000.0,,,,,,,
79411067,38.0,1.0,0.0,0.0,0.0,680000.0,0.0,0.0,680000.0,,,,,,,
79420353,,,,,,,,,,,,,,,,
79421879,,,,,,,,,,,,,,,,
79426412,,,,,,,,,,,,,,,,
79427941,,,,,,,,,,,,,,,,
79431563,,,,,,,,,,,,,,,,
79432287,,,,,,,,,,,,,,,,
79792100,,,,,,,,,,,,,,,,
79792238,,,,,,,,,,,,,,,,
79792409,,,,,,,,,,,,,,,,
79792586,,,,,,,,,,,,,,,,
79792727,,,,,,,,,,,,,,,,
79792873,,,,,,,,,,,,,,,,
79793034,,,,,,,,,,,,,,,,
79793191,,,,,,,,,,,,,,,,
79793591,38.0,1.0,0.0,0.0,0.0,300000.0,0.0,0.0,300000.0,,,,,,,
79793955,38.0,1.0,0.0,0.0,0.0,300000.0,0.0,0.0,300000.0,,,,,,,
79794307,38.0,1.0,0.0,0.0,0.0,950000.0,0.0,0.0,950000.0,,,,,,,
79794837,38.0,1.0,0.0,0.0,0.0,60000.0,0.0,0.0,60000.0,,,,,,,
79795107,,,,,,,,,,,,,,,,
79795312,,,,,,,,,,,,,,,,
79795624,,,,,,,,,,,,,,,,
79795848,,,,,,,,,,,,,,,,
79796116,,,,,,,,,,,,,,,,
79831082,1769.0,4211.0,0.0,0.0,0.0,2500.0,0.0,0.0,2500.0,,,,,,,
79833847,1769.0,4211.0,0.0,0.0,0.0,70000.0,0.0,0.0,70000.0,,,,,,,
79836192,1769.0,4211.0,0.0,0.0,0.0,6000.0,0.0,0.0,6000.0,,,,,,,
79836680,1769.0,4211.0,0.0,0.0,0.0,10000.0,0.0,0.0,10000.0,,,,,,,
79863800,0.0,0.0,0.0,0.0,0.0,300000.0,0.0,0.0,300000.0,,,,,,,
79864435,0.0,0.0,0.0,0.0,0.0,125000.0,0.0,0.0,125000.0,,,,,,,
79869529,,,,,,,,,,,,,,,,
79933232,,,,,,,,,,,,,,,,
79933968,,,,,,,,,,,,,,,,
79935013,,,,,,,,,,,,,,,,
79935493,,,,,,,,,,,,,,,,
79936334,,,,,,,,,,,,,,,,
79937159,,,,,,,,,,,,,,,,
79938064,,,,,,,,,,,,,,,,
79939743,,,,,,,,,,,,,,,,
79864906,0.0,0.0,0.0,0.0,0.0,75000.0,0.0,0.0,75000.0,,,,,,,
78956825,1769.0,4249.0,20000.0,0.0,0.0,0.0,0.0,0.0,20000.0,,,,,,,
78957945,1769.0,4249.0,20000.0,0.0,0.0,0.0,0.0,0.0,20000.0,,,,,,,
78958964,1769.0,4249.0,20000.0,0.0,0.0,0.0,0.0,0.0,20000.0,,,,,,,
78961615,1769.0,4249.0,20000.0,0.0,0.0,0.0,0.0,0.0,20000.0,,,,,,,
78962638,1769.0,4249.0,20000.0,0.0,0.0,0.0,0.0,0.0,20000.0,,,,,,,
78963874,1769.0,4249.0,20000.0,0.0,0.0,0.0,0.0,0.0,20000.0,,,,,,,
79314928,1769.0,4249.0,0.0,0.0,20000.0,0.0,0.0,0.0,20000.0,,,,,,,
79319035,1769.0,4249.0,0.0,0.0,20000.0,0.0,0.0,0.0,20000.0,,,,,,,
79320151,1769.0,4249.0,20000.0,0.0,0.0,0.0,0.0,0.0,20000.0,,,,,,,
79321585,1769.0,4249.0,20000.0,0.0,0.0,0.0,0.0,0.0,20000.0,,,,,,,
79323719,1769.0,4249.0,20000.0,0.0,0.0,0.0,0.0,0.0,20000.0,,,,,,,
79327179,1769.0,4249.0,20000.0,0.0,0.0,0.0,0.0,0.0,20000.0,,,,,,,
79328574,1769.0,4249.0,20000.0,0.0,0.0,0.0,0.0,0.0,20000.0,,,,,,,
79330926,1769.0,4249.0,20000.0,0.0,0.0,0.0,0.0,0.0,20000.0,,,,,,,
79334582,1769.0,4249.0,20000.0,0.0,0.0,0.0,0.0,0.0,20000.0,,,,,,,
79338794,1769.0,4249.0,20000.0,0.0,0.0,0.0,0.0,0.0,20000.0,,,,,,,
79822322,1778.0,4250.0,0.0,0.0,0.0,280000.0,0.0,0.0,280000.0,,,,,,,
79824965,1778.0,4250.0,0.0,0.0,0.0,190000.0,0.0,0.0,190000.0,,,,,,,
79825301,1778.0,4250.0,0.0,0.0,0.0,100000.0,0.0,0.0,100000.0,,,,,,,
79825780,1778.0,4250.0,0.0,0.0,0.0,228000.0,0.0,0.0,228000.0,,,,,,,
79826137,1778.0,4250.0,0.0,0.0,0.0,204440.0,0.0,0.0,204440.0,,,,,,,
79826422,1778.0,4250.0,0.0,0.0,0.0,80000.0,0.0,0.0,80000.0,,,,,,,
79832034,1769.0,4211.0,0.0,0.0,0.0,200000.0,0.0,0.0,200000.0,,,,,,,
79832340,1769.0,4211.0,0.0,0.0,0.0,150000.0,0.0,0.0,150000.0,,,,,,,
79832838,1769.0,4211.0,0.0,0.0,0.0,50000.0,0.0,0.0,50000.0,,,,,,,
79833430,1769.0,4211.0,0.0,0.0,0.0,70000.0,0.0,0.0,70000.0,,,,,,,
79834387,1769.0,4211.0,0.0,0.0,0.0,80000.0,0.0,0.0,80000.0,,,,,,,
79834918,1769.0,4211.0,0.0,0.0,0.0,146164.0,0.0,0.0,146164.0,,,,,,,
79835325,1769.0,4211.0,0.0,0.0,0.0,150000.0,0.0,0.0,150000.0,,,,,,,
79835712,1769.0,4211.0,0.0,0.0,0.0,10000.0,0.0,0.0,10000.0,,,,,,,
79839920,1769.0,4249.0,150000.0,0.0,0.0,0.0,0.0,0.0,150000.0,,,,,,,
79840373,1769.0,4249.0,88498.0,0.0,0.0,0.0,0.0,0.0,88498.0,,,,,,,
79840869,1769.0,4249.0,90000.0,0.0,0.0,0.0,0.0,0.0,90000.0,,,,,,,
79841312,1769.0,4249.0,90000.0,0.0,0.0,0.0,0.0,0.0,90000.0,,,,,,,
79841769,1769.0,4249.0,90000.0,0.0,0.0,0.0,0.0,0.0,90000.0,,,,,,,
79856546,1769.0,4249.0,100000.0,0.0,0.0,0.0,0.0,0.0,100000.0,,,,,,,
79856905,1769.0,4249.0,100000.0,0.0,0.0,0.0,0.0,0.0,100000.0,,,,,,,
79857618,1769.0,4249.0,58998.0,0.0,0.0,0.0,0.0,0.0,58998.0,,,,,,,
79858258,1769.0,4249.0,162000.0,0.0,0.0,0.0,0.0,0.0,162000.0,,,,,,,
94697793,38.0,1.0,0.0,0.0,0.0,167000.0,0.0,0.0,167000.0,,,,,,,
94698214,38.0,1.0,0.0,0.0,0.0,167000.0,0.0,0.0,167000.0,,,,,,,
99020355,38.0,1.0,0.0,0.0,0.0,0.0,0.0,167000.0,167000.0,,,,,,,
99023401,38.0,1.0,0.0,0.0,0.0,0.0,0.0,167000.0,167000.0,,,,,,,
99024167,38.0,1.0,0.0,0.0,0.0,0.0,0.0,167000.0,167000.0,,,,,,,
99028011,38.0,1.0,0.0,0.0,0.0,0.0,167000.0,0.0,167000.0,,,,,,,
99028856,38.0,1.0,0.0,0.0,0.0,0.0,0.0,167000.0,167000.0,,,,,,,
99029429,38.0,1.0,0.0,0.0,0.0,0.0,0.0,167000.0,167000.0,,,,,,,
99030432,38.0,1.0,0.0,0.0,0.0,0.0,0.0,167000.0,167000.0,,,,,,,
99031941,38.0,1.0,0.0,0.0,0.0,0.0,0.0,167000.0,167000.0,,,,,,,
99038909,38.0,1.0,0.0,0.0,0.0,0.0,0.0,167000.0,167000.0,,,,,,,
99039381,38.0,1.0,0.0,0.0,0.0,0.0,167000.0,0.0,167000.0,,,,,,,
99039764,38.0,1.0,0.0,0.0,0.0,0.0,167000.0,0.0,167000.0,,,,,,,
99040214,38.0,1.0,0.0,0.0,0.0,0.0,167000.0,0.0,167000.0,,,,,,,
99040699,38.0,1.0,0.0,0.0,0.0,0.0,167000.0,0.0,167000.0,,,,,,,
99041114,38.0,1.0,0.0,0.0,0.0,0.0,167000.0,0.0,167000.0,,,,,,,
99041462,38.0,1.0,0.0,0.0,0.0,0.0,167000.0,0.0,167000.0,,,,,,,
99042228,38.0,1.0,0.0,0.0,0.0,0.0,0.0,167000.0,167000.0,,,,,,,
99042505,38.0,1.0,0.0,0.0,0.0,0.0,0.0,167000.0,167000.0,,,,,,,
99043381,38.0,1.0,0.0,0.0,0.0,0.0,0.0,167000.0,167000.0,,,,,,,
99043704,38.0,1.0,0.0,0.0,0.0,0.0,0.0,167000.0,167000.0,,,,,,,
99043945,38.0,1.0,0.0,0.0,0.0,0.0,0.0,167000.0,167000.0,,,,,,,
99044250,38.0,1.0,0.0,0.0,0.0,0.0,0.0,167000.0,167000.0,,,,,,,
99044567,38.0,1.0,0.0,0.0,0.0,0.0,0.0,167000.0,167000.0,,,,,,,
99045162,38.0,1.0,0.0,0.0,0.0,0.0,0.0,167000.0,167000.0,,,,,,,
99045594,38.0,1.0,0.0,0.0,0.0,0.0,0.0,167000.0,167000.0,,,,,,,
99202603,1769.0,4249.0,150000.0,0.0,0.0,0.0,0.0,0.0,150000.0,,,,,,,
99204128,1769.0,4249.0,15000.0,0.0,0.0,0.0,0.0,0.0,15000.0,,,,,,,
99212641,1769.0,4211.0,0.0,0.0,0.0,100000.0,0.0,0.0,100000.0,,,,,,,
99295513,1769.0,4249.0,75000.0,0.0,0.0,0.0,0.0,0.0,75000.0,,,,,,,
99300945,0.0,0.0,0.0,0.0,0.0,250000.0,0.0,0.0,250000.0,,,,,,,
99310244,,,,,,,,,,,,,,,,
99314166,38.0,1.0,0.0,0.0,0.0,0.0,0.0,167000.0,167000.0,,,,,,,
99314599,38.0,1.0,0.0,0.0,0.0,0.0,167000.0,0.0,167000.0,,,,,,,
99314825,38.0,1.0,0.0,0.0,0.0,0.0,167000.0,0.0,167000.0,,,,,,,
99315080,38.0,1.0,0.0,0.0,0.0,0.0,167000.0,0.0,167000.0,,,,,,,
99315350,38.0,1.0,0.0,0.0,0.0,0.0,167000.0,0.0,167000.0,,,,,,,
99315944,38.0,1.0,0.0,0.0,0.0,0.0,167000.0,0.0,167000.0,,,,,,,
99316063,38.0,1.0,0.0,0.0,0.0,0.0,0.0,167000.0,167000.0,,,,,,,
99316198,38.0,1.0,0.0,0.0,0.0,0.0,0.0,167000.0,167000.0,,,,,,,
99316339,38.0,1.0,0.0,0.0,0.0,0.0,0.0,167000.0,167000.0,,,,,,,
99316505,38.0,1.0,0.0,0.0,0.0,0.0,0.0,167000.0,167000.0,,,,,,,
99316636,38.0,1.0,0.0,0.0,0.0,0.0,0.0,167000.0,167000.0,,,,,,,
99316807,38.0,1.0,0.0,0.0,0.0,0.0,167000.0,0.0,167000.0,,,,,,,
99316941,38.0,1.0,0.0,0.0,0.0,0.0,167000.0,0.0,167000.0,,,,,,,
99317082,38.0,1.0,0.0,0.0,0.0,0.0,167000.0,0.0,167000.0,,,,,,,
99317356,38.0,1.0,0.0,0.0,0.0,0.0,167000.0,0.0,167000.0,,,,,,,
99317508,38.0,1.0,0.0,0.0,0.0,0.0,167000.0,0.0,167000.0,,,,,,,
99317626,38.0,1.0,0.0,0.0,0.0,0.0,167000.0,0.0,167000.0,,,,,,,
99317788,38.0,1.0,0.0,0.0,0.0,0.0,0.0,167000.0,167000.0,,,,,,,
99317909,38.0,1.0,0.0,0.0,0.0,0.0,0.0,167000.0,167000.0,,,,,,,
99318103,38.0,1.0,0.0,0.0,0.0,0.0,0.0,167000.0,167000.0,,,,,,,
99318218,38.0,1.0,0.0,0.0,0.0,0.0,167000.0,0.0,167000.0,,,,,,,
99318434,38.0,1.0,0.0,0.0,0.0,0.0,0.0,167000.0,167000.0,,,,,,,
99318541,38.0,1.0,0.0,0.0,0.0,0.0,0.0,167000.0,167000.0,,,,,,,
99318790,38.0,1.0,0.0,0.0,0.0,0.0,0.0,167000.0,167000.0,,,,,,,
99318932,38.0,1.0,0.0,0.0,0.0,0.0,0.0,167000.0,167000.0,,,,,,,
99319033,38.0,1.0,0.0,0.0,0.0,0.0,0.0,167000.0,167000.0,,,,,,,
99319144,38.0,1.0,0.0,0.0,0.0,0.0,0.0,167000.0,167000.0,,,,,,,
99319244,38.0,1.0,0.0,0.0,0.0,0.0,0.0,167000.0,167000.0,,,,,,,
99319343,38.0,1.0,0.0,0.0,0.0,0.0,0.0,167000.0,167000.0,,,,,,,
99319455,38.0,1.0,0.0,0.0,0.0,0.0,0.0,167000.0,167000.0,,,,,,,
99319576,38.0,1.0,0.0,0.0,0.0,0.0,0.0,167000.0,167000.0,,,,,,,
99319737,38.0,1.0,0.0,0.0,0.0,0.0,0.0,167000.0,167000.0,,,,,,,
99319859,38.0,1.0,0.0,0.0,0.0,0.0,167000.0,0.0,167000.0,,,,,,,
99320227,38.0,1.0,0.0,0.0,0.0,520000.0,0.0,0.0,520000.0,,,,,,,
99320487,38.0,1.0,0.0,0.0,0.0,750000.0,0.0,0.0,750000.0,,,,,,,
99321043,38.0,1.0,0.0,0.0,0.0,520000.0,0.0,0.0,520000.0,,,,,,,
99327681,,,,,,,,,,,,,,,,
99328087,,,,,,,,,,,,,,,,
99328424,,,,,,,,,,,,,,,,
99328831,,,,,,,,,,,,,,,,
99328945,,,,,,,,,,,,,,,,
99329187,,,,,,,,,,,,,,,,
99329369,,,,,,,,,,,,,,,,
99329615,,,,,,,,,,,,,,,,
99329719,,,,,,,,,,,,,,,,
99329883,,,,,,,,,,,,,,,,
99329984,,,,,,,,,,,,,,,,
99330069,,,,,,,,,,,,,,,,
99330165,,,,,,,,,,,,,,,,
99330303,,,,,,,,,,,,,,,,
99330481,,,,,,,,,,,,,,,,
99330558,,,,,,,,,,,,,,,,
99330663,,,,,,,,,,,,,,,,
99330876,,,,,,,,,,,,,,,,
99331093,,,,,,,,,,,,,,,,
99331230,,,,,,,,,,,,,,,,
99331649,38.0,1.0,0.0,0.0,0.0,450000.0,0.0,0.0,450000.0,,,,,,,
99332280,38.0,1.0,0.0,0.0,0.0,500000.0,0.0,0.0,500000.0,,,,,,,
99332447,38.0,1.0,0.0,0.0,0.0,560000.0,0.0,0.0,560000.0,,,,,,,
99332590,38.0,1.0,0.0,0.0,0.0,550000.0,0.0,0.0,550000.0,,,,,,,
99332688,38.0,1.0,0.0,0.0,0.0,450000.0,0.0,0.0,450000.0,,,,,,,
99332925,38.0,1.0,0.0,0.0,0.0,850000.0,0.0,0.0,850000.0,,,,,,,
99333306,38.0,1.0,0.0,0.0,0.0,550000.0,0.0,0.0,550000.0,,,,,,,
99333534,38.0,1.0,0.0,0.0,0.0,650000.0,0.0,0.0,650000.0,,,,,,,
99333639,38.0,1.0,0.0,0.0,0.0,750000.0,0.0,0.0,750000.0,,,,,,,
99333921,38.0,1.0,0.0,0.0,0.0,750000.0,0.0,0.0,750000.0,,,,,,,
99334040,38.0,1.0,0.0,0.0,0.0,650000.0,0.0,0.0,650000.0,,,,,,,
99334156,38.0,1.0,0.0,0.0,0.0,750000.0,0.0,0.0,750000.0,,,,,,,
99346808,38.0,1.0,0.0,0.0,0.0,850000.0,0.0,0.0,850000.0,,,,,,,
99347071,38.0,1.0,0.0,0.0,0.0,850000.0,0.0,0.0,850000.0,,,,,,,
99347278,38.0,1.0,0.0,0.0,0.0,850000.0,0.0,0.0,850000.0,,,,,,,
99349349,38.0,1.0,0.0,0.0,0.0,0.0,0.0,127000.0,127000.0,,,,,,,
99387379,38.0,1.0,0.0,0.0,0.0,0.0,0.0,127000.0,127000.0,,,,,,,
99387592,38.0,1.0,0.0,0.0,0.0,0.0,0.0,127000.0,127000.0,,,,,,,
99388560,38.0,1.0,0.0,0.0,0.0,0.0,0.0,127000.0,127000.0,,,,,,,
99388987,38.0,1.0,0.0,0.0,0.0,0.0,127000.0,0.0,127000.0,,,,,,,
99393431,38.0,1.0,0.0,0.0,0.0,0.0,127000.0,0.0,127000.0,,,,,,,
99393725,38.0,1.0,0.0,0.0,0.0,0.0,127000.0,0.0,127000.0,,,,,,,
99395055,38.0,1.0,0.0,0.0,0.0,0.0,127000.0,0.0,127000.0,,,,,,,
99395277,38.0,1.0,0.0,0.0,0.0,0.0,127000.0,0.0,127000.0,,,,,,,
99395948,38.0,1.0,0.0,0.0,0.0,0.0,127000.0,0.0,127000.0,,,,,,,
99396327,38.0,1.0,0.0,0.0,0.0,0.0,127000.0,0.0,127000.0,,,,,,,
99396707,38.0,1.0,0.0,0.0,0.0,0.0,127000.0,0.0,127000.0,,,,,,,
99396956,38.0,1.0,0.0,0.0,0.0,0.0,127000.0,0.0,127000.0,,,,,,,
99397387,38.0,1.0,0.0,0.0,0.0,0.0,127000.0,0.0,127000.0,,,,,,,
99397762,38.0,1.0,0.0,0.0,0.0,0.0,127000.0,0.0,127000.0,,,,,,,
99398119,38.0,1.0,0.0,0.0,0.0,0.0,0.0,127000.0,127000.0,,,,,,,
99398282,38.0,1.0,0.0,0.0,0.0,0.0,127000.0,0.0,127000.0,,,,,,,
99398572,38.0,1.0,0.0,0.0,0.0,0.0,0.0,127000.0,127000.0,,,,,,,
99399628,38.0,1.0,0.0,0.0,0.0,0.0,60000.0,0.0,60000.0,,,,,,,
99400299,38.0,1.0,0.0,0.0,0.0,0.0,60000.0,0.0,60000.0,,,,,,,
99400792,38.0,1.0,0.0,0.0,0.0,0.0,60000.0,0.0,60000.0,,,,,,,
99402832,38.0,1.0,0.0,0.0,0.0,0.0,60000.0,0.0,60000.0,,,,,,,
99402966,38.0,1.0,0.0,0.0,0.0,0.0,60000.0,0.0,60000.0,,,,,,,
99403116,38.0,1.0,0.0,0.0,0.0,0.0,60000.0,0.0,60000.0,,,,,,,
99403522,38.0,1.0,0.0,0.0,0.0,0.0,60000.0,0.0,60000.0,,,,,,,
99403817,38.0,1.0,0.0,0.0,0.0,0.0,60000.0,0.0,60000.0,,,,,,,
99404199,38.0,1.0,0.0,0.0,0.0,0.0,60000.0,0.0,60000.0,,,,,,,
99404383,38.0,1.0,0.0,0.0,0.0,0.0,60000.0,0.0,60000.0,,,,,,,
99404522,38.0,1.0,0.0,0.0,0.0,0.0,60000.0,0.0,60000.0,,,,,,,
99404667,38.0,1.0,0.0,0.0,0.0,0.0,60000.0,0.0,60000.0,,,,,,,
99404852,38.0,1.0,0.0,0.0,0.0,0.0,60000.0,0.0,60000.0,,,,,,,
99405009,38.0,1.0,0.0,0.0,0.0,0.0,60000.0,0.0,60000.0,,,,,,,
99405176,38.0,1.0,0.0,0.0,0.0,0.0,60000.0,0.0,60000.0,,,,,,,
99405338,38.0,1.0,0.0,0.0,0.0,0.0,60000.0,0.0,60000.0,,,,,,,
99405492,38.0,1.0,0.0,0.0,0.0,0.0,60000.0,0.0,60000.0,,,,,,,
99405662,38.0,1.0,0.0,0.0,0.0,0.0,60000.0,0.0,60000.0,,,,,,,
99405788,38.0,1.0,0.0,0.0,0.0,0.0,60000.0,0.0,60000.0,,,,,,,
99405929,38.0,1.0,0.0,0.0,0.0,0.0,60000.0,0.0,60000.0,,,,,,,
99406039,38.0,1.0,0.0,0.0,0.0,0.0,60000.0,0.0,60000.0,,,,,,,
99406145,38.0,1.0,0.0,0.0,0.0,0.0,60000.0,0.0,60000.0,,,,,,,
99406286,38.0,1.0,0.0,0.0,0.0,0.0,0.0,60000.0,60000.0,,,,,,,
99406470,38.0,1.0,0.0,0.0,0.0,0.0,0.0,60000.0,60000.0,,,,,,,
99406593,38.0,1.0,0.0,0.0,0.0,0.0,0.0,60000.0,60000.0,,,,,,,
99518562,,,,,,,,,,,,,,,,
99519373,,,,,,,,,,,,,,,,
99519924,,,,,,,,,,,,,,,,
99520739,,,,,,,,,,,,,,,,
99521032,,,,,,,,,,,,,,,,
99521500,,,,,,,,,,,,,,,,
99521701,,,,,,,,,,,,,,,,
99521933,,,,,,,,,,,,,,,,
99522570,,,,,,,,,,,,,,,,
99523106,,,,,,,,,,,,,,,,
99530497,,,,,,,,,,,,,,,,
99530713,,,,,,,,,,,,,,,,
99531004,,,,,,,,,,,,,,,,
99531236,,,,,,,,,,,,,,,,
99531406,,,,,,,,,,,,,,,,
99531648,,,,,,,,,,,,,,,,
99531873,,,,,,,,,,,,,,,,
99532248,,,,,,,,,,,,,,,,
99532461,,,,,,,,,,,,,,,,
99532731,,,,,,,,,,,,,,,,
99533015,,,,,,,,,,,,,,,,
99533161,,,,,,,,,,,,,,,,
99533395,,,,,,,,,,,,,,,,
99534079,,,,,,,,,,,,,,,,
99534230,,,,,,,,,,,,,,,,
99534449,,,,,,,,,,,,,,,,
99534604,,,,,,,,,,,,,,,,
99534763,,,,,,,,,,,,,,,,
99534923,,,,,,,,,,,,,,,,
99535121,,,,,,,,,,,,,,,,
99535336,,,,,,,,,,,,,,,,
99535523,,,,,,,,,,,,,,,,
99535965,,,,,,,,,,,,,,,,
99536168,,,,,,,,,,,,,,,,
99536313,,,,,,,,,,,,,,,,
99536498,,,,,,,,,,,,,,,,
99536643,,,,,,,,,,,,,,,,
99536863,,,,,,,,,,,,,,,,
99537147,,,,,,,,,,,,,,,,
99537573,,,,,,,,,,,,,,,,
99538339,,,,,,,,,,,,,,,,
99538529,,,,,,,,,,,,,,,,
99538724,,,,,,,,,,,,,,,,
99539044,,,,,,,,,,,,,,,,
99539264,,,,,,,,,,,,,,,,
99574387,1769.0,4249.0,15000.0,0.0,0.0,0.0,0.0,0.0,15000.0,,,,,,,
99575813,1769.0,4211.0,0.0,0.0,0.0,50000.0,0.0,0.0,50000.0,,,,,,,
99575985,0.0,0.0,0.0,0.0,0.0,250000.0,0.0,0.0,250000.0,,,,,,,
99576626,,,,,,,,,,,,,,,,
99576717,,,,,,,,,,,,,,,,
99576827,,,,,,,,,,,,,,,,
99576911,,,,,,,,,,,,,,,,
99577020,,,,,,,,,,,,,,,,
99577142,,,,,,,,,,,,,,,,
99577780,1769.0,4249.0,15000.0,0.0,0.0,0.0,0.0,0.0,15000.0,,,,,,,
127461135,0.0,0.0,0.0,0.0,0.0,20000.0,0.0,0.0,20000.0,,,,,,,
99193579,1778.0,4250.0,0.0,0.0,0.0,382250.0,0.0,0.0,382250.0,,,,,,,
99194313,1778.0,4250.0,0.0,0.0,0.0,112000.0,0.0,0.0,112000.0,,,,,,,
99200935,1769.0,4249.0,90000.0,0.0,0.0,0.0,0.0,0.0,90000.0,,,,,,,
99201373,1769.0,4249.0,0.0,90000.0,0.0,0.0,0.0,0.0,90000.0,,,,,,,
99202139,1769.0,4249.0,70000.0,0.0,0.0,0.0,0.0,0.0,70000.0,,,,,,,
99204494,1769.0,4249.0,6000.0,0.0,0.0,0.0,0.0,0.0,6000.0,,,,,,,
99205361,1769.0,4249.0,6000.0,0.0,0.0,0.0,0.0,0.0,6000.0,,,,,,,
99205821,1769.0,4249.0,6000.0,0.0,0.0,0.0,0.0,0.0,6000.0,,,,,,,
99206225,1769.0,4249.0,6000.0,0.0,0.0,0.0,0.0,0.0,6000.0,,,,,,,
99207951,1769.0,4211.0,0.0,0.0,0.0,50000.0,0.0,0.0,50000.0,,,,,,,
99209897,1769.0,4211.0,0.0,0.0,0.0,100000.0,0.0,0.0,100000.0,,,,,,,
99210443,1769.0,4211.0,0.0,0.0,0.0,10000.0,0.0,0.0,10000.0,,,,,,,
99210908,1769.0,4211.0,0.0,0.0,0.0,5000.0,0.0,0.0,5000.0,,,,,,,
99211535,1769.0,4211.0,0.0,0.0,0.0,10000.0,0.0,0.0,10000.0,,,,,,,
99212228,1769.0,4211.0,0.0,0.0,0.0,70000.0,0.0,0.0,70000.0,,,,,,,
99213480,1769.0,4211.0,0.0,0.0,0.0,350000.0,0.0,0.0,350000.0,,,,,,,
99224864,1769.0,4249.0,6000.0,0.0,0.0,0.0,0.0,0.0,6000.0,,,,,,,
99226610,1769.0,4249.0,6000.0,0.0,0.0,0.0,0.0,0.0,6000.0,,,,,,,
99294408,1769.0,4249.0,100000.0,0.0,0.0,0.0,0.0,0.0,100000.0,,,,,,,
99295187,1769.0,4249.0,200000.0,0.0,0.0,0.0,0.0,0.0,200000.0,,,,,,,
99300463,1769.0,4211.0,0.0,0.0,0.0,10000.0,0.0,0.0,10000.0,,,,,,,
99307997,1778.0,4250.0,0.0,0.0,0.0,60000.0,0.0,0.0,60000.0,,,,,,,
99308978,1778.0,4250.0,0.0,0.0,0.0,80000.0,0.0,0.0,80000.0,,,,,,,
99309393,1778.0,4250.0,0.0,0.0,0.0,60000.0,0.0,0.0,60000.0,,,,,,,
99311114,1778.0,4250.0,0.0,0.0,0.0,110000.0,0.0,0.0,110000.0,,,,,,,
99312567,1778.0,4250.0,0.0,0.0,0.0,100000.0,0.0,0.0,100000.0,,,,,,,
99312947,1778.0,4250.0,0.0,0.0,0.0,69750.0,0.0,0.0,69750.0,,,,,,,
99572973,1778.0,4250.0,0.0,0.0,0.0,110000.0,0.0,0.0,110000.0,,,,,,,
99573082,1769.0,4249.0,15000.0,0.0,0.0,0.0,0.0,0.0,15000.0,,,,,,,
99573127,1769.0,4249.0,15000.0,0.0,0.0,0.0,0.0,0.0,15000.0,,,,,,,
99574009,1769.0,4249.0,15000.0,0.0,0.0,0.0,0.0,0.0,15000.0,,,,,,,
99574138,1769.0,4249.0,15000.0,0.0,0.0,0.0,0.0,0.0,15000.0,,,,,,,
99574295,1769.0,4249.0,15000.0,0.0,0.0,0.0,0.0,0.0,15000.0,,,,,,,
99574453,1769.0,4249.0,15000.0,0.0,0.0,0.0,0.0,0.0,15000.0,,,,,,,
99574532,1769.0,4249.0,15000.0,0.0,0.0,0.0,0.0,0.0,15000.0,,,,,,,
99574690,1769.0,4249.0,100000.0,0.0,0.0,0.0,0.0,0.0,100000.0,,,,,,,
99575299,1769.0,4249.0,130675.0,0.0,0.0,0.0,0.0,0.0,130675.0,,,,,,,
99575511,1769.0,4249.0,100000.0,0.0,0.0,0.0,0.0,0.0,100000.0,,,,,,,
99575608,1769.0,4211.0,0.0,0.0,0.0,5000.0,0.0,0.0,5000.0,,,,,,,
99577413,1769.0,4249.0,15000.0,0.0,0.0,0.0,0.0,0.0,15000.0,,,,,,,
99578314,1769.0,4211.0,0.0,0.0,0.0,140900.0,0.0,0.0,140900.0,,,,,,,
127460612,1778.0,4250.0,0.0,0.0,0.0,150000.0,0.0,0.0,150000.0,,,,,,,
127460678,1769.0,4249.0,120000.0,0.0,0.0,0.0,0.0,0.0,120000.0,,,,,,,
99294917,1769.0,4249.0,104675.0,0.0,0.0,0.0,0.0,0.0,104675.0,,,,,,,
99297598,1769.0,4211.0,0.0,0.0,0.0,100000.0,0.0,0.0,100000.0,,,,,,,
99204721,1769.0,4249.0,6000.0,0.0,0.0,0.0,0.0,0.0,6000.0,6000.0,0.0,0.0,0.0,0.0,0.0,
99205053,1769.0,4249.0,6000.0,0.0,0.0,0.0,0.0,0.0,6000.0,6000.0,0.0,0.0,0.0,0.0,0.0,
99206502,1769.0,4249.0,6000.0,0.0,0.0,0.0,0.0,0.0,6000.0,6000.0,0.0,0.0,0.0,0.0,0.0,
99206706,1769.0,4249.0,6000.0,0.0,0.0,0.0,0.0,0.0,6000.0,6000.0,0.0,0.0,0.0,0.0,0.0,
99207128,1769.0,4249.0,6000.0,0.0,0.0,0.0,0.0,0.0,6000.0,6000.0,0.0,0.0,0.0,0.0,0.0,
99224713,1769.0,4249.0,6000.0,0.0,0.0,0.0,0.0,0.0,6000.0,6000.0,0.0,0.0,0.0,0.0,0.0,
99225026,1769.0,4249.0,6000.0,0.0,0.0,0.0,0.0,0.0,6000.0,6000.0,0.0,0.0,0.0,0.0,0.0,
99225200,1769.0,4249.0,6000.0,0.0,0.0,0.0,0.0,0.0,6000.0,6000.0,0.0,0.0,0.0,0.0,0.0,
99225365,1769.0,4249.0,6000.0,0.0,0.0,0.0,0.0,0.0,6000.0,6000.0,0.0,0.0,0.0,0.0,0.0,
99225513,1769.0,4249.0,6000.0,0.0,0.0,0.0,0.0,0.0,6000.0,6000.0,0.0,0.0,0.0,0.0,0.0,
99225875,1769.0,4249.0,6000.0,0.0,0.0,0.0,0.0,0.0,6000.0,6000.0,0.0,0.0,0.0,0.0,0.0,
99226004,1769.0,4249.0,6000.0,0.0,0.0,0.0,0.0,0.0,6000.0,6000.0,0.0,0.0,0.0,0.0,0.0,
99226155,1769.0,4249.0,6000.0,0.0,0.0,0.0,0.0,0.0,6000.0,6000.0,0.0,0.0,0.0,0.0,0.0,
99226304,1769.0,4249.0,6000.0,0.0,0.0,0.0,0.0,0.0,6000.0,6000.0,0.0,0.0,0.0,0.0,0.0,
99226443,1769.0,4249.0,6000.0,0.0,0.0,0.0,0.0,0.0,6000.0,6000.0,0.0,0.0,0.0,0.0,0.0,
99226751,1769.0,4249.0,6000.0,0.0,0.0,0.0,0.0,0.0,6000.0,6000.0,0.0,0.0,0.0,0.0,0.0,
99226866,1769.0,4249.0,6000.0,0.0,0.0,0.0,0.0,0.0,6000.0,6000.0,0.0,0.0,0.0,0.0,0.0,
99227043,1769.0,4249.0,6000.0,0.0,0.0,0.0,0.0,0.0,6000.0,6000.0,0.0,0.0,0.0,0.0,0.0,
99227220,1769.0,4249.0,6000.0,0.0,0.0,0.0,0.0,0.0,6000.0,6000.0,0.0,0.0,0.0,0.0,0.0,
99227375,1769.0,4249.0,6000.0,0.0,0.0,0.0,0.0,0.0,6000.0,6000.0,0.0,0.0,0.0,0.0,0.0,
99311583,1778.0,4250.0,0.0,0.0,0.0,150000.0,0.0,0.0,150000.0,0.0,0.0,0.0,150000.0,0.0,0.0,
109470399,,,,,,,,,,,,,,,,
109473193,,,,,,,,,,,,,,,,
116770835,,,,,,,,,,,,,,,,
116771840,,,,,,,,,,,,,,,,
116772970,,,,,,,,,,,,,,,,
116773742,,,,,,,,,,,,,,,,
116776732,,,,,,,,,,,,,,,,
116777710,,,,,,,,,,,,,,,,
116778742,,,,,,,,,,,,,,,,
116903741,,,,,,,,,,,,,,,,
116904216,,,,,,,,,,,,,,,,
116905366,,,,,,,,,,,,,,,,
116906061,,,,,,,,,,,,,,,,
116907611,,,,,,,,,,,,,,,,
116908854,38.0,1.0,0.0,0.0,0.0,700000.0,0.0,0.0,700000.0,,,,,,,
116909850,38.0,1.0,0.0,0.0,0.0,700000.0,0.0,0.0,700000.0,,,,,,,
116911030,,,,,,,,,,,,,,,,
116912085,,,,,,,,,,,,,,,,
116913003,,,,,,,,,,,,,,,,
116917232,,,,,,,,,,,,,,,,
116917979,,,,,,,,,,,,,,,,
116918718,,,,,,,,,,,,,,,,
116919194,,,,,,,,,,,,,,,,
116919862,,,,,,,,,,,,,,,,
116920351,,,,,,,,,,,,,,,,
116920847,,,,,,,,,,,,,,,,
116921396,,,,,,,,,,,,,,,,
116921905,,,,,,,,,,,,,,,,
124901948,,,,,,,,,,,,,,,,
124902048,,,,,,,,,,,,,,,,
124902128,,,,,,,,,,,,,,,,
124902401,,,,,,,,,,,,,,,,
124902516,,,,,,,,,,,,,,,,
124902611,,,,,,,,,,,,,,,,
124902966,,,,,,,,,,,,,,,,
124903024,,,,,,,,,,,,,,,,
124903085,,,,,,,,,,,,,,,,
124904561,,,,,,,,,,,,,,,,
124904660,,,,,,,,,,,,,,,,
124904729,,,,,,,,,,,,,,,,
124904789,,,,,,,,,,,,,,,,
124904829,,,,,,,,,,,,,,,,
124904890,,,,,,,,,,,,,,,,
124904959,,,,,,,,,,,,,,,,
124905012,,,,,,,,,,,,,,,,
124905097,,,,,,,,,,,,,,,,
124905135,,,,,,,,,,,,,,,,
124905222,,,,,,,,,,,,,,,,
124905275,,,,,,,,,,,,,,,,
124905313,,,,,,,,,,,,,,,,
124905351,,,,,,,,,,,,,,,,
124905401,,,,,,,,,,,,,,,,
124905448,,,,,,,,,,,,,,,,
124905541,,,,,,,,,,,,,,,,
124905598,,,,,,,,,,,,,,,,
124905935,,,,,,,,,,,,,,,,
124906363,,,,,,,,,,,,,,,,
124906448,,,,,,,,,,,,,,,,
124906595,,,,,,,,,,,,,,,,
124906726,,,,,,,,,,,,,,,,
124906988,,,,,,,,,,,,,,,,
124907072,,,,,,,,,,,,,,,,
124907122,,,,,,,,,,,,,,,,
124914429,,,,,,,,,,,,,,,,
124914829,,,,,,,,,,,,,,,,
124914903,,,,,,,,,,,,,,,,
124937292,,,,,,,,,,,,,,,,
124937817,,,,,,,,,,,,,,,,
124937997,,,,,,,,,,,,,,,,
124938211,,,,,,,,,,,,,,,,
124938425,,,,,,,,,,,,,,,,
124938721,,,,,,,,,,,,,,,,
124940002,,,,,,,,,,,,,,,,
124940216,,,,,,,,,,,,,,,,
124940423,,,,,,,,,,,,,,,,
124940919,,,,,,,,,,,,,,,,
124941356,,,,,,,,,,,,,,,,
124941771,,,,,,,,,,,,,,,,
124942034,,,,,,,,,,,,,,,,
124942362,,,,,,,,,,,,,,,,
124942544,,,,,,,,,,,,,,,,
124943164,,,,,,,,,,,,,,,,
124943788,,,,,,,,,,,,,,,,
124944138,,,,,,,,,,,,,,,,
124944604,,,,,,,,,,,,,,,,
124945368,,,,,,,,,,,,,,,,
124946959,,,,,,,,,,,,,,,,
124947497,,,,,,,,,,,,,,,,
124947977,,,,,,,,,,,,,,,,
124989313,1769.0,4249.0,90000.0,0.0,0.0,0.0,0.0,0.0,90000.0,,,,,,,
124991282,1769.0,4249.0,43279.0,0.0,0.0,0.0,0.0,0.0,43279.0,,,,,,,
124998532,1769.0,4249.0,36000.0,0.0,0.0,0.0,0.0,0.0,36000.0,,,,,,,
124999629,1769.0,4249.0,90000.0,0.0,0.0,0.0,0.0,0.0,90000.0,,,,,,,
124999866,1769.0,4249.0,90000.0,0.0,0.0,0.0,0.0,0.0,90000.0,,,,,,,
125000670,1769.0,4249.0,36000.0,0.0,0.0,0.0,0.0,0.0,36000.0,,,,,,,
125000947,1769.0,4249.0,120000.0,0.0,0.0,0.0,0.0,0.0,120000.0,,,,,,,
125001145,1769.0,4249.0,120000.0,0.0,0.0,0.0,0.0,0.0,120000.0,,,,,,,
125006768,1769.0,4211.0,0.0,0.0,0.0,116018.0,0.0,0.0,116018.0,,,,,,,
125007556,1778.0,4250.0,0.0,0.0,0.0,10980.0,0.0,0.0,10980.0,,,,,,,
125008330,1778.0,4250.0,0.0,0.0,0.0,100000.0,0.0,0.0,100000.0,,,,,,,
125009027,1778.0,4250.0,0.0,0.0,0.0,6500.0,0.0,0.0,6500.0,,,,,,,
125009318,1778.0,4250.0,0.0,0.0,0.0,6500.0,0.0,0.0,6500.0,,,,,,,
125009494,1778.0,4250.0,0.0,0.0,0.0,6500.0,0.0,0.0,6500.0,,,,,,,
125009794,1778.0,4250.0,0.0,0.0,0.0,100000.0,0.0,0.0,100000.0,,,,,,,
125018407,0.0,0.0,0.0,0.0,0.0,36000.0,0.0,0.0,36000.0,,,,,,,
125018456,0.0,0.0,0.0,0.0,0.0,100000.0,0.0,0.0,100000.0,,,,,,,
125018572,0.0,0.0,0.0,0.0,0.0,36000.0,0.0,0.0,36000.0,,,,,,,
125018704,,,,,,,,,,,,,,,,
125018762,,,,,,,,,,,,,,,,
125018836,,,,,,,,,,,,,,,,
125018870,,,,,,,,,,,,,,,,
125029934,0.0,0.0,0.0,0.0,0.0,44000.0,0.0,0.0,44000.0,,,,,,,
125030237,0.0,0.0,0.0,0.0,0.0,120000.0,0.0,0.0,120000.0,,,,,,,
125124869,,,,,,,,,,,,,,,,
125124899,,,,,,,,,,,,,,,,
125124922,,,,,,,,,,,,,,,,
125125061,,,,,,,,,,,,,,,,
125125108,,,,,,,,,,,,,,,,
125125132,,,,,,,,,,,,,,,,
125125159,,,,,,,,,,,,,,,,
125125170,,,,,,,,,,,,,,,,
125125189,,,,,,,,,,,,,,,,
125125208,,,,,,,,,,,,,,,,
125125223,,,,,,,,,,,,,,,,
125125237,,,,,,,,,,,,,,,,
125125284,,,,,,,,,,,,,,,,
125125350,,,,,,,,,,,,,,,,
125125382,,,,,,,,,,,,,,,,
125131571,1769.0,4249.0,30000.0,0.0,0.0,0.0,0.0,0.0,30000.0,,,,,,,
125132067,,,,,,,,,,,,,,,,
125132123,,,,,,,,,,,,,,,,
125133955,,,,,,,,,,,,,,,,
125134022,,,,,,,,,,,,,,,,
125134070,,,,,,,,,,,,,,,,
125134098,,,,,,,,,,,,,,,,
125134130,,,,,,,,,,,,,,,,
125134166,,,,,,,,,,,,,,,,
125134205,,,,,,,,,,,,,,,,
125134248,,,,,,,,,,,,,,,,
125134288,,,,,,,,,,,,,,,,
125134322,,,,,,,,,,,,,,,,
125134681,,,,,,,,,,,,,,,,
125134719,,,,,,,,,,,,,,,,
125134749,,,,,,,,,,,,,,,,
125134797,,,,,,,,,,,,,,,,
125134836,,,,,,,,,,,,,,,,
125134867,,,,,,,,,,,,,,,,
125007972,1778.0,4250.0,0.0,0.0,0.0,216920.0,0.0,0.0,216920.0,,,,,,,
125006389,1769.0,4211.0,0.0,0.0,0.0,100000.0,0.0,0.0,100000.0,,,,,,,
125009997,1778.0,4250.0,0.0,0.0,0.0,150000.0,0.0,0.0,150000.0,,,,,,,
125011529,1778.0,4250.0,0.0,0.0,0.0,150000.0,0.0,0.0,150000.0,,,,,,,
125025588,1769.0,4211.0,0.0,0.0,0.0,80000.0,0.0,0.0,80000.0,,,,,,,
124986513,1769.0,4249.0,155736.0,0.0,0.0,0.0,0.0,0.0,155736.0,,,,,,,
124988730,1769.0,4249.0,170000.0,0.0,0.0,0.0,0.0,0.0,170000.0,,,,,,,
124989774,1769.0,4249.0,170000.0,0.0,0.0,0.0,0.0,0.0,170000.0,,,,,,,
124990415,1769.0,4249.0,91660.0,0.0,0.0,0.0,0.0,0.0,91660.0,,,,,,,
124999031,1769.0,4249.0,90000.0,0.0,0.0,0.0,0.0,0.0,90000.0,,,,,,,
124999349,1769.0,4249.0,124917.0,0.0,0.0,0.0,0.0,0.0,124917.0,,,,,,,
125004644,1769.0,4211.0,0.0,0.0,0.0,200000.0,0.0,0.0,200000.0,,,,,,,
125004922,1769.0,4211.0,0.0,0.0,0.0,200000.0,0.0,0.0,200000.0,,,,,,,
125005114,1769.0,4211.0,0.0,0.0,0.0,124882.0,0.0,0.0,124882.0,,,,,,,
125005293,1769.0,4211.0,0.0,0.0,0.0,100000.0,0.0,0.0,100000.0,,,,,,,
125007121,1778.0,4250.0,0.0,0.0,0.0,390000.0,0.0,0.0,390000.0,,,,,,,
125008617,1778.0,4250.0,0.0,0.0,0.0,20000.0,0.0,0.0,20000.0,,,,,,,
125011368,1778.0,4250.0,0.0,0.0,0.0,20000.0,0.0,0.0,20000.0,,,,,,,
125018373,1778.0,4250.0,0.0,0.0,0.0,180000.0,0.0,0.0,180000.0,,,,,,,
125018616,0.0,0.0,0.0,0.0,0.0,264000.0,0.0,0.0,264000.0,,,,,,,
125022468,1769.0,4249.0,43758.0,0.0,0.0,0.0,0.0,0.0,43758.0,,,,,,,
125025447,1769.0,4211.0,0.0,0.0,0.0,80000.0,0.0,0.0,80000.0,,,,,,,
44495761,1769.0,4249.0,200000.0,0.0,0.0,0.0,0.0,0.0,200000.0,,,,,,,
44495840,1769.0,4211.0,0.0,0.0,0.0,20000.0,0.0,0.0,20000.0,,,,,,,
44495856,1769.0,4211.0,0.0,0.0,0.0,12000.0,0.0,0.0,12000.0,,,,,,,
44495896,1769.0,4211.0,0.0,0.0,0.0,0.0,0.0,200000.0,200000.0,,,,,,,
44495913,1769.0,4211.0,0.0,0.0,0.0,10000.0,0.0,0.0,10000.0,,,,,,,
44495927,1769.0,4211.0,0.0,0.0,0.0,18000.0,0.0,0.0,18000.0,,,,,,,
44495948,1769.0,4211.0,0.0,0.0,0.0,20000.0,0.0,0.0,20000.0,,,,,,,
44495983,1769.0,4211.0,0.0,0.0,0.0,50000.0,0.0,0.0,50000.0,,,,,,,
44495996,1769.0,4211.0,0.0,0.0,0.0,150000.0,0.0,0.0,150000.0,,,,,,,
44496064,1769.0,4211.0,0.0,0.0,0.0,95000.0,0.0,0.0,95000.0,,,,,,,
44496089,1778.0,4250.0,0.0,0.0,0.0,200000.0,0.0,0.0,200000.0,,,,,,,
44496102,1778.0,4250.0,0.0,0.0,0.0,200000.0,0.0,0.0,200000.0,,,,,,,
44496142,1778.0,4250.0,0.0,0.0,0.0,150000.0,0.0,0.0,150000.0,,,,,,,
44496439,1769.0,4211.0,0.0,0.0,0.0,100986.0,0.0,0.0,100986.0,,,,,,,
62897766,1778.0,4250.0,0.0,0.0,0.0,50000.0,0.0,0.0,50000.0,,,,,,,
44495971,1769.0,4211.0,0.0,0.0,0.0,100000.0,0.0,0.0,100000.0,,,,,,,
44495705,1769.0,4211.0,0.0,0.0,0.0,50000.0,0.0,0.0,50000.0,,,,,,,
44495719,1769.0,4249.0,168000.0,0.0,0.0,0.0,0.0,0.0,168000.0,,,,,,,
44495733,1769.0,4249.0,330000.0,0.0,0.0,0.0,0.0,0.0,330000.0,,,,,,,
44495747,1769.0,4249.0,50000.0,0.0,0.0,0.0,0.0,0.0,50000.0,,,,,,,
44495785,1769.0,4249.0,150000.0,0.0,0.0,0.0,0.0,0.0,150000.0,,,,,,,
44495808,1769.0,4249.0,80343.0,0.0,0.0,0.0,0.0,0.0,80343.0,,,,,,,
44495826,1769.0,4249.0,367300.0,0.0,0.0,0.0,0.0,0.0,367300.0,,,,,,,
44495864,1769.0,4211.0,0.0,0.0,0.0,20000.0,0.0,0.0,20000.0,,,,,,,
44495881,1769.0,4211.0,0.0,0.0,0.0,100000.0,0.0,0.0,100000.0,,,,,,,
44496026,1769.0,4211.0,0.0,0.0,0.0,150000.0,0.0,0.0,150000.0,,,,,,,
44496045,1769.0,4211.0,0.0,0.0,0.0,250000.0,0.0,0.0,250000.0,,,,,,,
44496130,1778.0,4250.0,0.0,0.0,0.0,100000.0,0.0,0.0,100000.0,,,,,,,
62896806,1778.0,4250.0,0.0,0.0,0.0,200000.0,0.0,0.0,200000.0,,,,,,,
62897709,1778.0,4250.0,0.0,0.0,0.0,100000.0,0.0,0.0,100000.0,,,,,,,
44496118,1778.0,4250.0,0.0,0.0,0.0,150000.0,0.0,0.0,150000.0,0.0,0.0,0.0,150000.0,0.0,0.0,
44496160,1778.0,4250.0,0.0,0.0,0.0,100000.0,0.0,0.0,100000.0,0.0,0.0,0.0,100000.0,0.0,0.0,
44496172,1778.0,4250.0,0.0,0.0,0.0,100000.0,0.0,0.0,100000.0,0.0,0.0,0.0,100000.0,0.0,0.0,
48867903,1769.0,4249.0,0.0,0.0,100000.0,0.0,0.0,0.0,100000.0,,,,,,,
48868073,1769.0,4249.0,0.0,0.0,92866.0,0.0,0.0,0.0,92866.0,,,,,,,
55237538,1769.0,4211.0,0.0,0.0,0.0,200000.0,0.0,0.0,200000.0,,,,,,,
61657222,0.0,0.0,0.0,0.0,0.0,150000.0,0.0,0.0,150000.0,,,,,,,
61657898,0.0,0.0,0.0,0.0,0.0,139454.0,0.0,0.0,139454.0,,,,,,,
61719599,1778.0,4250.0,0.0,0.0,0.0,25000.0,0.0,0.0,25000.0,,,,,,,
48868464,1769.0,4211.0,0.0,0.0,0.0,0.0,0.0,50000.0,50000.0,,,,,,,
48901366,1769.0,4211.0,0.0,0.0,0.0,0.0,0.0,295643.0,295643.0,,,,,,,
55237872,0.0,0.0,0.0,0.0,0.0,289454.0,0.0,0.0,289454.0,0.0,0.0,0.0,289454.0,0.0,0.0,
48866885,1769.0,4249.0,0.0,0.0,500000.0,0.0,0.0,0.0,500000.0,,,,,,,
48867032,1769.0,4249.0,0.0,0.0,176866.0,0.0,0.0,0.0,176866.0,,,,,,,
48867383,1769.0,4249.0,0.0,0.0,330000.0,0.0,0.0,0.0,330000.0,,,,,,,
48868605,1769.0,4211.0,0.0,0.0,0.0,0.0,0.0,150000.0,150000.0,0.0,0.0,0.0,0.0,0.0,150000.0,
48868799,1769.0,4211.0,0.0,0.0,0.0,0.0,0.0,150000.0,150000.0,,,,,,,
48869171,1769.0,4211.0,0.0,0.0,0.0,0.0,0.0,200000.0,200000.0,,,,,,,
48869338,1769.0,4211.0,0.0,0.0,0.0,0.0,0.0,100000.0,100000.0,,,,,,,
48869572,1769.0,4211.0,0.0,0.0,0.0,0.0,0.0,200000.0,200000.0,,,,,,,
48869764,1778.0,4250.0,0.0,0.0,0.0,100000.0,0.0,0.0,100000.0,0.0,0.0,0.0,100000.0,0.0,0.0,
48870687,1778.0,4250.0,0.0,0.0,0.0,0.0,0.0,150000.0,150000.0,,,,,,,
48871145,1778.0,4250.0,0.0,0.0,0.0,0.0,0.0,120000.0,120000.0,,,,,,,
55237468,1769.0,4249.0,75000.0,0.0,0.0,0.0,0.0,0.0,75000.0,,,,,,,
55237582,1769.0,4211.0,0.0,0.0,0.0,150000.0,0.0,0.0,150000.0,,,,,,,
55237713,1778.0,4250.0,0.0,0.0,0.0,150000.0,0.0,0.0,150000.0,,,,,,,
55246824,1769.0,4249.0,75000.0,0.0,0.0,0.0,0.0,0.0,75000.0,,,,,,,
61715040,1778.0,4250.0,0.0,0.0,0.0,150000.0,0.0,0.0,150000.0,,,,,,,
61716858,1778.0,4250.0,0.0,0.0,0.0,175000.0,0.0,0.0,175000.0,,,,,,,
64780986,1778.0,4250.0,0.0,0.0,0.0,150000.0,0.0,0.0,150000.0,,,,,,,
64781026,1769.0,4211.0,0.0,0.0,0.0,150000.0,0.0,0.0,150000.0,,,,,,,
64781057,1778.0,4250.0,0.0,0.0,0.0,150000.0,0.0,0.0,150000.0,,,,,,,
48867200,1769.0,4249.0,0.0,0.0,150000.0,0.0,0.0,0.0,150000.0,0.0,0.0,150000.0,0.0,0.0,0.0,
48868271,1769.0,4211.0,0.0,0.0,0.0,0.0,0.0,200000.0,200000.0,0.0,0.0,0.0,0.0,0.0,200000.0,
48869907,1778.0,4250.0,0.0,0.0,0.0,0.0,0.0,50000.0,50000.0,0.0,0.0,0.0,0.0,0.0,50000.0,
48870093,1778.0,4250.0,0.0,0.0,0.0,0.0,0.0,100000.0,100000.0,0.0,0.0,0.0,0.0,0.0,100000.0,
48870302,1778.0,4250.0,0.0,0.0,0.0,0.0,0.0,200000.0,200000.0,0.0,0.0,0.0,0.0,0.0,200000.0,
48870530,1778.0,4250.0,0.0,0.0,0.0,0.0,0.0,100000.0,100000.0,0.0,0.0,0.0,0.0,0.0,100000.0,
48870999,1778.0,4250.0,0.0,0.0,0.0,0.0,0.0,150000.0,150000.0,0.0,0.0,0.0,0.0,0.0,150000.0,
48871599,0.0,0.0,0.0,0.0,0.0,0.0,0.0,589454.0,589454.0,0.0,0.0,0.0,0.0,0.0,589454.0,
48891294,1778.0,4250.0,0.0,0.0,0.0,0.0,0.0,100000.0,100000.0,0.0,0.0,0.0,0.0,0.0,100000.0,
55237620,1778.0,4250.0,0.0,0.0,0.0,100000.0,0.0,0.0,100000.0,0.0,0.0,0.0,100000.0,0.0,0.0,
55237672,1778.0,4250.0,0.0,0.0,0.0,100000.0,0.0,0.0,100000.0,0.0,0.0,0.0,100000.0,0.0,0.0,
55237785,0.0,0.0,0.0,0.0,0.0,200000.0,0.0,0.0,200000.0,0.0,0.0,0.0,200000.0,0.0,0.0,
55237820,0.0,0.0,0.0,0.0,0.0,100000.0,0.0,0.0,100000.0,0.0,0.0,0.0,100000.0,0.0,0.0,
61656978,1778.0,4250.0,0.0,0.0,0.0,100000.0,0.0,0.0,100000.0,0.0,0.0,0.0,100000.0,0.0,0.0,
60851990,1769.0,4211.0,0.0,0.0,0.0,0.0,0.0,50000.0,50000.0,,,,,,,
60854853,1769.0,4249.0,0.0,0.0,300000.0,0.0,0.0,0.0,300000.0,,,,,,,
60880261,0.0,0.0,0.0,0.0,0.0,0.0,0.0,100.0,100.0,,,,,,,
65809786,1769.0,4249.0,18000.0,0.0,0.0,0.0,0.0,0.0,18000.0,,,,,,,
65809821,1769.0,4249.0,147600.0,0.0,0.0,0.0,0.0,0.0,147600.0,,,,,,,
65809918,1769.0,4249.0,127000.0,0.0,0.0,0.0,0.0,0.0,127000.0,,,,,,,
65809939,1769.0,4249.0,30000.0,0.0,0.0,0.0,0.0,0.0,30000.0,,,,,,,
60851379,1769.0,4211.0,0.0,0.0,0.0,0.0,0.0,200000.0,200000.0,0.0,0.0,0.0,0.0,0.0,200000.0,
60851530,1769.0,4211.0,0.0,0.0,0.0,0.0,0.0,100000.0,100000.0,0.0,0.0,0.0,0.0,0.0,100000.0,
60852206,1769.0,4211.0,0.0,0.0,0.0,0.0,0.0,81392.0,81392.0,0.0,0.0,0.0,0.0,0.0,81392.0,
60852406,1778.0,4250.0,0.0,0.0,0.0,0.0,0.0,150000.0,150000.0,0.0,0.0,0.0,0.0,0.0,150000.0,
60852518,1778.0,4250.0,0.0,0.0,0.0,0.0,0.0,300000.0,300000.0,0.0,0.0,0.0,0.0,0.0,300000.0,
60854790,1769.0,4249.0,0.0,0.0,100000.0,0.0,0.0,0.0,100000.0,,,,,,,
60854945,1769.0,4249.0,0.0,0.0,178544.0,0.0,0.0,0.0,178544.0,,,,,,,
65809886,1769.0,4249.0,137000.0,0.0,0.0,0.0,0.0,0.0,137000.0,,,,,,,
65809965,1769.0,4249.0,118944.0,0.0,0.0,0.0,0.0,0.0,118944.0,,,,,,,
60851960,1769.0,4211.0,0.0,0.0,0.0,0.0,0.0,100000.0,100000.0,0.0,0.0,0.0,0.0,0.0,100000.0,
60852032,1769.0,4211.0,0.0,0.0,0.0,0.0,0.0,100000.0,100000.0,0.0,0.0,0.0,0.0,0.0,100000.0,
60852082,1769.0,4211.0,0.0,0.0,0.0,0.0,0.0,100000.0,100000.0,0.0,0.0,0.0,0.0,0.0,100000.0,
60852116,1769.0,4211.0,0.0,0.0,0.0,0.0,0.0,40000.0,40000.0,0.0,0.0,0.0,0.0,0.0,40000.0,
60852438,1778.0,4250.0,0.0,0.0,0.0,0.0,0.0,150000.0,150000.0,0.0,0.0,0.0,0.0,0.0,150000.0,
60852476,1778.0,4250.0,0.0,0.0,0.0,0.0,0.0,300000.0,300000.0,0.0,0.0,0.0,0.0,0.0,300000.0,
60852872,1778.0,4250.0,0.0,0.0,0.0,0.0,0.0,100000.0,100000.0,0.0,0.0,0.0,0.0,0.0,100000.0,
60852934,1778.0,4250.0,0.0,0.0,0.0,0.0,0.0,400000.0,400000.0,0.0,0.0,0.0,0.0,0.0,400000.0,
60855172,1769.0,4249.0,0.0,0.0,150000.0,0.0,0.0,0.0,150000.0,0.0,0.0,150000.0,0.0,0.0,0.0,
60879885,1769.0,4249.0,0.0,0.0,100000.0,0.0,0.0,0.0,100000.0,0.0,0.0,100000.0,0.0,0.0,0.0,
60879946,1769.0,4249.0,0.0,0.0,100000.0,0.0,0.0,0.0,100000.0,0.0,0.0,100000.0,0.0,0.0,0.0,
60880007,1769.0,4249.0,0.0,0.0,100000.0,0.0,0.0,0.0,100000.0,0.0,0.0,100000.0,0.0,0.0,0.0,
60880062,1769.0,4249.0,0.0,0.0,100000.0,0.0,0.0,0.0,100000.0,0.0,0.0,100000.0,0.0,0.0,0.0,
60880146,1769.0,4249.0,0.0,0.0,28544.0,0.0,0.0,0.0,28544.0,0.0,0.0,28544.0,0.0,0.0,0.0,
82514094,,,,,,,,,,,,,,,,
82516510,,,,,,,,,,,,,,,,
82674667,,,,,,,,,,,,,,,,
82728749,,,,,,,,,,,,,,,,
82730088,,,,,,,,,,,,,,,,
82731570,,,,,,,,,,,,,,,,
82732308,,,,,,,,,,,,,,,,
82735793,,,,,,,,,,,,,,,,
82736049,,,,,,,,,,,,,,,,
82737248,,,,,,,,,,,,,,,,
82738477,,,,,,,,,,,,,,,,
82740203,,,,,,,,,,,,,,,,
82740764,,,,,,,,,,,,,,,,
82741473,,,,,,,,,,,,,,,,
82742935,,,,,,,,,,,,,,,,
82745610,,,,,,,,,,,,,,,,
82746253,,,,,,,,,,,,,,,,
82746652,,,,,,,,,,,,,,,,
82749147,,,,,,,,,,,,,,,,
82750065,0.0,0.0,0.0,0.0,0.0,1000.0,0.0,0.0,1000.0,,,,,,,
82751521,0.0,0.0,0.0,0.0,0.0,1000.0,0.0,0.0,1000.0,,,,,,,
82752177,0.0,0.0,0.0,0.0,0.0,1000.0,0.0,0.0,1000.0,,,,,,,
82752787,0.0,0.0,0.0,0.0,0.0,1000.0,0.0,0.0,1000.0,,,,,,,
82753452,0.0,0.0,0.0,0.0,0.0,1000.0,0.0,0.0,1000.0,,,,,,,
82753852,0.0,0.0,0.0,0.0,0.0,1000.0,0.0,0.0,1000.0,,,,,,,
82754559,0.0,0.0,0.0,0.0,0.0,1000.0,0.0,0.0,1000.0,,,,,,,
82755289,0.0,0.0,0.0,0.0,0.0,1000.0,0.0,0.0,1000.0,,,,,,,
82755705,0.0,0.0,0.0,0.0,0.0,1000.0,0.0,0.0,1000.0,,,,,,,
82756210,0.0,0.0,0.0,0.0,0.0,1000.0,0.0,0.0,1000.0,,,,,,,
82756802,0.0,0.0,0.0,0.0,0.0,1000.0,0.0,0.0,1000.0,,,,,,,
82757290,0.0,0.0,0.0,0.0,0.0,1000.0,0.0,0.0,1000.0,,,,,,,
82758022,0.0,0.0,0.0,0.0,0.0,1000.0,0.0,0.0,1000.0,,,,,,,
82759069,0.0,0.0,0.0,0.0,0.0,1000.0,0.0,0.0,1000.0,,,,,,,
82759398,0.0,0.0,0.0,0.0,0.0,1000.0,0.0,0.0,1000.0,,,,,,,
82759743,0.0,0.0,0.0,0.0,0.0,1000.0,0.0,0.0,1000.0,,,,,,,
82760561,0.0,0.0,0.0,0.0,0.0,1000.0,0.0,0.0,1000.0,,,,,,,
82761146,0.0,0.0,0.0,0.0,0.0,1000.0,0.0,0.0,1000.0,,,,,,,
82761536,0.0,0.0,0.0,0.0,0.0,1000.0,0.0,0.0,1000.0,,,,,,,
82762134,0.0,0.0,0.0,0.0,0.0,1000.0,0.0,0.0,1000.0,,,,,,,
82762801,0.0,0.0,0.0,0.0,0.0,1000.0,0.0,0.0,1000.0,,,,,,,
82763457,1769.0,4211.0,0.0,0.0,0.0,1000.0,0.0,0.0,1000.0,,,,,,,
82764124,0.0,0.0,0.0,0.0,0.0,1000.0,0.0,0.0,1000.0,,,,,,,
82764664,0.0,0.0,0.0,0.0,0.0,1000.0,0.0,0.0,1000.0,,,,,,,
82765106,0.0,0.0,0.0,0.0,0.0,1000.0,0.0,0.0,1000.0,,,,,,,
82765586,0.0,0.0,0.0,0.0,0.0,1000.0,0.0,0.0,1000.0,,,,,,,
82766059,0.0,0.0,0.0,0.0,0.0,1000.0,0.0,0.0,1000.0,,,,,,,
82766570,0.0,0.0,0.0,0.0,0.0,1000.0,0.0,0.0,1000.0,,,,,,,
82766977,0.0,0.0,0.0,0.0,0.0,1000.0,0.0,0.0,1000.0,,,,,,,
82767402,0.0,0.0,0.0,0.0,0.0,1000.0,0.0,0.0,1000.0,,,,,,,
82768365,0.0,0.0,0.0,0.0,0.0,1000.0,0.0,0.0,1000.0,,,,,,,
82768843,0.0,0.0,0.0,0.0,0.0,1000.0,0.0,0.0,1000.0,,,,,,,
82769671,,,,,,,,,,,,,,,,
82770042,,,,,,,,,,,,,,,,
82770414,,,,,,,,,,,,,,,,
82770976,,,,,,,,,,,,,,,,
82771493,,,,,,,,,,,,,,,,
82771785,,,,,,,,,,,,,,,,
82772402,,,,,,,,,,,,,,,,
83035120,,,,,,,,,,,,,,,,
83035803,,,,,,,,,,,,,,,,
83036320,,,,,,,,,,,,,,,,
83037010,,,,,,,,,,,,,,,,
83038290,,,,,,,,,,,,,,,,
83040186,,,,,,,,,,,,,,,,
83041466,,,,,,,,,,,,,,,,
83043473,,,,,,,,,,,,,,,,
83047720,,,,,,,,,,,,,,,,
83053789,,,,,,,,,,,,,,,,
83056798,,,,,,,,,,,,,,,,
83059275,,,,,,,,,,,,,,,,
83060176,,,,,,,,,,,,,,,,
83078208,,,,,,,,,,,,,,,,
83078573,,,,,,,,,,,,,,,,
83078836,,,,,,,,,,,,,,,,
83079020,,,,,,,,,,,,,,,,
83080097,,,,,,,,,,,,,,,,
83080385,,,,,,,,,,,,,,,,
83080897,,,,,,,,,,,,,,,,
83081151,,,,,,,,,,,,,,,,
83082534,,,,,,,,,,,,,,,,
83082827,,,,,,,,,,,,,,,,
83083180,,,,,,,,,,,,,,,,
83083669,,,,,,,,,,,,,,,,
83083981,,,,,,,,,,,,,,,,
83109950,1769.0,4211.0,0.0,0.0,0.0,250000.0,0.0,0.0,250000.0,,,,,,,
83113656,,,,,,,,,,,,,,,,
83113931,,,,,,,,,,,,,,,,
83114101,,,,,,,,,,,,,,,,
83114581,,,,,,,,,,,,,,,,
83114773,,,,,,,,,,,,,,,,
83114992,,,,,,,,,,,,,,,,
83115185,,,,,,,,,,,,,,,,
83115460,,,,,,,,,,,,,,,,
83116008,,,,,,,,,,,,,,,,
83117524,,,,,,,,,,,,,,,,
75538351,1778.0,4250.0,0.0,0.0,0.0,100000.0,0.0,0.0,100000.0,,,,,,,
82767837,0.0,0.0,0.0,0.0,0.0,1000.0,0.0,0.0,1000.0,,,,,,,
75536261,1778.0,4250.0,0.0,0.0,0.0,50000.0,0.0,0.0,50000.0,,,,,,,
75536540,1778.0,4250.0,0.0,0.0,0.0,100000.0,0.0,0.0,100000.0,,,,,,,
75537618,1778.0,4250.0,0.0,0.0,0.0,300000.0,0.0,0.0,300000.0,,,,,,,
75537916,1778.0,4250.0,0.0,0.0,0.0,100000.0,0.0,0.0,100000.0,,,,,,,
75538202,1778.0,4250.0,0.0,0.0,0.0,300000.0,0.0,0.0,300000.0,,,,,,,
75538598,1778.0,4250.0,0.0,0.0,0.0,50000.0,0.0,0.0,50000.0,,,,,,,
75538799,1778.0,4250.0,0.0,0.0,0.0,61911.0,0.0,0.0,61911.0,,,,,,,
75540169,1778.0,4250.0,0.0,0.0,0.0,80000.0,0.0,0.0,80000.0,,,,,,,
83103434,1769.0,4249.0,25000.0,0.0,0.0,0.0,0.0,0.0,25000.0,,,,,,,
83104446,1769.0,4249.0,34335.0,0.0,0.0,0.0,0.0,0.0,34335.0,,,,,,,
83105246,1769.0,4249.0,257944.0,0.0,0.0,0.0,0.0,0.0,257944.0,,,,,,,
83105641,1769.0,4249.0,100000.0,0.0,0.0,0.0,0.0,0.0,100000.0,,,,,,,
83106060,1769.0,4249.0,168000.0,0.0,0.0,0.0,0.0,0.0,168000.0,,,,,,,
83106698,1769.0,4249.0,20000.0,0.0,0.0,0.0,0.0,0.0,20000.0,,,,,,,
83107171,1769.0,4249.0,348223.0,0.0,0.0,0.0,0.0,0.0,348223.0,,,,,,,
83107789,1769.0,4249.0,217056.0,0.0,0.0,0.0,0.0,0.0,217056.0,,,,,,,
83110240,1769.0,4211.0,0.0,0.0,0.0,250000.0,0.0,0.0,250000.0,,,,,,,
83110585,1769.0,4211.0,0.0,0.0,0.0,280370.0,0.0,0.0,280370.0,,,,,,,
101216635,,,,,,,,,,,,,,,,
101218336,,,,,,,,,,,,,,,,
101239017,,,,,,,,,,,,,,,,
101239995,,,,,,,,,,,,,,,,
101241990,,,,,,,,,,,,,,,,
101266327,,,,,,,,,,,,,,,,
101266884,,,,,,,,,,,,,,,,
101267602,,,,,,,,,,,,,,,,
101268288,,,,,,,,,,,,,,,,
101269276,,,,,,,,,,,,,,,,
101269909,,,,,,,,,,,,,,,,
101271561,,,,,,,,,,,,,,,,
101272172,,,,,,,,,,,,,,,,
101272873,,,,,,,,,,,,,,,,
101273558,,,,,,,,,,,,,,,,
101274394,,,,,,,,,,,,,,,,
101275085,,,,,,,,,,,,,,,,
101275724,,,,,,,,,,,,,,,,
101276615,,,,,,,,,,,,,,,,
101279944,,,,,,,,,,,,,,,,
101280387,,,,,,,,,,,,,,,,
101281136,,,,,,,,,,,,,,,,
101281536,,,,,,,,,,,,,,,,
101282050,,,,,,,,,,,,,,,,
101282673,,,,,,,,,,,,,,,,
101283736,,,,,,,,,,,,,,,,
101284321,,,,,,,,,,,,,,,,
101306505,,,,,,,,,,,,,,,,
101307301,,,,,,,,,,,,,,,,
101308084,,,,,,,,,,,,,,,,
101321402,,,,,,,,,,,,,,,,
101323014,,,,,,,,,,,,,,,,
101323632,,,,,,,,,,,,,,,,
101324987,,,,,,,,,,,,,,,,
101325830,,,,,,,,,,,,,,,,
101327002,,,,,,,,,,,,,,,,
101327569,,,,,,,,,,,,,,,,
101328404,,,,,,,,,,,,,,,,
101329349,,,,,,,,,,,,,,,,
101330050,,,,,,,,,,,,,,,,
101331168,,,,,,,,,,,,,,,,
101332497,,,,,,,,,,,,,,,,
101333098,,,,,,,,,,,,,,,,
101334283,,,,,,,,,,,,,,,,
101335087,,,,,,,,,,,,,,,,
101335720,,,,,,,,,,,,,,,,
101336179,,,,,,,,,,,,,,,,
101336614,,,,,,,,,,,,,,,,
101336870,,,,,,,,,,,,,,,,
101337805,,,,,,,,,,,,,,,,
101337961,,,,,,,,,,,,,,,,
101338187,,,,,,,,,,,,,,,,
101338366,,,,,,,,,,,,,,,,
101338669,,,,,,,,,,,,,,,,
101338967,,,,,,,,,,,,,,,,
101339405,,,,,,,,,,,,,,,,
101339846,,,,,,,,,,,,,,,,
101340299,,,,,,,,,,,,,,,,
101341844,,,,,,,,,,,,,,,,
101343717,,,,,,,,,,,,,,,,
101344226,,,,,,,,,,,,,,,,
101344950,,,,,,,,,,,,,,,,
101345692,,,,,,,,,,,,,,,,
101346303,,,,,,,,,,,,,,,,
101346943,,,,,,,,,,,,,,,,
101348971,,,,,,,,,,,,,,,,
101349563,,,,,,,,,,,,,,,,
101350443,,,,,,,,,,,,,,,,
101351147,,,,,,,,,,,,,,,,
101351820,,,,,,,,,,,,,,,,
101352521,,,,,,,,,,,,,,,,
101353363,,,,,,,,,,,,,,,,
101353976,,,,,,,,,,,,,,,,
101355407,,,,,,,,,,,,,,,,
101356048,,,,,,,,,,,,,,,,
101356684,,,,,,,,,,,,,,,,
101357349,,,,,,,,,,,,,,,,
101358269,,,,,,,,,,,,,,,,
101358994,,,,,,,,,,,,,,,,
101399282,,,,,,,,,,,,,,,,
101400072,,,,,,,,,,,,,,,,
101401267,,,,,,,,,,,,,,,,
101403296,,,,,,,,,,,,,,,,
101404409,,,,,,,,,,,,,,,,
101405448,,,,,,,,,,,,,,,,
101406096,,,,,,,,,,,,,,,,
101406720,,,,,,,,,,,,,,,,
101407322,,,,,,,,,,,,,,,,
101407997,,,,,,,,,,,,,,,,
101409132,,,,,,,,,,,,,,,,
101417351,,,,,,,,,,,,,,,,
101417902,,,,,,,,,,,,,,,,
101419274,,,,,,,,,,,,,,,,
101419789,,,,,,,,,,,,,,,,
101420375,,,,,,,,,,,,,,,,
101420910,,,,,,,,,,,,,,,,
101421339,,,,,,,,,,,,,,,,
101421998,,,,,,,,,,,,,,,,
101422490,,,,,,,,,,,,,,,,
101423035,,,,,,,,,,,,,,,,
101424277,,,,,,,,,,,,,,,,
101424949,,,,,,,,,,,,,,,,
101425436,,,,,,,,,,,,,,,,
101425963,,,,,,,,,,,,,,,,
101426470,,,,,,,,,,,,,,,,
101427326,,,,,,,,,,,,,,,,
101427876,,,,,,,,,,,,,,,,
101428947,,,,,,,,,,,,,,,,
101429401,,,,,,,,,,,,,,,,
101430083,,,,,,,,,,,,,,,,
101430581,,,,,,,,,,,,,,,,
101447821,1769.0,4211.0,0.0,0.0,0.0,100000.0,0.0,0.0,100000.0,,,,,,,
101464376,1769.0,4249.0,60000.0,0.0,0.0,0.0,0.0,0.0,60000.0,,,,,,,
101466388,1769.0,4249.0,18000.0,0.0,0.0,0.0,0.0,0.0,18000.0,,,,,,,
101766547,1778.0,4250.0,0.0,0.0,0.0,100000.0,0.0,0.0,100000.0,,,,,,,
101826750,,,,,,,,,,,,,,,,
101828652,,,,,,,,,,,,,,,,
101829851,,,,,,,,,,,,,,,,
101831266,0.0,0.0,0.0,0.0,0.0,1000.0,0.0,0.0,1000.0,,,,,,,
101834179,0.0,0.0,0.0,0.0,0.0,1200.0,0.0,0.0,1200.0,,,,,,,
101839331,,,,,,,,,,,,,,,,
101844321,,,,,,,,,,,,,,,,
101845456,,,,,,,,,,,,,,,,
101846236,,,,,,,,,,,,,,,,
101847288,,,,,,,,,,,,,,,,
101850544,0.0,0.0,0.0,0.0,0.0,1000.0,0.0,0.0,1000.0,,,,,,,
101851550,,,,,,,,,,,,,,,,
101853488,0.0,0.0,0.0,0.0,0.0,1000.0,0.0,0.0,1000.0,,,,,,,
101854120,,,,,,,,,,,,,,,,
101855217,,,,,,,,,,,,,,,,
101856022,,,,,,,,,,,,,,,,
101856984,0.0,0.0,0.0,0.0,0.0,1000.0,0.0,0.0,1000.0,,,,,,,
101857875,,,,,,,,,,,,,,,,
101858842,,,,,,,,,,,,,,,,
101860048,,,,,,,,,,,,,,,,
101860881,,,,,,,,,,,,,,,,
101863401,0.0,0.0,0.0,0.0,0.0,1000.0,0.0,0.0,1000.0,,,,,,,
101864012,,,,,,,,,,,,,,,,
101864655,0.0,0.0,0.0,0.0,0.0,1000.0,0.0,0.0,1000.0,,,,,,,
101870423,,,,,,,,,,,,,,,,
101874292,,,,,,,,,,,,,,,,
101879074,,,,,,,,,,,,,,,,
101900890,,,,,,,,,,,,,,,,
101902265,,,,,,,,,,,,,,,,
101903531,,,,,,,,,,,,,,,,
101904458,,,,,,,,,,,,,,,,
101944871,1769.0,4211.0,0.0,0.0,0.0,174068.0,0.0,0.0,174068.0,,,,,,,
101945272,0.0,0.0,0.0,0.0,0.0,1000.0,0.0,0.0,1000.0,,,,,,,
101945381,0.0,0.0,0.0,0.0,0.0,1000.0,0.0,0.0,1000.0,,,,,,,
101945966,0.0,0.0,0.0,0.0,0.0,1000.0,0.0,0.0,1000.0,,,,,,,
101946104,0.0,0.0,0.0,0.0,0.0,1000.0,0.0,0.0,1000.0,,,,,,,
101946223,,,,,,,,,,,,,,,,
101190159,1778.0,4250.0,0.0,0.0,0.0,150000.0,0.0,0.0,150000.0,,,,,,,
101193092,1778.0,4250.0,0.0,0.0,0.0,125000.0,0.0,0.0,125000.0,,,,,,,
101200191,1778.0,4250.0,0.0,0.0,0.0,175000.0,0.0,0.0,175000.0,,,,,,,
101201947,1778.0,4250.0,0.0,0.0,0.0,195000.0,0.0,0.0,195000.0,,,,,,,
101202904,1778.0,4250.0,0.0,0.0,0.0,50000.0,0.0,0.0,50000.0,,,,,,,
101206064,1778.0,4250.0,0.0,0.0,0.0,100000.0,0.0,0.0,100000.0,,,,,,,
101207349,1778.0,4250.0,0.0,0.0,0.0,100000.0,0.0,0.0,100000.0,,,,,,,
101209482,1778.0,4250.0,0.0,0.0,0.0,100000.0,0.0,0.0,100000.0,,,,,,,
101450165,1769.0,4211.0,0.0,0.0,0.0,145000.0,0.0,0.0,145000.0,,,,,,,
101452188,1769.0,4211.0,0.0,0.0,0.0,100000.0,0.0,0.0,100000.0,,,,,,,
101454063,1769.0,4211.0,0.0,0.0,0.0,100000.0,0.0,0.0,100000.0,,,,,,,
101455363,1769.0,4211.0,0.0,0.0,0.0,100000.0,0.0,0.0,100000.0,,,,,,,
101456571,1769.0,4211.0,0.0,0.0,0.0,107756.0,0.0,0.0,107756.0,,,,,,,
101462488,1769.0,4249.0,72000.0,0.0,0.0,0.0,0.0,0.0,72000.0,,,,,,,
101463641,1769.0,4249.0,120000.0,0.0,0.0,0.0,0.0,0.0,120000.0,,,,,,,
101467404,1769.0,4249.0,119000.0,0.0,0.0,0.0,0.0,0.0,119000.0,,,,,,,
101734066,1778.0,4250.0,0.0,0.0,0.0,145000.0,0.0,0.0,145000.0,,,,,,,
101823016,1769.0,4249.0,100657.0,0.0,0.0,0.0,0.0,0.0,100657.0,,,,,,,
101942967,1769.0,4249.0,174567.0,0.0,0.0,0.0,0.0,0.0,174567.0,,,,,,,
101943072,1769.0,4249.0,120000.0,0.0,0.0,0.0,0.0,0.0,120000.0,,,,,,,
101943167,1769.0,4249.0,195000.0,0.0,0.0,0.0,0.0,0.0,195000.0,,,,,,,
101943326,1769.0,4249.0,130551.0,0.0,0.0,0.0,0.0,0.0,130551.0,,,,,,,
101943452,1769.0,4249.0,130461.0,0.0,0.0,0.0,0.0,0.0,130461.0,,,,,,,
121337194,1769.0,4249.0,45000.0,0.0,0.0,0.0,0.0,0.0,45000.0,,,,,,,
121337435,1769.0,4249.0,18000.0,0.0,0.0,0.0,0.0,0.0,18000.0,,,,,,,
121337800,1769.0,4249.0,9000.0,0.0,0.0,0.0,0.0,0.0,9000.0,,,,,,,
121338034,1769.0,4249.0,9000.0,0.0,0.0,0.0,0.0,0.0,9000.0,,,,,,,
121338172,1769.0,4249.0,9000.0,0.0,0.0,0.0,0.0,0.0,9000.0,,,,,,,
121338308,1769.0,4249.0,9000.0,0.0,0.0,0.0,0.0,0.0,9000.0,,,,,,,
121338457,1769.0,4249.0,9000.0,0.0,0.0,0.0,0.0,0.0,9000.0,,,,,,,
121340780,1769.0,4249.0,78000.0,0.0,0.0,0.0,0.0,0.0,78000.0,,,,,,,
121341073,1769.0,4249.0,72000.0,0.0,0.0,0.0,0.0,0.0,72000.0,,,,,,,
121341351,1769.0,4249.0,4709.0,0.0,0.0,0.0,0.0,0.0,4709.0,,,,,,,
121341611,1769.0,4249.0,10000.0,0.0,0.0,0.0,0.0,0.0,10000.0,,,,,,,
121341805,1769.0,4249.0,6000.0,0.0,0.0,0.0,0.0,0.0,6000.0,,,,,,,
121341959,1769.0,4249.0,7000.0,0.0,0.0,0.0,0.0,0.0,7000.0,,,,,,,
121342145,1769.0,4249.0,70000.0,0.0,0.0,0.0,0.0,0.0,70000.0,,,,,,,
121342544,1769.0,4249.0,18000.0,0.0,0.0,0.0,0.0,0.0,18000.0,,,,,,,
122218241,1769.0,4211.0,0.0,0.0,0.0,100000.0,0.0,0.0,100000.0,,,,,,,
122219022,1769.0,4211.0,0.0,0.0,0.0,100000.0,0.0,0.0,100000.0,,,,,,,
122219233,1769.0,4211.0,0.0,0.0,0.0,106278.0,0.0,0.0,106278.0,,,,,,,
122219895,1778.0,4250.0,0.0,0.0,0.0,100000.0,0.0,0.0,100000.0,,,,,,,
122220287,1778.0,4250.0,0.0,0.0,0.0,100000.0,0.0,0.0,100000.0,,,,,,,
122220420,1778.0,4250.0,0.0,0.0,0.0,36000.0,0.0,0.0,36000.0,,,,,,,
122220825,1778.0,4250.0,0.0,0.0,0.0,100000.0,0.0,0.0,100000.0,,,,,,,
122220993,1778.0,4250.0,0.0,0.0,0.0,100000.0,0.0,0.0,100000.0,,,,,,,
122221420,1778.0,4250.0,0.0,0.0,0.0,107600.0,0.0,0.0,107600.0,,,,,,,
124923350,1769.0,4249.0,15409.0,0.0,0.0,0.0,0.0,0.0,15409.0,,,,,,,
124947833,1769.0,4211.0,0.0,0.0,0.0,20546.0,0.0,0.0,20546.0,,,,,,,
124948553,1769.0,4249.0,15409.0,0.0,0.0,0.0,0.0,0.0,15409.0,,,,,,,
124948925,0.0,0.0,0.0,0.0,0.0,100000.0,0.0,0.0,100000.0,,,,,,,
124952203,,,,,,,,,,,,,,,,
124953306,,,,,,,,,,,,,,,,
124953842,,,,,,,,,,,,,,,,
124954327,,,,,,,,,,,,,,,,
124954819,,,,,,,,,,,,,,,,
124957395,,,,,,,,,,,,,,,,
124957425,,,,,,,,,,,,,,,,
124957824,,,,,,,,,,,,,,,,
124957971,,,,,,,,,,,,,,,,
124958047,,,,,,,,,,,,,,,,
124958435,,,,,,,,,,,,,,,,
124958778,,,,,,,,,,,,,,,,
124958854,,,,,,,,,,,,,,,,
124958966,,,,,,,,,,,,,,,,
124959510,,,,,,,,,,,,,,,,
124959645,,,,,,,,,,,,,,,,
124959688,,,,,,,,,,,,,,,,
124959896,,,,,,,,,,,,,,,,
124959925,,,,,,,,,,,,,,,,
124960148,,,,,,,,,,,,,,,,
124960303,,,,,,,,,,,,,,,,
124960696,,,,,,,,,,,,,,,,
124960844,,,,,,,,,,,,,,,,
124960919,,,,,,,,,,,,,,,,
124960996,,,,,,,,,,,,,,,,
124961421,,,,,,,,,,,,,,,,
124961601,,,,,,,,,,,,,,,,
124961823,,,,,,,,,,,,,,,,
124966248,1769.0,4249.0,345000.0,0.0,0.0,0.0,0.0,0.0,345000.0,,,,,,,
124966793,1769.0,4249.0,259709.0,0.0,0.0,0.0,0.0,0.0,259709.0,,,,,,,
124967099,,,,,,,,,,,,,,,,
124967375,,,,,,,,,,,,,,,,
124967444,,,,,,,,,,,,,,,,
124967502,,,,,,,,,,,,,,,,
124967561,,,,,,,,,,,,,,,,
124967636,,,,,,,,,,,,,,,,
124967740,,,,,,,,,,,,,,,,
124967890,,,,,,,,,,,,,,,,
124967963,,,,,,,,,,,,,,,,
124968087,0.0,0.0,0.0,0.0,0.0,20000.0,0.0,0.0,20000.0,,,,,,,
124968174,0.0,0.0,0.0,0.0,0.0,20000.0,0.0,0.0,20000.0,,,,,,,
124968238,0.0,0.0,0.0,0.0,0.0,20000.0,0.0,0.0,20000.0,,,,,,,
124968302,0.0,0.0,0.0,0.0,0.0,20000.0,0.0,0.0,20000.0,,,,,,,
124968393,,,,,,,,,,,,,,,,
124971231,,,,,,,,,,,,,,,,
124975066,,,,,,,,,,,,,,,,
124975255,,,,,,,,,,,,,,,,
124975355,,,,,,,,,,,,,,,,
124975393,,,,,,,,,,,,,,,,
124975418,,,,,,,,,,,,,,,,
124975456,,,,,,,,,,,,,,,,
124975491,,,,,,,,,,,,,,,,
124975503,,,,,,,,,,,,,,,,
124975567,,,,,,,,,,,,,,,,
124975573,,,,,,,,,,,,,,,,
124975650,,,,,,,,,,,,,,,,
121342351,1769.0,4249.0,87000.0,0.0,0.0,0.0,0.0,0.0,87000.0,,,,,,,
122216134,1769.0,4211.0,0.0,0.0,0.0,100000.0,0.0,0.0,100000.0,,,,,,,
122217940,1769.0,4211.0,0.0,0.0,0.0,100000.0,0.0,0.0,100000.0,,,,,,,
122218492,1769.0,4211.0,0.0,0.0,0.0,100000.0,0.0,0.0,100000.0,,,,,,,
122218746,1769.0,4211.0,0.0,0.0,0.0,200000.0,0.0,0.0,200000.0,,,,,,,
122219678,1778.0,4250.0,0.0,0.0,0.0,110000.0,0.0,0.0,110000.0,,,,,,,
122220054,1778.0,4250.0,0.0,0.0,0.0,100000.0,0.0,0.0,100000.0,,,,,,,
122220564,1778.0,4250.0,0.0,0.0,0.0,164000.0,0.0,0.0,164000.0,,,,,,,
122221126,1778.0,4250.0,0.0,0.0,0.0,100000.0,0.0,0.0,100000.0,,,,,,,
124965786,1769.0,4249.0,144000.0,0.0,0.0,0.0,0.0,0.0,144000.0,,,,,,,
44116943,1778.0,4250.0,0.0,0.0,0.0,100000.0,0.0,0.0,100000.0,,,,,,,
44117026,1778.0,4250.0,0.0,0.0,0.0,5000.0,0.0,0.0,5000.0,,,,,,,
44117152,1778.0,4250.0,0.0,0.0,0.0,18000.0,0.0,0.0,18000.0,,,,,,,
44117226,1778.0,4250.0,0.0,0.0,0.0,50000.0,0.0,0.0,50000.0,,,,,,,
44127212,1769.0,4249.0,80000.0,0.0,0.0,0.0,0.0,0.0,80000.0,,,,,,,
44128000,1769.0,4249.0,162350.0,0.0,0.0,0.0,0.0,0.0,162350.0,,,,,,,
44116828,1778.0,4250.0,0.0,0.0,0.0,96000.0,0.0,0.0,96000.0,,,,,,,
44117113,1778.0,4250.0,0.0,0.0,0.0,6000.0,0.0,0.0,6000.0,,,,,,,
44117314,1778.0,4250.0,0.0,0.0,0.0,508844.0,0.0,0.0,508844.0,,,,,,,
44117403,1778.0,4250.0,0.0,0.0,0.0,20000.0,0.0,0.0,20000.0,,,,,,,
44117534,1769.0,4211.0,0.0,0.0,0.0,500000.0,0.0,0.0,500000.0,,,,,,,
44117617,1769.0,4211.0,0.0,0.0,0.0,562350.0,0.0,0.0,562350.0,,,,,,,
44117698,1769.0,4249.0,100000.0,0.0,0.0,0.0,0.0,0.0,100000.0,,,,,,,
44126993,1769.0,4249.0,460000.0,0.0,0.0,0.0,0.0,0.0,460000.0,,,,,,,
44127103,1769.0,4249.0,50000.0,0.0,0.0,0.0,0.0,0.0,50000.0,,,,,,,
44127926,1769.0,4249.0,80000.0,0.0,0.0,0.0,0.0,0.0,80000.0,,,,,,,
44190627,1769.0,4249.0,50000.0,0.0,0.0,0.0,0.0,0.0,50000.0,,,,,,,
44190688,1769.0,4249.0,80000.0,0.0,0.0,0.0,0.0,0.0,80000.0,,,,,,,
47705318,1769.0,4249.0,331175.0,0.0,0.0,0.0,0.0,0.0,331175.0,,,,,,,
47706978,1769.0,4249.0,70000.0,0.0,0.0,0.0,0.0,0.0,70000.0,,,,,,,
47707283,1769.0,4249.0,70000.0,0.0,0.0,0.0,0.0,0.0,70000.0,,,,,,,
47708325,1769.0,4249.0,150000.0,0.0,0.0,0.0,0.0,0.0,150000.0,,,,,,,
47708756,1769.0,4211.0,0.0,0.0,0.0,300000.0,0.0,0.0,300000.0,,,,,,,
47709227,1769.0,4211.0,0.0,0.0,0.0,200000.0,0.0,0.0,200000.0,,,,,,,
47712521,1778.0,4250.0,0.0,0.0,0.0,50000.0,0.0,0.0,50000.0,,,,,,,
47713654,1778.0,4250.0,0.0,0.0,0.0,18000.0,0.0,0.0,18000.0,,,,,,,
47715278,0.0,0.0,0.0,0.0,0.0,168769.0,0.0,0.0,168769.0,,,,,,,
47707727,1769.0,4249.0,171175.0,0.0,0.0,0.0,0.0,0.0,171175.0,,,,,,,
47709755,1769.0,4211.0,0.0,0.0,0.0,300000.0,0.0,0.0,300000.0,,,,,,,
47710418,1769.0,4211.0,0.0,0.0,0.0,262350.0,0.0,0.0,262350.0,,,,,,,
47711876,1778.0,4250.0,0.0,0.0,0.0,96000.0,0.0,0.0,96000.0,,,,,,,
47712667,1778.0,4250.0,0.0,0.0,0.0,6000.0,0.0,0.0,6000.0,,,,,,,
47713210,1778.0,4250.0,0.0,0.0,0.0,6000.0,0.0,0.0,6000.0,,,,,,,
47713430,1778.0,4250.0,0.0,0.0,0.0,35000.0,0.0,0.0,35000.0,,,,,,,
47714600,1778.0,4250.0,0.0,0.0,0.0,350000.0,0.0,0.0,350000.0,,,,,,,
47714942,1778.0,4250.0,0.0,0.0,0.0,242844.0,0.0,0.0,242844.0,,,,,,,
80225623,1769.0,4249.0,80000.0,0.0,0.0,0.0,0.0,0.0,80000.0,,,,,,,
80225769,1769.0,4249.0,120000.0,0.0,0.0,0.0,0.0,0.0,120000.0,,,,,,,
47705622,1769.0,4249.0,120000.0,0.0,0.0,0.0,0.0,0.0,120000.0,120000.0,0.0,0.0,0.0,0.0,0.0,
47706136,1769.0,4249.0,80000.0,0.0,0.0,0.0,0.0,0.0,80000.0,80000.0,0.0,0.0,0.0,0.0,0.0,
47706567,1769.0,4249.0,70000.0,0.0,0.0,0.0,0.0,0.0,70000.0,70000.0,0.0,0.0,0.0,0.0,0.0,
61825103,1769.0,4249.0,20000.0,0.0,0.0,0.0,0.0,0.0,20000.0,,,,,,,
61825447,1769.0,4249.0,140744.0,0.0,0.0,0.0,0.0,0.0,140744.0,,,,,,,
61827680,0.0,0.0,0.0,0.0,0.0,20000.0,0.0,0.0,20000.0,,,,,,,
66562750,1769.0,4249.0,17000.0,0.0,0.0,0.0,0.0,0.0,17000.0,,,,,,,
66562772,1769.0,4249.0,40000.0,0.0,0.0,0.0,0.0,0.0,40000.0,,,,,,,
66562900,1769.0,4249.0,42244.0,0.0,0.0,0.0,0.0,0.0,42244.0,,,,,,,
61824821,1769.0,4249.0,96000.0,0.0,0.0,0.0,0.0,0.0,96000.0,,,,,,,
61825320,1769.0,4249.0,200000.0,0.0,0.0,0.0,0.0,0.0,200000.0,,,,,,,
61826335,1778.0,4250.0,0.0,0.0,0.0,60000.0,0.0,0.0,60000.0,,,,,,,
61826579,1778.0,4250.0,0.0,0.0,0.0,30000.0,0.0,0.0,30000.0,,,,,,,
61826655,1778.0,4250.0,0.0,0.0,0.0,38844.0,0.0,0.0,38844.0,,,,,,,
61826742,1778.0,4250.0,0.0,0.0,0.0,35000.0,0.0,0.0,35000.0,,,,,,,
66562710,1769.0,4249.0,196000.0,0.0,0.0,0.0,0.0,0.0,196000.0,,,,,,,
66562733,1769.0,4249.0,25000.0,0.0,0.0,0.0,0.0,0.0,25000.0,,,,,,,
66562818,1769.0,4249.0,67500.0,0.0,0.0,0.0,0.0,0.0,67500.0,,,,,,,
66562853,1769.0,4249.0,69000.0,0.0,0.0,0.0,0.0,0.0,69000.0,,,,,,,
66562938,1769.0,4211.0,0.0,0.0,0.0,69000.0,0.0,0.0,69000.0,,,,,,,
66562961,1769.0,4211.0,0.0,0.0,0.0,71400.0,0.0,0.0,71400.0,,,,,,,
66563054,1769.0,4211.0,0.0,0.0,0.0,238792.0,0.0,0.0,238792.0,,,,,,,
66563105,1769.0,4211.0,0.0,0.0,0.0,229800.0,0.0,0.0,229800.0,,,,,,,
66937270,1778.0,4250.0,0.0,0.0,0.0,500000.0,0.0,0.0,500000.0,,,,,,,
61825570,1769.0,4249.0,456744.0,0.0,0.0,0.0,0.0,0.0,456744.0,456744.0,0.0,0.0,0.0,0.0,0.0,
61825786,1769.0,4211.0,0.0,0.0,0.0,308992.0,0.0,0.0,308992.0,0.0,0.0,0.0,308992.0,0.0,0.0,
61825919,1769.0,4211.0,0.0,0.0,0.0,300000.0,0.0,0.0,300000.0,0.0,0.0,0.0,300000.0,0.0,0.0,
61826445,1778.0,4250.0,0.0,0.0,0.0,140000.0,0.0,0.0,140000.0,0.0,0.0,0.0,140000.0,0.0,0.0,
61827014,1778.0,4250.0,0.0,0.0,0.0,500000.0,0.0,0.0,500000.0,0.0,0.0,0.0,500000.0,0.0,0.0,
75658965,,,,,,,,,,,,,,,,
75778741,,,,,,,,,,,,,,,,
75782357,,,,,,,,,,,,,,,,
75814640,,,,,,,,,,,,,,,,
76012379,,,,,,,,,,,,,,,,
77557094,1769.0,4249.0,3500.0,0.0,0.0,0.0,0.0,0.0,3500.0,,,,,,,
77557810,1769.0,4249.0,3500.0,0.0,0.0,0.0,0.0,0.0,3500.0,,,,,,,
77558221,1769.0,4249.0,3500.0,0.0,0.0,0.0,0.0,0.0,3500.0,,,,,,,
78017157,1769.0,4249.0,3500.0,0.0,0.0,0.0,0.0,0.0,3500.0,,,,,,,
78020251,1769.0,4249.0,3500.0,0.0,0.0,0.0,0.0,0.0,3500.0,,,,,,,
78022408,1769.0,4249.0,3500.0,0.0,0.0,0.0,0.0,0.0,3500.0,,,,,,,
78024254,1769.0,4249.0,3500.0,0.0,0.0,0.0,0.0,0.0,3500.0,,,,,,,
78025778,1769.0,4249.0,3500.0,0.0,0.0,0.0,0.0,0.0,3500.0,,,,,,,
78027827,1769.0,4249.0,3500.0,0.0,0.0,0.0,0.0,0.0,3500.0,,,,,,,
78030627,1769.0,4249.0,3500.0,0.0,0.0,0.0,0.0,0.0,3500.0,,,,,,,
78032512,1769.0,4249.0,3500.0,0.0,0.0,0.0,0.0,0.0,3500.0,,,,,,,
78034045,1769.0,4249.0,3500.0,0.0,0.0,0.0,0.0,0.0,3500.0,,,,,,,
78041965,1769.0,4249.0,3500.0,0.0,0.0,0.0,0.0,0.0,3500.0,,,,,,,
78043387,1769.0,4249.0,3500.0,0.0,0.0,0.0,0.0,0.0,3500.0,,,,,,,
78044958,1769.0,4249.0,3500.0,0.0,0.0,0.0,0.0,0.0,3500.0,,,,,,,
78046666,1769.0,4249.0,3500.0,0.0,0.0,0.0,0.0,0.0,3500.0,,,,,,,
78048361,1769.0,4249.0,3500.0,0.0,0.0,0.0,0.0,0.0,3500.0,,,,,,,
78049672,1769.0,4249.0,3500.0,0.0,0.0,0.0,0.0,0.0,3500.0,,,,,,,
78051036,1769.0,4249.0,3500.0,0.0,0.0,0.0,0.0,0.0,3500.0,,,,,,,
78058540,1769.0,4249.0,3500.0,0.0,0.0,0.0,0.0,0.0,3500.0,,,,,,,
78060022,1769.0,4249.0,3500.0,0.0,0.0,0.0,0.0,0.0,3500.0,,,,,,,
78068446,1769.0,4249.0,3500.0,0.0,0.0,0.0,0.0,0.0,3500.0,,,,,,,
78069759,1769.0,4249.0,3500.0,0.0,0.0,0.0,0.0,0.0,3500.0,,,,,,,
78071057,1769.0,4249.0,3500.0,0.0,0.0,0.0,0.0,0.0,3500.0,,,,,,,
78072510,1769.0,4249.0,3500.0,0.0,0.0,0.0,0.0,0.0,3500.0,,,,,,,
78075977,1769.0,4249.0,3500.0,0.0,0.0,0.0,0.0,0.0,3500.0,,,,,,,
78077475,1769.0,4249.0,3500.0,0.0,0.0,0.0,0.0,0.0,3500.0,,,,,,,
78084113,1769.0,4249.0,3500.0,0.0,0.0,0.0,0.0,0.0,3500.0,,,,,,,
78086786,1769.0,4249.0,3500.0,0.0,0.0,0.0,0.0,0.0,3500.0,,,,,,,
78235702,1769.0,4249.0,3500.0,0.0,0.0,0.0,0.0,0.0,3500.0,,,,,,,
78235817,1769.0,4249.0,3500.0,0.0,0.0,0.0,0.0,0.0,3500.0,,,,,,,
78235935,1769.0,4249.0,3500.0,0.0,0.0,0.0,0.0,0.0,3500.0,,,,,,,
78236064,1769.0,4249.0,3500.0,0.0,0.0,0.0,0.0,0.0,3500.0,,,,,,,
78236198,1769.0,4249.0,3500.0,0.0,0.0,0.0,0.0,0.0,3500.0,,,,,,,
78236310,1769.0,4249.0,3500.0,0.0,0.0,0.0,0.0,0.0,3500.0,,,,,,,
78236440,1769.0,4249.0,3500.0,0.0,0.0,0.0,0.0,0.0,3500.0,,,,,,,
78236564,1769.0,4249.0,3500.0,0.0,0.0,0.0,0.0,0.0,3500.0,,,,,,,
78236720,1769.0,4249.0,3500.0,0.0,0.0,0.0,0.0,0.0,3500.0,,,,,,,
78237153,1769.0,4249.0,3500.0,0.0,0.0,0.0,0.0,0.0,3500.0,,,,,,,
78237361,1769.0,4249.0,3500.0,0.0,0.0,0.0,0.0,0.0,3500.0,,,,,,,
78237770,1769.0,4249.0,3500.0,0.0,0.0,0.0,0.0,0.0,3500.0,,,,,,,
78238113,1769.0,4249.0,3500.0,0.0,0.0,0.0,0.0,0.0,3500.0,,,,,,,
78238279,1769.0,4249.0,3500.0,0.0,0.0,0.0,0.0,0.0,3500.0,,,,,,,
78509286,1769.0,4249.0,3500.0,0.0,0.0,0.0,0.0,0.0,3500.0,,,,,,,
78509317,1769.0,4249.0,3500.0,0.0,0.0,0.0,0.0,0.0,3500.0,,,,,,,
78509391,1769.0,4249.0,3500.0,0.0,0.0,0.0,0.0,0.0,3500.0,,,,,,,
78509416,1769.0,4249.0,3500.0,0.0,0.0,0.0,0.0,0.0,3500.0,,,,,,,
78509446,1769.0,4249.0,3500.0,0.0,0.0,0.0,0.0,0.0,3500.0,,,,,,,
78509490,1769.0,4249.0,3500.0,0.0,0.0,0.0,0.0,0.0,3500.0,,,,,,,
78509536,1769.0,4249.0,3500.0,0.0,0.0,0.0,0.0,0.0,3500.0,,,,,,,
78509571,1769.0,4249.0,3500.0,0.0,0.0,0.0,0.0,0.0,3500.0,,,,,,,
78509600,1769.0,4249.0,3500.0,0.0,0.0,0.0,0.0,0.0,3500.0,,,,,,,
78509637,1769.0,4249.0,3500.0,0.0,0.0,0.0,0.0,0.0,3500.0,,,,,,,
78509670,1769.0,4249.0,3500.0,0.0,0.0,0.0,0.0,0.0,3500.0,,,,,,,
78509716,1769.0,4249.0,3500.0,0.0,0.0,0.0,0.0,0.0,3500.0,,,,,,,
78509813,1769.0,4249.0,3500.0,0.0,0.0,0.0,0.0,0.0,3500.0,,,,,,,
78509856,1769.0,4249.0,3500.0,0.0,0.0,0.0,0.0,0.0,3500.0,,,,,,,
78509892,1769.0,4249.0,3500.0,0.0,0.0,0.0,0.0,0.0,3500.0,,,,,,,
78509929,1769.0,4249.0,3500.0,0.0,0.0,0.0,0.0,0.0,3500.0,,,,,,,
78510021,1769.0,4249.0,3500.0,0.0,0.0,0.0,0.0,0.0,3500.0,,,,,,,
78546797,1769.0,4249.0,3500.0,0.0,0.0,0.0,0.0,0.0,3500.0,,,,,,,
78547593,1769.0,4249.0,3500.0,0.0,0.0,0.0,0.0,0.0,3500.0,,,,,,,
78548505,1769.0,4249.0,3500.0,0.0,0.0,0.0,0.0,0.0,3500.0,,,,,,,
78549564,1769.0,4249.0,3500.0,0.0,0.0,0.0,0.0,0.0,3500.0,,,,,,,
78552236,1769.0,4249.0,3500.0,0.0,0.0,0.0,0.0,0.0,3500.0,,,,,,,
78553108,1769.0,4249.0,3500.0,0.0,0.0,0.0,0.0,0.0,3500.0,,,,,,,
78554018,1769.0,4249.0,3500.0,0.0,0.0,0.0,0.0,0.0,3500.0,,,,,,,
79091999,1769.0,4249.0,3500.0,0.0,0.0,0.0,0.0,0.0,3500.0,,,,,,,
79092889,1769.0,4249.0,3500.0,0.0,0.0,0.0,0.0,0.0,3500.0,,,,,,,
79093579,1769.0,4249.0,3500.0,0.0,0.0,0.0,0.0,0.0,3500.0,,,,,,,
79548649,1769.0,4249.0,3500.0,0.0,0.0,0.0,0.0,0.0,3500.0,,,,,,,
79550524,1769.0,4249.0,3500.0,0.0,0.0,0.0,0.0,0.0,3500.0,,,,,,,
79550991,1769.0,4249.0,3500.0,0.0,0.0,0.0,0.0,0.0,3500.0,,,,,,,
79551657,1769.0,4249.0,3500.0,0.0,0.0,0.0,0.0,0.0,3500.0,,,,,,,
79556220,,,,,,,,,,,,,,,,
79559436,1769.0,4249.0,3500.0,0.0,0.0,0.0,0.0,0.0,3500.0,,,,,,,
79568059,,,,,,,,,,,,,,,,
79569575,,,,,,,,,,,,,,,,
79570290,,,,,,,,,,,,,,,,
79571055,,,,,,,,,,,,,,,,
79571644,,,,,,,,,,,,,,,,
79584094,,,,,,,,,,,,,,,,
79650295,,,,,,,,,,,,,,,,
79656527,,,,,,,,,,,,,,,,
79693728,1769.0,4249.0,3500.0,0.0,0.0,0.0,0.0,0.0,3500.0,,,,,,,
79694813,1769.0,4249.0,3500.0,0.0,0.0,0.0,0.0,0.0,3500.0,,,,,,,
79696144,1769.0,4249.0,3500.0,0.0,0.0,0.0,0.0,0.0,3500.0,,,,,,,
79697386,1769.0,4249.0,3500.0,0.0,0.0,0.0,0.0,0.0,3500.0,,,,,,,
79828039,1769.0,4249.0,3500.0,0.0,0.0,0.0,0.0,0.0,3500.0,,,,,,,
79829188,1769.0,4249.0,3500.0,0.0,0.0,0.0,0.0,0.0,3500.0,,,,,,,
79891880,1769.0,4249.0,3500.0,0.0,0.0,0.0,0.0,0.0,3500.0,,,,,,,
79892795,1769.0,4249.0,3500.0,0.0,0.0,0.0,0.0,0.0,3500.0,,,,,,,
79894282,1769.0,4249.0,3500.0,0.0,0.0,0.0,0.0,0.0,3500.0,,,,,,,
79895359,1769.0,4249.0,0.0,0.0,3500.0,0.0,0.0,0.0,3500.0,,,,,,,
79897772,1769.0,4249.0,3500.0,0.0,0.0,0.0,0.0,0.0,3500.0,,,,,,,
79898902,1769.0,4249.0,3500.0,0.0,0.0,0.0,0.0,0.0,3500.0,,,,,,,
83319300,1769.0,4249.0,51780.0,0.0,0.0,0.0,0.0,0.0,51780.0,,,,,,,
83383600,1769.0,4249.0,20260.0,0.0,0.0,0.0,0.0,0.0,20260.0,,,,,,,
83384637,,,,,,,,,,,,,,,,
83384984,1769.0,4249.0,40000.0,0.0,0.0,0.0,0.0,0.0,40000.0,,,,,,,
83386036,1769.0,4211.0,0.0,0.0,0.0,150000.0,0.0,0.0,150000.0,,,,,,,
83386665,,,,,,,,,,,,,,,,
83388755,,,,,,,,,,,,,,,,
83394575,,,,,,,,,,,,,,,,
83400851,,,,,,,,,,,,,,,,
83401901,,,,,,,,,,,,,,,,
83402943,,,,,,,,,,,,,,,,
83403534,,,,,,,,,,,,,,,,
83403989,,,,,,,,,,,,,,,,
83404320,,,,,,,,,,,,,,,,
83406081,,,,,,,,,,,,,,,,
83412848,,,,,,,,,,,,,,,,
83413106,,,,,,,,,,,,,,,,
83413531,,,,,,,,,,,,,,,,
83413756,,,,,,,,,,,,,,,,
83417091,,,,,,,,,,,,,,,,
83458149,,,,,,,,,,,,,,,,
83458381,,,,,,,,,,,,,,,,
83459750,,,,,,,,,,,,,,,,
83460431,,,,,,,,,,,,,,,,
83461317,,,,,,,,,,,,,,,,
83461676,,,,,,,,,,,,,,,,
83462295,,,,,,,,,,,,,,,,
83463353,,,,,,,,,,,,,,,,
83463899,,,,,,,,,,,,,,,,
83590718,1769.0,4249.0,150000.0,0.0,0.0,0.0,0.0,0.0,150000.0,,,,,,,
83591041,1769.0,4249.0,116060.0,0.0,0.0,0.0,0.0,0.0,116060.0,,,,,,,
83592827,1769.0,4249.0,70020.0,0.0,0.0,0.0,0.0,0.0,70020.0,,,,,,,
83598494,0.0,0.0,0.0,0.0,0.0,1000.0,0.0,0.0,1000.0,,,,,,,
83604528,,,,,,,,,,,,,,,,
83605112,0.0,0.0,0.0,0.0,0.0,100.0,0.0,0.0,100.0,,,,,,,
83605691,0.0,0.0,0.0,0.0,0.0,100.0,0.0,0.0,100.0,,,,,,,
83606328,,,,,,,,,,,,,,,,
83606863,0.0,0.0,0.0,0.0,0.0,100.0,0.0,0.0,100.0,,,,,,,
83607232,0.0,0.0,0.0,0.0,0.0,100.0,0.0,0.0,100.0,,,,,,,
83607475,38.0,1.0,0.0,0.0,0.0,800000.0,0.0,0.0,800000.0,,,,,,,
83607588,0.0,0.0,0.0,0.0,0.0,100.0,0.0,0.0,100.0,,,,,,,
83607899,0.0,0.0,0.0,0.0,0.0,100.0,0.0,0.0,100.0,,,,,,,
83608571,0.0,0.0,0.0,0.0,0.0,100.0,0.0,0.0,100.0,,,,,,,
83608607,,,,,,,,,,,,,,,,
83608895,0.0,0.0,0.0,0.0,0.0,100.0,0.0,0.0,100.0,,,,,,,
83609139,0.0,0.0,0.0,0.0,0.0,100.0,0.0,0.0,100.0,,,,,,,
83609381,0.0,0.0,0.0,0.0,0.0,100.0,0.0,0.0,100.0,,,,,,,
83609590,0.0,0.0,0.0,0.0,0.0,100.0,0.0,0.0,100.0,,,,,,,
83609905,0.0,0.0,0.0,0.0,0.0,100.0,0.0,0.0,100.0,,,,,,,
83610203,0.0,0.0,0.0,0.0,0.0,100.0,0.0,0.0,100.0,,,,,,,
83610250,,,,,,,,,,,,,,,,
83610510,0.0,0.0,0.0,0.0,0.0,100.0,0.0,0.0,100.0,,,,,,,
83610836,0.0,0.0,0.0,0.0,0.0,100.0,0.0,0.0,100.0,,,,,,,
83611099,0.0,0.0,0.0,0.0,0.0,100.0,0.0,0.0,100.0,,,,,,,
83611142,,,,,,,,,,,,,,,,
83611899,0.0,0.0,0.0,0.0,0.0,100.0,0.0,0.0,100.0,,,,,,,
83612193,0.0,0.0,0.0,0.0,0.0,100.0,0.0,0.0,100.0,,,,,,,
83612274,,,,,,,,,,,,,,,,
83612580,0.0,0.0,0.0,0.0,0.0,100.0,0.0,0.0,100.0,,,,,,,
83612834,0.0,0.0,0.0,0.0,0.0,100.0,0.0,0.0,100.0,,,,,,,
83613075,0.0,0.0,0.0,0.0,0.0,100.0,0.0,0.0,100.0,,,,,,,
83613358,0.0,0.0,0.0,0.0,0.0,1.0,0.0,0.0,1.0,,,,,,,
83613506,,,,,,,,,,,,,,,,
83613928,,,,,,,,,,,,,,,,
83615300,,,,,,,,,,,,,,,,
83615646,,,,,,,,,,,,,,,,
83616141,,,,,,,,,,,,,,,,
83616501,,,,,,,,,,,,,,,,
83618469,,,,,,,,,,,,,,,,
83618892,,,,,,,,,,,,,,,,
83620834,1778.0,4250.0,0.0,0.0,0.0,124350.0,0.0,0.0,124350.0,,,,,,,
72781897,1769.0,4211.0,0.0,0.0,0.0,203000.0,0.0,0.0,203000.0,,,,,,,
83311975,1769.0,4249.0,96000.0,0.0,0.0,0.0,0.0,0.0,96000.0,,,,,,,
83313861,1769.0,4249.0,100000.0,0.0,0.0,0.0,0.0,0.0,100000.0,,,,,,,
83387320,1769.0,4211.0,0.0,0.0,0.0,200000.0,0.0,0.0,200000.0,,,,,,,
83390114,1778.0,4250.0,0.0,0.0,0.0,30000.0,0.0,0.0,30000.0,,,,,,,
83394942,1778.0,4250.0,0.0,0.0,0.0,650000.0,0.0,0.0,650000.0,,,,,,,
83396097,1769.0,4211.0,0.0,0.0,0.0,99980.0,0.0,0.0,99980.0,,,,,,,
100205923,,,,,,,,,,,,,,,,
100223796,38.0,1.0,0.0,0.0,0.0,170000.0,0.0,0.0,170000.0,,,,,,,
100224222,38.0,1.0,0.0,0.0,0.0,170000.0,0.0,0.0,170000.0,,,,,,,
100228384,,,,,,,,,,,,,,,,
100228910,,,,,,,,,,,,,,,,
100229357,,,,,,,,,,,,,,,,
100230017,,,,,,,,,,,,,,,,
100230393,,,,,,,,,,,,,,,,
101855910,,,,,,,,,,,,,,,,
101856903,,,,,,,,,,,,,,,,
101858184,,,,,,,,,,,,,,,,
101859651,,,,,,,,,,,,,,,,
101860685,,,,,,,,,,,,,,,,
101861908,,,,,,,,,,,,,,,,
101862912,,,,,,,,,,,,,,,,
101864007,,,,,,,,,,,,,,,,
101865030,,,,,,,,,,,,,,,,
101866027,,,,,,,,,,,,,,,,
101867289,,,,,,,,,,,,,,,,
101868728,,,,,,,,,,,,,,,,
101869610,,,,,,,,,,,,,,,,
101870564,,,,,,,,,,,,,,,,
101871874,,,,,,,,,,,,,,,,
101872780,,,,,,,,,,,,,,,,
101873725,,,,,,,,,,,,,,,,
101943074,,,,,,,,,,,,,,,,
101943226,,,,,,,,,,,,,,,,
101943343,,,,,,,,,,,,,,,,
101943534,,,,,,,,,,,,,,,,
101943667,,,,,,,,,,,,,,,,
101946063,,,,,,,,,,,,,,,,
101946615,,,,,,,,,,,,,,,,
101946986,,,,,,,,,,,,,,,,
101947637,38.0,1.0,0.0,0.0,0.0,990000.0,0.0,0.0,990000.0,,,,,,,
103194739,,,,,,,,,,,,,,,,
103201772,38.0,1.0,0.0,0.0,0.0,990000.0,0.0,0.0,990000.0,,,,,,,
103213592,,,,,,,,,,,,,,,,
103216091,,,,,,,,,,,,,,,,
103217257,,,,,,,,,,,,,,,,
103218383,,,,,,,,,,,,,,,,
103219623,,,,,,,,,,,,,,,,
103220860,,,,,,,,,,,,,,,,
103223268,,,,,,,,,,,,,,,,
103224551,,,,,,,,,,,,,,,,
103226323,,,,,,,,,,,,,,,,
103228114,,,,,,,,,,,,,,,,
103229473,,,,,,,,,,,,,,,,
103230566,,,,,,,,,,,,,,,,
103231517,,,,,,,,,,,,,,,,
103232910,,,,,,,,,,,,,,,,
103233809,,,,,,,,,,,,,,,,
103235090,,,,,,,,,,,,,,,,
103236281,,,,,,,,,,,,,,,,
103237342,,,,,,,,,,,,,,,,
103238740,,,,,,,,,,,,,,,,
103584315,,,,,,,,,,,,,,,,
103587271,,,,,,,,,,,,,,,,
103613062,,,,,,,,,,,,,,,,
103617779,,,,,,,,,,,,,,,,
103626486,,,,,,,,,,,,,,,,
103630229,38.0,1.0,0.0,0.0,0.0,300000.0,0.0,0.0,300000.0,,,,,,,
103658829,,,,,,,,,,,,,,,,
103659646,0.0,0.0,0.0,0.0,0.0,5000.0,0.0,0.0,5000.0,,,,,,,
103661283,0.0,0.0,0.0,0.0,0.0,91200.0,0.0,0.0,91200.0,,,,,,,
103661309,,,,,,,,,,,,,,,,
103662470,0.0,0.0,0.0,0.0,0.0,5000.0,0.0,0.0,5000.0,,,,,,,
103663732,,,,,,,,,,,,,,,,
103667408,,,,,,,,,,,,,,,,
103668335,0.0,0.0,0.0,0.0,0.0,10500.0,0.0,0.0,10500.0,,,,,,,
103669911,0.0,0.0,0.0,0.0,0.0,8000.0,0.0,0.0,8000.0,,,,,,,
103670338,0.0,0.0,0.0,0.0,0.0,1000.0,0.0,0.0,1000.0,,,,,,,
103671182,0.0,0.0,0.0,0.0,0.0,9000.0,0.0,0.0,9000.0,,,,,,,
103674656,,,,,,,,,,,,,,,,
103675213,,,,,,,,,,,,,,,,
103676638,,,,,,,,,,,,,,,,
103676823,,,,,,,,,,,,,,,,
103696691,0.0,0.0,0.0,0.0,0.0,9000.0,0.0,0.0,9000.0,,,,,,,
103696911,0.0,0.0,0.0,0.0,0.0,9000.0,0.0,0.0,9000.0,,,,,,,
103697070,0.0,0.0,0.0,0.0,0.0,9000.0,0.0,0.0,9000.0,,,,,,,
103697245,0.0,0.0,0.0,0.0,0.0,9000.0,0.0,0.0,9000.0,,,,,,,
103697411,0.0,0.0,0.0,0.0,0.0,9000.0,0.0,0.0,9000.0,,,,,,,
103949122,,,,,,,,,,,,,,,,
103955812,,,,,,,,,,,,,,,,
103985208,,,,,,,,,,,,,,,,
103990041,,,,,,,,,,,,,,,,
103992017,,,,,,,,,,,,,,,,
103994441,,,,,,,,,,,,,,,,
103995079,1769.0,4249.0,40000.0,0.0,0.0,0.0,0.0,0.0,40000.0,,,,,,,
104073584,0.0,0.0,0.0,0.0,0.0,36824.0,0.0,0.0,36824.0,,,,,,,
104475362,1778.0,4250.0,0.0,0.0,0.0,18000.0,0.0,0.0,18000.0,,,,,,,
104481179,1769.0,4249.0,40000.0,0.0,0.0,0.0,0.0,0.0,40000.0,,,,,,,
104481694,1769.0,4249.0,84000.0,0.0,0.0,0.0,0.0,0.0,84000.0,,,,,,,
104483066,1769.0,4249.0,60000.0,0.0,0.0,0.0,0.0,0.0,60000.0,,,,,,,
104484477,1769.0,4249.0,70000.0,0.0,0.0,0.0,0.0,0.0,70000.0,,,,,,,
104487082,1769.0,4211.0,0.0,0.0,0.0,50000.0,0.0,0.0,50000.0,,,,,,,
104488738,1769.0,4211.0,0.0,0.0,0.0,25000.0,0.0,0.0,25000.0,,,,,,,
104490386,1769.0,4211.0,0.0,0.0,0.0,101824.0,0.0,0.0,101824.0,,,,,,,
104496554,,,,,,,,,,,,,,,,
104497062,,,,,,,,,,,,,,,,
104497899,,,,,,,,,,,,,,,,
104498774,,,,,,,,,,,,,,,,
104511825,,,,,,,,,,,,,,,,
104514048,,,,,,,,,,,,,,,,
104514620,,,,,,,,,,,,,,,,
104515406,,,,,,,,,,,,,,,,
104515906,,,,,,,,,,,,,,,,
104516667,,,,,,,,,,,,,,,,
104516958,,,,,,,,,,,,,,,,
104517332,,,,,,,,,,,,,,,,
104518295,,,,,,,,,,,,,,,,
104518516,,,,,,,,,,,,,,,,
104518704,,,,,,,,,,,,,,,,
104518966,,,,,,,,,,,,,,,,
104519253,,,,,,,,,,,,,,,,
104519463,,,,,,,,,,,,,,,,
104519637,,,,,,,,,,,,,,,,
104533146,,,,,,,,,,,,,,,,
104533339,,,,,,,,,,,,,,,,
104533512,,,,,,,,,,,,,,,,
104658770,1769.0,4211.0,0.0,0.0,0.0,156483.0,0.0,0.0,156483.0,,,,,,,
104660041,0.0,0.0,0.0,0.0,0.0,600000.0,0.0,0.0,600000.0,,,,,,,
104472887,1778.0,4250.0,0.0,0.0,0.0,6000.0,0.0,0.0,6000.0,,,,,,,
104474754,1778.0,4250.0,0.0,0.0,0.0,6000.0,0.0,0.0,6000.0,,,,,,,
104475801,1778.0,4250.0,0.0,0.0,0.0,60000.0,0.0,0.0,60000.0,,,,,,,
104476183,1778.0,4250.0,0.0,0.0,0.0,50000.0,0.0,0.0,50000.0,,,,,,,
104476960,1769.0,4249.0,171000.0,0.0,0.0,0.0,0.0,0.0,171000.0,,,,,,,
104477552,1778.0,4250.0,0.0,0.0,0.0,250000.0,0.0,0.0,250000.0,,,,,,,
104477918,1769.0,4249.0,80000.0,0.0,0.0,0.0,0.0,0.0,80000.0,,,,,,,
104478186,1778.0,4250.0,0.0,0.0,0.0,200000.0,0.0,0.0,200000.0,,,,,,,
104479341,1769.0,4249.0,200000.0,0.0,0.0,0.0,0.0,0.0,200000.0,,,,,,,
104479411,1778.0,4250.0,0.0,0.0,0.0,77540.0,0.0,0.0,77540.0,,,,,,,
104480037,1778.0,4250.0,0.0,0.0,0.0,350000.0,0.0,0.0,350000.0,,,,,,,
104482322,1769.0,4249.0,50000.0,0.0,0.0,0.0,0.0,0.0,50000.0,,,,,,,
104492019,1769.0,4211.0,0.0,0.0,0.0,250000.0,0.0,0.0,250000.0,,,,,,,
104494065,1769.0,4211.0,0.0,0.0,0.0,150000.0,0.0,0.0,150000.0,,,,,,,
104495110,1769.0,4211.0,0.0,0.0,0.0,50000.0,0.0,0.0,50000.0,,,,,,,
104530498,1769.0,4249.0,241118.0,0.0,0.0,0.0,0.0,0.0,241118.0,,,,,,,
104657223,1769.0,4249.0,38567.0,0.0,0.0,0.0,0.0,0.0,38567.0,,,,,,,
115428841,1778.0,4250.0,0.0,0.0,0.0,6000.0,0.0,0.0,6000.0,,,,,,,
119942752,,,,,,,,,,,,,,,,
119943091,,,,,,,,,,,,,,,,
119952367,,,,,,,,,,,,,,,,
119952684,,,,,,,,,,,,,,,,
119953003,,,,,,,,,,,,,,,,
119953302,,,,,,,,,,,,,,,,
119953564,,,,,,,,,,,,,,,,
119956439,,,,,,,,,,,,,,,,
119956562,,,,,,,,,,,,,,,,
119956694,,,,,,,,,,,,,,,,
119991932,,,,,,,,,,,,,,,,
119992269,,,,,,,,,,,,,,,,
119992470,,,,,,,,,,,,,,,,
119992655,,,,,,,,,,,,,,,,
119992809,,,,,,,,,,,,,,,,
119992996,,,,,,,,,,,,,,,,
119997477,,,,,,,,,,,,,,,,
119997836,,,,,,,,,,,,,,,,
119998036,,,,,,,,,,,,,,,,
119998227,,,,,,,,,,,,,,,,
119998416,,,,,,,,,,,,,,,,
119998604,,,,,,,,,,,,,,,,
119998803,,,,,,,,,,,,,,,,
119999508,,,,,,,,,,,,,,,,
119999689,,,,,,,,,,,,,,,,
119999882,,,,,,,,,,,,,,,,
120000049,,,,,,,,,,,,,,,,
120000233,,,,,,,,,,,,,,,,
120000433,,,,,,,,,,,,,,,,
120000608,,,,,,,,,,,,,,,,
120000739,,,,,,,,,,,,,,,,
120000977,,,,,,,,,,,,,,,,
120001231,,,,,,,,,,,,,,,,
120001465,,,,,,,,,,,,,,,,
120001714,,,,,,,,,,,,,,,,
120001984,,,,,,,,,,,,,,,,
120002119,,,,,,,,,,,,,,,,
120002441,,,,,,,,,,,,,,,,
120002546,,,,,,,,,,,,,,,,
120002656,,,,,,,,,,,,,,,,
120002756,,,,,,,,,,,,,,,,
120002863,,,,,,,,,,,,,,,,
120002964,,,,,,,,,,,,,,,,
120003067,,,,,,,,,,,,,,,,
120003160,,,,,,,,,,,,,,,,
120003259,,,,,,,,,,,,,,,,
120003397,,,,,,,,,,,,,,,,
120003533,,,,,,,,,,,,,,,,
120003633,,,,,,,,,,,,,,,,
120003781,,,,,,,,,,,,,,,,
120003907,,,,,,,,,,,,,,,,
120004048,,,,,,,,,,,,,,,,
120004194,,,,,,,,,,,,,,,,
120004326,,,,,,,,,,,,,,,,
120004426,,,,,,,,,,,,,,,,
120004597,,,,,,,,,,,,,,,,
120004815,,,,,,,,,,,,,,,,
120004912,,,,,,,,,,,,,,,,
120005027,,,,,,,,,,,,,,,,
120005143,,,,,,,,,,,,,,,,
120005224,,,,,,,,,,,,,,,,
120005740,,,,,,,,,,,,,,,,
120005915,,,,,,,,,,,,,,,,
120006118,,,,,,,,,,,,,,,,
120006422,,,,,,,,,,,,,,,,
120006559,,,,,,,,,,,,,,,,
120007240,,,,,,,,,,,,,,,,
120025598,,,,,,,,,,,,,,,,
120025765,,,,,,,,,,,,,,,,
120025949,,,,,,,,,,,,,,,,
120026248,,,,,,,,,,,,,,,,
120026363,,,,,,,,,,,,,,,,
120026544,,,,,,,,,,,,,,,,
120026859,,,,,,,,,,,,,,,,
120028488,,,,,,,,,,,,,,,,
120028661,,,,,,,,,,,,,,,,
120029831,,,,,,,,,,,,,,,,
120030897,,,,,,,,,,,,,,,,
124907996,1769.0,4249.0,60000.0,0.0,0.0,0.0,0.0,0.0,60000.0,,,,,,,
124908242,1769.0,4249.0,201567.0,0.0,0.0,0.0,0.0,0.0,201567.0,,,,,,,
124908660,1769.0,4249.0,52567.0,0.0,0.0,0.0,0.0,0.0,52567.0,,,,,,,
124908758,1769.0,4249.0,150000.0,0.0,0.0,0.0,0.0,0.0,150000.0,,,,,,,
124908798,1769.0,4211.0,0.0,0.0,0.0,300000.0,0.0,0.0,300000.0,,,,,,,
124908858,1769.0,4211.0,0.0,0.0,0.0,30000.0,0.0,0.0,30000.0,,,,,,,
124908907,1769.0,4211.0,0.0,0.0,0.0,200000.0,0.0,0.0,200000.0,,,,,,,
124909113,1769.0,4211.0,0.0,0.0,0.0,18756.0,0.0,0.0,18756.0,,,,,,,
124909178,1769.0,4211.0,0.0,0.0,0.0,20000.0,0.0,0.0,20000.0,,,,,,,
124909266,1778.0,4250.0,0.0,0.0,0.0,80000.0,0.0,0.0,80000.0,,,,,,,
124909431,1778.0,4250.0,0.0,0.0,0.0,6000.0,0.0,0.0,6000.0,,,,,,,
124909448,1778.0,4250.0,0.0,0.0,0.0,18000.0,0.0,0.0,18000.0,,,,,,,
124909507,1778.0,4250.0,0.0,0.0,0.0,50000.0,0.0,0.0,50000.0,,,,,,,
124909528,1778.0,4250.0,0.0,0.0,0.0,60000.0,0.0,0.0,60000.0,,,,,,,
124909607,,,,,,,,,,,,,,,,
124909620,,,,,,,,,,,,,,,,
124909637,,,,,,,,,,,,,,,,
124909659,,,,,,,,,,,,,,,,
124909675,,,,,,,,,,,,,,,,
124909689,,,,,,,,,,,,,,,,
124909704,,,,,,,,,,,,,,,,
124909721,,,,,,,,,,,,,,,,
124909733,,,,,,,,,,,,,,,,
124909744,,,,,,,,,,,,,,,,
124909853,,,,,,,,,,,,,,,,
124909868,,,,,,,,,,,,,,,,
124909891,,,,,,,,,,,,,,,,
124909914,,,,,,,,,,,,,,,,
124909924,,,,,,,,,,,,,,,,
124909937,,,,,,,,,,,,,,,,
124909950,,,,,,,,,,,,,,,,
124909967,,,,,,,,,,,,,,,,
124917073,,,,,,,,,,,,,,,,
124918952,,,,,,,,,,,,,,,,
124919222,,,,,,,,,,,,,,,,
124919593,,,,,,,,,,,,,,,,
124919900,,,,,,,,,,,,,,,,
124920038,,,,,,,,,,,,,,,,
124920191,,,,,,,,,,,,,,,,
124920429,,,,,,,,,,,,,,,,
124920796,,,,,,,,,,,,,,,,
124921405,,,,,,,,,,,,,,,,
124921734,,,,,,,,,,,,,,,,
124922989,,,,,,,,,,,,,,,,
124923223,,,,,,,,,,,,,,,,
124923722,,,,,,,,,,,,,,,,
124936010,1769.0,4211.0,0.0,0.0,0.0,20000.0,0.0,0.0,20000.0,,,,,,,
124972098,1769.0,4211.0,0.0,0.0,0.0,65000.0,0.0,0.0,65000.0,,,,,,,
124972118,1769.0,4249.0,75000.0,0.0,0.0,0.0,0.0,0.0,75000.0,,,,,,,
124972132,1769.0,4211.0,0.0,0.0,0.0,64000.0,0.0,0.0,64000.0,,,,,,,
124976118,1769.0,4249.0,20000.0,0.0,0.0,0.0,0.0,0.0,20000.0,,,,,,,
124976433,0.0,0.0,0.0,0.0,0.0,5000.0,0.0,0.0,5000.0,,,,,,,
124976737,,,,,,,,,,,,,,,,
124976892,,,,,,,,,,,,,,,,
124977007,,,,,,,,,,,,,,,,
124977097,,,,,,,,,,,,,,,,
124977158,,,,,,,,,,,,,,,,
124977202,,,,,,,,,,,,,,,,
124977248,,,,,,,,,,,,,,,,
124977337,,,,,,,,,,,,,,,,
124977499,,,,,,,,,,,,,,,,
124977603,,,,,,,,,,,,,,,,
124977662,,,,,,,,,,,,,,,,
124977885,1769.0,4249.0,120000.0,0.0,0.0,0.0,0.0,0.0,120000.0,,,,,,,
124978027,,,,,,,,,,,,,,,,
124978143,1769.0,4211.0,0.0,0.0,0.0,10.0,0.0,0.0,10.0,,,,,,,
124978175,1769.0,4211.0,0.0,0.0,0.0,10.0,0.0,0.0,10.0,,,,,,,
124978723,1769.0,4211.0,0.0,0.0,0.0,10.0,0.0,0.0,10.0,,,,,,,
124978792,1769.0,4211.0,0.0,0.0,0.0,10.0,0.0,0.0,10.0,,,,,,,
124978876,1769.0,4211.0,0.0,0.0,0.0,10.0,0.0,0.0,10.0,,,,,,,
124978943,1769.0,4211.0,0.0,0.0,0.0,10.0,0.0,0.0,10.0,,,,,,,
124979223,1769.0,4211.0,0.0,0.0,0.0,10.0,0.0,0.0,10.0,,,,,,,
124979984,1769.0,4211.0,0.0,0.0,0.0,10.0,0.0,0.0,10.0,,,,,,,
124980057,1769.0,4211.0,0.0,0.0,0.0,10.0,0.0,0.0,10.0,,,,,,,
124980124,1769.0,4211.0,0.0,0.0,0.0,10.0,0.0,0.0,10.0,,,,,,,
124980213,1769.0,4211.0,0.0,0.0,0.0,10.0,0.0,0.0,10.0,,,,,,,
124980535,1769.0,4211.0,0.0,0.0,0.0,10.0,0.0,0.0,10.0,,,,,,,
124980614,1769.0,4211.0,0.0,0.0,0.0,10.0,0.0,0.0,10.0,,,,,,,
124908159,1769.0,4249.0,126000.0,0.0,0.0,0.0,0.0,0.0,126000.0,,,,,,,
124908308,1769.0,4249.0,102000.0,0.0,0.0,0.0,0.0,0.0,102000.0,,,,,,,
124908476,1769.0,4249.0,77000.0,0.0,0.0,0.0,0.0,0.0,77000.0,,,,,,,
124908718,1769.0,4249.0,50000.0,0.0,0.0,0.0,0.0,0.0,50000.0,,,,,,,
124957341,1778.0,4250.0,0.0,0.0,0.0,400000.0,0.0,0.0,400000.0,,,,,,,
124957699,1778.0,4250.0,0.0,0.0,0.0,183840.0,0.0,0.0,183840.0,,,,,,,
44052149,1769.0,4249.0,1000000.0,0.0,0.0,0.0,0.0,0.0,1000000.0,,,,,,,
44088714,1769.0,4211.0,0.0,0.0,0.0,20000.0,0.0,0.0,20000.0,,,,,,,
44088723,1769.0,4211.0,0.0,0.0,0.0,18000.0,0.0,0.0,18000.0,,,,,,,
44088837,1778.0,4250.0,0.0,0.0,0.0,50000.0,0.0,0.0,50000.0,,,,,,,
44088969,1778.0,4250.0,0.0,0.0,0.0,75000.0,0.0,0.0,75000.0,,,,,,,
54138614,1769.0,4211.0,0.0,0.0,0.0,6000.0,0.0,0.0,6000.0,,,,,,,
56734787,0.0,0.0,0.0,0.0,0.0,36000.0,0.0,0.0,36000.0,,,,,,,
44088597,1769.0,4211.0,0.0,0.0,0.0,150000.0,0.0,0.0,150000.0,,,,,,,
44088636,1769.0,4211.0,0.0,0.0,0.0,150000.0,0.0,0.0,150000.0,,,,,,,
44088684,1769.0,4211.0,0.0,0.0,0.0,150000.0,0.0,0.0,150000.0,,,,,,,
44088706,1769.0,4211.0,0.0,0.0,0.0,150000.0,0.0,0.0,150000.0,,,,,,,
44088735,1769.0,4211.0,0.0,0.0,0.0,6000.0,0.0,0.0,6000.0,,,,,,,
44088766,1769.0,4211.0,0.0,0.0,0.0,107350.0,0.0,0.0,107350.0,,,,,,,
44088778,1769.0,4211.0,0.0,0.0,0.0,6000.0,0.0,0.0,6000.0,,,,,,,
44088799,1778.0,4250.0,0.0,0.0,0.0,100000.0,0.0,0.0,100000.0,,,,,,,
44088822,1778.0,4250.0,0.0,0.0,0.0,72000.0,0.0,0.0,72000.0,,,,,,,
44088864,1778.0,4250.0,0.0,0.0,0.0,150000.0,0.0,0.0,150000.0,,,,,,,
44088934,1778.0,4250.0,0.0,0.0,0.0,75000.0,0.0,0.0,75000.0,,,,,,,
44088952,1778.0,4250.0,0.0,0.0,0.0,86844.0,0.0,0.0,86844.0,,,,,,,
44088984,1778.0,4250.0,0.0,0.0,0.0,125000.0,0.0,0.0,125000.0,,,,,,,
53731743,1769.0,4211.0,0.0,0.0,0.0,205000.0,0.0,0.0,205000.0,,,,,,,
56729464,1769.0,4211.0,0.0,0.0,0.0,162350.0,0.0,0.0,162350.0,,,,,,,
44052205,1769.0,4249.0,62350.0,0.0,0.0,0.0,0.0,0.0,62350.0,62350.0,0.0,0.0,0.0,0.0,0.0,
44088612,1769.0,4211.0,0.0,0.0,0.0,75000.0,0.0,0.0,75000.0,0.0,0.0,0.0,75000.0,0.0,0.0,
44088653,1769.0,4211.0,0.0,0.0,0.0,130000.0,0.0,0.0,130000.0,0.0,0.0,0.0,130000.0,0.0,0.0,
44088668,1769.0,4211.0,0.0,0.0,0.0,100000.0,0.0,0.0,100000.0,0.0,0.0,0.0,100000.0,0.0,0.0,
44088812,1778.0,4250.0,0.0,0.0,0.0,70000.0,0.0,0.0,70000.0,0.0,0.0,0.0,70000.0,0.0,0.0,
47625823,0.0,0.0,0.0,0.0,0.0,30000.0,0.0,0.0,30000.0,,,,,,,
48226923,1769.0,4211.0,0.0,0.0,0.0,227650.0,0.0,0.0,227650.0,,,,,,,
48227159,1769.0,4211.0,0.0,0.0,0.0,20000.0,0.0,0.0,20000.0,,,,,,,
48227277,1769.0,4211.0,0.0,0.0,0.0,18000.0,0.0,0.0,18000.0,,,,,,,
48227459,1769.0,4211.0,0.0,0.0,0.0,84700.0,0.0,0.0,84700.0,,,,,,,
48231585,0.0,0.0,0.0,0.0,0.0,55100.0,0.0,0.0,55100.0,,,,,,,
47625309,1769.0,4249.0,150000.0,0.0,0.0,0.0,0.0,0.0,150000.0,,,,,,,
47625526,1769.0,4211.0,0.0,0.0,0.0,300000.0,0.0,0.0,300000.0,,,,,,,
47625750,1778.0,4250.0,0.0,0.0,0.0,100000.0,0.0,0.0,100000.0,,,,,,,
48224906,1769.0,4249.0,150000.0,0.0,0.0,0.0,0.0,0.0,150000.0,,,,,,,
48225117,1769.0,4249.0,150000.0,0.0,0.0,0.0,0.0,0.0,150000.0,,,,,,,
48225316,1769.0,4249.0,81175.0,0.0,0.0,0.0,0.0,0.0,81175.0,,,,,,,
48225561,1769.0,4249.0,150000.0,0.0,0.0,0.0,0.0,0.0,150000.0,,,,,,,
48225778,1769.0,4249.0,150000.0,0.0,0.0,0.0,0.0,0.0,150000.0,,,,,,,
48226536,1769.0,4211.0,0.0,0.0,0.0,200000.0,0.0,0.0,200000.0,,,,,,,
48226686,1769.0,4211.0,0.0,0.0,0.0,200000.0,0.0,0.0,200000.0,,,,,,,
48227364,1769.0,4211.0,0.0,0.0,0.0,6000.0,0.0,0.0,6000.0,,,,,,,
48227546,1769.0,4211.0,0.0,0.0,0.0,6000.0,0.0,0.0,6000.0,,,,,,,
48228667,1778.0,4250.0,0.0,0.0,0.0,72000.0,0.0,0.0,72000.0,,,,,,,
48228818,1778.0,4250.0,0.0,0.0,0.0,50000.0,0.0,0.0,50000.0,,,,,,,
48229204,1778.0,4250.0,0.0,0.0,0.0,300000.0,0.0,0.0,300000.0,,,,,,,
56115159,1769.0,4249.0,162350.0,0.0,0.0,0.0,0.0,0.0,162350.0,,,,,,,
56740472,1778.0,4250.0,0.0,0.0,0.0,281444.0,0.0,0.0,281444.0,,,,,,,
56778477,1769.0,4249.0,68825.0,0.0,0.0,0.0,0.0,0.0,68825.0,,,,,,,
48226020,1769.0,4249.0,231175.0,0.0,0.0,0.0,0.0,0.0,231175.0,231175.0,0.0,0.0,0.0,0.0,0.0,
48228588,1778.0,4250.0,0.0,0.0,0.0,70000.0,0.0,0.0,70000.0,0.0,0.0,0.0,70000.0,0.0,0.0,
48229069,1778.0,4250.0,0.0,0.0,0.0,120000.0,0.0,0.0,120000.0,0.0,0.0,0.0,120000.0,0.0,0.0,
48229475,1778.0,4250.0,0.0,0.0,0.0,91844.0,0.0,0.0,91844.0,0.0,0.0,0.0,91844.0,0.0,0.0,
61835915,1769.0,4211.0,0.0,0.0,0.0,18000.0,0.0,0.0,18000.0,,,,,,,
61836120,1778.0,4250.0,0.0,0.0,0.0,100000.0,0.0,0.0,100000.0,,,,,,,
61836177,1778.0,4250.0,0.0,0.0,0.0,30000.0,0.0,0.0,30000.0,,,,,,,
61836407,1778.0,4250.0,0.0,0.0,0.0,40000.0,0.0,0.0,40000.0,,,,,,,
61836465,1778.0,4250.0,0.0,0.0,0.0,125000.0,0.0,0.0,125000.0,,,,,,,
61836689,0.0,0.0,0.0,0.0,0.0,48000.0,0.0,0.0,48000.0,,,,,,,
66413307,1769.0,4249.0,47744.0,0.0,0.0,0.0,0.0,0.0,47744.0,,,,,,,
66413354,1769.0,4249.0,100000.0,0.0,0.0,0.0,0.0,0.0,100000.0,,,,,,,
66413372,1769.0,4249.0,60000.0,0.0,0.0,0.0,0.0,0.0,60000.0,,,,,,,
66413542,1769.0,4249.0,40000.0,0.0,0.0,0.0,0.0,0.0,40000.0,,,,,,,
66413549,1769.0,4249.0,45600.0,0.0,0.0,0.0,0.0,0.0,45600.0,,,,,,,
66413591,1769.0,4249.0,5000.0,0.0,0.0,0.0,0.0,0.0,5000.0,,,,,,,
66413621,1769.0,4249.0,77844.0,0.0,0.0,0.0,0.0,0.0,77844.0,,,,,,,
66413645,1769.0,4249.0,27000.0,0.0,0.0,0.0,0.0,0.0,27000.0,,,,,,,
66413663,1769.0,4249.0,12000.0,0.0,0.0,0.0,0.0,0.0,12000.0,,,,,,,
66413704,1769.0,4211.0,0.0,0.0,0.0,200000.0,0.0,0.0,200000.0,,,,,,,
66413722,1769.0,4211.0,0.0,0.0,0.0,83842.0,0.0,0.0,83842.0,,,,,,,
66413729,1769.0,4211.0,0.0,0.0,0.0,5150.0,0.0,0.0,5150.0,,,,,,,
61835851,1769.0,4211.0,0.0,0.0,0.0,20000.0,0.0,0.0,20000.0,,,,,,,
61835970,1769.0,4211.0,0.0,0.0,0.0,6000.0,0.0,0.0,6000.0,,,,,,,
61836011,1769.0,4211.0,0.0,0.0,0.0,58992.0,0.0,0.0,58992.0,,,,,,,
61836061,1769.0,4211.0,0.0,0.0,0.0,6000.0,0.0,0.0,6000.0,,,,,,,
61836314,1778.0,4250.0,0.0,0.0,0.0,48000.0,0.0,0.0,48000.0,,,,,,,
61836355,1778.0,4250.0,0.0,0.0,0.0,24000.0,0.0,0.0,24000.0,,,,,,,
61836554,1778.0,4250.0,0.0,0.0,0.0,286900.0,0.0,0.0,286900.0,,,,,,,
61836646,1778.0,4250.0,0.0,0.0,0.0,150000.0,0.0,0.0,150000.0,,,,,,,
66413399,1769.0,4249.0,45000.0,0.0,0.0,0.0,0.0,0.0,45000.0,,,,,,,
66413413,1769.0,4249.0,48000.0,0.0,0.0,0.0,0.0,0.0,48000.0,,,,,,,
66413428,1769.0,4249.0,12000.0,0.0,0.0,0.0,0.0,0.0,12000.0,,,,,,,
66413440,1769.0,4249.0,30000.0,0.0,0.0,0.0,0.0,0.0,30000.0,,,,,,,
66413460,1769.0,4249.0,12000.0,0.0,0.0,0.0,0.0,0.0,12000.0,,,,,,,
66413471,1769.0,4249.0,27000.0,0.0,0.0,0.0,0.0,0.0,27000.0,,,,,,,
66413485,1769.0,4249.0,24000.0,0.0,0.0,0.0,0.0,0.0,24000.0,,,,,,,
66413494,1769.0,4249.0,24000.0,0.0,0.0,0.0,0.0,0.0,24000.0,,,,,,,
66413504,1769.0,4249.0,12000.0,0.0,0.0,0.0,0.0,0.0,12000.0,,,,,,,
66413513,1769.0,4249.0,15000.0,0.0,0.0,0.0,0.0,0.0,15000.0,,,,,,,
66413521,1769.0,4249.0,96000.0,0.0,0.0,0.0,0.0,0.0,96000.0,,,,,,,
66413530,1769.0,4249.0,12000.0,0.0,0.0,0.0,0.0,0.0,12000.0,,,,,,,
66413555,1769.0,4249.0,44300.0,0.0,0.0,0.0,0.0,0.0,44300.0,,,,,,,
66413582,1769.0,4249.0,25000.0,0.0,0.0,0.0,0.0,0.0,25000.0,,,,,,,
66413678,1769.0,4249.0,72000.0,0.0,0.0,0.0,0.0,0.0,72000.0,,,,,,,
66413698,1769.0,4211.0,0.0,0.0,0.0,270000.0,0.0,0.0,270000.0,,,,,,,
76006958,,,,,,,,,,,,,,,,
76007022,,,,,,,,,,,,,,,,
76007123,,,,,,,,,,,,,,,,
76007175,,,,,,,,,,,,,,,,
76007232,,,,,,,,,,,,,,,,
76007282,,,,,,,,,,,,,,,,
76007342,,,,,,,,,,,,,,,,
76007396,,,,,,,,,,,,,,,,
76007455,,,,,,,,,,,,,,,,
78291484,,,,,,,,,,,,,,,,
78291854,,,,,,,,,,,,,,,,
78292262,,,,,,,,,,,,,,,,
78292898,,,,,,,,,,,,,,,,
78293283,,,,,,,,,,,,,,,,
78293789,,,,,,,,,,,,,,,,
78294308,,,,,,,,,,,,,,,,
78294734,,,,,,,,,,,,,,,,
78295231,,,,,,,,,,,,,,,,
78295741,,,,,,,,,,,,,,,,
78296455,,,,,,,,,,,,,,,,
78304862,,,,,,,,,,,,,,,,
78305290,,,,,,,,,,,,,,,,
78305649,,,,,,,,,,,,,,,,
78305972,,,,,,,,,,,,,,,,
78306371,,,,,,,,,,,,,,,,
78306723,,,,,,,,,,,,,,,,
78307069,,,,,,,,,,,,,,,,
78307429,,,,,,,,,,,,,,,,
78307752,,,,,,,,,,,,,,,,
78308089,,,,,,,,,,,,,,,,
78308486,,,,,,,,,,,,,,,,
78308892,,,,,,,,,,,,,,,,
78309307,,,,,,,,,,,,,,,,
78309882,,,,,,,,,,,,,,,,
78311950,,,,,,,,,,,,,,,,
78312336,,,,,,,,,,,,,,,,
78312748,,,,,,,,,,,,,,,,
78313156,,,,,,,,,,,,,,,,
78313751,,,,,,,,,,,,,,,,
78314175,,,,,,,,,,,,,,,,
78315045,,,,,,,,,,,,,,,,
78315819,,,,,,,,,,,,,,,,
78317323,,,,,,,,,,,,,,,,
78317867,,,,,,,,,,,,,,,,
78318252,,,,,,,,,,,,,,,,
78318830,,,,,,,,,,,,,,,,
78323220,,,,,,,,,,,,,,,,
78324177,,,,,,,,,,,,,,,,
78324560,,,,,,,,,,,,,,,,
78325114,,,,,,,,,,,,,,,,
78325828,,,,,,,,,,,,,,,,
78326606,,,,,,,,,,,,,,,,
78327230,,,,,,,,,,,,,,,,
78331885,,,,,,,,,,,,,,,,
78333098,,,,,,,,,,,,,,,,
78333703,,,,,,,,,,,,,,,,
78334196,,,,,,,,,,,,,,,,
78335039,,,,,,,,,,,,,,,,
78335754,,,,,,,,,,,,,,,,
78336456,,,,,,,,,,,,,,,,
78336684,,,,,,,,,,,,,,,,
78337223,,,,,,,,,,,,,,,,
78338498,,,,,,,,,,,,,,,,
78341462,,,,,,,,,,,,,,,,
78346124,,,,,,,,,,,,,,,,
78347077,,,,,,,,,,,,,,,,
78354498,,,,,,,,,,,,,,,,
78355648,,,,,,,,,,,,,,,,
78356501,,,,,,,,,,,,,,,,
78357400,,,,,,,,,,,,,,,,
78359969,,,,,,,,,,,,,,,,
78362712,,,,,,,,,,,,,,,,
78396054,,,,,,,,,,,,,,,,
78397958,,,,,,,,,,,,,,,,
78399176,,,,,,,,,,,,,,,,
78400252,,,,,,,,,,,,,,,,
78423159,,,,,,,,,,,,,,,,
78428437,,,,,,,,,,,,,,,,
79589397,,,,,,,,,,,,,,,,
79591109,,,,,,,,,,,,,,,,
79592610,,,,,,,,,,,,,,,,
79593248,,,,,,,,,,,,,,,,
79593966,,,,,,,,,,,,,,,,
79594596,,,,,,,,,,,,,,,,
79595217,,,,,,,,,,,,,,,,
79596978,,,,,,,,,,,,,,,,
79598106,,,,,,,,,,,,,,,,
79599273,,,,,,,,,,,,,,,,
79600076,,,,,,,,,,,,,,,,
79600929,,,,,,,,,,,,,,,,
79601796,,,,,,,,,,,,,,,,
79602679,,,,,,,,,,,,,,,,
79603440,,,,,,,,,,,,,,,,
79655074,,,,,,,,,,,,,,,,
79655403,,,,,,,,,,,,,,,,
79655884,,,,,,,,,,,,,,,,
79656248,,,,,,,,,,,,,,,,
79656606,,,,,,,,,,,,,,,,
79656977,,,,,,,,,,,,,,,,
79657311,,,,,,,,,,,,,,,,
79657879,,,,,,,,,,,,,,,,
80057932,,,,,,,,,,,,,,,,
80058683,,,,,,,,,,,,,,,,
80061758,,,,,,,,,,,,,,,,
80062121,,,,,,,,,,,,,,,,
80063013,,,,,,,,,,,,,,,,
80063602,,,,,,,,,,,,,,,,
80064748,,,,,,,,,,,,,,,,
80065174,,,,,,,,,,,,,,,,
80065899,,,,,,,,,,,,,,,,
80067305,,,,,,,,,,,,,,,,
80067772,,,,,,,,,,,,,,,,
80068653,,,,,,,,,,,,,,,,
80069104,,,,,,,,,,,,,,,,
80069469,,,,,,,,,,,,,,,,
80069939,,,,,,,,,,,,,,,,
80070351,,,,,,,,,,,,,,,,
80070805,,,,,,,,,,,,,,,,
80161404,,,,,,,,,,,,,,,,
80161935,,,,,,,,,,,,,,,,
80162506,,,,,,,,,,,,,,,,
80163528,,,,,,,,,,,,,,,,
80163974,,,,,,,,,,,,,,,,
80164448,,,,,,,,,,,,,,,,
80164965,,,,,,,,,,,,,,,,
80165679,,,,,,,,,,,,,,,,
80166219,,,,,,,,,,,,,,,,
80166547,,,,,,,,,,,,,,,,
80167377,,,,,,,,,,,,,,,,
81149921,,,,,,,,,,,,,,,,
81150396,,,,,,,,,,,,,,,,
81150726,,,,,,,,,,,,,,,,
81151551,,,,,,,,,,,,,,,,
81155259,,,,,,,,,,,,,,,,
81155849,,,,,,,,,,,,,,,,
81156342,,,,,,,,,,,,,,,,
81157260,,,,,,,,,,,,,,,,
81158407,,,,,,,,,,,,,,,,
81159362,,,,,,,,,,,,,,,,
83170944,1778.0,4250.0,0.0,0.0,0.0,200000.0,0.0,0.0,200000.0,,,,,,,
83171075,1778.0,4250.0,0.0,0.0,0.0,3844.0,0.0,0.0,3844.0,,,,,,,
83172472,1769.0,4249.0,42060.0,0.0,0.0,0.0,0.0,0.0,42060.0,,,,,,,
83173021,1769.0,4249.0,105200.0,0.0,0.0,0.0,0.0,0.0,105200.0,,,,,,,
83174584,0.0,0.0,0.0,0.0,0.0,20000.0,0.0,0.0,20000.0,,,,,,,
83177196,,,,,,,,,,,,,,,,
83177369,,,,,,,,,,,,,,,,
83177571,,,,,,,,,,,,,,,,
83177791,,,,,,,,,,,,,,,,
83178015,,,,,,,,,,,,,,,,
83178186,,,,,,,,,,,,,,,,
83178524,,,,,,,,,,,,,,,,
83178829,,,,,,,,,,,,,,,,
83179038,,,,,,,,,,,,,,,,
83179251,,,,,,,,,,,,,,,,
83179444,,,,,,,,,,,,,,,,
83179630,,,,,,,,,,,,,,,,
83179917,,,,,,,,,,,,,,,,
83180061,,,,,,,,,,,,,,,,
83180226,,,,,,,,,,,,,,,,
83180506,,,,,,,,,,,,,,,,
83180700,,,,,,,,,,,,,,,,
83180852,,,,,,,,,,,,,,,,
83180968,,,,,,,,,,,,,,,,
83181122,,,,,,,,,,,,,,,,
83181280,,,,,,,,,,,,,,,,
83181452,,,,,,,,,,,,,,,,
83181689,,,,,,,,,,,,,,,,
83181888,,,,,,,,,,,,,,,,
83182035,,,,,,,,,,,,,,,,
83183200,,,,,,,,,,,,,,,,
83183315,,,,,,,,,,,,,,,,
83183479,,,,,,,,,,,,,,,,
83183650,,,,,,,,,,,,,,,,
83184061,,,,,,,,,,,,,,,,
83171905,1769.0,4249.0,160000.0,0.0,0.0,0.0,0.0,0.0,160000.0,,,,,,,
83172150,1769.0,4249.0,160000.0,0.0,0.0,0.0,0.0,0.0,160000.0,,,,,,,
83170492,1778.0,4250.0,0.0,0.0,0.0,300000.0,0.0,0.0,300000.0,,,,,,,
83170712,1778.0,4250.0,0.0,0.0,0.0,300000.0,0.0,0.0,300000.0,,,,,,,
83171648,1769.0,4249.0,100000.0,0.0,0.0,0.0,0.0,0.0,100000.0,,,,,,,
83173257,1769.0,4249.0,105000.0,0.0,0.0,0.0,0.0,0.0,105000.0,,,,,,,
83173573,1769.0,4249.0,251860.0,0.0,0.0,0.0,0.0,0.0,251860.0,,,,,,,
83174810,1769.0,4211.0,0.0,0.0,0.0,116080.0,0.0,0.0,116080.0,,,,,,,
83175066,1769.0,4211.0,0.0,0.0,0.0,250000.0,0.0,0.0,250000.0,,,,,,,
83175291,1769.0,4211.0,0.0,0.0,0.0,250000.0,0.0,0.0,250000.0,,,,,,,
97885824,1769.0,4249.0,5000.0,0.0,0.0,0.0,0.0,0.0,5000.0,,,,,,,
97885884,0.0,0.0,0.0,0.0,0.0,20000.0,0.0,0.0,20000.0,,,,,,,
102278238,,,,,,,,,,,,,,,,
102279264,,,,,,,,,,,,,,,,
102280232,,,,,,,,,,,,,,,,
102280952,,,,,,,,,,,,,,,,
102281740,,,,,,,,,,,,,,,,
102282873,,,,,,,,,,,,,,,,
102283604,,,,,,,,,,,,,,,,
102286486,,,,,,,,,,,,,,,,
102287735,,,,,,,,,,,,,,,,
102288403,,,,,,,,,,,,,,,,
102291049,,,,,,,,,,,,,,,,
102293186,,,,,,,,,,,,,,,,
102294110,,,,,,,,,,,,,,,,
102294808,,,,,,,,,,,,,,,,
102295509,,,,,,,,,,,,,,,,
102296265,,,,,,,,,,,,,,,,
102296892,,,,,,,,,,,,,,,,
102297526,,,,,,,,,,,,,,,,
102298414,,,,,,,,,,,,,,,,
102300893,,,,,,,,,,,,,,,,
102301497,,,,,,,,,,,,,,,,
102302453,,,,,,,,,,,,,,,,
102303001,,,,,,,,,,,,,,,,
103013991,,,,,,,,,,,,,,,,
103014562,,,,,,,,,,,,,,,,
103016644,,,,,,,,,,,,,,,,
103017592,,,,,,,,,,,,,,,,
103017864,,,,,,,,,,,,,,,,
103017976,,,,,,,,,,,,,,,,
103018172,,,,,,,,,,,,,,,,
103018519,,,,,,,,,,,,,,,,
103018672,,,,,,,,,,,,,,,,
103018817,,,,,,,,,,,,,,,,
103019174,,,,,,,,,,,,,,,,
103019797,,,,,,,,,,,,,,,,
103019924,,,,,,,,,,,,,,,,
103020122,,,,,,,,,,,,,,,,
103020218,,,,,,,,,,,,,,,,
103020311,,,,,,,,,,,,,,,,
103272296,,,,,,,,,,,,,,,,
103274224,,,,,,,,,,,,,,,,
103275304,,,,,,,,,,,,,,,,
103276211,,,,,,,,,,,,,,,,
103278376,,,,,,,,,,,,,,,,
103282709,,,,,,,,,,,,,,,,
103283353,,,,,,,,,,,,,,,,
103284342,,,,,,,,,,,,,,,,
103285028,,,,,,,,,,,,,,,,
103286017,,,,,,,,,,,,,,,,
103287007,,,,,,,,,,,,,,,,
103288557,,,,,,,,,,,,,,,,
103289715,,,,,,,,,,,,,,,,
103292202,,,,,,,,,,,,,,,,
103293391,,,,,,,,,,,,,,,,
103397092,1769.0,4249.0,347507.0,0.0,0.0,0.0,0.0,0.0,347507.0,,,,,,,
103635510,1778.0,4250.0,0.0,0.0,0.0,3844.0,0.0,0.0,3844.0,,,,,,,
104262212,1769.0,4249.0,42060.0,0.0,0.0,0.0,0.0,0.0,42060.0,,,,,,,
104263544,1769.0,4249.0,90507.0,0.0,0.0,0.0,0.0,0.0,90507.0,,,,,,,
104424517,0.0,0.0,0.0,0.0,0.0,1.0,0.0,0.0,1.0,,,,,,,
104425034,0.0,0.0,0.0,0.0,0.0,1.0,0.0,0.0,1.0,,,,,,,
104425502,0.0,0.0,0.0,0.0,0.0,1.0,0.0,0.0,1.0,,,,,,,
104425880,0.0,0.0,0.0,0.0,0.0,1.0,0.0,0.0,1.0,,,,,,,
104426166,0.0,0.0,0.0,0.0,0.0,1.0,0.0,0.0,1.0,,,,,,,
104426716,0.0,0.0,0.0,0.0,0.0,1.0,0.0,0.0,1.0,,,,,,,
104429310,0.0,0.0,0.0,0.0,0.0,1.0,0.0,0.0,1.0,,,,,,,
104429546,0.0,0.0,0.0,0.0,0.0,1.0,0.0,0.0,1.0,,,,,,,
104429908,0.0,0.0,0.0,0.0,0.0,1.0,0.0,0.0,1.0,,,,,,,
104430108,0.0,0.0,0.0,0.0,0.0,1.0,0.0,0.0,1.0,,,,,,,
104430324,0.0,0.0,0.0,0.0,0.0,1.0,0.0,0.0,1.0,,,,,,,
104430531,0.0,0.0,0.0,0.0,0.0,1.0,0.0,0.0,1.0,,,,,,,
104430789,0.0,0.0,0.0,0.0,0.0,1.0,0.0,0.0,1.0,,,,,,,
104431078,0.0,0.0,0.0,0.0,0.0,1.0,0.0,0.0,1.0,,,,,,,
104431339,0.0,0.0,0.0,0.0,0.0,1.0,0.0,0.0,1.0,,,,,,,
104431351,0.0,0.0,0.0,0.0,0.0,1.0,0.0,0.0,1.0,,,,,,,
104431791,0.0,0.0,0.0,0.0,0.0,1.0,0.0,0.0,1.0,,,,,,,
104432256,1769.0,4249.0,1.0,0.0,0.0,0.0,0.0,0.0,1.0,,,,,,,
104432287,1769.0,4249.0,1.0,0.0,0.0,0.0,0.0,0.0,1.0,,,,,,,
104432720,0.0,0.0,0.0,0.0,0.0,1.0,0.0,0.0,1.0,,,,,,,
104433022,0.0,0.0,0.0,0.0,0.0,1.0,0.0,0.0,1.0,,,,,,,
104433471,0.0,0.0,0.0,0.0,0.0,1.0,0.0,0.0,1.0,,,,,,,
104446334,1778.0,4250.0,0.0,0.0,0.0,300000.0,0.0,0.0,300000.0,,,,,,,
104446981,1778.0,4250.0,0.0,0.0,0.0,300000.0,0.0,0.0,300000.0,,,,,,,
104447447,1769.0,4249.0,251860.0,0.0,0.0,0.0,0.0,0.0,251860.0,,,,,,,
104447873,1769.0,4249.0,15200.0,0.0,0.0,0.0,0.0,0.0,15200.0,,,,,,,
104491197,,,,,,,,,,,,,,,,
104491498,,,,,,,,,,,,,,,,
104264635,1778.0,4250.0,0.0,0.0,0.0,200000.0,0.0,0.0,200000.0,,,,,,,
103395804,1769.0,4249.0,100000.0,0.0,0.0,0.0,0.0,0.0,100000.0,,,,,,,
103399694,1769.0,4249.0,45000.0,0.0,0.0,0.0,0.0,0.0,45000.0,,,,,,,
103590271,1769.0,4249.0,3500.0,0.0,0.0,0.0,0.0,0.0,3500.0,,,,,,,
103590854,1769.0,4249.0,3500.0,0.0,0.0,0.0,0.0,0.0,3500.0,,,,,,,
103591270,1769.0,4249.0,3500.0,0.0,0.0,0.0,0.0,0.0,3500.0,,,,,,,
103591815,1769.0,4249.0,3500.0,0.0,0.0,0.0,0.0,0.0,3500.0,,,,,,,
103592539,1769.0,4249.0,3500.0,0.0,0.0,0.0,0.0,0.0,3500.0,,,,,,,
103593221,1769.0,4249.0,3500.0,0.0,0.0,0.0,0.0,0.0,3500.0,,,,,,,
103593835,1769.0,4249.0,3500.0,0.0,0.0,0.0,0.0,0.0,3500.0,,,,,,,
103594510,1769.0,4249.0,3500.0,0.0,0.0,0.0,0.0,0.0,3500.0,,,,,,,
103595175,1769.0,4249.0,3500.0,0.0,0.0,0.0,0.0,0.0,3500.0,,,,,,,
103595768,1769.0,4249.0,3500.0,0.0,0.0,0.0,0.0,0.0,3500.0,,,,,,,
103596374,1769.0,4249.0,3500.0,0.0,0.0,0.0,0.0,0.0,3500.0,,,,,,,
103597071,1769.0,4249.0,3500.0,0.0,0.0,0.0,0.0,0.0,3500.0,,,,,,,
103598945,1769.0,4211.0,0.0,0.0,0.0,250000.0,0.0,0.0,250000.0,,,,,,,
103599476,1769.0,4211.0,0.0,0.0,0.0,225426.0,0.0,0.0,225426.0,,,,,,,
103603821,1769.0,4211.0,0.0,0.0,0.0,177330.0,0.0,0.0,177330.0,,,,,,,
104262907,1769.0,4249.0,40000.0,0.0,0.0,0.0,0.0,0.0,40000.0,,,,,,,
115241738,0.0,0.0,0.0,0.0,0.0,20000.0,0.0,0.0,20000.0,,,,,,,
119752085,,,,,,,,,,,,,,,,
119794961,,,,,,,,,,,,,,,,
119800195,,,,,,,,,,,,,,,,
119801022,,,,,,,,,,,,,,,,
119801579,,,,,,,,,,,,,,,,
119802029,,,,,,,,,,,,,,,,
119802475,,,,,,,,,,,,,,,,
119802855,,,,,,,,,,,,,,,,
119803202,,,,,,,,,,,,,,,,
119803999,,,,,,,,,,,,,,,,
119805664,,,,,,,,,,,,,,,,
119806008,,,,,,,,,,,,,,,,
119806716,,,,,,,,,,,,,,,,
119829405,,,,,,,,,,,,,,,,
119829558,,,,,,,,,,,,,,,,
119829699,,,,,,,,,,,,,,,,
119830382,,,,,,,,,,,,,,,,
119830718,,,,,,,,,,,,,,,,
119831398,,,,,,,,,,,,,,,,
119832586,,,,,,,,,,,,,,,,
119834103,,,,,,,,,,,,,,,,
119834250,,,,,,,,,,,,,,,,
119834440,,,,,,,,,,,,,,,,
119834756,,,,,,,,,,,,,,,,
119834866,,,,,,,,,,,,,,,,
119835073,,,,,,,,,,,,,,,,
119835201,,,,,,,,,,,,,,,,
119835866,,,,,,,,,,,,,,,,
119836972,,,,,,,,,,,,,,,,
119837252,,,,,,,,,,,,,,,,
119837441,,,,,,,,,,,,,,,,
119837800,,,,,,,,,,,,,,,,
119837972,,,,,,,,,,,,,,,,
119838626,,,,,,,,,,,,,,,,
119838758,,,,,,,,,,,,,,,,
119839711,,,,,,,,,,,,,,,,
119839796,,,,,,,,,,,,,,,,
119956108,,,,,,,,,,,,,,,,
119956258,,,,,,,,,,,,,,,,
119956405,,,,,,,,,,,,,,,,
119956574,,,,,,,,,,,,,,,,
119956732,,,,,,,,,,,,,,,,
119956937,,,,,,,,,,,,,,,,
119957199,,,,,,,,,,,,,,,,
119957352,,,,,,,,,,,,,,,,
119957637,,,,,,,,,,,,,,,,
119957822,,,,,,,,,,,,,,,,
119958011,,,,,,,,,,,,,,,,
119958139,,,,,,,,,,,,,,,,
119958288,,,,,,,,,,,,,,,,
119958421,,,,,,,,,,,,,,,,
119958578,,,,,,,,,,,,,,,,
119959198,,,,,,,,,,,,,,,,
120124502,,,,,,,,,,,,,,,,
120125467,,,,,,,,,,,,,,,,
120125802,,,,,,,,,,,,,,,,
120126116,,,,,,,,,,,,,,,,
120126430,,,,,,,,,,,,,,,,
120126768,,,,,,,,,,,,,,,,
120127195,,,,,,,,,,,,,,,,
120127606,,,,,,,,,,,,,,,,
120127962,,,,,,,,,,,,,,,,
120128628,,,,,,,,,,,,,,,,
120129092,,,,,,,,,,,,,,,,
120130904,,,,,,,,,,,,,,,,
120131312,,,,,,,,,,,,,,,,
120131970,,,,,,,,,,,,,,,,
120132360,,,,,,,,,,,,,,,,
120132796,,,,,,,,,,,,,,,,
120133131,,,,,,,,,,,,,,,,
120133992,,,,,,,,,,,,,,,,
120134359,,,,,,,,,,,,,,,,
120134642,,,,,,,,,,,,,,,,
120134933,,,,,,,,,,,,,,,,
120135206,,,,,,,,,,,,,,,,
120135726,,,,,,,,,,,,,,,,
120136291,,,,,,,,,,,,,,,,
120137241,,,,,,,,,,,,,,,,
120137910,,,,,,,,,,,,,,,,
120138596,,,,,,,,,,,,,,,,
120138910,,,,,,,,,,,,,,,,
120139356,,,,,,,,,,,,,,,,
120139835,,,,,,,,,,,,,,,,
120140236,,,,,,,,,,,,,,,,
120140509,,,,,,,,,,,,,,,,
120140936,,,,,,,,,,,,,,,,
120141173,,,,,,,,,,,,,,,,
120141918,,,,,,,,,,,,,,,,
120142202,,,,,,,,,,,,,,,,
120142605,,,,,,,,,,,,,,,,
120142971,,,,,,,,,,,,,,,,
120143286,,,,,,,,,,,,,,,,
120143754,,,,,,,,,,,,,,,,
120144163,,,,,,,,,,,,,,,,
120144471,,,,,,,,,,,,,,,,
120144804,,,,,,,,,,,,,,,,
120145099,,,,,,,,,,,,,,,,
120145453,,,,,,,,,,,,,,,,
120146187,,,,,,,,,,,,,,,,
120666767,,,,,,,,,,,,,,,,
120667125,,,,,,,,,,,,,,,,
120667452,,,,,,,,,,,,,,,,
120667655,,,,,,,,,,,,,,,,
120667902,,,,,,,,,,,,,,,,
120668252,,,,,,,,,,,,,,,,
120669879,,,,,,,,,,,,,,,,
120670138,,,,,,,,,,,,,,,,
120670976,,,,,,,,,,,,,,,,
120683412,,,,,,,,,,,,,,,,
120683508,,,,,,,,,,,,,,,,
120683710,,,,,,,,,,,,,,,,
120683938,,,,,,,,,,,,,,,,
125266228,,,,,,,,,,,,,,,,
125339970,,,,,,,,,,,,,,,,
125340182,,,,,,,,,,,,,,,,
125959597,1769.0,4249.0,90000.0,0.0,0.0,0.0,0.0,0.0,90000.0,,,,,,,
125959644,1769.0,4249.0,30000.0,0.0,0.0,0.0,0.0,0.0,30000.0,,,,,,,
125959658,1769.0,4249.0,40000.0,0.0,0.0,0.0,0.0,0.0,40000.0,,,,,,,
125959677,1769.0,4249.0,24900.0,0.0,0.0,0.0,0.0,0.0,24900.0,,,,,,,
125959749,1769.0,4249.0,36167.0,0.0,0.0,0.0,0.0,0.0,36167.0,,,,,,,
125960240,1769.0,4249.0,40000.0,0.0,0.0,0.0,0.0,0.0,40000.0,,,,,,,
125960265,1769.0,4249.0,30000.0,0.0,0.0,0.0,0.0,0.0,30000.0,,,,,,,
125960270,1769.0,4249.0,30000.0,0.0,0.0,0.0,0.0,0.0,30000.0,,,,,,,
125960302,1769.0,4249.0,3500.0,0.0,0.0,0.0,0.0,0.0,3500.0,,,,,,,
125960314,1769.0,4249.0,3500.0,0.0,0.0,0.0,0.0,0.0,3500.0,,,,,,,
125960329,1769.0,4249.0,3500.0,0.0,0.0,0.0,0.0,0.0,3500.0,,,,,,,
125960343,1769.0,4249.0,3500.0,0.0,0.0,0.0,0.0,0.0,3500.0,,,,,,,
125960359,1769.0,4249.0,3500.0,0.0,0.0,0.0,0.0,0.0,3500.0,,,,,,,
125960391,1769.0,4249.0,3500.0,0.0,0.0,0.0,0.0,0.0,3500.0,,,,,,,
125960398,1769.0,4249.0,3500.0,0.0,0.0,0.0,0.0,0.0,3500.0,,,,,,,
125961151,1769.0,4211.0,0.0,0.0,0.0,80900.0,0.0,0.0,80900.0,,,,,,,
125961164,1769.0,4211.0,0.0,0.0,0.0,419856.0,0.0,0.0,419856.0,,,,,,,
125961174,1769.0,4211.0,0.0,0.0,0.0,23000.0,0.0,0.0,23000.0,,,,,,,
125961177,1769.0,4211.0,0.0,0.0,0.0,12000.0,0.0,0.0,12000.0,,,,,,,
125961216,1778.0,4250.0,0.0,0.0,0.0,73844.0,0.0,0.0,73844.0,,,,,,,
125966090,,,,,,,,,,,,,,,,
125966147,,,,,,,,,,,,,,,,
125966166,,,,,,,,,,,,,,,,
125966190,,,,,,,,,,,,,,,,
125966202,,,,,,,,,,,,,,,,
125966218,,,,,,,,,,,,,,,,
125966233,,,,,,,,,,,,,,,,
125966256,,,,,,,,,,,,,,,,
125966336,,,,,,,,,,,,,,,,
125966349,,,,,,,,,,,,,,,,
125966377,,,,,,,,,,,,,,,,
125966392,,,,,,,,,,,,,,,,
125966406,,,,,,,,,,,,,,,,
125966420,,,,,,,,,,,,,,,,
125966727,,,,,,,,,,,,,,,,
125966735,,,,,,,,,,,,,,,,
125966778,0.0,0.0,0.0,0.0,0.0,1.0,0.0,0.0,1.0,,,,,,,
125966782,0.0,0.0,0.0,0.0,0.0,1.0,0.0,0.0,1.0,,,,,,,
125966787,0.0,0.0,0.0,0.0,0.0,1.0,0.0,0.0,1.0,,,,,,,
125966792,0.0,0.0,0.0,0.0,0.0,1.0,0.0,0.0,1.0,,,,,,,
125966801,0.0,0.0,0.0,0.0,0.0,1.0,0.0,0.0,1.0,,,,,,,
125966804,0.0,0.0,0.0,0.0,0.0,1.0,0.0,0.0,1.0,,,,,,,
125966811,0.0,0.0,0.0,0.0,0.0,1.0,0.0,0.0,1.0,,,,,,,
125966816,0.0,0.0,0.0,0.0,0.0,1.0,0.0,0.0,1.0,,,,,,,
125966819,0.0,0.0,0.0,0.0,0.0,1.0,0.0,0.0,1.0,,,,,,,
125966822,0.0,0.0,0.0,0.0,0.0,1.0,0.0,0.0,1.0,,,,,,,
125966824,0.0,0.0,0.0,0.0,0.0,1.0,0.0,0.0,1.0,,,,,,,
125966831,0.0,0.0,0.0,0.0,0.0,1.0,0.0,0.0,1.0,,,,,,,
125966834,0.0,0.0,0.0,0.0,0.0,1.0,0.0,0.0,1.0,,,,,,,
125966839,0.0,0.0,0.0,0.0,0.0,1.0,0.0,0.0,1.0,,,,,,,
125966864,0.0,0.0,0.0,0.0,0.0,1.0,0.0,0.0,1.0,,,,,,,
125966867,0.0,0.0,0.0,0.0,0.0,1.0,0.0,0.0,1.0,,,,,,,
125966874,0.0,0.0,0.0,0.0,0.0,1.0,0.0,0.0,1.0,,,,,,,
125967105,0.0,0.0,0.0,0.0,0.0,1.0,0.0,0.0,1.0,,,,,,,
125967108,0.0,0.0,0.0,0.0,0.0,1.0,0.0,0.0,1.0,,,,,,,
125967114,0.0,0.0,0.0,0.0,0.0,1.0,0.0,0.0,1.0,,,,,,,
125967119,0.0,0.0,0.0,0.0,0.0,1.0,0.0,0.0,1.0,,,,,,,
125967126,0.0,0.0,0.0,0.0,0.0,1.0,0.0,0.0,1.0,,,,,,,
125967130,0.0,0.0,0.0,0.0,0.0,1.0,0.0,0.0,1.0,,,,,,,
125967134,0.0,0.0,0.0,0.0,0.0,1.0,0.0,0.0,1.0,,,,,,,
125967139,0.0,0.0,0.0,0.0,0.0,1.0,0.0,0.0,1.0,,,,,,,
125967149,0.0,0.0,0.0,0.0,0.0,1.0,0.0,0.0,1.0,,,,,,,
125967152,0.0,0.0,0.0,0.0,0.0,1.0,0.0,0.0,1.0,,,,,,,
125967155,0.0,0.0,0.0,0.0,0.0,1.0,0.0,0.0,1.0,,,,,,,
125967158,0.0,0.0,0.0,0.0,0.0,1.0,0.0,0.0,1.0,,,,,,,
125967164,0.0,0.0,0.0,0.0,0.0,1.0,0.0,0.0,1.0,,,,,,,
125967167,0.0,0.0,0.0,0.0,0.0,1.0,0.0,0.0,1.0,,,,,,,
125967175,0.0,0.0,0.0,0.0,0.0,1.0,0.0,0.0,1.0,,,,,,,
125967180,0.0,0.0,0.0,0.0,0.0,1.0,0.0,0.0,1.0,,,,,,,
125959525,1769.0,4249.0,100000.0,0.0,0.0,0.0,0.0,0.0,100000.0,,,,,,,
125959551,1769.0,4249.0,339567.0,0.0,0.0,0.0,0.0,0.0,339567.0,,,,,,,
125959569,1769.0,4249.0,50000.0,0.0,0.0,0.0,0.0,0.0,50000.0,,,,,,,
125959616,1769.0,4249.0,144000.0,0.0,0.0,0.0,0.0,0.0,144000.0,,,,,,,
125961168,1769.0,4211.0,0.0,0.0,0.0,117000.0,0.0,0.0,117000.0,,,,,,,
125961183,1778.0,4250.0,0.0,0.0,0.0,250000.0,0.0,0.0,250000.0,,,,,,,
125961193,1778.0,4250.0,0.0,0.0,0.0,250000.0,0.0,0.0,250000.0,,,,,,,
125961209,1778.0,4250.0,0.0,0.0,0.0,200000.0,0.0,0.0,200000.0,,,,,,,
125961224,1778.0,4250.0,0.0,0.0,0.0,30000.0,0.0,0.0,30000.0,,,,,,,
44717176,1518.0,3880.0,0.0,0.0,0.0,45000.0,0.0,0.0,45000.0,,,,,,,
44721009,1518.0,3880.0,0.0,0.0,0.0,100000.0,0.0,0.0,100000.0,,,,,,,
44721025,1518.0,3880.0,0.0,0.0,0.0,200000.0,0.0,0.0,200000.0,,,,,,,
44721050,1518.0,3880.0,0.0,0.0,0.0,60000.0,0.0,0.0,60000.0,,,,,,,
65286766,1778.0,4250.0,0.0,0.0,0.0,178614.0,0.0,0.0,178614.0,,,,,,,
44716708,1518.0,3880.0,0.0,0.0,0.0,120000.0,0.0,0.0,120000.0,,,,,,,
38553746,1769.0,4249.0,150000.0,0.0,0.0,0.0,0.0,0.0,150000.0,,,,,,,
38553887,1769.0,4249.0,144286.0,0.0,0.0,0.0,0.0,0.0,144286.0,,,,,,,
38553954,1769.0,4249.0,175000.0,0.0,0.0,0.0,0.0,0.0,175000.0,,,,,,,
38554241,1769.0,4249.0,115000.0,0.0,0.0,0.0,0.0,0.0,115000.0,,,,,,,
38554282,1769.0,4249.0,100000.0,0.0,0.0,0.0,0.0,0.0,100000.0,,,,,,,
38554319,1769.0,4211.0,0.0,0.0,0.0,50000.0,0.0,0.0,50000.0,,,,,,,
38554360,1769.0,4249.0,106382.0,0.0,0.0,0.0,0.0,0.0,106382.0,,,,,,,
38554424,1769.0,4211.0,0.0,0.0,0.0,50000.0,0.0,0.0,50000.0,,,,,,,
38554458,1769.0,4211.0,0.0,0.0,0.0,60000.0,0.0,0.0,60000.0,,,,,,,
38554518,1769.0,4211.0,0.0,0.0,0.0,500000.0,0.0,0.0,500000.0,,,,,,,
38554554,1769.0,4211.0,0.0,0.0,0.0,60000.0,0.0,0.0,60000.0,,,,,,,
38554579,1769.0,4211.0,0.0,0.0,0.0,186772.0,0.0,0.0,186772.0,,,,,,,
38554754,1778.0,4250.0,0.0,0.0,0.0,593074.0,0.0,0.0,593074.0,,,,,,,
44714596,1518.0,3880.0,0.0,0.0,0.0,30000.0,0.0,0.0,30000.0,,,,,,,
44714603,1518.0,3880.0,0.0,0.0,0.0,30000.0,0.0,0.0,30000.0,,,,,,,
44714612,1518.0,3880.0,0.0,0.0,0.0,30000.0,0.0,0.0,30000.0,,,,,,,
44716654,1518.0,3880.0,0.0,0.0,0.0,30000.0,0.0,0.0,30000.0,,,,,,,
44716682,1518.0,3880.0,0.0,0.0,0.0,20000.0,0.0,0.0,20000.0,,,,,,,
44716724,1518.0,3880.0,0.0,0.0,0.0,168000.0,0.0,0.0,168000.0,,,,,,,
44716747,1518.0,3880.0,0.0,0.0,0.0,126000.0,0.0,0.0,126000.0,,,,,,,
44716767,1518.0,3880.0,0.0,0.0,0.0,126000.0,0.0,0.0,126000.0,,,,,,,
44717060,1518.0,3880.0,0.0,0.0,0.0,42000.0,0.0,0.0,42000.0,,,,,,,
44717082,1518.0,3880.0,0.0,0.0,0.0,42000.0,0.0,0.0,42000.0,,,,,,,
44717099,1518.0,3880.0,0.0,0.0,0.0,42000.0,0.0,0.0,42000.0,,,,,,,
44717122,1518.0,3880.0,0.0,0.0,0.0,500000.0,0.0,0.0,500000.0,,,,,,,
44717137,1518.0,3880.0,0.0,0.0,0.0,150000.0,0.0,0.0,150000.0,,,,,,,
44717151,1518.0,3880.0,0.0,0.0,0.0,76830.0,0.0,0.0,76830.0,,,,,,,
44717163,1518.0,3880.0,0.0,0.0,0.0,200000.0,0.0,0.0,200000.0,,,,,,,
44720899,1518.0,3880.0,0.0,0.0,0.0,150000.0,0.0,0.0,150000.0,,,,,,,
44720919,1518.0,3880.0,0.0,0.0,0.0,262370.0,0.0,0.0,262370.0,,,,,,,
44720945,1518.0,3880.0,0.0,0.0,0.0,250000.0,0.0,0.0,250000.0,,,,,,,
44720961,1518.0,3880.0,0.0,0.0,0.0,80000.0,0.0,0.0,80000.0,,,,,,,
44720974,1518.0,3880.0,0.0,0.0,0.0,200000.0,0.0,0.0,200000.0,,,,,,,
44720985,1518.0,3880.0,0.0,0.0,0.0,500000.0,0.0,0.0,500000.0,,,,,,,
44721063,1518.0,3880.0,0.0,0.0,0.0,397800.0,0.0,0.0,397800.0,,,,,,,
44721089,1526.0,3907.0,0.0,0.0,0.0,448701.0,0.0,0.0,448701.0,,,,,,,
65286426,1769.0,4249.0,100104.0,0.0,0.0,0.0,0.0,0.0,100104.0,,,,,,,
65286540,1769.0,4211.0,0.0,0.0,0.0,134000.0,0.0,0.0,134000.0,,,,,,,
65286586,1769.0,4211.0,0.0,0.0,0.0,50000.0,0.0,0.0,50000.0,,,,,,,
38552980,1769.0,4211.0,0.0,0.0,0.0,24000.0,0.0,0.0,24000.0,0.0,0.0,0.0,24000.0,0.0,0.0,
38553559,1769.0,4249.0,75000.0,0.0,0.0,0.0,0.0,0.0,75000.0,75000.0,0.0,0.0,0.0,0.0,0.0,
38553806,1769.0,4211.0,0.0,0.0,0.0,20000.0,0.0,0.0,20000.0,0.0,0.0,0.0,20000.0,0.0,0.0,
38553824,1769.0,4211.0,0.0,0.0,0.0,15000.0,0.0,0.0,15000.0,0.0,0.0,0.0,15000.0,0.0,0.0,
38553917,1769.0,4249.0,25104.0,0.0,0.0,0.0,0.0,0.0,25104.0,25104.0,0.0,0.0,0.0,0.0,0.0,
38554009,1769.0,4249.0,75000.0,0.0,0.0,0.0,0.0,0.0,75000.0,75000.0,0.0,0.0,0.0,0.0,0.0,
44043553,1778.0,4250.0,0.0,0.0,0.0,50000.0,0.0,0.0,50000.0,0.0,0.0,0.0,50000.0,0.0,0.0,
54925960,1769.0,4249.0,250000.0,0.0,0.0,0.0,0.0,0.0,250000.0,,,,,,,
54926014,1769.0,4249.0,119149.0,0.0,0.0,0.0,0.0,0.0,119149.0,,,,,,,
54926077,1769.0,4249.0,72000.0,0.0,0.0,0.0,0.0,0.0,72000.0,,,,,,,
54926136,1769.0,4249.0,200000.0,0.0,0.0,0.0,0.0,0.0,200000.0,,,,,,,
54926161,1769.0,4249.0,100000.0,0.0,0.0,0.0,0.0,0.0,100000.0,,,,,,,
54926188,1769.0,4211.0,0.0,0.0,0.0,300000.0,0.0,0.0,300000.0,,,,,,,
54926224,1769.0,4211.0,0.0,0.0,0.0,150000.0,0.0,0.0,150000.0,,,,,,,
54926248,1769.0,4211.0,0.0,0.0,0.0,138198.0,0.0,0.0,138198.0,,,,,,,
54926315,1778.0,4250.0,0.0,0.0,0.0,243074.0,0.0,0.0,243074.0,,,,,,,
54926346,1778.0,4250.0,0.0,0.0,0.0,200000.0,0.0,0.0,200000.0,,,,,,,
54926383,1778.0,4250.0,0.0,0.0,0.0,200000.0,0.0,0.0,200000.0,,,,,,,
54926426,1769.0,4249.0,141149.0,0.0,0.0,0.0,0.0,0.0,141149.0,,,,,,,
59982749,1769.0,4211.0,0.0,0.0,0.0,163621.0,0.0,0.0,163621.0,,,,,,,
59982970,0.0,0.0,0.0,0.0,0.0,23560.0,0.0,0.0,23560.0,,,,,,,
65698277,1778.0,4250.0,0.0,0.0,0.0,100000.0,0.0,0.0,100000.0,,,,,,,
65707079,1769.0,4249.0,122717.0,0.0,0.0,0.0,0.0,0.0,122717.0,,,,,,,
65707098,1769.0,4249.0,122717.0,0.0,0.0,0.0,0.0,0.0,122717.0,,,,,,,
65696910,1769.0,4249.0,150000.0,0.0,0.0,0.0,0.0,0.0,150000.0,,,,,,,
65697004,1769.0,4249.0,246744.0,0.0,0.0,0.0,0.0,0.0,246744.0,,,,,,,
65697031,1769.0,4249.0,60000.0,0.0,0.0,0.0,0.0,0.0,60000.0,,,,,,,
65697062,1769.0,4249.0,200000.0,0.0,0.0,0.0,0.0,0.0,200000.0,,,,,,,
65697095,1769.0,4249.0,90000.0,0.0,0.0,0.0,0.0,0.0,90000.0,,,,,,,
65697137,1769.0,4249.0,166743.0,0.0,0.0,0.0,0.0,0.0,166743.0,,,,,,,
65697900,1769.0,4211.0,0.0,0.0,0.0,50000.0,0.0,0.0,50000.0,,,,,,,
65698169,1769.0,4211.0,0.0,0.0,0.0,100000.0,0.0,0.0,100000.0,,,,,,,
65698185,1769.0,4211.0,0.0,0.0,0.0,198100.0,0.0,0.0,198100.0,,,,,,,
65698207,1769.0,4211.0,0.0,0.0,0.0,100000.0,0.0,0.0,100000.0,,,,,,,
65698226,1769.0,4211.0,0.0,0.0,0.0,60891.0,0.0,0.0,60891.0,,,,,,,
65698242,1778.0,4250.0,0.0,0.0,0.0,243120.0,0.0,0.0,243120.0,,,,,,,
65698258,1778.0,4250.0,0.0,0.0,0.0,200000.0,0.0,0.0,200000.0,,,,,,,
65698292,1778.0,4250.0,0.0,0.0,0.0,100000.0,0.0,0.0,100000.0,,,,,,,
65708798,1769.0,4211.0,0.0,0.0,0.0,100000.0,0.0,0.0,100000.0,,,,,,,
75347616,,,,,,,,,,,,,,,,
77864623,,,,,,,,,,,,,,,,
77865172,,,,,,,,,,,,,,,,
77865884,,,,,,,,,,,,,,,,
77867877,,,,,,,,,,,,,,,,
77869063,,,,,,,,,,,,,,,,
77903457,,,,,,,,,,,,,,,,
77903982,,,,,,,,,,,,,,,,
77904286,,,,,,,,,,,,,,,,
77904569,,,,,,,,,,,,,,,,
77908740,,,,,,,,,,,,,,,,
77909327,,,,,,,,,,,,,,,,
77910008,,,,,,,,,,,,,,,,
77910736,,,,,,,,,,,,,,,,
77911574,,,,,,,,,,,,,,,,
77912250,,,,,,,,,,,,,,,,
77912877,,,,,,,,,,,,,,,,
77913726,,,,,,,,,,,,,,,,
77914498,,,,,,,,,,,,,,,,
77915748,,,,,,,,,,,,,,,,
77916510,,,,,,,,,,,,,,,,
77918095,,,,,,,,,,,,,,,,
77918920,,,,,,,,,,,,,,,,
77920806,,,,,,,,,,,,,,,,
77921466,,,,,,,,,,,,,,,,
77922187,,,,,,,,,,,,,,,,
77924142,,,,,,,,,,,,,,,,
77941318,,,,,,,,,,,,,,,,
77943263,,,,,,,,,,,,,,,,
77946305,,,,,,,,,,,,,,,,
77948799,,,,,,,,,,,,,,,,
77950232,,,,,,,,,,,,,,,,
77953397,,,,,,,,,,,,,,,,
77955405,,,,,,,,,,,,,,,,
77956772,,,,,,,,,,,,,,,,
77957745,,,,,,,,,,,,,,,,
77959447,,,,,,,,,,,,,,,,
77961235,,,,,,,,,,,,,,,,
77961855,,,,,,,,,,,,,,,,
77963780,,,,,,,,,,,,,,,,
77964782,,,,,,,,,,,,,,,,
77965915,,,,,,,,,,,,,,,,
77967570,,,,,,,,,,,,,,,,
77968443,,,,,,,,,,,,,,,,
77969582,,,,,,,,,,,,,,,,
77970764,,,,,,,,,,,,,,,,
77971968,,,,,,,,,,,,,,,,
77973182,,,,,,,,,,,,,,,,
77974316,,,,,,,,,,,,,,,,
77977259,,,,,,,,,,,,,,,,
77981758,,,,,,,,,,,,,,,,
77984911,,,,,,,,,,,,,,,,
77992338,,,,,,,,,,,,,,,,
77995827,,,,,,,,,,,,,,,,
77997226,,,,,,,,,,,,,,,,
77999017,,,,,,,,,,,,,,,,
78000708,,,,,,,,,,,,,,,,
78002325,,,,,,,,,,,,,,,,
78003805,,,,,,,,,,,,,,,,
78005455,,,,,,,,,,,,,,,,
78006902,,,,,,,,,,,,,,,,
78008706,,,,,,,,,,,,,,,,
78009461,,,,,,,,,,,,,,,,
78011919,,,,,,,,,,,,,,,,
78013161,,,,,,,,,,,,,,,,
78014571,,,,,,,,,,,,,,,,
78015593,,,,,,,,,,,,,,,,
78059952,,,,,,,,,,,,,,,,
78061631,,,,,,,,,,,,,,,,
78062965,,,,,,,,,,,,,,,,
78064794,,,,,,,,,,,,,,,,
78066339,,,,,,,,,,,,,,,,
78068242,,,,,,,,,,,,,,,,
78070187,,,,,,,,,,,,,,,,
78071382,,,,,,,,,,,,,,,,
78072582,,,,,,,,,,,,,,,,
78073447,,,,,,,,,,,,,,,,
78079918,,,,,,,,,,,,,,,,
78083465,,,,,,,,,,,,,,,,
78085073,,,,,,,,,,,,,,,,
78087469,,,,,,,,,,,,,,,,
78133783,,,,,,,,,,,,,,,,
78134923,,,,,,,,,,,,,,,,
78140944,,,,,,,,,,,,,,,,
78142922,,,,,,,,,,,,,,,,
78143910,,,,,,,,,,,,,,,,
78144619,,,,,,,,,,,,,,,,
78146269,,,,,,,,,,,,,,,,
78147613,,,,,,,,,,,,,,,,
78157932,,,,,,,,,,,,,,,,
78158981,,,,,,,,,,,,,,,,
78159635,,,,,,,,,,,,,,,,
78160617,,,,,,,,,,,,,,,,
78161139,,,,,,,,,,,,,,,,
78161608,,,,,,,,,,,,,,,,
78162143,,,,,,,,,,,,,,,,
78162763,,,,,,,,,,,,,,,,
78163495,,,,,,,,,,,,,,,,
78163922,,,,,,,,,,,,,,,,
78164614,,,,,,,,,,,,,,,,
78166224,,,,,,,,,,,,,,,,
78167242,,,,,,,,,,,,,,,,
78168016,,,,,,,,,,,,,,,,
78169122,,,,,,,,,,,,,,,,
78169615,,,,,,,,,,,,,,,,
78170152,,,,,,,,,,,,,,,,
78172342,,,,,,,,,,,,,,,,
78172868,,,,,,,,,,,,,,,,
78173275,,,,,,,,,,,,,,,,
78173675,,,,,,,,,,,,,,,,
78174150,,,,,,,,,,,,,,,,
78175677,,,,,,,,,,,,,,,,
78177754,,,,,,,,,,,,,,,,
78178240,,,,,,,,,,,,,,,,
78180383,,,,,,,,,,,,,,,,
78181131,,,,,,,,,,,,,,,,
78181578,,,,,,,,,,,,,,,,
78181948,,,,,,,,,,,,,,,,
78182187,,,,,,,,,,,,,,,,
78182571,,,,,,,,,,,,,,,,
78182884,,,,,,,,,,,,,,,,
78183619,,,,,,,,,,,,,,,,
78183902,,,,,,,,,,,,,,,,
78220668,,,,,,,,,,,,,,,,
78223128,,,,,,,,,,,,,,,,
79071357,,,,,,,,,,,,,,,,
79074895,,,,,,,,,,,,,,,,
79078314,,,,,,,,,,,,,,,,
79110019,1769.0,4211.0,0.0,0.0,0.0,168808.0,0.0,0.0,168808.0,,,,,,,
79110402,1769.0,4211.0,0.0,0.0,0.0,200000.0,0.0,0.0,200000.0,,,,,,,
79139657,,,,,,,,,,,,,,,,
79140915,,,,,,,,,,,,,,,,
79141659,,,,,,,,,,,,,,,,
79142822,,,,,,,,,,,,,,,,
79143411,,,,,,,,,,,,,,,,
79145604,,,,,,,,,,,,,,,,
79146476,,,,,,,,,,,,,,,,
79146737,,,,,,,,,,,,,,,,
79148661,,,,,,,,,,,,,,,,
79149242,,,,,,,,,,,,,,,,
79149701,,,,,,,,,,,,,,,,
79150405,,,,,,,,,,,,,,,,
79150740,,,,,,,,,,,,,,,,
79151175,,,,,,,,,,,,,,,,
79151384,,,,,,,,,,,,,,,,
79152020,,,,,,,,,,,,,,,,
79152413,,,,,,,,,,,,,,,,
79152759,,,,,,,,,,,,,,,,
79153034,,,,,,,,,,,,,,,,
79153244,,,,,,,,,,,,,,,,
79153660,,,,,,,,,,,,,,,,
79154076,,,,,,,,,,,,,,,,
79154331,,,,,,,,,,,,,,,,
79154548,,,,,,,,,,,,,,,,
79154718,,,,,,,,,,,,,,,,
79154917,,,,,,,,,,,,,,,,
79155173,,,,,,,,,,,,,,,,
79945856,,,,,,,,,,,,,,,,
79948929,,,,,,,,,,,,,,,,
79950201,,,,,,,,,,,,,,,,
79999559,,,,,,,,,,,,,,,,
80000727,,,,,,,,,,,,,,,,
80001997,,,,,,,,,,,,,,,,
80003330,,,,,,,,,,,,,,,,
80003851,,,,,,,,,,,,,,,,
80004358,,,,,,,,,,,,,,,,
81171079,38.0,1.0,0.0,0.0,0.0,1000000.0,0.0,0.0,1000000.0,,,,,,,
81176144,38.0,1.0,0.0,0.0,0.0,1000000.0,0.0,0.0,1000000.0,,,,,,,
81177523,38.0,1.0,0.0,0.0,0.0,1000000.0,0.0,0.0,1000000.0,,,,,,,
81179410,38.0,1.0,0.0,0.0,0.0,1000000.0,0.0,0.0,1000000.0,,,,,,,
81197318,38.0,1.0,0.0,0.0,0.0,500000.0,0.0,0.0,500000.0,,,,,,,
81197653,38.0,1.0,0.0,0.0,0.0,500000.0,0.0,0.0,500000.0,,,,,,,
81201345,0.0,0.0,0.0,0.0,0.0,18750.0,0.0,0.0,18750.0,,,,,,,
81202201,0.0,0.0,0.0,0.0,0.0,6250.0,0.0,0.0,6250.0,,,,,,,
81206103,,,,,,,,,,,,,,,,
81206363,,,,,,,,,,,,,,,,
81206895,,,,,,,,,,,,,,,,
81207248,,,,,,,,,,,,,,,,
81207622,,,,,,,,,,,,,,,,
81207957,,,,,,,,,,,,,,,,
81208297,,,,,,,,,,,,,,,,
81208555,,,,,,,,,,,,,,,,
81208842,,,,,,,,,,,,,,,,
81209169,,,,,,,,,,,,,,,,
81210249,,,,,,,,,,,,,,,,
81210615,,,,,,,,,,,,,,,,
81211047,,,,,,,,,,,,,,,,
81211357,,,,,,,,,,,,,,,,
81280135,1778.0,4250.0,0.0,0.0,0.0,93229.0,0.0,0.0,93229.0,,,,,,,
81280889,38.0,1.0,0.0,0.0,0.0,300000.0,0.0,0.0,300000.0,,,,,,,
75759321,1769.0,4249.0,50000.0,0.0,0.0,0.0,0.0,0.0,50000.0,,,,,,,
75759533,1769.0,4249.0,70000.0,0.0,0.0,0.0,0.0,0.0,70000.0,,,,,,,
75759830,1769.0,4249.0,35000.0,0.0,0.0,0.0,0.0,0.0,35000.0,,,,,,,
75760279,1769.0,4249.0,90000.0,0.0,0.0,0.0,0.0,0.0,90000.0,,,,,,,
75760379,1769.0,4249.0,5000.0,0.0,0.0,0.0,0.0,0.0,5000.0,,,,,,,
75761153,1769.0,4249.0,50000.0,0.0,0.0,0.0,0.0,0.0,50000.0,,,,,,,
79089576,1769.0,4249.0,20000.0,0.0,0.0,0.0,0.0,0.0,20000.0,,,,,,,
79094376,1769.0,4211.0,0.0,0.0,0.0,100000.0,0.0,0.0,100000.0,,,,,,,
79103097,1769.0,4249.0,100000.0,0.0,0.0,0.0,0.0,0.0,100000.0,,,,,,,
79107798,1769.0,4249.0,25000.0,0.0,0.0,0.0,0.0,0.0,25000.0,,,,,,,
79110929,1769.0,4211.0,0.0,0.0,0.0,147272.0,0.0,0.0,147272.0,,,,,,,
79112249,1778.0,4250.0,0.0,0.0,0.0,330000.0,0.0,0.0,330000.0,,,,,,,
79114303,1778.0,4250.0,0.0,0.0,0.0,59193.0,0.0,0.0,59193.0,,,,,,,
80701364,1769.0,4249.0,10000.0,0.0,0.0,0.0,0.0,0.0,10000.0,,,,,,,
80701608,1769.0,4249.0,40000.0,0.0,0.0,0.0,0.0,0.0,40000.0,,,,,,,
81192814,1769.0,4249.0,80000.0,0.0,0.0,0.0,0.0,0.0,80000.0,,,,,,,
81193103,1769.0,4249.0,20000.0,0.0,0.0,0.0,0.0,0.0,20000.0,,,,,,,
81275031,1769.0,4249.0,27060.0,0.0,0.0,0.0,0.0,0.0,27060.0,,,,,,,
81277994,1769.0,4249.0,60000.0,0.0,0.0,0.0,0.0,0.0,60000.0,,,,,,,
81278841,1769.0,4249.0,218060.0,0.0,0.0,0.0,0.0,0.0,218060.0,,,,,,,
81279055,1769.0,4249.0,24000.0,0.0,0.0,0.0,0.0,0.0,24000.0,,,,,,,
81279790,1778.0,4250.0,0.0,0.0,0.0,160808.0,0.0,0.0,160808.0,,,,,,,
93912595,,,,,,,,,,,,,,,,
98980469,,,,,,,,,,,,,,,,
98982052,,,,,,,,,,,,,,,,
98983383,,,,,,,,,,,,,,,,
98984755,,,,,,,,,,,,,,,,
98985930,,,,,,,,,,,,,,,,
98987028,,,,,,,,,,,,,,,,
98988847,,,,,,,,,,,,,,,,
98994595,,,,,,,,,,,,,,,,
99004656,,,,,,,,,,,,,,,,
99008689,,,,,,,,,,,,,,,,
99010026,,,,,,,,,,,,,,,,
99010616,,,,,,,,,,,,,,,,
99011585,,,,,,,,,,,,,,,,
99012083,,,,,,,,,,,,,,,,
99012504,,,,,,,,,,,,,,,,
99012761,,,,,,,,,,,,,,,,
99020322,,,,,,,,,,,,,,,,
99049802,,,,,,,,,,,,,,,,
99050214,,,,,,,,,,,,,,,,
99051027,,,,,,,,,,,,,,,,
99067893,,,,,,,,,,,,,,,,
99068229,,,,,,,,,,,,,,,,
99068751,,,,,,,,,,,,,,,,
99070425,,,,,,,,,,,,,,,,
99181139,,,,,,,,,,,,,,,,
99181354,,,,,,,,,,,,,,,,
99181611,,,,,,,,,,,,,,,,
99181942,,,,,,,,,,,,,,,,
99182153,,,,,,,,,,,,,,,,
99182507,,,,,,,,,,,,,,,,
99182641,,,,,,,,,,,,,,,,
99183190,,,,,,,,,,,,,,,,
99183473,,,,,,,,,,,,,,,,
99184594,,,,,,,,,,,,,,,,
99184796,,,,,,,,,,,,,,,,
99185394,,,,,,,,,,,,,,,,
99185746,,,,,,,,,,,,,,,,
99185999,,,,,,,,,,,,,,,,
99186210,,,,,,,,,,,,,,,,
99186361,,,,,,,,,,,,,,,,
99186565,,,,,,,,,,,,,,,,
99186857,,,,,,,,,,,,,,,,
99187842,,,,,,,,,,,,,,,,
99188023,,,,,,,,,,,,,,,,
99188501,,,,,,,,,,,,,,,,
99188850,,,,,,,,,,,,,,,,
99189079,,,,,,,,,,,,,,,,
99189242,,,,,,,,,,,,,,,,
99190010,,,,,,,,,,,,,,,,
99190639,,,,,,,,,,,,,,,,
99232946,,,,,,,,,,,,,,,,
99233151,,,,,,,,,,,,,,,,
99233529,,,,,,,,,,,,,,,,
99233952,,,,,,,,,,,,,,,,
99234194,,,,,,,,,,,,,,,,
99234459,,,,,,,,,,,,,,,,
99234872,,,,,,,,,,,,,,,,
99235035,,,,,,,,,,,,,,,,
99235678,,,,,,,,,,,,,,,,
99254715,,,,,,,,,,,,,,,,
99255130,,,,,,,,,,,,,,,,
99374692,,,,,,,,,,,,,,,,
99377324,,,,,,,,,,,,,,,,
99378608,,,,,,,,,,,,,,,,
99379505,,,,,,,,,,,,,,,,
99379880,,,,,,,,,,,,,,,,
99380444,,,,,,,,,,,,,,,,
99380807,,,,,,,,,,,,,,,,
99381150,,,,,,,,,,,,,,,,
99381534,,,,,,,,,,,,,,,,
99383595,,,,,,,,,,,,,,,,
99384985,,,,,,,,,,,,,,,,
99385004,,,,,,,,,,,,,,,,
99404420,,,,,,,,,,,,,,,,
99436441,,,,,,,,,,,,,,,,
99436836,,,,,,,,,,,,,,,,
99437119,,,,,,,,,,,,,,,,
99437408,,,,,,,,,,,,,,,,
99437580,,,,,,,,,,,,,,,,
99437992,,,,,,,,,,,,,,,,
99502819,,,,,,,,,,,,,,,,
99503430,,,,,,,,,,,,,,,,
99503826,,,,,,,,,,,,,,,,
99504173,,,,,,,,,,,,,,,,
99535216,,,,,,,,,,,,,,,,
99535637,,,,,,,,,,,,,,,,
99536053,,,,,,,,,,,,,,,,
99536493,,,,,,,,,,,,,,,,
99551142,,,,,,,,,,,,,,,,
99551414,,,,,,,,,,,,,,,,
99552272,,,,,,,,,,,,,,,,
99552709,,,,,,,,,,,,,,,,
99553038,,,,,,,,,,,,,,,,
99553253,,,,,,,,,,,,,,,,
99553467,,,,,,,,,,,,,,,,
99554520,,,,,,,,,,,,,,,,
99554965,,,,,,,,,,,,,,,,
99555337,,,,,,,,,,,,,,,,
99555595,,,,,,,,,,,,,,,,
99556081,,,,,,,,,,,,,,,,
99556605,,,,,,,,,,,,,,,,
99556948,,,,,,,,,,,,,,,,
99557348,,,,,,,,,,,,,,,,
99557649,,,,,,,,,,,,,,,,
99557874,,,,,,,,,,,,,,,,
99563179,,,,,,,,,,,,,,,,
99563297,,,,,,,,,,,,,,,,
99563434,,,,,,,,,,,,,,,,
99563660,,,,,,,,,,,,,,,,
99563861,,,,,,,,,,,,,,,,
99563983,,,,,,,,,,,,,,,,
99564198,,,,,,,,,,,,,,,,
99564416,,,,,,,,,,,,,,,,
99564677,,,,,,,,,,,,,,,,
99565761,,,,,,,,,,,,,,,,
99565922,,,,,,,,,,,,,,,,
99566051,,,,,,,,,,,,,,,,
99566203,,,,,,,,,,,,,,,,
99566385,,,,,,,,,,,,,,,,
99566717,,,,,,,,,,,,,,,,
99566819,,,,,,,,,,,,,,,,
99566874,,,,,,,,,,,,,,,,
99567165,,,,,,,,,,,,,,,,
99567718,,,,,,,,,,,,,,,,
99567781,,,,,,,,,,,,,,,,
99567852,,,,,,,,,,,,,,,,
99567922,,,,,,,,,,,,,,,,
99567982,,,,,,,,,,,,,,,,
99568084,,,,,,,,,,,,,,,,
99568191,,,,,,,,,,,,,,,,
99568255,,,,,,,,,,,,,,,,
99568349,,,,,,,,,,,,,,,,
99568475,,,,,,,,,,,,,,,,
99568569,,,,,,,,,,,,,,,,
99599855,,,,,,,,,,,,,,,,
99600094,,,,,,,,,,,,,,,,
99600449,,,,,,,,,,,,,,,,
99600731,,,,,,,,,,,,,,,,
99601207,,,,,,,,,,,,,,,,
99601444,,,,,,,,,,,,,,,,
99602052,,,,,,,,,,,,,,,,
99602332,,,,,,,,,,,,,,,,
99602679,,,,,,,,,,,,,,,,
99603768,,,,,,,,,,,,,,,,
99604086,,,,,,,,,,,,,,,,
99604496,,,,,,,,,,,,,,,,
99605173,,,,,,,,,,,,,,,,
99605532,,,,,,,,,,,,,,,,
99606152,,,,,,,,,,,,,,,,
99607423,,,,,,,,,,,,,,,,
99623793,,,,,,,,,,,,,,,,
99624286,,,,,,,,,,,,,,,,
99624824,,,,,,,,,,,,,,,,
99628117,,,,,,,,,,,,,,,,
99628738,,,,,,,,,,,,,,,,
99629255,,,,,,,,,,,,,,,,
101677505,1769.0,4249.0,18000.0,0.0,0.0,0.0,0.0,0.0,18000.0,,,,,,,
101700799,1769.0,4249.0,3500.0,0.0,0.0,0.0,0.0,0.0,3500.0,,,,,,,
101701760,1769.0,4249.0,3500.0,0.0,0.0,0.0,0.0,0.0,3500.0,,,,,,,
101702702,1769.0,4249.0,3500.0,0.0,0.0,0.0,0.0,0.0,3500.0,,,,,,,
101703754,1769.0,4249.0,3500.0,0.0,0.0,0.0,0.0,0.0,3500.0,,,,,,,
101705145,1769.0,4249.0,3500.0,0.0,0.0,0.0,0.0,0.0,3500.0,,,,,,,
101706085,1769.0,4249.0,3500.0,0.0,0.0,0.0,0.0,0.0,3500.0,,,,,,,
101707288,1769.0,4249.0,3500.0,0.0,0.0,0.0,0.0,0.0,3500.0,,,,,,,
101708055,1769.0,4249.0,3500.0,0.0,0.0,0.0,0.0,0.0,3500.0,,,,,,,
101708942,1769.0,4249.0,3500.0,0.0,0.0,0.0,0.0,0.0,3500.0,,,,,,,
101709825,1769.0,4249.0,3500.0,0.0,0.0,0.0,0.0,0.0,3500.0,,,,,,,
101710724,1769.0,4249.0,3500.0,0.0,0.0,0.0,0.0,0.0,3500.0,,,,,,,
101711789,1769.0,4249.0,3500.0,0.0,0.0,0.0,0.0,0.0,3500.0,,,,,,,
101713231,1769.0,4249.0,3500.0,0.0,0.0,0.0,0.0,0.0,3500.0,,,,,,,
101714877,1769.0,4249.0,3500.0,0.0,0.0,0.0,0.0,0.0,3500.0,,,,,,,
101716304,1769.0,4249.0,3500.0,0.0,0.0,0.0,0.0,0.0,3500.0,,,,,,,
101779311,1778.0,4250.0,0.0,0.0,0.0,10000.0,0.0,0.0,10000.0,,,,,,,
101818781,38.0,1.0,0.0,0.0,0.0,1000000.0,0.0,0.0,1000000.0,,,,,,,
101824030,0.0,0.0,0.0,0.0,0.0,5000.0,0.0,0.0,5000.0,,,,,,,
101825953,,,,,,,,,,,,,,,,
101826859,,,,,,,,,,,,,,,,
101827970,,,,,,,,,,,,,,,,
101828729,,,,,,,,,,,,,,,,
101829349,,,,,,,,,,,,,,,,
101829663,,,,,,,,,,,,,,,,
101830490,,,,,,,,,,,,,,,,
101830973,,,,,,,,,,,,,,,,
101831545,,,,,,,,,,,,,,,,
101832099,,,,,,,,,,,,,,,,
101832801,,,,,,,,,,,,,,,,
101667469,1769.0,4249.0,250567.0,0.0,0.0,0.0,0.0,0.0,250567.0,,,,,,,
101668571,1769.0,4249.0,39000.0,0.0,0.0,0.0,0.0,0.0,39000.0,,,,,,,
101670645,1769.0,4249.0,100000.0,0.0,0.0,0.0,0.0,0.0,100000.0,,,,,,,
101672014,1769.0,4249.0,10000.0,0.0,0.0,0.0,0.0,0.0,10000.0,,,,,,,
101673353,1769.0,4249.0,18000.0,0.0,0.0,0.0,0.0,0.0,18000.0,,,,,,,
101674919,1769.0,4249.0,18000.0,0.0,0.0,0.0,0.0,0.0,18000.0,,,,,,,
101676201,1769.0,4249.0,18000.0,0.0,0.0,0.0,0.0,0.0,18000.0,,,,,,,
101679271,1769.0,4249.0,18000.0,0.0,0.0,0.0,0.0,0.0,18000.0,,,,,,,
101682447,1769.0,4249.0,10000.0,0.0,0.0,0.0,0.0,0.0,10000.0,,,,,,,
101683463,1769.0,4249.0,40000.0,0.0,0.0,0.0,0.0,0.0,40000.0,,,,,,,
101687405,1769.0,4249.0,87067.0,0.0,0.0,0.0,0.0,0.0,87067.0,,,,,,,
101692435,1769.0,4249.0,200000.0,0.0,0.0,0.0,0.0,0.0,200000.0,,,,,,,
101698485,1769.0,4249.0,20000.0,0.0,0.0,0.0,0.0,0.0,20000.0,,,,,,,
101699547,1769.0,4249.0,10000.0,0.0,0.0,0.0,0.0,0.0,10000.0,,,,,,,
101718593,1769.0,4249.0,70000.0,0.0,0.0,0.0,0.0,0.0,70000.0,,,,,,,
101758172,1769.0,4211.0,0.0,0.0,0.0,380000.0,0.0,0.0,380000.0,,,,,,,
101760378,1769.0,4211.0,0.0,0.0,0.0,172756.0,0.0,0.0,172756.0,,,,,,,
101767979,1769.0,4211.0,0.0,0.0,0.0,100000.0,0.0,0.0,100000.0,,,,,,,
101770042,1778.0,4250.0,0.0,0.0,0.0,280000.0,0.0,0.0,280000.0,,,,,,,
101771672,1778.0,4250.0,0.0,0.0,0.0,130000.0,0.0,0.0,130000.0,,,,,,,
101778291,1778.0,4250.0,0.0,0.0,0.0,80000.0,0.0,0.0,80000.0,,,,,,,
101781141,1778.0,4250.0,0.0,0.0,0.0,33230.0,0.0,0.0,33230.0,,,,,,,
101787279,1778.0,4250.0,0.0,0.0,0.0,10000.0,0.0,0.0,10000.0,,,,,,,
101793444,1778.0,4250.0,0.0,0.0,0.0,100000.0,0.0,0.0,100000.0,,,,,,,
101794599,1778.0,4251.0,0.0,0.0,0.0,208152.0,0.0,0.0,208152.0,,,,,,,
117140028,38.0,1.0,0.0,0.0,0.0,113000.0,0.0,0.0,113000.0,,,,,,,
117144842,38.0,1.0,0.0,0.0,0.0,113000.0,0.0,0.0,113000.0,,,,,,,
117145764,38.0,1.0,0.0,0.0,0.0,113000.0,0.0,0.0,113000.0,,,,,,,
117146557,38.0,1.0,0.0,0.0,0.0,113000.0,0.0,0.0,113000.0,,,,,,,
117147104,38.0,1.0,0.0,0.0,0.0,113000.0,0.0,0.0,113000.0,,,,,,,
117147625,38.0,1.0,0.0,0.0,0.0,113000.0,0.0,0.0,113000.0,,,,,,,
117148210,38.0,1.0,0.0,0.0,0.0,113000.0,0.0,0.0,113000.0,,,,,,,
117173379,38.0,1.0,0.0,0.0,0.0,113000.0,0.0,0.0,113000.0,,,,,,,
117746359,38.0,1.0,0.0,0.0,0.0,1000000.0,0.0,0.0,1000000.0,,,,,,,
117747151,38.0,1.0,0.0,0.0,0.0,1000000.0,0.0,0.0,1000000.0,,,,,,,
117929730,38.0,1.0,0.0,0.0,0.0,1000000.0,0.0,0.0,1000000.0,,,,,,,
117943800,38.0,1.0,0.0,0.0,0.0,500000.0,0.0,0.0,500000.0,,,,,,,
118277376,,,,,,,,,,,,,,,,
121711622,,,,,,,,,,,,,,,,
121794473,,,,,,,,,,,,,,,,
121829724,,,,,,,,,,,,,,,,
121831448,,,,,,,,,,,,,,,,
121832409,,,,,,,,,,,,,,,,
121835370,,,,,,,,,,,,,,,,
121835842,,,,,,,,,,,,,,,,
121836217,,,,,,,,,,,,,,,,
121836734,,,,,,,,,,,,,,,,
121837298,,,,,,,,,,,,,,,,
121837654,,,,,,,,,,,,,,,,
121843533,,,,,,,,,,,,,,,,
121843813,,,,,,,,,,,,,,,,
121844167,,,,,,,,,,,,,,,,
121844382,,,,,,,,,,,,,,,,
121844853,,,,,,,,,,,,,,,,
121845339,,,,,,,,,,,,,,,,
121845884,,,,,,,,,,,,,,,,
121846574,,,,,,,,,,,,,,,,
121847071,,,,,,,,,,,,,,,,
121847606,,,,,,,,,,,,,,,,
121847816,,,,,,,,,,,,,,,,
121848231,,,,,,,,,,,,,,,,
121848515,,,,,,,,,,,,,,,,
121848912,,,,,,,,,,,,,,,,
121849379,,,,,,,,,,,,,,,,
121849687,,,,,,,,,,,,,,,,
121850331,,,,,,,,,,,,,,,,
121850883,,,,,,,,,,,,,,,,
121851348,,,,,,,,,,,,,,,,
121876528,38.0,1.0,0.0,0.0,0.0,1000000.0,0.0,0.0,1000000.0,,,,,,,
121876850,38.0,1.0,0.0,0.0,0.0,500000.0,0.0,0.0,500000.0,,,,,,,
121950179,1769.0,4249.0,40000.0,0.0,0.0,0.0,0.0,0.0,40000.0,,,,,,,
121950897,,,,,,,,,,,,,,,,
121951029,1769.0,4211.0,0.0,0.0,0.0,100000.0,0.0,0.0,100000.0,,,,,,,
121951043,,,,,,,,,,,,,,,,
121951169,,,,,,,,,,,,,,,,
121951263,,,,,,,,,,,,,,,,
121951367,,,,,,,,,,,,,,,,
121951526,,,,,,,,,,,,,,,,
121951619,,,,,,,,,,,,,,,,
121951695,,,,,,,,,,,,,,,,
121951791,,,,,,,,,,,,,,,,
121951887,,,,,,,,,,,,,,,,
121952052,,,,,,,,,,,,,,,,
121952175,,,,,,,,,,,,,,,,
121952300,,,,,,,,,,,,,,,,
121952427,,,,,,,,,,,,,,,,
121952545,,,,,,,,,,,,,,,,
121952977,,,,,,,,,,,,,,,,
121953079,,,,,,,,,,,,,,,,
121953148,,,,,,,,,,,,,,,,
121953275,,,,,,,,,,,,,,,,
121953342,,,,,,,,,,,,,,,,
121953434,,,,,,,,,,,,,,,,
121953692,,,,,,,,,,,,,,,,
121953824,,,,,,,,,,,,,,,,
121953930,,,,,,,,,,,,,,,,
121954143,,,,,,,,,,,,,,,,
121954263,,,,,,,,,,,,,,,,
121954398,,,,,,,,,,,,,,,,
121954482,,,,,,,,,,,,,,,,
121954582,,,,,,,,,,,,,,,,
121954644,,,,,,,,,,,,,,,,
121954728,,,,,,,,,,,,,,,,
121954827,,,,,,,,,,,,,,,,
121954918,,,,,,,,,,,,,,,,
121955042,,,,,,,,,,,,,,,,
121955551,0.0,0.0,0.0,0.0,0.0,24000.0,0.0,0.0,24000.0,,,,,,,
121955700,,,,,,,,,,,,,,,,
121955938,0.0,0.0,0.0,0.0,0.0,70000.0,0.0,0.0,70000.0,,,,,,,
121956309,0.0,0.0,0.0,0.0,0.0,244560.0,0.0,0.0,244560.0,,,,,,,
121956837,,,,,,,,,,,,,,,,
121956922,,,,,,,,,,,,,,,,
121957020,,,,,,,,,,,,,,,,
121957124,,,,,,,,,,,,,,,,
121957235,,,,,,,,,,,,,,,,
121957334,,,,,,,,,,,,,,,,
121957421,,,,,,,,,,,,,,,,
121957534,,,,,,,,,,,,,,,,
128267291,,,,,,,,,,,,,,,,
121785218,1769.0,4211.0,0.0,0.0,0.0,10000.0,0.0,0.0,10000.0,,,,,,,
121958555,1769.0,4211.0,0.0,0.0,0.0,5000.0,0.0,0.0,5000.0,,,,,,,
121772840,1769.0,4249.0,69000.0,0.0,0.0,0.0,0.0,0.0,69000.0,,,,,,,
121773936,1769.0,4249.0,250000.0,0.0,0.0,0.0,0.0,0.0,250000.0,,,,,,,
121786130,1769.0,4211.0,0.0,0.0,0.0,60694.0,0.0,0.0,60694.0,,,,,,,
121875885,1778.0,4250.0,0.0,0.0,0.0,120000.0,0.0,0.0,120000.0,,,,,,,
121876065,1778.0,4250.0,0.0,0.0,0.0,60000.0,0.0,0.0,60000.0,,,,,,,
121876214,1778.0,4250.0,0.0,0.0,0.0,283230.0,0.0,0.0,283230.0,,,,,,,
121949512,1778.0,4250.0,0.0,0.0,0.0,180000.0,0.0,0.0,180000.0,,,,,,,
121949707,1769.0,4249.0,200000.0,0.0,0.0,0.0,0.0,0.0,200000.0,,,,,,,
121949847,1769.0,4249.0,60000.0,0.0,0.0,0.0,0.0,0.0,60000.0,,,,,,,
121950008,1769.0,4249.0,60000.0,0.0,0.0,0.0,0.0,0.0,60000.0,,,,,,,
121950281,1769.0,4249.0,60567.0,0.0,0.0,0.0,0.0,0.0,60567.0,,,,,,,
121950482,1769.0,4249.0,120000.0,0.0,0.0,0.0,0.0,0.0,120000.0,,,,,,,
121950601,1769.0,4249.0,30000.0,0.0,0.0,0.0,0.0,0.0,30000.0,,,,,,,
121950768,1769.0,4249.0,89567.0,0.0,0.0,0.0,0.0,0.0,89567.0,,,,,,,
121950891,1769.0,4211.0,0.0,0.0,0.0,150000.0,0.0,0.0,150000.0,,,,,,,
121951175,1769.0,4211.0,0.0,0.0,0.0,52306.0,0.0,0.0,52306.0,,,,,,,
121951342,1769.0,4211.0,0.0,0.0,0.0,24756.0,0.0,0.0,24756.0,,,,,,,
128267271,1769.0,4211.0,0.0,0.0,0.0,250000.0,0.0,0.0,250000.0,,,,,,,
121784800,1769.0,4211.0,0.0,0.0,0.0,250000.0,0.0,0.0,250000.0,0.0,0.0,0.0,250000.0,0.0,0.0,
