expenditure_id,activity_code,plan_code,gp_lgd_code,fiscal_year,s_no,scheme_name,approved_cost_action_plan,technical_approved_cost,admin_approved_cost,general,sc,st,total_expenditure
1,44402301,3144742,119598,2020-2021,1,XV Finance Commission,400000.0,400000.0,400000.0,400000.0,,,394691.0
2,44402698,3144742,119598,2020-2021,2,,100000.0,,,,,,0.0
3,44402828,3144742,119598,2020-2021,3,XV Finance Commission,250000.0,250000.0,250000.0,250000.0,,,241461.0
4,44402904,3144742,119598,2020-2021,4,XV Finance Commission,398955.0,398955.0,398955.0,398955.0,,,385318.0
5,44403003,3144742,119598,2020-2021,5,,250000.0,,,,,,0.0
6,44402758,3144742,119598,2020-2021,6,,100000.0,,,,,,0.0
7,44402591,3144742,119598,2020-2021,7,XV Finance Commission,200000.0,200000.0,200000.0,200000.0,,,197766.0
8,44403497,3144742,119598,2020-2021,8,5TH STATE FINANCE COMMISSION,150000.0,150000.0,150000.0,150000.0,,,145215.0
9,44402522,3144742,119598,2020-2021,9,XV Finance Commission,181896.0,181896.0,181896.0,181896.0,,,177530.0
10,44402043,3144742,119598,2020-2021,10,XV Finance Commission,500000.0,500000.0,500000.0,500000.0,,,500000.0
11,44403211,3144742,119598,2020-2021,11,5TH STATE FINANCE COMMISSION,495000.0,495000.0,495000.0,495000.0,,,478665.0
12,44401335,3144742,119598,2020-2021,12,XV Finance Commission,180851.0,180851.0,180851.0,180851.0,,,180851.0
13,44403130,3144742,119598,2020-2021,13,5TH STATE FINANCE COMMISSION,100000.0,100000.0,100000.0,100000.0,,,100000.0
14,44403402,3144742,119598,2020-2021,14,5TH STATE FINANCE COMMISSION,200000.0,200000.0,200000.0,200000.0,,,196365.0
15,44403269,3144742,119598,2020-2021,15,5TH STATE FINANCE COMMISSION,40952.0,40952.0,40952.0,40952.0,,,40952.0
16,44402404,3144742,119598,2020-2021,16,XV Finance Commission,400000.0,400000.0,400000.0,400000.0,,,393880.0
17,47380104,3316211,119598,2021-2022,1,5TH STATE FINANCE COMMISSION,45000.0,45000.0,45000.0,45000.0,,,44508.0
18,47379250,3316211,119598,2021-2022,2,5TH STATE FINANCE COMMISSION,100000.0,100000.0,100000.0,100000.0,,,100000.0
19,47379391,3316211,119598,2021-2022,3,5TH STATE FINANCE COMMISSION,400000.0,400000.0,400000.0,400000.0,,,87209.0
20,47382065,3316211,119598,2021-2022,4,,30000.0,,,,,,0.0
21,47382584,3316211,119598,2021-2022,5,,100000.0,,,,,,0.0
22,47385096,3316211,119598,2021-2022,6,,90000.0,,,,,,0.0
23,47863116,3316211,119598,2021-2022,7,XV Finance Commission,126428.0,12428.0,126428.0,126428.0,,,126428.0
24,47863253,3316211,119598,2021-2022,8,,30000.0,,,,,,0.0
25,47863358,3316211,119598,2021-2022,9,,125000.0,,,,,,0.0
26,47864860,3316211,119598,2021-2022,10,,395995.0,,,,,,0.0
27,61316533,3316211,119598,2021-2022,11,,86904.0,,,,,,0.0
28,47380387,3316211,119598,2021-2022,12,5TH STATE FINANCE COMMISSION,200000.0,200000.0,200000.0,200000.0,,,0.0
29,47863310,3316211,119598,2021-2022,13,XV Finance Commission,450000.0,450000.0,450000.0,450000.0,,,450000.0
30,47384873,3316211,119598,2021-2022,14,XV Finance Commission,80000.0,80000.0,80000.0,80000.0,,,80000.0
31,47385336,3316211,119598,2021-2022,15,XV Finance Commission,85000.0,85000.0,85000.0,85000.0,,,85000.0
32,47385999,3316211,119598,2021-2022,16,XV Finance Commission,100000.0,100000.0,100000.0,100000.0,,,100000.0
33,47383466,3316211,119598,2021-2022,17,XV Finance Commission,100000.0,100000.0,100000.0,100000.0,,,100000.0
34,47384658,3316211,119598,2021-2022,18,XV Finance Commission,90000.0,90000.0,90000.0,90000.0,,,90000.0
35,47383102,3316211,119598,2021-2022,19,XV Finance Commission,70000.0,70000.0,70000.0,70000.0,,,70000.0
36,47380271,3316211,119598,2021-2022,20,5TH STATE FINANCE COMMISSION,200000.0,200000.0,200000.0,200000.0,,,0.0
37,49001402,3316211,119598,2021-2022,21,XV Finance Commission,90000.0,90000.0,90000.0,90000.0,,,90000.0
38,47380958,3316211,119598,2021-2022,22,,251428.0,,,,,,0.0
39,47386394,3316211,119598,2021-2022,23,,50000.0,,,,,,0.0
40,47863172,3316211,119598,2021-2022,24,XV Finance Commission,100000.0,100000.0,100000.0,100000.0,,,100000.0
41,47385789,3316211,119598,2021-2022,25,XV Finance Commission,100000.0,100000.0,100000.0,100000.0,,,0.0
42,47379796,3316211,119598,2021-2022,26,5TH STATE FINANCE COMMISSION,40952.0,40952.0,40952.0,40952.0,,,40952.0
43,47383253,3316211,119598,2021-2022,27,XV Finance Commission,100000.0,100000.0,100000.0,100000.0,,,97744.0
44,60522491,4055476,119598,2022-2023,1,5TH STATE FINANCE COMMISSION,472500.0,472500.0,472500.0,472500.0,,,459210.0
45,60841327,4055476,119598,2022-2023,2,,30000.0,,,,,,0.0
46,60523094,4055476,119598,2022-2023,3,,395995.0,,,,,,0.0
47,60840977,4055476,119598,2022-2023,4,XV Finance Commission,400000.0,400000.0,400000.0,400000.0,,,373478.0
48,60522258,4055476,119598,2022-2023,5,,933796.0,,,,,,0.0
49,60841033,4055476,119598,2022-2023,6,,100000.0,,,,,,0.0
50,60522672,4055476,119598,2022-2023,7,,472500.0,,,,,,0.0
51,60841159,4055476,119598,2022-2023,8,,125000.0,,,,,,0.0
52,60841205,4055476,119598,2022-2023,9,,30000.0,,,,,,0.0
53,60841269,4055476,119598,2022-2023,10,,100000.0,,,,,,0.0
54,60841405,4055476,119598,2022-2023,11,,365347.0,,,,,,0.0
55,60841468,4055476,119598,2022-2023,12,,50000.0,,,,,,0.0
56,60522812,4055476,119598,2022-2023,13,5TH STATE FINANCE COMMISSION,40952.0,40952.0,40952.0,40952.0,,,36000.0
57,60840924,4055476,119598,2022-2023,14,XV Finance Commission,100347.0,100347.0,100347.0,100347.0,,,100347.0
58,60520967,4055476,119598,2022-2023,15,XV Finance Commission,100000.0,100000.0,100000.0,100000.0,,,100000.0
59,65618185,4335301,119598,2022-2023,1,XV Finance Commission,90000.0,90000.0,90000.0,90000.0,,,86309.0
60,65618394,4335301,119598,2022-2023,2,XV Finance Commission,37500.0,37500.0,37500.0,37500.0,,,22227.0
61,65618474,4335301,119598,2022-2023,3,XV Finance Commission,51000.0,51000.0,51000.0,51000.0,,,13365.0
62,65618114,4335301,119598,2022-2023,4,XV Finance Commission,20000.0,20000.0,20000.0,20000.0,,,14850.0
63,65617756,4335301,119598,2022-2023,5,XV Finance Commission,92000.0,92000.0,92000.0,92000.0,,,92000.0
64,65618586,4335301,119598,2022-2023,6,,18000.0,,,,,,0.0
65,65618232,4335301,119598,2022-2023,7,,36000.0,,,,,,0.0
66,65617848,4335301,119598,2022-2023,8,XV Finance Commission,8000.0,8000.0,8000.0,8000.0,,,5900.0
67,65617947,4335301,119598,2022-2023,9,,60000.0,,,,,,0.0
68,65618736,4335301,119598,2022-2023,10,,7527.0,,,,,,0.0
69,65618526,4335301,119598,2022-2023,11,XV Finance Commission,150320.0,150320.0,150320.0,150320.0,,,150320.0
70,65618784,4335301,119598,2022-2023,12,XV Finance Commission,828796.0,828796.0,828796.0,828796.0,,,828796.0
71,65619548,4335301,119598,2022-2023,13,5TH STATE FINANCE COMMISSION,150000.0,150000.0,150000.0,150000.0,,,148215.0
72,65618300,4335301,119598,2022-2023,14,XV Finance Commission,60000.0,60000.0,60000.0,60000.0,,,58180.0
73,65618024,4335301,119598,2022-2023,15,XV Finance Commission,100000.0,100000.0,100000.0,100000.0,,,48885.0
74,65618843,4335301,119598,2022-2023,16,XV Finance Commission,105000.0,105000.0,105000.0,105000.0,,,103586.0
75,65618551,4335301,119598,2022-2023,17,XV Finance Commission,70000.0,70000.0,70000.0,70000.0,,,70000.0
76,65618941,4335301,119598,2022-2023,18,5TH STATE FINANCE COMMISSION,322500.0,322500.0,322500.0,322500.0,,,318568.0
77,82599708,4762574,119598,2022-2023,1,5TH STATE FINANCE COMMISSION,39480.0,39480.0,39480.0,39480.0,,,39480.0
78,82599468,4762574,119598,2022-2023,2,5TH STATE FINANCE COMMISSION,37440.0,37440.0,37440.0,37440.0,,,37440.0
79,80274008,4518012,119598,2023-2024,1,,,,,,,,0.0
80,80318810,4518012,119598,2023-2024,2,,,,,,,,0.0
81,80323798,4518012,119598,2023-2024,3,,,,,,,,0.0
82,80638307,4518012,119598,2023-2024,4,,7000.0,,,,,,0.0
83,80638961,4518012,119598,2023-2024,5,,1200.0,,,,,,0.0
84,77522050,4518012,119598,2023-2024,6,XV Finance Commission,3500.0,3500.0,3500.0,3500.0,,,3464.51
85,77522469,4518012,119598,2023-2024,7,XV Finance Commission,3500.0,3500.0,3500.0,3500.0,,,3464.51
86,77524065,4518012,119598,2023-2024,8,XV Finance Commission,3500.0,3500.0,3500.0,3500.0,,,3464.51
87,77525044,4518012,119598,2023-2024,9,XV Finance Commission,3500.0,3500.0,3500.0,3500.0,,,3464.51
88,77527280,4518012,119598,2023-2024,10,XV Finance Commission,3500.0,3500.0,3500.0,3500.0,,,3464.51
89,78971983,4518012,119598,2023-2024,11,,36804.0,,,,,,0.0
90,80112323,4518012,119598,2023-2024,12,,,,,,,,0.0
91,80119840,4518012,119598,2023-2024,13,,,,,,,,0.0
92,80300814,4518012,119598,2023-2024,14,,,,,,,,0.0
93,80323354,4518012,119598,2023-2024,15,,,,,,,,0.0
94,68169504,4518012,119598,2023-2024,16,,100000.0,,,,,,0.0
95,68169621,4518012,119598,2023-2024,17,,65000.0,,,,,,0.0
96,68170100,4518012,119598,2023-2024,18,,150000.0,,,,,,0.0
97,68170335,4518012,119598,2023-2024,19,5TH STATE FINANCE COMMISSION,300000.0,300000.0,300000.0,300000.0,,,297869.0
98,68170204,4518012,119598,2023-2024,20,5TH STATE FINANCE COMMISSION,150000.0,150000.0,150000.0,150000.0,,,148371.0
99,77457637,4518012,119598,2023-2024,21,,15196.0,,,,,,0.0
100,77460564,4518012,119598,2023-2024,22,,10000.0,,,,,,0.0
101,77513071,4518012,119598,2023-2024,23,,18000.0,,,,,,0.0
102,77426859,4518012,119598,2023-2024,24,XV Finance Commission,3500.0,3500.0,3500.0,3500.0,,,3464.51
103,77515397,4518012,119598,2023-2024,25,XV Finance Commission,3500.0,3500.0,3500.0,3500.0,,,3464.51
104,77516168,4518012,119598,2023-2024,26,XV Finance Commission,3500.0,3500.0,3500.0,3500.0,,,3464.51
105,77519060,4518012,119598,2023-2024,27,XV Finance Commission,3500.0,3500.0,3500.0,3500.0,,,3464.51
106,77520595,4518012,119598,2023-2024,28,XV Finance Commission,3500.0,3500.0,3500.0,3500.0,,,3464.51
107,77521079,4518012,119598,2023-2024,29,XV Finance Commission,3500.0,3500.0,3500.0,3500.0,,,3464.51
108,77519513,4518012,119598,2023-2024,30,XV Finance Commission,3500.0,3500.0,3500.0,3500.0,,,3464.51
109,78981234,4518012,119598,2023-2024,31,,7000.0,,,,,,0.0
110,78976833,4518012,119598,2023-2024,32,XV Finance Commission,257678.0,257678.0,257678.0,257678.0,,,253951.0
111,77523156,4518012,119598,2023-2024,33,XV Finance Commission,3500.0,3500.0,3500.0,3500.0,,,3464.51
112,77523615,4518012,119598,2023-2024,34,XV Finance Commission,3500.0,3500.0,3500.0,3500.0,,,3464.51
113,77525882,4518012,119598,2023-2024,35,XV Finance Commission,3500.0,3500.0,3500.0,3500.0,,,3464.51
114,77526292,4518012,119598,2023-2024,36,XV Finance Commission,3500.0,3500.0,3500.0,3500.0,,,3464.51
115,77527740,4518012,119598,2023-2024,37,XV Finance Commission,3500.0,3500.0,3500.0,3500.0,,,3464.51
116,77531540,4518012,119598,2023-2024,38,XV Finance Commission,3500.0,3500.0,3500.0,3500.0,,,3464.51
117,77531030,4518012,119598,2023-2024,39,XV Finance Commission,3500.0,3500.0,3500.0,3500.0,,,3464.51
118,77530492,4518012,119598,2023-2024,40,XV Finance Commission,3500.0,3500.0,3500.0,3500.0,,,3464.51
119,77529779,4518012,119598,2023-2024,41,XV Finance Commission,3500.0,3500.0,3500.0,3500.0,,,3464.51
120,77529339,4518012,119598,2023-2024,42,XV Finance Commission,3500.0,3500.0,3500.0,3500.0,,,3464.51
121,77528698,4518012,119598,2023-2024,43,XV Finance Commission,3500.0,3500.0,3500.0,3500.0,,,3464.51
122,77528122,4518012,119598,2023-2024,44,XV Finance Commission,3500.0,3500.0,3500.0,3500.0,,,3464.51
123,79700601,4518012,119598,2023-2024,45,XV Finance Commission,233796.0,233796.0,233796.0,233796.0,,,231116.0
124,79703903,4518012,119598,2023-2024,46,,10868.0,,,,,,0.0
125,79774865,4518012,119598,2023-2024,47,,20000.0,,,,,,0.0
126,79829546,4518012,119598,2023-2024,48,,,,,,,,0.0
127,79834206,4518012,119598,2023-2024,49,,,,,,,,0.0
128,79835675,4518012,119598,2023-2024,50,,,,,,,,0.0
129,79836457,4518012,119598,2023-2024,51,,,,,,,,0.0
130,78984227,4518012,119598,2023-2024,52,XV Finance Commission,100000.0,100000.0,100000.0,100000.0,,,100000.0
131,78990166,4518012,119598,2023-2024,53,XV Finance Commission,100000.0,100000.0,100000.0,100000.0,,,98281.0
132,79676639,4518012,119598,2023-2024,54,XV Finance Commission,200000.0,200000.0,200000.0,200000.0,,,196564.0
133,78985565,4518012,119598,2023-2024,55,XV Finance Commission,50000.0,50000.0,50000.0,50000.0,,,50000.0
134,79839235,4518012,119598,2023-2024,56,,,,,,,,0.0
135,79841889,4518012,119598,2023-2024,57,,,,,,,,0.0
136,79853167,4518012,119598,2023-2024,58,,,,,,,,0.0
137,79853949,4518012,119598,2023-2024,59,,,,,,,,0.0
138,79855034,4518012,119598,2023-2024,60,,,,,,,,0.0
139,79858492,4518012,119598,2023-2024,61,,,,,,,,0.0
140,79859464,4518012,119598,2023-2024,62,,,,,,,,0.0
141,79950913,4518012,119598,2023-2024,63,,,,,,,,0.0
142,79953197,4518012,119598,2023-2024,64,,,,,,,,0.0
143,79954851,4518012,119598,2023-2024,65,,,,,,,,0.0
144,79964303,4518012,119598,2023-2024,66,,,,,,,,0.0
145,79964862,4518012,119598,2023-2024,67,,,,,,,,0.0
146,79965485,4518012,119598,2023-2024,68,,,,,,,,0.0
147,79966704,4518012,119598,2023-2024,69,,,,,,,,0.0
148,79981035,4518012,119598,2023-2024,70,,,,,,,,0.0
149,79981712,4518012,119598,2023-2024,71,,,,,,,,0.0
150,80088727,4518012,119598,2023-2024,72,,,,,,,,0.0
151,80089634,4518012,119598,2023-2024,73,,,,,,,,0.0
152,80090442,4518012,119598,2023-2024,74,,,,,,,,0.0
153,80091769,4518012,119598,2023-2024,75,,,,,,,,0.0
154,80092799,4518012,119598,2023-2024,76,,,,,,,,0.0
155,80096346,4518012,119598,2023-2024,77,,,,,,,,0.0
156,80107026,4518012,119598,2023-2024,78,,,,,,,,0.0
157,80108417,4518012,119598,2023-2024,79,,,,,,,,0.0
158,80109649,4518012,119598,2023-2024,80,,,,,,,,0.0
159,80110615,4518012,119598,2023-2024,81,,,,,,,,0.0
160,80249778,4518012,119598,2023-2024,82,,,,,,,,0.0
161,80250780,4518012,119598,2023-2024,83,,,,,,,,0.0
162,80251273,4518012,119598,2023-2024,84,,,,,,,,0.0
163,80251648,4518012,119598,2023-2024,85,,,,,,,,0.0
164,80252010,4518012,119598,2023-2024,86,,,,,,,,0.0
165,80253578,4518012,119598,2023-2024,87,,,,,,,,0.0
166,80255281,4518012,119598,2023-2024,88,,,,,,,,0.0
167,80255671,4518012,119598,2023-2024,89,,,,,,,,0.0
168,80256045,4518012,119598,2023-2024,90,,,,,,,,0.0
169,80256486,4518012,119598,2023-2024,91,,,,,,,,0.0
170,80256845,4518012,119598,2023-2024,92,,,,,,,,0.0
171,80257169,4518012,119598,2023-2024,93,,,,,,,,0.0
172,80257527,4518012,119598,2023-2024,94,,,,,,,,0.0
173,80264362,4518012,119598,2023-2024,95,,,,,,,,0.0
174,80265270,4518012,119598,2023-2024,96,,,,,,,,0.0
175,80268544,4518012,119598,2023-2024,97,,,,,,,,0.0
176,80268992,4518012,119598,2023-2024,98,,,,,,,,0.0
177,80269704,4518012,119598,2023-2024,99,,,,,,,,0.0
178,80270961,4518012,119598,2023-2024,100,,,,,,,,0.0
179,80272069,4518012,119598,2023-2024,101,,,,,,,,0.0
180,80272618,4518012,119598,2023-2024,102,,,,,,,,0.0
181,80273036,4518012,119598,2023-2024,103,,,,,,,,0.0
182,80273630,4518012,119598,2023-2024,104,,,,,,,,0.0
183,80274466,4518012,119598,2023-2024,105,,,,,,,,0.0
184,80274790,4518012,119598,2023-2024,106,,,,,,,,0.0
185,80275187,4518012,119598,2023-2024,107,,,,,,,,0.0
186,80275595,4518012,119598,2023-2024,108,,,,,,,,0.0
187,80275912,4518012,119598,2023-2024,109,,,,,,,,0.0
188,80276208,4518012,119598,2023-2024,110,,,,,,,,0.0
189,80276612,4518012,119598,2023-2024,111,,,,,,,,0.0
190,80277436,4518012,119598,2023-2024,112,,,,,,,,0.0
191,80277729,4518012,119598,2023-2024,113,,,,,,,,0.0
192,80297416,4518012,119598,2023-2024,114,,,,,,,,0.0
193,80301255,4518012,119598,2023-2024,115,,,,,,,,0.0
194,80301792,4518012,119598,2023-2024,116,,,,,,,,0.0
195,80302279,4518012,119598,2023-2024,117,,,,,,,,0.0
196,80302784,4518012,119598,2023-2024,118,,,,,,,,0.0
197,80303414,4518012,119598,2023-2024,119,,,,,,,,0.0
198,80303966,4518012,119598,2023-2024,120,,,,,,,,0.0
199,80310674,4518012,119598,2023-2024,121,,,,,,,,0.0
200,80312692,4518012,119598,2023-2024,122,,,,,,,,0.0
201,80313065,4518012,119598,2023-2024,123,,,,,,,,0.0
202,80313705,4518012,119598,2023-2024,124,,,,,,,,0.0
203,80314128,4518012,119598,2023-2024,125,,,,,,,,0.0
204,80315157,4518012,119598,2023-2024,126,,,,,,,,0.0
205,80315521,4518012,119598,2023-2024,127,,,,,,,,0.0
206,80317090,4518012,119598,2023-2024,128,,,,,,,,0.0
207,80319149,4518012,119598,2023-2024,129,,,,,,,,0.0
208,80319634,4518012,119598,2023-2024,130,,,,,,,,0.0
209,80320683,4518012,119598,2023-2024,131,,,,,,,,0.0
210,80321379,4518012,119598,2023-2024,132,,,,,,,,0.0
211,80322871,4518012,119598,2023-2024,133,,,,,,,,0.0
212,80324272,4518012,119598,2023-2024,134,,,,,,,,0.0
213,80325045,4518012,119598,2023-2024,135,,,,,,,,0.0
214,80325517,4518012,119598,2023-2024,136,,,,,,,,0.0
215,80325865,4518012,119598,2023-2024,137,,,,,,,,0.0
216,80328028,4518012,119598,2023-2024,138,,,,,,,,0.0
217,80328674,4518012,119598,2023-2024,139,,,,,,,,0.0
218,80590417,4518012,119598,2023-2024,140,,100000.0,,,,,,0.0
219,80590909,4518012,119598,2023-2024,141,,80000.0,,,,,,0.0
220,80591910,4518012,119598,2023-2024,142,,100000.0,,,,,,0.0
221,80592609,4518012,119598,2023-2024,143,,100000.0,,,,,,0.0
222,80597426,4518012,119598,2023-2024,144,,,,,,,,0.0
223,80598569,4518012,119598,2023-2024,145,,6000.0,,,,,,0.0
224,80599331,4518012,119598,2023-2024,146,,12000.0,,,,,,0.0
225,80600044,4518012,119598,2023-2024,147,,3500.0,,,,,,0.0
226,80602263,4518012,119598,2023-2024,148,,12000.0,,,,,,0.0
227,80602791,4518012,119598,2023-2024,149,,,,,,,,0.0
228,80603229,4518012,119598,2023-2024,150,,,,,,,,0.0
229,80603620,4518012,119598,2023-2024,151,,,,,,,,0.0
230,80604194,4518012,119598,2023-2024,152,,5000.0,,,,,,0.0
231,80604764,4518012,119598,2023-2024,153,,2500.0,,,,,,0.0
232,80605311,4518012,119598,2023-2024,154,,5000.0,,,,,,0.0
233,80608562,4518012,119598,2023-2024,155,,15000.0,,,,,,0.0
234,80609215,4518012,119598,2023-2024,156,,10000.0,,,,,,0.0
235,80609706,4518012,119598,2023-2024,157,,,,,,,,0.0
236,80610290,4518012,119598,2023-2024,158,,25000.0,,,,,,0.0
237,80610840,4518012,119598,2023-2024,159,,5000.0,,,,,,0.0
238,80611284,4518012,119598,2023-2024,160,,2000.0,,,,,,0.0
239,80611821,4518012,119598,2023-2024,161,,,,,,,,0.0
240,80612323,4518012,119598,2023-2024,162,,25000.0,,,,,,0.0
241,80612981,4518012,119598,2023-2024,163,,5000.0,,,,,,0.0
242,80615039,4518012,119598,2023-2024,164,,5000.0,,,,,,0.0
243,80617820,4518012,119598,2023-2024,165,,5000.0,,,,,,0.0
244,80618486,4518012,119598,2023-2024,166,,6000.0,,,,,,0.0
245,80619089,4518012,119598,2023-2024,167,,9000.0,,,,,,0.0
246,80619674,4518012,119598,2023-2024,168,,10000.0,,,,,,0.0
247,80620413,4518012,119598,2023-2024,169,,2000.0,,,,,,0.0
248,80621190,4518012,119598,2023-2024,170,,14000.0,,,,,,0.0
249,80621632,4518012,119598,2023-2024,171,,8000.0,,,,,,0.0
250,80622059,4518012,119598,2023-2024,172,,7000.0,,,,,,0.0
251,80622631,4518012,119598,2023-2024,173,,6500.0,,,,,,0.0
252,80625017,4518012,119598,2023-2024,174,,5000.0,,,,,,0.0
253,80625528,4518012,119598,2023-2024,175,,8900.0,,,,,,0.0
254,80626113,4518012,119598,2023-2024,176,,5565.0,,,,,,0.0
255,80626614,4518012,119598,2023-2024,177,,8877.0,,,,,,0.0
256,80627364,4518012,119598,2023-2024,178,,8980.0,,,,,,0.0
257,80630199,4518012,119598,2023-2024,179,,,,,,,,0.0
258,80630788,4518012,119598,2023-2024,180,,5000.0,,,,,,0.0
259,80631359,4518012,119598,2023-2024,181,,15000.0,,,,,,0.0
260,80632277,4518012,119598,2023-2024,182,,3000.0,,,,,,0.0
261,80632867,4518012,119598,2023-2024,183,,20000.0,,,,,,0.0
262,80633714,4518012,119598,2023-2024,184,,12000.0,,,,,,0.0
263,80635271,4518012,119598,2023-2024,185,,1500.0,,,,,,0.0
264,80635842,4518012,119598,2023-2024,186,,2000.0,,,,,,0.0
265,80636307,4518012,119598,2023-2024,187,,1000.0,,,,,,0.0
266,80636729,4518012,119598,2023-2024,188,,11000.0,,,,,,0.0
267,80637116,4518012,119598,2023-2024,189,,,,,,,,0.0
268,80639485,4518012,119598,2023-2024,190,,,,,,,,0.0
269,79691022,4518012,119598,2023-2024,191,XV Finance Commission,60000.0,60000.0,60000.0,60000.0,,,59298.0
270,79683614,4518012,119598,2023-2024,192,XV Finance Commission,150000.0,150000.0,150000.0,150000.0,,,147009.0
271,78986775,4518012,119598,2023-2024,193,XV Finance Commission,558498.0,558498.0,558498.0,558498.0,,,51854.0
272,68169971,4518012,119598,2023-2024,194,5TH STATE FINANCE COMMISSION,35000.0,35000.0,35000.0,35000.0,,,35000.0
273,77424542,4518012,119598,2023-2024,195,XV Finance Commission,3500.0,3500.0,3500.0,3500.0,,,3464.51
274,77517014,4518012,119598,2023-2024,196,XV Finance Commission,3500.0,3500.0,3500.0,3500.0,,,3464.51
275,77525455,4518012,119598,2023-2024,197,XV Finance Commission,3500.0,3500.0,3500.0,3500.0,,,3464.51
276,77518368,4518012,119598,2023-2024,198,XV Finance Commission,3500.0,3500.0,3500.0,3500.0,,,3464.51
277,77521523,4518012,119598,2023-2024,199,XV Finance Commission,3500.0,3500.0,3500.0,3500.0,,,3464.51
278,77524606,4518012,119598,2023-2024,200,XV Finance Commission,3500.0,3500.0,3500.0,3500.0,,,3464.51
279,77526804,4518012,119598,2023-2024,201,XV Finance Commission,3500.0,3500.0,3500.0,3500.0,,,3464.51
280,79673404,4518012,119598,2023-2024,202,XV Finance Commission,50000.0,50000.0,50000.0,50000.0,,,48469.0
281,79692594,4518012,119598,2023-2024,203,XV Finance Commission,40000.0,40000.0,40000.0,40000.0,,,39560.0
282,77533499,4518012,119598,2023-2024,204,XV Finance Commission,45540.0,45540.0,45540.0,45540.0,,,45540.0
283,79690140,4518012,119598,2023-2024,205,XV Finance Commission,100000.0,100000.0,100000.0,100000.0,,,97739.0
284,68170440,4518012,119598,2023-2024,206,5TH STATE FINANCE COMMISSION,185952.0,185952.0,185952.0,185952.0,,,183919.0
285,77533115,4518012,119598,2023-2024,207,XV Finance Commission,57340.0,57340.0,57340.0,57340.0,,,57340.0
286,77532586,4518012,119598,2023-2024,208,XV Finance Commission,47440.0,47440.0,47440.0,47440.0,,,47440.0
287,77332331,4518012,119598,2023-2024,209,XV Finance Commission,34320.0,34320.0,34320.0,34320.0,,,34320.0
288,77421402,4518012,119598,2023-2024,210,XV Finance Commission,39420.0,39420.0,39420.0,39420.0,,,39420.0
289,77449988,4518012,119598,2023-2024,211,XV Finance Commission,31260.0,31260.0,31260.0,31260.0,,,31260.0
290,101682166,5171394,119598,2024-2025,1,XV Finance Commission,200000.0,200000.0,200000.0,200000.0,,,49204.0
291,101334130,5171394,119598,2024-2025,2,,,,,,,,0.0
292,101328366,5171394,119598,2024-2025,3,,,,,,,,0.0
293,99768873,5171394,119598,2024-2025,4,,20000.0,,,,,,0.0
294,105432633,5171394,119598,2024-2025,5,,,,,,,,0.0
295,101649990,5171394,119598,2024-2025,6,,,,,,,,0.0
296,101668386,5171394,119598,2024-2025,7,,,,,,,,0.0
297,101671265,5171394,119598,2024-2025,8,,,,,,,,0.0
298,101652200,5171394,119598,2024-2025,9,,,,,,,,0.0
299,101659550,5171394,119598,2024-2025,10,,,,,,,,0.0
300,101661275,5171394,119598,2024-2025,11,,,,,,,,0.0
301,101732057,5171394,119598,2024-2025,12,,50000.0,,,,,,0.0
302,101745219,5171394,119598,2024-2025,13,XV Finance Commission,270672.0,270672.0,270672.0,270672.0,,,266388.0
303,102045802,5171394,119598,2024-2025,14,,,,,,,,0.0
304,102046779,5171394,119598,2024-2025,15,,,,,,,,0.0
305,102051619,5171394,119598,2024-2025,16,,,,,,,,0.0
306,102052193,5171394,119598,2024-2025,17,,,,,,,,0.0
307,102052468,5171394,119598,2024-2025,18,,,,,,,,0.0
308,102053178,5171394,119598,2024-2025,19,,,,,,,,0.0
309,102051213,5171394,119598,2024-2025,20,,,,,,,,0.0
310,102099266,5171394,119598,2024-2025,21,XV Finance Commission,200000.0,200000.0,200000.0,200000.0,,,196564.0
311,102133087,5171394,119598,2024-2025,22,,50000.0,,,,,,0.0
312,102147744,5171394,119598,2024-2025,23,,,,,,,,0.0
313,102156373,5171394,119598,2024-2025,24,,,,,,,,0.0
314,102158954,5171394,119598,2024-2025,25,,,,,,,,0.0
315,102160251,5171394,119598,2024-2025,26,,,,,,,,0.0
316,103865468,5171394,119598,2024-2025,27,,3500.0,,,,,,0.0
317,103874997,5171394,119598,2024-2025,28,,3500.0,,,,,,0.0
318,105731504,5171394,119598,2024-2025,29,,,,,,,,0.0
319,102146544,5171394,119598,2024-2025,30,,,,,,,,0.0
320,102157629,5171394,119598,2024-2025,31,,,,,,,,0.0
321,103868392,5171394,119598,2024-2025,32,,3500.0,,,,,,0.0
322,105735828,5171394,119598,2024-2025,33,,10000.0,,,,,,0.0
323,102049648,5171394,119598,2024-2025,34,,,,,,,,0.0
324,101329835,5171394,119598,2024-2025,35,,,,,,,,0.0
325,101336006,5171394,119598,2024-2025,36,,,,,,,,0.0
326,101679536,5171394,119598,2024-2025,37,XV Finance Commission,186000.0,186000.0,186000.0,186000.0,,,83500.0
327,105428887,5171394,119598,2024-2025,38,,,,,,,,0.0
328,105433224,5171394,119598,2024-2025,39,,,,,,,,0.0
329,105433772,5171394,119598,2024-2025,40,,,,,,,,0.0
330,105436598,5171394,119598,2024-2025,41,,,,,,,,0.0
331,105736465,5171394,119598,2024-2025,42,,10000.0,,,,,,0.0
332,105736705,5171394,119598,2024-2025,43,,,,,,,,0.0
333,105736731,5171394,119598,2024-2025,44,,,,,,,,0.0
334,105736763,5171394,119598,2024-2025,45,,,,,,,,0.0
335,105736775,5171394,119598,2024-2025,46,,,,,,,,0.0
336,105736748,5171394,119598,2024-2025,47,,,,,,,,0.0
337,105736787,5171394,119598,2024-2025,48,,,,,,,,0.0
338,105736803,5171394,119598,2024-2025,49,,,,,,,,0.0
339,105736684,5171394,119598,2024-2025,50,,,,,,,,0.0
340,105736864,5171394,119598,2024-2025,51,,,,,,,,0.0
341,105736876,5171394,119598,2024-2025,52,,,,,,,,0.0
342,101725602,5171394,119598,2024-2025,53,,50000.0,,,,,,0.0
343,105736844,5171394,119598,2024-2025,54,,,,,,,,0.0
344,105736850,5171394,119598,2024-2025,55,,,,,,,,0.0
345,101728074,5171394,119598,2024-2025,56,,60000.0,,,,,,0.0
346,101733475,5171394,119598,2024-2025,57,,50000.0,,,,,,0.0
347,102149538,5171394,119598,2024-2025,58,,,,,,,,0.0
348,102126022,5171394,119598,2024-2025,59,5TH STATE FINANCE COMMISSION,200000.0,200000.0,200000.0,200000.0,,,196567.0
349,102166171,5171394,119598,2024-2025,60,,,,,,,,0.0
350,103471181,5171394,119598,2024-2025,61,,,,,,,,0.0
351,105446806,5171394,119598,2024-2025,62,,,,,,,,0.0
352,105730812,5171394,119598,2024-2025,63,,,,,,,,0.0
353,105730924,5171394,119598,2024-2025,64,,,,,,,,0.0
354,102043076,5171394,119598,2024-2025,65,,,,,,,,0.0
355,102044917,5171394,119598,2024-2025,66,,,,,,,,0.0
356,102055745,5171394,119598,2024-2025,67,,,,,,,,0.0
357,102056138,5171394,119598,2024-2025,68,,,,,,,,0.0
358,102113870,5171394,119598,2024-2025,69,5TH STATE FINANCE COMMISSION,100000.0,100000.0,100000.0,100000.0,,,98505.0
359,102154148,5171394,119598,2024-2025,70,,,,,,,,0.0
360,102095355,5171394,119598,2024-2025,71,XV Finance Commission,100896.0,100896.0,100896.0,100896.0,,,99124.0
361,102097739,5171394,119598,2024-2025,72,XV Finance Commission,300000.0,300000.0,300000.0,300000.0,,,294855.0
362,102161875,5171394,119598,2024-2025,73,,,,,,,,0.0
363,103794559,5171394,119598,2024-2025,74,,3500.0,,,,,,0.0
364,103866744,5171394,119598,2024-2025,75,,3500.0,,,,,,0.0
365,103869662,5171394,119598,2024-2025,76,,3500.0,,,,,,0.0
366,103870903,5171394,119598,2024-2025,77,,3500.0,,,,,,0.0
367,103872097,5171394,119598,2024-2025,78,,3500.0,,,,,,0.0
368,103876162,5171394,119598,2024-2025,79,,3500.0,,,,,,0.0
369,103877518,5171394,119598,2024-2025,80,,3500.0,,,,,,0.0
370,105195831,5171394,119598,2024-2025,81,,,,,,,,0.0
371,105200172,5171394,119598,2024-2025,82,,,,,,,,0.0
372,105201163,5171394,119598,2024-2025,83,,,,,,,,0.0
373,105259526,5171394,119598,2024-2025,84,,,,,,,,0.0
374,105259908,5171394,119598,2024-2025,85,,,,,,,,0.0
375,105260991,5171394,119598,2024-2025,86,,,,,,,,0.0
376,105261308,5171394,119598,2024-2025,87,,,,,,,,0.0
377,105261724,5171394,119598,2024-2025,88,,,,,,,,0.0
378,105262058,5171394,119598,2024-2025,89,,,,,,,,0.0
379,105415621,5171394,119598,2024-2025,90,,,,,,,,0.0
380,105416293,5171394,119598,2024-2025,91,,,,,,,,0.0
381,105417425,5171394,119598,2024-2025,92,,,,,,,,0.0
382,105418297,5171394,119598,2024-2025,93,,,,,,,,0.0
383,105418604,5171394,119598,2024-2025,94,,,,,,,,0.0
384,105419616,5171394,119598,2024-2025,95,,,,,,,,0.0
385,105420170,5171394,119598,2024-2025,96,,,,,,,,0.0
386,105422729,5171394,119598,2024-2025,97,,,,,,,,0.0
387,105428506,5171394,119598,2024-2025,98,,,,,,,,0.0
388,105437074,5171394,119598,2024-2025,99,,,,,,,,0.0
389,105437582,5171394,119598,2024-2025,100,,,,,,,,0.0
390,105438070,5171394,119598,2024-2025,101,,,,,,,,0.0
391,105438582,5171394,119598,2024-2025,102,,,,,,,,0.0
392,105439158,5171394,119598,2024-2025,103,,,,,,,,0.0
393,105731621,5171394,119598,2024-2025,104,,,,,,,,0.0
394,105732874,5171394,119598,2024-2025,105,,45000.0,,,,,,0.0
395,105736120,5171394,119598,2024-2025,106,,200000.0,,,,,,0.0
396,105736718,5171394,119598,2024-2025,107,,,,,,,,0.0
397,105736816,5171394,119598,2024-2025,108,,,,,,,,0.0
398,102104527,5171394,119598,2024-2025,109,XV Finance Commission,200000.0,200000.0,200000.0,200000.0,,,197112.0
399,102130303,5171394,119598,2024-2025,110,5TH STATE FINANCE COMMISSION,235952.0,235952.0,235952.0,235952.0,,,233469.0
400,101688899,5171394,119598,2024-2025,111,XV Finance Commission,50000.0,50000.0,50000.0,50000.0,,,50000.0
401,101700336,5171394,119598,2024-2025,112,XV Finance Commission,180000.0,180000.0,180000.0,180000.0,,,180000.0
402,102121492,5171394,119598,2024-2025,113,5TH STATE FINANCE COMMISSION,100000.0,100000.0,100000.0,100000.0,,,97724.0
403,102119617,5171394,119598,2024-2025,114,5TH STATE FINANCE COMMISSION,100000.0,100000.0,100000.0,100000.0,,,98231.0
404,102117530,5171394,119598,2024-2025,115,5TH STATE FINANCE COMMISSION,100000.0,100000.0,100000.0,100000.0,,,97724.0
405,102128088,5171394,119598,2024-2025,116,5TH STATE FINANCE COMMISSION,100000.0,100000.0,100000.0,100000.0,,,98238.0
406,101691919,5171394,119598,2024-2025,117,XV Finance Commission,114672.0,114672.0,114672.0,114672.0,,,114672.0
407,102096768,5171394,119598,2024-2025,118,XV Finance Commission,200000.0,200000.0,200000.0,200000.0,,,197523.0
408,122408190,5578043,119598,2025-2026,1,XV Finance Commission,201672.0,201672.0,201672.0,201672.0,,,201672.0
409,122412205,5578043,119598,2025-2026,2,,50000.0,,,,,,0.0
410,122427854,5578043,119598,2025-2026,3,,15000.0,,,,,,0.0
411,122782974,5578043,119598,2025-2026,4,,50000.0,,,,,,0.0
412,122810323,5578043,119598,2025-2026,5,,,,,,,,0.0
413,122811822,5578043,119598,2025-2026,6,,,,,,,,0.0
414,122820414,5578043,119598,2025-2026,7,,,,,,,,0.0
415,122821911,5578043,119598,2025-2026,8,,,,,,,,0.0
416,122831722,5578043,119598,2025-2026,9,,2000.0,,,,,,0.0
417,122833228,5578043,119598,2025-2026,10,,2000.0,,,,,,0.0
418,122836533,5578043,119598,2025-2026,11,,6000.0,,,,,,0.0
419,122839485,5578043,119598,2025-2026,12,,4000.0,,,,,,0.0
420,122842872,5578043,119598,2025-2026,13,,2000.0,,,,,,0.0
421,122844317,5578043,119598,2025-2026,14,,2000.0,,,,,,0.0
422,122845398,5578043,119598,2025-2026,15,,2000.0,,,,,,0.0
423,122846504,5578043,119598,2025-2026,16,,2000.0,,,,,,0.0
424,122847610,5578043,119598,2025-2026,17,,2000.0,,,,,,0.0
425,122848633,5578043,119598,2025-2026,18,,2000.0,,,,,,0.0
426,122849521,5578043,119598,2025-2026,19,,2000.0,,,,,,0.0
427,122851121,5578043,119598,2025-2026,20,,2000.0,,,,,,0.0
428,122854250,5578043,119598,2025-2026,21,,2000.0,,,,,,0.0
429,122855193,5578043,119598,2025-2026,22,,2000.0,,,,,,0.0
430,122856024,5578043,119598,2025-2026,23,,2000.0,,,,,,0.0
431,122857052,5578043,119598,2025-2026,24,,2000.0,,,,,,0.0
432,122858692,5578043,119598,2025-2026,25,,2000.0,,,,,,0.0
433,122860590,5578043,119598,2025-2026,26,,2000.0,,,,,,0.0
434,122861419,5578043,119598,2025-2026,27,,2000.0,,,,,,0.0
435,122861960,5578043,119598,2025-2026,28,,2000.0,,,,,,0.0
436,122864163,5578043,119598,2025-2026,29,,,,,,,,0.0
437,122864743,5578043,119598,2025-2026,30,,,,,,,,0.0
438,122865314,5578043,119598,2025-2026,31,,,,,,,,0.0
439,122865911,5578043,119598,2025-2026,32,,,,,,,,0.0
440,122866460,5578043,119598,2025-2026,33,,,,,,,,0.0
441,122867197,5578043,119598,2025-2026,34,,,,,,,,0.0
442,122867745,5578043,119598,2025-2026,35,,,,,,,,0.0
443,122868332,5578043,119598,2025-2026,36,,,,,,,,0.0
444,122868982,5578043,119598,2025-2026,37,,,,,,,,0.0
445,122869701,5578043,119598,2025-2026,38,,,,,,,,0.0
446,122870380,5578043,119598,2025-2026,39,,,,,,,,0.0
447,122870990,5578043,119598,2025-2026,40,,,,,,,,0.0
448,122870991,5578043,119598,2025-2026,41,,,,,,,,0.0
449,122872020,5578043,119598,2025-2026,42,,,,,,,,0.0
450,122872593,5578043,119598,2025-2026,43,,,,,,,,0.0
451,122873068,5578043,119598,2025-2026,44,,,,,,,,0.0
452,122873656,5578043,119598,2025-2026,45,,,,,,,,0.0
453,122874156,5578043,119598,2025-2026,46,,,,,,,,0.0
454,122874614,5578043,119598,2025-2026,47,,,,,,,,0.0
455,122875468,5578043,119598,2025-2026,48,,,,,,,,0.0
456,122876150,5578043,119598,2025-2026,49,,,,,,,,0.0
457,122876602,5578043,119598,2025-2026,50,,,,,,,,0.0
458,122889954,5578043,119598,2025-2026,51,,,,,,,,0.0
459,122890202,5578043,119598,2025-2026,52,,,,,,,,0.0
460,122890489,5578043,119598,2025-2026,53,,,,,,,,0.0
461,122887323,5578043,119598,2025-2026,54,5TH STATE FINANCE COMMISSION,150000.0,150000.0,150000.0,150000.0,,,73572.0
462,122431817,5578043,119598,2025-2026,55,XV Finance Commission,160000.0,160000.0,160000.0,160000.0,,,0.0
463,122403174,5578043,119598,2025-2026,56,XV Finance Commission,300000.0,300000.0,300000.0,300000.0,,,0.0
464,122434551,5578043,119598,2025-2026,57,XV Finance Commission,50000.0,50000.0,50000.0,50000.0,,,0.0
465,117178667,5578043,119598,2025-2026,58,,,,,,,,0.0
466,117179158,5578043,119598,2025-2026,59,,,,,,,,0.0
467,122838476,5578043,119598,2025-2026,60,,4000.0,,,,,,0.0
468,122461286,5578043,119598,2025-2026,61,,400000.0,400000.0,,,,,0.0
469,122405738,5578043,119598,2025-2026,62,,25000.0,25000.0,,,,,0.0
470,122409245,5578043,119598,2025-2026,63,,50000.0,,,,,,0.0
471,122414082,5578043,119598,2025-2026,64,XV Finance Commission,140000.0,140000.0,140000.0,140000.0,,,0.0
472,122424380,5578043,119598,2025-2026,65,,50000.0,,,,,,0.0
473,122425822,5578043,119598,2025-2026,66,XV Finance Commission,84000.0,84000.0,84000.0,84000.0,,,0.0
474,122426822,5578043,119598,2025-2026,67,XV Finance Commission,60000.0,60000.0,60000.0,60000.0,,,59400.0
475,122429469,5578043,119598,2025-2026,68,,15000.0,,,,,,0.0
476,122430733,5578043,119598,2025-2026,69,,60000.0,,,,,,0.0
477,122432907,5578043,119598,2025-2026,70,XV Finance Commission,100672.0,100672.0,100672.0,100672.0,,,100672.0
478,122433890,5578043,119598,2025-2026,71,XV Finance Commission,140000.0,140000.0,140000.0,140000.0,,,0.0
479,122463524,5578043,119598,2025-2026,72,XV Finance Commission,150896.0,1501896.0,150896.0,150896.0,,,148270.0
480,122491145,5578043,119598,2025-2026,73,,100000.0,,,,,,0.0
481,122494657,5578043,119598,2025-2026,74,XV Finance Commission,100000.0,100000.0,100000.0,100000.0,,,98251.0
482,122511991,5578043,119598,2025-2026,75,XV Finance Commission,150000.0,150000.0,150000.0,150000.0,,,147385.0
483,122776363,5578043,119598,2025-2026,76,,200000.0,200000.0,,,,,0.0
484,122778951,5578043,119598,2025-2026,77,5TH STATE FINANCE COMMISSION,200000.0,200000.0,200000.0,200000.0,,,196489.0
485,122785257,5578043,119598,2025-2026,78,5TH STATE FINANCE COMMISSION,150000.0,150000.0,150000.0,150000.0,,,147385.0
486,122792846,5578043,119598,2025-2026,79,,150000.0,150000.0,,,,,0.0
487,122790071,5578043,119598,2025-2026,80,5TH STATE FINANCE COMMISSION,85952.0,85952.0,85952.0,85952.0,,,84771.0
488,122805700,5578043,119598,2025-2026,81,,100000.0,,,,,,0.0
489,122808555,5578043,119598,2025-2026,82,,,,,,,,0.0
490,122814088,5578043,119598,2025-2026,83,,,,,,,,0.0
491,122834643,5578043,119598,2025-2026,84,,,,,,,,0.0
492,127377934,5900776,119598,2025-2026,1,5TH STATE FINANCE COMMISSION,200000.0,200000.0,200000.0,200000.0,,,196480.0
493,127378005,5900776,119598,2025-2026,2,5TH STATE FINANCE COMMISSION,150000.0,150000.0,150000.0,150000.0,,,147384.0
494,44376713,3143688,116397,2020-2021,1,,300000.0,,,,,,0.0
495,44376908,3143688,116397,2020-2021,2,,300000.0,,,,,,0.0
496,44377348,3143688,116397,2020-2021,3,,48000.0,,,,,,0.0
497,44377555,3143688,116397,2020-2021,4,XV Finance Commission,100000.0,,100000.0,100000.0,,,0.0
498,44377837,3143688,116397,2020-2021,5,,300312.0,,,,,,0.0
499,44378384,3143688,116397,2020-2021,6,,250000.0,,,,,,0.0
500,44378515,3143688,116397,2020-2021,7,,50000.0,,,,,,0.0
501,44378637,3143688,116397,2020-2021,8,XV Finance Commission,223312.0,223312.0,223312.0,223312.0,,,211573.0
502,44378727,3143688,116397,2020-2021,9,,200000.0,,,,,,0.0
503,44378905,3143688,116397,2020-2021,10,,200000.0,,,,,,0.0
504,44377958,3143688,116397,2020-2021,11,,200000.0,,,,,,0.0
505,44378080,3143688,116397,2020-2021,12,,225000.0,,,,,,0.0
506,44376521,3143688,116397,2020-2021,13,Own Funds,214080.0,1.0,214081.0,1.0,,,198671.0
507,44376521,3143688,116397,2020-2021,14,5TH STATE FINANCE COMMISSION,214080.0,1.0,214081.0,214080.0,,,198671.0
508,44377200,3143688,116397,2020-2021,15,XV Finance Commission,150000.0,,150000.0,150000.0,,,122270.0
509,44377691,3143688,116397,2020-2021,16,,200000.0,,,,,,0.0
510,44378252,3143688,116397,2020-2021,17,XV Finance Commission,300000.0,300000.0,300000.0,300000.0,,,0.0
511,48281117,3297192,116397,2020-2021,1,XV Finance Commission,100000.0,100000.0,100000.0,100000.0,,,100000.0
512,48281425,3297192,116397,2020-2021,2,XV Finance Commission,873000.0,873000.0,873000.0,873000.0,,,852746.0
513,46860964,3297192,116397,2020-2021,3,XV Finance Commission,30000.0,30000.0,30000.0,30000.0,,,29700.0
514,48283445,3297192,116397,2020-2021,4,XV Finance Commission,150000.0,,150000.0,150000.0,,,0.0
515,46843604,3297192,116397,2020-2021,5,5TH STATE FINANCE COMMISSION,300000.0,300000.0,300000.0,300000.0,,,278039.0
516,46861339,3297192,116397,2020-2021,6,XV Finance Commission,522000.0,522000.0,522000.0,522000.0,,,508913.0
517,46842718,3297192,116397,2020-2021,7,,214080.0,214080.0,,,,,0.0
518,46851012,3297192,116397,2020-2021,8,XV Finance Commission,300000.0,300000.0,300000.0,300000.0,,,292056.0
519,46861757,3297192,116397,2020-2021,9,XV Finance Commission,48000.0,,48000.0,48000.0,,,0.0
520,46863243,3297192,116397,2020-2021,10,XV Finance Commission,100000.0,,100000.0,100000.0,,,0.0
521,48281283,3297192,116397,2020-2021,11,XV Finance Commission,100312.0,100312.0,100312.0,100312.0,,,100312.0
522,46860396,3297192,116397,2020-2021,12,5TH STATE FINANCE COMMISSION,300000.0,300000.0,300000.0,300000.0,,,292131.0
523,48587405,3375443,116397,2021-2022,1,XV Finance Commission,1000000.0,745052.0,1000000.0,1000000.0,,,342537.0
524,48587616,3375443,116397,2021-2022,2,,223312.0,,,,,,0.0
525,48584377,3375443,116397,2021-2022,3,,150000.0,,,,,,0.0
526,48587198,3375443,116397,2021-2022,4,,111656.0,,,,,,0.0
527,48588888,3375443,116397,2021-2022,5,5TH STATE FINANCE COMMISSION,26032.0,26032.0,26032.0,26032.0,,,12000.0
528,48588415,3375443,116397,2021-2022,6,5TH STATE FINANCE COMMISSION,40000.0,40000.0,40000.0,40000.0,,,0.0
529,48612920,3375443,116397,2021-2022,7,,5000.0,,,,,,0.0
530,48589482,3375443,116397,2021-2022,8,5TH STATE FINANCE COMMISSION,100000.0,100000.0,100000.0,100000.0,,,95050.0
531,48587836,3375443,116397,2021-2022,9,5TH STATE FINANCE COMMISSION,48000.0,48000.0,48000.0,48000.0,,,48000.0
532,48585464,3375443,116397,2021-2022,10,XV Finance Commission,200000.0,200000.0,200000.0,200000.0,,,144920.0
533,48585211,3375443,116397,2021-2022,11,,161656.0,,,,,,0.0
534,48584673,3375443,116397,2021-2022,12,XV Finance Commission,100000.0,100000.0,100000.0,100000.0,,,0.0
535,48586944,3375443,116397,2021-2022,13,XV Finance Commission,300000.0,300000.0,300000.0,300000.0,,,285012.0
536,48584943,3375443,116397,2021-2022,14,XV Finance Commission,200000.0,200000.0,200000.0,200000.0,,,131451.0
537,48589178,3375443,116397,2021-2022,15,5TH STATE FINANCE COMMISSION,500000.0,500000.0,500000.0,500000.0,,,486290.0
538,48588115,3375443,116397,2021-2022,16,5TH STATE FINANCE COMMISSION,100000.0,100000.0,100000.0,100000.0,,,100000.0
539,55600860,3796045,116397,2021-2022,1,XV Finance Commission,200000.0,200000.0,200000.0,200000.0,,,197000.0
540,55601248,3796045,116397,2021-2022,2,XV Finance Commission,745052.0,745052.0,745052.0,745052.0,,,394864.0
541,55735975,3796045,116397,2021-2022,3,,100000.0,,,,,,0.0
542,55736700,3796045,116397,2021-2022,4,,175198.0,,,,,,0.0
543,55736812,3796045,116397,2021-2022,5,,175198.0,,,,,,0.0
544,55735899,3796045,116397,2021-2022,6,,125000.0,,,,,,0.0
545,55737761,3796045,116397,2021-2022,7,,163806.0,,,,,,0.0
546,55736870,3796045,116397,2021-2022,8,,722922.0,,,,,,0.0
547,55736083,3796045,116397,2021-2022,9,,133789.0,,,,,,0.0
548,55736361,3796045,116397,2021-2022,10,,108789.0,,,,,,0.0
549,55736204,3796045,116397,2021-2022,11,,150000.0,,,,,,0.0
550,55736283,3796045,116397,2021-2022,12,,300000.0,,,,,,0.0
551,61742577,4109761,116397,2022-2023,1,5TH STATE FINANCE COMMISSION,200000.0,200000.0,200000.0,200000.0,,,199616.0
552,61742460,4109761,116397,2022-2023,2,XV Finance Commission,150000.0,150000.0,150000.0,150000.0,,,148760.0
553,61742520,4109761,116397,2022-2023,3,XV Finance Commission,100000.0,100000.0,100000.0,100000.0,,,97000.0
554,61742479,4109761,116397,2022-2023,4,XV Finance Commission,200000.0,200000.0,200000.0,200000.0,,,198000.0
555,61742509,4109761,116397,2022-2023,5,XV Finance Commission,30000.0,30000.0,30000.0,30000.0,,,30000.0
556,61742592,4109761,116397,2022-2023,6,,10000.0,,,,,,0.0
557,61742552,4109761,116397,2022-2023,7,5TH STATE FINANCE COMMISSION,72000.0,72000.0,72000.0,72000.0,,,72000.0
558,61742543,4109761,116397,2022-2023,8,,22500.0,,,,,,0.0
559,61742539,4109761,116397,2022-2023,9,,30000.0,,,,,,0.0
560,61742441,4109761,116397,2022-2023,10,,500000.0,,,,,,0.0
561,61742503,4109761,116397,2022-2023,11,,200000.0,,,,,,0.0
562,61742531,4109761,116397,2022-2023,12,,196044.0,,,,,,0.0
563,61742558,4109761,116397,2022-2023,13,5TH STATE FINANCE COMMISSION,100000.0,,100000.0,100000.0,,,0.0
564,61742451,4109761,116397,2022-2023,14,XV Finance Commission,250000.0,250000.0,250000.0,250000.0,,,247500.0
565,61742490,4109761,116397,2022-2023,15,XV Finance Commission,128544.0,128544.0,128544.0,128544.0,,,127044.0
566,61742469,4109761,116397,2022-2023,16,XV Finance Commission,100000.0,100000.0,100000.0,100000.0,,,62960.0
567,61742586,4109761,116397,2022-2023,17,5TH STATE FINANCE COMMISSION,300000.0,300000.0,300000.0,300000.0,,,297300.0
568,61742562,4109761,116397,2022-2023,18,5TH STATE FINANCE COMMISSION,142032.0,142032.0,142032.0,142032.0,,,125434.0
569,61742455,4109761,116397,2022-2023,19,XV Finance Commission,21392.0,21392.0,21392.0,21392.0,,,7000.0
570,65502816,4325194,116397,2022-2023,1,XV Finance Commission,170000.0,170000.0,170000.0,170000.0,,,168300.0
571,65503145,4325194,116397,2022-2023,2,,112000.0,,,,,,0.0
572,65503237,4325194,116397,2022-2023,3,,62544.0,,,,,,0.0
573,65503444,4325194,116397,2022-2023,4,,31500.0,,,,,,0.0
574,65503546,4325194,116397,2022-2023,5,,36000.0,,,,,,0.0
575,65503646,4325194,116397,2022-2023,6,,10000.0,,,,,,0.0
576,65503808,4325194,116397,2022-2023,7,,15000.0,,,,,,0.0
577,65503898,4325194,116397,2022-2023,8,,30000.0,,,,,,0.0
578,65504538,4325194,116397,2022-2023,9,,10000.0,,,,,,0.0
579,65502394,4325194,116397,2022-2023,10,XV Finance Commission,400000.0,400000.0,400000.0,400000.0,,,396000.0
580,65502685,4325194,116397,2022-2023,11,XV Finance Commission,100000.0,100000.0,100000.0,100000.0,,,100000.0
581,65503385,4325194,116397,2022-2023,12,XV Finance Commission,75000.0,75000.0,75000.0,75000.0,,,75000.0
582,65503722,4325194,116397,2022-2023,13,XV Finance Commission,6500.0,6500.0,6500.0,6500.0,,,6500.0
583,82425252,4660164,116397,2023-2024,1,XV Finance Commission,50000.0,50000.0,50000.0,50000.0,,,49677.0
584,82331651,4660164,116397,2023-2024,2,5TH STATE FINANCE COMMISSION,119700.0,,119700.0,119700.0,,,119700.0
585,82335953,4660164,116397,2023-2024,3,XV Finance Commission,160000.0,160000.0,160000.0,160000.0,,,158936.0
586,76861992,4660164,116397,2023-2024,4,,,,,,,,0.0
587,78493897,4660164,116397,2023-2024,5,,,,,,,,0.0
588,78491116,4660164,116397,2023-2024,6,,,,,,,,0.0
589,80033382,4660164,116397,2023-2024,7,,,,,,,,0.0
590,80033493,4660164,116397,2023-2024,8,,,,,,,,0.0
591,80034110,4660164,116397,2023-2024,9,,,,,,,,0.0
592,82420634,4660164,116397,2023-2024,10,XV Finance Commission,80000.0,80000.0,80000.0,80000.0,,,80000.0
593,74922244,4660164,116397,2023-2024,11,,,,,,,,0.0
594,74924150,4660164,116397,2023-2024,12,,,,,,,,0.0
595,74925669,4660164,116397,2023-2024,13,,,,,,,,0.0
596,75325509,4660164,116397,2023-2024,14,,,,,,,,0.0
597,75334248,4660164,116397,2023-2024,15,,,,,,,,0.0
598,76882666,4660164,116397,2023-2024,16,,,,,,,,0.0
599,76966859,4660164,116397,2023-2024,17,,,,,,,,0.0
600,76968711,4660164,116397,2023-2024,18,,,,,,,,0.0
601,77278142,4660164,116397,2023-2024,19,,,,,,,,0.0
602,80029295,4660164,116397,2023-2024,20,,,,,,,,0.0
603,80038923,4660164,116397,2023-2024,21,,,,,,,,0.0
604,80039350,4660164,116397,2023-2024,22,,,,,,,,0.0
605,80040857,4660164,116397,2023-2024,23,,,,,,,,0.0
606,80041149,4660164,116397,2023-2024,24,,,,,,,,0.0
607,80041298,4660164,116397,2023-2024,25,,,,,,,,0.0
608,80041520,4660164,116397,2023-2024,26,,,,,,,,0.0
609,82663413,4660164,116397,2023-2024,27,,,,,,,,0.0
610,82663835,4660164,116397,2023-2024,28,,,,,,,,0.0
611,82665665,4660164,116397,2023-2024,29,,,,,,,,0.0
612,82665984,4660164,116397,2023-2024,30,,,,,,,,0.0
613,82666890,4660164,116397,2023-2024,31,,,,,,,,0.0
614,82667203,4660164,116397,2023-2024,32,,,,,,,,0.0
615,74908673,4660164,116397,2023-2024,33,,,,,,,,0.0
616,74909779,4660164,116397,2023-2024,34,,,,,,,,0.0
617,74910897,4660164,116397,2023-2024,35,,,,,,,,0.0
618,74912858,4660164,116397,2023-2024,36,,,,,,,,0.0
619,74913878,4660164,116397,2023-2024,37,,,,,,,,0.0
620,74915636,4660164,116397,2023-2024,38,,,,,,,,0.0
621,74916405,4660164,116397,2023-2024,39,,,,,,,,0.0
622,74917288,4660164,116397,2023-2024,40,,,,,,,,0.0
623,74919976,4660164,116397,2023-2024,41,,,,,,,,0.0
624,74926596,4660164,116397,2023-2024,42,,,,,,,,0.0
625,75327699,4660164,116397,2023-2024,43,,,,,,,,0.0
626,75328294,4660164,116397,2023-2024,44,,,,,,,,0.0
627,75329745,4660164,116397,2023-2024,45,,500000.0,,,,,,0.0
628,75332917,4660164,116397,2023-2024,46,,100000.0,,,,,,0.0
629,75334997,4660164,116397,2023-2024,47,,,,,,,,0.0
630,75673570,4660164,116397,2023-2024,48,,,,,,,,0.0
631,76852959,4660164,116397,2023-2024,49,,,,,,,,0.0
632,76855353,4660164,116397,2023-2024,50,,,,,,,,0.0
633,76857403,4660164,116397,2023-2024,51,,,,,,,,0.0
634,76860268,4660164,116397,2023-2024,52,,,,,,,,0.0
635,76863887,4660164,116397,2023-2024,53,,,,,,,,0.0
636,76870655,4660164,116397,2023-2024,54,,,,,,,,0.0
637,76872356,4660164,116397,2023-2024,55,,,,,,,,0.0
638,76873714,4660164,116397,2023-2024,56,,,,,,,,0.0
639,76874653,4660164,116397,2023-2024,57,,,,,,,,0.0
640,76875619,4660164,116397,2023-2024,58,,,,,,,,0.0
641,76876274,4660164,116397,2023-2024,59,,,,,,,,0.0
642,76877099,4660164,116397,2023-2024,60,,,,,,,,0.0
643,76877938,4660164,116397,2023-2024,61,,,,,,,,0.0
644,76878581,4660164,116397,2023-2024,62,,,,,,,,0.0
645,76879500,4660164,116397,2023-2024,63,,,,,,,,0.0
646,76880414,4660164,116397,2023-2024,64,,,,,,,,0.0
647,76887775,4660164,116397,2023-2024,65,,,,,,,,0.0
648,76888547,4660164,116397,2023-2024,66,,,,,,,,0.0
649,76965639,4660164,116397,2023-2024,67,,,,,,,,0.0
650,76966475,4660164,116397,2023-2024,68,,,,,,,,0.0
651,76969044,4660164,116397,2023-2024,69,,,,,,,,0.0
652,76969897,4660164,116397,2023-2024,70,,,,,,,,0.0
653,76970105,4660164,116397,2023-2024,71,,,,,,,,0.0
654,76972230,4660164,116397,2023-2024,72,,,,,,,,0.0
655,76975345,4660164,116397,2023-2024,73,,,,,,,,0.0
656,76976023,4660164,116397,2023-2024,74,,,,,,,,0.0
657,76976449,4660164,116397,2023-2024,75,,,,,,,,0.0
658,76976664,4660164,116397,2023-2024,76,,,,,,,,0.0
659,77267031,4660164,116397,2023-2024,77,,,,,,,,0.0
660,77275560,4660164,116397,2023-2024,78,,,,,,,,0.0
661,77276752,4660164,116397,2023-2024,79,,,,,,,,0.0
662,77278423,4660164,116397,2023-2024,80,,,,,,,,0.0
663,77279910,4660164,116397,2023-2024,81,,,,,,,,0.0
664,77280263,4660164,116397,2023-2024,82,,,,,,,,0.0
665,77280739,4660164,116397,2023-2024,83,,,,,,,,0.0
666,78491476,4660164,116397,2023-2024,84,,,,,,,,0.0
667,78491998,4660164,116397,2023-2024,85,,,,,,,,0.0
668,78492333,4660164,116397,2023-2024,86,,,,,,,,0.0
669,78492814,4660164,116397,2023-2024,87,,,,,,,,0.0
670,78494126,4660164,116397,2023-2024,88,,,,,,,,0.0
671,78494502,4660164,116397,2023-2024,89,,,,,,,,0.0
672,78495236,4660164,116397,2023-2024,90,,,,,,,,0.0
673,78495596,4660164,116397,2023-2024,91,,,,,,,,0.0
674,78496071,4660164,116397,2023-2024,92,,,,,,,,0.0
675,78496458,4660164,116397,2023-2024,93,,,,,,,,0.0
676,78496705,4660164,116397,2023-2024,94,,,,,,,,0.0
677,78497072,4660164,116397,2023-2024,95,,,,,,,,0.0
678,78497365,4660164,116397,2023-2024,96,,,,,,,,0.0
679,78497945,4660164,116397,2023-2024,97,,,,,,,,0.0
680,78498113,4660164,116397,2023-2024,98,,,,,,,,0.0
681,78498439,4660164,116397,2023-2024,99,,,,,,,,0.0
682,78498722,4660164,116397,2023-2024,100,,,,,,,,0.0
683,78499068,4660164,116397,2023-2024,101,,,,,,,,0.0
684,78499277,4660164,116397,2023-2024,102,,,,,,,,0.0
685,78499712,4660164,116397,2023-2024,103,,,,,,,,0.0
686,78500014,4660164,116397,2023-2024,104,,,,,,,,0.0
687,78500161,4660164,116397,2023-2024,105,,,,,,,,0.0
688,78500556,4660164,116397,2023-2024,106,,,,,,,,0.0
689,80029130,4660164,116397,2023-2024,107,,,,,,,,0.0
690,80029215,4660164,116397,2023-2024,108,,,,,,,,0.0
691,80029373,4660164,116397,2023-2024,109,,,,,,,,0.0
692,80029450,4660164,116397,2023-2024,110,,,,,,,,0.0
693,80029521,4660164,116397,2023-2024,111,,,,,,,,0.0
694,80029599,4660164,116397,2023-2024,112,,,,,,,,0.0
695,80029705,4660164,116397,2023-2024,113,,,,,,,,0.0
696,80029763,4660164,116397,2023-2024,114,,,,,,,,0.0
697,80029851,4660164,116397,2023-2024,115,,,,,,,,0.0
698,80031828,4660164,116397,2023-2024,116,,,,,,,,0.0
699,80032043,4660164,116397,2023-2024,117,,,,,,,,0.0
700,80032155,4660164,116397,2023-2024,118,,,,,,,,0.0
701,80032278,4660164,116397,2023-2024,119,,,,,,,,0.0
702,80032460,4660164,116397,2023-2024,120,,,,,,,,0.0
703,80032683,4660164,116397,2023-2024,121,,,,,,,,0.0
704,80032770,4660164,116397,2023-2024,122,,,,,,,,0.0
705,80032875,4660164,116397,2023-2024,123,,,,,,,,0.0
706,80032978,4660164,116397,2023-2024,124,,,,,,,,0.0
707,80033118,4660164,116397,2023-2024,125,,,,,,,,0.0
708,80033273,4660164,116397,2023-2024,126,,,,,,,,0.0
709,80033581,4660164,116397,2023-2024,127,,,,,,,,0.0
710,80033964,4660164,116397,2023-2024,128,,,,,,,,0.0
711,80034230,4660164,116397,2023-2024,129,,,,,,,,0.0
712,80034351,4660164,116397,2023-2024,130,,,,,,,,0.0
713,80034472,4660164,116397,2023-2024,131,,,,,,,,0.0
714,80034601,4660164,116397,2023-2024,132,,,,,,,,0.0
715,80034782,4660164,116397,2023-2024,133,,,,,,,,0.0
716,80034899,4660164,116397,2023-2024,134,,,,,,,,0.0
717,80035027,4660164,116397,2023-2024,135,,,,,,,,0.0
718,80035169,4660164,116397,2023-2024,136,,,,,,,,0.0
719,80035309,4660164,116397,2023-2024,137,,,,,,,,0.0
720,80035573,4660164,116397,2023-2024,138,,,,,,,,0.0
721,80035696,4660164,116397,2023-2024,139,,,,,,,,0.0
722,80036583,4660164,116397,2023-2024,140,,,,,,,,0.0
723,80036725,4660164,116397,2023-2024,141,,,,,,,,0.0
724,80036858,4660164,116397,2023-2024,142,,,,,,,,0.0
725,80037138,4660164,116397,2023-2024,143,,,,,,,,0.0
726,80037280,4660164,116397,2023-2024,144,,,,,,,,0.0
727,80037394,4660164,116397,2023-2024,145,,,,,,,,0.0
728,80037562,4660164,116397,2023-2024,146,,,,,,,,0.0
729,80037707,4660164,116397,2023-2024,147,,,,,,,,0.0
730,80037816,4660164,116397,2023-2024,148,,,,,,,,0.0
731,80037937,4660164,116397,2023-2024,149,,,,,,,,0.0
732,80038053,4660164,116397,2023-2024,150,,,,,,,,0.0
733,80038175,4660164,116397,2023-2024,151,,,,,,,,0.0
734,80038292,4660164,116397,2023-2024,152,,,,,,,,0.0
735,80039042,4660164,116397,2023-2024,153,,,,,,,,0.0
736,80039247,4660164,116397,2023-2024,154,,,,,,,,0.0
737,80039631,4660164,116397,2023-2024,155,,,,,,,,0.0
738,80039796,4660164,116397,2023-2024,156,,,,,,,,0.0
739,80040296,4660164,116397,2023-2024,157,,,,,,,,0.0
740,80040602,4660164,116397,2023-2024,158,,,,,,,,0.0
741,80041773,4660164,116397,2023-2024,159,,,,,,,,0.0
742,80041901,4660164,116397,2023-2024,160,,,,,,,,0.0
743,80042050,4660164,116397,2023-2024,161,,,,,,,,0.0
744,80042363,4660164,116397,2023-2024,162,,,,,,,,0.0
745,80042571,4660164,116397,2023-2024,163,,,,,,,,0.0
746,80042777,4660164,116397,2023-2024,164,,,,,,,,0.0
747,80043019,4660164,116397,2023-2024,165,,,,,,,,0.0
748,80043322,4660164,116397,2023-2024,166,,78000.0,,,,,,0.0
749,80043486,4660164,116397,2023-2024,167,,,,,,,,0.0
750,80043848,4660164,116397,2023-2024,168,,,,,,,,0.0
751,80044000,4660164,116397,2023-2024,169,,,,,,,,0.0
752,80044147,4660164,116397,2023-2024,170,,,,,,,,0.0
753,80044297,4660164,116397,2023-2024,171,,,,,,,,0.0
754,82332452,4660164,116397,2023-2024,172,,172448.0,,,,,,0.0
755,82334659,4660164,116397,2023-2024,173,XV Finance Commission,80372.0,80372.0,80372.0,80372.0,,,79106.0
756,82329217,4660164,116397,2023-2024,174,5TH STATE FINANCE COMMISSION,100000.0,100000.0,100000.0,100000.0,,,99000.0
757,82423431,4660164,116397,2023-2024,175,,6500.0,,,,,,0.0
758,82634808,4660164,116397,2023-2024,176,,78000.0,,,,,,0.0
759,82635873,4660164,116397,2023-2024,177,,,,,,,,0.0
760,82635957,4660164,116397,2023-2024,178,,,,,,,,0.0
761,82636079,4660164,116397,2023-2024,179,,,,,,,,0.0
762,82636157,4660164,116397,2023-2024,180,,,,,,,,0.0
763,82636304,4660164,116397,2023-2024,181,,,,,,,,0.0
764,82636440,4660164,116397,2023-2024,182,,,,,,,,0.0
765,82637087,4660164,116397,2023-2024,183,,,,,,,,0.0
766,82637301,4660164,116397,2023-2024,184,,78000.0,,,,,,0.0
767,82637472,4660164,116397,2023-2024,185,,500000.0,,,,,,0.0
768,82638384,4660164,116397,2023-2024,186,,500000.0,,,,,,0.0
769,82659842,4660164,116397,2023-2024,187,,,,,,,,0.0
770,82660108,4660164,116397,2023-2024,188,,,,,,,,0.0
771,82660418,4660164,116397,2023-2024,189,,,,,,,,0.0
772,82660853,4660164,116397,2023-2024,190,,,,,,,,0.0
773,82661167,4660164,116397,2023-2024,191,,,,,,,,0.0
774,82661663,4660164,116397,2023-2024,192,,,,,,,,0.0
775,82662136,4660164,116397,2023-2024,193,,,,,,,,0.0
776,82662474,4660164,116397,2023-2024,194,,,,,,,,0.0
777,82662776,4660164,116397,2023-2024,195,,,,,,,,0.0
778,82664463,4660164,116397,2023-2024,196,,,,,,,,0.0
779,82667552,4660164,116397,2023-2024,197,,,,,,,,0.0
780,82673809,4660164,116397,2023-2024,198,,,,,,,,0.0
781,82677145,4660164,116397,2023-2024,199,,,,,,,,0.0
782,82677973,4660164,116397,2023-2024,200,,,,,,,,0.0
783,82678656,4660164,116397,2023-2024,201,,,,,,,,0.0
784,82678967,4660164,116397,2023-2024,202,,,,,,,,0.0
785,82670995,4660164,116397,2023-2024,203,XV Finance Commission,180000.0,180000.0,180000.0,180000.0,,,177139.0
786,82685815,4660164,116397,2023-2024,204,,36000.0,,,,,,0.0
787,82687519,4660164,116397,2023-2024,205,,114000.0,,,,,,0.0
788,82421319,4660164,116397,2023-2024,206,XV Finance Commission,50000.0,50000.0,50000.0,50000.0,,,48048.0
789,82421627,4660164,116397,2023-2024,207,XV Finance Commission,50000.0,50000.0,50000.0,50000.0,,,49000.0
790,82424820,4660164,116397,2023-2024,208,XV Finance Commission,90000.0,90000.0,90000.0,90000.0,,,88489.0
791,82426542,4660164,116397,2023-2024,209,,59500.0,,,,,,0.0
792,82478543,4660164,116397,2023-2024,210,5TH STATE FINANCE COMMISSION,82680.0,82680.0,82680.0,82680.0,,,82680.0
793,82420944,4660164,116397,2023-2024,211,XV Finance Commission,72000.0,72000.0,72000.0,72000.0,,,66000.0
794,82330506,4660164,116397,2023-2024,212,5TH STATE FINANCE COMMISSION,80000.0,80000.0,80000.0,80000.0,,,80000.0
795,82669742,4660164,116397,2023-2024,213,XV Finance Commission,115279.0,115279.0,115279.0,115279.0,,,115279.0
796,82333030,4660164,116397,2023-2024,214,5TH STATE FINANCE COMMISSION,242632.0,242632.0,242632.0,242632.0,,,242632.0
797,82690608,4660164,116397,2023-2024,215,XV Finance Commission,700000.0,700000.0,700000.0,700000.0,,,695528.0
798,82326947,4660164,116397,2023-2024,216,5TH STATE FINANCE COMMISSION,100000.0,100000.0,100000.0,100000.0,,,98000.0
799,82422723,4660164,116397,2023-2024,217,,84000.0,,,,,,0.0
800,82422062,4660164,116397,2023-2024,218,,173279.0,,,,,,0.0
801,128901058,6037652,116397,2023-2024,1,,143500.0,,,,,,0.0
802,128900897,6037652,116397,2023-2024,2,,173279.0,,,,,,0.0
803,100311447,5148092,116397,2024-2025,1,,,,,,,,0.0
804,100314718,5148092,116397,2024-2025,2,,,,,,,,0.0
805,100314440,5148092,116397,2024-2025,3,,,,,,,,0.0
806,100324270,5148092,116397,2024-2025,4,,,,,,,,0.0
807,105387475,5148092,116397,2024-2025,5,XV Finance Commission,200000.0,200000.0,200000.0,200000.0,,,196150.0
808,105369525,5148092,116397,2024-2025,6,,300000.0,,,,,,0.0
809,100413611,5148092,116397,2024-2025,7,,,,,,,,0.0
810,100414572,5148092,116397,2024-2025,8,,,,,,,,0.0
811,100424507,5148092,116397,2024-2025,9,,,,,,,,0.0
812,100425579,5148092,116397,2024-2025,10,,,,,,,,0.0
813,100425951,5148092,116397,2024-2025,11,,,,,,,,0.0
814,105366995,5148092,116397,2024-2025,12,,44850.0,,,,,,0.0
815,98602531,5148092,116397,2024-2025,13,,,,,,,,0.0
816,98522195,5148092,116397,2024-2025,14,,,,,,,,0.0
817,98523402,5148092,116397,2024-2025,15,,,,,,,,0.0
818,98652970,5148092,116397,2024-2025,16,,,,,,,,0.0
819,98653541,5148092,116397,2024-2025,17,,,,,,,,0.0
820,98654085,5148092,116397,2024-2025,18,,,,,,,,0.0
821,98654551,5148092,116397,2024-2025,19,,,,,,,,0.0
822,98659482,5148092,116397,2024-2025,20,,,,,,,,0.0
823,98663463,5148092,116397,2024-2025,21,,,,,,,,0.0
824,98664539,5148092,116397,2024-2025,22,,,,,,,,0.0
825,98665231,5148092,116397,2024-2025,23,,,,,,,,0.0
826,98801766,5148092,116397,2024-2025,24,,,,,,,,0.0
827,98802030,5148092,116397,2024-2025,25,,,,,,,,0.0
828,98804078,5148092,116397,2024-2025,26,,,,,,,,0.0
829,98804580,5148092,116397,2024-2025,27,,,,,,,,0.0
830,98800437,5148092,116397,2024-2025,28,,,,,,,,0.0
831,98947339,5148092,116397,2024-2025,29,,,,,,,,0.0
832,98948013,5148092,116397,2024-2025,30,,,,,,,,0.0
833,98950127,5148092,116397,2024-2025,31,,,,,,,,0.0
834,98952100,5148092,116397,2024-2025,32,,,,,,,,0.0
835,98953131,5148092,116397,2024-2025,33,,,,,,,,0.0
836,98953313,5148092,116397,2024-2025,34,,,,,,,,0.0
837,98954388,5148092,116397,2024-2025,35,,,,,,,,0.0
838,99336371,5148092,116397,2024-2025,36,,,,,,,,0.0
839,99330791,5148092,116397,2024-2025,37,,,,,,,,0.0
840,99331109,5148092,116397,2024-2025,38,,,,,,,,0.0
841,99331520,5148092,116397,2024-2025,39,,,,,,,,0.0
842,99331689,5148092,116397,2024-2025,40,,,,,,,,0.0
843,99331961,5148092,116397,2024-2025,41,,,,,,,,0.0
844,99332165,5148092,116397,2024-2025,42,,,,,,,,0.0
845,99333739,5148092,116397,2024-2025,43,,,,,,,,0.0
846,99333837,5148092,116397,2024-2025,44,,,,,,,,0.0
847,99334600,5148092,116397,2024-2025,45,,,,,,,,0.0
848,99334776,5148092,116397,2024-2025,46,,,,,,,,0.0
849,99335101,5148092,116397,2024-2025,47,,,,,,,,0.0
850,99335331,5148092,116397,2024-2025,48,,,,,,,,0.0
851,99336103,5148092,116397,2024-2025,49,,,,,,,,0.0
852,99336499,5148092,116397,2024-2025,50,,,,,,,,0.0
853,105368709,5148092,116397,2024-2025,51,,240000.0,,,,,,0.0
854,98757856,5148092,116397,2024-2025,52,,,,,,,,0.0
855,105368013,5148092,116397,2024-2025,53,XV Finance Commission,80118.0,80118.0,80118.0,80118.0,,,79118.0
856,98955089,5148092,116397,2024-2025,54,,,,,,,,0.0
857,98956498,5148092,116397,2024-2025,55,,,,,,,,0.0
858,105374258,5148092,116397,2024-2025,56,5TH STATE FINANCE COMMISSION,120000.0,120000.0,120000.0,120000.0,,,120000.0
859,98956806,5148092,116397,2024-2025,57,,,,,,,,0.0
860,99331361,5148092,116397,2024-2025,58,,,,,,,,0.0
861,105378390,5148092,116397,2024-2025,59,,12000.0,,,,,,0.0
862,105379069,5148092,116397,2024-2025,60,,5150.0,,,,,,0.0
863,105379451,5148092,116397,2024-2025,61,,,,,,,,0.0
864,105379679,5148092,116397,2024-2025,62,,,,,,,,0.0
865,105379713,5148092,116397,2024-2025,63,,,,,,,,0.0
866,105379566,5148092,116397,2024-2025,64,,,,,,,,0.0
867,105379593,5148092,116397,2024-2025,65,,,,,,,,0.0
868,105379623,5148092,116397,2024-2025,66,,,,,,,,0.0
869,105379657,5148092,116397,2024-2025,67,,,,,,,,0.0
870,105379811,5148092,116397,2024-2025,68,,,,,,,,0.0
871,105379836,5148092,116397,2024-2025,69,,,,,,,,0.0
872,105385109,5148092,116397,2024-2025,70,XV Finance Commission,133118.0,133118.0,133118.0,133118.0,,,133118.0
873,105368210,5148092,116397,2024-2025,71,,90000.0,,,,,,0.0
874,105368400,5148092,116397,2024-2025,72,,90000.0,,,,,,0.0
875,105368882,5148092,116397,2024-2025,73,,120000.0,,,,,,0.0
876,105390630,5148092,116397,2024-2025,74,XV Finance Commission,87000.0,87000.0,87000.0,87000.0,,,82250.0
877,100313875,5148092,116397,2024-2025,75,,,,,,,,0.0
878,100357549,5148092,116397,2024-2025,76,,,,,,,,0.0
879,98524117,5148092,116397,2024-2025,77,,,,,,,,0.0
880,98601893,5148092,116397,2024-2025,78,,,,,,,,0.0
881,98657983,5148092,116397,2024-2025,79,,,,,,,,0.0
882,98658397,5148092,116397,2024-2025,80,,,,,,,,0.0
883,98659153,5148092,116397,2024-2025,81,,,,,,,,0.0
884,98660313,5148092,116397,2024-2025,82,,,,,,,,0.0
885,98660600,5148092,116397,2024-2025,83,,,,,,,,0.0
886,98660983,5148092,116397,2024-2025,84,,,,,,,,0.0
887,98661496,5148092,116397,2024-2025,85,,,,,,,,0.0
888,98663047,5148092,116397,2024-2025,86,,,,,,,,0.0
889,98663674,5148092,116397,2024-2025,87,,,,,,,,0.0
890,98663908,5148092,116397,2024-2025,88,,,,,,,,0.0
891,98664348,5148092,116397,2024-2025,89,,,,,,,,0.0
892,98758406,5148092,116397,2024-2025,90,,,,,,,,0.0
893,98759287,5148092,116397,2024-2025,91,,,,,,,,0.0
894,98759763,5148092,116397,2024-2025,92,,,,,,,,0.0
895,98800979,5148092,116397,2024-2025,93,,,,,,,,0.0
896,98801289,5148092,116397,2024-2025,94,,,,,,,,0.0
897,98802943,5148092,116397,2024-2025,95,,,,,,,,0.0
898,98803234,5148092,116397,2024-2025,96,,,,,,,,0.0
899,98947848,5148092,116397,2024-2025,97,,,,,,,,0.0
900,98948791,5148092,116397,2024-2025,98,,,,,,,,0.0
901,98948905,5148092,116397,2024-2025,99,,,,,,,,0.0
902,98949031,5148092,116397,2024-2025,100,,,,,,,,0.0
903,98949375,5148092,116397,2024-2025,101,,,,,,,,0.0
904,98951156,5148092,116397,2024-2025,102,,,,,,,,0.0
905,98951302,5148092,116397,2024-2025,103,,,,,,,,0.0
906,98951481,5148092,116397,2024-2025,104,,,,,,,,0.0
907,98951607,5148092,116397,2024-2025,105,,,,,,,,0.0
908,98951926,5148092,116397,2024-2025,106,,,,,,,,0.0
909,98952323,5148092,116397,2024-2025,107,,,,,,,,0.0
910,98952531,5148092,116397,2024-2025,108,,,,,,,,0.0
911,98952648,5148092,116397,2024-2025,109,,,,,,,,0.0
912,98953474,5148092,116397,2024-2025,110,,,,,,,,0.0
913,98953602,5148092,116397,2024-2025,111,,,,,,,,0.0
914,98954536,5148092,116397,2024-2025,112,,,,,,,,0.0
915,98954756,5148092,116397,2024-2025,113,,,,,,,,0.0
916,98954940,5148092,116397,2024-2025,114,,,,,,,,0.0
917,99332822,5148092,116397,2024-2025,115,,,,,,,,0.0
918,99334950,5148092,116397,2024-2025,116,,,,,,,,0.0
919,99335587,5148092,116397,2024-2025,117,,,,,,,,0.0
920,99335882,5148092,116397,2024-2025,118,,,,,,,,0.0
921,99335991,5148092,116397,2024-2025,119,,,,,,,,0.0
922,99336175,5148092,116397,2024-2025,120,,,,,,,,0.0
923,100120140,5148092,116397,2024-2025,121,,,,,,,,0.0
924,100120374,5148092,116397,2024-2025,122,,,,,,,,0.0
925,100164041,5148092,116397,2024-2025,123,,,,,,,,0.0
926,100175354,5148092,116397,2024-2025,124,,,,,,,,0.0
927,100309951,5148092,116397,2024-2025,125,,,,,,,,0.0
928,100310313,5148092,116397,2024-2025,126,,,,,,,,0.0
929,100310755,5148092,116397,2024-2025,127,,,,,,,,0.0
930,100310961,5148092,116397,2024-2025,128,,,,,,,,0.0
931,100311204,5148092,116397,2024-2025,129,,,,,,,,0.0
932,100311443,5148092,116397,2024-2025,130,,,,,,,,0.0
933,100311445,5148092,116397,2024-2025,131,,,,,,,,0.0
934,100311709,5148092,116397,2024-2025,132,,,,,,,,0.0
935,100312505,5148092,116397,2024-2025,133,,,,,,,,0.0
936,100312766,5148092,116397,2024-2025,134,,,,,,,,0.0
937,100313073,5148092,116397,2024-2025,135,,,,,,,,0.0
938,100313346,5148092,116397,2024-2025,136,,,,,,,,0.0
939,100313641,5148092,116397,2024-2025,137,,,,,,,,0.0
940,100314203,5148092,116397,2024-2025,138,,,,,,,,0.0
941,100314988,5148092,116397,2024-2025,139,,,,,,,,0.0
942,100315316,5148092,116397,2024-2025,140,,,,,,,,0.0
943,100319389,5148092,116397,2024-2025,141,,,,,,,,0.0
944,100319916,5148092,116397,2024-2025,142,,,,,,,,0.0
945,100320509,5148092,116397,2024-2025,143,,,,,,,,0.0
946,100322111,5148092,116397,2024-2025,144,,,,,,,,0.0
947,100322361,5148092,116397,2024-2025,145,,,,,,,,0.0
948,100322615,5148092,116397,2024-2025,146,,,,,,,,0.0
949,100322756,5148092,116397,2024-2025,147,,,,,,,,0.0
950,100322997,5148092,116397,2024-2025,148,,,,,,,,0.0
951,100323161,5148092,116397,2024-2025,149,,,,,,,,0.0
952,100323366,5148092,116397,2024-2025,150,,,,,,,,0.0
953,100323555,5148092,116397,2024-2025,151,,,,,,,,0.0
954,100323845,5148092,116397,2024-2025,152,,,,,,,,0.0
955,100324037,5148092,116397,2024-2025,153,,,,,,,,0.0
956,100324465,5148092,116397,2024-2025,154,,,,,,,,0.0
957,100324714,5148092,116397,2024-2025,155,,,,,,,,0.0
958,100355832,5148092,116397,2024-2025,156,,,,,,,,0.0
959,100355983,5148092,116397,2024-2025,157,,,,,,,,0.0
960,100356132,5148092,116397,2024-2025,158,,,,,,,,0.0
961,100356314,5148092,116397,2024-2025,159,,,,,,,,0.0
962,100356540,5148092,116397,2024-2025,160,,,,,,,,0.0
963,100356706,5148092,116397,2024-2025,161,,,,,,,,0.0
964,100356945,5148092,116397,2024-2025,162,,,,,,,,0.0
965,100357113,5148092,116397,2024-2025,163,,,,,,,,0.0
966,100357371,5148092,116397,2024-2025,164,,,,,,,,0.0
967,100357735,5148092,116397,2024-2025,165,,,,,,,,0.0
968,100357902,5148092,116397,2024-2025,166,,,,,,,,0.0
969,100358310,5148092,116397,2024-2025,167,,,,,,,,0.0
970,100358540,5148092,116397,2024-2025,168,,,,,,,,0.0
971,100358735,5148092,116397,2024-2025,169,,,,,,,,0.0
972,100358990,5148092,116397,2024-2025,170,,,,,,,,0.0
973,100359202,5148092,116397,2024-2025,171,,,,,,,,0.0
974,100359556,5148092,116397,2024-2025,172,,,,,,,,0.0
975,100359897,5148092,116397,2024-2025,173,,,,,,,,0.0
976,100360547,5148092,116397,2024-2025,174,,,,,,,,0.0
977,100413369,5148092,116397,2024-2025,175,,,,,,,,0.0
978,100413792,5148092,116397,2024-2025,176,,,,,,,,0.0
979,100413934,5148092,116397,2024-2025,177,,,,,,,,0.0
980,100414823,5148092,116397,2024-2025,178,,,,,,,,0.0
981,100415037,5148092,116397,2024-2025,179,,,,,,,,0.0
982,100415228,5148092,116397,2024-2025,180,,,,,,,,0.0
983,100415381,5148092,116397,2024-2025,181,,,,,,,,0.0
984,100424345,5148092,116397,2024-2025,182,,,,,,,,0.0
985,100424683,5148092,116397,2024-2025,183,,,,,,,,0.0
986,100424907,5148092,116397,2024-2025,184,,,,,,,,0.0
987,100425111,5148092,116397,2024-2025,185,,,,,,,,0.0
988,100425290,5148092,116397,2024-2025,186,,,,,,,,0.0
989,105373361,5148092,116397,2024-2025,187,,126824.0,,,,,,0.0
990,105375198,5148092,116397,2024-2025,188,5TH STATE FINANCE COMMISSION,150000.0,150000.0,150000.0,150000.0,,,148500.0
991,105374771,5148092,116397,2024-2025,189,5TH STATE FINANCE COMMISSION,90780.0,90780.0,90780.0,90780.0,,,90780.0
992,105375738,5148092,116397,2024-2025,190,5TH STATE FINANCE COMMISSION,54000.0,54000.0,54000.0,54000.0,,,51420.0
993,100115549,5148092,116397,2024-2025,191,,,,,,,,0.0
994,100116135,5148092,116397,2024-2025,192,,,,,,,,0.0
995,100116408,5148092,116397,2024-2025,193,,,,,,,,0.0
996,100116693,5148092,116397,2024-2025,194,,,,,,,,0.0
997,100116891,5148092,116397,2024-2025,195,,,,,,,,0.0
998,100117305,5148092,116397,2024-2025,196,,,,,,,,0.0
999,100117839,5148092,116397,2024-2025,197,,,,,,,,0.0
1000,100118323,5148092,116397,2024-2025,198,,,,,,,,0.0
1001,100119311,5148092,116397,2024-2025,199,,,,,,,,0.0
1002,100119763,5148092,116397,2024-2025,200,,,,,,,,0.0
1003,100119905,5148092,116397,2024-2025,201,,,,,,,,0.0
1004,100120755,5148092,116397,2024-2025,202,,,,,,,,0.0
1005,100163520,5148092,116397,2024-2025,203,,,,,,,,0.0
1006,100170841,5148092,116397,2024-2025,204,,,,,,,,0.0
1007,100171409,5148092,116397,2024-2025,205,,,,,,,,0.0
1008,100171821,5148092,116397,2024-2025,206,,,,,,,,0.0
1009,100172208,5148092,116397,2024-2025,207,,,,,,,,0.0
1010,100173212,5148092,116397,2024-2025,208,,,,,,,,0.0
1011,100173817,5148092,116397,2024-2025,209,,,,,,,,0.0
1012,100174612,5148092,116397,2024-2025,210,,,,,,,,0.0
1013,100176959,5148092,116397,2024-2025,211,,,,,,,,0.0
1014,100425753,5148092,116397,2024-2025,212,,,,,,,,0.0
1015,100118098,5148092,116397,2024-2025,213,,,,,,,,0.0
1016,99333216,5148092,116397,2024-2025,214,,,,,,,,0.0
1017,99333426,5148092,116397,2024-2025,215,,,,,,,,0.0
1018,99333644,5148092,116397,2024-2025,216,,,,,,,,0.0
1019,99334088,5148092,116397,2024-2025,217,,,,,,,,0.0
1020,99334366,5148092,116397,2024-2025,218,,,,,,,,0.0
1021,98653285,5148092,116397,2024-2025,219,,,,,,,,0.0
1022,98657681,5148092,116397,2024-2025,220,,,,,,,,0.0
1023,105366790,5148092,116397,2024-2025,221,XV Finance Commission,350000.0,350000.0,350000.0,350000.0,,,349000.0
1024,105391951,5148092,116397,2024-2025,222,XV Finance Commission,5150.0,5150.0,5150.0,5150.0,,,5150.0
1025,105374436,5148092,116397,2024-2025,223,5TH STATE FINANCE COMMISSION,200000.0,200000.0,200000.0,200000.0,,,186236.0
1026,105370526,5148092,116397,2024-2025,224,XV Finance Commission,200000.0,200000.0,200000.0,200000.0,,,192697.0
1027,105375002,5148092,116397,2024-2025,225,5TH STATE FINANCE COMMISSION,200000.0,200000.0,200000.0,200000.0,,,197375.0
1028,128557902,6019866,116397,2024-2025,1,,,,,,,,0.0
1029,128557871,6019866,116397,2024-2025,2,XV Finance Commission,300000.0,300000.0,300000.0,300000.0,,,290825.0
1030,116981571,5528892,116397,2025-2026,1,,,,,,,,0.0
1031,119743447,5528892,116397,2025-2026,2,,,,,,,,0.0
1032,120759042,5528892,116397,2025-2026,3,,,,,,,,0.0
1033,120758027,5528892,116397,2025-2026,4,,,,,,,,0.0
1034,120759387,5528892,116397,2025-2026,5,,,,,,,,0.0
1035,120760027,5528892,116397,2025-2026,6,,,,,,,,0.0
1036,120758360,5528892,116397,2025-2026,7,,,,,,,,0.0
1037,120759756,5528892,116397,2025-2026,8,,,,,,,,0.0
1038,120760305,5528892,116397,2025-2026,9,,,,,,,,0.0
1039,120760735,5528892,116397,2025-2026,10,,,,,,,,0.0
1040,120761182,5528892,116397,2025-2026,11,,,,,,,,0.0
1041,120762158,5528892,116397,2025-2026,12,,,,,,,,0.0
1042,120851347,5528892,116397,2025-2026,13,,,,,,,,0.0
1043,120852202,5528892,116397,2025-2026,14,,,,,,,,0.0
1044,120850730,5528892,116397,2025-2026,15,,,,,,,,0.0
1045,120851687,5528892,116397,2025-2026,16,,,,,,,,0.0
1046,120856440,5528892,116397,2025-2026,17,,,,,,,,0.0
1047,120856795,5528892,116397,2025-2026,18,,,,,,,,0.0
1048,120856953,5528892,116397,2025-2026,19,,,,,,,,0.0
1049,120853415,5528892,116397,2025-2026,20,,,,,,,,0.0
1050,120853731,5528892,116397,2025-2026,21,,,,,,,,0.0
1051,120857532,5528892,116397,2025-2026,22,,,,,,,,0.0
1052,120854315,5528892,116397,2025-2026,23,,,,,,,,0.0
1053,120857775,5528892,116397,2025-2026,24,,,,,,,,0.0
1054,120854906,5528892,116397,2025-2026,25,,,,,,,,0.0
1055,120855448,5528892,116397,2025-2026,26,,,,,,,,0.0
1056,120858413,5528892,116397,2025-2026,27,,,,,,,,0.0
1057,120858649,5528892,116397,2025-2026,28,,,,,,,,0.0
1058,120856012,5528892,116397,2025-2026,29,,,,,,,,0.0
1059,120893694,5528892,116397,2025-2026,30,,,,,,,,0.0
1060,120893926,5528892,116397,2025-2026,31,,,,,,,,0.0
1061,120894078,5528892,116397,2025-2026,32,,,,,,,,0.0
1062,120894258,5528892,116397,2025-2026,33,,,,,,,,0.0
1063,120894430,5528892,116397,2025-2026,34,,,,,,,,0.0
1064,116656179,5528892,116397,2025-2026,35,,,,,,,,0.0
1065,116656838,5528892,116397,2025-2026,36,,,,,,,,0.0
1066,116657368,5528892,116397,2025-2026,37,,,,,,,,0.0
1067,116658234,5528892,116397,2025-2026,38,,,,,,,,0.0
1068,116660018,5528892,116397,2025-2026,39,,,,,,,,0.0
1069,116660407,5528892,116397,2025-2026,40,,,,,,,,0.0
1070,116661762,5528892,116397,2025-2026,41,,,,,,,,0.0
1071,116663033,5528892,116397,2025-2026,42,,,,,,,,0.0
1072,116975128,5528892,116397,2025-2026,43,,,,,,,,0.0
1073,116975395,5528892,116397,2025-2026,44,,,,,,,,0.0
1074,116982023,5528892,116397,2025-2026,45,,,,,,,,0.0
1075,116980692,5528892,116397,2025-2026,46,,,,,,,,0.0
1076,119427500,5528892,116397,2025-2026,47,,,,,,,,0.0
1077,119565589,5528892,116397,2025-2026,48,,,,,,,,0.0
1078,122178463,5528892,116397,2025-2026,49,,,,,,,,0.0
1079,122178683,5528892,116397,2025-2026,50,,,,,,,,0.0
1080,122178394,5528892,116397,2025-2026,51,,,,,,,,0.0
1081,122178744,5528892,116397,2025-2026,52,,,,,,,,0.0
1082,122178975,5528892,116397,2025-2026,53,,,,,,,,0.0
1083,122179187,5528892,116397,2025-2026,54,,,,,,,,0.0
1084,116858027,5528892,116397,2025-2026,55,,,,,,,,0.0
1085,122180118,5528892,116397,2025-2026,56,,72000.0,,,,,,0.0
1086,122179997,5528892,116397,2025-2026,57,,45000.0,,,,,,0.0
1087,116903091,5528892,116397,2025-2026,58,,,,,,,,0.0
1088,116904716,5528892,116397,2025-2026,59,,,,,,,,0.0
1089,116905388,5528892,116397,2025-2026,60,,,,,,,,0.0
1090,116905979,5528892,116397,2025-2026,61,,,,,,,,0.0
1091,116907020,5528892,116397,2025-2026,62,,,,,,,,0.0
1092,116907736,5528892,116397,2025-2026,63,,,,,,,,0.0
1093,116911401,5528892,116397,2025-2026,64,,,,,,,,0.0
1094,116912408,5528892,116397,2025-2026,65,,,,,,,,0.0
1095,116916393,5528892,116397,2025-2026,66,,,,,,,,0.0
1096,116917316,5528892,116397,2025-2026,67,,,,,,,,0.0
1097,116917805,5528892,116397,2025-2026,68,,,,,,,,0.0
1098,116918473,5528892,116397,2025-2026,69,,,,,,,,0.0
1099,116920877,5528892,116397,2025-2026,70,,,,,,,,0.0
1100,116920485,5528892,116397,2025-2026,71,,,,,,,,0.0
1101,116922300,5528892,116397,2025-2026,72,,,,,,,,0.0
1102,116922858,5528892,116397,2025-2026,73,,,,,,,,0.0
1103,119428422,5528892,116397,2025-2026,74,,,,,,,,0.0
1104,119428555,5528892,116397,2025-2026,75,,,,,,,,0.0
1105,119428751,5528892,116397,2025-2026,76,,,,,,,,0.0
1106,119430070,5528892,116397,2025-2026,77,,,,,,,,0.0
1107,119430226,5528892,116397,2025-2026,78,,,,,,,,0.0
1108,119430429,5528892,116397,2025-2026,79,,,,,,,,0.0
1109,119430596,5528892,116397,2025-2026,80,,,,,,,,0.0
1110,119431357,5528892,116397,2025-2026,81,,,,,,,,0.0
1111,119431578,5528892,116397,2025-2026,82,,,,,,,,0.0
1112,119431935,5528892,116397,2025-2026,83,,,,,,,,0.0
1113,119427253,5528892,116397,2025-2026,84,,,,,,,,0.0
1114,119428034,5528892,116397,2025-2026,85,,,,,,,,0.0
1115,119428261,5528892,116397,2025-2026,86,,,,,,,,0.0
1116,116973201,5528892,116397,2025-2026,87,,,,,,,,0.0
1117,116973702,5528892,116397,2025-2026,88,,,,,,,,0.0
1118,116973989,5528892,116397,2025-2026,89,,,,,,,,0.0
1119,116974335,5528892,116397,2025-2026,90,,,,,,,,0.0
1120,116974779,5528892,116397,2025-2026,91,,,,,,,,0.0
1121,116980390,5528892,116397,2025-2026,92,,,,,,,,0.0
1122,116982394,5528892,116397,2025-2026,93,,,,,,,,0.0
1123,122182622,5528892,116397,2025-2026,94,XV Finance Commission,102368.0,102368.0,102368.0,102368.0,,,75000.0
1124,122183042,5528892,116397,2025-2026,95,XV Finance Commission,260000.0,260000.0,260000.0,260000.0,,,136669.0
1125,114512053,5528892,116397,2025-2026,96,,12000.0,,,,,,0.0
1126,117125580,5528892,116397,2025-2026,97,,,,,,,,0.0
1127,117126559,5528892,116397,2025-2026,98,,,,,,,,0.0
1128,117126127,5528892,116397,2025-2026,99,,,,,,,,0.0
1129,117126870,5528892,116397,2025-2026,100,,,,,,,,0.0
1130,117127207,5528892,116397,2025-2026,101,,,,,,,,0.0
1131,117127677,5528892,116397,2025-2026,102,,,,,,,,0.0
1132,117128073,5528892,116397,2025-2026,103,,,,,,,,0.0
1133,117128407,5528892,116397,2025-2026,104,,,,,,,,0.0
1134,117128867,5528892,116397,2025-2026,105,,,,,,,,0.0
1135,117129475,5528892,116397,2025-2026,106,,,,,,,,0.0
1136,117130602,5528892,116397,2025-2026,107,,,,,,,,0.0
1137,117130968,5528892,116397,2025-2026,108,,,,,,,,0.0
1138,117131364,5528892,116397,2025-2026,109,,,,,,,,0.0
1139,117131788,5528892,116397,2025-2026,110,,,,,,,,0.0
1140,117132190,5528892,116397,2025-2026,111,,,,,,,,0.0
1141,117133187,5528892,116397,2025-2026,112,,,,,,,,0.0
1142,119527049,5528892,116397,2025-2026,113,,,,,,,,0.0
1143,119565211,5528892,116397,2025-2026,114,,,,,,,,0.0
1144,119573536,5528892,116397,2025-2026,115,,,,,,,,0.0
1145,119573682,5528892,116397,2025-2026,116,,,,,,,,0.0
1146,119565835,5528892,116397,2025-2026,117,,,,,,,,0.0
1147,119578130,5528892,116397,2025-2026,118,,,,,,,,0.0
1148,119566407,5528892,116397,2025-2026,119,,,,,,,,0.0
1149,119566702,5528892,116397,2025-2026,120,,,,,,,,0.0
1150,119566989,5528892,116397,2025-2026,121,,,,,,,,0.0
1151,119567296,5528892,116397,2025-2026,122,,,,,,,,0.0
1152,119567649,5528892,116397,2025-2026,123,,,,,,,,0.0
1153,119568153,5528892,116397,2025-2026,124,,,,,,,,0.0
1154,119568421,5528892,116397,2025-2026,125,,,,,,,,0.0
1155,119568641,5528892,116397,2025-2026,126,,,,,,,,0.0
1156,119578492,5528892,116397,2025-2026,127,,,,,,,,0.0
1157,119570903,5528892,116397,2025-2026,128,,,,,,,,0.0
1158,119571102,5528892,116397,2025-2026,129,,,,,,,,0.0
1159,119571352,5528892,116397,2025-2026,130,,,,,,,,0.0
1160,119571555,5528892,116397,2025-2026,131,,,,,,,,0.0
1161,119571868,5528892,116397,2025-2026,132,,,,,,,,0.0
1162,119572092,5528892,116397,2025-2026,133,,,,,,,,0.0
1163,119572873,5528892,116397,2025-2026,134,,,,,,,,0.0
1164,119573076,5528892,116397,2025-2026,135,,,,,,,,0.0
1165,119573253,5528892,116397,2025-2026,136,,,,,,,,0.0
1166,119573406,5528892,116397,2025-2026,137,,,,,,,,0.0
1167,119742472,5528892,116397,2025-2026,138,,,,,,,,0.0
1168,119743968,5528892,116397,2025-2026,139,,,,,,,,0.0
1169,119745118,5528892,116397,2025-2026,140,,,,,,,,0.0
1170,119746275,5528892,116397,2025-2026,141,,,,,,,,0.0
1171,119747130,5528892,116397,2025-2026,142,,,,,,,,0.0
1172,120373949,5528892,116397,2025-2026,143,,,,,,,,0.0
1173,120374266,5528892,116397,2025-2026,144,,,,,,,,0.0
1174,122084562,5528892,116397,2025-2026,145,XV Finance Commission,210000.0,210000.0,210000.0,210000.0,,,206850.0
1175,122085483,5528892,116397,2025-2026,146,XV Finance Commission,100000.0,100000.0,100000.0,100000.0,,,97211.0
1176,122085805,5528892,116397,2025-2026,147,XV Finance Commission,116824.0,116824.0,116824.0,116824.0,,,103390.0
1177,122089312,5528892,116397,2025-2026,148,5TH STATE FINANCE COMMISSION,90000.0,90000.0,90000.0,90000.0,,,85082.0
1178,122089587,5528892,116397,2025-2026,149,,20000.0,,,,,,0.0
1179,122090062,5528892,116397,2025-2026,150,,104534.0,,,,,,0.0
1180,122090542,5528892,116397,2025-2026,151,,270000.0,,,,,,0.0
1181,122098466,5528892,116397,2025-2026,152,,500000.0,,,,,,0.0
1182,122098578,5528892,116397,2025-2026,153,,500000.0,,,,,,0.0
1183,122100147,5528892,116397,2025-2026,154,,500000.0,,,,,,0.0
1184,122049135,5528892,116397,2025-2026,155,,5150.0,,,,,,0.0
1185,122089799,5528892,116397,2025-2026,156,5TH STATE FINANCE COMMISSION,102000.0,102000.0,102000.0,102000.0,,,90204.0
1186,122086831,5528892,116397,2025-2026,157,5TH STATE FINANCE COMMISSION,90000.0,90000.0,90000.0,90000.0,,,90000.0
1187,122086266,5528892,116397,2025-2026,158,5TH STATE FINANCE COMMISSION,150000.0,150000.0,150000.0,150000.0,,,149100.0
1188,122088920,5528892,116397,2025-2026,159,,46246.0,,,,,,0.0
1189,122090284,5528892,116397,2025-2026,160,,32000.0,,,,,,0.0
1190,122099994,5528892,116397,2025-2026,161,,500000.0,,,,,,0.0
1191,122085097,5528892,116397,2025-2026,162,XV Finance Commission,200000.0,200000.0,200000.0,200000.0,,,191471.0
1192,122049920,5528892,116397,2025-2026,163,,45000.0,,,,,,0.0
1193,122050427,5528892,116397,2025-2026,164,,18000.0,,,,,,0.0
1194,122050820,5528892,116397,2025-2026,165,,15000.0,,,,,,0.0
1195,122051215,5528892,116397,2025-2026,166,,31500.0,,,,,,0.0
1196,122098682,5528892,116397,2025-2026,167,,500000.0,,,,,,0.0
1197,122098819,5528892,116397,2025-2026,168,,500000.0,,,,,,0.0
1198,122098899,5528892,116397,2025-2026,169,,500000.0,,,,,,0.0
1199,122099083,5528892,116397,2025-2026,170,,500000.0,,,,,,0.0
1200,122099468,5528892,116397,2025-2026,171,,500000.0,,,,,,0.0
1201,122099866,5528892,116397,2025-2026,172,,500000.0,,,,,,0.0
1202,122084186,5528892,116397,2025-2026,173,XV Finance Commission,200000.0,200000.0,200000.0,200000.0,,,197000.0
1203,122176291,5528892,116397,2025-2026,174,XV Finance Commission,41850.0,41850.0,41850.0,41850.0,,,41223.0
1204,116901223,5528892,116397,2025-2026,175,,,,,,,,0.0
1205,116658893,5528892,116397,2025-2026,176,,,,,,,,0.0
1206,119431087,5528892,116397,2025-2026,177,,,,,,,,0.0
1207,120858885,5528892,116397,2025-2026,178,,,,,,,,0.0
1208,122178575,5528892,116397,2025-2026,179,,,,,,,,0.0
1209,122178914,5528892,116397,2025-2026,180,,,,,,,,0.0
1210,122179072,5528892,116397,2025-2026,181,,,,,,,,0.0
1211,122179873,5528892,116397,2025-2026,182,,72000.0,,,,,,0.0
1212,122180406,5528892,116397,2025-2026,183,,30000.0,,,,,,0.0
1213,122180619,5528892,116397,2025-2026,184,,25000.0,,,,,,0.0
1214,122180702,5528892,116397,2025-2026,185,,20000.0,,,,,,0.0
1215,122051355,5528892,116397,2025-2026,186,,60000.0,,,,,,0.0
1216,119572398,5528892,116397,2025-2026,187,,,,,,,,0.0
1217,122179773,5528892,116397,2025-2026,188,,144000.0,,,,,,0.0
1218,122180516,5528892,116397,2025-2026,189,,42618.0,,,,,,0.0
1219,122183908,5528892,116397,2025-2026,190,XV Finance Commission,45000.0,45000.0,45000.0,45000.0,,,45000.0
1220,122183840,5528892,116397,2025-2026,191,XV Finance Commission,165750.0,165750.0,165750.0,165750.0,,,91000.0
1221,122178314,5528892,116397,2025-2026,192,,,,,,,,0.0
1222,122088730,5528892,116397,2025-2026,193,5TH STATE FINANCE COMMISSION,180000.0,180000.0,180000.0,180000.0,,,178000.0
1223,128279444,5989406,116397,2025-2026,1,,372946.0,,,,,,0.0
1224,128279476,5989406,116397,2025-2026,2,,200000.0,,,,,,0.0
1225,128279557,5989406,116397,2025-2026,3,,200000.0,,,,,,0.0
1226,44407039,3144727,119599,2020-2021,1,,100000.0,,,,,,0.0
1227,44407259,3144727,119599,2020-2021,2,XV Finance Commission,165772.0,165772.0,165772.0,165772.0,,,153533.0
1228,44407309,3144727,119599,2020-2021,3,XV Finance Commission,200000.0,200000.0,200000.0,200000.0,,,197193.0
1229,44407424,3144727,119599,2020-2021,4,XV Finance Commission,100000.0,100000.0,100000.0,100000.0,,,100000.0
1230,44407575,3144727,119599,2020-2021,5,XV Finance Commission,200000.0,200000.0,200000.0,200000.0,,,193617.0
1231,44407589,3144727,119599,2020-2021,6,5TH STATE FINANCE COMMISSION,100000.0,100000.0,100000.0,100000.0,,,100000.0
1232,44407652,3144727,119599,2020-2021,7,5TH STATE FINANCE COMMISSION,143074.0,143074.0,143074.0,143074.0,,,132345.0
1233,44407621,3144727,119599,2020-2021,8,5TH STATE FINANCE COMMISSION,100000.0,100000.0,100000.0,100000.0,,,96762.0
1234,44407503,3144727,119599,2020-2021,9,XV Finance Commission,250000.0,250000.0,250000.0,250000.0,,,247101.0
1235,44407463,3144727,119599,2020-2021,10,XV Finance Commission,165772.0,165772.0,165772.0,165772.0,,,165772.0
1236,44407397,3144727,119599,2020-2021,11,XV Finance Commission,100000.0,100000.0,100000.0,100000.0,,,92578.0
1237,44407552,3144727,119599,2020-2021,12,XV Finance Commission,200000.0,200000.0,200000.0,200000.0,,,191489.0
1238,44407634,3144727,119599,2020-2021,13,5TH STATE FINANCE COMMISSION,100000.0,100000.0,100000.0,100000.0,,,99968.0
1239,44406995,3144727,119599,2020-2021,14,XV Finance Commission,200000.0,200000.0,200000.0,200000.0,,,200000.0
1240,44407529,3144727,119599,2020-2021,15,XV Finance Commission,150000.0,150000.0,150000.0,150000.0,,,147000.0
1241,44407447,3144727,119599,2020-2021,16,XV Finance Commission,100000.0,100000.0,100000.0,100000.0,,,99000.0
1242,44407600,3144727,119599,2020-2021,17,5TH STATE FINANCE COMMISSION,200000.0,200000.0,200000.0,200000.0,,,200000.0
1243,47458542,3324142,119599,2021-2022,1,XV Finance Commission,250000.0,200000.0,250000.0,250000.0,,,185984.0
1244,47458890,3324142,119599,2021-2022,2,XV Finance Commission,200000.0,100000.0,200000.0,200000.0,,,92560.0
1245,47584522,3324142,119599,2021-2022,3,XV Finance Commission,32886.0,32886.0,32886.0,32886.0,,,32886.0
1246,47459381,3324142,119599,2021-2022,4,,100000.0,,,,,,0.0
1247,47457894,3324142,119599,2021-2022,5,XV Finance Commission,100000.0,100000.0,100000.0,100000.0,,,100000.0
1248,47459904,3324142,119599,2021-2022,6,,65772.0,,,,,,0.0
1249,47460227,3324142,119599,2021-2022,7,,100000.0,,,,,,0.0
1250,47460413,3324142,119599,2021-2022,8,XV Finance Commission,200000.0,200000.0,200000.0,200000.0,,,90903.0
1251,47461283,3324142,119599,2021-2022,9,5TH STATE FINANCE COMMISSION,200000.0,200000.0,200000.0,200000.0,,,200000.0
1252,47460951,3324142,119599,2021-2022,10,5TH STATE FINANCE COMMISSION,100000.0,100000.0,100000.0,100000.0,,,100000.0
1253,47459179,3324142,119599,2021-2022,11,XV Finance Commission,100000.0,100000.0,100000.0,100000.0,,,98854.0
1254,47458102,3324142,119599,2021-2022,12,XV Finance Commission,200000.0,200000.0,200000.0,200000.0,,,197597.0
1255,47460758,3324142,119599,2021-2022,13,,100000.0,,,,,,0.0
1256,47585800,3324142,119599,2021-2022,14,,500501.0,,,,,,0.0
1257,47460617,3324142,119599,2021-2022,15,XV Finance Commission,100000.0,88198.0,100000.0,100000.0,,,86976.0
1258,47461466,3324142,119599,2021-2022,16,5TH STATE FINANCE COMMISSION,43074.0,43074.0,43074.0,43074.0,,,43074.0
1259,47457628,3324142,119599,2021-2022,17,XV Finance Commission,382886.0,382886.0,382886.0,382886.0,,,382886.0
1260,47461606,3324142,119599,2021-2022,18,5TH STATE FINANCE COMMISSION,300000.0,200000.0,200000.0,200000.0,,,195776.0
1261,65413344,4061175,119599,2022-2023,1,,32400.0,,,,,,0.0
1262,65414101,4061175,119599,2022-2023,2,,6000.0,,,,,,0.0
1263,65413701,4061175,119599,2022-2023,3,XV Finance Commission,35000.0,35000.0,35000.0,35000.0,,,33300.0
1264,65422124,4061175,119599,2022-2023,4,,500503.0,,,,,,0.0
1265,65414863,4061175,119599,2022-2023,5,5TH STATE FINANCE COMMISSION,50000.0,50000.0,50000.0,50000.0,,,49405.0
1266,65414580,4061175,119599,2022-2023,6,5TH STATE FINANCE COMMISSION,200000.0,200000.0,200000.0,200000.0,,,197925.0
1267,60641482,4061175,119599,2022-2023,7,XV Finance Commission,500000.0,500000.0,500000.0,500000.0,,,494881.0
1268,65413592,4061175,119599,2022-2023,8,,62040.0,,,,,,0.0
1269,65422052,4061175,119599,2022-2023,9,XV Finance Commission,100000.0,100000.0,100000.0,100000.0,,,100000.0
1270,65414707,4061175,119599,2022-2023,10,5TH STATE FINANCE COMMISSION,70000.0,70000.0,70000.0,70000.0,,,44228.0
1271,65413542,4061175,119599,2022-2023,11,XV Finance Commission,101680.0,101680.0,101680.0,101680.0,,,101680.0
1272,65413459,4061175,119599,2022-2023,12,XV Finance Commission,60000.0,60000.0,60000.0,60000.0,,,58765.0
1273,65414012,4061175,119599,2022-2023,13,XV Finance Commission,12000.0,12000.0,12000.0,12000.0,,,10760.0
1274,65414794,4061175,119599,2022-2023,14,,23074.0,,,,,,0.0
1275,65414224,4061175,119599,2022-2023,15,XV Finance Commission,17624.0,17624.0,17624.0,17624.0,,,17624.0
1276,65411823,4061175,119599,2022-2023,16,XV Finance Commission,360744.0,360744.0,360744.0,360744.0,,,360744.0
1277,65414532,4061175,119599,2022-2023,17,XV Finance Commission,8992.0,8992.0,8992.0,8992.0,,,7376.0
1278,60640448,4061175,119599,2022-2023,18,XV Finance Commission,96000.0,96000.0,96000.0,96000.0,,,94750.0
1279,65414644,4061175,119599,2022-2023,19,5TH STATE FINANCE COMMISSION,150000.0,150000.0,150000.0,150000.0,,,146792.0
1280,65414622,4061175,119599,2022-2023,20,5TH STATE FINANCE COMMISSION,150000.0,150000.0,150000.0,150000.0,,,148440.0
1281,65413919,4061175,119599,2022-2023,21,XV Finance Commission,100000.0,100000.0,100000.0,100000.0,,,99954.0
1282,65413792,4061175,119599,2022-2023,22,XV Finance Commission,30000.0,30000.0,30000.0,30000.0,,,29430.0
1283,79962791,4668782,119599,2023-2024,1,5TH STATE FINANCE COMMISSION,200000.0,200000.0,200000.0,200000.0,,,200000.0
1284,75998904,4668782,119599,2023-2024,2,XV Finance Commission,366060.0,366060.0,366060.0,366060.0,,,366060.0
1285,80273136,4668782,119599,2023-2024,3,,,,,,,,0.0
1286,80257213,4668782,119599,2023-2024,4,XV Finance Commission,3500.0,3500.0,3500.0,3500.0,,,0.0
1287,80260234,4668782,119599,2023-2024,5,,,,,,,,0.0
1288,80276358,4668782,119599,2023-2024,6,,,,,,,,0.0
1289,80274004,4668782,119599,2023-2024,7,,,,,,,,0.0
1290,80265676,4668782,119599,2023-2024,8,,,,,,,,0.0
1291,80266353,4668782,119599,2023-2024,9,,,,,,,,0.0
1292,80267300,4668782,119599,2023-2024,10,,,,,,,,0.0
1293,80264396,4668782,119599,2023-2024,11,,,,,,,,0.0
1294,80263224,4668782,119599,2023-2024,12,,,,,,,,0.0
1295,79964616,4668782,119599,2023-2024,13,5TH STATE FINANCE COMMISSION,80000.0,80000.0,80000.0,80000.0,,,72000.0
1296,79946054,4668782,119599,2023-2024,14,,7828.0,,,,,,0.0
1297,79963641,4668782,119599,2023-2024,15,5TH STATE FINANCE COMMISSION,50000.0,50000.0,50000.0,50000.0,,,49909.0
1298,79944960,4668782,119599,2023-2024,16,,22012.0,,,,,,0.0
1299,80159516,4668782,119599,2023-2024,17,XV Finance Commission,3500.0,3500.0,3500.0,3500.0,,,0.0
1300,82881907,4668782,119599,2023-2024,18,,,,,,,,0.0
1301,82882431,4668782,119599,2023-2024,19,,,,,,,,0.0
1302,82883131,4668782,119599,2023-2024,20,,,,,,,,0.0
1303,83064357,4668782,119599,2023-2024,21,,1000.0,,,,,,0.0
1304,82885353,4668782,119599,2023-2024,22,,,,,,,,0.0
1305,82879348,4668782,119599,2023-2024,23,,,,,,,,0.0
1306,82879641,4668782,119599,2023-2024,24,,,,,,,,0.0
1307,82880150,4668782,119599,2023-2024,25,,,,,,,,0.0
1308,82880611,4668782,119599,2023-2024,26,,,,,,,,0.0
1309,83065023,4668782,119599,2023-2024,27,,1000.0,,,,,,0.0
1310,83065630,4668782,119599,2023-2024,28,,100000.0,,,,,,0.0
1311,83066441,4668782,119599,2023-2024,29,,100000.0,,,,,,0.0
1312,82889505,4668782,119599,2023-2024,30,,,,,,,,0.0
1313,82889787,4668782,119599,2023-2024,31,,,,,,,,0.0
1314,82887128,4668782,119599,2023-2024,32,,,,,,,,0.0
1315,83067493,4668782,119599,2023-2024,33,,1000.0,,,,,,0.0
1316,82890731,4668782,119599,2023-2024,34,,,,,,,,0.0
1317,83068179,4668782,119599,2023-2024,35,,1000.0,,,,,,0.0
1318,83069121,4668782,119599,2023-2024,36,,100000.0,,,,,,0.0
1319,83069893,4668782,119599,2023-2024,37,,1000.0,,,,,,0.0
1320,83071024,4668782,119599,2023-2024,38,,1000.0,,,,,,0.0
1321,83073048,4668782,119599,2023-2024,39,,100000.0,,,,,,0.0
1322,83075707,4668782,119599,2023-2024,40,,1000.0,,,,,,0.0
1323,83077632,4668782,119599,2023-2024,41,,1000.0,,,,,,0.0
1324,83078578,4668782,119599,2023-2024,42,,100000.0,,,,,,0.0
1325,83079455,4668782,119599,2023-2024,43,,100000.0,,,,,,0.0
1326,83080631,4668782,119599,2023-2024,44,,1000.0,,,,,,0.0
1327,83081482,4668782,119599,2023-2024,45,,100000.0,,,,,,0.0
1328,83080884,4668782,119599,2023-2024,46,,100000.0,,,,,,0.0
1329,79965294,4668782,119599,2023-2024,47,5TH STATE FINANCE COMMISSION,150000.0,150000.0,150000.0,150000.0,,,146556.0
1330,83111315,4668782,119599,2023-2024,48,,100000.0,,,,,,0.0
1331,83108870,4668782,119599,2023-2024,49,,100000.0,,,,,,0.0
1332,83110898,4668782,119599,2023-2024,50,,100000.0,,,,,,0.0
1333,83109227,4668782,119599,2023-2024,51,,100000.0,,,,,,0.0
1334,83110080,4668782,119599,2023-2024,52,,100000.0,,,,,,0.0
1335,83111837,4668782,119599,2023-2024,53,,100000.0,,,,,,0.0
1336,83112182,4668782,119599,2023-2024,54,,100000.0,,,,,,0.0
1337,83117565,4668782,119599,2023-2024,55,,10000.0,,,,,,0.0
1338,82780837,4668782,119599,2023-2024,56,,,,,,,,0.0
1339,83067883,4668782,119599,2023-2024,57,,1000.0,,,,,,0.0
1340,83079871,4668782,119599,2023-2024,58,,100000.0,,,,,,0.0
1341,83119215,4668782,119599,2023-2024,59,,10000.0,,,,,,0.0
1342,83117967,4668782,119599,2023-2024,60,,10000.0,,,,,,0.0
1343,83118353,4668782,119599,2023-2024,61,,100000.0,,,,,,0.0
1344,83116232,4668782,119599,2023-2024,62,,10000.0,,,,,,0.0
1345,83116642,4668782,119599,2023-2024,63,,10000.0,,,,,,0.0
1346,83116980,4668782,119599,2023-2024,64,,10000.0,,,,,,0.0
1347,83118966,4668782,119599,2023-2024,65,,10000.0,,,,,,0.0
1348,83117260,4668782,119599,2023-2024,66,,10000.0,,,,,,0.0
1349,83115881,4668782,119599,2023-2024,67,,10000.0,,,,,,0.0
1350,83121946,4668782,119599,2023-2024,68,,10000.0,,,,,,0.0
1351,83122249,4668782,119599,2023-2024,69,,10000.0,,,,,,0.0
1352,83123551,4668782,119599,2023-2024,70,,10000.0,,,,,,0.0
1353,83123937,4668782,119599,2023-2024,71,,10000.0,,,,,,0.0
1354,83124274,4668782,119599,2023-2024,72,,10000.0,,,,,,0.0
1355,83124961,4668782,119599,2023-2024,73,,10000.0,,,,,,0.0
1356,83125274,4668782,119599,2023-2024,74,,10000.0,,,,,,0.0
1357,75998669,4668782,119599,2023-2024,75,XV Finance Commission,96000.0,96000.0,96000.0,96000.0,,,96000.0
1358,79957032,4668782,119599,2023-2024,76,5TH STATE FINANCE COMMISSION,100000.0,100000.0,100000.0,100000.0,,,98150.0
1359,79943589,4668782,119599,2023-2024,77,XV Finance Commission,62040.0,62040.0,62040.0,62040.0,,,62000.0
1360,80257495,4668782,119599,2023-2024,78,XV Finance Commission,3500.0,3500.0,3500.0,3500.0,,,3461.0
1361,80256230,4668782,119599,2023-2024,79,XV Finance Commission,3500.0,3500.0,3500.0,3500.0,,,3461.0
1362,80256890,4668782,119599,2023-2024,80,XV Finance Commission,3500.0,3500.0,3500.0,3500.0,,,3461.0
1363,80169667,4668782,119599,2023-2024,81,XV Finance Commission,3500.0,3500.0,3500.0,3500.0,,,3461.0
1364,80167406,4668782,119599,2023-2024,82,XV Finance Commission,3500.0,3500.0,3500.0,3500.0,,,3461.0
1365,80175289,4668782,119599,2023-2024,83,XV Finance Commission,3500.0,3500.0,3500.0,3500.0,,,3461.0
1366,80162530,4668782,119599,2023-2024,84,XV Finance Commission,3500.0,3500.0,3500.0,3500.0,,,3461.0
1367,80172711,4668782,119599,2023-2024,85,XV Finance Commission,3500.0,3500.0,3500.0,3500.0,,,3461.0
1368,80255361,4668782,119599,2023-2024,86,XV Finance Commission,3500.0,3500.0,3500.0,3500.0,,,3461.0
1369,80176214,4668782,119599,2023-2024,87,XV Finance Commission,3500.0,3500.0,3500.0,3500.0,,,3461.0
1370,80255031,4668782,119599,2023-2024,88,XV Finance Commission,3500.0,3500.0,3500.0,3500.0,,,3435.0
1371,79957873,4668782,119599,2023-2024,89,5TH STATE FINANCE COMMISSION,20000.0,20000.0,20000.0,20000.0,,,11000.0
1372,80256535,4668782,119599,2023-2024,90,XV Finance Commission,3500.0,3500.0,3500.0,3500.0,,,3461.0
1373,80175594,4668782,119599,2023-2024,91,XV Finance Commission,3500.0,3500.0,3500.0,3500.0,,,3461.0
1374,80165637,4668782,119599,2023-2024,92,XV Finance Commission,3500.0,3500.0,3500.0,3500.0,,,3461.0
1375,79954369,4668782,119599,2023-2024,93,XV Finance Commission,500000.0,500000.0,500000.0,500000.0,,,500000.0
1376,79962020,4668782,119599,2023-2024,94,5TH STATE FINANCE COMMISSION,43074.0,43074.0,43074.0,43074.0,,,38500.0
1377,79947142,4668782,119599,2023-2024,95,XV Finance Commission,90000.0,90000.0,90000.0,90000.0,,,89036.0
1378,79948459,4668782,119599,2023-2024,96,XV Finance Commission,101680.0,101680.0,101680.0,101680.0,,,101680.0
1379,80153545,4668782,119599,2023-2024,97,,3500.0,,,,,,0.0
1380,80154141,4668782,119599,2023-2024,98,,3500.0,,,,,,0.0
1381,80154746,4668782,119599,2023-2024,99,,3500.0,,,,,,0.0
1382,80261297,4668782,119599,2023-2024,100,,,,,,,,0.0
1383,80261621,4668782,119599,2023-2024,101,,,,,,,,0.0
1384,80261875,4668782,119599,2023-2024,102,,,,,,,,0.0
1385,80262223,4668782,119599,2023-2024,103,,,,,,,,0.0
1386,80262508,4668782,119599,2023-2024,104,,,,,,,,0.0
1387,80262774,4668782,119599,2023-2024,105,,,,,,,,0.0
1388,80263708,4668782,119599,2023-2024,106,,,,,,,,0.0
1389,80264673,4668782,119599,2023-2024,107,,,,,,,,0.0
1390,80265170,4668782,119599,2023-2024,108,,,,,,,,0.0
1391,80266911,4668782,119599,2023-2024,109,,,,,,,,0.0
1392,80268501,4668782,119599,2023-2024,110,,,,,,,,0.0
1393,80268948,4668782,119599,2023-2024,111,,,,,,,,0.0
1394,80269352,4668782,119599,2023-2024,112,,,,,,,,0.0
1395,80269730,4668782,119599,2023-2024,113,,,,,,,,0.0
1396,80270197,4668782,119599,2023-2024,114,,,,,,,,0.0
1397,80274728,4668782,119599,2023-2024,115,,,,,,,,0.0
1398,80275562,4668782,119599,2023-2024,116,,,,,,,,0.0
1399,82881011,4668782,119599,2023-2024,117,,,,,,,,0.0
1400,82882118,4668782,119599,2023-2024,118,,,,,,,,0.0
1401,82882815,4668782,119599,2023-2024,119,,,,,,,,0.0
1402,82883530,4668782,119599,2023-2024,120,,,,,,,,0.0
1403,82884333,4668782,119599,2023-2024,121,,,,,,,,0.0
1404,80258959,4668782,119599,2023-2024,122,,,,,,,,0.0
1405,80259444,4668782,119599,2023-2024,123,,,,,,,,0.0
1406,80259877,4668782,119599,2023-2024,124,,,,,,,,0.0
1407,80260583,4668782,119599,2023-2024,125,,,,,,,,0.0
1408,80260916,4668782,119599,2023-2024,126,,,,,,,,0.0
1409,82884567,4668782,119599,2023-2024,127,,,,,,,,0.0
1410,82884892,4668782,119599,2023-2024,128,,,,,,,,0.0
1411,82885657,4668782,119599,2023-2024,129,,,,,,,,0.0
1412,83049386,4668782,119599,2023-2024,130,,10000.0,,,,,,0.0
1413,83109690,4668782,119599,2023-2024,131,,100000.0,,,,,,0.0
1414,83110467,4668782,119599,2023-2024,132,,100000.0,,,,,,0.0
1415,83118666,4668782,119599,2023-2024,133,,10000.0,,,,,,0.0
1416,83121630,4668782,119599,2023-2024,134,,10000.0,,,,,,0.0
1417,83123218,4668782,119599,2023-2024,135,,10000.0,,,,,,0.0
1418,83124621,4668782,119599,2023-2024,136,,10000.0,,,,,,0.0
1419,79955690,4668782,119599,2023-2024,137,XV Finance Commission,116080.0,116080.0,116080.0,116080.0,,,114165.0
1420,80174960,4668782,119599,2023-2024,138,XV Finance Commission,3500.0,3500.0,3500.0,3500.0,,,0.0
1421,80255752,4668782,119599,2023-2024,139,XV Finance Commission,3500.0,3500.0,3500.0,3500.0,,,0.0
1422,79863850,4668782,119599,2023-2024,140,XV Finance Commission,3500.0,3500.0,3500.0,3500.0,,,0.0
1423,80174616,4668782,119599,2023-2024,141,XV Finance Commission,3500.0,3500.0,3500.0,3500.0,,,0.0
1424,80163002,4668782,119599,2023-2024,142,XV Finance Commission,3500.0,3500.0,3500.0,3500.0,,,0.0
1425,80156086,4668782,119599,2023-2024,143,XV Finance Commission,3500.0,3500.0,3500.0,3500.0,,,0.0
1426,80173125,4668782,119599,2023-2024,144,XV Finance Commission,3500.0,3500.0,3500.0,3500.0,,,0.0
1427,80257793,4668782,119599,2023-2024,145,XV Finance Commission,3500.0,3500.0,3500.0,3500.0,,,0.0
1428,80174280,4668782,119599,2023-2024,146,XV Finance Commission,3500.0,3500.0,3500.0,3500.0,,,0.0
1429,80160035,4668782,119599,2023-2024,147,XV Finance Commission,3500.0,3500.0,3500.0,3500.0,,,0.0
1430,80165246,4668782,119599,2023-2024,148,XV Finance Commission,3500.0,3500.0,3500.0,3500.0,,,0.0
1431,80156720,4668782,119599,2023-2024,149,XV Finance Commission,3500.0,3500.0,3500.0,3500.0,,,0.0
1432,80166894,4668782,119599,2023-2024,150,XV Finance Commission,3500.0,3500.0,3500.0,3500.0,,,0.0
1433,80173914,4668782,119599,2023-2024,151,XV Finance Commission,3500.0,3500.0,3500.0,3500.0,,,0.0
1434,80163673,4668782,119599,2023-2024,152,XV Finance Commission,3500.0,3500.0,3500.0,3500.0,,,0.0
1435,79862692,4668782,119599,2023-2024,153,XV Finance Commission,3500.0,3500.0,3500.0,3500.0,,,0.0
1436,80157284,4668782,119599,2023-2024,154,XV Finance Commission,3500.0,3500.0,3500.0,3500.0,,,0.0
1437,80164792,4668782,119599,2023-2024,155,XV Finance Commission,3500.0,3500.0,3500.0,3500.0,,,0.0
1438,80170208,4668782,119599,2023-2024,156,XV Finance Commission,3500.0,3500.0,3500.0,3500.0,,,0.0
1439,80175923,4668782,119599,2023-2024,157,XV Finance Commission,3500.0,3500.0,3500.0,3500.0,,,0.0
1440,79859454,4668782,119599,2023-2024,158,XV Finance Commission,3500.0,3500.0,3500.0,3500.0,,,0.0
1441,80170635,4668782,119599,2023-2024,159,XV Finance Commission,3500.0,3500.0,3500.0,3500.0,,,0.0
1442,80166051,4668782,119599,2023-2024,160,XV Finance Commission,3500.0,3500.0,3500.0,3500.0,,,0.0
1443,80166462,4668782,119599,2023-2024,161,XV Finance Commission,3500.0,3500.0,3500.0,3500.0,,,0.0
1444,80173523,4668782,119599,2023-2024,162,XV Finance Commission,3500.0,3500.0,3500.0,3500.0,,,0.0
1445,80157853,4668782,119599,2023-2024,163,XV Finance Commission,3500.0,3500.0,3500.0,3500.0,,,0.0
1446,80158475,4668782,119599,2023-2024,164,XV Finance Commission,3500.0,3500.0,3500.0,3500.0,,,0.0
1447,79858010,4668782,119599,2023-2024,165,XV Finance Commission,3500.0,3500.0,3500.0,3500.0,,,0.0
1448,80172119,4668782,119599,2023-2024,166,XV Finance Commission,3500.0,3500.0,3500.0,3500.0,,,0.0
1449,80161966,4668782,119599,2023-2024,167,XV Finance Commission,3500.0,3500.0,3500.0,3500.0,,,0.0
1450,80159022,4668782,119599,2023-2024,168,XV Finance Commission,3500.0,3500.0,3500.0,3500.0,,,0.0
1451,80155403,4668782,119599,2023-2024,169,XV Finance Commission,3500.0,3500.0,3500.0,3500.0,,,0.0
1452,105242121,5223056,119599,2024-2025,1,,,,,,,,0.0
1453,105246664,5223056,119599,2024-2025,2,,,,,,,,0.0
1454,105253437,5223056,119599,2024-2025,3,,,,,,,,0.0
1455,105254690,5223056,119599,2024-2025,4,,,,,,,,0.0
1456,105253768,5223056,119599,2024-2025,5,,,,,,,,0.0
1457,105255615,5223056,119599,2024-2025,6,,,,,,,,0.0
1458,105246094,5223056,119599,2024-2025,7,,,,,,,,0.0
1459,105245163,5223056,119599,2024-2025,8,,,,,,,,0.0
1460,105244420,5223056,119599,2024-2025,9,,,,,,,,0.0
1461,105242687,5223056,119599,2024-2025,10,,,,,,,,0.0
1462,105243966,5223056,119599,2024-2025,11,,,,,,,,0.0
1463,105667167,5223056,119599,2024-2025,12,5TH STATE FINANCE COMMISSION,43000.0,43000.0,43000.0,43000.0,,,18000.0
1464,105476924,5223056,119599,2024-2025,13,,,,,,,,0.0
1465,105477362,5223056,119599,2024-2025,14,,,,,,,,0.0
1466,105477453,5223056,119599,2024-2025,15,,,,,,,,0.0
1467,105477427,5223056,119599,2024-2025,16,,,,,,,,0.0
1468,105477044,5223056,119599,2024-2025,17,,,,,,,,0.0
1469,105477085,5223056,119599,2024-2025,18,,,,,,,,0.0
1470,105477129,5223056,119599,2024-2025,19,,,,,,,,0.0
1471,105478457,5223056,119599,2024-2025,20,,,,,,,,0.0
1472,105478523,5223056,119599,2024-2025,21,,,,,,,,0.0
1473,105478574,5223056,119599,2024-2025,22,,,,,,,,0.0
1474,105478638,5223056,119599,2024-2025,23,,,,,,,,0.0
1475,105478757,5223056,119599,2024-2025,24,,,,,,,,0.0
1476,105478870,5223056,119599,2024-2025,25,,,,,,,,0.0
1477,105478294,5223056,119599,2024-2025,26,,,,,,,,0.0
1478,105478346,5223056,119599,2024-2025,27,,,,,,,,0.0
1479,105478410,5223056,119599,2024-2025,28,,,,,,,,0.0
1480,105478705,5223056,119599,2024-2025,29,,,,,,,,0.0
1481,105478806,5223056,119599,2024-2025,30,,,,,,,,0.0
1482,105476969,5223056,119599,2024-2025,31,,,,,,,,0.0
1483,105650225,5223056,119599,2024-2025,32,XV Finance Commission,62040.0,62040.0,62040.0,62040.0,,,32000.0
1484,105668306,5223056,119599,2024-2025,33,,150000.0,,,,,,0.0
1485,102988580,5223056,119599,2024-2025,34,,,,,,,,0.0
1486,102988991,5223056,119599,2024-2025,35,,,,,,,,0.0
1487,105649904,5223056,119599,2024-2025,36,XV Finance Commission,101680.0,10168.0,101680.0,101680.0,,,97648.0
1488,105661229,5223056,119599,2024-2025,37,XV Finance Commission,77756.0,77756.0,77756.0,77756.0,,,77756.0
1489,105650689,5223056,119599,2024-2025,38,,90000.0,,,,,,0.0
1490,105733879,5223056,119599,2024-2025,39,,150074.0,,,,,,0.0
1491,105734101,5223056,119599,2024-2025,40,,2000.0,,,,,,0.0
1492,105243117,5223056,119599,2024-2025,41,,,,,,,,0.0
1493,105252479,5223056,119599,2024-2025,42,,,,,,,,0.0
1494,105244864,5223056,119599,2024-2025,43,,,,,,,,0.0
1495,105252306,5223056,119599,2024-2025,44,,,,,,,,0.0
1496,105252643,5223056,119599,2024-2025,45,,,,,,,,0.0
1497,105253218,5223056,119599,2024-2025,46,,,,,,,,0.0
1498,105734172,5223056,119599,2024-2025,47,,2000.0,,,,,,0.0
1499,105254830,5223056,119599,2024-2025,48,,,,,,,,0.0
1500,105255004,5223056,119599,2024-2025,49,,,,,,,,0.0
1501,105255178,5223056,119599,2024-2025,50,,,,,,,,0.0
1502,105255334,5223056,119599,2024-2025,51,,,,,,,,0.0
1503,105255457,5223056,119599,2024-2025,52,,,,,,,,0.0
1504,105477493,5223056,119599,2024-2025,53,,,,,,,,0.0
1505,105477536,5223056,119599,2024-2025,54,,,,,,,,0.0
1506,105734198,5223056,119599,2024-2025,55,,2000.0,,,,,,0.0
1507,105660870,5223056,119599,2024-2025,56,XV Finance Commission,200847.0,200847.0,200847.0,200847.0,,,0.0
1508,105733941,5223056,119599,2024-2025,57,5TH STATE FINANCE COMMISSION,200000.0,200000.0,200000.0,200000.0,,,197964.0
1509,105667573,5223056,119599,2024-2025,58,5TH STATE FINANCE COMMISSION,100000.0,100000.0,100000.0,100000.0,,,98000.0
1510,105648673,5223056,119599,2024-2025,59,XV Finance Commission,156000.0,156000.0,156000.0,156000.0,,,156000.0
1511,105661025,5223056,119599,2024-2025,60,XV Finance Commission,500000.0,500000.0,500000.0,500000.0,,,500000.0
1512,105648980,5223056,119599,2024-2025,61,XV Finance Commission,333567.0,333567.0,333567.0,333567.0,,,333567.0
1513,105661404,5223056,119599,2024-2025,62,XV Finance Commission,75000.0,75000.0,75000.0,75000.0,,,75000.0
1514,105646994,5223056,119599,2024-2025,63,XV Finance Commission,3500.0,3500.0,3500.0,3500.0,,,0.0
1515,105645351,5223056,119599,2024-2025,64,XV Finance Commission,3500.0,3500.0,3500.0,3500.0,,,0.0
1516,105645762,5223056,119599,2024-2025,65,XV Finance Commission,3500.0,3500.0,3500.0,3500.0,,,0.0
1517,105646575,5223056,119599,2024-2025,66,XV Finance Commission,3500.0,3500.0,3500.0,3500.0,,,0.0
1518,105645952,5223056,119599,2024-2025,67,XV Finance Commission,3500.0,3500.0,3500.0,3500.0,,,0.0
1519,105646772,5223056,119599,2024-2025,68,XV Finance Commission,3500.0,3500.0,3500.0,3500.0,,,0.0
1520,105645562,5223056,119599,2024-2025,69,XV Finance Commission,3500.0,3500.0,3500.0,3500.0,,,0.0
1521,105646154,5223056,119599,2024-2025,70,XV Finance Commission,3500.0,3500.0,3500.0,3500.0,,,0.0
1522,105645161,5223056,119599,2024-2025,71,XV Finance Commission,3500.0,3500.0,3500.0,3500.0,,,0.0
1523,105646393,5223056,119599,2024-2025,72,XV Finance Commission,3500.0,3500.0,3500.0,3500.0,,,0.0
1524,128856295,6012003,119599,2024-2025,1,,97000.0,,,,,,0.0
1525,128856619,6012003,119599,2024-2025,2,,103847.0,,,,,,0.0
1526,128857063,6012003,119599,2024-2025,3,,,,,,,,0.0
1527,128857200,6012003,119599,2024-2025,4,,,,,,,,0.0
1528,128858037,6012003,119599,2024-2025,5,,,,,,,,0.0
1529,128487386,6012003,119599,2024-2025,6,,90000.0,,,,,,0.0
1530,118530871,5610859,119599,2025-2026,1,5TH STATE FINANCE COMMISSION,100000.0,100000.0,100000.0,100000.0,,,0.0
1531,118508175,5610859,119599,2025-2026,2,,150000.0,150000.0,,,,,0.0
1532,118529913,5610859,119599,2025-2026,3,5TH STATE FINANCE COMMISSION,200000.0,200000.0,200000.0,200000.0,,,169064.0
1533,118384938,5610859,119599,2025-2026,4,,,,,,,,0.0
1534,118386993,5610859,119599,2025-2026,5,,,,,,,,0.0
1535,118389077,5610859,119599,2025-2026,6,,,,,,,,0.0
1536,118390076,5610859,119599,2025-2026,7,,,,,,,,0.0
1537,118392342,5610859,119599,2025-2026,8,,,,,,,,0.0
1538,118392985,5610859,119599,2025-2026,9,,,,,,,,0.0
1539,118394256,5610859,119599,2025-2026,10,,,,,,,,0.0
1540,118395405,5610859,119599,2025-2026,11,,,,,,,,0.0
1541,118457730,5610859,119599,2025-2026,12,,51100.0,,,,,,0.0
1542,118459236,5610859,119599,2025-2026,13,,26980.0,,,,,,0.0
1543,118460422,5610859,119599,2025-2026,14,,8200.0,,,,,,0.0
1544,118461394,5610859,119599,2025-2026,15,,4760.0,,,,,,0.0
1545,118462076,5610859,119599,2025-2026,16,,7440.0,,,,,,0.0
1546,118504613,5610859,119599,2025-2026,17,XV Finance Commission,100000.0,100000.0,100000.0,100000.0,,,93210.0
1547,118506235,5610859,119599,2025-2026,18,,20000.0,,,,,,0.0
1548,118509839,5610859,119599,2025-2026,19,XV Finance Commission,140000.0,140000.0,140000.0,140000.0,,,126000.0
1549,118530194,5610859,119599,2025-2026,20,,150000.0,,,,,,0.0
1550,118530588,5610859,119599,2025-2026,21,5TH STATE FINANCE COMMISSION,100000.0,100000.0,100000.0,100000.0,,,90000.0
1551,118511892,5610859,119599,2025-2026,22,,140000.0,,,,,,0.0
1552,118531463,5610859,119599,2025-2026,23,,43074.0,,,,,,0.0
1553,118515997,5610859,119599,2025-2026,24,,40000.0,,,,,,0.0
1554,118516619,5610859,119599,2025-2026,25,,46534.0,,,,,,0.0
1555,118478230,5610859,119599,2025-2026,26,,40000.0,,,,,,0.0
1556,118540560,5610859,119599,2025-2026,27,,21400.0,,,,,,0.0
1557,118542524,5610859,119599,2025-2026,28,5TH STATE FINANCE COMMISSION,50000.0,50000.0,50000.0,50000.0,,,0.0
1558,118971529,5610859,119599,2025-2026,29,,,,,,,,0.0
1559,118972025,5610859,119599,2025-2026,30,,,,,,,,0.0
1560,118973273,5610859,119599,2025-2026,31,,,,,,,,0.0
1561,118972184,5610859,119599,2025-2026,32,,,,,,,,0.0
1562,118972367,5610859,119599,2025-2026,33,,,,,,,,0.0
1563,118972597,5610859,119599,2025-2026,34,,,,,,,,0.0
1564,118972796,5610859,119599,2025-2026,35,,,,,,,,0.0
1565,118971836,5610859,119599,2025-2026,36,,,,,,,,0.0
1566,121119359,5610859,119599,2025-2026,37,,,,,,,,0.0
1567,121115812,5610859,119599,2025-2026,38,,,,,,,,0.0
1568,121118304,5610859,119599,2025-2026,39,,,,,,,,0.0
1569,121111535,5610859,119599,2025-2026,40,,,,,,,,0.0
1570,121116258,5610859,119599,2025-2026,41,,,,,,,,0.0
1571,121111798,5610859,119599,2025-2026,42,,,,,,,,0.0
1572,121119495,5610859,119599,2025-2026,43,,,,,,,,0.0
1573,121112596,5610859,119599,2025-2026,44,,,,,,,,0.0
1574,121118535,5610859,119599,2025-2026,45,,,,,,,,0.0
1575,121112792,5610859,119599,2025-2026,46,,,,,,,,0.0
1576,121116668,5610859,119599,2025-2026,47,,,,,,,,0.0
1577,121113001,5610859,119599,2025-2026,48,,,,,,,,0.0
1578,121113195,5610859,119599,2025-2026,49,,,,,,,,0.0
1579,121116879,5610859,119599,2025-2026,50,,,,,,,,0.0
1580,121118740,5610859,119599,2025-2026,51,,,,,,,,0.0
1581,121109144,5610859,119599,2025-2026,52,,,,,,,,0.0
1582,121109610,5610859,119599,2025-2026,53,,,,,,,,0.0
1583,121109998,5610859,119599,2025-2026,54,,,,,,,,0.0
1584,121107272,5610859,119599,2025-2026,55,,,,,,,,0.0
1585,121107863,5610859,119599,2025-2026,56,,,,,,,,0.0
1586,121106679,5610859,119599,2025-2026,57,,,,,,,,0.0
1587,121106999,5610859,119599,2025-2026,58,,,,,,,,0.0
1588,121117167,5610859,119599,2025-2026,59,,,,,,,,0.0
1589,121114232,5610859,119599,2025-2026,60,,,,,,,,0.0
1590,121119655,5610859,119599,2025-2026,61,,,,,,,,0.0
1591,121119856,5610859,119599,2025-2026,62,,,,,,,,0.0
1592,121114678,5610859,119599,2025-2026,63,,,,,,,,0.0
1593,121117733,5610859,119599,2025-2026,64,,,,,,,,0.0
1594,121114900,5610859,119599,2025-2026,65,,,,,,,,0.0
1595,121119180,5610859,119599,2025-2026,66,,,,,,,,0.0
1596,121115098,5610859,119599,2025-2026,67,,,,,,,,0.0
1597,121115368,5610859,119599,2025-2026,68,,,,,,,,0.0
1598,121118055,5610859,119599,2025-2026,69,,,,,,,,0.0
1599,121115627,5610859,119599,2025-2026,70,,,,,,,,0.0
1600,121120094,5610859,119599,2025-2026,71,,,,,,,,0.0
1601,121120406,5610859,119599,2025-2026,72,,,,,,,,0.0
1602,121120534,5610859,119599,2025-2026,73,,,,,,,,0.0
1603,121120706,5610859,119599,2025-2026,74,,,,,,,,0.0
1604,121120922,5610859,119599,2025-2026,75,,,,,,,,0.0
1605,121121140,5610859,119599,2025-2026,76,,,,,,,,0.0
1606,121121441,5610859,119599,2025-2026,77,,,,,,,,0.0
1607,121121656,5610859,119599,2025-2026,78,,,,,,,,0.0
1608,121122033,5610859,119599,2025-2026,79,,,,,,,,0.0
1609,121122197,5610859,119599,2025-2026,80,,,,,,,,0.0
1610,121123358,5610859,119599,2025-2026,81,,,,,,,,0.0
1611,121114474,5610859,119599,2025-2026,82,,,,,,,,0.0
1612,121116452,5610859,119599,2025-2026,83,,,,,,,,0.0
1613,118964765,5610859,119599,2025-2026,84,,3500.0,,,,,,0.0
1614,118973060,5610859,119599,2025-2026,85,,,,,,,,0.0
1615,118973481,5610859,119599,2025-2026,86,,,,,,,,0.0
1616,121108357,5610859,119599,2025-2026,87,,,,,,,,0.0
1617,121109380,5610859,119599,2025-2026,88,,,,,,,,0.0
1618,121599466,5610859,119599,2025-2026,89,,50000.0,,,,,,0.0
1619,121599627,5610859,119599,2025-2026,90,,13000.0,,,,,,0.0
1620,121599839,5610859,119599,2025-2026,91,,150920.0,150920.0,,,,,0.0
1621,121600225,5610859,119599,2025-2026,92,,6000.0,,,,,,0.0
1622,121629099,5610859,119599,2025-2026,93,,,,,,,,0.0
1623,121629153,5610859,119599,2025-2026,94,,,,,,,,0.0
1624,121629253,5610859,119599,2025-2026,95,,,,,,,,0.0
1625,121629307,5610859,119599,2025-2026,96,,,,,,,,0.0
1626,121629340,5610859,119599,2025-2026,97,,,,,,,,0.0
1627,121629342,5610859,119599,2025-2026,98,,,,,,,,0.0
1628,121630116,5610859,119599,2025-2026,99,XV Finance Commission,156000.0,156000.0,156000.0,156000.0,,,26000.0
1629,121630153,5610859,119599,2025-2026,100,XV Finance Commission,300000.0,300000.0,300000.0,300000.0,,,299467.0
1630,118391325,5610859,119599,2025-2026,101,,,,,,,,0.0
1631,121110244,5610859,119599,2025-2026,102,,,,,,,,0.0
1632,121110447,5610859,119599,2025-2026,103,,,,,,,,0.0
1633,121110699,5610859,119599,2025-2026,104,,,,,,,,0.0
1634,121111036,5610859,119599,2025-2026,105,,,,,,,,0.0
1635,121112145,5610859,119599,2025-2026,106,,,,,,,,0.0
1636,121117449,5610859,119599,2025-2026,107,,,,,,,,0.0
1637,121118988,5610859,119599,2025-2026,108,,,,,,,,0.0
1638,121121806,5610859,119599,2025-2026,109,,,,,,,,0.0
1639,118965617,5610859,119599,2025-2026,110,,3500.0,,,,,,0.0
1640,118965834,5610859,119599,2025-2026,111,,3500.0,,,,,,0.0
1641,118966362,5610859,119599,2025-2026,112,,3500.0,,,,,,0.0
1642,118966566,5610859,119599,2025-2026,113,,3500.0,,,,,,0.0
1643,118966807,5610859,119599,2025-2026,114,,3500.0,,,,,,0.0
1644,118965401,5610859,119599,2025-2026,115,,3500.0,,,,,,0.0
1645,121626094,5610859,119599,2025-2026,116,,84000.0,,,,,,0.0
1646,121627488,5610859,119599,2025-2026,117,,16222.0,16222.0,,,,,0.0
1647,121628130,5610859,119599,2025-2026,118,XV Finance Commission,12167.0,12167.0,12167.0,12167.0,,,0.0
1648,121628264,5610859,119599,2025-2026,119,,12167.0,,,,,,0.0
1649,121123198,5610859,119599,2025-2026,120,,,,,,,,0.0
1650,121628892,5610859,119599,2025-2026,121,,30000.0,,,,,,0.0
1651,118965179,5610859,119599,2025-2026,122,XV Finance Commission,3500.0,3500.0,3500.0,3500.0,,,0.0
1652,118966003,5610859,119599,2025-2026,123,XV Finance Commission,3500.0,3500.0,3500.0,3500.0,,,0.0
1653,118966204,5610859,119599,2025-2026,124,XV Finance Commission,3500.0,3500.0,3500.0,3500.0,,,0.0
1654,127987620,5957758,119599,2025-2026,1,,,,,,,,0.0
1655,127987671,5957758,119599,2025-2026,2,XV Finance Commission,150000.0,150000.0,150000.0,150000.0,,,149734.0
1656,128271856,5988615,119599,2025-2026,1,,140000.0,140000.0,,,,,0.0
1657,128271713,5988615,119599,2025-2026,2,XV Finance Commission,12167.0,,12167.0,12167.0,,,0.0
1658,128486738,6011969,119599,2025-2026,1,,30000.0,,,,,,0.0
1659,128486753,6011969,119599,2025-2026,2,,120920.0,,,,,,0.0
1660,128486774,6011969,119599,2025-2026,3,,40000.0,,,,,,0.0
1661,52276445,3587984,116400,2020-2021,1,XV Finance Commission,300000.0,300000.0,300000.0,300000.0,,,289211.0
1662,52276402,3587984,116400,2020-2021,2,XV Finance Commission,75000.0,75000.0,75000.0,75000.0,,,74625.0
1663,52275022,3587984,116400,2020-2021,3,XV Finance Commission,50000.0,50000.0,50000.0,50000.0,,,49750.0
1664,52276390,3587984,116400,2020-2021,4,XV Finance Commission,75000.0,75000.0,75000.0,75000.0,,,74625.0
1665,52275108,3587984,116400,2020-2021,5,XV Finance Commission,50000.0,50000.0,50000.0,50000.0,,,49750.0
1666,52275079,3587984,116400,2020-2021,6,XV Finance Commission,132000.0,132000.0,132000.0,132000.0,,,131340.0
1667,52275051,3587984,116400,2020-2021,7,XV Finance Commission,50000.0,50000.0,50000.0,50000.0,,,49750.0
1668,52276505,3587984,116400,2020-2021,8,5TH STATE FINANCE COMMISSION,72000.0,,72000.0,72000.0,,,63750.0
1669,52276538,3587984,116400,2020-2021,9,5TH STATE FINANCE COMMISSION,180000.0,180000.0,180000.0,180000.0,,,180000.0
1670,52276424,3587984,116400,2020-2021,10,,50000.0,,,,,,0.0
1671,52274555,3587984,116400,2020-2021,11,XV Finance Commission,50000.0,50000.0,50000.0,50000.0,,,49750.0
1672,52276462,3587984,116400,2020-2021,12,XV Finance Commission,133772.0,133772.0,133772.0,133772.0,,,128891.0
1673,52276487,3587984,116400,2020-2021,13,XV Finance Commission,965772.0,965772.0,965772.0,965772.0,,,951645.0
1674,52276521,3587984,116400,2020-2021,14,,115000.0,,,,,,0.0
1675,52276583,3587984,116400,2020-2021,15,5TH STATE FINANCE COMMISSION,241846.0,241846.0,241846.0,241846.0,,,234495.0
1676,52276559,3587984,116400,2020-2021,16,5TH STATE FINANCE COMMISSION,34228.0,34228.0,34228.0,34228.0,,,34228.0
1677,52884663,3622117,116400,2021-2022,1,XV Finance Commission,155886.0,,155886.0,155886.0,,,99000.0
1678,52884501,3622117,116400,2021-2022,2,XV Finance Commission,200000.0,200000.0,200000.0,200000.0,,,192689.0
1679,52884604,3622117,116400,2021-2022,3,XV Finance Commission,75000.0,75000.0,75000.0,75000.0,,,75000.0
1680,52884906,3622117,116400,2021-2022,4,XV Finance Commission,180000.0,46607.0,180000.0,180000.0,,,160352.0
1681,52926908,3622117,116400,2021-2022,5,,377574.0,,,,,,0.0
1682,52928449,3622117,116400,2021-2022,6,,100000.0,,,,,,0.0
1683,52884352,3622117,116400,2021-2022,7,XV Finance Commission,388198.0,388198.0,388198.0,388198.0,,,380580.0
1684,52884843,3622117,116400,2021-2022,8,XV Finance Commission,72000.0,18000.0,72000.0,72000.0,,,52750.0
1685,52885146,3622117,116400,2021-2022,9,5TH STATE FINANCE COMMISSION,384920.0,384920.0,384920.0,384920.0,,,382575.0
1686,52885214,3622117,116400,2021-2022,10,5TH STATE FINANCE COMMISSION,258154.0,258154.0,258154.0,258154.0,,,253459.0
1687,52884988,3622117,116400,2021-2022,11,,524623.0,,,,,,0.0
1688,66417478,4397793,116400,2021-2022,1,XV Finance Commission,424623.0,424623.0,424623.0,424623.0,,,424207.0
1689,66417498,4397793,116400,2021-2022,2,,100000.0,,,,,,0.0
1690,61672582,4106758,116400,2022-2023,1,,100000.0,,,,,,0.0
1691,61664910,4106758,116400,2022-2023,2,XV Finance Commission,58744.0,58744.0,58744.0,58744.0,,,35780.0
1692,61665171,4106758,116400,2022-2023,3,XV Finance Commission,100000.0,100000.0,100000.0,100000.0,,,100000.0
1693,61665032,4106758,116400,2022-2023,4,,90000.0,,,,,,0.0
1694,61665318,4106758,116400,2022-2023,5,,30000.0,,,,,,0.0
1695,61665744,4106758,116400,2022-2023,6,,37500.0,,,,,,0.0
1696,61665630,4106758,116400,2022-2023,7,,90000.0,,,,,,0.0
1697,61665991,4106758,116400,2022-2023,8,,80000.0,,,,,,0.0
1698,61666111,4106758,116400,2022-2023,9,,99000.0,,,,,,0.0
1699,61666281,4106758,116400,2022-2023,10,,47244.0,,,,,,0.0
1700,61666803,4106758,116400,2022-2023,11,,173074.0,,,,,,0.0
1701,61666689,4106758,116400,2022-2023,12,,400000.0,,,,,,0.0
1702,61666545,4106758,116400,2022-2023,13,,50000.0,,,,,,0.0
1703,61666448,4106758,116400,2022-2023,14,,558992.0,,,,,,0.0
1704,61665443,4106758,116400,2022-2023,15,,30000.0,,,,,,0.0
1705,61666348,4106758,116400,2022-2023,16,,43000.0,,,,,,0.0
1706,61666890,4106758,116400,2022-2023,17,5TH STATE FINANCE COMMISSION,70000.0,70000.0,70000.0,70000.0,,,69452.0
1707,61664768,4106758,116400,2022-2023,18,XV Finance Commission,108000.0,108000.0,108000.0,108000.0,,,106000.0
1708,61664567,4106758,116400,2022-2023,19,XV Finance Commission,100000.0,100000.0,100000.0,100000.0,,,100000.0
1709,66019209,4364391,116400,2022-2023,1,XV Finance Commission,50000.0,50000.0,50000.0,50000.0,,,49978.0
1710,66019314,4364391,116400,2022-2023,2,5TH STATE FINANCE COMMISSION,400000.0,400000.0,400000.0,400000.0,,,398578.0
1711,66018795,4364391,116400,2022-2023,3,,24000.0,,,,,,0.0
1712,66018845,4364391,116400,2022-2023,4,,7000.0,,,,,,0.0
1713,66019079,4364391,116400,2022-2023,5,,52500.0,,,,,,0.0
1714,66018329,4364391,116400,2022-2023,6,XV Finance Commission,90000.0,90000.0,90000.0,90000.0,,,90000.0
1715,66019346,4364391,116400,2022-2023,7,5TH STATE FINANCE COMMISSION,173074.0,173074.0,173074.0,173074.0,,,172812.0
1716,66018426,4364391,116400,2022-2023,8,XV Finance Commission,53094.0,53094.0,53094.0,53094.0,,,53094.0
1717,66019150,4364391,116400,2022-2023,9,XV Finance Commission,558992.0,558992.0,558992.0,558992.0,,,558716.0
1718,66018956,4364391,116400,2022-2023,10,,15000.0,,,,,,0.0
1719,66019033,4364391,116400,2022-2023,11,,75000.0,,,,,,0.0
1720,66018753,4364391,116400,2022-2023,12,XV Finance Commission,90000.0,90000.0,90000.0,90000.0,,,87892.0
1721,66018695,4364391,116400,2022-2023,13,XV Finance Commission,30000.0,30000.0,30000.0,30000.0,,,28628.0
1722,66018988,4364391,116400,2022-2023,14,XV Finance Commission,5150.0,5150.0,5150.0,5150.0,,,5150.0
1723,66018637,4364391,116400,2022-2023,15,XV Finance Commission,105000.0,105000.0,105000.0,105000.0,,,101928.0
1724,74906158,4646611,116400,2023-2024,1,,,,,,,,0.0
1725,78278629,4646611,116400,2023-2024,2,,12000.0,,,,,,0.0
1726,78720136,4646611,116400,2023-2024,3,,,,,,,,0.0
1727,74907691,4646611,116400,2023-2024,4,,,,,,,,0.0
1728,74908867,4646611,116400,2023-2024,5,,,,,,,,0.0
1729,74910125,4646611,116400,2023-2024,6,,,,,,,,0.0
1730,74911063,4646611,116400,2023-2024,7,,,,,,,,0.0
1731,74913908,4646611,116400,2023-2024,8,,,,,,,,0.0
1732,74915449,4646611,116400,2023-2024,9,,,,,,,,0.0
1733,74921783,4646611,116400,2023-2024,10,,,,,,,,0.0
1734,74922418,4646611,116400,2023-2024,11,,,,,,,,0.0
1735,74922961,4646611,116400,2023-2024,12,,,,,,,,0.0
1736,74923715,4646611,116400,2023-2024,13,,,,,,,,0.0
1737,74926330,4646611,116400,2023-2024,14,,,,,,,,0.0
1738,74927336,4646611,116400,2023-2024,15,,,,,,,,0.0
1739,74927932,4646611,116400,2023-2024,16,,,,,,,,0.0
1740,76485083,4646611,116400,2023-2024,17,,,,,,,,0.0
1741,76489874,4646611,116400,2023-2024,18,,,,,,,,0.0
1742,76491233,4646611,116400,2023-2024,19,,,,,,,,0.0
1743,76547946,4646611,116400,2023-2024,20,,,,,,,,0.0
1744,76548608,4646611,116400,2023-2024,21,,,,,,,,0.0
1745,76549377,4646611,116400,2023-2024,22,,,,,,,,0.0
1746,76550344,4646611,116400,2023-2024,23,,,,,,,,0.0
1747,76553560,4646611,116400,2023-2024,24,,,,,,,,0.0
1748,76555807,4646611,116400,2023-2024,25,,,,,,,,0.0
1749,76556916,4646611,116400,2023-2024,26,,,,,,,,0.0
1750,76558900,4646611,116400,2023-2024,27,,,,,,,,0.0
1751,76560506,4646611,116400,2023-2024,28,,,,,,,,0.0
1752,76562127,4646611,116400,2023-2024,29,,,,,,,,0.0
1753,76565974,4646611,116400,2023-2024,30,,,,,,,,0.0
1754,76570142,4646611,116400,2023-2024,31,,,,,,,,0.0
1755,76572990,4646611,116400,2023-2024,32,,,,,,,,0.0
1756,76575663,4646611,116400,2023-2024,33,,,,,,,,0.0
1757,76578356,4646611,116400,2023-2024,34,,,,,,,,0.0
1758,76589145,4646611,116400,2023-2024,35,,,,,,,,0.0
1759,76592032,4646611,116400,2023-2024,36,,,,,,,,0.0
1760,76936927,4646611,116400,2023-2024,37,,,,,,,,0.0
1761,76937699,4646611,116400,2023-2024,38,,3143.0,,,,,,0.0
1762,76938327,4646611,116400,2023-2024,39,,,,,,,,0.0
1763,76938701,4646611,116400,2023-2024,40,,50000.0,,,,,,0.0
1764,76939068,4646611,116400,2023-2024,41,,60000.0,,,,,,0.0
1765,78279551,4646611,116400,2023-2024,42,,,,,,,,0.0
1766,78280122,4646611,116400,2023-2024,43,,,,,,,,0.0
1767,78280919,4646611,116400,2023-2024,44,,,,,,,,0.0
1768,78281449,4646611,116400,2023-2024,45,,,,,,,,0.0
1769,78283074,4646611,116400,2023-2024,46,,,,,,,,0.0
1770,78283902,4646611,116400,2023-2024,47,,,,,,,,0.0
1771,78284616,4646611,116400,2023-2024,48,,,,,,,,0.0
1772,78285853,4646611,116400,2023-2024,49,,,,,,,,0.0
1773,78286485,4646611,116400,2023-2024,50,,,,,,,,0.0
1774,78287719,4646611,116400,2023-2024,51,,,,,,,,0.0
1775,78288317,4646611,116400,2023-2024,52,,,,,,,,0.0
1776,78288855,4646611,116400,2023-2024,53,,,,,,,,0.0
1777,78289622,4646611,116400,2023-2024,54,,3000.0,,,,,,0.0
1778,78312616,4646611,116400,2023-2024,55,,6000.0,,,,,,0.0
1779,78314573,4646611,116400,2023-2024,56,,,,,,,,0.0
1780,78315353,4646611,116400,2023-2024,57,,,,,,,,0.0
1781,78316680,4646611,116400,2023-2024,58,,,,,,,,0.0
1782,78317407,4646611,116400,2023-2024,59,,,,,,,,0.0
1783,78318584,4646611,116400,2023-2024,60,,,,,,,,0.0
1784,78497121,4646611,116400,2023-2024,61,,,,,,,,0.0
1785,78497361,4646611,116400,2023-2024,62,,,,,,,,0.0
1786,78497558,4646611,116400,2023-2024,63,,,,,,,,0.0
1787,78497781,4646611,116400,2023-2024,64,,,,,,,,0.0
1788,78639883,4646611,116400,2023-2024,65,,3143.0,,,,,,0.0
1789,78640713,4646611,116400,2023-2024,66,,3143.0,,,,,,0.0
1790,78641717,4646611,116400,2023-2024,67,,3143.0,,,,,,0.0
1791,78642348,4646611,116400,2023-2024,68,,3143.0,,,,,,0.0
1792,78642965,4646611,116400,2023-2024,69,,3143.0,,,,,,0.0
1793,78646786,4646611,116400,2023-2024,70,,3143.0,,,,,,0.0
1794,78647846,4646611,116400,2023-2024,71,,3143.0,,,,,,0.0
1795,78648916,4646611,116400,2023-2024,72,,3143.0,,,,,,0.0
1796,78649630,4646611,116400,2023-2024,73,,3143.0,,,,,,0.0
1797,78651114,4646611,116400,2023-2024,74,,3143.0,,,,,,0.0
1798,78653721,4646611,116400,2023-2024,75,,,,,,,,0.0
1799,78654437,4646611,116400,2023-2024,76,,,,,,,,0.0
1800,78655749,4646611,116400,2023-2024,77,,,,,,,,0.0
1801,78656427,4646611,116400,2023-2024,78,,,,,,,,0.0
1802,78658661,4646611,116400,2023-2024,79,,,,,,,,0.0
1803,78659261,4646611,116400,2023-2024,80,,,,,,,,0.0
1804,78659904,4646611,116400,2023-2024,81,,,,,,,,0.0
1805,78661050,4646611,116400,2023-2024,82,,,,,,,,0.0
1806,78661883,4646611,116400,2023-2024,83,,,,,,,,0.0
1807,78717447,4646611,116400,2023-2024,84,,,,,,,,0.0
1808,78718289,4646611,116400,2023-2024,85,,,,,,,,0.0
1809,78719321,4646611,116400,2023-2024,86,,,,,,,,0.0
1810,78720845,4646611,116400,2023-2024,87,,,,,,,,0.0
1811,78721726,4646611,116400,2023-2024,88,,,,,,,,0.0
1812,78725383,4646611,116400,2023-2024,89,,,,,,,,0.0
1813,78728540,4646611,116400,2023-2024,90,,,,,,,,0.0
1814,78729072,4646611,116400,2023-2024,91,,,,,,,,0.0
1815,79148866,4646611,116400,2023-2024,92,,4134.0,,,,,,0.0
1816,79149082,4646611,116400,2023-2024,93,,4134.0,,,,,,0.0
1817,79149305,4646611,116400,2023-2024,94,,4134.0,,,,,,0.0
1818,79149525,4646611,116400,2023-2024,95,,4134.0,,,,,,0.0
1819,79149717,4646611,116400,2023-2024,96,,4134.0,,,,,,0.0
1820,79150034,4646611,116400,2023-2024,97,,4134.0,,,,,,0.0
1821,79886123,4646611,116400,2023-2024,98,,,,,,,,0.0
1822,79886616,4646611,116400,2023-2024,99,,,,,,,,0.0
1823,79887088,4646611,116400,2023-2024,100,,,,,,,,0.0
1824,79887467,4646611,116400,2023-2024,101,,,,,,,,0.0
1825,79887901,4646611,116400,2023-2024,102,,,,,,,,0.0
1826,79888389,4646611,116400,2023-2024,103,,,,,,,,0.0
1827,79888871,4646611,116400,2023-2024,104,,,,,,,,0.0
1828,79889341,4646611,116400,2023-2024,105,,,,,,,,0.0
1829,79889881,4646611,116400,2023-2024,106,,,,,,,,0.0
1830,79890353,4646611,116400,2023-2024,107,,,,,,,,0.0
1831,79890822,4646611,116400,2023-2024,108,,,,,,,,0.0
1832,79892940,4646611,116400,2023-2024,109,,500000.0,,,,,,0.0
1833,79893435,4646611,116400,2023-2024,110,,500000.0,,,,,,0.0
1834,79896272,4646611,116400,2023-2024,111,,,,,,,,0.0
1835,79896901,4646611,116400,2023-2024,112,,,,,,,,0.0
1836,79897377,4646611,116400,2023-2024,113,,,,,,,,0.0
1837,79899249,4646611,116400,2023-2024,114,,,,,,,,0.0
1838,79902689,4646611,116400,2023-2024,115,,,,,,,,0.0
1839,79905838,4646611,116400,2023-2024,116,,100000.0,,,,,,0.0
1840,79906881,4646611,116400,2023-2024,117,,,,,,,,0.0
1841,79907422,4646611,116400,2023-2024,118,,,,,,,,0.0
1842,79907927,4646611,116400,2023-2024,119,,,,,,,,0.0
1843,79908391,4646611,116400,2023-2024,120,,,,,,,,0.0
1844,79908947,4646611,116400,2023-2024,121,,,,,,,,0.0
1845,79909474,4646611,116400,2023-2024,122,,,,,,,,0.0
1846,79910008,4646611,116400,2023-2024,123,,,,,,,,0.0
1847,79911657,4646611,116400,2023-2024,124,,,,,,,,0.0
1848,79915628,4646611,116400,2023-2024,125,,,,,,,,0.0
1849,79916110,4646611,116400,2023-2024,126,,,,,,,,0.0
1850,79918301,4646611,116400,2023-2024,127,,,,,,,,0.0
1851,79918992,4646611,116400,2023-2024,128,,,,,,,,0.0
1852,79919482,4646611,116400,2023-2024,129,,,,,,,,0.0
1853,79920074,4646611,116400,2023-2024,130,,,,,,,,0.0
1854,79920651,4646611,116400,2023-2024,131,,,,,,,,0.0
1855,79921205,4646611,116400,2023-2024,132,,,,,,,,0.0
1856,79921739,4646611,116400,2023-2024,133,,,,,,,,0.0
1857,79922307,4646611,116400,2023-2024,134,,,,,,,,0.0
1858,79922801,4646611,116400,2023-2024,135,,,,,,,,0.0
1859,79923263,4646611,116400,2023-2024,136,,,,,,,,0.0
1860,79923783,4646611,116400,2023-2024,137,,,,,,,,0.0
1861,79924395,4646611,116400,2023-2024,138,,,,,,,,0.0
1862,79927369,4646611,116400,2023-2024,139,,,,,,,,0.0
1863,79927866,4646611,116400,2023-2024,140,,,,,,,,0.0
1864,79939313,4646611,116400,2023-2024,141,,4440.0,,,,,,0.0
1865,79940600,4646611,116400,2023-2024,142,,4440.0,,,,,,0.0
1866,79942073,4646611,116400,2023-2024,143,,4440.0,,,,,,0.0
1867,79943732,4646611,116400,2023-2024,144,,4440.0,,,,,,0.0
1868,79944932,4646611,116400,2023-2024,145,,4440.0,,,,,,0.0
1869,79945569,4646611,116400,2023-2024,146,,4440.0,,,,,,0.0
1870,79946706,4646611,116400,2023-2024,147,,4440.0,,,,,,0.0
1871,79947218,4646611,116400,2023-2024,148,,4440.0,,,,,,0.0
1872,79948100,4646611,116400,2023-2024,149,,4440.0,,,,,,0.0
1873,79950727,4646611,116400,2023-2024,150,,4440.0,,,,,,0.0
1874,79951334,4646611,116400,2023-2024,151,,4440.0,,,,,,0.0
1875,79951878,4646611,116400,2023-2024,152,,4440.0,,,,,,0.0
1876,79952416,4646611,116400,2023-2024,153,,4440.0,,,,,,0.0
1877,79952978,4646611,116400,2023-2024,154,,4440.0,,,,,,0.0
1878,79953555,4646611,116400,2023-2024,155,,4440.0,,,,,,0.0
1879,79955151,4646611,116400,2023-2024,156,,4440.0,,,,,,0.0
1880,79956246,4646611,116400,2023-2024,157,,4440.0,,,,,,0.0
1881,79956708,4646611,116400,2023-2024,158,,4440.0,,,,,,0.0
1882,79958123,4646611,116400,2023-2024,159,,,,,,,,0.0
1883,79958564,4646611,116400,2023-2024,160,,4440.0,,,,,,0.0
1884,79961121,4646611,116400,2023-2024,161,,,,,,,,0.0
1885,79962160,4646611,116400,2023-2024,162,,,,,,,,0.0
1886,79963141,4646611,116400,2023-2024,163,,100000.0,,,,,,0.0
1887,79964266,4646611,116400,2023-2024,164,,100000.0,,,,,,0.0
1888,79965013,4646611,116400,2023-2024,165,,,,,,,,0.0
1889,79966182,4646611,116400,2023-2024,166,,300000.0,,,,,,0.0
1890,79966602,4646611,116400,2023-2024,167,,100000.0,,,,,,0.0
1891,79967249,4646611,116400,2023-2024,168,,500000.0,,,,,,0.0
1892,79967781,4646611,116400,2023-2024,169,,100000.0,,,,,,0.0
1893,79968329,4646611,116400,2023-2024,170,,,,,,,,0.0
1894,79968940,4646611,116400,2023-2024,171,,100000.0,,,,,,0.0
1895,82706382,4646611,116400,2023-2024,172,,21000.0,,,,,,0.0
1896,82721318,4646611,116400,2023-2024,173,,172448.0,,,,,,0.0
1897,82727036,4646611,116400,2023-2024,174,5TH STATE FINANCE COMMISSION,120000.0,120000.0,120000.0,120000.0,,,120000.0
1898,82946785,4646611,116400,2023-2024,175,,45360.0,,,,,,0.0
1899,82966783,4646611,116400,2023-2024,176,,,,,,,,0.0
1900,82967176,4646611,116400,2023-2024,177,,,,,,,,0.0
1901,82967623,4646611,116400,2023-2024,178,,,,,,,,0.0
1902,82967995,4646611,116400,2023-2024,179,,,,,,,,0.0
1903,82969938,4646611,116400,2023-2024,180,,40000.0,,,,,,0.0
1904,82971319,4646611,116400,2023-2024,181,,362958.0,,,,,,0.0
1905,82984557,4646611,116400,2023-2024,182,,,,,,,,0.0
1906,82984738,4646611,116400,2023-2024,183,,,,,,,,0.0
1907,82985087,4646611,116400,2023-2024,184,,,,,,,,0.0
1908,82985292,4646611,116400,2023-2024,185,,,,,,,,0.0
1909,82985471,4646611,116400,2023-2024,186,,,,,,,,0.0
1910,82985648,4646611,116400,2023-2024,187,,,,,,,,0.0
1911,82985867,4646611,116400,2023-2024,188,,,,,,,,0.0
1912,82986087,4646611,116400,2023-2024,189,,,,,,,,0.0
1913,82986361,4646611,116400,2023-2024,190,,,,,,,,0.0
1914,82986562,4646611,116400,2023-2024,191,,,,,,,,0.0
1915,82986767,4646611,116400,2023-2024,192,,,,,,,,0.0
1916,82986943,4646611,116400,2023-2024,193,,,,,,,,0.0
1917,82987164,4646611,116400,2023-2024,194,,,,,,,,0.0
1918,82987568,4646611,116400,2023-2024,195,,,,,,,,0.0
1919,82987769,4646611,116400,2023-2024,196,,,,,,,,0.0
1920,82987955,4646611,116400,2023-2024,197,,,,,,,,0.0
1921,82988123,4646611,116400,2023-2024,198,,,,,,,,0.0
1922,82988275,4646611,116400,2023-2024,199,,,,,,,,0.0
1923,82988432,4646611,116400,2023-2024,200,,,,,,,,0.0
1924,82988598,4646611,116400,2023-2024,201,,,,,,,,0.0
1925,82973536,4646611,116400,2023-2024,202,5TH STATE FINANCE COMMISSION,132782.0,132782.0,132782.0,132782.0,,,132566.0
1926,82721831,4646611,116400,2023-2024,203,5TH STATE FINANCE COMMISSION,128000.0,128000.0,128000.0,128000.0,,,127860.0
1927,76587617,4646611,116400,2023-2024,204,,5000.0,,,,,,0.0
1928,76590734,4646611,116400,2023-2024,205,,,,,,,,0.0
1929,79912742,4646611,116400,2023-2024,206,,,,,,,,0.0
1930,79941267,4646611,116400,2023-2024,207,,4440.0,,,,,,0.0
1931,79944352,4646611,116400,2023-2024,208,,4440.0,,,,,,0.0
1932,79946141,4646611,116400,2023-2024,209,,4440.0,,,,,,0.0
1933,79963711,4646611,116400,2023-2024,210,,100000.0,,,,,,0.0
1934,79957505,4646611,116400,2023-2024,211,,4440.0,,,,,,0.0
1935,79962565,4646611,116400,2023-2024,212,,,,,,,,0.0
1936,79969718,4646611,116400,2023-2024,213,,100000.0,,,,,,0.0
1937,79970144,4646611,116400,2023-2024,214,,,,,,,,0.0
1938,82704449,4646611,116400,2023-2024,215,,90000.0,,,,,,0.0
1939,82705804,4646611,116400,2023-2024,216,,5150.0,,,,,,0.0
1940,78730276,4646611,116400,2023-2024,217,,,,,,,,0.0
1941,79147243,4646611,116400,2023-2024,218,,4134.0,,,,,,0.0
1942,79147504,4646611,116400,2023-2024,219,,4134.0,,,,,,0.0
1943,79148294,4646611,116400,2023-2024,220,,4134.0,,,,,,0.0
1944,78650246,4646611,116400,2023-2024,221,,3143.0,,,,,,0.0
1945,78655118,4646611,116400,2023-2024,222,,,,,,,,0.0
1946,79911159,4646611,116400,2023-2024,223,,,,,,,,0.0
1947,79912228,4646611,116400,2023-2024,224,,,,,,,,0.0
1948,79913544,4646611,116400,2023-2024,225,,,,,,,,0.0
1949,79913989,4646611,116400,2023-2024,226,,,,,,,,0.0
1950,79914528,4646611,116400,2023-2024,227,,,,,,,,0.0
1951,79914945,4646611,116400,2023-2024,228,,,,,,,,0.0
1952,79926417,4646611,116400,2023-2024,229,,,,,,,,0.0
1953,82680418,4646611,116400,2023-2024,230,XV Finance Commission,119700.0,119700.0,119700.0,119700.0,,,119700.0
1954,82705250,4646611,116400,2023-2024,231,XV Finance Commission,90000.0,90000.0,90000.0,90000.0,,,88792.0
1955,82730292,4646611,116400,2023-2024,232,5TH STATE FINANCE COMMISSION,90000.0,90000.0,90000.0,90000.0,,,80167.0
1956,82688016,4646611,116400,2023-2024,233,XV Finance Commission,225000.0,225000.0,225000.0,225000.0,,,136466.0
1957,82711051,4646611,116400,2023-2024,234,XV Finance Commission,75910.0,75910.0,75910.0,75910.0,,,75910.0
1958,82740632,4646611,116400,2023-2024,235,XV Finance Commission,72000.0,72000.0,72000.0,72000.0,,,68000.0
1959,82711977,4646611,116400,2023-2024,236,XV Finance Commission,416080.0,416080.0,416080.0,416080.0,,,416080.0
1960,82731347,4646611,116400,2023-2024,237,5TH STATE FINANCE COMMISSION,82680.0,82680.0,82680.0,82680.0,,,82680.0
1961,82712780,4646611,116400,2023-2024,238,XV Finance Commission,200000.0,200000.0,200000.0,200000.0,,,199256.0
1962,82692293,4646611,116400,2023-2024,239,XV Finance Commission,90000.0,90000.0,90000.0,90000.0,,,88815.0
1963,82702658,4646611,116400,2023-2024,240,XV Finance Commission,90000.0,90000.0,90000.0,90000.0,,,87185.0
1964,100266471,5147944,116400,2024-2025,1,,,,,,,,0.0
1965,100276708,5147944,116400,2024-2025,2,,,,,,,,0.0
1966,100277340,5147944,116400,2024-2025,3,,,,,,,,0.0
1967,99130793,5147944,116400,2024-2025,4,,,,,,,,0.0
1968,105413098,5147944,116400,2024-2025,5,XV Finance Commission,95150.0,95150.0,95150.0,95150.0,,,55150.0
1969,105428593,5147944,116400,2024-2025,6,XV Finance Commission,90000.0,90000.0,90000.0,90000.0,,,88816.0
1970,105428790,5147944,116400,2024-2025,7,XV Finance Commission,90000.0,90000.0,90000.0,90000.0,,,88803.0
1971,96348249,5147944,116400,2024-2025,8,,,,,,,,0.0
1972,100954833,5147944,116400,2024-2025,9,XV Finance Commission,102756.0,102756.0,102756.0,102756.0,,,102678.0
1973,99069032,5147944,116400,2024-2025,10,,,,,,,,0.0
1974,99097407,5147944,116400,2024-2025,11,,,,,,,,0.0
1975,99097844,5147944,116400,2024-2025,12,,,,,,,,0.0
1976,99101169,5147944,116400,2024-2025,13,,,,,,,,0.0
1977,99101631,5147944,116400,2024-2025,14,,,,,,,,0.0
1978,99102930,5147944,116400,2024-2025,15,,,,,,,,0.0
1979,99104679,5147944,116400,2024-2025,16,,,,,,,,0.0
1980,99105628,5147944,116400,2024-2025,17,,,,,,,,0.0
1981,99107100,5147944,116400,2024-2025,18,,,,,,,,0.0
1982,99117725,5147944,116400,2024-2025,19,,,,,,,,0.0
1983,99131467,5147944,116400,2024-2025,20,,,,,,,,0.0
1984,99131991,5147944,116400,2024-2025,21,,,,,,,,0.0
1985,99128937,5147944,116400,2024-2025,22,,,,,,,,0.0
1986,99145381,5147944,116400,2024-2025,23,,,,,,,,0.0
1987,99146495,5147944,116400,2024-2025,24,,,,,,,,0.0
1988,99147910,5147944,116400,2024-2025,25,,,,,,,,0.0
1989,99148457,5147944,116400,2024-2025,26,,,,,,,,0.0
1990,99142639,5147944,116400,2024-2025,27,,,,,,,,0.0
1991,99203523,5147944,116400,2024-2025,28,,,,,,,,0.0
1992,99203949,5147944,116400,2024-2025,29,,,,,,,,0.0
1993,99204283,5147944,116400,2024-2025,30,,,,,,,,0.0
1994,99204772,5147944,116400,2024-2025,31,,,,,,,,0.0
1995,99252706,5147944,116400,2024-2025,32,,,,,,,,0.0
1996,99255127,5147944,116400,2024-2025,33,,,,,,,,0.0
1997,99255507,5147944,116400,2024-2025,34,,,,,,,,0.0
1998,99255985,5147944,116400,2024-2025,35,,,,,,,,0.0
1999,99256963,5147944,116400,2024-2025,36,,,,,,,,0.0
2000,99257688,5147944,116400,2024-2025,37,,,,,,,,0.0
2001,99258411,5147944,116400,2024-2025,38,,,,,,,,0.0
2002,99258946,5147944,116400,2024-2025,39,,,,,,,,0.0
2003,99599858,5147944,116400,2024-2025,40,,,,,,,,0.0
2004,99600269,5147944,116400,2024-2025,41,,,,,,,,0.0
2005,99600685,5147944,116400,2024-2025,42,,,,,,,,0.0
2006,105401313,5147944,116400,2024-2025,43,XV Finance Commission,50000.0,50000.0,50000.0,50000.0,,,50000.0
2007,105419984,5147944,116400,2024-2025,44,5TH STATE FINANCE COMMISSION,89000.0,89000.0,89000.0,89000.0,,,77000.0
2008,99774808,5147944,116400,2024-2025,45,,,,,,,,0.0
2009,99777351,5147944,116400,2024-2025,46,,,,,,,,0.0
2010,105429014,5147944,116400,2024-2025,47,,90000.0,,,,,,0.0
2011,105428081,5147944,116400,2024-2025,48,XV Finance Commission,250000.0,250000.0,250000.0,250000.0,,,202163.0
2012,105425488,5147944,116400,2024-2025,49,5TH STATE FINANCE COMMISSION,153900.0,153900.0,153900.0,153900.0,,,153900.0
2013,99802600,5147944,116400,2024-2025,50,,,,,,,,0.0
2014,99803783,5147944,116400,2024-2025,51,,,,,,,,0.0
2015,99804903,5147944,116400,2024-2025,52,,,,,,,,0.0
2016,105433398,5147944,116400,2024-2025,53,,,,,,,,0.0
2017,99807734,5147944,116400,2024-2025,54,,,,,,,,0.0
2018,99808643,5147944,116400,2024-2025,55,,,,,,,,0.0
2019,99809294,5147944,116400,2024-2025,56,,,,,,,,0.0
2020,105430629,5147944,116400,2024-2025,57,,600000.0,,,,,,0.0
2021,105430916,5147944,116400,2024-2025,58,,60000.0,,,,,,0.0
2022,105431603,5147944,116400,2024-2025,59,,,,,,,,0.0
2023,105433594,5147944,116400,2024-2025,60,,,,,,,,0.0
2024,105432928,5147944,116400,2024-2025,61,,,,,,,,0.0
2025,99850467,5147944,116400,2024-2025,62,,,,,,,,0.0
2026,99851045,5147944,116400,2024-2025,63,,,,,,,,0.0
2027,99851674,5147944,116400,2024-2025,64,,,,,,,,0.0
2028,99852917,5147944,116400,2024-2025,65,,,,,,,,0.0
2029,99854274,5147944,116400,2024-2025,66,,,,,,,,0.0
2030,105432309,5147944,116400,2024-2025,67,,,,,,,,0.0
2031,99865115,5147944,116400,2024-2025,68,,,,,,,,0.0
2032,99869114,5147944,116400,2024-2025,69,,,,,,,,0.0
2033,99870151,5147944,116400,2024-2025,70,,,,,,,,0.0
2034,105434798,5147944,116400,2024-2025,71,,,,,,,,0.0
2035,99891662,5147944,116400,2024-2025,72,,,,,,,,0.0
2036,99893105,5147944,116400,2024-2025,73,,,,,,,,0.0
2037,99894365,5147944,116400,2024-2025,74,,,,,,,,0.0
2038,105431741,5147944,116400,2024-2025,75,,,,,,,,0.0
2039,105434595,5147944,116400,2024-2025,76,,,,,,,,0.0
2040,105449386,5147944,116400,2024-2025,77,,,,,,,,0.0
2041,105447904,5147944,116400,2024-2025,78,,35500.0,,,,,,0.0
2042,105448685,5147944,116400,2024-2025,79,,,,,,,,0.0
2043,105448284,5147944,116400,2024-2025,80,,,,,,,,0.0
2044,99110623,5147944,116400,2024-2025,81,,,,,,,,0.0
2045,99148938,5147944,116400,2024-2025,82,,,,,,,,0.0
2046,99599554,5147944,116400,2024-2025,83,,,,,,,,0.0
2047,99852368,5147944,116400,2024-2025,84,,,,,,,,0.0
2048,99865612,5147944,116400,2024-2025,85,,,,,,,,0.0
2049,99866401,5147944,116400,2024-2025,86,,,,,,,,0.0
2050,100076721,5147944,116400,2024-2025,87,,,,,,,,0.0
2051,100143774,5147944,116400,2024-2025,88,,,,,,,,0.0
2052,105434050,5147944,116400,2024-2025,89,,,,,,,,0.0
2053,96350659,5147944,116400,2024-2025,90,,,,,,,,0.0
2054,99067497,5147944,116400,2024-2025,91,,,,,,,,0.0
2055,99097094,5147944,116400,2024-2025,92,,,,,,,,0.0
2056,99100753,5147944,116400,2024-2025,93,,,,,,,,0.0
2057,99102335,5147944,116400,2024-2025,94,,,,,,,,0.0
2058,99111148,5147944,116400,2024-2025,95,,,,,,,,0.0
2059,99112605,5147944,116400,2024-2025,96,,,,,,,,0.0
2060,99113609,5147944,116400,2024-2025,97,,,,,,,,0.0
2061,99129213,5147944,116400,2024-2025,98,,,,,,,,0.0
2062,99132780,5147944,116400,2024-2025,99,,,,,,,,0.0
2063,99133593,5147944,116400,2024-2025,100,,,,,,,,0.0
2064,99134306,5147944,116400,2024-2025,101,,,,,,,,0.0
2065,99143385,5147944,116400,2024-2025,102,,,,,,,,0.0
2066,99143887,5147944,116400,2024-2025,103,,,,,,,,0.0
2067,99144598,5147944,116400,2024-2025,104,,,,,,,,0.0
2068,99147393,5147944,116400,2024-2025,105,,,,,,,,0.0
2069,99205665,5147944,116400,2024-2025,106,,,,,,,,0.0
2070,99253676,5147944,116400,2024-2025,107,,,,,,,,0.0
2071,99254241,5147944,116400,2024-2025,108,,,,,,,,0.0
2072,99254675,5147944,116400,2024-2025,109,,,,,,,,0.0
2073,99257256,5147944,116400,2024-2025,110,,,,,,,,0.0
2074,99855074,5147944,116400,2024-2025,111,,,,,,,,0.0
2075,99858241,5147944,116400,2024-2025,112,,,,,,,,0.0
2076,99865950,5147944,116400,2024-2025,113,,,,,,,,0.0
2077,99866868,5147944,116400,2024-2025,114,,,,,,,,0.0
2078,99872818,5147944,116400,2024-2025,115,,,,,,,,0.0
2079,99874011,5147944,116400,2024-2025,116,,,,,,,,0.0
2080,99892207,5147944,116400,2024-2025,117,,,,,,,,0.0
2081,99893588,5147944,116400,2024-2025,118,,,,,,,,0.0
2082,99896372,5147944,116400,2024-2025,119,,,,,,,,0.0
2083,100117619,5147944,116400,2024-2025,120,,,,,,,,0.0
2084,100120840,5147944,116400,2024-2025,121,,,,,,,,0.0
2085,100121336,5147944,116400,2024-2025,122,,,,,,,,0.0
2086,100121702,5147944,116400,2024-2025,123,,,,,,,,0.0
2087,100122560,5147944,116400,2024-2025,124,,,,,,,,0.0
2088,100129197,5147944,116400,2024-2025,125,,,,,,,,0.0
2089,100132871,5147944,116400,2024-2025,126,,,,,,,,0.0
2090,100142002,5147944,116400,2024-2025,127,,,,,,,,0.0
2091,100211770,5147944,116400,2024-2025,128,,,,,,,,0.0
2092,100228717,5147944,116400,2024-2025,129,,,,,,,,0.0
2093,100229189,5147944,116400,2024-2025,130,,,,,,,,0.0
2094,100232655,5147944,116400,2024-2025,131,,,,,,,,0.0
2095,100233427,5147944,116400,2024-2025,132,,,,,,,,0.0
2096,100233839,5147944,116400,2024-2025,133,,,,,,,,0.0
2097,100234268,5147944,116400,2024-2025,134,,,,,,,,0.0
2098,100235037,5147944,116400,2024-2025,135,,,,,,,,0.0
2099,100235503,5147944,116400,2024-2025,136,,,,,,,,0.0
2100,100236057,5147944,116400,2024-2025,137,,,,,,,,0.0
2101,100236861,5147944,116400,2024-2025,138,,,,,,,,0.0
2102,100260014,5147944,116400,2024-2025,139,,,,,,,,0.0
2103,100260667,5147944,116400,2024-2025,140,,,,,,,,0.0
2104,100261452,5147944,116400,2024-2025,141,,,,,,,,0.0
2105,100262044,5147944,116400,2024-2025,142,,,,,,,,0.0
2106,100262627,5147944,116400,2024-2025,143,,,,,,,,0.0
2107,100263533,5147944,116400,2024-2025,144,,,,,,,,0.0
2108,100264206,5147944,116400,2024-2025,145,,,,,,,,0.0
2109,100265424,5147944,116400,2024-2025,146,,,,,,,,0.0
2110,100265942,5147944,116400,2024-2025,147,,,,,,,,0.0
2111,100267053,5147944,116400,2024-2025,148,,,,,,,,0.0
2112,100267813,5147944,116400,2024-2025,149,,,,,,,,0.0
2113,100268265,5147944,116400,2024-2025,150,,,,,,,,0.0
2114,100268726,5147944,116400,2024-2025,151,,,,,,,,0.0
2115,100269376,5147944,116400,2024-2025,152,,,,,,,,0.0
2116,100269955,5147944,116400,2024-2025,153,,,,,,,,0.0
2117,100270446,5147944,116400,2024-2025,154,,,,,,,,0.0
2118,100271267,5147944,116400,2024-2025,155,,,,,,,,0.0
2119,100271671,5147944,116400,2024-2025,156,,,,,,,,0.0
2120,100272102,5147944,116400,2024-2025,157,,,,,,,,0.0
2121,100272550,5147944,116400,2024-2025,158,,,,,,,,0.0
2122,100273074,5147944,116400,2024-2025,159,,,,,,,,0.0
2123,100274504,5147944,116400,2024-2025,160,,,,,,,,0.0
2124,100275372,5147944,116400,2024-2025,161,,,,,,,,0.0
2125,100275827,5147944,116400,2024-2025,162,,,,,,,,0.0
2126,100276266,5147944,116400,2024-2025,163,,,,,,,,0.0
2127,100278151,5147944,116400,2024-2025,164,,,,,,,,0.0
2128,100279129,5147944,116400,2024-2025,165,,,,,,,,0.0
2129,100279640,5147944,116400,2024-2025,166,,,,,,,,0.0
2130,100280550,5147944,116400,2024-2025,167,,,,,,,,0.0
2131,100281340,5147944,116400,2024-2025,168,,,,,,,,0.0
2132,100282012,5147944,116400,2024-2025,169,,,,,,,,0.0
2133,100282864,5147944,116400,2024-2025,170,,,,,,,,0.0
2134,100283180,5147944,116400,2024-2025,171,,,,,,,,0.0
2135,100283701,5147944,116400,2024-2025,172,,,,,,,,0.0
2136,100284082,5147944,116400,2024-2025,173,,,,,,,,0.0
2137,100284581,5147944,116400,2024-2025,174,,,,,,,,0.0
2138,100284981,5147944,116400,2024-2025,175,,,,,,,,0.0
2139,100285532,5147944,116400,2024-2025,176,,,,,,,,0.0
2140,105431881,5147944,116400,2024-2025,177,,,,,,,,0.0
2141,105433196,5147944,116400,2024-2025,178,,,,,,,,0.0
2142,105433849,5147944,116400,2024-2025,179,,,,,,,,0.0
2143,105448420,5147944,116400,2024-2025,180,,,,,,,,0.0
2144,105448582,5147944,116400,2024-2025,181,,,,,,,,0.0
2145,105448992,5147944,116400,2024-2025,182,,,,,,,,0.0
2146,105449138,5147944,116400,2024-2025,183,,,,,,,,0.0
2147,100073599,5147944,116400,2024-2025,184,,,,,,,,0.0
2148,100074561,5147944,116400,2024-2025,185,,,,,,,,0.0
2149,100075131,5147944,116400,2024-2025,186,,,,,,,,0.0
2150,100075592,5147944,116400,2024-2025,187,,,,,,,,0.0
2151,100076146,5147944,116400,2024-2025,188,,,,,,,,0.0
2152,100078020,5147944,116400,2024-2025,189,,,,,,,,0.0
2153,100074150,5147944,116400,2024-2025,190,,,,,,,,0.0
2154,100077506,5147944,116400,2024-2025,191,,,,,,,,0.0
2155,100080073,5147944,116400,2024-2025,192,,,,,,,,0.0
2156,100079446,5147944,116400,2024-2025,193,,,,,,,,0.0
2157,100080979,5147944,116400,2024-2025,194,,,,,,,,0.0
2158,100081690,5147944,116400,2024-2025,195,,,,,,,,0.0
2159,100113114,5147944,116400,2024-2025,196,,,,,,,,0.0
2160,100113509,5147944,116400,2024-2025,197,,,,,,,,0.0
2161,100114339,5147944,116400,2024-2025,198,,,,,,,,0.0
2162,100114757,5147944,116400,2024-2025,199,,,,,,,,0.0
2163,100115277,5147944,116400,2024-2025,200,,,,,,,,0.0
2164,100115815,5147944,116400,2024-2025,201,,,,,,,,0.0
2165,100116831,5147944,116400,2024-2025,202,,,,,,,,0.0
2166,100117303,5147944,116400,2024-2025,203,,,,,,,,0.0
2167,100116423,5147944,116400,2024-2025,204,,,,,,,,0.0
2168,100118847,5147944,116400,2024-2025,205,,,,,,,,0.0
2169,100120442,5147944,116400,2024-2025,206,,,,,,,,0.0
2170,100118419,5147944,116400,2024-2025,207,,,,,,,,0.0
2171,100119247,5147944,116400,2024-2025,208,,,,,,,,0.0
2172,100119664,5147944,116400,2024-2025,209,,,,,,,,0.0
2173,100119887,5147944,116400,2024-2025,210,,,,,,,,0.0
2174,100123125,5147944,116400,2024-2025,211,,,,,,,,0.0
2175,100124218,5147944,116400,2024-2025,212,,,,,,,,0.0
2176,100124789,5147944,116400,2024-2025,213,,,,,,,,0.0
2177,100125668,5147944,116400,2024-2025,214,,,,,,,,0.0
2178,100126153,5147944,116400,2024-2025,215,,,,,,,,0.0
2179,100126654,5147944,116400,2024-2025,216,,,,,,,,0.0
2180,100127389,5147944,116400,2024-2025,217,,,,,,,,0.0
2181,100127854,5147944,116400,2024-2025,218,,,,,,,,0.0
2182,100128545,5147944,116400,2024-2025,219,,,,,,,,0.0
2183,100128882,5147944,116400,2024-2025,220,,,,,,,,0.0
2184,100123696,5147944,116400,2024-2025,221,,,,,,,,0.0
2185,100130234,5147944,116400,2024-2025,222,,,,,,,,0.0
2186,100130812,5147944,116400,2024-2025,223,,,,,,,,0.0
2187,100131313,5147944,116400,2024-2025,224,,,,,,,,0.0
2188,100132336,5147944,116400,2024-2025,225,,,,,,,,0.0
2189,100133513,5147944,116400,2024-2025,226,,,,,,,,0.0
2190,100131824,5147944,116400,2024-2025,227,,,,,,,,0.0
2191,100136440,5147944,116400,2024-2025,228,,,,,,,,0.0
2192,100137655,5147944,116400,2024-2025,229,,,,,,,,0.0
2193,100139050,5147944,116400,2024-2025,230,,,,,,,,0.0
2194,100135330,5147944,116400,2024-2025,231,,,,,,,,0.0
2195,100137233,5147944,116400,2024-2025,232,,,,,,,,0.0
2196,100138255,5147944,116400,2024-2025,233,,,,,,,,0.0
2197,100141057,5147944,116400,2024-2025,234,,,,,,,,0.0
2198,105420513,5147944,116400,2024-2025,235,5TH STATE FINANCE COMMISSION,237000.0,237000.0,237000.0,237000.0,,,219000.0
2199,105446246,5147944,116400,2024-2025,236,XV Finance Commission,111000.0,111000.0,111000.0,111000.0,,,83250.0
2200,105447295,5147944,116400,2024-2025,237,XV Finance Commission,23417.0,23417.0,23417.0,23417.0,,,23417.0
2201,105414568,5147944,116400,2024-2025,238,XV Finance Commission,124417.0,124417.0,124417.0,124417.0,,,121170.0
2202,105428300,5147944,116400,2024-2025,239,XV Finance Commission,100000.0,100000.0,100000.0,100000.0,,,99271.0
2203,105446019,5147944,116400,2024-2025,240,XV Finance Commission,5150.0,5150.0,5150.0,5150.0,,,5150.0
2204,105417454,5147944,116400,2024-2025,241,5TH STATE FINANCE COMMISSION,400330.0,400330.0,400330.0,400330.0,,,400330.0
2205,100951187,5147944,116400,2024-2025,242,XV Finance Commission,500000.0,500000.0,500000.0,500000.0,,,492090.0
2206,123388537,5578634,116400,2025-2026,1,XV Finance Commission,600000.0,600000.0,600000.0,600000.0,,,599719.0
2207,123380046,5578634,116400,2025-2026,2,XV Finance Commission,72000.0,72000.0,72000.0,72000.0,,,0.0
2208,123381563,5578634,116400,2025-2026,3,XV Finance Commission,84000.0,6.0,84000.0,84000.0,,,0.0
2209,123382448,5578634,116400,2025-2026,4,XV Finance Commission,90000.0,7.0,90000.0,90000.0,,,0.0
2210,123384320,5578634,116400,2025-2026,5,XV Finance Commission,40000.0,40000.0,40000.0,40000.0,,,0.0
2211,123385383,5578634,116400,2025-2026,6,XV Finance Commission,40000.0,40000.0,40000.0,40000.0,,,0.0
2212,123364401,5578634,116400,2025-2026,7,5TH STATE FINANCE COMMISSION,150000.0,150000.0,150000.0,150000.0,,,148410.0
2213,123362979,5578634,116400,2025-2026,8,5TH STATE FINANCE COMMISSION,104534.0,104534.0,104534.0,104534.0,,,104534.0
2214,123403421,5578634,116400,2025-2026,9,XV Finance Commission,55000.0,,55000.0,55000.0,,,55000.0
2215,123361564,5578634,116400,2025-2026,10,5TH STATE FINANCE COMMISSION,158696.0,158696.0,158696.0,158696.0,,,158696.0
2216,123383534,5578634,116400,2025-2026,11,XV Finance Commission,144000.0,144000.0,144000.0,144000.0,,,0.0
2217,123467138,5578634,116400,2025-2026,12,,100000.0,,,,,,0.0
2218,123467462,5578634,116400,2025-2026,13,,100000.0,,,,,,0.0
2219,123469811,5578634,116400,2025-2026,14,,,,,,,,0.0
2220,118573322,5578634,116400,2025-2026,15,,,,,,,,0.0
2221,118573341,5578634,116400,2025-2026,16,,,,,,,,0.0
2222,118854733,5578634,116400,2025-2026,17,,,,,,,,0.0
2223,120764003,5578634,116400,2025-2026,18,,,,,,,,0.0
2224,120764145,5578634,116400,2025-2026,19,,,,,,,,0.0
2225,120764391,5578634,116400,2025-2026,20,,,,,,,,0.0
2226,120764897,5578634,116400,2025-2026,21,,,,,,,,0.0
2227,120765054,5578634,116400,2025-2026,22,,,,,,,,0.0
2228,120765191,5578634,116400,2025-2026,23,,,,,,,,0.0
2229,118545733,5578634,116400,2025-2026,24,,,,,,,,0.0
2230,118546030,5578634,116400,2025-2026,25,,,,,,,,0.0
2231,118546368,5578634,116400,2025-2026,26,,,,,,,,0.0
2232,118546844,5578634,116400,2025-2026,27,,,,,,,,0.0
2233,118547968,5578634,116400,2025-2026,28,,,,,,,,0.0
2234,118548625,5578634,116400,2025-2026,29,,,,,,,,0.0
2235,118554165,5578634,116400,2025-2026,30,,,,,,,,0.0
2236,118573001,5578634,116400,2025-2026,31,,,,,,,,0.0
2237,118573018,5578634,116400,2025-2026,32,,,,,,,,0.0
2238,118573033,5578634,116400,2025-2026,33,,,,,,,,0.0
2239,118573045,5578634,116400,2025-2026,34,,,,,,,,0.0
2240,118573068,5578634,116400,2025-2026,35,,,,,,,,0.0
2241,118573105,5578634,116400,2025-2026,36,,,,,,,,0.0
2242,118573119,5578634,116400,2025-2026,37,,,,,,,,0.0
2243,118573135,5578634,116400,2025-2026,38,,,,,,,,0.0
2244,118573147,5578634,116400,2025-2026,39,,,,,,,,0.0
2245,118573161,5578634,116400,2025-2026,40,,,,,,,,0.0
2246,118573177,5578634,116400,2025-2026,41,,,,,,,,0.0
2247,118573188,5578634,116400,2025-2026,42,,,,,,,,0.0
2248,118573201,5578634,116400,2025-2026,43,,,,,,,,0.0
2249,118573206,5578634,116400,2025-2026,44,,,,,,,,0.0
2250,118573232,5578634,116400,2025-2026,45,,,,,,,,0.0
2251,118573243,5578634,116400,2025-2026,46,,,,,,,,0.0
2252,118573265,5578634,116400,2025-2026,47,,,,,,,,0.0
2253,118573284,5578634,116400,2025-2026,48,,,,,,,,0.0
2254,118573303,5578634,116400,2025-2026,49,,,,,,,,0.0
2255,118573358,5578634,116400,2025-2026,50,,,,,,,,0.0
2256,118573382,5578634,116400,2025-2026,51,,,,,,,,0.0
2257,118573412,5578634,116400,2025-2026,52,,,,,,,,0.0
2258,118573763,5578634,116400,2025-2026,53,,,,,,,,0.0
2259,118573789,5578634,116400,2025-2026,54,,,,,,,,0.0
2260,118573822,5578634,116400,2025-2026,55,,,,,,,,0.0
2261,118853797,5578634,116400,2025-2026,56,,,,,,,,0.0
2262,118853820,5578634,116400,2025-2026,57,,,,,,,,0.0
2263,118853830,5578634,116400,2025-2026,58,,,,,,,,0.0
2264,118853841,5578634,116400,2025-2026,59,,,,,,,,0.0
2265,118853849,5578634,116400,2025-2026,60,,,,,,,,0.0
2266,118853861,5578634,116400,2025-2026,61,,,,,,,,0.0
2267,118853872,5578634,116400,2025-2026,62,,,,,,,,0.0
2268,118853884,5578634,116400,2025-2026,63,,,,,,,,0.0
2269,118853894,5578634,116400,2025-2026,64,,,,,,,,0.0
2270,118853906,5578634,116400,2025-2026,65,,,,,,,,0.0
2271,118853916,5578634,116400,2025-2026,66,,,,,,,,0.0
2272,118853929,5578634,116400,2025-2026,67,,,,,,,,0.0
2273,118853935,5578634,116400,2025-2026,68,,,,,,,,0.0
2274,118853946,5578634,116400,2025-2026,69,,,,,,,,0.0
2275,118853953,5578634,116400,2025-2026,70,,,,,,,,0.0
2276,118853968,5578634,116400,2025-2026,71,,,,,,,,0.0
2277,118853973,5578634,116400,2025-2026,72,,,,,,,,0.0
2278,118853987,5578634,116400,2025-2026,73,,,,,,,,0.0
2279,118854007,5578634,116400,2025-2026,74,,,,,,,,0.0
2280,118854023,5578634,116400,2025-2026,75,,,,,,,,0.0
2281,118854035,5578634,116400,2025-2026,76,,,,,,,,0.0
2282,118854049,5578634,116400,2025-2026,77,,,,,,,,0.0
2283,118854059,5578634,116400,2025-2026,78,,,,,,,,0.0
2284,118854074,5578634,116400,2025-2026,79,,,,,,,,0.0
2285,118854107,5578634,116400,2025-2026,80,,,,,,,,0.0
2286,118854119,5578634,116400,2025-2026,81,,,,,,,,0.0
2287,118854127,5578634,116400,2025-2026,82,,,,,,,,0.0
2288,118854143,5578634,116400,2025-2026,83,,,,,,,,0.0
2289,118854160,5578634,116400,2025-2026,84,,,,,,,,0.0
2290,118854172,5578634,116400,2025-2026,85,,,,,,,,0.0
2291,118854188,5578634,116400,2025-2026,86,,,,,,,,0.0
2292,118854207,5578634,116400,2025-2026,87,,,,,,,,0.0
2293,118854236,5578634,116400,2025-2026,88,,,,,,,,0.0
2294,118854257,5578634,116400,2025-2026,89,,,,,,,,0.0
2295,118854271,5578634,116400,2025-2026,90,,,,,,,,0.0
2296,118854288,5578634,116400,2025-2026,91,,,,,,,,0.0
2297,118854302,5578634,116400,2025-2026,92,,,,,,,,0.0
2298,118854319,5578634,116400,2025-2026,93,,,,,,,,0.0
2299,118854336,5578634,116400,2025-2026,94,,,,,,,,0.0
2300,118854351,5578634,116400,2025-2026,95,,,,,,,,0.0
2301,118854363,5578634,116400,2025-2026,96,,,,,,,,0.0
2302,118854373,5578634,116400,2025-2026,97,,,,,,,,0.0
2303,118854392,5578634,116400,2025-2026,98,,,,,,,,0.0
2304,118854407,5578634,116400,2025-2026,99,,,,,,,,0.0
2305,118854432,5578634,116400,2025-2026,100,,,,,,,,0.0
2306,118854450,5578634,116400,2025-2026,101,,,,,,,,0.0
2307,118854469,5578634,116400,2025-2026,102,,,,,,,,0.0
2308,118854491,5578634,116400,2025-2026,103,,,,,,,,0.0
2309,118854506,5578634,116400,2025-2026,104,,,,,,,,0.0
2310,118854527,5578634,116400,2025-2026,105,,,,,,,,0.0
2311,118854545,5578634,116400,2025-2026,106,,,,,,,,0.0
2312,118854572,5578634,116400,2025-2026,107,,,,,,,,0.0
2313,118854588,5578634,116400,2025-2026,108,,,,,,,,0.0
2314,118854628,5578634,116400,2025-2026,109,,,,,,,,0.0
2315,118854678,5578634,116400,2025-2026,110,,,,,,,,0.0
2316,118854705,5578634,116400,2025-2026,111,,,,,,,,0.0
2317,118854769,5578634,116400,2025-2026,112,,,,,,,,0.0
2318,118854790,5578634,116400,2025-2026,113,,,,,,,,0.0
2319,118854813,5578634,116400,2025-2026,114,,,,,,,,0.0
2320,118854841,5578634,116400,2025-2026,115,,,,,,,,0.0
2321,118854860,5578634,116400,2025-2026,116,,,,,,,,0.0
2322,120736735,5578634,116400,2025-2026,117,,,,,,,,0.0
2323,120736744,5578634,116400,2025-2026,118,,,,,,,,0.0
2324,120736767,5578634,116400,2025-2026,119,,,,,,,,0.0
2325,120736783,5578634,116400,2025-2026,120,,,,,,,,0.0
2326,120736810,5578634,116400,2025-2026,121,,,,,,,,0.0
2327,120736828,5578634,116400,2025-2026,122,,,,,,,,0.0
2328,120736845,5578634,116400,2025-2026,123,,,,,,,,0.0
2329,120736861,5578634,116400,2025-2026,124,,,,,,,,0.0
2330,120736937,5578634,116400,2025-2026,125,,,,,,,,0.0
2331,120762477,5578634,116400,2025-2026,126,,,,,,,,0.0
2332,120762686,5578634,116400,2025-2026,127,,,,,,,,0.0
2333,120762831,5578634,116400,2025-2026,128,,,,,,,,0.0
2334,120762986,5578634,116400,2025-2026,129,,,,,,,,0.0
2335,120763121,5578634,116400,2025-2026,130,,,,,,,,0.0
2336,120763417,5578634,116400,2025-2026,131,,,,,,,,0.0
2337,120763588,5578634,116400,2025-2026,132,,,,,,,,0.0
2338,120763715,5578634,116400,2025-2026,133,,,,,,,,0.0
2339,120763867,5578634,116400,2025-2026,134,,,,,,,,0.0
2340,120764547,5578634,116400,2025-2026,135,,,,,,,,0.0
2341,120764754,5578634,116400,2025-2026,136,,,,,,,,0.0
2342,120765333,5578634,116400,2025-2026,137,,,,,,,,0.0
2343,120765587,5578634,116400,2025-2026,138,,,,,,,,0.0
2344,120765726,5578634,116400,2025-2026,139,,,,,,,,0.0
2345,120765870,5578634,116400,2025-2026,140,,,,,,,,0.0
2346,120766000,5578634,116400,2025-2026,141,,,,,,,,0.0
2347,120766326,5578634,116400,2025-2026,142,,,,,,,,0.0
2348,120766461,5578634,116400,2025-2026,143,,,,,,,,0.0
2349,120766635,5578634,116400,2025-2026,144,,,,,,,,0.0
2350,120766732,5578634,116400,2025-2026,145,,,,,,,,0.0
2351,120766853,5578634,116400,2025-2026,146,,,,,,,,0.0
2352,120766979,5578634,116400,2025-2026,147,,,,,,,,0.0
2353,120767099,5578634,116400,2025-2026,148,,,,,,,,0.0
2354,120767236,5578634,116400,2025-2026,149,,,,,,,,0.0
2355,120767335,5578634,116400,2025-2026,150,,,,,,,,0.0
2356,120767468,5578634,116400,2025-2026,151,,,,,,,,0.0
2357,120767613,5578634,116400,2025-2026,152,,,,,,,,0.0
2358,120767741,5578634,116400,2025-2026,153,,,,,,,,0.0
2359,120767870,5578634,116400,2025-2026,154,,,,,,,,0.0
2360,120767999,5578634,116400,2025-2026,155,,,,,,,,0.0
2361,120768114,5578634,116400,2025-2026,156,,,,,,,,0.0
2362,120768239,5578634,116400,2025-2026,157,,,,,,,,0.0
2363,120768379,5578634,116400,2025-2026,158,,,,,,,,0.0
2364,120768533,5578634,116400,2025-2026,159,,,,,,,,0.0
2365,120768693,5578634,116400,2025-2026,160,,,,,,,,0.0
2366,123362365,5578634,116400,2025-2026,161,5TH STATE FINANCE COMMISSION,130000.0,130000.0,130000.0,130000.0,,,130000.0
2367,123369541,5578634,116400,2025-2026,162,5TH STATE FINANCE COMMISSION,270000.0,270000.0,270000.0,270000.0,,,270000.0
2368,123379333,5578634,116400,2025-2026,163,XV Finance Commission,28567.0,28567.0,28567.0,28567.0,,,27861.0
2369,123377827,5578634,116400,2025-2026,164,XV Finance Commission,250000.0,250000.0,250000.0,250000.0,,,151539.0
2370,123375228,5578634,116400,2025-2026,165,XV Finance Commission,156000.0,156000.0,156000.0,156000.0,,,114845.0
2371,123404462,5578634,116400,2025-2026,166,,52756.0,52756.0,,,,,0.0
2372,123385938,5578634,116400,2025-2026,167,XV Finance Commission,14417.0,11.0,14417.0,14417.0,,,14417.0
2373,123386594,5578634,116400,2025-2026,168,XV Finance Commission,5150.0,5150.0,5150.0,5150.0,,,5150.0
2374,116609392,5578634,116400,2025-2026,169,,,,,,,,0.0
2375,117200086,5578634,116400,2025-2026,170,,,,,,,,0.0
2376,123365329,5578634,116400,2025-2026,171,5TH STATE FINANCE COMMISSION,100000.0,100000.0,100000.0,100000.0,,,99984.0
2377,127632520,5925803,116400,2025-2026,1,,10000.0,,,,,,0.0
2378,127632485,5925803,116400,2025-2026,2,XV Finance Commission,52756.0,52756.0,52756.0,52756.0,,,52756.0
2379,44473384,3147705,116438,2020-2021,1,,180851.0,,,,,,0.0
2380,44473527,3147705,116438,2020-2021,2,,50000.0,,,,,,0.0
2381,44477401,3147705,116438,2020-2021,3,,300000.0,,,,,,0.0
2382,44477564,3147705,116438,2020-2021,4,,150000.0,,,,,,0.0
2383,44477929,3147705,116438,2020-2021,5,,150000.0,,,,,,0.0
2384,44478085,3147705,116438,2020-2021,6,,100000.0,,,,,,0.0
2385,44478149,3147705,116438,2020-2021,7,,100000.0,,,,,,0.0
2386,44478190,3147705,116438,2020-2021,8,,200000.0,,,,,,0.0
2387,44478236,3147705,116438,2020-2021,9,,110000.0,,,,,,0.0
2388,44477723,3147705,116438,2020-2021,10,XV Finance Commission,150000.0,150000.0,150000.0,150000.0,,,144863.0
2389,44477162,3147705,116438,2020-2021,11,,100000.0,,,,,,0.0
2390,44477441,3147705,116438,2020-2021,12,,100000.0,,,,,,0.0
2391,44477753,3147705,116438,2020-2021,13,,100000.0,,,,,,0.0
2392,44477360,3147705,116438,2020-2021,14,,250000.0,,,,,,0.0
2393,44477804,3147705,116438,2020-2021,15,,431702.0,,,,,,0.0
2394,44477885,3147705,116438,2020-2021,16,,19149.0,,,,,,0.0
2395,44477526,3147705,116438,2020-2021,17,XV Finance Commission,200000.0,200000.0,200000.0,200000.0,,,196172.0
2396,44478035,3147705,116438,2020-2021,18,,200000.0,200000.0,,,,,0.0
2397,44477215,3147705,116438,2020-2021,19,XV Finance Commission,300000.0,300000.0,300000.0,300000.0,,,294757.0
2398,44478113,3147705,116438,2020-2021,20,,200000.0,,,,,,0.0
2399,44473426,3147705,116438,2020-2021,21,XV Finance Commission,100000.0,100000.0,100000.0,100000.0,,,44000.0
2400,44477294,3147705,116438,2020-2021,22,XV Finance Commission,100000.0,100000.0,100000.0,100000.0,,,99000.0
2401,44477620,3147705,116438,2020-2021,23,,80000.0,,,,,,0.0
2402,44477840,3147705,116438,2020-2021,24,,200000.0,,,,,,0.0
2403,44477686,3147705,116438,2020-2021,25,XV Finance Commission,150000.0,150000.0,150000.0,150000.0,,,146452.0
2404,49925179,3440467,116438,2020-2021,1,5TH STATE FINANCE COMMISSION,150000.0,150000.0,150000.0,150000.0,,,147858.0
2405,49923475,3440467,116438,2020-2021,2,XV Finance Commission,150000.0,150000.0,150000.0,150000.0,,,148123.0
2406,49924130,3440467,116438,2020-2021,3,XV Finance Commission,100000.0,100000.0,100000.0,100000.0,,,98932.0
2407,49924832,3440467,116438,2020-2021,4,XV Finance Commission,400000.0,400000.0,400000.0,400000.0,,,384842.0
2408,49925583,3440467,116438,2020-2021,5,,100000.0,,,,,,0.0
2409,49925715,3440467,116438,2020-2021,6,,200000.0,,,,,,0.0
2410,49926196,3440467,116438,2020-2021,7,,100000.0,,,,,,0.0
2411,49926390,3440467,116438,2020-2021,8,,200000.0,,,,,,0.0
2412,49925943,3440467,116438,2020-2021,9,5TH STATE FINANCE COMMISSION,110000.0,110000.0,110000.0,110000.0,,,107760.0
2413,49923830,3440467,116438,2020-2021,10,XV Finance Commission,250000.0,250000.0,250000.0,250000.0,,,202090.0
2414,49923633,3440467,116438,2020-2021,11,XV Finance Commission,300000.0,300000.0,300000.0,300000.0,,,269077.0
2415,51394139,3440467,116438,2020-2021,12,,212000.0,,,,,,0.0
2416,49925355,3440467,116438,2020-2021,13,5TH STATE FINANCE COMMISSION,200000.0,200000.0,200000.0,200000.0,,,191355.0
2417,49924584,3440467,116438,2020-2021,14,XV Finance Commission,130000.0,130000.0,130000.0,130000.0,,,126710.0
2418,51398344,3440467,116438,2020-2021,15,,296170.0,,,,,,0.0
2419,51398506,3440467,116438,2020-2021,16,,296170.0,,,,,,0.0
2420,47718772,3440467,116438,2020-2021,17,,180851.0,,,,,,0.0
2421,49924953,3440467,116438,2020-2021,18,,20851.0,,,,,,0.0
2422,49924434,3440467,116438,2020-2021,19,XV Finance Commission,150000.0,150000.0,150000.0,150000.0,,,42486.0
2423,63292871,4180730,116438,2020-2021,1,XV Finance Commission,280850.0,280850.0,280850.0,280850.0,,,272110.0
2424,63292660,4180730,116438,2020-2021,2,XV Finance Commission,300850.0,300850.0,300850.0,300850.0,,,294356.0
2425,63292671,4180730,116438,2020-2021,3,5TH STATE FINANCE COMMISSION,514048.0,514048.0,514048.0,514048.0,,,503768.0
2426,63292706,4180730,116438,2020-2021,4,,12000.0,,,,,,0.0
2427,48344916,3362784,116438,2021-2022,1,,150000.0,,,,,,0.0
2428,48344965,3362784,116438,2021-2022,2,,380425.0,,,,,,0.0
2429,48345381,3362784,116438,2021-2022,3,,100000.0,,,,,,0.0
2430,48345564,3362784,116438,2021-2022,4,,250000.0,,,,,,0.0
2431,48346086,3362784,116438,2021-2022,5,,100000.0,,,,,,0.0
2432,48346170,3362784,116438,2021-2022,6,,50000.0,,,,,,0.0
2433,48346224,3362784,116438,2021-2022,7,,1182902.0,,,,,,0.0
2434,48346134,3362784,116438,2021-2022,8,,100000.0,,,,,,0.0
2435,48346038,3362784,116438,2021-2022,9,,300000.0,,,,,,0.0
2436,48345995,3362784,116438,2021-2022,10,,300000.0,,,,,,0.0
2437,48345725,3362784,116438,2021-2022,11,,75000.0,,,,,,0.0
2438,48345889,3362784,116438,2021-2022,12,,25000.0,,,,,,0.0
2439,48345951,3362784,116438,2021-2022,13,,200000.0,,,,,,0.0
2440,48345803,3362784,116438,2021-2022,14,,25000.0,,,,,,0.0
2441,48345775,3362784,116438,2021-2022,15,,25000.0,,,,,,0.0
2442,48344875,3362784,116438,2021-2022,16,XV Finance Commission,350000.0,350000.0,350000.0,,,350000.0,346500.0
2443,48345021,3362784,116438,2021-2022,17,XV Finance Commission,360000.0,360000.0,360000.0,360000.0,,,356400.0
2444,48345342,3362784,116438,2021-2022,18,XV Finance Commission,350000.0,350000.0,350000.0,350000.0,,,346500.0
2445,48344833,3362784,116438,2021-2022,19,XV Finance Commission,140426.0,140426.0,140426.0,140426.0,,,140426.0
2446,48344782,3362784,116438,2021-2022,20,XV Finance Commission,100000.0,100000.0,100000.0,100000.0,,,64000.0
2447,48345115,3362784,116438,2021-2022,21,,80000.0,,,,,,0.0
2448,48345221,3362784,116438,2021-2022,22,,80000.0,,,,,,0.0
2449,48345610,3362784,116438,2021-2022,23,,200000.0,,,,,,0.0
2450,48345648,3362784,116438,2021-2022,24,,90851.0,,,,,,0.0
2451,48345257,3362784,116438,2021-2022,25,,80000.0,,,,,,0.0
2452,48345308,3362784,116438,2021-2022,26,,100000.0,,,,,,0.0
2453,48345496,3362784,116438,2021-2022,27,,50000.0,,,,,,0.0
2454,48345420,3362784,116438,2021-2022,28,XV Finance Commission,100000.0,100000.0,100000.0,100000.0,,,90155.0
2455,54759995,3729042,116438,2021-2022,1,,380425.0,,,,,,0.0
2456,54760018,3729042,116438,2021-2022,2,,200851.0,,,,,,0.0
2457,64028515,3729042,116438,2021-2022,3,,75000.0,,,,,,0.0
2458,64028527,3729042,116438,2021-2022,4,,25000.0,,,,,,0.0
2459,64028536,3729042,116438,2021-2022,5,,25000.0,,,,,,0.0
2460,64028546,3729042,116438,2021-2022,6,,25000.0,,,,,,0.0
2461,54520907,3729042,116438,2021-2022,7,,250000.0,,,,,,0.0
2462,54521016,3729042,116438,2021-2022,8,,200000.0,,,,,,0.0
2463,54521070,3729042,116438,2021-2022,9,,300000.0,,,,,,0.0
2464,54521127,3729042,116438,2021-2022,10,,50000.0,,,,,,0.0
2465,54521249,3729042,116438,2021-2022,11,,100000.0,,,,,,0.0
2466,54521316,3729042,116438,2021-2022,12,,150000.0,,,,,,0.0
2467,54521379,3729042,116438,2021-2022,13,,150000.0,,,,,,0.0
2468,63293148,3729042,116438,2021-2022,14,,1419483.0,,,,,,0.0
2469,63292618,3729042,116438,2021-2022,15,5TH STATE FINANCE COMMISSION,985952.0,985952.0,985952.0,985952.0,,,965538.0
2470,63879515,3729042,116438,2021-2022,16,,386169.0,,,,,,0.0
2471,54520962,3729042,116438,2021-2022,17,,90000.0,,,,,,0.0
2472,54520682,3729042,116438,2021-2022,18,,80000.0,,,,,,0.0
2473,65478755,4323360,116438,2021-2022,1,,63998.0,,,,,,0.0
2474,65478977,4323360,116438,2021-2022,2,,38947.0,,,,,,0.0
2475,65479324,4323360,116438,2021-2022,3,,63565.0,,,,,,0.0
2476,65479238,4323360,116438,2021-2022,4,XV Finance Commission,86002.0,86002.0,86002.0,86002.0,,,84128.0
2477,65479275,4323360,116438,2021-2022,5,XV Finance Commission,316860.0,316860.0,316860.0,316860.0,,,305865.0
2478,65478931,4323360,116438,2021-2022,6,XV Finance Commission,351904.0,351904.0,351904.0,351904.0,,,344864.0
2479,66450063,4401864,116438,2021-2022,1,XV Finance Commission,100000.0,100000.0,100000.0,100000.0,,,96335.0
2480,66450560,4401864,116438,2021-2022,2,,3830.0,,,,,,0.0
2481,66819883,4435601,116438,2021-2022,1,,5952.0,,,,,,0.0
2482,66819847,4435601,116438,2021-2022,2,XV Finance Commission,84048.0,84048.0,84048.0,84048.0,,,83998.0
2483,65261636,4119348,116438,2022-2023,1,5TH STATE FINANCE COMMISSION,100000.0,100000.0,100000.0,100000.0,,,100000.0
2484,65260734,4119348,116438,2022-2023,2,XV Finance Commission,74347.0,743470.0,74347.0,74347.0,,,71772.0
2485,65261431,4119348,116438,2022-2023,3,,10000.0,,,,,,0.0
2486,65261838,4119348,116438,2022-2023,4,,100000.0,,,,,,0.0
2487,65261482,4119348,116438,2022-2023,5,,72000.0,,,,,,0.0
2488,65261514,4119348,116438,2022-2023,6,,70500.0,,,,,,0.0
2489,65260821,4119348,116438,2022-2023,7,,300000.0,,,,,,0.0
2490,65261795,4119348,116438,2022-2023,8,,300000.0,,,,,,0.0
2491,64747839,4119348,116438,2022-2023,9,XV Finance Commission,90000.0,90000.0,90000.0,90000.0,,,81034.0
2492,65260067,4119348,116438,2022-2023,10,XV Finance Commission,90000.0,90000.0,90000.0,90000.0,,,85034.0
2493,65261664,4119348,116438,2022-2023,11,5TH STATE FINANCE COMMISSION,300000.0,300000.0,300000.0,300000.0,,,296021.0
2494,65260102,4119348,116438,2022-2023,12,,90000.0,,,,,,0.0
2495,65260477,4119348,116438,2022-2023,13,,9847.0,,,,,,0.0
2496,65261170,4119348,116438,2022-2023,14,,75000.0,,,,,,0.0
2497,65261025,4119348,116438,2022-2023,15,XV Finance Commission,300000.0,300000.0,300000.0,300000.0,,,293389.0
2498,65260325,4119348,116438,2022-2023,16,XV Finance Commission,10500.0,10500.0,10500.0,10500.0,,,9361.0
2499,65261104,4119348,116438,2022-2023,17,5TH STATE FINANCE COMMISSION,30000.0,30000.0,30000.0,30000.0,,,26359.0
2500,65260362,4119348,116438,2022-2023,18,XV Finance Commission,10500.0,10500.0,10500.0,10500.0,,,9361.0
2501,65260264,4119348,116438,2022-2023,19,XV Finance Commission,10500.0,10500.0,10500.0,10500.0,,,9361.0
2502,65260337,4119348,116438,2022-2023,20,XV Finance Commission,10500.0,10500.0,10500.0,10500.0,,,9361.0
2503,65260294,4119348,116438,2022-2023,21,XV Finance Commission,10500.0,10500.0,10500.0,10500.0,,,9361.0
2504,65261048,4119348,116438,2022-2023,22,XV Finance Commission,33796.0,33796.0,33796.0,33796.0,,,33790.0
2505,65311537,4119348,116438,2022-2023,23,,200000.0,,,,,,0.0
2506,65261867,4119348,116438,2022-2023,24,,100000.0,,,,,,0.0
2507,65261308,4119348,116438,2022-2023,25,5TH STATE FINANCE COMMISSION,230000.0,230000.0,230000.0,230000.0,,,219889.0
2508,65260704,4119348,116438,2022-2023,26,XV Finance Commission,330000.0,330000.0,330000.0,330000.0,,,326700.0
2509,65260847,4119348,116438,2022-2023,27,XV Finance Commission,300000.0,300000.0,300000.0,300000.0,,,286734.0
2510,65260513,4119348,116438,2022-2023,28,,8000.0,,,,,,0.0
2511,64747969,4119348,116438,2022-2023,29,XV Finance Commission,90000.0,90000.0,90000.0,90000.0,,,81034.0
2512,65260165,4119348,116438,2022-2023,30,XV Finance Commission,90000.0,90000.0,90000.0,90000.0,,,80534.0
2513,65260129,4119348,116438,2022-2023,31,,90000.0,,,,,,0.0
2514,65260186,4119348,116438,2022-2023,32,,90000.0,,,,,,0.0
2515,65260618,4119348,116438,2022-2023,33,XV Finance Commission,200000.0,200000.0,200000.0,200000.0,,,200000.0
2516,65311838,4119348,116438,2022-2023,34,XV Finance Commission,96000.0,96000.0,96000.0,96000.0,,,9750.0
2517,66670256,4421554,116438,2022-2023,1,5TH STATE FINANCE COMMISSION,70500.0,70500.0,70500.0,70500.0,,,68001.0
2518,66670247,4421554,116438,2022-2023,2,5TH STATE FINANCE COMMISSION,174000.0,174000.0,174000.0,174000.0,,,172448.0
2519,66670233,4421554,116438,2022-2023,3,5TH STATE FINANCE COMMISSION,8000.0,8000.0,8000.0,8000.0,,,8000.0
2520,66670220,4421554,116438,2022-2023,4,,90000.0,,,,,,0.0
2521,66670204,4421554,116438,2022-2023,5,XV Finance Commission,90000.0,90000.0,90000.0,90000.0,,,79389.0
2522,61947618,4845426,116438,2022-2023,1,,200000.0,,,,,,0.0
2523,86744952,4845426,116438,2022-2023,2,XV Finance Commission,300000.0,300000.0,300000.0,300000.0,,,284433.0
2524,61947349,5289167,116438,2022-2023,1,,50000.0,,,,,,0.0
2525,106408324,5289167,116438,2022-2023,2,5TH STATE FINANCE COMMISSION,75000.0,75000.0,75000.0,75000.0,,,75000.0
2526,72824864,4604706,116438,2023-2024,1,5TH STATE FINANCE COMMISSION,410000.0,410000.0,410000.0,410000.0,,,401800.0
2527,72824489,4604706,116438,2023-2024,2,5TH STATE FINANCE COMMISSION,70000.0,70000.0,70000.0,70000.0,,,63000.0
2528,81788084,4604706,116438,2023-2024,3,,100000.0,,,,,,0.0
2529,76409556,4604706,116438,2023-2024,4,,,,,,,,0.0
2530,76510728,4604706,116438,2023-2024,5,,,,,,,,0.0
2531,81590256,4604706,116438,2023-2024,6,,136020.0,,,,,,0.0
2532,76408628,4604706,116438,2023-2024,7,,,,,,,,0.0
2533,76425258,4604706,116438,2023-2024,8,,,,,,,,0.0
2534,76426434,4604706,116438,2023-2024,9,,,,,,,,0.0
2535,76426939,4604706,116438,2023-2024,10,,,,,,,,0.0
2536,78256337,4604706,116438,2023-2024,11,,,,,,,,0.0
2537,78261587,4604706,116438,2023-2024,12,,,,,,,,0.0
2538,78261957,4604706,116438,2023-2024,13,,,,,,,,0.0
2539,80419994,4604706,116438,2023-2024,14,,102840.0,,,,,,0.0
2540,80421118,4604706,116438,2023-2024,15,,20000.0,,,,,,0.0
2541,80421320,4604706,116438,2023-2024,16,,20000.0,,,,,,0.0
2542,80421611,4604706,116438,2023-2024,17,,20000.0,,,,,,0.0
2543,80421817,4604706,116438,2023-2024,18,,20000.0,,,,,,0.0
2544,80422546,4604706,116438,2023-2024,19,,20000.0,,,,,,0.0
2545,80422861,4604706,116438,2023-2024,20,,20000.0,,,,,,0.0
2546,76427404,4604706,116438,2023-2024,21,,,,,,,,0.0
2547,80423076,4604706,116438,2023-2024,22,,100000.0,,,,,,0.0
2548,76428277,4604706,116438,2023-2024,23,,,,,,,,0.0
2549,76428846,4604706,116438,2023-2024,24,,,,,,,,0.0
2550,76429659,4604706,116438,2023-2024,25,,,,,,,,0.0
2551,76432059,4604706,116438,2023-2024,26,,,,,,,,0.0
2552,76432818,4604706,116438,2023-2024,27,,,,,,,,0.0
2553,76433385,4604706,116438,2023-2024,28,,,,,,,,0.0
2554,76435734,4604706,116438,2023-2024,29,,,,,,,,0.0
2555,76438787,4604706,116438,2023-2024,30,,,,,,,,0.0
2556,76439053,4604706,116438,2023-2024,31,,,,,,,,0.0
2557,76439364,4604706,116438,2023-2024,32,,,,,,,,0.0
2558,76439520,4604706,116438,2023-2024,33,,,,,,,,0.0
2559,76439796,4604706,116438,2023-2024,34,,,,,,,,0.0
2560,76440329,4604706,116438,2023-2024,35,,,,,,,,0.0
2561,76441569,4604706,116438,2023-2024,36,,,,,,,,0.0
2562,80423648,4604706,116438,2023-2024,37,,100000.0,,,,,,0.0
2563,80424167,4604706,116438,2023-2024,38,,50000.0,,,,,,0.0
2564,76441905,4604706,116438,2023-2024,39,,,,,,,,0.0
2565,80424629,4604706,116438,2023-2024,40,,30000.0,,,,,,0.0
2566,80424838,4604706,116438,2023-2024,41,,30000.0,,,,,,0.0
2567,76442273,4604706,116438,2023-2024,42,,,,,,,,0.0
2568,80425095,4604706,116438,2023-2024,43,,30000.0,,,,,,0.0
2569,76442746,4604706,116438,2023-2024,44,,,,,,,,0.0
2570,76443071,4604706,116438,2023-2024,45,,,,,,,,0.0
2571,76500302,4604706,116438,2023-2024,46,,,,,,,,0.0
2572,76525326,4604706,116438,2023-2024,47,,,,,,,,0.0
2573,76552922,4604706,116438,2023-2024,48,,12000.0,,,,,,0.0
2574,77298721,4604706,116438,2023-2024,49,,,,,,,,0.0
2575,80425438,4604706,116438,2023-2024,50,,30000.0,,,,,,0.0
2576,77300850,4604706,116438,2023-2024,51,,,,,,,,0.0
2577,80429642,4604706,116438,2023-2024,52,,,,,,,,0.0
2578,77302258,4604706,116438,2023-2024,53,,,,,,,,0.0
2579,77303763,4604706,116438,2023-2024,54,,,,,,,,0.0
2580,80477240,4604706,116438,2023-2024,55,,,,,,,,0.0
2581,80479476,4604706,116438,2023-2024,56,,,,,,,,0.0
2582,77305047,4604706,116438,2023-2024,57,,,,,,,,0.0
2583,77305610,4604706,116438,2023-2024,58,,,,,,,,0.0
2584,80479778,4604706,116438,2023-2024,59,,,,,,,,0.0
2585,80480228,4604706,116438,2023-2024,60,,,,,,,,0.0
2586,80480624,4604706,116438,2023-2024,61,,,,,,,,0.0
2587,80480841,4604706,116438,2023-2024,62,,,,,,,,0.0
2588,80481044,4604706,116438,2023-2024,63,,,,,,,,0.0
2589,77306121,4604706,116438,2023-2024,64,,,,,,,,0.0
2590,77311028,4604706,116438,2023-2024,65,,400000.0,,,,,,0.0
2591,77311811,4604706,116438,2023-2024,66,,400000.0,,,,,,0.0
2592,77314195,4604706,116438,2023-2024,67,,400000.0,,,,,,0.0
2593,77317346,4604706,116438,2023-2024,68,,500000.0,,,,,,0.0
2594,77322951,4604706,116438,2023-2024,69,,100000.0,,,,,,0.0
2595,77325471,4604706,116438,2023-2024,70,,100000.0,,,,,,0.0
2596,77326350,4604706,116438,2023-2024,71,,300000.0,,,,,,0.0
2597,77419693,4604706,116438,2023-2024,72,,100000.0,,,,,,0.0
2598,77421359,4604706,116438,2023-2024,73,,100000.0,,,,,,0.0
2599,80481237,4604706,116438,2023-2024,74,,,,,,,,0.0
2600,77422777,4604706,116438,2023-2024,75,,,,,,,,0.0
2601,77424078,4604706,116438,2023-2024,76,,,,,,,,0.0
2602,77425511,4604706,116438,2023-2024,77,,,,,,,,0.0
2603,77426468,4604706,116438,2023-2024,78,,,,,,,,0.0
2604,77428544,4604706,116438,2023-2024,79,,,,,,,,0.0
2605,80481909,4604706,116438,2023-2024,80,,,,,,,,0.0
2606,77429178,4604706,116438,2023-2024,81,,,,,,,,0.0
2607,80482146,4604706,116438,2023-2024,82,,,,,,,,0.0
2608,77430193,4604706,116438,2023-2024,83,,,,,,,,0.0
2609,77431286,4604706,116438,2023-2024,84,,,,,,,,0.0
2610,80482357,4604706,116438,2023-2024,85,,,,,,,,0.0
2611,77432161,4604706,116438,2023-2024,86,,,,,,,,0.0
2612,80482561,4604706,116438,2023-2024,87,,,,,,,,0.0
2613,77433423,4604706,116438,2023-2024,88,,,,,,,,0.0
2614,80482745,4604706,116438,2023-2024,89,,,,,,,,0.0
2615,80483176,4604706,116438,2023-2024,90,,,,,,,,0.0
2616,77435131,4604706,116438,2023-2024,91,,,,,,,,0.0
2617,77435599,4604706,116438,2023-2024,92,,,,,,,,0.0
2618,77436116,4604706,116438,2023-2024,93,,,,,,,,0.0
2619,77436698,4604706,116438,2023-2024,94,,,,,,,,0.0
2620,80483375,4604706,116438,2023-2024,95,,,,,,,,0.0
2621,77437835,4604706,116438,2023-2024,96,,,,,,,,0.0
2622,80483646,4604706,116438,2023-2024,97,,,,,,,,0.0
2623,80485069,4604706,116438,2023-2024,98,,,,,,,,0.0
2624,80485315,4604706,116438,2023-2024,99,,,,,,,,0.0
2625,77438509,4604706,116438,2023-2024,100,,,,,,,,0.0
2626,77439131,4604706,116438,2023-2024,101,,,,,,,,0.0
2627,78214359,4604706,116438,2023-2024,102,,,,,,,,0.0
2628,78215035,4604706,116438,2023-2024,103,,,,,,,,0.0
2629,80485616,4604706,116438,2023-2024,104,,,,,,,,0.0
2630,80485918,4604706,116438,2023-2024,105,,,,,,,,0.0
2631,78215661,4604706,116438,2023-2024,106,,,,,,,,0.0
2632,80486116,4604706,116438,2023-2024,107,,,,,,,,0.0
2633,78219276,4604706,116438,2023-2024,108,,,,,,,,0.0
2634,80486304,4604706,116438,2023-2024,109,,,,,,,,0.0
2635,80486517,4604706,116438,2023-2024,110,,,,,,,,0.0
2636,78220390,4604706,116438,2023-2024,111,,,,,,,,0.0
2637,78223142,4604706,116438,2023-2024,112,,,,,,,,0.0
2638,78224197,4604706,116438,2023-2024,113,,,,,,,,0.0
2639,78227113,4604706,116438,2023-2024,114,,,,,,,,0.0
2640,78227455,4604706,116438,2023-2024,115,,,,,,,,0.0
2641,81595644,4604706,116438,2023-2024,116,XV Finance Commission,50000.0,50000.0,50000.0,50000.0,,,49000.0
2642,81599593,4604706,116438,2023-2024,117,,8000.0,,,,,,0.0
2643,78227887,4604706,116438,2023-2024,118,,,,,,,,0.0
2644,78228410,4604706,116438,2023-2024,119,,,,,,,,0.0
2645,78228832,4604706,116438,2023-2024,120,,,,,,,,0.0
2646,78230827,4604706,116438,2023-2024,121,,,,,,,,0.0
2647,78231012,4604706,116438,2023-2024,122,,,,,,,,0.0
2648,78231262,4604706,116438,2023-2024,123,,,,,,,,0.0
2649,78231346,4604706,116438,2023-2024,124,,,,,,,,0.0
2650,78231559,4604706,116438,2023-2024,125,,,,,,,,0.0
2651,78231663,4604706,116438,2023-2024,126,,,,,,,,0.0
2652,81644785,4604706,116438,2023-2024,127,XV Finance Commission,182498.0,182498.0,182498.0,182498.0,,,178848.0
2653,78231831,4604706,116438,2023-2024,128,,,,,,,,0.0
2654,78231899,4604706,116438,2023-2024,129,,,,,,,,0.0
2655,78231954,4604706,116438,2023-2024,130,,,,,,,,0.0
2656,78232009,4604706,116438,2023-2024,131,,,,,,,,0.0
2657,78232055,4604706,116438,2023-2024,132,,,,,,,,0.0
2658,78232133,4604706,116438,2023-2024,133,,,,,,,,0.0
2659,81645550,4604706,116438,2023-2024,134,,,,,,,,0.0
2660,81645859,4604706,116438,2023-2024,135,,,,,,,,0.0
2661,78232258,4604706,116438,2023-2024,136,,,,,,,,0.0
2662,78232298,4604706,116438,2023-2024,137,,,,,,,,0.0
2663,78232352,4604706,116438,2023-2024,138,,,,,,,,0.0
2664,78232399,4604706,116438,2023-2024,139,,,,,,,,0.0
2665,78232440,4604706,116438,2023-2024,140,,,,,,,,0.0
2666,78232511,4604706,116438,2023-2024,141,,500000.0,,,,,,0.0
2667,78232615,4604706,116438,2023-2024,142,,,,,,,,0.0
2668,78232725,4604706,116438,2023-2024,143,,,,,,,,0.0
2669,78232746,4604706,116438,2023-2024,144,,,,,,,,0.0
2670,78250613,4604706,116438,2023-2024,145,,,,,,,,0.0
2671,78250913,4604706,116438,2023-2024,146,,,,,,,,0.0
2672,78251380,4604706,116438,2023-2024,147,,,,,,,,0.0
2673,78251954,4604706,116438,2023-2024,148,,,,,,,,0.0
2674,72812194,4604706,116438,2023-2024,149,,175000.0,,,,,,0.0
2675,72826065,4604706,116438,2023-2024,150,,300000.0,,,,,,0.0
2676,76402992,4604706,116438,2023-2024,151,,,,,,,,0.0
2677,78252430,4604706,116438,2023-2024,152,,,,,,,,0.0
2678,78252904,4604706,116438,2023-2024,153,,,,,,,,0.0
2679,78254516,4604706,116438,2023-2024,154,,,,,,,,0.0
2680,76404396,4604706,116438,2023-2024,155,,,,,,,,0.0
2681,76405150,4604706,116438,2023-2024,156,,,,,,,,0.0
2682,78255601,4604706,116438,2023-2024,157,,,,,,,,0.0
2683,81646461,4604706,116438,2023-2024,158,,,,,,,,0.0
2684,81646880,4604706,116438,2023-2024,159,,,,,,,,0.0
2685,81776278,4604706,116438,2023-2024,160,,,,,,,,0.0
2686,81777162,4604706,116438,2023-2024,161,,,,,,,,0.0
2687,81777679,4604706,116438,2023-2024,162,,,,,,,,0.0
2688,81779353,4604706,116438,2023-2024,163,,,,,,,,0.0
2689,81780035,4604706,116438,2023-2024,164,,,,,,,,0.0
2690,81780649,4604706,116438,2023-2024,165,,,,,,,,0.0
2691,81781440,4604706,116438,2023-2024,166,,15160.0,,,,,,0.0
2692,81782402,4604706,116438,2023-2024,167,,113980.0,,,,,,0.0
2693,81784075,4604706,116438,2023-2024,168,,20000.0,,,,,,0.0
2694,81784381,4604706,116438,2023-2024,169,,5000.0,,,,,,0.0
2695,81784590,4604706,116438,2023-2024,170,,30000.0,,,,,,0.0
2696,81784930,4604706,116438,2023-2024,171,,100000.0,,,,,,0.0
2697,81785281,4604706,116438,2023-2024,172,,,,,,,,0.0
2698,81785534,4604706,116438,2023-2024,173,,50000.0,,,,,,0.0
2699,81785702,4604706,116438,2023-2024,174,,20000.0,,,,,,0.0
2700,81785852,4604706,116438,2023-2024,175,,20000.0,,,,,,0.0
2701,81786019,4604706,116438,2023-2024,176,,,,,,,,0.0
2702,81786319,4604706,116438,2023-2024,177,,,,,,,,0.0
2703,81787038,4604706,116438,2023-2024,178,,,,,,,,0.0
2704,81787197,4604706,116438,2023-2024,179,,,,,,,,0.0
2705,81787444,4604706,116438,2023-2024,180,,,,,,,,0.0
2706,81787609,4604706,116438,2023-2024,181,,,,,,,,0.0
2707,81787828,4604706,116438,2023-2024,182,,,,,,,,0.0
2708,81787977,4604706,116438,2023-2024,183,,40000.0,,,,,,0.0
2709,80479993,4604706,116438,2023-2024,184,,,,,,,,0.0
2710,80418665,4604706,116438,2023-2024,185,,60000.0,,,,,,0.0
2711,80420701,4604706,116438,2023-2024,186,,20000.0,,,,,,0.0
2712,80420940,4604706,116438,2023-2024,187,,20000.0,,,,,,0.0
2713,80480438,4604706,116438,2023-2024,188,,,,,,,,0.0
2714,80429959,4604706,116438,2023-2024,189,,,,,,,,0.0
2715,80475911,4604706,116438,2023-2024,190,,,,,,,,0.0
2716,80476833,4604706,116438,2023-2024,191,,,,,,,,0.0
2717,72809584,4604706,116438,2023-2024,192,XV Finance Commission,90000.0,90000.0,90000.0,90000.0,,,85026.0
2718,76436436,4604706,116438,2023-2024,193,,,,,,,,0.0
2719,76436760,4604706,116438,2023-2024,194,,,,,,,,0.0
2720,76438436,4604706,116438,2023-2024,195,,,,,,,,0.0
2721,76440646,4604706,116438,2023-2024,196,,,,,,,,0.0
2722,78222690,4604706,116438,2023-2024,197,,,,,,,,0.0
2723,78253591,4604706,116438,2023-2024,198,,,,,,,,0.0
2724,80486765,4604706,116438,2023-2024,199,,,,,,,,0.0
2725,80486927,4604706,116438,2023-2024,200,,,,,,,,0.0
2726,76406237,4604706,116438,2023-2024,201,,,,,,,,0.0
2727,76407193,4604706,116438,2023-2024,202,,,,,,,,0.0
2728,76408010,4604706,116438,2023-2024,203,,,,,,,,0.0
2729,76425872,4604706,116438,2023-2024,204,,,,,,,,0.0
2730,77299816,4604706,116438,2023-2024,205,,,,,,,,0.0
2731,77303012,4604706,116438,2023-2024,206,,,,,,,,0.0
2732,77424953,4604706,116438,2023-2024,207,,,,,,,,0.0
2733,77427172,4604706,116438,2023-2024,208,,,,,,,,0.0
2734,78231762,4604706,116438,2023-2024,209,,,,,,,,0.0
2735,78232658,4604706,116438,2023-2024,210,,,,,,,,0.0
2736,78232694,4604706,116438,2023-2024,211,,,,,,,,0.0
2737,80481444,4604706,116438,2023-2024,212,,,,,,,,0.0
2738,80481631,4604706,116438,2023-2024,213,,,,,,,,0.0
2739,80482965,4604706,116438,2023-2024,214,,,,,,,,0.0
2740,81594222,4604706,116438,2023-2024,215,XV Finance Commission,200000.0,200000.0,200000.0,200000.0,,,197717.0
2741,81598941,4604706,116438,2023-2024,216,XV Finance Commission,300000.0,300000.0,300000.0,300000.0,,,296180.0
2742,81596860,4604706,116438,2023-2024,217,XV Finance Commission,80000.0,80000.0,80000.0,80000.0,,,72000.0
2743,81593560,4604706,116438,2023-2024,218,,31498.0,,,,,,0.0
2744,81771730,4604706,116438,2023-2024,219,,30000.0,,,,,,0.0
2745,81774471,4604706,116438,2023-2024,220,,,,,,,,0.0
2746,81775421,4604706,116438,2023-2024,221,,,,,,,,0.0
2747,81644529,4604706,116438,2023-2024,222,XV Finance Commission,96000.0,96000.0,96000.0,96000.0,,,52000.0
2748,72816180,4604706,116438,2023-2024,223,XV Finance Commission,350000.0,350000.0,350000.0,350000.0,,,346500.0
2749,81644988,4604706,116438,2023-2024,224,XV Finance Commission,72000.0,72000.0,72000.0,72000.0,,,54000.0
2750,81591232,4604706,116438,2023-2024,225,5TH STATE FINANCE COMMISSION,350000.0,350000.0,350000.0,350000.0,,,349127.0
2751,72817945,4604706,116438,2023-2024,226,XV Finance Commission,300000.0,300000.0,300000.0,300000.0,,,295088.0
2752,72825391,4604706,116438,2023-2024,227,5TH STATE FINANCE COMMISSION,100000.0,100000.0,100000.0,100000.0,,,97795.0
2753,81598620,4604706,116438,2023-2024,228,XV Finance Commission,100000.0,100000.0,100000.0,100000.0,,,94980.0
2754,72822074,4604706,116438,2023-2024,229,XV Finance Commission,133796.0,133796.0,133796.0,133796.0,,,127420.0
2755,72808716,4604706,116438,2023-2024,230,XV Finance Commission,90000.0,90000.0,90000.0,90000.0,,,56538.0
2756,72820363,4604706,116438,2023-2024,231,XV Finance Commission,150000.0,150000.0,150000.0,150000.0,,,137581.0
2757,81600042,4604706,116438,2023-2024,232,XV Finance Commission,86644.0,86644.0,86644.0,86644.0,,,86464.0
2758,98592992,5137304,116438,2024-2025,1,5TH STATE FINANCE COMMISSION,50000.0,50000.0,50000.0,50000.0,,,49000.0
2759,98112862,5137304,116438,2024-2025,2,,,,,,,,0.0
2760,98115326,5137304,116438,2024-2025,3,,100000.0,,,,,,0.0
2761,98117977,5137304,116438,2024-2025,4,,300000.0,,,,,,0.0
2762,98119200,5137304,116438,2024-2025,5,,50000.0,,,,,,0.0
2763,98114717,5137304,116438,2024-2025,6,,,,,,,,0.0
2764,98132436,5137304,116438,2024-2025,7,,,,,,,,0.0
2765,98136545,5137304,116438,2024-2025,8,,,,,,,,0.0
2766,98137764,5137304,116438,2024-2025,9,,,,,,,,0.0
2767,98586683,5137304,116438,2024-2025,10,XV Finance Commission,500000.0,500000.0,500000.0,500000.0,,,486901.0
2768,98588078,5137304,116438,2024-2025,11,XV Finance Commission,50896.0,50896.0,50896.0,50896.0,,,50856.0
2769,101200818,5137304,116438,2024-2025,12,5TH STATE FINANCE COMMISSION,142000.0,142000.0,142000.0,142000.0,,,139800.0
2770,98365806,5137304,116438,2024-2025,13,,,,,,,,0.0
2771,98366164,5137304,116438,2024-2025,14,,,,,,,,0.0
2772,98366313,5137304,116438,2024-2025,15,,,,,,,,0.0
2773,98365950,5137304,116438,2024-2025,16,,,,,,,,0.0
2774,98399600,5137304,116438,2024-2025,17,,,,,,,,0.0
2775,98396114,5137304,116438,2024-2025,18,,,,,,,,0.0
2776,98418117,5137304,116438,2024-2025,19,,,,,,,,0.0
2777,98422291,5137304,116438,2024-2025,20,,,,,,,,0.0
2778,98435103,5137304,116438,2024-2025,21,,,,,,,,0.0
2779,98435459,5137304,116438,2024-2025,22,,,,,,,,0.0
2780,98436027,5137304,116438,2024-2025,23,,,,,,,,0.0
2781,98436465,5137304,116438,2024-2025,24,,,,,,,,0.0
2782,98436818,5137304,116438,2024-2025,25,,,,,,,,0.0
2783,98430440,5137304,116438,2024-2025,26,,,,,,,,0.0
2784,98449179,5137304,116438,2024-2025,27,,,,,,,,0.0
2785,98458672,5137304,116438,2024-2025,28,,,,,,,,0.0
2786,98461189,5137304,116438,2024-2025,29,,,,,,,,0.0
2787,98458082,5137304,116438,2024-2025,30,,,,,,,,0.0
2788,98499875,5137304,116438,2024-2025,31,,,,,,,,0.0
2789,98500379,5137304,116438,2024-2025,32,,,,,,,,0.0
2790,98520349,5137304,116438,2024-2025,33,,,,,,,,0.0
2791,98516901,5137304,116438,2024-2025,34,,,,,,,,0.0
2792,98500543,5137304,116438,2024-2025,35,,,,,,,,0.0
2793,98500622,5137304,116438,2024-2025,36,,,,,,,,0.0
2794,98500758,5137304,116438,2024-2025,37,,,,,,,,0.0
2795,98461611,5137304,116438,2024-2025,38,,,,,,,,0.0
2796,98499749,5137304,116438,2024-2025,39,,,,,,,,0.0
2797,98523695,5137304,116438,2024-2025,40,,,,,,,,0.0
2798,98526631,5137304,116438,2024-2025,41,,,,,,,,0.0
2799,98526851,5137304,116438,2024-2025,42,,,,,,,,0.0
2800,98523895,5137304,116438,2024-2025,43,,,,,,,,0.0
2801,98528487,5137304,116438,2024-2025,44,,,,,,,,0.0
2802,98534387,5137304,116438,2024-2025,45,,,,,,,,0.0
2803,98536057,5137304,116438,2024-2025,46,,,,,,,,0.0
2804,98522414,5137304,116438,2024-2025,47,,,,,,,,0.0
2805,98528362,5137304,116438,2024-2025,48,,,,,,,,0.0
2806,98532184,5137304,116438,2024-2025,49,,,,,,,,0.0
2807,98521720,5137304,116438,2024-2025,50,,,,,,,,0.0
2808,98568145,5137304,116438,2024-2025,51,,,,,,,,0.0
2809,98565764,5137304,116438,2024-2025,52,,,,,,,,0.0
2810,98538037,5137304,116438,2024-2025,53,,,,,,,,0.0
2811,98566118,5137304,116438,2024-2025,54,,,,,,,,0.0
2812,98566349,5137304,116438,2024-2025,55,,,,,,,,0.0
2813,98566607,5137304,116438,2024-2025,56,,,,,,,,0.0
2814,98566930,5137304,116438,2024-2025,57,,,,,,,,0.0
2815,98567573,5137304,116438,2024-2025,58,,,,,,,,0.0
2816,98572677,5137304,116438,2024-2025,59,,,,,,,,0.0
2817,98577240,5137304,116438,2024-2025,60,,,,,,,,0.0
2818,98573214,5137304,116438,2024-2025,61,,,,,,,,0.0
2819,98573659,5137304,116438,2024-2025,62,,,,,,,,0.0
2820,98578309,5137304,116438,2024-2025,63,,,,,,,,0.0
2821,98574123,5137304,116438,2024-2025,64,,,,,,,,0.0
2822,98574290,5137304,116438,2024-2025,65,XV Finance Commission,156000.0,156000.0,156000.0,156000.0,,,102750.0
2823,98576709,5137304,116438,2024-2025,66,,,,,,,,0.0
2824,98574533,5137304,116438,2024-2025,67,,,,,,,,0.0
2825,98588102,5137304,116438,2024-2025,68,,,,,,,,0.0
2826,98581151,5137304,116438,2024-2025,69,,,,,,,,0.0
2827,98588438,5137304,116438,2024-2025,70,,,,,,,,0.0
2828,98589241,5137304,116438,2024-2025,71,,,,,,,,0.0
2829,98583145,5137304,116438,2024-2025,72,,,,,,,,0.0
2830,98584298,5137304,116438,2024-2025,73,,,,,,,,0.0
2831,98584794,5137304,116438,2024-2025,74,,,,,,,,0.0
2832,98585156,5137304,116438,2024-2025,75,,,,,,,,0.0
2833,98590333,5137304,116438,2024-2025,76,,,,,,,,0.0
2834,98582722,5137304,116438,2024-2025,77,,,,,,,,0.0
2835,98585608,5137304,116438,2024-2025,78,,,,,,,,0.0
2836,98578806,5137304,116438,2024-2025,79,,,,,,,,0.0
2837,98579320,5137304,116438,2024-2025,80,,,,,,,,0.0
2838,98596005,5137304,116438,2024-2025,81,,294720.0,,,,,,0.0
2839,98575261,5137304,116438,2024-2025,82,XV Finance Commission,350000.0,350000.0,350000.0,350000.0,,,343000.0
2840,98597307,5137304,116438,2024-2025,83,,100000.0,,,,,,0.0
2841,96877019,5137304,116438,2024-2025,84,,,,,,,,0.0
2842,96878447,5137304,116438,2024-2025,85,,,,,,,,0.0
2843,96879867,5137304,116438,2024-2025,86,,,,,,,,0.0
2844,100913334,5137304,116438,2024-2025,87,,5000.0,,,,,,0.0
2845,101194805,5137304,116438,2024-2025,88,XV Finance Commission,200000.0,200000.0,200000.0,200000.0,,,200000.0
2846,101195208,5137304,116438,2024-2025,89,,90000.0,,,,,,0.0
2847,101195555,5137304,116438,2024-2025,90,,90000.0,,,,,,0.0
2848,101195880,5137304,116438,2024-2025,91,,90000.0,,,,,,0.0
2849,101196287,5137304,116438,2024-2025,92,,10500.0,,,,,,0.0
2850,101197890,5137304,116438,2024-2025,93,,52500.0,,,,,,0.0
2851,101198477,5137304,116438,2024-2025,94,XV Finance Commission,177172.0,177172.0,177172.0,177172.0,,,173306.0
2852,101200362,5137304,116438,2024-2025,95,,300000.0,,,,,,0.0
2853,101201434,5137304,116438,2024-2025,96,,350000.0,,,,,,0.0
2854,101341174,5137304,116438,2024-2025,97,,,,,,,,0.0
2855,98113484,5137304,116438,2024-2025,98,,20000.0,,,,,,0.0
2856,98117339,5137304,116438,2024-2025,99,,500000.0,,,,,,0.0
2857,98121326,5137304,116438,2024-2025,100,,,,,,,,0.0
2858,98121930,5137304,116438,2024-2025,101,,80000.0,,,,,,0.0
2859,98124802,5137304,116438,2024-2025,102,,50000.0,,,,,,0.0
2860,98130296,5137304,116438,2024-2025,103,,,,,,,,0.0
2861,98132043,5137304,116438,2024-2025,104,,,,,,,,0.0
2862,98416400,5137304,116438,2024-2025,105,,,,,,,,0.0
2863,98416894,5137304,116438,2024-2025,106,,,,,,,,0.0
2864,98418536,5137304,116438,2024-2025,107,,,,,,,,0.0
2865,98420443,5137304,116438,2024-2025,108,,,,,,,,0.0
2866,98420937,5137304,116438,2024-2025,109,,,,,,,,0.0
2867,98421328,5137304,116438,2024-2025,110,,,,,,,,0.0
2868,98421760,5137304,116438,2024-2025,111,,,,,,,,0.0
2869,98422860,5137304,116438,2024-2025,112,,,,,,,,0.0
2870,98427667,5137304,116438,2024-2025,113,,,,,,,,0.0
2871,98431068,5137304,116438,2024-2025,114,,,,,,,,0.0
2872,98431834,5137304,116438,2024-2025,115,,,,,,,,0.0
2873,98432705,5137304,116438,2024-2025,116,,,,,,,,0.0
2874,98433042,5137304,116438,2024-2025,117,,,,,,,,0.0
2875,98459636,5137304,116438,2024-2025,118,,,,,,,,0.0
2876,98459756,5137304,116438,2024-2025,119,,,,,,,,0.0
2877,98459981,5137304,116438,2024-2025,120,,,,,,,,0.0
2878,98460306,5137304,116438,2024-2025,121,,,,,,,,0.0
2879,98460598,5137304,116438,2024-2025,122,,,,,,,,0.0
2880,98500854,5137304,116438,2024-2025,123,,,,,,,,0.0
2881,98501026,5137304,116438,2024-2025,124,,,,,,,,0.0
2882,98501289,5137304,116438,2024-2025,125,,,,,,,,0.0
2883,98535131,5137304,116438,2024-2025,126,,,,,,,,0.0
2884,98535472,5137304,116438,2024-2025,127,,,,,,,,0.0
2885,98114057,5137304,116438,2024-2025,128,,,,,,,,0.0
2886,98116490,5137304,116438,2024-2025,129,,50000.0,,,,,,0.0
2887,98120035,5137304,116438,2024-2025,130,,100000.0,,,,,,0.0
2888,98120862,5137304,116438,2024-2025,131,,,,,,,,0.0
2889,98126379,5137304,116438,2024-2025,132,,,,,,,,0.0
2890,98132977,5137304,116438,2024-2025,133,,,,,,,,0.0
2891,98135059,5137304,116438,2024-2025,134,,,,,,,,0.0
2892,98135488,5137304,116438,2024-2025,135,,,,,,,,0.0
2893,98366455,5137304,116438,2024-2025,136,,,,,,,,0.0
2894,98380589,5137304,116438,2024-2025,137,,,,,,,,0.0
2895,98380894,5137304,116438,2024-2025,138,,,,,,,,0.0
2896,98396578,5137304,116438,2024-2025,139,,,,,,,,0.0
2897,98397253,5137304,116438,2024-2025,140,,,,,,,,0.0
2898,98400985,5137304,116438,2024-2025,141,,,,,,,,0.0
2899,98402041,5137304,116438,2024-2025,142,,,,,,,,0.0
2900,98423311,5137304,116438,2024-2025,143,,,,,,,,0.0
2901,98423821,5137304,116438,2024-2025,144,,,,,,,,0.0
2902,98424481,5137304,116438,2024-2025,145,,,,,,,,0.0
2903,98425594,5137304,116438,2024-2025,146,,,,,,,,0.0
2904,98429670,5137304,116438,2024-2025,147,,,,,,,,0.0
2905,98433518,5137304,116438,2024-2025,148,,,,,,,,0.0
2906,98433794,5137304,116438,2024-2025,149,,,,,,,,0.0
2907,98434364,5137304,116438,2024-2025,150,,,,,,,,0.0
2908,98434818,5137304,116438,2024-2025,151,,,,,,,,0.0
2909,98457128,5137304,116438,2024-2025,152,,,,,,,,0.0
2910,98457372,5137304,116438,2024-2025,153,,,,,,,,0.0
2911,98457656,5137304,116438,2024-2025,154,,,,,,,,0.0
2912,98457802,5137304,116438,2024-2025,155,,,,,,,,0.0
2913,98458414,5137304,116438,2024-2025,156,,,,,,,,0.0
2914,98459385,5137304,116438,2024-2025,157,,,,,,,,0.0
2915,98460631,5137304,116438,2024-2025,158,,,,,,,,0.0
2916,98460747,5137304,116438,2024-2025,159,,,,,,,,0.0
2917,98460871,5137304,116438,2024-2025,160,,,,,,,,0.0
2918,98461086,5137304,116438,2024-2025,161,,,,,,,,0.0
2919,98461306,5137304,116438,2024-2025,162,,,,,,,,0.0
2920,98499976,5137304,116438,2024-2025,163,,,,,,,,0.0
2921,98500099,5137304,116438,2024-2025,164,,,,,,,,0.0
2922,98500191,5137304,116438,2024-2025,165,,,,,,,,0.0
2923,98500311,5137304,116438,2024-2025,166,,,,,,,,0.0
2924,98500477,5137304,116438,2024-2025,167,,,,,,,,0.0
2925,98501394,5137304,116438,2024-2025,168,,,,,,,,0.0
2926,98501605,5137304,116438,2024-2025,169,,,,,,,,0.0
2927,98516953,5137304,116438,2024-2025,170,,,,,,,,0.0
2928,98517040,5137304,116438,2024-2025,171,,,,,,,,0.0
2929,98517148,5137304,116438,2024-2025,172,,,,,,,,0.0
2930,98517280,5137304,116438,2024-2025,173,,,,,,,,0.0
2931,98517465,5137304,116438,2024-2025,174,,,,,,,,0.0
2932,98517667,5137304,116438,2024-2025,175,,,,,,,,0.0
2933,98521429,5137304,116438,2024-2025,176,,,,,,,,0.0
2934,98523130,5137304,116438,2024-2025,177,,,,,,,,0.0
2935,98524587,5137304,116438,2024-2025,178,,,,,,,,0.0
2936,98527688,5137304,116438,2024-2025,179,,,,,,,,0.0
2937,98528184,5137304,116438,2024-2025,180,,,,,,,,0.0
2938,98533310,5137304,116438,2024-2025,181,,,,,,,,0.0
2939,98533681,5137304,116438,2024-2025,182,,,,,,,,0.0
2940,98534097,5137304,116438,2024-2025,183,,,,,,,,0.0
2941,98534599,5137304,116438,2024-2025,184,,,,,,,,0.0
2942,98535842,5137304,116438,2024-2025,185,,,,,,,,0.0
2943,98536445,5137304,116438,2024-2025,186,,,,,,,,0.0
2944,98538610,5137304,116438,2024-2025,187,,,,,,,,0.0
2945,98539403,5137304,116438,2024-2025,188,,,,,,,,0.0
2946,98565533,5137304,116438,2024-2025,189,,,,,,,,0.0
2947,98567155,5137304,116438,2024-2025,190,,,,,,,,0.0
2948,98575740,5137304,116438,2024-2025,191,,,,,,,,0.0
2949,98576201,5137304,116438,2024-2025,192,,,,,,,,0.0
2950,98577711,5137304,116438,2024-2025,193,,,,,,,,0.0
2951,98579678,5137304,116438,2024-2025,194,,,,,,,,0.0
2952,98580182,5137304,116438,2024-2025,195,,,,,,,,0.0
2953,98580656,5137304,116438,2024-2025,196,,,,,,,,0.0
2954,98581917,5137304,116438,2024-2025,197,,,,,,,,0.0
2955,98582300,5137304,116438,2024-2025,198,,,,,,,,0.0
2956,98583747,5137304,116438,2024-2025,199,,,,,,,,0.0
2957,98585989,5137304,116438,2024-2025,200,,,,,,,,0.0
2958,98586360,5137304,116438,2024-2025,201,,,,,,,,0.0
2959,98587776,5137304,116438,2024-2025,202,,,,,,,,0.0
2960,98588561,5137304,116438,2024-2025,203,,300000.0,,,,,,0.0
2961,98589617,5137304,116438,2024-2025,204,,,,,,,,0.0
2962,98589907,5137304,116438,2024-2025,205,,,,,,,,0.0
2963,98595231,5137304,116438,2024-2025,206,,200000.0,,,,,,0.0
2964,98590854,5137304,116438,2024-2025,207,,,,,,,,0.0
2965,101196594,5137304,116438,2024-2025,208,,10500.0,,,,,,0.0
2966,101197456,5137304,116438,2024-2025,209,,30000.0,,,,,,0.0
2967,101201833,5137304,116438,2024-2025,210,,10000.0,,,,,,0.0
2968,101340552,5137304,116438,2024-2025,211,,,,,,,,0.0
2969,98594054,5137304,116438,2024-2025,212,5TH STATE FINANCE COMMISSION,150000.0,150000.0,150000.0,150000.0,,,143354.0
2970,98573972,5137304,116438,2024-2025,213,XV Finance Commission,150000.0,150000.0,150000.0,150000.0,,,147000.0
2971,98574791,5137304,116438,2024-2025,214,XV Finance Commission,94672.0,94672.0,94672.0,94672.0,,,89817.0
2972,98575977,5137304,116438,2024-2025,215,XV Finance Commission,350000.0,350000.0,350000.0,350000.0,,,338196.0
2973,108993503,5422108,116438,2024-2025,1,5TH STATE FINANCE COMMISSION,150000.0,150000.0,150000.0,150000.0,,,143495.0
2974,108993465,5422108,116438,2024-2025,2,5TH STATE FINANCE COMMISSION,494570.0,494570.0,494570.0,494570.0,,,381909.0
2975,108993548,5422108,116438,2024-2025,3,,155430.0,,,,,,0.0
2976,125992427,5792710,116438,2024-2025,1,,120000.0,,,,,,0.0
2977,125992463,5792710,116438,2024-2025,2,XV Finance Commission,90000.0,90000.0,90000.0,90000.0,,,90000.0
2978,108786673,5408664,116438,2025-2026,1,,400000.0,,,,,,0.0
2979,117898555,5408664,116438,2025-2026,2,,180100.0,,,,,,0.0
2980,117899153,5408664,116438,2025-2026,3,,185500.0,,,,,,0.0
2981,117900125,5408664,116438,2025-2026,4,,50000.0,,,,,,0.0
2982,117900915,5408664,116438,2025-2026,5,,10500.0,,,,,,0.0
2983,117901338,5408664,116438,2025-2026,6,,50000.0,,,,,,0.0
2984,117901864,5408664,116438,2025-2026,7,,50000.0,,,,,,0.0
2985,117902284,5408664,116438,2025-2026,8,,50572.0,,,,,,0.0
2986,117906588,5408664,116438,2025-2026,9,,350000.0,,,,,,0.0
2987,117904847,5408664,116438,2025-2026,10,,30000.0,,,,,,0.0
2988,117908584,5408664,116438,2025-2026,11,,200000.0,,,,,,0.0
2989,117920514,5408664,116438,2025-2026,12,,300000.0,,,,,,0.0
2990,117920995,5408664,116438,2025-2026,13,,200000.0,,,,,,0.0
2991,117240560,5408664,116438,2025-2026,14,,,,,,,,0.0
2992,117263511,5408664,116438,2025-2026,15,,,,,,,,0.0
2993,117266945,5408664,116438,2025-2026,16,,,,,,,,0.0
2994,117104095,5408664,116438,2025-2026,17,,75000.0,,,,,,0.0
2995,117268959,5408664,116438,2025-2026,18,,,,,,,,0.0
2996,118405405,5408664,116438,2025-2026,19,,571472.0,,,,,,0.0
2997,118405842,5408664,116438,2025-2026,20,,613734.0,,,,,,0.0
2998,118410089,5408664,116438,2025-2026,21,,300000.0,,,,,,0.0
2999,118410569,5408664,116438,2025-2026,22,,50000.0,,,,,,0.0
3000,118412352,5408664,116438,2025-2026,23,,450250.0,,,,,,0.0
3001,118414485,5408664,116438,2025-2026,24,,300000.0,,,,,,0.0
3002,118414589,5408664,116438,2025-2026,25,,300000.0,,,,,,0.0
3003,118414223,5408664,116438,2025-2026,26,,300000.0,,,,,,0.0
3004,118414383,5408664,116438,2025-2026,27,,300000.0,,,,,,0.0
3005,118414764,5408664,116438,2025-2026,28,,500000.0,,,,,,0.0
3006,117910729,5408664,116438,2025-2026,29,,40896.0,,,,,,0.0
3007,115852759,5408664,116438,2025-2026,30,,200000.0,,,,,,0.0
3008,115864311,5408664,116438,2025-2026,31,,200000.0,,,,,,0.0
3009,115867398,5408664,116438,2025-2026,32,,200000.0,,,,,,0.0
3010,115870018,5408664,116438,2025-2026,33,,,,,,,,0.0
3011,115874592,5408664,116438,2025-2026,34,,,,,,,,0.0
3012,115880321,5408664,116438,2025-2026,35,,,,,,,,0.0
3013,115892190,5408664,116438,2025-2026,36,,2310000.0,,,,,,0.0
3014,115897781,5408664,116438,2025-2026,37,,440000.0,,,,,,0.0
3015,115934687,5408664,116438,2025-2026,38,,400000.0,,,,,,0.0
3016,115936448,5408664,116438,2025-2026,39,,200000.0,,,,,,0.0
3017,115938518,5408664,116438,2025-2026,40,,,,,,,,0.0
3018,115954198,5408664,116438,2025-2026,41,,,,,,,,0.0
3019,115968617,5408664,116438,2025-2026,42,,,,,,,,0.0
3020,115973033,5408664,116438,2025-2026,43,,,,,,,,0.0
3021,115983435,5408664,116438,2025-2026,44,,90000.0,,,,,,0.0
3022,116141199,5408664,116438,2025-2026,45,,2000000.0,,,,,,0.0
3023,116139488,5408664,116438,2025-2026,46,,100000.0,,,,,,0.0
3024,116145364,5408664,116438,2025-2026,47,,,,,,,,0.0
3025,116147161,5408664,116438,2025-2026,48,,,,,,,,0.0
3026,116320868,5408664,116438,2025-2026,49,,100000.0,,,,,,0.0
3027,116329740,5408664,116438,2025-2026,50,,,,,,,,0.0
3028,116322435,5408664,116438,2025-2026,51,,150000.0,,,,,,0.0
3029,116330788,5408664,116438,2025-2026,52,,,,,,,,0.0
3030,116332269,5408664,116438,2025-2026,53,,,,,,,,0.0
3031,116333587,5408664,116438,2025-2026,54,,,,,,,,0.0
3032,119428858,5408664,116438,2025-2026,55,,,,,,,,0.0
3033,117105672,5408664,116438,2025-2026,56,,,,,,,,0.0
3034,117106087,5408664,116438,2025-2026,57,,500000.0,,,,,,0.0
3035,119427265,5408664,116438,2025-2026,58,,,,,,,,0.0
3036,119427575,5408664,116438,2025-2026,59,,,,,,,,0.0
3037,117052954,5408664,116438,2025-2026,60,,,,,,,,0.0
3038,117051807,5408664,116438,2025-2026,61,,,,,,,,0.0
3039,117054768,5408664,116438,2025-2026,62,,,,,,,,0.0
3040,117056570,5408664,116438,2025-2026,63,,,,,,,,0.0
3041,117058812,5408664,116438,2025-2026,64,,,,,,,,0.0
3042,117060208,5408664,116438,2025-2026,65,,,,,,,,0.0
3043,117063588,5408664,116438,2025-2026,66,,,,,,,,0.0
3044,117064546,5408664,116438,2025-2026,67,,,,,,,,0.0
3045,117057922,5408664,116438,2025-2026,68,,,,,,,,0.0
3046,117062784,5408664,116438,2025-2026,69,,,,,,,,0.0
3047,117067074,5408664,116438,2025-2026,70,,,,,,,,0.0
3048,117069885,5408664,116438,2025-2026,71,,,,,,,,0.0
3049,117070943,5408664,116438,2025-2026,72,,,,,,,,0.0
3050,117072003,5408664,116438,2025-2026,73,,,,,,,,0.0
3051,117073081,5408664,116438,2025-2026,74,,,,,,,,0.0
3052,117078178,5408664,116438,2025-2026,75,,,,,,,,0.0
3053,117080535,5408664,116438,2025-2026,76,,50000.0,,,,,,0.0
3054,117085299,5408664,116438,2025-2026,77,,,,,,,,0.0
3055,117086783,5408664,116438,2025-2026,78,,,,,,,,0.0
3056,117087750,5408664,116438,2025-2026,79,,,,,,,,0.0
3057,117089339,5408664,116438,2025-2026,80,,500000.0,,,,,,0.0
3058,117090917,5408664,116438,2025-2026,81,,,,,,,,0.0
3059,117095574,5408664,116438,2025-2026,82,,,,,,,,0.0
3060,117097166,5408664,116438,2025-2026,83,,100000.0,,,,,,0.0
3061,117098172,5408664,116438,2025-2026,84,,,,,,,,0.0
3062,117098596,5408664,116438,2025-2026,85,,,,,,,,0.0
3063,117103496,5408664,116438,2025-2026,86,,350000.0,,,,,,0.0
3064,117101952,5408664,116438,2025-2026,87,,1000.0,,,,,,0.0
3065,117104942,5408664,116438,2025-2026,88,,100000.0,,,,,,0.0
3066,117106426,5408664,116438,2025-2026,89,,500000.0,,,,,,0.0
3067,117107338,5408664,116438,2025-2026,90,,500000.0,,,,,,0.0
3068,117108571,5408664,116438,2025-2026,91,,500000.0,,,,,,0.0
3069,117109574,5408664,116438,2025-2026,92,,500000.0,,,,,,0.0
3070,117110843,5408664,116438,2025-2026,93,,25000.0,,,,,,0.0
3071,117111326,5408664,116438,2025-2026,94,,250000.0,,,,,,0.0
3072,117111648,5408664,116438,2025-2026,95,,250000.0,,,,,,0.0
3073,117129165,5408664,116438,2025-2026,96,,264900.0,,,,,,0.0
3074,117129901,5408664,116438,2025-2026,97,,264900.0,,,,,,0.0
3075,117130567,5408664,116438,2025-2026,98,,132450.0,,,,,,0.0
3076,117137093,5408664,116438,2025-2026,99,,150000.0,,,,,,0.0
3077,117141250,5408664,116438,2025-2026,100,,500000.0,,,,,,0.0
3078,117144415,5408664,116438,2025-2026,101,,,,,,,,0.0
3079,117146139,5408664,116438,2025-2026,102,,,,,,,,0.0
3080,117148710,5408664,116438,2025-2026,103,,,,,,,,0.0
3081,117150289,5408664,116438,2025-2026,104,,,,,,,,0.0
3082,117150719,5408664,116438,2025-2026,105,,,,,,,,0.0
3083,117179923,5408664,116438,2025-2026,106,,500000.0,,,,,,0.0
3084,117233551,5408664,116438,2025-2026,107,,500000.0,,,,,,0.0
3085,117234476,5408664,116438,2025-2026,108,,500000.0,,,,,,0.0
3086,117234004,5408664,116438,2025-2026,109,,500000.0,,,,,,0.0
3087,117235164,5408664,116438,2025-2026,110,,,,,,,,0.0
3088,117237311,5408664,116438,2025-2026,111,,10000.0,,,,,,0.0
3089,117241110,5408664,116438,2025-2026,112,,,,,,,,0.0
3090,117235562,5408664,116438,2025-2026,113,,,,,,,,0.0
3091,117262330,5408664,116438,2025-2026,114,,,,,,,,0.0
3092,117262685,5408664,116438,2025-2026,115,,,,,,,,0.0
3093,117263028,5408664,116438,2025-2026,116,,,,,,,,0.0
3094,117263886,5408664,116438,2025-2026,117,,,,,,,,0.0
3095,117264322,5408664,116438,2025-2026,118,,,,,,,,0.0
3096,117265680,5408664,116438,2025-2026,119,,,,,,,,0.0
3097,117266350,5408664,116438,2025-2026,120,,,,,,,,0.0
3098,117267746,5408664,116438,2025-2026,121,,,,,,,,0.0
3099,117271190,5408664,116438,2025-2026,122,,,,,,,,0.0
3100,117275872,5408664,116438,2025-2026,123,,,,,,,,0.0
3101,117276673,5408664,116438,2025-2026,124,,,,,,,,0.0
3102,117279741,5408664,116438,2025-2026,125,,,,,,,,0.0
3103,117280323,5408664,116438,2025-2026,126,,,,,,,,0.0
3104,117282452,5408664,116438,2025-2026,127,,100000.0,,,,,,0.0
3105,117271909,5408664,116438,2025-2026,128,,,,,,,,0.0
3106,117273515,5408664,116438,2025-2026,129,,,,,,,,0.0
3107,117289321,5408664,116438,2025-2026,130,,500000.0,,,,,,0.0
3108,117290355,5408664,116438,2025-2026,131,,500000.0,,,,,,0.0
3109,117292825,5408664,116438,2025-2026,132,,500000.0,,,,,,0.0
3110,117287279,5408664,116438,2025-2026,133,,50000.0,,,,,,0.0
3111,117287936,5408664,116438,2025-2026,134,,50000.0,,,,,,0.0
3112,117288401,5408664,116438,2025-2026,135,,50000.0,,,,,,0.0
3113,117146850,5408664,116438,2025-2026,136,,,,,,,,0.0
3114,117147737,5408664,116438,2025-2026,137,,,,,,,,0.0
3115,117149185,5408664,116438,2025-2026,138,,,,,,,,0.0
3116,117177960,5408664,116438,2025-2026,139,,,,,,,,0.0
3117,117274833,5408664,116438,2025-2026,140,,,,,,,,0.0
3118,117278044,5408664,116438,2025-2026,141,,,,,,,,0.0
3119,117278511,5408664,116438,2025-2026,142,,,,,,,,0.0
3120,117278948,5408664,116438,2025-2026,143,,,,,,,,0.0
3121,117904141,5408664,116438,2025-2026,144,XV Finance Commission,144000.0,144000.0,144000.0,144000.0,,,0.0
3122,117281929,5408664,116438,2025-2026,145,,100000.0,,,,,,0.0
3123,117292380,5408664,116438,2025-2026,146,,500000.0,,,,,,0.0
3124,121205376,5408664,116438,2025-2026,147,,150000.0,,,,,,0.0
3125,121213449,5408664,116438,2025-2026,148,,,,,,,,0.0
3126,121254740,5408664,116438,2025-2026,149,,,,,,,,0.0
3127,121254924,5408664,116438,2025-2026,150,,,,,,,,0.0
3128,117465544,5408664,116438,2025-2026,151,,100000.0,,,,,,0.0
3129,117465136,5408664,116438,2025-2026,152,,100000.0,,,,,,0.0
3130,121256242,5408664,116438,2025-2026,153,,,,,,,,0.0
3131,117465979,5408664,116438,2025-2026,154,,100000.0,,,,,,0.0
3132,121256537,5408664,116438,2025-2026,155,,,,,,,,0.0
3133,117467376,5408664,116438,2025-2026,156,,200000.0,,,,,,0.0
3134,117467716,5408664,116438,2025-2026,157,,200000.0,,,,,,0.0
3135,117467027,5408664,116438,2025-2026,158,,200000.0,,,,,,0.0
3136,117470053,5408664,116438,2025-2026,159,,1000000.0,,,,,,0.0
3137,117473023,5408664,116438,2025-2026,160,,,,,,,,0.0
3138,117473374,5408664,116438,2025-2026,161,,,,,,,,0.0
3139,117474765,5408664,116438,2025-2026,162,,5400.0,,,,,,0.0
3140,117476029,5408664,116438,2025-2026,163,,,,,,,,0.0
3141,117476753,5408664,116438,2025-2026,164,,,,,,,,0.0
3142,117477118,5408664,116438,2025-2026,165,,,,,,,,0.0
3143,117475699,5408664,116438,2025-2026,166,,,,,,,,0.0
3144,117477450,5408664,116438,2025-2026,167,,,,,,,,0.0
3145,117914572,5408664,116438,2025-2026,168,,30000.0,,,,,,0.0
3146,108786429,5408664,116438,2025-2026,169,,,,,,,,0.0
3147,108786473,5408664,116438,2025-2026,170,,,,,,,,0.0
3148,108786511,5408664,116438,2025-2026,171,,,,,,,,0.0
3149,108786596,5408664,116438,2025-2026,172,,500000.0,,,,,,0.0
3150,115882372,5408664,116438,2025-2026,173,,,,,,,,0.0
3151,115979943,5408664,116438,2025-2026,174,,90000.0,,,,,,0.0
3152,116134068,5408664,116438,2025-2026,175,,,,,,,,0.0
3153,116143083,5408664,116438,2025-2026,176,,,,,,,,0.0
3154,116321621,5408664,116438,2025-2026,177,,,,,,,,0.0
3155,116323575,5408664,116438,2025-2026,178,,,,,,,,0.0
3156,116324404,5408664,116438,2025-2026,179,,,,,,,,0.0
3157,116325601,5408664,116438,2025-2026,180,,,,,,,,0.0
3158,116326386,5408664,116438,2025-2026,181,,,,,,,,0.0
3159,116327501,5408664,116438,2025-2026,182,,10000.0,,,,,,0.0
3160,116328708,5408664,116438,2025-2026,183,,,,,,,,0.0
3161,117086081,5408664,116438,2025-2026,184,,,,,,,,0.0
3162,117090329,5408664,116438,2025-2026,185,,,,,,,,0.0
3163,117091812,5408664,116438,2025-2026,186,,,,,,,,0.0
3164,117093276,5408664,116438,2025-2026,187,,20000.0,,,,,,0.0
3165,117095071,5408664,116438,2025-2026,188,,,,,,,,0.0
3166,117096175,5408664,116438,2025-2026,189,,,,,,,,0.0
3167,117099045,5408664,116438,2025-2026,190,,,,,,,,0.0
3168,117099442,5408664,116438,2025-2026,191,,,,,,,,0.0
3169,117100163,5408664,116438,2025-2026,192,,20000.0,,,,,,0.0
3170,117100724,5408664,116438,2025-2026,193,,20000.0,,,,,,0.0
3171,117101201,5408664,116438,2025-2026,194,,20000.0,,,,,,0.0
3172,117102811,5408664,116438,2025-2026,195,,1000.0,,,,,,0.0
3173,117107096,5408664,116438,2025-2026,196,,500000.0,,,,,,0.0
3174,117107749,5408664,116438,2025-2026,197,,500000.0,,,,,,0.0
3175,117107960,5408664,116438,2025-2026,198,,500000.0,,,,,,0.0
3176,117130987,5408664,116438,2025-2026,199,,132450.0,,,,,,0.0
3177,117133738,5408664,116438,2025-2026,200,,50000.0,,,,,,0.0
3178,117134469,5408664,116438,2025-2026,201,,50000.0,,,,,,0.0
3179,117135430,5408664,116438,2025-2026,202,,50000.0,,,,,,0.0
3180,117142101,5408664,116438,2025-2026,203,,500000.0,,,,,,0.0
3181,117142704,5408664,116438,2025-2026,204,,500000.0,,,,,,0.0
3182,117143622,5408664,116438,2025-2026,205,,,,,,,,0.0
3183,117149789,5408664,116438,2025-2026,206,,,,,,,,0.0
3184,117177788,5408664,116438,2025-2026,207,,,,,,,,0.0
3185,117178279,5408664,116438,2025-2026,208,,,,,,,,0.0
3186,117178788,5408664,116438,2025-2026,209,,,,,,,,0.0
3187,117179065,5408664,116438,2025-2026,210,,,,,,,,0.0
3188,117238107,5408664,116438,2025-2026,211,,10000.0,,,,,,0.0
3189,117274039,5408664,116438,2025-2026,212,,,,,,,,0.0
3190,117277270,5408664,116438,2025-2026,213,,,,,,,,0.0
3191,117289678,5408664,116438,2025-2026,214,,500000.0,,,,,,0.0
3192,117289986,5408664,116438,2025-2026,215,,500000.0,,,,,,0.0
3193,117469272,5408664,116438,2025-2026,216,,10000.0,,,,,,0.0
3194,117291285,5408664,116438,2025-2026,217,,500000.0,,,,,,0.0
3195,117468829,5408664,116438,2025-2026,218,,10000.0,,,,,,0.0
3196,117470982,5408664,116438,2025-2026,219,,10000.0,,,,,,0.0
3197,117471668,5408664,116438,2025-2026,220,,,,,,,,0.0
3198,117472107,5408664,116438,2025-2026,221,,,,,,,,0.0
3199,117909947,5408664,116438,2025-2026,222,XV Finance Commission,60000.0,60000.0,60000.0,60000.0,,,59023.0
3200,117910218,5408664,116438,2025-2026,223,XV Finance Commission,150000.0,150000.0,150000.0,150000.0,,,149769.0
3201,117909647,5408664,116438,2025-2026,224,,50000.0,,,,,,0.0
3202,117913858,5408664,116438,2025-2026,225,,50000.0,,,,,,0.0
3203,117915280,5408664,116438,2025-2026,226,,350000.0,,,,,,0.0
3204,117915679,5408664,116438,2025-2026,227,,300000.0,,,,,,0.0
3205,117916072,5408664,116438,2025-2026,228,,115000.0,,,,,,0.0
3206,117916401,5408664,116438,2025-2026,229,,200000.0,,,,,,0.0
3207,117916983,5408664,116438,2025-2026,230,,321120.0,,,,,,0.0
3208,117917353,5408664,116438,2025-2026,231,,10000.0,,,,,,0.0
3209,117918868,5408664,116438,2025-2026,232,,300000.0,,,,,,0.0
3210,121255360,5408664,116438,2025-2026,233,,,,,,,,0.0
3211,121255576,5408664,116438,2025-2026,234,,,,,,,,0.0
3212,121255923,5408664,116438,2025-2026,235,,,,,,,,0.0
3213,117108146,5408664,116438,2025-2026,236,,500000.0,,,,,,0.0
3214,117108380,5408664,116438,2025-2026,237,,500000.0,,,,,,0.0
3215,121260668,5408664,116438,2025-2026,238,XV Finance Commission,195000.0,195000.0,195000.0,195000.0,,,39000.0
3216,117905846,5408664,116438,2025-2026,239,XV Finance Commission,205672.0,205672.0,205672.0,205672.0,,,158927.0
3217,44022767,3128817,117951,2020-2021,1,XV Finance Commission,100000.0,100000.0,100000.0,100000.0,,,95430.0
3218,44022548,3128817,117951,2020-2021,2,,19200.0,,,,,,0.0
3219,44022696,3128817,117951,2020-2021,3,XV Finance Commission,234633.0,234633.0,234633.0,234633.0,,,169425.0
3220,44022789,3128817,117951,2020-2021,4,,20000.0,,,,,,0.0
3221,44022798,3128817,117951,2020-2021,5,XV Finance Commission,236791.0,236791.0,236791.0,236791.0,,,203440.0
3222,44022861,3128817,117951,2020-2021,6,5TH STATE FINANCE COMMISSION,56000.0,56000.0,56000.0,56000.0,,,53235.0
3223,44022775,3128817,117951,2020-2021,7,XV Finance Commission,200000.0,200000.0,200000.0,200000.0,,,191412.0
3224,44022870,3128817,117951,2020-2021,8,5TH STATE FINANCE COMMISSION,218032.0,218032.0,218032.0,218032.0,,,204850.0
3225,44022808,3128817,117951,2020-2021,9,5TH STATE FINANCE COMMISSION,150000.0,150000.0,150000.0,150000.0,,,142740.0
3226,44022741,3128817,117951,2020-2021,10,XV Finance Commission,121321.0,121321.0,121321.0,121321.0,,,115549.0
3227,44022832,3128817,117951,2020-2021,11,5TH STATE FINANCE COMMISSION,150000.0,150000.0,150000.0,150000.0,,,144854.0
3228,44022484,3128817,117951,2020-2021,12,XV Finance Commission,160000.0,160000.0,160000.0,160000.0,,,157145.0
3229,44022634,3128817,117951,2020-2021,13,XV Finance Commission,100000.0,100000.0,100000.0,100000.0,,,0.0
3230,44022587,3128817,117951,2020-2021,14,XV Finance Commission,100000.0,100000.0,100000.0,100000.0,,,0.0
3231,44023011,3128817,117951,2020-2021,15,XV Finance Commission,100000.0,100000.0,100000.0,100000.0,,,0.0
3232,44022682,3128817,117951,2020-2021,16,XV Finance Commission,160000.0,160000.0,160000.0,160000.0,,,0.0
3233,44022712,3128817,117951,2020-2021,17,XV Finance Commission,150000.0,150000.0,150000.0,150000.0,,,0.0
3234,44022650,3128817,117951,2020-2021,18,XV Finance Commission,100000.0,100000.0,100000.0,100000.0,,,0.0
3235,44022727,3128817,117951,2020-2021,19,XV Finance Commission,150000.0,150000.0,150000.0,150000.0,,,0.0
3236,44022847,3128817,117951,2020-2021,20,5TH STATE FINANCE COMMISSION,190000.0,190000.0,190000.0,190000.0,,,184300.0
3237,44022668,3128817,117951,2020-2021,21,XV Finance Commission,100000.0,100000.0,100000.0,100000.0,,,97000.0
3238,44022755,3128817,117951,2020-2021,22,XV Finance Commission,100000.0,100000.0,100000.0,100000.0,,,92285.0
3239,44022619,3128817,117951,2020-2021,23,XV Finance Commission,60000.0,60000.0,60000.0,60000.0,,,0.0
3240,44022784,3128817,117951,2020-2021,24,XV Finance Commission,100000.0,100000.0,100000.0,100000.0,,,95529.0
3241,44022719,3128817,117951,2020-2021,25,XV Finance Commission,128679.0,128679.0,128679.0,128679.0,,,119697.0
3242,44022883,3128817,117951,2020-2021,26,5TH STATE FINANCE COMMISSION,50000.0,50000.0,50000.0,50000.0,,,50000.0
3243,44022602,3128817,117951,2020-2021,27,XV Finance Commission,6000.0,6000.0,6000.0,6000.0,,,0.0
3244,52846250,3620284,117951,2020-2021,1,XV Finance Commission,100000.0,100000.0,100000.0,100000.0,,,92501.0
3245,52846339,3620284,117951,2020-2021,2,XV Finance Commission,400000.0,410000.0,400000.0,400000.0,,,397700.0
3246,52846425,3620284,117951,2020-2021,3,,160000.0,,,,,,0.0
3247,66070594,4368419,117951,2020-2021,1,XV Finance Commission,100000.0,100000.0,100000.0,100000.0,,,100000.0
3248,66070661,4368419,117951,2020-2021,2,,7050909.0,,,,,,0.0
3249,66070750,4368419,117951,2020-2021,3,,244660.0,,,,,,0.0
3250,66070773,4368419,117951,2020-2021,4,,244660.0,,,,,,0.0
3251,66070790,4368419,117951,2020-2021,5,,162806.0,,,,,,0.0
3252,66070565,4368419,117951,2020-2021,6,XV Finance Commission,100000.0,100000.0,100000.0,100000.0,,,100000.0
3253,54758039,3334184,117951,2021-2022,1,XV Finance Commission,600000.0,600000.0,600000.0,600000.0,,,581857.0
3254,54757828,3334184,117951,2021-2022,2,XV Finance Commission,558789.0,558789.0,558789.0,558789.0,,,0.0
3255,54757869,3334184,117951,2021-2022,3,XV Finance Commission,276630.0,276630.0,276630.0,276630.0,,,271043.0
3256,54758155,3334184,117951,2021-2022,4,5TH STATE FINANCE COMMISSION,214032.0,214032.0,214032.0,214032.0,,,209535.0
3257,54758005,3334184,117951,2021-2022,5,XV Finance Commission,282159.0,282159.0,282159.0,282159.0,,,276220.0
3258,54758087,3334184,117951,2021-2022,6,XV Finance Commission,145052.0,145052.0,145052.0,145052.0,,,141480.0
3259,54758281,3334184,117951,2021-2022,7,5TH STATE FINANCE COMMISSION,200000.0,200000.0,200000.0,200000.0,,,176523.0
3260,54758315,3334184,117951,2021-2022,8,5TH STATE FINANCE COMMISSION,200000.0,200000.0,200000.0,200000.0,,,193941.0
3261,54758235,3334184,117951,2021-2022,9,5TH STATE FINANCE COMMISSION,200000.0,,200000.0,200000.0,,,184620.0
3262,55269673,4368468,117951,2021-2022,1,,239130.0,,,,,,0.0
3263,55269695,4368468,117951,2021-2022,2,,239130.0,,,,,,0.0
3264,55269724,4368468,117951,2021-2022,3,,52867.0,,,,,,0.0
3265,55269749,4368468,117951,2021-2022,4,,52867.0,,,,,,0.0
3266,66071033,4368468,117951,2021-2022,5,XV Finance Commission,558789.0,558789.0,558789.0,558789.0,,,558717.0
3267,65351888,4029768,117951,2022-2023,1,XV Finance Commission,200000.0,200000.0,200000.0,200000.0,,,187088.0
3268,65351930,4029768,117951,2022-2023,2,5TH STATE FINANCE COMMISSION,160271.0,160271.0,160271.0,160271.0,,,155455.0
3269,65351701,4029768,117951,2022-2023,3,XV Finance Commission,200000.0,200000.0,200000.0,200000.0,,,200000.0
3270,60104110,4029768,117951,2022-2023,4,,45385.0,,,,,,0.0
3271,60105170,4029768,117951,2022-2023,5,,155444.0,,,,,,0.0
3272,60105431,4029768,117951,2022-2023,6,,155444.0,,,,,,0.0
3273,60105698,4029768,117951,2022-2023,7,,207262.0,,,,,,0.0
3274,65351635,4029768,117951,2022-2023,8,XV Finance Commission,182541.0,182541.0,182541.0,182541.0,,,182541.0
3275,65351915,4029768,117951,2022-2023,9,XV Finance Commission,50000.0,50000.0,50000.0,50000.0,,,40725.0
3276,65351656,4029768,117951,2022-2023,10,XV Finance Commission,100000.0,100000.0,100000.0,100000.0,,,100000.0
3277,65351904,4029768,117951,2022-2023,11,XV Finance Commission,321389.0,321389.0,321389.0,321389.0,,,314963.0
3278,65351946,4029768,117951,2022-2023,12,5TH STATE FINANCE COMMISSION,453809.0,453809.0,453809.0,453809.0,,,444733.0
3279,65351749,4029768,117951,2022-2023,13,XV Finance Commission,178542.0,178542.0,178542.0,178542.0,,,178000.0
3280,65351969,4029768,117951,2022-2023,14,5TH STATE FINANCE COMMISSION,200000.0,200000.0,200000.0,200000.0,,,194277.0
3281,65351675,4029768,117951,2022-2023,15,XV Finance Commission,96000.0,96000.0,96000.0,96000.0,,,86000.0
3282,65351766,4029768,117951,2022-2023,16,XV Finance Commission,150000.0,150000.0,150000.0,150000.0,,,144204.0
3283,65351718,4029768,117951,2022-2023,17,XV Finance Commission,200000.0,200000.0,200000.0,200000.0,,,188818.0
3284,65351853,4029768,117951,2022-2023,18,XV Finance Commission,50000.0,50000.0,50000.0,50000.0,,,46348.0
3285,65351733,4029768,117951,2022-2023,19,XV Finance Commission,200000.0,200000.0,200000.0,200000.0,,,197093.0
3286,76388028,4563076,117951,2023-2024,1,,,,,,,,0.0
3287,76405064,4563076,117951,2023-2024,2,,,,,,,,0.0
3288,75498778,4563076,117951,2023-2024,3,,,,,,,,0.0
3289,75499654,4563076,117951,2023-2024,4,,,,,,,,0.0
3290,75482874,4563076,117951,2023-2024,5,,,,,,,,0.0
3291,75481573,4563076,117951,2023-2024,6,,,,,,,,0.0
3292,77804793,4563076,117951,2023-2024,7,,,,,,,,0.0
3293,77809831,4563076,117951,2023-2024,8,,,,,,,,0.0
3294,78133461,4563076,117951,2023-2024,9,,500000.0,,,,,,0.0
3295,77951074,4563076,117951,2023-2024,10,,500000.0,,,,,,0.0
3296,77953022,4563076,117951,2023-2024,11,,500000.0,,,,,,0.0
3297,77955714,4563076,117951,2023-2024,12,,500000.0,,,,,,0.0
3298,69917365,4563076,117951,2023-2024,13,,100000.0,,,,,,0.0
3299,78238853,4563076,117951,2023-2024,14,,12000.0,,,,,,0.0
3300,78185665,4563076,117951,2023-2024,15,,100000.0,,,,,,0.0
3301,78188056,4563076,117951,2023-2024,16,,1000000.0,,,,,,0.0
3302,76269640,4563076,117951,2023-2024,17,,,,,,,,0.0
3303,76271453,4563076,117951,2023-2024,18,,,,,,,,0.0
3304,76357037,4563076,117951,2023-2024,19,,,,,,,,0.0
3305,76392812,4563076,117951,2023-2024,20,,,,,,,,0.0
3306,76394478,4563076,117951,2023-2024,21,,,,,,,,0.0
3307,76396583,4563076,117951,2023-2024,22,,,,,,,,0.0
3308,76951751,4563076,117951,2023-2024,23,,250000.0,,,,,,0.0
3309,77533068,4563076,117951,2023-2024,24,,,,,,,,0.0
3310,77859955,4563076,117951,2023-2024,25,,1000000.0,,,,,,0.0
3311,77870203,4563076,117951,2023-2024,26,,1000000.0,,,,,,0.0
3312,77870536,4563076,117951,2023-2024,27,,1000000.0,,,,,,0.0
3313,77873480,4563076,117951,2023-2024,28,,1000000.0,,,,,,0.0
3314,77874134,4563076,117951,2023-2024,29,,1000000.0,,,,,,0.0
3315,77874426,4563076,117951,2023-2024,30,,1000000.0,,,,,,0.0
3316,77874805,4563076,117951,2023-2024,31,,6417500.0,,,,,,0.0
3317,77874957,4563076,117951,2023-2024,32,,600000.0,,,,,,0.0
3318,78462492,4563076,117951,2023-2024,33,,,,,,,,0.0
3319,78448665,4563076,117951,2023-2024,34,5TH STATE FINANCE COMMISSION,200000.0,200000.0,200000.0,200000.0,,,198326.0
3320,78461519,4563076,117951,2023-2024,35,,,,,,,,0.0
3321,78462009,4563076,117951,2023-2024,36,,,,,,,,0.0
3322,78450132,4563076,117951,2023-2024,37,5TH STATE FINANCE COMMISSION,161085.0,161085.0,161085.0,161085.0,,,145732.0
3323,78447588,4563076,117951,2023-2024,38,XV Finance Commission,195093.0,195093.0,195093.0,195093.0,,,192682.0
3324,75456664,4563076,117951,2023-2024,39,,,,,,,,0.0
3325,75457082,4563076,117951,2023-2024,40,,,,,,,,0.0
3326,75457545,4563076,117951,2023-2024,41,,,,,,,,0.0
3327,75457755,4563076,117951,2023-2024,42,,,,,,,,0.0
3328,75458221,4563076,117951,2023-2024,43,,,,,,,,0.0
3329,75459583,4563076,117951,2023-2024,44,,,,,,,,0.0
3330,75459781,4563076,117951,2023-2024,45,,,,,,,,0.0
3331,75459045,4563076,117951,2023-2024,46,,,,,,,,0.0
3332,75466192,4563076,117951,2023-2024,47,,,,,,,,0.0
3333,75466470,4563076,117951,2023-2024,48,,,,,,,,0.0
3334,75466984,4563076,117951,2023-2024,49,,,,,,,,0.0
3335,75480282,4563076,117951,2023-2024,50,,,,,,,,0.0
3336,75482461,4563076,117951,2023-2024,51,,,,,,,,0.0
3337,75498477,4563076,117951,2023-2024,52,,,,,,,,0.0
3338,75500916,4563076,117951,2023-2024,53,,,,,,,,0.0
3339,75501174,4563076,117951,2023-2024,54,,,,,,,,0.0
3340,76390362,4563076,117951,2023-2024,55,,,,,,,,0.0
3341,77808155,4563076,117951,2023-2024,56,,,,,,,,0.0
3342,77849903,4563076,117951,2023-2024,57,,,,,,,,0.0
3343,77851902,4563076,117951,2023-2024,58,,,,,,,,0.0
3344,78236260,4563076,117951,2023-2024,59,,60000.0,,,,,,0.0
3345,78241345,4563076,117951,2023-2024,60,,30.0,,,,,,0.0
3346,78238533,4563076,117951,2023-2024,61,,11700.0,,,,,,0.0
3347,75459962,4563076,117951,2023-2024,62,,,,,,,,0.0
3348,75460200,4563076,117951,2023-2024,63,,,,,,,,0.0
3349,75478046,4563076,117951,2023-2024,64,,,,,,,,0.0
3350,76246310,4563076,117951,2023-2024,65,,,,,,,,0.0
3351,78110710,4563076,117951,2023-2024,66,,1000000.0,,,,,,0.0
3352,75455654,4563076,117951,2023-2024,67,,,,,,,,0.0
3353,75479686,4563076,117951,2023-2024,68,,20.0,,,,,,0.0
3354,76400809,4563076,117951,2023-2024,69,,,,,,,,0.0
3355,77866939,4563076,117951,2023-2024,70,,1000000.0,,,,,,0.0
3356,77867474,4563076,117951,2023-2024,71,,1000000.0,,,,,,0.0
3357,77966817,4563076,117951,2023-2024,72,,1000000.0,,,,,,0.0
3358,77968913,4563076,117951,2023-2024,73,,1000000.0,,,,,,0.0
3359,77972658,4563076,117951,2023-2024,74,,1000000.0,,,,,,0.0
3360,77987006,4563076,117951,2023-2024,75,,1000000.0,,,,,,0.0
3361,78014585,4563076,117951,2023-2024,76,,1000000.0,,,,,,0.0
3362,78017233,4563076,117951,2023-2024,77,,1000000.0,,,,,,0.0
3363,78240704,4563076,117951,2023-2024,78,,12000.0,,,,,,0.0
3364,78466235,4563076,117951,2023-2024,79,5TH STATE FINANCE COMMISSION,100000.0,100000.0,100000.0,100000.0,,,0.0
3365,76265677,4563076,117951,2023-2024,80,,,,,,,,0.0
3366,76275634,4563076,117951,2023-2024,81,,,,,,,,0.0
3367,76278387,4563076,117951,2023-2024,82,,,,,,,,0.0
3368,76442140,4563076,117951,2023-2024,83,,,,,,,,0.0
3369,76444742,4563076,117951,2023-2024,84,,,,,,,,0.0
3370,78135995,4563076,117951,2023-2024,85,,500000.0,,,,,,0.0
3371,78140088,4563076,117951,2023-2024,86,,500000.0,,,,,,0.0
3372,78143397,4563076,117951,2023-2024,87,,500000.0,,,,,,0.0
3373,77543860,4563076,117951,2023-2024,88,,,,,,,,0.0
3374,77941953,4563076,117951,2023-2024,89,,,,,,,,0.0
3375,78470758,4563076,117951,2023-2024,90,,,,,,,,0.0
3376,78471252,4563076,117951,2023-2024,91,,,,,,,,0.0
3377,78472355,4563076,117951,2023-2024,92,,,,,,,,0.0
3378,78473174,4563076,117951,2023-2024,93,,,,,,,,0.0
3379,78473567,4563076,117951,2023-2024,94,,,,,,,,0.0
3380,78473759,4563076,117951,2023-2024,95,,,,,,,,0.0
3381,78474456,4563076,117951,2023-2024,96,,,,,,,,0.0
3382,75455883,4563076,117951,2023-2024,97,,,,,,,,0.0
3383,75460436,4563076,117951,2023-2024,98,,,,,,,,0.0
3384,75460865,4563076,117951,2023-2024,99,,,,,,,,0.0
3385,75464054,4563076,117951,2023-2024,100,,,,,,,,0.0
3386,75464853,4563076,117951,2023-2024,101,,,,,,,,0.0
3387,78472057,4563076,117951,2023-2024,102,,,,,,,,0.0
3388,78473315,4563076,117951,2023-2024,103,,,,,,,,0.0
3389,78474222,4563076,117951,2023-2024,104,,,,,,,,0.0
3390,75465217,4563076,117951,2023-2024,105,,,,,,,,0.0
3391,75465593,4563076,117951,2023-2024,106,,,,,,,,0.0
3392,75465950,4563076,117951,2023-2024,107,,,,,,,,0.0
3393,75467275,4563076,117951,2023-2024,108,,,,,,,,0.0
3394,75468014,4563076,117951,2023-2024,109,,,,,,,,0.0
3395,75477533,4563076,117951,2023-2024,110,,,,,,,,0.0
3396,75481911,4563076,117951,2023-2024,111,,,,,,,,0.0
3397,75482162,4563076,117951,2023-2024,112,,,,,,,,0.0
3398,75483319,4563076,117951,2023-2024,113,,,,,,,,0.0
3399,75483839,4563076,117951,2023-2024,114,,,,,,,,0.0
3400,75484220,4563076,117951,2023-2024,115,,,,,,,,0.0
3401,75485640,4563076,117951,2023-2024,116,,,,,,,,0.0
3402,75499054,4563076,117951,2023-2024,117,,,,,,,,0.0
3403,75499474,4563076,117951,2023-2024,118,,,,,,,,0.0
3404,75500758,4563076,117951,2023-2024,119,,,,,,,,0.0
3405,76249972,4563076,117951,2023-2024,120,,,,,,,,0.0
3406,76254032,4563076,117951,2023-2024,121,,,,,,,,0.0
3407,76256920,4563076,117951,2023-2024,122,,,,,,,,0.0
3408,76260456,4563076,117951,2023-2024,123,,,,,,,,0.0
3409,76265678,4563076,117951,2023-2024,124,,,,,,,,0.0
3410,76279734,4563076,117951,2023-2024,125,,,,,,,,0.0
3411,76309784,4563076,117951,2023-2024,126,,,,,,,,0.0
3412,76312410,4563076,117951,2023-2024,127,,,,,,,,0.0
3413,76312901,4563076,117951,2023-2024,128,,,,,,,,0.0
3414,76349337,4563076,117951,2023-2024,129,,,,,,,,0.0
3415,76350783,4563076,117951,2023-2024,130,,,,,,,,0.0
3416,76352865,4563076,117951,2023-2024,131,,,,,,,,0.0
3417,76355165,4563076,117951,2023-2024,132,,,,,,,,0.0
3418,76357950,4563076,117951,2023-2024,133,,,,,,,,0.0
3419,76360273,4563076,117951,2023-2024,134,,,,,,,,0.0
3420,76367258,4563076,117951,2023-2024,135,,,,,,,,0.0
3421,76386694,4563076,117951,2023-2024,136,,,,,,,,0.0
3422,76397637,4563076,117951,2023-2024,137,,,,,,,,0.0
3423,76399540,4563076,117951,2023-2024,138,,,,,,,,0.0
3424,76402246,4563076,117951,2023-2024,139,,,,,,,,0.0
3425,76403386,4563076,117951,2023-2024,140,,,,,,,,0.0
3426,76445378,4563076,117951,2023-2024,141,,,,,,,,0.0
3427,76445724,4563076,117951,2023-2024,142,,,,,,,,0.0
3428,76446110,4563076,117951,2023-2024,143,,,,,,,,0.0
3429,76446182,4563076,117951,2023-2024,144,,,,,,,,0.0
3430,76446553,4563076,117951,2023-2024,145,,,,,,,,0.0
3431,76446803,4563076,117951,2023-2024,146,,,,,,,,0.0
3432,76447032,4563076,117951,2023-2024,147,,,,,,,,0.0
3433,76447396,4563076,117951,2023-2024,148,,,,,,,,0.0
3434,77538462,4563076,117951,2023-2024,149,,,,,,,,0.0
3435,77541948,4563076,117951,2023-2024,150,,,,,,,,0.0
3436,77542787,4563076,117951,2023-2024,151,,,,,,,,0.0
3437,77544569,4563076,117951,2023-2024,152,,,,,,,,0.0
3438,77599524,4563076,117951,2023-2024,153,,,,,,,,0.0
3439,77606380,4563076,117951,2023-2024,154,,,,,,,,0.0
3440,77802669,4563076,117951,2023-2024,155,,,,,,,,0.0
3441,77806083,4563076,117951,2023-2024,156,,,,,,,,0.0
3442,77853223,4563076,117951,2023-2024,157,,,,,,,,0.0
3443,77855017,4563076,117951,2023-2024,158,,,,,,,,0.0
3444,77856121,4563076,117951,2023-2024,159,,,,,,,,0.0
3445,77856823,4563076,117951,2023-2024,160,,,,,,,,0.0
3446,77857919,4563076,117951,2023-2024,161,,,,,,,,0.0
3447,77869836,4563076,117951,2023-2024,162,,1000000.0,,,,,,0.0
3448,77875062,4563076,117951,2023-2024,163,,600000.0,,,,,,0.0
3449,77937011,4563076,117951,2023-2024,164,,1000000.0,,,,,,0.0
3450,77946183,4563076,117951,2023-2024,165,,500000.0,,,,,,0.0
3451,77948356,4563076,117951,2023-2024,166,,500000.0,,,,,,0.0
3452,77958266,4563076,117951,2023-2024,167,,500000.0,,,,,,0.0
3453,77960312,4563076,117951,2023-2024,168,,500000.0,,,,,,0.0
3454,77991425,4563076,117951,2023-2024,169,,1000000.0,,,,,,0.0
3455,77999024,4563076,117951,2023-2024,170,,1000000.0,,,,,,0.0
3456,78003217,4563076,117951,2023-2024,171,,1000000.0,,,,,,0.0
3457,78007531,4563076,117951,2023-2024,172,,1000000.0,,,,,,0.0
3458,78010014,4563076,117951,2023-2024,173,,1000000.0,,,,,,0.0
3459,78012373,4563076,117951,2023-2024,174,,1000000.0,,,,,,0.0
3460,78027779,4563076,117951,2023-2024,175,,1000000.0,,,,,,0.0
3461,78030342,4563076,117951,2023-2024,176,,1000000.0,,,,,,0.0
3462,78035379,4563076,117951,2023-2024,177,,1000000.0,,,,,,0.0
3463,78093417,4563076,117951,2023-2024,178,,1000000.0,,,,,,0.0
3464,78096874,4563076,117951,2023-2024,179,,1000000.0,,,,,,0.0
3465,78099308,4563076,117951,2023-2024,180,,1000000.0,,,,,,0.0
3466,78113514,4563076,117951,2023-2024,181,,1000000.0,,,,,,0.0
3467,78116863,4563076,117951,2023-2024,182,,1000000.0,,,,,,0.0
3468,78118895,4563076,117951,2023-2024,183,,1000000.0,,,,,,0.0
3469,78124130,4563076,117951,2023-2024,184,,500000.0,,,,,,0.0
3470,78127429,4563076,117951,2023-2024,185,,500000.0,,,,,,0.0
3471,78129623,4563076,117951,2023-2024,186,,500000.0,,,,,,0.0
3472,78237167,4563076,117951,2023-2024,187,,100000.0,,,,,,0.0
3473,78237594,4563076,117951,2023-2024,188,,100000.0,,,,,,0.0
3474,78238037,4563076,117951,2023-2024,189,,100000.0,,,,,,0.0
3475,78239485,4563076,117951,2023-2024,190,,200000.0,,,,,,0.0
3476,78239975,4563076,117951,2023-2024,191,,200000.0,,,,,,0.0
3477,78470983,4563076,117951,2023-2024,192,,,,,,,,0.0
3478,78474059,4563076,117951,2023-2024,193,,,,,,,,0.0
3479,78453646,4563076,117951,2023-2024,194,5TH STATE FINANCE COMMISSION,100000.0,100000.0,100000.0,100000.0,,,99000.0
3480,69853407,4563076,117951,2023-2024,195,XV Finance Commission,100000.0,100000.0,100000.0,100000.0,,,94699.0
3481,69854522,4563076,117951,2023-2024,196,XV Finance Commission,200000.0,200000.0,200000.0,200000.0,,,0.0
3482,69908746,4563076,117951,2023-2024,197,XV Finance Commission,12000.0,12000.0,12000.0,12000.0,,,12000.0
3483,69910003,4563076,117951,2023-2024,198,XV Finance Commission,73279.0,73279.0,73279.0,73279.0,,,72325.0
3484,69833121,4563076,117951,2023-2024,199,XV Finance Commission,70000.0,70000.0,70000.0,70000.0,,,66500.0
3485,69832252,4563076,117951,2023-2024,200,XV Finance Commission,50000.0,50000.0,50000.0,50000.0,,,47500.0
3486,78465024,4563076,117951,2023-2024,201,XV Finance Commission,300000.0,300000.0,300000.0,300000.0,,,287734.0
3487,69837279,4563076,117951,2023-2024,202,XV Finance Commission,50000.0,50000.0,50000.0,50000.0,,,45000.0
3488,69898097,4563076,117951,2023-2024,203,XV Finance Commission,200000.0,200000.0,200000.0,200000.0,,,195582.0
3489,69830257,4563076,117951,2023-2024,204,XV Finance Commission,70000.0,70000.0,70000.0,70000.0,,,69119.0
3490,78449148,4563076,117951,2023-2024,205,5TH STATE FINANCE COMMISSION,150000.0,150000.0,150000.0,150000.0,,,137454.0
3491,69844889,4563076,117951,2023-2024,206,XV Finance Commission,75000.0,75000.0,75000.0,75000.0,,,74182.0
3492,78466559,4563076,117951,2023-2024,207,5TH STATE FINANCE COMMISSION,103695.0,103695.0,103695.0,103695.0,,,102577.0
3493,69860405,4563076,117951,2023-2024,208,XV Finance Commission,135279.0,135279.0,135279.0,135279.0,,,117995.0
3494,69843001,4563076,117951,2023-2024,209,XV Finance Commission,48000.0,48000.0,48000.0,48000.0,,,42500.0
3495,69839770,4563076,117951,2023-2024,210,XV Finance Commission,50000.0,50000.0,50000.0,50000.0,,,0.0
3496,69842037,4563076,117951,2023-2024,211,XV Finance Commission,127279.0,127279.0,127279.0,127279.0,,,0.0
3497,69830937,4563076,117951,2023-2024,212,XV Finance Commission,70000.0,70000.0,70000.0,70000.0,,,68500.0
3498,69844072,4563076,117951,2023-2024,213,XV Finance Commission,75000.0,75000.0,75000.0,75000.0,,,0.0
3499,78438619,4563076,117951,2023-2024,214,XV Finance Commission,50000.0,50000.0,50000.0,50000.0,,,0.0
3500,102905636,5054379,117951,2024-2025,1,,,,,,,,0.0
3501,102917669,5054379,117951,2024-2025,2,,,,,,,,0.0
3502,102923192,5054379,117951,2024-2025,3,,48000.0,,,,,,0.0
3503,102922165,5054379,117951,2024-2025,4,,,,,,,,0.0
3504,102965535,5054379,117951,2024-2025,5,,,,,,,,0.0
3505,102901334,5054379,117951,2024-2025,6,,,,,,,,0.0
3506,102902663,5054379,117951,2024-2025,7,,,,,,,,0.0
3507,102960957,5054379,117951,2024-2025,8,,,,,,,,0.0
3508,102962976,5054379,117951,2024-2025,9,,,,,,,,0.0
3509,102965694,5054379,117951,2024-2025,10,,,,,,,,0.0
3510,102973670,5054379,117951,2024-2025,11,,,,,,,,0.0
3511,102976601,5054379,117951,2024-2025,12,,,,,,,,0.0
3512,99359239,5054379,117951,2024-2025,13,,,,,,,,0.0
3513,100210171,5054379,117951,2024-2025,14,XV Finance Commission,100000.0,100000.0,100000.0,100000.0,,,0.0
3514,102946547,5054379,117951,2024-2025,15,,,,,,,,0.0
3515,102937022,5054379,117951,2024-2025,16,,7000.0,,,,,,0.0
3516,100220623,5054379,117951,2024-2025,17,5TH STATE FINANCE COMMISSION,150000.0,150000.0,150000.0,150000.0,,,148500.0
3517,102934146,5054379,117951,2024-2025,18,,7000.0,,,,,,0.0
3518,102939652,5054379,117951,2024-2025,19,,2000.0,,,,,,0.0
3519,102961200,5054379,117951,2024-2025,20,,,,,,,,0.0
3520,102962039,5054379,117951,2024-2025,21,,,,,,,,0.0
3521,102956984,5054379,117951,2024-2025,22,,,,,,,,0.0
3522,102957778,5054379,117951,2024-2025,23,,,,,,,,0.0
3523,102957978,5054379,117951,2024-2025,24,,,,,,,,0.0
3524,102959720,5054379,117951,2024-2025,25,,,,,,,,0.0
3525,102960058,5054379,117951,2024-2025,26,,,,,,,,0.0
3526,102962586,5054379,117951,2024-2025,27,,,,,,,,0.0
3527,102962692,5054379,117951,2024-2025,28,,,,,,,,0.0
3528,102963556,5054379,117951,2024-2025,29,,,,,,,,0.0
3529,102963875,5054379,117951,2024-2025,30,,,,,,,,0.0
3530,102964069,5054379,117951,2024-2025,31,,,,,,,,0.0
3531,102964663,5054379,117951,2024-2025,32,,,,,,,,0.0
3532,102966312,5054379,117951,2024-2025,33,,,,,,,,0.0
3533,102966603,5054379,117951,2024-2025,34,,,,,,,,0.0
3534,102973194,5054379,117951,2024-2025,35,,,,,,,,0.0
3535,102974240,5054379,117951,2024-2025,36,,,,,,,,0.0
3536,102974591,5054379,117951,2024-2025,37,,,,,,,,0.0
3537,102954516,5054379,117951,2024-2025,38,,,,,,,,0.0
3538,102975631,5054379,117951,2024-2025,39,,,,,,,,0.0
3539,93755372,5054379,117951,2024-2025,40,,,,,,,,0.0
3540,102904540,5054379,117951,2024-2025,41,,,,,,,,0.0
3541,102907510,5054379,117951,2024-2025,42,,,,,,,,0.0
3542,102908497,5054379,117951,2024-2025,43,,,,,,,,0.0
3543,102911235,5054379,117951,2024-2025,44,,,,,,,,0.0
3544,102912027,5054379,117951,2024-2025,45,,,,,,,,0.0
3545,102914365,5054379,117951,2024-2025,46,,,,,,,,0.0
3546,102915382,5054379,117951,2024-2025,47,,,,,,,,0.0
3547,102918916,5054379,117951,2024-2025,48,,,,,,,,0.0
3548,102941112,5054379,117951,2024-2025,49,,5000.0,,,,,,0.0
3549,102948831,5054379,117951,2024-2025,50,,,,,,,,0.0
3550,102950612,5054379,117951,2024-2025,51,,,,,,,,0.0
3551,102951470,5054379,117951,2024-2025,52,,,,,,,,0.0
3552,102952219,5054379,117951,2024-2025,53,,,,,,,,0.0
3553,102952895,5054379,117951,2024-2025,54,,,,,,,,0.0
3554,102953287,5054379,117951,2024-2025,55,,,,,,,,0.0
3555,102953818,5054379,117951,2024-2025,56,,,,,,,,0.0
3556,102954584,5054379,117951,2024-2025,57,,,,,,,,0.0
3557,102955377,5054379,117951,2024-2025,58,,,,,,,,0.0
3558,102955420,5054379,117951,2024-2025,59,,,,,,,,0.0
3559,102956295,5054379,117951,2024-2025,60,,,,,,,,0.0
3560,102956362,5054379,117951,2024-2025,61,,,,,,,,0.0
3561,100578945,5054379,117951,2024-2025,62,,,,,,,,0.0
3562,100270945,5054379,117951,2024-2025,63,,,,,,,,0.0
3563,100211323,5054379,117951,2024-2025,64,XV Finance Commission,100000.0,100000.0,100000.0,100000.0,,,98395.0
3564,99155011,5054379,117951,2024-2025,65,,,,,,,,0.0
3565,99157465,5054379,117951,2024-2025,66,,,,,,,,0.0
3566,99158943,5054379,117951,2024-2025,67,,,,,,,,0.0
3567,99161856,5054379,117951,2024-2025,68,,,,,,,,0.0
3568,99163899,5054379,117951,2024-2025,69,,23500.0,,,,,,0.0
3569,99174669,5054379,117951,2024-2025,70,,,,,,,,0.0
3570,99176129,5054379,117951,2024-2025,71,,,,,,,,0.0
3571,99176677,5054379,117951,2024-2025,72,,1000.0,,,,,,0.0
3572,99213378,5054379,117951,2024-2025,73,,,,,,,,0.0
3573,99213748,5054379,117951,2024-2025,74,,,,,,,,0.0
3574,99214600,5054379,117951,2024-2025,75,,,,,,,,0.0
3575,99155810,5054379,117951,2024-2025,76,,,,,,,,0.0
3576,99177337,5054379,117951,2024-2025,77,,100.0,,,,,,0.0
3577,99213936,5054379,117951,2024-2025,78,,,,,,,,0.0
3578,99210566,5054379,117951,2024-2025,79,,,,,,,,0.0
3579,99214200,5054379,117951,2024-2025,80,,,,,,,,0.0
3580,99369729,5054379,117951,2024-2025,81,XV Finance Commission,63000.0,63000.0,63000.0,63000.0,,,56700.0
3581,101370275,5054379,117951,2024-2025,82,XV Finance Commission,67118.0,67118.0,67118.0,67118.0,,,67118.0
3582,100074736,5054379,117951,2024-2025,83,XV Finance Commission,200000.0,200000.0,200000.0,200000.0,,,195322.0
3583,102979154,5054379,117951,2024-2025,84,XV Finance Commission,330000.0,330000.0,330000.0,330000.0,,,330000.0
3584,101975873,5054379,117951,2024-2025,85,,,,,,,,0.0
3585,101983020,5054379,117951,2024-2025,86,,,,,,,,0.0
3586,101984720,5054379,117951,2024-2025,87,,,,,,,,0.0
3587,101986224,5054379,117951,2024-2025,88,,,,,,,,0.0
3588,101987325,5054379,117951,2024-2025,89,,,,,,,,0.0
3589,101989485,5054379,117951,2024-2025,90,,,,,,,,0.0
3590,101974284,5054379,117951,2024-2025,91,,,,,,,,0.0
3591,99368323,5054379,117951,2024-2025,92,XV Finance Commission,30000.0,30000.0,30000.0,30000.0,,,28990.0
3592,102979344,5054379,117951,2024-2025,93,XV Finance Commission,50000.0,50000.0,50000.0,50000.0,,,48500.0
3593,100205302,5054379,117951,2024-2025,94,XV Finance Commission,100000.0,100000.0,100000.0,100000.0,,,90000.0
3594,100219982,5054379,117951,2024-2025,95,5TH STATE FINANCE COMMISSION,150000.0,150000.0,150000.0,150000.0,,,135000.0
3595,100077382,5054379,117951,2024-2025,96,XV Finance Commission,100000.0,100000.0,100000.0,100000.0,,,98034.0
3596,99364748,5054379,117951,2024-2025,97,XV Finance Commission,190000.0,190000.0,190000.0,190000.0,,,190000.0
3597,100215007,5054379,117951,2024-2025,98,5TH STATE FINANCE COMMISSION,114780.0,114780.0,114780.0,114780.0,,,113518.0
3598,100217369,5054379,117951,2024-2025,99,5TH STATE FINANCE COMMISSION,100000.0,100000.0,100000.0,100000.0,,,98880.0
3599,99363994,5054379,117951,2024-2025,100,XV Finance Commission,100118.0,100118.0,100118.0,100118.0,,,90012.0
3600,100076092,5054379,117951,2024-2025,101,XV Finance Commission,150000.0,150000.0,150000.0,150000.0,,,148324.0
3601,99365782,5054379,117951,2024-2025,102,XV Finance Commission,100000.0,100000.0,100000.0,100000.0,,,98676.0
3602,99370405,5054379,117951,2024-2025,103,XV Finance Commission,40000.0,40000.0,40000.0,40000.0,,,39200.0
3603,100213678,5054379,117951,2024-2025,104,5TH STATE FINANCE COMMISSION,100000.0,100000.0,100000.0,100000.0,,,98768.0
3604,100219381,5054379,117951,2024-2025,105,5TH STATE FINANCE COMMISSION,200000.0,200000.0,200000.0,200000.0,,,0.0
3605,99368969,5054379,117951,2024-2025,106,XV Finance Commission,60000.0,60000.0,60000.0,60000.0,,,28000.0
3606,99362422,5054379,117951,2024-2025,107,XV Finance Commission,140000.0,140000.0,140000.0,140000.0,,,0.0
3607,100203720,5054379,117951,2024-2025,108,XV Finance Commission,76824.0,76824.0,76824.0,76824.0,,,0.0
3608,99481915,5054379,117951,2024-2025,109,XV Finance Commission,70000.0,70000.0,70000.0,70000.0,,,33945.0
3609,117912265,5510248,117951,2025-2026,1,,,,,,,,0.0
3610,117195358,5510248,117951,2025-2026,2,,,,,,,,0.0
3611,117937620,5510248,117951,2025-2026,3,,,,,,,,0.0
3612,117937776,5510248,117951,2025-2026,4,,,,,,,,0.0
3613,117937947,5510248,117951,2025-2026,5,,,,,,,,0.0
3614,117938076,5510248,117951,2025-2026,6,,,,,,,,0.0
3615,117938621,5510248,117951,2025-2026,7,,,,,,,,0.0
3616,117938749,5510248,117951,2025-2026,8,,,,,,,,0.0
3617,117938912,5510248,117951,2025-2026,9,,,,,,,,0.0
3618,117955592,5510248,117951,2025-2026,10,,,,,,,,0.0
3619,117956113,5510248,117951,2025-2026,11,,,,,,,,0.0
3620,117956711,5510248,117951,2025-2026,12,,,,,,,,0.0
3621,118260858,5510248,117951,2025-2026,13,,20000.0,,,,,,0.0
3622,118261432,5510248,117951,2025-2026,14,,,,,,,,0.0
3623,118261876,5510248,117951,2025-2026,15,,,,,,,,0.0
3624,118263098,5510248,117951,2025-2026,16,,,,,,,,0.0
3625,118264260,5510248,117951,2025-2026,17,,,,,,,,0.0
3626,118266419,5510248,117951,2025-2026,18,,,,,,,,0.0
3627,121002351,5510248,117951,2025-2026,19,,,,,,,,0.0
3628,117198273,5510248,117951,2025-2026,20,,,,,,,,0.0
3629,121716756,5510248,117951,2025-2026,21,,1000000.0,,,,,,0.0
3630,121716938,5510248,117951,2025-2026,22,,1000000.0,,,,,,0.0
3631,121717064,5510248,117951,2025-2026,23,,1000000.0,,,,,,0.0
3632,121717135,5510248,117951,2025-2026,24,,1000000.0,,,,,,0.0
3633,121735557,5510248,117951,2025-2026,25,,,,,,,,0.0
3634,121735611,5510248,117951,2025-2026,26,,,,,,,,0.0
3635,121735656,5510248,117951,2025-2026,27,,,,,,,,0.0
3636,121735759,5510248,117951,2025-2026,28,,,,,,,,0.0
3637,121735811,5510248,117951,2025-2026,29,,,,,,,,0.0
3638,121735869,5510248,117951,2025-2026,30,,,,,,,,0.0
3639,121716820,5510248,117951,2025-2026,31,,1000000.0,,,,,,0.0
3640,121795376,5510248,117951,2025-2026,32,,,,,,,,0.0
3641,121795556,5510248,117951,2025-2026,33,,,,,,,,0.0
3642,113468094,5510248,117951,2025-2026,34,XV Finance Commission,39000.0,39000.0,39000.0,39000.0,,,0.0
3643,121796675,5510248,117951,2025-2026,35,XV Finance Commission,35000.0,35000.0,35000.0,35000.0,,,30962.0
3644,121796822,5510248,117951,2025-2026,36,XV Finance Commission,116118.0,116118.0,116118.0,116118.0,,,0.0
3645,121796911,5510248,117951,2025-2026,37,XV Finance Commission,400000.0,400000.0,400000.0,400000.0,,,323523.0
3646,121797055,5510248,117951,2025-2026,38,XV Finance Commission,510000.0,510000.0,510000.0,510000.0,,,444423.0
3647,121837616,5510248,117951,2025-2026,39,XV Finance Commission,40000.0,40000.0,40000.0,40000.0,,,39200.0
3648,121832603,5510248,117951,2025-2026,40,,3500.0,,,,,,0.0
3649,121836389,5510248,117951,2025-2026,41,XV Finance Commission,50000.0,50000.0,50000.0,50000.0,,,0.0
3650,121833242,5510248,117951,2025-2026,42,,3500.0,,,,,,0.0
3651,121836854,5510248,117951,2025-2026,43,,50000.0,50000.0,,,,,0.0
3652,121838294,5510248,117951,2025-2026,44,5TH STATE FINANCE COMMISSION,100000.0,100000.0,100000.0,100000.0,,,97436.0
3653,121837168,5510248,117951,2025-2026,45,,12000.0,12000.0,,,,,0.0
3654,121835287,5510248,117951,2025-2026,46,,150000.0,150000.0,,,,,0.0
3655,121853501,5510248,117951,2025-2026,47,,121000.0,,,,,,0.0
3656,121838664,5510248,117951,2025-2026,48,5TH STATE FINANCE COMMISSION,200000.0,200000.0,200000.0,200000.0,,,195563.0
3657,121860368,5510248,117951,2025-2026,49,,,,,,,,0.0
3658,121853879,5510248,117951,2025-2026,50,,121000.0,,,,,,0.0
3659,121860636,5510248,117951,2025-2026,51,,,,,,,,0.0
3660,121854237,5510248,117951,2025-2026,52,,121000.0,,,,,,0.0
3661,121861019,5510248,117951,2025-2026,53,,,,,,,,0.0
3662,121854553,5510248,117951,2025-2026,54,,121000.0,,,,,,0.0
3663,121861321,5510248,117951,2025-2026,55,,,,,,,,0.0
3664,121854886,5510248,117951,2025-2026,56,,121000.0,,,,,,0.0
3665,121867330,5510248,117951,2025-2026,57,,,,,,,,0.0
3666,121855171,5510248,117951,2025-2026,58,,121000.0,,,,,,0.0
3667,121872728,5510248,117951,2025-2026,59,,,,,,,,0.0
3668,121867457,5510248,117951,2025-2026,60,,,,,,,,0.0
3669,121840430,5510248,117951,2025-2026,61,,21600.0,,,,,,0.0
3670,121855418,5510248,117951,2025-2026,62,,121000.0,,,,,,0.0
3671,121862458,5510248,117951,2025-2026,63,,,,,,,,0.0
3672,121855745,5510248,117951,2025-2026,64,,121000.0,,,,,,0.0
3673,121862978,5510248,117951,2025-2026,65,,,,,,,,0.0
3674,121873610,5510248,117951,2025-2026,66,,,,,,,,0.0
3675,121856684,5510248,117951,2025-2026,67,,121000.0,,,,,,0.0
3676,121873772,5510248,117951,2025-2026,68,,,,,,,,0.0
3677,121863572,5510248,117951,2025-2026,69,,,,,,,,0.0
3678,121873853,5510248,117951,2025-2026,70,,,,,,,,0.0
3679,121872527,5510248,117951,2025-2026,71,,,,,,,,0.0
3680,121873702,5510248,117951,2025-2026,72,,,,,,,,0.0
3681,121874054,5510248,117951,2025-2026,73,,,,,,,,0.0
3682,121857281,5510248,117951,2025-2026,74,,121000.0,,,,,,0.0
3683,121873939,5510248,117951,2025-2026,75,,,,,,,,0.0
3684,121874150,5510248,117951,2025-2026,76,,,,,,,,0.0
3685,121864177,5510248,117951,2025-2026,77,,,,,,,,0.0
3686,121863193,5510248,117951,2025-2026,78,,,,,,,,0.0
3687,121863815,5510248,117951,2025-2026,79,,,,,,,,0.0
3688,121864565,5510248,117951,2025-2026,80,,,,,,,,0.0
3689,121864839,5510248,117951,2025-2026,81,,,,,,,,0.0
3690,121858452,5510248,117951,2025-2026,82,,,,,,,,0.0
3691,121865092,5510248,117951,2025-2026,83,,,,,,,,0.0
3692,121870602,5510248,117951,2025-2026,84,,30000.0,30000.0,,,,,0.0
3693,121865338,5510248,117951,2025-2026,85,,,,,,,,0.0
3694,121859055,5510248,117951,2025-2026,86,,,,,,,,0.0
3695,121865539,5510248,117951,2025-2026,87,,,,,,,,0.0
3696,121875120,5510248,117951,2025-2026,88,XV Finance Commission,144824.0,144824.0,144824.0,144824.0,,,141532.0
3697,121859474,5510248,117951,2025-2026,89,,,,,,,,0.0
3698,121865974,5510248,117951,2025-2026,90,,,,,,,,0.0
3699,121853026,5510248,117951,2025-2026,91,,121000.0,,,,,,0.0
3700,121860035,5510248,117951,2025-2026,92,,,,,,,,0.0
3701,121903494,5510248,117951,2025-2026,93,,,,,,,,0.0
3702,121903916,5510248,117951,2025-2026,94,,,,,,,,0.0
3703,121905224,5510248,117951,2025-2026,95,,,,,,,,0.0
3704,121903724,5510248,117951,2025-2026,96,,,,,,,,0.0
3705,121903835,5510248,117951,2025-2026,97,,,,,,,,0.0
3706,121904045,5510248,117951,2025-2026,98,,,,,,,,0.0
3707,121894879,5510248,117951,2025-2026,99,,,,,,,,0.0
3708,121894930,5510248,117951,2025-2026,100,,,,,,,,0.0
3709,121895037,5510248,117951,2025-2026,101,,,,,,,,0.0
3710,121894721,5510248,117951,2025-2026,102,,,,,,,,0.0
3711,121894785,5510248,117951,2025-2026,103,,,,,,,,0.0
3712,121894830,5510248,117951,2025-2026,104,,,,,,,,0.0
3713,121894987,5510248,117951,2025-2026,105,,,,,,,,0.0
3714,121895255,5510248,117951,2025-2026,106,,,,,,,,0.0
3715,121895322,5510248,117951,2025-2026,107,,,,,,,,0.0
3716,121895379,5510248,117951,2025-2026,108,,,,,,,,0.0
3717,121895473,5510248,117951,2025-2026,109,,,,,,,,0.0
3718,121895729,5510248,117951,2025-2026,110,,,,,,,,0.0
3719,121894095,5510248,117951,2025-2026,111,,,,,,,,0.0
3720,121894196,5510248,117951,2025-2026,112,,,,,,,,0.0
3721,121894269,5510248,117951,2025-2026,113,,,,,,,,0.0
3722,121894320,5510248,117951,2025-2026,114,,,,,,,,0.0
3723,121894479,5510248,117951,2025-2026,115,,,,,,,,0.0
3724,121894584,5510248,117951,2025-2026,116,,,,,,,,0.0
3725,121894633,5510248,117951,2025-2026,117,,,,,,,,0.0
3726,121895828,5510248,117951,2025-2026,118,,,,,,,,0.0
3727,121902909,5510248,117951,2025-2026,119,,,,,,,,0.0
3728,121903284,5510248,117951,2025-2026,120,,,,,,,,0.0
3729,121948566,5510248,117951,2025-2026,121,,,,,,,,0.0
3730,121948664,5510248,117951,2025-2026,122,,,,,,,,0.0
3731,121948738,5510248,117951,2025-2026,123,,,,,,,,0.0
3732,121948823,5510248,117951,2025-2026,124,,,,,,,,0.0
3733,121949112,5510248,117951,2025-2026,125,,,,,,,,0.0
3734,121946298,5510248,117951,2025-2026,126,,1000000.0,,,,,,0.0
3735,121949287,5510248,117951,2025-2026,127,,,,,,,,0.0
3736,121895898,5510248,117951,2025-2026,128,,,,,,,,0.0
3737,121895964,5510248,117951,2025-2026,129,,,,,,,,0.0
3738,121947098,5510248,117951,2025-2026,130,,1000000.0,,,,,,0.0
3739,121947173,5510248,117951,2025-2026,131,,1000000.0,,,,,,0.0
3740,121949627,5510248,117951,2025-2026,132,,,,,,,,0.0
3741,121948170,5510248,117951,2025-2026,133,,40000.0,,,,,,0.0
3742,121839866,5510248,117951,2025-2026,134,5TH STATE FINANCE COMMISSION,200000.0,200000.0,200000.0,200000.0,,,195324.0
3743,121839463,5510248,117951,2025-2026,135,5TH STATE FINANCE COMMISSION,314780.0,314780.0,314780.0,314780.0,,,0.0
3744,121797522,5510248,117951,2025-2026,136,XV Finance Commission,3500.0,3500.0,3500.0,3500.0,,,0.0
3745,121797701,5510248,117951,2025-2026,137,XV Finance Commission,3500.0,3500.0,3500.0,3500.0,,,0.0
3746,121797409,5510248,117951,2025-2026,138,XV Finance Commission,3500.0,3500.0,3500.0,3500.0,,,0.0
3747,121799777,5510248,117951,2025-2026,139,XV Finance Commission,62618.0,62618.0,62618.0,62618.0,,,0.0
3748,121796760,5510248,117951,2025-2026,140,XV Finance Commission,30000.0,30000.0,30000.0,30000.0,,,0.0
3749,121870790,5510248,117951,2025-2026,141,,230000.0,230000.0,,,,,0.0
3750,121833970,5510248,117951,2025-2026,142,,150000.0,150000.0,,,,,0.0
3751,127434092,5905977,117951,2025-2026,1,XV Finance Commission,50000.0,50000.0,50000.0,50000.0,,,45000.0
3752,127434152,5905977,117951,2025-2026,2,XV Finance Commission,12000.0,12000.0,12000.0,12000.0,,,5553.0
3753,127434229,5905977,117951,2025-2026,3,,30000.0,30000.0,,,,,0.0
3754,127434272,5905977,117951,2025-2026,4,XV Finance Commission,230000.0,230000.0,230000.0,230000.0,,,0.0
3755,127434199,5905977,117951,2025-2026,5,XV Finance Commission,150000.0,150000.0,150000.0,150000.0,,,147000.0
3756,127434382,5905977,117951,2025-2026,6,XV Finance Commission,150000.0,150000.0,150000.0,150000.0,,,146958.0
3757,44280668,2835023,119717,2020-2021,1,XV Finance Commission,150000.0,150000.0,150000.0,150000.0,,,116016.0
3758,44280796,2835023,119717,2020-2021,2,,100000.0,,,,,,0.0
3759,44302267,2835023,119717,2020-2021,3,XV Finance Commission,50000.0,50000.0,50000.0,50000.0,,,50000.0
3760,44302336,2835023,119717,2020-2021,4,,100000.0,,,,,,0.0
3761,44301723,2835023,119717,2020-2021,5,XV Finance Commission,200000.0,200000.0,200000.0,200000.0,,,187629.0
3762,44301808,2835023,119717,2020-2021,6,XV Finance Commission,200000.0,200000.0,200000.0,200000.0,,,187727.0
3763,44302100,2835023,119717,2020-2021,7,XV Finance Commission,200000.0,200000.0,200000.0,200000.0,,,185889.0
3764,44301379,2835023,119717,2020-2021,8,XV Finance Commission,100000.0,100000.0,100000.0,100000.0,,,100000.0
3765,44301474,2835023,119717,2020-2021,9,XV Finance Commission,100000.0,100000.0,100000.0,100000.0,,,100000.0
3766,44281181,2835023,119717,2020-2021,10,XV Finance Commission,100000.0,100000.0,100000.0,100000.0,,,100000.0
3767,44302453,2835023,119717,2020-2021,11,5TH STATE FINANCE COMMISSION,400000.0,400000.0,400000.0,400000.0,,,386554.0
3768,44302181,2835023,119717,2020-2021,12,,100000.0,,,,,,0.0
3769,44302146,2835023,119717,2020-2021,13,XV Finance Commission,200000.0,200000.0,200000.0,200000.0,,,185870.0
3770,44280525,2835023,119717,2020-2021,14,XV Finance Commission,300000.0,300000.0,300000.0,300000.0,,,277230.0
3771,44302217,2835023,119717,2020-2021,15,XV Finance Commission,179043.0,179043.0,179043.0,179043.0,,,139000.0
3772,44302524,2835023,119717,2020-2021,16,5TH STATE FINANCE COMMISSION,100000.0,100000.0,100000.0,100000.0,,,92033.0
3773,44280448,2835023,119717,2020-2021,17,,400000.0,,,,,,0.0
3774,44280995,2835023,119717,2020-2021,18,XV Finance Commission,200000.0,200000.0,200000.0,200000.0,,,172160.0
3775,44301859,2835023,119717,2020-2021,19,,100000.0,,,,,,0.0
3776,44302651,2835023,119717,2020-2021,20,5TH STATE FINANCE COMMISSION,225000.0,225000.0,225000.0,225000.0,,,206735.0
3777,44302367,2835023,119717,2020-2021,21,,200000.0,,,,,,0.0
3778,44301931,2835023,119717,2020-2021,22,XV Finance Commission,100000.0,97129.0,100000.0,100000.0,,,97129.0
3779,44302410,2835023,119717,2020-2021,23,5TH STATE FINANCE COMMISSION,100000.0,100000.0,100000.0,100000.0,,,95804.0
3780,44302023,2835023,119717,2020-2021,24,XV Finance Commission,300000.0,300000.0,300000.0,300000.0,,,279322.0
3781,38526616,2835023,119717,2020-2021,25,,79043.0,,,,,,0.0
3782,44280874,2835023,119717,2020-2021,26,XV Finance Commission,100000.0,100000.0,100000.0,100000.0,,,97000.0
3783,44302306,2835023,119717,2020-2021,27,5TH STATE FINANCE COMMISSION,100000.0,100000.0,100000.0,100000.0,,,98282.0
3784,44302588,2835023,119717,2020-2021,28,5TH STATE FINANCE COMMISSION,100000.0,100000.0,100000.0,100000.0,,,92860.0
3785,47665150,3328961,119717,2021-2022,1,XV Finance Commission,192000.0,192000.0,192000.0,192000.0,,,36000.0
3786,47666669,3328961,119717,2021-2022,2,XV Finance Commission,64428.0,4.0,64428.0,64428.0,,,64428.0
3787,47671535,3328961,119717,2021-2022,3,,12000.0,,,,,,0.0
3788,47682035,3328961,119717,2021-2022,4,,100000.0,,,,,,0.0
3789,47697480,3328961,119717,2021-2022,5,,6000.0,,,,,,0.0
3790,52577071,3328961,119717,2021-2022,6,5TH STATE FINANCE COMMISSION,200000.0,200000.0,200000.0,200000.0,,,190015.0
3791,47663723,3328961,119717,2021-2022,7,XV Finance Commission,370000.0,370000.0,370000.0,370000.0,,,370000.0
3792,47696454,3328961,119717,2021-2022,8,,100000.0,,,,,,0.0
3793,47667019,3328961,119717,2021-2022,9,,331561.0,,,,,,0.0
3794,52574739,3328961,119717,2021-2022,10,,6000.0,,,,,,0.0
3795,52574710,3328961,119717,2021-2022,11,,6000.0,,,,,,0.0
3796,52574764,3328961,119717,2021-2022,12,,6000.0,,,,,,0.0
3797,52574812,3328961,119717,2021-2022,13,,6000.0,,,,,,0.0
3798,52574945,3328961,119717,2021-2022,14,,6000.0,,,,,,0.0
3799,52577299,3328961,119717,2021-2022,15,,20000.0,,,,,,0.0
3800,47698503,3328961,119717,2021-2022,16,,18000.0,,,,,,0.0
3801,47668326,3328961,119717,2021-2022,17,XV Finance Commission,330000.0,330000.0,330000.0,330000.0,,,330000.0
3802,47683986,3328961,119717,2021-2022,18,XV Finance Commission,333000.0,330000.0,333000.0,333000.0,,,330000.0
3803,52577185,3328961,119717,2021-2022,19,5TH STATE FINANCE COMMISSION,150000.0,150000.0,150000.0,150000.0,,,136241.0
3804,47669467,3328961,119717,2021-2022,20,XV Finance Commission,138093.0,138093.0,138093.0,138093.0,,,138093.0
3805,52577241,3328961,119717,2021-2022,21,5TH STATE FINANCE COMMISSION,100000.0,100000.0,100000.0,100000.0,,,26362.0
3806,47698853,3328961,119717,2021-2022,22,XV Finance Commission,230428.0,230428.0,230428.0,230428.0,,,190000.0
3807,47664303,3328961,119717,2021-2022,23,XV Finance Commission,50000.0,50000.0,50000.0,50000.0,,,47937.0
3808,52577101,3328961,119717,2021-2022,24,5TH STATE FINANCE COMMISSION,150000.0,150000.0,150000.0,150000.0,,,146067.0
3809,47669718,3328961,119717,2021-2022,25,XV Finance Commission,120000.0,120000.0,120000.0,120000.0,,,104478.0
3810,47676009,3328961,119717,2021-2022,26,,724139.0,,,,,,0.0
3811,47693089,3328961,119717,2021-2022,27,,10000.0,,,,,,0.0
3812,52575005,3328961,119717,2021-2022,28,,6000.0,,,,,,0.0
3813,52574889,3328961,119717,2021-2022,29,,6000.0,,,,,,0.0
3814,47698305,3328961,119717,2021-2022,30,,17904.0,,,,,,0.0
3815,47696961,3328961,119717,2021-2022,31,,35000.0,,,,,,0.0
3816,47697243,3328961,119717,2021-2022,32,,30000.0,,,,,,0.0
3817,47671037,3328961,119717,2021-2022,33,,138094.0,,,,,,0.0
3818,52575033,3328961,119717,2021-2022,34,,6000.0,,,,,,0.0
3819,52577209,3328961,119717,2021-2022,35,,150000.0,,,,,,0.0
3820,52574914,3328961,119717,2021-2022,36,,6000.0,,,,,,0.0
3821,47676477,3328961,119717,2021-2022,37,,120000.0,,,,,,0.0
3822,47690332,3328961,119717,2021-2022,38,,500000.0,,,,,,0.0
3823,52574976,3328961,119717,2021-2022,39,,6000.0,,,,,,0.0
3824,47675579,3328961,119717,2021-2022,40,,18000.0,,,,,,0.0
3825,52575066,3328961,119717,2021-2022,41,,6000.0,,,,,,0.0
3826,47681578,3328961,119717,2021-2022,42,XV Finance Commission,35000.0,35000.0,35000.0,35000.0,,,35000.0
3827,52577161,3328961,119717,2021-2022,43,5TH STATE FINANCE COMMISSION,400000.0,396109.0,400000.0,400000.0,,,396109.0
3828,52577130,3328961,119717,2021-2022,44,5TH STATE FINANCE COMMISSION,100000.0,100000.0,100000.0,100000.0,,,97000.0
3829,52577274,3328961,119717,2021-2022,45,5TH STATE FINANCE COMMISSION,50000.0,50000.0,50000.0,50000.0,,,50000.0
3830,64830327,4019808,119717,2022-2023,1,XV Finance Commission,100000.0,100000.0,100000.0,100000.0,,,99000.0
3831,64820208,4019808,119717,2022-2023,2,5TH STATE FINANCE COMMISSION,500000.0,500000.0,500000.0,500000.0,,,500000.0
3832,61739887,4019808,119717,2022-2023,3,5TH STATE FINANCE COMMISSION,125000.0,121594.0,125000.0,125000.0,,,121594.0
3833,64830609,4019808,119717,2022-2023,4,XV Finance Commission,70000.0,19647.0,70000.0,70000.0,,,19647.0
3834,64830504,4019808,119717,2022-2023,5,XV Finance Commission,176796.0,176796.0,176796.0,176796.0,,,116000.0
3835,64829816,4019808,119717,2022-2023,6,XV Finance Commission,192000.0,192000.0,192000.0,192000.0,,,76000.0
3836,64829873,4019808,119717,2022-2023,7,,8347.0,,,,,,0.0
3837,64829892,4019808,119717,2022-2023,8,XV Finance Commission,60000.0,60000.0,60000.0,60000.0,,,54747.0
3838,64829953,4019808,119717,2022-2023,9,,50000.0,,,,,,0.0
3839,64830182,4019808,119717,2022-2023,10,,60000.0,,,,,,0.0
3840,64829858,4019808,119717,2022-2023,11,XV Finance Commission,500000.0,500000.0,500000.0,500000.0,,,500000.0
3841,64820403,4019808,119717,2022-2023,12,5TH STATE FINANCE COMMISSION,140000.0,140000.0,140000.0,140000.0,,,128000.0
3842,64830629,4019808,119717,2022-2023,13,XV Finance Commission,50000.0,49500.0,50000.0,50000.0,,,49500.0
3843,64830046,4019808,119717,2022-2023,14,,73964.0,,,,,,0.0
3844,64830591,4019808,119717,2022-2023,15,,7000.0,,,,,,0.0
3845,64820308,4019808,119717,2022-2023,16,,20000.0,,,,,,0.0
3846,64830376,4019808,119717,2022-2023,17,,10000.0,,,,,,0.0
3847,64830684,4019808,119717,2022-2023,18,,50000.0,,,,,,0.0
3848,64830488,4019808,119717,2022-2023,19,,10000.0,,,,,,0.0
3849,64830520,4019808,119717,2022-2023,20,,50000.0,,,,,,0.0
3850,64820237,4019808,119717,2022-2023,21,,20000.0,,,,,,0.0
3851,64830539,4019808,119717,2022-2023,22,,50000.0,,,,,,0.0
3852,64830200,4019808,119717,2022-2023,23,,4500.0,,,,,,0.0
3853,64829906,4019808,119717,2022-2023,24,,59000.0,,,,,,0.0
3854,64830394,4019808,119717,2022-2023,25,XV Finance Commission,100000.0,100000.0,100000.0,100000.0,,,100000.0
3855,64830466,4019808,119717,2022-2023,26,XV Finance Commission,50000.0,50000.0,50000.0,50000.0,,,50000.0
3856,64830414,4019808,119717,2022-2023,27,XV Finance Commission,20000.0,20000.0,20000.0,20000.0,,,0.0
3857,64830300,4019808,119717,2022-2023,28,XV Finance Commission,100000.0,100000.0,100000.0,100000.0,,,100000.0
3858,64829971,4019808,119717,2022-2023,29,XV Finance Commission,105000.0,29396.0,105000.0,105000.0,,,102894.0
3859,64820267,4019808,119717,2022-2023,30,5TH STATE FINANCE COMMISSION,160000.0,160000.0,160000.0,160000.0,,,137046.0
3860,64830233,4019808,119717,2022-2023,31,XV Finance Commission,20000.0,20000.0,20000.0,20000.0,,,20000.0
3861,64830015,4019808,119717,2022-2023,32,XV Finance Commission,52500.0,52500.0,52500.0,52500.0,,,0.0
3862,64830572,4019808,119717,2022-2023,33,XV Finance Commission,140000.0,140000.0,140000.0,140000.0,,,107749.0
3863,64830144,4019808,119717,2022-2023,34,XV Finance Commission,65383.0,65383.0,65383.0,65383.0,,,0.0
3864,64820281,4019808,119717,2022-2023,35,5TH STATE FINANCE COMMISSION,40000.0,40000.0,40000.0,40000.0,,,39600.0
3865,64820343,4019808,119717,2022-2023,36,5TH STATE FINANCE COMMISSION,30000.0,30000.0,30000.0,30000.0,,,29306.0
3866,61742632,4019808,119717,2022-2023,37,,15000.0,,,,,,0.0
3867,64820323,4019808,119717,2022-2023,38,,8000.0,,,,,,0.0
3868,64829783,4019808,119717,2022-2023,39,,10000.0,,,,,,0.0
3869,64830031,4019808,119717,2022-2023,40,,150000.0,,,,,,0.0
3870,64820253,4019808,119717,2022-2023,41,5TH STATE FINANCE COMMISSION,50000.0,50000.0,50000.0,50000.0,,,50000.0
3871,61740040,4019808,119717,2022-2023,42,5TH STATE FINANCE COMMISSION,21220.0,21220.0,21220.0,21220.0,,,21100.0
3872,61742627,4019808,119717,2022-2023,43,5TH STATE FINANCE COMMISSION,41220.0,41220.0,41220.0,41220.0,,,41000.0
3873,64820332,4019808,119717,2022-2023,44,5TH STATE FINANCE COMMISSION,12000.0,12000.0,12000.0,12000.0,,,12000.0
3874,83138349,4643951,119717,2023-2024,1,,,,,,,,0.0
3875,83139501,4643951,119717,2023-2024,2,,500.0,,,,,,0.0
3876,83139650,4643951,119717,2023-2024,3,,500.0,,,,,,0.0
3877,83139814,4643951,119717,2023-2024,4,,500.0,,,,,,0.0
3878,77406463,4643951,119717,2023-2024,5,,10000.0,,,,,,0.0
3879,77408443,4643951,119717,2023-2024,6,,25000.0,,,,,,0.0
3880,77509364,4643951,119717,2023-2024,7,,5.0,,,,,,0.0
3881,77522214,4643951,119717,2023-2024,8,,240000.0,,,,,,0.0
3882,77527458,4643951,119717,2023-2024,9,,2500.0,,,,,,0.0
3883,77528027,4643951,119717,2023-2024,10,,2500.0,,,,,,0.0
3884,77528865,4643951,119717,2023-2024,11,,2500.0,,,,,,0.0
3885,77532625,4643951,119717,2023-2024,12,,20000.0,,,,,,0.0
3886,77533241,4643951,119717,2023-2024,13,,25000.0,,,,,,0.0
3887,77719661,4643951,119717,2023-2024,14,,6000.0,,,,,,0.0
3888,77722240,4643951,119717,2023-2024,15,,12000.0,,,,,,0.0
3889,77742368,4643951,119717,2023-2024,16,,20000.0,,,,,,0.0
3890,77745023,4643951,119717,2023-2024,17,,20000.0,,,,,,0.0
3891,77748457,4643951,119717,2023-2024,18,,5000.0,,,,,,0.0
3892,78206767,4643951,119717,2023-2024,19,,5000.0,,,,,,0.0
3893,78207338,4643951,119717,2023-2024,20,,5000.0,,,,,,0.0
3894,78208640,4643951,119717,2023-2024,21,,5000.0,,,,,,0.0
3895,78211718,4643951,119717,2023-2024,22,,2000.0,,,,,,0.0
3896,78216831,4643951,119717,2023-2024,23,,7000.0,,,,,,0.0
3897,78218262,4643951,119717,2023-2024,24,,15000.0,,,,,,0.0
3898,78220731,4643951,119717,2023-2024,25,,2600.0,,,,,,0.0
3899,78221334,4643951,119717,2023-2024,26,,4000.0,,,,,,0.0
3900,78224028,4643951,119717,2023-2024,27,,50000.0,,,,,,0.0
3901,78224330,4643951,119717,2023-2024,28,,,,,,,,0.0
3902,78224574,4643951,119717,2023-2024,29,,,,,,,,0.0
3903,78224778,4643951,119717,2023-2024,30,,,,,,,,0.0
3904,78225843,4643951,119717,2023-2024,31,,,,,,,,0.0
3905,78226095,4643951,119717,2023-2024,32,,,,,,,,0.0
3906,78226268,4643951,119717,2023-2024,33,,,,,,,,0.0
3907,78226456,4643951,119717,2023-2024,34,,,,,,,,0.0
3908,78226616,4643951,119717,2023-2024,35,,,,,,,,0.0
3909,78226822,4643951,119717,2023-2024,36,,,,,,,,0.0
3910,78227070,4643951,119717,2023-2024,37,,24000.0,,,,,,0.0
3911,78227196,4643951,119717,2023-2024,38,,25000.0,,,,,,0.0
3912,78227649,4643951,119717,2023-2024,39,,25000.0,,,,,,0.0
3913,78227728,4643951,119717,2023-2024,40,,25000.0,,,,,,0.0
3914,78227875,4643951,119717,2023-2024,41,,25000.0,,,,,,0.0
3915,78227975,4643951,119717,2023-2024,42,,25000.0,,,,,,0.0
3916,78228184,4643951,119717,2023-2024,43,,24000.0,,,,,,0.0
3917,78228476,4643951,119717,2023-2024,44,,24000.0,,,,,,0.0
3918,78228587,4643951,119717,2023-2024,45,,25000.0,,,,,,0.0
3919,78228674,4643951,119717,2023-2024,46,,25000.0,,,,,,0.0
3920,78228880,4643951,119717,2023-2024,47,,,,,,,,0.0
3921,78229090,4643951,119717,2023-2024,48,,25000.0,,,,,,0.0
3922,78229190,4643951,119717,2023-2024,49,,25000.0,,,,,,0.0
3923,78229537,4643951,119717,2023-2024,50,,25000.0,,,,,,0.0
3924,78238771,4643951,119717,2023-2024,51,,25000.0,,,,,,0.0
3925,78239099,4643951,119717,2023-2024,52,,25000.0,,,,,,0.0
3926,78240082,4643951,119717,2023-2024,53,,20000.0,,,,,,0.0
3927,78240751,4643951,119717,2023-2024,54,,500.0,,,,,,0.0
3928,78241081,4643951,119717,2023-2024,55,,21320000.0,,,,,,0.0
3929,78241578,4643951,119717,2023-2024,56,,10000.0,,,,,,0.0
3930,78241847,4643951,119717,2023-2024,57,,2000.0,,,,,,0.0
3931,78242561,4643951,119717,2023-2024,58,,1.0,,,,,,0.0
3932,78243402,4643951,119717,2023-2024,59,,5000.0,,,,,,0.0
3933,78244482,4643951,119717,2023-2024,60,,24000.0,,,,,,0.0
3934,78245589,4643951,119717,2023-2024,61,,6000.0,,,,,,0.0
3935,78247218,4643951,119717,2023-2024,62,,1000.0,,,,,,0.0
3936,78249887,4643951,119717,2023-2024,63,,1000.0,,,,,,0.0
3937,78251669,4643951,119717,2023-2024,64,,1.0,,,,,,0.0
3938,78309412,4643951,119717,2023-2024,65,,25000.0,,,,,,0.0
3939,78313789,4643951,119717,2023-2024,66,,25000.0,,,,,,0.0
3940,78315622,4643951,119717,2023-2024,67,,25000.0,,,,,,0.0
3941,78335419,4643951,119717,2023-2024,68,,1000.0,,,,,,0.0
3942,78340647,4643951,119717,2023-2024,69,,1000.0,,,,,,0.0
3943,78342720,4643951,119717,2023-2024,70,,1000.0,,,,,,0.0
3944,78344927,4643951,119717,2023-2024,71,,1000.0,,,,,,0.0
3945,78346116,4643951,119717,2023-2024,72,,1000.0,,,,,,0.0
3946,78353403,4643951,119717,2023-2024,73,,,,,,,,0.0
3947,78354918,4643951,119717,2023-2024,74,,2000.0,,,,,,0.0
3948,78355940,4643951,119717,2023-2024,75,,2000.0,,,,,,0.0
3949,78358867,4643951,119717,2023-2024,76,,2000.0,,,,,,0.0
3950,78360758,4643951,119717,2023-2024,77,,,,,,,,0.0
3951,78361437,4643951,119717,2023-2024,78,,3000.0,,,,,,0.0
3952,78366082,4643951,119717,2023-2024,79,,3000.0,,,,,,0.0
3953,78366870,4643951,119717,2023-2024,80,,3000.0,,,,,,0.0
3954,78367589,4643951,119717,2023-2024,81,,3000.0,,,,,,0.0
3955,78368596,4643951,119717,2023-2024,82,,3000.0,,,,,,0.0
3956,78370033,4643951,119717,2023-2024,83,,3000.0,,,,,,0.0
3957,78373545,4643951,119717,2023-2024,84,,3000.0,,,,,,0.0
3958,78374444,4643951,119717,2023-2024,85,,2000.0,,,,,,0.0
3959,78375141,4643951,119717,2023-2024,86,,2000.0,,,,,,0.0
3960,78376734,4643951,119717,2023-2024,87,,3000.0,,,,,,0.0
3961,78378217,4643951,119717,2023-2024,88,,3000.0,,,,,,0.0
3962,78378835,4643951,119717,2023-2024,89,,2000.0,,,,,,0.0
3963,78446533,4643951,119717,2023-2024,90,,2000.0,,,,,,0.0
3964,78446924,4643951,119717,2023-2024,91,,2000.0,,,,,,0.0
3965,78447662,4643951,119717,2023-2024,92,,2000.0,,,,,,0.0
3966,78448627,4643951,119717,2023-2024,93,,2000.0,,,,,,0.0
3967,78450556,4643951,119717,2023-2024,94,,2000.0,,,,,,0.0
3968,78451090,4643951,119717,2023-2024,95,,3000.0,,,,,,0.0
3969,80661905,4643951,119717,2023-2024,96,,40000.0,,,,,,0.0
3970,80668622,4643951,119717,2023-2024,97,,100000.0,,,,,,0.0
3971,80671813,4643951,119717,2023-2024,98,,,,,,,,0.0
3972,82974793,4643951,119717,2023-2024,99,,,,,,,,0.0
3973,82982565,4643951,119717,2023-2024,100,,,,,,,,0.0
3974,82982882,4643951,119717,2023-2024,101,,,,,,,,0.0
3975,82983283,4643951,119717,2023-2024,102,,,,,,,,0.0
3976,82983794,4643951,119717,2023-2024,103,,,,,,,,0.0
3977,82984268,4643951,119717,2023-2024,104,,,,,,,,0.0
3978,82985026,4643951,119717,2023-2024,105,,,,,,,,0.0
3979,82987474,4643951,119717,2023-2024,106,,,,,,,,0.0
3980,82987808,4643951,119717,2023-2024,107,,,,,,,,0.0
3981,82988122,4643951,119717,2023-2024,108,,,,,,,,0.0
3982,82989560,4643951,119717,2023-2024,109,,,,,,,,0.0
3983,82990212,4643951,119717,2023-2024,110,,,,,,,,0.0
3984,82997798,4643951,119717,2023-2024,111,,60000.0,,,,,,0.0
3985,82997979,4643951,119717,2023-2024,112,,176000.0,,,,,,0.0
3986,82998162,4643951,119717,2023-2024,113,,85000.0,,,,,,0.0
3987,83009362,4643951,119717,2023-2024,114,,,,,,,,0.0
3988,83123223,4643951,119717,2023-2024,115,,59000.0,,,,,,0.0
3989,83131394,4643951,119717,2023-2024,116,,299000.0,,,,,,0.0
3990,83134615,4643951,119717,2023-2024,117,,7678640.0,,,,,,0.0
3991,83139308,4643951,119717,2023-2024,118,,500.0,,,,,,0.0
3992,80660382,4643951,119717,2023-2024,119,,,,,,,,0.0
3993,77001110,4643951,119717,2023-2024,120,,,,,,,,0.0
3994,77398723,4643951,119717,2023-2024,121,,500.0,,,,,,0.0
3995,77394734,4643951,119717,2023-2024,122,,1000.0,,,,,,0.0
3996,77403742,4643951,119717,2023-2024,123,,450000.0,,,,,,0.0
3997,77411458,4643951,119717,2023-2024,124,,2000.0,,,,,,0.0
3998,78208213,4643951,119717,2023-2024,125,,4000.0,,,,,,0.0
3999,78210053,4643951,119717,2023-2024,126,,7000.0,,,,,,0.0
4000,78218906,4643951,119717,2023-2024,127,,237.0,,,,,,0.0
4001,78228310,4643951,119717,2023-2024,128,,24000.0,,,,,,0.0
4002,78228766,4643951,119717,2023-2024,129,,25000.0,,,,,,0.0
4003,78229396,4643951,119717,2023-2024,130,,25000.0,,,,,,0.0
4004,78239683,4643951,119717,2023-2024,131,,1000.0,,,,,,0.0
4005,78244843,4643951,119717,2023-2024,132,,2000.0,,,,,,0.0
4006,78316527,4643951,119717,2023-2024,133,,25000.0,,,,,,0.0
4007,78318172,4643951,119717,2023-2024,134,,25000.0,,,,,,0.0
4008,78357989,4643951,119717,2023-2024,135,,2000.0,,,,,,0.0
4009,78455992,4643951,119717,2023-2024,136,,1200.0,,,,,,0.0
4010,82990788,4643951,119717,2023-2024,137,,,,,,,,0.0
4011,82996332,4643951,119717,2023-2024,138,,51000.0,,,,,,0.0
4012,83009217,4643951,119717,2023-2024,139,,,,,,,,0.0
4013,77211066,4643951,119717,2023-2024,140,,20000.0,,,,,,0.0
4014,77754754,4643951,119717,2023-2024,141,,5000.0,,,,,,0.0
4015,77383394,4643951,119717,2023-2024,142,,2000.0,,,,,,0.0
4016,83019696,4643951,119717,2023-2024,143,,24000.0,,,,,,0.0
4017,78212908,4643951,119717,2023-2024,144,,24000.0,,,,,,0.0
4018,78212447,4643951,119717,2023-2024,145,,24000.0,,,,,,0.0
4019,78346811,4643951,119717,2023-2024,146,,1000.0,,,,,,0.0
4020,78337144,4643951,119717,2023-2024,147,,1000.0,,,,,,0.0
4021,78338128,4643951,119717,2023-2024,148,,1000.0,,,,,,0.0
4022,78350369,4643951,119717,2023-2024,149,,,,,,,,0.0
4023,78349282,4643951,119717,2023-2024,150,,2000.0,,,,,,0.0
4024,78359501,4643951,119717,2023-2024,151,,,,,,,,0.0
4025,78362146,4643951,119717,2023-2024,152,,4000.0,,,,,,0.0
4026,78357393,4643951,119717,2023-2024,153,,2000.0,,,,,,0.0
4027,78363888,4643951,119717,2023-2024,154,,3000.0,,,,,,0.0
4028,78451558,4643951,119717,2023-2024,155,,2000.0,,,,,,0.0
4029,78452622,4643951,119717,2023-2024,156,,3000.0,,,,,,0.0
4030,78454607,4643951,119717,2023-2024,157,,3000.0,,,,,,0.0
4031,82998576,4643951,119717,2023-2024,158,,100000.0,,,,,,0.0
4032,82998373,4643951,119717,2023-2024,159,XV Finance Commission,105000.0,105000.0,105000.0,105000.0,,,105000.0
4033,83000323,4643951,119717,2023-2024,160,,83240.0,,,,,,0.0
4034,80706293,4643951,119717,2023-2024,161,,60000.0,,,,,,0.0
4035,77207323,4643951,119717,2023-2024,162,,30000.0,,,,,,0.0
4036,77387427,4643951,119717,2023-2024,163,,2000.0,,,,,,0.0
4037,77391046,4643951,119717,2023-2024,164,,2000.0,,,,,,0.0
4038,78311002,4643951,119717,2023-2024,165,,25000.0,,,,,,0.0
4039,78312101,4643951,119717,2023-2024,166,,25000.0,,,,,,0.0
4040,78312791,4643951,119717,2023-2024,167,,25000.0,,,,,,0.0
4041,78314628,4643951,119717,2023-2024,168,,25000.0,,,,,,0.0
4042,78330773,4643951,119717,2023-2024,169,,10000.0,,,,,,0.0
4043,78332068,4643951,119717,2023-2024,170,,10000.0,,,,,,0.0
4044,78333256,4643951,119717,2023-2024,171,,6000.0,,,,,,0.0
4045,78338764,4643951,119717,2023-2024,172,,1000.0,,,,,,0.0
4046,78341587,4643951,119717,2023-2024,173,,1000.0,,,,,,0.0
4047,78348032,4643951,119717,2023-2024,174,,1000.0,,,,,,0.0
4048,78350959,4643951,119717,2023-2024,175,,,,,,,,0.0
4049,78354264,4643951,119717,2023-2024,176,,,,,,,,0.0
4050,78452079,4643951,119717,2023-2024,177,,3000.0,,,,,,0.0
4051,78453718,4643951,119717,2023-2024,178,,3000.0,,,,,,0.0
4052,80560578,4643951,119717,2023-2024,179,,57428.0,,,,,,0.0
4053,80576673,4643951,119717,2023-2024,180,XV Finance Commission,176000.0,176000.0,176000.0,176000.0,,,176000.0
4054,82984563,4643951,119717,2023-2024,181,,,,,,,,0.0
4055,82986879,4643951,119717,2023-2024,182,,,,,,,,0.0
4056,82989982,4643951,119717,2023-2024,183,,,,,,,,0.0
4057,82997278,4643951,119717,2023-2024,184,,140000.0,,,,,,0.0
4058,77204484,4643951,119717,2023-2024,185,,20000.0,,,,,,0.0
4059,77523162,4643951,119717,2023-2024,186,,24000.0,,,,,,0.0
4060,77524594,4643951,119717,2023-2024,187,,22515.0,,,,,,0.0
4061,77526901,4643951,119717,2023-2024,188,,2500.0,,,,,,0.0
4062,77751195,4643951,119717,2023-2024,189,,6000.0,,,,,,0.0
4063,78201978,4643951,119717,2023-2024,190,,500.0,,,,,,0.0
4064,78355385,4643951,119717,2023-2024,191,,1000.0,,,,,,0.0
4065,78453026,4643951,119717,2023-2024,192,,2000.0,,,,,,0.0
4066,80558084,4643951,119717,2023-2024,193,,100000.0,,,,,,0.0
4067,80558542,4643951,119717,2023-2024,194,,,,,,,,0.0
4068,80669515,4643951,119717,2023-2024,195,,50000.0,,,,,,0.0
4069,80711102,4643951,119717,2023-2024,196,,40000.0,,,,,,0.0
4070,82690264,4643951,119717,2023-2024,197,,,,,,,,0.0
4071,74828608,4643951,119717,2023-2024,198,,100000.0,,,,,,0.0
4072,83016390,4643951,119717,2023-2024,199,,36000.0,,,,,,0.0
4073,83018450,4643951,119717,2023-2024,200,,18000.0,,,,,,0.0
4074,83024682,4643951,119717,2023-2024,201,,,,,,,,0.0
4075,83045774,4643951,119717,2023-2024,202,,225100.0,,,,,,0.0
4076,82999413,4643951,119717,2023-2024,203,5TH STATE FINANCE COMMISSION,924900.0,924900.0,924900.0,924900.0,,,923244.0
4077,80644280,4643951,119717,2023-2024,204,,75000.0,,,,,,0.0
4078,80646320,4643951,119717,2023-2024,205,,140000.0,,,,,,0.0
4079,83015557,4643951,119717,2023-2024,206,,41000.0,,,,,,0.0
4080,83087104,4643951,119717,2023-2024,207,,,,,,,,0.0
4081,83085929,4643951,119717,2023-2024,208,,,,,,,,0.0
4082,83088757,4643951,119717,2023-2024,209,,500000.0,,,,,,0.0
4083,82976404,4643951,119717,2023-2024,210,,300000.0,,,,,,0.0
4084,82977014,4643951,119717,2023-2024,211,,500000.0,,,,,,0.0
4085,82979046,4643951,119717,2023-2024,212,,,,,,,,0.0
4086,82979261,4643951,119717,2023-2024,213,,,,,,,,0.0
4087,82979741,4643951,119717,2023-2024,214,,,,,,,,0.0
4088,82975181,4643951,119717,2023-2024,215,,,,,,,,0.0
4089,82975527,4643951,119717,2023-2024,216,,500000.0,,,,,,0.0
4090,82975809,4643951,119717,2023-2024,217,,,,,,,,0.0
4091,82976659,4643951,119717,2023-2024,218,,,,,,,,0.0
4092,82977436,4643951,119717,2023-2024,219,,,,,,,,0.0
4093,82977946,4643951,119717,2023-2024,220,,,,,,,,0.0
4094,82978215,4643951,119717,2023-2024,221,,,,,,,,0.0
4095,82978429,4643951,119717,2023-2024,222,,,,,,,,0.0
4096,82978671,4643951,119717,2023-2024,223,,,,,,,,0.0
4097,82978865,4643951,119717,2023-2024,224,,,,,,,,0.0
4098,82973261,4643951,119717,2023-2024,225,,500000.0,,,,,,0.0
4099,82973562,4643951,119717,2023-2024,226,,,,,,,,0.0
4100,82973801,4643951,119717,2023-2024,227,,,,,,,,0.0
4101,82974045,4643951,119717,2023-2024,228,,,,,,,,0.0
4102,82974299,4643951,119717,2023-2024,229,,,,,,,,0.0
4103,82970008,4643951,119717,2023-2024,230,,72000.0,,,,,,0.0
4104,83102725,4643951,119717,2023-2024,231,,300000.0,,,,,,0.0
4105,83119040,4643951,119717,2023-2024,232,XV Finance Commission,63498.0,63498.0,63498.0,63498.0,,,20000.0
4106,78455465,4643951,119717,2023-2024,233,,2000.0,,,,,,0.0
4107,79175060,4643951,119717,2023-2024,234,,,,,,,,0.0
4108,80533019,4643951,119717,2023-2024,235,,508347.0,,,,,,0.0
4109,80536945,4643951,119717,2023-2024,236,,662440.0,,,,,,0.0
4110,80557074,4643951,119717,2023-2024,237,,,,,,,,0.0
4111,80557475,4643951,119717,2023-2024,238,,,,,,,,0.0
4112,80560204,4643951,119717,2023-2024,239,,55347.0,,,,,,0.0
4113,80670989,4643951,119717,2023-2024,240,,,,,,,,0.0
4114,80677246,4643951,119717,2023-2024,241,,100000.0,,,,,,0.0
4115,82974586,4643951,119717,2023-2024,242,,,,,,,,0.0
4116,82987132,4643951,119717,2023-2024,243,,,,,,,,0.0
4117,82985456,4643951,119717,2023-2024,244,,,,,,,,0.0
4118,82985810,4643951,119717,2023-2024,245,,,,,,,,0.0
4119,82986463,4643951,119717,2023-2024,246,,,,,,,,0.0
4120,82990455,4643951,119717,2023-2024,247,,,,,,,,0.0
4121,82997520,4643951,119717,2023-2024,248,,60000.0,,,,,,0.0
4122,83116891,4643951,119717,2023-2024,249,,150000.0,,,,,,0.0
4123,83116932,4643951,119717,2023-2024,250,,18000.0,,,,,,0.0
4124,83116111,4643951,119717,2023-2024,251,,105000.0,,,,,,0.0
4125,83116581,4643951,119717,2023-2024,252,,20000.0,,,,,,0.0
4126,83130292,4643951,119717,2023-2024,253,XV Finance Commission,141498.0,141498.0,141498.0,141498.0,,,141498.0
4127,83118218,4643951,119717,2023-2024,254,XV Finance Commission,87000.0,87000.0,87000.0,87000.0,,,87000.0
4128,83128802,4643951,119717,2023-2024,255,XV Finance Commission,192000.0,22750.0,22750.0,22750.0,,,22750.0
4129,83129586,4643951,119717,2023-2024,256,XV Finance Commission,375000.0,375000.0,375000.0,375000.0,,,329508.0
4130,80575335,4643951,119717,2023-2024,257,XV Finance Commission,85000.0,85000.0,85000.0,85000.0,,,73058.0
4131,83032499,4643951,119717,2023-2024,258,XV Finance Commission,36000.0,36000.0,36000.0,36000.0,,,34432.0
4132,82999216,4643951,119717,2023-2024,259,XV Finance Commission,118664.0,118664.0,118664.0,118664.0,,,62330.0
4133,100379955,5102057,119717,2024-2025,1,XV Finance Commission,50000.0,50000.0,50000.0,50000.0,,,46874.0
4134,100386590,5102057,119717,2024-2025,2,,50000.0,,,,,,0.0
4135,100455430,5102057,119717,2024-2025,3,,,,,,,,0.0
4136,100455608,5102057,119717,2024-2025,4,,,,,,,,0.0
4137,100456603,5102057,119717,2024-2025,5,,,,,,,,0.0
4138,100457665,5102057,119717,2024-2025,6,,,,,,,,0.0
4139,100458040,5102057,119717,2024-2025,7,,,,,,,,0.0
4140,100458144,5102057,119717,2024-2025,8,,,,,,,,0.0
4141,100461299,5102057,119717,2024-2025,9,,,,,,,,0.0
4142,100460725,5102057,119717,2024-2025,10,,,,,,,,0.0
4143,100460888,5102057,119717,2024-2025,11,,,,,,,,0.0
4144,100463034,5102057,119717,2024-2025,12,,,,,,,,0.0
4145,100462805,5102057,119717,2024-2025,13,,,,,,,,0.0
4146,100464640,5102057,119717,2024-2025,14,,,,,,,,0.0
4147,100465426,5102057,119717,2024-2025,15,,,,,,,,0.0
4148,100465181,5102057,119717,2024-2025,16,,,,,,,,0.0
4149,100221356,5102057,119717,2024-2025,17,XV Finance Commission,50000.0,50000.0,50000.0,50000.0,,,0.0
4150,100379485,5102057,119717,2024-2025,18,XV Finance Commission,600896.0,600896.0,600896.0,600896.0,,,566572.0
4151,100342542,5102057,119717,2024-2025,19,XV Finance Commission,22500.0,22500.0,22500.0,22500.0,,,20250.0
4152,100489661,5102057,119717,2024-2025,20,,,,,,,,0.0
4153,100456245,5102057,119717,2024-2025,21,,,,,,,,0.0
4154,100490074,5102057,119717,2024-2025,22,,,,,,,,0.0
4155,100490375,5102057,119717,2024-2025,23,,,,,,,,0.0
4156,100455007,5102057,119717,2024-2025,24,,,,,,,,0.0
4157,100493235,5102057,119717,2024-2025,25,,,,,,,,0.0
4158,100493413,5102057,119717,2024-2025,26,,,,,,,,0.0
4159,100497032,5102057,119717,2024-2025,27,,,,,,,,0.0
4160,100497705,5102057,119717,2024-2025,28,,,,,,,,0.0
4161,100498842,5102057,119717,2024-2025,29,,,,,,,,0.0
4162,100206818,5102057,119717,2024-2025,30,,,,,,,,0.0
4163,100207327,5102057,119717,2024-2025,31,,,,,,,,0.0
4164,100454340,5102057,119717,2024-2025,32,,,,,,,,0.0
4165,100495031,5102057,119717,2024-2025,33,,,,,,,,0.0
4166,100495167,5102057,119717,2024-2025,34,,,,,,,,0.0
4167,100525756,5102057,119717,2024-2025,35,5TH STATE FINANCE COMMISSION,132000.0,132000.0,132000.0,132000.0,,,132000.0
4168,100528437,5102057,119717,2024-2025,36,,40000.0,,,,,,0.0
4169,100531595,5102057,119717,2024-2025,37,5TH STATE FINANCE COMMISSION,40000.0,40000.0,40000.0,40000.0,,,40000.0
4170,100492214,5102057,119717,2024-2025,38,,,,,,,,0.0
4171,100492338,5102057,119717,2024-2025,39,,,,,,,,0.0
4172,100492551,5102057,119717,2024-2025,40,,,,,,,,0.0
4173,100492800,5102057,119717,2024-2025,41,,,,,,,,0.0
4174,100493026,5102057,119717,2024-2025,42,,,,,,,,0.0
4175,100494073,5102057,119717,2024-2025,43,,,,,,,,0.0
4176,100494256,5102057,119717,2024-2025,44,,,,,,,,0.0
4177,100494438,5102057,119717,2024-2025,45,,,,,,,,0.0
4178,100494642,5102057,119717,2024-2025,46,,,,,,,,0.0
4179,100494804,5102057,119717,2024-2025,47,,,,,,,,0.0
4180,100495516,5102057,119717,2024-2025,48,,,,,,,,0.0
4181,100495771,5102057,119717,2024-2025,49,,,,,,,,0.0
4182,100495951,5102057,119717,2024-2025,50,,,,,,,,0.0
4183,100496149,5102057,119717,2024-2025,51,,,,,,,,0.0
4184,100496889,5102057,119717,2024-2025,52,,,,,,,,0.0
4185,100497593,5102057,119717,2024-2025,53,,,,,,,,0.0
4186,100498290,5102057,119717,2024-2025,54,,,,,,,,0.0
4187,100498950,5102057,119717,2024-2025,55,,,,,,,,0.0
4188,100526332,5102057,119717,2024-2025,56,,225240.0,,,,,,0.0
4189,100529287,5102057,119717,2024-2025,57,,8000.0,,,,,,0.0
4190,100529503,5102057,119717,2024-2025,58,,18000.0,,,,,,0.0
4191,100529706,5102057,119717,2024-2025,59,,6000.0,,,,,,0.0
4192,100530306,5102057,119717,2024-2025,60,5TH STATE FINANCE COMMISSION,100000.0,100000.0,100000.0,100000.0,,,97955.0
4193,100531375,5102057,119717,2024-2025,61,,20000.0,,,,,,0.0
4194,100527949,5102057,119717,2024-2025,62,5TH STATE FINANCE COMMISSION,140000.0,140000.0,140000.0,140000.0,,,140000.0
4195,100529944,5102057,119717,2024-2025,63,,6000.0,,,,,,0.0
4196,100208589,5102057,119717,2024-2025,64,,,,,,,,0.0
4197,100208782,5102057,119717,2024-2025,65,,,,,,,,0.0
4198,100209081,5102057,119717,2024-2025,66,,,,,,,,0.0
4199,100216020,5102057,119717,2024-2025,67,,,,,,,,0.0
4200,100218288,5102057,119717,2024-2025,68,,64244.0,,,,,,0.0
4201,100224106,5102057,119717,2024-2025,69,,50000.0,,,,,,0.0
4202,100339064,5102057,119717,2024-2025,70,XV Finance Commission,36000.0,36000.0,36000.0,36000.0,,,36000.0
4203,100341996,5102057,119717,2024-2025,71,XV Finance Commission,75000.0,75000.0,75000.0,75000.0,,,74250.0
4204,100378339,5102057,119717,2024-2025,72,,60000.0,,,,,,0.0
4205,100381708,5102057,119717,2024-2025,73,,50000.0,,,,,,0.0
4206,100387145,5102057,119717,2024-2025,74,,50000.0,,,,,,0.0
4207,100388829,5102057,119717,2024-2025,75,,50000.0,,,,,,0.0
4208,100454472,5102057,119717,2024-2025,76,,,,,,,,0.0
4209,100454582,5102057,119717,2024-2025,77,,,,,,,,0.0
4210,100454700,5102057,119717,2024-2025,78,,,,,,,,0.0
4211,100454860,5102057,119717,2024-2025,79,,,,,,,,0.0
4212,100455165,5102057,119717,2024-2025,80,,,,,,,,0.0
4213,100455320,5102057,119717,2024-2025,81,,,,,,,,0.0
4214,100455889,5102057,119717,2024-2025,82,,,,,,,,0.0
4215,100456062,5102057,119717,2024-2025,83,,,,,,,,0.0
4216,100456415,5102057,119717,2024-2025,84,,,,,,,,0.0
4217,100456766,5102057,119717,2024-2025,85,,,,,,,,0.0
4218,100456915,5102057,119717,2024-2025,86,,,,,,,,0.0
4219,100457093,5102057,119717,2024-2025,87,,,,,,,,0.0
4220,100457224,5102057,119717,2024-2025,88,,,,,,,,0.0
4221,100457368,5102057,119717,2024-2025,89,,,,,,,,0.0
4222,100457564,5102057,119717,2024-2025,90,,,,,,,,0.0
4223,100457780,5102057,119717,2024-2025,91,,,,,,,,0.0
4224,100457881,5102057,119717,2024-2025,92,,,,,,,,0.0
4225,100458618,5102057,119717,2024-2025,93,,,,,,,,0.0
4226,100459163,5102057,119717,2024-2025,94,,,,,,,,0.0
4227,100460325,5102057,119717,2024-2025,95,,,,,,,,0.0
4228,100460491,5102057,119717,2024-2025,96,,,,,,,,0.0
4229,100461122,5102057,119717,2024-2025,97,,,,,,,,0.0
4230,100461472,5102057,119717,2024-2025,98,,,,,,,,0.0
4231,100461634,5102057,119717,2024-2025,99,,,,,,,,0.0
4232,100462050,5102057,119717,2024-2025,100,,,,,,,,0.0
4233,100462216,5102057,119717,2024-2025,101,,,,,,,,0.0
4234,100462478,5102057,119717,2024-2025,102,,,,,,,,0.0
4235,100462631,5102057,119717,2024-2025,103,,,,,,,,0.0
4236,100463265,5102057,119717,2024-2025,104,,,,,,,,0.0
4237,100463518,5102057,119717,2024-2025,105,,,,,,,,0.0
4238,100463785,5102057,119717,2024-2025,106,,,,,,,,0.0
4239,100463936,5102057,119717,2024-2025,107,,,,,,,,0.0
4240,100464186,5102057,119717,2024-2025,108,,,,,,,,0.0
4241,100464430,5102057,119717,2024-2025,109,,,,,,,,0.0
4242,100464920,5102057,119717,2024-2025,110,,,,,,,,0.0
4243,100465677,5102057,119717,2024-2025,111,,,,,,,,0.0
4244,100465857,5102057,119717,2024-2025,112,,,,,,,,0.0
4245,100466049,5102057,119717,2024-2025,113,,,,,,,,0.0
4246,100466286,5102057,119717,2024-2025,114,,,,,,,,0.0
4247,100466639,5102057,119717,2024-2025,115,,,,,,,,0.0
4248,100466887,5102057,119717,2024-2025,116,,,,,,,,0.0
4249,100467176,5102057,119717,2024-2025,117,,,,,,,,0.0
4250,100480139,5102057,119717,2024-2025,118,,,,,,,,0.0
4251,100481201,5102057,119717,2024-2025,119,,,,,,,,0.0
4252,100485643,5102057,119717,2024-2025,120,,160000.0,,,,,,0.0
4253,100488084,5102057,119717,2024-2025,121,,,,,,,,0.0
4254,100482822,5102057,119717,2024-2025,122,XV Finance Commission,97928.0,97928.0,97928.0,97928.0,,,0.0
4255,100488449,5102057,119717,2024-2025,123,,,,,,,,0.0
4256,100488614,5102057,119717,2024-2025,124,,,,,,,,0.0
4257,100489136,5102057,119717,2024-2025,125,,,,,,,,0.0
4258,100489346,5102057,119717,2024-2025,126,,,,,,,,0.0
4259,100489517,5102057,119717,2024-2025,127,,,,,,,,0.0
4260,100489884,5102057,119717,2024-2025,128,,,,,,,,0.0
4261,100491046,5102057,119717,2024-2025,129,,,,,,,,0.0
4262,100491195,5102057,119717,2024-2025,130,,,,,,,,0.0
4263,100491311,5102057,119717,2024-2025,131,,,,,,,,0.0
4264,100491460,5102057,119717,2024-2025,132,,,,,,,,0.0
4265,100491573,5102057,119717,2024-2025,133,,,,,,,,0.0
4266,100491716,5102057,119717,2024-2025,134,,,,,,,,0.0
4267,100491840,5102057,119717,2024-2025,135,,,,,,,,0.0
4268,100492033,5102057,119717,2024-2025,136,,,,,,,,0.0
4269,100105368,5102057,119717,2024-2025,137,,,,,,,,0.0
4270,100105567,5102057,119717,2024-2025,138,,,,,,,,0.0
4271,100105898,5102057,119717,2024-2025,139,,,,,,,,0.0
4272,100106177,5102057,119717,2024-2025,140,,,,,,,,0.0
4273,100106060,5102057,119717,2024-2025,141,,,,,,,,0.0
4274,100107627,5102057,119717,2024-2025,142,,,,,,,,0.0
4275,100119836,5102057,119717,2024-2025,143,,,,,,,,0.0
4276,100120019,5102057,119717,2024-2025,144,,,,,,,,0.0
4277,100120229,5102057,119717,2024-2025,145,,,,,,,,0.0
4278,100128510,5102057,119717,2024-2025,146,,,,,,,,0.0
4279,100129523,5102057,119717,2024-2025,147,,,,,,,,0.0
4280,100129746,5102057,119717,2024-2025,148,,,,,,,,0.0
4281,100130164,5102057,119717,2024-2025,149,,,,,,,,0.0
4282,100135527,5102057,119717,2024-2025,150,,,,,,,,0.0
4283,100135191,5102057,119717,2024-2025,151,,,,,,,,0.0
4284,100159702,5102057,119717,2024-2025,152,,,,,,,,0.0
4285,100160760,5102057,119717,2024-2025,153,,,,,,,,0.0
4286,100161845,5102057,119717,2024-2025,154,,,,,,,,0.0
4287,100156984,5102057,119717,2024-2025,155,,,,,,,,0.0
4288,100171408,5102057,119717,2024-2025,156,,,,,,,,0.0
4289,100172147,5102057,119717,2024-2025,157,,,,,,,,0.0
4290,100172886,5102057,119717,2024-2025,158,,,,,,,,0.0
4291,100387572,5102057,119717,2024-2025,159,XV Finance Commission,50000.0,50000.0,50000.0,50000.0,,,50000.0
4292,100224869,5102057,119717,2024-2025,160,XV Finance Commission,245000.0,245000.0,245000.0,245000.0,,,242550.0
4293,100406448,5102057,119717,2024-2025,161,5TH STATE FINANCE COMMISSION,60000.0,60000.0,60000.0,60000.0,,,36000.0
4294,100528704,5102057,119717,2024-2025,162,5TH STATE FINANCE COMMISSION,15000.0,15000.0,15000.0,15000.0,,,15000.0
4295,100527542,5102057,119717,2024-2025,163,5TH STATE FINANCE COMMISSION,50000.0,50000.0,50000.0,50000.0,,,50000.0
4296,100530697,5102057,119717,2024-2025,164,5TH STATE FINANCE COMMISSION,100000.0,100000.0,100000.0,100000.0,,,0.0
4297,100347286,5102057,119717,2024-2025,165,XV Finance Commission,130000.0,130000.0,130000.0,130000.0,,,130000.0
4298,100500396,5102057,119717,2024-2025,166,5TH STATE FINANCE COMMISSION,246648.0,246648.0,246648.0,246648.0,,,118951.0
4299,100343863,5102057,119717,2024-2025,167,XV Finance Commission,220672.0,220672.0,220672.0,220672.0,,,213971.0
4300,100526108,5102057,119717,2024-2025,168,5TH STATE FINANCE COMMISSION,273000.0,273000.0,273000.0,273000.0,,,273000.0
4301,100375965,5102057,119717,2024-2025,169,XV Finance Commission,100000.0,100000.0,100000.0,100000.0,,,99000.0
4302,100376909,5102057,119717,2024-2025,170,XV Finance Commission,100000.0,100000.0,100000.0,100000.0,,,99545.0
4303,100374986,5102057,119717,2024-2025,171,XV Finance Commission,100000.0,100000.0,100000.0,100000.0,,,99000.0
4304,100375388,5102057,119717,2024-2025,172,XV Finance Commission,100000.0,100000.0,100000.0,100000.0,,,99000.0
4305,100385798,5102057,119717,2024-2025,173,XV Finance Commission,100000.0,100000.0,100000.0,100000.0,,,88702.0
4306,100222458,5102057,119717,2024-2025,174,XV Finance Commission,50000.0,50000.0,50000.0,50000.0,,,50000.0
4307,128344224,5996097,119717,2024-2025,1,,52206.0,,,,,,0.0
4308,128344210,5996097,119717,2024-2025,2,XV Finance Commission,97928.0,97928.0,97928.0,97928.0,,,97928.0
4309,124811974,5552049,119717,2025-2026,1,,240000.0,,,,,,0.0
4310,124759177,5552049,119717,2025-2026,2,XV Finance Commission,110672.0,110672.0,110672.0,110672.0,,,110200.0
4311,124802520,5552049,119717,2025-2026,3,XV Finance Commission,273000.0,273000.0,273000.0,273000.0,,,45500.0
4312,124802652,5552049,119717,2025-2026,4,,240000.0,,,,,,0.0
4313,124803087,5552049,119717,2025-2026,5,,80000.0,,,,,,0.0
4314,124804101,5552049,119717,2025-2026,6,,322896.0,,,,,,0.0
4315,120299152,5552049,119717,2025-2026,7,,,,,,,,0.0
4316,120299333,5552049,119717,2025-2026,8,,,,,,,,0.0
4317,120299467,5552049,119717,2025-2026,9,,,,,,,,0.0
4318,120299560,5552049,119717,2025-2026,10,,,,,,,,0.0
4319,120298918,5552049,119717,2025-2026,11,,,,,,,,0.0
4320,120299052,5552049,119717,2025-2026,12,,,,,,,,0.0
4321,120299216,5552049,119717,2025-2026,13,,,,,,,,0.0
4322,124758882,5552049,119717,2025-2026,14,,267000.0,,,,,,0.0
4323,124802735,5552049,119717,2025-2026,15,,22500.0,,,,,,0.0
4324,124803470,5552049,119717,2025-2026,16,XV Finance Commission,36000.0,36000.0,36000.0,36000.0,,,0.0
4325,124802878,5552049,119717,2025-2026,17,,45000.0,,,,,,0.0
4326,124803180,5552049,119717,2025-2026,18,,30000.0,,,,,,0.0
4327,124803347,5552049,119717,2025-2026,19,,40000.0,,,,,,0.0
4328,124803428,5552049,119717,2025-2026,20,,18000.0,,,,,,0.0
4329,124803511,5552049,119717,2025-2026,21,,70000.0,,,,,,0.0
4330,124803585,5552049,119717,2025-2026,22,,32928.0,,,,,,0.0
4331,124802968,5552049,119717,2025-2026,23,,30000.0,,,,,,0.0
4332,124804169,5552049,119717,2025-2026,24,XV Finance Commission,150000.0,150000.0,150000.0,150000.0,,,150000.0
4333,124804234,5552049,119717,2025-2026,25,,150000.0,,,,,,0.0
4334,124975017,5552049,119717,2025-2026,26,,,,,,,,0.0
4335,124812087,5552049,119717,2025-2026,27,,18000.0,,,,,,0.0
4336,124812356,5552049,119717,2025-2026,28,5TH STATE FINANCE COMMISSION,120000.0,120000.0,120000.0,120000.0,,,100000.0
4337,124812422,5552049,119717,2025-2026,29,5TH STATE FINANCE COMMISSION,50000.0,50000.0,50000.0,50000.0,,,50000.0
4338,124812465,5552049,119717,2025-2026,30,5TH STATE FINANCE COMMISSION,50000.0,50000.0,50000.0,50000.0,,,50000.0
4339,124812639,5552049,119717,2025-2026,31,,100000.0,,,,,,0.0
4340,124812783,5552049,119717,2025-2026,32,5TH STATE FINANCE COMMISSION,100000.0,100000.0,100000.0,100000.0,,,0.0
4341,124812899,5552049,119717,2025-2026,33,,200000.0,,,,,,0.0
4342,124812951,5552049,119717,2025-2026,34,,80000.0,,,,,,0.0
4343,124813127,5552049,119717,2025-2026,35,,40000.0,,,,,,0.0
4344,124813157,5552049,119717,2025-2026,36,,15000.0,,,,,,0.0
4345,124813202,5552049,119717,2025-2026,37,,6000.0,,,,,,0.0
4346,124813291,5552049,119717,2025-2026,38,,6000.0,,,,,,0.0
4347,124812698,5552049,119717,2025-2026,39,5TH STATE FINANCE COMMISSION,105000.0,105000.0,105000.0,105000.0,,,0.0
4348,124812292,5552049,119717,2025-2026,40,,100000.0,,,,,,0.0
4349,124969249,5552049,119717,2025-2026,41,,233000.0,,,,,,0.0
4350,124970315,5552049,119717,2025-2026,42,,,,,,,,0.0
4351,124974949,5552049,119717,2025-2026,43,,,,,,,,0.0
4352,124978490,5552049,119717,2025-2026,44,,,,,,,,0.0
4353,124978592,5552049,119717,2025-2026,45,,,,,,,,0.0
4354,124978777,5552049,119717,2025-2026,46,,,,,,,,0.0
4355,124979418,5552049,119717,2025-2026,47,,,,,,,,0.0
4356,124983396,5552049,119717,2025-2026,48,,,,,,,,0.0
4357,124983933,5552049,119717,2025-2026,49,,,,,,,,0.0
4358,124984401,5552049,119717,2025-2026,50,,,,,,,,0.0
4359,124985229,5552049,119717,2025-2026,51,,,,,,,,0.0
4360,124985589,5552049,119717,2025-2026,52,,,,,,,,0.0
4361,124986225,5552049,119717,2025-2026,53,,,,,,,,0.0
4362,124986508,5552049,119717,2025-2026,54,,,,,,,,0.0
4363,124986872,5552049,119717,2025-2026,55,,,,,,,,0.0
4364,124987232,5552049,119717,2025-2026,56,,,,,,,,0.0
4365,124969379,5552049,119717,2025-2026,57,5TH STATE FINANCE COMMISSION,28240.0,28240.0,28240.0,28240.0,,,28000.0
4366,124803734,5552049,119717,2025-2026,58,,50000.0,,,,,,0.0
4367,124803801,5552049,119717,2025-2026,59,,56244.0,,,,,,0.0
4368,124970538,5552049,119717,2025-2026,60,,,,,,,,0.0
4369,124997644,5552049,119717,2025-2026,61,XV Finance Commission,120000.0,120000.0,120000.0,120000.0,,,120000.0
4370,124801973,5552049,119717,2025-2026,62,XV Finance Commission,100000.0,100000.0,100000.0,100000.0,,,99400.0
4371,125027725,5552049,119717,2025-2026,63,,100000.0,,,,,,0.0
4372,125029367,5552049,119717,2025-2026,64,,,,,,,,0.0
4373,125029532,5552049,119717,2025-2026,65,,,,,,,,0.0
4374,125029770,5552049,119717,2025-2026,66,,,,,,,,0.0
4375,125030388,5552049,119717,2025-2026,67,,,,,,,,0.0
4376,125031826,5552049,119717,2025-2026,68,,,,,,,,0.0
4377,125033621,5552049,119717,2025-2026,69,,,,,,,,0.0
4378,125034064,5552049,119717,2025-2026,70,,,,,,,,0.0
4379,125036844,5552049,119717,2025-2026,71,,,,,,,,0.0
4380,125036970,5552049,119717,2025-2026,72,,,,,,,,0.0
4381,125037119,5552049,119717,2025-2026,73,,,,,,,,0.0
4382,125037218,5552049,119717,2025-2026,74,,,,,,,,0.0
4383,125037416,5552049,119717,2025-2026,75,,,,,,,,0.0
4384,125037664,5552049,119717,2025-2026,76,,,,,,,,0.0
4385,125037919,5552049,119717,2025-2026,77,,,,,,,,0.0
4386,125038055,5552049,119717,2025-2026,78,,,,,,,,0.0
4387,125043758,5552049,119717,2025-2026,79,,,,,,,,0.0
4388,125043886,5552049,119717,2025-2026,80,,,,,,,,0.0
4389,125044311,5552049,119717,2025-2026,81,,,,,,,,0.0
4390,125044488,5552049,119717,2025-2026,82,,,,,,,,0.0
4391,125044736,5552049,119717,2025-2026,83,,,,,,,,0.0
4392,125045008,5552049,119717,2025-2026,84,,,,,,,,0.0
4393,125045187,5552049,119717,2025-2026,85,,,,,,,,0.0
4394,125045580,5552049,119717,2025-2026,86,,,,,,,,0.0
4395,125053974,5552049,119717,2025-2026,87,,500.0,,,,,,0.0
4396,125054026,5552049,119717,2025-2026,88,,500.0,,,,,,0.0
4397,125054256,5552049,119717,2025-2026,89,,500.0,,,,,,0.0
4398,125054334,5552049,119717,2025-2026,90,,500.0,,,,,,0.0
4399,125054380,5552049,119717,2025-2026,91,,500.0,,,,,,0.0
4400,125054510,5552049,119717,2025-2026,92,,500.0,,,,,,0.0
4401,125054633,5552049,119717,2025-2026,93,,500.0,,,,,,0.0
4402,125054743,5552049,119717,2025-2026,94,,500.0,,,,,,0.0
4403,125054705,5552049,119717,2025-2026,95,,500.0,,,,,,0.0
4404,43672585,2870749,117835,2020-2021,1,5TH STATE FINANCE COMMISSION,100000.0,96275.0,96275.0,96275.0,,,96275.0
4405,43672631,2870749,117835,2020-2021,2,5TH STATE FINANCE COMMISSION,114032.0,112832.0,112832.0,112832.0,,,112832.0
4406,43671842,2870749,117835,2020-2021,3,XV Finance Commission,230000.0,227722.0,227722.0,227722.0,,,227722.0
4407,43672705,2870749,117835,2020-2021,4,,100000.0,,,,,,0.0
4408,43672319,2870749,117835,2020-2021,5,,40000.0,,,,,,0.0
4409,43671918,2870749,117835,2020-2021,6,,50000.0,,,,,,0.0
4410,43671464,2870749,117835,2020-2021,7,XV Finance Commission,60000.0,60000.0,60000.0,60000.0,,,60000.0
4411,43671404,2870749,117835,2020-2021,8,XV Finance Commission,48600.0,48600.0,48600.0,48600.0,,,48600.0
4412,43671984,2870749,117835,2020-2021,9,XV Finance Commission,200000.0,200000.0,200000.0,200000.0,,,188263.0
4413,43671521,2870749,117835,2020-2021,10,,100000.0,,,,,,0.0
4414,43671644,2870749,117835,2020-2021,11,XV Finance Commission,100000.0,100000.0,100000.0,100000.0,,,100000.0
4415,43671747,2870749,117835,2020-2021,12,,70000.0,,,,,,0.0
4416,43672259,2870749,117835,2020-2021,13,XV Finance Commission,150000.0,150000.0,150000.0,150000.0,,,150000.0
4417,43671274,2870749,117835,2020-2021,14,,124712.0,,,,,,0.0
4418,44144628,2870749,117835,2020-2021,15,XV Finance Commission,90000.0,90000.0,90000.0,90000.0,,,86470.0
4419,43672125,2870749,117835,2020-2021,16,XV Finance Commission,500000.0,500000.0,500000.0,500000.0,,,0.0
4420,43672056,2870749,117835,2020-2021,17,,150000.0,,,,,,0.0
4421,43672422,2870749,117835,2020-2021,18,5TH STATE FINANCE COMMISSION,500000.0,500000.0,500000.0,500000.0,,,489666.0
4422,43672356,2870749,117835,2020-2021,19,XV Finance Commission,183312.0,183312.0,183312.0,183312.0,,,183312.0
4423,43672187,2870749,117835,2020-2021,20,XV Finance Commission,350000.0,350000.0,350000.0,350000.0,,,350000.0
4424,88001670,4918080,117835,2020-2021,1,,244660.0,,,,,,0.0
4425,88001711,4918080,117835,2020-2021,2,,1076314.0,,,,,,0.0
4426,88001739,4918080,117835,2020-2021,3,,162806.0,,,,,,0.0
4427,88000587,4918080,117835,2020-2021,4,XV Finance Commission,274712.0,274712.0,274712.0,274712.0,,,251576.0
4428,88001647,4918080,117835,2020-2021,5,,244660.0,,,,,,0.0
4429,88000745,4918080,117835,2020-2021,6,,5381565.0,,,,,,0.0
4430,47731922,3330954,117835,2021-2022,1,,407032.0,,,,,,0.0
4431,47731646,3330954,117835,2021-2022,2,5TH STATE FINANCE COMMISSION,407000.0,407000.0,407000.0,407000.0,,,391587.0
4432,47734540,3330954,117835,2021-2022,3,,106242.0,,,,,,0.0
4433,47728812,3330954,117835,2021-2022,4,XV Finance Commission,311656.0,311656.0,311656.0,311656.0,,,311656.0
4434,47728391,3330954,117835,2021-2022,5,XV Finance Commission,152000.0,152000.0,152000.0,152000.0,,,152000.0
4435,47729913,3330954,117835,2021-2022,6,,50000.0,,,,,,0.0
4436,47730299,3330954,117835,2021-2022,7,,200000.0,,,,,,0.0
4437,47727477,3330954,117835,2021-2022,8,XV Finance Commission,48000.0,48000.0,48000.0,48000.0,,,32000.0
4438,47730667,3330954,117835,2021-2022,9,,361656.0,,,,,,0.0
4439,47731010,3330954,117835,2021-2022,10,,123312.0,,,,,,0.0
4440,47731215,3330954,117835,2021-2022,11,,1000000.0,,,,,,0.0
4441,47729260,3330954,117835,2021-2022,12,XV Finance Commission,100000.0,100000.0,100000.0,100000.0,,,0.0
4442,47731425,3330954,117835,2021-2022,13,XV Finance Commission,100000.0,100000.0,100000.0,100000.0,,,100000.0
4443,64130379,4228666,117835,2021-2022,1,XV Finance Commission,520000.0,520000.0,520000.0,520000.0,,,520000.0
4444,64130099,4228666,117835,2021-2022,2,XV Finance Commission,117000.0,117000.0,117000.0,117000.0,,,61898.0
4445,64130825,4228666,117835,2021-2022,3,,127490.0,,,,,,0.0
4446,64131834,4228666,117835,2021-2022,4,,162806.0,,,,,,0.0
4447,64131918,4228666,117835,2021-2022,5,,722919.0,,,,,,0.0
4448,64132339,4228666,117835,2021-2022,6,,172330.0,,,,,,0.0
4449,64132368,4228666,117835,2021-2022,7,,172330.0,,,,,,0.0
4450,64130528,4228666,117835,2021-2022,8,5TH STATE FINANCE COMMISSION,257032.0,257032.0,257032.0,257032.0,,,251916.0
4451,64130492,4228666,117835,2021-2022,9,5TH STATE FINANCE COMMISSION,150000.0,150000.0,150000.0,150000.0,,,142364.0
4452,64130337,4228666,117835,2021-2022,10,XV Finance Commission,200000.0,200000.0,200000.0,200000.0,,,195012.0
4453,64130269,4228666,117835,2021-2022,11,XV Finance Commission,361656.0,361656.0,361656.0,361656.0,,,353687.0
4454,64130177,4228666,117835,2021-2022,12,XV Finance Commission,200000.0,200000.0,200000.0,200000.0,,,200000.0
4455,64130151,4228666,117835,2021-2022,13,XV Finance Commission,444656.0,444656.0,444656.0,444656.0,,,444656.0
4456,64130414,4228666,117835,2021-2022,14,XV Finance Commission,25053.0,25053.0,25053.0,25053.0,,,25053.0
4457,64130448,4228666,117835,2021-2022,15,5TH STATE FINANCE COMMISSION,407000.0,407000.0,407000.0,407000.0,,,0.0
4458,66075107,4022220,117835,2022-2023,1,5TH STATE FINANCE COMMISSION,500000.0,500000.0,500000.0,500000.0,,,493296.0
4459,59963154,4022220,117835,2022-2023,2,,1000.0,,,,,,0.0
4460,60095985,4022220,117835,2022-2023,3,,155443.0,,,,,,0.0
4461,60096214,4022220,117835,2022-2023,4,,155443.0,,,,,,0.0
4462,66074871,4022220,117835,2022-2023,5,,50542.0,,,,,,0.0
4463,66074894,4022220,117835,2022-2023,6,,48000.0,,,,,,0.0
4464,66074916,4022220,117835,2022-2023,7,,60000.0,,,,,,0.0
4465,66075002,4022220,117835,2022-2023,8,XV Finance Commission,200000.0,200000.0,200000.0,200000.0,,,83000.0
4466,66075064,4022220,117835,2022-2023,9,XV Finance Commission,650000.0,650000.0,650000.0,650000.0,,,643146.0
4467,66075086,4022220,117835,2022-2023,10,,21388.0,,,,,,0.0
4468,66074853,4022220,117835,2022-2023,11,XV Finance Commission,300000.0,300000.0,300000.0,300000.0,,,294359.0
4469,66074832,4022220,117835,2022-2023,12,XV Finance Commission,120000.0,120000.0,120000.0,120000.0,,,100000.0
4470,66075138,4022220,117835,2022-2023,13,5TH STATE FINANCE COMMISSION,64032.0,64032.0,64032.0,64032.0,,,64032.0
4471,66074952,4022220,117835,2022-2023,14,XV Finance Commission,78542.0,78542.0,78542.0,78542.0,,,76971.0
4472,66074971,4022220,117835,2022-2023,15,XV Finance Commission,300000.0,300000.0,300000.0,300000.0,,,175268.0
4473,66075123,4022220,117835,2022-2023,16,5TH STATE FINANCE COMMISSION,250000.0,250000.0,250000.0,250000.0,,,249000.0
4474,60096391,4022220,117835,2022-2023,17,XV Finance Commission,207262.0,207262.0,207262.0,207262.0,,,207262.0
4475,66075036,4022220,117835,2022-2023,18,XV Finance Commission,100000.0,100000.0,100000.0,100000.0,,,98951.0
4476,81633096,4581403,117835,2023-2024,1,XV Finance Commission,250372.0,250372.0,250372.0,250372.0,,,250372.0
4477,81244135,4581403,117835,2023-2024,2,,,,,,,,0.0
4478,80890043,4581403,117835,2023-2024,3,,2500.0,,,,,,0.0
4479,81631361,4581403,117835,2023-2024,4,XV Finance Commission,48000.0,48000.0,48000.0,48000.0,,,42250.0
4480,81633782,4581403,117835,2023-2024,5,,,,,,,,0.0
4481,81633917,4581403,117835,2023-2024,6,,,,,,,,0.0
4482,81634494,4581403,117835,2023-2024,7,5TH STATE FINANCE COMMISSION,100000.0,100000.0,100000.0,100000.0,,,96690.0
4483,79976306,4581403,117835,2023-2024,8,,200000.0,,,,,,0.0
4484,80509376,4581403,117835,2023-2024,9,,20000.0,,,,,,0.0
4485,80642258,4581403,117835,2023-2024,10,,30000.0,,,,,,0.0
4486,80700546,4581403,117835,2023-2024,11,,,,,,,,0.0
4487,81240706,4581403,117835,2023-2024,12,,,,,,,,0.0
4488,79971173,4581403,117835,2023-2024,13,,40000.0,,,,,,0.0
4489,79972453,4581403,117835,2023-2024,14,,5100.0,,,,,,0.0
4490,79973077,4581403,117835,2023-2024,15,,60000.0,,,,,,0.0
4491,79974350,4581403,117835,2023-2024,16,,40000.0,,,,,,0.0
4492,79975298,4581403,117835,2023-2024,17,,,,,,,,0.0
4493,79977211,4581403,117835,2023-2024,18,,100000.0,,,,,,0.0
4494,80253121,4581403,117835,2023-2024,19,,,,,,,,0.0
4495,80444256,4581403,117835,2023-2024,20,,,,,,,,0.0
4496,80446749,4581403,117835,2023-2024,21,,10000.0,,,,,,0.0
4497,80450100,4581403,117835,2023-2024,22,,,,,,,,0.0
4498,80452972,4581403,117835,2023-2024,23,,,,,,,,0.0
4499,80461878,4581403,117835,2023-2024,24,,120000.0,,,,,,0.0
4500,80463086,4581403,117835,2023-2024,25,,,,,,,,0.0
4501,80465729,4581403,117835,2023-2024,26,,,,,,,,0.0
4502,80467669,4581403,117835,2023-2024,27,,30000.0,,,,,,0.0
4503,80468606,4581403,117835,2023-2024,28,,72000.0,,,,,,0.0
4504,80469297,4581403,117835,2023-2024,29,,120000.0,,,,,,0.0
4505,80470534,4581403,117835,2023-2024,30,,130000.0,,,,,,0.0
4506,80475271,4581403,117835,2023-2024,31,,,,,,,,0.0
4507,80475918,4581403,117835,2023-2024,32,,350000.0,,,,,,0.0
4508,80476604,4581403,117835,2023-2024,33,,,,,,,,0.0
4509,80477324,4581403,117835,2023-2024,34,,70000.0,,,,,,0.0
4510,80477877,4581403,117835,2023-2024,35,,60000.0,,,,,,0.0
4511,80478835,4581403,117835,2023-2024,36,,31000.0,,,,,,0.0
4512,80481574,4581403,117835,2023-2024,37,,40000.0,,,,,,0.0
4513,80483743,4581403,117835,2023-2024,38,,15000.0,,,,,,0.0
4514,80484664,4581403,117835,2023-2024,39,,70000.0,,,,,,0.0
4515,80486326,4581403,117835,2023-2024,40,,70000.0,,,,,,0.0
4516,80487269,4581403,117835,2023-2024,41,,,,,,,,0.0
4517,80490076,4581403,117835,2023-2024,42,,66000.0,,,,,,0.0
4518,80491887,4581403,117835,2023-2024,43,,40000.0,,,,,,0.0
4519,80492898,4581403,117835,2023-2024,44,,55000.0,,,,,,0.0
4520,80493763,4581403,117835,2023-2024,45,,66000.0,,,,,,0.0
4521,80494565,4581403,117835,2023-2024,46,,78000.0,,,,,,0.0
4522,80495118,4581403,117835,2023-2024,47,,69000.0,,,,,,0.0
4523,80495891,4581403,117835,2023-2024,48,,155000.0,,,,,,0.0
4524,80497391,4581403,117835,2023-2024,49,,33000.0,,,,,,0.0
4525,80498873,4581403,117835,2023-2024,50,,110000.0,,,,,,0.0
4526,80500135,4581403,117835,2023-2024,51,,30000.0,,,,,,0.0
4527,80502267,4581403,117835,2023-2024,52,,100000.0,,,,,,0.0
4528,80502875,4581403,117835,2023-2024,53,,40000.0,,,,,,0.0
4529,80503819,4581403,117835,2023-2024,54,,80000.0,,,,,,0.0
4530,80504373,4581403,117835,2023-2024,55,,77000.0,,,,,,0.0
4531,80505138,4581403,117835,2023-2024,56,,15000.0,,,,,,0.0
4532,80507617,4581403,117835,2023-2024,57,,120000.0,,,,,,0.0
4533,80508224,4581403,117835,2023-2024,58,,520000.0,,,,,,0.0
4534,80508620,4581403,117835,2023-2024,59,,,,,,,,0.0
4535,80629600,4581403,117835,2023-2024,60,,70000.0,,,,,,0.0
4536,80631336,4581403,117835,2023-2024,61,,,,,,,,0.0
4537,80631338,4581403,117835,2023-2024,62,,,,,,,,0.0
4538,80632458,4581403,117835,2023-2024,63,,60000.0,,,,,,0.0
4539,80633832,4581403,117835,2023-2024,64,,90000.0,,,,,,0.0
4540,80634715,4581403,117835,2023-2024,65,,88000.0,,,,,,0.0
4541,80638420,4581403,117835,2023-2024,66,,12000.0,,,,,,0.0
4542,80639119,4581403,117835,2023-2024,67,,14000.0,,,,,,0.0
4543,80639955,4581403,117835,2023-2024,68,,25000.0,,,,,,0.0
4544,80640770,4581403,117835,2023-2024,69,,60000.0,,,,,,0.0
4545,80643626,4581403,117835,2023-2024,70,,17000.0,,,,,,0.0
4546,80655728,4581403,117835,2023-2024,71,,,,,,,,0.0
4547,80687592,4581403,117835,2023-2024,72,,,,,,,,0.0
4548,80691915,4581403,117835,2023-2024,73,,,,,,,,0.0
4549,80692954,4581403,117835,2023-2024,74,,,,,,,,0.0
4550,80693413,4581403,117835,2023-2024,75,,,,,,,,0.0
4551,80693703,4581403,117835,2023-2024,76,,,,,,,,0.0
4552,80695301,4581403,117835,2023-2024,77,,,,,,,,0.0
4553,80696563,4581403,117835,2023-2024,78,,,,,,,,0.0
4554,80697645,4581403,117835,2023-2024,79,,,,,,,,0.0
4555,80698516,4581403,117835,2023-2024,80,,,,,,,,0.0
4556,80701979,4581403,117835,2023-2024,81,,,,,,,,0.0
4557,80704106,4581403,117835,2023-2024,82,,,,,,,,0.0
4558,80704349,4581403,117835,2023-2024,83,,,,,,,,0.0
4559,80705061,4581403,117835,2023-2024,84,,,,,,,,0.0
4560,80705744,4581403,117835,2023-2024,85,,,,,,,,0.0
4561,80705750,4581403,117835,2023-2024,86,,,,,,,,0.0
4562,80706151,4581403,117835,2023-2024,87,,,,,,,,0.0
4563,80706441,4581403,117835,2023-2024,88,,,,,,,,0.0
4564,80706577,4581403,117835,2023-2024,89,,,,,,,,0.0
4565,80707598,4581403,117835,2023-2024,90,,,,,,,,0.0
4566,80708151,4581403,117835,2023-2024,91,,,,,,,,0.0
4567,80883866,4581403,117835,2023-2024,92,,,,,,,,0.0
4568,80884343,4581403,117835,2023-2024,93,,,,,,,,0.0
4569,80888795,4581403,117835,2023-2024,94,,12000.0,,,,,,0.0
4570,80888976,4581403,117835,2023-2024,95,,500.0,,,,,,0.0
4571,80889113,4581403,117835,2023-2024,96,,5000.0,,,,,,0.0
4572,80889560,4581403,117835,2023-2024,97,,500.0,,,,,,0.0
4573,80889808,4581403,117835,2023-2024,98,,500.0,,,,,,0.0
4574,80889935,4581403,117835,2023-2024,99,,500.0,,,,,,0.0
4575,80890187,4581403,117835,2023-2024,100,,500.0,,,,,,0.0
4576,81214321,4581403,117835,2023-2024,101,,,,,,,,0.0
4577,81215586,4581403,117835,2023-2024,102,,,,,,,,0.0
4578,81216790,4581403,117835,2023-2024,103,,,,,,,,0.0
4579,81218446,4581403,117835,2023-2024,104,,,,,,,,0.0
4580,81220100,4581403,117835,2023-2024,105,,,,,,,,0.0
4581,81223880,4581403,117835,2023-2024,106,,30000.0,,,,,,0.0
4582,81226738,4581403,117835,2023-2024,107,,,,,,,,0.0
4583,81227276,4581403,117835,2023-2024,108,,,,,,,,0.0
4584,81228440,4581403,117835,2023-2024,109,,,,,,,,0.0
4585,81229143,4581403,117835,2023-2024,110,,,,,,,,0.0
4586,81230697,4581403,117835,2023-2024,111,,,,,,,,0.0
4587,81231866,4581403,117835,2023-2024,112,,,,,,,,0.0
4588,81232739,4581403,117835,2023-2024,113,,,,,,,,0.0
4589,81233634,4581403,117835,2023-2024,114,,,,,,,,0.0
4590,81234672,4581403,117835,2023-2024,115,,,,,,,,0.0
4591,81235307,4581403,117835,2023-2024,116,,,,,,,,0.0
4592,81235928,4581403,117835,2023-2024,117,,,,,,,,0.0
4593,81236911,4581403,117835,2023-2024,118,,,,,,,,0.0
4594,81238654,4581403,117835,2023-2024,119,,,,,,,,0.0
4595,81239993,4581403,117835,2023-2024,120,,,,,,,,0.0
4596,81241650,4581403,117835,2023-2024,121,,,,,,,,0.0
4597,81242633,4581403,117835,2023-2024,122,,39000.0,,,,,,0.0
4598,81244788,4581403,117835,2023-2024,123,,,,,,,,0.0
4599,81245395,4581403,117835,2023-2024,124,,,,,,,,0.0
4600,81246103,4581403,117835,2023-2024,125,,,,,,,,0.0
4601,81246777,4581403,117835,2023-2024,126,,,,,,,,0.0
4602,81247485,4581403,117835,2023-2024,127,,,,,,,,0.0
4603,81247990,4581403,117835,2023-2024,128,,,,,,,,0.0
4604,81631092,4581403,117835,2023-2024,129,,5500.0,,,,,,0.0
4605,81631625,4581403,117835,2023-2024,130,,115279.0,,,,,,0.0
4606,81631444,4581403,117835,2023-2024,131,,72000.0,,,,,,0.0
4607,81631700,4581403,117835,2023-2024,132,XV Finance Commission,350000.0,350000.0,350000.0,350000.0,,,350000.0
4608,81632523,4581403,117835,2023-2024,133,,115219.0,,,,,,0.0
4609,81632413,4581403,117835,2023-2024,134,,10000.0,,,,,,0.0
4610,81632977,4581403,117835,2023-2024,135,XV Finance Commission,100000.0,100000.0,100000.0,100000.0,,,96680.0
4611,81633032,4581403,117835,2023-2024,136,XV Finance Commission,100000.0,100000.0,100000.0,100000.0,,,96685.0
4612,81633147,4581403,117835,2023-2024,137,XV Finance Commission,330000.0,330000.0,330000.0,330000.0,,,348740.0
4613,81633634,4581403,117835,2023-2024,138,,,,,,,,0.0
4614,81633743,4581403,117835,2023-2024,139,,,,,,,,0.0
4615,81634520,4581403,117835,2023-2024,140,5TH STATE FINANCE COMMISSION,400000.0,400000.0,400000.0,400000.0,,,392000.0
4616,81634557,4581403,117835,2023-2024,141,5TH STATE FINANCE COMMISSION,314080.0,314080.0,314080.0,314080.0,,,307947.0
4617,80637822,4581403,117835,2023-2024,142,,30000.0,,,,,,0.0
4618,80472904,4581403,117835,2023-2024,143,,,,,,,,0.0
4619,80482420,4581403,117835,2023-2024,144,,30000.0,,,,,,0.0
4620,80485510,4581403,117835,2023-2024,145,,60000.0,,,,,,0.0
4621,80496467,4581403,117835,2023-2024,146,,20000.0,,,,,,0.0
4622,80500805,4581403,117835,2023-2024,147,,56000.0,,,,,,0.0
4623,80491080,4581403,117835,2023-2024,148,,17000.0,,,,,,0.0
4624,81216534,4581403,117835,2023-2024,149,,,,,,,,0.0
4625,80505568,4581403,117835,2023-2024,150,,500000.0,,,,,,0.0
4626,80507186,4581403,117835,2023-2024,151,,,,,,,,0.0
4627,81217493,4581403,117835,2023-2024,152,,,,,,,,0.0
4628,81219402,4581403,117835,2023-2024,153,,,,,,,,0.0
4629,81225970,4581403,117835,2023-2024,154,,,,,,,,0.0
4630,81222842,4581403,117835,2023-2024,155,,,,,,,,0.0
4631,81224572,4581403,117835,2023-2024,156,,,,,,,,0.0
4632,80688939,4581403,117835,2023-2024,157,,,,,,,,0.0
4633,80702659,4581403,117835,2023-2024,158,,,,,,,,0.0
4634,80699235,4581403,117835,2023-2024,159,,,,,,,,0.0
4635,80692428,4581403,117835,2023-2024,160,,,,,,,,0.0
4636,80699590,4581403,117835,2023-2024,161,,,,,,,,0.0
4637,80699840,4581403,117835,2023-2024,162,,,,,,,,0.0
4638,80694092,4581403,117835,2023-2024,163,,,,,,,,0.0
4639,80702226,4581403,117835,2023-2024,164,,,,,,,,0.0
4640,80694339,4581403,117835,2023-2024,165,,,,,,,,0.0
4641,80700200,4581403,117835,2023-2024,166,,,,,,,,0.0
4642,80695045,4581403,117835,2023-2024,167,,,,,,,,0.0
4643,80695691,4581403,117835,2023-2024,168,,,,,,,,0.0
4644,80695949,4581403,117835,2023-2024,169,,,,,,,,0.0
4645,80696260,4581403,117835,2023-2024,170,,,,,,,,0.0
4646,80696856,4581403,117835,2023-2024,171,,,,,,,,0.0
4647,80700997,4581403,117835,2023-2024,172,,,,,,,,0.0
4648,80697167,4581403,117835,2023-2024,173,,,,,,,,0.0
4649,80701181,4581403,117835,2023-2024,174,,,,,,,,0.0
4650,80701435,4581403,117835,2023-2024,175,,,,,,,,0.0
4651,80703007,4581403,117835,2023-2024,176,,,,,,,,0.0
4652,80703245,4581403,117835,2023-2024,177,,,,,,,,0.0
4653,80703682,4581403,117835,2023-2024,178,,,,,,,,0.0
4654,80705425,4581403,117835,2023-2024,179,,,,,,,,0.0
4655,80706089,4581403,117835,2023-2024,180,,,,,,,,0.0
4656,80707942,4581403,117835,2023-2024,181,,,,,,,,0.0
4657,81243104,4581403,117835,2023-2024,182,,,,,,,,0.0
4658,80708422,4581403,117835,2023-2024,183,,,,,,,,0.0
4659,80706892,4581403,117835,2023-2024,184,,,,,,,,0.0
4660,80707316,4581403,117835,2023-2024,185,,,,,,,,0.0
4661,79968034,4581403,117835,2023-2024,186,,,,,,,,0.0
4662,80876784,4581403,117835,2023-2024,187,,,,,,,,0.0
4663,80877131,4581403,117835,2023-2024,188,,,,,,,,0.0
4664,80877523,4581403,117835,2023-2024,189,,,,,,,,0.0
4665,80884633,4581403,117835,2023-2024,190,,,,,,,,0.0
4666,79977817,4581403,117835,2023-2024,191,,70000.0,,,,,,0.0
4667,79978558,4581403,117835,2023-2024,192,,70000.0,,,,,,0.0
4668,79966088,4581403,117835,2023-2024,193,,50000.0,,,,,,0.0
4669,79969302,4581403,117835,2023-2024,194,,50000.0,,,,,,0.0
4670,80884937,4581403,117835,2023-2024,195,,,,,,,,0.0
4671,79979611,4581403,117835,2023-2024,196,,100000.0,,,,,,0.0
4672,79980206,4581403,117835,2023-2024,197,,70000.0,,,,,,0.0
4673,79980676,4581403,117835,2023-2024,198,,100000.0,,,,,,0.0
4674,79982088,4581403,117835,2023-2024,199,,60000.0,,,,,,0.0
4675,79982985,4581403,117835,2023-2024,200,,30000.0,,,,,,0.0
4676,79979104,4581403,117835,2023-2024,201,,200000.0,,,,,,0.0
4677,80447449,4581403,117835,2023-2024,202,,30000.0,,,,,,0.0
4678,80448577,4581403,117835,2023-2024,203,,40000.0,,,,,,0.0
4679,80449341,4581403,117835,2023-2024,204,,60000.0,,,,,,0.0
4680,80451014,4581403,117835,2023-2024,205,,100000.0,,,,,,0.0
4681,80451977,4581403,117835,2023-2024,206,,100000.0,,,,,,0.0
4682,80454232,4581403,117835,2023-2024,207,,40000.0,,,,,,0.0
4683,80455115,4581403,117835,2023-2024,208,,36000.0,,,,,,0.0
4684,80466855,4581403,117835,2023-2024,209,,47000.0,,,,,,0.0
4685,80253883,4581403,117835,2023-2024,210,,100000.0,,,,,,0.0
4686,80254795,4581403,117835,2023-2024,211,,200000.0,,,,,,0.0
4687,80471339,4581403,117835,2023-2024,212,,210000.0,,,,,,0.0
4688,80881138,4581403,117835,2023-2024,213,,,,,,,,0.0
4689,80881587,4581403,117835,2023-2024,214,,,,,,,,0.0
4690,80882117,4581403,117835,2023-2024,215,,,,,,,,0.0
4691,80882409,4581403,117835,2023-2024,216,,,,,,,,0.0
4692,80882801,4581403,117835,2023-2024,217,,,,,,,,0.0
4693,80883045,4581403,117835,2023-2024,218,,,,,,,,0.0
4694,80883358,4581403,117835,2023-2024,219,,,,,,,,0.0
4695,80888612,4581403,117835,2023-2024,220,,80000.0,,,,,,0.0
4696,80889237,4581403,117835,2023-2024,221,,500.0,,,,,,0.0
4697,80889339,4581403,117835,2023-2024,222,,500.0,,,,,,0.0
4698,80889446,4581403,117835,2023-2024,223,,1000.0,,,,,,0.0
4699,80889692,4581403,117835,2023-2024,224,,500.0,,,,,,0.0
4700,81632205,4581403,117835,2023-2024,225,,70000.0,,,,,,0.0
4701,81632292,4581403,117835,2023-2024,226,,5000.0,,,,,,0.0
4702,81632343,4581403,117835,2023-2024,227,,5060.0,,,,,,0.0
4703,81632585,4581403,117835,2023-2024,228,,60000.0,,,,,,0.0
4704,81631971,4581403,117835,2023-2024,229,XV Finance Commission,320000.0,320000.0,320000.0,320000.0,,,285000.0
4705,128589744,6023298,117835,2023-2024,1,,115279.0,,,,,,0.0
4706,128589704,6023298,117835,2023-2024,2,XV Finance Commission,255279.0,255279.0,255279.0,255279.0,,,0.0
4707,102436092,5062104,117835,2024-2025,1,,18000.0,,,,,,0.0
4708,102975381,5062104,117835,2024-2025,2,XV Finance Commission,96839.0,96839.0,96839.0,96839.0,,,76839.0
4709,102977210,5062104,117835,2024-2025,3,5TH STATE FINANCE COMMISSION,164032.0,164032.0,164032.0,164032.0,,,164032.0
4710,102977694,5062104,117835,2024-2025,4,,52000.0,,,,,,0.0
4711,102398271,5062104,117835,2024-2025,5,,100000.0,,,,,,0.0
4712,102434231,5062104,117835,2024-2025,6,,500000.0,,,,,,0.0
4713,102436217,5062104,117835,2024-2025,7,,,,,,,,0.0
4714,102451369,5062104,117835,2024-2025,8,,,,,,,,0.0
4715,102474250,5062104,117835,2024-2025,9,,,,,,,,0.0
4716,102973833,5062104,117835,2024-2025,10,XV Finance Commission,290279.0,290279.0,290279.0,290279.0,,,261251.0
4717,102974687,5062104,117835,2024-2025,11,,34839.0,,,,,,0.0
4718,102977834,5062104,117835,2024-2025,12,,25000.0,,,,,,0.0
4719,102978227,5062104,117835,2024-2025,13,,,,,,,,0.0
4720,102978366,5062104,117835,2024-2025,14,,,,,,,,0.0
4721,102978522,5062104,117835,2024-2025,15,,,,,,,,0.0
4722,102978645,5062104,117835,2024-2025,16,,,,,,,,0.0
4723,102978780,5062104,117835,2024-2025,17,,,,,,,,0.0
4724,102979038,5062104,117835,2024-2025,18,,,,,,,,0.0
4725,102974410,5062104,117835,2024-2025,19,XV Finance Commission,100000.0,100000.0,100000.0,100000.0,,,97909.0
4726,102975565,5062104,117835,2024-2025,20,XV Finance Commission,60000.0,60000.0,60000.0,60000.0,,,59005.0
4727,102977029,5062104,117835,2024-2025,21,5TH STATE FINANCE COMMISSION,350000.0,350000.0,350000.0,350000.0,,,341823.0
4728,102395270,5062104,117835,2024-2025,22,,,,,,,,0.0
4729,102395610,5062104,117835,2024-2025,23,,,,,,,,0.0
4730,102395936,5062104,117835,2024-2025,24,,,,,,,,0.0
4731,102396278,5062104,117835,2024-2025,25,,,,,,,,0.0
4732,102396791,5062104,117835,2024-2025,26,,100000.0,,,,,,0.0
4733,102397296,5062104,117835,2024-2025,27,,500000.0,,,,,,0.0
4734,102398918,5062104,117835,2024-2025,28,,,,,,,,0.0
4735,102399478,5062104,117835,2024-2025,29,,,,,,,,0.0
4736,102407475,5062104,117835,2024-2025,30,,,,,,,,0.0
4737,102400181,5062104,117835,2024-2025,31,,300000.0,,,,,,0.0
4738,102401518,5062104,117835,2024-2025,32,,,,,,,,0.0
4739,102400702,5062104,117835,2024-2025,33,,,,,,,,0.0
4740,102401089,5062104,117835,2024-2025,34,,,,,,,,0.0
4741,102402234,5062104,117835,2024-2025,35,,1000000.0,,,,,,0.0
4742,102403562,5062104,117835,2024-2025,36,,,,,,,,0.0
4743,102404245,5062104,117835,2024-2025,37,,100000.0,,,,,,0.0
4744,102406454,5062104,117835,2024-2025,38,,,,,,,,0.0
4745,102405083,5062104,117835,2024-2025,39,,,,,,,,0.0
4746,102405955,5062104,117835,2024-2025,40,,,,,,,,0.0
4747,102407105,5062104,117835,2024-2025,41,,,,,,,,0.0
4748,102408256,5062104,117835,2024-2025,42,,,,,,,,0.0
4749,102408897,5062104,117835,2024-2025,43,,,,,,,,0.0
4750,102409876,5062104,117835,2024-2025,44,,,,,,,,0.0
4751,102411131,5062104,117835,2024-2025,45,,200000.0,,,,,,0.0
4752,102433824,5062104,117835,2024-2025,46,,24000.0,,,,,,0.0
4753,102416253,5062104,117835,2024-2025,47,,200000.0,,,,,,0.0
4754,102416337,5062104,117835,2024-2025,48,,,,,,,,0.0
4755,102416871,5062104,117835,2024-2025,49,,,,,,,,0.0
4756,102417515,5062104,117835,2024-2025,50,,,,,,,,0.0
4757,102418137,5062104,117835,2024-2025,51,,150000.0,,,,,,0.0
4758,102418324,5062104,117835,2024-2025,52,,,,,,,,0.0
4759,102419367,5062104,117835,2024-2025,53,,,,,,,,0.0
4760,102418869,5062104,117835,2024-2025,54,,,,,,,,0.0
4761,102419073,5062104,117835,2024-2025,55,,600000.0,,,,,,0.0
4762,102419879,5062104,117835,2024-2025,56,,300000.0,,,,,,0.0
4763,102420379,5062104,117835,2024-2025,57,,,,,,,,0.0
4764,102420530,5062104,117835,2024-2025,58,,500000.0,,,,,,0.0
4765,102422728,5062104,117835,2024-2025,59,,500000.0,,,,,,0.0
4766,102421569,5062104,117835,2024-2025,60,,,,,,,,0.0
4767,102421791,5062104,117835,2024-2025,61,,,,,,,,0.0
4768,102422955,5062104,117835,2024-2025,62,,600000.0,,,,,,0.0
4769,102423204,5062104,117835,2024-2025,63,,,,,,,,0.0
4770,102424444,5062104,117835,2024-2025,64,,600000.0,,,,,,0.0
4771,102425379,5062104,117835,2024-2025,65,,20000.0,,,,,,0.0
4772,102425850,5062104,117835,2024-2025,66,,,,,,,,0.0
4773,102426546,5062104,117835,2024-2025,67,,,,,,,,0.0
4774,102426838,5062104,117835,2024-2025,68,,550000.0,,,,,,0.0
4775,102427557,5062104,117835,2024-2025,69,,,,,,,,0.0
4776,102428572,5062104,117835,2024-2025,70,,15000.0,,,,,,0.0
4777,102429011,5062104,117835,2024-2025,71,,80000.0,,,,,,0.0
4778,102429356,5062104,117835,2024-2025,72,,200000.0,,,,,,0.0
4779,102429343,5062104,117835,2024-2025,73,,50000.0,,,,,,0.0
4780,102429647,5062104,117835,2024-2025,74,,800000.0,,,,,,0.0
4781,102429689,5062104,117835,2024-2025,75,,25000.0,,,,,,0.0
4782,102429946,5062104,117835,2024-2025,76,,100000.0,,,,,,0.0
4783,102429964,5062104,117835,2024-2025,77,,100000.0,,,,,,0.0
4784,102430697,5062104,117835,2024-2025,78,,50000.0,,,,,,0.0
4785,102430541,5062104,117835,2024-2025,79,,14000.0,,,,,,0.0
4786,102430710,5062104,117835,2024-2025,80,,150000.0,,,,,,0.0
4787,102431006,5062104,117835,2024-2025,81,,,,,,,,0.0
4788,102431059,5062104,117835,2024-2025,82,,100000.0,,,,,,0.0
4789,102431974,5062104,117835,2024-2025,83,,20000.0,,,,,,0.0
4790,102431363,5062104,117835,2024-2025,84,,,,,,,,0.0
4791,102431259,5062104,117835,2024-2025,85,,350000.0,,,,,,0.0
4792,102431662,5062104,117835,2024-2025,86,,,,,,,,0.0
4793,102431841,5062104,117835,2024-2025,87,,,,,,,,0.0
4794,102432200,5062104,117835,2024-2025,88,,,,,,,,0.0
4795,102432430,5062104,117835,2024-2025,89,,,,,,,,0.0
4796,102432442,5062104,117835,2024-2025,90,,50000.0,,,,,,0.0
4797,102432762,5062104,117835,2024-2025,91,,100000.0,,,,,,0.0
4798,102432901,5062104,117835,2024-2025,92,,500000.0,,,,,,0.0
4799,102433025,5062104,117835,2024-2025,93,,50000.0,,,,,,0.0
4800,102433693,5062104,117835,2024-2025,94,,60000.0,,,,,,0.0
4801,102433099,5062104,117835,2024-2025,95,,10000.0,,,,,,0.0
4802,102433353,5062104,117835,2024-2025,96,,200000.0,,,,,,0.0
4803,102433632,5062104,117835,2024-2025,97,,50000.0,,,,,,0.0
4804,102434199,5062104,117835,2024-2025,98,,300000.0,,,,,,0.0
4805,102434490,5062104,117835,2024-2025,99,,,,,,,,0.0
4806,102434992,5062104,117835,2024-2025,100,,100000.0,,,,,,0.0
4807,102434679,5062104,117835,2024-2025,101,,,,,,,,0.0
4808,102434693,5062104,117835,2024-2025,102,,250000.0,,,,,,0.0
4809,102437003,5062104,117835,2024-2025,103,,,,,,,,0.0
4810,102435332,5062104,117835,2024-2025,104,,30000.0,,,,,,0.0
4811,102435573,5062104,117835,2024-2025,105,,260000.0,,,,,,0.0
4812,102435171,5062104,117835,2024-2025,106,,,,,,,,0.0
4813,102436425,5062104,117835,2024-2025,107,,,,,,,,0.0
4814,102435683,5062104,117835,2024-2025,108,,200000.0,,,,,,0.0
4815,102436865,5062104,117835,2024-2025,109,,500000.0,,,,,,0.0
4816,102437024,5062104,117835,2024-2025,110,,100000.0,,,,,,0.0
4817,102437657,5062104,117835,2024-2025,111,,50000.0,,,,,,0.0
4818,102437257,5062104,117835,2024-2025,112,,,,,,,,0.0
4819,102437732,5062104,117835,2024-2025,113,,600000.0,,,,,,0.0
4820,102437767,5062104,117835,2024-2025,114,,200000.0,,,,,,0.0
4821,102438569,5062104,117835,2024-2025,115,,,,,,,,0.0
4822,102438465,5062104,117835,2024-2025,116,,25000.0,,,,,,0.0
4823,102439444,5062104,117835,2024-2025,117,,150000.0,,,,,,0.0
4824,102439381,5062104,117835,2024-2025,118,,15000.0,,,,,,0.0
4825,102441937,5062104,117835,2024-2025,119,,20000.0,,,,,,0.0
4826,102443133,5062104,117835,2024-2025,120,,20000.0,,,,,,0.0
4827,102443852,5062104,117835,2024-2025,121,,260000.0,,,,,,0.0
4828,102444010,5062104,117835,2024-2025,122,,,,,,,,0.0
4829,102444752,5062104,117835,2024-2025,123,,,,,,,,0.0
4830,102444887,5062104,117835,2024-2025,124,,30000.0,,,,,,0.0
4831,102445728,5062104,117835,2024-2025,125,,,,,,,,0.0
4832,102445696,5062104,117835,2024-2025,126,,27000.0,,,,,,0.0
4833,102445527,5062104,117835,2024-2025,127,,,,,,,,0.0
4834,102446414,5062104,117835,2024-2025,128,,,,,,,,0.0
4835,102446441,5062104,117835,2024-2025,129,,12000.0,,,,,,0.0
4836,102446767,5062104,117835,2024-2025,130,,,,,,,,0.0
4837,102447380,5062104,117835,2024-2025,131,,,,,,,,0.0
4838,102447495,5062104,117835,2024-2025,132,,22000.0,,,,,,0.0
4839,102447663,5062104,117835,2024-2025,133,,,,,,,,0.0
4840,102448607,5062104,117835,2024-2025,134,,,,,,,,0.0
4841,102448795,5062104,117835,2024-2025,135,,250000.0,,,,,,0.0
4842,102450263,5062104,117835,2024-2025,136,,,,,,,,0.0
4843,102449721,5062104,117835,2024-2025,137,,,,,,,,0.0
4844,102450476,5062104,117835,2024-2025,138,,,,,,,,0.0
4845,102451061,5062104,117835,2024-2025,139,,,,,,,,0.0
4846,102451285,5062104,117835,2024-2025,140,,15000.0,,,,,,0.0
4847,102451816,5062104,117835,2024-2025,141,,,,,,,,0.0
4848,102452115,5062104,117835,2024-2025,142,,,,,,,,0.0
4849,102452249,5062104,117835,2024-2025,143,,2000.0,,,,,,0.0
4850,102452352,5062104,117835,2024-2025,144,,,,,,,,0.0
4851,102453101,5062104,117835,2024-2025,145,,25000.0,,,,,,0.0
4852,102453169,5062104,117835,2024-2025,146,,,,,,,,0.0
4853,102452993,5062104,117835,2024-2025,147,,,,,,,,0.0
4854,102453949,5062104,117835,2024-2025,148,,,,,,,,0.0
4855,102454641,5062104,117835,2024-2025,149,,,,,,,,0.0
4856,102456594,5062104,117835,2024-2025,150,,,,,,,,0.0
4857,102457248,5062104,117835,2024-2025,151,,,,,,,,0.0
4858,102457511,5062104,117835,2024-2025,152,,,,,,,,0.0
4859,102458501,5062104,117835,2024-2025,153,,,,,,,,0.0
4860,102458406,5062104,117835,2024-2025,154,,,,,,,,0.0
4861,102459345,5062104,117835,2024-2025,155,,,,,,,,0.0
4862,102459165,5062104,117835,2024-2025,156,,,,,,,,0.0
4863,102459229,5062104,117835,2024-2025,157,,,,,,,,0.0
4864,102459873,5062104,117835,2024-2025,158,,,,,,,,0.0
4865,102460186,5062104,117835,2024-2025,159,,,,,,,,0.0
4866,102461741,5062104,117835,2024-2025,160,,,,,,,,0.0
4867,102460919,5062104,117835,2024-2025,161,,,,,,,,0.0
4868,102461790,5062104,117835,2024-2025,162,,20000.0,,,,,,0.0
4869,102461944,5062104,117835,2024-2025,163,,,,,,,,0.0
4870,102462691,5062104,117835,2024-2025,164,,,,,,,,0.0
4871,102462594,5062104,117835,2024-2025,165,,,,,,,,0.0
4872,102463080,5062104,117835,2024-2025,166,,14000.0,,,,,,0.0
4873,102463357,5062104,117835,2024-2025,167,,,,,,,,0.0
4874,102464031,5062104,117835,2024-2025,168,,,,,,,,0.0
4875,102464638,5062104,117835,2024-2025,169,,,,,,,,0.0
4876,102465309,5062104,117835,2024-2025,170,,,,,,,,0.0
4877,102466565,5062104,117835,2024-2025,171,,,,,,,,0.0
4878,102470176,5062104,117835,2024-2025,172,,,,,,,,0.0
4879,102476123,5062104,117835,2024-2025,173,,,,,,,,0.0
4880,102478004,5062104,117835,2024-2025,174,,,,,,,,0.0
4881,102479496,5062104,117835,2024-2025,175,,,,,,,,0.0
4882,102480512,5062104,117835,2024-2025,176,,,,,,,,0.0
4883,102481991,5062104,117835,2024-2025,177,,50000.0,,,,,,0.0
4884,102482747,5062104,117835,2024-2025,178,,,,,,,,0.0
4885,102973596,5062104,117835,2024-2025,179,XV Finance Commission,117000.0,117000.0,117000.0,117000.0,,,78500.0
4886,102975731,5062104,117835,2024-2025,180,XV Finance Commission,263279.0,263279.0,263279.0,263279.0,,,254359.0
4887,102976675,5062104,117835,2024-2025,181,XV Finance Commission,376824.0,376824.0,376824.0,376824.0,,,339141.0
4888,102975154,5062104,117835,2024-2025,182,XV Finance Commission,200000.0,200000.0,200000.0,200000.0,,,180000.0
4889,102973373,5062104,117835,2024-2025,183,XV Finance Commission,78000.0,78000.0,78000.0,78000.0,,,64500.0
4890,102976510,5062104,117835,2024-2025,184,XV Finance Commission,450000.0,450000.0,450000.0,450000.0,,,450000.0
4891,102977375,5062104,117835,2024-2025,185,5TH STATE FINANCE COMMISSION,300000.0,300000.0,300000.0,300000.0,,,295857.0
4892,118758578,5605742,117835,2025-2026,1,,,,,,,,0.0
4893,118758311,5605742,117835,2025-2026,2,,,,,,,,0.0
4894,118759986,5605742,117835,2025-2026,3,,,,,,,,0.0
4895,118760225,5605742,117835,2025-2026,4,,,,,,,,0.0
4896,118760466,5605742,117835,2025-2026,5,,,,,,,,0.0
4897,118761723,5605742,117835,2025-2026,6,,,,,,,,0.0
4898,118760890,5605742,117835,2025-2026,7,,,,,,,,0.0
4899,118752772,5605742,117835,2025-2026,8,,,,,,,,0.0
4900,118761232,5605742,117835,2025-2026,9,,,,,,,,0.0
4901,118761484,5605742,117835,2025-2026,10,,,,,,,,0.0
4902,118753193,5605742,117835,2025-2026,11,,,,,,,,0.0
4903,118753674,5605742,117835,2025-2026,12,,,,,,,,0.0
4904,118754349,5605742,117835,2025-2026,13,,,,,,,,0.0
4905,118754807,5605742,117835,2025-2026,14,,,,,,,,0.0
4906,118756078,5605742,117835,2025-2026,15,,,,,,,,0.0
4907,118756379,5605742,117835,2025-2026,16,,,,,,,,0.0
4908,118757048,5605742,117835,2025-2026,17,,,,,,,,0.0
4909,118757282,5605742,117835,2025-2026,18,,,,,,,,0.0
4910,118757987,5605742,117835,2025-2026,19,,,,,,,,0.0
4911,121949785,5605742,117835,2025-2026,20,XV Finance Commission,117000.0,117000.0,117000.0,117000.0,,,96000.0
4912,121550866,5605742,117835,2025-2026,21,,,,,,,,0.0
4913,121554407,5605742,117835,2025-2026,22,,,,,,,,0.0
4914,121545784,5605742,117835,2025-2026,23,,,,,,,,0.0
4915,121546185,5605742,117835,2025-2026,24,,,,,,,,0.0
4916,121546331,5605742,117835,2025-2026,25,,,,,,,,0.0
4917,121554642,5605742,117835,2025-2026,26,,,,,,,,0.0
4918,121546574,5605742,117835,2025-2026,27,,,,,,,,0.0
4919,121546685,5605742,117835,2025-2026,28,,,,,,,,0.0
4920,121554814,5605742,117835,2025-2026,29,,,,,,,,0.0
4921,121552077,5605742,117835,2025-2026,30,,,,,,,,0.0
4922,121546860,5605742,117835,2025-2026,31,,,,,,,,0.0
4923,121547128,5605742,117835,2025-2026,32,,,,,,,,0.0
4924,121551878,5605742,117835,2025-2026,33,,,,,,,,0.0
4925,121547532,5605742,117835,2025-2026,34,,,,,,,,0.0
4926,121547858,5605742,117835,2025-2026,35,,,,,,,,0.0
4927,121552244,5605742,117835,2025-2026,36,,,,,,,,0.0
4928,121555227,5605742,117835,2025-2026,37,,,,,,,,0.0
4929,121556663,5605742,117835,2025-2026,38,,,,,,,,0.0
4930,121548052,5605742,117835,2025-2026,39,,,,,,,,0.0
4931,121557271,5605742,117835,2025-2026,40,,,,,,,,0.0
4932,121548230,5605742,117835,2025-2026,41,,,,,,,,0.0
4933,121548398,5605742,117835,2025-2026,42,,,,,,,,0.0
4934,121555627,5605742,117835,2025-2026,43,,,,,,,,0.0
4935,121556812,5605742,117835,2025-2026,44,,,,,,,,0.0
4936,121548646,5605742,117835,2025-2026,45,,,,,,,,0.0
4937,121552972,5605742,117835,2025-2026,46,,,,,,,,0.0
4938,121548949,5605742,117835,2025-2026,47,,,,,,,,0.0
4939,121557434,5605742,117835,2025-2026,48,,,,,,,,0.0
4940,121553214,5605742,117835,2025-2026,49,,,,,,,,0.0
4941,121549197,5605742,117835,2025-2026,50,,,,,,,,0.0
4942,121549373,5605742,117835,2025-2026,51,,,,,,,,0.0
4943,121556955,5605742,117835,2025-2026,52,,,,,,,,0.0
4944,121553444,5605742,117835,2025-2026,53,,,,,,,,0.0
4945,121549645,5605742,117835,2025-2026,54,,,,,,,,0.0
4946,121549784,5605742,117835,2025-2026,55,,,,,,,,0.0
4947,121553744,5605742,117835,2025-2026,56,,,,,,,,0.0
4948,121557073,5605742,117835,2025-2026,57,,,,,,,,0.0
4949,121553902,5605742,117835,2025-2026,58,,,,,,,,0.0
4950,121554071,5605742,117835,2025-2026,59,,,,,,,,0.0
4951,121554211,5605742,117835,2025-2026,60,,,,,,,,0.0
4952,121545153,5605742,117835,2025-2026,61,,,,,,,,0.0
4953,121556358,5605742,117835,2025-2026,62,,,,,,,,0.0
4954,121550568,5605742,117835,2025-2026,63,,,,,,,,0.0
4955,121545305,5605742,117835,2025-2026,64,,,,,,,,0.0
4956,121557619,5605742,117835,2025-2026,65,,,,,,,,0.0
4957,121557786,5605742,117835,2025-2026,66,,,,,,,,0.0
4958,121557902,5605742,117835,2025-2026,67,,,,,,,,0.0
4959,121558035,5605742,117835,2025-2026,68,,,,,,,,0.0
4960,121558160,5605742,117835,2025-2026,69,,,,,,,,0.0
4961,121558313,5605742,117835,2025-2026,70,,,,,,,,0.0
4962,121558514,5605742,117835,2025-2026,71,,,,,,,,0.0
4963,121558673,5605742,117835,2025-2026,72,,,,,,,,0.0
4964,121558820,5605742,117835,2025-2026,73,,,,,,,,0.0
4965,121559118,5605742,117835,2025-2026,74,,,,,,,,0.0
4966,121559433,5605742,117835,2025-2026,75,,,,,,,,0.0
4967,121559630,5605742,117835,2025-2026,76,,,,,,,,0.0
4968,121559771,5605742,117835,2025-2026,77,,,,,,,,0.0
4969,121559950,5605742,117835,2025-2026,78,,,,,,,,0.0
4970,121560077,5605742,117835,2025-2026,79,,,,,,,,0.0
4971,121560219,5605742,117835,2025-2026,80,,,,,,,,0.0
4972,121560359,5605742,117835,2025-2026,81,,,,,,,,0.0
4973,121560473,5605742,117835,2025-2026,82,,,,,,,,0.0
4974,121560634,5605742,117835,2025-2026,83,,,,,,,,0.0
4975,121560875,5605742,117835,2025-2026,84,,,,,,,,0.0
4976,121561064,5605742,117835,2025-2026,85,,,,,,,,0.0
4977,121561267,5605742,117835,2025-2026,86,,,,,,,,0.0
4978,121561544,5605742,117835,2025-2026,87,,,,,,,,0.0
4979,121561695,5605742,117835,2025-2026,88,,,,,,,,0.0
4980,121561832,5605742,117835,2025-2026,89,,,,,,,,0.0
4981,121561967,5605742,117835,2025-2026,90,,,,,,,,0.0
4982,121840580,5605742,117835,2025-2026,91,,,,,,,,0.0
4983,121840941,5605742,117835,2025-2026,92,,,,,,,,0.0
4984,121841168,5605742,117835,2025-2026,93,,,,,,,,0.0
4985,121841411,5605742,117835,2025-2026,94,,,,,,,,0.0
4986,121841682,5605742,117835,2025-2026,95,,,,,,,,0.0
4987,121842061,5605742,117835,2025-2026,96,,,,,,,,0.0
4988,121842222,5605742,117835,2025-2026,97,,,,,,,,0.0
4989,121842402,5605742,117835,2025-2026,98,,,,,,,,0.0
4990,121842511,5605742,117835,2025-2026,99,,,,,,,,0.0
4991,121842748,5605742,117835,2025-2026,100,,,,,,,,0.0
4992,121842948,5605742,117835,2025-2026,101,,,,,,,,0.0
4993,121843138,5605742,117835,2025-2026,102,,,,,,,,0.0
4994,121843367,5605742,117835,2025-2026,103,,,,,,,,0.0
4995,121843711,5605742,117835,2025-2026,104,,,,,,,,0.0
4996,121844062,5605742,117835,2025-2026,105,,,,,,,,0.0
4997,121844468,5605742,117835,2025-2026,106,,,,,,,,0.0
4998,121844611,5605742,117835,2025-2026,107,,,,,,,,0.0
4999,121844802,5605742,117835,2025-2026,108,,,,,,,,0.0
5000,121844958,5605742,117835,2025-2026,109,,,,,,,,0.0
5001,121956206,5605742,117835,2025-2026,110,,330000.0,,,,,,0.0
5002,121843862,5605742,117835,2025-2026,111,,,,,,,,0.0
5003,121844311,5605742,117835,2025-2026,112,,,,,,,,0.0
5004,121959585,5605742,117835,2025-2026,113,,14700.0,,,,,,0.0
5005,121958542,5605742,117835,2025-2026,114,,31250.0,,,,,,0.0
5006,121960176,5605742,117835,2025-2026,115,,2500.0,,,,,,0.0
5007,121949644,5605742,117835,2025-2026,116,XV Finance Commission,78000.0,78000.0,78000.0,78000.0,,,48000.0
5008,121958669,5605742,117835,2025-2026,117,,60000.0,,,,,,0.0
5009,121958800,5605742,117835,2025-2026,118,,9800.0,,,,,,0.0
5010,121949966,5605742,117835,2025-2026,119,,290000.0,,,,,,0.0
5011,121950169,5605742,117835,2025-2026,120,,35118.0,,,,,,0.0
5012,121950340,5605742,117835,2025-2026,121,,100000.0,,,,,,0.0
5013,121957497,5605742,117835,2025-2026,122,XV Finance Commission,500000.0,500000.0,500000.0,500000.0,,,491745.0
5014,121955319,5605742,117835,2025-2026,123,,80118.0,,,,,,0.0
5015,121957684,5605742,117835,2025-2026,124,,26824.0,,,,,,0.0
5016,121955437,5605742,117835,2025-2026,125,,60000.0,,,,,,0.0
5017,121959959,5605742,117835,2025-2026,126,,42600.0,,,,,,0.0
5018,121950742,5605742,117835,2025-2026,127,,150000.0,,,,,,0.0
5019,121958109,5605742,117835,2025-2026,128,5TH STATE FINANCE COMMISSION,200000.0,200000.0,200000.0,200000.0,,,0.0
5020,121960591,5605742,117835,2025-2026,129,,7500.0,,,,,,0.0
5021,121959381,5605742,117835,2025-2026,130,,8500.0,,,,,,0.0
5022,121959732,5605742,117835,2025-2026,131,,42600.0,,,,,,0.0
5023,121960091,5605742,117835,2025-2026,132,,9500.0,,,,,,0.0
5024,121960292,5605742,117835,2025-2026,133,,9500.0,,,,,,0.0
5025,121960380,5605742,117835,2025-2026,134,,300000.0,,,,,,0.0
5026,121960748,5605742,117835,2025-2026,135,,110500.0,,,,,,0.0
5027,121960962,5605742,117835,2025-2026,136,,62375.0,,,,,,0.0
5028,121961027,5605742,117835,2025-2026,137,,9000.0,,,,,,0.0
5029,121961223,5605742,117835,2025-2026,138,,150000.0,,,,,,0.0
5030,121959211,5605742,117835,2025-2026,139,,27250.0,,,,,,0.0
5031,121961849,5605742,117835,2025-2026,140,,,,,,,,0.0
5032,121962085,5605742,117835,2025-2026,141,,500000.0,,,,,,0.0
5033,121962301,5605742,117835,2025-2026,142,,500000.0,,,,,,0.0
5034,121962431,5605742,117835,2025-2026,143,,300000.0,,,,,,0.0
5035,121962026,5605742,117835,2025-2026,144,,500000.0,,,,,,0.0
5036,121962250,5605742,117835,2025-2026,145,,1000000.0,,,,,,0.0
5037,121962128,5605742,117835,2025-2026,146,,200000.0,,,,,,0.0
5038,121962178,5605742,117835,2025-2026,147,,300000.0,,,,,,0.0
5039,121958030,5605742,117835,2025-2026,148,,400000.0,,,,,,0.0
5040,121957376,5605742,117835,2025-2026,149,XV Finance Commission,300000.0,300000.0,300000.0,300000.0,,,294825.0
5041,121958270,5605742,117835,2025-2026,150,5TH STATE FINANCE COMMISSION,214032.0,214032.0,214032.0,214032.0,,,0.0
5042,128589602,6023288,117835,2025-2026,1,,560118.0,,,,,,0.0
5043,128589625,6023288,117835,2025-2026,2,,100000.0,,,,,,0.0
5044,44263045,3139285,116936,2020-2021,1,,86312.0,,,,,,0.0
5045,44262984,3139285,116936,2020-2021,2,,300000.0,,,,,,0.0
5046,44263688,3139285,116936,2020-2021,3,XV Finance Commission,200000.0,200000.0,200000.0,200000.0,,,180427.0
5047,44263652,3139285,116936,2020-2021,4,XV Finance Commission,100000.0,100000.0,100000.0,100000.0,,,94700.0
5048,44263092,3139285,116936,2020-2021,5,,200000.0,,,,,,0.0
5049,44262892,3139285,116936,2020-2021,6,XV Finance Commission,72000.0,72000.0,72000.0,72000.0,,,64000.0
5050,44263527,3139285,116936,2020-2021,7,XV Finance Commission,200000.0,200000.0,200000.0,200000.0,,,188014.0
5051,44263610,3139285,116936,2020-2021,8,XV Finance Commission,150000.0,150000.0,150000.0,150000.0,,,143343.0
5052,44263284,3139285,116936,2020-2021,9,,10000.0,,,,,,0.0
5053,44263738,3139285,116936,2020-2021,10,5TH STATE FINANCE COMMISSION,400000.0,400000.0,400000.0,400000.0,,,384000.0
5054,44263011,3139285,116936,2020-2021,11,,80000.0,,,,,,0.0
5055,44262960,3139285,116936,2020-2021,12,XV Finance Commission,300000.0,300000.0,300000.0,300000.0,,,300000.0
5056,44263760,3139285,116936,2020-2021,13,5TH STATE FINANCE COMMISSION,200000.0,200000.0,200000.0,200000.0,,,186246.0
5057,44263588,3139285,116936,2020-2021,14,XV Finance Commission,150000.0,150000.0,150000.0,150000.0,,,143529.0
5058,44262925,3139285,116936,2020-2021,15,,115000.0,,,,,,0.0
5059,44263216,3139285,116936,2020-2021,16,,40000.0,,,,,,0.0
5060,44263795,3139285,116936,2020-2021,17,5TH STATE FINANCE COMMISSION,64080.0,64080.0,64080.0,64080.0,,,34248.0
5061,44263412,3139285,116936,2020-2021,18,,20000.0,,,,,,0.0
5062,44263560,3139285,116936,2020-2021,19,,423312.0,,,,,,0.0
5063,44263711,3139285,116936,2020-2021,20,5TH STATE FINANCE COMMISSION,150000.0,150000.0,150000.0,150000.0,,,142417.0
5064,56034616,3787410,116936,2020-2021,1,,225000.0,,,,,,0.0
5065,55495132,3787410,116936,2020-2021,2,,90000.0,,,,,,0.0
5066,55495463,3787410,116936,2020-2021,3,XV Finance Commission,50000.0,50000.0,50000.0,50000.0,,,21200.0
5067,55495778,3787410,116936,2020-2021,4,XV Finance Commission,50000.0,50000.0,50000.0,50000.0,,,45624.0
5068,55496241,3787410,116936,2020-2021,5,XV Finance Commission,45000.0,45000.0,45000.0,45000.0,,,38640.0
5069,55496116,3787410,116936,2020-2021,6,XV Finance Commission,50000.0,50000.0,50000.0,50000.0,,,41551.0
5070,55495293,3787410,116936,2020-2021,7,XV Finance Commission,80000.0,80000.0,80000.0,80000.0,,,79000.0
5071,62452933,4143018,116936,2020-2021,1,,244660.0,,,,,,0.0
5072,62452802,4143018,116936,2020-2021,2,,162816.0,,,,,,0.0
5073,62418696,4143018,116936,2020-2021,3,XV Finance Commission,115000.0,115000.0,115000.0,115000.0,,,115000.0
5074,62418775,4143018,116936,2020-2021,4,XV Finance Commission,160972.0,126312.0,160972.0,160972.0,,,160972.0
5075,66382205,4395840,116936,2020-2021,1,XV Finance Commission,32000.0,32000.0,32000.0,32000.0,,,25764.0
5076,66382203,4395840,116936,2020-2021,2,XV Finance Commission,102000.0,102000.0,102000.0,102000.0,,,102000.0
5077,66382207,4395840,116936,2020-2021,3,XV Finance Commission,90000.0,90000.0,90000.0,90000.0,,,71133.0
5078,86049361,4832894,116936,2020-2021,1,,163312.0,,,,,,0.0
5079,86049605,4832894,116936,2020-2021,2,XV Finance Commission,60000.0,60000.0,60000.0,60000.0,,,57600.0
5080,86049858,4832894,116936,2020-2021,3,XV Finance Commission,200000.0,200000.0,200000.0,200000.0,,,197100.0
5081,48560729,3373096,116936,2021-2022,1,XV Finance Commission,100000.0,100000.0,100000.0,100000.0,,,42480.0
5082,48560959,3373096,116936,2021-2022,2,XV Finance Commission,100000.0,100000.0,100000.0,100000.0,,,29736.0
5083,48560819,3373096,116936,2021-2022,3,XV Finance Commission,100000.0,100000.0,100000.0,100000.0,,,0.0
5084,48561207,3373096,116936,2021-2022,4,XV Finance Commission,50000.0,50000.0,50000.0,50000.0,,,42480.0
5085,48561388,3373096,116936,2021-2022,5,XV Finance Commission,223312.0,223312.0,223312.0,223312.0,,,211953.0
5086,48561037,3373096,116936,2021-2022,6,,100000.0,,,,,,0.0
5087,48561471,3373096,116936,2021-2022,7,,100000.0,,,,,,0.0
5088,48560214,3373096,116936,2021-2022,8,,30000.0,,,,,,0.0
5089,48560896,3373096,116936,2021-2022,9,XV Finance Commission,100000.0,100000.0,100000.0,100000.0,,,21240.0
5090,48560118,3373096,116936,2021-2022,10,,10000.0,,,,,,0.0
5091,48560399,3373096,116936,2021-2022,11,,90000.0,,,,,,0.0
5092,48561532,3373096,116936,2021-2022,12,XV Finance Commission,100000.0,100000.0,100000.0,100000.0,,,93093.0
5093,48564424,3373096,116936,2021-2022,13,,114080.0,,,,,,0.0
5094,48560560,3373096,116936,2021-2022,14,,81000.0,,,,,,0.0
5095,48564521,3373096,116936,2021-2022,15,5TH STATE FINANCE COMMISSION,100000.0,100000.0,100000.0,100000.0,,,92851.0
5096,48559906,3373096,116936,2021-2022,16,XV Finance Commission,72000.0,72000.0,72000.0,72000.0,,,30000.0
5097,48561599,3373096,116936,2021-2022,17,XV Finance Commission,100000.0,100000.0,100000.0,100000.0,,,92338.0
5098,48564332,3373096,116936,2021-2022,18,5TH STATE FINANCE COMMISSION,150000.0,150000.0,150000.0,150000.0,,,138750.0
5099,48564637,3373096,116936,2021-2022,19,5TH STATE FINANCE COMMISSION,150000.0,150000.0,150000.0,150000.0,,,142024.0
5100,48564893,3373096,116936,2021-2022,20,,30000.0,150000.0,,,,,0.0
5101,48559984,3373096,116936,2021-2022,21,XV Finance Commission,250000.0,250000.0,250000.0,250000.0,,,211000.0
5102,48560065,3373096,116936,2021-2022,22,,130000.0,,,,,,0.0
5103,48560282,3373096,116936,2021-2022,23,,119656.0,,,,,,0.0
5104,48564235,3373096,116936,2021-2022,24,,200000.0,,,,,,0.0
5105,48561288,3373096,116936,2021-2022,25,XV Finance Commission,100000.0,100000.0,100000.0,100000.0,,,100000.0
5106,48567027,3373096,116936,2021-2022,26,,50000.0,,,,,,0.0
5107,48564809,3373096,116936,2021-2022,27,,71311.0,,,,,,0.0
5108,48560488,3373096,116936,2021-2022,28,,50000.0,,,,,,0.0
5109,48560648,3373096,116936,2021-2022,29,,340656.0,,,,,,0.0
5110,48561132,3373096,116936,2021-2022,30,XV Finance Commission,100000.0,100000.0,100000.0,100000.0,,,97704.0
5111,48564102,3373096,116936,2021-2022,31,5TH STATE FINANCE COMMISSION,100000.0,100000.0,100000.0,100000.0,,,29736.0
5112,62418084,4142981,116936,2021-2022,1,XV Finance Commission,119656.0,119656.0,119656.0,119656.0,,,119656.0
5113,62418347,4142981,116936,2021-2022,2,5TH STATE FINANCE COMMISSION,200000.0,200000.0,200000.0,200000.0,,,200000.0
5114,62417995,4142981,116936,2021-2022,3,XV Finance Commission,132502.0,132502.0,132502.0,132502.0,,,132502.0
5115,62450307,4142981,116936,2021-2022,4,,20262.0,,,,,,0.0
5116,62451555,4142981,116936,2021-2022,5,,154660.0,,,,,,0.0
5117,62451448,4142981,116936,2021-2022,6,,162816.0,,,,,,0.0
5118,62450247,4142981,116936,2021-2022,7,,194660.0,,,,,,0.0
5119,62452045,4142981,116936,2021-2022,8,,97498.0,,,,,,0.0
5120,85957262,4819469,116936,2021-2022,1,,30000.0,,,,,,0.0
5121,85957667,4819469,116936,2021-2022,2,,7497.0,,,,,,0.0
5122,85957042,4819469,116936,2021-2022,3,XV Finance Commission,200000.0,200000.0,200000.0,200000.0,,,183198.0
5123,61990202,4123345,116936,2022-2023,1,,350000.0,,,,,,0.0
5124,64839689,4123345,116936,2022-2023,2,XV Finance Commission,503095.0,503095.0,503095.0,503095.0,,,503093.0
5125,64839205,4123345,116936,2022-2023,3,XV Finance Commission,561985.0,561985.0,561985.0,561985.0,,,561985.0
5126,61990099,4123345,116936,2022-2023,4,,100000.0,,,,,,0.0
5127,61990108,4123345,116936,2022-2023,5,,100000.0,,,,,,0.0
5128,64839426,4123345,116936,2022-2023,6,,30000.0,,,,,,0.0
5129,64839584,4123345,116936,2022-2023,7,,24000.0,,,,,,0.0
5130,64839232,4123345,116936,2022-2023,8,XV Finance Commission,72000.0,72000.0,72000.0,72000.0,,,72000.0
5131,61990074,4123345,116936,2022-2023,9,5TH STATE FINANCE COMMISSION,200000.0,200000.0,200000.0,200000.0,,,200000.0
5132,61990193,4123345,116936,2022-2023,10,XV Finance Commission,250000.0,250000.0,250000.0,250000.0,,,250000.0
5133,64839622,4123345,116936,2022-2023,11,XV Finance Commission,8370.0,8370.0,8370.0,8370.0,,,6500.0
5134,61990210,4123345,116936,2022-2023,12,XV Finance Commission,200000.0,200000.0,200000.0,200000.0,,,186010.0
5135,61990217,4123345,116936,2022-2023,13,XV Finance Commission,178650.0,178650.0,178650.0,178650.0,,,178650.0
5136,64839300,4123345,116936,2022-2023,14,XV Finance Commission,100000.0,100000.0,100000.0,100000.0,,,96690.0
5137,64839356,4123345,116936,2022-2023,15,XV Finance Commission,45000.0,45000.0,45000.0,45000.0,,,31867.0
5138,64839536,4123345,116936,2022-2023,16,XV Finance Commission,83720.0,83720.0,83720.0,83720.0,,,0.0
5139,61990054,4123345,116936,2022-2023,17,5TH STATE FINANCE COMMISSION,414080.0,414080.0,414080.0,414080.0,,,107348.0
5140,64839473,4123345,116936,2022-2023,18,XV Finance Commission,40000.0,40000.0,40000.0,40000.0,,,40000.0
5141,66621630,4398473,116936,2022-2023,1,,108698.0,,,,,,0.0
5142,66411014,4398473,116936,2022-2023,2,XV Finance Commission,241302.0,241302.0,241302.0,241302.0,,,241302.0
5143,75778161,4650279,116936,2023-2024,1,,3500.0,,,,,,0.0
5144,82599931,4650279,116936,2023-2024,2,,100000.0,,,,,,0.0
5145,80676557,4650279,116936,2023-2024,3,5TH STATE FINANCE COMMISSION,100000.0,100000.0,100000.0,100000.0,,,93951.0
5146,75776064,4650279,116936,2023-2024,4,,3500.0,,,,,,0.0
5147,75776278,4650279,116936,2023-2024,5,,3500.0,,,,,,0.0
5148,81804594,4650279,116936,2023-2024,6,,,,,,,,0.0
5149,75716135,4650279,116936,2023-2024,7,,3500.0,,,,,,0.0
5150,75716990,4650279,116936,2023-2024,8,,3500.0,,,,,,0.0
5151,75718087,4650279,116936,2023-2024,9,,3500.0,,,,,,0.0
5152,75718678,4650279,116936,2023-2024,10,,3500.0,,,,,,0.0
5153,75719350,4650279,116936,2023-2024,11,,3500.0,,,,,,0.0
5154,75758628,4650279,116936,2023-2024,12,,3500.0,,,,,,0.0
5155,75758838,4650279,116936,2023-2024,13,,3500.0,,,,,,0.0
5156,75759047,4650279,116936,2023-2024,14,,3500.0,,,,,,0.0
5157,75759233,4650279,116936,2023-2024,15,,3500.0,,,,,,0.0
5158,75759411,4650279,116936,2023-2024,16,,3500.0,,,,,,0.0
5159,75759584,4650279,116936,2023-2024,17,,3500.0,,,,,,0.0
5160,75759853,4650279,116936,2023-2024,18,,3500.0,,,,,,0.0
5161,75760150,4650279,116936,2023-2024,19,,3500.0,,,,,,0.0
5162,75760351,4650279,116936,2023-2024,20,,3500.0,,,,,,0.0
5163,75760476,4650279,116936,2023-2024,21,,3500.0,,,,,,0.0
5164,75760646,4650279,116936,2023-2024,22,,3500.0,,,,,,0.0
5165,75761042,4650279,116936,2023-2024,23,,3500.0,,,,,,0.0
5166,75761171,4650279,116936,2023-2024,24,,3500.0,,,,,,0.0
5167,75761314,4650279,116936,2023-2024,25,,3500.0,,,,,,0.0
5168,75761461,4650279,116936,2023-2024,26,,3500.0,,,,,,0.0
5169,75761617,4650279,116936,2023-2024,27,,3500.0,,,,,,0.0
5170,75761755,4650279,116936,2023-2024,28,,3500.0,,,,,,0.0
5171,75762073,4650279,116936,2023-2024,29,,3500.0,,,,,,0.0
5172,75762361,4650279,116936,2023-2024,30,,3500.0,,,,,,0.0
5173,75771226,4650279,116936,2023-2024,31,,3500.0,,,,,,0.0
5174,75771317,4650279,116936,2023-2024,32,,3500.0,,,,,,0.0
5175,75771451,4650279,116936,2023-2024,33,,3500.0,,,,,,0.0
5176,75771545,4650279,116936,2023-2024,34,,3500.0,,,,,,0.0
5177,75771635,4650279,116936,2023-2024,35,,3500.0,,,,,,0.0
5178,75775620,4650279,116936,2023-2024,36,,3500.0,,,,,,0.0
5179,75775740,4650279,116936,2023-2024,37,,3500.0,,,,,,0.0
5180,75775848,4650279,116936,2023-2024,38,,3500.0,,,,,,0.0
5181,75775950,4650279,116936,2023-2024,39,,3500.0,,,,,,0.0
5182,75776173,4650279,116936,2023-2024,40,,3500.0,,,,,,0.0
5183,75776372,4650279,116936,2023-2024,41,,3500.0,,,,,,0.0
5184,75776485,4650279,116936,2023-2024,42,,3500.0,,,,,,0.0
5185,75776604,4650279,116936,2023-2024,43,,3500.0,,,,,,0.0
5186,75776874,4650279,116936,2023-2024,44,,3500.0,,,,,,0.0
5187,75777173,4650279,116936,2023-2024,45,,3500.0,,,,,,0.0
5188,75777309,4650279,116936,2023-2024,46,,3500.0,,,,,,0.0
5189,75777400,4650279,116936,2023-2024,47,,3500.0,,,,,,0.0
5190,75777531,4650279,116936,2023-2024,48,,3500.0,,,,,,0.0
5191,75777656,4650279,116936,2023-2024,49,,3500.0,,,,,,0.0
5192,75777769,4650279,116936,2023-2024,50,,3500.0,,,,,,0.0
5193,75777886,4650279,116936,2023-2024,51,,3500.0,,,,,,0.0
5194,75778012,4650279,116936,2023-2024,52,,3500.0,,,,,,0.0
5195,75778296,4650279,116936,2023-2024,53,,3500.0,,,,,,0.0
5196,75778450,4650279,116936,2023-2024,54,,3500.0,,,,,,0.0
5197,76394797,4650279,116936,2023-2024,55,,190000.0,,,,,,0.0
5198,76440297,4650279,116936,2023-2024,56,,,,,,,,0.0
5199,76440805,4650279,116936,2023-2024,57,,,,,,,,0.0
5200,76442450,4650279,116936,2023-2024,58,,,,,,,,0.0
5201,76662871,4650279,116936,2023-2024,59,,,,,,,,0.0
5202,76663943,4650279,116936,2023-2024,60,,,,,,,,0.0
5203,76664668,4650279,116936,2023-2024,61,,,,,,,,0.0
5204,76665566,4650279,116936,2023-2024,62,,,,,,,,0.0
5205,76666323,4650279,116936,2023-2024,63,,,,,,,,0.0
5206,76666762,4650279,116936,2023-2024,64,,,,,,,,0.0
5207,76667454,4650279,116936,2023-2024,65,,,,,,,,0.0
5208,76668697,4650279,116936,2023-2024,66,,,,,,,,0.0
5209,76669184,4650279,116936,2023-2024,67,,,,,,,,0.0
5210,76669635,4650279,116936,2023-2024,68,,,,,,,,0.0
5211,76670088,4650279,116936,2023-2024,69,,,,,,,,0.0
5212,76670354,4650279,116936,2023-2024,70,,,,,,,,0.0
5213,76670540,4650279,116936,2023-2024,71,,,,,,,,0.0
5214,76670717,4650279,116936,2023-2024,72,,,,,,,,0.0
5215,76670945,4650279,116936,2023-2024,73,,,,,,,,0.0
5216,76671348,4650279,116936,2023-2024,74,,,,,,,,0.0
5217,76671617,4650279,116936,2023-2024,75,,,,,,,,0.0
5218,76671786,4650279,116936,2023-2024,76,,,,,,,,0.0
5219,76672479,4650279,116936,2023-2024,77,,,,,,,,0.0
5220,76673000,4650279,116936,2023-2024,78,,,,,,,,0.0
5221,76673430,4650279,116936,2023-2024,79,,,,,,,,0.0
5222,76914253,4650279,116936,2023-2024,80,,,,,,,,0.0
5223,76916607,4650279,116936,2023-2024,81,,,,,,,,0.0
5224,76919983,4650279,116936,2023-2024,82,,,,,,,,0.0
5225,80204023,4650279,116936,2023-2024,83,,,,,,,,0.0
5226,80204865,4650279,116936,2023-2024,84,,,,,,,,0.0
5227,80282535,4650279,116936,2023-2024,85,,,,,,,,0.0
5228,80283249,4650279,116936,2023-2024,86,,,,,,,,0.0
5229,80285181,4650279,116936,2023-2024,87,,,,,,,,0.0
5230,80286374,4650279,116936,2023-2024,88,,,,,,,,0.0
5231,80287040,4650279,116936,2023-2024,89,,,,,,,,0.0
5232,80287642,4650279,116936,2023-2024,90,,,,,,,,0.0
5233,80289324,4650279,116936,2023-2024,91,,,,,,,,0.0
5234,80497394,4650279,116936,2023-2024,92,,,,,,,,0.0
5235,80499284,4650279,116936,2023-2024,93,,,,,,,,0.0
5236,80500464,4650279,116936,2023-2024,94,,,,,,,,0.0
5237,80500940,4650279,116936,2023-2024,95,,,,,,,,0.0
5238,80501417,4650279,116936,2023-2024,96,,,,,,,,0.0
5239,80502339,4650279,116936,2023-2024,97,,,,,,,,0.0
5240,80502928,4650279,116936,2023-2024,98,,,,,,,,0.0
5241,80539543,4650279,116936,2023-2024,99,,,,,,,,0.0
5242,80540359,4650279,116936,2023-2024,100,,,,,,,,0.0
5243,80540956,4650279,116936,2023-2024,101,,,,,,,,0.0
5244,80541245,4650279,116936,2023-2024,102,,,,,,,,0.0
5245,80541578,4650279,116936,2023-2024,103,,,,,,,,0.0
5246,80543174,4650279,116936,2023-2024,104,,,,,,,,0.0
5247,80543844,4650279,116936,2023-2024,105,,,,,,,,0.0
5248,80544128,4650279,116936,2023-2024,106,,,,,,,,0.0
5249,80544519,4650279,116936,2023-2024,107,,,,,,,,0.0
5250,80544866,4650279,116936,2023-2024,108,,,,,,,,0.0
5251,80545194,4650279,116936,2023-2024,109,,,,,,,,0.0
5252,80667687,4650279,116936,2023-2024,110,,,,,,,,0.0
5253,80669014,4650279,116936,2023-2024,111,,,,,,,,0.0
5254,80670629,4650279,116936,2023-2024,112,5TH STATE FINANCE COMMISSION,100000.0,100000.0,100000.0,100000.0,,,90523.0
5255,80671496,4650279,116936,2023-2024,113,XV Finance Commission,180000.0,180000.0,180000.0,180000.0,,,165832.0
5256,80681330,4650279,116936,2023-2024,114,5TH STATE FINANCE COMMISSION,14080.0,14080.0,14080.0,14080.0,,,0.0
5257,81213667,4650279,116936,2023-2024,115,,100000.0,,,,,,0.0
5258,81803431,4650279,116936,2023-2024,116,,,,,,,,0.0
5259,81803499,4650279,116936,2023-2024,117,,,,,,,,0.0
5260,81803574,4650279,116936,2023-2024,118,,,,,,,,0.0
5261,81803822,4650279,116936,2023-2024,119,,,,,,,,0.0
5262,81212950,4650279,116936,2023-2024,120,XV Finance Commission,50000.0,50000.0,50000.0,50000.0,,,50000.0
5263,81202092,4650279,116936,2023-2024,121,XV Finance Commission,50000.0,50000.0,50000.0,50000.0,,,46930.0
5264,81803885,4650279,116936,2023-2024,122,,,,,,,,0.0
5265,81804037,4650279,116936,2023-2024,123,,,,,,,,0.0
5266,81804105,4650279,116936,2023-2024,124,,,,,,,,0.0
5267,81804193,4650279,116936,2023-2024,125,,,,,,,,0.0
5268,81804347,4650279,116936,2023-2024,126,,,,,,,,0.0
5269,81804468,4650279,116936,2023-2024,127,,,,,,,,0.0
5270,81804533,4650279,116936,2023-2024,128,,,,,,,,0.0
5271,81804663,4650279,116936,2023-2024,129,,,,,,,,0.0
5272,81804719,4650279,116936,2023-2024,130,,,,,,,,0.0
5273,81804815,4650279,116936,2023-2024,131,,,,,,,,0.0
5274,81804893,4650279,116936,2023-2024,132,,,,,,,,0.0
5275,81805203,4650279,116936,2023-2024,133,,,,,,,,0.0
5276,81805294,4650279,116936,2023-2024,134,,,,,,,,0.0
5277,81805412,4650279,116936,2023-2024,135,,,,,,,,0.0
5278,81805479,4650279,116936,2023-2024,136,,,,,,,,0.0
5279,81805556,4650279,116936,2023-2024,137,,,,,,,,0.0
5280,81805637,4650279,116936,2023-2024,138,,,,,,,,0.0
5281,81805712,4650279,116936,2023-2024,139,,,,,,,,0.0
5282,81805794,4650279,116936,2023-2024,140,,,,,,,,0.0
5283,81805858,4650279,116936,2023-2024,141,,,,,,,,0.0
5284,81805957,4650279,116936,2023-2024,142,,,,,,,,0.0
5285,81806049,4650279,116936,2023-2024,143,,,,,,,,0.0
5286,81806928,4650279,116936,2023-2024,144,,,,,,,,0.0
5287,81807390,4650279,116936,2023-2024,145,,,,,,,,0.0
5288,81807550,4650279,116936,2023-2024,146,,,,,,,,0.0
5289,81807725,4650279,116936,2023-2024,147,,,,,,,,0.0
5290,81807809,4650279,116936,2023-2024,148,,,,,,,,0.0
5291,81807873,4650279,116936,2023-2024,149,,,,,,,,0.0
5292,81807943,4650279,116936,2023-2024,150,,,,,,,,0.0
5293,81808109,4650279,116936,2023-2024,151,,,,,,,,0.0
5294,81808371,4650279,116936,2023-2024,152,,,,,,,,0.0
5295,81808508,4650279,116936,2023-2024,153,,,,,,,,0.0
5296,81808606,4650279,116936,2023-2024,154,,,,,,,,0.0
5297,81808732,4650279,116936,2023-2024,155,,,,,,,,0.0
5298,81808865,4650279,116936,2023-2024,156,,,,,,,,0.0
5299,82376634,4650279,116936,2023-2024,157,,106668.0,,,,,,0.0
5300,82377558,4650279,116936,2023-2024,158,,435372.0,,,,,,0.0
5301,82474041,4650279,116936,2023-2024,159,,,,,,,,0.0
5302,82528637,4650279,116936,2023-2024,160,,50000.0,,,,,,0.0
5303,82530259,4650279,116936,2023-2024,161,,,,,,,,0.0
5304,82546646,4650279,116936,2023-2024,162,,,,,,,,0.0
5305,82548452,4650279,116936,2023-2024,163,,,,,,,,0.0
5306,82549027,4650279,116936,2023-2024,164,,,,,,,,0.0
5307,82550024,4650279,116936,2023-2024,165,,,,,,,,0.0
5308,82551840,4650279,116936,2023-2024,166,,,,,,,,0.0
5309,82556608,4650279,116936,2023-2024,167,,,,,,,,0.0
5310,82557141,4650279,116936,2023-2024,168,,,,,,,,0.0
5311,82557568,4650279,116936,2023-2024,169,,,,,,,,0.0
5312,82558085,4650279,116936,2023-2024,170,,,,,,,,0.0
5313,82559336,4650279,116936,2023-2024,171,,,,,,,,0.0
5314,82564045,4650279,116936,2023-2024,172,,,,,,,,0.0
5315,82564391,4650279,116936,2023-2024,173,,,,,,,,0.0
5316,82564668,4650279,116936,2023-2024,174,,,,,,,,0.0
5317,82565292,4650279,116936,2023-2024,175,,,,,,,,0.0
5318,82565599,4650279,116936,2023-2024,176,,,,,,,,0.0
5319,82565935,4650279,116936,2023-2024,177,,,,,,,,0.0
5320,82566308,4650279,116936,2023-2024,178,,,,,,,,0.0
5321,82566716,4650279,116936,2023-2024,179,,,,,,,,0.0
5322,82567173,4650279,116936,2023-2024,180,,,,,,,,0.0
5323,82567624,4650279,116936,2023-2024,181,,,,,,,,0.0
5324,82568007,4650279,116936,2023-2024,182,,,,,,,,0.0
5325,82568452,4650279,116936,2023-2024,183,,,,,,,,0.0
5326,82569136,4650279,116936,2023-2024,184,,,,,,,,0.0
5327,82569635,4650279,116936,2023-2024,185,,,,,,,,0.0
5328,82582452,4650279,116936,2023-2024,186,,10000.0,,,,,,0.0
5329,82589580,4650279,116936,2023-2024,187,,,,,,,,0.0
5330,82589802,4650279,116936,2023-2024,188,,,,,,,,0.0
5331,82590280,4650279,116936,2023-2024,189,,,,,,,,0.0
5332,82591249,4650279,116936,2023-2024,190,,,,,,,,0.0
5333,82591577,4650279,116936,2023-2024,191,,,,,,,,0.0
5334,82591963,4650279,116936,2023-2024,192,,,,,,,,0.0
5335,82592147,4650279,116936,2023-2024,193,,,,,,,,0.0
5336,82592492,4650279,116936,2023-2024,194,,100000.0,,,,,,0.0
5337,82592906,4650279,116936,2023-2024,195,,100000.0,,,,,,0.0
5338,82593160,4650279,116936,2023-2024,196,,100000.0,,,,,,0.0
5339,82593429,4650279,116936,2023-2024,197,,100000.0,,,,,,0.0
5340,82593831,4650279,116936,2023-2024,198,,100000.0,,,,,,0.0
5341,82594057,4650279,116936,2023-2024,199,,100000.0,,,,,,0.0
5342,82594336,4650279,116936,2023-2024,200,,100000.0,,,,,,0.0
5343,82594615,4650279,116936,2023-2024,201,,100000.0,,,,,,0.0
5344,82594847,4650279,116936,2023-2024,202,,100000.0,,,,,,0.0
5345,82595111,4650279,116936,2023-2024,203,,100000.0,,,,,,0.0
5346,82595315,4650279,116936,2023-2024,204,,100000.0,,,,,,0.0
5347,82598628,4650279,116936,2023-2024,205,,100000.0,,,,,,0.0
5348,82598863,4650279,116936,2023-2024,206,,100000.0,,,,,,0.0
5349,82599652,4650279,116936,2023-2024,207,,100000.0,,,,,,0.0
5350,80675425,4650279,116936,2023-2024,208,5TH STATE FINANCE COMMISSION,50000.0,50000.0,50000.0,50000.0,,,47960.0
5351,82378986,4650279,116936,2023-2024,209,,12000.0,,,,,,0.0
5352,82379527,4650279,116936,2023-2024,210,,18000.0,,,,,,0.0
5353,82375147,4650279,116936,2023-2024,211,XV Finance Commission,163279.0,163279.0,163279.0,163279.0,,,151200.0
5354,82464707,4650279,116936,2023-2024,212,,,,,,,,0.0
5355,82481662,4650279,116936,2023-2024,213,,,,,,,,0.0
5356,82482625,4650279,116936,2023-2024,214,,,,,,,,0.0
5357,82483763,4650279,116936,2023-2024,215,,,,,,,,0.0
5358,82495267,4650279,116936,2023-2024,216,,,,,,,,0.0
5359,82497829,4650279,116936,2023-2024,217,,,,,,,,0.0
5360,82534448,4650279,116936,2023-2024,218,,,,,,,,0.0
5361,82529547,4650279,116936,2023-2024,219,,,,,,,,0.0
5362,82531153,4650279,116936,2023-2024,220,,,,,,,,0.0
5363,82533607,4650279,116936,2023-2024,221,,50000.0,,,,,,0.0
5364,82545119,4650279,116936,2023-2024,222,,,,,,,,0.0
5365,82545958,4650279,116936,2023-2024,223,,,,,,,,0.0
5366,82547174,4650279,116936,2023-2024,224,,,,,,,,0.0
5367,82550809,4650279,116936,2023-2024,225,,,,,,,,0.0
5368,82554652,4650279,116936,2023-2024,226,,,,,,,,0.0
5369,82555603,4650279,116936,2023-2024,227,,50000.0,,,,,,0.0
5370,82558758,4650279,116936,2023-2024,228,,100000.0,,,,,,0.0
5371,82583607,4650279,116936,2023-2024,229,XV Finance Commission,72000.0,72000.0,72000.0,72000.0,,,60000.0
5372,80680963,4650279,116936,2023-2024,230,5TH STATE FINANCE COMMISSION,12000.0,12000.0,12000.0,12000.0,,,8868.0
5373,82585671,4650279,116936,2023-2024,231,XV Finance Commission,300000.0,300000.0,300000.0,300000.0,,,300000.0
5374,82578918,4650279,116936,2023-2024,232,XV Finance Commission,103611.0,103611.0,103611.0,103611.0,,,103611.0
5375,80674757,4650279,116936,2023-2024,233,5TH STATE FINANCE COMMISSION,138000.0,138000.0,138000.0,138000.0,,,121398.0
5376,80677902,4650279,116936,2023-2024,234,5TH STATE FINANCE COMMISSION,150000.0,150000.0,150000.0,150000.0,,,131678.0
5377,80678796,4650279,116936,2023-2024,235,5TH STATE FINANCE COMMISSION,100000.0,100000.0,100000.0,100000.0,,,90415.0
5378,80664600,4650279,116936,2023-2024,236,XV Finance Commission,15000.0,15000.0,15000.0,15000.0,,,15000.0
5379,80672367,4650279,116936,2023-2024,237,5TH STATE FINANCE COMMISSION,150000.0,150000.0,150000.0,150000.0,,,150000.0
5380,105068846,5140750,116936,2024-2025,1,,3500.0,,,,,,0.0
5381,105069328,5140750,116936,2024-2025,2,,3500.0,,,,,,0.0
5382,105218863,5140750,116936,2024-2025,3,,3500.0,,,,,,0.0
5383,105219371,5140750,116936,2024-2025,4,,3500.0,,,,,,0.0
5384,105227324,5140750,116936,2024-2025,5,,3500.0,,,,,,0.0
5385,105226751,5140750,116936,2024-2025,6,,3500.0,,,,,,0.0
5386,105227042,5140750,116936,2024-2025,7,,3500.0,,,,,,0.0
5387,105258189,5140750,116936,2024-2025,8,,3500.0,,,,,,0.0
5388,105257889,5140750,116936,2024-2025,9,,3500.0,,,,,,0.0
5389,105257303,5140750,116936,2024-2025,10,,3500.0,,,,,,0.0
5390,105248909,5140750,116936,2024-2025,11,,3500.0,,,,,,0.0
5391,105260865,5140750,116936,2024-2025,12,,3500.0,,,,,,0.0
5392,105263426,5140750,116936,2024-2025,13,,3500.0,,,,,,0.0
5393,105271186,5140750,116936,2024-2025,14,,3500.0,,,,,,0.0
5394,105271278,5140750,116936,2024-2025,15,,3500.0,,,,,,0.0
5395,105271369,5140750,116936,2024-2025,16,,3500.0,,,,,,0.0
5396,105271634,5140750,116936,2024-2025,17,,3500.0,,,,,,0.0
5397,105271785,5140750,116936,2024-2025,18,,3500.0,,,,,,0.0
5398,105263684,5140750,116936,2024-2025,19,,3500.0,,,,,,0.0
5399,105271946,5140750,116936,2024-2025,20,,3500.0,,,,,,0.0
5400,105282230,5140750,116936,2024-2025,21,,3500.0,,,,,,0.0
5401,105283077,5140750,116936,2024-2025,22,,3500.0,,,,,,0.0
5402,105281814,5140750,116936,2024-2025,23,,3500.0,,,,,,0.0
5403,105282014,5140750,116936,2024-2025,24,,3500.0,,,,,,0.0
5404,105282381,5140750,116936,2024-2025,25,,3500.0,,,,,,0.0
5405,105282566,5140750,116936,2024-2025,26,,3500.0,,,,,,0.0
5406,105285932,5140750,116936,2024-2025,27,XV Finance Commission,128250.0,128250.0,128250.0,128250.0,,,124500.0
5407,105290603,5140750,116936,2024-2025,28,XV Finance Commission,30000.0,30000.0,30000.0,30000.0,,,19584.0
5408,105318429,5140750,116936,2024-2025,29,XV Finance Commission,100000.0,1000000.0,100000.0,100000.0,,,95696.0
5409,105310756,5140750,116936,2024-2025,30,,30000.0,,,,,,0.0
5410,105407696,5140750,116936,2024-2025,31,XV Finance Commission,100000.0,100000.0,100000.0,100000.0,,,100000.0
5411,105321038,5140750,116936,2024-2025,32,5TH STATE FINANCE COMMISSION,124080.0,124080.0,124080.0,124080.0,,,118788.0
5412,105322555,5140750,116936,2024-2025,33,,18000.0,,,,,,0.0
5413,105322239,5140750,116936,2024-2025,34,,50000.0,,,,,,0.0
5414,105322893,5140750,116936,2024-2025,35,,3500.0,,,,,,0.0
5415,105312553,5140750,116936,2024-2025,36,XV Finance Commission,20000.0,20000.0,20000.0,20000.0,,,0.0
5416,105348927,5140750,116936,2024-2025,37,,100000.0,,,,,,0.0
5417,105352625,5140750,116936,2024-2025,38,,1000.0,,,,,,0.0
5418,105349696,5140750,116936,2024-2025,39,,153049.0,,,,,,0.0
5419,105380191,5140750,116936,2024-2025,40,,1000.0,,,,,,0.0
5420,105380242,5140750,116936,2024-2025,41,,,,,,,,0.0
5421,105385000,5140750,116936,2024-2025,42,,,,,,,,0.0
5422,105385987,5140750,116936,2024-2025,43,,1000.0,,,,,,0.0
5423,105386102,5140750,116936,2024-2025,44,,,,,,,,0.0
5424,105386195,5140750,116936,2024-2025,45,,1000.0,,,,,,0.0
5425,105389940,5140750,116936,2024-2025,46,,,,,,,,0.0
5426,105390192,5140750,116936,2024-2025,47,,,,,,,,0.0
5427,105389803,5140750,116936,2024-2025,48,,,,,,,,0.0
5428,105390837,5140750,116936,2024-2025,49,,,,,,,,0.0
5429,105385387,5140750,116936,2024-2025,50,,1000.0,,,,,,0.0
5430,105385512,5140750,116936,2024-2025,51,,1000.0,,,,,,0.0
5431,105410425,5140750,116936,2024-2025,52,,7069.0,,,,,,0.0
5432,105272172,5140750,116936,2024-2025,53,,3500.0,,,,,,0.0
5433,105280443,5140750,116936,2024-2025,54,,3500.0,,,,,,0.0
5434,105280745,5140750,116936,2024-2025,55,,3500.0,,,,,,0.0
5435,105062192,5140750,116936,2024-2025,56,,3500.0,,,,,,0.0
5436,105062810,5140750,116936,2024-2025,57,,3500.0,,,,,,0.0
5437,105063710,5140750,116936,2024-2025,58,,3500.0,,,,,,0.0
5438,105064408,5140750,116936,2024-2025,59,,3500.0,,,,,,0.0
5439,105065441,5140750,116936,2024-2025,60,,3500.0,,,,,,0.0
5440,105218334,5140750,116936,2024-2025,61,,3500.0,,,,,,0.0
5441,105227855,5140750,116936,2024-2025,62,,3500.0,,,,,,0.0
5442,105228124,5140750,116936,2024-2025,63,,3500.0,,,,,,0.0
5443,105248373,5140750,116936,2024-2025,64,,3500.0,,,,,,0.0
5444,105259833,5140750,116936,2024-2025,65,,3500.0,,,,,,0.0
5445,105260207,5140750,116936,2024-2025,66,,3500.0,,,,,,0.0
5446,105260550,5140750,116936,2024-2025,67,,3500.0,,,,,,0.0
5447,105261160,5140750,116936,2024-2025,68,,3500.0,,,,,,0.0
5448,105263837,5140750,116936,2024-2025,69,,3500.0,,,,,,0.0
5449,105264091,5140750,116936,2024-2025,70,,3500.0,,,,,,0.0
5450,105272040,5140750,116936,2024-2025,71,,3500.0,,,,,,0.0
5451,105272404,5140750,116936,2024-2025,72,,3500.0,,,,,,0.0
5452,105272560,5140750,116936,2024-2025,73,,3500.0,,,,,,0.0
5453,105281294,5140750,116936,2024-2025,74,,3500.0,,,,,,0.0
5454,105282822,5140750,116936,2024-2025,75,,3500.0,,,,,,0.0
5455,105311507,5140750,116936,2024-2025,76,XV Finance Commission,150000.0,150000.0,150000.0,150000.0,,,150000.0
5456,105314234,5140750,116936,2024-2025,77,XV Finance Commission,130000.0,130000.0,130000.0,130000.0,,,125704.0
5457,105323263,5140750,116936,2024-2025,78,,3500.0,,,,,,0.0
5458,105346878,5140750,116936,2024-2025,79,,221868.0,,,,,,0.0
5459,105380331,5140750,116936,2024-2025,80,,,,,,,,0.0
5460,105380384,5140750,116936,2024-2025,81,,,,,,,,0.0
5461,105385317,5140750,116936,2024-2025,82,,1000.0,,,,,,0.0
5462,104436132,5140750,116936,2024-2025,83,5TH STATE FINANCE COMMISSION,130000.0,130000.0,130000.0,130000.0,,,130000.0
5463,104437781,5140750,116936,2024-2025,84,,170000.0,,,,,,0.0
5464,104439856,5140750,116936,2024-2025,85,,130000.0,,,,,,0.0
5465,104607784,5140750,116936,2024-2025,86,,100000.0,,,,,,0.0
5466,104610426,5140750,116936,2024-2025,87,,100000.0,,,,,,0.0
5467,104613538,5140750,116936,2024-2025,88,,,,,,,,0.0
5468,104613543,5140750,116936,2024-2025,89,,,,,,,,0.0
5469,104615967,5140750,116936,2024-2025,90,,,,,,,,0.0
5470,104616560,5140750,116936,2024-2025,91,,,,,,,,0.0
5471,104666730,5140750,116936,2024-2025,92,,,,,,,,0.0
5472,104667396,5140750,116936,2024-2025,93,,,,,,,,0.0
5473,104668293,5140750,116936,2024-2025,94,,,,,,,,0.0
5474,104668684,5140750,116936,2024-2025,95,,,,,,,,0.0
5475,104669403,5140750,116936,2024-2025,96,,,,,,,,0.0
5476,104613548,5140750,116936,2024-2025,97,,,,,,,,0.0
5477,104672957,5140750,116936,2024-2025,98,,,,,,,,0.0
5478,104674668,5140750,116936,2024-2025,99,,,,,,,,0.0
5479,104675182,5140750,116936,2024-2025,100,,,,,,,,0.0
5480,104673863,5140750,116936,2024-2025,101,,,,,,,,0.0
5481,104676416,5140750,116936,2024-2025,102,,,,,,,,0.0
5482,104677628,5140750,116936,2024-2025,103,,,,,,,,0.0
5483,104677254,5140750,116936,2024-2025,104,,,,,,,,0.0
5484,104679834,5140750,116936,2024-2025,105,,,,,,,,0.0
5485,104680552,5140750,116936,2024-2025,106,,,,,,,,0.0
5486,104681266,5140750,116936,2024-2025,107,,,,,,,,0.0
5487,104696959,5140750,116936,2024-2025,108,,,,,,,,0.0
5488,104697193,5140750,116936,2024-2025,109,,,,,,,,0.0
5489,104697760,5140750,116936,2024-2025,110,,,,,,,,0.0
5490,104698034,5140750,116936,2024-2025,111,,,,,,,,0.0
5491,104698343,5140750,116936,2024-2025,112,,,,,,,,0.0
5492,104698724,5140750,116936,2024-2025,113,,,,,,,,0.0
5493,104704132,5140750,116936,2024-2025,114,,,,,,,,0.0
5494,104704347,5140750,116936,2024-2025,115,,,,,,,,0.0
5495,104706939,5140750,116936,2024-2025,116,,,,,,,,0.0
5496,104704972,5140750,116936,2024-2025,117,,,,,,,,0.0
5497,104705397,5140750,116936,2024-2025,118,,,,,,,,0.0
5498,104705206,5140750,116936,2024-2025,119,,,,,,,,0.0
5499,104704789,5140750,116936,2024-2025,120,,,,,,,,0.0
5500,104705536,5140750,116936,2024-2025,121,,,,,,,,0.0
5501,104705748,5140750,116936,2024-2025,122,,,,,,,,0.0
5502,104705860,5140750,116936,2024-2025,123,,,,,,,,0.0
5503,104706024,5140750,116936,2024-2025,124,,,,,,,,0.0
5504,104706477,5140750,116936,2024-2025,125,,,,,,,,0.0
5505,104706762,5140750,116936,2024-2025,126,,,,,,,,0.0
5506,104707769,5140750,116936,2024-2025,127,,,,,,,,0.0
5507,104708137,5140750,116936,2024-2025,128,,100000.0,,,,,,0.0
5508,104718886,5140750,116936,2024-2025,129,,,,,,,,0.0
5509,104719305,5140750,116936,2024-2025,130,,,,,,,,0.0
5510,104720489,5140750,116936,2024-2025,131,,,,,,,,0.0
5511,104721236,5140750,116936,2024-2025,132,,,,,,,,0.0
5512,104724671,5140750,116936,2024-2025,133,,100000.0,,,,,,0.0
5513,104725271,5140750,116936,2024-2025,134,,,,,,,,0.0
5514,104726069,5140750,116936,2024-2025,135,,,,,,,,0.0
5515,104726702,5140750,116936,2024-2025,136,,,,,,,,0.0
5516,104728021,5140750,116936,2024-2025,137,,100000.0,,,,,,0.0
5517,105316983,5140750,116936,2024-2025,138,XV Finance Commission,100000.0,100000.0,100000.0,100000.0,,,97000.0
5518,105410708,5140750,116936,2024-2025,139,XV Finance Commission,80000.0,80000.0,80000.0,80000.0,,,80000.0
5519,105317688,5140750,116936,2024-2025,140,XV Finance Commission,100000.0,100000.0,100000.0,100000.0,,,97000.0
5520,105286382,5140750,116936,2024-2025,141,XV Finance Commission,20000.0,20000.0,20000.0,20000.0,,,15950.0
5521,105288559,5140750,116936,2024-2025,142,XV Finance Commission,150000.0,150000.0,150000.0,150000.0,,,150000.0
5522,105313757,5140750,116936,2024-2025,143,XV Finance Commission,100000.0,100000.0,100000.0,100000.0,,,98000.0
5523,105320299,5140750,116936,2024-2025,144,5TH STATE FINANCE COMMISSION,100000.0,100000.0,100000.0,100000.0,,,97000.0
5524,105321332,5140750,116936,2024-2025,145,5TH STATE FINANCE COMMISSION,50000.0,50000.0,50000.0,50000.0,,,48500.0
5525,105320626,5140750,116936,2024-2025,146,,110000.0,,,,,,0.0
5526,105318767,5140750,116936,2024-2025,147,XV Finance Commission,126824.0,126824.0,126824.0,126824.0,,,121750.6
5527,105289787,5140750,116936,2024-2025,148,XV Finance Commission,45000.0,45000.0,45000.0,45000.0,,,8100.0
5528,121124541,5546036,116936,2025-2026,1,5TH STATE FINANCE COMMISSION,10000.0,100000.0,10000.0,10000.0,,,3830.0
5529,115468414,5546036,116936,2025-2026,2,,,,,,,,0.0
5530,118317968,5546036,116936,2025-2026,3,,,,,,,,0.0
5531,118330130,5546036,116936,2025-2026,4,5TH STATE FINANCE COMMISSION,100000.0,100000.0,100000.0,100000.0,,,97000.0
5532,121064194,5546036,116936,2025-2026,5,XV Finance Commission,7709.0,7709.0,7709.0,7709.0,,,0.0
5533,121064854,5546036,116936,2025-2026,6,XV Finance Commission,120000.0,120000.0,120000.0,120000.0,,,120000.0
5534,115217760,5546036,116936,2025-2026,7,XV Finance Commission,117000.0,117000.0,117000.0,117000.0,,,117000.0
5535,121115774,5546036,116936,2025-2026,8,,3500.0,,,,,,0.0
5536,121118350,5546036,116936,2025-2026,9,,3500.0,,,,,,0.0
5537,121116083,5546036,116936,2025-2026,10,,3500.0,,,,,,0.0
5538,121116636,5546036,116936,2025-2026,11,,3500.0,,,,,,0.0
5539,121118582,5546036,116936,2025-2026,12,,3500.0,,,,,,0.0
5540,121119565,5546036,116936,2025-2026,13,XV Finance Commission,146278.0,146278.0,146278.0,146278.0,,,143278.0
5541,121116969,5546036,116936,2025-2026,14,,3500.0,,,,,,0.0
5542,121117231,5546036,116936,2025-2026,15,,3500.0,,,,,,0.0
5543,121114515,5546036,116936,2025-2026,16,,3500.0,,,,,,0.0
5544,121117614,5546036,116936,2025-2026,17,,3500.0,,,,,,0.0
5545,121114816,5546036,116936,2025-2026,18,,3500.0,,,,,,0.0
5546,121119869,5546036,116936,2025-2026,19,XV Finance Commission,100000.0,100000.0,100000.0,100000.0,,,79215.0
5547,121115140,5546036,116936,2025-2026,20,,3500.0,,,,,,0.0
5548,121117932,5546036,116936,2025-2026,21,,3500.0,,,,,,0.0
5549,121119294,5546036,116936,2025-2026,22,,180000.0,,,,,,0.0
5550,121115425,5546036,116936,2025-2026,23,,3500.0,,,,,,0.0
5551,121121529,5546036,116936,2025-2026,24,XV Finance Commission,80000.0,80000.0,80000.0,80000.0,,,80000.0
5552,121215461,5546036,116936,2025-2026,25,,18000.0,,,,,,0.0
5553,121215710,5546036,116936,2025-2026,26,,30000.0,,,,,,0.0
5554,121217333,5546036,116936,2025-2026,27,XV Finance Commission,25000.0,25000.0,25000.0,25000.0,,,0.0
5555,121218162,5546036,116936,2025-2026,28,XV Finance Commission,20000.0,20000.0,20000.0,20000.0,,,20000.0
5556,121114112,5546036,116936,2025-2026,29,,3500.0,,,,,,0.0
5557,121218389,5546036,116936,2025-2026,30,,200000.0,,,,,,0.0
5558,121218637,5546036,116936,2025-2026,31,5TH STATE FINANCE COMMISSION,104533.0,104533.0,104533.0,104533.0,,,104533.0
5559,121218618,5546036,116936,2025-2026,32,,50000.0,,,,,,0.0
5560,121218709,5546036,116936,2025-2026,33,,20546.0,,,,,,0.0
5561,121218953,5546036,116936,2025-2026,34,,,,,,,,0.0
5562,121218836,5546036,116936,2025-2026,35,,,,,,,,0.0
5563,121218839,5546036,116936,2025-2026,36,,,,,,,,0.0
5564,119674509,5546036,116936,2025-2026,37,,9000.0,,,,,,0.0
5565,121121080,5546036,116936,2025-2026,38,XV Finance Commission,100000.0,100000.0,100000.0,100000.0,,,98000.0
5566,121120137,5546036,116936,2025-2026,39,XV Finance Commission,100000.0,100000.0,100000.0,100000.0,,,98000.0
5567,121218326,5546036,116936,2025-2026,40,,18000.0,,,,,,0.0
5568,121218629,5546036,116936,2025-2026,41,5TH STATE FINANCE COMMISSION,35000.0,35000.0,35000.0,35000.0,,,33940.0
5569,121219043,5546036,116936,2025-2026,42,,,,,,,,0.0
5570,121254441,5546036,116936,2025-2026,43,,,,,,,,0.0
5571,121218820,5546036,116936,2025-2026,44,,,,,,,,0.0
5572,117693843,5546036,116936,2025-2026,45,,,,,,,,0.0
5573,121218812,5546036,116936,2025-2026,46,,,,,,,,0.0
5574,121218826,5546036,116936,2025-2026,47,,,,,,,,0.0
5575,121218966,5546036,116936,2025-2026,48,,,,,,,,0.0
5576,121218975,5546036,116936,2025-2026,49,,,,,,,,0.0
5577,121254635,5546036,116936,2025-2026,50,,,,,,,,0.0
5578,121254341,5546036,116936,2025-2026,51,,,,,,,,0.0
5579,121254556,5546036,116936,2025-2026,52,,,,,,,,0.0
5580,121254718,5546036,116936,2025-2026,53,,,,,,,,0.0
5581,121255033,5546036,116936,2025-2026,54,,,,,,,,0.0
5582,121255129,5546036,116936,2025-2026,55,,,,,,,,0.0
5583,117692576,5546036,116936,2025-2026,56,,,,,,,,0.0
5584,121219005,5546036,116936,2025-2026,57,,,,,,,,0.0
5585,121255686,5546036,116936,2025-2026,58,XV Finance Commission,315000.0,315000.0,315000.0,315000.0,,,315000.0
5586,117694749,5546036,116936,2025-2026,59,,,,,,,,0.0
5587,121122566,5546036,116936,2025-2026,60,,100000.0,,,,,,0.0
5588,121219011,5546036,116936,2025-2026,61,,,,,,,,0.0
5589,121219023,5546036,116936,2025-2026,62,,,,,,,,0.0
5590,121256339,5546036,116936,2025-2026,63,,40000.0,,,,,,0.0
5591,121256443,5546036,116936,2025-2026,64,,80000.0,,,,,,0.0
5592,121257075,5546036,116936,2025-2026,65,,,,,,,,0.0
5593,121257199,5546036,116936,2025-2026,66,,,,,,,,0.0
5594,121218745,5546036,116936,2025-2026,67,,15409.0,,,,,,0.0
5595,121218771,5546036,116936,2025-2026,68,,,,,,,,0.0
5596,121218780,5546036,116936,2025-2026,69,,,,,,,,0.0
5597,121218797,5546036,116936,2025-2026,70,,,,,,,,0.0
5598,121218656,5546036,116936,2025-2026,71,,45000.0,,,,,,0.0
5599,121218718,5546036,116936,2025-2026,72,,15409.0,,,,,,0.0
5600,121218788,5546036,116936,2025-2026,73,,,,,,,,0.0
5601,121218801,5546036,116936,2025-2026,74,,,,,,,,0.0
5602,121217739,5546036,116936,2025-2026,75,5TH STATE FINANCE COMMISSION,65000.0,65000.0,65000.0,65000.0,,,65000.0
5603,121215314,5546036,116936,2025-2026,76,5TH STATE FINANCE COMMISSION,5547.0,5547.0,5547.0,5547.0,,,0.0
5604,121218818,5546036,116936,2025-2026,77,,,,,,,,0.0
5605,121218986,5546036,116936,2025-2026,78,,100000.0,,,,,,0.0
5606,121218987,5546036,116936,2025-2026,79,,,,,,,,0.0
5607,119682712,5546036,116936,2025-2026,80,,12000.0,,,,,,0.0
5608,119679569,5546036,116936,2025-2026,81,XV Finance Commission,15000.0,15000.0,15000.0,15000.0,,,5400.0
5609,119684353,5546036,116936,2025-2026,82,,3500.0,,,,,,0.0
5610,119685991,5546036,116936,2025-2026,83,,75000.0,,,,,,0.0
5611,118334004,5546036,116936,2025-2026,84,5TH STATE FINANCE COMMISSION,125000.0,125000.0,125000.0,125000.0,,,122500.0
5612,118335862,5546036,116936,2025-2026,85,5TH STATE FINANCE COMMISSION,130000.0,130000.0,130000.0,130000.0,,,130000.0
5613,117696468,5546036,116936,2025-2026,86,,,,,,,,0.0
5614,121218668,5546036,116936,2025-2026,87,5TH STATE FINANCE COMMISSION,144000.0,144000.0,144000.0,144000.0,,,141120.0
5615,121218498,5546036,116936,2025-2026,88,XV Finance Commission,3209.0,3209.0,3209.0,3209.0,,,0.0
5616,44220672,3138083,118939,2020-2021,1,XV Finance Commission,180000.0,180000.0,180000.0,180000.0,,,128811.0
5617,44229375,3138083,118939,2020-2021,2,,150000.0,,,,,,0.0
5618,44229515,3138083,118939,2020-2021,3,XV Finance Commission,40000.0,40000.0,40000.0,40000.0,,,39132.0
5619,44229549,3138083,118939,2020-2021,4,,50000.0,,,,,,0.0
5620,44229131,3138083,118939,2020-2021,5,,490000.0,,,,,,0.0
5621,44229080,3138083,118939,2020-2021,6,XV Finance Commission,30000.0,30000.0,30000.0,30000.0,,,0.0
5622,44229243,3138083,118939,2020-2021,7,,80000.0,,,,,,0.0
5623,44229414,3138083,118939,2020-2021,8,,50000.0,,,,,,0.0
5624,44229532,3138083,118939,2020-2021,9,,40000.0,,,,,,0.0
5625,44230285,3138083,118939,2020-2021,10,,53844.0,,,,,,0.0
5626,44230304,3138083,118939,2020-2021,11,,100000.0,,,,,,0.0
5627,44230328,3138083,118939,2020-2021,12,,150000.0,,,,,,0.0
5628,44230360,3138083,118939,2020-2021,13,,300000.0,,,,,,0.0
5629,44229586,3138083,118939,2020-2021,14,XV Finance Commission,40000.0,40000.0,40000.0,40000.0,,,39432.0
5630,44230293,3138083,118939,2020-2021,15,,100000.0,,,,,,0.0
5631,44230316,3138083,118939,2020-2021,16,,100000.0,,,,,,0.0
5632,44229627,3138083,118939,2020-2021,17,XV Finance Commission,182350.0,182350.0,182350.0,182350.0,,,0.0
5633,44229565,3138083,118939,2020-2021,18,XV Finance Commission,60000.0,60000.0,60000.0,60000.0,,,0.0
5634,44229496,3138083,118939,2020-2021,19,XV Finance Commission,100000.0,100000.0,100000.0,100000.0,,,0.0
5635,44229357,3138083,118939,2020-2021,20,XV Finance Commission,62350.0,62350.0,62350.0,62350.0,,,34414.0
5636,44220721,3138083,118939,2020-2021,21,XV Finance Commission,100000.0,100000.0,100000.0,100000.0,,,100000.0
5637,44229447,3138083,118939,2020-2021,22,XV Finance Commission,100000.0,100000.0,100000.0,100000.0,,,87402.0
5638,44229608,3138083,118939,2020-2021,23,XV Finance Commission,150000.0,150000.0,150000.0,150000.0,,,141881.0
5639,44229469,3138083,118939,2020-2021,24,XV Finance Commission,100000.0,100000.0,100000.0,100000.0,,,50221.0
5640,44229180,3138083,118939,2020-2021,25,XV Finance Commission,120000.0,120000.0,120000.0,120000.0,,,120000.0
5641,48568382,3376232,118939,2021-2022,1,XV Finance Commission,102350.0,102350.0,102350.0,102350.0,,,0.0
5642,48568160,3376232,118939,2021-2022,2,XV Finance Commission,47331.0,47331.0,47331.0,47331.0,,,0.0
5643,48567337,3376232,118939,2021-2022,3,XV Finance Commission,100000.0,100000.0,100000.0,100000.0,,,0.0
5644,48567232,3376232,118939,2021-2022,4,XV Finance Commission,38825.0,38825.0,38825.0,38825.0,,,0.0
5645,48566676,3376232,118939,2021-2022,5,,30000.0,,,,,,0.0
5646,48566445,3376232,118939,2021-2022,6,,40000.0,,,,,,0.0
5647,48566557,3376232,118939,2021-2022,7,,30000.0,,,,,,0.0
5648,48566771,3376232,118939,2021-2022,8,,40000.0,,,,,,0.0
5649,48566868,3376232,118939,2021-2022,9,,40000.0,,,,,,0.0
5650,48566982,3376232,118939,2021-2022,10,,40000.0,,,,,,0.0
5651,48567800,3376232,118939,2021-2022,11,,100000.0,,,,,,0.0
5652,48568018,3376232,118939,2021-2022,12,XV Finance Commission,183844.0,183844.0,183844.0,183844.0,,,0.0
5653,48569110,3376232,118939,2021-2022,13,,95000.0,,,,,,0.0
5654,48569368,3376232,118939,2021-2022,14,,95000.0,,,,,,0.0
5655,48569550,3376232,118939,2021-2022,15,,60000.0,,,,,,0.0
5656,48569673,3376232,118939,2021-2022,16,,60000.0,,,,,,0.0
5657,48570023,3376232,118939,2021-2022,17,,30000.0,,,,,,0.0
5658,48570304,3376232,118939,2021-2022,18,,140000.0,,,,,,0.0
5659,48570466,3376232,118939,2021-2022,19,,183844.0,,,,,,0.0
5660,48571325,3376232,118939,2021-2022,20,,80000.0,,,,,,0.0
5661,48571918,3376232,118939,2021-2022,21,,60000.0,,,,,,0.0
5662,48570169,3376232,118939,2021-2022,22,,30000.0,,,,,,0.0
5663,48620900,3376232,118939,2021-2022,23,,100000.0,,,,,,0.0
5664,48628640,3376232,118939,2021-2022,24,,20076.0,,,,,,0.0
5665,48566224,3376232,118939,2021-2022,25,XV Finance Commission,140000.0,140000.0,140000.0,140000.0,,,58000.0
5666,48621117,3376232,118939,2021-2022,26,5TH STATE FINANCE COMMISSION,100000.0,100000.0,100000.0,100000.0,,,100000.0
5667,48567910,3376232,118939,2021-2022,27,XV Finance Commission,100000.0,100000.0,100000.0,100000.0,,,12600.0
5668,48568553,3376232,118939,2021-2022,28,,100000.0,,,,,,0.0
5669,48566328,3376232,118939,2021-2022,29,XV Finance Commission,70000.0,70000.0,70000.0,70000.0,,,69938.0
5670,48569878,3376232,118939,2021-2022,30,XV Finance Commission,490000.0,490000.0,490000.0,490000.0,,,490000.0
5671,48620270,3376232,118939,2021-2022,31,5TH STATE FINANCE COMMISSION,140000.0,140000.0,140000.0,140000.0,,,132002.0
5672,48566127,3376232,118939,2021-2022,32,XV Finance Commission,62350.0,62350.0,62350.0,62350.0,,,59844.0
5673,65691573,4340749,118939,2021-2022,1,XV Finance Commission,50000.0,50000.0,50000.0,50000.0,,,49402.0
5674,65691556,4340749,118939,2021-2022,2,XV Finance Commission,50000.0,50000.0,50000.0,50000.0,,,48908.0
5675,61880124,4115654,118939,2022-2023,1,,250000.0,,,,,,0.0
5676,61882948,4115654,118939,2022-2023,2,,5000.0,,,,,,0.0
5677,61881680,4115654,118939,2022-2023,3,,450000.0,,,,,,0.0
5678,61881620,4115654,118939,2022-2023,4,,100000.0,,,,,,0.0
5679,61881533,4115654,118939,2022-2023,5,,12000.0,,,,,,0.0
5680,61881476,4115654,118939,2022-2023,6,,73844.0,,,,,,0.0
5681,61881425,4115654,118939,2022-2023,7,,168000.0,,,,,,0.0
5682,61881271,4115654,118939,2022-2023,8,,250000.0,,,,,,0.0
5683,61881096,4115654,118939,2022-2023,9,,150000.0,,,,,,0.0
5684,61881033,4115654,118939,2022-2023,10,,158992.0,,,,,,0.0
5685,61880978,4115654,118939,2022-2023,11,,100000.0,,,,,,0.0
5686,61880904,4115654,118939,2022-2023,12,,60000.0,,,,,,0.0
5687,61880824,4115654,118939,2022-2023,13,,50000.0,,,,,,0.0
5688,61880754,4115654,118939,2022-2023,14,,200000.0,,,,,,0.0
5689,61880683,4115654,118939,2022-2023,15,,146744.0,,,,,,0.0
5690,61880059,4115654,118939,2022-2023,16,,206744.0,,,,,,0.0
5691,65107516,4294792,118939,2022-2023,1,XV Finance Commission,309000.0,309000.0,309000.0,309000.0,,,212400.0
5692,65107605,4294792,118939,2022-2023,2,5TH STATE FINANCE COMMISSION,100000.0,100000.0,100000.0,100000.0,,,89444.0
5693,65107206,4294792,118939,2022-2023,3,,150000.0,,,,,,0.0
5694,65107570,4294792,118939,2022-2023,4,XV Finance Commission,100000.0,100000.0,100000.0,100000.0,,,97311.0
5695,65107541,4294792,118939,2022-2023,5,,100000.0,,,,,,0.0
5696,65107478,4294792,118939,2022-2023,6,XV Finance Commission,87300.0,87300.0,87300.0,87300.0,,,87300.0
5697,65107549,4294792,118939,2022-2023,7,XV Finance Commission,15000.0,15000.0,15000.0,15000.0,,,14613.0
5698,65107545,4294792,118939,2022-2023,8,XV Finance Commission,16750.0,16750.0,16750.0,16750.0,,,15724.0
5699,65107595,4294792,118939,2022-2023,9,5TH STATE FINANCE COMMISSION,50000.0,50000.0,50000.0,50000.0,,,48963.0
5700,65107220,4294792,118939,2022-2023,10,XV Finance Commission,120000.0,120000.0,120000.0,120000.0,,,120000.0
5701,65107271,4294792,118939,2022-2023,11,XV Finance Commission,50000.0,50000.0,50000.0,50000.0,,,47700.0
5702,65107560,4294792,118939,2022-2023,12,XV Finance Commission,100000.0,100000.0,100000.0,100000.0,,,66579.0
5703,65107637,4294792,118939,2022-2023,13,,50000.0,,,,,,0.0
5704,65107616,4294792,118939,2022-2023,14,,100000.0,,,,,,0.0
5705,65107260,4294792,118939,2022-2023,15,,50000.0,,,,,,0.0
5706,65107531,4294792,118939,2022-2023,16,XV Finance Commission,40000.0,40000.0,40000.0,40000.0,,,40000.0
5707,65107504,4294792,118939,2022-2023,17,XV Finance Commission,48135.0,48135.0,48135.0,48135.0,,,41500.0
5708,65107587,4294792,118939,2022-2023,18,XV Finance Commission,37242.0,37242.0,37242.0,37242.0,,,20369.0
5709,65107525,4294792,118939,2022-2023,19,XV Finance Commission,100000.0,100000.0,100000.0,100000.0,,,99936.0
5710,65107372,4294792,118939,2022-2023,20,XV Finance Commission,51885.0,51885.0,51885.0,51885.0,,,29908.0
5711,65107290,4294792,118939,2022-2023,21,,30000.0,,,,,,0.0
5712,65107610,4294792,118939,2022-2023,22,5TH STATE FINANCE COMMISSION,200000.0,200000.0,200000.0,200000.0,,,199792.0
5713,65107692,4294792,118939,2022-2023,23,,5000.0,,,,,,0.0
5714,65107238,4294792,118939,2022-2023,24,,5150.0,,,,,,0.0
5715,65107485,4294792,118939,2022-2023,25,XV Finance Commission,12600.0,12600.0,12600.0,12600.0,,,12600.0
5716,65107591,4294792,118939,2022-2023,26,5TH STATE FINANCE COMMISSION,200000.0,200000.0,200000.0,200000.0,,,197538.0
5717,65107631,4294792,118939,2022-2023,27,5TH STATE FINANCE COMMISSION,103844.0,103844.0,103844.0,103844.0,,,100000.0
5718,65107574,4294792,118939,2022-2023,28,XV Finance Commission,100000.0,100000.0,100000.0,100000.0,,,0.0
5719,77189402,4588239,118939,2023-2024,1,,50000.0,50000.0,,,,,0.0
5720,71778123,4588239,118939,2023-2024,2,XV Finance Commission,30000.0,30000.0,30000.0,30000.0,,,30000.0
5721,71778714,4588239,118939,2023-2024,3,XV Finance Commission,100000.0,100000.0,100000.0,100000.0,,,91560.0
5722,71791873,4588239,118939,2023-2024,4,5TH STATE FINANCE COMMISSION,100000.0,100000.0,100000.0,100000.0,,,0.0
5723,71790344,4588239,118939,2023-2024,5,5TH STATE FINANCE COMMISSION,100000.0,100000.0,100000.0,100000.0,,,98812.0
5724,71786781,4588239,118939,2023-2024,6,XV Finance Commission,50000.0,50000.0,50000.0,50000.0,,,0.0
5725,71787353,4588239,118939,2023-2024,7,XV Finance Commission,50000.0,50000.0,50000.0,50000.0,,,0.0
5726,77185759,4588239,118939,2023-2024,8,XV Finance Commission,29100.0,29100.0,29100.0,29100.0,,,0.0
5727,77181460,4588239,118939,2023-2024,9,XV Finance Commission,29100.0,29100.0,29100.0,29100.0,,,0.0
5728,77180319,4588239,118939,2023-2024,10,XV Finance Commission,29100.0,29100.0,29100.0,29100.0,,,0.0
5729,77190542,4588239,118939,2023-2024,11,XV Finance Commission,35000.0,35000.0,35000.0,35000.0,,,0.0
5730,82597337,4588239,118939,2023-2024,12,XV Finance Commission,90000.0,90000.0,90000.0,90000.0,,,0.0
5731,82597000,4588239,118939,2023-2024,13,XV Finance Commission,24000.0,24000.0,24000.0,24000.0,,,0.0
5732,82621086,4588239,118939,2023-2024,14,5TH STATE FINANCE COMMISSION,50000.0,50000.0,50000.0,50000.0,,,0.0
5733,71785907,4588239,118939,2023-2024,15,XV Finance Commission,200000.0,200000.0,200000.0,200000.0,,,0.0
5734,82621188,4588239,118939,2023-2024,16,5TH STATE FINANCE COMMISSION,50000.0,50000.0,50000.0,50000.0,,,0.0
5735,82620987,4588239,118939,2023-2024,17,5TH STATE FINANCE COMMISSION,50000.0,50000.0,50000.0,50000.0,,,0.0
5736,82620887,4588239,118939,2023-2024,18,5TH STATE FINANCE COMMISSION,50000.0,50000.0,50000.0,50000.0,,,0.0
5737,82625739,4588239,118939,2023-2024,19,,100000.0,,,,,,0.0
5738,82625669,4588239,118939,2023-2024,20,,100000.0,,,,,,0.0
5739,76750441,4588239,118939,2023-2024,21,,,,,,,,0.0
5740,77543917,4588239,118939,2023-2024,22,,2000.0,,,,,,0.0
5741,77544475,4588239,118939,2023-2024,23,,100000.0,,,,,,0.0
5742,82626070,4588239,118939,2023-2024,24,,100000.0,,,,,,0.0
5743,71785415,4588239,118939,2023-2024,25,,106080.0,,,,,,0.0
5744,76672967,4588239,118939,2023-2024,26,,,,,,,,0.0
5745,76673168,4588239,118939,2023-2024,27,,,,,,,,0.0
5746,76673333,4588239,118939,2023-2024,28,,,,,,,,0.0
5747,76673474,4588239,118939,2023-2024,29,,,,,,,,0.0
5748,71784824,4588239,118939,2023-2024,30,XV Finance Commission,50000.0,50000.0,50000.0,50000.0,,,0.0
5749,76673664,4588239,118939,2023-2024,31,,,,,,,,0.0
5750,76673829,4588239,118939,2023-2024,32,,,,,,,,0.0
5751,76674092,4588239,118939,2023-2024,33,,,,,,,,0.0
5752,76674183,4588239,118939,2023-2024,34,,,,,,,,0.0
5753,76674293,4588239,118939,2023-2024,35,,,,,,,,0.0
5754,76674381,4588239,118939,2023-2024,36,,,,,,,,0.0
5755,76674469,4588239,118939,2023-2024,37,,,,,,,,0.0
5756,76674672,4588239,118939,2023-2024,38,,,,,,,,0.0
5757,76674745,4588239,118939,2023-2024,39,,,,,,,,0.0
5758,76674880,4588239,118939,2023-2024,40,,,,,,,,0.0
5759,76675005,4588239,118939,2023-2024,41,,,,,,,,0.0
5760,76675071,4588239,118939,2023-2024,42,,,,,,,,0.0
5761,76675136,4588239,118939,2023-2024,43,,,,,,,,0.0
5762,76675203,4588239,118939,2023-2024,44,,,,,,,,0.0
5763,76675251,4588239,118939,2023-2024,45,,,,,,,,0.0
5764,76675292,4588239,118939,2023-2024,46,,,,,,,,0.0
5765,76675403,4588239,118939,2023-2024,47,,,,,,,,0.0
5766,76675454,4588239,118939,2023-2024,48,,,,,,,,0.0
5767,76675528,4588239,118939,2023-2024,49,,,,,,,,0.0
5768,76675620,4588239,118939,2023-2024,50,,,,,,,,0.0
5769,76675672,4588239,118939,2023-2024,51,,,,,,,,0.0
5770,76675766,4588239,118939,2023-2024,52,,,,,,,,0.0
5771,76675824,4588239,118939,2023-2024,53,,,,,,,,0.0
5772,76675872,4588239,118939,2023-2024,54,,,,,,,,0.0
5773,76730677,4588239,118939,2023-2024,55,,,,,,,,0.0
5774,76731622,4588239,118939,2023-2024,56,,,,,,,,0.0
5775,76733449,4588239,118939,2023-2024,57,,,,,,,,0.0
5776,76734722,4588239,118939,2023-2024,58,,,,,,,,0.0
5777,76735541,4588239,118939,2023-2024,59,,,,,,,,0.0
5778,76736653,4588239,118939,2023-2024,60,,,,,,,,0.0
5779,76737609,4588239,118939,2023-2024,61,,,,,,,,0.0
5780,76738596,4588239,118939,2023-2024,62,,,,,,,,0.0
5781,76739680,4588239,118939,2023-2024,63,,,,,,,,0.0
5782,76749368,4588239,118939,2023-2024,64,,,,,,,,0.0
5783,76751129,4588239,118939,2023-2024,65,,,,,,,,0.0
5784,76752718,4588239,118939,2023-2024,66,,,,,,,,0.0
5785,76754947,4588239,118939,2023-2024,67,,,,,,,,0.0
5786,76755916,4588239,118939,2023-2024,68,,,,,,,,0.0
5787,76756642,4588239,118939,2023-2024,69,,,,,,,,0.0
5788,76760529,4588239,118939,2023-2024,70,,,,,,,,0.0
5789,76762780,4588239,118939,2023-2024,71,,,,,,,,0.0
5790,76775994,4588239,118939,2023-2024,72,,,,,,,,0.0
5791,76777601,4588239,118939,2023-2024,73,,,,,,,,0.0
5792,76780400,4588239,118939,2023-2024,74,,,,,,,,0.0
5793,76893709,4588239,118939,2023-2024,75,,,,,,,,0.0
5794,76894054,4588239,118939,2023-2024,76,,,,,,,,0.0
5795,76894440,4588239,118939,2023-2024,77,,,,,,,,0.0
5796,76894936,4588239,118939,2023-2024,78,,,,,,,,0.0
5797,76895641,4588239,118939,2023-2024,79,,,,,,,,0.0
5798,76896038,4588239,118939,2023-2024,80,,,,,,,,0.0
5799,76897433,4588239,118939,2023-2024,81,,,,,,,,0.0
5800,77180963,4588239,118939,2023-2024,82,XV Finance Commission,29100.0,29100.0,29100.0,29100.0,,,29100.0
5801,77188913,4588239,118939,2023-2024,83,,100000.0,,,,,,0.0
5802,77194008,4588239,118939,2023-2024,84,,,,,,,,0.0
5803,77234526,4588239,118939,2023-2024,85,,,,,,,,0.0
5804,77234692,4588239,118939,2023-2024,86,,,,,,,,0.0
5805,77234842,4588239,118939,2023-2024,87,,,,,,,,0.0
5806,77235053,4588239,118939,2023-2024,88,,,,,,,,0.0
5807,77235363,4588239,118939,2023-2024,89,,1000.0,,,,,,0.0
5808,77235528,4588239,118939,2023-2024,90,,1000.0,,,,,,0.0
5809,77235767,4588239,118939,2023-2024,91,,,,,,,,0.0
5810,77235885,4588239,118939,2023-2024,92,,,,,,,,0.0
5811,77236004,4588239,118939,2023-2024,93,,,,,,,,0.0
5812,77236836,4588239,118939,2023-2024,94,,,,,,,,0.0
5813,77236936,4588239,118939,2023-2024,95,,,,,,,,0.0
5814,77237143,4588239,118939,2023-2024,96,,,,,,,,0.0
5815,77237467,4588239,118939,2023-2024,97,,500000.0,,,,,,0.0
5816,77237783,4588239,118939,2023-2024,98,,,,,,,,0.0
5817,77237909,4588239,118939,2023-2024,99,,,,,,,,0.0
5818,77238037,4588239,118939,2023-2024,100,,,,,,,,0.0
5819,77238200,4588239,118939,2023-2024,101,,,,,,,,0.0
5820,77238319,4588239,118939,2023-2024,102,,,,,,,,0.0
5821,77238477,4588239,118939,2023-2024,103,,,,,,,,0.0
5822,77238637,4588239,118939,2023-2024,104,,,,,,,,0.0
5823,77238905,4588239,118939,2023-2024,105,,,,,,,,0.0
5824,77239132,4588239,118939,2023-2024,106,,10000.0,,,,,,0.0
5825,77239347,4588239,118939,2023-2024,107,,,,,,,,0.0
5826,77239491,4588239,118939,2023-2024,108,,,,,,,,0.0
5827,77239909,4588239,118939,2023-2024,109,,,,,,,,0.0
5828,77240111,4588239,118939,2023-2024,110,,,,,,,,0.0
5829,77240244,4588239,118939,2023-2024,111,,,,,,,,0.0
5830,77240307,4588239,118939,2023-2024,112,,,,,,,,0.0
5831,77240383,4588239,118939,2023-2024,113,,,,,,,,0.0
5832,77240471,4588239,118939,2023-2024,114,,,,,,,,0.0
5833,77240562,4588239,118939,2023-2024,115,,,,,,,,0.0
5834,77240671,4588239,118939,2023-2024,116,,,,,,,,0.0
5835,77240775,4588239,118939,2023-2024,117,,100000.0,,,,,,0.0
5836,77461555,4588239,118939,2023-2024,118,,,,,,,,0.0
5837,77462058,4588239,118939,2023-2024,119,,,,,,,,0.0
5838,77463280,4588239,118939,2023-2024,120,,,,,,,,0.0
5839,77465084,4588239,118939,2023-2024,121,,,,,,,,0.0
5840,77466202,4588239,118939,2023-2024,122,,,,,,,,0.0
5841,77467784,4588239,118939,2023-2024,123,,,,,,,,0.0
5842,77469187,4588239,118939,2023-2024,124,,,,,,,,0.0
5843,77470138,4588239,118939,2023-2024,125,,,,,,,,0.0
5844,77470754,4588239,118939,2023-2024,126,,,,,,,,0.0
5845,77471305,4588239,118939,2023-2024,127,,,,,,,,0.0
5846,77472407,4588239,118939,2023-2024,128,,,,,,,,0.0
5847,77472974,4588239,118939,2023-2024,129,,,,,,,,0.0
5848,77473623,4588239,118939,2023-2024,130,,,,,,,,0.0
5849,77474083,4588239,118939,2023-2024,131,,,,,,,,0.0
5850,77482261,4588239,118939,2023-2024,132,,,,,,,,0.0
5851,77540501,4588239,118939,2023-2024,133,,,,,,,,0.0
5852,77540663,4588239,118939,2023-2024,134,,,,,,,,0.0
5853,77540821,4588239,118939,2023-2024,135,,,,,,,,0.0
5854,77540976,4588239,118939,2023-2024,136,,,,,,,,0.0
5855,77541269,4588239,118939,2023-2024,137,,,,,,,,0.0
5856,77541437,4588239,118939,2023-2024,138,,,,,,,,0.0
5857,77541616,4588239,118939,2023-2024,139,,,,,,,,0.0
5858,77541789,4588239,118939,2023-2024,140,,,,,,,,0.0
5859,77541977,4588239,118939,2023-2024,141,,,,,,,,0.0
5860,77543230,4588239,118939,2023-2024,142,,,,,,,,0.0
5861,77543356,4588239,118939,2023-2024,143,,,,,,,,0.0
5862,77543644,4588239,118939,2023-2024,144,,,,,,,,0.0
5863,77543771,4588239,118939,2023-2024,145,,,,,,,,0.0
5864,77544041,4588239,118939,2023-2024,146,,,,,,,,0.0
5865,77544156,4588239,118939,2023-2024,147,,1000.0,,,,,,0.0
5866,77544273,4588239,118939,2023-2024,148,,500.0,,,,,,0.0
5867,77544387,4588239,118939,2023-2024,149,,200.0,,,,,,0.0
5868,77544575,4588239,118939,2023-2024,150,,,,,,,,0.0
5869,77544646,4588239,118939,2023-2024,151,,,,,,,,0.0
5870,77544731,4588239,118939,2023-2024,152,,,,,,,,0.0
5871,77544811,4588239,118939,2023-2024,153,,,,,,,,0.0
5872,77544885,4588239,118939,2023-2024,154,,,,,,,,0.0
5873,77544960,4588239,118939,2023-2024,155,,,,,,,,0.0
5874,77545053,4588239,118939,2023-2024,156,,,,,,,,0.0
5875,77545142,4588239,118939,2023-2024,157,,,,,,,,0.0
5876,77545222,4588239,118939,2023-2024,158,,,,,,,,0.0
5877,77545357,4588239,118939,2023-2024,159,,,,,,,,0.0
5878,77545438,4588239,118939,2023-2024,160,,,,,,,,0.0
5879,77545506,4588239,118939,2023-2024,161,,,,,,,,0.0
5880,77545641,4588239,118939,2023-2024,162,,,,,,,,0.0
5881,77545703,4588239,118939,2023-2024,163,,,,,,,,0.0
5882,77545773,4588239,118939,2023-2024,164,,,,,,,,0.0
5883,77545836,4588239,118939,2023-2024,165,,,,,,,,0.0
5884,77545896,4588239,118939,2023-2024,166,,,,,,,,0.0
5885,77545954,4588239,118939,2023-2024,167,,,,,,,,0.0
5886,77546011,4588239,118939,2023-2024,168,,,,,,,,0.0
5887,77546071,4588239,118939,2023-2024,169,,,,,,,,0.0
5888,77546138,4588239,118939,2023-2024,170,,,,,,,,0.0
5889,77546191,4588239,118939,2023-2024,171,,,,,,,,0.0
5890,77546245,4588239,118939,2023-2024,172,,,,,,,,0.0
5891,77546296,4588239,118939,2023-2024,173,,,,,,,,0.0
5892,77546402,4588239,118939,2023-2024,174,,,,,,,,0.0
5893,77546502,4588239,118939,2023-2024,175,,650000.0,,,,,,0.0
5894,77546580,4588239,118939,2023-2024,176,,750000.0,,,,,,0.0
5895,77546694,4588239,118939,2023-2024,177,,650000.0,,,,,,0.0
5896,77546802,4588239,118939,2023-2024,178,,,,,,,,0.0
5897,77546884,4588239,118939,2023-2024,179,,,,,,,,0.0
5898,77546945,4588239,118939,2023-2024,180,,950000.0,,,,,,0.0
5899,77547014,4588239,118939,2023-2024,181,,100000.0,,,,,,0.0
5900,77547119,4588239,118939,2023-2024,182,,100000.0,,,,,,0.0
5901,77547170,4588239,118939,2023-2024,183,,100000.0,,,,,,0.0
5902,77547267,4588239,118939,2023-2024,184,,,,,,,,0.0
5903,77547313,4588239,118939,2023-2024,185,,,,,,,,0.0
5904,82591106,4588239,118939,2023-2024,186,,,,,,,,0.0
5905,82591414,4588239,118939,2023-2024,187,,,,,,,,0.0
5906,82622627,4588239,118939,2023-2024,188,,,,,,,,0.0
5907,82623277,4588239,118939,2023-2024,189,,,,,,,,0.0
5908,82623404,4588239,118939,2023-2024,190,,,,,,,,0.0
5909,82623684,4588239,118939,2023-2024,191,,,,,,,,0.0
5910,82623919,4588239,118939,2023-2024,192,,100000.0,,,,,,0.0
5911,82624065,4588239,118939,2023-2024,193,,100000.0,,,,,,0.0
5912,82624175,4588239,118939,2023-2024,194,,100000.0,,,,,,0.0
5913,82624285,4588239,118939,2023-2024,195,,100000.0,,,,,,0.0
5914,82624374,4588239,118939,2023-2024,196,,100000.0,,,,,,0.0
5915,82624452,4588239,118939,2023-2024,197,,100000.0,,,,,,0.0
5916,82625002,4588239,118939,2023-2024,198,,100000.0,,,,,,0.0
5917,82625074,4588239,118939,2023-2024,199,,100000.0,,,,,,0.0
5918,82625178,4588239,118939,2023-2024,200,,100000.0,,,,,,0.0
5919,82625237,4588239,118939,2023-2024,201,,100000.0,,,,,,0.0
5920,82625333,4588239,118939,2023-2024,202,,100000.0,,,,,,0.0
5921,82625393,4588239,118939,2023-2024,203,,100000.0,,,,,,0.0
5922,82625597,4588239,118939,2023-2024,204,,100000.0,,,,,,0.0
5923,82626134,4588239,118939,2023-2024,205,,100000.0,,,,,,0.0
5924,71782879,4588239,118939,2023-2024,206,,5150.0,,,,,,0.0
5925,76675353,4588239,118939,2023-2024,207,,,,,,,,0.0
5926,77236138,4588239,118939,2023-2024,208,,,,,,,,0.0
5927,77236453,4588239,118939,2023-2024,209,,,,,,,,0.0
5928,77236707,4588239,118939,2023-2024,210,,,,,,,,0.0
5929,77542162,4588239,118939,2023-2024,211,,,,,,,,0.0
5930,77542330,4588239,118939,2023-2024,212,,,,,,,,0.0
5931,77542530,4588239,118939,2023-2024,213,,,,,,,,0.0
5932,77542742,4588239,118939,2023-2024,214,,,,,,,,0.0
5933,77542977,4588239,118939,2023-2024,215,,,,,,,,0.0
5934,77543116,4588239,118939,2023-2024,216,,,,,,,,0.0
5935,82591764,4588239,118939,2023-2024,217,,,,,,,,0.0
5936,82592378,4588239,118939,2023-2024,218,,,,,,,,0.0
5937,82593391,4588239,118939,2023-2024,219,,,,,,,,0.0
5938,82593849,4588239,118939,2023-2024,220,,,,,,,,0.0
5939,82594828,4588239,118939,2023-2024,221,XV Finance Commission,182060.0,182060.0,182060.0,182060.0,,,182060.0
5940,76675932,4588239,118939,2023-2024,222,,,,,,,,0.0
5941,77236251,4588239,118939,2023-2024,223,,,,,,,,0.0
5942,77464510,4588239,118939,2023-2024,224,,550000.0,,,,,,0.0
5943,77465569,4588239,118939,2023-2024,225,,,,,,,,0.0
5944,82599849,4588239,118939,2023-2024,226,,150000.0,,,,,,0.0
5945,71787852,4588239,118939,2023-2024,227,,50000.0,,,,,,0.0
5946,72016186,4588239,118939,2023-2024,228,,,,,,,,0.0
5947,71788368,4588239,118939,2023-2024,229,XV Finance Commission,160000.0,160000.0,160000.0,160000.0,,,79840.0
5948,82620771,4588239,118939,2023-2024,230,5TH STATE FINANCE COMMISSION,50000.0,50000.0,50000.0,50000.0,,,39928.0
5949,82620528,4588239,118939,2023-2024,231,5TH STATE FINANCE COMMISSION,50000.0,50000.0,50000.0,50000.0,,,32378.0
5950,82619710,4588239,118939,2023-2024,232,5TH STATE FINANCE COMMISSION,104000.0,104000.0,104000.0,104000.0,,,102584.0
5951,77189960,4588239,118939,2023-2024,233,XV Finance Commission,15000.0,15000.0,15000.0,15000.0,,,12600.0
5952,71783933,4588239,118939,2023-2024,234,XV Finance Commission,52410.0,52410.0,52410.0,52410.0,,,9500.0
5953,82596655,4588239,118939,2023-2024,235,XV Finance Commission,10000.0,10000.0,10000.0,10000.0,,,9000.0
5954,82619899,4588239,118939,2023-2024,236,5TH STATE FINANCE COMMISSION,50000.0,50000.0,50000.0,50000.0,,,48859.0
5955,77179588,4588239,118939,2023-2024,237,XV Finance Commission,29100.0,29100.0,29100.0,29100.0,,,29100.0
5956,82597812,4588239,118939,2023-2024,238,XV Finance Commission,50000.0,50000.0,50000.0,50000.0,,,49940.0
5957,82620157,4588239,118939,2023-2024,239,5TH STATE FINANCE COMMISSION,50000.0,50000.0,50000.0,50000.0,,,49912.0
5958,82620683,4588239,118939,2023-2024,240,5TH STATE FINANCE COMMISSION,50000.0,50000.0,50000.0,50000.0,,,49912.0
5959,82620425,4588239,118939,2023-2024,241,5TH STATE FINANCE COMMISSION,50000.0,50000.0,50000.0,50000.0,,,49912.0
5960,99712487,5130924,118939,2024-2025,1,5TH STATE FINANCE COMMISSION,70000.0,70000.0,70000.0,70000.0,,,0.0
5961,99711777,5130924,118939,2024-2025,2,5TH STATE FINANCE COMMISSION,70000.0,70000.0,70000.0,70000.0,,,0.0
5962,99710276,5130924,118939,2024-2025,3,XV Finance Commission,100000.0,100000.0,100000.0,100000.0,,,0.0
5963,99709354,5130924,118939,2024-2025,4,XV Finance Commission,50000.0,50000.0,50000.0,50000.0,,,0.0
5964,99708144,5130924,118939,2024-2025,5,XV Finance Commission,50000.0,50000.0,50000.0,50000.0,,,0.0
5965,99556218,5130924,118939,2024-2025,6,XV Finance Commission,42567.0,42567.0,42567.0,42567.0,,,0.0
5966,99555327,5130924,118939,2024-2025,7,XV Finance Commission,30000.0,300000.0,30000.0,30000.0,,,0.0
5967,107163810,5130924,118939,2024-2025,8,XV Finance Commission,29100.0,29100.0,29100.0,29100.0,,,0.0
5968,107163799,5130924,118939,2024-2025,9,XV Finance Commission,29100.0,29100.0,29100.0,29100.0,,,0.0
5969,107163708,5130924,118939,2024-2025,10,XV Finance Commission,29100.0,29100.0,29100.0,29100.0,,,0.0
5970,107270771,5130924,118939,2024-2025,11,5TH STATE FINANCE COMMISSION,70000.0,70000.0,70000.0,70000.0,,,45682.0
5971,99554880,5130924,118939,2024-2025,12,XV Finance Commission,300000.0,300000.0,300000.0,300000.0,,,299212.0
5972,99713042,5130924,118939,2024-2025,13,5TH STATE FINANCE COMMISSION,124044.0,124044.0,124044.0,124044.0,,,109938.0
5973,99714522,5130924,118939,2024-2025,14,,,,,,,,0.0
5974,99719378,5130924,118939,2024-2025,15,,,,,,,,0.0
5975,99718480,5130924,118939,2024-2025,16,,,,,,,,0.0
5976,99723580,5130924,118939,2024-2025,17,,,,,,,,0.0
5977,107518618,5130924,118939,2024-2025,18,,61897.0,,,,,,0.0
5978,99712665,5130924,118939,2024-2025,19,5TH STATE FINANCE COMMISSION,70000.0,70000.0,70000.0,70000.0,,,0.0
5979,99712850,5130924,118939,2024-2025,20,5TH STATE FINANCE COMMISSION,200000.0,200000.0,200000.0,200000.0,,,199728.0
5980,99707524,5130924,118939,2024-2025,21,XV Finance Commission,102756.0,102756.0,102756.0,102756.0,,,0.0
5981,99713914,5130924,118939,2024-2025,22,,,,,,,,0.0
5982,99714482,5130924,118939,2024-2025,23,,,,,,,,0.0
5983,99714807,5130924,118939,2024-2025,24,,,,,,,,0.0
5984,99715074,5130924,118939,2024-2025,25,,,,,,,,0.0
5985,99715344,5130924,118939,2024-2025,26,,,,,,,,0.0
5986,99715636,5130924,118939,2024-2025,27,,,,,,,,0.0
5987,99715865,5130924,118939,2024-2025,28,,,,,,,,0.0
5988,99716201,5130924,118939,2024-2025,29,,,,,,,,0.0
5989,99716528,5130924,118939,2024-2025,30,,,,,,,,0.0
5990,99716763,5130924,118939,2024-2025,31,,,,,,,,0.0
5991,99717169,5130924,118939,2024-2025,32,,,,,,,,0.0
5992,99717523,5130924,118939,2024-2025,33,,,,,,,,0.0
5993,99717757,5130924,118939,2024-2025,34,,,,,,,,0.0
5994,99718017,5130924,118939,2024-2025,35,,,,,,,,0.0
5995,99718640,5130924,118939,2024-2025,36,,,,,,,,0.0
5996,99718955,5130924,118939,2024-2025,37,,,,,,,,0.0
5997,99719123,5130924,118939,2024-2025,38,,,,,,,,0.0
5998,99719249,5130924,118939,2024-2025,39,,,,,,,,0.0
5999,99719377,5130924,118939,2024-2025,40,,,,,,,,0.0
6000,99719690,5130924,118939,2024-2025,41,,,,,,,,0.0
6001,99719833,5130924,118939,2024-2025,42,,,,,,,,0.0
6002,99721079,5130924,118939,2024-2025,43,,10000.0,,,,,,0.0
6003,99722774,5130924,118939,2024-2025,44,,,,,,,,0.0
6004,99722881,5130924,118939,2024-2025,45,,,,,,,,0.0
6005,99722974,5130924,118939,2024-2025,46,,,,,,,,0.0
6006,99723242,5130924,118939,2024-2025,47,,,,,,,,0.0
6007,99723361,5130924,118939,2024-2025,48,,,,,,,,0.0
6008,99723449,5130924,118939,2024-2025,49,,,,,,,,0.0
6009,99723514,5130924,118939,2024-2025,50,,,,,,,,0.0
6010,99781719,5130924,118939,2024-2025,51,,1000000.0,,,,,,0.0
6011,99782219,5130924,118939,2024-2025,52,,500000.0,,,,,,0.0
6012,99782870,5130924,118939,2024-2025,53,,200000.0,,,,,,0.0
6013,99783628,5130924,118939,2024-2025,54,,100000.0,,,,,,0.0
6014,99784325,5130924,118939,2024-2025,55,,300000.0,,,,,,0.0
6015,99787133,5130924,118939,2024-2025,56,,100000.0,,,,,,0.0
6016,99787879,5130924,118939,2024-2025,57,,100000.0,,,,,,0.0
6017,107151284,5130924,118939,2024-2025,58,XV Finance Commission,60420.0,60420.0,60420.0,60420.0,,,0.0
6018,107151358,5130924,118939,2024-2025,59,,8000.0,,,,,,0.0
6019,107151554,5130924,118939,2024-2025,60,,20000.0,,,,,,0.0
6020,107151581,5130924,118939,2024-2025,61,,5150.0,,,,,,0.0
6021,107151635,5130924,118939,2024-2025,62,,5000.0,,,,,,0.0
6022,107156144,5130924,118939,2024-2025,63,,5000.0,,,,,,0.0
6023,107156174,5130924,118939,2024-2025,64,,5000.0,,,,,,0.0
6024,107156232,5130924,118939,2024-2025,65,,5000.0,,,,,,0.0
6025,107156268,5130924,118939,2024-2025,66,,5000.0,,,,,,0.0
6026,107156312,5130924,118939,2024-2025,67,,5000.0,,,,,,0.0
6027,107156342,5130924,118939,2024-2025,68,,5000.0,,,,,,0.0
6028,107156390,5130924,118939,2024-2025,69,,4000.0,,,,,,0.0
6029,107151191,5130924,118939,2024-2025,70,XV Finance Commission,4860.0,4860.0,4860.0,4860.0,,,4560.0
6030,107156439,5130924,118939,2024-2025,71,,4000.0,,,,,,0.0
6031,107156477,5130924,118939,2024-2025,72,,4000.0,,,,,,0.0
6032,107156513,5130924,118939,2024-2025,73,,4000.0,,,,,,0.0
6033,107157468,5130924,118939,2024-2025,74,,4000.0,,,,,,0.0
6034,107163611,5130924,118939,2024-2025,75,,4000.0,,,,,,0.0
6035,107163629,5130924,118939,2024-2025,76,,4000.0,,,,,,0.0
6036,107163648,5130924,118939,2024-2025,77,,10000.0,,,,,,0.0
6037,107163684,5130924,118939,2024-2025,78,,5000.0,,,,,,0.0
6038,107163840,5130924,118939,2024-2025,79,,3000.0,,,,,,0.0
6039,107163875,5130924,118939,2024-2025,80,,3500.0,,,,,,0.0
6040,107163891,5130924,118939,2024-2025,81,,3500.0,,,,,,0.0
6041,107163904,5130924,118939,2024-2025,82,,3500.0,,,,,,0.0
6042,107165112,5130924,118939,2024-2025,83,,3500.0,,,,,,0.0
6043,107165119,5130924,118939,2024-2025,84,,3500.0,,,,,,0.0
6044,107165124,5130924,118939,2024-2025,85,,6000.0,,,,,,0.0
6045,107165132,5130924,118939,2024-2025,86,,3000.0,,,,,,0.0
6046,107165136,5130924,118939,2024-2025,87,,3000.0,,,,,,0.0
6047,107165145,5130924,118939,2024-2025,88,,3000.0,,,,,,0.0
6048,107165160,5130924,118939,2024-2025,89,,3000.0,,,,,,0.0
6049,107165171,5130924,118939,2024-2025,90,,3000.0,,,,,,0.0
6050,107165185,5130924,118939,2024-2025,91,,3000.0,,,,,,0.0
6051,107165195,5130924,118939,2024-2025,92,,3000.0,,,,,,0.0
6052,107165204,5130924,118939,2024-2025,93,,3000.0,,,,,,0.0
6053,107165212,5130924,118939,2024-2025,94,,3000.0,,,,,,0.0
6054,107165298,5130924,118939,2024-2025,95,,3000.0,,,,,,0.0
6055,107165318,5130924,118939,2024-2025,96,,3000.0,,,,,,0.0
6056,107165324,5130924,118939,2024-2025,97,,3000.0,,,,,,0.0
6057,107165572,5130924,118939,2024-2025,98,,6000.0,,,,,,0.0
6058,107165583,5130924,118939,2024-2025,99,,3000.0,,,,,,0.0
6059,107165597,5130924,118939,2024-2025,100,,3000.0,,,,,,0.0
6060,107165610,5130924,118939,2024-2025,101,,6000.0,,,,,,0.0
6061,107165622,5130924,118939,2024-2025,102,,6000.0,,,,,,0.0
6062,107165636,5130924,118939,2024-2025,103,,6000.0,,,,,,0.0
6063,107165648,5130924,118939,2024-2025,104,,3000.0,,,,,,0.0
6064,107165654,5130924,118939,2024-2025,105,,3000.0,,,,,,0.0
6065,107165668,5130924,118939,2024-2025,106,,3000.0,,,,,,0.0
6066,107165680,5130924,118939,2024-2025,107,,3000.0,,,,,,0.0
6067,107165689,5130924,118939,2024-2025,108,,3000.0,,,,,,0.0
6068,99554571,5130924,118939,2024-2025,109,XV Finance Commission,117000.0,117000.0,117000.0,117000.0,,,59094.0
6069,107151122,5130924,118939,2024-2025,110,XV Finance Commission,4860.0,4860.0,4860.0,4860.0,,,4860.0
6070,107151089,5130924,118939,2024-2025,111,XV Finance Commission,4860.0,4860.0,4860.0,4860.0,,,4860.0
6071,107151144,5130924,118939,2024-2025,112,XV Finance Commission,4860.0,4860.0,4860.0,4860.0,,,4860.0
6072,107151164,5130924,118939,2024-2025,113,XV Finance Commission,4860.0,4860.0,4860.0,4860.0,,,4860.0
6073,107151441,5130924,118939,2024-2025,114,XV Finance Commission,15000.0,15000.0,15000.0,15000.0,,,15000.0
6074,107151394,5130924,118939,2024-2025,115,XV Finance Commission,22000.0,22000.0,22000.0,22000.0,,,9930.0
6075,99710086,5130924,118939,2024-2025,116,XV Finance Commission,50000.0,50000.0,50000.0,50000.0,,,49912.0
6076,99709913,5130924,118939,2024-2025,117,XV Finance Commission,50000.0,50000.0,50000.0,50000.0,,,49912.0
6077,99709542,5130924,118939,2024-2025,118,XV Finance Commission,50000.0,50000.0,50000.0,50000.0,,,49912.0
6078,99709180,5130924,118939,2024-2025,119,XV Finance Commission,50000.0,50000.0,50000.0,50000.0,,,49912.0
6079,99709700,5130924,118939,2024-2025,120,XV Finance Commission,50000.0,50000.0,50000.0,50000.0,,,0.0
6080,99708661,5130924,118939,2024-2025,121,XV Finance Commission,50000.0,50000.0,50000.0,50000.0,,,0.0
6081,99708342,5130924,118939,2024-2025,122,XV Finance Commission,50000.0,50000.0,50000.0,50000.0,,,46571.0
6082,99710543,5130924,118939,2024-2025,123,5TH STATE FINANCE COMMISSION,200000.0,200000.0,200000.0,200000.0,,,0.0
6083,117130546,5541640,118939,2025-2026,1,5TH STATE FINANCE COMMISSION,100000.0,100000.0,100000.0,100000.0,,,98599.0
6084,117134081,5541640,118939,2025-2026,2,5TH STATE FINANCE COMMISSION,50000.0,50000.0,50000.0,50000.0,,,0.0
6085,114484467,5541640,118939,2025-2026,3,XV Finance Commission,30567.0,30567.0,30567.0,30567.0,,,0.0
6086,114489608,5541640,118939,2025-2026,4,5TH STATE FINANCE COMMISSION,100000.0,100000.0,100000.0,100000.0,,,0.0
6087,117130103,5541640,118939,2025-2026,5,5TH STATE FINANCE COMMISSION,100000.0,100000.0,100000.0,100000.0,,,0.0
6088,117126175,5541640,118939,2025-2026,6,XV Finance Commission,300000.0,300000.0,300000.0,300000.0,,,0.0
6089,117133377,5541640,118939,2025-2026,7,5TH STATE FINANCE COMMISSION,50000.0,50000.0,50000.0,50000.0,,,0.0
6090,117131013,5541640,118939,2025-2026,8,5TH STATE FINANCE COMMISSION,50000.0,50000.0,50000.0,50000.0,,,0.0
6091,117133108,5541640,118939,2025-2026,9,5TH STATE FINANCE COMMISSION,50000.0,50000.0,50000.0,50000.0,,,0.0
6092,117133847,5541640,118939,2025-2026,10,5TH STATE FINANCE COMMISSION,50000.0,50000.0,50000.0,50000.0,,,0.0
6093,117133605,5541640,118939,2025-2026,11,5TH STATE FINANCE COMMISSION,50000.0,50000.0,50000.0,50000.0,,,0.0
6094,120767246,5541640,118939,2025-2026,12,,50000.0,50000.0,,,,,0.0
6095,117132339,5541640,118939,2025-2026,13,5TH STATE FINANCE COMMISSION,50000.0,50000.0,50000.0,50000.0,,,0.0
6096,120768069,5541640,118939,2025-2026,14,XV Finance Commission,29100.0,29100.0,29100.0,29100.0,,,0.0
6097,120768562,5541640,118939,2025-2026,15,XV Finance Commission,56000.0,56000.0,56000.0,56000.0,,,0.0
6098,120794631,5541640,118939,2025-2026,16,5TH STATE FINANCE COMMISSION,150000.0,150000.0,150000.0,150000.0,,,45649.0
6099,120794463,5541640,118939,2025-2026,17,5TH STATE FINANCE COMMISSION,150000.0,150000.0,150000.0,150000.0,,,0.0
6100,120777828,5541640,118939,2025-2026,18,,3000.0,,,,,,0.0
6101,120778078,5541640,118939,2025-2026,19,,5000.0,,,,,,0.0
6102,120782403,5541640,118939,2025-2026,20,,1000.0,,,,,,0.0
6103,120782625,5541640,118939,2025-2026,21,,1000.0,,,,,,0.0
6104,120782855,5541640,118939,2025-2026,22,,5000.0,,,,,,0.0
6105,114486227,5541640,118939,2025-2026,23,XV Finance Commission,42000.0,42000.0,42000.0,42000.0,,,42000.0
6106,114482331,5541640,118939,2025-2026,24,XV Finance Commission,117000.0,117000.0,117000.0,117000.0,,,39000.0
6107,117306011,5541640,118939,2025-2026,25,,,,,,,,0.0
6108,117307709,5541640,118939,2025-2026,26,,,,,,,,0.0
6109,117309165,5541640,118939,2025-2026,27,,,,,,,,0.0
6110,119092175,5541640,118939,2025-2026,28,,500000.0,,,,,,0.0
6111,119093392,5541640,118939,2025-2026,29,,180000.0,,,,,,0.0
6112,119093519,5541640,118939,2025-2026,30,,800000.0,,,,,,0.0
6113,119093737,5541640,118939,2025-2026,31,,800000.0,,,,,,0.0
6114,119095756,5541640,118939,2025-2026,32,,,,,,,,0.0
6115,119095932,5541640,118939,2025-2026,33,,,,,,,,0.0
6116,119167984,5541640,118939,2025-2026,34,,,,,,,,0.0
6117,119168254,5541640,118939,2025-2026,35,,,,,,,,0.0
6118,119168771,5541640,118939,2025-2026,36,,,,,,,,0.0
6119,119168946,5541640,118939,2025-2026,37,,,,,,,,0.0
6120,119169968,5541640,118939,2025-2026,38,,,,,,,,0.0
6121,119170432,5541640,118939,2025-2026,39,,,,,,,,0.0
6122,119170729,5541640,118939,2025-2026,40,,,,,,,,0.0
6123,119170900,5541640,118939,2025-2026,41,,,,,,,,0.0
6124,120769652,5541640,118939,2025-2026,42,,,,,,,,0.0
6125,120769931,5541640,118939,2025-2026,43,,,,,,,,0.0
6126,120775845,5541640,118939,2025-2026,44,,3000.0,,,,,,0.0
6127,120776116,5541640,118939,2025-2026,45,,3000.0,,,,,,0.0
6128,120776390,5541640,118939,2025-2026,46,,5000.0,,,,,,0.0
6129,120776557,5541640,118939,2025-2026,47,,5000.0,,,,,,0.0
6130,120776734,5541640,118939,2025-2026,48,,5000.0,,,,,,0.0
6131,120777072,5541640,118939,2025-2026,49,,5000.0,,,,,,0.0
6132,120777320,5541640,118939,2025-2026,50,,3000.0,,,,,,0.0
6133,120777583,5541640,118939,2025-2026,51,,4000.0,,,,,,0.0
6134,120780042,5541640,118939,2025-2026,52,,20000.0,,,,,,0.0
6135,120780279,5541640,118939,2025-2026,53,,20000.0,,,,,,0.0
6136,120780469,5541640,118939,2025-2026,54,,5000.0,,,,,,0.0
6137,120780875,5541640,118939,2025-2026,55,,25000.0,,,,,,0.0
6138,120781082,5541640,118939,2025-2026,56,,5000.0,,,,,,0.0
6139,120791766,5541640,118939,2025-2026,57,,800000.0,,,,,,0.0
6140,119073662,5541640,118939,2025-2026,58,,,,,,,,0.0
6141,119073438,5541640,118939,2025-2026,59,,,,,,,,0.0
6142,119074560,5541640,118939,2025-2026,60,,,,,,,,0.0
6143,119073855,5541640,118939,2025-2026,61,,,,,,,,0.0
6144,119074149,5541640,118939,2025-2026,62,,,,,,,,0.0
6145,119074359,5541640,118939,2025-2026,63,,,,,,,,0.0
6146,119089550,5541640,118939,2025-2026,64,,950000.0,,,,,,0.0
6147,119093625,5541640,118939,2025-2026,65,,750000.0,,,,,,0.0
6148,119092964,5541640,118939,2025-2026,66,,500000.0,,,,,,0.0
6149,119093152,5541640,118939,2025-2026,67,,650000.0,,,,,,0.0
6150,119095097,5541640,118939,2025-2026,68,,500000.0,,,,,,0.0
6151,119095331,5541640,118939,2025-2026,69,,,,,,,,0.0
6152,119095240,5541640,118939,2025-2026,70,,,,,,,,0.0
6153,119095427,5541640,118939,2025-2026,71,,,,,,,,0.0
6154,119095854,5541640,118939,2025-2026,72,,,,,,,,0.0
6155,119095990,5541640,118939,2025-2026,73,,,,,,,,0.0
6156,119096200,5541640,118939,2025-2026,74,,,,,,,,0.0
6157,119096060,5541640,118939,2025-2026,75,,,,,,,,0.0
6158,119096137,5541640,118939,2025-2026,76,,,,,,,,0.0
6159,119167824,5541640,118939,2025-2026,77,,,,,,,,0.0
6160,119169806,5541640,118939,2025-2026,78,,,,,,,,0.0
6161,116939070,5541640,118939,2025-2026,79,,263040.0,,,,,,0.0
6162,116939380,5541640,118939,2025-2026,80,XV Finance Commission,300000.0,300000.0,300000.0,300000.0,,,0.0
6163,116939944,5541640,118939,2025-2026,81,,5150.0,,,,,,0.0
6164,116942340,5541640,118939,2025-2026,82,,29100.0,,,,,,0.0
6165,116942659,5541640,118939,2025-2026,83,,10000.0,,,,,,0.0
6166,116942828,5541640,118939,2025-2026,84,,10000.0,,,,,,0.0
6167,116942999,5541640,118939,2025-2026,85,,5000.0,,,,,,0.0
6168,116943258,5541640,118939,2025-2026,86,,5000.0,,,,,,0.0
6169,116943130,5541640,118939,2025-2026,87,,5000.0,,,,,,0.0
6170,116943498,5541640,118939,2025-2026,88,,5000.0,,,,,,0.0
6171,116944306,5541640,118939,2025-2026,89,XV Finance Commission,30217.0,30217.0,30217.0,30217.0,,,0.0
6172,117125903,5541640,118939,2025-2026,90,XV Finance Commission,300000.0,300000.0,300000.0,300000.0,,,0.0
6173,117126878,5541640,118939,2025-2026,91,XV Finance Commission,52756.0,52750.0,52756.0,52756.0,,,0.0
6174,117129679,5541640,118939,2025-2026,92,5TH STATE FINANCE COMMISSION,121044.0,121044.0,121044.0,121044.0,,,0.0
6175,117131915,5541640,118939,2025-2026,93,5TH STATE FINANCE COMMISSION,50000.0,50000.0,50000.0,50000.0,,,0.0
6176,117198635,5541640,118939,2025-2026,94,,,,,,,,0.0
6177,117199266,5541640,118939,2025-2026,95,,,,,,,,0.0
6178,117206161,5541640,118939,2025-2026,96,,,,,,,,0.0
6179,117206654,5541640,118939,2025-2026,97,,,,,,,,0.0
6180,117207836,5541640,118939,2025-2026,98,,,,,,,,0.0
6181,117305604,5541640,118939,2025-2026,99,,,,,,,,0.0
6182,117306991,5541640,118939,2025-2026,100,,,,,,,,0.0
6183,117307346,5541640,118939,2025-2026,101,,,,,,,,0.0
6184,117308279,5541640,118939,2025-2026,102,,,,,,,,0.0
6185,117308597,5541640,118939,2025-2026,103,,,,,,,,0.0
6186,117308863,5541640,118939,2025-2026,104,,,,,,,,0.0
6187,114480358,5541640,118939,2025-2026,105,XV Finance Commission,300000.0,300000.0,300000.0,300000.0,,,284385.0
6188,120791564,5541640,118939,2025-2026,106,,1000000.0,,,,,,0.0
6189,44211830,2787462,117153,2020-2021,1,XV Finance Commission,83772.0,83772.0,83772.0,83772.0,,,83772.0
6190,44210496,2787462,117153,2020-2021,2,,34772.0,,,,,,0.0
6191,44210531,2787462,117153,2020-2021,3,,6000.0,,,,,,0.0
6192,44211285,2787462,117153,2020-2021,4,XV Finance Commission,100000.0,100000.0,100000.0,100000.0,,,100000.0
6193,44211164,2787462,117153,2020-2021,5,,100000.0,,,,,,0.0
6194,44211639,2787462,117153,2020-2021,6,XV Finance Commission,60000.0,60000.0,60000.0,60000.0,,,59800.0
6195,44210729,2787462,117153,2020-2021,7,,240000.0,,,,,,0.0
6196,44210390,2787462,117153,2020-2021,8,XV Finance Commission,800000.0,800000.0,800000.0,800000.0,,,800000.0
6197,44210448,2787462,117153,2020-2021,9,XV Finance Commission,125000.0,125000.0,125000.0,125000.0,,,125000.0
6198,44211966,2787462,117153,2020-2021,10,5TH STATE FINANCE COMMISSION,643120.0,643120.0,643120.0,643120.0,,,619808.0
6199,44211224,2787462,117153,2020-2021,11,XV Finance Commission,100000.0,100000.0,100000.0,100000.0,,,100000.0
6200,44210886,2787462,117153,2020-2021,12,XV Finance Commission,60000.0,60000.0,60000.0,60000.0,,,60000.0
6201,44210694,2787462,117153,2020-2021,13,XV Finance Commission,72000.0,72000.0,72000.0,72000.0,,,72000.0
6202,44211099,2787462,117153,2020-2021,14,XV Finance Commission,50000.0,50000.0,50000.0,50000.0,,,28679.0
6203,44211917,2787462,117153,2020-2021,15,,100000.0,,,,,,0.0
6204,66190686,4378223,117153,2020-2021,1,,193152.0,,,,,,0.0
6205,66190693,4378223,117153,2020-2021,2,,193152.0,,,,,,0.0
6206,66190628,4378223,117153,2020-2021,3,,100000.0,,,,,,0.0
6207,66190656,4378223,117153,2020-2021,4,,5901160.0,,,,,,0.0
6208,66190746,4378223,117153,2020-2021,5,,1180228.0,,,,,,0.0
6209,66190704,4378223,117153,2020-2021,6,,128624.0,,,,,,0.0
6210,47858540,3337250,117153,2021-2022,1,,100000.0,,,,,,0.0
6211,47858686,3337250,117153,2021-2022,2,,100000.0,,,,,,0.0
6212,47858925,3337250,117153,2021-2022,3,,100000.0,,,,,,0.0
6213,47859035,3337250,117153,2021-2022,4,,100000.0,,,,,,0.0
6214,47859632,3337250,117153,2021-2022,5,XV Finance Commission,100000.0,100000.0,100000.0,100000.0,,,100000.0
6215,47860414,3337250,117153,2021-2022,6,,150000.0,,,,,,0.0
6216,47863278,3337250,117153,2021-2022,7,,337034.0,,,,,,0.0
6217,47866076,3337250,117153,2021-2022,8,,100000.0,,,,,,0.0
6218,47859948,3337250,117153,2021-2022,9,XV Finance Commission,100000.0,100000.0,100000.0,100000.0,,,100000.0
6219,47859744,3337250,117153,2021-2022,10,XV Finance Commission,90772.0,90772.0,90772.0,90772.0,,,90772.0
6220,47859434,3337250,117153,2021-2022,11,XV Finance Commission,150000.0,150000.0,150000.0,150000.0,,,150000.0
6221,47862073,3337250,117153,2021-2022,12,5TH STATE FINANCE COMMISSION,100000.0,100000.0,100000.0,100000.0,,,98591.0
6222,47862760,3337250,117153,2021-2022,13,5TH STATE FINANCE COMMISSION,50000.0,50000.0,50000.0,50000.0,,,49414.0
6223,47860799,3337250,117153,2021-2022,14,XV Finance Commission,25000.0,25000.0,25000.0,25000.0,,,12544.0
6224,47860947,3337250,117153,2021-2022,15,XV Finance Commission,25000.0,25000.0,25000.0,25000.0,,,12544.0
6225,47859204,3337250,117153,2021-2022,16,XV Finance Commission,25000.0,25000.0,25000.0,25000.0,,,23176.0
6226,47865042,3337250,117153,2021-2022,17,XV Finance Commission,482886.0,482886.0,482886.0,482886.0,,,459370.0
6227,47862920,3337250,117153,2021-2022,18,,43120.0,,,,,,0.0
6228,47862571,3337250,117153,2021-2022,19,,100000.0,,,,,,0.0
6229,47861789,3337250,117153,2021-2022,20,,100000.0,,,,,,0.0
6230,47861947,3337250,117153,2021-2022,21,,150000.0,,,,,,0.0
6231,47861543,3337250,117153,2021-2022,22,,82886.0,,,,,,0.0
6232,47860551,3337250,117153,2021-2022,23,,100000.0,,,,,,0.0
6233,47861159,3337250,117153,2021-2022,24,,50000.0,,,,,,0.0
6234,47862290,3337250,117153,2021-2022,25,5TH STATE FINANCE COMMISSION,100000.0,100000.0,100000.0,100000.0,,,98599.0
6235,47861376,3337250,117153,2021-2022,26,,50000.0,,,,,,0.0
6236,66190275,4378194,117153,2021-2022,1,5TH STATE FINANCE COMMISSION,393120.0,393120.0,393120.0,393120.0,,,380734.0
6237,66190291,4378194,117153,2021-2022,2,,1000.0,,,,,,0.0
6238,66196202,4378696,117153,2021-2022,1,XV Finance Commission,150000.0,150000.0,150000.0,150000.0,,,139690.0
6239,66196186,4378696,117153,2021-2022,2,XV Finance Commission,132886.0,132886.0,132886.0,132886.0,,,130682.0
6240,66196175,4378696,117153,2021-2022,3,,150000.0,,,,,,0.0
6241,64758791,4122119,117153,2022-2023,1,,48000.0,,,,,,0.0
6242,61962005,4122119,117153,2022-2023,2,XV Finance Commission,250000.0,250000.0,250000.0,250000.0,,,239492.0
6243,64758730,4122119,117153,2022-2023,3,,51240.0,,,,,,0.0
6244,64758819,4122119,117153,2022-2023,4,,5150.0,,,,,,0.0
6245,64759185,4122119,117153,2022-2023,5,,150000.0,,,,,,0.0
6246,64759206,4122119,117153,2022-2023,6,,114744.0,,,,,,0.0
6247,62021926,4122119,117153,2022-2023,7,,50000.0,,,,,,0.0
6248,62023815,4122119,117153,2022-2023,8,,50000.0,,,,,,0.0
6249,62161675,4122119,117153,2022-2023,9,,100000.0,,,,,,0.0
6250,64758392,4122119,117153,2022-2023,10,,40000.0,,,,,,0.0
6251,64758552,4122119,117153,2022-2023,11,,24000.0,,,,,,0.0
6252,64758931,4122119,117153,2022-2023,12,,129354.0,,,,,,0.0
6253,64759057,4122119,117153,2022-2023,13,,18000.0,,,,,,0.0
6254,64759083,4122119,117153,2022-2023,14,,72000.0,,,,,,0.0
6255,62161476,4122119,117153,2022-2023,15,XV Finance Commission,100000.0,100000.0,100000.0,100000.0,,,92714.0
6256,64758636,4122119,117153,2022-2023,16,XV Finance Commission,30000.0,1.0,30000.0,30000.0,,,30000.0
6257,64758356,4122119,117153,2022-2023,17,XV Finance Commission,51000.0,51000.0,51000.0,51000.0,,,51000.0
6258,64758673,4122119,117153,2022-2023,18,XV Finance Commission,60000.0,60000.0,60000.0,60000.0,,,60000.0
6259,61963778,4122119,117153,2022-2023,19,XV Finance Commission,88992.0,88992.0,88992.0,88992.0,,,85036.0
6260,61961788,4122119,117153,2022-2023,20,XV Finance Commission,20000.0,20000.0,20000.0,20000.0,,,13700.0
6261,64759140,4122119,117153,2022-2023,21,XV Finance Commission,120000.0,120000.0,120000.0,120000.0,,,96656.0
6262,61964138,4122119,117153,2022-2023,22,5TH STATE FINANCE COMMISSION,243074.0,243074.0,243074.0,243074.0,,,234943.0
6263,61964671,4122119,117153,2022-2023,23,5TH STATE FINANCE COMMISSION,400000.0,400000.0,400000.0,400000.0,,,384000.0
6264,82989521,4661414,117153,2023-2024,1,,,,,,,,0.0
6265,79825066,4661414,117153,2023-2024,2,,,,,,,,0.0
6266,78557655,4661414,117153,2023-2024,3,,,,,,,,0.0
6267,79825554,4661414,117153,2023-2024,4,,,,,,,,0.0
6268,79826063,4661414,117153,2023-2024,5,,,,,,,,0.0
6269,79826570,4661414,117153,2023-2024,6,,,,,,,,0.0
6270,79827060,4661414,117153,2023-2024,7,,,,,,,,0.0
6271,79827963,4661414,117153,2023-2024,8,,,,,,,,0.0
6272,79828496,4661414,117153,2023-2024,9,,,,,,,,0.0
6273,79829120,4661414,117153,2023-2024,10,,,,,,,,0.0
6274,78559777,4661414,117153,2023-2024,11,,,,,,,,0.0
6275,79817814,4661414,117153,2023-2024,12,,,,,,,,0.0
6276,79829817,4661414,117153,2023-2024,13,,,,,,,,0.0
6277,78561296,4661414,117153,2023-2024,14,,,,,,,,0.0
6278,79830399,4661414,117153,2023-2024,15,,,,,,,,0.0
6279,78562363,4661414,117153,2023-2024,16,,,,,,,,0.0
6280,78563280,4661414,117153,2023-2024,17,,,,,,,,0.0
6281,79831060,4661414,117153,2023-2024,18,,,,,,,,0.0
6282,78565509,4661414,117153,2023-2024,19,,,,,,,,0.0
6283,78567743,4661414,117153,2023-2024,20,,,,,,,,0.0
6284,79832370,4661414,117153,2023-2024,21,,,,,,,,0.0
6285,79818216,4661414,117153,2023-2024,22,,,,,,,,0.0
6286,78873094,4661414,117153,2023-2024,23,,,,,,,,0.0
6287,79819095,4661414,117153,2023-2024,24,,,,,,,,0.0
6288,79802769,4661414,117153,2023-2024,25,,,,,,,,0.0
6289,79803596,4661414,117153,2023-2024,26,,,,,,,,0.0
6290,79804316,4661414,117153,2023-2024,27,,,,,,,,0.0
6291,79805043,4661414,117153,2023-2024,28,,,,,,,,0.0
6292,79805600,4661414,117153,2023-2024,29,,,,,,,,0.0
6293,79806074,4661414,117153,2023-2024,30,,,,,,,,0.0
6294,75589882,4661414,117153,2023-2024,31,,140000.0,,,,,,0.0
6295,76025043,4661414,117153,2023-2024,32,,200000.0,,,,,,0.0
6296,76025799,4661414,117153,2023-2024,33,,200000.0,,,,,,0.0
6297,79806737,4661414,117153,2023-2024,34,,,,,,,,0.0
6298,79807154,4661414,117153,2023-2024,35,,,,,,,,0.0
6299,76026721,4661414,117153,2023-2024,36,,,,,,,,0.0
6300,76027224,4661414,117153,2023-2024,37,,,,,,,,0.0
6301,76027692,4661414,117153,2023-2024,38,,,,,,,,0.0
6302,76028229,4661414,117153,2023-2024,39,,,,,,,,0.0
6303,76028528,4661414,117153,2023-2024,40,,,,,,,,0.0
6304,76029117,4661414,117153,2023-2024,41,,,,,,,,0.0
6305,79807722,4661414,117153,2023-2024,42,,,,,,,,0.0
6306,76029476,4661414,117153,2023-2024,43,,,,,,,,0.0
6307,76029874,4661414,117153,2023-2024,44,,,,,,,,0.0
6308,79808215,4661414,117153,2023-2024,45,,,,,,,,0.0
6309,76202491,4661414,117153,2023-2024,46,,3500.0,,,,,,0.0
6310,76205766,4661414,117153,2023-2024,47,,3500.0,,,,,,0.0
6311,79808646,4661414,117153,2023-2024,48,,,,,,,,0.0
6312,76467408,4661414,117153,2023-2024,49,,3500.0,,,,,,0.0
6313,76468260,4661414,117153,2023-2024,50,,3500.0,,,,,,0.0
6314,76468739,4661414,117153,2023-2024,51,,3500.0,,,,,,0.0
6315,76473843,4661414,117153,2023-2024,52,,3500.0,,,,,,0.0
6316,79809028,4661414,117153,2023-2024,53,,,,,,,,0.0
6317,76475558,4661414,117153,2023-2024,54,,3500.0,,,,,,0.0
6318,76476050,4661414,117153,2023-2024,55,,3500.0,,,,,,0.0
6319,76476711,4661414,117153,2023-2024,56,,3500.0,,,,,,0.0
6320,76477611,4661414,117153,2023-2024,57,,3500.0,,,,,,0.0
6321,76478243,4661414,117153,2023-2024,58,,3500.0,,,,,,0.0
6322,76480560,4661414,117153,2023-2024,59,,3500.0,,,,,,0.0
6323,79809429,4661414,117153,2023-2024,60,,,,,,,,0.0
6324,76481175,4661414,117153,2023-2024,61,,3500.0,,,,,,0.0
6325,76482024,4661414,117153,2023-2024,62,,3500.0,,,,,,0.0
6326,76482730,4661414,117153,2023-2024,63,,3500.0,,,,,,0.0
6327,76489751,4661414,117153,2023-2024,64,,3500.0,,,,,,0.0
6328,76491047,4661414,117153,2023-2024,65,,3500.0,,,,,,0.0
6329,79809822,4661414,117153,2023-2024,66,,,,,,,,0.0
6330,76699476,4661414,117153,2023-2024,67,,3500.0,,,,,,0.0
6331,76701721,4661414,117153,2023-2024,68,,3500.0,,,,,,0.0
6332,76702038,4661414,117153,2023-2024,69,,3500.0,,,,,,0.0
6333,76702310,4661414,117153,2023-2024,70,,3500.0,,,,,,0.0
6334,76702597,4661414,117153,2023-2024,71,,3500.0,,,,,,0.0
6335,76703237,4661414,117153,2023-2024,72,,3500.0,,,,,,0.0
6336,76703650,4661414,117153,2023-2024,73,,3500.0,,,,,,0.0
6337,76703925,4661414,117153,2023-2024,74,,3500.0,,,,,,0.0
6338,76707322,4661414,117153,2023-2024,75,,3500.0,,,,,,0.0
6339,76711016,4661414,117153,2023-2024,76,,3500.0,,,,,,0.0
6340,76715947,4661414,117153,2023-2024,77,,3500.0,,,,,,0.0
6341,76716690,4661414,117153,2023-2024,78,,3500.0,,,,,,0.0
6342,79810215,4661414,117153,2023-2024,79,,,,,,,,0.0
6343,79810587,4661414,117153,2023-2024,80,,,,,,,,0.0
6344,76746520,4661414,117153,2023-2024,81,,3500.0,,,,,,0.0
6345,76747443,4661414,117153,2023-2024,82,,3500.0,,,,,,0.0
6346,76748317,4661414,117153,2023-2024,83,,3500.0,,,,,,0.0
6347,76749223,4661414,117153,2023-2024,84,,3500.0,,,,,,0.0
6348,79811598,4661414,117153,2023-2024,85,,,,,,,,0.0
6349,76753436,4661414,117153,2023-2024,86,,3500.0,,,,,,0.0
6350,76754372,4661414,117153,2023-2024,87,,3500.0,,,,,,0.0
6351,76750822,4661414,117153,2023-2024,88,,3500.0,,,,,,0.0
6352,76751657,4661414,117153,2023-2024,89,,3500.0,,,,,,0.0
6353,76752467,4661414,117153,2023-2024,90,,3500.0,,,,,,0.0
6354,79811961,4661414,117153,2023-2024,91,,,,,,,,0.0
6355,76759589,4661414,117153,2023-2024,92,,3500.0,,,,,,0.0
6356,76760892,4661414,117153,2023-2024,93,,3500.0,,,,,,0.0
6357,79812482,4661414,117153,2023-2024,94,,,,,,,,0.0
6358,79813189,4661414,117153,2023-2024,95,,300000.0,,,,,,0.0
6359,79813861,4661414,117153,2023-2024,96,,300000.0,,,,,,0.0
6360,79814679,4661414,117153,2023-2024,97,,500000.0,,,,,,0.0
6361,79816609,4661414,117153,2023-2024,98,,,,,,,,0.0
6362,79817215,4661414,117153,2023-2024,99,,,,,,,,0.0
6363,76761883,4661414,117153,2023-2024,100,,3500.0,,,,,,0.0
6364,76763013,4661414,117153,2023-2024,101,,3500.0,,,,,,0.0
6365,76763732,4661414,117153,2023-2024,102,,3500.0,,,,,,0.0
6366,79819427,4661414,117153,2023-2024,103,,,,,,,,0.0
6367,79823925,4661414,117153,2023-2024,104,,,,,,,,0.0
6368,76764494,4661414,117153,2023-2024,105,,3500.0,,,,,,0.0
6369,76765114,4661414,117153,2023-2024,106,,3500.0,,,,,,0.0
6370,79832967,4661414,117153,2023-2024,107,,,,,,,,0.0
6371,79833576,4661414,117153,2023-2024,108,,,,,,,,0.0
6372,79834201,4661414,117153,2023-2024,109,,,,,,,,0.0
6373,79834714,4661414,117153,2023-2024,110,,,,,,,,0.0
6374,79835408,4661414,117153,2023-2024,111,,,,,,,,0.0
6375,79836002,4661414,117153,2023-2024,112,,,,,,,,0.0
6376,79836516,4661414,117153,2023-2024,113,,,,,,,,0.0
6377,79837037,4661414,117153,2023-2024,114,,,,,,,,0.0
6378,79837530,4661414,117153,2023-2024,115,,,,,,,,0.0
6379,79838552,4661414,117153,2023-2024,116,,,,,,,,0.0
6380,79839887,4661414,117153,2023-2024,117,,,,,,,,0.0
6381,79840522,4661414,117153,2023-2024,118,,,,,,,,0.0
6382,79841122,4661414,117153,2023-2024,119,,,,,,,,0.0
6383,79841945,4661414,117153,2023-2024,120,,,,,,,,0.0
6384,79842465,4661414,117153,2023-2024,121,,,,,,,,0.0
6385,79842944,4661414,117153,2023-2024,122,,,,,,,,0.0
6386,80572981,4661414,117153,2023-2024,123,,14000.0,,,,,,0.0
6387,80573709,4661414,117153,2023-2024,124,,3500.0,,,,,,0.0
6388,80574276,4661414,117153,2023-2024,125,,3500.0,,,,,,0.0
6389,80574635,4661414,117153,2023-2024,126,,3500.0,,,,,,0.0
6390,80575177,4661414,117153,2023-2024,127,,3500.0,,,,,,0.0
6391,80575505,4661414,117153,2023-2024,128,,3500.0,,,,,,0.0
6392,80575847,4661414,117153,2023-2024,129,,3500.0,,,,,,0.0
6393,80576371,4661414,117153,2023-2024,130,,3500.0,,,,,,0.0
6394,80576787,4661414,117153,2023-2024,131,,3500.0,,,,,,0.0
6395,80577089,4661414,117153,2023-2024,132,,3500.0,,,,,,0.0
6396,80577395,4661414,117153,2023-2024,133,,3500.0,,,,,,0.0
6397,80577719,4661414,117153,2023-2024,134,,3500.0,,,,,,0.0
6398,80577978,4661414,117153,2023-2024,135,,3500.0,,,,,,0.0
6399,80578249,4661414,117153,2023-2024,136,,3500.0,,,,,,0.0
6400,80578526,4661414,117153,2023-2024,137,,3500.0,,,,,,0.0
6401,80581126,4661414,117153,2023-2024,138,,3500.0,,,,,,0.0
6402,80748480,4661414,117153,2023-2024,139,,12000.0,,,,,,0.0
6403,80749054,4661414,117153,2023-2024,140,,12000.0,,,,,,0.0
6404,82859336,4661414,117153,2023-2024,141,,100000.0,,,,,,0.0
6405,82859802,4661414,117153,2023-2024,142,,100000.0,,,,,,0.0
6406,82860171,4661414,117153,2023-2024,143,,100000.0,,,,,,0.0
6407,82860640,4661414,117153,2023-2024,144,,100000.0,,,,,,0.0
6408,82861942,4661414,117153,2023-2024,145,,100000.0,,,,,,0.0
6409,82863793,4661414,117153,2023-2024,146,,100000.0,,,,,,0.0
6410,82864270,4661414,117153,2023-2024,147,,100000.0,,,,,,0.0
6411,82868387,4661414,117153,2023-2024,148,,100000.0,,,,,,0.0
6412,82868703,4661414,117153,2023-2024,149,,100000.0,,,,,,0.0
6413,82869273,4661414,117153,2023-2024,150,,,,,,,,0.0
6414,82870795,4661414,117153,2023-2024,151,,,,,,,,0.0
6415,82871088,4661414,117153,2023-2024,152,,,,,,,,0.0
6416,82871846,4661414,117153,2023-2024,153,,,,,,,,0.0
6417,82872650,4661414,117153,2023-2024,154,,,,,,,,0.0
6418,82874736,4661414,117153,2023-2024,155,,,,,,,,0.0
6419,82877377,4661414,117153,2023-2024,156,,,,,,,,0.0
6420,82878026,4661414,117153,2023-2024,157,,,,,,,,0.0
6421,82933555,4661414,117153,2023-2024,158,,6500.0,,,,,,0.0
6422,82928400,4661414,117153,2023-2024,159,XV Finance Commission,12980.0,12980.0,12980.0,12980.0,,,11682.0
6423,82934525,4661414,117153,2023-2024,160,,42560.0,,,,,,0.0
6424,82942628,4661414,117153,2023-2024,161,,,,,,,,0.0
6425,82943031,4661414,117153,2023-2024,162,,,,,,,,0.0
6426,82943598,4661414,117153,2023-2024,163,,,,,,,,0.0
6427,82944155,4661414,117153,2023-2024,164,,,,,,,,0.0
6428,82945063,4661414,117153,2023-2024,165,,,,,,,,0.0
6429,82945970,4661414,117153,2023-2024,166,,,,,,,,0.0
6430,82946815,4661414,117153,2023-2024,167,,,,,,,,0.0
6431,82982893,4661414,117153,2023-2024,168,,,,,,,,0.0
6432,82983432,4661414,117153,2023-2024,169,,,,,,,,0.0
6433,82983733,4661414,117153,2023-2024,170,,,,,,,,0.0
6434,82984241,4661414,117153,2023-2024,171,,,,,,,,0.0
6435,82984672,4661414,117153,2023-2024,172,,,,,,,,0.0
6436,82985079,4661414,117153,2023-2024,173,,,,,,,,0.0
6437,82985316,4661414,117153,2023-2024,174,,,,,,,,0.0
6438,82985539,4661414,117153,2023-2024,175,,,,,,,,0.0
6439,82985722,4661414,117153,2023-2024,176,,,,,,,,0.0
6440,82986093,4661414,117153,2023-2024,177,,,,,,,,0.0
6441,82986382,4661414,117153,2023-2024,178,,,,,,,,0.0
6442,82986750,4661414,117153,2023-2024,179,,,,,,,,0.0
6443,82986939,4661414,117153,2023-2024,180,,,,,,,,0.0
6444,82987332,4661414,117153,2023-2024,181,,,,,,,,0.0
6445,82987675,4661414,117153,2023-2024,182,,,,,,,,0.0
6446,82987958,4661414,117153,2023-2024,183,,,,,,,,0.0
6447,82988419,4661414,117153,2023-2024,184,,,,,,,,0.0
6448,82988992,4661414,117153,2023-2024,185,,,,,,,,0.0
6449,82989290,4661414,117153,2023-2024,186,,,,,,,,0.0
6450,82989751,4661414,117153,2023-2024,187,,,,,,,,0.0
6451,82990009,4661414,117153,2023-2024,188,,,,,,,,0.0
6452,82990222,4661414,117153,2023-2024,189,,,,,,,,0.0
6453,82990481,4661414,117153,2023-2024,190,,,,,,,,0.0
6454,82990654,4661414,117153,2023-2024,191,,,,,,,,0.0
6455,82990852,4661414,117153,2023-2024,192,,,,,,,,0.0
6456,82991236,4661414,117153,2023-2024,193,,,,,,,,0.0
6457,82991513,4661414,117153,2023-2024,194,,,,,,,,0.0
6458,82991789,4661414,117153,2023-2024,195,,,,,,,,0.0
6459,82992060,4661414,117153,2023-2024,196,,,,,,,,0.0
6460,82992953,4661414,117153,2023-2024,197,,100000.0,,,,,,0.0
6461,82993239,4661414,117153,2023-2024,198,,100000.0,,,,,,0.0
6462,82993426,4661414,117153,2023-2024,199,,100000.0,,,,,,0.0
6463,82993614,4661414,117153,2023-2024,200,,100000.0,,,,,,0.0
6464,82993839,4661414,117153,2023-2024,201,,100000.0,,,,,,0.0
6465,82994077,4661414,117153,2023-2024,202,,100000.0,,,,,,0.0
6466,82994323,4661414,117153,2023-2024,203,,100000.0,,,,,,0.0
6467,82994539,4661414,117153,2023-2024,204,,100000.0,,,,,,0.0
6468,82994805,4661414,117153,2023-2024,205,,100000.0,,,,,,0.0
6469,82995059,4661414,117153,2023-2024,206,,100000.0,,,,,,0.0
6470,82995419,4661414,117153,2023-2024,207,,100000.0,,,,,,0.0
6471,82995784,4661414,117153,2023-2024,208,,,,,,,,0.0
6472,82996333,4661414,117153,2023-2024,209,,100000.0,,,,,,0.0
6473,80747681,4661414,117153,2023-2024,210,,12000.0,,,,,,0.0
6474,79818643,4661414,117153,2023-2024,211,,,,,,,,0.0
6475,79824531,4661414,117153,2023-2024,212,,,,,,,,0.0
6476,79815226,4661414,117153,2023-2024,213,,300000.0,,,,,,0.0
6477,79815943,4661414,117153,2023-2024,214,,,,,,,,0.0
6478,79811191,4661414,117153,2023-2024,215,,,,,,,,0.0
6479,79838088,4661414,117153,2023-2024,216,,,,,,,,0.0
6480,75591227,4661414,117153,2023-2024,217,,200000.0,,,,,,0.0
6481,79730151,4661414,117153,2023-2024,218,,500000.0,,,,,,0.0
6482,82861085,4661414,117153,2023-2024,219,,100000.0,,,,,,0.0
6483,82862661,4661414,117153,2023-2024,220,,100000.0,,,,,,0.0
6484,82863450,4661414,117153,2023-2024,221,,100000.0,,,,,,0.0
6485,82868707,4661414,117153,2023-2024,222,,100000.0,,,,,,0.0
6486,82870300,4661414,117153,2023-2024,223,,,,,,,,0.0
6487,82889664,4661414,117153,2023-2024,224,,,,,,,,0.0
6488,82901568,4661414,117153,2023-2024,225,,20300.0,,,,,,0.0
6489,82919590,4661414,117153,2023-2024,226,5TH STATE FINANCE COMMISSION,50000.0,50000.0,50000.0,50000.0,,,0.0
6490,82921150,4661414,117153,2023-2024,227,5TH STATE FINANCE COMMISSION,115000.0,115000.0,115000.0,115000.0,,,112219.0
6491,82925792,4661414,117153,2023-2024,228,5TH STATE FINANCE COMMISSION,25000.0,25000.0,25000.0,25000.0,,,22433.0
6492,82875375,4661414,117153,2023-2024,229,,,,,,,,0.0
6493,82880973,4661414,117153,2023-2024,230,,,,,,,,0.0
6494,82879194,4661414,117153,2023-2024,231,,,,,,,,0.0
6495,82887247,4661414,117153,2023-2024,232,,,,,,,,0.0
6496,82890529,4661414,117153,2023-2024,233,,,,,,,,0.0
6497,76710451,4661414,117153,2023-2024,234,,3500.0,,,,,,0.0
6498,76718878,4661414,117153,2023-2024,235,,3500.0,,,,,,0.0
6499,79843490,4661414,117153,2023-2024,236,,,,,,,,0.0
6500,79844128,4661414,117153,2023-2024,237,,,,,,,,0.0
6501,80570969,4661414,117153,2023-2024,238,,200000.0,,,,,,0.0
6502,80572458,4661414,117153,2023-2024,239,,14000.0,,,,,,0.0
6503,80572758,4661414,117153,2023-2024,240,,14000.0,,,,,,0.0
6504,79820071,4661414,117153,2023-2024,241,,,,,,,,0.0
6505,82951856,4661414,117153,2023-2024,242,XV Finance Commission,72000.0,72000.0,72000.0,72000.0,,,50000.0
6506,82948986,4661414,117153,2023-2024,243,XV Finance Commission,250060.0,250060.0,250060.0,250060.0,,,200920.0
6507,82903140,4661414,117153,2023-2024,244,XV Finance Commission,100000.0,100000.0,100000.0,100000.0,,,95000.0
6508,82925052,4661414,117153,2023-2024,245,5TH STATE FINANCE COMMISSION,203074.0,203074.0,203074.0,203074.0,,,196701.0
6509,82902320,4661414,117153,2023-2024,246,XV Finance Commission,177800.0,177800.0,177800.0,177800.0,,,176801.0
6510,82902692,4661414,117153,2023-2024,247,,200000.0,,,,,,0.0
6511,82905508,4661414,117153,2023-2024,248,,35000.0,,,,,,0.0
6512,76198842,4661414,117153,2023-2024,249,,3500.0,,,,,,0.0
6513,76469217,4661414,117153,2023-2024,250,,3500.0,,,,,,0.0
6514,76204680,4661414,117153,2023-2024,251,,3500.0,,,,,,0.0
6515,76469548,4661414,117153,2023-2024,252,,3500.0,,,,,,0.0
6516,76262532,4661414,117153,2023-2024,253,,3500.0,,,,,,0.0
6517,76263667,4661414,117153,2023-2024,254,,3500.0,,,,,,0.0
6518,76470002,4661414,117153,2023-2024,255,,3500.0,,,,,,0.0
6519,76462628,4661414,117153,2023-2024,256,,3500.0,,,,,,0.0
6520,76463683,4661414,117153,2023-2024,257,,3500.0,,,,,,0.0
6521,76463946,4661414,117153,2023-2024,258,,3500.0,,,,,,0.0
6522,76727599,4661414,117153,2023-2024,259,,3500.0,,,,,,0.0
6523,76701400,4661414,117153,2023-2024,260,,3500.0,,,,,,0.0
6524,76470578,4661414,117153,2023-2024,261,,3500.0,,,,,,0.0
6525,76471165,4661414,117153,2023-2024,262,,3500.0,,,,,,0.0
6526,76471650,4661414,117153,2023-2024,263,,3500.0,,,,,,0.0
6527,76732673,4661414,117153,2023-2024,264,,3500.0,,,,,,0.0
6528,76472140,4661414,117153,2023-2024,265,,3500.0,,,,,,0.0
6529,76699756,4661414,117153,2023-2024,266,,3500.0,,,,,,0.0
6530,76472580,4661414,117153,2023-2024,267,,3500.0,,,,,,0.0
6531,76707977,4661414,117153,2023-2024,268,,3500.0,,,,,,0.0
6532,76708493,4661414,117153,2023-2024,269,,3500.0,,,,,,0.0
6533,76708905,4661414,117153,2023-2024,270,,3500.0,,,,,,0.0
6534,76702939,4661414,117153,2023-2024,271,,3500.0,,,,,,0.0
6535,76474309,4661414,117153,2023-2024,272,,3500.0,,,,,,0.0
6536,76474861,4661414,117153,2023-2024,273,,3500.0,,,,,,0.0
6537,76714540,4661414,117153,2023-2024,274,,3500.0,,,,,,0.0
6538,76717549,4661414,117153,2023-2024,275,,3500.0,,,,,,0.0
6539,76729161,4661414,117153,2023-2024,276,,3500.0,,,,,,0.0
6540,76709832,4661414,117153,2023-2024,277,,3500.0,,,,,,0.0
6541,76488057,4661414,117153,2023-2024,278,,3500.0,,,,,,0.0
6542,76485887,4661414,117153,2023-2024,279,,3500.0,,,,,,0.0
6543,76493124,4661414,117153,2023-2024,280,,3500.0,,,,,,0.0
6544,76706958,4661414,117153,2023-2024,281,,3500.0,,,,,,0.0
6545,76718196,4661414,117153,2023-2024,282,,3500.0,,,,,,0.0
6546,76730094,4661414,117153,2023-2024,283,,3500.0,,,,,,0.0
6547,76699145,4661414,117153,2023-2024,284,,3500.0,,,,,,0.0
6548,76726704,4661414,117153,2023-2024,285,,3500.0,,,,,,0.0
6549,76730941,4661414,117153,2023-2024,286,,3500.0,,,,,,0.0
6550,76479845,4661414,117153,2023-2024,287,,3500.0,,,,,,0.0
6551,76478930,4661414,117153,2023-2024,288,,3500.0,,,,,,0.0
6552,76704247,4661414,117153,2023-2024,289,,3500.0,,,,,,0.0
6553,76731772,4661414,117153,2023-2024,290,,3500.0,,,,,,0.0
6554,76700877,4661414,117153,2023-2024,291,,3500.0,,,,,,0.0
6555,76755657,4661414,117153,2023-2024,292,,3500.0,,,,,,0.0
6556,76756540,4661414,117153,2023-2024,293,,3500.0,,,,,,0.0
6557,76757641,4661414,117153,2023-2024,294,,3500.0,,,,,,0.0
6558,76758755,4661414,117153,2023-2024,295,,3500.0,,,,,,0.0
6559,76733539,4661414,117153,2023-2024,296,,3500.0,,,,,,0.0
6560,76734271,4661414,117153,2023-2024,297,,3500.0,,,,,,0.0
6561,76741169,4661414,117153,2023-2024,298,,3500.0,,,,,,0.0
6562,76741837,4661414,117153,2023-2024,299,,3500.0,,,,,,0.0
6563,76742721,4661414,117153,2023-2024,300,,3500.0,,,,,,0.0
6564,76743519,4661414,117153,2023-2024,301,,3500.0,,,,,,0.0
6565,76744884,4661414,117153,2023-2024,302,,3500.0,,,,,,0.0
6566,76745677,4661414,117153,2023-2024,303,,3500.0,,,,,,0.0
6567,76750027,4661414,117153,2023-2024,304,,3500.0,,,,,,0.0
6568,82908096,4661414,117153,2023-2024,305,5TH STATE FINANCE COMMISSION,150000.0,150000.0,150000.0,150000.0,,,143988.0
6569,82906245,4661414,117153,2023-2024,306,XV Finance Commission,70000.0,70000.0,70000.0,70000.0,,,64691.0
6570,82932993,4661414,117153,2023-2024,307,5TH STATE FINANCE COMMISSION,100000.0,100000.0,100000.0,100000.0,,,90000.0
6571,126997169,5866613,117153,2023-2024,1,,1000.0,1000.0,,,,,0.0
6572,126996973,5866613,117153,2023-2024,2,,357000.0,,,,,,0.0
6573,126998057,5866736,117153,2023-2024,1,,,,,,,,0.0
6574,126997865,5866736,117153,2023-2024,2,XV Finance Commission,413000.0,413000.0,413000.0,413000.0,,,347428.0
6575,127969368,5955881,117153,2023-2024,1,,35000.0,,,,,,0.0
6576,127969495,5955881,117153,2023-2024,2,,1000.0,,,,,,0.0
6577,127969320,5955881,117153,2023-2024,3,XV Finance Commission,200000.0,200000.0,200000.0,200000.0,,,180000.0
6578,105564705,5144686,117153,2024-2025,1,,128250.0,,,,,,0.0
6579,105566950,5144686,117153,2024-2025,2,XV Finance Commission,3500.0,3500.0,3500.0,3500.0,,,3150.0
6580,98730785,5144686,117153,2024-2025,3,,,,,,,,0.0
6581,98746831,5144686,117153,2024-2025,4,,,,,,,,0.0
6582,98753809,5144686,117153,2024-2025,5,,,,,,,,0.0
6583,98470748,5144686,117153,2024-2025,6,,,,,,,,0.0
6584,108601941,5144686,117153,2024-2025,7,,90000.0,,,,,,0.0
6585,108601994,5144686,117153,2024-2025,8,,94567.0,,,,,,0.0
6586,105573155,5144686,117153,2024-2025,9,,,,,,,,0.0
6587,98616399,5144686,117153,2024-2025,10,,,,,,,,0.0
6588,98771105,5144686,117153,2024-2025,11,,,,,,,,0.0
6589,98771638,5144686,117153,2024-2025,12,,,,,,,,0.0
6590,98813763,5144686,117153,2024-2025,13,,,,,,,,0.0
6591,105546829,5144686,117153,2024-2025,14,,,,,,,,0.0
6592,105567882,5144686,117153,2024-2025,15,XV Finance Commission,3500.0,3500.0,3500.0,3500.0,,,3150.0
6593,105568199,5144686,117153,2024-2025,16,XV Finance Commission,3500.0,3500.0,3500.0,3500.0,,,3150.0
6594,108601974,5144686,117153,2024-2025,17,XV Finance Commission,87500.0,87500.0,87500.0,87500.0,,,78750.0
6595,105567322,5144686,117153,2024-2025,18,XV Finance Commission,3500.0,3500.0,3500.0,3500.0,,,3150.0
6596,98615849,5144686,117153,2024-2025,19,,,,,,,,0.0
6597,98744921,5144686,117153,2024-2025,20,,,,,,,,0.0
6598,98772052,5144686,117153,2024-2025,21,,,,,,,,0.0
6599,98773240,5144686,117153,2024-2025,22,,,,,,,,0.0
6600,98774180,5144686,117153,2024-2025,23,,,,,,,,0.0
6601,98911277,5144686,117153,2024-2025,24,,,,,,,,0.0
6602,105499144,5144686,117153,2024-2025,25,,,,,,,,0.0
6603,105500629,5144686,117153,2024-2025,26,,,,,,,,0.0
6604,105500860,5144686,117153,2024-2025,27,,,,,,,,0.0
6605,105501262,5144686,117153,2024-2025,28,,,,,,,,0.0
6606,105495495,5144686,117153,2024-2025,29,,,,,,,,0.0
6607,105496047,5144686,117153,2024-2025,30,,,,,,,,0.0
6608,105496539,5144686,117153,2024-2025,31,,,,,,,,0.0
6609,98774623,5144686,117153,2024-2025,32,,,,,,,,0.0
6610,98910664,5144686,117153,2024-2025,33,,,,,,,,0.0
6611,98754149,5144686,117153,2024-2025,34,,,,,,,,0.0
6612,105544685,5144686,117153,2024-2025,35,,,,,,,,0.0
6613,105544902,5144686,117153,2024-2025,36,,,,,,,,0.0
6614,105545593,5144686,117153,2024-2025,37,,,,,,,,0.0
6615,105545824,5144686,117153,2024-2025,38,,,,,,,,0.0
6616,105545948,5144686,117153,2024-2025,39,,,,,,,,0.0
6617,105546239,5144686,117153,2024-2025,40,,,,,,,,0.0
6618,105546402,5144686,117153,2024-2025,41,,,,,,,,0.0
6619,105546640,5144686,117153,2024-2025,42,,,,,,,,0.0
6620,105547085,5144686,117153,2024-2025,43,,,,,,,,0.0
6621,105547298,5144686,117153,2024-2025,44,,,,,,,,0.0
6622,105548501,5144686,117153,2024-2025,45,,,,,,,,0.0
6623,105545150,5144686,117153,2024-2025,46,,,,,,,,0.0
6624,105558025,5144686,117153,2024-2025,47,,30000.0,,,,,,0.0
6625,105560150,5144686,117153,2024-2025,48,XV Finance Commission,200000.0,200000.0,200000.0,200000.0,,,184964.0
6626,105561680,5144686,117153,2024-2025,49,,252756.0,,,,,,0.0
6627,105563838,5144686,117153,2024-2025,50,XV Finance Commission,170000.0,170000.0,170000.0,170000.0,,,115138.0
6628,105565614,5144686,117153,2024-2025,51,,161317.0,,,,,,0.0
6629,105565147,5144686,117153,2024-2025,52,,30000.0,,,,,,0.0
6630,105570034,5144686,117153,2024-2025,53,,1000.0,,,,,,0.0
6631,105573783,5144686,117153,2024-2025,54,,,,,,,,0.0
6632,105574360,5144686,117153,2024-2025,55,,,,,,,,0.0
6633,105575075,5144686,117153,2024-2025,56,,,,,,,,0.0
6634,105574708,5144686,117153,2024-2025,57,,,,,,,,0.0
6635,105575750,5144686,117153,2024-2025,58,,,,,,,,0.0
6636,105576367,5144686,117153,2024-2025,59,,,,,,,,0.0
6637,105577832,5144686,117153,2024-2025,60,,,,,,,,0.0
6638,105578186,5144686,117153,2024-2025,61,,,,,,,,0.0
6639,105578587,5144686,117153,2024-2025,62,,,,,,,,0.0
6640,105568620,5144686,117153,2024-2025,63,XV Finance Commission,3500.0,3500.0,3500.0,3500.0,,,3150.0
6641,105556988,5144686,117153,2024-2025,64,5TH STATE FINANCE COMMISSION,150000.0,150000.0,150000.0,150000.0,,,143411.0
6642,108602020,5144686,117153,2024-2025,65,XV Finance Commission,200000.0,200000.0,200000.0,200000.0,,,196816.0
6643,105557607,5144686,117153,2024-2025,66,,33074.0,,,,,,0.0
6644,105556316,5144686,117153,2024-2025,67,5TH STATE FINANCE COMMISSION,30000.0,30000.0,30000.0,30000.0,,,27683.0
6645,105560796,5144686,117153,2024-2025,68,XV Finance Commission,50000.0,50000.0,50000.0,50000.0,,,46220.0
6646,105561266,5144686,117153,2024-2025,69,XV Finance Commission,150000.0,150000.0,150000.0,150000.0,,,138658.0
6647,105555079,5144686,117153,2024-2025,70,5TH STATE FINANCE COMMISSION,200000.0,200000.0,200000.0,200000.0,,,196000.0
6648,105553744,5144686,117153,2024-2025,71,5TH STATE FINANCE COMMISSION,200000.0,200000.0,200000.0,200000.0,,,200000.0
6649,128141743,5974329,117153,2024-2025,1,,161317.0,,,,,,0.0
6650,128141632,5974329,117153,2024-2025,2,,33074.0,,,,,,0.0
6651,128141666,5974329,117153,2024-2025,3,,252756.0,,,,,,0.0
6652,128141692,5974329,117153,2024-2025,4,,94567.0,,,,,,0.0
6653,121606532,5592716,117153,2025-2026,1,5TH STATE FINANCE COMMISSION,193074.0,193074.0,193074.0,193074.0,,,190948.0
6654,121471464,5592716,117153,2025-2026,2,,,,,,,,0.0
6655,121470285,5592716,117153,2025-2026,3,,,,,,,,0.0
6656,121467489,5592716,117153,2025-2026,4,,,,,,,,0.0
6657,121608028,5592716,117153,2025-2026,5,,,,,,,,0.0
6658,121608129,5592716,117153,2025-2026,6,,,,,,,,0.0
6659,121614536,5592716,117153,2025-2026,7,,,,,,,,0.0
6660,121614678,5592716,117153,2025-2026,8,,,,,,,,0.0
6661,121608690,5592716,117153,2025-2026,9,,,,,,,,0.0
6662,121608895,5592716,117153,2025-2026,10,,,,,,,,0.0
6663,121609037,5592716,117153,2025-2026,11,,,,,,,,0.0
6664,121609243,5592716,117153,2025-2026,12,,,,,,,,0.0
6665,121606452,5592716,117153,2025-2026,13,5TH STATE FINANCE COMMISSION,200000.0,200000.0,200000.0,200000.0,,,195202.0
6666,121606396,5592716,117153,2025-2026,14,,250000.0,,,,,,0.0
6667,121607154,5592716,117153,2025-2026,15,,9000.0,,,,,,0.0
6668,121607247,5592716,117153,2025-2026,16,,17500.0,,,,,,0.0
6669,121607306,5592716,117153,2025-2026,17,,15000.0,,,,,,0.0
6670,121608181,5592716,117153,2025-2026,18,XV Finance Commission,400000.0,400000.0,400000.0,400000.0,,,390448.0
6671,121608233,5592716,117153,2025-2026,19,XV Finance Commission,152756.0,152756.0,152756.0,152756.0,,,135000.0
6672,121607535,5592716,117153,2025-2026,20,,3000.0,,,,,,0.0
6673,121608499,5592716,117153,2025-2026,21,,20000.0,,,,,,0.0
6674,121608827,5592716,117153,2025-2026,22,,100000.0,,,,,,0.0
6675,121608420,5592716,117153,2025-2026,23,,100000.0,,,,,,0.0
6676,121608453,5592716,117153,2025-2026,24,,26400.0,,,,,,0.0
6677,121609414,5592716,117153,2025-2026,25,,,,,,,,0.0
6678,121609529,5592716,117153,2025-2026,26,,,,,,,,0.0
6679,121615092,5592716,117153,2025-2026,27,,295267.0,,,,,,0.0
6680,121609624,5592716,117153,2025-2026,28,,,,,,,,0.0
6681,121609771,5592716,117153,2025-2026,29,,,,,,,,0.0
6682,121615229,5592716,117153,2025-2026,30,,,,,,,,0.0
6683,121609917,5592716,117153,2025-2026,31,,,,,,,,0.0
6684,121610081,5592716,117153,2025-2026,32,,,,,,,,0.0
6685,121610535,5592716,117153,2025-2026,33,,,,,,,,0.0
6686,121610668,5592716,117153,2025-2026,34,,,,,,,,0.0
6687,121610914,5592716,117153,2025-2026,35,,,,,,,,0.0
6688,121615622,5592716,117153,2025-2026,36,,,,,,,,0.0
6689,121615948,5592716,117153,2025-2026,37,,,,,,,,0.0
6690,121612250,5592716,117153,2025-2026,38,,,,,,,,0.0
6691,121612755,5592716,117153,2025-2026,39,,,,,,,,0.0
6692,121612934,5592716,117153,2025-2026,40,,,,,,,,0.0
6693,121613152,5592716,117153,2025-2026,41,,,,,,,,0.0
6694,121613329,5592716,117153,2025-2026,42,,,,,,,,0.0
6695,121613447,5592716,117153,2025-2026,43,,,,,,,,0.0
6696,121613563,5592716,117153,2025-2026,44,,,,,,,,0.0
6697,121606703,5592716,117153,2025-2026,45,,,,,,,,0.0
6698,121613733,5592716,117153,2025-2026,46,,,,,,,,0.0
6699,121607243,5592716,117153,2025-2026,47,,,,,,,,0.0
6700,121607353,5592716,117153,2025-2026,48,,,,,,,,0.0
6701,121607936,5592716,117153,2025-2026,49,,,,,,,,0.0
6702,121773212,5592716,117153,2025-2026,50,,100800.0,,,,,,0.0
6703,121606824,5592716,117153,2025-2026,51,,180000.0,,,,,,0.0
6704,121606878,5592716,117153,2025-2026,52,,52567.0,,,,,,0.0
6705,121606974,5592716,117153,2025-2026,53,,9000.0,,,,,,0.0
6706,121607045,5592716,117153,2025-2026,54,,40000.0,,,,,,0.0
6707,121793298,5592716,117153,2025-2026,55,,,,,,,,0.0
6708,121606762,5592716,117153,2025-2026,56,XV Finance Commission,117000.0,117000.0,117000.0,117000.0,,,39000.0
6709,121792867,5592716,117153,2025-2026,57,,,,,,,,0.0
6710,121606886,5592716,117153,2025-2026,58,,,,,,,,0.0
6711,121793490,5592716,117153,2025-2026,59,,,,,,,,0.0
6712,121793599,5592716,117153,2025-2026,60,,,,,,,,0.0
6713,121793671,5592716,117153,2025-2026,61,,,,,,,,0.0
6714,121793668,5592716,117153,2025-2026,62,,,,,,,,0.0
6715,121793789,5592716,117153,2025-2026,63,,,,,,,,0.0
6716,121792231,5592716,117153,2025-2026,64,,,,,,,,0.0
6717,121787380,5592716,117153,2025-2026,65,,,,,,,,0.0
6718,121792578,5592716,117153,2025-2026,66,,,,,,,,0.0
6719,121787838,5592716,117153,2025-2026,67,,,,,,,,0.0
6720,121787688,5592716,117153,2025-2026,68,,,,,,,,0.0
6721,121792730,5592716,117153,2025-2026,69,,,,,,,,0.0
6722,121793394,5592716,117153,2025-2026,70,,,,,,,,0.0
6723,121793045,5592716,117153,2025-2026,71,,,,,,,,0.0
6724,121793130,5592716,117153,2025-2026,72,,,,,,,,0.0
6725,121606698,5592716,117153,2025-2026,73,XV Finance Commission,140000.0,140000.0,140000.0,140000.0,,,115979.0
6726,128119880,5971783,117153,2025-2026,1,,100800.0,,,,,,0.0
6727,128119937,5971783,117153,2025-2026,2,,,,,,,,0.0
6728,44088723,3130108,121663,2020-2021,1,,18000.0,,,,,,0.0
6729,44052149,3130108,121663,2020-2021,2,,1000000.0,,,,,,0.0
6730,44088597,3130108,121663,2020-2021,3,XV Finance Commission,150000.0,150000.0,150000.0,150000.0,,,143418.0
6731,44088612,3130108,121663,2020-2021,4,,75000.0,,,,,,0.0
6732,44088636,3130108,121663,2020-2021,5,XV Finance Commission,150000.0,150000.0,150000.0,150000.0,,,0.0
6733,44088706,3130108,121663,2020-2021,6,XV Finance Commission,150000.0,150000.0,150000.0,150000.0,,,0.0
6734,44088714,3130108,121663,2020-2021,7,,20000.0,,,,,,0.0
6735,44088812,3130108,121663,2020-2021,8,,70000.0,,,,,,0.0
6736,44088822,3130108,121663,2020-2021,9,5TH STATE FINANCE COMMISSION,72000.0,72000.0,72000.0,72000.0,,,72000.0
6737,44088837,3130108,121663,2020-2021,10,,50000.0,,,,,,0.0
6738,44088934,3130108,121663,2020-2021,11,5TH STATE FINANCE COMMISSION,75000.0,75000.0,75000.0,75000.0,,,28600.0
6739,44088969,3130108,121663,2020-2021,12,,75000.0,,,,,,0.0
6740,44088984,3130108,121663,2020-2021,13,5TH STATE FINANCE COMMISSION,125000.0,125000.0,125000.0,125000.0,,,119780.0
6741,44088684,3130108,121663,2020-2021,14,XV Finance Commission,150000.0,150000.0,150000.0,150000.0,,,143889.0
6742,44088864,3130108,121663,2020-2021,15,5TH STATE FINANCE COMMISSION,150000.0,150000.0,150000.0,150000.0,,,143818.0
6743,44088799,3130108,121663,2020-2021,16,5TH STATE FINANCE COMMISSION,100000.0,100000.0,100000.0,100000.0,,,72583.0
6744,44088766,3130108,121663,2020-2021,17,XV Finance Commission,107350.0,107350.0,107350.0,107350.0,,,93312.0
6745,44088668,3130108,121663,2020-2021,18,,100000.0,,,,,,0.0
6746,44088952,3130108,121663,2020-2021,19,5TH STATE FINANCE COMMISSION,86844.0,86844.0,86844.0,86844.0,,,0.0
6747,44088653,3130108,121663,2020-2021,20,,130000.0,,,,,,0.0
6748,44052205,3130108,121663,2020-2021,21,,62350.0,,,,,,0.0
6749,44088778,3130108,121663,2020-2021,22,XV Finance Commission,6000.0,6000.0,6000.0,6000.0,,,6000.0
6750,44088735,3130108,121663,2020-2021,23,XV Finance Commission,6000.0,6000.0,6000.0,6000.0,,,6000.0
6751,54138614,3688645,121663,2020-2021,1,,6000.0,,,,,,0.0
6752,53731743,3688645,121663,2020-2021,2,XV Finance Commission,205000.0,205000.0,205000.0,205000.0,,,197514.0
6753,56734787,3861782,121663,2020-2021,1,,36000.0,,,,,,0.0
6754,56729464,3861782,121663,2020-2021,2,XV Finance Commission,162350.0,162350.0,162350.0,162350.0,,,0.0
6755,48228588,3326135,121663,2021-2022,1,,70000.0,,,,,,0.0
6756,48229475,3326135,121663,2021-2022,2,,91844.0,,,,,,0.0
6757,48229069,3326135,121663,2021-2022,3,,120000.0,,,,,,0.0
6758,48226923,3326135,121663,2021-2022,4,,227650.0,,,,,,0.0
6759,48227159,3326135,121663,2021-2022,5,,20000.0,,,,,,0.0
6760,48227277,3326135,121663,2021-2022,6,,18000.0,,,,,,0.0
6761,48227459,3326135,121663,2021-2022,7,,84700.0,,,,,,0.0
6762,48231585,3326135,121663,2021-2022,8,,55100.0,,,,,,0.0
6763,48227546,3326135,121663,2021-2022,9,XV Finance Commission,6000.0,6000.0,6000.0,6000.0,,,6000.0
6764,48227364,3326135,121663,2021-2022,10,XV Finance Commission,6000.0,6000.0,6000.0,6000.0,,,6000.0
6765,47625823,3326135,121663,2021-2022,11,,30000.0,,,,,,0.0
6766,47625526,3326135,121663,2021-2022,12,XV Finance Commission,300000.0,300000.0,300000.0,300000.0,,,288120.0
6767,48226020,3326135,121663,2021-2022,13,,231175.0,,,,,,0.0
6768,48228818,3326135,121663,2021-2022,14,5TH STATE FINANCE COMMISSION,50000.0,50000.0,50000.0,50000.0,,,50000.0
6769,48225561,3326135,121663,2021-2022,15,XV Finance Commission,150000.0,150000.0,150000.0,150000.0,,,102324.0
6770,48224906,3326135,121663,2021-2022,16,XV Finance Commission,150000.0,150000.0,150000.0,150000.0,,,143152.0
6771,48225117,3326135,121663,2021-2022,17,XV Finance Commission,150000.0,150000.0,150000.0,150000.0,,,109708.0
6772,48225316,3326135,121663,2021-2022,18,XV Finance Commission,81175.0,81175.0,81175.0,81175.0,,,60000.0
6773,48225778,3326135,121663,2021-2022,19,XV Finance Commission,150000.0,150000.0,150000.0,150000.0,,,105172.0
6774,47625309,3326135,121663,2021-2022,20,XV Finance Commission,150000.0,150000.0,150000.0,150000.0,,,104714.0
6775,48229204,3326135,121663,2021-2022,21,5TH STATE FINANCE COMMISSION,300000.0,300000.0,300000.0,300000.0,,,290222.24
6776,48226536,3326135,121663,2021-2022,22,XV Finance Commission,200000.0,200000.0,200000.0,200000.0,,,133861.0
6777,48226686,3326135,121663,2021-2022,23,XV Finance Commission,200000.0,200000.0,200000.0,200000.0,,,0.0
6778,47625750,3326135,121663,2021-2022,24,5TH STATE FINANCE COMMISSION,100000.0,100000.0,100000.0,100000.0,,,100000.0
6779,48228667,3326135,121663,2021-2022,25,5TH STATE FINANCE COMMISSION,72000.0,72000.0,72000.0,72000.0,,,72000.0
6780,56778477,3829307,121663,2021-2022,1,XV Finance Commission,68825.0,68825.0,68825.0,68825.0,,,35025.0
6781,56115159,3829307,121663,2021-2022,2,XV Finance Commission,162350.0,162350.0,162350.0,162350.0,,,0.0
6782,56740472,3829307,121663,2021-2022,3,5TH STATE FINANCE COMMISSION,281444.0,281444.0,281444.0,281444.0,,,258141.81
6783,66413521,4113763,121663,2022-2023,1,XV Finance Commission,96000.0,96000.0,96000.0,96000.0,,,96000.0
6784,66413582,4113763,121663,2022-2023,2,XV Finance Commission,25000.0,25000.0,25000.0,25000.0,,,25000.0
6785,66413530,4113763,121663,2022-2023,3,XV Finance Commission,12000.0,12000.0,12000.0,12000.0,,,12000.0
6786,61835970,4113763,121663,2022-2023,4,XV Finance Commission,6000.0,6000.0,6000.0,6000.0,,,6000.0
6787,66413621,4113763,121663,2022-2023,5,,77844.0,,,,,,0.0
6788,66413645,4113763,121663,2022-2023,6,,27000.0,,,,,,0.0
6789,66413663,4113763,121663,2022-2023,7,,12000.0,,,,,,0.0
6790,66413704,4113763,121663,2022-2023,8,,200000.0,,,,,,0.0
6791,66413729,4113763,121663,2022-2023,9,,5150.0,,,,,,0.0
6792,61835915,4113763,121663,2022-2023,10,,18000.0,,,,,,0.0
6793,61836120,4113763,121663,2022-2023,11,,100000.0,,,,,,0.0
6794,61836177,4113763,121663,2022-2023,12,,30000.0,,,,,,0.0
6795,61836407,4113763,121663,2022-2023,13,,40000.0,,,,,,0.0
6796,61836465,4113763,121663,2022-2023,14,,125000.0,,,,,,0.0
6797,61836689,4113763,121663,2022-2023,15,,48000.0,,,,,,0.0
6798,66413307,4113763,121663,2022-2023,16,,47744.0,,,,,,0.0
6799,66413354,4113763,121663,2022-2023,17,,100000.0,,,,,,0.0
6800,66413372,4113763,121663,2022-2023,18,,60000.0,,,,,,0.0
6801,61836011,4113763,121663,2022-2023,19,XV Finance Commission,58992.0,58992.0,58992.0,58992.0,,,0.0
6802,61836061,4113763,121663,2022-2023,20,XV Finance Commission,6000.0,6000.0,6000.0,6000.0,,,6000.0
6803,66413542,4113763,121663,2022-2023,21,,40000.0,,,,,,0.0
6804,66413549,4113763,121663,2022-2023,22,,45600.0,,,,,,0.0
6805,66413591,4113763,121663,2022-2023,23,,5000.0,,,,,,0.0
6806,66413428,4113763,121663,2022-2023,24,XV Finance Commission,12000.0,12000.0,12000.0,12000.0,,,11550.0
6807,66413440,4113763,121663,2022-2023,25,XV Finance Commission,30000.0,30000.0,30000.0,30000.0,,,28863.0
6808,66413471,4113763,121663,2022-2023,26,XV Finance Commission,27000.0,27000.0,27000.0,27000.0,,,27000.0
6809,66413485,4113763,121663,2022-2023,27,XV Finance Commission,24000.0,24000.0,24000.0,24000.0,,,23098.0
6810,66413494,4113763,121663,2022-2023,28,XV Finance Commission,24000.0,24000.0,24000.0,24000.0,,,23099.0
6811,66413504,4113763,121663,2022-2023,29,XV Finance Commission,12000.0,12000.0,12000.0,12000.0,,,11550.0
6812,66413513,4113763,121663,2022-2023,30,XV Finance Commission,15000.0,15000.0,15000.0,15000.0,,,15000.0
6813,61836314,4113763,121663,2022-2023,31,5TH STATE FINANCE COMMISSION,48000.0,48000.0,48000.0,48000.0,,,48000.0
6814,61836355,4113763,121663,2022-2023,32,5TH STATE FINANCE COMMISSION,24000.0,24000.0,24000.0,24000.0,,,12000.0
6815,61835851,4113763,121663,2022-2023,33,XV Finance Commission,20000.0,20000.0,20000.0,20000.0,,,20000.0
6816,66413722,4113763,121663,2022-2023,34,,83842.0,,,,,,0.0
6817,66413698,4113763,121663,2022-2023,35,XV Finance Commission,270000.0,270000.0,270000.0,270000.0,,,255050.0
6818,61836646,4113763,121663,2022-2023,36,5TH STATE FINANCE COMMISSION,150000.0,150000.0,150000.0,150000.0,,,144312.0
6819,61836554,4113763,121663,2022-2023,37,5TH STATE FINANCE COMMISSION,286900.0,286900.0,286900.0,286900.0,,,270774.0
6820,66413678,4113763,121663,2022-2023,38,XV Finance Commission,72000.0,72000.0,72000.0,72000.0,,,72000.0
6821,66413555,4113763,121663,2022-2023,39,XV Finance Commission,44300.0,44300.0,44300.0,44300.0,,,0.0
6822,66413413,4113763,121663,2022-2023,40,XV Finance Commission,48000.0,48000.0,48000.0,48000.0,,,46181.0
6823,66413399,4113763,121663,2022-2023,41,XV Finance Commission,45000.0,45000.0,45000.0,45000.0,,,42271.0
6824,66413460,4113763,121663,2022-2023,42,XV Finance Commission,12000.0,12000.0,12000.0,12000.0,,,11550.0
6825,80070351,4593434,121663,2023-2024,1,,,,,,,,0.0
6826,78396054,4593434,121663,2023-2024,2,,,,,,,,0.0
6827,76006958,4593434,121663,2023-2024,3,,,,,,,,0.0
6828,76007022,4593434,121663,2023-2024,4,,,,,,,,0.0
6829,76007123,4593434,121663,2023-2024,5,,,,,,,,0.0
6830,76007175,4593434,121663,2023-2024,6,,,,,,,,0.0
6831,76007232,4593434,121663,2023-2024,7,,,,,,,,0.0
6832,76007282,4593434,121663,2023-2024,8,,,,,,,,0.0
6833,76007342,4593434,121663,2023-2024,9,,,,,,,,0.0
6834,76007396,4593434,121663,2023-2024,10,,,,,,,,0.0
6835,76007455,4593434,121663,2023-2024,11,,,,,,,,0.0
6836,78291484,4593434,121663,2023-2024,12,,,,,,,,0.0
6837,78291854,4593434,121663,2023-2024,13,,,,,,,,0.0
6838,78292262,4593434,121663,2023-2024,14,,,,,,,,0.0
6839,78292898,4593434,121663,2023-2024,15,,,,,,,,0.0
6840,78293283,4593434,121663,2023-2024,16,,,,,,,,0.0
6841,78293789,4593434,121663,2023-2024,17,,,,,,,,0.0
6842,78294308,4593434,121663,2023-2024,18,,,,,,,,0.0
6843,78294734,4593434,121663,2023-2024,19,,,,,,,,0.0
6844,78295231,4593434,121663,2023-2024,20,,,,,,,,0.0
6845,78295741,4593434,121663,2023-2024,21,,,,,,,,0.0
6846,78296455,4593434,121663,2023-2024,22,,,,,,,,0.0
6847,78304862,4593434,121663,2023-2024,23,,,,,,,,0.0
6848,78305290,4593434,121663,2023-2024,24,,,,,,,,0.0
6849,78305649,4593434,121663,2023-2024,25,,,,,,,,0.0
6850,78305972,4593434,121663,2023-2024,26,,,,,,,,0.0
6851,78306371,4593434,121663,2023-2024,27,,,,,,,,0.0
6852,78306723,4593434,121663,2023-2024,28,,,,,,,,0.0
6853,78307069,4593434,121663,2023-2024,29,,,,,,,,0.0
6854,78307429,4593434,121663,2023-2024,30,,,,,,,,0.0
6855,78307752,4593434,121663,2023-2024,31,,,,,,,,0.0
6856,78308089,4593434,121663,2023-2024,32,,,,,,,,0.0
6857,78308486,4593434,121663,2023-2024,33,,,,,,,,0.0
6858,78308892,4593434,121663,2023-2024,34,,,,,,,,0.0
6859,78309307,4593434,121663,2023-2024,35,,,,,,,,0.0
6860,78309882,4593434,121663,2023-2024,36,,,,,,,,0.0
6861,78311950,4593434,121663,2023-2024,37,,,,,,,,0.0
6862,78312336,4593434,121663,2023-2024,38,,,,,,,,0.0
6863,78312748,4593434,121663,2023-2024,39,,,,,,,,0.0
6864,78313156,4593434,121663,2023-2024,40,,,,,,,,0.0
6865,78313751,4593434,121663,2023-2024,41,,,,,,,,0.0
6866,78314175,4593434,121663,2023-2024,42,,,,,,,,0.0
6867,78315045,4593434,121663,2023-2024,43,,,,,,,,0.0
6868,78315819,4593434,121663,2023-2024,44,,,,,,,,0.0
6869,78317323,4593434,121663,2023-2024,45,,,,,,,,0.0
6870,78317867,4593434,121663,2023-2024,46,,,,,,,,0.0
6871,78318252,4593434,121663,2023-2024,47,,,,,,,,0.0
6872,78318830,4593434,121663,2023-2024,48,,,,,,,,0.0
6873,78323220,4593434,121663,2023-2024,49,,,,,,,,0.0
6874,78324177,4593434,121663,2023-2024,50,,,,,,,,0.0
6875,78324560,4593434,121663,2023-2024,51,,,,,,,,0.0
6876,78325114,4593434,121663,2023-2024,52,,,,,,,,0.0
6877,78325828,4593434,121663,2023-2024,53,,,,,,,,0.0
6878,78326606,4593434,121663,2023-2024,54,,,,,,,,0.0
6879,78327230,4593434,121663,2023-2024,55,,,,,,,,0.0
6880,78331885,4593434,121663,2023-2024,56,,,,,,,,0.0
6881,78333098,4593434,121663,2023-2024,57,,,,,,,,0.0
6882,78333703,4593434,121663,2023-2024,58,,,,,,,,0.0
6883,78334196,4593434,121663,2023-2024,59,,,,,,,,0.0
6884,78335039,4593434,121663,2023-2024,60,,,,,,,,0.0
6885,78335754,4593434,121663,2023-2024,61,,,,,,,,0.0
6886,78336456,4593434,121663,2023-2024,62,,,,,,,,0.0
6887,78336684,4593434,121663,2023-2024,63,,,,,,,,0.0
6888,78337223,4593434,121663,2023-2024,64,,,,,,,,0.0
6889,78338498,4593434,121663,2023-2024,65,,,,,,,,0.0
6890,78341462,4593434,121663,2023-2024,66,,,,,,,,0.0
6891,78346124,4593434,121663,2023-2024,67,,,,,,,,0.0
6892,78347077,4593434,121663,2023-2024,68,,,,,,,,0.0
6893,78354498,4593434,121663,2023-2024,69,,,,,,,,0.0
6894,78355648,4593434,121663,2023-2024,70,,,,,,,,0.0
6895,78356501,4593434,121663,2023-2024,71,,,,,,,,0.0
6896,78357400,4593434,121663,2023-2024,72,,,,,,,,0.0
6897,78359969,4593434,121663,2023-2024,73,,,,,,,,0.0
6898,78362712,4593434,121663,2023-2024,74,,,,,,,,0.0
6899,78397958,4593434,121663,2023-2024,75,,,,,,,,0.0
6900,78399176,4593434,121663,2023-2024,76,,,,,,,,0.0
6901,78400252,4593434,121663,2023-2024,77,,,,,,,,0.0
6902,78423159,4593434,121663,2023-2024,78,,,,,,,,0.0
6903,78428437,4593434,121663,2023-2024,79,,,,,,,,0.0
6904,79589397,4593434,121663,2023-2024,80,,,,,,,,0.0
6905,79591109,4593434,121663,2023-2024,81,,,,,,,,0.0
6906,79592610,4593434,121663,2023-2024,82,,,,,,,,0.0
6907,79593248,4593434,121663,2023-2024,83,,,,,,,,0.0
6908,79593966,4593434,121663,2023-2024,84,,,,,,,,0.0
6909,79594596,4593434,121663,2023-2024,85,,,,,,,,0.0
6910,79595217,4593434,121663,2023-2024,86,,,,,,,,0.0
6911,79596978,4593434,121663,2023-2024,87,,,,,,,,0.0
6912,79598106,4593434,121663,2023-2024,88,,,,,,,,0.0
6913,79599273,4593434,121663,2023-2024,89,,,,,,,,0.0
6914,79600076,4593434,121663,2023-2024,90,,,,,,,,0.0
6915,79600929,4593434,121663,2023-2024,91,,,,,,,,0.0
6916,79601796,4593434,121663,2023-2024,92,,,,,,,,0.0
6917,79602679,4593434,121663,2023-2024,93,,,,,,,,0.0
6918,79603440,4593434,121663,2023-2024,94,,,,,,,,0.0
6919,79655074,4593434,121663,2023-2024,95,,,,,,,,0.0
6920,79655403,4593434,121663,2023-2024,96,,,,,,,,0.0
6921,79655884,4593434,121663,2023-2024,97,,,,,,,,0.0
6922,79656248,4593434,121663,2023-2024,98,,,,,,,,0.0
6923,79656606,4593434,121663,2023-2024,99,,,,,,,,0.0
6924,79656977,4593434,121663,2023-2024,100,,,,,,,,0.0
6925,79657311,4593434,121663,2023-2024,101,,,,,,,,0.0
6926,80057932,4593434,121663,2023-2024,102,,,,,,,,0.0
6927,80058683,4593434,121663,2023-2024,103,,,,,,,,0.0
6928,80061758,4593434,121663,2023-2024,104,,,,,,,,0.0
6929,80062121,4593434,121663,2023-2024,105,,,,,,,,0.0
6930,80063013,4593434,121663,2023-2024,106,,,,,,,,0.0
6931,80063602,4593434,121663,2023-2024,107,,,,,,,,0.0
6932,80064748,4593434,121663,2023-2024,108,,,,,,,,0.0
6933,80065174,4593434,121663,2023-2024,109,,,,,,,,0.0
6934,80065899,4593434,121663,2023-2024,110,,,,,,,,0.0
6935,80067305,4593434,121663,2023-2024,111,,,,,,,,0.0
6936,80067772,4593434,121663,2023-2024,112,,,,,,,,0.0
6937,80068653,4593434,121663,2023-2024,113,,,,,,,,0.0
6938,80069104,4593434,121663,2023-2024,114,,,,,,,,0.0
6939,80069469,4593434,121663,2023-2024,115,,,,,,,,0.0
6940,80069939,4593434,121663,2023-2024,116,,,,,,,,0.0
6941,80070805,4593434,121663,2023-2024,117,,,,,,,,0.0
6942,80161404,4593434,121663,2023-2024,118,,,,,,,,0.0
6943,80161935,4593434,121663,2023-2024,119,,,,,,,,0.0
6944,80163528,4593434,121663,2023-2024,120,,,,,,,,0.0
6945,80163974,4593434,121663,2023-2024,121,,,,,,,,0.0
6946,80164448,4593434,121663,2023-2024,122,,,,,,,,0.0
6947,80165679,4593434,121663,2023-2024,123,,,,,,,,0.0
6948,80166219,4593434,121663,2023-2024,124,,,,,,,,0.0
6949,80166547,4593434,121663,2023-2024,125,,,,,,,,0.0
6950,80167377,4593434,121663,2023-2024,126,,,,,,,,0.0
6951,81150726,4593434,121663,2023-2024,127,,,,,,,,0.0
6952,81155259,4593434,121663,2023-2024,128,,,,,,,,0.0
6953,81155849,4593434,121663,2023-2024,129,,,,,,,,0.0
6954,81156342,4593434,121663,2023-2024,130,,,,,,,,0.0
6955,81157260,4593434,121663,2023-2024,131,,,,,,,,0.0
6956,81158407,4593434,121663,2023-2024,132,,,,,,,,0.0
6957,81159362,4593434,121663,2023-2024,133,,,,,,,,0.0
6958,83170944,4593434,121663,2023-2024,134,,200000.0,,,,,,0.0
6959,83171075,4593434,121663,2023-2024,135,,3844.0,,,,,,0.0
6960,83172472,4593434,121663,2023-2024,136,,42060.0,,,,,,0.0
6961,83173021,4593434,121663,2023-2024,137,,105200.0,,,,,,0.0
6962,83174584,4593434,121663,2023-2024,138,,20000.0,,,,,,0.0
6963,83175066,4593434,121663,2023-2024,139,XV Finance Commission,250000.0,250000.0,250000.0,250000.0,,,234960.0
6964,83177196,4593434,121663,2023-2024,140,,,,,,,,0.0
6965,83177369,4593434,121663,2023-2024,141,,,,,,,,0.0
6966,83177571,4593434,121663,2023-2024,142,,,,,,,,0.0
6967,83177791,4593434,121663,2023-2024,143,,,,,,,,0.0
6968,83178015,4593434,121663,2023-2024,144,,,,,,,,0.0
6969,83178186,4593434,121663,2023-2024,145,,,,,,,,0.0
6970,83178524,4593434,121663,2023-2024,146,,,,,,,,0.0
6971,83178829,4593434,121663,2023-2024,147,,,,,,,,0.0
6972,83179038,4593434,121663,2023-2024,148,,,,,,,,0.0
6973,83179251,4593434,121663,2023-2024,149,,,,,,,,0.0
6974,83179444,4593434,121663,2023-2024,150,,,,,,,,0.0
6975,83179630,4593434,121663,2023-2024,151,,,,,,,,0.0
6976,83179917,4593434,121663,2023-2024,152,,,,,,,,0.0
6977,83180061,4593434,121663,2023-2024,153,,,,,,,,0.0
6978,83180226,4593434,121663,2023-2024,154,,,,,,,,0.0
6979,83180506,4593434,121663,2023-2024,155,,,,,,,,0.0
6980,83180700,4593434,121663,2023-2024,156,,,,,,,,0.0
6981,83180852,4593434,121663,2023-2024,157,,,,,,,,0.0
6982,83180968,4593434,121663,2023-2024,158,,,,,,,,0.0
6983,83181122,4593434,121663,2023-2024,159,,,,,,,,0.0
6984,83181280,4593434,121663,2023-2024,160,,,,,,,,0.0
6985,83181452,4593434,121663,2023-2024,161,,,,,,,,0.0
6986,83181689,4593434,121663,2023-2024,162,,,,,,,,0.0
6987,83181888,4593434,121663,2023-2024,163,,,,,,,,0.0
6988,83182035,4593434,121663,2023-2024,164,,,,,,,,0.0
6989,83183200,4593434,121663,2023-2024,165,,,,,,,,0.0
6990,83183315,4593434,121663,2023-2024,166,,,,,,,,0.0
6991,83183479,4593434,121663,2023-2024,167,,,,,,,,0.0
6992,83183650,4593434,121663,2023-2024,168,,,,,,,,0.0
6993,83184061,4593434,121663,2023-2024,169,,,,,,,,0.0
6994,81151551,4593434,121663,2023-2024,170,,,,,,,,0.0
6995,81150396,4593434,121663,2023-2024,171,,,,,,,,0.0
6996,81149921,4593434,121663,2023-2024,172,,,,,,,,0.0
6997,80162506,4593434,121663,2023-2024,173,,,,,,,,0.0
6998,80164965,4593434,121663,2023-2024,174,,,,,,,,0.0
6999,79657879,4593434,121663,2023-2024,175,,,,,,,,0.0
7000,83174810,4593434,121663,2023-2024,176,XV Finance Commission,116080.0,116080.0,116080.0,116080.0,,,78000.0
7001,83171648,4593434,121663,2023-2024,177,XV Finance Commission,100000.0,100000.0,100000.0,100000.0,,,100000.0
7002,83175291,4593434,121663,2023-2024,178,XV Finance Commission,250000.0,250000.0,250000.0,250000.0,,,231156.0
7003,83173573,4593434,121663,2023-2024,179,XV Finance Commission,251860.0,251860.0,251860.0,251860.0,,,241121.0
7004,83170492,4593434,121663,2023-2024,180,5TH STATE FINANCE COMMISSION,300000.0,300000.0,300000.0,300000.0,,,241620.0
7005,83170712,4593434,121663,2023-2024,181,5TH STATE FINANCE COMMISSION,300000.0,300000.0,300000.0,300000.0,,,294000.0
7006,83171905,4593434,121663,2023-2024,182,XV Finance Commission,160000.0,160000.0,160000.0,160000.0,,,0.0
7007,83172150,4593434,121663,2023-2024,183,XV Finance Commission,160000.0,160000.0,160000.0,160000.0,,,0.0
7008,83173257,4593434,121663,2023-2024,184,XV Finance Commission,105000.0,105000.0,105000.0,105000.0,,,103950.0
7009,103591815,5132451,121663,2024-2025,1,XV Finance Commission,3500.0,3500.0,3500.0,3500.0,,,0.0
7010,103592539,5132451,121663,2024-2025,2,XV Finance Commission,3500.0,3500.0,3500.0,3500.0,,,0.0
7011,103275304,5132451,121663,2024-2025,3,,,,,,,,0.0
7012,103276211,5132451,121663,2024-2025,4,,,,,,,,0.0
7013,103287007,5132451,121663,2024-2025,5,,,,,,,,0.0
7014,103288557,5132451,121663,2024-2025,6,,,,,,,,0.0
7015,103285028,5132451,121663,2024-2025,7,,,,,,,,0.0
7016,103293391,5132451,121663,2024-2025,8,,,,,,,,0.0
7017,103292202,5132451,121663,2024-2025,9,,,,,,,,0.0
7018,103286017,5132451,121663,2024-2025,10,,,,,,,,0.0
7019,103272296,5132451,121663,2024-2025,11,,,,,,,,0.0
7020,97885824,5132451,121663,2024-2025,12,,5000.0,,,,,,0.0
7021,97885884,5132451,121663,2024-2025,13,,20000.0,,,,,,0.0
7022,103395804,5132451,121663,2024-2025,14,XV Finance Commission,100000.0,100000.0,100000.0,100000.0,,,100000.0
7023,103397092,5132451,121663,2024-2025,15,,347507.0,,,,,,0.0
7024,103590271,5132451,121663,2024-2025,16,XV Finance Commission,3500.0,3500.0,3500.0,3500.0,,,0.0
7025,103591270,5132451,121663,2024-2025,17,XV Finance Commission,3500.0,3500.0,3500.0,3500.0,,,0.0
7026,103593835,5132451,121663,2024-2025,18,XV Finance Commission,3500.0,3500.0,3500.0,3500.0,,,0.0
7027,103594510,5132451,121663,2024-2025,19,XV Finance Commission,3500.0,3500.0,3500.0,3500.0,,,0.0
7028,103596374,5132451,121663,2024-2025,20,XV Finance Commission,3500.0,3500.0,3500.0,3500.0,,,0.0
7029,103597071,5132451,121663,2024-2025,21,XV Finance Commission,3500.0,3500.0,3500.0,3500.0,,,0.0
7030,103598945,5132451,121663,2024-2025,22,XV Finance Commission,250000.0,250000.0,250000.0,250000.0,,,231953.0
7031,103603821,5132451,121663,2024-2025,23,XV Finance Commission,177330.0,177330.0,177330.0,177330.0,,,128250.0
7032,103635510,5132451,121663,2024-2025,24,,3844.0,,,,,,0.0
7033,102300893,5132451,121663,2024-2025,25,,,,,,,,0.0
7034,102288403,5132451,121663,2024-2025,26,,,,,,,,0.0
7035,102286486,5132451,121663,2024-2025,27,,,,,,,,0.0
7036,102287735,5132451,121663,2024-2025,28,,,,,,,,0.0
7037,102278238,5132451,121663,2024-2025,29,,,,,,,,0.0
7038,102279264,5132451,121663,2024-2025,30,,,,,,,,0.0
7039,102280232,5132451,121663,2024-2025,31,,,,,,,,0.0
7040,102280952,5132451,121663,2024-2025,32,,,,,,,,0.0
7041,104262212,5132451,121663,2024-2025,33,,42060.0,,,,,,0.0
7042,104262907,5132451,121663,2024-2025,34,XV Finance Commission,40000.0,40000.0,40000.0,40000.0,,,40000.0
7043,104263544,5132451,121663,2024-2025,35,,90507.0,,,,,,0.0
7044,104424517,5132451,121663,2024-2025,36,,1.0,,,,,,0.0
7045,104425034,5132451,121663,2024-2025,37,,1.0,,,,,,0.0
7046,104425502,5132451,121663,2024-2025,38,,1.0,,,,,,0.0
7047,104425880,5132451,121663,2024-2025,39,,1.0,,,,,,0.0
7048,104426716,5132451,121663,2024-2025,40,,1.0,,,,,,0.0
7049,104429546,5132451,121663,2024-2025,41,,1.0,,,,,,0.0
7050,104430108,5132451,121663,2024-2025,42,,1.0,,,,,,0.0
7051,104430324,5132451,121663,2024-2025,43,,1.0,,,,,,0.0
7052,104430531,5132451,121663,2024-2025,44,,1.0,,,,,,0.0
7053,104430789,5132451,121663,2024-2025,45,,1.0,,,,,,0.0
7054,104431339,5132451,121663,2024-2025,46,,1.0,,,,,,0.0
7055,104431078,5132451,121663,2024-2025,47,,1.0,,,,,,0.0
7056,104431351,5132451,121663,2024-2025,48,,1.0,,,,,,0.0
7057,104431791,5132451,121663,2024-2025,49,,1.0,,,,,,0.0
7058,104432256,5132451,121663,2024-2025,50,,1.0,,,,,,0.0
7059,104432287,5132451,121663,2024-2025,51,,1.0,,,,,,0.0
7060,104432720,5132451,121663,2024-2025,52,,1.0,,,,,,0.0
7061,104433022,5132451,121663,2024-2025,53,,1.0,,,,,,0.0
7062,104433471,5132451,121663,2024-2025,54,,1.0,,,,,,0.0
7063,104446334,5132451,121663,2024-2025,55,,300000.0,,,,,,0.0
7064,104446981,5132451,121663,2024-2025,56,,300000.0,,,,,,0.0
7065,104447447,5132451,121663,2024-2025,57,,251860.0,,,,,,0.0
7066,104447873,5132451,121663,2024-2025,58,,15200.0,,,,,,0.0
7067,104264635,5132451,121663,2024-2025,59,,200000.0,200000.0,,,,,0.0
7068,103595175,5132451,121663,2024-2025,60,XV Finance Commission,3500.0,3500.0,3500.0,3500.0,,,0.0
7069,103590854,5132451,121663,2024-2025,61,XV Finance Commission,3500.0,3500.0,3500.0,3500.0,,,0.0
7070,103593221,5132451,121663,2024-2025,62,XV Finance Commission,3500.0,3500.0,3500.0,3500.0,,,0.0
7071,103595768,5132451,121663,2024-2025,63,XV Finance Commission,3500.0,3500.0,3500.0,3500.0,,,0.0
7072,104429310,5132451,121663,2024-2025,64,,1.0,,,,,,0.0
7073,104429908,5132451,121663,2024-2025,65,,1.0,,,,,,0.0
7074,104426166,5132451,121663,2024-2025,66,,1.0,,,,,,0.0
7075,103399694,5132451,121663,2024-2025,67,XV Finance Commission,45000.0,45000.0,45000.0,45000.0,,,45000.0
7076,104491498,5132451,121663,2024-2025,68,,,,,,,,0.0
7077,104491197,5132451,121663,2024-2025,69,,,,,,,,0.0
7078,102281740,5132451,121663,2024-2025,70,,,,,,,,0.0
7079,102282873,5132451,121663,2024-2025,71,,,,,,,,0.0
7080,102283604,5132451,121663,2024-2025,72,,,,,,,,0.0
7081,102291049,5132451,121663,2024-2025,73,,,,,,,,0.0
7082,102293186,5132451,121663,2024-2025,74,,,,,,,,0.0
7083,102294110,5132451,121663,2024-2025,75,,,,,,,,0.0
7084,103014562,5132451,121663,2024-2025,76,,,,,,,,0.0
7085,102294808,5132451,121663,2024-2025,77,,,,,,,,0.0
7086,102295509,5132451,121663,2024-2025,78,,,,,,,,0.0
7087,102296265,5132451,121663,2024-2025,79,,,,,,,,0.0
7088,102296892,5132451,121663,2024-2025,80,,,,,,,,0.0
7089,102297526,5132451,121663,2024-2025,81,,,,,,,,0.0
7090,102298414,5132451,121663,2024-2025,82,,,,,,,,0.0
7091,102301497,5132451,121663,2024-2025,83,,,,,,,,0.0
7092,102302453,5132451,121663,2024-2025,84,,,,,,,,0.0
7093,102303001,5132451,121663,2024-2025,85,,,,,,,,0.0
7094,103013991,5132451,121663,2024-2025,86,,,,,,,,0.0
7095,103016644,5132451,121663,2024-2025,87,,,,,,,,0.0
7096,103017592,5132451,121663,2024-2025,88,,,,,,,,0.0
7097,103017864,5132451,121663,2024-2025,89,,,,,,,,0.0
7098,103017976,5132451,121663,2024-2025,90,,,,,,,,0.0
7099,103018172,5132451,121663,2024-2025,91,,,,,,,,0.0
7100,103018519,5132451,121663,2024-2025,92,,,,,,,,0.0
7101,103018672,5132451,121663,2024-2025,93,,,,,,,,0.0
7102,103018817,5132451,121663,2024-2025,94,,,,,,,,0.0
7103,103019174,5132451,121663,2024-2025,95,,,,,,,,0.0
7104,103019797,5132451,121663,2024-2025,96,,,,,,,,0.0
7105,103019924,5132451,121663,2024-2025,97,,,,,,,,0.0
7106,103020122,5132451,121663,2024-2025,98,,,,,,,,0.0
7107,103020218,5132451,121663,2024-2025,99,,,,,,,,0.0
7108,103020311,5132451,121663,2024-2025,100,,,,,,,,0.0
7109,103274224,5132451,121663,2024-2025,101,,,,,,,,0.0
7110,103278376,5132451,121663,2024-2025,102,,,,,,,,0.0
7111,103282709,5132451,121663,2024-2025,103,,,,,,,,0.0
7112,103283353,5132451,121663,2024-2025,104,,,,,,,,0.0
7113,103284342,5132451,121663,2024-2025,105,,,,,,,,0.0
7114,103289715,5132451,121663,2024-2025,106,,,,,,,,0.0
7115,103599476,5132451,121663,2024-2025,107,XV Finance Commission,225426.0,225426.0,225426.0,225426.0,,,208387.0
7116,115241738,5541906,121663,2025-2026,1,,20000.0,,,,,,0.0
7117,125960240,5541906,121663,2025-2026,2,,40000.0,,,,,,0.0
7118,125960302,5541906,121663,2025-2026,3,,3500.0,,,,,,0.0
7119,125960329,5541906,121663,2025-2026,4,,3500.0,,,,,,0.0
7120,125960359,5541906,121663,2025-2026,5,,3500.0,,,,,,0.0
7121,125959525,5541906,121663,2025-2026,6,XV Finance Commission,100000.0,100000.0,100000.0,100000.0,,,100000.0
7122,125959551,5541906,121663,2025-2026,7,XV Finance Commission,339567.0,339567.0,339567.0,339567.0,,,305610.0
7123,125960265,5541906,121663,2025-2026,8,,30000.0,,,,,,0.0
7124,125961151,5541906,121663,2025-2026,9,,80900.0,,,,,,0.0
7125,125961164,5541906,121663,2025-2026,10,,419856.0,,,,,,0.0
7126,125959658,5541906,121663,2025-2026,11,,40000.0,,,,,,0.0
7127,125961174,5541906,121663,2025-2026,12,,23000.0,,,,,,0.0
7128,125961168,5541906,121663,2025-2026,13,XV Finance Commission,117000.0,117000.0,117000.0,117000.0,,,58500.0
7129,125961193,5541906,121663,2025-2026,14,5TH STATE FINANCE COMMISSION,250000.0,250000.0,250000.0,250000.0,,,225000.0
7130,125961224,5541906,121663,2025-2026,15,5TH STATE FINANCE COMMISSION,30000.0,30000.0,30000.0,30000.0,,,30000.0
7131,125961209,5541906,121663,2025-2026,16,5TH STATE FINANCE COMMISSION,200000.0,200000.0,200000.0,200000.0,,,58359.0
7132,125959749,5541906,121663,2025-2026,17,,36167.0,,,,,,0.0
7133,125959644,5541906,121663,2025-2026,18,,30000.0,,,,,,0.0
7134,125959677,5541906,121663,2025-2026,19,,24900.0,,,,,,0.0
7135,125966218,5541906,121663,2025-2026,20,,,,,,,,0.0
7136,125966256,5541906,121663,2025-2026,21,,,,,,,,0.0
7137,125966233,5541906,121663,2025-2026,22,,,,,,,,0.0
7138,125966336,5541906,121663,2025-2026,23,,,,,,,,0.0
7139,125966377,5541906,121663,2025-2026,24,,,,,,,,0.0
7140,125966392,5541906,121663,2025-2026,25,,,,,,,,0.0
7141,125966420,5541906,121663,2025-2026,26,,,,,,,,0.0
7142,125966406,5541906,121663,2025-2026,27,,,,,,,,0.0
7143,125966735,5541906,121663,2025-2026,28,,,,,,,,0.0
7144,125966727,5541906,121663,2025-2026,29,,,,,,,,0.0
7145,125966787,5541906,121663,2025-2026,30,,1.0,,,,,,0.0
7146,125966801,5541906,121663,2025-2026,31,,1.0,,,,,,0.0
7147,125966804,5541906,121663,2025-2026,32,,1.0,,,,,,0.0
7148,125966811,5541906,121663,2025-2026,33,,1.0,,,,,,0.0
7149,125966816,5541906,121663,2025-2026,34,,1.0,,,,,,0.0
7150,125966822,5541906,121663,2025-2026,35,,1.0,,,,,,0.0
7151,125966824,5541906,121663,2025-2026,36,,1.0,,,,,,0.0
7152,125966831,5541906,121663,2025-2026,37,,1.0,,,,,,0.0
7153,125966834,5541906,121663,2025-2026,38,,1.0,,,,,,0.0
7154,125966839,5541906,121663,2025-2026,39,,1.0,,,,,,0.0
7155,125966778,5541906,121663,2025-2026,40,,1.0,,,,,,0.0
7156,125966782,5541906,121663,2025-2026,41,,1.0,,,,,,0.0
7157,125966819,5541906,121663,2025-2026,42,,1.0,,,,,,0.0
7158,125966864,5541906,121663,2025-2026,43,,1.0,,,,,,0.0
7159,125966874,5541906,121663,2025-2026,44,,1.0,,,,,,0.0
7160,125967114,5541906,121663,2025-2026,45,,1.0,,,,,,0.0
7161,125966090,5541906,121663,2025-2026,46,,,,,,,,0.0
7162,125967119,5541906,121663,2025-2026,47,,1.0,,,,,,0.0
7163,125967126,5541906,121663,2025-2026,48,,1.0,,,,,,0.0
7164,125967130,5541906,121663,2025-2026,49,,1.0,,,,,,0.0
7165,125967134,5541906,121663,2025-2026,50,,1.0,,,,,,0.0
7166,125967105,5541906,121663,2025-2026,51,,1.0,,,,,,0.0
7167,125967139,5541906,121663,2025-2026,52,,1.0,,,,,,0.0
7168,125967152,5541906,121663,2025-2026,53,,1.0,,,,,,0.0
7169,125967155,5541906,121663,2025-2026,54,,1.0,,,,,,0.0
7170,125967158,5541906,121663,2025-2026,55,,1.0,,,,,,0.0
7171,125967164,5541906,121663,2025-2026,56,,1.0,,,,,,0.0
7172,125967149,5541906,121663,2025-2026,57,,1.0,,,,,,0.0
7173,125967167,5541906,121663,2025-2026,58,,1.0,,,,,,0.0
7174,125966147,5541906,121663,2025-2026,59,,,,,,,,0.0
7175,125967180,5541906,121663,2025-2026,60,,1.0,,,,,,0.0
7176,125967175,5541906,121663,2025-2026,61,,1.0,,,,,,0.0
7177,119837441,5541906,121663,2025-2026,62,,,,,,,,0.0
7178,119956258,5541906,121663,2025-2026,63,,,,,,,,0.0
7179,119956574,5541906,121663,2025-2026,64,,,,,,,,0.0
7180,119956732,5541906,121663,2025-2026,65,,,,,,,,0.0
7181,119958578,5541906,121663,2025-2026,66,,,,,,,,0.0
7182,120125467,5541906,121663,2025-2026,67,,,,,,,,0.0
7183,120132360,5541906,121663,2025-2026,68,,,,,,,,0.0
7184,120132796,5541906,121663,2025-2026,69,,,,,,,,0.0
7185,125961177,5541906,121663,2025-2026,70,,12000.0,,,,,,0.0
7186,125961216,5541906,121663,2025-2026,71,,73844.0,,,,,,0.0
7187,125966349,5541906,121663,2025-2026,72,,,,,,,,0.0
7188,125966792,5541906,121663,2025-2026,73,,1.0,,,,,,0.0
7189,125966867,5541906,121663,2025-2026,74,,1.0,,,,,,0.0
7190,125967108,5541906,121663,2025-2026,75,,1.0,,,,,,0.0
7191,119835866,5541906,121663,2025-2026,76,,,,,,,,0.0
7192,119837252,5541906,121663,2025-2026,77,,,,,,,,0.0
7193,119957199,5541906,121663,2025-2026,78,,,,,,,,0.0
7194,119957637,5541906,121663,2025-2026,79,,,,,,,,0.0
7195,119957822,5541906,121663,2025-2026,80,,,,,,,,0.0
7196,125959616,5541906,121663,2025-2026,81,XV Finance Commission,144000.0,144000.0,144000.0,144000.0,,,132000.0
7197,119958011,5541906,121663,2025-2026,82,,,,,,,,0.0
7198,120126768,5541906,121663,2025-2026,83,,,,,,,,0.0
7199,120142971,5541906,121663,2025-2026,84,,,,,,,,0.0
7200,120143286,5541906,121663,2025-2026,85,,,,,,,,0.0
7201,120683412,5541906,121663,2025-2026,86,,,,,,,,0.0
7202,125959597,5541906,121663,2025-2026,87,,90000.0,,,,,,0.0
7203,125960270,5541906,121663,2025-2026,88,,30000.0,,,,,,0.0
7204,125960314,5541906,121663,2025-2026,89,,3500.0,,,,,,0.0
7205,125960343,5541906,121663,2025-2026,90,,3500.0,,,,,,0.0
7206,125960391,5541906,121663,2025-2026,91,,3500.0,,,,,,0.0
7207,125960398,5541906,121663,2025-2026,92,,3500.0,,,,,,0.0
7208,125966166,5541906,121663,2025-2026,93,,,,,,,,0.0
7209,125966190,5541906,121663,2025-2026,94,,,,,,,,0.0
7210,125966202,5541906,121663,2025-2026,95,,,,,,,,0.0
7211,120666767,5541906,121663,2025-2026,96,,,,,,,,0.0
7212,120667452,5541906,121663,2025-2026,97,,,,,,,,0.0
7213,120667655,5541906,121663,2025-2026,98,,,,,,,,0.0
7214,120667125,5541906,121663,2025-2026,99,,,,,,,,0.0
7215,120667902,5541906,121663,2025-2026,100,,,,,,,,0.0
7216,120668252,5541906,121663,2025-2026,101,,,,,,,,0.0
7217,120670976,5541906,121663,2025-2026,102,,,,,,,,0.0
7218,120669879,5541906,121663,2025-2026,103,,,,,,,,0.0
7219,120670138,5541906,121663,2025-2026,104,,,,,,,,0.0
7220,120683710,5541906,121663,2025-2026,105,,,,,,,,0.0
7221,120683508,5541906,121663,2025-2026,106,,,,,,,,0.0
7222,120683938,5541906,121663,2025-2026,107,,,,,,,,0.0
7223,125959569,5541906,121663,2025-2026,108,XV Finance Commission,50000.0,50000.0,50000.0,50000.0,,,0.0
7224,119752085,5541906,121663,2025-2026,109,,,,,,,,0.0
7225,119794961,5541906,121663,2025-2026,110,,,,,,,,0.0
7226,119800195,5541906,121663,2025-2026,111,,,,,,,,0.0
7227,119801022,5541906,121663,2025-2026,112,,,,,,,,0.0
7228,119801579,5541906,121663,2025-2026,113,,,,,,,,0.0
7229,119802029,5541906,121663,2025-2026,114,,,,,,,,0.0
7230,119802475,5541906,121663,2025-2026,115,,,,,,,,0.0
7231,119802855,5541906,121663,2025-2026,116,,,,,,,,0.0
7232,119803202,5541906,121663,2025-2026,117,,,,,,,,0.0
7233,119803999,5541906,121663,2025-2026,118,,,,,,,,0.0
7234,119805664,5541906,121663,2025-2026,119,,,,,,,,0.0
7235,119806008,5541906,121663,2025-2026,120,,,,,,,,0.0
7236,119806716,5541906,121663,2025-2026,121,,,,,,,,0.0
7237,119829405,5541906,121663,2025-2026,122,,,,,,,,0.0
7238,119829558,5541906,121663,2025-2026,123,,,,,,,,0.0
7239,119829699,5541906,121663,2025-2026,124,,,,,,,,0.0
7240,119830718,5541906,121663,2025-2026,125,,,,,,,,0.0
7241,119830382,5541906,121663,2025-2026,126,,,,,,,,0.0
7242,119831398,5541906,121663,2025-2026,127,,,,,,,,0.0
7243,119832586,5541906,121663,2025-2026,128,,,,,,,,0.0
7244,119834103,5541906,121663,2025-2026,129,,,,,,,,0.0
7245,119834250,5541906,121663,2025-2026,130,,,,,,,,0.0
7246,119834440,5541906,121663,2025-2026,131,,,,,,,,0.0
7247,119836972,5541906,121663,2025-2026,132,,,,,,,,0.0
7248,119834756,5541906,121663,2025-2026,133,,,,,,,,0.0
7249,119834866,5541906,121663,2025-2026,134,,,,,,,,0.0
7250,119835073,5541906,121663,2025-2026,135,,,,,,,,0.0
7251,119835201,5541906,121663,2025-2026,136,,,,,,,,0.0
7252,119837800,5541906,121663,2025-2026,137,,,,,,,,0.0
7253,119837972,5541906,121663,2025-2026,138,,,,,,,,0.0
7254,119839711,5541906,121663,2025-2026,139,,,,,,,,0.0
7255,119839796,5541906,121663,2025-2026,140,,,,,,,,0.0
7256,119838626,5541906,121663,2025-2026,141,,,,,,,,0.0
7257,119838758,5541906,121663,2025-2026,142,,,,,,,,0.0
7258,119956405,5541906,121663,2025-2026,143,,,,,,,,0.0
7259,119956937,5541906,121663,2025-2026,144,,,,,,,,0.0
7260,119957352,5541906,121663,2025-2026,145,,,,,,,,0.0
7261,119958139,5541906,121663,2025-2026,146,,,,,,,,0.0
7262,119958288,5541906,121663,2025-2026,147,,,,,,,,0.0
7263,119958421,5541906,121663,2025-2026,148,,,,,,,,0.0
7264,119956108,5541906,121663,2025-2026,149,,,,,,,,0.0
7265,119959198,5541906,121663,2025-2026,150,,,,,,,,0.0
7266,125961183,5541906,121663,2025-2026,151,5TH STATE FINANCE COMMISSION,250000.0,250000.0,250000.0,250000.0,,,225000.0
7267,120124502,5541906,121663,2025-2026,152,,,,,,,,0.0
7268,120125802,5541906,121663,2025-2026,153,,,,,,,,0.0
7269,120126116,5541906,121663,2025-2026,154,,,,,,,,0.0
7270,120126430,5541906,121663,2025-2026,155,,,,,,,,0.0
7271,120127195,5541906,121663,2025-2026,156,,,,,,,,0.0
7272,120127606,5541906,121663,2025-2026,157,,,,,,,,0.0
7273,120127962,5541906,121663,2025-2026,158,,,,,,,,0.0
7274,120128628,5541906,121663,2025-2026,159,,,,,,,,0.0
7275,120129092,5541906,121663,2025-2026,160,,,,,,,,0.0
7276,120130904,5541906,121663,2025-2026,161,,,,,,,,0.0
7277,120131312,5541906,121663,2025-2026,162,,,,,,,,0.0
7278,120131970,5541906,121663,2025-2026,163,,,,,,,,0.0
7279,120133131,5541906,121663,2025-2026,164,,,,,,,,0.0
7280,120133992,5541906,121663,2025-2026,165,,,,,,,,0.0
7281,120134359,5541906,121663,2025-2026,166,,,,,,,,0.0
7282,120134933,5541906,121663,2025-2026,167,,,,,,,,0.0
7283,120135206,5541906,121663,2025-2026,168,,,,,,,,0.0
7284,120135726,5541906,121663,2025-2026,169,,,,,,,,0.0
7285,120136291,5541906,121663,2025-2026,170,,,,,,,,0.0
7286,120134642,5541906,121663,2025-2026,171,,,,,,,,0.0
7287,120137241,5541906,121663,2025-2026,172,,,,,,,,0.0
7288,120137910,5541906,121663,2025-2026,173,,,,,,,,0.0
7289,120138596,5541906,121663,2025-2026,174,,,,,,,,0.0
7290,120138910,5541906,121663,2025-2026,175,,,,,,,,0.0
7291,120139356,5541906,121663,2025-2026,176,,,,,,,,0.0
7292,120139835,5541906,121663,2025-2026,177,,,,,,,,0.0
7293,120140236,5541906,121663,2025-2026,178,,,,,,,,0.0
7294,120140509,5541906,121663,2025-2026,179,,,,,,,,0.0
7295,120140936,5541906,121663,2025-2026,180,,,,,,,,0.0
7296,120141173,5541906,121663,2025-2026,181,,,,,,,,0.0
7297,120141918,5541906,121663,2025-2026,182,,,,,,,,0.0
7298,120142202,5541906,121663,2025-2026,183,,,,,,,,0.0
7299,120142605,5541906,121663,2025-2026,184,,,,,,,,0.0
7300,120143754,5541906,121663,2025-2026,185,,,,,,,,0.0
7301,120144163,5541906,121663,2025-2026,186,,,,,,,,0.0
7302,120144471,5541906,121663,2025-2026,187,,,,,,,,0.0
7303,120144804,5541906,121663,2025-2026,188,,,,,,,,0.0
7304,120145099,5541906,121663,2025-2026,189,,,,,,,,0.0
7305,120145453,5541906,121663,2025-2026,190,,,,,,,,0.0
7306,120146187,5541906,121663,2025-2026,191,,,,,,,,0.0
7307,125266228,5541906,121663,2025-2026,192,,,,,,,,0.0
7308,125339970,5541906,121663,2025-2026,193,,,,,,,,0.0
7309,125340182,5541906,121663,2025-2026,194,,,,,,,,0.0
7310,44434227,3145893,116350,2020-2021,1,XV Finance Commission,150000.0,150000.0,150000.0,150000.0,,,148970.0
7311,44434288,3145893,116350,2020-2021,2,XV Finance Commission,300000.0,300000.0,300000.0,300000.0,,,199618.0
7312,44434317,3145893,116350,2020-2021,3,,250000.0,,,,,,0.0
7313,44434352,3145893,116350,2020-2021,4,XV Finance Commission,95772.0,95772.0,95772.0,95772.0,,,95772.0
7314,44434774,3145893,116350,2020-2021,5,,150000.0,,,,,,0.0
7315,44434793,3145893,116350,2020-2021,6,,100000.0,,,,,,0.0
7316,44434838,3145893,116350,2020-2021,7,,100000.0,,,,,,0.0
7317,44434871,3145893,116350,2020-2021,8,5TH STATE FINANCE COMMISSION,100000.0,100000.0,100000.0,100000.0,,,30781.0
7318,44434893,3145893,116350,2020-2021,9,5TH STATE FINANCE COMMISSION,43120.0,43120.0,43120.0,43120.0,,,43000.0
7319,44434810,3145893,116350,2020-2021,10,,150000.0,,,,,,0.0
7320,44434249,3145893,116350,2020-2021,11,XV Finance Commission,100000.0,100000.0,100000.0,100000.0,,,99857.0
7321,44434680,3145893,116350,2020-2021,12,,20000.0,,,,,,0.0
7322,44434714,3145893,116350,2020-2021,13,,100000.0,,,,,,0.0
7323,44434533,3145893,116350,2020-2021,14,XV Finance Commission,180000.0,,180000.0,180000.0,,,180000.0
7324,44434332,3145893,116350,2020-2021,15,XV Finance Commission,70000.0,,70000.0,70000.0,,,70000.0
7325,44434659,3145893,116350,2020-2021,16,XV Finance Commission,48000.0,,48000.0,48000.0,,,48000.0
7326,44434761,3145893,116350,2020-2021,17,,500000.0,,,,,,0.0
7327,44434698,3145893,116350,2020-2021,18,XV Finance Commission,117772.0,117772.0,117772.0,117772.0,,,116043.0
7328,50379756,3473576,116350,2020-2021,1,XV Finance Commission,160543.0,160543.0,160543.0,160543.0,,,140662.0
7329,50518845,3473576,116350,2020-2021,2,,193154.0,,,,,,0.0
7330,50518944,3473576,116350,2020-2021,3,,193154.0,,,,,,0.0
7331,50378946,3473576,116350,2020-2021,4,XV Finance Commission,150000.0,150000.0,150000.0,150000.0,,,149447.0
7332,50385618,3473576,116350,2020-2021,5,5TH STATE FINANCE COMMISSION,12000.0,12000.0,12000.0,12000.0,,,10494.0
7333,50386819,3473576,116350,2020-2021,6,5TH STATE FINANCE COMMISSION,178274.0,178274.0,178274.0,178274.0,,,147863.0
7334,50384996,3473576,116350,2020-2021,7,,11239.0,,,,,,0.0
7335,50380926,3473576,116350,2020-2021,8,XV Finance Commission,91381.0,91381.0,91381.0,91381.0,,,80575.0
7336,50379473,3473576,116350,2020-2021,9,XV Finance Commission,54492.0,54492.0,54492.0,54492.0,,,54492.0
7337,50380394,3473576,116350,2020-2021,10,XV Finance Commission,54492.0,54492.0,54492.0,54492.0,,,54492.0
7338,50385180,3473576,116350,2020-2021,11,5TH STATE FINANCE COMMISSION,162137.0,162137.0,162137.0,162137.0,,,151011.0
7339,50380045,3473576,116350,2020-2021,12,XV Finance Commission,33002.0,33002.0,33002.0,33002.0,,,33002.0
7340,50378089,3473576,116350,2020-2021,13,,200000.0,,,,,,0.0
7341,50386322,3473576,116350,2020-2021,14,,4350.0,,,,,,0.0
7342,50509169,3473576,116350,2020-2021,15,,128624.0,,,,,,0.0
7343,50385378,3473576,116350,2020-2021,16,,90000.0,,,,,,0.0
7344,50386577,3473576,116350,2020-2021,17,5TH STATE FINANCE COMMISSION,30000.0,30000.0,30000.0,30000.0,,,30000.0
7345,50378563,3473576,116350,2020-2021,18,XV Finance Commission,200000.0,200000.0,200000.0,200000.0,,,199392.0
7346,50386093,3473576,116350,2020-2021,19,5TH STATE FINANCE COMMISSION,12000.0,12000.0,12000.0,12000.0,,,10494.0
7347,50380631,3473576,116350,2020-2021,20,XV Finance Commission,106090.0,106090.0,106090.0,106090.0,,,91347.0
7348,48945928,3379668,116350,2021-2022,1,5TH STATE FINANCE COMMISSION,73120.0,,73120.0,73120.0,,,34900.0
7349,48702295,3379668,116350,2021-2022,2,XV Finance Commission,200000.0,200000.0,200000.0,200000.0,,,199459.0
7350,48947102,3379668,116350,2021-2022,3,5TH STATE FINANCE COMMISSION,124917.0,,124917.0,124917.0,,,124700.0
7351,48702608,3379668,116350,2021-2022,4,XV Finance Commission,250000.0,250000.0,250000.0,250000.0,,,247804.0
7352,48945227,3379668,116350,2021-2022,5,XV Finance Commission,482917.0,482917.0,482917.0,482917.0,,,478810.0
7353,48947241,3379668,116350,2021-2022,6,5TH STATE FINANCE COMMISSION,100000.0,100000.0,100000.0,100000.0,,,100000.0
7354,48945604,3379668,116350,2021-2022,7,XV Finance Commission,330000.0,330000.0,330000.0,330000.0,,,328807.0
7355,48945351,3379668,116350,2021-2022,8,XV Finance Commission,150000.0,150000.0,150000.0,150000.0,,,148311.0
7356,48945423,3379668,116350,2021-2022,9,XV Finance Commission,150000.0,150000.0,150000.0,150000.0,,,148317.0
7357,48945521,3379668,116350,2021-2022,10,XV Finance Commission,335835.0,335835.0,335835.0,335835.0,,,334617.0
7358,48947039,3379668,116350,2021-2022,11,5TH STATE FINANCE COMMISSION,180000.0,,180000.0,180000.0,,,180000.0
7359,48946946,3379668,116350,2021-2022,12,5TH STATE FINANCE COMMISSION,48000.0,48000.0,48000.0,48000.0,,,44000.0
7360,48947511,3379668,116350,2021-2022,13,5TH STATE FINANCE COMMISSION,117083.0,117083.0,117083.0,117083.0,,,116975.0
7361,48945030,3379668,116350,2021-2022,14,XV Finance Commission,32918.0,32918.0,32918.0,32918.0,,,32853.0
7362,61656092,4107503,116350,2022-2023,1,,50000.0,,,,,,0.0
7363,61654669,4107503,116350,2022-2023,2,,100000.0,,,,,,0.0
7364,61655695,4107503,116350,2022-2023,3,,100000.0,,,,,,0.0
7365,61655898,4107503,116350,2022-2023,4,,78992.0,,,,,,0.0
7366,61655334,4107503,116350,2022-2023,5,,75000.0,,,,,,0.0
7367,61688421,4107503,116350,2022-2023,6,,108744.0,,,,,,0.0
7368,61654298,4107503,116350,2022-2023,7,,200000.0,,,,,,0.0
7369,61654557,4107503,116350,2022-2023,8,,50000.0,,,,,,0.0
7370,61654792,4107503,116350,2022-2023,9,,100000.0,,,,,,0.0
7371,61655118,4107503,116350,2022-2023,10,,118120.0,,,,,,0.0
7372,61655498,4107503,116350,2022-2023,11,,300000.0,,,,,,0.0
7373,61655596,4107503,116350,2022-2023,12,,130000.0,,,,,,0.0
7374,61655986,4107503,116350,2022-2023,13,,206744.0,,,,,,0.0
7375,61656211,4107503,116350,2022-2023,14,,100000.0,,,,,,0.0
7376,61688040,4107503,116350,2022-2023,15,,80000.0,,,,,,0.0
7377,61688279,4107503,116350,2022-2023,16,,220000.0,,,,,,0.0
7378,61688546,4107503,116350,2022-2023,17,XV Finance Commission,48000.0,48000.0,48000.0,48000.0,,,48000.0
7379,61656325,4107503,116350,2022-2023,18,XV Finance Commission,100000.0,100000.0,100000.0,100000.0,,,0.0
7380,65640607,4336856,116350,2022-2023,1,5TH STATE FINANCE COMMISSION,200000.0,200000.0,200000.0,200000.0,,,199447.0
7381,65647752,4336856,116350,2022-2023,2,XV Finance Commission,5150.0,5150.0,5150.0,5150.0,,,5150.0
7382,65640900,4336856,116350,2022-2023,3,,108992.0,,,,,,0.0
7383,65640793,4336856,116350,2022-2023,4,XV Finance Commission,400000.0,400000.0,400000.0,400000.0,,,399904.0
7384,65647782,4336856,116350,2022-2023,5,,75000.0,,,,,,0.0
7385,65647846,4336856,116350,2022-2023,6,,10000.0,,,,,,0.0
7386,65647910,4336856,116350,2022-2023,7,,72000.0,,,,,,0.0
7387,65647242,4336856,116350,2022-2023,8,XV Finance Commission,200000.0,200000.0,200000.0,200000.0,,,200000.0
7388,65647681,4336856,116350,2022-2023,9,XV Finance Commission,114594.0,114594.0,114594.0,114594.0,,,112995.0
7389,65647815,4336856,116350,2022-2023,10,,8000.0,,,,,,0.0
7390,65647886,4336856,116350,2022-2023,11,,15000.0,,,,,,0.0
7391,65647344,4336856,116350,2022-2023,12,XV Finance Commission,50000.0,50000.0,50000.0,50000.0,,,49500.0
7392,65647203,4336856,116350,2022-2023,13,XV Finance Commission,128744.0,128744.0,128744.0,128744.0,,,128724.0
7393,65640647,4336856,116350,2022-2023,14,5TH STATE FINANCE COMMISSION,200000.0,200000.0,200000.0,200000.0,,,197683.0
7394,65640848,4336856,116350,2022-2023,15,XV Finance Commission,100000.0,100000.0,100000.0,100000.0,,,99753.0
7395,65647221,4336856,116350,2022-2023,16,XV Finance Commission,80000.0,80000.0,80000.0,80000.0,,,80000.0
7396,65640676,4336856,116350,2022-2023,17,5TH STATE FINANCE COMMISSION,118120.0,118120.0,118120.0,118120.0,,,0.0
7397,65640722,4336856,116350,2022-2023,18,5TH STATE FINANCE COMMISSION,125000.0,125000.0,125000.0,125000.0,,,4183.0
7398,65647385,4336856,116350,2022-2023,19,XV Finance Commission,107000.0,107000.0,107000.0,107000.0,,,107000.0
7399,82845756,4659995,116350,2023-2024,1,,100000.0,,,,,,0.0
7400,82846674,4659995,116350,2023-2024,2,,100000.0,,,,,,0.0
7401,82847548,4659995,116350,2023-2024,3,,100000.0,,,,,,0.0
7402,82860681,4659995,116350,2023-2024,4,,200000.0,,,,,,0.0
7403,76548470,4659995,116350,2023-2024,5,,,,,,,,0.0
7404,76550258,4659995,116350,2023-2024,6,,,,,,,,0.0
7405,76551891,4659995,116350,2023-2024,7,,,,,,,,0.0
7406,76554062,4659995,116350,2023-2024,8,,,,,,,,0.0
7407,76557886,4659995,116350,2023-2024,9,,,,,,,,0.0
7408,76561252,4659995,116350,2023-2024,10,,,,,,,,0.0
7409,76562522,4659995,116350,2023-2024,11,,,,,,,,0.0
7410,76565463,4659995,116350,2023-2024,12,,,,,,,,0.0
7411,76567063,4659995,116350,2023-2024,13,,,,,,,,0.0
7412,76571285,4659995,116350,2023-2024,14,,,,,,,,0.0
7413,76574548,4659995,116350,2023-2024,15,,,,,,,,0.0
7414,76576762,4659995,116350,2023-2024,16,,,,,,,,0.0
7415,76577989,4659995,116350,2023-2024,17,,,,,,,,0.0
7416,76580508,4659995,116350,2023-2024,18,,,,,,,,0.0
7417,77022717,4659995,116350,2023-2024,19,,,,,,,,0.0
7418,77222350,4659995,116350,2023-2024,20,,,,,,,,0.0
7419,77222608,4659995,116350,2023-2024,21,,,,,,,,0.0
7420,77222875,4659995,116350,2023-2024,22,,,,,,,,0.0
7421,77223125,4659995,116350,2023-2024,23,,,,,,,,0.0
7422,77223383,4659995,116350,2023-2024,24,,,,,,,,0.0
7423,77223574,4659995,116350,2023-2024,25,,,,,,,,0.0
7424,77223791,4659995,116350,2023-2024,26,,,,,,,,0.0
7425,77224006,4659995,116350,2023-2024,27,,,,,,,,0.0
7426,77224210,4659995,116350,2023-2024,28,,,,,,,,0.0
7427,77224356,4659995,116350,2023-2024,29,,,,,,,,0.0
7428,77224535,4659995,116350,2023-2024,30,,,,,,,,0.0
7429,77224699,4659995,116350,2023-2024,31,,,,,,,,0.0
7430,77224867,4659995,116350,2023-2024,32,,,,,,,,0.0
7431,77225186,4659995,116350,2023-2024,33,,,,,,,,0.0
7432,77225410,4659995,116350,2023-2024,34,,,,,,,,0.0
7433,77225635,4659995,116350,2023-2024,35,,,,,,,,0.0
7434,77225857,4659995,116350,2023-2024,36,,,,,,,,0.0
7435,77226115,4659995,116350,2023-2024,37,,,,,,,,0.0
7436,77226501,4659995,116350,2023-2024,38,,,,,,,,0.0
7437,77226704,4659995,116350,2023-2024,39,,,,,,,,0.0
7438,77227161,4659995,116350,2023-2024,40,,,,,,,,0.0
7439,77227462,4659995,116350,2023-2024,41,,,,,,,,0.0
7440,77227817,4659995,116350,2023-2024,42,,,,,,,,0.0
7441,77228026,4659995,116350,2023-2024,43,,,,,,,,0.0
7442,77285748,4659995,116350,2023-2024,44,,,,,,,,0.0
7443,77286839,4659995,116350,2023-2024,45,,,,,,,,0.0
7444,77287395,4659995,116350,2023-2024,46,,,,,,,,0.0
7445,77288249,4659995,116350,2023-2024,47,,,,,,,,0.0
7446,77290116,4659995,116350,2023-2024,48,,,,,,,,0.0
7447,77291194,4659995,116350,2023-2024,49,,,,,,,,0.0
7448,77294180,4659995,116350,2023-2024,50,,,,,,,,0.0
7449,77296197,4659995,116350,2023-2024,51,,,,,,,,0.0
7450,77297658,4659995,116350,2023-2024,52,,,,,,,,0.0
7451,77298704,4659995,116350,2023-2024,53,,,,,,,,0.0
7452,77300044,4659995,116350,2023-2024,54,,,,,,,,0.0
7453,77572957,4659995,116350,2023-2024,55,,,,,,,,0.0
7454,77573393,4659995,116350,2023-2024,56,,,,,,,,0.0
7455,77574093,4659995,116350,2023-2024,57,,,,,,,,0.0
7456,77574393,4659995,116350,2023-2024,58,,,,,,,,0.0
7457,77575302,4659995,116350,2023-2024,59,,,,,,,,0.0
7458,77575718,4659995,116350,2023-2024,60,,,,,,,,0.0
7459,77575994,4659995,116350,2023-2024,61,,,,,,,,0.0
7460,77576148,4659995,116350,2023-2024,62,,,,,,,,0.0
7461,77576384,4659995,116350,2023-2024,63,,,,,,,,0.0
7462,77576594,4659995,116350,2023-2024,64,,,,,,,,0.0
7463,77578031,4659995,116350,2023-2024,65,,,,,,,,0.0
7464,77578862,4659995,116350,2023-2024,66,,,,,,,,0.0
7465,77581288,4659995,116350,2023-2024,67,,,,,,,,0.0
7466,78483302,4659995,116350,2023-2024,68,,,,,,,,0.0
7467,78483678,4659995,116350,2023-2024,69,,,,,,,,0.0
7468,78484531,4659995,116350,2023-2024,70,,,,,,,,0.0
7469,78484900,4659995,116350,2023-2024,71,,,,,,,,0.0
7470,78485217,4659995,116350,2023-2024,72,,,,,,,,0.0
7471,78486028,4659995,116350,2023-2024,73,,,,,,,,0.0
7472,78486703,4659995,116350,2023-2024,74,,,,,,,,0.0
7473,78487136,4659995,116350,2023-2024,75,,,,,,,,0.0
7474,78488734,4659995,116350,2023-2024,76,,,,,,,,0.0
7475,78489048,4659995,116350,2023-2024,77,,,,,,,,0.0
7476,78489962,4659995,116350,2023-2024,78,,,,,,,,0.0
7477,78490332,4659995,116350,2023-2024,79,,,,,,,,0.0
7478,79112158,4659995,116350,2023-2024,80,,,,,,,,0.0
7479,79112732,4659995,116350,2023-2024,81,,,,,,,,0.0
7480,79113767,4659995,116350,2023-2024,82,,,,,,,,0.0
7481,79115307,4659995,116350,2023-2024,83,,,,,,,,0.0
7482,79115979,4659995,116350,2023-2024,84,,,,,,,,0.0
7483,79116494,4659995,116350,2023-2024,85,,,,,,,,0.0
7484,79116825,4659995,116350,2023-2024,86,,,,,,,,0.0
7485,79117239,4659995,116350,2023-2024,87,,,,,,,,0.0
7486,79117799,4659995,116350,2023-2024,88,,,,,,,,0.0
7487,79119341,4659995,116350,2023-2024,89,,,,,,,,0.0
7488,79120344,4659995,116350,2023-2024,90,,,,,,,,0.0
7489,79120770,4659995,116350,2023-2024,91,,,,,,,,0.0
7490,79122176,4659995,116350,2023-2024,92,,,,,,,,0.0
7491,79122770,4659995,116350,2023-2024,93,,,,,,,,0.0
7492,79123435,4659995,116350,2023-2024,94,,,,,,,,0.0
7493,79123919,4659995,116350,2023-2024,95,,,,,,,,0.0
7494,79133246,4659995,116350,2023-2024,96,,,,,,,,0.0
7495,79134272,4659995,116350,2023-2024,97,,,,,,,,0.0
7496,79135404,4659995,116350,2023-2024,98,,,,,,,,0.0
7497,79136040,4659995,116350,2023-2024,99,,,,,,,,0.0
7498,79136675,4659995,116350,2023-2024,100,,,,,,,,0.0
7499,79137185,4659995,116350,2023-2024,101,,,,,,,,0.0
7500,79137833,4659995,116350,2023-2024,102,,,,,,,,0.0
7501,79138279,4659995,116350,2023-2024,103,,,,,,,,0.0
7502,79141676,4659995,116350,2023-2024,104,,,,,,,,0.0
7503,79142084,4659995,116350,2023-2024,105,,,,,,,,0.0
7504,79142524,4659995,116350,2023-2024,106,,,,,,,,0.0
7505,79142876,4659995,116350,2023-2024,107,,,,,,,,0.0
7506,79144076,4659995,116350,2023-2024,108,,,,,,,,0.0
7507,79144423,4659995,116350,2023-2024,109,,,,,,,,0.0
7508,79144908,4659995,116350,2023-2024,110,,,,,,,,0.0
7509,81807728,4659995,116350,2023-2024,111,,10300.0,,,,,,0.0
7510,81810184,4659995,116350,2023-2024,112,,10650.0,,,,,,0.0
7511,81810563,4659995,116350,2023-2024,113,,20000.0,,,,,,0.0
7512,81812326,4659995,116350,2023-2024,114,,10000.0,,,,,,0.0
7513,81928022,4659995,116350,2023-2024,115,,25000.0,,,,,,0.0
7514,81809079,4659995,116350,2023-2024,116,XV Finance Commission,593542.0,593542.0,593542.0,593542.0,,,593438.0
7515,81955225,4659995,116350,2023-2024,117,5TH STATE FINANCE COMMISSION,404432.0,404432.0,404432.0,404432.0,,,400133.0
7516,81958083,4659995,116350,2023-2024,118,,172448.0,,,,,,0.0
7517,82726253,4659995,116350,2023-2024,119,,100000.0,,,,,,0.0
7518,82730562,4659995,116350,2023-2024,120,,100000.0,,,,,,0.0
7519,82734648,4659995,116350,2023-2024,121,,100000.0,,,,,,0.0
7520,82735058,4659995,116350,2023-2024,122,,100000.0,,,,,,0.0
7521,82736399,4659995,116350,2023-2024,123,,100000.0,,,,,,0.0
7522,82736902,4659995,116350,2023-2024,124,,100000.0,,,,,,0.0
7523,82737293,4659995,116350,2023-2024,125,,100000.0,,,,,,0.0
7524,82737645,4659995,116350,2023-2024,126,,100000.0,,,,,,0.0
7525,82743049,4659995,116350,2023-2024,127,,100000.0,,,,,,0.0
7526,82743855,4659995,116350,2023-2024,128,,100000.0,,,,,,0.0
7527,82759348,4659995,116350,2023-2024,129,,24000.0,,,,,,0.0
7528,82844937,4659995,116350,2023-2024,130,,100000.0,,,,,,0.0
7529,82845314,4659995,116350,2023-2024,131,,100000.0,,,,,,0.0
7530,82846120,4659995,116350,2023-2024,132,,100000.0,,,,,,0.0
7531,82847128,4659995,116350,2023-2024,133,,100000.0,,,,,,0.0
7532,82848050,4659995,116350,2023-2024,134,,100000.0,,,,,,0.0
7533,82848492,4659995,116350,2023-2024,135,,100000.0,,,,,,0.0
7534,82849013,4659995,116350,2023-2024,136,,100000.0,,,,,,0.0
7535,82849591,4659995,116350,2023-2024,137,,100000.0,,,,,,0.0
7536,82850100,4659995,116350,2023-2024,138,,100000.0,,,,,,0.0
7537,82854313,4659995,116350,2023-2024,139,,100000.0,,,,,,0.0
7538,82855060,4659995,116350,2023-2024,140,,100000.0,,,,,,0.0
7539,82856129,4659995,116350,2023-2024,141,,100000.0,,,,,,0.0
7540,82856804,4659995,116350,2023-2024,142,,100000.0,,,,,,0.0
7541,82858974,4659995,116350,2023-2024,143,,100000.0,,,,,,0.0
7542,82863014,4659995,116350,2023-2024,144,,100000.0,,,,,,0.0
7543,82863341,4659995,116350,2023-2024,145,,100000.0,,,,,,0.0
7544,82863764,4659995,116350,2023-2024,146,,100000.0,,,,,,0.0
7545,82865214,4659995,116350,2023-2024,147,,100000.0,,,,,,0.0
7546,76555011,4659995,116350,2023-2024,148,,,,,,,,0.0
7547,77575533,4659995,116350,2023-2024,149,,,,,,,,0.0
7548,78487683,4659995,116350,2023-2024,150,,,,,,,,0.0
7549,78488329,4659995,116350,2023-2024,151,,,,,,,,0.0
7550,78489349,4659995,116350,2023-2024,152,,,,,,,,0.0
7551,79132821,4659995,116350,2023-2024,153,,,,,,,,0.0
7552,76539130,4659995,116350,2023-2024,154,,,,,,,,0.0
7553,76542190,4659995,116350,2023-2024,155,,,,,,,,0.0
7554,76584143,4659995,116350,2023-2024,156,,,,,,,,0.0
7555,76586385,4659995,116350,2023-2024,157,,,,,,,,0.0
7556,76588405,4659995,116350,2023-2024,158,,,,,,,,0.0
7557,76589351,4659995,116350,2023-2024,159,,,,,,,,0.0
7558,77018625,4659995,116350,2023-2024,160,,,,,,,,0.0
7559,77021336,4659995,116350,2023-2024,161,,,,,,,,0.0
7560,77226937,4659995,116350,2023-2024,162,,,,,,,,0.0
7561,77576765,4659995,116350,2023-2024,163,,,,,,,,0.0
7562,77576947,4659995,116350,2023-2024,164,,,,,,,,0.0
7563,77577772,4659995,116350,2023-2024,165,,,,,,,,0.0
7564,78490914,4659995,116350,2023-2024,166,,,,,,,,0.0
7565,78491379,4659995,116350,2023-2024,167,,,,,,,,0.0
7566,78491636,4659995,116350,2023-2024,168,,,,,,,,0.0
7567,78491930,4659995,116350,2023-2024,169,,,,,,,,0.0
7568,78492222,4659995,116350,2023-2024,170,,,,,,,,0.0
7569,79145679,4659995,116350,2023-2024,171,,,,,,,,0.0
7570,79145930,4659995,116350,2023-2024,172,,,,,,,,0.0
7571,79146194,4659995,116350,2023-2024,173,,,,,,,,0.0
7572,79146537,4659995,116350,2023-2024,174,,,,,,,,0.0
7573,79146926,4659995,116350,2023-2024,175,,,,,,,,0.0
7574,79107803,4659995,116350,2023-2024,176,,,,,,,,0.0
7575,79108625,4659995,116350,2023-2024,177,,,,,,,,0.0
7576,79109324,4659995,116350,2023-2024,178,,,,,,,,0.0
7577,79109779,4659995,116350,2023-2024,179,,,,,,,,0.0
7578,79110162,4659995,116350,2023-2024,180,,,,,,,,0.0
7579,79111411,4659995,116350,2023-2024,181,,,,,,,,0.0
7580,79118322,4659995,116350,2023-2024,182,,,,,,,,0.0
7581,79139486,4659995,116350,2023-2024,183,,,,,,,,0.0
7582,79140259,4659995,116350,2023-2024,184,,,,,,,,0.0
7583,82756563,4659995,116350,2023-2024,185,,5336.0,,,,,,0.0
7584,82693845,4659995,116350,2023-2024,186,,73500.0,,,,,,0.0
7585,82721199,4659995,116350,2023-2024,187,,69410.0,,,,,,0.0
7586,82688276,4659995,116350,2023-2024,188,XV Finance Commission,66000.0,66000.0,66000.0,66000.0,,,64604.0
7587,82716369,4659995,116350,2023-2024,189,,51574.0,,,,,,0.0
7588,82753880,4659995,116350,2023-2024,190,XV Finance Commission,100000.0,100000.0,100000.0,100000.0,,,100000.0
7589,82762912,4659995,116350,2023-2024,191,,100000.0,,,,,,0.0
7590,82746861,4659995,116350,2023-2024,192,,,,,,,,0.0
7591,82747104,4659995,116350,2023-2024,193,,,,,,,,0.0
7592,82747601,4659995,116350,2023-2024,194,,,,,,,,0.0
7593,82748084,4659995,116350,2023-2024,195,,,,,,,,0.0
7594,82748924,4659995,116350,2023-2024,196,,,,,,,,0.0
7595,82749303,4659995,116350,2023-2024,197,,,,,,,,0.0
7596,82761428,4659995,116350,2023-2024,198,,12238.0,,,,,,0.0
7597,82762410,4659995,116350,2023-2024,199,,400000.0,,,,,,0.0
7598,82753455,4659995,116350,2023-2024,200,,100000.0,,,,,,0.0
7599,81956350,4659995,116350,2023-2024,201,,80000.0,,,,,,0.0
7600,82755183,4659995,116350,2023-2024,202,XV Finance Commission,10000.0,10000.0,10000.0,10000.0,,,0.0
7601,81957492,4659995,116350,2023-2024,203,XV Finance Commission,48000.0,48000.0,48000.0,48000.0,,,48000.0
7602,82758183,4659995,116350,2023-2024,204,XV Finance Commission,280000.0,280000.0,280000.0,280000.0,,,280000.0
7603,81954553,4659995,116350,2023-2024,205,XV Finance Commission,128724.0,128724.0,128724.0,128724.0,,,128724.0
7604,127245884,5889465,116350,2023-2024,1,XV Finance Commission,51574.0,51574.0,51574.0,51574.0,,,51059.0
7605,127245789,5889465,116350,2023-2024,2,Own Funds,50000.0,50000.0,50000.0,50000.0,,,0.0
7606,99170258,5889465,116350,2023-2024,3,,,,,,,,0.0
7607,128251061,5986521,116350,2023-2024,1,,80000.0,,,,,,0.0
7608,128251100,5986521,116350,2023-2024,2,XV Finance Commission,100000.0,100000.0,100000.0,100000.0,,,0.0
7609,128340982,5995754,116350,2023-2024,1,,10000.0,,,,,,0.0
7610,128340688,5995754,116350,2023-2024,2,5TH STATE FINANCE COMMISSION,80000.0,80000.0,80000.0,80000.0,,,80000.0
7611,99140345,5152422,116350,2024-2025,1,,,,,,,,0.0
7612,105446314,5152422,116350,2024-2025,2,XV Finance Commission,100000.0,100000.0,100000.0,100000.0,,,97331.0
7613,98709782,5152422,116350,2024-2025,3,,,,,,,,0.0
7614,98867753,5152422,116350,2024-2025,4,,,,,,,,0.0
7615,98877149,5152422,116350,2024-2025,5,,,,,,,,0.0
7616,98908373,5152422,116350,2024-2025,6,,,,,,,,0.0
7617,99000124,5152422,116350,2024-2025,7,,,,,,,,0.0
7618,99003684,5152422,116350,2024-2025,8,,,,,,,,0.0
7619,99047624,5152422,116350,2024-2025,9,,,,,,,,0.0
7620,99048588,5152422,116350,2024-2025,10,,,,,,,,0.0
7621,99092851,5152422,116350,2024-2025,11,,,,,,,,0.0
7622,99093066,5152422,116350,2024-2025,12,,,,,,,,0.0
7623,99093727,5152422,116350,2024-2025,13,,,,,,,,0.0
7624,99093383,5152422,116350,2024-2025,14,,,,,,,,0.0
7625,99093559,5152422,116350,2024-2025,15,,,,,,,,0.0
7626,99094346,5152422,116350,2024-2025,16,,,,,,,,0.0
7627,99101094,5152422,116350,2024-2025,17,,,,,,,,0.0
7628,99101505,5152422,116350,2024-2025,18,,,,,,,,0.0
7629,99101653,5152422,116350,2024-2025,19,,,,,,,,0.0
7630,99102280,5152422,116350,2024-2025,20,,,,,,,,0.0
7631,99104582,5152422,116350,2024-2025,21,,,,,,,,0.0
7632,99114350,5152422,116350,2024-2025,22,,,,,,,,0.0
7633,99114616,5152422,116350,2024-2025,23,,,,,,,,0.0
7634,99114858,5152422,116350,2024-2025,24,,,,,,,,0.0
7635,99117034,5152422,116350,2024-2025,25,,,,,,,,0.0
7636,99117043,5152422,116350,2024-2025,26,,,,,,,,0.0
7637,99117399,5152422,116350,2024-2025,27,,,,,,,,0.0
7638,99118546,5152422,116350,2024-2025,28,,,,,,,,0.0
7639,99123643,5152422,116350,2024-2025,29,,,,,,,,0.0
7640,99124178,5152422,116350,2024-2025,30,,,,,,,,0.0
7641,99124607,5152422,116350,2024-2025,31,,,,,,,,0.0
7642,99126974,5152422,116350,2024-2025,32,,,,,,,,0.0
7643,99127497,5152422,116350,2024-2025,33,,,,,,,,0.0
7644,99129919,5152422,116350,2024-2025,34,,,,,,,,0.0
7645,99130444,5152422,116350,2024-2025,35,,,,,,,,0.0
7646,99130651,5152422,116350,2024-2025,36,,,,,,,,0.0
7647,99130848,5152422,116350,2024-2025,37,,,,,,,,0.0
7648,99130880,5152422,116350,2024-2025,38,,,,,,,,0.0
7649,99131172,5152422,116350,2024-2025,39,,,,,,,,0.0
7650,99131586,5152422,116350,2024-2025,40,,,,,,,,0.0
7651,99132389,5152422,116350,2024-2025,41,,,,,,,,0.0
7652,99132114,5152422,116350,2024-2025,42,,,,,,,,0.0
7653,99133081,5152422,116350,2024-2025,43,,,,,,,,0.0
7654,99134131,5152422,116350,2024-2025,44,,,,,,,,0.0
7655,99134395,5152422,116350,2024-2025,45,,,,,,,,0.0
7656,99134687,5152422,116350,2024-2025,46,,,,,,,,0.0
7657,99134957,5152422,116350,2024-2025,47,,,,,,,,0.0
7658,99136943,5152422,116350,2024-2025,48,,,,,,,,0.0
7659,99138474,5152422,116350,2024-2025,49,,,,,,,,0.0
7660,99138729,5152422,116350,2024-2025,50,,,,,,,,0.0
7661,99140612,5152422,116350,2024-2025,51,,,,,,,,0.0
7662,99140843,5152422,116350,2024-2025,52,,,,,,,,0.0
7663,99141059,5152422,116350,2024-2025,53,,,,,,,,0.0
7664,99141563,5152422,116350,2024-2025,54,,,,,,,,0.0
7665,99142802,5152422,116350,2024-2025,55,,,,,,,,0.0
7666,99143047,5152422,116350,2024-2025,56,,,,,,,,0.0
7667,99143316,5152422,116350,2024-2025,57,,,,,,,,0.0
7668,99143848,5152422,116350,2024-2025,58,,,,,,,,0.0
7669,99138141,5152422,116350,2024-2025,59,,,,,,,,0.0
7670,99147941,5152422,116350,2024-2025,60,,,,,,,,0.0
7671,99148510,5152422,116350,2024-2025,61,,,,,,,,0.0
7672,99148796,5152422,116350,2024-2025,62,,,,,,,,0.0
7673,99149353,5152422,116350,2024-2025,63,,,,,,,,0.0
7674,99150102,5152422,116350,2024-2025,64,,,,,,,,0.0
7675,99151583,5152422,116350,2024-2025,65,,,,,,,,0.0
7676,99153690,5152422,116350,2024-2025,66,,,,,,,,0.0
7677,99154112,5152422,116350,2024-2025,67,,,,,,,,0.0
7678,99154396,5152422,116350,2024-2025,68,,,,,,,,0.0
7679,99154844,5152422,116350,2024-2025,69,,,,,,,,0.0
7680,99155909,5152422,116350,2024-2025,70,,,,,,,,0.0
7681,99155688,5152422,116350,2024-2025,71,,,,,,,,0.0
7682,99157000,5152422,116350,2024-2025,72,,,,,,,,0.0
7683,99158262,5152422,116350,2024-2025,73,,,,,,,,0.0
7684,99159409,5152422,116350,2024-2025,74,,,,,,,,0.0
7685,99161020,5152422,116350,2024-2025,75,,,,,,,,0.0
7686,99165245,5152422,116350,2024-2025,76,,,,,,,,0.0
7687,99166065,5152422,116350,2024-2025,77,,,,,,,,0.0
7688,99166514,5152422,116350,2024-2025,78,,,,,,,,0.0
7689,99168155,5152422,116350,2024-2025,79,,,,,,,,0.0
7690,99168686,5152422,116350,2024-2025,80,,,,,,,,0.0
7691,99170001,5152422,116350,2024-2025,81,,,,,,,,0.0
7692,99171004,5152422,116350,2024-2025,82,,,,,,,,0.0
7693,99171437,5152422,116350,2024-2025,83,,10000.0,,,,,,0.0
7694,99173351,5152422,116350,2024-2025,84,,,,,,,,0.0
7695,99173354,5152422,116350,2024-2025,85,,,,,,,,0.0
7696,99175277,5152422,116350,2024-2025,86,,,,,,,,0.0
7697,99175437,5152422,116350,2024-2025,87,,,,,,,,0.0
7698,99175723,5152422,116350,2024-2025,88,,,,,,,,0.0
7699,99296131,5152422,116350,2024-2025,89,,,,,,,,0.0
7700,99296634,5152422,116350,2024-2025,90,,,,,,,,0.0
7701,99297022,5152422,116350,2024-2025,91,,,,,,,,0.0
7702,99297803,5152422,116350,2024-2025,92,,,,,,,,0.0
7703,99298687,5152422,116350,2024-2025,93,,,,,,,,0.0
7704,99299128,5152422,116350,2024-2025,94,,,,,,,,0.0
7705,99299685,5152422,116350,2024-2025,95,,,,,,,,0.0
7706,99300892,5152422,116350,2024-2025,96,,,,,,,,0.0
7707,99300642,5152422,116350,2024-2025,97,,,,,,,,0.0
7708,99301553,5152422,116350,2024-2025,98,,,,,,,,0.0
7709,99302032,5152422,116350,2024-2025,99,,,,,,,,0.0
7710,105399201,5152422,116350,2024-2025,100,XV Finance Commission,300000.0,300000.0,300000.0,300000.0,,,300000.0
7711,105404519,5152422,116350,2024-2025,101,XV Finance Commission,60000.0,60000.0,60000.0,60000.0,,,60000.0
7712,105410403,5152422,116350,2024-2025,102,XV Finance Commission,115050.0,115050.0,115050.0,115050.0,,,115050.0
7713,105418828,5152422,116350,2024-2025,103,5TH STATE FINANCE COMMISSION,60000.0,,60000.0,60000.0,,,56364.0
7714,105424779,5152422,116350,2024-2025,104,,50000.0,,,,,,0.0
7715,105426088,5152422,116350,2024-2025,105,,300000.0,,,,,,0.0
7716,105433602,5152422,116350,2024-2025,106,XV Finance Commission,81750.0,81750.0,81750.0,81750.0,,,77500.0
7717,105426514,5152422,116350,2024-2025,107,,100000.0,,,,,,0.0
7718,105432466,5152422,116350,2024-2025,108,,,,,,,,0.0
7719,105439238,5152422,116350,2024-2025,109,XV Finance Commission,152756.0,152756.0,152756.0,152756.0,,,152340.0
7720,99092203,5152422,116350,2024-2025,110,,,,,,,,0.0
7721,99115123,5152422,116350,2024-2025,111,,,,,,,,0.0
7722,99118774,5152422,116350,2024-2025,112,,,,,,,,0.0
7723,99119264,5152422,116350,2024-2025,113,,,,,,,,0.0
7724,99119487,5152422,116350,2024-2025,114,,,,,,,,0.0
7725,99123094,5152422,116350,2024-2025,115,,,,,,,,0.0
7726,99298421,5152422,116350,2024-2025,116,,,,,,,,0.0
7727,99301716,5152422,116350,2024-2025,117,,,,,,,,0.0
7728,98422720,5152422,116350,2024-2025,118,,100000.0,,,,,,0.0
7729,98425797,5152422,116350,2024-2025,119,,,,,,,,0.0
7730,98430111,5152422,116350,2024-2025,120,,,,,,,,0.0
7731,98709086,5152422,116350,2024-2025,121,,,,,,,,0.0
7732,98711268,5152422,116350,2024-2025,122,,10.0,,,,,,0.0
7733,98712559,5152422,116350,2024-2025,123,,,,,,,,0.0
7734,98713514,5152422,116350,2024-2025,124,,,,,,,,0.0
7735,98714237,5152422,116350,2024-2025,125,,100000.0,,,,,,0.0
7736,98821199,5152422,116350,2024-2025,126,,,,,,,,0.0
7737,98862927,5152422,116350,2024-2025,127,,,,,,,,0.0
7738,98868735,5152422,116350,2024-2025,128,,,,,,,,0.0
7739,98907959,5152422,116350,2024-2025,129,,,,,,,,0.0
7740,98908854,5152422,116350,2024-2025,130,,,,,,,,0.0
7741,98928593,5152422,116350,2024-2025,131,,,,,,,,0.0
7742,98928912,5152422,116350,2024-2025,132,,,,,,,,0.0
7743,98960870,5152422,116350,2024-2025,133,,,,,,,,0.0
7744,98961370,5152422,116350,2024-2025,134,,,,,,,,0.0
7745,98961695,5152422,116350,2024-2025,135,,,,,,,,0.0
7746,98962460,5152422,116350,2024-2025,136,,,,,,,,0.0
7747,98999190,5152422,116350,2024-2025,137,,,,,,,,0.0
7748,99000859,5152422,116350,2024-2025,138,,,,,,,,0.0
7749,99091690,5152422,116350,2024-2025,139,,,,,,,,0.0
7750,99091819,5152422,116350,2024-2025,140,,,,,,,,0.0
7751,99092469,5152422,116350,2024-2025,141,,,,,,,,0.0
7752,99093182,5152422,116350,2024-2025,142,,,,,,,,0.0
7753,99100599,5152422,116350,2024-2025,143,,,,,,,,0.0
7754,99101797,5152422,116350,2024-2025,144,,,,,,,,0.0
7755,99102108,5152422,116350,2024-2025,145,,,,,,,,0.0
7756,99102767,5152422,116350,2024-2025,146,,,,,,,,0.0
7757,99103410,5152422,116350,2024-2025,147,,,,,,,,0.0
7758,99103562,5152422,116350,2024-2025,148,,,,,,,,0.0
7759,99103744,5152422,116350,2024-2025,149,,,,,,,,0.0
7760,99114129,5152422,116350,2024-2025,150,,,,,,,,0.0
7761,99117448,5152422,116350,2024-2025,151,,,,,,,,0.0
7762,99117836,5152422,116350,2024-2025,152,,,,,,,,0.0
7763,99119062,5152422,116350,2024-2025,153,,,,,,,,0.0
7764,99123602,5152422,116350,2024-2025,154,,,,,,,,0.0
7765,99127279,5152422,116350,2024-2025,155,,,,,,,,0.0
7766,99129574,5152422,116350,2024-2025,156,,,,,,,,0.0
7767,99131233,5152422,116350,2024-2025,157,,,,,,,,0.0
7768,99132163,5152422,116350,2024-2025,158,,,,,,,,0.0
7769,99132745,5152422,116350,2024-2025,159,,,,,,,,0.0
7770,99137203,5152422,116350,2024-2025,160,,,,,,,,0.0
7771,99137546,5152422,116350,2024-2025,161,,,,,,,,0.0
7772,99137881,5152422,116350,2024-2025,162,,,,,,,,0.0
7773,99139067,5152422,116350,2024-2025,163,,,,,,,,0.0
7774,99139244,5152422,116350,2024-2025,164,,,,,,,,0.0
7775,99141307,5152422,116350,2024-2025,165,,,,,,,,0.0
7776,99141860,5152422,116350,2024-2025,166,,,,,,,,0.0
7777,99143570,5152422,116350,2024-2025,167,,,,,,,,0.0
7778,99148270,5152422,116350,2024-2025,168,,,,,,,,0.0
7779,99149143,5152422,116350,2024-2025,169,,,,,,,,0.0
7780,99149579,5152422,116350,2024-2025,170,,,,,,,,0.0
7781,99149822,5152422,116350,2024-2025,171,,,,,,,,0.0
7782,99150325,5152422,116350,2024-2025,172,,,,,,,,0.0
7783,99151305,5152422,116350,2024-2025,173,,,,,,,,0.0
7784,99151786,5152422,116350,2024-2025,174,,,,,,,,0.0
7785,99153463,5152422,116350,2024-2025,175,,,,,,,,0.0
7786,99153897,5152422,116350,2024-2025,176,,,,,,,,0.0
7787,99154268,5152422,116350,2024-2025,177,,,,,,,,0.0
7788,99154602,5152422,116350,2024-2025,178,,,,,,,,0.0
7789,99155061,5152422,116350,2024-2025,179,,,,,,,,0.0
7790,99155406,5152422,116350,2024-2025,180,,,,,,,,0.0
7791,99156222,5152422,116350,2024-2025,181,,,,,,,,0.0
7792,99157309,5152422,116350,2024-2025,182,,,,,,,,0.0
7793,99157528,5152422,116350,2024-2025,183,,,,,,,,0.0
7794,99157709,5152422,116350,2024-2025,184,,,,,,,,0.0
7795,99157734,5152422,116350,2024-2025,185,,,,,,,,0.0
7796,99158041,5152422,116350,2024-2025,186,,,,,,,,0.0
7797,99158476,5152422,116350,2024-2025,187,,,,,,,,0.0
7798,99158485,5152422,116350,2024-2025,188,,,,,,,,0.0
7799,99158762,5152422,116350,2024-2025,189,,,,,,,,0.0
7800,99166568,5152422,116350,2024-2025,190,,,,,,,,0.0
7801,99166738,5152422,116350,2024-2025,191,,,,,,,,0.0
7802,99167524,5152422,116350,2024-2025,192,,,,,,,,0.0
7803,99169405,5152422,116350,2024-2025,193,,,,,,,,0.0
7804,99170025,5152422,116350,2024-2025,194,,,,,,,,0.0
7805,99170505,5152422,116350,2024-2025,195,,,,,,,,0.0
7806,99172128,5152422,116350,2024-2025,196,,,,,,,,0.0
7807,99172165,5152422,116350,2024-2025,197,,,,,,,,0.0
7808,99174043,5152422,116350,2024-2025,198,,70000.0,,,,,,0.0
7809,99174123,5152422,116350,2024-2025,199,,,,,,,,0.0
7810,99174719,5152422,116350,2024-2025,200,,,,,,,,0.0
7811,99175870,5152422,116350,2024-2025,201,,,,,,,,0.0
7812,99296321,5152422,116350,2024-2025,202,,,,,,,,0.0
7813,99297265,5152422,116350,2024-2025,203,,,,,,,,0.0
7814,99297462,5152422,116350,2024-2025,204,,,,,,,,0.0
7815,99298148,5152422,116350,2024-2025,205,,,,,,,,0.0
7816,99299331,5152422,116350,2024-2025,206,,,,,,,,0.0
7817,99299507,5152422,116350,2024-2025,207,,,,,,,,0.0
7818,99300423,5152422,116350,2024-2025,208,,,,,,,,0.0
7819,99301048,5152422,116350,2024-2025,209,,,,,,,,0.0
7820,99301402,5152422,116350,2024-2025,210,,,,,,,,0.0
7821,99301852,5152422,116350,2024-2025,211,,,,,,,,0.0
7822,105401496,5152422,116350,2024-2025,212,,50000.0,,,,,,0.0
7823,105407992,5152422,116350,2024-2025,213,,17500.0,,,,,,0.0
7824,105408347,5152422,116350,2024-2025,214,,21000.0,,,,,,0.0
7825,105408633,5152422,116350,2024-2025,215,,90000.0,,,,,,0.0
7826,105426875,5152422,116350,2024-2025,216,,50000.0,,,,,,0.0
7827,105430118,5152422,116350,2024-2025,217,,,,,,,,0.0
7828,105430373,5152422,116350,2024-2025,218,,,,,,,,0.0
7829,105430924,5152422,116350,2024-2025,219,,,,,,,,0.0
7830,105431441,5152422,116350,2024-2025,220,,,,,,,,0.0
7831,105431625,5152422,116350,2024-2025,221,,,,,,,,0.0
7832,105432042,5152422,116350,2024-2025,222,,,,,,,,0.0
7833,105444928,5152422,116350,2024-2025,223,XV Finance Commission,295917.0,295917.0,295917.0,295917.0,,,295485.0
7834,105446740,5152422,116350,2024-2025,224,,100000.0,,,,,,0.0
7835,105440256,5152422,116350,2024-2025,225,XV Finance Commission,192767.0,192767.0,192767.0,192767.0,,,120950.0
7836,105407657,5152422,116350,2024-2025,226,XV Finance Commission,5150.0,5150.0,5150.0,5150.0,,,0.0
7837,105419399,5152422,116350,2024-2025,227,5TH STATE FINANCE COMMISSION,150000.0,150000.0,150000.0,150000.0,,,149580.0
7838,105423899,5152422,116350,2024-2025,228,5TH STATE FINANCE COMMISSION,83230.0,83230.0,83230.0,83230.0,,,0.0
7839,105399843,5152422,116350,2024-2025,229,XV Finance Commission,150000.0,150000.0,150000.0,150000.0,,,149744.0
7840,105419843,5152422,116350,2024-2025,230,5TH STATE FINANCE COMMISSION,300000.0,300000.0,300000.0,300000.0,,,300000.0
7841,128250807,5986323,116350,2024-2025,1,,90000.0,,,,,,0.0
7842,128250915,5986323,116350,2024-2025,2,,,,,,,,0.0
7843,128251376,5986323,116350,2024-2025,3,,,,,,,,0.0
7844,114767147,5539627,116350,2025-2026,1,,,,,,,,0.0
7845,118085954,5539627,116350,2025-2026,2,,,,,,,,0.0
7846,118086239,5539627,116350,2025-2026,3,,,,,,,,0.0
7847,118083720,5539627,116350,2025-2026,4,,,,,,,,0.0
7848,118084245,5539627,116350,2025-2026,5,,,,,,,,0.0
7849,118084694,5539627,116350,2025-2026,6,,,,,,,,0.0
7850,118086854,5539627,116350,2025-2026,7,,,,,,,,0.0
7851,118092603,5539627,116350,2025-2026,8,,,,,,,,0.0
7852,118089139,5539627,116350,2025-2026,9,,,,,,,,0.0
7853,118090284,5539627,116350,2025-2026,10,,,,,,,,0.0
7854,118091579,5539627,116350,2025-2026,11,,,,,,,,0.0
7855,118091935,5539627,116350,2025-2026,12,,,,,,,,0.0
7856,118092244,5539627,116350,2025-2026,13,,,,,,,,0.0
7857,118093154,5539627,116350,2025-2026,14,,,,,,,,0.0
7858,118093720,5539627,116350,2025-2026,15,,,,,,,,0.0
7859,118107609,5539627,116350,2025-2026,16,,,,,,,,0.0
7860,118108142,5539627,116350,2025-2026,17,,,,,,,,0.0
7861,118107403,5539627,116350,2025-2026,18,,,,,,,,0.0
7862,118107700,5539627,116350,2025-2026,19,,,,,,,,0.0
7863,118107770,5539627,116350,2025-2026,20,,,,,,,,0.0
7864,118107806,5539627,116350,2025-2026,21,,,,,,,,0.0
7865,118107855,5539627,116350,2025-2026,22,,,,,,,,0.0
7866,118107881,5539627,116350,2025-2026,23,,,,,,,,0.0
7867,118107909,5539627,116350,2025-2026,24,,,,,,,,0.0
7868,118107922,5539627,116350,2025-2026,25,,,,,,,,0.0
7869,118107933,5539627,116350,2025-2026,26,,,,,,,,0.0
7870,118108083,5539627,116350,2025-2026,27,,,,,,,,0.0
7871,118108098,5539627,116350,2025-2026,28,,,,,,,,0.0
7872,118108061,5539627,116350,2025-2026,29,,,,,,,,0.0
7873,118108115,5539627,116350,2025-2026,30,,,,,,,,0.0
7874,118107989,5539627,116350,2025-2026,31,,,,,,,,0.0
7875,118107956,5539627,116350,2025-2026,32,,,,,,,,0.0
7876,118107976,5539627,116350,2025-2026,33,,,,,,,,0.0
7877,118108002,5539627,116350,2025-2026,34,,,,,,,,0.0
7878,118108191,5539627,116350,2025-2026,35,,,,,,,,0.0
7879,118108331,5539627,116350,2025-2026,36,,,,,,,,0.0
7880,118110236,5539627,116350,2025-2026,37,,,,,,,,0.0
7881,118110342,5539627,116350,2025-2026,38,,,,,,,,0.0
7882,118111340,5539627,116350,2025-2026,39,,,,,,,,0.0
7883,118111442,5539627,116350,2025-2026,40,,,,,,,,0.0
7884,118111030,5539627,116350,2025-2026,41,,,,,,,,0.0
7885,118111248,5539627,116350,2025-2026,42,,,,,,,,0.0
7886,118111138,5539627,116350,2025-2026,43,,,,,,,,0.0
7887,118112121,5539627,116350,2025-2026,44,,,,,,,,0.0
7888,118111864,5539627,116350,2025-2026,45,,,,,,,,0.0
7889,118112881,5539627,116350,2025-2026,46,,,,,,,,0.0
7890,118113870,5539627,116350,2025-2026,47,,,,,,,,0.0
7891,118113354,5539627,116350,2025-2026,48,,,,,,,,0.0
7892,118114528,5539627,116350,2025-2026,49,,,,,,,,0.0
7893,118115029,5539627,116350,2025-2026,50,,,,,,,,0.0
7894,118114786,5539627,116350,2025-2026,51,,,,,,,,0.0
7895,118114897,5539627,116350,2025-2026,52,,,,,,,,0.0
7896,118114115,5539627,116350,2025-2026,53,,,,,,,,0.0
7897,118114652,5539627,116350,2025-2026,54,,,,,,,,0.0
7898,118115240,5539627,116350,2025-2026,55,,,,,,,,0.0
7899,118236842,5539627,116350,2025-2026,56,,,,,,,,0.0
7900,118236444,5539627,116350,2025-2026,57,,,,,,,,0.0
7901,118236621,5539627,116350,2025-2026,58,,,,,,,,0.0
7902,118238622,5539627,116350,2025-2026,59,,,,,,,,0.0
7903,118237451,5539627,116350,2025-2026,60,,,,,,,,0.0
7904,118238361,5539627,116350,2025-2026,61,,,,,,,,0.0
7905,118247028,5539627,116350,2025-2026,62,,,,,,,,0.0
7906,118247192,5539627,116350,2025-2026,63,,,,,,,,0.0
7907,118247260,5539627,116350,2025-2026,64,,,,,,,,0.0
7908,114806516,5539627,116350,2025-2026,65,,,,,,,,0.0
7909,120723667,5539627,116350,2025-2026,66,,,,,,,,0.0
7910,120723046,5539627,116350,2025-2026,67,,,,,,,,0.0
7911,120723785,5539627,116350,2025-2026,68,,,,,,,,0.0
7912,120724102,5539627,116350,2025-2026,69,,,,,,,,0.0
7913,120720939,5539627,116350,2025-2026,70,,,,,,,,0.0
7914,120721071,5539627,116350,2025-2026,71,,,,,,,,0.0
7915,120721179,5539627,116350,2025-2026,72,,,,,,,,0.0
7916,120724227,5539627,116350,2025-2026,73,,,,,,,,0.0
7917,120724421,5539627,116350,2025-2026,74,,,,,,,,0.0
7918,120721595,5539627,116350,2025-2026,75,,,,,,,,0.0
7919,120721909,5539627,116350,2025-2026,76,,,,,,,,0.0
7920,120722017,5539627,116350,2025-2026,77,,,,,,,,0.0
7921,120722835,5539627,116350,2025-2026,78,,,,,,,,0.0
7922,122228522,5539627,116350,2025-2026,79,5TH STATE FINANCE COMMISSION,130000.0,130000.0,130000.0,130000.0,,,130000.0
7923,119563452,5539627,116350,2025-2026,80,,,,,,,,0.0
7924,119563920,5539627,116350,2025-2026,81,,,,,,,,0.0
7925,119560604,5539627,116350,2025-2026,82,,,,,,,,0.0
7926,119560858,5539627,116350,2025-2026,83,,,,,,,,0.0
7927,119564296,5539627,116350,2025-2026,84,,,,,,,,0.0
7928,119564546,5539627,116350,2025-2026,85,,,,,,,,0.0
7929,119565421,5539627,116350,2025-2026,86,,,,,,,,0.0
7930,119565093,5539627,116350,2025-2026,87,,,,,,,,0.0
7931,119565261,5539627,116350,2025-2026,88,,,,,,,,0.0
7932,119567133,5539627,116350,2025-2026,89,,,,,,,,0.0
7933,119568049,5539627,116350,2025-2026,90,,,,,,,,0.0
7934,119568219,5539627,116350,2025-2026,91,,,,,,,,0.0
7935,119568554,5539627,116350,2025-2026,92,,,,,,,,0.0
7936,119568383,5539627,116350,2025-2026,93,,,,,,,,0.0
7937,119568786,5539627,116350,2025-2026,94,,,,,,,,0.0
7938,119568946,5539627,116350,2025-2026,95,,,,,,,,0.0
7939,119569165,5539627,116350,2025-2026,96,,,,,,,,0.0
7940,119584006,5539627,116350,2025-2026,97,,,,,,,,0.0
7941,119583960,5539627,116350,2025-2026,98,,,,,,,,0.0
7942,119583984,5539627,116350,2025-2026,99,,,,,,,,0.0
7943,119584044,5539627,116350,2025-2026,100,,,,,,,,0.0
7944,119584070,5539627,116350,2025-2026,101,,,,,,,,0.0
7945,119584088,5539627,116350,2025-2026,102,,,,,,,,0.0
7946,119584098,5539627,116350,2025-2026,103,,,,,,,,0.0
7947,119584117,5539627,116350,2025-2026,104,,,,,,,,0.0
7948,119584133,5539627,116350,2025-2026,105,,,,,,,,0.0
7949,119584154,5539627,116350,2025-2026,106,,,,,,,,0.0
7950,119584168,5539627,116350,2025-2026,107,,,,,,,,0.0
7951,119584181,5539627,116350,2025-2026,108,,,,,,,,0.0
7952,121271655,5539627,116350,2025-2026,109,,,,,,,,0.0
7953,121271646,5539627,116350,2025-2026,110,,,,,,,,0.0
7954,121271632,5539627,116350,2025-2026,111,,,,,,,,0.0
7955,121271672,5539627,116350,2025-2026,112,,,,,,,,0.0
7956,117510409,5539627,116350,2025-2026,113,,,,,,,,0.0
7957,121272792,5539627,116350,2025-2026,114,,,,,,,,0.0
7958,121272834,5539627,116350,2025-2026,115,,,,,,,,0.0
7959,121273214,5539627,116350,2025-2026,116,,,,,,,,0.0
7960,121273258,5539627,116350,2025-2026,117,,,,,,,,0.0
7961,121273310,5539627,116350,2025-2026,118,,,,,,,,0.0
7962,121273434,5539627,116350,2025-2026,119,,,,,,,,0.0
7963,117511439,5539627,116350,2025-2026,120,,,,,,,,0.0
7964,117511873,5539627,116350,2025-2026,121,,,,,,,,0.0
7965,121273533,5539627,116350,2025-2026,122,,,,,,,,0.0
7966,117512223,5539627,116350,2025-2026,123,,,,,,,,0.0
7967,121273572,5539627,116350,2025-2026,124,,,,,,,,0.0
7968,121273603,5539627,116350,2025-2026,125,,,,,,,,0.0
7969,121273703,5539627,116350,2025-2026,126,,,,,,,,0.0
7970,121273640,5539627,116350,2025-2026,127,,,,,,,,0.0
7971,121273673,5539627,116350,2025-2026,128,,,,,,,,0.0
7972,117512869,5539627,116350,2025-2026,129,,,,,,,,0.0
7973,121273502,5539627,116350,2025-2026,130,,,,,,,,0.0
7974,121273739,5539627,116350,2025-2026,131,,,,,,,,0.0
7975,121273796,5539627,116350,2025-2026,132,,,,,,,,0.0
7976,117513183,5539627,116350,2025-2026,133,,,,,,,,0.0
7977,117513812,5539627,116350,2025-2026,134,,,,,,,,0.0
7978,117513478,5539627,116350,2025-2026,135,,,,,,,,0.0
7979,121354878,5539627,116350,2025-2026,136,,,,,,,,0.0
7980,121463253,5539627,116350,2025-2026,137,,,,,,,,0.0
7981,121463452,5539627,116350,2025-2026,138,,,,,,,,0.0
7982,121463644,5539627,116350,2025-2026,139,,,,,,,,0.0
7983,121463811,5539627,116350,2025-2026,140,,,,,,,,0.0
7984,121462688,5539627,116350,2025-2026,141,,,,,,,,0.0
7985,121466987,5539627,116350,2025-2026,142,,,,,,,,0.0
7986,121467166,5539627,116350,2025-2026,143,,,,,,,,0.0
7987,121466578,5539627,116350,2025-2026,144,,,,,,,,0.0
7988,121466765,5539627,116350,2025-2026,145,,,,,,,,0.0
7989,121462383,5539627,116350,2025-2026,146,,,,,,,,0.0
7990,121462884,5539627,116350,2025-2026,147,,,,,,,,0.0
7991,121463059,5539627,116350,2025-2026,148,,,,,,,,0.0
7992,121475974,5539627,116350,2025-2026,149,,,,,,,,0.0
7993,121476138,5539627,116350,2025-2026,150,,,,,,,,0.0
7994,121476349,5539627,116350,2025-2026,151,,,,,,,,0.0
7995,121476531,5539627,116350,2025-2026,152,,,,,,,,0.0
7996,121476699,5539627,116350,2025-2026,153,,,,,,,,0.0
7997,121477030,5539627,116350,2025-2026,154,,,,,,,,0.0
7998,121477219,5539627,116350,2025-2026,155,,,,,,,,0.0
7999,121477581,5539627,116350,2025-2026,156,,,,,,,,0.0
8000,121477744,5539627,116350,2025-2026,157,,,,,,,,0.0
8001,121477395,5539627,116350,2025-2026,158,,,,,,,,0.0
8002,121478042,5539627,116350,2025-2026,159,,,,,,,,0.0
8003,121478233,5539627,116350,2025-2026,160,,,,,,,,0.0
8004,121478502,5539627,116350,2025-2026,161,,,,,,,,0.0
8005,121478706,5539627,116350,2025-2026,162,,,,,,,,0.0
8006,121478881,5539627,116350,2025-2026,163,,,,,,,,0.0
8007,121479069,5539627,116350,2025-2026,164,,,,,,,,0.0
8008,121479310,5539627,116350,2025-2026,165,,,,,,,,0.0
8009,120386265,5539627,116350,2025-2026,166,,,,,,,,0.0
8010,120386319,5539627,116350,2025-2026,167,,,,,,,,0.0
8011,120386748,5539627,116350,2025-2026,168,,,,,,,,0.0
8012,120386777,5539627,116350,2025-2026,169,,,,,,,,0.0
8013,120387060,5539627,116350,2025-2026,170,,,,,,,,0.0
8014,120387109,5539627,116350,2025-2026,171,,,,,,,,0.0
8015,122214980,5539627,116350,2025-2026,172,XV Finance Commission,78000.0,78000.0,78000.0,78000.0,,,78000.0
8016,122215204,5539627,116350,2025-2026,173,XV Finance Commission,250000.0,250000.0,250000.0,250000.0,,,169588.0
8017,122215550,5539627,116350,2025-2026,174,,61567.0,,,,,,0.0
8018,122215410,5539627,116350,2025-2026,175,XV Finance Commission,100000.0,100000.0,100000.0,100000.0,,,100000.0
8019,122216579,5539627,116350,2025-2026,176,,108000.0,,,,,,0.0
8020,122216991,5539627,116350,2025-2026,177,XV Finance Commission,30000.0,30000.0,30000.0,30000.0,,,30000.0
8021,122217691,5539627,116350,2025-2026,178,XV Finance Commission,114000.0,114000.0,114000.0,114000.0,,,114000.0
8022,122217944,5539627,116350,2025-2026,179,,30000.0,,,,,,0.0
8023,122218511,5539627,116350,2025-2026,180,XV Finance Commission,36000.0,36000.0,36000.0,36000.0,,,36000.0
8024,122218795,5539627,116350,2025-2026,181,,10500.0,,,,,,0.0
8025,122218966,5539627,116350,2025-2026,182,,75000.0,,,,,,0.0
8026,122225160,5539627,116350,2025-2026,183,,150000.0,,,,,,0.0
8027,122225397,5539627,116350,2025-2026,184,,97606.0,,,,,,0.0
8028,122225876,5539627,116350,2025-2026,185,,5150.0,,,,,,0.0
8029,122228761,5539627,116350,2025-2026,186,,30000.0,,,,,,0.0
8030,122229161,5539627,116350,2025-2026,187,,200000.0,,,,,,0.0
8031,122229535,5539627,116350,2025-2026,188,5TH STATE FINANCE COMMISSION,48696.0,48696.0,48696.0,48696.0,,,29217.0
8032,122229799,5539627,116350,2025-2026,189,5TH STATE FINANCE COMMISSION,30000.0,30000.0,30000.0,30000.0,,,30000.0
8033,122230446,5539627,116350,2025-2026,190,,36000.0,,,,,,0.0
8034,122230575,5539627,116350,2025-2026,191,,120000.0,,,,,,0.0
8035,122240109,5539627,116350,2025-2026,192,XV Finance Commission,49000.0,49000.0,49000.0,49000.0,,,49000.0
8036,117517849,5539627,116350,2025-2026,193,,,,,,,,0.0
8037,117518728,5539627,116350,2025-2026,194,,,,,,,,0.0
8038,117520150,5539627,116350,2025-2026,195,,,,,,,,0.0
8039,117520529,5539627,116350,2025-2026,196,,,,,,,,0.0
8040,117521031,5539627,116350,2025-2026,197,,,,,,,,0.0
8041,117521549,5539627,116350,2025-2026,198,,,,,,,,0.0
8042,118108203,5539627,116350,2025-2026,199,,,,,,,,0.0
8043,118108221,5539627,116350,2025-2026,200,,,,,,,,0.0
8044,118108249,5539627,116350,2025-2026,201,,,,,,,,0.0
8045,118108264,5539627,116350,2025-2026,202,,,,,,,,0.0
8046,118108279,5539627,116350,2025-2026,203,,,,,,,,0.0
8047,118108293,5539627,116350,2025-2026,204,,,,,,,,0.0
8048,118108299,5539627,116350,2025-2026,205,,,,,,,,0.0
8049,118108307,5539627,116350,2025-2026,206,,,,,,,,0.0
8050,118108316,5539627,116350,2025-2026,207,,,,,,,,0.0
8051,118108355,5539627,116350,2025-2026,208,,,,,,,,0.0
8052,118108364,5539627,116350,2025-2026,209,,,,,,,,0.0
8053,118108383,5539627,116350,2025-2026,210,,,,,,,,0.0
8054,118108401,5539627,116350,2025-2026,211,,,,,,,,0.0
8055,118108422,5539627,116350,2025-2026,212,,,,,,,,0.0
8056,118108439,5539627,116350,2025-2026,213,,,,,,,,0.0
8057,118108455,5539627,116350,2025-2026,214,,,,,,,,0.0
8058,118111991,5539627,116350,2025-2026,215,,,,,,,,0.0
8059,118112307,5539627,116350,2025-2026,216,,,,,,,,0.0
8060,118112568,5539627,116350,2025-2026,217,,,,,,,,0.0
8061,118113580,5539627,116350,2025-2026,218,,,,,,,,0.0
8062,118113701,5539627,116350,2025-2026,219,,,,,,,,0.0
8063,119563680,5539627,116350,2025-2026,220,,,,,,,,0.0
8064,119569399,5539627,116350,2025-2026,221,,,,,,,,0.0
8065,119583997,5539627,116350,2025-2026,222,,,,,,,,0.0
8066,119584162,5539627,116350,2025-2026,223,,,,,,,,0.0
8067,119584188,5539627,116350,2025-2026,224,,,,,,,,0.0
8068,122224954,5539627,116350,2025-2026,225,XV Finance Commission,200000.0,200000.0,200000.0,200000.0,,,195598.0
8069,122228876,5539627,116350,2025-2026,226,,104534.0,,,,,,0.0
8070,122230024,5539627,116350,2025-2026,227,,168000.0,,,,,,0.0
8071,122230126,5539627,116350,2025-2026,228,,83520.0,,,,,,0.0
8072,122241525,5539627,116350,2025-2026,229,,50000.0,,,,,,0.0
8073,122241625,5539627,116350,2025-2026,230,,50000.0,,,,,,0.0
8074,122242097,5539627,116350,2025-2026,231,,,,,,,,0.0
8075,122242381,5539627,116350,2025-2026,232,,,,,,,,0.0
8076,122242676,5539627,116350,2025-2026,233,,,,,,,,0.0
8077,122242768,5539627,116350,2025-2026,234,,,,,,,,0.0
8078,122242914,5539627,116350,2025-2026,235,,,,,,,,0.0
8079,122243030,5539627,116350,2025-2026,236,,,,,,,,0.0
8080,122224718,5539627,116350,2025-2026,237,XV Finance Commission,200000.0,200000.0,200000.0,200000.0,,,199684.0
8081,122229651,5539627,116350,2025-2026,238,5TH STATE FINANCE COMMISSION,100000.0,100000.0,100000.0,100000.0,,,99932.0
8082,122216772,5539627,116350,2025-2026,239,XV Finance Commission,37067.0,37067.0,37067.0,37067.0,,,37067.0
8083,127245330,5889446,116350,2025-2026,1,XV Finance Commission,150000.0,150000.0,150000.0,150000.0,,,149964.0
8084,127245361,5889446,116350,2025-2026,2,,20000.0,,,,,,0.0
8085,128056968,5964892,116350,2025-2026,1,5TH STATE FINANCE COMMISSION,500000.0,500000.0,500000.0,500000.0,,,469938.0
8086,128056993,5964892,116350,2025-2026,2,,,,,,,,0.0
8087,44274502,3139756,119605,2020-2021,1,,20000.0,,,,,,0.0
8088,44339496,3139756,119605,2020-2021,2,,48000.0,,,,,,0.0
8089,44339511,3139756,119605,2020-2021,3,,300000.0,,,,,,0.0
8090,44344737,3139756,119605,2020-2021,4,,100000.0,,,,,,0.0
8091,44344901,3139756,119605,2020-2021,5,XV Finance Commission,150000.0,150000.0,150000.0,150000.0,,,144935.0
8092,44344938,3139756,119605,2020-2021,6,XV Finance Commission,120000.0,100000.0,120000.0,120000.0,,,117093.0
8093,44344953,3139756,119605,2020-2021,7,XV Finance Commission,75772.0,75772.0,75772.0,75772.0,,,73324.0
8094,44345009,3139756,119605,2020-2021,8,XV Finance Commission,100000.0,100000.0,100000.0,100000.0,,,96597.0
8095,44345027,3139756,119605,2020-2021,9,XV Finance Commission,100000.0,100000.0,100000.0,100000.0,,,96880.0
8096,44344702,3139756,119605,2020-2021,10,,100000.0,,,,,,0.0
8097,44344710,3139756,119605,2020-2021,11,XV Finance Commission,200000.0,200000.0,200000.0,200000.0,,,195547.0
8098,44339623,3139756,119605,2020-2021,12,5TH STATE FINANCE COMMISSION,100000.0,100000.0,100000.0,100000.0,,,0.0
8099,44339606,3139756,119605,2020-2021,13,5TH STATE FINANCE COMMISSION,100000.0,100000.0,100000.0,100000.0,,,0.0
8100,44339808,3139756,119605,2020-2021,14,5TH STATE FINANCE COMMISSION,75074.0,75074.0,75074.0,75074.0,,,0.0
8101,44344671,3139756,119605,2020-2021,15,,100000.0,,,,,,0.0
8102,44344759,3139756,119605,2020-2021,16,XV Finance Commission,205772.0,205772.0,205772.0,205772.0,,,170329.0
8103,44345063,3139756,119605,2020-2021,17,XV Finance Commission,120000.0,120000.0,120000.0,120000.0,,,117125.0
8104,44345047,3139756,119605,2020-2021,18,XV Finance Commission,150000.0,150000.0,150000.0,150000.0,,,146369.0
8105,44344969,3139756,119605,2020-2021,19,XV Finance Commission,50000.0,50000.0,50000.0,50000.0,,,48442.0
8106,44344919,3139756,119605,2020-2021,20,XV Finance Commission,100000.0,100000.0,100000.0,100000.0,,,97580.0
8107,44344661,3139756,119605,2020-2021,21,XV Finance Commission,260000.0,260000.0,260000.0,260000.0,,,143361.0
8108,48208325,3355617,119605,2021-2022,1,5TH STATE FINANCE COMMISSION,360000.0,360000.0,360000.0,360000.0,,,0.0
8109,56599453,3355617,119605,2021-2022,2,XV Finance Commission,200000.0,200000.0,200000.0,200000.0,,,0.0
8110,48208494,3355617,119605,2021-2022,3,5TH STATE FINANCE COMMISSION,200000.0,200000.0,200000.0,200000.0,,,0.0
8111,48208369,3355617,119605,2021-2022,4,5TH STATE FINANCE COMMISSION,48000.0,48000.0,48000.0,48000.0,,,0.0
8112,48208444,3355617,119605,2021-2022,5,5TH STATE FINANCE COMMISSION,35074.0,35074.0,70144.0,35074.0,,,35000.0
8113,48208444,3355617,119605,2021-2022,6,5TH STATE FINANCE COMMISSION,35074.0,35074.0,70144.0,35070.0,,,35000.0
8114,56673997,3355617,119605,2021-2022,7,XV Finance Commission,50000.0,50000.0,50000.0,50000.0,,,0.0
8115,56672974,3355617,119605,2021-2022,8,,88198.0,,,,,,0.0
8116,56671883,3355617,119605,2021-2022,9,,200000.0,,,,,,0.0
8117,56674414,3355617,119605,2021-2022,10,,150000.0,,,,,,0.0
8118,56613832,3355617,119605,2021-2022,11,XV Finance Commission,121149.0,121149.0,121149.0,121149.0,,,121149.0
8119,56600246,3355617,119605,2021-2022,12,XV Finance Commission,20000.0,20000.0,20000.0,20000.0,,,20000.0
8120,56657451,3355617,119605,2021-2022,13,XV Finance Commission,141149.0,141149.0,141149.0,141149.0,,,132964.0
8121,56657016,3355617,119605,2021-2022,14,XV Finance Commission,100000.0,100000.0,100000.0,100000.0,,,100000.0
8122,56673560,3355617,119605,2021-2022,15,XV Finance Commission,50000.0,50000.0,50000.0,50000.0,,,48381.0
8123,56599703,3355617,119605,2021-2022,16,,100000.0,,,,,,0.0
8124,56674999,3355617,119605,2021-2022,17,,50000.0,,,,,,0.0
8125,56675323,3355617,119605,2021-2022,18,,50000.0,,,,,,0.0
8126,56675673,3355617,119605,2021-2022,19,,50000.0,,,,,,0.0
8127,56676084,3355617,119605,2021-2022,20,,50000.0,,,,,,0.0
8128,56676488,3355617,119605,2021-2022,21,,50000.0,,,,,,0.0
8129,65096304,4294058,119605,2021-2022,1,XV Finance Commission,88198.0,88198.0,88198.0,88198.0,,,82382.0
8130,65096368,4294058,119605,2021-2022,2,XV Finance Commission,50000.0,50000.0,50000.0,50000.0,,,46001.0
8131,65098073,4294058,119605,2021-2022,3,,100000.0,,,,,,0.0
8132,65142924,4294058,119605,2021-2022,4,,41736.0,,,,,,0.0
8133,65100424,4294058,119605,2021-2022,5,,350000.0,,,,,,0.0
8134,65097842,4294058,119605,2021-2022,6,XV Finance Commission,50000.0,50000.0,50000.0,50000.0,,,48322.0
8135,65142958,4294058,119605,2021-2022,7,,41736.0,,,,,,0.0
8136,65097933,4294058,119605,2021-2022,8,,50000.0,,,,,,0.0
8137,65142882,4294058,119605,2021-2022,9,,163689.0,,,,,,0.0
8138,65142852,4294058,119605,2021-2022,10,,27572.0,,,,,,0.0
8139,65098022,4294058,119605,2021-2022,11,XV Finance Commission,100000.0,100000.0,100000.0,100000.0,,,0.0
8140,65409810,4072405,119605,2022-2023,1,XV Finance Commission,60000.0,60000.0,60000.0,60000.0,,,60000.0
8141,65409970,4072405,119605,2022-2023,2,XV Finance Commission,60000.0,60000.0,60000.0,60000.0,,,59400.0
8142,65409718,4072405,119605,2022-2023,3,,36000.0,,,,,,0.0
8143,65409771,4072405,119605,2022-2023,4,,5150.0,,,,,,0.0
8144,65410051,4072405,119605,2022-2023,5,,18000.0,,,,,,0.0
8145,65410283,4072405,119605,2022-2023,6,,60000.0,,,,,,0.0
8146,65410154,4072405,119605,2022-2023,7,XV Finance Commission,7000.0,7000.0,7000.0,7000.0,,,0.0
8147,65410493,4072405,119605,2022-2023,8,XV Finance Commission,6594.0,6594.0,6594.0,6594.0,,,0.0
8148,65409476,4072405,119605,2022-2023,9,5TH STATE FINANCE COMMISSION,400000.0,400000.0,400000.0,400000.0,,,400000.0
8149,65409284,4072405,119605,2022-2023,10,XV Finance Commission,200000.0,200000.0,200000.0,200000.0,,,193204.0
8150,65409623,4072405,119605,2022-2023,11,5TH STATE FINANCE COMMISSION,43074.0,43074.0,43074.0,43074.0,,,43074.0
8151,65410201,4072405,119605,2022-2023,12,XV Finance Commission,50000.0,50000.0,50000.0,50000.0,,,48437.0
8152,65408949,4072405,119605,2022-2023,13,XV Finance Commission,350000.0,350000.0,350000.0,350000.0,,,349210.0
8153,60926466,4072405,119605,2022-2023,14,5TH STATE FINANCE COMMISSION,200000.0,200000.0,200000.0,200000.0,,,193779.0
8154,65410452,4072405,119605,2022-2023,15,XV Finance Commission,21500.0,21500.0,21500.0,21500.0,,,20839.0
8155,65410237,4072405,119605,2022-2023,16,XV Finance Commission,20000.0,20000.0,20000.0,20000.0,,,20000.0
8156,60926262,4072405,119605,2022-2023,17,,418342.0,,,,,,0.0
8157,65409338,4072405,119605,2022-2023,18,XV Finance Commission,300000.0,300000.0,300000.0,300000.0,,,290573.0
8158,65409377,4072405,119605,2022-2023,19,XV Finance Commission,108992.0,108992.0,108992.0,108992.0,,,105483.0
8159,65410011,4072405,119605,2022-2023,20,XV Finance Commission,22500.0,22500.0,22500.0,22500.0,,,21782.0
8160,60926606,4072405,119605,2022-2023,21,XV Finance Commission,48000.0,48000.0,48000.0,48000.0,,,48000.0
8161,65409125,4072405,119605,2022-2023,22,,58744.0,,,,,,0.0
8162,65409918,4072405,119605,2022-2023,23,XV Finance Commission,90000.0,90000.0,90000.0,90000.0,,,90000.0
8163,88448702,4941111,119605,2022-2023,1,,5000.0,,,,,,0.0
8164,88448498,4941111,119605,2022-2023,2,XV Finance Commission,60000.0,60000.0,60000.0,60000.0,,,60000.0
8165,76582178,4668079,119605,2023-2024,1,5TH STATE FINANCE COMMISSION,43074.0,43074.0,43074.0,43074.0,,,43074.0
8166,82876565,4668079,119605,2023-2024,2,XV Finance Commission,48000.0,48000.0,48000.0,48000.0,,,48000.0
8167,82878032,4668079,119605,2023-2024,3,XV Finance Commission,365516.0,365516.0,365516.0,365516.0,,,365516.0
8168,76414199,4668079,119605,2023-2024,4,XV Finance Commission,75700.0,75700.0,75700.0,75700.0,,,75700.0
8169,76415612,4668079,119605,2023-2024,5,XV Finance Commission,3500.0,3500.0,3500.0,3500.0,,,3465.0
8170,76415920,4668079,119605,2023-2024,6,XV Finance Commission,3500.0,3500.0,3500.0,3500.0,,,3465.0
8171,76416165,4668079,119605,2023-2024,7,XV Finance Commission,3500.0,3500.0,3500.0,3500.0,,,3465.0
8172,76417018,4668079,119605,2023-2024,8,XV Finance Commission,3500.0,3500.0,3500.0,3500.0,,,3465.0
8173,76417663,4668079,119605,2023-2024,9,XV Finance Commission,3500.0,3500.0,3500.0,3500.0,,,3465.0
8174,76419677,4668079,119605,2023-2024,10,XV Finance Commission,3500.0,3500.0,3500.0,3500.0,,,3465.0
8175,76420017,4668079,119605,2023-2024,11,XV Finance Commission,3500.0,3500.0,3500.0,3500.0,,,3465.0
8176,76420237,4668079,119605,2023-2024,12,XV Finance Commission,3500.0,3500.0,3500.0,3500.0,,,3465.0
8177,76420472,4668079,119605,2023-2024,13,XV Finance Commission,3500.0,3500.0,3500.0,3500.0,,,3465.0
8178,76422091,4668079,119605,2023-2024,14,XV Finance Commission,3500.0,3500.0,3500.0,3500.0,,,3465.0
8179,76422269,4668079,119605,2023-2024,15,XV Finance Commission,3500.0,3500.0,3500.0,3500.0,,,3465.0
8180,76422493,4668079,119605,2023-2024,16,XV Finance Commission,3500.0,3500.0,3500.0,3500.0,,,3465.0
8181,76422693,4668079,119605,2023-2024,17,XV Finance Commission,3500.0,3500.0,3500.0,3500.0,,,3465.0
8182,76422932,4668079,119605,2023-2024,18,XV Finance Commission,3500.0,3500.0,3500.0,3500.0,,,3465.0
8183,76423426,4668079,119605,2023-2024,19,XV Finance Commission,3500.0,3500.0,3500.0,3500.0,,,3465.0
8184,76423647,4668079,119605,2023-2024,20,XV Finance Commission,3500.0,3500.0,3500.0,3500.0,,,3465.0
8185,76423863,4668079,119605,2023-2024,21,XV Finance Commission,3500.0,3500.0,3500.0,3500.0,,,3465.0
8186,76424051,4668079,119605,2023-2024,22,XV Finance Commission,3500.0,3500.0,3500.0,3500.0,,,3465.0
8187,76584990,4668079,119605,2023-2024,23,5TH STATE FINANCE COMMISSION,50000.0,50000.0,50000.0,50000.0,,,50000.0
8188,76417263,4668079,119605,2023-2024,24,XV Finance Commission,3500.0,3500.0,3500.0,3500.0,,,3465.0
8189,76421132,4668079,119605,2023-2024,25,,3500.0,,,,,,0.0
8190,76421551,4668079,119605,2023-2024,26,,3500.0,,,,,,0.0
8191,79826707,4668079,119605,2023-2024,27,,,,,,,,0.0
8192,79827281,4668079,119605,2023-2024,28,,,,,,,,0.0
8193,79247557,4668079,119605,2023-2024,29,,,,,,,,0.0
8194,79241194,4668079,119605,2023-2024,30,,,,,,,,0.0
8195,78948945,4668079,119605,2023-2024,31,,300000.0,,,,,,0.0
8196,79253252,4668079,119605,2023-2024,32,,,,,,,,0.0
8197,80179446,4668079,119605,2023-2024,33,,2000.0,,,,,,0.0
8198,80182514,4668079,119605,2023-2024,34,,2000.0,,,,,,0.0
8199,80178893,4668079,119605,2023-2024,35,,5000.0,,,,,,0.0
8200,80178526,4668079,119605,2023-2024,36,,1000.0,,,,,,0.0
8201,80180894,4668079,119605,2023-2024,37,,5000.0,,,,,,0.0
8202,80182876,4668079,119605,2023-2024,38,,1000.0,,,,,,0.0
8203,80185409,4668079,119605,2023-2024,39,,2000.0,,,,,,0.0
8204,80185753,4668079,119605,2023-2024,40,,2000.0,,,,,,0.0
8205,80186405,4668079,119605,2023-2024,41,,1000.0,,,,,,0.0
8206,79623729,4668079,119605,2023-2024,42,,,,,,,,0.0
8207,76411600,4668079,119605,2023-2024,43,,45600.0,,,,,,0.0
8208,76414758,4668079,119605,2023-2024,44,,62610.0,,,,,,0.0
8209,76421883,4668079,119605,2023-2024,45,,3500.0,,,,,,0.0
8210,76424269,4668079,119605,2023-2024,46,,3500.0,,,,,,0.0
8211,79234111,4668079,119605,2023-2024,47,,,,,,,,0.0
8212,79235546,4668079,119605,2023-2024,48,,,,,,,,0.0
8213,79245169,4668079,119605,2023-2024,49,,,,,,,,0.0
8214,79247558,4668079,119605,2023-2024,50,,,,,,,,0.0
8215,80180327,4668079,119605,2023-2024,51,,1000.0,,,,,,0.0
8216,80181632,4668079,119605,2023-2024,52,,5000.0,,,,,,0.0
8217,82891520,4668079,119605,2023-2024,53,,20000.0,,,,,,0.0
8218,76416762,4668079,119605,2023-2024,54,,3500.0,,,,,,0.0
8219,79612286,4668079,119605,2023-2024,55,,,,,,,,0.0
8220,82927112,4668079,119605,2023-2024,56,,1000.0,,,,,,0.0
8221,82927761,4668079,119605,2023-2024,57,,1000.0,,,,,,0.0
8222,82931632,4668079,119605,2023-2024,58,,1000.0,,,,,,0.0
8223,82929418,4668079,119605,2023-2024,59,,1000.0,,,,,,0.0
8224,82930021,4668079,119605,2023-2024,60,,1000.0,,,,,,0.0
8225,82930289,4668079,119605,2023-2024,61,,1000.0,,,,,,0.0
8226,82932583,4668079,119605,2023-2024,62,,1000.0,,,,,,0.0
8227,82930725,4668079,119605,2023-2024,63,,1000.0,,,,,,0.0
8228,82933255,4668079,119605,2023-2024,64,,1000.0,,,,,,0.0
8229,82933868,4668079,119605,2023-2024,65,,1000.0,,,,,,0.0
8230,82934249,4668079,119605,2023-2024,66,,1000.0,,,,,,0.0
8231,82936494,4668079,119605,2023-2024,67,,1000.0,,,,,,0.0
8232,82937405,4668079,119605,2023-2024,68,,1000.0,,,,,,0.0
8233,82936814,4668079,119605,2023-2024,69,,1000.0,,,,,,0.0
8234,82935061,4668079,119605,2023-2024,70,,1000.0,,,,,,0.0
8235,82935448,4668079,119605,2023-2024,71,,1000.0,,,,,,0.0
8236,82935693,4668079,119605,2023-2024,72,,1000.0,,,,,,0.0
8237,82936098,4668079,119605,2023-2024,73,,1000.0,,,,,,0.0
8238,82941857,4668079,119605,2023-2024,74,,1000.0,,,,,,0.0
8239,82938233,4668079,119605,2023-2024,75,,1000.0,,,,,,0.0
8240,82942194,4668079,119605,2023-2024,76,,1000.0,,,,,,0.0
8241,82942499,4668079,119605,2023-2024,77,,1000.0,,,,,,0.0
8242,82943428,4668079,119605,2023-2024,78,,1000.0,,,,,,0.0
8243,82944111,4668079,119605,2023-2024,79,,1000.0,,,,,,0.0
8244,82944425,4668079,119605,2023-2024,80,,1000.0,,,,,,0.0
8245,76420712,4668079,119605,2023-2024,81,,3500.0,,,,,,0.0
8246,79606071,4668079,119605,2023-2024,82,,,,,,,,0.0
8247,82905636,4668079,119605,2023-2024,83,,300000.0,,,,,,0.0
8248,82937920,4668079,119605,2023-2024,84,,1000.0,,,,,,0.0
8249,82938565,4668079,119605,2023-2024,85,,1000.0,,,,,,0.0
8250,82939457,4668079,119605,2023-2024,86,,1000.0,,,,,,0.0
8251,82939791,4668079,119605,2023-2024,87,,1000.0,,,,,,0.0
8252,82940269,4668079,119605,2023-2024,88,,1000.0,,,,,,0.0
8253,76412173,4668079,119605,2023-2024,89,,5150.0,,,,,,0.0
8254,76413241,4668079,119605,2023-2024,90,,18000.0,,,,,,0.0
8255,76416515,4668079,119605,2023-2024,91,,3500.0,,,,,,0.0
8256,76420933,4668079,119605,2023-2024,92,,3500.0,,,,,,0.0
8257,76421364,4668079,119605,2023-2024,93,,3500.0,,,,,,0.0
8258,76421720,4668079,119605,2023-2024,94,,3500.0,,,,,,0.0
8259,76423168,4668079,119605,2023-2024,95,,3500.0,,,,,,0.0
8260,77186487,4668079,119605,2023-2024,96,,113488.0,,,,,,0.0
8261,77187431,4668079,119605,2023-2024,97,,100000.0,,,,,,0.0
8262,78948165,4668079,119605,2023-2024,98,,300000.0,,,,,,0.0
8263,78950425,4668079,119605,2023-2024,99,,300000.0,,,,,,0.0
8264,77190660,4668079,119605,2023-2024,100,XV Finance Commission,100000.0,100000.0,100000.0,100000.0,,,100000.0
8265,77189411,4668079,119605,2023-2024,101,XV Finance Commission,100000.0,100000.0,100000.0,100000.0,,,100000.0
8266,79238061,4668079,119605,2023-2024,102,,,,,,,,0.0
8267,79243494,4668079,119605,2023-2024,103,,,,,,,,0.0
8268,79251473,4668079,119605,2023-2024,104,,,,,,,,0.0
8269,79607346,4668079,119605,2023-2024,105,,,,,,,,0.0
8270,79610055,4668079,119605,2023-2024,106,,,,,,,,0.0
8271,79610856,4668079,119605,2023-2024,107,,,,,,,,0.0
8272,79611641,4668079,119605,2023-2024,108,,,,,,,,0.0
8273,79612818,4668079,119605,2023-2024,109,,,,,,,,0.0
8274,79613958,4668079,119605,2023-2024,110,,,,,,,,0.0
8275,79614773,4668079,119605,2023-2024,111,,,,,,,,0.0
8276,79615931,4668079,119605,2023-2024,112,,,,,,,,0.0
8277,79616798,4668079,119605,2023-2024,113,,,,,,,,0.0
8278,79617722,4668079,119605,2023-2024,114,,,,,,,,0.0
8279,79618285,4668079,119605,2023-2024,115,,,,,,,,0.0
8280,79618914,4668079,119605,2023-2024,116,,,,,,,,0.0
8281,79619611,4668079,119605,2023-2024,117,,,,,,,,0.0
8282,79620360,4668079,119605,2023-2024,118,,,,,,,,0.0
8283,79621070,4668079,119605,2023-2024,119,,,,,,,,0.0
8284,79622103,4668079,119605,2023-2024,120,,,,,,,,0.0
8285,79622516,4668079,119605,2023-2024,121,,,,,,,,0.0
8286,79625160,4668079,119605,2023-2024,122,,,,,,,,0.0
8287,79626661,4668079,119605,2023-2024,123,,,,,,,,0.0
8288,79827789,4668079,119605,2023-2024,124,,,,,,,,0.0
8289,79828253,4668079,119605,2023-2024,125,,,,,,,,0.0
8290,79828620,4668079,119605,2023-2024,126,,,,,,,,0.0
8291,79829169,4668079,119605,2023-2024,127,,,,,,,,0.0
8292,79829704,4668079,119605,2023-2024,128,,,,,,,,0.0
8293,79830196,4668079,119605,2023-2024,129,,,,,,,,0.0
8294,79830702,4668079,119605,2023-2024,130,,,,,,,,0.0
8295,79831526,4668079,119605,2023-2024,131,,,,,,,,0.0
8296,79832282,4668079,119605,2023-2024,132,,,,,,,,0.0
8297,80179874,4668079,119605,2023-2024,133,,5000.0,,,,,,0.0
8298,80181302,4668079,119605,2023-2024,134,,1000.0,,,,,,0.0
8299,80182155,4668079,119605,2023-2024,135,,1000.0,,,,,,0.0
8300,80183185,4668079,119605,2023-2024,136,,2000.0,,,,,,0.0
8301,80183637,4668079,119605,2023-2024,137,,1000.0,,,,,,0.0
8302,80184007,4668079,119605,2023-2024,138,,1000.0,,,,,,0.0
8303,80184469,4668079,119605,2023-2024,139,,1000.0,,,,,,0.0
8304,80186055,4668079,119605,2023-2024,140,,2000.0,,,,,,0.0
8305,80186672,4668079,119605,2023-2024,141,,1000.0,,,,,,0.0
8306,80187019,4668079,119605,2023-2024,142,,1000.0,,,,,,0.0
8307,80187618,4668079,119605,2023-2024,143,,1000.0,,,,,,0.0
8308,82873167,4668079,119605,2023-2024,144,,,,,,,,0.0
8309,82877361,4668079,119605,2023-2024,145,XV Finance Commission,48744.0,48744.0,48744.0,48744.0,,,29000.0
8310,82905047,4668079,119605,2023-2024,146,,300000.0,,,,,,0.0
8311,82934752,4668079,119605,2023-2024,147,,1000.0,,,,,,0.0
8312,82937047,4668079,119605,2023-2024,148,,1000.0,,,,,,0.0
8313,82939015,4668079,119605,2023-2024,149,,1000.0,,,,,,0.0
8314,82940752,4668079,119605,2023-2024,150,,1000.0,,,,,,0.0
8315,82941077,4668079,119605,2023-2024,151,,1000.0,,,,,,0.0
8316,82941535,4668079,119605,2023-2024,152,,1000.0,,,,,,0.0
8317,82943062,4668079,119605,2023-2024,153,,1000.0,,,,,,0.0
8318,82943717,4668079,119605,2023-2024,154,,1000.0,,,,,,0.0
8319,82774077,4668079,119605,2023-2024,155,,,,,,,,0.0
8320,82774620,4668079,119605,2023-2024,156,,,,,,,,0.0
8321,82774948,4668079,119605,2023-2024,157,,,,,,,,0.0
8322,82775179,4668079,119605,2023-2024,158,,,,,,,,0.0
8323,82775510,4668079,119605,2023-2024,159,,,,,,,,0.0
8324,82775815,4668079,119605,2023-2024,160,,,,,,,,0.0
8325,82776608,4668079,119605,2023-2024,161,,,,,,,,0.0
8326,82776815,4668079,119605,2023-2024,162,,,,,,,,0.0
8327,82777095,4668079,119605,2023-2024,163,,,,,,,,0.0
8328,82777300,4668079,119605,2023-2024,164,,,,,,,,0.0
8329,82777648,4668079,119605,2023-2024,165,,,,,,,,0.0
8330,82777882,4668079,119605,2023-2024,166,,,,,,,,0.0
8331,82778132,4668079,119605,2023-2024,167,,,,,,,,0.0
8332,82778409,4668079,119605,2023-2024,168,,,,,,,,0.0
8333,76584043,4668079,119605,2023-2024,169,5TH STATE FINANCE COMMISSION,50000.0,50000.0,50000.0,50000.0,,,50000.0
8334,76413825,4668079,119605,2023-2024,170,XV Finance Commission,50000.0,50000.0,50000.0,50000.0,,,0.0
8335,76412971,4668079,119605,2023-2024,171,XV Finance Commission,100000.0,100000.0,100000.0,100000.0,,,0.0
8336,76576158,4668079,119605,2023-2024,172,5TH STATE FINANCE COMMISSION,300000.0,300000.0,300000.0,300000.0,,,300000.0
8337,82903814,4668079,119605,2023-2024,173,5TH STATE FINANCE COMMISSION,150000.0,150000.0,150000.0,150000.0,,,150000.0
8338,77191560,4668079,119605,2023-2024,174,XV Finance Commission,102592.0,102592.0,102592.0,102592.0,,,102592.0
8339,76588111,4668079,119605,2023-2024,175,5TH STATE FINANCE COMMISSION,50000.0,50000.0,50000.0,50000.0,,,50000.0
8340,77188214,4668079,119605,2023-2024,176,XV Finance Commission,100000.0,100000.0,100000.0,100000.0,,,100000.0
8341,102364406,5171464,119605,2024-2025,1,XV Finance Commission,200000.0,200000.0,200000.0,200000.0,,,200000.0
8342,101636921,5171464,119605,2024-2025,2,XV Finance Commission,252756.0,252756.0,252756.0,252756.0,,,252756.0
8343,102231590,5171464,119605,2024-2025,3,,,,,,,,0.0
8344,101709656,5171464,119605,2024-2025,4,XV Finance Commission,3500.0,3500.0,3500.0,3500.0,,,3465.0
8345,101711630,5171464,119605,2024-2025,5,XV Finance Commission,3500.0,3500.0,3500.0,3500.0,,,3465.0
8346,101714632,5171464,119605,2024-2025,6,XV Finance Commission,3500.0,3500.0,3500.0,3500.0,,,3465.0
8347,101713082,5171464,119605,2024-2025,7,XV Finance Commission,3500.0,3500.0,3500.0,3500.0,,,3465.0
8348,101721204,5171464,119605,2024-2025,8,XV Finance Commission,3500.0,3500.0,3500.0,3500.0,,,3465.0
8349,101723850,5171464,119605,2024-2025,9,XV Finance Commission,3500.0,3500.0,3500.0,3500.0,,,3465.0
8350,101716273,5171464,119605,2024-2025,10,XV Finance Commission,3500.0,3500.0,3500.0,3500.0,,,3465.0
8351,101726970,5171464,119605,2024-2025,11,XV Finance Commission,3500.0,3500.0,3500.0,3500.0,,,3465.0
8352,101616506,5171464,119605,2024-2025,12,XV Finance Commission,5150.0,5150.0,5150.0,5150.0,,,0.0
8353,101621024,5171464,119605,2024-2025,13,XV Finance Commission,20977.0,20977.0,20977.0,20977.0,,,20977.0
8354,102245941,5171464,119605,2024-2025,14,XV Finance Commission,69440.0,69440.0,69440.0,69440.0,,,0.0
8355,101663086,5171464,119605,2024-2025,15,5TH STATE FINANCE COMMISSION,47074.0,47074.0,47074.0,47074.0,,,25900.0
8356,101667237,5171464,119605,2024-2025,16,5TH STATE FINANCE COMMISSION,100000.0,100000.0,100000.0,100000.0,,,100000.0
8357,101614963,5171464,119605,2024-2025,17,XV Finance Commission,300000.0,300000.0,300000.0,300000.0,,,0.0
8358,99737153,5171464,119605,2024-2025,18,,,,,,,,0.0
8359,99737860,5171464,119605,2024-2025,19,,,,,,,,0.0
8360,99773726,5171464,119605,2024-2025,20,,1000.0,,,,,,0.0
8361,99774717,5171464,119605,2024-2025,21,,1000.0,,,,,,0.0
8362,101703329,5171464,119605,2024-2025,22,,,,,,,,0.0
8363,101718042,5171464,119605,2024-2025,23,,3500.0,,,,,,0.0
8364,101883190,5171464,119605,2024-2025,24,,,,,,,,0.0
8365,101887294,5171464,119605,2024-2025,25,,,,,,,,0.0
8366,101888277,5171464,119605,2024-2025,26,,,,,,,,0.0
8367,102207569,5171464,119605,2024-2025,27,,,,,,,,0.0
8368,102208619,5171464,119605,2024-2025,28,,,,,,,,0.0
8369,102210489,5171464,119605,2024-2025,29,,,,,,,,0.0
8370,102211587,5171464,119605,2024-2025,30,,,,,,,,0.0
8371,102219726,5171464,119605,2024-2025,31,,,,,,,,0.0
8372,102220777,5171464,119605,2024-2025,32,,,,,,,,0.0
8373,102221520,5171464,119605,2024-2025,33,,,,,,,,0.0
8374,102229281,5171464,119605,2024-2025,34,,,,,,,,0.0
8375,101605911,5171464,119605,2024-2025,35,,20000.0,,,,,,0.0
8376,101609209,5171464,119605,2024-2025,36,,39000.0,,,,,,0.0
8377,101650146,5171464,119605,2024-2025,37,,96000.0,,,,,,0.0
8378,101705640,5171464,119605,2024-2025,38,,,,,,,,0.0
8379,101719721,5171464,119605,2024-2025,39,,3500.0,,,,,,0.0
8380,101801961,5171464,119605,2024-2025,40,,,,,,,,0.0
8381,101886114,5171464,119605,2024-2025,41,,,,,,,,0.0
8382,102171592,5171464,119605,2024-2025,42,,,,,,,,0.0
8383,102206529,5171464,119605,2024-2025,43,,,,,,,,0.0
8384,102212725,5171464,119605,2024-2025,44,,,,,,,,0.0
8385,102213392,5171464,119605,2024-2025,45,,,,,,,,0.0
8386,102214314,5171464,119605,2024-2025,46,,,,,,,,0.0
8387,102216280,5171464,119605,2024-2025,47,,,,,,,,0.0
8388,102217921,5171464,119605,2024-2025,48,,,,,,,,0.0
8389,102218811,5171464,119605,2024-2025,49,,,,,,,,0.0
8390,102230001,5171464,119605,2024-2025,50,,,,,,,,0.0
8391,102230753,5171464,119605,2024-2025,51,,,,,,,,0.0
8392,101659017,5171464,119605,2024-2025,52,5TH STATE FINANCE COMMISSION,150000.0,150000.0,150000.0,150000.0,,,0.0
8393,102259519,5171464,119605,2024-2025,53,,250000.0,,,,,,0.0
8394,102253049,5171464,119605,2024-2025,54,XV Finance Commission,489567.0,489567.0,489567.0,489567.0,,,489567.0
8395,101639896,5171464,119605,2024-2025,55,XV Finance Commission,200000.0,200000.0,200000.0,200000.0,,,198000.0
8396,121981982,5577940,119605,2025-2026,1,XV Finance Commission,90000.0,90000.0,90000.0,90000.0,,,0.0
8397,117175672,5577940,119605,2025-2026,2,XV Finance Commission,78000.0,78000.0,78000.0,78000.0,,,32500.0
8398,117175873,5577940,119605,2025-2026,3,,20000.0,,,,,,0.0
8399,120166807,5577940,119605,2025-2026,4,,,,,,,,0.0
8400,120168010,5577940,119605,2025-2026,5,,,,,,,,0.0
8401,120168697,5577940,119605,2025-2026,6,,,,,,,,0.0
8402,120169042,5577940,119605,2025-2026,7,,,,,,,,0.0
8403,120169383,5577940,119605,2025-2026,8,,,,,,,,0.0
8404,120169944,5577940,119605,2025-2026,9,,,,,,,,0.0
8405,120170476,5577940,119605,2025-2026,10,,,,,,,,0.0
8406,120170708,5577940,119605,2025-2026,11,,,,,,,,0.0
8407,120171316,5577940,119605,2025-2026,12,,,,,,,,0.0
8408,120172100,5577940,119605,2025-2026,13,,,,,,,,0.0
8409,120172511,5577940,119605,2025-2026,14,,,,,,,,0.0
8410,121980396,5577940,119605,2025-2026,15,XV Finance Commission,20000.0,20000.0,20000.0,20000.0,,,0.0
8411,121979351,5577940,119605,2025-2026,16,XV Finance Commission,50000.0,50000.0,50000.0,50000.0,,,0.0
8412,121984590,5577940,119605,2025-2026,17,XV Finance Commission,100000.0,100000.0,100000.0,100000.0,,,0.0
8413,121977784,5577940,119605,2025-2026,18,XV Finance Commission,399400.0,399400.0,399400.0,399400.0,,,22603.0
8414,121978446,5577940,119605,2025-2026,19,XV Finance Commission,69440.0,69440.0,69440.0,69440.0,,,0.0
8415,121977953,5577940,119605,2025-2026,20,,12167.0,,,,,,0.0
8416,121978227,5577940,119605,2025-2026,21,,12000.0,,,,,,0.0
8417,121978921,5577940,119605,2025-2026,22,,39000.0,,,,,,0.0
8418,121982101,5577940,119605,2025-2026,23,,12167.0,,,,,,0.0
8419,121980042,5577940,119605,2025-2026,24,,6627.0,6627.0,,,,,0.0
8420,121981445,5577940,119605,2025-2026,25,XV Finance Commission,110333.0,110333.0,110333.0,110333.0,,,0.0
8421,121984981,5577940,119605,2025-2026,26,XV Finance Commission,100000.0,100000.0,100000.0,100000.0,,,0.0
8422,121985161,5577940,119605,2025-2026,27,,16222.0,,,,,,0.0
8423,121983668,5577940,119605,2025-2026,28,,183778.0,,,,,,0.0
8424,121984299,5577940,119605,2025-2026,29,XV Finance Commission,152756.0,152756.0,152756.0,152756.0,,,0.0
8425,121988989,5577940,119605,2025-2026,30,5TH STATE FINANCE COMMISSION,50000.0,50000.0,50000.0,50000.0,,,0.0
8426,121987791,5577940,119605,2025-2026,31,5TH STATE FINANCE COMMISSION,150000.0,150000.0,150000.0,150000.0,,,0.0
8427,121988150,5577940,119605,2025-2026,32,5TH STATE FINANCE COMMISSION,200000.0,200000.0,200000.0,200000.0,,,198000.0
8428,122254276,5577940,119605,2025-2026,33,,,,,,,,0.0
8429,122254368,5577940,119605,2025-2026,34,,,,,,,,0.0
8430,122254481,5577940,119605,2025-2026,35,,,,,,,,0.0
8431,122254586,5577940,119605,2025-2026,36,,,,,,,,0.0
8432,122254680,5577940,119605,2025-2026,37,,,,,,,,0.0
8433,122254919,5577940,119605,2025-2026,38,,,,,,,,0.0
8434,122255040,5577940,119605,2025-2026,39,,,,,,,,0.0
8435,122255196,5577940,119605,2025-2026,40,,,,,,,,0.0
8436,122255463,5577940,119605,2025-2026,41,,,,,,,,0.0
8437,122255680,5577940,119605,2025-2026,42,,,,,,,,0.0
8438,122256113,5577940,119605,2025-2026,43,,,,,,,,0.0
8439,122256214,5577940,119605,2025-2026,44,,,,,,,,0.0
8440,122256319,5577940,119605,2025-2026,45,,,,,,,,0.0
8441,122260080,5577940,119605,2025-2026,46,,,,,,,,0.0
8442,122260218,5577940,119605,2025-2026,47,,,,,,,,0.0
8443,122260533,5577940,119605,2025-2026,48,,,,,,,,0.0
8444,122260807,5577940,119605,2025-2026,49,,,,,,,,0.0
8445,122260973,5577940,119605,2025-2026,50,,,,,,,,0.0
8446,122261342,5577940,119605,2025-2026,51,,,,,,,,0.0
8447,122261632,5577940,119605,2025-2026,52,,,,,,,,0.0
8448,122264232,5577940,119605,2025-2026,53,,,,,,,,0.0
8449,122264467,5577940,119605,2025-2026,54,,,,,,,,0.0
8450,122264715,5577940,119605,2025-2026,55,,,,,,,,0.0
8451,122264943,5577940,119605,2025-2026,56,,,,,,,,0.0
8452,122265283,5577940,119605,2025-2026,57,,,,,,,,0.0
8453,122266615,5577940,119605,2025-2026,58,,,,,,,,0.0
8454,122267567,5577940,119605,2025-2026,59,,,,,,,,0.0
8455,122267786,5577940,119605,2025-2026,60,,,,,,,,0.0
8456,122268143,5577940,119605,2025-2026,61,,,,,,,,0.0
8457,122268406,5577940,119605,2025-2026,62,,,,,,,,0.0
8458,122269714,5577940,119605,2025-2026,63,,,,,,,,0.0
8459,122270136,5577940,119605,2025-2026,64,,,,,,,,0.0
8460,122271978,5577940,119605,2025-2026,65,,,,,,,,0.0
8461,122666033,5577940,119605,2025-2026,66,,,,,,,,0.0
8462,122666570,5577940,119605,2025-2026,67,,,,,,,,0.0
8463,122258180,5577940,119605,2025-2026,68,,,,,,,,0.0
8464,122270513,5577940,119605,2025-2026,69,,,,,,,,0.0
8465,122271397,5577940,119605,2025-2026,70,,,,,,,,0.0
8466,122665180,5577940,119605,2025-2026,71,,,,,,,,0.0
8467,122669149,5577940,119605,2025-2026,72,,,,,,,,0.0
8468,120166068,5577940,119605,2025-2026,73,,,,,,,,0.0
8469,120167287,5577940,119605,2025-2026,74,,,,,,,,0.0
8470,122255315,5577940,119605,2025-2026,75,,,,,,,,0.0
8471,122261912,5577940,119605,2025-2026,76,,,,,,,,0.0
8472,122265638,5577940,119605,2025-2026,77,,,,,,,,0.0
8473,122266312,5577940,119605,2025-2026,78,,,,,,,,0.0
8474,122268632,5577940,119605,2025-2026,79,,,,,,,,0.0
8475,122268905,5577940,119605,2025-2026,80,,,,,,,,0.0
8476,122662439,5577940,119605,2025-2026,81,,,,,,,,0.0
8477,122663381,5577940,119605,2025-2026,82,,,,,,,,0.0
8478,121979127,5577940,119605,2025-2026,83,XV Finance Commission,30000.0,30000.0,30000.0,30000.0,,,0.0
8479,121979609,5577940,119605,2025-2026,84,XV Finance Commission,50000.0,50000.0,50000.0,50000.0,,,0.0
8480,121988481,5577940,119605,2025-2026,85,5TH STATE FINANCE COMMISSION,243074.0,243074.0,243074.0,243074.0,,,240643.0
8481,121983932,5577940,119605,2025-2026,86,XV Finance Commission,100000.0,100000.0,100000.0,100000.0,,,99000.0
8482,38577682,3129526,119936,2020-2021,1,XV Finance Commission,150000.0,150000.0,150000.0,150000.0,,,117507.0
8483,38605614,3129526,119936,2020-2021,2,5TH STATE FINANCE COMMISSION,150000.0,150000.0,150001.0,150000.0,,,94638.0
8484,38605614,3129526,119936,2020-2021,3,5TH STATE FINANCE COMMISSION,150000.0,150000.0,150001.0,1.0,,,94638.0
8485,38605932,3129526,119936,2020-2021,4,XV Finance Commission,100000.0,100000.0,100000.0,100000.0,,,94443.0
8486,38578406,3129526,119936,2020-2021,5,XV Finance Commission,100000.0,100000.0,100000.0,100000.0,,,94518.0
8487,38577239,3129526,119936,2020-2021,6,5TH STATE FINANCE COMMISSION,150000.0,150000.0,150000.0,150000.0,,,0.0
8488,44038329,3129526,119936,2020-2021,7,XV Finance Commission,100000.0,100000.0,100000.0,100000.0,,,97590.0
8489,44039040,3129526,119936,2020-2021,8,5TH STATE FINANCE COMMISSION,50000.0,50000.0,50000.0,50000.0,,,0.0
8490,38605815,3129526,119936,2020-2021,9,XV Finance Commission,144000.0,144000.0,144000.0,144000.0,,,143369.0
8491,38606279,3129526,119936,2020-2021,10,5TH STATE FINANCE COMMISSION,130000.0,130000.0,130001.0,1.0,,,126639.0
8492,38606279,3129526,119936,2020-2021,11,5TH STATE FINANCE COMMISSION,130000.0,130000.0,130001.0,130000.0,,,126639.0
8493,38575361,3129526,119936,2020-2021,12,5TH STATE FINANCE COMMISSION,150000.0,,150000.0,10000.0,,,140000.0
8494,38575361,3129526,119936,2020-2021,13,5TH STATE FINANCE COMMISSION,150000.0,,150000.0,140000.0,,,140000.0
8495,44038263,3129526,119936,2020-2021,14,XV Finance Commission,584468.0,471175.0,584468.0,584468.0,,,556901.0
8496,38578052,3129526,119936,2020-2021,15,XV Finance Commission,200000.0,200000.0,200000.0,200000.0,,,189042.0
8497,38605498,3129526,119936,2020-2021,16,,30000.0,,,,,,0.0
8498,38606068,3129526,119936,2020-2021,17,5TH STATE FINANCE COMMISSION,200000.0,200000.0,200001.0,1.0,,,189085.0
8499,38606068,3129526,119936,2020-2021,18,5TH STATE FINANCE COMMISSION,200000.0,200000.0,200001.0,200000.0,,,189085.0
8500,38575516,3129526,119936,2020-2021,19,XV Finance Commission,100000.0,100000.0,100000.0,100000.0,,,95793.0
8501,38577571,3129526,119936,2020-2021,20,5TH STATE FINANCE COMMISSION,400000.0,,400000.0,400000.0,,,0.0
8502,44038964,3129526,119936,2020-2021,21,,2440.0,,,,,,0.0
8503,38605410,3129526,119936,2020-2021,22,XV Finance Commission,514468.0,514468.0,514468.0,514468.0,,,504677.0
8504,38577935,3129526,119936,2020-2021,23,XV Finance Commission,434936.0,434936.0,434936.0,434936.0,,,425898.0
8505,44038848,3129526,119936,2020-2021,24,XV Finance Commission,800000.0,800000.0,800000.0,800000.0,,,780375.0
8506,47547518,3324899,119936,2021-2022,1,XV Finance Commission,150000.0,150000.0,150000.0,150000.0,,,141409.0
8507,47569620,3324899,119936,2021-2022,2,5TH STATE FINANCE COMMISSION,500000.0,,500000.0,500000.0,,,499309.0
8508,47547905,3324899,119936,2021-2022,3,XV Finance Commission,150000.0,100000.0,150000.0,150000.0,,,95154.0
8509,47546706,3324899,119936,2021-2022,4,XV Finance Commission,150000.0,150000.0,150000.0,150000.0,,,119383.0
8510,47548532,3324899,119936,2021-2022,5,XV Finance Commission,150000.0,100000.0,150000.0,150000.0,,,95059.0
8511,47552456,3324899,119936,2021-2022,6,,200000.0,,,,,,0.0
8512,47566969,3324899,119936,2021-2022,7,,150000.0,,,,,,0.0
8513,47573551,3324899,119936,2021-2022,8,,200000.0,,,,,,0.0
8514,47576749,3324899,119936,2021-2022,9,,200000.0,,,,,,0.0
8515,47578343,3324899,119936,2021-2022,10,,500000.0,,,,,,0.0
8516,47578809,3324899,119936,2021-2022,11,,300000.0,,,,,,0.0
8517,47579625,3324899,119936,2021-2022,12,,352958.0,,,,,,0.0
8518,47547147,3324899,119936,2021-2022,13,,200000.0,,,,,,0.0
8519,47577986,3324899,119936,2021-2022,14,,150000.0,,,,,,0.0
8520,47543986,3324899,119936,2021-2022,15,XV Finance Commission,240000.0,140000.0,140000.0,140000.0,,,136877.0
8521,47576323,3324899,119936,2021-2022,16,,250000.0,,,,,,0.0
8522,47570877,3324899,119936,2021-2022,17,5TH STATE FINANCE COMMISSION,350000.0,350000.0,350000.0,350000.0,,,347172.0
8523,47549499,3324899,119936,2021-2022,18,XV Finance Commission,100000.0,100000.0,100000.0,100000.0,,,94326.0
8524,47565687,3324899,119936,2021-2022,19,XV Finance Commission,78936.0,51904.0,78936.0,78936.0,,,28146.0
8525,47568422,3324899,119936,2021-2022,20,5TH STATE FINANCE COMMISSION,162000.0,,162000.0,162000.0,,,135000.0
8526,47546357,3324899,119936,2021-2022,21,XV Finance Commission,374468.0,374468.0,374468.0,374468.0,,,364191.0
8527,47548992,3324899,119936,2021-2022,22,XV Finance Commission,150000.0,150000.0,150000.0,150000.0,,,140995.0
8528,47545566,3324899,119936,2021-2022,23,XV Finance Commission,150000.0,150000.0,150000.0,150000.0,,,141830.0
8529,47545301,3324899,119936,2021-2022,24,XV Finance Commission,200000.0,150000.0,200000.0,200000.0,,,141499.0
8530,47544846,3324899,119936,2021-2022,25,XV Finance Commission,150000.0,150000.0,150000.0,150000.0,,,142085.0
8531,47566476,3324899,119936,2021-2022,26,XV Finance Commission,150000.0,150000.0,150000.0,150000.0,,,141619.0
8532,47543549,3324899,119936,2021-2022,27,XV Finance Commission,200000.0,200000.0,200000.0,200000.0,,,159889.0
8533,47544380,3324899,119936,2021-2022,28,XV Finance Commission,164468.0,164468.0,164468.0,164468.0,,,94310.0
8534,47568935,3324899,119936,2021-2022,29,5TH STATE FINANCE COMMISSION,192000.0,,192000.0,192000.0,,,192000.0
8535,47633622,3324899,119936,2021-2022,30,XV Finance Commission,150000.0,100000.0,150000.0,150000.0,,,81890.0
8536,47571470,3324899,119936,2021-2022,31,5TH STATE FINANCE COMMISSION,17440.0,17440.0,17440.0,17440.0,,,17440.0
8537,47570328,3324899,119936,2021-2022,32,5TH STATE FINANCE COMMISSION,11000.0,11000.0,11000.0,11000.0,,,11000.0
8538,64899917,3953782,119936,2022-2023,1,5TH STATE FINANCE COMMISSION,100000.0,100000.0,100000.0,100000.0,,,95830.0
8539,64899826,3953782,119936,2022-2023,2,5TH STATE FINANCE COMMISSION,40440.0,,40440.0,40440.0,,,31000.0
8540,64899673,3953782,119936,2022-2023,3,5TH STATE FINANCE COMMISSION,192000.0,,192000.0,192000.0,,,192000.0
8541,64890591,3953782,119936,2022-2023,4,XV Finance Commission,100000.0,100000.0,100000.0,100000.0,,,78979.0
8542,64899408,3953782,119936,2022-2023,5,XV Finance Commission,30000.0,,30000.0,30000.0,,,30000.0
8543,64898333,3953782,119936,2022-2023,6,XV Finance Commission,108000.0,108000.0,108000.0,108000.0,,,100583.0
8544,64899374,3953782,119936,2022-2023,7,,50000.0,,,,,,0.0
8545,64899338,3953782,119936,2022-2023,8,XV Finance Commission,74344.0,74344.0,74344.0,74344.0,,,0.0
8546,64899492,3953782,119936,2022-2023,9,XV Finance Commission,200000.0,200000.0,200000.0,200000.0,,,142559.0
8547,64899527,3953782,119936,2022-2023,10,XV Finance Commission,200000.0,200000.0,200000.0,200000.0,,,183207.0
8548,64899614,3953782,119936,2022-2023,11,XV Finance Commission,150000.0,150000.0,150000.0,150000.0,,,147892.0
8549,64899715,3953782,119936,2022-2023,12,5TH STATE FINANCE COMMISSION,150000.0,150000.0,150000.0,150000.0,,,146365.0
8550,64899452,3953782,119936,2022-2023,13,XV Finance Commission,150000.0,150000.0,150000.0,150000.0,,,141719.0
8551,64899807,3953782,119936,2022-2023,14,5TH STATE FINANCE COMMISSION,300000.0,300000.0,300000.0,300000.0,,,294000.0
8552,64898178,3953782,119936,2022-2023,15,XV Finance Commission,180000.0,180000.0,180000.0,180000.0,,,0.0
8553,64898048,3953782,119936,2022-2023,16,XV Finance Commission,150344.0,150344.0,150344.0,150344.0,,,96000.0
8554,64898667,3953782,119936,2022-2023,17,XV Finance Commission,90000.0,90000.0,90000.0,90000.0,,,87311.0
8555,65027554,3953782,119936,2022-2023,18,XV Finance Commission,450000.0,450000.0,450000.0,450000.0,,,448195.0
8556,64899647,3953782,119936,2022-2023,19,XV Finance Commission,83792.0,83792.0,83792.0,83792.0,,,83792.0
8557,64899743,3953782,119936,2022-2023,20,5TH STATE FINANCE COMMISSION,150000.0,150000.0,150000.0,150000.0,,,128318.0
8558,58712794,3953782,119936,2022-2023,21,Own Funds,10000.0,10000.0,10000.0,10000.0,,,0.0
8559,64899885,3953782,119936,2022-2023,22,5TH STATE FINANCE COMMISSION,50000.0,50000.0,50000.0,50000.0,,,47054.0
8560,64899761,3953782,119936,2022-2023,23,5TH STATE FINANCE COMMISSION,250000.0,,250000.0,250000.0,,,246164.0
8561,64898448,3953782,119936,2022-2023,24,XV Finance Commission,78000.0,78000.0,78000.0,78000.0,,,73448.0
8562,64899589,3953782,119936,2022-2023,25,XV Finance Commission,150000.0,150000.0,150000.0,150000.0,,,0.0
8563,64899291,3953782,119936,2022-2023,26,XV Finance Commission,10000.0,,10000.0,10000.0,,,10000.0
8564,65027576,3953782,119936,2022-2023,27,XV Finance Commission,20000.0,20000.0,20000.0,20000.0,,,20000.0
8565,64898550,3953782,119936,2022-2023,28,XV Finance Commission,60000.0,60000.0,60000.0,60000.0,,,60000.0
8566,79832034,4563811,119936,2023-2024,1,XV Finance Commission,200000.0,200000.0,200000.0,200000.0,,,195544.0
8567,79824965,4563811,119936,2023-2024,2,5TH STATE FINANCE COMMISSION,190000.0,190000.0,190000.0,190000.0,,,186200.0
8568,79334582,4563811,119936,2023-2024,3,XV Finance Commission,20000.0,20000.0,20000.0,20000.0,,,18000.0
8569,79314928,4563811,119936,2023-2024,4,XV Finance Commission,20000.0,20000.0,20000.0,,20000.0,,18000.0
8570,78961615,4563811,119936,2023-2024,5,XV Finance Commission,20000.0,20000.0,20000.0,20000.0,,,18000.0
8571,79330926,4563811,119936,2023-2024,6,XV Finance Commission,20000.0,200000.0,20000.0,20000.0,,,0.0
8572,79822322,4563811,119936,2023-2024,7,5TH STATE FINANCE COMMISSION,280000.0,280000.0,280000.0,280000.0,,,277200.0
8573,78962638,4563811,119936,2023-2024,8,XV Finance Commission,20000.0,20000.0,20000.0,20000.0,,,18000.0
8574,69519414,4563811,119936,2023-2024,9,,,,,,,,0.0
8575,72807433,4563811,119936,2023-2024,10,,,,,,,,0.0
8576,79831082,4563811,119936,2023-2024,11,,2500.0,,,,,,0.0
8577,79826422,4563811,119936,2023-2024,12,5TH STATE FINANCE COMMISSION,80000.0,,80000.0,80000.0,,,0.0
8578,72825408,4563811,119936,2023-2024,13,,680000.0,,,,,,0.0
8579,72825995,4563811,119936,2023-2024,14,,835000.0,,,,,,0.0
8580,75128479,4563811,119936,2023-2024,15,,,,,,,,0.0
8581,79793034,4563811,119936,2023-2024,16,,,,,,,,0.0
8582,79793191,4563811,119936,2023-2024,17,,,,,,,,0.0
8583,72823603,4563811,119936,2023-2024,18,,1665400.0,,,,,,0.0
8584,72823724,4563811,119936,2023-2024,19,,30000.0,,,,,,0.0
8585,79869529,4563811,119936,2023-2024,20,,,,,,,,0.0
8586,79369799,4563811,119936,2023-2024,21,,,,,,,,0.0
8587,79365864,4563811,119936,2023-2024,22,,220000.0,,,,,,0.0
8588,79384817,4563811,119936,2023-2024,23,,958000.0,,,,,,0.0
8589,79935493,4563811,119936,2023-2024,24,,,,,,,,0.0
8590,79403471,4563811,119936,2023-2024,25,,940000.0,,,,,,0.0
8591,79409823,4563811,119936,2023-2024,26,,730000.0,,,,,,0.0
8592,69779108,4563811,119936,2023-2024,27,,,,,,,,0.0
8593,69780202,4563811,119936,2023-2024,28,,,,,,,,0.0
8594,70079362,4563811,119936,2023-2024,29,,,,,,,,0.0
8595,70079560,4563811,119936,2023-2024,30,,,,,,,,0.0
8596,70083575,4563811,119936,2023-2024,31,,,,,,,,0.0
8597,72812856,4563811,119936,2023-2024,32,,,,,,,,0.0
8598,72819458,4563811,119936,2023-2024,33,,70000.0,,,,,,0.0
8599,72819570,4563811,119936,2023-2024,34,,,,,,,,0.0
8600,72824789,4563811,119936,2023-2024,35,,400000.0,,,,,,0.0
8601,75331446,4563811,119936,2023-2024,36,,,,,,,,0.0
8602,75349346,4563811,119936,2023-2024,37,,,,,,,,0.0
8603,76704083,4563811,119936,2023-2024,38,,,,,,,,0.0
8604,76705157,4563811,119936,2023-2024,39,,,,,,,,0.0
8605,77286198,4563811,119936,2023-2024,40,,,,,,,,0.0
8606,77287053,4563811,119936,2023-2024,41,,,,,,,,0.0
8607,77289697,4563811,119936,2023-2024,42,,,,,,,,0.0
8608,78613107,4563811,119936,2023-2024,43,,3500.0,,,,,,0.0
8609,78615582,4563811,119936,2023-2024,44,,3500.0,,,,,,0.0
8610,78648064,4563811,119936,2023-2024,45,,3500.0,,,,,,0.0
8611,78875727,4563811,119936,2023-2024,46,,3500.0,,,,,,0.0
8612,79237654,4563811,119936,2023-2024,47,,20000.0,,,,,,0.0
8613,69453359,4563811,119936,2023-2024,48,,100000.0,,,,,,0.0
8614,69453541,4563811,119936,2023-2024,49,,154440.0,,,,,,0.0
8615,69453828,4563811,119936,2023-2024,50,,100000.0,,,,,,0.0
8616,69453932,4563811,119936,2023-2024,51,,70000.0,,,,,,0.0
8617,69454054,4563811,119936,2023-2024,52,,60000.0,,,,,,0.0
8618,69454734,4563811,119936,2023-2024,53,,9800.0,,,,,,0.0
8619,69457307,4563811,119936,2023-2024,54,,200000.0,,,,,,0.0
8620,69457509,4563811,119936,2023-2024,55,,200000.0,,,,,,0.0
8621,69504463,4563811,119936,2023-2024,56,,,,,,,,0.0
8622,69505017,4563811,119936,2023-2024,57,,,,,,,,0.0
8623,69505561,4563811,119936,2023-2024,58,,,,,,,,0.0
8624,69506032,4563811,119936,2023-2024,59,,,,,,,,0.0
8625,69507203,4563811,119936,2023-2024,60,,,,,,,,0.0
8626,69509775,4563811,119936,2023-2024,61,,,,,,,,0.0
8627,69510643,4563811,119936,2023-2024,62,,,,,,,,0.0
8628,69511457,4563811,119936,2023-2024,63,,,,,,,,0.0
8629,69512694,4563811,119936,2023-2024,64,,,,,,,,0.0
8630,69514273,4563811,119936,2023-2024,65,,,,,,,,0.0
8631,69514762,4563811,119936,2023-2024,66,,,,,,,,0.0
8632,69515238,4563811,119936,2023-2024,67,,,,,,,,0.0
8633,69515954,4563811,119936,2023-2024,68,,,,,,,,0.0
8634,69516422,4563811,119936,2023-2024,69,,,,,,,,0.0
8635,69516875,4563811,119936,2023-2024,70,,,,,,,,0.0
8636,69518109,4563811,119936,2023-2024,71,,,,,,,,0.0
8637,69736996,4563811,119936,2023-2024,72,,,,,,,,0.0
8638,69737744,4563811,119936,2023-2024,73,,,,,,,,0.0
8639,69738113,4563811,119936,2023-2024,74,,,,,,,,0.0
8640,69738393,4563811,119936,2023-2024,75,,,,,,,,0.0
8641,69738783,4563811,119936,2023-2024,76,,,,,,,,0.0
8642,69738963,4563811,119936,2023-2024,77,,,,,,,,0.0
8643,69739101,4563811,119936,2023-2024,78,,,,,,,,0.0
8644,69741528,4563811,119936,2023-2024,79,,,,,,,,0.0
8645,69743650,4563811,119936,2023-2024,80,,100000.0,,,,,,0.0
8646,69744256,4563811,119936,2023-2024,81,,,,,,,,0.0
8647,69745762,4563811,119936,2023-2024,82,,6400.0,,,,,,0.0
8648,69778345,4563811,119936,2023-2024,83,,,,,,,,0.0
8649,70079823,4563811,119936,2023-2024,84,,,,,,,,0.0
8650,70080084,4563811,119936,2023-2024,85,,,,,,,,0.0
8651,70080318,4563811,119936,2023-2024,86,,,,,,,,0.0
8652,70081104,4563811,119936,2023-2024,87,,,,,,,,0.0
8653,70081370,4563811,119936,2023-2024,88,,,,,,,,0.0
8654,70081622,4563811,119936,2023-2024,89,,,,,,,,0.0
8655,70081850,4563811,119936,2023-2024,90,,,,,,,,0.0
8656,70082077,4563811,119936,2023-2024,91,,,,,,,,0.0
8657,70082274,4563811,119936,2023-2024,92,,,,,,,,0.0
8658,70082519,4563811,119936,2023-2024,93,,,,,,,,0.0
8659,70082894,4563811,119936,2023-2024,94,,,,,,,,0.0
8660,70083103,4563811,119936,2023-2024,95,,,,,,,,0.0
8661,70083795,4563811,119936,2023-2024,96,,,,,,,,0.0
8662,70084067,4563811,119936,2023-2024,97,,,,,,,,0.0
8663,70084329,4563811,119936,2023-2024,98,,,,,,,,0.0
8664,70084624,4563811,119936,2023-2024,99,,,,,,,,0.0
8665,70085663,4563811,119936,2023-2024,100,,,,,,,,0.0
8666,70085933,4563811,119936,2023-2024,101,,,,,,,,0.0
8667,70086154,4563811,119936,2023-2024,102,,,,,,,,0.0
8668,70088454,4563811,119936,2023-2024,103,,,,,,,,0.0
8669,70088762,4563811,119936,2023-2024,104,,,,,,,,0.0
8670,70088939,4563811,119936,2023-2024,105,,,,,,,,0.0
8671,70089102,4563811,119936,2023-2024,106,,,,,,,,0.0
8672,70089313,4563811,119936,2023-2024,107,,,,,,,,0.0
8673,70089763,4563811,119936,2023-2024,108,,,,,,,,0.0
8674,70090865,4563811,119936,2023-2024,109,,,,,,,,0.0
8675,70092382,4563811,119936,2023-2024,110,,,,,,,,0.0
8676,70092622,4563811,119936,2023-2024,111,,,,,,,,0.0
8677,70093189,4563811,119936,2023-2024,112,,,,,,,,0.0
8678,70093423,4563811,119936,2023-2024,113,,,,,,,,0.0
8679,70093780,4563811,119936,2023-2024,114,,,,,,,,0.0
8680,70094027,4563811,119936,2023-2024,115,,,,,,,,0.0
8681,70094723,4563811,119936,2023-2024,116,,,,,,,,0.0
8682,70095192,4563811,119936,2023-2024,117,,,,,,,,0.0
8683,70095474,4563811,119936,2023-2024,118,,,,,,,,0.0
8684,70095800,4563811,119936,2023-2024,119,,,,,,,,0.0
8685,70169788,4563811,119936,2023-2024,120,,,,,,,,0.0
8686,70170648,4563811,119936,2023-2024,121,,,,,,,,0.0
8687,70304185,4563811,119936,2023-2024,122,,,,,,,,0.0
8688,70342857,4563811,119936,2023-2024,123,,,,,,,,0.0
8689,70808014,4563811,119936,2023-2024,124,,70000.0,,,,,,0.0
8690,70816711,4563811,119936,2023-2024,125,,150000.0,,,,,,0.0
8691,72793770,4563811,119936,2023-2024,126,,,,,,,,0.0
8692,72794062,4563811,119936,2023-2024,127,,,,,,,,0.0
8693,72798525,4563811,119936,2023-2024,128,,,,,,,,0.0
8694,72798837,4563811,119936,2023-2024,129,,,,,,,,0.0
8695,72799663,4563811,119936,2023-2024,130,,,,,,,,0.0
8696,72800798,4563811,119936,2023-2024,131,,,,,,,,0.0
8697,72801065,4563811,119936,2023-2024,132,,,,,,,,0.0
8698,72801861,4563811,119936,2023-2024,133,,,,,,,,0.0
8699,72802037,4563811,119936,2023-2024,134,,,,,,,,0.0
8700,72803050,4563811,119936,2023-2024,135,,,,,,,,0.0
8701,72803969,4563811,119936,2023-2024,136,,,,,,,,0.0
8702,72804209,4563811,119936,2023-2024,137,,,,,,,,0.0
8703,72804961,4563811,119936,2023-2024,138,,,,,,,,0.0
8704,72805277,4563811,119936,2023-2024,139,,,,,,,,0.0
8705,72806036,4563811,119936,2023-2024,140,,,,,,,,0.0
8706,72806442,4563811,119936,2023-2024,141,,,,,,,,0.0
8707,72806727,4563811,119936,2023-2024,142,,,,,,,,0.0
8708,72807674,4563811,119936,2023-2024,143,,,,,,,,0.0
8709,72807940,4563811,119936,2023-2024,144,,,,,,,,0.0
8710,72808511,4563811,119936,2023-2024,145,,,,,,,,0.0
8711,72808795,4563811,119936,2023-2024,146,,,,,,,,0.0
8712,72810531,4563811,119936,2023-2024,147,,,,,,,,0.0
8713,72810839,4563811,119936,2023-2024,148,,,,,,,,0.0
8714,72811100,4563811,119936,2023-2024,149,,,,,,,,0.0
8715,72811547,4563811,119936,2023-2024,150,,,,,,,,0.0
8716,72812240,4563811,119936,2023-2024,151,,,,,,,,0.0
8717,72812558,4563811,119936,2023-2024,152,,,,,,,,0.0
8718,72813335,4563811,119936,2023-2024,153,,,,,,,,0.0
8719,72813790,4563811,119936,2023-2024,154,,,,,,,,0.0
8720,72817577,4563811,119936,2023-2024,155,,,,,,,,0.0
8721,72817773,4563811,119936,2023-2024,156,,,,,,,,0.0
8722,72817929,4563811,119936,2023-2024,157,,,,,,,,0.0
8723,72818688,4563811,119936,2023-2024,158,,,,,,,,0.0
8724,72818828,4563811,119936,2023-2024,159,,,,,,,,0.0
8725,72818957,4563811,119936,2023-2024,160,,,,,,,,0.0
8726,72819107,4563811,119936,2023-2024,161,,,,,,,,0.0
8727,72819307,4563811,119936,2023-2024,162,,,,,,,,0.0
8728,72819717,4563811,119936,2023-2024,163,,,,,,,,0.0
8729,72820573,4563811,119936,2023-2024,164,,,,,,,,0.0
8730,72820713,4563811,119936,2023-2024,165,,,,,,,,0.0
8731,72821059,4563811,119936,2023-2024,166,,,,,,,,0.0
8732,72821170,4563811,119936,2023-2024,167,,,,,,,,0.0
8733,72821293,4563811,119936,2023-2024,168,,,,,,,,0.0
8734,72821494,4563811,119936,2023-2024,169,,,,,,,,0.0
8735,72821631,4563811,119936,2023-2024,170,,,,,,,,0.0
8736,72821844,4563811,119936,2023-2024,171,,,,,,,,0.0
8737,72821991,4563811,119936,2023-2024,172,,,,,,,,0.0
8738,72822150,4563811,119936,2023-2024,173,,,,,,,,0.0
8739,72822273,4563811,119936,2023-2024,174,,,,,,,,0.0
8740,72822428,4563811,119936,2023-2024,175,,,,,,,,0.0
8741,72822551,4563811,119936,2023-2024,176,,,,,,,,0.0
8742,72822711,4563811,119936,2023-2024,177,,,,,,,,0.0
8743,72823072,4563811,119936,2023-2024,178,,,,,,,,0.0
8744,72823279,4563811,119936,2023-2024,179,,,,,,,,0.0
8745,72824228,4563811,119936,2023-2024,180,,300000.0,,,,,,0.0
8746,72824375,4563811,119936,2023-2024,181,,300000.0,,,,,,0.0
8747,72824490,4563811,119936,2023-2024,182,,160000.0,,,,,,0.0
8748,72824634,4563811,119936,2023-2024,183,,300000.0,,,,,,0.0
8749,72824903,4563811,119936,2023-2024,184,,7500.0,,,,,,0.0
8750,72825091,4563811,119936,2023-2024,185,,200000.0,,,,,,0.0
8751,72825278,4563811,119936,2023-2024,186,,680000.0,,,,,,0.0
8752,72825538,4563811,119936,2023-2024,187,,835000.0,,,,,,0.0
8753,72825736,4563811,119936,2023-2024,188,,625000.0,,,,,,0.0
8754,72825872,4563811,119936,2023-2024,189,,835000.0,,,,,,0.0
8755,75114161,4563811,119936,2023-2024,190,,167000.0,,,,,,0.0
8756,75116046,4563811,119936,2023-2024,191,,167000.0,,,,,,0.0
8757,75117207,4563811,119936,2023-2024,192,,167000.0,,,,,,0.0
8758,75117340,4563811,119936,2023-2024,193,,167000.0,,,,,,0.0
8759,75118449,4563811,119936,2023-2024,194,,167000.0,,,,,,0.0
8760,75122527,4563811,119936,2023-2024,195,,167000.0,,,,,,0.0
8761,75122970,4563811,119936,2023-2024,196,,167000.0,,,,,,0.0
8762,75127179,4563811,119936,2023-2024,197,,167000.0,,,,,,0.0
8763,75129266,4563811,119936,2023-2024,198,,167000.0,,,,,,0.0
8764,75129618,4563811,119936,2023-2024,199,,167000.0,,,,,,0.0
8765,75130040,4563811,119936,2023-2024,200,,167000.0,,,,,,0.0
8766,75130813,4563811,119936,2023-2024,201,,167000.0,,,,,,0.0
8767,75131232,4563811,119936,2023-2024,202,,167000.0,,,,,,0.0
8768,75131801,4563811,119936,2023-2024,203,,167000.0,,,,,,0.0
8769,75132074,4563811,119936,2023-2024,204,,167000.0,,,,,,0.0
8770,75132754,4563811,119936,2023-2024,205,,167000.0,,,,,,0.0
8771,75253851,4563811,119936,2023-2024,206,,167000.0,,,,,,0.0
8772,75254513,4563811,119936,2023-2024,207,,167000.0,,,,,,0.0
8773,75255756,4563811,119936,2023-2024,208,,167000.0,,,,,,0.0
8774,75257255,4563811,119936,2023-2024,209,,167000.0,,,,,,0.0
8775,75275555,4563811,119936,2023-2024,210,,,,,,,,0.0
8776,75294235,4563811,119936,2023-2024,211,,,,,,,,0.0
8777,75294410,4563811,119936,2023-2024,212,,,,,,,,0.0
8778,75294625,4563811,119936,2023-2024,213,,,,,,,,0.0
8779,75312020,4563811,119936,2023-2024,214,,,,,,,,0.0
8780,75322416,4563811,119936,2023-2024,215,,,,,,,,0.0
8781,75323391,4563811,119936,2023-2024,216,,,,,,,,0.0
8782,75325959,4563811,119936,2023-2024,217,,,,,,,,0.0
8783,75328306,4563811,119936,2023-2024,218,,,,,,,,0.0
8784,75353346,4563811,119936,2023-2024,219,,,,,,,,0.0
8785,75354644,4563811,119936,2023-2024,220,,,,,,,,0.0
8786,76461811,4563811,119936,2023-2024,221,,,,,,,,0.0
8787,76462441,4563811,119936,2023-2024,222,,,,,,,,0.0
8788,76698976,4563811,119936,2023-2024,223,,,,,,,,0.0
8789,76703657,4563811,119936,2023-2024,224,,,,,,,,0.0
8790,77292412,4563811,119936,2023-2024,225,,,,,,,,0.0
8791,77297559,4563811,119936,2023-2024,226,,,,,,,,0.0
8792,77300674,4563811,119936,2023-2024,227,,,,,,,,0.0
8793,77301930,4563811,119936,2023-2024,228,,,,,,,,0.0
8794,78552977,4563811,119936,2023-2024,229,,,,,,,,0.0
8795,78554343,4563811,119936,2023-2024,230,,,,,,,,0.0
8796,78559962,4563811,119936,2023-2024,231,,,,,,,,0.0
8797,78561042,4563811,119936,2023-2024,232,,,,,,,,0.0
8798,78564178,4563811,119936,2023-2024,233,,,,,,,,0.0
8799,78569662,4563811,119936,2023-2024,234,,,,,,,,0.0
8800,78578696,4563811,119936,2023-2024,235,,,,,,,,0.0
8801,78580224,4563811,119936,2023-2024,236,,,,,,,,0.0
8802,78601505,4563811,119936,2023-2024,237,,3500.0,,,,,,0.0
8803,78604257,4563811,119936,2023-2024,238,,3500.0,,,,,,0.0
8804,78609872,4563811,119936,2023-2024,239,,3500.0,,,,,,0.0
8805,78617734,4563811,119936,2023-2024,240,,3500.0,,,,,,0.0
8806,78620400,4563811,119936,2023-2024,241,,3500.0,,,,,,0.0
8807,78641312,4563811,119936,2023-2024,242,,3500.0,,,,,,0.0
8808,78641914,4563811,119936,2023-2024,243,,3500.0,,,,,,0.0
8809,78643179,4563811,119936,2023-2024,244,,3500.0,,,,,,0.0
8810,78644032,4563811,119936,2023-2024,245,,3500.0,,,,,,0.0
8811,78645552,4563811,119936,2023-2024,246,,3500.0,,,,,,0.0
8812,78646233,4563811,119936,2023-2024,247,,3500.0,,,,,,0.0
8813,78647015,4563811,119936,2023-2024,248,,3500.0,,,,,,0.0
8814,78876785,4563811,119936,2023-2024,249,,3500.0,,,,,,0.0
8815,78878074,4563811,119936,2023-2024,250,,3500.0,,,,,,0.0
8816,78879434,4563811,119936,2023-2024,251,,3500.0,,,,,,0.0
8817,78880428,4563811,119936,2023-2024,252,,3500.0,,,,,,0.0
8818,78881276,4563811,119936,2023-2024,253,,3500.0,,,,,,0.0
8819,78882332,4563811,119936,2023-2024,254,,3500.0,,,,,,0.0
8820,78884062,4563811,119936,2023-2024,255,,3500.0,,,,,,0.0
8821,78884889,4563811,119936,2023-2024,256,,3500.0,,,,,,0.0
8822,78886005,4563811,119936,2023-2024,257,,3500.0,,,,,,0.0
8823,78917231,4563811,119936,2023-2024,258,,,,,,,,0.0
8824,78958964,4563811,119936,2023-2024,259,XV Finance Commission,20000.0,20000.0,20000.0,20000.0,,,18000.0
8825,78956825,4563811,119936,2023-2024,260,XV Finance Commission,20000.0,20000.0,20000.0,20000.0,,,18000.0
8826,78957945,4563811,119936,2023-2024,261,XV Finance Commission,20000.0,20000.0,20000.0,20000.0,,,18000.0
8827,78963874,4563811,119936,2023-2024,262,XV Finance Commission,20000.0,20000.0,20000.0,20000.0,,,0.0
8828,79317537,4563811,119936,2023-2024,263,,20000.0,,,,,,0.0
8829,79319035,4563811,119936,2023-2024,264,XV Finance Commission,20000.0,20000.0,20000.0,,20000.0,,18000.0
8830,79320151,4563811,119936,2023-2024,265,XV Finance Commission,20000.0,20000.0,20000.0,20000.0,,,18000.0
8831,79321585,4563811,119936,2023-2024,266,XV Finance Commission,20000.0,20000.0,20000.0,20000.0,,,18000.0
8832,79323719,4563811,119936,2023-2024,267,XV Finance Commission,20000.0,20000.0,20000.0,20000.0,,,18000.0
8833,79327179,4563811,119936,2023-2024,268,XV Finance Commission,20000.0,20000.0,20000.0,20000.0,,,18000.0
8834,79332065,4563811,119936,2023-2024,269,,20000.0,,,,,,0.0
8835,79335950,4563811,119936,2023-2024,270,,20000.0,,,,,,0.0
8836,79328574,4563811,119936,2023-2024,271,XV Finance Commission,20000.0,20000.0,20000.0,20000.0,,,18000.0
8837,79338794,4563811,119936,2023-2024,272,XV Finance Commission,20000.0,20000.0,20000.0,20000.0,,,18000.0
8838,79348922,4563811,119936,2023-2024,273,,750000.0,,,,,,0.0
8839,79353837,4563811,119936,2023-2024,274,,750000.0,,,,,,0.0
8840,79363505,4563811,119936,2023-2024,275,,220000.0,,,,,,0.0
8841,79375285,4563811,119936,2023-2024,276,,,,,,,,0.0
8842,79391636,4563811,119936,2023-2024,277,,,,,,,,0.0
8843,79401041,4563811,119936,2023-2024,278,,860000.0,,,,,,0.0
8844,79405935,4563811,119936,2023-2024,279,,657000.0,,,,,,0.0
8845,79411067,4563811,119936,2023-2024,280,,680000.0,,,,,,0.0
8846,79420353,4563811,119936,2023-2024,281,,,,,,,,0.0
8847,79427941,4563811,119936,2023-2024,282,,,,,,,,0.0
8848,79792100,4563811,119936,2023-2024,283,,,,,,,,0.0
8849,79792238,4563811,119936,2023-2024,284,,,,,,,,0.0
8850,79792409,4563811,119936,2023-2024,285,,,,,,,,0.0
8851,79792586,4563811,119936,2023-2024,286,,,,,,,,0.0
8852,79792727,4563811,119936,2023-2024,287,,,,,,,,0.0
8853,79792873,4563811,119936,2023-2024,288,,,,,,,,0.0
8854,79793591,4563811,119936,2023-2024,289,,300000.0,,,,,,0.0
8855,79793955,4563811,119936,2023-2024,290,,300000.0,,,,,,0.0
8856,79794307,4563811,119936,2023-2024,291,,950000.0,,,,,,0.0
8857,79794837,4563811,119936,2023-2024,292,,60000.0,,,,,,0.0
8858,79795107,4563811,119936,2023-2024,293,,,,,,,,0.0
8859,79795312,4563811,119936,2023-2024,294,,,,,,,,0.0
8860,79795624,4563811,119936,2023-2024,295,,,,,,,,0.0
8861,79795848,4563811,119936,2023-2024,296,,,,,,,,0.0
8862,79796116,4563811,119936,2023-2024,297,,,,,,,,0.0
8863,79833847,4563811,119936,2023-2024,298,,70000.0,,,,,,0.0
8864,79833430,4563811,119936,2023-2024,299,XV Finance Commission,70000.0,70000.0,70000.0,70000.0,,,69188.0
8865,79836192,4563811,119936,2023-2024,300,,6000.0,,,,,,0.0
8866,79836680,4563811,119936,2023-2024,301,,10000.0,,,,,,0.0
8867,79835325,4563811,119936,2023-2024,302,XV Finance Commission,150000.0,150000.0,150000.0,150000.0,,,144381.0
8868,79835712,4563811,119936,2023-2024,303,XV Finance Commission,10000.0,,10000.0,10000.0,,,0.0
8869,79858258,4563811,119936,2023-2024,304,XV Finance Commission,162000.0,,162000.0,162000.0,,,145800.0
8870,79863800,4563811,119936,2023-2024,305,,300000.0,,,,,,0.0
8871,79841312,4563811,119936,2023-2024,306,XV Finance Commission,90000.0,90000.0,90000.0,90000.0,,,89056.0
8872,79864435,4563811,119936,2023-2024,307,,125000.0,,,,,,0.0
8873,79933232,4563811,119936,2023-2024,308,,,,,,,,0.0
8874,79839920,4563811,119936,2023-2024,309,XV Finance Commission,150000.0,150000.0,150000.0,150000.0,,,135000.0
8875,79840869,4563811,119936,2023-2024,310,XV Finance Commission,90000.0,90000.0,90000.0,90000.0,,,84499.0
8876,79864906,4563811,119936,2023-2024,311,,75000.0,,,,,,0.0
8877,79933968,4563811,119936,2023-2024,312,,,,,,,,0.0
8878,79935013,4563811,119936,2023-2024,313,,,,,,,,0.0
8879,79936334,4563811,119936,2023-2024,314,,,,,,,,0.0
8880,79937159,4563811,119936,2023-2024,315,,,,,,,,0.0
8881,79938064,4563811,119936,2023-2024,316,,,,,,,,0.0
8882,79939743,4563811,119936,2023-2024,317,,,,,,,,0.0
8883,79407176,4563811,119936,2023-2024,318,,650000.0,,,,,,0.0
8884,79408265,4563811,119936,2023-2024,319,,730000.0,,,,,,0.0
8885,79421879,4563811,119936,2023-2024,320,,,,,,,,0.0
8886,79426412,4563811,119936,2023-2024,321,,,,,,,,0.0
8887,79431563,4563811,119936,2023-2024,322,,,,,,,,0.0
8888,79432287,4563811,119936,2023-2024,323,,,,,,,,0.0
8889,79825780,4563811,119936,2023-2024,324,5TH STATE FINANCE COMMISSION,228000.0,228000.0,228000.0,228000.0,,,228000.0
8890,79826137,4563811,119936,2023-2024,325,5TH STATE FINANCE COMMISSION,204440.0,204440.0,204440.0,204440.0,,,203333.0
8891,79856905,4563811,119936,2023-2024,326,XV Finance Commission,100000.0,100000.0,100000.0,100000.0,,,94558.0
8892,79856546,4563811,119936,2023-2024,327,XV Finance Commission,100000.0,100000.0,100000.0,100000.0,,,94558.0
8893,79834918,4563811,119936,2023-2024,328,XV Finance Commission,146164.0,146164.0,146164.0,146164.0,,,141959.0
8894,79832340,4563811,119936,2023-2024,329,XV Finance Commission,150000.0,150000.0,150000.0,150000.0,,,117589.0
8895,79841769,4563811,119936,2023-2024,330,XV Finance Commission,90000.0,90000.0,90000.0,90000.0,,,88200.0
8896,79825301,4563811,119936,2023-2024,331,5TH STATE FINANCE COMMISSION,100000.0,100000.0,100000.0,100000.0,,,95523.0
8897,79840373,4563811,119936,2023-2024,332,XV Finance Commission,88498.0,88498.0,88498.0,88498.0,,,79648.0
8898,79834387,4563811,119936,2023-2024,333,XV Finance Commission,80000.0,80000.0,80000.0,80000.0,,,72000.0
8899,79857618,4563811,119936,2023-2024,334,XV Finance Commission,58998.0,58998.0,58998.0,58998.0,,,50000.0
8900,79832838,4563811,119936,2023-2024,335,XV Finance Commission,50000.0,,50000.0,50000.0,,,50000.0
8901,99194313,5070870,119936,2024-2025,1,5TH STATE FINANCE COMMISSION,112000.0,112000.0,112000.0,112000.0,,,112000.0
8902,99193579,5070870,119936,2024-2025,2,5TH STATE FINANCE COMMISSION,382250.0,382250.0,382250.0,382250.0,,,375000.0
8903,99207951,5070870,119936,2024-2025,3,XV Finance Commission,50000.0,50000.0,50000.0,50000.0,,,49450.0
8904,94697793,5070870,119936,2024-2025,4,,167000.0,,,,,,0.0
8905,99210443,5070870,119936,2024-2025,5,XV Finance Commission,10000.0,10000.0,10000.0,10000.0,,,10000.0
8906,99210908,5070870,119936,2024-2025,6,XV Finance Commission,5000.0,5000.0,5000.0,5000.0,,,5000.0
8907,99573127,5070870,119936,2024-2025,7,XV Finance Commission,15000.0,15000.0,15000.0,15000.0,,,14792.0
8908,99020355,5070870,119936,2024-2025,8,,167000.0,,,,,,0.0
8909,99028011,5070870,119936,2024-2025,9,,167000.0,,,,,,0.0
8910,99038909,5070870,119936,2024-2025,10,,167000.0,,,,,,0.0
8911,99039381,5070870,119936,2024-2025,11,,167000.0,,,,,,0.0
8912,99039764,5070870,119936,2024-2025,12,,167000.0,,,,,,0.0
8913,99040699,5070870,119936,2024-2025,13,,167000.0,,,,,,0.0
8914,99041114,5070870,119936,2024-2025,14,,167000.0,,,,,,0.0
8915,99042228,5070870,119936,2024-2025,15,,167000.0,,,,,,0.0
8916,99042505,5070870,119936,2024-2025,16,,167000.0,,,,,,0.0
8917,99043381,5070870,119936,2024-2025,17,,167000.0,,,,,,0.0
8918,99043704,5070870,119936,2024-2025,18,,167000.0,,,,,,0.0
8919,99043945,5070870,119936,2024-2025,19,,167000.0,,,,,,0.0
8920,99044250,5070870,119936,2024-2025,20,,167000.0,,,,,,0.0
8921,99044567,5070870,119936,2024-2025,21,,167000.0,,,,,,0.0
8922,99045594,5070870,119936,2024-2025,22,,167000.0,,,,,,0.0
8923,99202603,5070870,119936,2024-2025,23,,150000.0,,,,,,0.0
8924,99204128,5070870,119936,2024-2025,24,,15000.0,,,,,,0.0
8925,99205821,5070870,119936,2024-2025,25,XV Finance Commission,6000.0,6000.0,6000.0,6000.0,,,5400.0
8926,99206502,5070870,119936,2024-2025,26,,6000.0,,,,,,0.0
8927,99209897,5070870,119936,2024-2025,27,XV Finance Commission,100000.0,100000.0,100000.0,100000.0,,,98869.0
8928,99212641,5070870,119936,2024-2025,28,,100000.0,,,,,,0.0
8929,99213480,5070870,119936,2024-2025,29,XV Finance Commission,350000.0,,350000.0,350000.0,,,315000.0
8930,99225026,5070870,119936,2024-2025,30,,6000.0,,,,,,0.0
8931,99226155,5070870,119936,2024-2025,31,,6000.0,,,,,,0.0
8932,99226751,5070870,119936,2024-2025,32,,6000.0,,,,,,0.0
8933,99226610,5070870,119936,2024-2025,33,XV Finance Commission,6000.0,6000.0,6000.0,6000.0,,,5400.0
8934,99227043,5070870,119936,2024-2025,34,,6000.0,,,,,,0.0
8935,99227220,5070870,119936,2024-2025,35,,6000.0,,,,,,0.0
8936,99041462,5070870,119936,2024-2025,36,,167000.0,,,,,,0.0
8937,99028856,5070870,119936,2024-2025,37,,167000.0,,,,,,0.0
8938,99300463,5070870,119936,2024-2025,38,XV Finance Commission,10000.0,10000.0,10000.0,10000.0,,,10000.0
8939,99300945,5070870,119936,2024-2025,39,,250000.0,,,,,,0.0
8940,99309393,5070870,119936,2024-2025,40,5TH STATE FINANCE COMMISSION,60000.0,,60000.0,60000.0,,,60000.0
8941,99310244,5070870,119936,2024-2025,41,,,,,,,,0.0
8942,99311114,5070870,119936,2024-2025,42,5TH STATE FINANCE COMMISSION,110000.0,110000.0,110000.0,110000.0,,,109750.0
8943,99314599,5070870,119936,2024-2025,43,,167000.0,,,,,,0.0
8944,99315350,5070870,119936,2024-2025,44,,167000.0,,,,,,0.0
8945,99315944,5070870,119936,2024-2025,45,,167000.0,,,,,,0.0
8946,99316198,5070870,119936,2024-2025,46,,167000.0,,,,,,0.0
8947,99316807,5070870,119936,2024-2025,47,,167000.0,,,,,,0.0
8948,99316339,5070870,119936,2024-2025,48,,167000.0,,,,,,0.0
8949,99316505,5070870,119936,2024-2025,49,,167000.0,,,,,,0.0
8950,99316636,5070870,119936,2024-2025,50,,167000.0,,,,,,0.0
8951,99317356,5070870,119936,2024-2025,51,,167000.0,,,,,,0.0
8952,99316941,5070870,119936,2024-2025,52,,167000.0,,,,,,0.0
8953,99317626,5070870,119936,2024-2025,53,,167000.0,,,,,,0.0
8954,99317788,5070870,119936,2024-2025,54,,167000.0,,,,,,0.0
8955,99317909,5070870,119936,2024-2025,55,,167000.0,,,,,,0.0
8956,99318103,5070870,119936,2024-2025,56,,167000.0,,,,,,0.0
8957,99318218,5070870,119936,2024-2025,57,,167000.0,,,,,,0.0
8958,99318434,5070870,119936,2024-2025,58,,167000.0,,,,,,0.0
8959,99318541,5070870,119936,2024-2025,59,,167000.0,,,,,,0.0
8960,99318790,5070870,119936,2024-2025,60,,167000.0,,,,,,0.0
8961,99318932,5070870,119936,2024-2025,61,,167000.0,,,,,,0.0
8962,99319033,5070870,119936,2024-2025,62,,167000.0,,,,,,0.0
8963,99319244,5070870,119936,2024-2025,63,,167000.0,,,,,,0.0
8964,99319343,5070870,119936,2024-2025,64,,167000.0,,,,,,0.0
8965,99319737,5070870,119936,2024-2025,65,,167000.0,,,,,,0.0
8966,99319576,5070870,119936,2024-2025,66,,167000.0,,,,,,0.0
8967,99320227,5070870,119936,2024-2025,67,,520000.0,,,,,,0.0
8968,99320487,5070870,119936,2024-2025,68,,750000.0,,,,,,0.0
8969,99321043,5070870,119936,2024-2025,69,,520000.0,,,,,,0.0
8970,99327681,5070870,119936,2024-2025,70,,,,,,,,0.0
8971,99328087,5070870,119936,2024-2025,71,,,,,,,,0.0
8972,99328424,5070870,119936,2024-2025,72,,,,,,,,0.0
8973,99328831,5070870,119936,2024-2025,73,,,,,,,,0.0
8974,99328945,5070870,119936,2024-2025,74,,,,,,,,0.0
8975,99329187,5070870,119936,2024-2025,75,,,,,,,,0.0
8976,99329369,5070870,119936,2024-2025,76,,,,,,,,0.0
8977,99330165,5070870,119936,2024-2025,77,,,,,,,,0.0
8978,99329719,5070870,119936,2024-2025,78,,,,,,,,0.0
8979,99329984,5070870,119936,2024-2025,79,,,,,,,,0.0
8980,99329883,5070870,119936,2024-2025,80,,,,,,,,0.0
8981,99330069,5070870,119936,2024-2025,81,,,,,,,,0.0
8982,99330303,5070870,119936,2024-2025,82,,,,,,,,0.0
8983,99330481,5070870,119936,2024-2025,83,,,,,,,,0.0
8984,99330558,5070870,119936,2024-2025,84,,,,,,,,0.0
8985,99330663,5070870,119936,2024-2025,85,,,,,,,,0.0
8986,99330876,5070870,119936,2024-2025,86,,,,,,,,0.0
8987,99331093,5070870,119936,2024-2025,87,,,,,,,,0.0
8988,99331230,5070870,119936,2024-2025,88,,,,,,,,0.0
8989,99331649,5070870,119936,2024-2025,89,,450000.0,,,,,,0.0
8990,99332280,5070870,119936,2024-2025,90,,500000.0,,,,,,0.0
8991,99332447,5070870,119936,2024-2025,91,,560000.0,,,,,,0.0
8992,99332590,5070870,119936,2024-2025,92,,550000.0,,,,,,0.0
8993,99332688,5070870,119936,2024-2025,93,,450000.0,,,,,,0.0
8994,99332925,5070870,119936,2024-2025,94,,850000.0,,,,,,0.0
8995,99333306,5070870,119936,2024-2025,95,,550000.0,,,,,,0.0
8996,99333639,5070870,119936,2024-2025,96,,750000.0,,,,,,0.0
8997,99333921,5070870,119936,2024-2025,97,,750000.0,,,,,,0.0
8998,99334156,5070870,119936,2024-2025,98,,750000.0,,,,,,0.0
8999,99347071,5070870,119936,2024-2025,99,,850000.0,,,,,,0.0
9000,99346808,5070870,119936,2024-2025,100,,850000.0,,,,,,0.0
9001,99347278,5070870,119936,2024-2025,101,,850000.0,,,,,,0.0
9002,99349349,5070870,119936,2024-2025,102,,127000.0,,,,,,0.0
9003,99387379,5070870,119936,2024-2025,103,,127000.0,,,,,,0.0
9004,99388987,5070870,119936,2024-2025,104,,127000.0,,,,,,0.0
9005,99393725,5070870,119936,2024-2025,105,,127000.0,,,,,,0.0
9006,99393431,5070870,119936,2024-2025,106,,127000.0,,,,,,0.0
9007,99395055,5070870,119936,2024-2025,107,,127000.0,,,,,,0.0
9008,99395277,5070870,119936,2024-2025,108,,127000.0,,,,,,0.0
9009,99395948,5070870,119936,2024-2025,109,,127000.0,,,,,,0.0
9010,99396327,5070870,119936,2024-2025,110,,127000.0,,,,,,0.0
9011,99396707,5070870,119936,2024-2025,111,,127000.0,,,,,,0.0
9012,99396956,5070870,119936,2024-2025,112,,127000.0,,,,,,0.0
9013,99397387,5070870,119936,2024-2025,113,,127000.0,,,,,,0.0
9014,99397762,5070870,119936,2024-2025,114,,127000.0,,,,,,0.0
9015,99398282,5070870,119936,2024-2025,115,,127000.0,,,,,,0.0
9016,99398119,5070870,119936,2024-2025,116,,127000.0,,,,,,0.0
9017,99398572,5070870,119936,2024-2025,117,,127000.0,,,,,,0.0
9018,99400792,5070870,119936,2024-2025,118,,60000.0,,,,,,0.0
9019,99402966,5070870,119936,2024-2025,119,,60000.0,,,,,,0.0
9020,99402832,5070870,119936,2024-2025,120,,60000.0,,,,,,0.0
9021,99403116,5070870,119936,2024-2025,121,,60000.0,,,,,,0.0
9022,99403522,5070870,119936,2024-2025,122,,60000.0,,,,,,0.0
9023,99403817,5070870,119936,2024-2025,123,,60000.0,,,,,,0.0
9024,99404522,5070870,119936,2024-2025,124,,60000.0,,,,,,0.0
9025,99404199,5070870,119936,2024-2025,125,,60000.0,,,,,,0.0
9026,99404383,5070870,119936,2024-2025,126,,60000.0,,,,,,0.0
9027,99404667,5070870,119936,2024-2025,127,,60000.0,,,,,,0.0
9028,99404852,5070870,119936,2024-2025,128,,60000.0,,,,,,0.0
9029,99405009,5070870,119936,2024-2025,129,,60000.0,,,,,,0.0
9030,99405176,5070870,119936,2024-2025,130,,60000.0,,,,,,0.0
9031,99405338,5070870,119936,2024-2025,131,,60000.0,,,,,,0.0
9032,99405662,5070870,119936,2024-2025,132,,60000.0,,,,,,0.0
9033,99405492,5070870,119936,2024-2025,133,,60000.0,,,,,,0.0
9034,99405788,5070870,119936,2024-2025,134,,60000.0,,,,,,0.0
9035,99405929,5070870,119936,2024-2025,135,,60000.0,,,,,,0.0
9036,99406039,5070870,119936,2024-2025,136,,60000.0,,,,,,0.0
9037,99406145,5070870,119936,2024-2025,137,,60000.0,,,,,,0.0
9038,99406286,5070870,119936,2024-2025,138,,60000.0,,,,,,0.0
9039,99406470,5070870,119936,2024-2025,139,,60000.0,,,,,,0.0
9040,99406593,5070870,119936,2024-2025,140,,60000.0,,,,,,0.0
9041,99317082,5070870,119936,2024-2025,141,,167000.0,,,,,,0.0
9042,99317508,5070870,119936,2024-2025,142,,167000.0,,,,,,0.0
9043,99319144,5070870,119936,2024-2025,143,,167000.0,,,,,,0.0
9044,99319455,5070870,119936,2024-2025,144,,167000.0,,,,,,0.0
9045,99319859,5070870,119936,2024-2025,145,,167000.0,,,,,,0.0
9046,99521933,5070870,119936,2024-2025,146,,,,,,,,0.0
9047,99523106,5070870,119936,2024-2025,147,,,,,,,,0.0
9048,99531236,5070870,119936,2024-2025,148,,,,,,,,0.0
9049,99531648,5070870,119936,2024-2025,149,,,,,,,,0.0
9050,99532248,5070870,119936,2024-2025,150,,,,,,,,0.0
9051,99534079,5070870,119936,2024-2025,151,,,,,,,,0.0
9052,99537147,5070870,119936,2024-2025,152,,,,,,,,0.0
9053,99538339,5070870,119936,2024-2025,153,,,,,,,,0.0
9054,99533161,5070870,119936,2024-2025,154,,,,,,,,0.0
9055,99534604,5070870,119936,2024-2025,155,,,,,,,,0.0
9056,99576626,5070870,119936,2024-2025,156,,,,,,,,0.0
9057,99576717,5070870,119936,2024-2025,157,,,,,,,,0.0
9058,99576827,5070870,119936,2024-2025,158,,,,,,,,0.0
9059,99576911,5070870,119936,2024-2025,159,,,,,,,,0.0
9060,99577020,5070870,119936,2024-2025,160,,,,,,,,0.0
9061,99577142,5070870,119936,2024-2025,161,,,,,,,,0.0
9062,99577780,5070870,119936,2024-2025,162,,15000.0,,,,,,0.0
9063,99578314,5070870,119936,2024-2025,163,XV Finance Commission,140900.0,140900.0,140900.0,140900.0,,,139447.0
9064,94698214,5070870,119936,2024-2025,164,,167000.0,,,,,,0.0
9065,99023401,5070870,119936,2024-2025,165,,167000.0,,,,,,0.0
9066,99024167,5070870,119936,2024-2025,166,,167000.0,,,,,,0.0
9067,99029429,5070870,119936,2024-2025,167,,167000.0,,,,,,0.0
9068,99030432,5070870,119936,2024-2025,168,,167000.0,,,,,,0.0
9069,99031941,5070870,119936,2024-2025,169,,167000.0,,,,,,0.0
9070,99040214,5070870,119936,2024-2025,170,,167000.0,,,,,,0.0
9071,99045162,5070870,119936,2024-2025,171,,167000.0,,,,,,0.0
9072,99225365,5070870,119936,2024-2025,172,,6000.0,,,,,,0.0
9073,99312947,5070870,119936,2024-2025,173,5TH STATE FINANCE COMMISSION,69750.0,69750.0,69750.0,69750.0,,,68741.0
9074,99295513,5070870,119936,2024-2025,174,,75000.0,,,,,,0.0
9075,99225513,5070870,119936,2024-2025,175,,6000.0,,,,,,0.0
9076,99295187,5070870,119936,2024-2025,176,XV Finance Commission,200000.0,200000.0,200000.0,200000.0,,,197403.0
9077,99226004,5070870,119936,2024-2025,177,,6000.0,,,,,,0.0
9078,99314166,5070870,119936,2024-2025,178,,167000.0,,,,,,0.0
9079,99314825,5070870,119936,2024-2025,179,,167000.0,,,,,,0.0
9080,99315080,5070870,119936,2024-2025,180,,167000.0,,,,,,0.0
9081,99316063,5070870,119936,2024-2025,181,,167000.0,,,,,,0.0
9082,99329615,5070870,119936,2024-2025,182,,,,,,,,0.0
9083,99333534,5070870,119936,2024-2025,183,,650000.0,,,,,,0.0
9084,99334040,5070870,119936,2024-2025,184,,650000.0,,,,,,0.0
9085,99226304,5070870,119936,2024-2025,185,,6000.0,,,,,,0.0
9086,99205361,5070870,119936,2024-2025,186,XV Finance Commission,6000.0,6000.0,6000.0,6000.0,,,5400.0
9087,99307997,5070870,119936,2024-2025,187,5TH STATE FINANCE COMMISSION,60000.0,60000.0,60000.0,60000.0,,,54000.0
9088,99211535,5070870,119936,2024-2025,188,XV Finance Commission,10000.0,10000.0,10000.0,10000.0,,,10000.0
9089,99387592,5070870,119936,2024-2025,189,,127000.0,,,,,,0.0
9090,99388560,5070870,119936,2024-2025,190,,127000.0,,,,,,0.0
9091,99399628,5070870,119936,2024-2025,191,,60000.0,,,,,,0.0
9092,99400299,5070870,119936,2024-2025,192,,60000.0,,,,,,0.0
9093,99518562,5070870,119936,2024-2025,193,,,,,,,,0.0
9094,99519373,5070870,119936,2024-2025,194,,,,,,,,0.0
9095,99519924,5070870,119936,2024-2025,195,,,,,,,,0.0
9096,99520739,5070870,119936,2024-2025,196,,,,,,,,0.0
9097,99521032,5070870,119936,2024-2025,197,,,,,,,,0.0
9098,99521500,5070870,119936,2024-2025,198,,,,,,,,0.0
9099,99521701,5070870,119936,2024-2025,199,,,,,,,,0.0
9100,99522570,5070870,119936,2024-2025,200,,,,,,,,0.0
9101,99530497,5070870,119936,2024-2025,201,,,,,,,,0.0
9102,99530713,5070870,119936,2024-2025,202,,,,,,,,0.0
9103,99531004,5070870,119936,2024-2025,203,,,,,,,,0.0
9104,99531406,5070870,119936,2024-2025,204,,,,,,,,0.0
9105,99531873,5070870,119936,2024-2025,205,,,,,,,,0.0
9106,99532461,5070870,119936,2024-2025,206,,,,,,,,0.0
9107,99532731,5070870,119936,2024-2025,207,,,,,,,,0.0
9108,99533015,5070870,119936,2024-2025,208,,,,,,,,0.0
9109,99533395,5070870,119936,2024-2025,209,,,,,,,,0.0
9110,99534230,5070870,119936,2024-2025,210,,,,,,,,0.0
9111,99534449,5070870,119936,2024-2025,211,,,,,,,,0.0
9112,99534763,5070870,119936,2024-2025,212,,,,,,,,0.0
9113,99534923,5070870,119936,2024-2025,213,,,,,,,,0.0
9114,99535121,5070870,119936,2024-2025,214,,,,,,,,0.0
9115,99535336,5070870,119936,2024-2025,215,,,,,,,,0.0
9116,99535523,5070870,119936,2024-2025,216,,,,,,,,0.0
9117,99535965,5070870,119936,2024-2025,217,,,,,,,,0.0
9118,99536168,5070870,119936,2024-2025,218,,,,,,,,0.0
9119,99536313,5070870,119936,2024-2025,219,,,,,,,,0.0
9120,99536498,5070870,119936,2024-2025,220,,,,,,,,0.0
9121,99536643,5070870,119936,2024-2025,221,,,,,,,,0.0
9122,99536863,5070870,119936,2024-2025,222,,,,,,,,0.0
9123,99537573,5070870,119936,2024-2025,223,,,,,,,,0.0
9124,99538529,5070870,119936,2024-2025,224,,,,,,,,0.0
9125,99538724,5070870,119936,2024-2025,225,,,,,,,,0.0
9126,99539044,5070870,119936,2024-2025,226,,,,,,,,0.0
9127,99539264,5070870,119936,2024-2025,227,,,,,,,,0.0
9128,99574387,5070870,119936,2024-2025,228,,15000.0,,,,,,0.0
9129,99574690,5070870,119936,2024-2025,229,XV Finance Commission,100000.0,100000.0,100000.0,100000.0,,,90000.0
9130,99575813,5070870,119936,2024-2025,230,,50000.0,,,,,,0.0
9131,99575985,5070870,119936,2024-2025,231,,250000.0,,,,,,0.0
9132,99574138,5070870,119936,2024-2025,232,XV Finance Commission,15000.0,15000.0,15000.0,15000.0,,,14652.0
9133,99574453,5070870,119936,2024-2025,233,XV Finance Commission,15000.0,15000.0,15000.0,15000.0,,,13500.0
9134,99574009,5070870,119936,2024-2025,234,XV Finance Commission,15000.0,15000.0,15000.0,15000.0,,,14802.0
9135,99575511,5070870,119936,2024-2025,235,XV Finance Commission,100000.0,100000.0,100000.0,100000.0,,,97784.0
9136,99575299,5070870,119936,2024-2025,236,XV Finance Commission,130675.0,130675.0,130675.0,130675.0,,,130675.0
9137,99572973,5070870,119936,2024-2025,237,5TH STATE FINANCE COMMISSION,110000.0,110000.0,110000.0,110000.0,,,98503.0
9138,99308978,5070870,119936,2024-2025,238,5TH STATE FINANCE COMMISSION,80000.0,80000.0,80000.0,80000.0,,,74390.0
9139,99297598,5070870,119936,2024-2025,239,XV Finance Commission,100000.0,100000.0,100000.0,100000.0,,,100000.0
9140,99312567,5070870,119936,2024-2025,240,5TH STATE FINANCE COMMISSION,100000.0,100000.0,100000.0,100000.0,,,99000.0
9141,99202139,5070870,119936,2024-2025,241,XV Finance Commission,70000.0,70000.0,70000.0,70000.0,,,70000.0
9142,99201373,5070870,119936,2024-2025,242,XV Finance Commission,90000.0,90000.0,90000.0,,,90000.0,89056.0
9143,99577413,5070870,119936,2024-2025,243,XV Finance Commission,15000.0,15000.0,15000.0,15000.0,,,13500.0
9144,99294408,5070870,119936,2024-2025,244,XV Finance Commission,100000.0,100000.0,100000.0,100000.0,,,97811.0
9145,99200935,5070870,119936,2024-2025,245,XV Finance Commission,90000.0,90000.0,90000.0,90000.0,,,89036.0
9146,99212228,5070870,119936,2024-2025,246,XV Finance Commission,70000.0,70000.0,70000.0,70000.0,,,0.0
9147,99575608,5070870,119936,2024-2025,247,XV Finance Commission,5000.0,,5000.0,5000.0,,,5000.0
9148,99294917,5070870,119936,2024-2025,248,XV Finance Commission,104675.0,104675.0,104675.0,104675.0,,,104675.0
9149,99224713,5070870,119936,2024-2025,249,,6000.0,,,,,,0.0
9150,99225200,5070870,119936,2024-2025,250,,6000.0,,,,,,0.0
9151,99225875,5070870,119936,2024-2025,251,,6000.0,,,,,,0.0
9152,99226443,5070870,119936,2024-2025,252,,6000.0,,,,,,0.0
9153,99226866,5070870,119936,2024-2025,253,,6000.0,,,,,,0.0
9154,99227375,5070870,119936,2024-2025,254,,6000.0,,,,,,0.0
9155,99207128,5070870,119936,2024-2025,255,,6000.0,,,,,,0.0
9156,99206706,5070870,119936,2024-2025,256,,6000.0,,,,,,0.0
9157,99205053,5070870,119936,2024-2025,257,,6000.0,,,,,,0.0
9158,99204721,5070870,119936,2024-2025,258,,6000.0,,,,,,0.0
9159,99311583,5070870,119936,2024-2025,259,,150000.0,,,,,,0.0
9160,99204494,5070870,119936,2024-2025,260,XV Finance Commission,6000.0,6000.0,6000.0,6000.0,,,5400.0
9161,99573082,5070870,119936,2024-2025,261,XV Finance Commission,15000.0,15000.0,15000.0,15000.0,,,14802.0
9162,99224864,5070870,119936,2024-2025,262,XV Finance Commission,6000.0,6000.0,6000.0,6000.0,,,5400.0
9163,99206225,5070870,119936,2024-2025,263,XV Finance Commission,6000.0,6000.0,6000.0,6000.0,,,5400.0
9164,99574532,5070870,119936,2024-2025,264,XV Finance Commission,15000.0,15000.0,15000.0,15000.0,,,13500.0
9165,99574295,5070870,119936,2024-2025,265,XV Finance Commission,15000.0,15000.0,15000.0,15000.0,,,14802.0
9166,127461135,5908656,119936,2024-2025,1,,20000.0,,,,,,0.0
9167,127460678,5908656,119936,2024-2025,2,XV Finance Commission,120000.0,120000.0,120000.0,120000.0,,,117600.0
9168,127460612,5908656,119936,2024-2025,3,5TH STATE FINANCE COMMISSION,150000.0,150000.0,150000.0,150000.0,,,135000.0
9169,125018616,5440627,119936,2025-2026,1,Own Funds,264000.0,264000.0,264000.0,264000.0,,,0.0
9170,125018373,5440627,119936,2025-2026,2,5TH STATE FINANCE COMMISSION,180000.0,180000.0,180000.0,180000.0,,,144000.0
9171,109470399,5440627,119936,2025-2026,3,,,,,,,,0.0
9172,116770835,5440627,119936,2025-2026,4,,,,,,,,0.0
9173,116771840,5440627,119936,2025-2026,5,,,,,,,,0.0
9174,116772970,5440627,119936,2025-2026,6,,,,,,,,0.0
9175,116776732,5440627,119936,2025-2026,7,,,,,,,,0.0
9176,116904216,5440627,119936,2025-2026,8,,,,,,,,0.0
9177,116903741,5440627,119936,2025-2026,9,,,,,,,,0.0
9178,116905366,5440627,119936,2025-2026,10,,,,,,,,0.0
9179,116906061,5440627,119936,2025-2026,11,,,,,,,,0.0
9180,116907611,5440627,119936,2025-2026,12,,,,,,,,0.0
9181,116909850,5440627,119936,2025-2026,13,,700000.0,,,,,,0.0
9182,116912085,5440627,119936,2025-2026,14,,,,,,,,0.0
9183,116913003,5440627,119936,2025-2026,15,,,,,,,,0.0
9184,116778742,5440627,119936,2025-2026,16,,,,,,,,0.0
9185,116917979,5440627,119936,2025-2026,17,,,,,,,,0.0
9186,124914903,5440627,119936,2025-2026,18,,,,,,,,0.0
9187,124943164,5440627,119936,2025-2026,19,,,,,,,,0.0
9188,124944138,5440627,119936,2025-2026,20,,,,,,,,0.0
9189,124901948,5440627,119936,2025-2026,21,,,,,,,,0.0
9190,124902048,5440627,119936,2025-2026,22,,,,,,,,0.0
9191,124902128,5440627,119936,2025-2026,23,,,,,,,,0.0
9192,124902401,5440627,119936,2025-2026,24,,,,,,,,0.0
9193,124902516,5440627,119936,2025-2026,25,,,,,,,,0.0
9194,124902611,5440627,119936,2025-2026,26,,,,,,,,0.0
9195,124902966,5440627,119936,2025-2026,27,,,,,,,,0.0
9196,124903024,5440627,119936,2025-2026,28,,,,,,,,0.0
9197,124903085,5440627,119936,2025-2026,29,,,,,,,,0.0
9198,124904561,5440627,119936,2025-2026,30,,,,,,,,0.0
9199,124904660,5440627,119936,2025-2026,31,,,,,,,,0.0
9200,124904729,5440627,119936,2025-2026,32,,,,,,,,0.0
9201,124904789,5440627,119936,2025-2026,33,,,,,,,,0.0
9202,124904829,5440627,119936,2025-2026,34,,,,,,,,0.0
9203,124904890,5440627,119936,2025-2026,35,,,,,,,,0.0
9204,124904959,5440627,119936,2025-2026,36,,,,,,,,0.0
9205,124905012,5440627,119936,2025-2026,37,,,,,,,,0.0
9206,124905097,5440627,119936,2025-2026,38,,,,,,,,0.0
9207,124905135,5440627,119936,2025-2026,39,,,,,,,,0.0
9208,124905275,5440627,119936,2025-2026,40,,,,,,,,0.0
9209,124905313,5440627,119936,2025-2026,41,,,,,,,,0.0
9210,124905351,5440627,119936,2025-2026,42,,,,,,,,0.0
9211,124905448,5440627,119936,2025-2026,43,,,,,,,,0.0
9212,124905541,5440627,119936,2025-2026,44,,,,,,,,0.0
9213,124905598,5440627,119936,2025-2026,45,,,,,,,,0.0
9214,124905935,5440627,119936,2025-2026,46,,,,,,,,0.0
9215,124906363,5440627,119936,2025-2026,47,,,,,,,,0.0
9216,124906448,5440627,119936,2025-2026,48,,,,,,,,0.0
9217,124906726,5440627,119936,2025-2026,49,,,,,,,,0.0
9218,124906988,5440627,119936,2025-2026,50,,,,,,,,0.0
9219,124907072,5440627,119936,2025-2026,51,,,,,,,,0.0
9220,124907122,5440627,119936,2025-2026,52,,,,,,,,0.0
9221,124914429,5440627,119936,2025-2026,53,,,,,,,,0.0
9222,124914829,5440627,119936,2025-2026,54,,,,,,,,0.0
9223,124937292,5440627,119936,2025-2026,55,,,,,,,,0.0
9224,124937817,5440627,119936,2025-2026,56,,,,,,,,0.0
9225,124937997,5440627,119936,2025-2026,57,,,,,,,,0.0
9226,124938211,5440627,119936,2025-2026,58,,,,,,,,0.0
9227,124938425,5440627,119936,2025-2026,59,,,,,,,,0.0
9228,124938721,5440627,119936,2025-2026,60,,,,,,,,0.0
9229,124940002,5440627,119936,2025-2026,61,,,,,,,,0.0
9230,124940216,5440627,119936,2025-2026,62,,,,,,,,0.0
9231,124940423,5440627,119936,2025-2026,63,,,,,,,,0.0
9232,124940919,5440627,119936,2025-2026,64,,,,,,,,0.0
9233,124941771,5440627,119936,2025-2026,65,,,,,,,,0.0
9234,124942034,5440627,119936,2025-2026,66,,,,,,,,0.0
9235,124942362,5440627,119936,2025-2026,67,,,,,,,,0.0
9236,124942544,5440627,119936,2025-2026,68,,,,,,,,0.0
9237,124943788,5440627,119936,2025-2026,69,,,,,,,,0.0
9238,124944604,5440627,119936,2025-2026,70,,,,,,,,0.0
9239,124945368,5440627,119936,2025-2026,71,,,,,,,,0.0
9240,124946959,5440627,119936,2025-2026,72,,,,,,,,0.0
9241,124947497,5440627,119936,2025-2026,73,,,,,,,,0.0
9242,124947977,5440627,119936,2025-2026,74,,,,,,,,0.0
9243,124986513,5440627,119936,2025-2026,75,XV Finance Commission,155736.0,155736.0,155736.0,155736.0,,,0.0
9244,124988730,5440627,119936,2025-2026,76,XV Finance Commission,170000.0,,170000.0,170000.0,,,170000.0
9245,124989313,5440627,119936,2025-2026,77,,90000.0,,,,,,0.0
9246,124989774,5440627,119936,2025-2026,78,XV Finance Commission,170000.0,,170000.0,170000.0,,,170000.0
9247,124990415,5440627,119936,2025-2026,79,XV Finance Commission,91660.0,91660.0,91660.0,91660.0,,,0.0
9248,124991282,5440627,119936,2025-2026,80,,43279.0,,,,,,0.0
9249,124998532,5440627,119936,2025-2026,81,,36000.0,,,,,,0.0
9250,124999031,5440627,119936,2025-2026,82,XV Finance Commission,90000.0,90000.0,90000.0,90000.0,,,81000.0
9251,124999629,5440627,119936,2025-2026,83,,90000.0,,,,,,0.0
9252,124999866,5440627,119936,2025-2026,84,,90000.0,,,,,,0.0
9253,125000670,5440627,119936,2025-2026,85,,36000.0,,,,,,0.0
9254,125000947,5440627,119936,2025-2026,86,,120000.0,,,,,,0.0
9255,125001145,5440627,119936,2025-2026,87,,120000.0,,,,,,0.0
9256,125004644,5440627,119936,2025-2026,88,XV Finance Commission,200000.0,200000.0,200000.0,200000.0,,,0.0
9257,125004922,5440627,119936,2025-2026,89,XV Finance Commission,200000.0,200000.0,200000.0,200000.0,,,200000.0
9258,125005114,5440627,119936,2025-2026,90,XV Finance Commission,124882.0,124882.0,124882.0,124882.0,,,124882.0
9259,125005293,5440627,119936,2025-2026,91,XV Finance Commission,100000.0,,100000.0,100000.0,,,100000.0
9260,125006389,5440627,119936,2025-2026,92,,100000.0,100000.0,,,,,0.0
9261,125006768,5440627,119936,2025-2026,93,,116018.0,,,,,,0.0
9262,125007121,5440627,119936,2025-2026,94,5TH STATE FINANCE COMMISSION,390000.0,390000.0,390000.0,390000.0,,,130000.0
9263,125007556,5440627,119936,2025-2026,95,,10980.0,,,,,,0.0
9264,125007972,5440627,119936,2025-2026,96,,216920.0,,,,,,0.0
9265,125008330,5440627,119936,2025-2026,97,,100000.0,,,,,,0.0
9266,125008617,5440627,119936,2025-2026,98,5TH STATE FINANCE COMMISSION,20000.0,20000.0,20000.0,20000.0,,,0.0
9267,125009027,5440627,119936,2025-2026,99,,6500.0,,,,,,0.0
9268,125009318,5440627,119936,2025-2026,100,,6500.0,,,,,,0.0
9269,125009494,5440627,119936,2025-2026,101,,6500.0,,,,,,0.0
9270,125009794,5440627,119936,2025-2026,102,,100000.0,,,,,,0.0
9271,125009997,5440627,119936,2025-2026,103,,150000.0,150000.0,,,,,0.0
9272,125011529,5440627,119936,2025-2026,104,,150000.0,150000.0,,,,,0.0
9273,125018456,5440627,119936,2025-2026,105,,100000.0,,,,,,0.0
9274,124905222,5440627,119936,2025-2026,106,,,,,,,,0.0
9275,124905401,5440627,119936,2025-2026,107,,,,,,,,0.0
9276,125022468,5440627,119936,2025-2026,108,XV Finance Commission,43758.0,43758.0,43758.0,43758.0,,,0.0
9277,125025447,5440627,119936,2025-2026,109,XV Finance Commission,80000.0,80000.0,80000.0,80000.0,,,0.0
9278,125025588,5440627,119936,2025-2026,110,,80000.0,80000.0,,,,,0.0
9279,125029934,5440627,119936,2025-2026,111,,44000.0,,,,,,0.0
9280,125030237,5440627,119936,2025-2026,112,,120000.0,,,,,,0.0
9281,125124869,5440627,119936,2025-2026,113,,,,,,,,0.0
9282,125125170,5440627,119936,2025-2026,114,,,,,,,,0.0
9283,125125189,5440627,119936,2025-2026,115,,,,,,,,0.0
9284,125125208,5440627,119936,2025-2026,116,,,,,,,,0.0
9285,125125223,5440627,119936,2025-2026,117,,,,,,,,0.0
9286,125125284,5440627,119936,2025-2026,118,,,,,,,,0.0
9287,125131571,5440627,119936,2025-2026,119,,30000.0,,,,,,0.0
9288,125124922,5440627,119936,2025-2026,120,,,,,,,,0.0
9289,125125350,5440627,119936,2025-2026,121,,,,,,,,0.0
9290,125133955,5440627,119936,2025-2026,122,,,,,,,,0.0
9291,125134322,5440627,119936,2025-2026,123,,,,,,,,0.0
9292,125134797,5440627,119936,2025-2026,124,,,,,,,,0.0
9293,125134681,5440627,119936,2025-2026,125,,,,,,,,0.0
9294,125134719,5440627,119936,2025-2026,126,,,,,,,,0.0
9295,125134749,5440627,119936,2025-2026,127,,,,,,,,0.0
9296,125134836,5440627,119936,2025-2026,128,,,,,,,,0.0
9297,109473193,5440627,119936,2025-2026,129,,,,,,,,0.0
9298,116773742,5440627,119936,2025-2026,130,,,,,,,,0.0
9299,116777710,5440627,119936,2025-2026,131,,,,,,,,0.0
9300,116908854,5440627,119936,2025-2026,132,,700000.0,,,,,,0.0
9301,116911030,5440627,119936,2025-2026,133,,,,,,,,0.0
9302,116917232,5440627,119936,2025-2026,134,,,,,,,,0.0
9303,116918718,5440627,119936,2025-2026,135,,,,,,,,0.0
9304,116919194,5440627,119936,2025-2026,136,,,,,,,,0.0
9305,116919862,5440627,119936,2025-2026,137,,,,,,,,0.0
9306,116920351,5440627,119936,2025-2026,138,,,,,,,,0.0
9307,116920847,5440627,119936,2025-2026,139,,,,,,,,0.0
9308,116921396,5440627,119936,2025-2026,140,,,,,,,,0.0
9309,116921905,5440627,119936,2025-2026,141,,,,,,,,0.0
9310,124906595,5440627,119936,2025-2026,142,,,,,,,,0.0
9311,124941356,5440627,119936,2025-2026,143,,,,,,,,0.0
9312,124999349,5440627,119936,2025-2026,144,XV Finance Commission,124917.0,124917.0,124917.0,124917.0,,,0.0
9313,125018407,5440627,119936,2025-2026,145,,36000.0,,,,,,0.0
9314,125018572,5440627,119936,2025-2026,146,,36000.0,,,,,,0.0
9315,125018704,5440627,119936,2025-2026,147,,,,,,,,0.0
9316,125018762,5440627,119936,2025-2026,148,,,,,,,,0.0
9317,125018836,5440627,119936,2025-2026,149,,,,,,,,0.0
9318,125018870,5440627,119936,2025-2026,150,,,,,,,,0.0
9319,125124899,5440627,119936,2025-2026,151,,,,,,,,0.0
9320,125125061,5440627,119936,2025-2026,152,,,,,,,,0.0
9321,125125108,5440627,119936,2025-2026,153,,,,,,,,0.0
9322,125125132,5440627,119936,2025-2026,154,,,,,,,,0.0
9323,125125159,5440627,119936,2025-2026,155,,,,,,,,0.0
9324,125125237,5440627,119936,2025-2026,156,,,,,,,,0.0
9325,125125382,5440627,119936,2025-2026,157,,,,,,,,0.0
9326,125132067,5440627,119936,2025-2026,158,,,,,,,,0.0
9327,125132123,5440627,119936,2025-2026,159,,,,,,,,0.0
9328,125134022,5440627,119936,2025-2026,160,,,,,,,,0.0
9329,125011368,5440627,119936,2025-2026,161,5TH STATE FINANCE COMMISSION,20000.0,20000.0,20000.0,20000.0,,,0.0
9330,125134070,5440627,119936,2025-2026,162,,,,,,,,0.0
9331,125134098,5440627,119936,2025-2026,163,,,,,,,,0.0
9332,125134130,5440627,119936,2025-2026,164,,,,,,,,0.0
9333,125134166,5440627,119936,2025-2026,165,,,,,,,,0.0
9334,125134205,5440627,119936,2025-2026,166,,,,,,,,0.0
9335,125134248,5440627,119936,2025-2026,167,,,,,,,,0.0
9336,125134288,5440627,119936,2025-2026,168,,,,,,,,0.0
9337,125134867,5440627,119936,2025-2026,169,,,,,,,,0.0
9338,44496130,3148452,121162,2020-2021,1,5TH STATE FINANCE COMMISSION,100000.0,100000.0,100000.0,100000.0,,,98600.0
9339,44495761,3148452,121162,2020-2021,2,,200000.0,,,,,,0.0
9340,44495996,3148452,121162,2020-2021,3,,150000.0,,,,,,0.0
9341,44496064,3148452,121162,2020-2021,4,,95000.0,,,,,,0.0
9342,44495983,3148452,121162,2020-2021,5,,50000.0,,,,,,0.0
9343,44495840,3148452,121162,2020-2021,6,,20000.0,,,,,,0.0
9344,44495856,3148452,121162,2020-2021,7,,12000.0,,,,,,0.0
9345,44495896,3148452,121162,2020-2021,8,,200000.0,,,,,,0.0
9346,44495881,3148452,121162,2020-2021,9,XV Finance Commission,100000.0,100000.0,100000.0,100000.0,,,100000.0
9347,44495913,3148452,121162,2020-2021,10,,10000.0,,,,,,0.0
9348,44495927,3148452,121162,2020-2021,11,,18000.0,,,,,,0.0
9349,44495948,3148452,121162,2020-2021,12,,20000.0,,,,,,0.0
9350,44495971,3148452,121162,2020-2021,13,,100000.0,100000.0,,,,,0.0
9351,44496026,3148452,121162,2020-2021,14,XV Finance Commission,150000.0,150000.0,150000.0,150000.0,,,150000.0
9352,44496089,3148452,121162,2020-2021,15,,200000.0,,,,,,0.0
9353,44496102,3148452,121162,2020-2021,16,,200000.0,,,,,,0.0
9354,44496142,3148452,121162,2020-2021,17,,150000.0,,,,,,0.0
9355,44496439,3148452,121162,2020-2021,18,,100986.0,,,,,,0.0
9356,44495747,3148452,121162,2020-2021,19,XV Finance Commission,50000.0,50000.0,50000.0,50000.0,,,49284.0
9357,44495719,3148452,121162,2020-2021,20,XV Finance Commission,168000.0,,168000.0,168000.0,,,84250.0
9358,44496172,3148452,121162,2020-2021,21,,100000.0,,,,,,0.0
9359,44496160,3148452,121162,2020-2021,22,,100000.0,,,,,,0.0
9360,44496118,3148452,121162,2020-2021,23,,150000.0,,,,,,0.0
9361,44495826,3148452,121162,2020-2021,24,XV Finance Commission,367300.0,,367300.0,367300.0,,,346112.0
9362,44495733,3148452,121162,2020-2021,25,XV Finance Commission,330000.0,330000.0,330000.0,330000.0,,,330000.0
9363,44496045,3148452,121162,2020-2021,26,XV Finance Commission,250000.0,250000.0,250000.0,250000.0,,,250000.0
9364,44495705,3148452,121162,2020-2021,27,XV Finance Commission,50000.0,50000.0,50000.0,50000.0,,,20000.0
9365,44495864,3148452,121162,2020-2021,28,XV Finance Commission,20000.0,20000.0,20000.0,20000.0,,,6077.0
9366,44495808,3148452,121162,2020-2021,29,XV Finance Commission,80343.0,80343.0,80343.0,80343.0,,,80000.0
9367,44495785,3148452,121162,2020-2021,30,XV Finance Commission,150000.0,150000.0,150000.0,150000.0,,,140775.0
9368,62897766,4164487,121162,2020-2021,1,,50000.0,,,,,,0.0
9369,62896806,4164487,121162,2020-2021,2,5TH STATE FINANCE COMMISSION,200000.0,200000.0,200000.0,200000.0,,,187310.0
9370,62897709,4164487,121162,2020-2021,3,5TH STATE FINANCE COMMISSION,100000.0,100000.0,100000.0,100000.0,,,94651.0
9371,48901366,3387689,121162,2021-2022,1,,295643.0,295643.0,,,,,0.0
9372,48867200,3387689,121162,2021-2022,2,,150000.0,,,,,,0.0
9373,48871599,3387689,121162,2021-2022,3,,589454.0,,,,,,0.0
9374,48869171,3387689,121162,2021-2022,4,XV Finance Commission,200000.0,200000.0,200000.0,,200000.0,,188032.0
9375,48868464,3387689,121162,2021-2022,5,,50000.0,,,,,,0.0
9376,48870302,3387689,121162,2021-2022,6,,200000.0,,,,,,0.0
9377,48870093,3387689,121162,2021-2022,7,,100000.0,,,,,,0.0
9378,48891294,3387689,121162,2021-2022,8,,100000.0,,,,,,0.0
9379,48869907,3387689,121162,2021-2022,9,,50000.0,,,,,,0.0
9380,48871145,3387689,121162,2021-2022,10,5TH STATE FINANCE COMMISSION,120000.0,120000.0,120000.0,,120000.0,,113014.0
9381,48870530,3387689,121162,2021-2022,11,,100000.0,,,,,,0.0
9382,48868799,3387689,121162,2021-2022,12,XV Finance Commission,150000.0,150000.0,150000.0,,150000.0,,207493.0
9383,48867383,3387689,121162,2021-2022,13,XV Finance Commission,330000.0,330000.0,330000.0,,330000.0,,412028.0
9384,48870687,3387689,121162,2021-2022,14,5TH STATE FINANCE COMMISSION,150000.0,150000.0,150000.0,,150000.0,,150000.0
9385,48867032,3387689,121162,2021-2022,15,XV Finance Commission,176866.0,176866.0,176866.0,,176866.0,,201600.0
9386,48869764,3387689,121162,2021-2022,16,5TH STATE FINANCE COMMISSION,100000.0,,100000.0,100000.0,,,12980.0
9387,48867903,3387689,121162,2021-2022,17,,100000.0,,,,,,0.0
9388,48868073,3387689,121162,2021-2022,18,,92866.0,,,,,,0.0
9389,48866885,3387689,121162,2021-2022,19,XV Finance Commission,500000.0,500000.0,500000.0,,500000.0,,857895.0
9390,48869338,3387689,121162,2021-2022,20,XV Finance Commission,100000.0,100000.0,100000.0,,100000.0,,131000.0
9391,48868605,3387689,121162,2021-2022,21,XV Finance Commission,150000.0,150000.0,150000.0,,150000.0,,98734.0
9392,48868271,3387689,121162,2021-2022,22,,200000.0,,,,,,0.0
9393,48870999,3387689,121162,2021-2022,23,,150000.0,,,,,,0.0
9394,48869572,3387689,121162,2021-2022,24,XV Finance Commission,200000.0,200000.0,200000.0,,200000.0,,328969.0
9395,55237582,3765686,121162,2021-2022,1,XV Finance Commission,150000.0,150000.0,150000.0,150000.0,,,147845.0
9396,55237713,3765686,121162,2021-2022,2,5TH STATE FINANCE COMMISSION,150000.0,150000.0,150000.0,150000.0,,,141276.0
9397,55237672,3765686,121162,2021-2022,3,,100000.0,,,,,,0.0
9398,55237620,3765686,121162,2021-2022,4,,100000.0,,,,,,0.0
9399,55237785,3765686,121162,2021-2022,5,,200000.0,,,,,,0.0
9400,55237820,3765686,121162,2021-2022,6,,100000.0,,,,,,0.0
9401,55237538,3765686,121162,2021-2022,7,,200000.0,,,,,,0.0
9402,55237468,3765686,121162,2021-2022,8,XV Finance Commission,75000.0,75000.0,75000.0,75000.0,,,0.0
9403,55237872,3765686,121162,2021-2022,9,Own Funds,289454.0,289454.0,289454.0,289454.0,,,0.0
9404,55246824,3765686,121162,2021-2022,10,XV Finance Commission,75000.0,75000.0,75000.0,75000.0,,,75000.0
9405,61657898,4106086,121162,2021-2022,1,,139454.0,,,,,,0.0
9406,61656978,4106086,121162,2021-2022,2,,100000.0,,,,,,0.0
9407,61657222,4106086,121162,2021-2022,3,,150000.0,,,,,,0.0
9408,61719599,4108614,121162,2021-2022,1,,25000.0,,,,,,0.0
9409,61716858,4108614,121162,2021-2022,2,5TH STATE FINANCE COMMISSION,175000.0,175000.0,175000.0,175000.0,,,174069.0
9410,61715040,4108614,121162,2021-2022,3,5TH STATE FINANCE COMMISSION,150000.0,150000.0,150000.0,150000.0,,,147907.0
9411,64780986,4164003,121162,2021-2022,1,5TH STATE FINANCE COMMISSION,150000.0,150000.0,150000.0,150000.0,,,148500.0
9412,64781026,4164003,121162,2021-2022,2,XV Finance Commission,150000.0,150000.0,150000.0,150000.0,,,150000.0
9413,64781057,4164003,121162,2021-2022,3,5TH STATE FINANCE COMMISSION,150000.0,150000.0,150000.0,150000.0,,,146625.0
9414,60852406,4072846,121162,2022-2023,1,5TH STATE FINANCE COMMISSION,150000.0,,150000.0,,150000.0,,246382.0
9415,60880146,4072846,121162,2022-2023,2,,28544.0,,,,,,0.0
9416,60880062,4072846,121162,2022-2023,3,,100000.0,,,,,,0.0
9417,60879946,4072846,121162,2022-2023,4,,100000.0,,,,,,0.0
9418,60879885,4072846,121162,2022-2023,5,,100000.0,,,,,,0.0
9419,60855172,4072846,121162,2022-2023,6,,150000.0,,,,,,0.0
9420,60852872,4072846,121162,2022-2023,7,,100000.0,,,,,,0.0
9421,60852438,4072846,121162,2022-2023,8,,150000.0,,,,,,0.0
9422,60852476,4072846,121162,2022-2023,9,,300000.0,,,,,,0.0
9423,60852934,4072846,121162,2022-2023,10,,400000.0,,,,,,0.0
9424,60851960,4072846,121162,2022-2023,11,,100000.0,,,,,,0.0
9425,60852032,4072846,121162,2022-2023,12,,100000.0,,,,,,0.0
9426,60852116,4072846,121162,2022-2023,13,,40000.0,,,,,,0.0
9427,60852082,4072846,121162,2022-2023,14,,100000.0,,,,,,0.0
9428,60851990,4072846,121162,2022-2023,15,,50000.0,,,,,,0.0
9429,60854853,4072846,121162,2022-2023,16,,300000.0,,,,,,0.0
9430,60851379,4072846,121162,2022-2023,17,XV Finance Commission,200000.0,200000.0,200000.0,,200000.0,,505000.0
9431,60854945,4072846,121162,2022-2023,18,XV Finance Commission,178544.0,178544.0,178544.0,,178544.0,,201250.0
9432,60852518,4072846,121162,2022-2023,19,5TH STATE FINANCE COMMISSION,300000.0,300000.0,300000.0,,300000.0,,287239.0
9433,60852206,4072846,121162,2022-2023,20,XV Finance Commission,81392.0,81392.0,81392.0,,81392.0,,119066.0
9434,60854790,4072846,121162,2022-2023,21,XV Finance Commission,100000.0,100000.0,100000.0,,100000.0,,163790.0
9435,60851530,4072846,121162,2022-2023,22,XV Finance Commission,100000.0,,100000.0,,100000.0,,100000.0
9436,60880007,4072846,121162,2022-2023,23,,100000.0,,,,,,0.0
9437,60880261,4072846,121162,2022-2023,24,,100.0,,,,,,0.0
9438,65809965,4348297,121162,2022-2023,1,XV Finance Commission,118944.0,118944.0,118944.0,118944.0,,,118735.0
9439,65809786,4348297,121162,2022-2023,2,,18000.0,,,,,,0.0
9440,65809821,4348297,121162,2022-2023,3,,147600.0,,,,,,0.0
9441,65809918,4348297,121162,2022-2023,4,,127000.0,,,,,,0.0
9442,65809939,4348297,121162,2022-2023,5,,30000.0,,,,,,0.0
9443,65809886,4348297,121162,2022-2023,6,XV Finance Commission,137000.0,137000.0,137000.0,137000.0,,,129600.0
9444,75537618,4658912,121162,2023-2024,1,5TH STATE FINANCE COMMISSION,300000.0,300000.0,300000.0,300000.0,,,48735.0
9445,83106060,4658912,121162,2023-2024,2,XV Finance Commission,168000.0,,168000.0,168000.0,,,70000.0
9446,75538351,4658912,121162,2023-2024,3,,100000.0,100000.0,,,,,0.0
9447,83035803,4658912,121162,2023-2024,4,,,,,,,,0.0
9448,83036320,4658912,121162,2023-2024,5,,,,,,,,0.0
9449,83037010,4658912,121162,2023-2024,6,,,,,,,,0.0
9450,83040186,4658912,121162,2023-2024,7,,,,,,,,0.0
9451,83047720,4658912,121162,2023-2024,8,,,,,,,,0.0
9452,83053789,4658912,121162,2023-2024,9,,,,,,,,0.0
9453,83060176,4658912,121162,2023-2024,10,,,,,,,,0.0
9454,82674667,4658912,121162,2023-2024,11,,,,,,,,0.0
9455,83107171,4658912,121162,2023-2024,12,XV Finance Commission,348223.0,348223.0,348223.0,348223.0,,,0.0
9456,83078208,4658912,121162,2023-2024,13,,,,,,,,0.0
9457,83078836,4658912,121162,2023-2024,14,,,,,,,,0.0
9458,83079020,4658912,121162,2023-2024,15,,,,,,,,0.0
9459,83080385,4658912,121162,2023-2024,16,,,,,,,,0.0
9460,83082534,4658912,121162,2023-2024,17,,,,,,,,0.0
9461,83082827,4658912,121162,2023-2024,18,,,,,,,,0.0
9462,83083669,4658912,121162,2023-2024,19,,,,,,,,0.0
9463,83083981,4658912,121162,2023-2024,20,,,,,,,,0.0
9464,82736049,4658912,121162,2023-2024,21,,,,,,,,0.0
9465,82737248,4658912,121162,2023-2024,22,,,,,,,,0.0
9466,82740764,4658912,121162,2023-2024,23,,,,,,,,0.0
9467,82741473,4658912,121162,2023-2024,24,,,,,,,,0.0
9468,82742935,4658912,121162,2023-2024,25,,,,,,,,0.0
9469,82746253,4658912,121162,2023-2024,26,,,,,,,,0.0
9470,82752177,4658912,121162,2023-2024,27,,1000.0,,,,,,0.0
9471,82751521,4658912,121162,2023-2024,28,,1000.0,,,,,,0.0
9472,82752787,4658912,121162,2023-2024,29,,1000.0,,,,,,0.0
9473,82753452,4658912,121162,2023-2024,30,,1000.0,,,,,,0.0
9474,82754559,4658912,121162,2023-2024,31,,1000.0,,,,,,0.0
9475,82756802,4658912,121162,2023-2024,32,,1000.0,,,,,,0.0
9476,82755289,4658912,121162,2023-2024,33,,1000.0,,,,,,0.0
9477,82755705,4658912,121162,2023-2024,34,,1000.0,,,,,,0.0
9478,82765106,4658912,121162,2023-2024,35,,1000.0,,,,,,0.0
9479,82762801,4658912,121162,2023-2024,36,,1000.0,,,,,,0.0
9480,82759069,4658912,121162,2023-2024,37,,1000.0,,,,,,0.0
9481,82759398,4658912,121162,2023-2024,38,,1000.0,,,,,,0.0
9482,83080897,4658912,121162,2023-2024,39,,,,,,,,0.0
9483,83081151,4658912,121162,2023-2024,40,,,,,,,,0.0
9484,83083180,4658912,121162,2023-2024,41,,,,,,,,0.0
9485,83078573,4658912,121162,2023-2024,42,,,,,,,,0.0
9486,83080097,4658912,121162,2023-2024,43,,,,,,,,0.0
9487,82763457,4658912,121162,2023-2024,44,,1000.0,,,,,,0.0
9488,82759743,4658912,121162,2023-2024,45,,1000.0,,,,,,0.0
9489,82761146,4658912,121162,2023-2024,46,,1000.0,,,,,,0.0
9490,82761536,4658912,121162,2023-2024,47,,1000.0,,,,,,0.0
9491,82764124,4658912,121162,2023-2024,48,,1000.0,,,,,,0.0
9492,82762134,4658912,121162,2023-2024,49,,1000.0,,,,,,0.0
9493,82770976,4658912,121162,2023-2024,50,,,,,,,,0.0
9494,82765586,4658912,121162,2023-2024,51,,1000.0,,,,,,0.0
9495,82766059,4658912,121162,2023-2024,52,,1000.0,,,,,,0.0
9496,82766977,4658912,121162,2023-2024,53,,1000.0,,,,,,0.0
9497,82771493,4658912,121162,2023-2024,54,,,,,,,,0.0
9498,82767402,4658912,121162,2023-2024,55,,1000.0,,,,,,0.0
9499,82771785,4658912,121162,2023-2024,56,,,,,,,,0.0
9500,82768365,4658912,121162,2023-2024,57,,1000.0,,,,,,0.0
9501,82768843,4658912,121162,2023-2024,58,,1000.0,,,,,,0.0
9502,82769671,4658912,121162,2023-2024,59,,,,,,,,0.0
9503,82772402,4658912,121162,2023-2024,60,,,,,,,,0.0
9504,82770042,4658912,121162,2023-2024,61,,,,,,,,0.0
9505,83109950,4658912,121162,2023-2024,62,,250000.0,,,,,,0.0
9506,82770414,4658912,121162,2023-2024,63,,,,,,,,0.0
9507,75538598,4658912,121162,2023-2024,64,5TH STATE FINANCE COMMISSION,50000.0,50000.0,50000.0,50000.0,,,45000.0
9508,82732308,4658912,121162,2023-2024,65,,,,,,,,0.0
9509,82735793,4658912,121162,2023-2024,66,,,,,,,,0.0
9510,82738477,4658912,121162,2023-2024,67,,,,,,,,0.0
9511,75536261,4658912,121162,2023-2024,68,5TH STATE FINANCE COMMISSION,50000.0,50000.0,50000.0,50000.0,,,45000.0
9512,83056798,4658912,121162,2023-2024,69,,,,,,,,0.0
9513,83117524,4658912,121162,2023-2024,70,,,,,,,,0.0
9514,82728749,4658912,121162,2023-2024,71,,,,,,,,0.0
9515,82730088,4658912,121162,2023-2024,72,,,,,,,,0.0
9516,82731570,4658912,121162,2023-2024,73,,,,,,,,0.0
9517,82740203,4658912,121162,2023-2024,74,,,,,,,,0.0
9518,82745610,4658912,121162,2023-2024,75,,,,,,,,0.0
9519,82746652,4658912,121162,2023-2024,76,,,,,,,,0.0
9520,82749147,4658912,121162,2023-2024,77,,,,,,,,0.0
9521,82750065,4658912,121162,2023-2024,78,,1000.0,,,,,,0.0
9522,82753852,4658912,121162,2023-2024,79,,1000.0,,,,,,0.0
9523,82756210,4658912,121162,2023-2024,80,,1000.0,,,,,,0.0
9524,82757290,4658912,121162,2023-2024,81,,1000.0,,,,,,0.0
9525,75540169,4658912,121162,2023-2024,82,5TH STATE FINANCE COMMISSION,80000.0,80000.0,80000.0,80000.0,,,80000.0
9526,75537916,4658912,121162,2023-2024,83,5TH STATE FINANCE COMMISSION,100000.0,100000.0,100000.0,100000.0,,,100000.0
9527,82758022,4658912,121162,2023-2024,84,,1000.0,,,,,,0.0
9528,82760561,4658912,121162,2023-2024,85,,1000.0,,,,,,0.0
9529,82764664,4658912,121162,2023-2024,86,,1000.0,,,,,,0.0
9530,82766570,4658912,121162,2023-2024,87,,1000.0,,,,,,0.0
9531,83035120,4658912,121162,2023-2024,88,,,,,,,,0.0
9532,83038290,4658912,121162,2023-2024,89,,,,,,,,0.0
9533,83041466,4658912,121162,2023-2024,90,,,,,,,,0.0
9534,83043473,4658912,121162,2023-2024,91,,,,,,,,0.0
9535,83059275,4658912,121162,2023-2024,92,,,,,,,,0.0
9536,83113931,4658912,121162,2023-2024,93,,,,,,,,0.0
9537,83114101,4658912,121162,2023-2024,94,,,,,,,,0.0
9538,83114581,4658912,121162,2023-2024,95,,,,,,,,0.0
9539,83114773,4658912,121162,2023-2024,96,,,,,,,,0.0
9540,83114992,4658912,121162,2023-2024,97,,,,,,,,0.0
9541,83115185,4658912,121162,2023-2024,98,,,,,,,,0.0
9542,83115460,4658912,121162,2023-2024,99,,,,,,,,0.0
9543,83113656,4658912,121162,2023-2024,100,,,,,,,,0.0
9544,83116008,4658912,121162,2023-2024,101,,,,,,,,0.0
9545,82514094,4658912,121162,2023-2024,102,,,,,,,,0.0
9546,82516510,4658912,121162,2023-2024,103,,,,,,,,0.0
9547,83106698,4658912,121162,2023-2024,104,XV Finance Commission,20000.0,20000.0,20000.0,20000.0,,,9000.0
9548,82767837,4658912,121162,2023-2024,105,,1000.0,,,,,,0.0
9549,75536540,4658912,121162,2023-2024,106,5TH STATE FINANCE COMMISSION,100000.0,,100000.0,100000.0,,,100000.0
9550,83110240,4658912,121162,2023-2024,107,XV Finance Commission,250000.0,,250000.0,250000.0,,,250000.0
9551,83107789,4658912,121162,2023-2024,108,XV Finance Commission,217056.0,217056.0,217056.0,217056.0,,,48000.0
9552,83110585,4658912,121162,2023-2024,109,XV Finance Commission,280370.0,280370.0,280370.0,280370.0,,,280370.0
9553,83105641,4658912,121162,2023-2024,110,XV Finance Commission,100000.0,100000.0,100000.0,100000.0,,,86392.0
9554,75538202,4658912,121162,2023-2024,111,5TH STATE FINANCE COMMISSION,300000.0,300000.0,300000.0,300000.0,,,300000.0
9555,83105246,4658912,121162,2023-2024,112,XV Finance Commission,257944.0,257944.0,257944.0,257944.0,,,257944.0
9556,75538799,4658912,121162,2023-2024,113,5TH STATE FINANCE COMMISSION,61911.0,61911.0,61911.0,61911.0,,,55710.0
9557,83104446,4658912,121162,2023-2024,114,XV Finance Commission,34335.0,34335.0,34335.0,34335.0,,,30901.0
9558,83103434,4658912,121162,2023-2024,115,XV Finance Commission,25000.0,25000.0,25000.0,25000.0,,,0.0
9559,101943167,5138389,121162,2024-2025,1,XV Finance Commission,195000.0,195000.0,195000.0,195000.0,,,98250.0
9560,101190159,5138389,121162,2024-2025,2,5TH STATE FINANCE COMMISSION,150000.0,,150000.0,150000.0,,,0.0
9561,101209482,5138389,121162,2024-2025,3,5TH STATE FINANCE COMMISSION,100000.0,100000.0,100000.0,100000.0,,,90000.0
9562,101266884,5138389,121162,2024-2025,4,,,,,,,,0.0
9563,101239017,5138389,121162,2024-2025,5,,,,,,,,0.0
9564,101239995,5138389,121162,2024-2025,6,,,,,,,,0.0
9565,101241990,5138389,121162,2024-2025,7,,,,,,,,0.0
9566,101268288,5138389,121162,2024-2025,8,,,,,,,,0.0
9567,101271561,5138389,121162,2024-2025,9,,,,,,,,0.0
9568,101306505,5138389,121162,2024-2025,10,,,,,,,,0.0
9569,101280387,5138389,121162,2024-2025,11,,,,,,,,0.0
9570,101281536,5138389,121162,2024-2025,12,,,,,,,,0.0
9571,101308084,5138389,121162,2024-2025,13,,,,,,,,0.0
9572,101283736,5138389,121162,2024-2025,14,,,,,,,,0.0
9573,101284321,5138389,121162,2024-2025,15,,,,,,,,0.0
9574,101348971,5138389,121162,2024-2025,16,,,,,,,,0.0
9575,101340299,5138389,121162,2024-2025,17,,,,,,,,0.0
9576,101346303,5138389,121162,2024-2025,18,,,,,,,,0.0
9577,101331168,5138389,121162,2024-2025,19,,,,,,,,0.0
9578,101346943,5138389,121162,2024-2025,20,,,,,,,,0.0
9579,101332497,5138389,121162,2024-2025,21,,,,,,,,0.0
9580,101341844,5138389,121162,2024-2025,22,,,,,,,,0.0
9581,101334283,5138389,121162,2024-2025,23,,,,,,,,0.0
9582,101321402,5138389,121162,2024-2025,24,,,,,,,,0.0
9583,101349563,5138389,121162,2024-2025,25,,,,,,,,0.0
9584,101335087,5138389,121162,2024-2025,26,,,,,,,,0.0
9585,101335720,5138389,121162,2024-2025,27,,,,,,,,0.0
9586,101323014,5138389,121162,2024-2025,28,,,,,,,,0.0
9587,101323632,5138389,121162,2024-2025,29,,,,,,,,0.0
9588,101336179,5138389,121162,2024-2025,30,,,,,,,,0.0
9589,101336870,5138389,121162,2024-2025,31,,,,,,,,0.0
9590,101324987,5138389,121162,2024-2025,32,,,,,,,,0.0
9591,101337805,5138389,121162,2024-2025,33,,,,,,,,0.0
9592,101337961,5138389,121162,2024-2025,34,,,,,,,,0.0
9593,101338187,5138389,121162,2024-2025,35,,,,,,,,0.0
9594,101338366,5138389,121162,2024-2025,36,,,,,,,,0.0
9595,101344950,5138389,121162,2024-2025,37,,,,,,,,0.0
9596,101327569,5138389,121162,2024-2025,38,,,,,,,,0.0
9597,101338967,5138389,121162,2024-2025,39,,,,,,,,0.0
9598,101350443,5138389,121162,2024-2025,40,,,,,,,,0.0
9599,101339405,5138389,121162,2024-2025,41,,,,,,,,0.0
9600,101345692,5138389,121162,2024-2025,42,,,,,,,,0.0
9601,101329349,5138389,121162,2024-2025,43,,,,,,,,0.0
9602,101351147,5138389,121162,2024-2025,44,,,,,,,,0.0
9603,101351820,5138389,121162,2024-2025,45,,,,,,,,0.0
9604,101352521,5138389,121162,2024-2025,46,,,,,,,,0.0
9605,101353363,5138389,121162,2024-2025,47,,,,,,,,0.0
9606,101356684,5138389,121162,2024-2025,48,,,,,,,,0.0
9607,101357349,5138389,121162,2024-2025,49,,,,,,,,0.0
9608,101358994,5138389,121162,2024-2025,50,,,,,,,,0.0
9609,101417902,5138389,121162,2024-2025,51,,,,,,,,0.0
9610,101419274,5138389,121162,2024-2025,52,,,,,,,,0.0
9611,101399282,5138389,121162,2024-2025,53,,,,,,,,0.0
9612,101400072,5138389,121162,2024-2025,54,,,,,,,,0.0
9613,101401267,5138389,121162,2024-2025,55,,,,,,,,0.0
9614,101403296,5138389,121162,2024-2025,56,,,,,,,,0.0
9615,101419789,5138389,121162,2024-2025,57,,,,,,,,0.0
9616,101404409,5138389,121162,2024-2025,58,,,,,,,,0.0
9617,101405448,5138389,121162,2024-2025,59,,,,,,,,0.0
9618,101406096,5138389,121162,2024-2025,60,,,,,,,,0.0
9619,101420375,5138389,121162,2024-2025,61,,,,,,,,0.0
9620,101406720,5138389,121162,2024-2025,62,,,,,,,,0.0
9621,101407322,5138389,121162,2024-2025,63,,,,,,,,0.0
9622,101407997,5138389,121162,2024-2025,64,,,,,,,,0.0
9623,101409132,5138389,121162,2024-2025,65,,,,,,,,0.0
9624,101420910,5138389,121162,2024-2025,66,,,,,,,,0.0
9625,101421339,5138389,121162,2024-2025,67,,,,,,,,0.0
9626,101417351,5138389,121162,2024-2025,68,,,,,,,,0.0
9627,101422490,5138389,121162,2024-2025,69,,,,,,,,0.0
9628,101421998,5138389,121162,2024-2025,70,,,,,,,,0.0
9629,101423035,5138389,121162,2024-2025,71,,,,,,,,0.0
9630,101424277,5138389,121162,2024-2025,72,,,,,,,,0.0
9631,101424949,5138389,121162,2024-2025,73,,,,,,,,0.0
9632,101425436,5138389,121162,2024-2025,74,,,,,,,,0.0
9633,101425963,5138389,121162,2024-2025,75,,,,,,,,0.0
9634,101426470,5138389,121162,2024-2025,76,,,,,,,,0.0
9635,101427326,5138389,121162,2024-2025,77,,,,,,,,0.0
9636,101427876,5138389,121162,2024-2025,78,,,,,,,,0.0
9637,101428947,5138389,121162,2024-2025,79,,,,,,,,0.0
9638,101429401,5138389,121162,2024-2025,80,,,,,,,,0.0
9639,101430083,5138389,121162,2024-2025,81,,,,,,,,0.0
9640,101430581,5138389,121162,2024-2025,82,,,,,,,,0.0
9641,101447821,5138389,121162,2024-2025,83,,100000.0,,,,,,0.0
9642,101450165,5138389,121162,2024-2025,84,XV Finance Commission,145000.0,145000.0,145000.0,145000.0,,,144184.0
9643,101464376,5138389,121162,2024-2025,85,,60000.0,,,,,,0.0
9644,101466388,5138389,121162,2024-2025,86,,18000.0,,,,,,0.0
9645,101201947,5138389,121162,2024-2025,87,5TH STATE FINANCE COMMISSION,195000.0,195000.0,195000.0,195000.0,,,53658.0
9646,101946104,5138389,121162,2024-2025,88,,1000.0,,,,,,0.0
9647,101946223,5138389,121162,2024-2025,89,,,,,,,,0.0
9648,101207349,5138389,121162,2024-2025,90,5TH STATE FINANCE COMMISSION,100000.0,100000.0,100000.0,100000.0,,,100000.0
9649,101216635,5138389,121162,2024-2025,91,,,,,,,,0.0
9650,101218336,5138389,121162,2024-2025,92,,,,,,,,0.0
9651,101266327,5138389,121162,2024-2025,93,,,,,,,,0.0
9652,101267602,5138389,121162,2024-2025,94,,,,,,,,0.0
9653,101269276,5138389,121162,2024-2025,95,,,,,,,,0.0
9654,101269909,5138389,121162,2024-2025,96,,,,,,,,0.0
9655,101272172,5138389,121162,2024-2025,97,,,,,,,,0.0
9656,101272873,5138389,121162,2024-2025,98,,,,,,,,0.0
9657,101273558,5138389,121162,2024-2025,99,,,,,,,,0.0
9658,101274394,5138389,121162,2024-2025,100,,,,,,,,0.0
9659,101275085,5138389,121162,2024-2025,101,,,,,,,,0.0
9660,101275724,5138389,121162,2024-2025,102,,,,,,,,0.0
9661,101276615,5138389,121162,2024-2025,103,,,,,,,,0.0
9662,101834179,5138389,121162,2024-2025,104,,1200.0,,,,,,0.0
9663,101279944,5138389,121162,2024-2025,105,,,,,,,,0.0
9664,101281136,5138389,121162,2024-2025,106,,,,,,,,0.0
9665,101282050,5138389,121162,2024-2025,107,,,,,,,,0.0
9666,101282673,5138389,121162,2024-2025,108,,,,,,,,0.0
9667,101307301,5138389,121162,2024-2025,109,,,,,,,,0.0
9668,101325830,5138389,121162,2024-2025,110,,,,,,,,0.0
9669,101327002,5138389,121162,2024-2025,111,,,,,,,,0.0
9670,101328404,5138389,121162,2024-2025,112,,,,,,,,0.0
9671,101330050,5138389,121162,2024-2025,113,,,,,,,,0.0
9672,101333098,5138389,121162,2024-2025,114,,,,,,,,0.0
9673,101336614,5138389,121162,2024-2025,115,,,,,,,,0.0
9674,101338669,5138389,121162,2024-2025,116,,,,,,,,0.0
9675,101339846,5138389,121162,2024-2025,117,,,,,,,,0.0
9676,101343717,5138389,121162,2024-2025,118,,,,,,,,0.0
9677,101344226,5138389,121162,2024-2025,119,,,,,,,,0.0
9678,101353976,5138389,121162,2024-2025,120,,,,,,,,0.0
9679,101355407,5138389,121162,2024-2025,121,,,,,,,,0.0
9680,101356048,5138389,121162,2024-2025,122,,,,,,,,0.0
9681,101358269,5138389,121162,2024-2025,123,,,,,,,,0.0
9682,101766547,5138389,121162,2024-2025,124,,100000.0,,,,,,0.0
9683,101826750,5138389,121162,2024-2025,125,,,,,,,,0.0
9684,101828652,5138389,121162,2024-2025,126,,,,,,,,0.0
9685,101829851,5138389,121162,2024-2025,127,,,,,,,,0.0
9686,101831266,5138389,121162,2024-2025,128,,1000.0,,,,,,0.0
9687,101839331,5138389,121162,2024-2025,129,,,,,,,,0.0
9688,101844321,5138389,121162,2024-2025,130,,,,,,,,0.0
9689,101823016,5138389,121162,2024-2025,131,XV Finance Commission,100657.0,100657.0,100657.0,100657.0,,,86928.0
9690,101845456,5138389,121162,2024-2025,132,,,,,,,,0.0
9691,101846236,5138389,121162,2024-2025,133,,,,,,,,0.0
9692,101847288,5138389,121162,2024-2025,134,,,,,,,,0.0
9693,101850544,5138389,121162,2024-2025,135,,1000.0,,,,,,0.0
9694,101851550,5138389,121162,2024-2025,136,,,,,,,,0.0
9695,101853488,5138389,121162,2024-2025,137,,1000.0,,,,,,0.0
9696,101854120,5138389,121162,2024-2025,138,,,,,,,,0.0
9697,101855217,5138389,121162,2024-2025,139,,,,,,,,0.0
9698,101856022,5138389,121162,2024-2025,140,,,,,,,,0.0
9699,101856984,5138389,121162,2024-2025,141,,1000.0,,,,,,0.0
9700,101857875,5138389,121162,2024-2025,142,,,,,,,,0.0
9701,101858842,5138389,121162,2024-2025,143,,,,,,,,0.0
9702,101860048,5138389,121162,2024-2025,144,,,,,,,,0.0
9703,101860881,5138389,121162,2024-2025,145,,,,,,,,0.0
9704,101863401,5138389,121162,2024-2025,146,,1000.0,,,,,,0.0
9705,101864012,5138389,121162,2024-2025,147,,,,,,,,0.0
9706,101864655,5138389,121162,2024-2025,148,,1000.0,,,,,,0.0
9707,101870423,5138389,121162,2024-2025,149,,,,,,,,0.0
9708,101874292,5138389,121162,2024-2025,150,,,,,,,,0.0
9709,101879074,5138389,121162,2024-2025,151,,,,,,,,0.0
9710,101900890,5138389,121162,2024-2025,152,,,,,,,,0.0
9711,101902265,5138389,121162,2024-2025,153,,,,,,,,0.0
9712,101903531,5138389,121162,2024-2025,154,,,,,,,,0.0
9713,101904458,5138389,121162,2024-2025,155,,,,,,,,0.0
9714,101944871,5138389,121162,2024-2025,156,,174068.0,,,,,,0.0
9715,101945272,5138389,121162,2024-2025,157,,1000.0,,,,,,0.0
9716,101945381,5138389,121162,2024-2025,158,,1000.0,,,,,,0.0
9717,101945966,5138389,121162,2024-2025,159,,1000.0,,,,,,0.0
9718,101200191,5138389,121162,2024-2025,160,5TH STATE FINANCE COMMISSION,175000.0,175000.0,175000.0,175000.0,,,175000.0
9719,101202904,5138389,121162,2024-2025,161,5TH STATE FINANCE COMMISSION,50000.0,50000.0,50000.0,50000.0,,,0.0
9720,101206064,5138389,121162,2024-2025,162,5TH STATE FINANCE COMMISSION,100000.0,100000.0,100000.0,100000.0,,,90000.0
9721,101942967,5138389,121162,2024-2025,163,XV Finance Commission,174567.0,174567.0,174567.0,174567.0,,,169079.0
9722,101463641,5138389,121162,2024-2025,164,XV Finance Commission,120000.0,120000.0,120000.0,120000.0,,,83481.0
9723,101462488,5138389,121162,2024-2025,165,XV Finance Commission,72000.0,72000.0,72000.0,72000.0,,,7646.0
9724,101943072,5138389,121162,2024-2025,166,XV Finance Commission,120000.0,120000.0,120000.0,120000.0,,,108000.0
9725,101455363,5138389,121162,2024-2025,167,XV Finance Commission,100000.0,100000.0,100000.0,100000.0,,,90000.0
9726,101943326,5138389,121162,2024-2025,168,XV Finance Commission,130551.0,130551.0,130551.0,130551.0,,,130132.0
9727,101943452,5138389,121162,2024-2025,169,XV Finance Commission,130461.0,130461.0,130461.0,130461.0,,,0.0
9728,101734066,5138389,121162,2024-2025,170,5TH STATE FINANCE COMMISSION,145000.0,145000.0,145000.0,145000.0,,,145000.0
9729,101193092,5138389,121162,2024-2025,171,5TH STATE FINANCE COMMISSION,125000.0,125000.0,125000.0,125000.0,,,125000.0
9730,101456571,5138389,121162,2024-2025,172,XV Finance Commission,107756.0,107756.0,107756.0,107756.0,,,98632.0
9731,101454063,5138389,121162,2024-2025,173,XV Finance Commission,100000.0,100000.0,100000.0,100000.0,,,100000.0
9732,101467404,5138389,121162,2024-2025,174,XV Finance Commission,119000.0,119000.0,119000.0,119000.0,,,118501.0
9733,101452188,5138389,121162,2024-2025,175,XV Finance Commission,100000.0,100000.0,100000.0,100000.0,,,96929.0
9734,121341073,5620968,121162,2025-2026,1,,72000.0,,,,,,0.0
9735,121341351,5620968,121162,2025-2026,2,,4709.0,,,,,,0.0
9736,121341611,5620968,121162,2025-2026,3,,10000.0,,,,,,0.0
9737,121341805,5620968,121162,2025-2026,4,,6000.0,,,,,,0.0
9738,121341959,5620968,121162,2025-2026,5,,7000.0,,,,,,0.0
9739,121342145,5620968,121162,2025-2026,6,,70000.0,,,,,,0.0
9740,121342351,5620968,121162,2025-2026,7,XV Finance Commission,87000.0,87000.0,87000.0,87000.0,,,52000.0
9741,121342544,5620968,121162,2025-2026,8,,18000.0,,,,,,0.0
9742,121337194,5620968,121162,2025-2026,9,,45000.0,,,,,,0.0
9743,121337435,5620968,121162,2025-2026,10,,18000.0,,,,,,0.0
9744,121337800,5620968,121162,2025-2026,11,,9000.0,,,,,,0.0
9745,121338034,5620968,121162,2025-2026,12,,9000.0,,,,,,0.0
9746,121338172,5620968,121162,2025-2026,13,,9000.0,,,,,,0.0
9747,121338308,5620968,121162,2025-2026,14,,9000.0,,,,,,0.0
9748,121338457,5620968,121162,2025-2026,15,,9000.0,,,,,,0.0
9749,122220564,5620968,121162,2025-2026,16,5TH STATE FINANCE COMMISSION,164000.0,164000.0,164000.0,164000.0,,,0.0
9750,122216134,5620968,121162,2025-2026,17,XV Finance Commission,100000.0,100000.0,100000.0,100000.0,,,0.0
9751,122218241,5620968,121162,2025-2026,18,,100000.0,,,,,,0.0
9752,122218492,5620968,121162,2025-2026,19,XV Finance Commission,100000.0,100000.0,100000.0,100000.0,,,98334.0
9753,122219022,5620968,121162,2025-2026,20,,100000.0,,,,,,0.0
9754,122219233,5620968,121162,2025-2026,21,,106278.0,,,,,,0.0
9755,122219895,5620968,121162,2025-2026,22,,100000.0,,,,,,0.0
9756,122220054,5620968,121162,2025-2026,23,5TH STATE FINANCE COMMISSION,100000.0,100000.0,100000.0,100000.0,,,90000.0
9757,122220287,5620968,121162,2025-2026,24,,100000.0,,,,,,0.0
9758,122220420,5620968,121162,2025-2026,25,,36000.0,,,,,,0.0
9759,122220825,5620968,121162,2025-2026,26,,100000.0,,,,,,0.0
9760,122220993,5620968,121162,2025-2026,27,,100000.0,,,,,,0.0
9761,122221126,5620968,121162,2025-2026,28,5TH STATE FINANCE COMMISSION,100000.0,100000.0,100000.0,100000.0,,,90000.0
9762,124948553,5620968,121162,2025-2026,29,,15409.0,,,,,,0.0
9763,124954819,5620968,121162,2025-2026,30,,,,,,,,0.0
9764,124961421,5620968,121162,2025-2026,31,,,,,,,,0.0
9765,124968087,5620968,121162,2025-2026,32,,20000.0,,,,,,0.0
9766,124968302,5620968,121162,2025-2026,33,,20000.0,,,,,,0.0
9767,124968238,5620968,121162,2025-2026,34,,20000.0,,,,,,0.0
9768,124975491,5620968,121162,2025-2026,35,,,,,,,,0.0
9769,124923350,5620968,121162,2025-2026,36,,15409.0,,,,,,0.0
9770,124947833,5620968,121162,2025-2026,37,,20546.0,,,,,,0.0
9771,124948925,5620968,121162,2025-2026,38,,100000.0,,,,,,0.0
9772,124952203,5620968,121162,2025-2026,39,,,,,,,,0.0
9773,124953306,5620968,121162,2025-2026,40,,,,,,,,0.0
9774,124953842,5620968,121162,2025-2026,41,,,,,,,,0.0
9775,124954327,5620968,121162,2025-2026,42,,,,,,,,0.0
9776,124957395,5620968,121162,2025-2026,43,,,,,,,,0.0
9777,124957425,5620968,121162,2025-2026,44,,,,,,,,0.0
9778,124957824,5620968,121162,2025-2026,45,,,,,,,,0.0
9779,124957971,5620968,121162,2025-2026,46,,,,,,,,0.0
9780,124958435,5620968,121162,2025-2026,47,,,,,,,,0.0
9781,124958778,5620968,121162,2025-2026,48,,,,,,,,0.0
9782,124958854,5620968,121162,2025-2026,49,,,,,,,,0.0
9783,124958966,5620968,121162,2025-2026,50,,,,,,,,0.0
9784,124959510,5620968,121162,2025-2026,51,,,,,,,,0.0
9785,124959645,5620968,121162,2025-2026,52,,,,,,,,0.0
9786,124959688,5620968,121162,2025-2026,53,,,,,,,,0.0
9787,124959896,5620968,121162,2025-2026,54,,,,,,,,0.0
9788,124959925,5620968,121162,2025-2026,55,,,,,,,,0.0
9789,124960148,5620968,121162,2025-2026,56,,,,,,,,0.0
9790,124960696,5620968,121162,2025-2026,57,,,,,,,,0.0
9791,124960844,5620968,121162,2025-2026,58,,,,,,,,0.0
9792,124960919,5620968,121162,2025-2026,59,,,,,,,,0.0
9793,124960996,5620968,121162,2025-2026,60,,,,,,,,0.0
9794,124961823,5620968,121162,2025-2026,61,,,,,,,,0.0
9795,124967444,5620968,121162,2025-2026,62,,,,,,,,0.0
9796,124967561,5620968,121162,2025-2026,63,,,,,,,,0.0
9797,124967636,5620968,121162,2025-2026,64,,,,,,,,0.0
9798,124967740,5620968,121162,2025-2026,65,,,,,,,,0.0
9799,124967890,5620968,121162,2025-2026,66,,,,,,,,0.0
9800,124968393,5620968,121162,2025-2026,67,,,,,,,,0.0
9801,124975503,5620968,121162,2025-2026,68,,,,,,,,0.0
9802,124975066,5620968,121162,2025-2026,69,,,,,,,,0.0
9803,124975255,5620968,121162,2025-2026,70,,,,,,,,0.0
9804,124975355,5620968,121162,2025-2026,71,,,,,,,,0.0
9805,124975393,5620968,121162,2025-2026,72,,,,,,,,0.0
9806,124975418,5620968,121162,2025-2026,73,,,,,,,,0.0
9807,124975456,5620968,121162,2025-2026,74,,,,,,,,0.0
9808,124975567,5620968,121162,2025-2026,75,,,,,,,,0.0
9809,124975573,5620968,121162,2025-2026,76,,,,,,,,0.0
9810,124975650,5620968,121162,2025-2026,77,,,,,,,,0.0
9811,122219678,5620968,121162,2025-2026,78,5TH STATE FINANCE COMMISSION,110000.0,110000.0,110000.0,110000.0,,,110000.0
9812,122218746,5620968,121162,2025-2026,79,XV Finance Commission,200000.0,200000.0,200000.0,200000.0,,,123130.0
9813,122217940,5620968,121162,2025-2026,80,XV Finance Commission,100000.0,100000.0,100000.0,100000.0,,,51000.0
9814,121340780,5620968,121162,2025-2026,81,,78000.0,,,,,,0.0
9815,122221420,5620968,121162,2025-2026,82,,107600.0,,,,,,0.0
9816,124958047,5620968,121162,2025-2026,83,,,,,,,,0.0
9817,124960303,5620968,121162,2025-2026,84,,,,,,,,0.0
9818,124961601,5620968,121162,2025-2026,85,,,,,,,,0.0
9819,124966248,5620968,121162,2025-2026,86,,345000.0,,,,,,0.0
9820,124966793,5620968,121162,2025-2026,87,,259709.0,,,,,,0.0
9821,124967099,5620968,121162,2025-2026,88,,,,,,,,0.0
9822,124967375,5620968,121162,2025-2026,89,,,,,,,,0.0
9823,124965786,5620968,121162,2025-2026,90,XV Finance Commission,144000.0,144000.0,144000.0,144000.0,,,60000.0
9824,124967502,5620968,121162,2025-2026,91,,,,,,,,0.0
9825,124967963,5620968,121162,2025-2026,92,,,,,,,,0.0
9826,124968174,5620968,121162,2025-2026,93,,20000.0,,,,,,0.0
9827,124971231,5620968,121162,2025-2026,94,,,,,,,,0.0
9828,44127926,3133127,121526,2020-2021,1,XV Finance Commission,80000.0,80000.0,80000.0,80000.0,,,77400.0
9829,44117152,3133127,121526,2020-2021,2,,18000.0,,,,,,0.0
9830,44116943,3133127,121526,2020-2021,3,,100000.0,,,,,,0.0
9831,44117026,3133127,121526,2020-2021,4,,5000.0,,,,,,0.0
9832,44117113,3133127,121526,2020-2021,5,5TH STATE FINANCE COMMISSION,6000.0,,6000.0,6000.0,,,6000.0
9833,44117698,3133127,121526,2020-2021,6,XV Finance Commission,100000.0,100000.0,100000.0,100000.0,,,0.0
9834,44117534,3133127,121526,2020-2021,7,XV Finance Commission,500000.0,500000.0,500000.0,500000.0,,,331603.0
9835,44117617,3133127,121526,2020-2021,8,XV Finance Commission,562350.0,562350.0,562350.0,562350.0,,,401407.0
9836,44117314,3133127,121526,2020-2021,9,5TH STATE FINANCE COMMISSION,508844.0,508844.0,508844.0,508844.0,,,500000.0
9837,44127212,3133127,121526,2020-2021,10,,80000.0,,,,,,0.0
9838,44128000,3133127,121526,2020-2021,11,,162350.0,,,,,,0.0
9839,44190688,3133127,121526,2020-2021,12,XV Finance Commission,80000.0,80000.0,80000.0,80000.0,,,77500.0
9840,44127103,3133127,121526,2020-2021,13,XV Finance Commission,50000.0,50000.0,50000.0,50000.0,,,0.0
9841,44190627,3133127,121526,2020-2021,14,XV Finance Commission,50000.0,50000.0,50000.0,50000.0,,,48981.0
9842,44116828,3133127,121526,2020-2021,15,5TH STATE FINANCE COMMISSION,96000.0,,96000.0,96000.0,,,48000.0
9843,44126993,3133127,121526,2020-2021,16,XV Finance Commission,460000.0,460000.0,460000.0,460000.0,,,446000.0
9844,44117226,3133127,121526,2020-2021,17,,50000.0,,,,,,0.0
9845,44117403,3133127,121526,2020-2021,18,5TH STATE FINANCE COMMISSION,20000.0,,20000.0,20000.0,,,20000.0
9846,47710418,3329991,121526,2021-2022,1,XV Finance Commission,262350.0,262350.0,262350.0,262350.0,,,237947.0
9847,47714942,3329991,121526,2021-2022,2,5TH STATE FINANCE COMMISSION,242844.0,242844.0,242844.0,242844.0,,,232905.0
9848,47713430,3329991,121526,2021-2022,3,5TH STATE FINANCE COMMISSION,35000.0,,35000.0,35000.0,,,35000.0
9849,47707283,3329991,121526,2021-2022,4,,70000.0,,,,,,0.0
9850,47707727,3329991,121526,2021-2022,5,XV Finance Commission,171175.0,171175.0,171175.0,171175.0,,,142513.0
9851,47711876,3329991,121526,2021-2022,6,5TH STATE FINANCE COMMISSION,96000.0,,96000.0,96000.0,,,80000.0
9852,47713654,3329991,121526,2021-2022,7,,18000.0,,,,,,0.0
9853,47715278,3329991,121526,2021-2022,8,,168769.0,,,,,,0.0
9854,47705318,3329991,121526,2021-2022,9,,331175.0,,,,,,0.0
9855,47706978,3329991,121526,2021-2022,10,,70000.0,,,,,,0.0
9856,47708325,3329991,121526,2021-2022,11,,150000.0,,,,,,0.0
9857,47709227,3329991,121526,2021-2022,12,,200000.0,,,,,,0.0
9858,47708756,3329991,121526,2021-2022,13,,300000.0,,,,,,0.0
9859,47712521,3329991,121526,2021-2022,14,,50000.0,,,,,,0.0
9860,47706136,3329991,121526,2021-2022,15,,80000.0,,,,,,0.0
9861,47705622,3329991,121526,2021-2022,16,,120000.0,,,,,,0.0
9862,47709755,3329991,121526,2021-2022,17,XV Finance Commission,300000.0,300000.0,300000.0,300000.0,,,287482.0
9863,47712667,3329991,121526,2021-2022,18,5TH STATE FINANCE COMMISSION,6000.0,,6000.0,6000.0,,,6000.0
9864,47713210,3329991,121526,2021-2022,19,5TH STATE FINANCE COMMISSION,6000.0,,6000.0,6000.0,,,6000.0
9865,47706567,3329991,121526,2021-2022,20,,70000.0,,,,,,0.0
9866,47714600,3329991,121526,2021-2022,21,5TH STATE FINANCE COMMISSION,350000.0,350000.0,350000.0,350000.0,,,332962.0
9867,80225623,4726764,121526,2021-2022,1,XV Finance Commission,80000.0,80000.0,80000.0,80000.0,,,78297.0
9868,80225769,4726764,121526,2021-2022,2,XV Finance Commission,120000.0,120000.0,120000.0,120000.0,,,115114.0
9869,61826655,4113233,121526,2022-2023,1,5TH STATE FINANCE COMMISSION,38844.0,,38844.0,38844.0,,,38500.0
9870,61826579,4113233,121526,2022-2023,2,5TH STATE FINANCE COMMISSION,30000.0,,30000.0,30000.0,,,10000.0
9871,61826335,4113233,121526,2022-2023,3,5TH STATE FINANCE COMMISSION,60000.0,,60000.0,60000.0,,,51584.0
9872,61825570,4113233,121526,2022-2023,4,,456744.0,,,,,,0.0
9873,61825786,4113233,121526,2022-2023,5,,308992.0,,,,,,0.0
9874,61827014,4113233,121526,2022-2023,6,,500000.0,,,,,,0.0
9875,61825103,4113233,121526,2022-2023,7,,20000.0,,,,,,0.0
9876,61825447,4113233,121526,2022-2023,8,,140744.0,,,,,,0.0
9877,61825320,4113233,121526,2022-2023,9,XV Finance Commission,200000.0,,200000.0,200000.0,,,185260.0
9878,61825919,4113233,121526,2022-2023,10,,300000.0,,,,,,0.0
9879,61827680,4113233,121526,2022-2023,11,,20000.0,,,,,,0.0
9880,61826742,4113233,121526,2022-2023,12,5TH STATE FINANCE COMMISSION,35000.0,,35000.0,35000.0,,,35000.0
9881,61824821,4113233,121526,2022-2023,13,XV Finance Commission,96000.0,96000.0,96000.0,96000.0,,,96000.0
9882,61826445,4113233,121526,2022-2023,14,,140000.0,,,,,,0.0
9883,66562750,4444832,121526,2022-2023,1,,17000.0,,,,,,0.0
9884,66562772,4444832,121526,2022-2023,2,,40000.0,,,,,,0.0
9885,66562900,4444832,121526,2022-2023,3,,42244.0,,,,,,0.0
9886,66562733,4444832,121526,2022-2023,4,XV Finance Commission,25000.0,25000.0,25000.0,25000.0,,,25000.0
9887,66937270,4444832,121526,2022-2023,5,5TH STATE FINANCE COMMISSION,500000.0,500000.0,500000.0,500000.0,,,493333.0
9888,66562853,4444832,121526,2022-2023,6,XV Finance Commission,69000.0,69000.0,69000.0,69000.0,,,58927.0
9889,66562818,4444832,121526,2022-2023,7,XV Finance Commission,67500.0,67500.0,67500.0,67500.0,,,64980.0
9890,66562938,4444832,121526,2022-2023,8,XV Finance Commission,69000.0,69000.0,69000.0,69000.0,,,58927.0
9891,66562961,4444832,121526,2022-2023,9,XV Finance Commission,71400.0,71400.0,71400.0,71400.0,,,71400.0
9892,66563105,4444832,121526,2022-2023,10,XV Finance Commission,229800.0,229800.0,229800.0,229800.0,,,218396.0
9893,66563054,4444832,121526,2022-2023,11,XV Finance Commission,238792.0,238792.0,238792.0,238792.0,,,229988.0
9894,66562710,4444832,121526,2022-2023,12,XV Finance Commission,196000.0,196000.0,196000.0,196000.0,,,186244.0
9895,83610510,4601566,121526,2023-2024,1,,100.0,,,,,,0.0
9896,79694813,4601566,121526,2023-2024,2,,3500.0,,,,,,0.0
9897,79828039,4601566,121526,2023-2024,3,,3500.0,,,,,,0.0
9898,79829188,4601566,121526,2023-2024,4,,3500.0,,,,,,0.0
9899,79898902,4601566,121526,2023-2024,5,,3500.0,,,,,,0.0
9900,83394575,4601566,121526,2023-2024,6,,,,,,,,0.0
9901,83413106,4601566,121526,2023-2024,7,,,,,,,,0.0
9902,83459750,4601566,121526,2023-2024,8,,,,,,,,0.0
9903,83460431,4601566,121526,2023-2024,9,,,,,,,,0.0
9904,83461317,4601566,121526,2023-2024,10,,,,,,,,0.0
9905,83461676,4601566,121526,2023-2024,11,,,,,,,,0.0
9906,83462295,4601566,121526,2023-2024,12,,,,,,,,0.0
9907,78017157,4601566,121526,2023-2024,13,,3500.0,,,,,,0.0
9908,78025778,4601566,121526,2023-2024,14,,3500.0,,,,,,0.0
9909,78027827,4601566,121526,2023-2024,15,,3500.0,,,,,,0.0
9910,78041965,4601566,121526,2023-2024,16,,3500.0,,,,,,0.0
9911,78043387,4601566,121526,2023-2024,17,,3500.0,,,,,,0.0
9912,78044958,4601566,121526,2023-2024,18,,3500.0,,,,,,0.0
9913,78046666,4601566,121526,2023-2024,19,,3500.0,,,,,,0.0
9914,78048361,4601566,121526,2023-2024,20,,3500.0,,,,,,0.0
9915,78049672,4601566,121526,2023-2024,21,,3500.0,,,,,,0.0
9916,78077475,4601566,121526,2023-2024,22,,3500.0,,,,,,0.0
9917,78086786,4601566,121526,2023-2024,23,,3500.0,,,,,,0.0
9918,78237770,4601566,121526,2023-2024,24,,3500.0,,,,,,0.0
9919,78238113,4601566,121526,2023-2024,25,,3500.0,,,,,,0.0
9920,78238279,4601566,121526,2023-2024,26,,3500.0,,,,,,0.0
9921,78509391,4601566,121526,2023-2024,27,,3500.0,,,,,,0.0
9922,78509416,4601566,121526,2023-2024,28,,3500.0,,,,,,0.0
9923,78509600,4601566,121526,2023-2024,29,,3500.0,,,,,,0.0
9924,78509637,4601566,121526,2023-2024,30,,3500.0,,,,,,0.0
9925,78509670,4601566,121526,2023-2024,31,,3500.0,,,,,,0.0
9926,78509716,4601566,121526,2023-2024,32,,3500.0,,,,,,0.0
9927,78509813,4601566,121526,2023-2024,33,,3500.0,,,,,,0.0
9928,78509856,4601566,121526,2023-2024,34,,3500.0,,,,,,0.0
9929,78546797,4601566,121526,2023-2024,35,,3500.0,,,,,,0.0
9930,78547593,4601566,121526,2023-2024,36,,3500.0,,,,,,0.0
9931,78548505,4601566,121526,2023-2024,37,,3500.0,,,,,,0.0
9932,78549564,4601566,121526,2023-2024,38,,3500.0,,,,,,0.0
9933,78552236,4601566,121526,2023-2024,39,,3500.0,,,,,,0.0
9934,78553108,4601566,121526,2023-2024,40,,3500.0,,,,,,0.0
9935,83609905,4601566,121526,2023-2024,41,,100.0,,,,,,0.0
9936,78554018,4601566,121526,2023-2024,42,,3500.0,,,,,,0.0
9937,79091999,4601566,121526,2023-2024,43,,3500.0,,,,,,0.0
9938,79548649,4601566,121526,2023-2024,44,,3500.0,,,,,,0.0
9939,79559436,4601566,121526,2023-2024,45,,3500.0,,,,,,0.0
9940,79571644,4601566,121526,2023-2024,46,,,,,,,,0.0
9941,79656527,4601566,121526,2023-2024,47,,,,,,,,0.0
9942,83463353,4601566,121526,2023-2024,48,,,,,,,,0.0
9943,83463899,4601566,121526,2023-2024,49,,,,,,,,0.0
9944,83606328,4601566,121526,2023-2024,50,,,,,,,,0.0
9945,83608895,4601566,121526,2023-2024,51,,100.0,,,,,,0.0
9946,83609139,4601566,121526,2023-2024,52,,100.0,,,,,,0.0
9947,83609381,4601566,121526,2023-2024,53,,100.0,,,,,,0.0
9948,83609590,4601566,121526,2023-2024,54,,100.0,,,,,,0.0
9949,83610203,4601566,121526,2023-2024,55,,100.0,,,,,,0.0
9950,83610250,4601566,121526,2023-2024,56,,,,,,,,0.0
9951,83610836,4601566,121526,2023-2024,57,,100.0,,,,,,0.0
9952,83611099,4601566,121526,2023-2024,58,,100.0,,,,,,0.0
9953,83611142,4601566,121526,2023-2024,59,,,,,,,,0.0
9954,83611899,4601566,121526,2023-2024,60,,100.0,,,,,,0.0
9955,83612193,4601566,121526,2023-2024,61,,100.0,,,,,,0.0
9956,83612274,4601566,121526,2023-2024,62,,,,,,,,0.0
9957,83612580,4601566,121526,2023-2024,63,,100.0,,,,,,0.0
9958,83612834,4601566,121526,2023-2024,64,,100.0,,,,,,0.0
9959,83613075,4601566,121526,2023-2024,65,,100.0,,,,,,0.0
9960,83613358,4601566,121526,2023-2024,66,,1.0,,,,,,0.0
9961,83613506,4601566,121526,2023-2024,67,,,,,,,,0.0
9962,83613928,4601566,121526,2023-2024,68,,,,,,,,0.0
9963,83615300,4601566,121526,2023-2024,69,,,,,,,,0.0
9964,83615646,4601566,121526,2023-2024,70,,,,,,,,0.0
9965,83616141,4601566,121526,2023-2024,71,,,,,,,,0.0
9966,83616501,4601566,121526,2023-2024,72,,,,,,,,0.0
9967,83618469,4601566,121526,2023-2024,73,,,,,,,,0.0
9968,83618892,4601566,121526,2023-2024,74,,,,,,,,0.0
9969,83620834,4601566,121526,2023-2024,75,,124350.0,,,,,,0.0
9970,79894282,4601566,121526,2023-2024,76,,3500.0,,,,,,0.0
9971,79093579,4601566,121526,2023-2024,77,,3500.0,,,,,,0.0
9972,79693728,4601566,121526,2023-2024,78,,3500.0,,,,,,0.0
9973,79650295,4601566,121526,2023-2024,79,,,,,,,,0.0
9974,83383600,4601566,121526,2023-2024,80,,20260.0,,,,,,0.0
9975,83592827,4601566,121526,2023-2024,81,,70020.0,,,,,,0.0
9976,83384984,4601566,121526,2023-2024,82,,40000.0,,,,,,0.0
9977,79092889,4601566,121526,2023-2024,83,,3500.0,,,,,,0.0
9978,83319300,4601566,121526,2023-2024,84,,51780.0,,,,,,0.0
9979,83590718,4601566,121526,2023-2024,85,,150000.0,,,,,,0.0
9980,83591041,4601566,121526,2023-2024,86,,116060.0,,,,,,0.0
9981,79550991,4601566,121526,2023-2024,87,,3500.0,,,,,,0.0
9982,78509929,4601566,121526,2023-2024,88,,3500.0,,,,,,0.0
9983,78069759,4601566,121526,2023-2024,89,,3500.0,,,,,,0.0
9984,78071057,4601566,121526,2023-2024,90,,3500.0,,,,,,0.0
9985,76012379,4601566,121526,2023-2024,91,,,,,,,,0.0
9986,79897772,4601566,121526,2023-2024,92,,3500.0,,,,,,0.0
9987,79696144,4601566,121526,2023-2024,93,,3500.0,,,,,,0.0
9988,79697386,4601566,121526,2023-2024,94,,3500.0,,,,,,0.0
9989,79556220,4601566,121526,2023-2024,95,,,,,,,,0.0
9990,79569575,4601566,121526,2023-2024,96,,,,,,,,0.0
9991,79570290,4601566,121526,2023-2024,97,,,,,,,,0.0
9992,79584094,4601566,121526,2023-2024,98,,,,,,,,0.0
9993,79568059,4601566,121526,2023-2024,99,,,,,,,,0.0
9994,79571055,4601566,121526,2023-2024,100,,,,,,,,0.0
9995,83384637,4601566,121526,2023-2024,101,,,,,,,,0.0
9996,77557810,4601566,121526,2023-2024,102,,3500.0,,,,,,0.0
9997,78030627,4601566,121526,2023-2024,103,,3500.0,,,,,,0.0
9998,78032512,4601566,121526,2023-2024,104,,3500.0,,,,,,0.0
9999,78034045,4601566,121526,2023-2024,105,,3500.0,,,,,,0.0
10000,78051036,4601566,121526,2023-2024,106,,3500.0,,,,,,0.0
10001,78058540,4601566,121526,2023-2024,107,,3500.0,,,,,,0.0
10002,79551657,4601566,121526,2023-2024,108,,3500.0,,,,,,0.0
10003,78235817,4601566,121526,2023-2024,109,,3500.0,,,,,,0.0
10004,78235935,4601566,121526,2023-2024,110,,3500.0,,,,,,0.0
10005,78236310,4601566,121526,2023-2024,111,,3500.0,,,,,,0.0
10006,78236440,4601566,121526,2023-2024,112,,3500.0,,,,,,0.0
10007,78236564,4601566,121526,2023-2024,113,,3500.0,,,,,,0.0
10008,78236720,4601566,121526,2023-2024,114,,3500.0,,,,,,0.0
10009,78237153,4601566,121526,2023-2024,115,,3500.0,,,,,,0.0
10010,78237361,4601566,121526,2023-2024,116,,3500.0,,,,,,0.0
10011,78509490,4601566,121526,2023-2024,117,,3500.0,,,,,,0.0
10012,78084113,4601566,121526,2023-2024,118,,3500.0,,,,,,0.0
10013,83386036,4601566,121526,2023-2024,119,,150000.0,,,,,,0.0
10014,83598494,4601566,121526,2023-2024,120,,1000.0,,,,,,0.0
10015,72781897,4601566,121526,2023-2024,121,XV Finance Commission,203000.0,203000.0,203000.0,203000.0,,,196027.0
10016,78020251,4601566,121526,2023-2024,122,,3500.0,,,,,,0.0
10017,78022408,4601566,121526,2023-2024,123,,3500.0,,,,,,0.0
10018,78024254,4601566,121526,2023-2024,124,,3500.0,,,,,,0.0
10019,78060022,4601566,121526,2023-2024,125,,3500.0,,,,,,0.0
10020,78509446,4601566,121526,2023-2024,126,,3500.0,,,,,,0.0
10021,78509536,4601566,121526,2023-2024,127,,3500.0,,,,,,0.0
10022,78509571,4601566,121526,2023-2024,128,,3500.0,,,,,,0.0
10023,83396097,4601566,121526,2023-2024,129,XV Finance Commission,99980.0,99980.0,99980.0,99980.0,,,95614.0
10024,83386665,4601566,121526,2023-2024,130,,,,,,,,0.0
10025,83388755,4601566,121526,2023-2024,131,,,,,,,,0.0
10026,83604528,4601566,121526,2023-2024,132,,,,,,,,0.0
10027,83605112,4601566,121526,2023-2024,133,,100.0,,,,,,0.0
10028,83605691,4601566,121526,2023-2024,134,,100.0,,,,,,0.0
10029,83606863,4601566,121526,2023-2024,135,,100.0,,,,,,0.0
10030,83607232,4601566,121526,2023-2024,136,,100.0,,,,,,0.0
10031,83607475,4601566,121526,2023-2024,137,,800000.0,,,,,,0.0
10032,83607588,4601566,121526,2023-2024,138,,100.0,,,,,,0.0
10033,77557094,4601566,121526,2023-2024,139,,3500.0,,,,,,0.0
10034,77558221,4601566,121526,2023-2024,140,,3500.0,,,,,,0.0
10035,78068446,4601566,121526,2023-2024,141,,3500.0,,,,,,0.0
10036,78072510,4601566,121526,2023-2024,142,,3500.0,,,,,,0.0
10037,78075977,4601566,121526,2023-2024,143,,3500.0,,,,,,0.0
10038,78235702,4601566,121526,2023-2024,144,,3500.0,,,,,,0.0
10039,78236064,4601566,121526,2023-2024,145,,3500.0,,,,,,0.0
10040,78236198,4601566,121526,2023-2024,146,,3500.0,,,,,,0.0
10041,78509286,4601566,121526,2023-2024,147,,3500.0,,,,,,0.0
10042,78509317,4601566,121526,2023-2024,148,,3500.0,,,,,,0.0
10043,78509892,4601566,121526,2023-2024,149,,3500.0,,,,,,0.0
10044,78510021,4601566,121526,2023-2024,150,,3500.0,,,,,,0.0
10045,79550524,4601566,121526,2023-2024,151,,3500.0,,,,,,0.0
10046,79891880,4601566,121526,2023-2024,152,,3500.0,,,,,,0.0
10047,79892795,4601566,121526,2023-2024,153,,3500.0,,,,,,0.0
10048,79895359,4601566,121526,2023-2024,154,,3500.0,,,,,,0.0
10049,83607899,4601566,121526,2023-2024,155,,100.0,,,,,,0.0
10050,83608571,4601566,121526,2023-2024,156,,100.0,,,,,,0.0
10051,83608607,4601566,121526,2023-2024,157,,,,,,,,0.0
10052,75658965,4601566,121526,2023-2024,158,,,,,,,,0.0
10053,75778741,4601566,121526,2023-2024,159,,,,,,,,0.0
10054,75782357,4601566,121526,2023-2024,160,,,,,,,,0.0
10055,75814640,4601566,121526,2023-2024,161,,,,,,,,0.0
10056,83458149,4601566,121526,2023-2024,162,,,,,,,,0.0
10057,83458381,4601566,121526,2023-2024,163,,,,,,,,0.0
10058,83400851,4601566,121526,2023-2024,164,,,,,,,,0.0
10059,83401901,4601566,121526,2023-2024,165,,,,,,,,0.0
10060,83402943,4601566,121526,2023-2024,166,,,,,,,,0.0
10061,83403534,4601566,121526,2023-2024,167,,,,,,,,0.0
10062,83403989,4601566,121526,2023-2024,168,,,,,,,,0.0
10063,83412848,4601566,121526,2023-2024,169,,,,,,,,0.0
10064,83404320,4601566,121526,2023-2024,170,,,,,,,,0.0
10065,83406081,4601566,121526,2023-2024,171,,,,,,,,0.0
10066,83413531,4601566,121526,2023-2024,172,,,,,,,,0.0
10067,83413756,4601566,121526,2023-2024,173,,,,,,,,0.0
10068,83417091,4601566,121526,2023-2024,174,,,,,,,,0.0
10069,83394942,4601566,121526,2023-2024,175,5TH STATE FINANCE COMMISSION,650000.0,650000.0,650000.0,650000.0,,,620650.0
10070,83311975,4601566,121526,2023-2024,176,XV Finance Commission,96000.0,96000.0,96000.0,96000.0,,,96000.0
10071,83390114,4601566,121526,2023-2024,177,5TH STATE FINANCE COMMISSION,30000.0,,30000.0,30000.0,,,9000.0
10072,83313861,4601566,121526,2023-2024,178,XV Finance Commission,100000.0,100000.0,100000.0,100000.0,,,99202.0
10073,83387320,4601566,121526,2023-2024,179,XV Finance Commission,200000.0,200000.0,200000.0,200000.0,,,198000.0
10074,103218383,5137639,121526,2024-2025,1,,,,,,,,0.0
10075,103219623,5137639,121526,2024-2025,2,,,,,,,,0.0
10076,103230566,5137639,121526,2024-2025,3,,,,,,,,0.0
10077,103231517,5137639,121526,2024-2025,4,,,,,,,,0.0
10078,103232910,5137639,121526,2024-2025,5,,,,,,,,0.0
10079,103236281,5137639,121526,2024-2025,6,,,,,,,,0.0
10080,103237342,5137639,121526,2024-2025,7,,,,,,,,0.0
10081,103238740,5137639,121526,2024-2025,8,,,,,,,,0.0
10082,103613062,5137639,121526,2024-2025,9,,,,,,,,0.0
10083,101855910,5137639,121526,2024-2025,10,,,,,,,,0.0
10084,101859651,5137639,121526,2024-2025,11,,,,,,,,0.0
10085,101861908,5137639,121526,2024-2025,12,,,,,,,,0.0
10086,101862912,5137639,121526,2024-2025,13,,,,,,,,0.0
10087,101864007,5137639,121526,2024-2025,14,,,,,,,,0.0
10088,101873725,5137639,121526,2024-2025,15,,,,,,,,0.0
10089,101943074,5137639,121526,2024-2025,16,,,,,,,,0.0
10090,101943226,5137639,121526,2024-2025,17,,,,,,,,0.0
10091,101943343,5137639,121526,2024-2025,18,,,,,,,,0.0
10092,101943534,5137639,121526,2024-2025,19,,,,,,,,0.0
10093,101943667,5137639,121526,2024-2025,20,,,,,,,,0.0
10094,101946063,5137639,121526,2024-2025,21,,,,,,,,0.0
10095,101946615,5137639,121526,2024-2025,22,,,,,,,,0.0
10096,101946986,5137639,121526,2024-2025,23,,,,,,,,0.0
10097,101947637,5137639,121526,2024-2025,24,,990000.0,,,,,,0.0
10098,103630229,5137639,121526,2024-2025,25,,300000.0,,,,,,0.0
10099,103669911,5137639,121526,2024-2025,26,,8000.0,,,,,,0.0
10100,103667408,5137639,121526,2024-2025,27,,,,,,,,0.0
10101,103668335,5137639,121526,2024-2025,28,,10500.0,,,,,,0.0
10102,103697245,5137639,121526,2024-2025,29,,9000.0,,,,,,0.0
10103,103697411,5137639,121526,2024-2025,30,,9000.0,,,,,,0.0
10104,103676823,5137639,121526,2024-2025,31,,,,,,,,0.0
10105,103696691,5137639,121526,2024-2025,32,,9000.0,,,,,,0.0
10106,103696911,5137639,121526,2024-2025,33,,9000.0,,,,,,0.0
10107,103697070,5137639,121526,2024-2025,34,,9000.0,,,,,,0.0
10108,103661309,5137639,121526,2024-2025,35,,,,,,,,0.0
10109,103662470,5137639,121526,2024-2025,36,,5000.0,,,,,,0.0
10110,103663732,5137639,121526,2024-2025,37,,,,,,,,0.0
10111,103670338,5137639,121526,2024-2025,38,,1000.0,,,,,,0.0
10112,103671182,5137639,121526,2024-2025,39,,9000.0,,,,,,0.0
10113,103949122,5137639,121526,2024-2025,40,,,,,,,,0.0
10114,103985208,5137639,121526,2024-2025,41,,,,,,,,0.0
10115,103990041,5137639,121526,2024-2025,42,,,,,,,,0.0
10116,103994441,5137639,121526,2024-2025,43,,,,,,,,0.0
10117,103995079,5137639,121526,2024-2025,44,,40000.0,,,,,,0.0
10118,101856903,5137639,121526,2024-2025,45,,,,,,,,0.0
10119,101858184,5137639,121526,2024-2025,46,,,,,,,,0.0
10120,104073584,5137639,121526,2024-2025,47,,36824.0,,,,,,0.0
10121,103992017,5137639,121526,2024-2025,48,,,,,,,,0.0
10122,103955812,5137639,121526,2024-2025,49,,,,,,,,0.0
10123,104475362,5137639,121526,2024-2025,50,,18000.0,,,,,,0.0
10124,104475801,5137639,121526,2024-2025,51,5TH STATE FINANCE COMMISSION,60000.0,60000.0,60000.0,60000.0,,,44665.0
10125,104476183,5137639,121526,2024-2025,52,5TH STATE FINANCE COMMISSION,50000.0,50000.0,50000.0,50000.0,,,50000.0
10126,104476960,5137639,121526,2024-2025,53,XV Finance Commission,171000.0,171000.0,171000.0,171000.0,,,140000.0
10127,104477552,5137639,121526,2024-2025,54,5TH STATE FINANCE COMMISSION,250000.0,250000.0,250000.0,250000.0,,,225000.0
10128,104481179,5137639,121526,2024-2025,55,,40000.0,,,,,,0.0
10129,104481694,5137639,121526,2024-2025,56,,84000.0,,,,,,0.0
10130,104483066,5137639,121526,2024-2025,57,,60000.0,,,,,,0.0
10131,104484477,5137639,121526,2024-2025,58,,70000.0,,,,,,0.0
10132,104490386,5137639,121526,2024-2025,59,,101824.0,,,,,,0.0
10133,100223796,5137639,121526,2024-2025,60,,170000.0,,,,,,0.0
10134,104495110,5137639,121526,2024-2025,61,XV Finance Commission,50000.0,50000.0,50000.0,50000.0,,,45000.0
10135,104496554,5137639,121526,2024-2025,62,,,,,,,,0.0
10136,104497062,5137639,121526,2024-2025,63,,,,,,,,0.0
10137,104497899,5137639,121526,2024-2025,64,,,,,,,,0.0
10138,104498774,5137639,121526,2024-2025,65,,,,,,,,0.0
10139,100205923,5137639,121526,2024-2025,66,,,,,,,,0.0
10140,100224222,5137639,121526,2024-2025,67,,170000.0,,,,,,0.0
10141,101860685,5137639,121526,2024-2025,68,,,,,,,,0.0
10142,101865030,5137639,121526,2024-2025,69,,,,,,,,0.0
10143,101866027,5137639,121526,2024-2025,70,,,,,,,,0.0
10144,101867289,5137639,121526,2024-2025,71,,,,,,,,0.0
10145,101868728,5137639,121526,2024-2025,72,,,,,,,,0.0
10146,101869610,5137639,121526,2024-2025,73,,,,,,,,0.0
10147,103223268,5137639,121526,2024-2025,74,,,,,,,,0.0
10148,103224551,5137639,121526,2024-2025,75,,,,,,,,0.0
10149,104492019,5137639,121526,2024-2025,76,XV Finance Commission,250000.0,250000.0,250000.0,250000.0,,,237647.0
10150,104487082,5137639,121526,2024-2025,77,,50000.0,,,,,,0.0
10151,104482322,5137639,121526,2024-2025,78,XV Finance Commission,50000.0,50000.0,50000.0,50000.0,,,48816.0
10152,104494065,5137639,121526,2024-2025,79,XV Finance Commission,150000.0,150000.0,150000.0,150000.0,,,147662.0
10153,104479341,5137639,121526,2024-2025,80,XV Finance Commission,200000.0,200000.0,200000.0,200000.0,,,200000.0
10154,104480037,5137639,121526,2024-2025,81,5TH STATE FINANCE COMMISSION,350000.0,350000.0,350000.0,350000.0,,,346500.0
10155,104479411,5137639,121526,2024-2025,82,5TH STATE FINANCE COMMISSION,77540.0,77540.0,77540.0,77540.0,,,69500.0
10156,104488738,5137639,121526,2024-2025,83,,25000.0,,,,,,0.0
10157,104511825,5137639,121526,2024-2025,84,,,,,,,,0.0
10158,104514048,5137639,121526,2024-2025,85,,,,,,,,0.0
10159,104515406,5137639,121526,2024-2025,86,,,,,,,,0.0
10160,104514620,5137639,121526,2024-2025,87,,,,,,,,0.0
10161,104515906,5137639,121526,2024-2025,88,,,,,,,,0.0
10162,104516958,5137639,121526,2024-2025,89,,,,,,,,0.0
10163,104517332,5137639,121526,2024-2025,90,,,,,,,,0.0
10164,104518516,5137639,121526,2024-2025,91,,,,,,,,0.0
10165,104518295,5137639,121526,2024-2025,92,,,,,,,,0.0
10166,104518704,5137639,121526,2024-2025,93,,,,,,,,0.0
10167,104518966,5137639,121526,2024-2025,94,,,,,,,,0.0
10168,104519253,5137639,121526,2024-2025,95,,,,,,,,0.0
10169,104519463,5137639,121526,2024-2025,96,,,,,,,,0.0
10170,104519637,5137639,121526,2024-2025,97,,,,,,,,0.0
10171,104516667,5137639,121526,2024-2025,98,,,,,,,,0.0
10172,104533146,5137639,121526,2024-2025,99,,,,,,,,0.0
10173,104533339,5137639,121526,2024-2025,100,,,,,,,,0.0
10174,104533512,5137639,121526,2024-2025,101,,,,,,,,0.0
10175,100228384,5137639,121526,2024-2025,102,,,,,,,,0.0
10176,100228910,5137639,121526,2024-2025,103,,,,,,,,0.0
10177,100229357,5137639,121526,2024-2025,104,,,,,,,,0.0
10178,103194739,5137639,121526,2024-2025,105,,,,,,,,0.0
10179,103201772,5137639,121526,2024-2025,106,,990000.0,,,,,,0.0
10180,104658770,5137639,121526,2024-2025,107,,156483.0,,,,,,0.0
10181,104660041,5137639,121526,2024-2025,108,,600000.0,,,,,,0.0
10182,103661283,5137639,121526,2024-2025,109,,91200.0,,,,,,0.0
10183,103674656,5137639,121526,2024-2025,110,,,,,,,,0.0
10184,103675213,5137639,121526,2024-2025,111,,,,,,,,0.0
10185,100230017,5137639,121526,2024-2025,112,,,,,,,,0.0
10186,101870564,5137639,121526,2024-2025,113,,,,,,,,0.0
10187,101871874,5137639,121526,2024-2025,114,,,,,,,,0.0
10188,101872780,5137639,121526,2024-2025,115,,,,,,,,0.0
10189,103213592,5137639,121526,2024-2025,116,,,,,,,,0.0
10190,103216091,5137639,121526,2024-2025,117,,,,,,,,0.0
10191,103217257,5137639,121526,2024-2025,118,,,,,,,,0.0
10192,103220860,5137639,121526,2024-2025,119,,,,,,,,0.0
10193,103226323,5137639,121526,2024-2025,120,,,,,,,,0.0
10194,103228114,5137639,121526,2024-2025,121,,,,,,,,0.0
10195,103229473,5137639,121526,2024-2025,122,,,,,,,,0.0
10196,103233809,5137639,121526,2024-2025,123,,,,,,,,0.0
10197,103235090,5137639,121526,2024-2025,124,,,,,,,,0.0
10198,103584315,5137639,121526,2024-2025,125,,,,,,,,0.0
10199,103587271,5137639,121526,2024-2025,126,,,,,,,,0.0
10200,103617779,5137639,121526,2024-2025,127,,,,,,,,0.0
10201,103626486,5137639,121526,2024-2025,128,,,,,,,,0.0
10202,103658829,5137639,121526,2024-2025,129,,,,,,,,0.0
10203,103659646,5137639,121526,2024-2025,130,,5000.0,,,,,,0.0
10204,103676638,5137639,121526,2024-2025,131,,,,,,,,0.0
10205,104472887,5137639,121526,2024-2025,132,5TH STATE FINANCE COMMISSION,6000.0,6000.0,6000.0,6000.0,,,6000.0
10206,104474754,5137639,121526,2024-2025,133,5TH STATE FINANCE COMMISSION,6000.0,6000.0,6000.0,6000.0,,,6000.0
10207,104478186,5137639,121526,2024-2025,134,5TH STATE FINANCE COMMISSION,200000.0,200000.0,200000.0,200000.0,,,194694.0
10208,100230393,5137639,121526,2024-2025,135,,,,,,,,0.0
10209,104477918,5137639,121526,2024-2025,136,XV Finance Commission,80000.0,80000.0,80000.0,80000.0,,,80000.0
10210,104657223,5137639,121526,2024-2025,137,XV Finance Commission,38567.0,38567.0,38567.0,38567.0,,,34710.0
10211,104530498,5137639,121526,2024-2025,138,XV Finance Commission,241118.0,241118.0,241118.0,241118.0,,,183199.0
10212,124957699,5545347,121526,2025-2026,1,5TH STATE FINANCE COMMISSION,183840.0,183840.0,183840.0,183840.0,,,141191.0
10213,124909448,5545347,121526,2025-2026,2,,18000.0,,,,,,0.0
10214,124909528,5545347,121526,2025-2026,3,,60000.0,,,,,,0.0
10215,124909675,5545347,121526,2025-2026,4,,,,,,,,0.0
10216,124909721,5545347,121526,2025-2026,5,,,,,,,,0.0
10217,124909620,5545347,121526,2025-2026,6,,,,,,,,0.0
10218,124909914,5545347,121526,2025-2026,7,,,,,,,,0.0
10219,124909924,5545347,121526,2025-2026,8,,,,,,,,0.0
10220,124909950,5545347,121526,2025-2026,9,,,,,,,,0.0
10221,124909853,5545347,121526,2025-2026,10,,,,,,,,0.0
10222,124909891,5545347,121526,2025-2026,11,,,,,,,,0.0
10223,124919593,5545347,121526,2025-2026,12,,,,,,,,0.0
10224,124920429,5545347,121526,2025-2026,13,,,,,,,,0.0
10225,124920796,5545347,121526,2025-2026,14,,,,,,,,0.0
10226,124921405,5545347,121526,2025-2026,15,,,,,,,,0.0
10227,119943091,5545347,121526,2025-2026,16,,,,,,,,0.0
10228,119953003,5545347,121526,2025-2026,17,,,,,,,,0.0
10229,119956439,5545347,121526,2025-2026,18,,,,,,,,0.0
10230,119942752,5545347,121526,2025-2026,19,,,,,,,,0.0
10231,119952367,5545347,121526,2025-2026,20,,,,,,,,0.0
10232,119992470,5545347,121526,2025-2026,21,,,,,,,,0.0
10233,119992655,5545347,121526,2025-2026,22,,,,,,,,0.0
10234,119992809,5545347,121526,2025-2026,23,,,,,,,,0.0
10235,119997477,5545347,121526,2025-2026,24,,,,,,,,0.0
10236,119997836,5545347,121526,2025-2026,25,,,,,,,,0.0
10237,119998036,5545347,121526,2025-2026,26,,,,,,,,0.0
10238,119998227,5545347,121526,2025-2026,27,,,,,,,,0.0
10239,119998416,5545347,121526,2025-2026,28,,,,,,,,0.0
10240,119998604,5545347,121526,2025-2026,29,,,,,,,,0.0
10241,119998803,5545347,121526,2025-2026,30,,,,,,,,0.0
10242,119999508,5545347,121526,2025-2026,31,,,,,,,,0.0
10243,119999689,5545347,121526,2025-2026,32,,,,,,,,0.0
10244,119999882,5545347,121526,2025-2026,33,,,,,,,,0.0
10245,120000049,5545347,121526,2025-2026,34,,,,,,,,0.0
10246,120000433,5545347,121526,2025-2026,35,,,,,,,,0.0
10247,120000608,5545347,121526,2025-2026,36,,,,,,,,0.0
10248,120000977,5545347,121526,2025-2026,37,,,,,,,,0.0
10249,120001231,5545347,121526,2025-2026,38,,,,,,,,0.0
10250,120001465,5545347,121526,2025-2026,39,,,,,,,,0.0
10251,120001984,5545347,121526,2025-2026,40,,,,,,,,0.0
10252,120002119,5545347,121526,2025-2026,41,,,,,,,,0.0
10253,120002441,5545347,121526,2025-2026,42,,,,,,,,0.0
10254,120002656,5545347,121526,2025-2026,43,,,,,,,,0.0
10255,120002756,5545347,121526,2025-2026,44,,,,,,,,0.0
10256,120002863,5545347,121526,2025-2026,45,,,,,,,,0.0
10257,120002964,5545347,121526,2025-2026,46,,,,,,,,0.0
10258,120003067,5545347,121526,2025-2026,47,,,,,,,,0.0
10259,120003160,5545347,121526,2025-2026,48,,,,,,,,0.0
10260,120003259,5545347,121526,2025-2026,49,,,,,,,,0.0
10261,120003397,5545347,121526,2025-2026,50,,,,,,,,0.0
10262,120003633,5545347,121526,2025-2026,51,,,,,,,,0.0
10263,120003533,5545347,121526,2025-2026,52,,,,,,,,0.0
10264,120003781,5545347,121526,2025-2026,53,,,,,,,,0.0
10265,120003907,5545347,121526,2025-2026,54,,,,,,,,0.0
10266,120004194,5545347,121526,2025-2026,55,,,,,,,,0.0
10267,120004326,5545347,121526,2025-2026,56,,,,,,,,0.0
10268,120004426,5545347,121526,2025-2026,57,,,,,,,,0.0
10269,120004815,5545347,121526,2025-2026,58,,,,,,,,0.0
10270,120004912,5545347,121526,2025-2026,59,,,,,,,,0.0
10271,120005027,5545347,121526,2025-2026,60,,,,,,,,0.0
10272,120005143,5545347,121526,2025-2026,61,,,,,,,,0.0
10273,120005740,5545347,121526,2025-2026,62,,,,,,,,0.0
10274,120005915,5545347,121526,2025-2026,63,,,,,,,,0.0
10275,120006118,5545347,121526,2025-2026,64,,,,,,,,0.0
10276,120006422,5545347,121526,2025-2026,65,,,,,,,,0.0
10277,120006559,5545347,121526,2025-2026,66,,,,,,,,0.0
10278,120007240,5545347,121526,2025-2026,67,,,,,,,,0.0
10279,120025598,5545347,121526,2025-2026,68,,,,,,,,0.0
10280,120025765,5545347,121526,2025-2026,69,,,,,,,,0.0
10281,120025949,5545347,121526,2025-2026,70,,,,,,,,0.0
10282,120026248,5545347,121526,2025-2026,71,,,,,,,,0.0
10283,120026363,5545347,121526,2025-2026,72,,,,,,,,0.0
10284,120026544,5545347,121526,2025-2026,73,,,,,,,,0.0
10285,120026859,5545347,121526,2025-2026,74,,,,,,,,0.0
10286,120028488,5545347,121526,2025-2026,75,,,,,,,,0.0
10287,120028661,5545347,121526,2025-2026,76,,,,,,,,0.0
10288,120029831,5545347,121526,2025-2026,77,,,,,,,,0.0
10289,120030897,5545347,121526,2025-2026,78,,,,,,,,0.0
10290,124907996,5545347,121526,2025-2026,79,,60000.0,,,,,,0.0
10291,124908159,5545347,121526,2025-2026,80,XV Finance Commission,126000.0,126000.0,126000.0,126000.0,,,113000.0
10292,124908242,5545347,121526,2025-2026,81,,201567.0,,,,,,0.0
10293,124908308,5545347,121526,2025-2026,82,XV Finance Commission,102000.0,102000.0,102000.0,102000.0,,,91800.0
10294,124908476,5545347,121526,2025-2026,83,XV Finance Commission,77000.0,77000.0,77000.0,77000.0,,,38024.0
10295,124908660,5545347,121526,2025-2026,84,,52567.0,,,,,,0.0
10296,124908718,5545347,121526,2025-2026,85,XV Finance Commission,50000.0,50000.0,50000.0,50000.0,,,50000.0
10297,124908758,5545347,121526,2025-2026,86,,150000.0,,,,,,0.0
10298,124908798,5545347,121526,2025-2026,87,,300000.0,,,,,,0.0
10299,124908858,5545347,121526,2025-2026,88,,30000.0,,,,,,0.0
10300,124908907,5545347,121526,2025-2026,89,,200000.0,,,,,,0.0
10301,124909113,5545347,121526,2025-2026,90,,18756.0,,,,,,0.0
10302,124909178,5545347,121526,2025-2026,91,,20000.0,,,,,,0.0
10303,124909266,5545347,121526,2025-2026,92,,80000.0,,,,,,0.0
10304,124909431,5545347,121526,2025-2026,93,,6000.0,,,,,,0.0
10305,124909507,5545347,121526,2025-2026,94,,50000.0,,,,,,0.0
10306,124909607,5545347,121526,2025-2026,95,,,,,,,,0.0
10307,124909637,5545347,121526,2025-2026,96,,,,,,,,0.0
10308,124909659,5545347,121526,2025-2026,97,,,,,,,,0.0
10309,124909689,5545347,121526,2025-2026,98,,,,,,,,0.0
10310,124909704,5545347,121526,2025-2026,99,,,,,,,,0.0
10311,124909733,5545347,121526,2025-2026,100,,,,,,,,0.0
10312,124909744,5545347,121526,2025-2026,101,,,,,,,,0.0
10313,124909868,5545347,121526,2025-2026,102,,,,,,,,0.0
10314,124909937,5545347,121526,2025-2026,103,,,,,,,,0.0
10315,124909967,5545347,121526,2025-2026,104,,,,,,,,0.0
10316,124918952,5545347,121526,2025-2026,105,,,,,,,,0.0
10317,124919222,5545347,121526,2025-2026,106,,,,,,,,0.0
10318,124920038,5545347,121526,2025-2026,107,,,,,,,,0.0
10319,124921734,5545347,121526,2025-2026,108,,,,,,,,0.0
10320,124923223,5545347,121526,2025-2026,109,,,,,,,,0.0
10321,124923722,5545347,121526,2025-2026,110,,,,,,,,0.0
10322,120002546,5545347,121526,2025-2026,111,,,,,,,,0.0
10323,124976118,5545347,121526,2025-2026,112,,20000.0,,,,,,0.0
10324,124976737,5545347,121526,2025-2026,113,,,,,,,,0.0
10325,124977007,5545347,121526,2025-2026,114,,,,,,,,0.0
10326,124977097,5545347,121526,2025-2026,115,,,,,,,,0.0
10327,124977662,5545347,121526,2025-2026,116,,,,,,,,0.0
10328,124978027,5545347,121526,2025-2026,117,,,,,,,,0.0
10329,124978143,5545347,121526,2025-2026,118,,10.0,,,,,,0.0
10330,124978723,5545347,121526,2025-2026,119,,10.0,,,,,,0.0
10331,124978792,5545347,121526,2025-2026,120,,10.0,,,,,,0.0
10332,124978943,5545347,121526,2025-2026,121,,10.0,,,,,,0.0
10333,124979223,5545347,121526,2025-2026,122,,10.0,,,,,,0.0
10334,124979984,5545347,121526,2025-2026,123,,10.0,,,,,,0.0
10335,124980124,5545347,121526,2025-2026,124,,10.0,,,,,,0.0
10336,124980535,5545347,121526,2025-2026,125,,10.0,,,,,,0.0
10337,124980614,5545347,121526,2025-2026,126,,10.0,,,,,,0.0
10338,124972132,5545347,121526,2025-2026,127,,64000.0,,,,,,0.0
10339,124976433,5545347,121526,2025-2026,128,,5000.0,,,,,,0.0
10340,124977158,5545347,121526,2025-2026,129,,,,,,,,0.0
10341,124977202,5545347,121526,2025-2026,130,,,,,,,,0.0
10342,124977248,5545347,121526,2025-2026,131,,,,,,,,0.0
10343,124977337,5545347,121526,2025-2026,132,,,,,,,,0.0
10344,124977499,5545347,121526,2025-2026,133,,,,,,,,0.0
10345,124977603,5545347,121526,2025-2026,134,,,,,,,,0.0
10346,124977885,5545347,121526,2025-2026,135,,120000.0,,,,,,0.0
10347,124978175,5545347,121526,2025-2026,136,,10.0,,,,,,0.0
10348,124978876,5545347,121526,2025-2026,137,,10.0,,,,,,0.0
10349,124980057,5545347,121526,2025-2026,138,,10.0,,,,,,0.0
10350,124980213,5545347,121526,2025-2026,139,,10.0,,,,,,0.0
10351,115428841,5545347,121526,2025-2026,140,,6000.0,,,,,,0.0
10352,119952684,5545347,121526,2025-2026,141,,,,,,,,0.0
10353,119953302,5545347,121526,2025-2026,142,,,,,,,,0.0
10354,119953564,5545347,121526,2025-2026,143,,,,,,,,0.0
10355,119956562,5545347,121526,2025-2026,144,,,,,,,,0.0
10356,119956694,5545347,121526,2025-2026,145,,,,,,,,0.0
10357,119991932,5545347,121526,2025-2026,146,,,,,,,,0.0
10358,119992269,5545347,121526,2025-2026,147,,,,,,,,0.0
10359,119992996,5545347,121526,2025-2026,148,,,,,,,,0.0
10360,120000233,5545347,121526,2025-2026,149,,,,,,,,0.0
10361,120000739,5545347,121526,2025-2026,150,,,,,,,,0.0
10362,120001714,5545347,121526,2025-2026,151,,,,,,,,0.0
10363,120004048,5545347,121526,2025-2026,152,,,,,,,,0.0
10364,120004597,5545347,121526,2025-2026,153,,,,,,,,0.0
10365,120005224,5545347,121526,2025-2026,154,,,,,,,,0.0
10366,124917073,5545347,121526,2025-2026,155,,,,,,,,0.0
10367,124919900,5545347,121526,2025-2026,156,,,,,,,,0.0
10368,124920191,5545347,121526,2025-2026,157,,,,,,,,0.0
10369,124922989,5545347,121526,2025-2026,158,,,,,,,,0.0
10370,124936010,5545347,121526,2025-2026,159,,20000.0,,,,,,0.0
10371,124957341,5545347,121526,2025-2026,160,5TH STATE FINANCE COMMISSION,400000.0,400000.0,400000.0,400000.0,,,232098.0
10372,124972098,5545347,121526,2025-2026,161,,65000.0,,,,,,0.0
10373,124972118,5545347,121526,2025-2026,162,,75000.0,,,,,,0.0
10374,124976892,5545347,121526,2025-2026,163,,,,,,,,0.0
10375,44218275,2808133,119862,2020-2021,1,XV Finance Commission,50000.0,50000.0,50000.0,50000.0,,,50000.0
10376,44218307,2808133,119862,2020-2021,2,XV Finance Commission,100000.0,100000.0,100000.0,100000.0,,,99000.0
10377,44218645,2808133,119862,2020-2021,3,XV Finance Commission,100000.0,100000.0,100000.0,100000.0,,,100000.0
10378,44219215,2808133,119862,2020-2021,4,,75733.0,,,,,,0.0
10379,44222390,2808133,119862,2020-2021,5,XV Finance Commission,100000.0,100000.0,100000.0,100000.0,,,97575.0
10380,44222597,2808133,119862,2020-2021,6,5TH STATE FINANCE COMMISSION,144000.0,144000.0,144000.0,144000.0,,,27750.0
10381,44214504,2808133,119862,2020-2021,7,XV Finance Commission,200000.0,200000.0,200000.0,200000.0,,,151053.0
10382,44220466,2808133,119862,2020-2021,8,,100000.0,,,,,,0.0
10383,44222732,2808133,119862,2020-2021,9,5TH STATE FINANCE COMMISSION,50000.0,50000.0,50000.0,50000.0,,,50000.0
10384,44219594,2808133,119862,2020-2021,10,XV Finance Commission,250000.0,250000.0,250000.0,250000.0,,,250000.0
10385,44222709,2808133,119862,2020-2021,11,5TH STATE FINANCE COMMISSION,50000.0,50000.0,50000.0,50000.0,,,50000.0
10386,44220328,2808133,119862,2020-2021,12,XV Finance Commission,200000.0,200000.0,200000.0,200000.0,,,153191.0
10387,44222746,2808133,119862,2020-2021,13,5TH STATE FINANCE COMMISSION,6000.0,6000.0,6000.0,6000.0,,,6000.0
10388,44222332,2808133,119862,2020-2021,14,XV Finance Commission,95733.0,95733.0,95733.0,95733.0,,,93523.0
10389,44222758,2808133,119862,2020-2021,15,,18000.0,,,,,,0.0
10390,44219063,2808133,119862,2020-2021,16,XV Finance Commission,100000.0,100000.0,100000.0,100000.0,,,100000.0
10391,44218873,2808133,119862,2020-2021,17,XV Finance Commission,100000.0,100000.0,100000.0,100000.0,,,100000.0
10392,44220850,2808133,119862,2020-2021,18,XV Finance Commission,100000.0,100000.0,100000.0,100000.0,,,100000.0
10393,50392194,2808133,119862,2020-2021,19,5TH STATE FINANCE COMMISSION,154840.0,154840.0,154840.0,154840.0,,,154840.0
10394,44214752,2808133,119862,2020-2021,20,XV Finance Commission,20000.0,20000.0,20000.0,20000.0,,,20000.0
10395,50391821,2808133,119862,2020-2021,21,5TH STATE FINANCE COMMISSION,60000.0,60000.0,60000.0,60000.0,,,60000.0
10396,44220394,2808133,119862,2020-2021,22,XV Finance Commission,200000.0,200000.0,200000.0,200000.0,,,200000.0
10397,44222371,2808133,119862,2020-2021,23,XV Finance Commission,100000.0,100000.0,100000.0,100000.0,,,100000.0
10398,44222616,2808133,119862,2020-2021,24,5TH STATE FINANCE COMMISSION,270000.0,270000.0,270000.0,270000.0,,,270000.0
10399,44222572,2808133,119862,2020-2021,25,5TH STATE FINANCE COMMISSION,150000.0,150000.0,150000.0,150000.0,,,150000.0
10400,44218221,2808133,119862,2020-2021,26,,100000.0,,,,,,0.0
10401,44218167,2808133,119862,2020-2021,27,,100000.0,,,,,,0.0
10402,44218333,2808133,119862,2020-2021,28,,50000.0,,,,,,0.0
10403,44222688,2808133,119862,2020-2021,29,5TH STATE FINANCE COMMISSION,229600.0,229600.0,229600.0,229600.0,,,89600.0
10404,44213449,2808133,119862,2020-2021,30,XV Finance Commission,100000.0,100000.0,100000.0,100000.0,,,47282.0
10405,44222551,2808133,119862,2020-2021,31,5TH STATE FINANCE COMMISSION,500000.0,500000.0,500000.0,500000.0,,,495441.0
10406,44218414,2808133,119862,2020-2021,32,XV Finance Commission,100000.0,100000.0,100000.0,100000.0,,,100000.0
10407,44218376,2808133,119862,2020-2021,33,XV Finance Commission,50000.0,50000.0,50000.0,50000.0,,,50000.0
10408,44222295,2808133,119862,2020-2021,34,XV Finance Commission,100000.0,100000.0,100000.0,100000.0,,,100000.0
10409,38590687,2808133,119862,2020-2021,35,XV Finance Commission,100000.0,100000.0,100000.0,100000.0,,,100000.0
10410,44222659,2808133,119862,2020-2021,36,5TH STATE FINANCE COMMISSION,100000.0,100000.0,100000.0,100000.0,,,20000.0
10411,44220650,2808133,119862,2020-2021,37,XV Finance Commission,100000.0,100000.0,100000.0,100000.0,,,100000.0
10412,52406689,3323130,119862,2021-2022,1,XV Finance Commission,80000.0,80000.0,80000.0,80000.0,,,80000.0
10413,52406402,3323130,119862,2021-2022,2,XV Finance Commission,90000.0,90000.0,90000.0,90000.0,,,90000.0
10414,52406616,3323130,119862,2021-2022,3,,50000.0,,,,,,0.0
10415,52407253,3323130,119862,2021-2022,4,,12867.0,,,,,,0.0
10416,52408000,3323130,119862,2021-2022,5,XV Finance Commission,30000.0,30000.0,30000.0,30000.0,,,29990.0
10417,52408155,3323130,119862,2021-2022,6,XV Finance Commission,30000.0,30000.0,30000.0,30000.0,,,29990.0
10418,52408979,3323130,119862,2021-2022,7,,100000.0,,,,,,0.0
10419,52412537,3323130,119862,2021-2022,8,,140000.0,,,,,,0.0
10420,52408377,3323130,119862,2021-2022,9,5TH STATE FINANCE COMMISSION,250000.0,250000.0,250000.0,250000.0,,,250000.0
10421,52408268,3323130,119862,2021-2022,10,XV Finance Commission,30000.0,30000.0,30000.0,30000.0,,,29990.0
10422,52408070,3323130,119862,2021-2022,11,XV Finance Commission,30000.0,30000.0,30000.0,30000.0,,,29990.0
10423,52408216,3323130,119862,2021-2022,12,XV Finance Commission,30000.0,30000.0,30000.0,30000.0,,,29990.0
10424,52409042,3323130,119862,2021-2022,13,5TH STATE FINANCE COMMISSION,170000.0,170000.0,170000.0,170000.0,,,167500.0
10425,52408703,3323130,119862,2021-2022,14,5TH STATE FINANCE COMMISSION,144000.0,144000.0,144000.0,144000.0,,,72000.0
10426,52408802,3323130,119862,2021-2022,15,5TH STATE FINANCE COMMISSION,40000.0,40000.0,40000.0,40000.0,,,40000.0
10427,52406846,3323130,119862,2021-2022,16,XV Finance Commission,330000.0,330000.0,330000.0,330000.0,,,330000.0
10428,52407057,3323130,119862,2021-2022,17,XV Finance Commission,330000.0,330000.0,330000.0,330000.0,,,330000.0
10429,52408566,3323130,119862,2021-2022,18,5TH STATE FINANCE COMMISSION,100000.0,100000.0,100000.0,100000.0,,,100000.0
10430,52407430,3323130,119862,2021-2022,19,XV Finance Commission,200000.0,200000.0,200000.0,200000.0,,,200000.0
10431,52408641,3323130,119862,2021-2022,20,5TH STATE FINANCE COMMISSION,400000.0,400000.0,400000.0,400000.0,,,400000.0
10432,52407908,3323130,119862,2021-2022,21,XV Finance Commission,51733.0,51733.0,51733.0,51733.0,,,51733.0
10433,52408854,3323130,119862,2021-2022,22,5TH STATE FINANCE COMMISSION,50000.0,50000.0,50000.0,50000.0,,,50000.0
10434,52408755,3323130,119862,2021-2022,23,5TH STATE FINANCE COMMISSION,100000.0,100000.0,100000.0,100000.0,,,100000.0
10435,52412604,3323130,119862,2021-2022,24,XV Finance Commission,140000.0,140000.0,140000.0,140000.0,,,139970.0
10436,52412683,3323130,119862,2021-2022,25,XV Finance Commission,140000.0,140000.0,140000.0,140000.0,,,57261.0
10437,52407665,3323130,119862,2021-2022,26,XV Finance Commission,100000.0,100000.0,100000.0,100000.0,,,99696.0
10438,52407542,3323130,119862,2021-2022,27,XV Finance Commission,200000.0,200000.0,200000.0,200000.0,,,199729.0
10439,52407739,3323130,119862,2021-2022,28,,18000.0,,,,,,0.0
10440,52407357,3323130,119862,2021-2022,29,,200000.0,,,,,,0.0
10441,52408444,3323130,119862,2021-2022,30,5TH STATE FINANCE COMMISSION,100000.0,100000.0,100000.0,100000.0,,,100000.0
10442,52408902,3323130,119862,2021-2022,31,5TH STATE FINANCE COMMISSION,50000.0,50000.0,50000.0,50000.0,,,50000.0
10443,52406277,3323130,119862,2021-2022,32,XV Finance Commission,156000.0,156000.0,156000.0,156000.0,,,29930.0
10444,52407825,3323130,119862,2021-2022,33,XV Finance Commission,6000.0,6000.0,6000.0,6000.0,,,6000.0
10445,52406759,3323130,119862,2021-2022,34,XV Finance Commission,46866.0,46866.0,46866.0,46866.0,,,46866.0
10446,52406533,3323130,119862,2021-2022,35,XV Finance Commission,100000.0,100000.0,100000.0,100000.0,,,100000.0
10447,52406194,3323130,119862,2021-2022,36,XV Finance Commission,150000.0,150000.0,150000.0,150000.0,,,150000.0
10448,61700712,4108068,119862,2022-2023,1,XV Finance Commission,50000.0,50000.0,50000.0,50000.0,,,50000.0
10449,61704350,4108068,119862,2022-2023,2,XV Finance Commission,59796.0,59796.0,59796.0,59796.0,,,59796.0
10450,61700661,4108068,119862,2022-2023,3,XV Finance Commission,50000.0,50000.0,50000.0,50000.0,,,50000.0
10451,61700767,4108068,119862,2022-2023,4,XV Finance Commission,100000.0,100000.0,100000.0,100000.0,,,100000.0
10452,61700561,4108068,119862,2022-2023,5,XV Finance Commission,100000.0,100000.0,100000.0,100000.0,,,100000.0
10453,61699801,4108068,119862,2022-2023,6,XV Finance Commission,400000.0,400000.0,400000.0,400000.0,,,400000.0
10454,61703803,4108068,119862,2022-2023,7,XV Finance Commission,100000.0,100000.0,100000.0,100000.0,,,100000.0
10455,61704982,4108068,119862,2022-2023,8,5TH STATE FINANCE COMMISSION,72000.0,72000.0,72000.0,72000.0,,,30000.0
10456,61705005,4108068,119862,2022-2023,9,5TH STATE FINANCE COMMISSION,72000.0,72000.0,72000.0,72000.0,,,34750.0
10457,61700825,4108068,119862,2022-2023,10,,50347.0,,,,,,0.0
10458,61703748,4108068,119862,2022-2023,11,,100000.0,,,,,,0.0
10459,61704885,4108068,119862,2022-2023,12,5TH STATE FINANCE COMMISSION,100000.0,100000.0,100000.0,100000.0,,,100000.0
10460,61700611,4108068,119862,2022-2023,13,XV Finance Commission,50000.0,50000.0,50000.0,50000.0,,,0.0
10461,61700127,4108068,119862,2022-2023,14,XV Finance Commission,30000.0,30000.0,30000.0,30000.0,,,29880.0
10462,61704820,4108068,119862,2022-2023,15,5TH STATE FINANCE COMMISSION,100000.0,100000.0,100000.0,100000.0,,,95108.0
10463,61700498,4108068,119862,2022-2023,16,XV Finance Commission,100000.0,100000.0,100000.0,100000.0,,,100000.0
10464,61704099,4108068,119862,2022-2023,17,XV Finance Commission,100000.0,100000.0,100000.0,100000.0,,,100000.0
10465,61704260,4108068,119862,2022-2023,18,XV Finance Commission,50000.0,50000.0,50000.0,50000.0,,,50000.0
10466,61704150,4108068,119862,2022-2023,19,XV Finance Commission,100000.0,100000.0,100000.0,100000.0,,,100000.0
10467,61705038,4108068,119862,2022-2023,20,5TH STATE FINANCE COMMISSION,378440.0,378440.0,378440.0,378440.0,,,378440.0
10468,61704860,4108068,119862,2022-2023,21,5TH STATE FINANCE COMMISSION,100000.0,100000.0,100000.0,100000.0,,,100000.0
10469,61703924,4108068,119862,2022-2023,22,XV Finance Commission,50000.0,50000.0,50000.0,50000.0,,,17251.0
10470,61704935,4108068,119862,2022-2023,23,5TH STATE FINANCE COMMISSION,100000.0,100000.0,100000.0,100000.0,,,97751.0
10471,61704310,4108068,119862,2022-2023,24,XV Finance Commission,100000.0,100000.0,100000.0,100000.0,,,100000.0
10472,61703983,4108068,119862,2022-2023,25,,18000.0,,,,,,0.0
10473,61700195,4108068,119862,2022-2023,26,XV Finance Commission,140347.0,140347.0,140347.0,140347.0,,,133141.0
10474,61704967,4108068,119862,2022-2023,27,,50000.0,,,,,,0.0
10475,61704199,4108068,119862,2022-2023,28,XV Finance Commission,50000.0,50000.0,50000.0,50000.0,,,50000.0
10476,61704024,4108068,119862,2022-2023,29,XV Finance Commission,6000.0,6000.0,6000.0,6000.0,,,6000.0
10477,61700020,4108068,119862,2022-2023,30,,130000.0,,,,,,0.0
10478,61700310,4108068,119862,2022-2023,31,,50000.0,,,,,,0.0
10479,61700358,4108068,119862,2022-2023,32,,50000.0,,,,,,0.0
10480,61700451,4108068,119862,2022-2023,33,,100000.0,,,,,,0.0
10481,61704913,4108068,119862,2022-2023,34,,100000.0,,,,,,0.0
10482,61704797,4108068,119862,2022-2023,35,5TH STATE FINANCE COMMISSION,100000.0,100000.0,100000.0,100000.0,,,100000.0
10483,61704758,4108068,119862,2022-2023,36,5TH STATE FINANCE COMMISSION,60000.0,60000.0,60000.0,60000.0,,,60000.0
10484,61703854,4108068,119862,2022-2023,37,XV Finance Commission,100000.0,100000.0,100000.0,100000.0,,,99860.0
10485,61704482,4108068,119862,2022-2023,38,XV Finance Commission,100000.0,100000.0,100000.0,100000.0,,,99855.0
10486,75683577,4648058,119862,2023-2024,1,XV Finance Commission,60000.0,60000.0,60000.0,60000.0,,,59325.0
10487,75685395,4648058,119862,2023-2024,2,,140455.0,,,,,,0.0
10488,75684548,4648058,119862,2023-2024,3,XV Finance Commission,50000.0,50000.0,50000.0,50000.0,,,20000.0
10489,75687115,4648058,119862,2023-2024,4,5TH STATE FINANCE COMMISSION,50000.0,50000.0,50000.0,50000.0,,,49785.0
10490,75781940,4648058,119862,2023-2024,5,,,,,,,,0.0
10491,75783376,4648058,119862,2023-2024,6,,,,,,,,0.0
10492,75788480,4648058,119862,2023-2024,7,,,,,,,,0.0
10493,75788862,4648058,119862,2023-2024,8,,,,,,,,0.0
10494,75789250,4648058,119862,2023-2024,9,,,,,,,,0.0
10495,75790163,4648058,119862,2023-2024,10,,,,,,,,0.0
10496,75791239,4648058,119862,2023-2024,11,,,,,,,,0.0
10497,75793585,4648058,119862,2023-2024,12,,,,,,,,0.0
10498,75798308,4648058,119862,2023-2024,13,,,,,,,,0.0
10499,75816673,4648058,119862,2023-2024,14,,,,,,,,0.0
10500,75817798,4648058,119862,2023-2024,15,,,,,,,,0.0
10501,75819867,4648058,119862,2023-2024,16,,,,,,,,0.0
10502,75822322,4648058,119862,2023-2024,17,,,,,,,,0.0
10503,75823058,4648058,119862,2023-2024,18,,,,,,,,0.0
10504,75824140,4648058,119862,2023-2024,19,,,,,,,,0.0
10505,75826230,4648058,119862,2023-2024,20,,,,,,,,0.0
10506,75827716,4648058,119862,2023-2024,21,,,,,,,,0.0
10507,75828499,4648058,119862,2023-2024,22,,,,,,,,0.0
10508,75829464,4648058,119862,2023-2024,23,,,,,,,,0.0
10509,75830949,4648058,119862,2023-2024,24,,,,,,,,0.0
10510,75832478,4648058,119862,2023-2024,25,,,,,,,,0.0
10511,75894889,4648058,119862,2023-2024,26,,,,,,,,0.0
10512,75895256,4648058,119862,2023-2024,27,,,,,,,,0.0
10513,75895499,4648058,119862,2023-2024,28,,,,,,,,0.0
10514,75895655,4648058,119862,2023-2024,29,,,,,,,,0.0
10515,76182420,4648058,119862,2023-2024,30,,,,,,,,0.0
10516,76190404,4648058,119862,2023-2024,31,,,,,,,,0.0
10517,76197979,4648058,119862,2023-2024,32,,,,,,,,0.0
10518,76200128,4648058,119862,2023-2024,33,,,,,,,,0.0
10519,76202414,4648058,119862,2023-2024,34,,,,,,,,0.0
10520,76216489,4648058,119862,2023-2024,35,,,,,,,,0.0
10521,76220550,4648058,119862,2023-2024,36,,,,,,,,0.0
10522,76223024,4648058,119862,2023-2024,37,,,,,,,,0.0
10523,76226186,4648058,119862,2023-2024,38,,,,,,,,0.0
10524,76227142,4648058,119862,2023-2024,39,,,,,,,,0.0
10525,76228590,4648058,119862,2023-2024,40,,,,,,,,0.0
10526,76229700,4648058,119862,2023-2024,41,,,,,,,,0.0
10527,76231144,4648058,119862,2023-2024,42,,,,,,,,0.0
10528,76232951,4648058,119862,2023-2024,43,,,,,,,,0.0
10529,76234699,4648058,119862,2023-2024,44,,,,,,,,0.0
10530,76236646,4648058,119862,2023-2024,45,,,,,,,,0.0
10531,76595277,4648058,119862,2023-2024,46,,,,,,,,0.0
10532,76608591,4648058,119862,2023-2024,47,,,,,,,,0.0
10533,76612252,4648058,119862,2023-2024,48,,,,,,,,0.0
10534,76615056,4648058,119862,2023-2024,49,,,,,,,,0.0
10535,76624550,4648058,119862,2023-2024,50,,150000.0,,,,,,0.0
10536,76632393,4648058,119862,2023-2024,51,,,,,,,,0.0
10537,76633286,4648058,119862,2023-2024,52,,,,,,,,0.0
10538,76634388,4648058,119862,2023-2024,53,,,,,,,,0.0
10539,76635160,4648058,119862,2023-2024,54,,,,,,,,0.0
10540,76635966,4648058,119862,2023-2024,55,,,,,,,,0.0
10541,76637221,4648058,119862,2023-2024,56,,,,,,,,0.0
10542,77430916,4648058,119862,2023-2024,57,,,,,,,,0.0
10543,77439917,4648058,119862,2023-2024,58,,200000.0,,,,,,0.0
10544,77449506,4648058,119862,2023-2024,59,,150000.0,,,,,,0.0
10545,77451683,4648058,119862,2023-2024,60,,300000.0,,,,,,0.0
10546,82305526,4648058,119862,2023-2024,61,,,,,,,,0.0
10547,82306015,4648058,119862,2023-2024,62,,,,,,,,0.0
10548,82306261,4648058,119862,2023-2024,63,,,,,,,,0.0
10549,82306716,4648058,119862,2023-2024,64,,,,,,,,0.0
10550,82307429,4648058,119862,2023-2024,65,,,,,,,,0.0
10551,82308681,4648058,119862,2023-2024,66,,,,,,,,0.0
10552,82309227,4648058,119862,2023-2024,67,,,,,,,,0.0
10553,82309942,4648058,119862,2023-2024,68,,,,,,,,0.0
10554,82310288,4648058,119862,2023-2024,69,,,,,,,,0.0
10555,82310650,4648058,119862,2023-2024,70,,,,,,,,0.0
10556,82311016,4648058,119862,2023-2024,71,,,,,,,,0.0
10557,82311629,4648058,119862,2023-2024,72,,,,,,,,0.0
10558,82312056,4648058,119862,2023-2024,73,,,,,,,,0.0
10559,82312640,4648058,119862,2023-2024,74,,,,,,,,0.0
10560,82313347,4648058,119862,2023-2024,75,,,,,,,,0.0
10561,82313782,4648058,119862,2023-2024,76,,,,,,,,0.0
10562,82314442,4648058,119862,2023-2024,77,,,,,,,,0.0
10563,82315144,4648058,119862,2023-2024,78,,,,,,,,0.0
10564,82315580,4648058,119862,2023-2024,79,,,,,,,,0.0
10565,82316275,4648058,119862,2023-2024,80,,,,,,,,0.0
10566,82317463,4648058,119862,2023-2024,81,,,,,,,,0.0
10567,82541867,4648058,119862,2023-2024,82,,200000.0,,,,,,0.0
10568,82735180,4648058,119862,2023-2024,83,,353000.0,,,,,,0.0
10569,82783023,4648058,119862,2023-2024,84,,,,,,,,0.0
10570,75787801,4648058,119862,2023-2024,85,,,,,,,,0.0
10571,75693370,4648058,119862,2023-2024,86,5TH STATE FINANCE COMMISSION,100000.0,100000.0,100000.0,100000.0,,,99595.0
10572,75807075,4648058,119862,2023-2024,87,,,,,,,,0.0
10573,75810957,4648058,119862,2023-2024,88,,,,,,,,0.0
10574,75819089,4648058,119862,2023-2024,89,,,,,,,,0.0
10575,75814183,4648058,119862,2023-2024,90,,,,,,,,0.0
10576,75824842,4648058,119862,2023-2024,91,,,,,,,,0.0
10577,75678544,4648058,119862,2023-2024,92,5TH STATE FINANCE COMMISSION,50000.0,50000.0,50000.0,50000.0,,,50000.0
10578,75691056,4648058,119862,2023-2024,93,5TH STATE FINANCE COMMISSION,50000.0,50000.0,50000.0,50000.0,,,49935.0
10579,75679497,4648058,119862,2023-2024,94,XV Finance Commission,100000.0,100000.0,100000.0,100000.0,,,99680.0
10580,75687493,4648058,119862,2023-2024,95,XV Finance Commission,100000.0,100000.0,100000.0,100000.0,,,99920.0
10581,75682821,4648058,119862,2023-2024,96,XV Finance Commission,400000.0,400000.0,400000.0,400000.0,,,400000.0
10582,75809020,4648058,119862,2023-2024,97,,,,,,,,0.0
10583,75818403,4648058,119862,2023-2024,98,,,,,,,,0.0
10584,75820553,4648058,119862,2023-2024,99,,,,,,,,0.0
10585,75834177,4648058,119862,2023-2024,100,,,,,,,,0.0
10586,76188487,4648058,119862,2023-2024,101,,,,,,,,0.0
10587,75680195,4648058,119862,2023-2024,102,XV Finance Commission,100000.0,100000.0,100000.0,100000.0,,,95423.0
10588,75680750,4648058,119862,2023-2024,103,,50000.0,,,,,,0.0
10589,75697512,4648058,119862,2023-2024,104,,18000.0,,,,,,0.0
10590,75697766,4648058,119862,2023-2024,105,5TH STATE FINANCE COMMISSION,6000.0,6000.0,6000.0,6000.0,,,6000.0
10591,75794310,4648058,119862,2023-2024,106,,,,,,,,0.0
10592,75799222,4648058,119862,2023-2024,107,,,,,,,,0.0
10593,75809880,4648058,119862,2023-2024,108,,,,,,,,0.0
10594,75812335,4648058,119862,2023-2024,109,,,,,,,,0.0
10595,75827093,4648058,119862,2023-2024,110,,,,,,,,0.0
10596,76182445,4648058,119862,2023-2024,111,,,,,,,,0.0
10597,76194754,4648058,119862,2023-2024,112,,,,,,,,0.0
10598,76196537,4648058,119862,2023-2024,113,,,,,,,,0.0
10599,76243270,4648058,119862,2023-2024,114,,,,,,,,0.0
10600,76239902,4648058,119862,2023-2024,115,,,,,,,,0.0
10601,76559729,4648058,119862,2023-2024,116,,,,,,,,0.0
10602,76597149,4648058,119862,2023-2024,117,,,,,,,,0.0
10603,76598861,4648058,119862,2023-2024,118,,,,,,,,0.0
10604,76600343,4648058,119862,2023-2024,119,,,,,,,,0.0
10605,76605764,4648058,119862,2023-2024,120,,,,,,,,0.0
10606,82312325,4648058,119862,2023-2024,121,,,,,,,,0.0
10607,82318784,4648058,119862,2023-2024,122,,,,,,,,0.0
10608,75677949,4648058,119862,2023-2024,123,,100000.0,,,,,,0.0
10609,75688697,4648058,119862,2023-2024,124,5TH STATE FINANCE COMMISSION,100000.0,100000.0,100000.0,100000.0,,,99960.0
10610,82557328,4648058,119862,2023-2024,125,,500.0,,,,,,0.0
10611,82558219,4648058,119862,2023-2024,126,,500.0,,,,,,0.0
10612,82559516,4648058,119862,2023-2024,127,,500.0,,,,,,0.0
10613,75692882,4648058,119862,2023-2024,128,5TH STATE FINANCE COMMISSION,100000.0,100000.0,100000.0,100000.0,,,100000.0
10614,75675976,4648058,119862,2023-2024,129,XV Finance Commission,44606.0,44606.0,44606.0,44606.0,,,30000.0
10615,82782276,4648058,119862,2023-2024,130,,,,,,,,0.0
10616,82783841,4648058,119862,2023-2024,131,,,,,,,,0.0
10617,82543744,4648058,119862,2023-2024,132,,500.0,,,,,,0.0
10618,82544292,4648058,119862,2023-2024,133,,500.0,,,,,,0.0
10619,82539838,4648058,119862,2023-2024,134,,200000.0,,,,,,0.0
10620,82540520,4648058,119862,2023-2024,135,,200000.0,,,,,,0.0
10621,82544994,4648058,119862,2023-2024,136,,500.0,,,,,,0.0
10622,82541223,4648058,119862,2023-2024,137,,200000.0,,,,,,0.0
10623,82545537,4648058,119862,2023-2024,138,,500.0,,,,,,0.0
10624,82546161,4648058,119862,2023-2024,139,,500.0,,,,,,0.0
10625,82553364,4648058,119862,2023-2024,140,,1000.0,,,,,,0.0
10626,82546636,4648058,119862,2023-2024,141,,500.0,,,,,,0.0
10627,82554727,4648058,119862,2023-2024,142,,500.0,,,,,,0.0
10628,82547406,4648058,119862,2023-2024,143,,500.0,,,,,,0.0
10629,82547973,4648058,119862,2023-2024,144,,500.0,,,,,,0.0
10630,82548740,4648058,119862,2023-2024,145,,500.0,,,,,,0.0
10631,82549469,4648058,119862,2023-2024,146,,500.0,,,,,,0.0
10632,82550290,4648058,119862,2023-2024,147,,500.0,,,,,,0.0
10633,82551350,4648058,119862,2023-2024,148,,500.0,,,,,,0.0
10634,82554360,4648058,119862,2023-2024,149,,500.0,,,,,,0.0
10635,82552052,4648058,119862,2023-2024,150,,1000.0,,,,,,0.0
10636,82552807,4648058,119862,2023-2024,151,,1000.0,,,,,,0.0
10637,82561671,4648058,119862,2023-2024,152,,500.0,,,,,,0.0
10638,82555082,4648058,119862,2023-2024,153,,500.0,,,,,,0.0
10639,82555508,4648058,119862,2023-2024,154,,500.0,,,,,,0.0
10640,82555967,4648058,119862,2023-2024,155,,500.0,,,,,,0.0
10641,82557757,4648058,119862,2023-2024,156,,500.0,,,,,,0.0
10642,82562106,4648058,119862,2023-2024,157,,500.0,,,,,,0.0
10643,82558601,4648058,119862,2023-2024,158,,509.0,,,,,,0.0
10644,82559029,4648058,119862,2023-2024,159,,500.0,,,,,,0.0
10645,82562606,4648058,119862,2023-2024,160,,500.0,,,,,,0.0
10646,82562998,4648058,119862,2023-2024,161,,500.0,,,,,,0.0
10647,77421748,4648058,119862,2023-2024,162,,150000.0,,,,,,0.0
10648,77427652,4648058,119862,2023-2024,163,,150000.0,,,,,,0.0
10649,77447878,4648058,119862,2023-2024,164,,200000.0,,,,,,0.0
10650,77453778,4648058,119862,2023-2024,165,,150000.0,,,,,,0.0
10651,77432669,4648058,119862,2023-2024,166,,150000.0,,,,,,0.0
10652,77441628,4648058,119862,2023-2024,167,,200000.0,,,,,,0.0
10653,78573574,4648058,119862,2023-2024,168,,200000.0,,,,,,0.0
10654,78577491,4648058,119862,2023-2024,169,,150000.0,,,,,,0.0
10655,77423716,4648058,119862,2023-2024,170,,200000.0,,,,,,0.0
10656,77425841,4648058,119862,2023-2024,171,,200000.0,,,,,,0.0
10657,77436193,4648058,119862,2023-2024,172,,300000.0,,,,,,0.0
10658,77443631,4648058,119862,2023-2024,173,,300000.0,,,,,,0.0
10659,77446577,4648058,119862,2023-2024,174,,150000.0,,,,,,0.0
10660,77455533,4648058,119862,2023-2024,175,,150000.0,,,,,,0.0
10661,76623274,4648058,119862,2023-2024,176,,300000.0,,,,,,0.0
10662,82686347,4648058,119862,2023-2024,177,XV Finance Commission,144000.0,144000.0,144000.0,144000.0,,,22000.0
10663,75689985,4648058,119862,2023-2024,178,5TH STATE FINANCE COMMISSION,100000.0,100000.0,100000.0,100000.0,,,99930.0
10664,75689370,4648058,119862,2023-2024,179,5TH STATE FINANCE COMMISSION,100000.0,100000.0,100000.0,100000.0,,,99895.0
10665,75695666,4648058,119862,2023-2024,180,XV Finance Commission,100058.0,100058.0,100058.0,100058.0,,,100058.0
10666,75688119,4648058,119862,2023-2024,181,XV Finance Commission,100000.0,100000.0,100000.0,100000.0,,,99830.0
10667,75685056,4648058,119862,2023-2024,182,XV Finance Commission,200000.0,200000.0,200000.0,200000.0,,,198010.0
10668,75691695,4648058,119862,2023-2024,183,5TH STATE FINANCE COMMISSION,50000.0,50000.0,50000.0,50000.0,,,49915.0
10669,82735919,4648058,119862,2023-2024,184,,700000.0,,,,,,0.0
10670,75683991,4648058,119862,2023-2024,185,XV Finance Commission,20000.0,20000.0,20000.0,20000.0,,,20000.0
10671,82692936,4648058,119862,2023-2024,186,XV Finance Commission,78043.0,78043.0,78043.0,78043.0,,,78043.0
10672,75682097,4648058,119862,2023-2024,187,XV Finance Commission,10000.0,10000.0,10000.0,10000.0,,,10000.0
10673,75676908,4648058,119862,2023-2024,188,XV Finance Commission,100000.0,100000.0,100000.0,100000.0,,,100000.0
10674,82684938,4648058,119862,2023-2024,189,XV Finance Commission,364498.0,364498.0,364498.0,364498.0,,,328569.0
10675,74994677,4648058,119862,2023-2024,190,XV Finance Commission,200000.0,200000.0,200000.0,200000.0,,,200000.0
10676,75696331,4648058,119862,2023-2024,191,5TH STATE FINANCE COMMISSION,100000.0,100000.0,100000.0,100000.0,,,100000.0
10677,75697056,4648058,119862,2023-2024,192,5TH STATE FINANCE COMMISSION,59240.0,59240.0,59240.0,59240.0,,,59240.0
10678,75694773,4648058,119862,2023-2024,193,5TH STATE FINANCE COMMISSION,100000.0,100000.0,100000.0,100000.0,,,100000.0
10679,75686754,4648058,119862,2023-2024,194,5TH STATE FINANCE COMMISSION,50000.0,50000.0,50000.0,50000.0,,,49805.0
10680,75692255,4648058,119862,2023-2024,195,5TH STATE FINANCE COMMISSION,100000.0,100000.0,100000.0,100000.0,,,99960.0
10681,100267172,5110996,119862,2024-2025,1,,,,,,,,0.0
10682,99990192,5110996,119862,2024-2025,2,,,,,,,,0.0
10683,101961208,5110996,119862,2024-2025,3,XV Finance Commission,421425.0,421425.0,421425.0,421425.0,,,421425.0
10684,100477366,5110996,119862,2024-2025,4,,,,,,,,0.0
10685,100478347,5110996,119862,2024-2025,5,,,,,,,,0.0
10686,100479642,5110996,119862,2024-2025,6,,,,,,,,0.0
10687,100500089,5110996,119862,2024-2025,7,,,,,,,,0.0
10688,100501167,5110996,119862,2024-2025,8,,,,,,,,0.0
10689,100500787,5110996,119862,2024-2025,9,,,,,,,,0.0
10690,100502135,5110996,119862,2024-2025,10,,,,,,,,0.0
10691,101258067,5110996,119862,2024-2025,11,,1000.0,,,,,,0.0
10692,101263982,5110996,119862,2024-2025,12,,1000.0,,,,,,0.0
10693,101267910,5110996,119862,2024-2025,13,,1000.0,,,,,,0.0
10694,101249219,5110996,119862,2024-2025,14,,1000.0,,,,,,0.0
10695,101259441,5110996,119862,2024-2025,15,,1000.0,,,,,,0.0
10696,101261177,5110996,119862,2024-2025,16,,1000.0,,,,,,0.0
10697,101238324,5110996,119862,2024-2025,17,,,,,,,,0.0
10698,101239111,5110996,119862,2024-2025,18,,,,,,,,0.0
10699,101240349,5110996,119862,2024-2025,19,,,,,,,,0.0
10700,101252383,5110996,119862,2024-2025,20,,1000.0,,,,,,0.0
10701,101241659,5110996,119862,2024-2025,21,,,,,,,,0.0
10702,101242905,5110996,119862,2024-2025,22,,,,,,,,0.0
10703,101265694,5110996,119862,2024-2025,23,,1000.0,,,,,,0.0
10704,101255549,5110996,119862,2024-2025,24,,1000.0,,,,,,0.0
10705,101256783,5110996,119862,2024-2025,25,,1000.0,,,,,,0.0
10706,101247644,5110996,119862,2024-2025,26,,1000.0,,,,,,0.0
10707,101289242,5110996,119862,2024-2025,27,,1000.0,,,,,,0.0
10708,101269850,5110996,119862,2024-2025,28,,1000.0,,,,,,0.0
10709,101271513,5110996,119862,2024-2025,29,,1000.0,,,,,,0.0
10710,101291968,5110996,119862,2024-2025,30,,1000.0,,,,,,0.0
10711,101274008,5110996,119862,2024-2025,31,,1000.0,,,,,,0.0
10712,101293492,5110996,119862,2024-2025,32,,1000.0,,,,,,0.0
10713,101295547,5110996,119862,2024-2025,33,,1000.0,,,,,,0.0
10714,101279663,5110996,119862,2024-2025,34,,1000.0,,,,,,0.0
10715,101281123,5110996,119862,2024-2025,35,,1000.0,,,,,,0.0
10716,101282444,5110996,119862,2024-2025,36,,1000.0,,,,,,0.0
10717,101283676,5110996,119862,2024-2025,37,,1000.0,,,,,,0.0
10718,101286713,5110996,119862,2024-2025,38,,1000.0,,,,,,0.0
10719,101288120,5110996,119862,2024-2025,39,,1000.0,,,,,,0.0
10720,101369846,5110996,119862,2024-2025,40,,1000.0,,,,,,0.0
10721,101371352,5110996,119862,2024-2025,41,,1000.0,,,,,,0.0
10722,101374117,5110996,119862,2024-2025,42,,1000.0,,,,,,0.0
10723,101375299,5110996,119862,2024-2025,43,,1000.0,,,,,,0.0
10724,101376133,5110996,119862,2024-2025,44,,1000.0,,,,,,0.0
10725,101376959,5110996,119862,2024-2025,45,,1000.0,,,,,,0.0
10726,101377974,5110996,119862,2024-2025,46,,1000.0,,,,,,0.0
10727,99699423,5110996,119862,2024-2025,47,,,,,,,,0.0
10728,99706929,5110996,119862,2024-2025,48,,,,,,,,0.0
10729,99714732,5110996,119862,2024-2025,49,,,,,,,,0.0
10730,99846820,5110996,119862,2024-2025,50,,,,,,,,0.0
10731,99847593,5110996,119862,2024-2025,51,,,,,,,,0.0
10732,99848312,5110996,119862,2024-2025,52,,,,,,,,0.0
10733,99848967,5110996,119862,2024-2025,53,,,,,,,,0.0
10734,99849683,5110996,119862,2024-2025,54,,,,,,,,0.0
10735,99852856,5110996,119862,2024-2025,55,,,,,,,,0.0
10736,99853795,5110996,119862,2024-2025,56,,,,,,,,0.0
10737,99859575,5110996,119862,2024-2025,57,,,,,,,,0.0
10738,99861580,5110996,119862,2024-2025,58,,,,,,,,0.0
10739,99862808,5110996,119862,2024-2025,59,,,,,,,,0.0
10740,99864336,5110996,119862,2024-2025,60,,,,,,,,0.0
10741,99865380,5110996,119862,2024-2025,61,,,,,,,,0.0
10742,99876202,5110996,119862,2024-2025,62,,,,,,,,0.0
10743,99878169,5110996,119862,2024-2025,63,,,,,,,,0.0
10744,99879347,5110996,119862,2024-2025,64,,,,,,,,0.0
10745,99884996,5110996,119862,2024-2025,65,,,,,,,,0.0
10746,99887562,5110996,119862,2024-2025,66,,,,,,,,0.0
10747,99888617,5110996,119862,2024-2025,67,,,,,,,,0.0
10748,99913852,5110996,119862,2024-2025,68,,,,,,,,0.0
10749,99914071,5110996,119862,2024-2025,69,,,,,,,,0.0
10750,99914378,5110996,119862,2024-2025,70,,,,,,,,0.0
10751,99915075,5110996,119862,2024-2025,71,,,,,,,,0.0
10752,99915324,5110996,119862,2024-2025,72,,,,,,,,0.0
10753,99915601,5110996,119862,2024-2025,73,,,,,,,,0.0
10754,99916340,5110996,119862,2024-2025,74,,,,,,,,0.0
10755,99917464,5110996,119862,2024-2025,75,,,,,,,,0.0
10756,99918199,5110996,119862,2024-2025,76,,,,,,,,0.0
10757,99919192,5110996,119862,2024-2025,77,,,,,,,,0.0
10758,99928846,5110996,119862,2024-2025,78,,,,,,,,0.0
10759,99929987,5110996,119862,2024-2025,79,,,,,,,,0.0
10760,99930402,5110996,119862,2024-2025,80,,,,,,,,0.0
10761,99931254,5110996,119862,2024-2025,81,,,,,,,,0.0
10762,99962468,5110996,119862,2024-2025,82,,,,,,,,0.0
10763,99965107,5110996,119862,2024-2025,83,,,,,,,,0.0
10764,99967265,5110996,119862,2024-2025,84,,,,,,,,0.0
10765,99968294,5110996,119862,2024-2025,85,,,,,,,,0.0
10766,99970565,5110996,119862,2024-2025,86,,,,,,,,0.0
10767,99973458,5110996,119862,2024-2025,87,,,,,,,,0.0
10768,99974521,5110996,119862,2024-2025,88,,,,,,,,0.0
10769,99976226,5110996,119862,2024-2025,89,,,,,,,,0.0
10770,99980509,5110996,119862,2024-2025,90,,,,,,,,0.0
10771,99981684,5110996,119862,2024-2025,91,,,,,,,,0.0
10772,99982484,5110996,119862,2024-2025,92,,,,,,,,0.0
10773,99984037,5110996,119862,2024-2025,93,,,,,,,,0.0
10774,99985337,5110996,119862,2024-2025,94,,,,,,,,0.0
10775,99986177,5110996,119862,2024-2025,95,,,,,,,,0.0
10776,99990211,5110996,119862,2024-2025,96,,,,,,,,0.0
10777,100006786,5110996,119862,2024-2025,97,,,,,,,,0.0
10778,100007763,5110996,119862,2024-2025,98,,,,,,,,0.0
10779,100008394,5110996,119862,2024-2025,99,,,,,,,,0.0
10780,100009135,5110996,119862,2024-2025,100,,,,,,,,0.0
10781,100010527,5110996,119862,2024-2025,101,,,,,,,,0.0
10782,100011560,5110996,119862,2024-2025,102,,,,,,,,0.0
10783,100012836,5110996,119862,2024-2025,103,,,,,,,,0.0
10784,100013277,5110996,119862,2024-2025,104,,,,,,,,0.0
10785,100014295,5110996,119862,2024-2025,105,,,,,,,,0.0
10786,100018151,5110996,119862,2024-2025,106,,,,,,,,0.0
10787,100018822,5110996,119862,2024-2025,107,,,,,,,,0.0
10788,100021390,5110996,119862,2024-2025,108,,,,,,,,0.0
10789,100022218,5110996,119862,2024-2025,109,,,,,,,,0.0
10790,100023516,5110996,119862,2024-2025,110,,,,,,,,0.0
10791,100025012,5110996,119862,2024-2025,111,,,,,,,,0.0
10792,101965711,5110996,119862,2024-2025,112,,30000.0,,,,,,0.0
10793,101961640,5110996,119862,2024-2025,113,XV Finance Commission,299250.0,299250.0,299250.0,299250.0,,,41500.0
10794,101963725,5110996,119862,2024-2025,114,XV Finance Commission,30000.0,30000.0,30000.0,30000.0,,,30000.0
10795,101966508,5110996,119862,2024-2025,115,,75000.0,,,,,,0.0
10796,101962142,5110996,119862,2024-2025,116,XV Finance Commission,30000.0,30000.0,30000.0,30000.0,,,30000.0
10797,101964522,5110996,119862,2024-2025,117,XV Finance Commission,120000.0,120000.0,120000.0,120000.0,,,120000.0
10798,101963329,5110996,119862,2024-2025,118,XV Finance Commission,90000.0,90000.0,90000.0,90000.0,,,89770.0
10799,101972280,5110996,119862,2024-2025,119,,100000.0,,,,,,0.0
10800,101974189,5110996,119862,2024-2025,120,XV Finance Commission,150000.0,150000.0,150000.0,150000.0,,,149850.0
10801,101975592,5110996,119862,2024-2025,121,,100000.0,,,,,,0.0
10802,101978613,5110996,119862,2024-2025,122,XV Finance Commission,200000.0,200000.0,200000.0,200000.0,,,199560.0
10803,101985538,5110996,119862,2024-2025,123,,100000.0,,,,,,0.0
10804,101987736,5110996,119862,2024-2025,124,,6000.0,,,,,,0.0
10805,101988985,5110996,119862,2024-2025,125,,8000.0,,,,,,0.0
10806,101991246,5110996,119862,2024-2025,126,5TH STATE FINANCE COMMISSION,50000.0,50000.0,50000.0,50000.0,,,50000.0
10807,101988599,5110996,119862,2024-2025,127,,18000.0,,,,,,0.0
10808,103914541,5110996,119862,2024-2025,128,,63000.0,,,,,,0.0
10809,103917229,5110996,119862,2024-2025,129,,3500.0,,,,,,0.0
10810,103917726,5110996,119862,2024-2025,130,,3500.0,,,,,,0.0
10811,101253812,5110996,119862,2024-2025,131,,1000.0,,,,,,0.0
10812,101266831,5110996,119862,2024-2025,132,,1000.0,,,,,,0.0
10813,101285326,5110996,119862,2024-2025,133,,1000.0,,,,,,0.0
10814,101250569,5110996,119862,2024-2025,134,,1000.0,,,,,,0.0
10815,99915918,5110996,119862,2024-2025,135,,,,,,,,0.0
10816,100490581,5110996,119862,2024-2025,136,,,,,,,,0.0
10817,100490819,5110996,119862,2024-2025,137,,,,,,,,0.0
10818,100486007,5110996,119862,2024-2025,138,,,,,,,,0.0
10819,100486421,5110996,119862,2024-2025,139,,,,,,,,0.0
10820,100486797,5110996,119862,2024-2025,140,,,,,,,,0.0
10821,100487471,5110996,119862,2024-2025,141,,,,,,,,0.0
10822,100491259,5110996,119862,2024-2025,142,,,,,,,,0.0
10823,99845860,5110996,119862,2024-2025,143,,,,,,,,0.0
10824,99850435,5110996,119862,2024-2025,144,,,,,,,,0.0
10825,99855517,5110996,119862,2024-2025,145,,,,,,,,0.0
10826,99886827,5110996,119862,2024-2025,146,,,,,,,,0.0
10827,99914212,5110996,119862,2024-2025,147,,,,,,,,0.0
10828,99914534,5110996,119862,2024-2025,148,,,,,,,,0.0
10829,99914841,5110996,119862,2024-2025,149,,,,,,,,0.0
10830,99917054,5110996,119862,2024-2025,150,,,,,,,,0.0
10831,99918742,5110996,119862,2024-2025,151,,,,,,,,0.0
10832,99919989,5110996,119862,2024-2025,152,,,,,,,,0.0
10833,99929287,5110996,119862,2024-2025,153,,,,,,,,0.0
10834,100010992,5110996,119862,2024-2025,154,,,,,,,,0.0
10835,100012293,5110996,119862,2024-2025,155,,,,,,,,0.0
10836,100480197,5110996,119862,2024-2025,156,,,,,,,,0.0
10837,100480549,5110996,119862,2024-2025,157,,,,,,,,0.0
10838,100480832,5110996,119862,2024-2025,158,,,,,,,,0.0
10839,100484734,5110996,119862,2024-2025,159,,,,,,,,0.0
10840,100485308,5110996,119862,2024-2025,160,,,,,,,,0.0
10841,100479251,5110996,119862,2024-2025,161,,,,,,,,0.0
10842,100479952,5110996,119862,2024-2025,162,,,,,,,,0.0
10843,100485591,5110996,119862,2024-2025,163,,,,,,,,0.0
10844,100477102,5110996,119862,2024-2025,164,,,,,,,,0.0
10845,100477888,5110996,119862,2024-2025,165,,,,,,,,0.0
10846,100478642,5110996,119862,2024-2025,166,,,,,,,,0.0
10847,100479017,5110996,119862,2024-2025,167,,,,,,,,0.0
10848,100474711,5110996,119862,2024-2025,168,,,,,,,,0.0
10849,100475288,5110996,119862,2024-2025,169,,,,,,,,0.0
10850,100319114,5110996,119862,2024-2025,170,,,,,,,,0.0
10851,99979225,5110996,119862,2024-2025,171,,,,,,,,0.0
10852,99979258,5110996,119862,2024-2025,172,,,,,,,,0.0
10853,99979270,5110996,119862,2024-2025,173,,,,,,,,0.0
10854,100314004,5110996,119862,2024-2025,174,,,,,,,,0.0
10855,100314277,5110996,119862,2024-2025,175,,,,,,,,0.0
10856,100315114,5110996,119862,2024-2025,176,,,,,,,,0.0
10857,100316743,5110996,119862,2024-2025,177,,,,,,,,0.0
10858,100317160,5110996,119862,2024-2025,178,,,,,,,,0.0
10859,100280967,5110996,119862,2024-2025,179,,,,,,,,0.0
10860,100281450,5110996,119862,2024-2025,180,,,,,,,,0.0
10861,100313189,5110996,119862,2024-2025,181,,,,,,,,0.0
10862,100260254,5110996,119862,2024-2025,182,,,,,,,,0.0
10863,100260574,5110996,119862,2024-2025,183,,,,,,,,0.0
10864,100261147,5110996,119862,2024-2025,184,,,,,,,,0.0
10865,100261447,5110996,119862,2024-2025,185,,,,,,,,0.0
10866,100262041,5110996,119862,2024-2025,186,,,,,,,,0.0
10867,100262351,5110996,119862,2024-2025,187,,,,,,,,0.0
10868,100262858,5110996,119862,2024-2025,188,,,,,,,,0.0
10869,100263522,5110996,119862,2024-2025,189,,,,,,,,0.0
10870,99987253,5110996,119862,2024-2025,190,,,,,,,,0.0
10871,99989005,5110996,119862,2024-2025,191,,,,,,,,0.0
10872,99932054,5110996,119862,2024-2025,192,,,,,,,,0.0
10873,100273676,5110996,119862,2024-2025,193,,,,,,,,0.0
10874,100274558,5110996,119862,2024-2025,194,,,,,,,,0.0
10875,100275413,5110996,119862,2024-2025,195,,,,,,,,0.0
10876,100491624,5110996,119862,2024-2025,196,,,,,,,,0.0
10877,99963148,5110996,119862,2024-2025,197,,,,,,,,0.0
10878,99972396,5110996,119862,2024-2025,198,,,,,,,,0.0
10879,100013756,5110996,119862,2024-2025,199,,,,,,,,0.0
10880,100022910,5110996,119862,2024-2025,200,,,,,,,,0.0
10881,100258289,5110996,119862,2024-2025,201,,,,,,,,0.0
10882,100259209,5110996,119862,2024-2025,202,,,,,,,,0.0
10883,100259954,5110996,119862,2024-2025,203,,,,,,,,0.0
10884,100263850,5110996,119862,2024-2025,204,,,,,,,,0.0
10885,100266601,5110996,119862,2024-2025,205,,,,,,,,0.0
10886,100268259,5110996,119862,2024-2025,206,,,,,,,,0.0
10887,100268648,5110996,119862,2024-2025,207,,,,,,,,0.0
10888,100269388,5110996,119862,2024-2025,208,,,,,,,,0.0
10889,100270070,5110996,119862,2024-2025,209,,,,,,,,0.0
10890,100270495,5110996,119862,2024-2025,210,,,,,,,,0.0
10891,100271130,5110996,119862,2024-2025,211,,,,,,,,0.0
10892,100271519,5110996,119862,2024-2025,212,,,,,,,,0.0
10893,100271986,5110996,119862,2024-2025,213,,,,,,,,0.0
10894,100272494,5110996,119862,2024-2025,214,,,,,,,,0.0
10895,101290484,5110996,119862,2024-2025,215,,1000.0,,,,,,0.0
10896,101372857,5110996,119862,2024-2025,216,,1000.0,,,,,,0.0
10897,103934454,5110996,119862,2024-2025,217,,,,,,,,0.0
10898,100277605,5110996,119862,2024-2025,218,,,,,,,,0.0
10899,100278014,5110996,119862,2024-2025,219,,,,,,,,0.0
10900,100278392,5110996,119862,2024-2025,220,,,,,,,,0.0
10901,100279365,5110996,119862,2024-2025,221,,,,,,,,0.0
10902,103935818,5110996,119862,2024-2025,222,,,,,,,,0.0
10903,100258782,5110996,119862,2024-2025,223,,,,,,,,0.0
10904,100273090,5110996,119862,2024-2025,224,,,,,,,,0.0
10905,100276077,5110996,119862,2024-2025,225,,,,,,,,0.0
10906,100276561,5110996,119862,2024-2025,226,,,,,,,,0.0
10907,100277084,5110996,119862,2024-2025,227,,,,,,,,0.0
10908,100278865,5110996,119862,2024-2025,228,,,,,,,,0.0
10909,101275808,5110996,119862,2024-2025,229,,1000.0,,,,,,0.0
10910,100280144,5110996,119862,2024-2025,230,,,,,,,,0.0
10911,100280465,5110996,119862,2024-2025,231,,,,,,,,0.0
10912,100317476,5110996,119862,2024-2025,232,,,,,,,,0.0
10913,100317862,5110996,119862,2024-2025,233,,,,,,,,0.0
10914,100318346,5110996,119862,2024-2025,234,,,,,,,,0.0
10915,100318756,5110996,119862,2024-2025,235,,,,,,,,0.0
10916,100475678,5110996,119862,2024-2025,236,,,,,,,,0.0
10917,100476136,5110996,119862,2024-2025,237,,,,,,,,0.0
10918,100476428,5110996,119862,2024-2025,238,,,,,,,,0.0
10919,100493306,5110996,119862,2024-2025,239,,,,,,,,0.0
10920,100493652,5110996,119862,2024-2025,240,,,,,,,,0.0
10921,100494462,5110996,119862,2024-2025,241,,,,,,,,0.0
10922,100494948,5110996,119862,2024-2025,242,,,,,,,,0.0
10923,100495174,5110996,119862,2024-2025,243,,,,,,,,0.0
10924,100495542,5110996,119862,2024-2025,244,,,,,,,,0.0
10925,100495861,5110996,119862,2024-2025,245,,,,,,,,0.0
10926,100496370,5110996,119862,2024-2025,246,,,,,,,,0.0
10927,100496850,5110996,119862,2024-2025,247,,,,,,,,0.0
10928,100497298,5110996,119862,2024-2025,248,,,,,,,,0.0
10929,100499787,5110996,119862,2024-2025,249,,,,,,,,0.0
10930,100500433,5110996,119862,2024-2025,250,,,,,,,,0.0
10931,100501680,5110996,119862,2024-2025,251,,,,,,,,0.0
10932,101984194,5110996,119862,2024-2025,252,5TH STATE FINANCE COMMISSION,500000.0,500000.0,500000.0,500000.0,,,500000.0
10933,101971795,5110996,119862,2024-2025,253,XV Finance Commission,50900.0,50900.0,50900.0,50900.0,,,50740.0
10934,101973374,5110996,119862,2024-2025,254,XV Finance Commission,100000.0,100000.0,100000.0,100000.0,,,100000.0
10935,103931690,5110996,119862,2024-2025,255,5TH STATE FINANCE COMMISSION,35600.0,35600.0,35600.0,35600.0,,,35000.0
10936,101984898,5110996,119862,2024-2025,256,5TH STATE FINANCE COMMISSION,100000.0,100000.0,100000.0,100000.0,,,100000.0
10937,101976266,5110996,119862,2024-2025,257,XV Finance Commission,100000.0,100000.0,100000.0,100000.0,,,100000.0
10938,101986558,5110996,119862,2024-2025,258,5TH STATE FINANCE COMMISSION,100000.0,100000.0,100000.0,100000.0,,,99710.0
10939,101972792,5110996,119862,2024-2025,259,XV Finance Commission,100000.0,100000.0,100000.0,100000.0,,,99960.0
10940,101976912,5110996,119862,2024-2025,260,XV Finance Commission,100000.0,100000.0,100000.0,100000.0,,,99895.0
10941,101967417,5110996,119862,2024-2025,261,XV Finance Commission,50000.0,50000.0,50000.0,50000.0,,,49950.0
10942,101968586,5110996,119862,2024-2025,262,XV Finance Commission,100000.0,100000.0,100000.0,100000.0,,,99675.0
10943,101962720,5110996,119862,2024-2025,263,XV Finance Commission,185675.0,185675.0,185675.0,185675.0,,,185675.0
10944,101987227,5110996,119862,2024-2025,264,5TH STATE FINANCE COMMISSION,100000.0,100000.0,100000.0,100000.0,,,99725.0
10945,123923256,5538608,119862,2025-2026,1,5TH STATE FINANCE COMMISSION,47229.0,47229.0,47229.0,47229.0,,,38642.0
10946,124062980,5538608,119862,2025-2026,2,XV Finance Commission,17511.0,17511.0,17511.0,17511.0,,,15759.0
10947,124063012,5538608,119862,2025-2026,3,XV Finance Commission,14465.0,14465.0,14465.0,14465.0,,,13000.0
10948,115478004,5538608,119862,2025-2026,4,,,,,,,,0.0
10949,115473258,5538608,119862,2025-2026,5,,,,,,,,0.0
10950,118137766,5538608,119862,2025-2026,6,,,,,,,,0.0
10951,118180362,5538608,119862,2025-2026,7,,,,,,,,0.0
10952,118211047,5538608,119862,2025-2026,8,,,,,,,,0.0
10953,118211978,5538608,119862,2025-2026,9,,,,,,,,0.0
10954,118193780,5538608,119862,2025-2026,10,,,,,,,,0.0
10955,118194657,5538608,119862,2025-2026,11,,,,,,,,0.0
10956,118195882,5538608,119862,2025-2026,12,,,,,,,,0.0
10957,118199472,5538608,119862,2025-2026,13,,,,,,,,0.0
10958,118200537,5538608,119862,2025-2026,14,,,,,,,,0.0
10959,118210048,5538608,119862,2025-2026,15,,,,,,,,0.0
10960,118212658,5538608,119862,2025-2026,16,,,,,,,,0.0
10961,118214397,5538608,119862,2025-2026,17,,,,,,,,0.0
10962,118232435,5538608,119862,2025-2026,18,,,,,,,,0.0
10963,118234288,5538608,119862,2025-2026,19,,,,,,,,0.0
10964,118232765,5538608,119862,2025-2026,20,,,,,,,,0.0
10965,118233080,5538608,119862,2025-2026,21,,,,,,,,0.0
10966,118233534,5538608,119862,2025-2026,22,,,,,,,,0.0
10967,118227617,5538608,119862,2025-2026,23,,,,,,,,0.0
10968,118228439,5538608,119862,2025-2026,24,,,,,,,,0.0
10969,118231189,5538608,119862,2025-2026,25,,,,,,,,0.0
10970,118231569,5538608,119862,2025-2026,26,,,,,,,,0.0
10971,118235842,5538608,119862,2025-2026,27,,,,,,,,0.0
10972,118424272,5538608,119862,2025-2026,28,,,,,,,,0.0
10973,118405815,5538608,119862,2025-2026,29,,,,,,,,0.0
10974,118406955,5538608,119862,2025-2026,30,,,,,,,,0.0
10975,118407297,5538608,119862,2025-2026,31,,,,,,,,0.0
10976,118424742,5538608,119862,2025-2026,32,,,,,,,,0.0
10977,118422595,5538608,119862,2025-2026,33,,,,,,,,0.0
10978,118422789,5538608,119862,2025-2026,34,,,,,,,,0.0
10979,118422956,5538608,119862,2025-2026,35,,,,,,,,0.0
10980,118424453,5538608,119862,2025-2026,36,,,,,,,,0.0
10981,118423917,5538608,119862,2025-2026,37,,,,,,,,0.0
10982,118423594,5538608,119862,2025-2026,38,,,,,,,,0.0
10983,118425948,5538608,119862,2025-2026,39,,,,,,,,0.0
10984,118679372,5538608,119862,2025-2026,40,,,,,,,,0.0
10985,118673883,5538608,119862,2025-2026,41,,,,,,,,0.0
10986,118674262,5538608,119862,2025-2026,42,,,,,,,,0.0
10987,118674984,5538608,119862,2025-2026,43,,,,,,,,0.0
10988,118669187,5538608,119862,2025-2026,44,,,,,,,,0.0
10989,118678030,5538608,119862,2025-2026,45,,,,,,,,0.0
10990,118678632,5538608,119862,2025-2026,46,,,,,,,,0.0
10991,118699129,5538608,119862,2025-2026,47,,,,,,,,0.0
10992,118699527,5538608,119862,2025-2026,48,,,,,,,,0.0
10993,118700061,5538608,119862,2025-2026,49,,,,,,,,0.0
10994,118700523,5538608,119862,2025-2026,50,,,,,,,,0.0
10995,118700996,5538608,119862,2025-2026,51,,,,,,,,0.0
10996,123924140,5538608,119862,2025-2026,52,XV Finance Commission,69788.0,69788.0,69788.0,69788.0,,,69788.0
10997,124198853,5538608,119862,2025-2026,53,XV Finance Commission,18018.0,18018.0,18018.0,18018.0,,,18018.0
10998,124110771,5538608,119862,2025-2026,54,XV Finance Commission,17724.0,17724.0,17724.0,17724.0,,,17724.0
10999,124063566,5538608,119862,2025-2026,55,XV Finance Commission,111986.0,111986.0,111986.0,111986.0,,,111986.0
11000,123924180,5538608,119862,2025-2026,56,XV Finance Commission,52151.0,52151.0,52151.0,52151.0,,,52151.0
11001,119193979,5538608,119862,2025-2026,57,,,,,,,,0.0
11002,119194437,5538608,119862,2025-2026,58,,,,,,,,0.0
11003,119307559,5538608,119862,2025-2026,59,,,,,,,,0.0
11004,119310087,5538608,119862,2025-2026,60,,,,,,,,0.0
11005,119308549,5538608,119862,2025-2026,61,,,,,,,,0.0
11006,119308895,5538608,119862,2025-2026,62,,,,,,,,0.0
11007,119306973,5538608,119862,2025-2026,63,,,,,,,,0.0
11008,119307239,5538608,119862,2025-2026,64,,,,,,,,0.0
11009,119310576,5538608,119862,2025-2026,65,,,,,,,,0.0
11010,119311602,5538608,119862,2025-2026,66,,,,,,,,0.0
11011,119312106,5538608,119862,2025-2026,67,,,,,,,,0.0
11012,119312588,5538608,119862,2025-2026,68,,,,,,,,0.0
11013,115148911,5538608,119862,2025-2026,69,,,,,,,,0.0
11014,115169576,5538608,119862,2025-2026,70,,,,,,,,0.0
11015,123923707,5538608,119862,2025-2026,71,5TH STATE FINANCE COMMISSION,41027.0,41027.0,41027.0,41027.0,,,0.0
11016,123915455,5538608,119862,2025-2026,72,,808189.0,,,,,,0.0
11017,123923680,5538608,119862,2025-2026,73,5TH STATE FINANCE COMMISSION,55835.0,55835.0,55835.0,55835.0,,,54779.0
11018,123923892,5538608,119862,2025-2026,74,XV Finance Commission,150000.0,150000.0,150000.0,150000.0,,,150000.0
11019,123924019,5538608,119862,2025-2026,75,,17777.0,,,,,,0.0
11020,123924047,5538608,119862,2025-2026,76,,161783.0,,,,,,0.0
11021,123939591,5538608,119862,2025-2026,77,,90010.0,,,,,,0.0
11022,123939871,5538608,119862,2025-2026,78,,116632.0,,,,,,0.0
11023,123940050,5538608,119862,2025-2026,79,,191430.0,,,,,,0.0
11024,123940200,5538608,119862,2025-2026,80,,260522.0,,,,,,0.0
11025,123940404,5538608,119862,2025-2026,81,,268762.0,,,,,,0.0
11026,123940498,5538608,119862,2025-2026,82,,348630.0,,,,,,0.0
11027,123940619,5538608,119862,2025-2026,83,,349264.0,,,,,,0.0
11028,123940809,5538608,119862,2025-2026,84,,383493.0,,,,,,0.0
11029,123933112,5538608,119862,2025-2026,85,,23931.0,,,,,,0.0
11030,123983102,5538608,119862,2025-2026,86,,,,,,,,0.0
11031,123983163,5538608,119862,2025-2026,87,,,,,,,,0.0
11032,123983243,5538608,119862,2025-2026,88,,,,,,,,0.0
11033,123983289,5538608,119862,2025-2026,89,,,,,,,,0.0
11034,115155007,5538608,119862,2025-2026,90,,,,,,,,0.0
11035,115163502,5538608,119862,2025-2026,91,,,,,,,,0.0
11036,123923537,5538608,119862,2025-2026,92,,100000.0,,,,,,0.0
11037,124062766,5538608,119862,2025-2026,93,XV Finance Commission,57576.0,57576.0,57576.0,57576.0,,,57524.0
11038,124063091,5538608,119862,2025-2026,94,,29369.0,,,,,,0.0
11039,124062800,5538608,119862,2025-2026,95,XV Finance Commission,52437.0,52737.0,52437.0,52437.0,,,52437.0
11040,124062946,5538608,119862,2025-2026,96,XV Finance Commission,39114.0,39114.0,39114.0,39114.0,,,23611.0
11041,124062668,5538608,119862,2025-2026,97,XV Finance Commission,313291.0,313291.0,313291.0,313291.0,,,313224.0
11042,124063621,5538608,119862,2025-2026,98,,121338.0,,,,,,0.0
11043,124063660,5538608,119862,2025-2026,99,,57576.0,,,,,,0.0
11044,124063741,5538608,119862,2025-2026,100,,52437.0,,,,,,0.0
11045,124063771,5538608,119862,2025-2026,101,,35577.0,,,,,,0.0
11046,124063854,5538608,119862,2025-2026,102,,20000.0,,,,,,0.0
11047,124063944,5538608,119862,2025-2026,103,,8740.0,,,,,,0.0
11048,124063995,5538608,119862,2025-2026,104,,4495.0,,,,,,0.0
11049,124064039,5538608,119862,2025-2026,105,,40350.0,,,,,,0.0
11050,124064142,5538608,119862,2025-2026,106,,17510.0,,,,,,0.0
11051,124064202,5538608,119862,2025-2026,107,,14465.0,,,,,,0.0
11052,124064250,5538608,119862,2025-2026,108,,9649.0,,,,,,0.0
11053,124064394,5538608,119862,2025-2026,109,XV Finance Commission,201305.0,201305.0,201305.0,201305.0,,,201296.0
11054,124064742,5538608,119862,2025-2026,110,,3081.0,,,,,,0.0
11055,124066269,5538608,119862,2025-2026,111,,,,,,,,0.0
11056,124066398,5538608,119862,2025-2026,112,,,,,,,,0.0
11057,124063804,5538608,119862,2025-2026,113,,21260.0,,,,,,0.0
11058,124197120,5538608,119862,2025-2026,114,5TH STATE FINANCE COMMISSION,36001.0,36001.0,36001.0,36001.0,,,27370.0
11059,124210379,5538608,119862,2025-2026,115,,837.0,,,,,,0.0
11060,124197813,5538608,119862,2025-2026,116,,24996.0,,,,,,0.0
11061,124204120,5538608,119862,2025-2026,117,,,,,,,,0.0
11062,124204160,5538608,119862,2025-2026,118,,,,,,,,0.0
11063,124204307,5538608,119862,2025-2026,119,,,,,,,,0.0
11064,124198272,5538608,119862,2025-2026,120,,74718.0,,,,,,0.0
11065,123933436,5538608,119862,2025-2026,121,,1004.0,,,,,,0.0
11066,124198188,5538608,119862,2025-2026,122,,74854.0,,,,,,0.0
11067,124213236,5538608,119862,2025-2026,123,,1000.0,,,,,,0.0
11068,124198596,5538608,119862,2025-2026,124,XV Finance Commission,23347.0,23347.0,23347.0,23347.0,,,23347.0
11069,118557848,5538608,119862,2025-2026,125,,,,,,,,0.0
11070,123982439,5538608,119862,2025-2026,126,,,,,,,,0.0
11071,124210356,5538608,119862,2025-2026,127,,500.0,,,,,,0.0
11072,124210413,5538608,119862,2025-2026,128,,1032.0,,,,,,0.0
11073,124201918,5538608,119862,2025-2026,129,,20649.0,,,,,,0.0
11074,124213442,5538608,119862,2025-2026,130,,1000.0,,,,,,0.0
11075,123933932,5538608,119862,2025-2026,131,,1194.0,,,,,,0.0
11076,118197914,5538608,119862,2025-2026,132,,,,,,,,0.0
11077,118201562,5538608,119862,2025-2026,133,,,,,,,,0.0
11078,118202370,5538608,119862,2025-2026,134,,,,,,,,0.0
11079,118203271,5538608,119862,2025-2026,135,,,,,,,,0.0
11080,118210505,5538608,119862,2025-2026,136,,,,,,,,0.0
11081,118211436,5538608,119862,2025-2026,137,,,,,,,,0.0
11082,118213030,5538608,119862,2025-2026,138,,,,,,,,0.0
11083,118213388,5538608,119862,2025-2026,139,,,,,,,,0.0
11084,118229270,5538608,119862,2025-2026,140,,,,,,,,0.0
11085,118229760,5538608,119862,2025-2026,141,,,,,,,,0.0
11086,118673416,5538608,119862,2025-2026,142,,,,,,,,0.0
11087,124198045,5538608,119862,2025-2026,143,,173211.0,,,,,,0.0
11088,124198526,5538608,119862,2025-2026,144,,38320.0,,,,,,0.0
11089,124198778,5538608,119862,2025-2026,145,,19287.0,,,,,,0.0
11090,124203018,5538608,119862,2025-2026,146,,,,,,,,0.0
11091,114680251,5538608,119862,2025-2026,147,,,,,,,,0.0
11092,118136892,5538608,119862,2025-2026,148,,,,,,,,0.0
11093,118173962,5538608,119862,2025-2026,149,,,,,,,,0.0
11094,118174725,5538608,119862,2025-2026,150,,,,,,,,0.0
11095,118176129,5538608,119862,2025-2026,151,,,,,,,,0.0
11096,118184500,5538608,119862,2025-2026,152,,,,,,,,0.0
11097,118185420,5538608,119862,2025-2026,153,,,,,,,,0.0
11098,118190458,5538608,119862,2025-2026,154,,,,,,,,0.0
11099,118193350,5538608,119862,2025-2026,155,,,,,,,,0.0
11100,118194978,5538608,119862,2025-2026,156,,,,,,,,0.0
11101,118195391,5538608,119862,2025-2026,157,,,,,,,,0.0
11102,118196309,5538608,119862,2025-2026,158,,,,,,,,0.0
11103,118198348,5538608,119862,2025-2026,159,,,,,,,,0.0
11104,118199902,5538608,119862,2025-2026,160,,,,,,,,0.0
11105,118201109,5538608,119862,2025-2026,161,,,,,,,,0.0
11106,118202810,5538608,119862,2025-2026,162,,,,,,,,0.0
11107,118203695,5538608,119862,2025-2026,163,,,,,,,,0.0
11108,118209220,5538608,119862,2025-2026,164,,,,,,,,0.0
11109,118209711,5538608,119862,2025-2026,165,,,,,,,,0.0
11110,118212328,5538608,119862,2025-2026,166,,,,,,,,0.0
11111,118213730,5538608,119862,2025-2026,167,,,,,,,,0.0
11112,118214028,5538608,119862,2025-2026,168,,,,,,,,0.0
11113,118228055,5538608,119862,2025-2026,169,,,,,,,,0.0
11114,118228753,5538608,119862,2025-2026,170,,,,,,,,0.0
11115,118230112,5538608,119862,2025-2026,171,,,,,,,,0.0
11116,118231837,5538608,119862,2025-2026,172,,,,,,,,0.0
11117,118232165,5538608,119862,2025-2026,173,,,,,,,,0.0
11118,118233965,5538608,119862,2025-2026,174,,,,,,,,0.0
11119,118234702,5538608,119862,2025-2026,175,,,,,,,,0.0
11120,118235582,5538608,119862,2025-2026,176,,,,,,,,0.0
11121,118405435,5538608,119862,2025-2026,177,,,,,,,,0.0
11122,118406153,5538608,119862,2025-2026,178,,,,,,,,0.0
11123,118423375,5538608,119862,2025-2026,179,,,,,,,,0.0
11124,118423759,5538608,119862,2025-2026,180,,,,,,,,0.0
11125,118424060,5538608,119862,2025-2026,181,,,,,,,,0.0
11126,118424858,5538608,119862,2025-2026,182,,,,,,,,0.0
11127,118425040,5538608,119862,2025-2026,183,,,,,,,,0.0
11128,118425246,5538608,119862,2025-2026,184,,,,,,,,0.0
11129,118666736,5538608,119862,2025-2026,185,,,,,,,,0.0
11130,118668124,5538608,119862,2025-2026,186,,,,,,,,0.0
11131,118669968,5538608,119862,2025-2026,187,,,,,,,,0.0
11132,118670808,5538608,119862,2025-2026,188,,,,,,,,0.0
11133,118676047,5538608,119862,2025-2026,189,,,,,,,,0.0
11134,118676455,5538608,119862,2025-2026,190,,,,,,,,0.0
11135,118677446,5538608,119862,2025-2026,191,,,,,,,,0.0
11136,118680682,5538608,119862,2025-2026,192,,,,,,,,0.0
11137,118681320,5538608,119862,2025-2026,193,,,,,,,,0.0
11138,118690850,5538608,119862,2025-2026,194,,,,,,,,0.0
11139,118691799,5538608,119862,2025-2026,195,,,,,,,,0.0
11140,119304621,5538608,119862,2025-2026,196,,,,,,,,0.0
11141,119308224,5538608,119862,2025-2026,197,,,,,,,,0.0
11142,123923992,5538608,119862,2025-2026,198,XV Finance Commission,150000.0,150000.0,150000.0,150000.0,,,150000.0
11143,119309771,5538608,119862,2025-2026,199,,,,,,,,0.0
11144,123924066,5538608,119862,2025-2026,200,XV Finance Commission,76767.0,76767.0,76767.0,76767.0,,,76767.0
11145,119311096,5538608,119862,2025-2026,201,,,,,,,,0.0
11146,123914903,5538608,119862,2025-2026,202,,700000.0,,,,,,0.0
11147,123915074,5538608,119862,2025-2026,203,,700000.0,,,,,,0.0
11148,123915275,5538608,119862,2025-2026,204,,686720.0,,,,,,0.0
11149,123923642,5538608,119862,2025-2026,205,,21600.0,,,,,,0.0
11150,123924087,5538608,119862,2025-2026,206,,69915.0,,,,,,0.0
11151,123941383,5538608,119862,2025-2026,207,,96348.0,,,,,,0.0
11152,124062726,5538608,119862,2025-2026,208,XV Finance Commission,121338.0,121338.0,121338.0,121338.0,,,53088.0
11153,124062840,5538608,119862,2025-2026,209,XV Finance Commission,52342.0,52342.0,52342.0,52342.0,,,52342.0
11154,124062881,5538608,119862,2025-2026,210,XV Finance Commission,40351.0,40351.0,40351.0,40351.0,,,30601.0
11155,123982824,5538608,119862,2025-2026,211,,,,,,,,0.0
11156,124063051,5538608,119862,2025-2026,212,XV Finance Commission,13514.0,13514.0,13514.0,13514.0,,,12162.0
11157,123983230,5538608,119862,2025-2026,213,,,,,,,,0.0
11158,123983307,5538608,119862,2025-2026,214,,,,,,,,0.0
11159,123983339,5538608,119862,2025-2026,215,,,,,,,,0.0
11160,124065208,5538608,119862,2025-2026,216,5TH STATE FINANCE COMMISSION,400000.0,400000.0,400000.0,400000.0,,,400000.0
11161,124110807,5538608,119862,2025-2026,217,XV Finance Commission,53800.0,53800.0,53800.0,53800.0,,,53800.0
11162,124064094,5538608,119862,2025-2026,218,,39113.0,,,,,,0.0
11163,124065071,5538608,119862,2025-2026,219,,3997.0,,,,,,0.0
11164,124198106,5538608,119862,2025-2026,220,,82190.0,,,,,,0.0
11165,124202740,5538608,119862,2025-2026,221,,,,,,,,0.0
11166,124202939,5538608,119862,2025-2026,222,,,,,,,,0.0
11167,124204200,5538608,119862,2025-2026,223,,,,,,,,0.0
11168,124204219,5538608,119862,2025-2026,224,,,,,,,,0.0
11169,124204247,5538608,119862,2025-2026,225,,,,,,,,0.0
11170,124205298,5538608,119862,2025-2026,226,,9266.0,,,,,,0.0
11171,124205749,5538608,119862,2025-2026,227,,1104.0,,,,,,0.0
11172,124205972,5538608,119862,2025-2026,228,,1000.0,,,,,,0.0
11173,124206009,5538608,119862,2025-2026,229,,1000.0,,,,,,0.0
11174,124206344,5538608,119862,2025-2026,230,,1000.0,,,,,,0.0
11175,124206481,5538608,119862,2025-2026,231,,1000.0,,,,,,0.0
11176,124210641,5538608,119862,2025-2026,232,,987.0,,,,,,0.0
11177,124213199,5538608,119862,2025-2026,233,,1000.0,,,,,,0.0
11178,124213287,5538608,119862,2025-2026,234,,1000.0,,,,,,0.0
11179,124205921,5538608,119862,2025-2026,235,,1000.0,,,,,,0.0
11180,124206193,5538608,119862,2025-2026,236,,1397.0,,,,,,0.0
11181,124202685,5538608,119862,2025-2026,237,,,,,,,,0.0
11182,124197299,5538608,119862,2025-2026,238,5TH STATE FINANCE COMMISSION,19290.0,19290.0,19290.0,19290.0,,,5992.0
11183,44717060,2835622,275075,2020-2021,1,Fourteen Finance Commission,42000.0,42000.0,42000.0,42000.0,,,42000.0
11184,44720919,2835622,275075,2020-2021,2,Fourteen Finance Commission,262370.0,262370.0,262370.0,262370.0,,,108730.0
11185,44720961,2835622,275075,2020-2021,3,Fourteen Finance Commission,80000.0,80000.0,80000.0,80000.0,,,0.0
11186,44714603,2835622,275075,2020-2021,4,Fourteen Finance Commission,30000.0,30000.0,30000.0,30000.0,,,30000.0
11187,44716724,2835622,275075,2020-2021,5,Fourteen Finance Commission,168000.0,168000.0,168000.0,168000.0,,,168000.0
11188,44714612,2835622,275075,2020-2021,6,Fourteen Finance Commission,30000.0,30000.0,30000.0,30000.0,,,30000.0
11189,44716747,2835622,275075,2020-2021,7,Fourteen Finance Commission,126000.0,126000.0,126000.0,126000.0,,,126000.0
11190,44717082,2835622,275075,2020-2021,8,Fourteen Finance Commission,42000.0,42000.0,42000.0,42000.0,,,42000.0
11191,44717099,2835622,275075,2020-2021,9,Fourteen Finance Commission,42000.0,42000.0,42000.0,42000.0,,,42000.0
11192,44717176,2835622,275075,2020-2021,10,,45000.0,,,,,,0.0
11193,44721009,2835622,275075,2020-2021,11,,100000.0,,,,,,0.0
11194,44721025,2835622,275075,2020-2021,12,,200000.0,,,,,,0.0
11195,44721050,2835622,275075,2020-2021,13,,60000.0,,,,,,0.0
11196,44721063,2835622,275075,2020-2021,14,Fourteen Finance Commission,397800.0,397800.0,397800.0,397800.0,,,356913.0
11197,44717137,2835622,275075,2020-2021,15,Fourteen Finance Commission,150000.0,150000.0,150000.0,150000.0,,,117416.0
11198,44716767,2835622,275075,2020-2021,16,Fourteen Finance Commission,126000.0,126000.0,126000.0,126000.0,,,126000.0
11199,44717163,2835622,275075,2020-2021,17,Fourteen Finance Commission,200000.0,200000.0,200000.0,200000.0,,,0.0
11200,44717151,2835622,275075,2020-2021,18,Fourteen Finance Commission,76830.0,76830.0,76830.0,76830.0,,,0.0
11201,44716708,2835622,275075,2020-2021,19,,120000.0,120000.0,,,,,0.0
11202,44720985,2835622,275075,2020-2021,20,Fourteen Finance Commission,500000.0,500000.0,500000.0,500000.0,,,370196.0
11203,38554282,2835622,275075,2020-2021,21,XV Finance Commission,100000.0,100000.0,100000.0,100000.0,,,0.0
11204,44720945,2835622,275075,2020-2021,22,Fourteen Finance Commission,250000.0,250000.0,250000.0,250000.0,,,59005.0
11205,44717122,2835622,275075,2020-2021,23,Fourteen Finance Commission,500000.0,500000.0,500000.0,500000.0,,,464276.0
11206,38554424,2835622,275075,2020-2021,24,XV Finance Commission,50000.0,50000.0,50000.0,50000.0,,,49456.0
11207,38554360,2835622,275075,2020-2021,25,XV Finance Commission,106382.0,106382.0,106382.0,106382.0,,,105209.0
11208,38554554,2835622,275075,2020-2021,26,XV Finance Commission,60000.0,60000.0,60000.0,60000.0,,,57546.0
11209,38554579,2835622,275075,2020-2021,27,XV Finance Commission,186772.0,186772.0,186772.0,186772.0,,,185185.0
11210,38554754,2835622,275075,2020-2021,28,5TH STATE FINANCE COMMISSION,593074.0,593074.0,593074.0,593074.0,,,574627.0
11211,44720899,2835622,275075,2020-2021,29,Fourteen Finance Commission,150000.0,150000.0,150000.0,150000.0,,,145500.0
11212,38554518,2835622,275075,2020-2021,30,XV Finance Commission,500000.0,500000.0,500000.0,500000.0,,,500000.0
11213,44716654,2835622,275075,2020-2021,31,Fourteen Finance Commission,30000.0,30000.0,30000.0,30000.0,,,30000.0
11214,44716682,2835622,275075,2020-2021,32,Fourteen Finance Commission,20000.0,20000.0,20000.0,20000.0,,,20000.0
11215,44714596,2835622,275075,2020-2021,33,Fourteen Finance Commission,30000.0,30000.0,30000.0,30000.0,,,30000.0
11216,38554458,2835622,275075,2020-2021,34,XV Finance Commission,60000.0,60000.0,60000.0,60000.0,,,60000.0
11217,38553746,2835622,275075,2020-2021,35,XV Finance Commission,150000.0,150000.0,150000.0,150000.0,,,150000.0
11218,38553954,2835622,275075,2020-2021,36,XV Finance Commission,175000.0,175000.0,175000.0,175000.0,,,175000.0
11219,38554241,2835622,275075,2020-2021,37,XV Finance Commission,115000.0,115000.0,115000.0,115000.0,,,115000.0
11220,44721089,2835622,275075,2020-2021,38,4TH STATE FINANCE SCHEME,448701.0,448701.0,448701.0,448701.0,,,0.0
11221,38553887,2835622,275075,2020-2021,39,XV Finance Commission,144286.0,144286.0,144286.0,144286.0,,,143317.0
11222,44720974,2835622,275075,2020-2021,40,Fourteen Finance Commission,200000.0,200000.0,200000.0,200000.0,,,194000.0
11223,38553917,2835622,275075,2020-2021,41,XV Finance Commission,25104.0,25104.0,25104.0,25104.0,,,0.0
11224,38553559,2835622,275075,2020-2021,42,XV Finance Commission,75000.0,75000.0,75000.0,75000.0,,,0.0
11225,38552980,2835622,275075,2020-2021,43,XV Finance Commission,24000.0,24000.0,24000.0,24000.0,,,0.0
11226,38553806,2835622,275075,2020-2021,44,XV Finance Commission,20000.0,20000.0,20000.0,20000.0,,,0.0
11227,38553824,2835622,275075,2020-2021,45,XV Finance Commission,15000.0,15000.0,15000.0,15000.0,,,0.0
11228,38554009,2835622,275075,2020-2021,46,XV Finance Commission,75000.0,75000.0,75000.0,75000.0,,,0.0
11229,44043553,2835622,275075,2020-2021,47,5TH STATE FINANCE COMMISSION,50000.0,50000.0,50000.0,50000.0,,,0.0
11230,38554319,2835622,275075,2020-2021,48,XV Finance Commission,50000.0,50000.0,50000.0,50000.0,,,49000.0
11231,65286426,4308383,275075,2020-2021,1,XV Finance Commission,100104.0,100104.0,100104.0,100104.0,,,100104.0
11232,65286540,4308383,275075,2020-2021,2,XV Finance Commission,134000.0,134000.0,134000.0,134000.0,,,134000.0
11233,65286766,4308383,275075,2020-2021,3,,178614.0,,,,,,0.0
11234,65286586,4308383,275075,2020-2021,4,XV Finance Commission,50000.0,50000.0,50000.0,50000.0,,,49965.0
11235,54926014,3331294,275075,2021-2022,1,XV Finance Commission,119149.0,119149.0,119149.0,119149.0,,,116631.0
11236,54926426,3331294,275075,2021-2022,2,XV Finance Commission,141149.0,141149.0,141149.0,141149.0,,,86054.0
11237,54926346,3331294,275075,2021-2022,3,5TH STATE FINANCE COMMISSION,200000.0,20000.0,200000.0,200000.0,,,194000.0
11238,54926315,3331294,275075,2021-2022,4,5TH STATE FINANCE COMMISSION,243074.0,243074.0,243074.0,243074.0,,,238035.0
11239,54926136,3331294,275075,2021-2022,5,XV Finance Commission,200000.0,200000.0,200000.0,200000.0,,,200000.0
11240,54925960,3331294,275075,2021-2022,6,XV Finance Commission,250000.0,250000.0,250000.0,250000.0,,,238929.0
11241,54926161,3331294,275075,2021-2022,7,XV Finance Commission,100000.0,100000.0,100000.0,100000.0,,,100000.0
11242,54926248,3331294,275075,2021-2022,8,XV Finance Commission,138198.0,138198.0,138198.0,138198.0,,,29155.0
11243,54926383,3331294,275075,2021-2022,9,5TH STATE FINANCE COMMISSION,200000.0,200000.0,200000.0,200000.0,,,194084.0
11244,54926188,3331294,275075,2021-2022,10,XV Finance Commission,300000.0,300000.0,300000.0,300000.0,,,300000.0
11245,54926224,3331294,275075,2021-2022,11,XV Finance Commission,150000.0,150000.0,150000.0,150000.0,,,148500.0
11246,54926077,3331294,275075,2021-2022,12,XV Finance Commission,72000.0,72000.0,72000.0,72000.0,,,0.0
11247,65698242,4022993,275075,2022-2023,1,5TH STATE FINANCE COMMISSION,243120.0,243120.0,243120.0,243120.0,,,238002.0
11248,65698207,4022993,275075,2022-2023,2,XV Finance Commission,100000.0,100000.0,100000.0,100000.0,,,96585.0
11249,65698169,4022993,275075,2022-2023,3,XV Finance Commission,100000.0,100000.0,100000.0,100000.0,,,100000.0
11250,65698226,4022993,275075,2022-2023,4,XV Finance Commission,60891.0,60891.0,60891.0,60891.0,,,60891.0
11251,65697004,4022993,275075,2022-2023,5,XV Finance Commission,246744.0,246744.0,246744.0,246744.0,,,246744.0
11252,65707098,4022993,275075,2022-2023,6,,122717.0,,,,,,0.0
11253,65707079,4022993,275075,2022-2023,7,,122717.0,,,,,,0.0
11254,65696910,4022993,275075,2022-2023,8,XV Finance Commission,150000.0,150000.0,150000.0,150000.0,,,148292.0
11255,59982970,4022993,275075,2022-2023,9,,23560.0,,,,,,0.0
11256,65698277,4022993,275075,2022-2023,10,,100000.0,,,,,,0.0
11257,59982749,4022993,275075,2022-2023,11,,163621.0,,,,,,0.0
11258,65697095,4022993,275075,2022-2023,12,XV Finance Commission,90000.0,90000.0,90000.0,90000.0,,,90000.0
11259,65697031,4022993,275075,2022-2023,13,XV Finance Commission,60000.0,60000.0,60000.0,60000.0,,,58500.0
11260,65698185,4022993,275075,2022-2023,14,XV Finance Commission,198100.0,198100.0,198100.0,198100.0,,,198100.0
11261,65697137,4022993,275075,2022-2023,15,XV Finance Commission,166743.0,166743.0,166743.0,166743.0,,,166100.0
11262,65708798,4022993,275075,2022-2023,16,XV Finance Commission,100000.0,100000.0,100000.0,100000.0,,,100000.0
11263,65698258,4022993,275075,2022-2023,17,5TH STATE FINANCE COMMISSION,200000.0,200000.0,200000.0,200000.0,,,194000.0
11264,65697062,4022993,275075,2022-2023,18,XV Finance Commission,200000.0,200000.0,200000.0,200000.0,,,200000.0
11265,65697900,4022993,275075,2022-2023,19,XV Finance Commission,50000.0,50000.0,50000.0,50000.0,,,49000.0
11266,65698292,4022993,275075,2022-2023,20,5TH STATE FINANCE COMMISSION,100000.0,100000.0,100000.0,100000.0,,,97895.0
11267,81280135,4614970,275075,2023-2024,1,,93229.0,,,,,,0.0
11268,81280889,4614970,275075,2023-2024,2,,300000.0,,,,,,0.0
11269,77992338,4614970,275075,2023-2024,3,,,,,,,,0.0
11270,77995827,4614970,275075,2023-2024,4,,,,,,,,0.0
11271,77997226,4614970,275075,2023-2024,5,,,,,,,,0.0
11272,77999017,4614970,275075,2023-2024,6,,,,,,,,0.0
11273,78002325,4614970,275075,2023-2024,7,,,,,,,,0.0
11274,78003805,4614970,275075,2023-2024,8,,,,,,,,0.0
11275,78220668,4614970,275075,2023-2024,9,,,,,,,,0.0
11276,78223128,4614970,275075,2023-2024,10,,,,,,,,0.0
11277,79094376,4614970,275075,2023-2024,11,XV Finance Commission,100000.0,100000.0,100000.0,100000.0,,,99120.0
11278,79151175,4614970,275075,2023-2024,12,,,,,,,,0.0
11279,79152020,4614970,275075,2023-2024,13,,,,,,,,0.0
11280,81176144,4614970,275075,2023-2024,14,,1000000.0,,,,,,0.0
11281,81177523,4614970,275075,2023-2024,15,,1000000.0,,,,,,0.0
11282,81208842,4614970,275075,2023-2024,16,,,,,,,,0.0
11283,81209169,4614970,275075,2023-2024,17,,,,,,,,0.0
11284,75347616,4614970,275075,2023-2024,18,,,,,,,,0.0
11285,77864623,4614970,275075,2023-2024,19,,,,,,,,0.0
11286,77865172,4614970,275075,2023-2024,20,,,,,,,,0.0
11287,77865884,4614970,275075,2023-2024,21,,,,,,,,0.0
11288,77867877,4614970,275075,2023-2024,22,,,,,,,,0.0
11289,77869063,4614970,275075,2023-2024,23,,,,,,,,0.0
11290,77903457,4614970,275075,2023-2024,24,,,,,,,,0.0
11291,77903982,4614970,275075,2023-2024,25,,,,,,,,0.0
11292,77904286,4614970,275075,2023-2024,26,,,,,,,,0.0
11293,77904569,4614970,275075,2023-2024,27,,,,,,,,0.0
11294,77908740,4614970,275075,2023-2024,28,,,,,,,,0.0
11295,77909327,4614970,275075,2023-2024,29,,,,,,,,0.0
11296,77910008,4614970,275075,2023-2024,30,,,,,,,,0.0
11297,77910736,4614970,275075,2023-2024,31,,,,,,,,0.0
11298,77911574,4614970,275075,2023-2024,32,,,,,,,,0.0
11299,77912250,4614970,275075,2023-2024,33,,,,,,,,0.0
11300,77912877,4614970,275075,2023-2024,34,,,,,,,,0.0
11301,77913726,4614970,275075,2023-2024,35,,,,,,,,0.0
11302,77914498,4614970,275075,2023-2024,36,,,,,,,,0.0
11303,77915748,4614970,275075,2023-2024,37,,,,,,,,0.0
11304,77916510,4614970,275075,2023-2024,38,,,,,,,,0.0
11305,77918095,4614970,275075,2023-2024,39,,,,,,,,0.0
11306,77918920,4614970,275075,2023-2024,40,,,,,,,,0.0
11307,77920806,4614970,275075,2023-2024,41,,,,,,,,0.0
11308,77921466,4614970,275075,2023-2024,42,,,,,,,,0.0
11309,77922187,4614970,275075,2023-2024,43,,,,,,,,0.0
11310,77924142,4614970,275075,2023-2024,44,,,,,,,,0.0
11311,77941318,4614970,275075,2023-2024,45,,,,,,,,0.0
11312,77943263,4614970,275075,2023-2024,46,,,,,,,,0.0
11313,77946305,4614970,275075,2023-2024,47,,,,,,,,0.0
11314,77948799,4614970,275075,2023-2024,48,,,,,,,,0.0
11315,77950232,4614970,275075,2023-2024,49,,,,,,,,0.0
11316,77953397,4614970,275075,2023-2024,50,,,,,,,,0.0
11317,77955405,4614970,275075,2023-2024,51,,,,,,,,0.0
11318,77956772,4614970,275075,2023-2024,52,,,,,,,,0.0
11319,77957745,4614970,275075,2023-2024,53,,,,,,,,0.0
11320,77959447,4614970,275075,2023-2024,54,,,,,,,,0.0
11321,77961235,4614970,275075,2023-2024,55,,,,,,,,0.0
11322,77961855,4614970,275075,2023-2024,56,,,,,,,,0.0
11323,77963780,4614970,275075,2023-2024,57,,,,,,,,0.0
11324,77964782,4614970,275075,2023-2024,58,,,,,,,,0.0
11325,77965915,4614970,275075,2023-2024,59,,,,,,,,0.0
11326,77967570,4614970,275075,2023-2024,60,,,,,,,,0.0
11327,77968443,4614970,275075,2023-2024,61,,,,,,,,0.0
11328,77969582,4614970,275075,2023-2024,62,,,,,,,,0.0
11329,77970764,4614970,275075,2023-2024,63,,,,,,,,0.0
11330,77971968,4614970,275075,2023-2024,64,,,,,,,,0.0
11331,77973182,4614970,275075,2023-2024,65,,,,,,,,0.0
11332,77974316,4614970,275075,2023-2024,66,,,,,,,,0.0
11333,77977259,4614970,275075,2023-2024,67,,,,,,,,0.0
11334,77981758,4614970,275075,2023-2024,68,,,,,,,,0.0
11335,77984911,4614970,275075,2023-2024,69,,,,,,,,0.0
11336,78000708,4614970,275075,2023-2024,70,,,,,,,,0.0
11337,78005455,4614970,275075,2023-2024,71,,,,,,,,0.0
11338,78006902,4614970,275075,2023-2024,72,,,,,,,,0.0
11339,78008706,4614970,275075,2023-2024,73,,,,,,,,0.0
11340,78009461,4614970,275075,2023-2024,74,,,,,,,,0.0
11341,78011919,4614970,275075,2023-2024,75,,,,,,,,0.0
11342,78014571,4614970,275075,2023-2024,76,,,,,,,,0.0
11343,78015593,4614970,275075,2023-2024,77,,,,,,,,0.0
11344,78059952,4614970,275075,2023-2024,78,,,,,,,,0.0
11345,78061631,4614970,275075,2023-2024,79,,,,,,,,0.0
11346,78062965,4614970,275075,2023-2024,80,,,,,,,,0.0
11347,78064794,4614970,275075,2023-2024,81,,,,,,,,0.0
11348,78066339,4614970,275075,2023-2024,82,,,,,,,,0.0
11349,78068242,4614970,275075,2023-2024,83,,,,,,,,0.0
11350,78070187,4614970,275075,2023-2024,84,,,,,,,,0.0
11351,78071382,4614970,275075,2023-2024,85,,,,,,,,0.0
11352,78072582,4614970,275075,2023-2024,86,,,,,,,,0.0
11353,78073447,4614970,275075,2023-2024,87,,,,,,,,0.0
11354,78079918,4614970,275075,2023-2024,88,,,,,,,,0.0
11355,78083465,4614970,275075,2023-2024,89,,,,,,,,0.0
11356,78085073,4614970,275075,2023-2024,90,,,,,,,,0.0
11357,78087469,4614970,275075,2023-2024,91,,,,,,,,0.0
11358,78133783,4614970,275075,2023-2024,92,,,,,,,,0.0
11359,78134923,4614970,275075,2023-2024,93,,,,,,,,0.0
11360,78140944,4614970,275075,2023-2024,94,,,,,,,,0.0
11361,78142922,4614970,275075,2023-2024,95,,,,,,,,0.0
11362,78143910,4614970,275075,2023-2024,96,,,,,,,,0.0
11363,78144619,4614970,275075,2023-2024,97,,,,,,,,0.0
11364,78146269,4614970,275075,2023-2024,98,,,,,,,,0.0
11365,78147613,4614970,275075,2023-2024,99,,,,,,,,0.0
11366,78157932,4614970,275075,2023-2024,100,,,,,,,,0.0
11367,78158981,4614970,275075,2023-2024,101,,,,,,,,0.0
11368,78159635,4614970,275075,2023-2024,102,,,,,,,,0.0
11369,78160617,4614970,275075,2023-2024,103,,,,,,,,0.0
11370,78161139,4614970,275075,2023-2024,104,,,,,,,,0.0
11371,78161608,4614970,275075,2023-2024,105,,,,,,,,0.0
11372,78162143,4614970,275075,2023-2024,106,,,,,,,,0.0
11373,78162763,4614970,275075,2023-2024,107,,,,,,,,0.0
11374,78163495,4614970,275075,2023-2024,108,,,,,,,,0.0
11375,78163922,4614970,275075,2023-2024,109,,,,,,,,0.0
11376,78164614,4614970,275075,2023-2024,110,,,,,,,,0.0
11377,78166224,4614970,275075,2023-2024,111,,,,,,,,0.0
11378,78167242,4614970,275075,2023-2024,112,,,,,,,,0.0
11379,78168016,4614970,275075,2023-2024,113,,,,,,,,0.0
11380,78169122,4614970,275075,2023-2024,114,,,,,,,,0.0
11381,78169615,4614970,275075,2023-2024,115,,,,,,,,0.0
11382,78170152,4614970,275075,2023-2024,116,,,,,,,,0.0
11383,78172342,4614970,275075,2023-2024,117,,,,,,,,0.0
11384,78172868,4614970,275075,2023-2024,118,,,,,,,,0.0
11385,78173275,4614970,275075,2023-2024,119,,,,,,,,0.0
11386,78173675,4614970,275075,2023-2024,120,,,,,,,,0.0
11387,78174150,4614970,275075,2023-2024,121,,,,,,,,0.0
11388,78175677,4614970,275075,2023-2024,122,,,,,,,,0.0
11389,78177754,4614970,275075,2023-2024,123,,,,,,,,0.0
11390,78178240,4614970,275075,2023-2024,124,,,,,,,,0.0
11391,78180383,4614970,275075,2023-2024,125,,,,,,,,0.0
11392,78181131,4614970,275075,2023-2024,126,,,,,,,,0.0
11393,78181578,4614970,275075,2023-2024,127,,,,,,,,0.0
11394,78181948,4614970,275075,2023-2024,128,,,,,,,,0.0
11395,78182187,4614970,275075,2023-2024,129,,,,,,,,0.0
11396,78182571,4614970,275075,2023-2024,130,,,,,,,,0.0
11397,78182884,4614970,275075,2023-2024,131,,,,,,,,0.0
11398,78183619,4614970,275075,2023-2024,132,,,,,,,,0.0
11399,78183902,4614970,275075,2023-2024,133,,,,,,,,0.0
11400,79071357,4614970,275075,2023-2024,134,,,,,,,,0.0
11401,79074895,4614970,275075,2023-2024,135,,,,,,,,0.0
11402,79078314,4614970,275075,2023-2024,136,,,,,,,,0.0
11403,79110019,4614970,275075,2023-2024,137,,168808.0,,,,,,0.0
11404,79110402,4614970,275075,2023-2024,138,,200000.0,,,,,,0.0
11405,79139657,4614970,275075,2023-2024,139,,,,,,,,0.0
11406,79140915,4614970,275075,2023-2024,140,,,,,,,,0.0
11407,79141659,4614970,275075,2023-2024,141,,,,,,,,0.0
11408,79142822,4614970,275075,2023-2024,142,,,,,,,,0.0
11409,79143411,4614970,275075,2023-2024,143,,,,,,,,0.0
11410,79145604,4614970,275075,2023-2024,144,,,,,,,,0.0
11411,79146476,4614970,275075,2023-2024,145,,,,,,,,0.0
11412,79146737,4614970,275075,2023-2024,146,,,,,,,,0.0
11413,79148661,4614970,275075,2023-2024,147,,,,,,,,0.0
11414,79149242,4614970,275075,2023-2024,148,,,,,,,,0.0
11415,79149701,4614970,275075,2023-2024,149,,,,,,,,0.0
11416,79114303,4614970,275075,2023-2024,150,5TH STATE FINANCE COMMISSION,59193.0,59193.0,59193.0,59193.0,,,59000.0
11417,79112249,4614970,275075,2023-2024,151,5TH STATE FINANCE COMMISSION,330000.0,330000.0,330000.0,330000.0,,,323244.0
11418,79150405,4614970,275075,2023-2024,152,,,,,,,,0.0
11419,79150740,4614970,275075,2023-2024,153,,,,,,,,0.0
11420,79151384,4614970,275075,2023-2024,154,,,,,,,,0.0
11421,79152413,4614970,275075,2023-2024,155,,,,,,,,0.0
11422,79152759,4614970,275075,2023-2024,156,,,,,,,,0.0
11423,79153034,4614970,275075,2023-2024,157,,,,,,,,0.0
11424,79153244,4614970,275075,2023-2024,158,,,,,,,,0.0
11425,79153660,4614970,275075,2023-2024,159,,,,,,,,0.0
11426,79154076,4614970,275075,2023-2024,160,,,,,,,,0.0
11427,79154331,4614970,275075,2023-2024,161,,,,,,,,0.0
11428,79154548,4614970,275075,2023-2024,162,,,,,,,,0.0
11429,79154718,4614970,275075,2023-2024,163,,,,,,,,0.0
11430,79154917,4614970,275075,2023-2024,164,,,,,,,,0.0
11431,79155173,4614970,275075,2023-2024,165,,,,,,,,0.0
11432,79945856,4614970,275075,2023-2024,166,,,,,,,,0.0
11433,79948929,4614970,275075,2023-2024,167,,,,,,,,0.0
11434,79950201,4614970,275075,2023-2024,168,,,,,,,,0.0
11435,79999559,4614970,275075,2023-2024,169,,,,,,,,0.0
11436,80000727,4614970,275075,2023-2024,170,,,,,,,,0.0
11437,80001997,4614970,275075,2023-2024,171,,,,,,,,0.0
11438,80003330,4614970,275075,2023-2024,172,,,,,,,,0.0
11439,80003851,4614970,275075,2023-2024,173,,,,,,,,0.0
11440,80004358,4614970,275075,2023-2024,174,,,,,,,,0.0
11441,81171079,4614970,275075,2023-2024,175,,1000000.0,,,,,,0.0
11442,81179410,4614970,275075,2023-2024,176,,1000000.0,,,,,,0.0
11443,81197318,4614970,275075,2023-2024,177,,500000.0,,,,,,0.0
11444,81197653,4614970,275075,2023-2024,178,,500000.0,,,,,,0.0
11445,81201345,4614970,275075,2023-2024,179,,18750.0,,,,,,0.0
11446,81202201,4614970,275075,2023-2024,180,,6250.0,,,,,,0.0
11447,81206103,4614970,275075,2023-2024,181,,,,,,,,0.0
11448,81206363,4614970,275075,2023-2024,182,,,,,,,,0.0
11449,81206895,4614970,275075,2023-2024,183,,,,,,,,0.0
11450,81207248,4614970,275075,2023-2024,184,,,,,,,,0.0
11451,81207622,4614970,275075,2023-2024,185,,,,,,,,0.0
11452,81207957,4614970,275075,2023-2024,186,,,,,,,,0.0
11453,81208297,4614970,275075,2023-2024,187,,,,,,,,0.0
11454,81208555,4614970,275075,2023-2024,188,,,,,,,,0.0
11455,81210249,4614970,275075,2023-2024,189,,,,,,,,0.0
11456,81210615,4614970,275075,2023-2024,190,,,,,,,,0.0
11457,81211047,4614970,275075,2023-2024,191,,,,,,,,0.0
11458,81211357,4614970,275075,2023-2024,192,,,,,,,,0.0
11459,81278841,4614970,275075,2023-2024,193,XV Finance Commission,218060.0,218060.0,218060.0,218060.0,,,190307.0
11460,78013161,4614970,275075,2023-2024,194,,,,,,,,0.0
11461,81275031,4614970,275075,2023-2024,195,XV Finance Commission,27060.0,27060.0,27060.0,27060.0,,,26200.0
11462,81279055,4614970,275075,2023-2024,196,XV Finance Commission,24000.0,24000.0,24000.0,24000.0,,,21600.0
11463,79110929,4614970,275075,2023-2024,197,XV Finance Commission,147272.0,147272.0,147272.0,147272.0,,,146681.0
11464,75761153,4614970,275075,2023-2024,198,XV Finance Commission,50000.0,50000.0,50000.0,50000.0,,,49321.0
11465,75759321,4614970,275075,2023-2024,199,XV Finance Commission,50000.0,50000.0,50000.0,50000.0,,,49430.0
11466,80701364,4614970,275075,2023-2024,200,XV Finance Commission,10000.0,10000.0,10000.0,10000.0,,,9971.0
11467,75760379,4614970,275075,2023-2024,201,XV Finance Commission,5000.0,5000.0,5000.0,5000.0,,,5000.0
11468,81192814,4614970,275075,2023-2024,202,XV Finance Commission,80000.0,80000.0,80000.0,80000.0,,,78400.0
11469,81279790,4614970,275075,2023-2024,203,5TH STATE FINANCE COMMISSION,160808.0,160808.0,160808.0,160808.0,,,159198.0
11470,79103097,4614970,275075,2023-2024,204,XV Finance Commission,100000.0,100000.0,100000.0,100000.0,,,0.0
11471,80701608,4614970,275075,2023-2024,205,XV Finance Commission,40000.0,40000.0,40000.0,40000.0,,,0.0
11472,81193103,4614970,275075,2023-2024,206,XV Finance Commission,20000.0,20000.0,20000.0,20000.0,,,18000.0
11473,79107798,4614970,275075,2023-2024,207,XV Finance Commission,25000.0,25000.0,25000.0,25000.0,,,22500.0
11474,75759533,4614970,275075,2023-2024,208,XV Finance Commission,70000.0,70000.0,70000.0,70000.0,,,0.0
11475,81277994,4614970,275075,2023-2024,209,XV Finance Commission,60000.0,60000.0,60000.0,60000.0,,,8000.0
11476,75760279,4614970,275075,2023-2024,210,XV Finance Commission,90000.0,90000.0,90000.0,90000.0,,,0.0
11477,75759830,4614970,275075,2023-2024,211,XV Finance Commission,35000.0,35000.0,35000.0,35000.0,,,0.0
11478,79089576,4614970,275075,2023-2024,212,XV Finance Commission,20000.0,20000.0,20000.0,20000.0,,,18000.0
11479,93912595,5057304,275075,2024-2025,1,,,,,,,,0.0
11480,99184796,5057304,275075,2024-2025,2,,,,,,,,0.0
11481,99186565,5057304,275075,2024-2025,3,,,,,,,,0.0
11482,98984755,5057304,275075,2024-2025,4,,,,,,,,0.0
11483,98985930,5057304,275075,2024-2025,5,,,,,,,,0.0
11484,98980469,5057304,275075,2024-2025,6,,,,,,,,0.0
11485,98988847,5057304,275075,2024-2025,7,,,,,,,,0.0
11486,98982052,5057304,275075,2024-2025,8,,,,,,,,0.0
11487,98983383,5057304,275075,2024-2025,9,,,,,,,,0.0
11488,99008689,5057304,275075,2024-2025,10,,,,,,,,0.0
11489,99004656,5057304,275075,2024-2025,11,,,,,,,,0.0
11490,99020322,5057304,275075,2024-2025,12,,,,,,,,0.0
11491,99049802,5057304,275075,2024-2025,13,,,,,,,,0.0
11492,99050214,5057304,275075,2024-2025,14,,,,,,,,0.0
11493,99051027,5057304,275075,2024-2025,15,,,,,,,,0.0
11494,99067893,5057304,275075,2024-2025,16,,,,,,,,0.0
11495,99068229,5057304,275075,2024-2025,17,,,,,,,,0.0
11496,99070425,5057304,275075,2024-2025,18,,,,,,,,0.0
11497,99181139,5057304,275075,2024-2025,19,,,,,,,,0.0
11498,99181354,5057304,275075,2024-2025,20,,,,,,,,0.0
11499,99181611,5057304,275075,2024-2025,21,,,,,,,,0.0
11500,99182153,5057304,275075,2024-2025,22,,,,,,,,0.0
11501,99181942,5057304,275075,2024-2025,23,,,,,,,,0.0
11502,99182507,5057304,275075,2024-2025,24,,,,,,,,0.0
11503,99182641,5057304,275075,2024-2025,25,,,,,,,,0.0
11504,99183190,5057304,275075,2024-2025,26,,,,,,,,0.0
11505,99184594,5057304,275075,2024-2025,27,,,,,,,,0.0
11506,99185394,5057304,275075,2024-2025,28,,,,,,,,0.0
11507,99185746,5057304,275075,2024-2025,29,,,,,,,,0.0
11508,99185999,5057304,275075,2024-2025,30,,,,,,,,0.0
11509,99186210,5057304,275075,2024-2025,31,,,,,,,,0.0
11510,99186361,5057304,275075,2024-2025,32,,,,,,,,0.0
11511,99186857,5057304,275075,2024-2025,33,,,,,,,,0.0
11512,99187842,5057304,275075,2024-2025,34,,,,,,,,0.0
11513,99188023,5057304,275075,2024-2025,35,,,,,,,,0.0
11514,99188850,5057304,275075,2024-2025,36,,,,,,,,0.0
11515,99189079,5057304,275075,2024-2025,37,,,,,,,,0.0
11516,99189242,5057304,275075,2024-2025,38,,,,,,,,0.0
11517,99190010,5057304,275075,2024-2025,39,,,,,,,,0.0
11518,99190639,5057304,275075,2024-2025,40,,,,,,,,0.0
11519,99233151,5057304,275075,2024-2025,41,,,,,,,,0.0
11520,99233952,5057304,275075,2024-2025,42,,,,,,,,0.0
11521,99233529,5057304,275075,2024-2025,43,,,,,,,,0.0
11522,99234194,5057304,275075,2024-2025,44,,,,,,,,0.0
11523,99234459,5057304,275075,2024-2025,45,,,,,,,,0.0
11524,99234872,5057304,275075,2024-2025,46,,,,,,,,0.0
11525,99235678,5057304,275075,2024-2025,47,,,,,,,,0.0
11526,99255130,5057304,275075,2024-2025,48,,,,,,,,0.0
11527,99254715,5057304,275075,2024-2025,49,,,,,,,,0.0
11528,99374692,5057304,275075,2024-2025,50,,,,,,,,0.0
11529,99377324,5057304,275075,2024-2025,51,,,,,,,,0.0
11530,99379505,5057304,275075,2024-2025,52,,,,,,,,0.0
11531,99379880,5057304,275075,2024-2025,53,,,,,,,,0.0
11532,99380807,5057304,275075,2024-2025,54,,,,,,,,0.0
11533,99381150,5057304,275075,2024-2025,55,,,,,,,,0.0
11534,99381534,5057304,275075,2024-2025,56,,,,,,,,0.0
11535,99383595,5057304,275075,2024-2025,57,,,,,,,,0.0
11536,99384985,5057304,275075,2024-2025,58,,,,,,,,0.0
11537,99385004,5057304,275075,2024-2025,59,,,,,,,,0.0
11538,99404420,5057304,275075,2024-2025,60,,,,,,,,0.0
11539,99436441,5057304,275075,2024-2025,61,,,,,,,,0.0
11540,99436836,5057304,275075,2024-2025,62,,,,,,,,0.0
11541,99437119,5057304,275075,2024-2025,63,,,,,,,,0.0
11542,99437408,5057304,275075,2024-2025,64,,,,,,,,0.0
11543,99437580,5057304,275075,2024-2025,65,,,,,,,,0.0
11544,99437992,5057304,275075,2024-2025,66,,,,,,,,0.0
11545,99502819,5057304,275075,2024-2025,67,,,,,,,,0.0
11546,99503430,5057304,275075,2024-2025,68,,,,,,,,0.0
11547,99503826,5057304,275075,2024-2025,69,,,,,,,,0.0
11548,99504173,5057304,275075,2024-2025,70,,,,,,,,0.0
11549,99535216,5057304,275075,2024-2025,71,,,,,,,,0.0
11550,99535637,5057304,275075,2024-2025,72,,,,,,,,0.0
11551,99536053,5057304,275075,2024-2025,73,,,,,,,,0.0
11552,99536493,5057304,275075,2024-2025,74,,,,,,,,0.0
11553,99551142,5057304,275075,2024-2025,75,,,,,,,,0.0
11554,99551414,5057304,275075,2024-2025,76,,,,,,,,0.0
11555,99552272,5057304,275075,2024-2025,77,,,,,,,,0.0
11556,99552709,5057304,275075,2024-2025,78,,,,,,,,0.0
11557,99553038,5057304,275075,2024-2025,79,,,,,,,,0.0
11558,99553253,5057304,275075,2024-2025,80,,,,,,,,0.0
11559,99553467,5057304,275075,2024-2025,81,,,,,,,,0.0
11560,99554520,5057304,275075,2024-2025,82,,,,,,,,0.0
11561,99554965,5057304,275075,2024-2025,83,,,,,,,,0.0
11562,99555595,5057304,275075,2024-2025,84,,,,,,,,0.0
11563,99556081,5057304,275075,2024-2025,85,,,,,,,,0.0
11564,99556605,5057304,275075,2024-2025,86,,,,,,,,0.0
11565,99556948,5057304,275075,2024-2025,87,,,,,,,,0.0
11566,99557348,5057304,275075,2024-2025,88,,,,,,,,0.0
11567,99557649,5057304,275075,2024-2025,89,,,,,,,,0.0
11568,99557874,5057304,275075,2024-2025,90,,,,,,,,0.0
11569,99563179,5057304,275075,2024-2025,91,,,,,,,,0.0
11570,99563297,5057304,275075,2024-2025,92,,,,,,,,0.0
11571,99563434,5057304,275075,2024-2025,93,,,,,,,,0.0
11572,99563660,5057304,275075,2024-2025,94,,,,,,,,0.0
11573,99563983,5057304,275075,2024-2025,95,,,,,,,,0.0
11574,99563861,5057304,275075,2024-2025,96,,,,,,,,0.0
11575,99564198,5057304,275075,2024-2025,97,,,,,,,,0.0
11576,99564416,5057304,275075,2024-2025,98,,,,,,,,0.0
11577,99564677,5057304,275075,2024-2025,99,,,,,,,,0.0
11578,99565761,5057304,275075,2024-2025,100,,,,,,,,0.0
11579,99565922,5057304,275075,2024-2025,101,,,,,,,,0.0
11580,99566051,5057304,275075,2024-2025,102,,,,,,,,0.0
11581,99566203,5057304,275075,2024-2025,103,,,,,,,,0.0
11582,99566385,5057304,275075,2024-2025,104,,,,,,,,0.0
11583,99566717,5057304,275075,2024-2025,105,,,,,,,,0.0
11584,99567165,5057304,275075,2024-2025,106,,,,,,,,0.0
11585,99567781,5057304,275075,2024-2025,107,,,,,,,,0.0
11586,99567718,5057304,275075,2024-2025,108,,,,,,,,0.0
11587,99567852,5057304,275075,2024-2025,109,,,,,,,,0.0
11588,99567922,5057304,275075,2024-2025,110,,,,,,,,0.0
11589,99567982,5057304,275075,2024-2025,111,,,,,,,,0.0
11590,99568084,5057304,275075,2024-2025,112,,,,,,,,0.0
11591,99568191,5057304,275075,2024-2025,113,,,,,,,,0.0
11592,99568255,5057304,275075,2024-2025,114,,,,,,,,0.0
11593,99568349,5057304,275075,2024-2025,115,,,,,,,,0.0
11594,99568475,5057304,275075,2024-2025,116,,,,,,,,0.0
11595,99568569,5057304,275075,2024-2025,117,,,,,,,,0.0
11596,99599855,5057304,275075,2024-2025,118,,,,,,,,0.0
11597,99600094,5057304,275075,2024-2025,119,,,,,,,,0.0
11598,99600449,5057304,275075,2024-2025,120,,,,,,,,0.0
11599,99600731,5057304,275075,2024-2025,121,,,,,,,,0.0
11600,99601207,5057304,275075,2024-2025,122,,,,,,,,0.0
11601,99601444,5057304,275075,2024-2025,123,,,,,,,,0.0
11602,99602052,5057304,275075,2024-2025,124,,,,,,,,0.0
11603,99602332,5057304,275075,2024-2025,125,,,,,,,,0.0
11604,99603768,5057304,275075,2024-2025,126,,,,,,,,0.0
11605,99604086,5057304,275075,2024-2025,127,,,,,,,,0.0
11606,99604496,5057304,275075,2024-2025,128,,,,,,,,0.0
11607,99605173,5057304,275075,2024-2025,129,,,,,,,,0.0
11608,99605532,5057304,275075,2024-2025,130,,,,,,,,0.0
11609,99606152,5057304,275075,2024-2025,131,,,,,,,,0.0
11610,99607423,5057304,275075,2024-2025,132,,,,,,,,0.0
11611,99623793,5057304,275075,2024-2025,133,,,,,,,,0.0
11612,99624286,5057304,275075,2024-2025,134,,,,,,,,0.0
11613,99624824,5057304,275075,2024-2025,135,,,,,,,,0.0
11614,99629255,5057304,275075,2024-2025,136,,,,,,,,0.0
11615,99628738,5057304,275075,2024-2025,137,,,,,,,,0.0
11616,99555337,5057304,275075,2024-2025,138,,,,,,,,0.0
11617,99628117,5057304,275075,2024-2025,139,,,,,,,,0.0
11618,98994595,5057304,275075,2024-2025,140,,,,,,,,0.0
11619,99010026,5057304,275075,2024-2025,141,,,,,,,,0.0
11620,101667469,5057304,275075,2024-2025,142,XV Finance Commission,250567.0,250567.0,250567.0,250567.0,,,127818.0
11621,101677505,5057304,275075,2024-2025,143,,18000.0,,,,,,0.0
11622,101708942,5057304,275075,2024-2025,144,,3500.0,,,,,,0.0
11623,101709825,5057304,275075,2024-2025,145,,3500.0,,,,,,0.0
11624,101692435,5057304,275075,2024-2025,146,XV Finance Commission,200000.0,200000.0,200000.0,200000.0,,,197439.0
11625,101710724,5057304,275075,2024-2025,147,,3500.0,,,,,,0.0
11626,101713231,5057304,275075,2024-2025,148,,3500.0,,,,,,0.0
11627,101714877,5057304,275075,2024-2025,149,,3500.0,,,,,,0.0
11628,101716304,5057304,275075,2024-2025,150,,3500.0,,,,,,0.0
11629,101701760,5057304,275075,2024-2025,151,,3500.0,,,,,,0.0
11630,101702702,5057304,275075,2024-2025,152,,3500.0,,,,,,0.0
11631,101703754,5057304,275075,2024-2025,153,,3500.0,,,,,,0.0
11632,101705145,5057304,275075,2024-2025,154,,3500.0,,,,,,0.0
11633,101707288,5057304,275075,2024-2025,155,,3500.0,,,,,,0.0
11634,101708055,5057304,275075,2024-2025,156,,3500.0,,,,,,0.0
11635,101760378,5057304,275075,2024-2025,157,XV Finance Commission,172756.0,172756.0,172756.0,172756.0,,,170992.0
11636,101758172,5057304,275075,2024-2025,158,XV Finance Commission,380000.0,380000.0,380000.0,380000.0,,,374210.0
11637,101771672,5057304,275075,2024-2025,159,5TH STATE FINANCE COMMISSION,130000.0,130000.0,130000.0,130000.0,,,128700.0
11638,99010616,5057304,275075,2024-2025,160,,,,,,,,0.0
11639,98987028,5057304,275075,2024-2025,161,,,,,,,,0.0
11640,99011585,5057304,275075,2024-2025,162,,,,,,,,0.0
11641,99012083,5057304,275075,2024-2025,163,,,,,,,,0.0
11642,99012504,5057304,275075,2024-2025,164,,,,,,,,0.0
11643,99068751,5057304,275075,2024-2025,165,,,,,,,,0.0
11644,99183473,5057304,275075,2024-2025,166,,,,,,,,0.0
11645,99232946,5057304,275075,2024-2025,167,,,,,,,,0.0
11646,99602679,5057304,275075,2024-2025,168,,,,,,,,0.0
11647,99188501,5057304,275075,2024-2025,169,,,,,,,,0.0
11648,101779311,5057304,275075,2024-2025,170,,10000.0,,,,,,0.0
11649,101793444,5057304,275075,2024-2025,171,5TH STATE FINANCE COMMISSION,100000.0,100000.0,100000.0,100000.0,,,94952.0
11650,101787279,5057304,275075,2024-2025,172,5TH STATE FINANCE COMMISSION,10000.0,,10000.0,10000.0,,,0.0
11651,101711789,5057304,275075,2024-2025,173,,3500.0,,,,,,0.0
11652,101706085,5057304,275075,2024-2025,174,,3500.0,,,,,,0.0
11653,101700799,5057304,275075,2024-2025,175,,3500.0,,,,,,0.0
11654,101829349,5057304,275075,2024-2025,176,,,,,,,,0.0
11655,101830490,5057304,275075,2024-2025,177,,,,,,,,0.0
11656,101830973,5057304,275075,2024-2025,178,,,,,,,,0.0
11657,99378608,5057304,275075,2024-2025,179,,,,,,,,0.0
11658,99012761,5057304,275075,2024-2025,180,,,,,,,,0.0
11659,99235035,5057304,275075,2024-2025,181,,,,,,,,0.0
11660,101829663,5057304,275075,2024-2025,182,,,,,,,,0.0
11661,101831545,5057304,275075,2024-2025,183,,,,,,,,0.0
11662,99380444,5057304,275075,2024-2025,184,,,,,,,,0.0
11663,99566819,5057304,275075,2024-2025,185,,,,,,,,0.0
11664,101832801,5057304,275075,2024-2025,186,,,,,,,,0.0
11665,99566874,5057304,275075,2024-2025,187,,,,,,,,0.0
11666,101827970,5057304,275075,2024-2025,188,,,,,,,,0.0
11667,101832099,5057304,275075,2024-2025,189,,,,,,,,0.0
11668,101818781,5057304,275075,2024-2025,190,,1000000.0,,,,,,0.0
11669,101824030,5057304,275075,2024-2025,191,,5000.0,,,,,,0.0
11670,101825953,5057304,275075,2024-2025,192,,,,,,,,0.0
11671,101826859,5057304,275075,2024-2025,193,,,,,,,,0.0
11672,101828729,5057304,275075,2024-2025,194,,,,,,,,0.0
11673,101767979,5057304,275075,2024-2025,195,XV Finance Commission,100000.0,100000.0,100000.0,100000.0,,,99564.0
11674,101670645,5057304,275075,2024-2025,196,XV Finance Commission,100000.0,100000.0,100000.0,100000.0,,,99000.0
11675,101794599,5057304,275075,2024-2025,197,5TH STATE FINANCE COMMISSION,208152.0,208152.0,208152.0,208152.0,,,0.0
11676,101679271,5057304,275075,2024-2025,198,XV Finance Commission,18000.0,18000.0,18000.0,18000.0,,,17700.0
11677,101770042,5057304,275075,2024-2025,199,5TH STATE FINANCE COMMISSION,280000.0,280000.0,280000.0,280000.0,,,271490.0
11678,101778291,5057304,275075,2024-2025,200,5TH STATE FINANCE COMMISSION,80000.0,1.0,80000.0,80000.0,,,0.0
11679,101781141,5057304,275075,2024-2025,201,5TH STATE FINANCE COMMISSION,33230.0,33230.0,33230.0,33230.0,,,33230.0
11680,101672014,5057304,275075,2024-2025,202,XV Finance Commission,10000.0,,10000.0,10000.0,,,6000.0
11681,101687405,5057304,275075,2024-2025,203,XV Finance Commission,87067.0,,87067.0,87067.0,,,0.0
11682,101676201,5057304,275075,2024-2025,204,XV Finance Commission,18000.0,18000.0,18000.0,18000.0,,,18000.0
11683,101683463,5057304,275075,2024-2025,205,XV Finance Commission,40000.0,40000.0,40000.0,40000.0,,,0.0
11684,101674919,5057304,275075,2024-2025,206,XV Finance Commission,18000.0,18000.0,18000.0,18000.0,,,0.0
11685,101673353,5057304,275075,2024-2025,207,XV Finance Commission,18000.0,18000.0,18000.0,18000.0,,,7000.0
11686,101699547,5057304,275075,2024-2025,208,XV Finance Commission,10000.0,10000.0,10000.0,10000.0,,,0.0
11687,101682447,5057304,275075,2024-2025,209,XV Finance Commission,10000.0,10000.0,10000.0,10000.0,,,10000.0
11688,101718593,5057304,275075,2024-2025,210,XV Finance Commission,70000.0,70000.0,70000.0,70000.0,,,0.0
11689,101698485,5057304,275075,2024-2025,211,XV Finance Commission,20000.0,20000.0,20000.0,20000.0,,,19800.0
11690,101668571,5057304,275075,2024-2025,212,XV Finance Commission,39000.0,39000.0,39000.0,39000.0,,,39000.0
11691,121950601,5530984,275075,2025-2026,1,XV Finance Commission,30000.0,,30000.0,30000.0,,,17879.0
11692,117943800,5530984,275075,2025-2026,2,,500000.0,,,,,,0.0
11693,117929730,5530984,275075,2025-2026,3,,1000000.0,,,,,,0.0
11694,117746359,5530984,275075,2025-2026,4,,1000000.0,,,,,,0.0
11695,117747151,5530984,275075,2025-2026,5,,1000000.0,,,,,,0.0
11696,118277376,5530984,275075,2025-2026,6,,,,,,,,0.0
11697,121876214,5530984,275075,2025-2026,7,5TH STATE FINANCE COMMISSION,283230.0,283230.0,283230.0,283230.0,,,283230.0
11698,121949707,5530984,275075,2025-2026,8,XV Finance Commission,200000.0,200000.0,200000.0,200000.0,,,200000.0
11699,117140028,5530984,275075,2025-2026,9,,113000.0,,,,,,0.0
11700,117144842,5530984,275075,2025-2026,10,,113000.0,,,,,,0.0
11701,117145764,5530984,275075,2025-2026,11,,113000.0,,,,,,0.0
11702,117146557,5530984,275075,2025-2026,12,,113000.0,,,,,,0.0
11703,117147104,5530984,275075,2025-2026,13,,113000.0,,,,,,0.0
11704,117148210,5530984,275075,2025-2026,14,,113000.0,,,,,,0.0
11705,117147625,5530984,275075,2025-2026,15,,113000.0,,,,,,0.0
11706,117173379,5530984,275075,2025-2026,16,,113000.0,,,,,,0.0
11707,121711622,5530984,275075,2025-2026,17,,,,,,,,0.0
11708,121794473,5530984,275075,2025-2026,18,,,,,,,,0.0
11709,121784800,5530984,275075,2025-2026,19,,250000.0,250000.0,,,,,0.0
11710,121785218,5530984,275075,2025-2026,20,XV Finance Commission,10000.0,,10000.0,10000.0,,,0.0
11711,121772840,5530984,275075,2025-2026,21,XV Finance Commission,69000.0,69000.0,69000.0,69000.0,,,0.0
11712,121835842,5530984,275075,2025-2026,22,,,,,,,,0.0
11713,121832409,5530984,275075,2025-2026,23,,,,,,,,0.0
11714,121837654,5530984,275075,2025-2026,24,,,,,,,,0.0
11715,121829724,5530984,275075,2025-2026,25,,,,,,,,0.0
11716,121837298,5530984,275075,2025-2026,26,,,,,,,,0.0
11717,121831448,5530984,275075,2025-2026,27,,,,,,,,0.0
11718,121835370,5530984,275075,2025-2026,28,,,,,,,,0.0
11719,121876065,5530984,275075,2025-2026,29,5TH STATE FINANCE COMMISSION,60000.0,60000.0,60000.0,60000.0,,,58200.0
11720,121847816,5530984,275075,2025-2026,30,,,,,,,,0.0
11721,121848231,5530984,275075,2025-2026,31,,,,,,,,0.0
11722,121848515,5530984,275075,2025-2026,32,,,,,,,,0.0
11723,121876528,5530984,275075,2025-2026,33,,1000000.0,,,,,,0.0
11724,121876850,5530984,275075,2025-2026,34,,500000.0,,,,,,0.0
11725,121850331,5530984,275075,2025-2026,35,,,,,,,,0.0
11726,121843813,5530984,275075,2025-2026,36,,,,,,,,0.0
11727,121844167,5530984,275075,2025-2026,37,,,,,,,,0.0
11728,121845339,5530984,275075,2025-2026,38,,,,,,,,0.0
11729,121845884,5530984,275075,2025-2026,39,,,,,,,,0.0
11730,121953824,5530984,275075,2025-2026,40,,,,,,,,0.0
11731,121956309,5530984,275075,2025-2026,41,,244560.0,,,,,,0.0
11732,121958555,5530984,275075,2025-2026,42,,5000.0,,,,,,0.0
11733,121836217,5530984,275075,2025-2026,43,,,,,,,,0.0
11734,121844853,5530984,275075,2025-2026,44,,,,,,,,0.0
11735,121836734,5530984,275075,2025-2026,45,,,,,,,,0.0
11736,121843533,5530984,275075,2025-2026,46,,,,,,,,0.0
11737,121844382,5530984,275075,2025-2026,47,,,,,,,,0.0
11738,121850883,5530984,275075,2025-2026,48,,,,,,,,0.0
11739,121950179,5530984,275075,2025-2026,49,,40000.0,,,,,,0.0
11740,121953930,5530984,275075,2025-2026,50,,,,,,,,0.0
11741,121954827,5530984,275075,2025-2026,51,,,,,,,,0.0
11742,121955938,5530984,275075,2025-2026,52,,70000.0,,,,,,0.0
11743,121846574,5530984,275075,2025-2026,53,,,,,,,,0.0
11744,121847071,5530984,275075,2025-2026,54,,,,,,,,0.0
11745,121847606,5530984,275075,2025-2026,55,,,,,,,,0.0
11746,121848912,5530984,275075,2025-2026,56,,,,,,,,0.0
11747,121849379,5530984,275075,2025-2026,57,,,,,,,,0.0
11748,121849687,5530984,275075,2025-2026,58,,,,,,,,0.0
11749,121851348,5530984,275075,2025-2026,59,,,,,,,,0.0
11750,121950891,5530984,275075,2025-2026,60,XV Finance Commission,150000.0,150000.0,150000.0,150000.0,,,142294.0
11751,121951029,5530984,275075,2025-2026,61,,100000.0,,,,,,0.0
11752,121951043,5530984,275075,2025-2026,62,,,,,,,,0.0
11753,121951169,5530984,275075,2025-2026,63,,,,,,,,0.0
11754,121951263,5530984,275075,2025-2026,64,,,,,,,,0.0
11755,121951342,5530984,275075,2025-2026,65,XV Finance Commission,24756.0,24756.0,24756.0,24756.0,,,24756.0
11756,121951367,5530984,275075,2025-2026,66,,,,,,,,0.0
11757,121951526,5530984,275075,2025-2026,67,,,,,,,,0.0
11758,121951619,5530984,275075,2025-2026,68,,,,,,,,0.0
11759,121951695,5530984,275075,2025-2026,69,,,,,,,,0.0
11760,121951887,5530984,275075,2025-2026,70,,,,,,,,0.0
11761,121952427,5530984,275075,2025-2026,71,,,,,,,,0.0
11762,121952977,5530984,275075,2025-2026,72,,,,,,,,0.0
11763,121953275,5530984,275075,2025-2026,73,,,,,,,,0.0
11764,121953434,5530984,275075,2025-2026,74,,,,,,,,0.0
11765,121953692,5530984,275075,2025-2026,75,,,,,,,,0.0
11766,121954143,5530984,275075,2025-2026,76,,,,,,,,0.0
11767,121954263,5530984,275075,2025-2026,77,,,,,,,,0.0
11768,121954728,5530984,275075,2025-2026,78,,,,,,,,0.0
11769,121956922,5530984,275075,2025-2026,79,,,,,,,,0.0
11770,121957020,5530984,275075,2025-2026,80,,,,,,,,0.0
11771,121957124,5530984,275075,2025-2026,81,,,,,,,,0.0
11772,121957235,5530984,275075,2025-2026,82,,,,,,,,0.0
11773,121957534,5530984,275075,2025-2026,83,,,,,,,,0.0
11774,121951791,5530984,275075,2025-2026,84,,,,,,,,0.0
11775,121954398,5530984,275075,2025-2026,85,,,,,,,,0.0
11776,121952052,5530984,275075,2025-2026,86,,,,,,,,0.0
11777,121949512,5530984,275075,2025-2026,87,5TH STATE FINANCE COMMISSION,180000.0,,180000.0,180000.0,,,173032.0
11778,121954482,5530984,275075,2025-2026,88,,,,,,,,0.0
11779,121956837,5530984,275075,2025-2026,89,,,,,,,,0.0
11780,121952175,5530984,275075,2025-2026,90,,,,,,,,0.0
11781,121954582,5530984,275075,2025-2026,91,,,,,,,,0.0
11782,121952300,5530984,275075,2025-2026,92,,,,,,,,0.0
11783,121954644,5530984,275075,2025-2026,93,,,,,,,,0.0
11784,121949847,5530984,275075,2025-2026,94,XV Finance Commission,60000.0,60000.0,60000.0,60000.0,,,45000.0
11785,121952545,5530984,275075,2025-2026,95,,,,,,,,0.0
11786,121954918,5530984,275075,2025-2026,96,,,,,,,,0.0
11787,121957334,5530984,275075,2025-2026,97,,,,,,,,0.0
11788,121955042,5530984,275075,2025-2026,98,,,,,,,,0.0
11789,121957421,5530984,275075,2025-2026,99,,,,,,,,0.0
11790,121953079,5530984,275075,2025-2026,100,,,,,,,,0.0
11791,121953148,5530984,275075,2025-2026,101,,,,,,,,0.0
11792,121955551,5530984,275075,2025-2026,102,,24000.0,,,,,,0.0
11793,121950897,5530984,275075,2025-2026,103,,,,,,,,0.0
11794,121955700,5530984,275075,2025-2026,104,,,,,,,,0.0
11795,121953342,5530984,275075,2025-2026,105,,,,,,,,0.0
11796,121951175,5530984,275075,2025-2026,106,XV Finance Commission,52306.0,52306.0,52306.0,52306.0,,,52306.0
11797,121773936,5530984,275075,2025-2026,107,XV Finance Commission,250000.0,,250000.0,250000.0,,,0.0
11798,121950768,5530984,275075,2025-2026,108,XV Finance Commission,89567.0,89567.0,89567.0,89567.0,,,17890.0
11799,121786130,5530984,275075,2025-2026,109,XV Finance Commission,60694.0,60694.0,60694.0,60694.0,,,60694.0
11800,121875885,5530984,275075,2025-2026,110,5TH STATE FINANCE COMMISSION,120000.0,120000.0,120000.0,120000.0,,,0.0
11801,121950008,5530984,275075,2025-2026,111,XV Finance Commission,60000.0,60000.0,60000.0,60000.0,,,0.0
11802,121950281,5530984,275075,2025-2026,112,XV Finance Commission,60567.0,60567.0,60567.0,60567.0,,,0.0
11803,121950482,5530984,275075,2025-2026,113,XV Finance Commission,120000.0,120000.0,120000.0,120000.0,,,120000.0
11804,128267291,5988100,275075,2025-2026,1,,,,,,,,0.0
11805,128267271,5988100,275075,2025-2026,2,XV Finance Commission,250000.0,250000.0,250000.0,250000.0,,,115992.0
11806,44227382,2836118,118012,2020-2021,1,XV Finance Commission,340395.0,,340395.0,340395.0,,,0.0
11807,44227393,2836118,118012,2020-2021,2,XV Finance Commission,400000.0,,400000.0,400000.0,,,0.0
11808,44227369,2836118,118012,2020-2021,3,XV Finance Commission,900000.0,,900000.0,900000.0,,,0.0
11809,51917684,2836118,118012,2020-2021,4,,200000.0,,,,,,0.0
11810,44227259,2836118,118012,2020-2021,5,XV Finance Commission,300000.0,300000.0,300000.0,300000.0,,,295000.0
11811,51918815,2836118,118012,2020-2021,6,,70000.0,,,,,,0.0
11812,44227334,2836118,118012,2020-2021,7,,8000.0,,,,,,0.0
11813,44227218,2836118,118012,2020-2021,8,XV Finance Commission,240000.0,240000.0,240000.0,240000.0,,,240000.0
11814,51918758,2836118,118012,2020-2021,9,,50000.0,,,,,,0.0
11815,51918379,2836118,118012,2020-2021,10,,90000.0,,,,,,0.0
11816,44227250,2836118,118012,2020-2021,11,XV Finance Commission,100000.0,100000.0,100000.0,100000.0,,,96000.0
11817,44227443,2836118,118012,2020-2021,12,,400000.0,,,,,,0.0
11818,44227460,2836118,118012,2020-2021,13,,637190.0,,,,,,0.0
11819,51918217,2836118,118012,2020-2021,14,XV Finance Commission,748396.0,748396.0,748396.0,748396.0,,,712569.0
11820,51917574,2836118,118012,2020-2021,15,XV Finance Commission,150000.0,150000.0,150000.0,150000.0,,,140000.0
11821,60561586,4053728,118012,2020-2021,1,XV Finance Commission,740395.0,740395.0,740395.0,740395.0,,,706544.0
11822,60561431,4053728,118012,2020-2021,2,XV Finance Commission,900000.0,900000.0,900000.0,900000.0,,,859529.0
11823,87228973,4869425,118012,2020-2021,1,,87864.0,,,,,,0.0
11824,87229467,4869425,118012,2020-2021,2,,231438.0,,,,,,0.0
11825,87229528,4869425,118012,2020-2021,3,,347672.0,,,,,,0.0
11826,87229552,4869425,118012,2020-2021,4,,2067840.0,,,,,,0.0
11827,87229573,4869425,118012,2020-2021,5,,8715150.0,,,,,,0.0
11828,87229598,4869425,118012,2020-2021,6,,1727971.0,,,,,,0.0
11829,87229489,4869425,118012,2020-2021,7,,347673.0,,,,,,0.0
11830,87228076,4869425,118012,2020-2021,8,5TH STATE FINANCE COMMISSION,70000.0,70000.0,70000.0,70000.0,,,67888.0
11831,87228396,4869425,118012,2020-2021,9,,8639858.0,,,,,,0.0
11832,87228126,4869425,118012,2020-2021,10,5TH STATE FINANCE COMMISSION,70000.0,70000.0,70000.0,70000.0,,,67786.0
11833,87228010,4869425,118012,2020-2021,11,5TH STATE FINANCE COMMISSION,150000.0,150000.0,150000.0,150000.0,,,150000.0
11834,87228170,4869425,118012,2020-2021,12,5TH STATE FINANCE COMMISSION,259326.0,259326.0,259326.0,259326.0,,,243999.0
11835,47855464,3336788,118012,2021-2022,1,XV Finance Commission,869197.0,,869197.0,869197.0,,,0.0
11836,47855539,3336788,118012,2021-2022,2,5TH STATE FINANCE COMMISSION,1157190.0,,1157190.0,1157190.0,,,0.0
11837,47855486,3336788,118012,2021-2022,3,XV Finance Commission,869198.0,,869198.0,869198.0,,,0.0
11838,47855518,3336788,118012,2021-2022,4,XV Finance Commission,1738395.0,,1738395.0,1738395.0,,,0.0
11839,47855560,3336788,118012,2021-2022,5,Own Funds,434227.0,,434227.0,434227.0,,,0.0
11840,56168929,3833717,118012,2021-2022,1,XV Finance Commission,159197.0,159197.0,159197.0,159197.0,,,159161.0
11841,56198767,3833717,118012,2021-2022,2,,147673.0,,,,,,0.0
11842,56195813,3833717,118012,2021-2022,3,,173836.0,,,,,,0.0
11843,56195874,3833717,118012,2021-2022,4,,173837.0,,,,,,0.0
11844,56193006,3833717,118012,2021-2022,5,,100000.0,,,,,,0.0
11845,56169020,3833717,118012,2021-2022,6,,150000.0,,,,,,0.0
11846,56168905,3833717,118012,2021-2022,7,,200000.0,,,,,,0.0
11847,56192687,3833717,118012,2021-2022,8,XV Finance Commission,100395.0,100395.0,100395.0,100395.0,,,99500.0
11848,56195749,3833717,118012,2021-2022,9,,521072.0,,,,,,0.0
11849,56193943,3833717,118012,2021-2022,10,,431438.0,,,,,,0.0
11850,56169034,3833717,118012,2021-2022,11,XV Finance Commission,200000.0,200000.0,200000.0,200000.0,,,193537.0
11851,56169082,3833717,118012,2021-2022,12,XV Finance Commission,200000.0,200000.0,200000.0,200000.0,,,192780.0
11852,56192487,3833717,118012,2021-2022,13,XV Finance Commission,50000.0,50000.0,50000.0,50000.0,,,50000.0
11853,56168852,3833717,118012,2021-2022,14,XV Finance Commission,288000.0,288000.0,288000.0,288000.0,,,288000.0
11854,56168982,3833717,118012,2021-2022,15,XV Finance Commission,500000.0,500000.0,500000.0,500000.0,,,454578.0
11855,56168872,3833717,118012,2021-2022,16,XV Finance Commission,80000.0,80000.0,80000.0,80000.0,,,60000.0
11856,56168881,3833717,118012,2021-2022,17,XV Finance Commission,251198.0,251198.0,251198.0,251198.0,,,230172.0
11857,56168958,3833717,118012,2021-2022,18,XV Finance Commission,270000.0,270000.0,270000.0,270000.0,,,255000.0
11858,56168889,3833717,118012,2021-2022,19,XV Finance Commission,240000.0,240000.0,240000.0,240000.0,,,240000.0
11859,56192798,3833717,118012,2021-2022,20,,200000.0,,,,,,0.0
11860,56192733,3833717,118012,2021-2022,21,,300000.0,,,,,,0.0
11861,56192966,3833717,118012,2021-2022,22,,100000.0,,,,,,0.0
11862,56192941,3833717,118012,2021-2022,23,,157190.0,,,,,,0.0
11863,56193842,3833717,118012,2021-2022,24,,100000.0,,,,,,0.0
11864,56192758,3833717,118012,2021-2022,25,,200000.0,,,,,,0.0
11865,56168863,3833717,118012,2021-2022,26,,250000.0,,,,,,0.0
11866,56192614,3833717,118012,2021-2022,27,,10000.0,,,,,,0.0
11867,56169058,3833717,118012,2021-2022,28,,228000.0,,,,,,0.0
11868,56192383,3833717,118012,2021-2022,29,,200000.0,,,,,,0.0
11869,56168999,3833717,118012,2021-2022,30,,100000.0,,,,,,0.0
11870,60384031,4044120,118012,2022-2023,1,,1043035.0,,,,,,0.0
11871,60384335,4044120,118012,2022-2023,2,,10000.0,,,,,,0.0
11872,60384225,4044120,118012,2022-2023,3,,1390710.0,,,,,,0.0
11873,60384136,4044120,118012,2022-2023,4,,1043035.0,,,,,,0.0
11874,66671698,4423104,118012,2022-2023,1,XV Finance Commission,200000.0,200000.0,200000.0,200000.0,,,192953.0
11875,66671332,4423104,118012,2022-2023,2,,100000.0,,,,,,0.0
11876,66671064,4423104,118012,2022-2023,3,,200000.0,,,,,,0.0
11877,66671755,4423104,118012,2022-2023,4,XV Finance Commission,250000.0,250000.0,250000.0,250000.0,,,209312.0
11878,66671893,4423104,118012,2022-2023,5,,200000.0,,,,,,0.0
11879,66671599,4423104,118012,2022-2023,6,,150000.0,,,,,,0.0
11880,66671085,4423104,118012,2022-2023,7,,100000.0,,,,,,0.0
11881,66671038,4423104,118012,2022-2023,8,,53035.0,,,,,,0.0
11882,66727117,4423104,118012,2022-2023,9,,10000.0,,,,,,0.0
11883,66671994,4423104,118012,2022-2023,10,,357190.0,,,,,,0.0
11884,66671404,4423104,118012,2022-2023,11,,150000.0,,,,,,0.0
11885,66661938,4423104,118012,2022-2023,12,,48000.0,,,,,,0.0
11886,66671541,4423104,118012,2022-2023,13,XV Finance Commission,90000.0,90000.0,90000.0,90000.0,,,86800.0
11887,66671467,4423104,118012,2022-2023,14,XV Finance Commission,250000.0,250000.0,250000.0,250000.0,,,245000.0
11888,66671957,4423104,118012,2022-2023,15,5TH STATE FINANCE COMMISSION,400000.0,400000.0,400000.0,400000.0,,,391664.0
11889,66671732,4423104,118012,2022-2023,16,XV Finance Commission,300000.0,300000.0,300000.0,300000.0,,,293156.0
11890,66671436,4423104,118012,2022-2023,17,XV Finance Commission,103035.0,103035.0,103035.0,103035.0,,,100671.0
11891,66671294,4423104,118012,2022-2023,18,XV Finance Commission,200000.0,200000.0,200000.0,200000.0,,,200000.0
11892,66671371,4423104,118012,2022-2023,19,XV Finance Commission,240000.0,240000.0,240000.0,240000.0,,,225000.0
11893,66671655,4423104,118012,2022-2023,20,XV Finance Commission,150000.0,150000.0,150000.0,150000.0,,,144033.0
11894,66671573,4423104,118012,2022-2023,21,XV Finance Commission,150000.0,150000.0,150000.0,150000.0,,,145500.0
11895,66671825,4423104,118012,2022-2023,22,XV Finance Commission,100710.0,100710.0,100710.0,100710.0,,,90380.0
11896,66661960,4423104,118012,2022-2023,23,XV Finance Commission,192000.0,192000.0,192000.0,192000.0,,,173000.0
11897,66671018,4423104,118012,2022-2023,24,XV Finance Commission,450000.0,450000.0,450000.0,450000.0,,,438433.0
11898,66671930,4423104,118012,2022-2023,25,,200000.0,,,,,,0.0
11899,77938089,4616528,118012,2023-2024,1,,,,,,,,0.0
11900,77953591,4616528,118012,2023-2024,2,,,,,,,,0.0
11901,77980358,4616528,118012,2023-2024,3,,,,,,,,0.0
11902,79827195,4616528,118012,2023-2024,4,,,,,,,,0.0
11903,75541521,4616528,118012,2023-2024,5,,3000.0,,,,,,0.0
11904,79261302,4616528,118012,2023-2024,6,,,,,,,,0.0
11905,79263751,4616528,118012,2023-2024,7,,,,,,,,0.0
11906,79566950,4616528,118012,2023-2024,8,,,,,,,,0.0
11907,79275498,4616528,118012,2023-2024,9,,,,,,,,0.0
11908,79276357,4616528,118012,2023-2024,10,,,,,,,,0.0
11909,79008058,4616528,118012,2023-2024,11,,,,,,,,0.0
11910,79011906,4616528,118012,2023-2024,12,,,,,,,,0.0
11911,79019064,4616528,118012,2023-2024,13,,,,,,,,0.0
11912,79025915,4616528,118012,2023-2024,14,,,,,,,,0.0
11913,79036601,4616528,118012,2023-2024,15,,,,,,,,0.0
11914,79036003,4616528,118012,2023-2024,16,,,,,,,,0.0
11915,79053687,4616528,118012,2023-2024,17,,,,,,,,0.0
11916,81549534,4616528,118012,2023-2024,18,,58964.0,,,,,,0.0
11917,79055109,4616528,118012,2023-2024,19,,,,,,,,0.0
11918,79604654,4616528,118012,2023-2024,20,,,,,,,,0.0
11919,79064300,4616528,118012,2023-2024,21,,,,,,,,0.0
11920,79069759,4616528,118012,2023-2024,22,,,,,,,,0.0
11921,79071798,4616528,118012,2023-2024,23,,,,,,,,0.0
11922,81551790,4616528,118012,2023-2024,24,5TH STATE FINANCE COMMISSION,289297.0,289297.0,289297.0,289297.0,,,278114.0
11923,79072356,4616528,118012,2023-2024,25,,,,,,,,0.0
11924,79084147,4616528,118012,2023-2024,26,,,,,,,,0.0
11925,79085362,4616528,118012,2023-2024,27,,,,,,,,0.0
11926,79085875,4616528,118012,2023-2024,28,,,,,,,,0.0
11927,79086340,4616528,118012,2023-2024,29,,,,,,,,0.0
11928,79726123,4616528,118012,2023-2024,30,,,,,,,,0.0
11929,78427806,4616528,118012,2023-2024,31,,,,,,,,0.0
11930,78428707,4616528,118012,2023-2024,32,,,,,,,,0.0
11931,81564141,4616528,118012,2023-2024,33,5TH STATE FINANCE COMMISSION,200000.0,200000.0,200000.0,200000.0,,,192289.0
11932,79419914,4616528,118012,2023-2024,34,,,,,,,,0.0
11933,79560457,4616528,118012,2023-2024,35,,,,,,,,0.0
11934,79699371,4616528,118012,2023-2024,36,,,,,,,,0.0
11935,79707108,4616528,118012,2023-2024,37,,,,,,,,0.0
11936,81456953,4616528,118012,2023-2024,38,,,,,,,,0.0
11937,81457828,4616528,118012,2023-2024,39,,,,,,,,0.0
11938,81570415,4616528,118012,2023-2024,40,,,,,,,,0.0
11939,81575280,4616528,118012,2023-2024,41,,,,,,,,0.0
11940,81580542,4616528,118012,2023-2024,42,,1000.0,,,,,,0.0
11941,72620474,4616528,118012,2023-2024,43,,200000.0,,,,,,0.0
11942,72623470,4616528,118012,2023-2024,44,,300000.0,,,,,,0.0
11943,72625061,4616528,118012,2023-2024,45,,200000.0,,,,,,0.0
11944,72626654,4616528,118012,2023-2024,46,,300000.0,,,,,,0.0
11945,75538997,4616528,118012,2023-2024,47,,2500.0,,,,,,0.0
11946,75539909,4616528,118012,2023-2024,48,,,,,,,,0.0
11947,75540398,4616528,118012,2023-2024,49,,,,,,,,0.0
11948,75540508,4616528,118012,2023-2024,50,,3000.0,,,,,,0.0
11949,75540628,4616528,118012,2023-2024,51,,,,,,,,0.0
11950,75540809,4616528,118012,2023-2024,52,,,,,,,,0.0
11951,75541099,4616528,118012,2023-2024,53,,,,,,,,0.0
11952,75541359,4616528,118012,2023-2024,54,,,,,,,,0.0
11953,77928599,4616528,118012,2023-2024,55,,,,,,,,0.0
11954,77929244,4616528,118012,2023-2024,56,,,,,,,,0.0
11955,77929909,4616528,118012,2023-2024,57,,,,,,,,0.0
11956,77931538,4616528,118012,2023-2024,58,,,,,,,,0.0
11957,77932823,4616528,118012,2023-2024,59,,,,,,,,0.0
11958,77933356,4616528,118012,2023-2024,60,,,,,,,,0.0
11959,77933897,4616528,118012,2023-2024,61,,,,,,,,0.0
11960,77934648,4616528,118012,2023-2024,62,,,,,,,,0.0
11961,77936044,4616528,118012,2023-2024,63,,,,,,,,0.0
11962,77936736,4616528,118012,2023-2024,64,,,,,,,,0.0
11963,77937364,4616528,118012,2023-2024,65,,,,,,,,0.0
11964,77939023,4616528,118012,2023-2024,66,,,,,,,,0.0
11965,77940125,4616528,118012,2023-2024,67,,,,,,,,0.0
11966,77940664,4616528,118012,2023-2024,68,,,,,,,,0.0
11967,77941251,4616528,118012,2023-2024,69,,,,,,,,0.0
11968,77942316,4616528,118012,2023-2024,70,,,,,,,,0.0
11969,77955190,4616528,118012,2023-2024,71,,,,,,,,0.0
11970,77956327,4616528,118012,2023-2024,72,,,,,,,,0.0
11971,77956990,4616528,118012,2023-2024,73,,,,,,,,0.0
11972,77958003,4616528,118012,2023-2024,74,,,,,,,,0.0
11973,77961317,4616528,118012,2023-2024,75,,,,,,,,0.0
11974,77962503,4616528,118012,2023-2024,76,,,,,,,,0.0
11975,77965072,4616528,118012,2023-2024,77,,,,,,,,0.0
11976,77970595,4616528,118012,2023-2024,78,,,,,,,,0.0
11977,77974443,4616528,118012,2023-2024,79,,,,,,,,0.0
11978,77976560,4616528,118012,2023-2024,80,,,,,,,,0.0
11979,77977813,4616528,118012,2023-2024,81,,1500.0,,,,,,0.0
11980,77979337,4616528,118012,2023-2024,82,,,,,,,,0.0
11981,77983111,4616528,118012,2023-2024,83,,,,,,,,0.0
11982,77995411,4616528,118012,2023-2024,84,,,,,,,,0.0
11983,77996580,4616528,118012,2023-2024,85,,,,,,,,0.0
11984,78429308,4616528,118012,2023-2024,86,,,,,,,,0.0
11985,78429878,4616528,118012,2023-2024,87,,,,,,,,0.0
11986,78430502,4616528,118012,2023-2024,88,,,,,,,,0.0
11987,78430995,4616528,118012,2023-2024,89,,,,,,,,0.0
11988,78433680,4616528,118012,2023-2024,90,,,,,,,,0.0
11989,78434073,4616528,118012,2023-2024,91,,,,,,,,0.0
11990,78434450,4616528,118012,2023-2024,92,,,,,,,,0.0
11991,78436043,4616528,118012,2023-2024,93,,,,,,,,0.0
11992,79000876,4616528,118012,2023-2024,94,,,,,,,,0.0
11993,79001894,4616528,118012,2023-2024,95,,,,,,,,0.0
11994,79009286,4616528,118012,2023-2024,96,,,,,,,,0.0
11995,79010772,4616528,118012,2023-2024,97,,,,,,,,0.0
11996,79021166,4616528,118012,2023-2024,98,,,,,,,,0.0
11997,79023680,4616528,118012,2023-2024,99,,,,,,,,0.0
11998,79028331,4616528,118012,2023-2024,100,,,,,,,,0.0
11999,79029432,4616528,118012,2023-2024,101,,,,,,,,0.0
12000,79030623,4616528,118012,2023-2024,102,,,,,,,,0.0
12001,79031743,4616528,118012,2023-2024,103,,,,,,,,0.0
12002,79034001,4616528,118012,2023-2024,104,,,,,,,,0.0
12003,79034758,4616528,118012,2023-2024,105,,,,,,,,0.0
12004,79046693,4616528,118012,2023-2024,106,,,,,,,,0.0
12005,79051395,4616528,118012,2023-2024,107,,,,,,,,0.0
12006,79052676,4616528,118012,2023-2024,108,,,,,,,,0.0
12007,79054440,4616528,118012,2023-2024,109,,,,,,,,0.0
12008,79055692,4616528,118012,2023-2024,110,,,,,,,,0.0
12009,79056608,4616528,118012,2023-2024,111,,,,,,,,0.0
12010,79057492,4616528,118012,2023-2024,112,,,,,,,,0.0
12011,79058240,4616528,118012,2023-2024,113,,,,,,,,0.0
12012,79058918,4616528,118012,2023-2024,114,,,,,,,,0.0
12013,79059768,4616528,118012,2023-2024,115,,,,,,,,0.0
12014,79060470,4616528,118012,2023-2024,116,,,,,,,,0.0
12015,79063045,4616528,118012,2023-2024,117,,,,,,,,0.0
12016,79066936,4616528,118012,2023-2024,118,,,,,,,,0.0
12017,79068343,4616528,118012,2023-2024,119,,,,,,,,0.0
12018,79073141,4616528,118012,2023-2024,120,,,,,,,,0.0
12019,79073766,4616528,118012,2023-2024,121,,,,,,,,0.0
12020,79074340,4616528,118012,2023-2024,122,,,,,,,,0.0
12021,79074907,4616528,118012,2023-2024,123,,,,,,,,0.0
12022,79075925,4616528,118012,2023-2024,124,,,,,,,,0.0
12023,79077251,4616528,118012,2023-2024,125,,,,,,,,0.0
12024,79080089,4616528,118012,2023-2024,126,,,,,,,,0.0
12025,79081358,4616528,118012,2023-2024,127,,,,,,,,0.0
12026,79082096,4616528,118012,2023-2024,128,,,,,,,,0.0
12027,79082776,4616528,118012,2023-2024,129,,,,,,,,0.0
12028,79083274,4616528,118012,2023-2024,130,,,,,,,,0.0
12029,79086755,4616528,118012,2023-2024,131,,,,,,,,0.0
12030,79087140,4616528,118012,2023-2024,132,,,,,,,,0.0
12031,79090580,4616528,118012,2023-2024,133,,,,,,,,0.0
12032,79212164,4616528,118012,2023-2024,134,,,,,,,,0.0
12033,79243951,4616528,118012,2023-2024,135,,,,,,,,0.0
12034,79245644,4616528,118012,2023-2024,136,,,,,,,,0.0
12035,79246165,4616528,118012,2023-2024,137,,,,,,,,0.0
12036,79252797,4616528,118012,2023-2024,138,,,,,,,,0.0
12037,79255349,4616528,118012,2023-2024,139,,,,,,,,0.0
12038,79257790,4616528,118012,2023-2024,140,,,,,,,,0.0
12039,79262179,4616528,118012,2023-2024,141,,,,,,,,0.0
12040,79262923,4616528,118012,2023-2024,142,,,,,,,,0.0
12041,79274681,4616528,118012,2023-2024,143,,,,,,,,0.0
12042,79284179,4616528,118012,2023-2024,144,,,,,,,,0.0
12043,79290658,4616528,118012,2023-2024,145,,,,,,,,0.0
12044,79297233,4616528,118012,2023-2024,146,,,,,,,,0.0
12045,79298291,4616528,118012,2023-2024,147,,,,,,,,0.0
12046,79299034,4616528,118012,2023-2024,148,,,,,,,,0.0
12047,79418093,4616528,118012,2023-2024,149,,,,,,,,0.0
12048,79419278,4616528,118012,2023-2024,150,,,,,,,,0.0
12049,79420609,4616528,118012,2023-2024,151,,,,,,,,0.0
12050,79421122,4616528,118012,2023-2024,152,,,,,,,,0.0
12051,79421659,4616528,118012,2023-2024,153,,,,,,,,0.0
12052,79557513,4616528,118012,2023-2024,154,,,,,,,,0.0
12053,79558778,4616528,118012,2023-2024,155,,,,,,,,0.0
12054,79559681,4616528,118012,2023-2024,156,,,,,,,,0.0
12055,79561338,4616528,118012,2023-2024,157,,,,,,,,0.0
12056,79562739,4616528,118012,2023-2024,158,,,,,,,,0.0
12057,79567651,4616528,118012,2023-2024,159,,,,,,,,0.0
12058,79568239,4616528,118012,2023-2024,160,,,,,,,,0.0
12059,79569043,4616528,118012,2023-2024,161,,,,,,,,0.0
12060,79569883,4616528,118012,2023-2024,162,,,,,,,,0.0
12061,79570423,4616528,118012,2023-2024,163,,,,,,,,0.0
12062,79572922,4616528,118012,2023-2024,164,,,,,,,,0.0
12063,79574519,4616528,118012,2023-2024,165,,,,,,,,0.0
12064,79576685,4616528,118012,2023-2024,166,,,,,,,,0.0
12065,79578034,4616528,118012,2023-2024,167,,,,,,,,0.0
12066,79578563,4616528,118012,2023-2024,168,,,,,,,,0.0
12067,79579241,4616528,118012,2023-2024,169,,,,,,,,0.0
12068,79580029,4616528,118012,2023-2024,170,,,,,,,,0.0
12069,79580957,4616528,118012,2023-2024,171,,,,,,,,0.0
12070,79582289,4616528,118012,2023-2024,172,,,,,,,,0.0
12071,79584791,4616528,118012,2023-2024,173,,,,,,,,0.0
12072,79585942,4616528,118012,2023-2024,174,,,,,,,,0.0
12073,79590356,4616528,118012,2023-2024,175,,,,,,,,0.0
12074,79594746,4616528,118012,2023-2024,176,,,,,,,,0.0
12075,79595752,4616528,118012,2023-2024,177,,,,,,,,0.0
12076,79596330,4616528,118012,2023-2024,178,,,,,,,,0.0
12077,79597171,4616528,118012,2023-2024,179,,,,,,,,0.0
12078,79597921,4616528,118012,2023-2024,180,,,,,,,,0.0
12079,79599104,4616528,118012,2023-2024,181,,,,,,,,0.0
12080,79599814,4616528,118012,2023-2024,182,,,,,,,,0.0
12081,79605369,4616528,118012,2023-2024,183,,,,,,,,0.0
12082,79605954,4616528,118012,2023-2024,184,,,,,,,,0.0
12083,79607034,4616528,118012,2023-2024,185,,,,,,,,0.0
12084,79608907,4616528,118012,2023-2024,186,,,,,,,,0.0
12085,79609491,4616528,118012,2023-2024,187,,,,,,,,0.0
12086,79610361,4616528,118012,2023-2024,188,,,,,,,,0.0
12087,79613071,4616528,118012,2023-2024,189,,,,,,,,0.0
12088,79614451,4616528,118012,2023-2024,190,,,,,,,,0.0
12089,79616207,4616528,118012,2023-2024,191,,,,,,,,0.0
12090,79618696,4616528,118012,2023-2024,192,,,,,,,,0.0
12091,79623389,4616528,118012,2023-2024,193,,,,,,,,0.0
12092,79690961,4616528,118012,2023-2024,194,,,,,,,,0.0
12093,79692529,4616528,118012,2023-2024,195,,,,,,,,0.0
12094,79693052,4616528,118012,2023-2024,196,,,,,,,,0.0
12095,79693555,4616528,118012,2023-2024,197,,,,,,,,0.0
12096,79694520,4616528,118012,2023-2024,198,,,,,,,,0.0
12097,79695040,4616528,118012,2023-2024,199,,,,,,,,0.0
12098,79695749,4616528,118012,2023-2024,200,,,,,,,,0.0
12099,79696596,4616528,118012,2023-2024,201,,,,,,,,0.0
12100,79697090,4616528,118012,2023-2024,202,,,,,,,,0.0
12101,79697506,4616528,118012,2023-2024,203,,,,,,,,0.0
12102,79698414,4616528,118012,2023-2024,204,,,,,,,,0.0
12103,79698818,4616528,118012,2023-2024,205,,,,,,,,0.0
12104,79699804,4616528,118012,2023-2024,206,,,,,,,,0.0
12105,79700364,4616528,118012,2023-2024,207,,,,,,,,0.0
12106,79700903,4616528,118012,2023-2024,208,,,,,,,,0.0
12107,79701405,4616528,118012,2023-2024,209,,,,,,,,0.0
12108,79701687,4616528,118012,2023-2024,210,,,,,,,,0.0
12109,79702327,4616528,118012,2023-2024,211,,,,,,,,0.0
12110,79702769,4616528,118012,2023-2024,212,,,,,,,,0.0
12111,79703156,4616528,118012,2023-2024,213,,,,,,,,0.0
12112,79703589,4616528,118012,2023-2024,214,,,,,,,,0.0
12113,79704118,4616528,118012,2023-2024,215,,,,,,,,0.0
12114,79704636,4616528,118012,2023-2024,216,,,,,,,,0.0
12115,79705058,4616528,118012,2023-2024,217,,,,,,,,0.0
12116,79705956,4616528,118012,2023-2024,218,,,,,,,,0.0
12117,79707683,4616528,118012,2023-2024,219,,,,,,,,0.0
12118,79709294,4616528,118012,2023-2024,220,,,,,,,,0.0
12119,79710015,4616528,118012,2023-2024,221,,,,,,,,0.0
12120,79710501,4616528,118012,2023-2024,222,,,,,,,,0.0
12121,79710905,4616528,118012,2023-2024,223,,,,,,,,0.0
12122,79711455,4616528,118012,2023-2024,224,,,,,,,,0.0
12123,79711907,4616528,118012,2023-2024,225,,,,,,,,0.0
12124,79712718,4616528,118012,2023-2024,226,,,,,,,,0.0
12125,79713100,4616528,118012,2023-2024,227,,,,,,,,0.0
12126,79713902,4616528,118012,2023-2024,228,,,,,,,,0.0
12127,79714250,4616528,118012,2023-2024,229,,,,,,,,0.0
12128,79716247,4616528,118012,2023-2024,230,,,,,,,,0.0
12129,79716839,4616528,118012,2023-2024,231,,,,,,,,0.0
12130,79717259,4616528,118012,2023-2024,232,,,,,,,,0.0
12131,79717997,4616528,118012,2023-2024,233,,,,,,,,0.0
12132,79718614,4616528,118012,2023-2024,234,,,,,,,,0.0
12133,79720198,4616528,118012,2023-2024,235,,,,,,,,0.0
12134,79722198,4616528,118012,2023-2024,236,,,,,,,,0.0
12135,79722504,4616528,118012,2023-2024,237,,,,,,,,0.0
12136,79722859,4616528,118012,2023-2024,238,,,,,,,,0.0
12137,79723187,4616528,118012,2023-2024,239,,,,,,,,0.0
12138,79723883,4616528,118012,2023-2024,240,,,,,,,,0.0
12139,79724190,4616528,118012,2023-2024,241,,,,,,,,0.0
12140,79724616,4616528,118012,2023-2024,242,,,,,,,,0.0
12141,79725031,4616528,118012,2023-2024,243,,,,,,,,0.0
12142,79725547,4616528,118012,2023-2024,244,,,,,,,,0.0
12143,79725814,4616528,118012,2023-2024,245,,,,,,,,0.0
12144,79726580,4616528,118012,2023-2024,246,,,,,,,,0.0
12145,79726847,4616528,118012,2023-2024,247,,,,,,,,0.0
12146,79728522,4616528,118012,2023-2024,248,,,,,,,,0.0
12147,79728869,4616528,118012,2023-2024,249,,,,,,,,0.0
12148,79729114,4616528,118012,2023-2024,250,,,,,,,,0.0
12149,79730239,4616528,118012,2023-2024,251,,,,,,,,0.0
12150,79730950,4616528,118012,2023-2024,252,,,,,,,,0.0
12151,79731284,4616528,118012,2023-2024,253,,,,,,,,0.0
12152,79731570,4616528,118012,2023-2024,254,,,,,,,,0.0
12153,79731973,4616528,118012,2023-2024,255,,,,,,,,0.0
12154,79732249,4616528,118012,2023-2024,256,,,,,,,,0.0
12155,79732872,4616528,118012,2023-2024,257,,,,,,,,0.0
12156,79733091,4616528,118012,2023-2024,258,,,,,,,,0.0
12157,79733666,4616528,118012,2023-2024,259,,,,,,,,0.0
12158,79733956,4616528,118012,2023-2024,260,,,,,,,,0.0
12159,79734239,4616528,118012,2023-2024,261,,,,,,,,0.0
12160,79734561,4616528,118012,2023-2024,262,,,,,,,,0.0
12161,79734907,4616528,118012,2023-2024,263,,,,,,,,0.0
12162,79735388,4616528,118012,2023-2024,264,,,,,,,,0.0
12163,79735632,4616528,118012,2023-2024,265,,,,,,,,0.0
12164,79735838,4616528,118012,2023-2024,266,,,,,,,,0.0
12165,79736358,4616528,118012,2023-2024,267,,,,,,,,0.0
12166,79736671,4616528,118012,2023-2024,268,,,,,,,,0.0
12167,79737293,4616528,118012,2023-2024,269,,,,,,,,0.0
12168,79737541,4616528,118012,2023-2024,270,,,,,,,,0.0
12169,79737956,4616528,118012,2023-2024,271,,,,,,,,0.0
12170,79738263,4616528,118012,2023-2024,272,,,,,,,,0.0
12171,79738481,4616528,118012,2023-2024,273,,,,,,,,0.0
12172,79738850,4616528,118012,2023-2024,274,,,,,,,,0.0
12173,79822106,4616528,118012,2023-2024,275,,,,,,,,0.0
12174,79822661,4616528,118012,2023-2024,276,,,,,,,,0.0
12175,79822977,4616528,118012,2023-2024,277,,,,,,,,0.0
12176,79823382,4616528,118012,2023-2024,278,,,,,,,,0.0
12177,79823686,4616528,118012,2023-2024,279,,,,,,,,0.0
12178,79824456,4616528,118012,2023-2024,280,,,,,,,,0.0
12179,79826195,4616528,118012,2023-2024,281,,,,,,,,0.0
12180,81439302,4616528,118012,2023-2024,282,,,,,,,,0.0
12181,81441396,4616528,118012,2023-2024,283,,,,,,,,0.0
12182,81441930,4616528,118012,2023-2024,284,,,,,,,,0.0
12183,81442879,4616528,118012,2023-2024,285,,,,,,,,0.0
12184,81445461,4616528,118012,2023-2024,286,,,,,,,,0.0
12185,81449656,4616528,118012,2023-2024,287,,,,,,,,0.0
12186,81450568,4616528,118012,2023-2024,288,,,,,,,,0.0
12187,81452834,4616528,118012,2023-2024,289,,5000.0,,,,,,0.0
12188,81454836,4616528,118012,2023-2024,290,,,,,,,,0.0
12189,81454985,4616528,118012,2023-2024,291,,,,,,,,0.0
12190,81457675,4616528,118012,2023-2024,292,,,,,,,,0.0
12191,81458017,4616528,118012,2023-2024,293,,,,,,,,0.0
12192,81458477,4616528,118012,2023-2024,294,,,,,,,,0.0
12193,81549199,4616528,118012,2023-2024,295,XV Finance Commission,77241.0,77241.0,77241.0,77241.0,,,75312.0
12194,81547410,4616528,118012,2023-2024,296,XV Finance Commission,101723.0,101723.0,101723.0,101723.0,,,98706.0
12195,81546328,4616528,118012,2023-2024,297,XV Finance Commission,240000.0,240000.0,240000.0,240000.0,,,225000.0
12196,81552897,4616528,118012,2023-2024,298,5TH STATE FINANCE COMMISSION,150000.0,150000.0,150000.0,150000.0,,,144058.0
12197,81550346,4616528,118012,2023-2024,299,XV Finance Commission,272759.0,272759.0,272759.0,272759.0,,,266682.0
12198,81550908,4616528,118012,2023-2024,300,XV Finance Commission,500000.0,500000.0,500000.0,500000.0,,,489572.0
12199,81568683,4616528,118012,2023-2024,301,,,,,,,,0.0
12200,81569055,4616528,118012,2023-2024,302,,,,,,,,0.0
12201,81570764,4616528,118012,2023-2024,303,,,,,,,,0.0
12202,81571813,4616528,118012,2023-2024,304,,,,,,,,0.0
12203,81574078,4616528,118012,2023-2024,305,,1000.0,,,,,,0.0
12204,81575673,4616528,118012,2023-2024,306,,1000.0,,,,,,0.0
12205,81575968,4616528,118012,2023-2024,307,,1000.0,,,,,,0.0
12206,81576250,4616528,118012,2023-2024,308,,1000.0,,,,,,0.0
12207,81576647,4616528,118012,2023-2024,309,,1000.0,,,,,,0.0
12208,81582232,4616528,118012,2023-2024,310,,1000.0,,,,,,0.0
12209,81583713,4616528,118012,2023-2024,311,,,,,,,,0.0
12210,81583997,4616528,118012,2023-2024,312,,10000.0,,,,,,0.0
12211,81584252,4616528,118012,2023-2024,313,,,,,,,,0.0
12212,81584704,4616528,118012,2023-2024,314,,10000.0,,,,,,0.0
12213,81585076,4616528,118012,2023-2024,315,,10000.0,,,,,,0.0
12214,81585474,4616528,118012,2023-2024,316,,10000.0,,,,,,0.0
12215,81585777,4616528,118012,2023-2024,317,,10000.0,,,,,,0.0
12216,81586158,4616528,118012,2023-2024,318,,10000.0,,,,,,0.0
12217,81586417,4616528,118012,2023-2024,319,,10000.0,,,,,,0.0
12218,81586928,4616528,118012,2023-2024,320,,10000.0,,,,,,0.0
12219,79078679,4616528,118012,2023-2024,321,,,,,,,,0.0
12220,79556562,4616528,118012,2023-2024,322,,,,,,,,0.0
12221,79558281,4616528,118012,2023-2024,323,,,,,,,,0.0
12222,79697965,4616528,118012,2023-2024,324,,,,,,,,0.0
12223,79717673,4616528,118012,2023-2024,325,,,,,,,,0.0
12224,79719007,4616528,118012,2023-2024,326,,,,,,,,0.0
12225,79719505,4616528,118012,2023-2024,327,,,,,,,,0.0
12226,79719843,4616528,118012,2023-2024,328,,,,,,,,0.0
12227,79735136,4616528,118012,2023-2024,329,,,,,,,,0.0
12228,79736965,4616528,118012,2023-2024,330,,,,,,,,0.0
12229,79729366,4616528,118012,2023-2024,331,,,,,,,,0.0
12230,79729626,4616528,118012,2023-2024,332,,,,,,,,0.0
12231,79729827,4616528,118012,2023-2024,333,,,,,,,,0.0
12232,79720769,4616528,118012,2023-2024,334,,,,,,,,0.0
12233,79721196,4616528,118012,2023-2024,335,,,,,,,,0.0
12234,79721615,4616528,118012,2023-2024,336,,,,,,,,0.0
12235,79715508,4616528,118012,2023-2024,337,,,,,,,,0.0
12236,79591771,4616528,118012,2023-2024,338,,,,,,,,0.0
12237,79593270,4616528,118012,2023-2024,339,,,,,,,,0.0
12238,79077826,4616528,118012,2023-2024,340,,,,,,,,0.0
12239,79555163,4616528,118012,2023-2024,341,,,,,,,,0.0
12240,81440888,4616528,118012,2023-2024,342,,1000.0,,,,,,0.0
12241,81441158,4616528,118012,2023-2024,343,,,,,,,,0.0
12242,81443121,4616528,118012,2023-2024,344,,,,,,,,0.0
12243,81441655,4616528,118012,2023-2024,345,,,,,,,,0.0
12244,81435957,4616528,118012,2023-2024,346,,,,,,,,0.0
12245,81436259,4616528,118012,2023-2024,347,,,,,,,,0.0
12246,81436498,4616528,118012,2023-2024,348,,,,,,,,0.0
12247,81436710,4616528,118012,2023-2024,349,,,,,,,,0.0
12248,81436963,4616528,118012,2023-2024,350,,,,,,,,0.0
12249,81437276,4616528,118012,2023-2024,351,,,,,,,,0.0
12250,81437519,4616528,118012,2023-2024,352,,,,,,,,0.0
12251,81443374,4616528,118012,2023-2024,353,,,,,,,,0.0
12252,81437980,4616528,118012,2023-2024,354,,,,,,,,0.0
12253,81438210,4616528,118012,2023-2024,355,,,,,,,,0.0
12254,81438486,4616528,118012,2023-2024,356,,,,,,,,0.0
12255,81438768,4616528,118012,2023-2024,357,,,,,,,,0.0
12256,81439010,4616528,118012,2023-2024,358,,,,,,,,0.0
12257,81439514,4616528,118012,2023-2024,359,,,,,,,,0.0
12258,81439788,4616528,118012,2023-2024,360,,,,,,,,0.0
12259,81440487,4616528,118012,2023-2024,361,,,,,,,,0.0
12260,81443571,4616528,118012,2023-2024,362,,,,,,,,0.0
12261,81443790,4616528,118012,2023-2024,363,,,,,,,,0.0
12262,81444011,4616528,118012,2023-2024,364,,,,,,,,0.0
12263,81451501,4616528,118012,2023-2024,365,,,,,,,,0.0
12264,81444232,4616528,118012,2023-2024,366,,,,,,,,0.0
12265,81444459,4616528,118012,2023-2024,367,,,,,,,,0.0
12266,81444652,4616528,118012,2023-2024,368,,,,,,,,0.0
12267,81444899,4616528,118012,2023-2024,369,,,,,,,,0.0
12268,81445174,4616528,118012,2023-2024,370,,,,,,,,0.0
12269,81451684,4616528,118012,2023-2024,371,,,,,,,,0.0
12270,81445681,4616528,118012,2023-2024,372,,,,,,,,0.0
12271,81445902,4616528,118012,2023-2024,373,,,,,,,,0.0
12272,81446132,4616528,118012,2023-2024,374,,,,,,,,0.0
12273,81446342,4616528,118012,2023-2024,375,,,,,,,,0.0
12274,81452003,4616528,118012,2023-2024,376,,,,,,,,0.0
12275,81446844,4616528,118012,2023-2024,377,,,,,,,,0.0
12276,81447049,4616528,118012,2023-2024,378,,,,,,,,0.0
12277,81453233,4616528,118012,2023-2024,379,,,,,,,,0.0
12278,81447364,4616528,118012,2023-2024,380,,,,,,,,0.0
12279,81447533,4616528,118012,2023-2024,381,,,,,,,,0.0
12280,81447713,4616528,118012,2023-2024,382,,,,,,,,0.0
12281,81452259,4616528,118012,2023-2024,383,,,,,,,,0.0
12282,81447938,4616528,118012,2023-2024,384,,,,,,,,0.0
12283,81448107,4616528,118012,2023-2024,385,,,,,,,,0.0
12284,81448410,4616528,118012,2023-2024,386,,,,,,,,0.0
12285,81448682,4616528,118012,2023-2024,387,,,,,,,,0.0
12286,81448874,4616528,118012,2023-2024,388,,,,,,,,0.0
12287,81452469,4616528,118012,2023-2024,389,,,,,,,,0.0
12288,81453633,4616528,118012,2023-2024,390,,,,,,,,0.0
12289,81449196,4616528,118012,2023-2024,391,,,,,,,,0.0
12290,81449454,4616528,118012,2023-2024,392,,,,,,,,0.0
12291,81453433,4616528,118012,2023-2024,393,,,,,,,,0.0
12292,81449890,4616528,118012,2023-2024,394,,,,,,,,0.0
12293,81452617,4616528,118012,2023-2024,395,,,,,,,,0.0
12294,81450078,4616528,118012,2023-2024,396,,,,,,,,0.0
12295,81450315,4616528,118012,2023-2024,397,,,,,,,,0.0
12296,81450834,4616528,118012,2023-2024,398,,,,,,,,0.0
12297,81453052,4616528,118012,2023-2024,399,,,,,,,,0.0
12298,81451058,4616528,118012,2023-2024,400,,,,,,,,0.0
12299,81451308,4616528,118012,2023-2024,401,,,,,,,,0.0
12300,81453825,4616528,118012,2023-2024,402,,,,,,,,0.0
12301,81454010,4616528,118012,2023-2024,403,,,,,,,,0.0
12302,81454285,4616528,118012,2023-2024,404,,,,,,,,0.0
12303,81454406,4616528,118012,2023-2024,405,,,,,,,,0.0
12304,81454533,4616528,118012,2023-2024,406,,,,,,,,0.0
12305,81454661,4616528,118012,2023-2024,407,,,,,,,,0.0
12306,81455100,4616528,118012,2023-2024,408,,,,,,,,0.0
12307,81455257,4616528,118012,2023-2024,409,,,,,,,,0.0
12308,81455408,4616528,118012,2023-2024,410,,,,,,,,0.0
12309,81455556,4616528,118012,2023-2024,411,,,,,,,,0.0
12310,81455673,4616528,118012,2023-2024,412,,,,,,,,0.0
12311,81455821,4616528,118012,2023-2024,413,,,,,,,,0.0
12312,81456033,4616528,118012,2023-2024,414,,,,,,,,0.0
12313,81457107,4616528,118012,2023-2024,415,,,,,,,,0.0
12314,81458166,4616528,118012,2023-2024,416,,,,,,,,0.0
12315,81458300,4616528,118012,2023-2024,417,,,,,,,,0.0
12316,81458632,4616528,118012,2023-2024,418,,,,,,,,0.0
12317,81458759,4616528,118012,2023-2024,419,,,,,,,,0.0
12318,81451848,4616528,118012,2023-2024,420,,,,,,,,0.0
12319,81437773,4616528,118012,2023-2024,421,,,,,,,,0.0
12320,81547602,4616528,118012,2023-2024,422,XV Finance Commission,280000.0,280000.0,280000.0,280000.0,,,270000.0
12321,81545464,4616528,118012,2023-2024,423,XV Finance Commission,216000.0,216000.0,216000.0,216000.0,,,213750.0
12322,81546030,4616528,118012,2023-2024,424,XV Finance Commission,500000.0,500000.0,500000.0,500000.0,,,497385.0
12323,81545864,4616528,118012,2023-2024,425,XV Finance Commission,65723.0,65723.0,65723.0,65723.0,,,65200.0
12324,81558725,4616528,118012,2023-2024,426,5TH STATE FINANCE COMMISSION,157190.0,157190.0,157190.0,157190.0,,,147822.0
12325,81546656,4616528,118012,2023-2024,427,XV Finance Commission,210000.0,210000.0,210000.0,210000.0,,,200808.0
12326,81557198,4616528,118012,2023-2024,428,5TH STATE FINANCE COMMISSION,200000.0,200000.0,200000.0,200000.0,,,192042.0
12327,81545675,4616528,118012,2023-2024,429,XV Finance Commission,50000.0,50000.0,50000.0,50000.0,,,48500.0
12328,81547902,4616528,118012,2023-2024,430,XV Finance Commission,200000.0,200000.0,200000.0,200000.0,,,159809.0
12329,81553710,4616528,118012,2023-2024,431,5TH STATE FINANCE COMMISSION,160703.0,160703.0,160703.0,160703.0,,,156237.0
12330,127284699,5893032,118012,2023-2024,1,5TH STATE FINANCE COMMISSION,400000.0,400000.0,400000.0,400000.0,,,377662.0
12331,127284719,5893032,118012,2023-2024,2,5TH STATE FINANCE COMMISSION,372946.0,372946.0,372946.0,372946.0,,,342082.0
12332,100299148,5056253,118012,2024-2025,1,,,,,,,,0.0
12333,100304777,5056253,118012,2024-2025,2,,,,,,,,0.0
12334,93854595,5056253,118012,2024-2025,3,,,,,,,,0.0
12335,100400535,5056253,118012,2024-2025,4,,,,,,,,0.0
12336,100400110,5056253,118012,2024-2025,5,,,,,,,,0.0
12337,100400820,5056253,118012,2024-2025,6,,,,,,,,0.0
12338,100401020,5056253,118012,2024-2025,7,,,,,,,,0.0
12339,100401327,5056253,118012,2024-2025,8,,,,,,,,0.0
12340,102341869,5056253,118012,2024-2025,9,XV Finance Commission,70000.0,70000.0,70000.0,70000.0,,,70000.0
12341,102343547,5056253,118012,2024-2025,10,5TH STATE FINANCE COMMISSION,217893.0,217893.0,217893.0,217893.0,,,212072.0
12342,100400322,5056253,118012,2024-2025,11,,,,,,,,0.0
12343,100400413,5056253,118012,2024-2025,12,,,,,,,,0.0
12344,100400632,5056253,118012,2024-2025,13,,,,,,,,0.0
12345,100400723,5056253,118012,2024-2025,14,,,,,,,,0.0
12346,100400911,5056253,118012,2024-2025,15,,,,,,,,0.0
12347,100401143,5056253,118012,2024-2025,16,,,,,,,,0.0
12348,100401240,5056253,118012,2024-2025,17,,,,,,,,0.0
12349,100307053,5056253,118012,2024-2025,18,,,,,,,,0.0
12350,100305764,5056253,118012,2024-2025,19,,,,,,,,0.0
12351,100305955,5056253,118012,2024-2025,20,,,,,,,,0.0
12352,100306072,5056253,118012,2024-2025,21,,,,,,,,0.0
12353,100306208,5056253,118012,2024-2025,22,,,,,,,,0.0
12354,100306453,5056253,118012,2024-2025,23,,,,,,,,0.0
12355,100306588,5056253,118012,2024-2025,24,,,,,,,,0.0
12356,100306703,5056253,118012,2024-2025,25,,,,,,,,0.0
12357,100306819,5056253,118012,2024-2025,26,,,,,,,,0.0
12358,100306947,5056253,118012,2024-2025,27,,,,,,,,0.0
12359,100305868,5056253,118012,2024-2025,28,,,,,,,,0.0
12360,100237519,5056253,118012,2024-2025,29,,,,,,,,0.0
12361,100237661,5056253,118012,2024-2025,30,,,,,,,,0.0
12362,100237824,5056253,118012,2024-2025,31,,,,,,,,0.0
12363,100237975,5056253,118012,2024-2025,32,,,,,,,,0.0
12364,100237205,5056253,118012,2024-2025,33,,,,,,,,0.0
12365,100237366,5056253,118012,2024-2025,34,,,,,,,,0.0
12366,102340977,5056253,118012,2024-2025,35,,,,,,,,0.0
12367,102341068,5056253,118012,2024-2025,36,,,,,,,,0.0
12368,102341285,5056253,118012,2024-2025,37,,,,,,,,0.0
12369,102343735,5056253,118012,2024-2025,38,5TH STATE FINANCE COMMISSION,150000.0,150000.0,150000.0,150000.0,,,146143.0
12370,102343175,5056253,118012,2024-2025,39,,100000.0,,,,,,0.0
12371,102340851,5056253,118012,2024-2025,40,XV Finance Commission,381000.0,381000.0,381000.0,381000.0,,,169000.0
12372,102342385,5056253,118012,2024-2025,41,XV Finance Commission,293744.0,293744.0,293744.0,293744.0,,,293685.0
12373,102341403,5056253,118012,2024-2025,42,,65000.0,,,,,,0.0
12374,102341742,5056253,118012,2024-2025,43,,35000.0,,,,,,0.0
12375,102342621,5056253,118012,2024-2025,44,XV Finance Commission,200000.0,200000.0,200000.0,200000.0,,,110297.0
12376,102342724,5056253,118012,2024-2025,45,,131072.0,,,,,,0.0
12377,102343110,5056253,118012,2024-2025,46,5TH STATE FINANCE COMMISSION,200000.0,200000.0,200000.0,200000.0,,,177968.0
12378,102342138,5056253,118012,2024-2025,47,XV Finance Commission,280000.0,280000.0,280000.0,280000.0,,,267500.0
12379,102341511,5056253,118012,2024-2025,48,XV Finance Commission,435232.0,435232.0,435232.0,435232.0,,,434777.0
12380,102341643,5056253,118012,2024-2025,49,XV Finance Commission,381000.0,381000.0,381000.0,381000.0,,,369000.0
12381,102458498,5056253,118012,2024-2025,50,,,,,,,,0.0
12382,102459135,5056253,118012,2024-2025,51,,,,,,,,0.0
12383,102467456,5056253,118012,2024-2025,52,,,,,,,,0.0
12384,102468702,5056253,118012,2024-2025,53,,,,,,,,0.0
12385,102469795,5056253,118012,2024-2025,54,,,,,,,,0.0
12386,102470714,5056253,118012,2024-2025,55,,,,,,,,0.0
12387,102471613,5056253,118012,2024-2025,56,,,,,,,,0.0
12388,102472946,5056253,118012,2024-2025,57,,,,,,,,0.0
12389,102474759,5056253,118012,2024-2025,58,,,,,,,,0.0
12390,102476337,5056253,118012,2024-2025,59,,,,,,,,0.0
12391,102477542,5056253,118012,2024-2025,60,,,,,,,,0.0
12392,102479976,5056253,118012,2024-2025,61,,,,,,,,0.0
12393,102485093,5056253,118012,2024-2025,62,,,,,,,,0.0
12394,102485904,5056253,118012,2024-2025,63,,,,,,,,0.0
12395,102486571,5056253,118012,2024-2025,64,,,,,,,,0.0
12396,102488868,5056253,118012,2024-2025,65,,2000.0,,,,,,0.0
12397,102492639,5056253,118012,2024-2025,66,,,,,,,,0.0
12398,102493226,5056253,118012,2024-2025,67,,,,,,,,0.0
12399,102493820,5056253,118012,2024-2025,68,,,,,,,,0.0
12400,102494540,5056253,118012,2024-2025,69,,,,,,,,0.0
12401,102495241,5056253,118012,2024-2025,70,,,,,,,,0.0
12402,102496199,5056253,118012,2024-2025,71,,,,,,,,0.0
12403,102497370,5056253,118012,2024-2025,72,,,,,,,,0.0
12404,102499648,5056253,118012,2024-2025,73,,1000.0,,,,,,0.0
12405,102500710,5056253,118012,2024-2025,74,,,,,,,,0.0
12406,102501528,5056253,118012,2024-2025,75,,,,,,,,0.0
12407,102502424,5056253,118012,2024-2025,76,,,,,,,,0.0
12408,102504948,5056253,118012,2024-2025,77,,,,,,,,0.0
12409,102505687,5056253,118012,2024-2025,78,,,,,,,,0.0
12410,102507102,5056253,118012,2024-2025,79,,,,,,,,0.0
12411,102508557,5056253,118012,2024-2025,80,,,,,,,,0.0
12412,102510112,5056253,118012,2024-2025,81,,,,,,,,0.0
12413,102512539,5056253,118012,2024-2025,82,,,,,,,,0.0
12414,102513479,5056253,118012,2024-2025,83,,,,,,,,0.0
12415,102514358,5056253,118012,2024-2025,84,,,,,,,,0.0
12416,102515034,5056253,118012,2024-2025,85,,,,,,,,0.0
12417,93855828,5056253,118012,2024-2025,86,,,,,,,,0.0
12418,100227472,5056253,118012,2024-2025,87,,,,,,,,0.0
12419,100402251,5056253,118012,2024-2025,88,,,,,,,,0.0
12420,102340075,5056253,118012,2024-2025,89,,,,,,,,0.0
12421,102343408,5056253,118012,2024-2025,90,5TH STATE FINANCE COMMISSION,200000.0,200000.0,200000.0,200000.0,,,194432.0
12422,102596404,5056253,118012,2024-2025,91,XV Finance Commission,65000.0,65000.0,65000.0,65000.0,,,65000.0
12423,102516135,5056253,118012,2024-2025,92,,,,,,,,0.0
12424,102660249,5056253,118012,2024-2025,93,,,,,,,,0.0
12425,102661450,5056253,118012,2024-2025,94,,,,,,,,0.0
12426,102672030,5056253,118012,2024-2025,95,,,,,,,,0.0
12427,102676488,5056253,118012,2024-2025,96,,,,,,,,0.0
12428,102677583,5056253,118012,2024-2025,97,,100000.0,,,,,,0.0
12429,102678779,5056253,118012,2024-2025,98,,100000.0,,,,,,0.0
12430,102681234,5056253,118012,2024-2025,99,,100000.0,,,,,,0.0
12431,102682398,5056253,118012,2024-2025,100,,100000.0,,,,,,0.0
12432,102683839,5056253,118012,2024-2025,101,,100000.0,,,,,,0.0
12433,102693009,5056253,118012,2024-2025,102,,2.0,,,,,,0.0
12434,102695544,5056253,118012,2024-2025,103,,1.0,,,,,,0.0
12435,100227642,5056253,118012,2024-2025,104,,,,,,,,0.0
12436,100227849,5056253,118012,2024-2025,105,,,,,,,,0.0
12437,100228038,5056253,118012,2024-2025,106,,,,,,,,0.0
12438,100228230,5056253,118012,2024-2025,107,,,,,,,,0.0
12439,100228566,5056253,118012,2024-2025,108,,,,,,,,0.0
12440,100229219,5056253,118012,2024-2025,109,,,,,,,,0.0
12441,100229496,5056253,118012,2024-2025,110,,,,,,,,0.0
12442,100229734,5056253,118012,2024-2025,111,,,,,,,,0.0
12443,100229943,5056253,118012,2024-2025,112,,,,,,,,0.0
12444,100230310,5056253,118012,2024-2025,113,,,,,,,,0.0
12445,100236878,5056253,118012,2024-2025,114,,,,,,,,0.0
12446,100237053,5056253,118012,2024-2025,115,,,,,,,,0.0
12447,100238127,5056253,118012,2024-2025,116,,,,,,,,0.0
12448,100238318,5056253,118012,2024-2025,117,,,,,,,,0.0
12449,100238526,5056253,118012,2024-2025,118,,,,,,,,0.0
12450,100238679,5056253,118012,2024-2025,119,,,,,,,,0.0
12451,100238810,5056253,118012,2024-2025,120,,,,,,,,0.0
12452,100238980,5056253,118012,2024-2025,121,,,,,,,,0.0
12453,100239194,5056253,118012,2024-2025,122,,,,,,,,0.0
12454,100239410,5056253,118012,2024-2025,123,,,,,,,,0.0
12455,100239574,5056253,118012,2024-2025,124,,,,,,,,0.0
12456,100239739,5056253,118012,2024-2025,125,,,,,,,,0.0
12457,100239887,5056253,118012,2024-2025,126,,,,,,,,0.0
12458,100240049,5056253,118012,2024-2025,127,,,,,,,,0.0
12459,100240176,5056253,118012,2024-2025,128,,,,,,,,0.0
12460,100240310,5056253,118012,2024-2025,129,,,,,,,,0.0
12461,100240641,5056253,118012,2024-2025,130,,,,,,,,0.0
12462,100240801,5056253,118012,2024-2025,131,,,,,,,,0.0
12463,100295518,5056253,118012,2024-2025,132,,,,,,,,0.0
12464,100295551,5056253,118012,2024-2025,133,,,,,,,,0.0
12465,100295590,5056253,118012,2024-2025,134,,,,,,,,0.0
12466,100295633,5056253,118012,2024-2025,135,,,,,,,,0.0
12467,100295660,5056253,118012,2024-2025,136,,,,,,,,0.0
12468,100295721,5056253,118012,2024-2025,137,,,,,,,,0.0
12469,100295751,5056253,118012,2024-2025,138,,,,,,,,0.0
12470,100295782,5056253,118012,2024-2025,139,,,,,,,,0.0
12471,100295812,5056253,118012,2024-2025,140,,,,,,,,0.0
12472,100295846,5056253,118012,2024-2025,141,,,,,,,,0.0
12473,100295882,5056253,118012,2024-2025,142,,,,,,,,0.0
12474,100295921,5056253,118012,2024-2025,143,,,,,,,,0.0
12475,100295947,5056253,118012,2024-2025,144,,,,,,,,0.0
12476,100295984,5056253,118012,2024-2025,145,,,,,,,,0.0
12477,100296014,5056253,118012,2024-2025,146,,,,,,,,0.0
12478,100296036,5056253,118012,2024-2025,147,,,,,,,,0.0
12479,100296063,5056253,118012,2024-2025,148,,,,,,,,0.0
12480,100296089,5056253,118012,2024-2025,149,,,,,,,,0.0
12481,100296116,5056253,118012,2024-2025,150,,,,,,,,0.0
12482,100296148,5056253,118012,2024-2025,151,,,,,,,,0.0
12483,100296173,5056253,118012,2024-2025,152,,,,,,,,0.0
12484,100296201,5056253,118012,2024-2025,153,,,,,,,,0.0
12485,100296227,5056253,118012,2024-2025,154,,,,,,,,0.0
12486,100296252,5056253,118012,2024-2025,155,,,,,,,,0.0
12487,100296283,5056253,118012,2024-2025,156,,,,,,,,0.0
12488,100296317,5056253,118012,2024-2025,157,,,,,,,,0.0
12489,100296349,5056253,118012,2024-2025,158,,,,,,,,0.0
12490,100296378,5056253,118012,2024-2025,159,,,,,,,,0.0
12491,100296409,5056253,118012,2024-2025,160,,,,,,,,0.0
12492,100296444,5056253,118012,2024-2025,161,,,,,,,,0.0
12493,100296473,5056253,118012,2024-2025,162,,,,,,,,0.0
12494,100296528,5056253,118012,2024-2025,163,,,,,,,,0.0
12495,100296571,5056253,118012,2024-2025,164,,,,,,,,0.0
12496,100296610,5056253,118012,2024-2025,165,,,,,,,,0.0
12497,100296705,5056253,118012,2024-2025,166,,,,,,,,0.0
12498,100296754,5056253,118012,2024-2025,167,,,,,,,,0.0
12499,100296802,5056253,118012,2024-2025,168,,,,,,,,0.0
12500,100296848,5056253,118012,2024-2025,169,,,,,,,,0.0
12501,100296895,5056253,118012,2024-2025,170,,,,,,,,0.0
12502,100296936,5056253,118012,2024-2025,171,,,,,,,,0.0
12503,100296968,5056253,118012,2024-2025,172,,,,,,,,0.0
12504,100297331,5056253,118012,2024-2025,173,,,,,,,,0.0
12505,100297368,5056253,118012,2024-2025,174,,,,,,,,0.0
12506,100297412,5056253,118012,2024-2025,175,,,,,,,,0.0
12507,100297503,5056253,118012,2024-2025,176,,,,,,,,0.0
12508,100297544,5056253,118012,2024-2025,177,,,,,,,,0.0
12509,100297616,5056253,118012,2024-2025,178,,,,,,,,0.0
12510,100297691,5056253,118012,2024-2025,179,,,,,,,,0.0
12511,100297803,5056253,118012,2024-2025,180,,,,,,,,0.0
12512,100297870,5056253,118012,2024-2025,181,,,,,,,,0.0
12513,100297918,5056253,118012,2024-2025,182,,,,,,,,0.0
12514,100297959,5056253,118012,2024-2025,183,,,,,,,,0.0
12515,100298018,5056253,118012,2024-2025,184,,,,,,,,0.0
12516,100298081,5056253,118012,2024-2025,185,,,,,,,,0.0
12517,100298132,5056253,118012,2024-2025,186,,,,,,,,0.0
12518,100298226,5056253,118012,2024-2025,187,,,,,,,,0.0
12519,100298282,5056253,118012,2024-2025,188,,,,,,,,0.0
12520,100298323,5056253,118012,2024-2025,189,,,,,,,,0.0
12521,100298407,5056253,118012,2024-2025,190,,,,,,,,0.0
12522,100298470,5056253,118012,2024-2025,191,,,,,,,,0.0
12523,100298543,5056253,118012,2024-2025,192,,,,,,,,0.0
12524,100298609,5056253,118012,2024-2025,193,,,,,,,,0.0
12525,100298666,5056253,118012,2024-2025,194,,,,,,,,0.0
12526,100298726,5056253,118012,2024-2025,195,,,,,,,,0.0
12527,100298785,5056253,118012,2024-2025,196,,,,,,,,0.0
12528,100298832,5056253,118012,2024-2025,197,,,,,,,,0.0
12529,100298886,5056253,118012,2024-2025,198,,,,,,,,0.0
12530,100298976,5056253,118012,2024-2025,199,,,,,,,,0.0
12531,100299038,5056253,118012,2024-2025,200,,,,,,,,0.0
12532,100299103,5056253,118012,2024-2025,201,,,,,,,,0.0
12533,100299193,5056253,118012,2024-2025,202,,,,,,,,0.0
12534,100299240,5056253,118012,2024-2025,203,,,,,,,,0.0
12535,100303998,5056253,118012,2024-2025,204,,,,,,,,0.0
12536,100304087,5056253,118012,2024-2025,205,,,,,,,,0.0
12537,100304195,5056253,118012,2024-2025,206,,,,,,,,0.0
12538,100304296,5056253,118012,2024-2025,207,,,,,,,,0.0
12539,100304371,5056253,118012,2024-2025,208,,,,,,,,0.0
12540,100304460,5056253,118012,2024-2025,209,,,,,,,,0.0
12541,100304578,5056253,118012,2024-2025,210,,,,,,,,0.0
12542,100304695,5056253,118012,2024-2025,211,,,,,,,,0.0
12543,100304907,5056253,118012,2024-2025,212,,,,,,,,0.0
12544,100305035,5056253,118012,2024-2025,213,,,,,,,,0.0
12545,100305137,5056253,118012,2024-2025,214,,,,,,,,0.0
12546,100305239,5056253,118012,2024-2025,215,,,,,,,,0.0
12547,100305363,5056253,118012,2024-2025,216,,,,,,,,0.0
12548,100305541,5056253,118012,2024-2025,217,,,,,,,,0.0
12549,100305665,5056253,118012,2024-2025,218,,,,,,,,0.0
12550,100307191,5056253,118012,2024-2025,219,,,,,,,,0.0
12551,100307312,5056253,118012,2024-2025,220,,,,,,,,0.0
12552,100307458,5056253,118012,2024-2025,221,,,,,,,,0.0
12553,100307619,5056253,118012,2024-2025,222,,,,,,,,0.0
12554,100329957,5056253,118012,2024-2025,223,,,,,,,,0.0
12555,100330194,5056253,118012,2024-2025,224,,,,,,,,0.0
12556,100360821,5056253,118012,2024-2025,225,,,,,,,,0.0
12557,100361004,5056253,118012,2024-2025,226,,,,,,,,0.0
12558,100361186,5056253,118012,2024-2025,227,,,,,,,,0.0
12559,100361339,5056253,118012,2024-2025,228,,,,,,,,0.0
12560,100361544,5056253,118012,2024-2025,229,,,,,,,,0.0
12561,100361666,5056253,118012,2024-2025,230,,,,,,,,0.0
12562,100361913,5056253,118012,2024-2025,231,,,,,,,,0.0
12563,100362584,5056253,118012,2024-2025,232,,,,,,,,0.0
12564,100363104,5056253,118012,2024-2025,233,,,,,,,,0.0
12565,100363822,5056253,118012,2024-2025,234,,,,,,,,0.0
12566,100364066,5056253,118012,2024-2025,235,,,,,,,,0.0
12567,100364380,5056253,118012,2024-2025,236,,,,,,,,0.0
12568,100364631,5056253,118012,2024-2025,237,,,,,,,,0.0
12569,100364869,5056253,118012,2024-2025,238,,,,,,,,0.0
12570,100365026,5056253,118012,2024-2025,239,,,,,,,,0.0
12571,100365271,5056253,118012,2024-2025,240,,,,,,,,0.0
12572,100365539,5056253,118012,2024-2025,241,,,,,,,,0.0
12573,100365811,5056253,118012,2024-2025,242,,,,,,,,0.0
12574,100366053,5056253,118012,2024-2025,243,,,,,,,,0.0
12575,100366470,5056253,118012,2024-2025,244,,,,,,,,0.0
12576,100366669,5056253,118012,2024-2025,245,,,,,,,,0.0
12577,100366872,5056253,118012,2024-2025,246,,,,,,,,0.0
12578,100367101,5056253,118012,2024-2025,247,,,,,,,,0.0
12579,100367335,5056253,118012,2024-2025,248,,,,,,,,0.0
12580,100367550,5056253,118012,2024-2025,249,,,,,,,,0.0
12581,100367771,5056253,118012,2024-2025,250,,,,,,,,0.0
12582,100367963,5056253,118012,2024-2025,251,,,,,,,,0.0
12583,100368153,5056253,118012,2024-2025,252,,,,,,,,0.0
12584,100368339,5056253,118012,2024-2025,253,,,,,,,,0.0
12585,100368532,5056253,118012,2024-2025,254,,,,,,,,0.0
12586,100368711,5056253,118012,2024-2025,255,,,,,,,,0.0
12587,100368932,5056253,118012,2024-2025,256,,,,,,,,0.0
12588,100369708,5056253,118012,2024-2025,257,,,,,,,,0.0
12589,100369916,5056253,118012,2024-2025,258,,,,,,,,0.0
12590,100370099,5056253,118012,2024-2025,259,,,,,,,,0.0
12591,100399721,5056253,118012,2024-2025,260,,,,,,,,0.0
12592,100399815,5056253,118012,2024-2025,261,,,,,,,,0.0
12593,100399915,5056253,118012,2024-2025,262,,,,,,,,0.0
12594,100400010,5056253,118012,2024-2025,263,,,,,,,,0.0
12595,100400206,5056253,118012,2024-2025,264,,,,,,,,0.0
12596,100401456,5056253,118012,2024-2025,265,,,,,,,,0.0
12597,100401600,5056253,118012,2024-2025,266,,,,,,,,0.0
12598,100401737,5056253,118012,2024-2025,267,,,,,,,,0.0
12599,100401854,5056253,118012,2024-2025,268,,,,,,,,0.0
12600,100401953,5056253,118012,2024-2025,269,,,,,,,,0.0
12601,100402042,5056253,118012,2024-2025,270,,,,,,,,0.0
12602,100402149,5056253,118012,2024-2025,271,,,,,,,,0.0
12603,102343279,5056253,118012,2024-2025,272,,100000.0,,,,,,0.0
12604,102342487,5056253,118012,2024-2025,273,XV Finance Commission,50160.0,50160.0,50160.0,50160.0,,,48100.0
12605,102342005,5056253,118012,2024-2025,274,XV Finance Commission,178232.0,178232.0,178232.0,178232.0,,,178024.0
12606,102342842,5056253,118012,2024-2025,275,XV Finance Commission,500000.0,500000.0,500000.0,500000.0,,,479509.0
12607,102343900,5056253,118012,2024-2025,276,5TH STATE FINANCE COMMISSION,289297.0,289297.0,289297.0,289297.0,,,278068.0
12608,121695669,5514678,118012,2025-2026,1,XV Finance Commission,324000.0,324000.0,324000.0,324000.0,,,54000.0
12609,121695626,5514678,118012,2025-2026,2,XV Finance Commission,100000.0,100000.0,100000.0,100000.0,,,100000.0
12610,109031048,5514678,118012,2025-2026,3,,,,,,,,0.0
12611,121695928,5514678,118012,2025-2026,4,,300000.0,,,,,,0.0
12612,121036983,5514678,118012,2025-2026,5,,,,,,,,0.0
12613,120939953,5514678,118012,2025-2026,6,,,,,,,,0.0
12614,121017321,5514678,118012,2025-2026,7,,,,,,,,0.0
12615,121020154,5514678,118012,2025-2026,8,,,,,,,,0.0
12616,121016958,5514678,118012,2025-2026,9,,,,,,,,0.0
12617,121025487,5514678,118012,2025-2026,10,,,,,,,,0.0
12618,121025820,5514678,118012,2025-2026,11,,,,,,,,0.0
12619,121026287,5514678,118012,2025-2026,12,,,,,,,,0.0
12620,121033055,5514678,118012,2025-2026,13,,,,,,,,0.0
12621,121031257,5514678,118012,2025-2026,14,,,,,,,,0.0
12622,121032316,5514678,118012,2025-2026,15,,,,,,,,0.0
12623,121033956,5514678,118012,2025-2026,16,,,,,,,,0.0
12624,121033376,5514678,118012,2025-2026,17,,,,,,,,0.0
12625,121028114,5514678,118012,2025-2026,18,,,,,,,,0.0
12626,121030715,5514678,118012,2025-2026,19,,,,,,,,0.0
12627,121030191,5514678,118012,2025-2026,20,,,,,,,,0.0
12628,121031760,5514678,118012,2025-2026,21,,,,,,,,0.0
12629,121026289,5514678,118012,2025-2026,22,,,,,,,,0.0
12630,121029591,5514678,118012,2025-2026,23,,,,,,,,0.0
12631,121021712,5514678,118012,2025-2026,24,,,,,,,,0.0
12632,121029177,5514678,118012,2025-2026,25,,,,,,,,0.0
12633,121032568,5514678,118012,2025-2026,26,,,,,,,,0.0
12634,121016481,5514678,118012,2025-2026,27,,,,,,,,0.0
12635,121020591,5514678,118012,2025-2026,28,,,,,,,,0.0
12636,121023645,5514678,118012,2025-2026,29,,,,,,,,0.0
12637,121017928,5514678,118012,2025-2026,30,,,,,,,,0.0
12638,121021087,5514678,118012,2025-2026,31,,,,,,,,0.0
12639,121022397,5514678,118012,2025-2026,32,,,,,,,,0.0
12640,121018879,5514678,118012,2025-2026,33,,,,,,,,0.0
12641,121017666,5514678,118012,2025-2026,34,,,,,,,,0.0
12642,121019328,5514678,118012,2025-2026,35,,,,,,,,0.0
12643,121036176,5514678,118012,2025-2026,36,,,,,,,,0.0
12644,121035884,5514678,118012,2025-2026,37,,,,,,,,0.0
12645,121034938,5514678,118012,2025-2026,38,,,,,,,,0.0
12646,121034653,5514678,118012,2025-2026,39,,,,,,,,0.0
12647,121037690,5514678,118012,2025-2026,40,,,,,,,,0.0
12648,121037229,5514678,118012,2025-2026,41,,,,,,,,0.0
12649,121038605,5514678,118012,2025-2026,42,,,,,,,,0.0
12650,121038972,5514678,118012,2025-2026,43,,,,,,,,0.0
12651,121294682,5514678,118012,2025-2026,44,,,,,,,,0.0
12652,121297008,5514678,118012,2025-2026,45,,,,,,,,0.0
12653,121295237,5514678,118012,2025-2026,46,,,,,,,,0.0
12654,121294230,5514678,118012,2025-2026,47,,,,,,,,0.0
12655,121310160,5514678,118012,2025-2026,48,,,,,,,,0.0
12656,121304841,5514678,118012,2025-2026,49,,,,,,,,0.0
12657,121299563,5514678,118012,2025-2026,50,,,,,,,,0.0
12658,121303789,5514678,118012,2025-2026,51,,,,,,,,0.0
12659,121305282,5514678,118012,2025-2026,52,,,,,,,,0.0
12660,121308720,5514678,118012,2025-2026,53,,,,,,,,0.0
12661,121305632,5514678,118012,2025-2026,54,,,,,,,,0.0
12662,121300149,5514678,118012,2025-2026,55,,,,,,,,0.0
12663,121305871,5514678,118012,2025-2026,56,,,,,,,,0.0
12664,121311287,5514678,118012,2025-2026,57,,,,,,,,0.0
12665,121300634,5514678,118012,2025-2026,58,,,,,,,,0.0
12666,121306167,5514678,118012,2025-2026,59,,,,,,,,0.0
12667,121306539,5514678,118012,2025-2026,60,,,,,,,,0.0
12668,121306845,5514678,118012,2025-2026,61,,,,,,,,0.0
12669,121301681,5514678,118012,2025-2026,62,,,,,,,,0.0
12670,121307548,5514678,118012,2025-2026,63,,,,,,,,0.0
12671,121302154,5514678,118012,2025-2026,64,,,,,,,,0.0
12672,121302444,5514678,118012,2025-2026,65,,,,,,,,0.0
12673,121308180,5514678,118012,2025-2026,66,,,,,,,,0.0
12674,121302897,5514678,118012,2025-2026,67,,,,,,,,0.0
12675,121300962,5514678,118012,2025-2026,68,,,,,,,,0.0
12676,121293907,5514678,118012,2025-2026,69,,,,,,,,0.0
12677,121309288,5514678,118012,2025-2026,70,,,,,,,,0.0
12678,121309626,5514678,118012,2025-2026,71,,,,,,,,0.0
12679,121304538,5514678,118012,2025-2026,72,,,,,,,,0.0
12680,121696718,5514678,118012,2025-2026,73,,,,,,,,0.0
12681,121039180,5514678,118012,2025-2026,74,,,,,,,,0.0
12682,121039450,5514678,118012,2025-2026,75,,,,,,,,0.0
12683,121695506,5514678,118012,2025-2026,76,XV Finance Commission,426232.0,426232.0,426232.0,426232.0,,,423348.0
12684,121695457,5514678,118012,2025-2026,77,XV Finance Commission,65000.0,65000.0,65000.0,65000.0,,,58000.0
12685,121696822,5514678,118012,2025-2026,78,,,,,,,,0.0
12686,121696862,5514678,118012,2025-2026,79,,,,,,,,0.0
12687,121696915,5514678,118012,2025-2026,80,,,,,,,,0.0
12688,121696938,5514678,118012,2025-2026,81,,1000000.0,,,,,,0.0
12689,121695825,5514678,118012,2025-2026,82,XV Finance Commission,200000.0,200000.0,200000.0,200000.0,,,199998.0
12690,121695863,5514678,118012,2025-2026,83,,100000.0,100000.0,,,,,0.0
12691,121696970,5514678,118012,2025-2026,84,,1000000.0,,,,,,0.0
12692,121697018,5514678,118012,2025-2026,85,,30000.0,,,,,,0.0
12693,121695422,5514678,118012,2025-2026,86,XV Finance Commission,390000.0,390000.0,390000.0,390000.0,,,253500.0
12694,121697130,5514678,118012,2025-2026,87,,55000.0,,,,,,0.0
12695,121696380,5514678,118012,2025-2026,88,,250000.0,,,,,,0.0
12696,121696690,5514678,118012,2025-2026,89,,,,,,,,0.0
12697,121696748,5514678,118012,2025-2026,90,,,,,,,,0.0
12698,121696801,5514678,118012,2025-2026,91,,,,,,,,0.0
12699,121696889,5514678,118012,2025-2026,92,,,,,,,,0.0
12700,121697047,5514678,118012,2025-2026,93,,50000.0,,,,,,0.0
12701,121697092,5514678,118012,2025-2026,94,,10000.0,,,,,,0.0
12702,121697243,5514678,118012,2025-2026,95,,,,,,,,0.0
12703,121696320,5514678,118012,2025-2026,96,5TH STATE FINANCE COMMISSION,200000.0,200000.0,200000.0,200000.0,,,184211.0
12704,121696208,5514678,118012,2025-2026,97,,200000.0,200000.0,,,,,0.0
12705,121696288,5514678,118012,2025-2026,98,,200000.0,,,,,,0.0
12706,121696636,5514678,118012,2025-2026,99,,,,,,,,0.0
12707,121695901,5514678,118012,2025-2026,100,,100000.0,100000.0,,,,,0.0
12708,121695717,5514678,118012,2025-2026,101,,62476.0,62476.0,,,,,0.0
12709,121695757,5514678,118012,2025-2026,102,,12500.0,,,,,,0.0
12710,121696355,5514678,118012,2025-2026,103,,157190.0,,,,,,0.0
12711,121697071,5514678,118012,2025-2026,104,,35000.0,,,,,,0.0
12712,121697272,5514678,118012,2025-2026,105,,,,,,,,0.0
12713,121696667,5514678,118012,2025-2026,106,,,,,,,,0.0
12714,121695555,5514678,118012,2025-2026,107,XV Finance Commission,300000.0,300000.0,300000.0,300000.0,,,172500.0
12715,121695789,5514678,118012,2025-2026,108,XV Finance Commission,400000.0,400000.0,400000.0,400000.0,,,345977.0
12716,121695585,5514678,118012,2025-2026,109,XV Finance Commission,200000.0,200000.0,200000.0,200000.0,,,0.0
12717,121696150,5514678,118012,2025-2026,110,5TH STATE FINANCE COMMISSION,200000.0,200000.0,200000.0,200000.0,,,0.0
12718,121696247,5514678,118012,2025-2026,111,5TH STATE FINANCE COMMISSION,200000.0,200000.0,200000.0,200000.0,,,0.0
12719,121855216,5863559,118012,2025-2026,1,,,,,,,,0.0
12720,121856054,5863559,118012,2025-2026,2,,,,,,,,0.0
12721,121854673,5863559,118012,2025-2026,3,,,,,,,,0.0
12722,126963579,5863559,118012,2025-2026,4,XV Finance Commission,100000.0,100000.0,100000.0,100000.0,,,91000.0
12723,121857496,5863559,118012,2025-2026,5,,,,,,,,0.0
12724,121855716,5863559,118012,2025-2026,6,,,,,,,,0.0
12725,121856819,5863559,118012,2025-2026,7,,,,,,,,0.0
12726,128415853,6003773,118012,2025-2026,1,5TH STATE FINANCE COMMISSION,157190.0,157190.0,157190.0,157190.0,,,0.0
12727,128411938,6003773,118012,2025-2026,2,5TH STATE FINANCE COMMISSION,200000.0,200000.0,200000.0,200000.0,,,183235.0
12728,128411960,6003773,118012,2025-2026,3,XV Finance Commission,100000.0,100000.0,100000.0,100000.0,,,76288.0
12729,128415826,6003773,118012,2025-2026,4,XV Finance Commission,300000.0,300000.0,300000.0,300000.0,,,0.0
12730,128415867,6003773,118012,2025-2026,5,5TH STATE FINANCE COMMISSION,200000.0,200000.0,200000.0,200000.0,,,0.0
