expenditure_id,voucher_pk,gp_lgd_code,fiscal_year,voucher_no,voucher_date,voucher_cost
1,186.0,119598,2025-2026,XVFC/2025-26/P/143,2025-10-31,150000.0
1,187.0,119598,2025-2026,XVFC/2025-26/P/144,2025-10-31,205.0
1,188.0,119598,2025-2026,XVFC/2025-26/P/145,2025-10-31,1772.0
1,192.0,119598,2025-2026,XVFC/2025-26/P/147,2025-11-11,26919.0
1,278.0,119598,2025-2026,XVFC/2025-26/P/191,2026-03-30,205294.0
1,279.0,119598,2025-2026,XVFC/2025-26/P/192,2026-03-30,8308.0
1,280.0,119598,2025-2026,XVFC/2025-26/P/193,2026-03-30,2193.0
3,1028.0,119598,2021-2022,XVFC/2021-22/P/10,2021-12-27,231695.0
3,1029.0,119598,2021-2022,XVFC/2021-22/P/11,2021-12-27,7266.0
3,1030.0,119598,2021-2022,XVFC/2021-22/P/12,2021-12-27,2500.0
4,1031.0,119598,2021-2022,XVFC/2021-22/P/7,2021-12-27,369673.0
4,1032.0,119598,2021-2022,XVFC/2021-22/P/8,2021-12-27,11655.0
4,1033.0,119598,2021-2022,XVFC/2021-22/P/9,2021-12-27,3990.0
7,1020.0,119598,2021-2022,XVFC/2021-22/P/4,2021-12-10,187730.0
7,1021.0,119598,2021-2022,XVFC/2021-22/P/5,2021-12-10,8036.0
7,1022.0,119598,2021-2022,XVFC/2021-22/P/6,2021-12-10,2000.0
8,1034.0,119598,2021-2022,5THSFC/2021-22/P/11,2022-02-11,140209.0
8,1035.0,119598,2021-2022,5THSFC/2021-22/P/12,2022-02-11,3506.0
8,1036.0,119598,2021-2022,5THSFC/2021-22/P/13,2022-02-11,1500.0
9,1017.0,119598,2021-2022,XVFC/2021-22/P/1,2021-12-10,170318.0
9,1018.0,119598,2021-2022,XVFC/2021-22/P/2,2021-12-10,5393.0
9,1019.0,119598,2021-2022,XVFC/2021-22/P/3,2021-12-10,1819.0
10,349.0,119598,2024-2025,XVFC/2024-25/P/17,2024-11-21,495000.0
10,350.0,119598,2024-2025,XVFC/2024-25/P/18,2024-11-21,5000.0
11,358.0,119598,2024-2025,5THSFC/2024-25/P/15,2024-12-23,22727.0
11,359.0,119598,2024-2025,5THSFC/2024-25/P/16,2024-12-23,9539.0
11,385.0,119598,2024-2025,5THSFC/2024-25/P/24,2025-02-24,12150.0
11,386.0,119598,2024-2025,5THSFC/2024-25/P/25,2025-02-24,20703.0
11,420.0,119598,2024-2025,5THSFC/2024-25/P/43,2025-03-26,6714.0
11,421.0,119598,2024-2025,5THSFC/2024-25/P/44,2025-03-26,9866.0
11,30.0,119598,2025-2026,5THSFC/2025-26/P/5,2025-05-29,15126.0
11,138.0,119598,2025-2026,5THSFC/2025-26/P/9,2025-07-17,12798.0
11,133.0,119598,2025-2026,5THSFC/2025-26/P/10,2025-07-17,7852.0
11,134.0,119598,2025-2026,5THSFC/2025-26/P/11,2025-07-17,9187.0
11,174.0,119598,2025-2026,5THSFC/2025-26/P/14,2025-10-25,108124.0
11,175.0,119598,2025-2026,5THSFC/2025-26/P/15,2025-10-25,35905.0
11,176.0,119598,2025-2026,5THSFC/2025-26/P/16,2025-10-25,46002.0
11,198.0,119598,2025-2026,5THSFC/2025-26/P/26,2025-12-11,49543.0
11,199.0,119598,2025-2026,5THSFC/2025-26/P/27,2025-12-11,19613.0
11,200.0,119598,2025-2026,5THSFC/2025-26/P/28,2025-12-11,20869.0
11,226.0,119598,2025-2026,5THSFC/2025-26/P/46,2026-02-21,21135.0
11,227.0,119598,2025-2026,5THSFC/2025-26/P/47,2026-02-21,50812.0
12,339.0,119598,2024-2025,XVFC/2024-25/P/6,2024-10-02,179042.0
12,340.0,119598,2024-2025,XVFC/2024-25/P/7,2024-10-02,1809.0
13,1003.0,119598,2021-2022,5THSFC/2021-22/P/2,2021-10-02,12000.0
13,1004.0,119598,2021-2022,5THSFC/2021-22/P/3,2021-10-02,6000.0
13,1005.0,119598,2021-2022,5THSFC/2021-22/P/4,2021-10-02,6000.0
13,1013.0,119598,2021-2022,5THSFC/2021-22/P/5,2021-12-10,8000.0
13,1014.0,119598,2021-2022,5THSFC/2021-22/P/6,2021-12-10,4000.0
13,1015.0,119598,2021-2022,5THSFC/2021-22/P/7,2021-12-10,4000.0
13,745.0,119598,2022-2023,5THSFC/2022-23/P/4,2022-07-14,8000.0
13,746.0,119598,2022-2023,5THSFC/2022-23/P/5,2022-07-14,4000.0
13,747.0,119598,2022-2023,5THSFC/2022-23/P/6,2022-07-14,4000.0
13,765.0,119598,2022-2023,5THSFC/2022-23/P/9,2022-08-19,4000.0
13,763.0,119598,2022-2023,5THSFC/2022-23/P/10,2022-08-19,2000.0
13,764.0,119598,2022-2023,5THSFC/2022-23/P/11,2022-08-19,2000.0
13,773.0,119598,2022-2023,5THSFC/2022-23/P/16,2022-09-12,4000.0
13,774.0,119598,2022-2023,5THSFC/2022-23/P/17,2022-09-12,2000.0
13,530.0,119598,2023-2024,5THSFC/2023-24/P/3,2023-06-06,4000.0
13,531.0,119598,2023-2024,5THSFC/2023-24/P/4,2023-06-06,2000.0
13,532.0,119598,2023-2024,5THSFC/2023-24/P/5,2023-06-06,2000.0
13,384.0,119598,2024-2025,5THSFC/2024-25/P/23,2025-02-24,22000.0
14,363.0,119598,2024-2025,5THSFC/2024-25/P/17,2025-02-21,188860.0
14,364.0,119598,2024-2025,5THSFC/2024-25/P/18,2025-02-21,5505.0
14,365.0,119598,2024-2025,5THSFC/2024-25/P/19,2025-02-21,2000.0
15,403.0,119598,2024-2025,5THSFC/2024-25/P/27,2025-03-11,20000.0
15,441.0,119598,2024-2025,5THSFC/2024-25/P/45,2025-03-29,6000.0
15,137.0,119598,2025-2026,5THSFC/2025-26/P/8,2025-07-17,14952.0
16,34.0,119598,2025-2026,XVFC/2025-26/P/7,2025-05-29,372319.0
16,35.0,119598,2025-2026,XVFC/2025-26/P/8,2025-05-29,17561.0
16,36.0,119598,2025-2026,XVFC/2025-26/P/9,2025-05-29,4000.0
17,355.0,119598,2024-2025,5THSFC/2024-25/P/12,2024-12-23,44019.0
17,356.0,119598,2024-2025,5THSFC/2024-25/P/13,2024-12-23,39.0
17,357.0,119598,2024-2025,5THSFC/2024-25/P/14,2024-12-23,450.0
18,330.0,119598,2024-2025,5THSFC/2024-25/P/4,2024-10-02,100000.0
19,346.0,119598,2024-2025,5THSFC/2024-25/P/10,2024-10-10,33600.0
19,347.0,119598,2024-2025,5THSFC/2024-25/P/11,2024-10-10,33870.0
19,228.0,119598,2025-2026,5THSFC/2025-26/P/48,2026-02-22,19739.0
23,341.0,119598,2024-2025,XVFC/2024-25/P/8,2024-10-02,119466.0
23,342.0,119598,2024-2025,XVFC/2024-25/P/9,2024-10-02,2198.0
23,332.0,119598,2024-2025,XVFC/2024-25/P/10,2024-10-02,4764.0
29,752.0,119598,2022-2023,XVFC/2022-23/P/5,2022-07-15,450000.0
30,778.0,119598,2022-2023,XVFC/2022-23/P/8,2022-09-15,73951.0
30,779.0,119598,2022-2023,XVFC/2022-23/P/9,2022-09-15,2493.0
30,776.0,119598,2022-2023,XVFC/2022-23/P/10,2022-09-15,800.0
30,777.0,119598,2022-2023,XVFC/2022-23/P/11,2022-09-15,2756.0
31,810.0,119598,2022-2023,XVFC/2022-23/P/29,2022-11-30,79357.0
31,811.0,119598,2022-2023,XVFC/2022-23/P/30,2022-11-30,1880.0
31,812.0,119598,2022-2023,XVFC/2022-23/P/31,2022-11-30,850.0
31,813.0,119598,2022-2023,XVFC/2022-23/P/32,2022-11-30,2913.0
32,806.0,119598,2022-2023,XVFC/2022-23/P/25,2022-11-30,92779.0
32,807.0,119598,2022-2023,XVFC/2022-23/P/26,2022-11-30,2830.0
32,808.0,119598,2022-2023,XVFC/2022-23/P/27,2022-11-30,1000.0
32,809.0,119598,2022-2023,XVFC/2022-23/P/28,2022-11-30,3391.0
33,785.0,119598,2022-2023,XVFC/2022-23/P/14,2022-09-29,92577.0
33,786.0,119598,2022-2023,XVFC/2022-23/P/15,2022-09-29,2992.0
33,787.0,119598,2022-2023,XVFC/2022-23/P/16,2022-09-29,1000.0
33,788.0,119598,2022-2023,XVFC/2022-23/P/17,2022-09-29,3431.0
34,879.0,119598,2022-2023,XVFC/2022-23/P/56,2023-03-14,83211.0
34,880.0,119598,2022-2023,XVFC/2022-23/P/57,2023-03-14,2790.0
34,881.0,119598,2022-2023,XVFC/2022-23/P/58,2023-03-14,900.0
34,882.0,119598,2022-2023,XVFC/2022-23/P/59,2023-03-14,3099.0
35,798.0,119598,2022-2023,XVFC/2022-23/P/20,2022-11-08,66892.0
35,799.0,119598,2022-2023,XVFC/2022-23/P/21,2022-11-08,225.0
35,800.0,119598,2022-2023,XVFC/2022-23/P/22,2022-11-08,700.0
35,801.0,119598,2022-2023,XVFC/2022-23/P/23,2022-11-08,2183.0
37,830.0,119598,2022-2023,XVFC/2022-23/P/33,2023-01-11,86230.0
37,831.0,119598,2022-2023,XVFC/2022-23/P/34,2023-01-11,71.0
37,832.0,119598,2022-2023,XVFC/2022-23/P/35,2023-01-11,900.0
37,833.0,119598,2022-2023,XVFC/2022-23/P/36,2023-01-11,2799.0
40,333.0,119598,2024-2025,XVFC/2024-25/P/11,2024-10-02,98000.0
40,334.0,119598,2024-2025,XVFC/2024-25/P/12,2024-10-02,2000.0
42,194.0,119598,2025-2026,5THSFC/2025-26/P/25,2025-12-08,40952.0
43,372.0,119598,2024-2025,XVFC/2024-25/P/32,2025-02-21,93921.0
43,373.0,119598,2024-2025,XVFC/2024-25/P/33,2025-02-21,2823.0
43,374.0,119598,2024-2025,XVFC/2024-25/P/34,2025-02-21,1000.0
44,529.0,119598,2023-2024,5THSFC/2023-24/P/2,2023-06-06,2712.0
44,529.0,119598,2023-2024,5THSFC/2023-24/P/2,2023-06-06,4725.0
44,529.0,119598,2023-2024,5THSFC/2023-24/P/2,2023-06-06,451773.0
47,751.0,119598,2022-2023,XVFC/2022-23/P/4,2022-07-15,181234.0
47,766.0,119598,2022-2023,XVFC/2022-23/P/6,2022-08-19,6382.0
47,767.0,119598,2022-2023,XVFC/2022-23/P/7,2022-08-19,21554.0
47,783.0,119598,2022-2023,XVFC/2022-23/P/12,2022-09-29,7928.0
47,784.0,119598,2022-2023,XVFC/2022-23/P/13,2022-09-29,26427.0
47,789.0,119598,2022-2023,XVFC/2022-23/P/18,2022-10-22,29018.0
47,790.0,119598,2022-2023,XVFC/2022-23/P/19,2022-10-22,8981.0
47,802.0,119598,2022-2023,XVFC/2022-23/P/24,2022-11-16,25489.0
47,837.0,119598,2022-2023,XVFC/2022-23/P/40,2023-01-20,11740.0
47,841.0,119598,2022-2023,XVFC/2022-23/P/41,2023-02-11,8792.0
47,870.0,119598,2022-2023,XVFC/2022-23/P/51,2023-03-11,8528.0
47,516.0,119598,2023-2024,XVFC/2023-24/P/2,2023-05-18,24233.0
47,533.0,119598,2023-2024,XVFC/2023-24/P/7,2023-06-18,13172.0
56,348.0,119598,2024-2025,5THSFC/2024-25/P/9,2024-10-10,36000.0
57,337.0,119598,2024-2025,XVFC/2024-25/P/15,2024-10-02,99343.0
57,338.0,119598,2024-2025,XVFC/2024-25/P/16,2024-10-02,1004.0
58,517.0,119598,2023-2024,XVFC/2023-24/P/3,2023-05-19,4000.0
58,518.0,119598,2023-2024,XVFC/2023-24/P/4,2023-05-19,2000.0
58,519.0,119598,2023-2024,XVFC/2023-24/P/5,2023-05-19,2000.0
58,545.0,119598,2023-2024,XVFC/2023-24/P/8,2023-07-15,4000.0
58,546.0,119598,2023-2024,XVFC/2023-24/P/9,2023-07-15,2000.0
58,544.0,119598,2023-2024,XVFC/2023-24/P/10,2023-07-15,2000.0
58,551.0,119598,2023-2024,XVFC/2023-24/P/11,2023-09-15,8000.0
58,552.0,119598,2023-2024,XVFC/2023-24/P/12,2023-09-15,4000.0
58,553.0,119598,2023-2024,XVFC/2023-24/P/13,2023-09-15,4000.0
58,559.0,119598,2023-2024,XVFC/2023-24/P/14,2023-10-19,4000.0
58,560.0,119598,2023-2024,XVFC/2023-24/P/15,2023-10-19,2000.0
58,561.0,119598,2023-2024,XVFC/2023-24/P/16,2023-10-19,2000.0
58,564.0,119598,2023-2024,XVFC/2023-24/P/18,2023-10-31,4000.0
58,565.0,119598,2023-2024,XVFC/2023-24/P/19,2023-10-31,2000.0
58,566.0,119598,2023-2024,XVFC/2023-24/P/20,2023-10-31,2000.0
58,390.0,119598,2024-2025,XVFC/2024-25/P/45,2025-02-24,49500.0
58,195.0,119598,2025-2026,XVFC/2025-26/P/149,2025-12-08,2500.0
59,515.0,119598,2023-2024,XVFC/2023-24/P/1,2023-05-18,86241.0
59,520.0,119598,2023-2024,XVFC/2023-24/P/6,2023-05-19,68.0
60,861.0,119598,2022-2023,XVFC/2022-23/P/42,2023-03-11,7290.0
60,862.0,119598,2022-2023,XVFC/2022-23/P/43,2023-03-11,44.0
60,863.0,119598,2022-2023,XVFC/2022-23/P/44,2023-03-11,75.0
60,883.0,119598,2022-2023,XVFC/2022-23/P/60,2023-03-14,7290.0
60,884.0,119598,2022-2023,XVFC/2022-23/P/61,2023-03-14,44.0
60,885.0,119598,2022-2023,XVFC/2022-23/P/62,2023-03-14,75.0
60,369.0,119598,2024-2025,XVFC/2024-25/P/29,2025-02-21,7290.0
60,370.0,119598,2024-2025,XVFC/2024-25/P/30,2025-02-21,44.0
60,371.0,119598,2024-2025,XVFC/2024-25/P/31,2025-02-21,75.0
61,864.0,119598,2022-2023,XVFC/2022-23/P/45,2023-03-11,8656.0
61,865.0,119598,2022-2023,XVFC/2022-23/P/46,2023-03-11,164.0
61,866.0,119598,2022-2023,XVFC/2022-23/P/47,2023-03-11,90.0
61,867.0,119598,2022-2023,XVFC/2022-23/P/48,2023-03-11,4327.0
61,868.0,119598,2022-2023,XVFC/2022-23/P/49,2023-03-11,83.0
61,869.0,119598,2022-2023,XVFC/2022-23/P/50,2023-03-11,45.0
62,366.0,119598,2024-2025,XVFC/2024-25/P/26,2025-02-21,14619.0
62,367.0,119598,2024-2025,XVFC/2024-25/P/27,2025-02-21,81.0
62,368.0,119598,2024-2025,XVFC/2024-25/P/28,2025-02-21,150.0
63,335.0,119598,2024-2025,XVFC/2024-25/P/13,2024-10-02,91080.0
63,336.0,119598,2024-2025,XVFC/2024-25/P/14,2024-10-02,920.0
66,202.0,119598,2025-2026,XVFC/2025-26/P/153,2025-12-15,5900.0
69,563.0,119598,2023-2024,XVFC/2023-24/P/17,2023-10-31,46570.0
69,326.0,119598,2024-2025,XVFC/2024-25/P/2,2024-09-05,103750.0
70,875.0,119598,2022-2023,XVFC/2022-23/P/52,2023-03-14,791100.0
70,876.0,119598,2022-2023,XVFC/2022-23/P/53,2023-03-14,5516.0
70,877.0,119598,2022-2023,XVFC/2022-23/P/54,2023-03-14,8290.0
70,878.0,119598,2022-2023,XVFC/2022-23/P/55,2023-03-14,23890.0
71,323.0,119598,2024-2025,5THSFC/2024-25/P/1,2024-09-05,145979.0
71,324.0,119598,2024-2025,5THSFC/2024-25/P/2,2024-09-05,736.0
71,325.0,119598,2024-2025,5THSFC/2024-25/P/3,2024-09-05,1500.0
72,834.0,119598,2022-2023,XVFC/2022-23/P/37,2023-01-11,57483.0
72,835.0,119598,2022-2023,XVFC/2022-23/P/38,2023-01-11,600.0
72,836.0,119598,2022-2023,XVFC/2022-23/P/39,2023-01-11,97.0
73,889.0,119598,2022-2023,XVFC/2022-23/P/63,2023-03-16,23766.0
73,890.0,119598,2022-2023,XVFC/2022-23/P/64,2023-03-16,179.0
73,891.0,119598,2022-2023,XVFC/2022-23/P/65,2023-03-16,250.0
73,327.0,119598,2024-2025,XVFC/2024-25/P/3,2024-09-05,24383.0
73,328.0,119598,2024-2025,XVFC/2024-25/P/4,2024-09-05,57.0
73,329.0,119598,2024-2025,XVFC/2024-25/P/5,2024-09-05,250.0
74,360.0,119598,2024-2025,XVFC/2024-25/P/23,2024-12-23,101479.0
74,361.0,119598,2024-2025,XVFC/2024-25/P/24,2024-12-23,1050.0
74,362.0,119598,2024-2025,XVFC/2024-25/P/25,2024-12-23,1057.0
75,452.0,119598,2024-2025,XVFC/2024-25/P/81,2025-03-29,70000.0
76,23.0,119598,2025-2026,5THSFC/2025-26/P/1,2025-05-28,312099.0
76,24.0,119598,2025-2026,5THSFC/2025-26/P/2,2025-05-28,3244.0
76,25.0,119598,2025-2026,5THSFC/2025-26/P/3,2025-05-28,3225.0
77,534.0,119598,2023-2024,5THSFC/2023-24/P/6,2023-06-24,39480.0
78,535.0,119598,2023-2024,5THSFC/2023-24/P/7,2023-06-24,37440.0
84,73.0,119598,2025-2026,XVFC/2025-26/P/46,2025-07-15,3000.0
84,74.0,119598,2025-2026,XVFC/2025-26/P/47,2025-07-15,2.51
84,75.0,119598,2025-2026,XVFC/2025-26/P/48,2025-07-15,35.0
84,153.0,119598,2025-2026,XVFC/2025-26/P/119,2025-07-26,427.0
85,76.0,119598,2025-2026,XVFC/2025-26/P/49,2025-07-15,3000.0
85,77.0,119598,2025-2026,XVFC/2025-26/P/50,2025-07-15,2.51
85,78.0,119598,2025-2026,XVFC/2025-26/P/51,2025-07-15,35.0
85,154.0,119598,2025-2026,XVFC/2025-26/P/120,2025-07-26,427.0
86,85.0,119598,2025-2026,XVFC/2025-26/P/58,2025-07-15,3000.0
86,86.0,119598,2025-2026,XVFC/2025-26/P/59,2025-07-15,2.51
86,87.0,119598,2025-2026,XVFC/2025-26/P/60,2025-07-15,35.0
86,157.0,119598,2025-2026,XVFC/2025-26/P/123,2025-07-26,427.0
87,91.0,119598,2025-2026,XVFC/2025-26/P/64,2025-07-15,3000.0
87,92.0,119598,2025-2026,XVFC/2025-26/P/65,2025-07-15,2.51
87,93.0,119598,2025-2026,XVFC/2025-26/P/66,2025-07-15,35.0
87,159.0,119598,2025-2026,XVFC/2025-26/P/125,2025-07-26,427.0
88,112.0,119598,2025-2026,XVFC/2025-26/P/79,2025-07-16,3000.0
88,113.0,119598,2025-2026,XVFC/2025-26/P/80,2025-07-16,2.51
88,114.0,119598,2025-2026,XVFC/2025-26/P/81,2025-07-16,35.0
88,165.0,119598,2025-2026,XVFC/2025-26/P/131,2025-07-26,427.0
97,331.0,119598,2024-2025,5THSFC/2024-25/P/5,2024-10-02,180000.0
97,343.0,119598,2024-2025,5THSFC/2024-25/P/6,2024-10-05,107968.0
97,344.0,119598,2024-2025,5THSFC/2024-25/P/7,2024-10-05,6901.0
97,345.0,119598,2024-2025,5THSFC/2024-25/P/8,2024-10-05,3000.0
98,180.0,119598,2025-2026,5THSFC/2025-26/P/20,2025-10-31,126000.0
98,181.0,119598,2025-2026,5THSFC/2025-26/P/21,2025-10-31,78.0
98,182.0,119598,2025-2026,5THSFC/2025-26/P/22,2025-10-31,1500.0
98,190.0,119598,2025-2026,5THSFC/2025-26/P/23,2025-11-11,20793.0
102,43.0,119598,2025-2026,XVFC/2025-26/P/16,2025-07-15,3000.0
102,44.0,119598,2025-2026,XVFC/2025-26/P/17,2025-07-15,2.51
102,45.0,119598,2025-2026,XVFC/2025-26/P/18,2025-07-15,35.0
102,143.0,119598,2025-2026,XVFC/2025-26/P/109,2025-07-26,427.0
103,46.0,119598,2025-2026,XVFC/2025-26/P/19,2025-07-15,3000.0
103,47.0,119598,2025-2026,XVFC/2025-26/P/20,2025-07-15,2.51
103,48.0,119598,2025-2026,XVFC/2025-26/P/21,2025-07-15,35.0
103,144.0,119598,2025-2026,XVFC/2025-26/P/110,2025-07-26,427.0
104,49.0,119598,2025-2026,XVFC/2025-26/P/22,2025-07-15,3000.0
104,50.0,119598,2025-2026,XVFC/2025-26/P/23,2025-07-15,2.51
104,51.0,119598,2025-2026,XVFC/2025-26/P/24,2025-07-15,35.0
104,145.0,119598,2025-2026,XVFC/2025-26/P/111,2025-07-26,427.0
105,58.0,119598,2025-2026,XVFC/2025-26/P/31,2025-07-15,3000.0
105,59.0,119598,2025-2026,XVFC/2025-26/P/32,2025-07-15,2.51
105,60.0,119598,2025-2026,XVFC/2025-26/P/33,2025-07-15,35.0
105,148.0,119598,2025-2026,XVFC/2025-26/P/114,2025-07-26,427.0
106,64.0,119598,2025-2026,XVFC/2025-26/P/37,2025-07-15,3000.0
106,65.0,119598,2025-2026,XVFC/2025-26/P/38,2025-07-15,2.51
106,66.0,119598,2025-2026,XVFC/2025-26/P/39,2025-07-15,35.0
106,150.0,119598,2025-2026,XVFC/2025-26/P/116,2025-07-26,427.0
107,67.0,119598,2025-2026,XVFC/2025-26/P/40,2025-07-15,3000.0
107,68.0,119598,2025-2026,XVFC/2025-26/P/41,2025-07-15,2.51
107,69.0,119598,2025-2026,XVFC/2025-26/P/42,2025-07-15,35.0
107,151.0,119598,2025-2026,XVFC/2025-26/P/117,2025-07-26,427.0
108,61.0,119598,2025-2026,XVFC/2025-26/P/34,2025-07-15,3000.0
108,62.0,119598,2025-2026,XVFC/2025-26/P/35,2025-07-15,2.51
108,63.0,119598,2025-2026,XVFC/2025-26/P/36,2025-07-15,35.0
108,149.0,119598,2025-2026,XVFC/2025-26/P/115,2025-07-26,427.0
110,400.0,119598,2024-2025,XVFC/2024-25/P/54,2025-03-08,200000.0
110,401.0,119598,2024-2025,XVFC/2024-25/P/55,2025-03-08,8271.0
110,402.0,119598,2024-2025,XVFC/2024-25/P/56,2025-03-08,2578.0
110,405.0,119598,2024-2025,XVFC/2024-25/P/58,2025-03-12,43102.0
111,79.0,119598,2025-2026,XVFC/2025-26/P/52,2025-07-15,3000.0
111,80.0,119598,2025-2026,XVFC/2025-26/P/53,2025-07-15,2.51
111,81.0,119598,2025-2026,XVFC/2025-26/P/54,2025-07-15,35.0
111,155.0,119598,2025-2026,XVFC/2025-26/P/121,2025-07-26,427.0
112,82.0,119598,2025-2026,XVFC/2025-26/P/55,2025-07-15,3000.0
112,83.0,119598,2025-2026,XVFC/2025-26/P/56,2025-07-15,2.51
112,84.0,119598,2025-2026,XVFC/2025-26/P/57,2025-07-15,35.0
112,156.0,119598,2025-2026,XVFC/2025-26/P/122,2025-07-26,427.0
113,98.0,119598,2025-2026,XVFC/2025-26/P/71,2025-07-15,2.51
113,99.0,119598,2025-2026,XVFC/2025-26/P/72,2025-07-15,35.0
113,161.0,119598,2025-2026,XVFC/2025-26/P/127,2025-07-26,427.0
113,163.0,119598,2025-2026,XVFC/2025-26/P/129,2025-07-26,3000.0
114,106.0,119598,2025-2026,XVFC/2025-26/P/73,2025-07-16,3000.0
114,107.0,119598,2025-2026,XVFC/2025-26/P/74,2025-07-16,2.51
114,108.0,119598,2025-2026,XVFC/2025-26/P/75,2025-07-16,35.0
114,162.0,119598,2025-2026,XVFC/2025-26/P/128,2025-07-26,427.0
115,115.0,119598,2025-2026,XVFC/2025-26/P/82,2025-07-16,3000.0
115,116.0,119598,2025-2026,XVFC/2025-26/P/83,2025-07-16,2.51
115,117.0,119598,2025-2026,XVFC/2025-26/P/84,2025-07-16,35.0
115,166.0,119598,2025-2026,XVFC/2025-26/P/132,2025-07-26,427.0
116,103.0,119598,2025-2026,XVFC/2025-26/P/104,2025-07-16,3000.0
116,104.0,119598,2025-2026,XVFC/2025-26/P/105,2025-07-16,2.51
116,105.0,119598,2025-2026,XVFC/2025-26/P/106,2025-07-16,35.0
116,173.0,119598,2025-2026,XVFC/2025-26/P/139,2025-07-26,427.0
117,100.0,119598,2025-2026,XVFC/2025-26/P/100,2025-07-16,3000.0
117,101.0,119598,2025-2026,XVFC/2025-26/P/101,2025-07-16,2.51
117,102.0,119598,2025-2026,XVFC/2025-26/P/102,2025-07-16,35.0
117,172.0,119598,2025-2026,XVFC/2025-26/P/138,2025-07-26,427.0
118,130.0,119598,2025-2026,XVFC/2025-26/P/97,2025-07-16,3000.0
118,131.0,119598,2025-2026,XVFC/2025-26/P/98,2025-07-16,2.51
118,132.0,119598,2025-2026,XVFC/2025-26/P/99,2025-07-16,35.0
118,171.0,119598,2025-2026,XVFC/2025-26/P/137,2025-07-26,427.0
119,127.0,119598,2025-2026,XVFC/2025-26/P/94,2025-07-16,3000.0
119,128.0,119598,2025-2026,XVFC/2025-26/P/95,2025-07-16,2.51
119,129.0,119598,2025-2026,XVFC/2025-26/P/96,2025-07-16,35.0
119,170.0,119598,2025-2026,XVFC/2025-26/P/136,2025-07-26,427.0
120,124.0,119598,2025-2026,XVFC/2025-26/P/91,2025-07-16,3000.0
120,125.0,119598,2025-2026,XVFC/2025-26/P/92,2025-07-16,2.51
120,126.0,119598,2025-2026,XVFC/2025-26/P/93,2025-07-16,35.0
120,169.0,119598,2025-2026,XVFC/2025-26/P/135,2025-07-26,427.0
121,121.0,119598,2025-2026,XVFC/2025-26/P/88,2025-07-16,3000.0
121,122.0,119598,2025-2026,XVFC/2025-26/P/89,2025-07-16,2.51
121,123.0,119598,2025-2026,XVFC/2025-26/P/90,2025-07-16,35.0
121,168.0,119598,2025-2026,XVFC/2025-26/P/134,2025-07-26,427.0
122,118.0,119598,2025-2026,XVFC/2025-26/P/85,2025-07-16,3000.0
122,119.0,119598,2025-2026,XVFC/2025-26/P/86,2025-07-16,2.51
122,120.0,119598,2025-2026,XVFC/2025-26/P/87,2025-07-16,35.0
122,167.0,119598,2025-2026,XVFC/2025-26/P/133,2025-07-26,427.0
123,183.0,119598,2025-2026,XVFC/2025-26/P/140,2025-10-31,200000.0
123,184.0,119598,2025-2026,XVFC/2025-26/P/141,2025-10-31,1226.0
123,185.0,119598,2025-2026,XVFC/2025-26/P/142,2025-10-31,2340.0
123,193.0,119598,2025-2026,XVFC/2025-26/P/148,2025-11-11,27550.0
130,598.0,119598,2023-2024,XVFC/2023-24/P/21,2024-03-22,30000.0
130,39.0,119598,2025-2026,XVFC/2025-26/P/12,2025-06-02,26000.0
130,196.0,119598,2025-2026,XVFC/2025-26/P/150,2025-12-08,36500.0
130,252.0,119598,2025-2026,XVFC/2025-26/P/168,2026-03-10,7500.0
131,428.0,119598,2024-2025,XVFC/2024-25/P/62,2025-03-26,80000.0
131,429.0,119598,2024-2025,XVFC/2024-25/P/63,2025-03-26,2343.0
131,430.0,119598,2024-2025,XVFC/2024-25/P/64,2025-03-26,1000.0
131,449.0,119598,2024-2025,XVFC/2024-25/P/78,2025-03-29,14938.0
132,431.0,119598,2024-2025,XVFC/2024-25/P/65,2025-03-26,160000.0
132,432.0,119598,2024-2025,XVFC/2024-25/P/66,2025-03-26,4613.0
132,433.0,119598,2024-2025,XVFC/2024-25/P/67,2025-03-26,2000.0
132,450.0,119598,2024-2025,XVFC/2024-25/P/79,2025-03-29,29951.0
133,439.0,119598,2024-2025,XVFC/2024-25/P/73,2025-03-26,40000.0
133,440.0,119598,2024-2025,XVFC/2024-25/P/74,2025-03-26,500.0
133,446.0,119598,2024-2025,XVFC/2024-25/P/75,2025-03-29,9500.0
269,434.0,119598,2024-2025,XVFC/2024-25/P/68,2025-03-26,50000.0
269,435.0,119598,2024-2025,XVFC/2024-25/P/69,2025-03-26,195.0
269,436.0,119598,2024-2025,XVFC/2024-25/P/70,2025-03-26,600.0
269,451.0,119598,2024-2025,XVFC/2024-25/P/80,2025-03-29,8503.0
270,351.0,119598,2024-2025,XVFC/2024-25/P/19,2024-12-13,100000.0
270,352.0,119598,2024-2025,XVFC/2024-25/P/20,2024-12-17,42170.0
270,353.0,119598,2024-2025,XVFC/2024-25/P/21,2024-12-17,3339.0
270,354.0,119598,2024-2025,XVFC/2024-25/P/22,2024-12-17,1500.0
271,322.0,119598,2024-2025,XVFC/2024-25/P/1,2024-07-08,51854.0
272,596.0,119598,2023-2024,5THSFC/2023-24/P/9,2024-03-22,10500.0
272,207.0,119598,2025-2026,5THSFC/2025-26/P/33,2026-02-20,20000.0
272,238.0,119598,2025-2026,5THSFC/2025-26/P/50,2026-03-10,4500.0
273,40.0,119598,2025-2026,XVFC/2025-26/P/13,2025-07-15,3000.0
273,41.0,119598,2025-2026,XVFC/2025-26/P/14,2025-07-15,2.51
273,42.0,119598,2025-2026,XVFC/2025-26/P/15,2025-07-15,35.0
273,142.0,119598,2025-2026,XVFC/2025-26/P/108,2025-07-26,427.0
274,52.0,119598,2025-2026,XVFC/2025-26/P/25,2025-07-15,3000.0
274,53.0,119598,2025-2026,XVFC/2025-26/P/26,2025-07-15,2.51
274,54.0,119598,2025-2026,XVFC/2025-26/P/27,2025-07-15,35.0
274,146.0,119598,2025-2026,XVFC/2025-26/P/112,2025-07-26,427.0
275,94.0,119598,2025-2026,XVFC/2025-26/P/67,2025-07-15,3000.0
275,95.0,119598,2025-2026,XVFC/2025-26/P/68,2025-07-15,2.51
275,96.0,119598,2025-2026,XVFC/2025-26/P/69,2025-07-15,35.0
275,160.0,119598,2025-2026,XVFC/2025-26/P/126,2025-07-26,427.0
276,55.0,119598,2025-2026,XVFC/2025-26/P/28,2025-07-15,3000.0
276,56.0,119598,2025-2026,XVFC/2025-26/P/29,2025-07-15,2.51
276,57.0,119598,2025-2026,XVFC/2025-26/P/30,2025-07-15,35.0
276,147.0,119598,2025-2026,XVFC/2025-26/P/113,2025-07-26,427.0
277,70.0,119598,2025-2026,XVFC/2025-26/P/43,2025-07-15,3000.0
277,71.0,119598,2025-2026,XVFC/2025-26/P/44,2025-07-15,2.51
277,72.0,119598,2025-2026,XVFC/2025-26/P/45,2025-07-15,35.0
277,152.0,119598,2025-2026,XVFC/2025-26/P/118,2025-07-26,427.0
278,88.0,119598,2025-2026,XVFC/2025-26/P/61,2025-07-15,3000.0
278,89.0,119598,2025-2026,XVFC/2025-26/P/62,2025-07-15,2.51
278,90.0,119598,2025-2026,XVFC/2025-26/P/63,2025-07-15,35.0
278,158.0,119598,2025-2026,XVFC/2025-26/P/124,2025-07-26,427.0
279,109.0,119598,2025-2026,XVFC/2025-26/P/76,2025-07-16,3000.0
279,110.0,119598,2025-2026,XVFC/2025-26/P/77,2025-07-16,2.51
279,111.0,119598,2025-2026,XVFC/2025-26/P/78,2025-07-16,35.0
279,164.0,119598,2025-2026,XVFC/2025-26/P/130,2025-07-26,427.0
280,397.0,119598,2024-2025,XVFC/2024-25/P/51,2025-03-08,38000.0
280,398.0,119598,2024-2025,XVFC/2024-25/P/52,2025-03-08,1370.0
280,399.0,119598,2024-2025,XVFC/2024-25/P/53,2025-03-08,500.0
280,404.0,119598,2024-2025,XVFC/2024-25/P/57,2025-03-12,8599.0
281,380.0,119598,2024-2025,XVFC/2024-25/P/38,2025-02-22,30000.0
281,381.0,119598,2024-2025,XVFC/2024-25/P/39,2025-02-22,119.0
281,382.0,119598,2024-2025,XVFC/2024-25/P/40,2025-02-22,400.0
281,393.0,119598,2024-2025,XVFC/2024-25/P/47,2025-03-02,9041.0
282,388.0,119598,2024-2025,XVFC/2024-25/P/43,2025-02-24,40000.0
282,395.0,119598,2024-2025,XVFC/2024-25/P/49,2025-03-02,5540.0
283,378.0,119598,2024-2025,XVFC/2024-25/P/35,2025-02-22,80000.0
283,379.0,119598,2024-2025,XVFC/2024-25/P/37,2025-02-22,1000.0
283,383.0,119598,2024-2025,XVFC/2024-25/P/41,2025-02-22,2374.0
283,392.0,119598,2024-2025,XVFC/2024-25/P/46,2025-03-02,14365.0
284,375.0,119598,2024-2025,5THSFC/2024-25/P/20,2025-02-22,160000.0
284,376.0,119598,2024-2025,5THSFC/2024-25/P/21,2025-02-22,113.0
284,377.0,119598,2024-2025,5THSFC/2024-25/P/22,2025-02-22,1859.0
284,391.0,119598,2024-2025,5THSFC/2024-25/P/26,2025-03-02,21947.0
285,387.0,119598,2024-2025,XVFC/2024-25/P/42,2025-02-24,50000.0
285,394.0,119598,2024-2025,XVFC/2024-25/P/48,2025-03-02,7340.0
286,389.0,119598,2024-2025,XVFC/2024-25/P/44,2025-02-24,40000.0
286,396.0,119598,2024-2025,XVFC/2024-25/P/50,2025-03-02,7440.0
287,229.0,119598,2025-2026,XVFC/2025-26/P/160,2026-02-22,30000.0
287,235.0,119598,2025-2026,XVFC/2025-26/P/165,2026-03-03,4320.0
288,230.0,119598,2025-2026,XVFC/2025-26/P/161,2026-02-22,35000.0
288,236.0,119598,2025-2026,XVFC/2025-26/P/166,2026-03-03,4420.0
289,231.0,119598,2025-2026,XVFC/2025-26/P/162,2026-02-22,27000.0
289,237.0,119598,2025-2026,XVFC/2025-26/P/167,2026-03-03,4260.0
290,263.0,119598,2025-2026,XVFC/2025-26/P/178,2026-03-23,9837.0
290,264.0,119598,2025-2026,XVFC/2025-26/P/179,2026-03-23,25733.0
290,265.0,119598,2025-2026,XVFC/2025-26/P/180,2026-03-23,13634.0
302,257.0,119598,2025-2026,XVFC/2025-26/P/173,2026-03-10,220000.0
302,258.0,119598,2025-2026,XVFC/2025-26/P/174,2026-03-10,10126.0
302,259.0,119598,2025-2026,XVFC/2025-26/P/175,2026-03-10,2706.0
302,262.0,119598,2025-2026,XVFC/2025-26/P/177,2026-03-21,33556.0
310,26.0,119598,2025-2026,XVFC/2025-26/P/1,2025-05-28,160000.0
310,27.0,119598,2025-2026,XVFC/2025-26/P/2,2025-05-28,7533.0
310,28.0,119598,2025-2026,XVFC/2025-26/P/3,2025-05-28,2000.0
310,38.0,119598,2025-2026,XVFC/2025-26/P/11,2025-06-02,27031.0
326,189.0,119598,2025-2026,XVFC/2025-26/P/146,2025-10-31,52000.0
326,253.0,119598,2025-2026,XVFC/2025-26/P/169,2026-03-10,31500.0
348,412.0,119598,2024-2025,5THSFC/2024-25/P/35,2025-03-26,160000.0
348,413.0,119598,2024-2025,5THSFC/2024-25/P/36,2025-03-26,4589.0
348,414.0,119598,2024-2025,5THSFC/2024-25/P/37,2025-03-26,2000.0
348,444.0,119598,2024-2025,5THSFC/2024-25/P/48,2025-03-29,29978.0
358,177.0,119598,2025-2026,5THSFC/2025-26/P/17,2025-10-31,75000.0
358,178.0,119598,2025-2026,5THSFC/2025-26/P/18,2025-10-31,3317.0
358,179.0,119598,2025-2026,5THSFC/2025-26/P/19,2025-10-31,1000.0
358,191.0,119598,2025-2026,5THSFC/2025-26/P/24,2025-11-11,19188.0
360,270.0,119598,2025-2026,XVFC/2025-26/P/185,2026-03-27,85000.0
360,271.0,119598,2025-2026,XVFC/2025-26/P/186,2026-03-27,4592.0
360,281.0,119598,2025-2026,XVFC/2025-26/P/194,2026-03-30,8524.0
360,282.0,119598,2025-2026,XVFC/2025-26/P/195,2026-03-30,1008.0
361,425.0,119598,2024-2025,XVFC/2024-25/P/59,2025-03-26,260000.0
361,426.0,119598,2024-2025,XVFC/2024-25/P/60,2025-03-26,6862.0
361,427.0,119598,2024-2025,XVFC/2024-25/P/61,2025-03-26,3000.0
361,448.0,119598,2024-2025,XVFC/2024-25/P/77,2025-03-29,24993.0
398,272.0,119598,2025-2026,XVFC/2025-26/P/187,2026-03-27,180000.0
398,284.0,119598,2025-2026,XVFC/2025-26/P/197,2026-03-30,9559.0
398,285.0,119598,2025-2026,XVFC/2025-26/P/198,2026-03-30,5553.0
398,286.0,119598,2025-2026,XVFC/2025-26/P/199,2026-03-30,2000.0
399,135.0,119598,2025-2026,5THSFC/2025-26/P/6,2025-07-17,210000.0
399,136.0,119598,2025-2026,5THSFC/2025-26/P/7,2025-07-17,48.0
399,140.0,119598,2025-2026,5THSFC/2025-26/P/12,2025-07-26,21021.0
399,141.0,119598,2025-2026,5THSFC/2025-26/P/13,2025-07-26,2400.0
400,139.0,119598,2025-2026,XVFC/2025-26/P/107,2025-07-17,50000.0
401,197.0,119598,2025-2026,XVFC/2025-26/P/151,2025-12-10,160000.0
401,201.0,119598,2025-2026,XVFC/2025-26/P/152,2025-12-15,20000.0
402,409.0,119598,2024-2025,5THSFC/2024-25/P/32,2025-03-26,80000.0
402,410.0,119598,2024-2025,5THSFC/2024-25/P/33,2025-03-26,2313.0
402,411.0,119598,2024-2025,5THSFC/2024-25/P/34,2025-03-26,1000.0
402,443.0,119598,2024-2025,5THSFC/2024-25/P/47,2025-03-29,14411.0
403,406.0,119598,2024-2025,5THSFC/2024-25/P/28,2025-03-26,80000.0
403,407.0,119598,2024-2025,5THSFC/2024-25/P/30,2025-03-26,2922.0
403,408.0,119598,2024-2025,5THSFC/2024-25/P/31,2025-03-26,1000.0
403,442.0,119598,2024-2025,5THSFC/2024-25/P/46,2025-03-29,14309.0
404,415.0,119598,2024-2025,5THSFC/2024-25/P/38,2025-03-26,80000.0
404,416.0,119598,2024-2025,5THSFC/2024-25/P/39,2025-03-26,2258.0
404,417.0,119598,2024-2025,5THSFC/2024-25/P/40,2025-03-26,1000.0
404,445.0,119598,2024-2025,5THSFC/2024-25/P/49,2025-03-29,14466.0
405,204.0,119598,2025-2026,5THSFC/2025-26/P/30,2026-02-20,80000.0
405,205.0,119598,2025-2026,5THSFC/2025-26/P/31,2026-02-20,4555.0
405,206.0,119598,2025-2026,5THSFC/2025-26/P/32,2026-02-20,1000.0
405,232.0,119598,2025-2026,5THSFC/2025-26/P/49,2026-03-03,12683.0
406,437.0,119598,2024-2025,XVFC/2024-25/P/71,2025-03-26,100000.0
406,438.0,119598,2024-2025,XVFC/2024-25/P/72,2025-03-26,1147.0
406,447.0,119598,2024-2025,XVFC/2024-25/P/76,2025-03-29,13525.0
407,31.0,119598,2025-2026,XVFC/2025-26/P/4,2025-05-29,170000.0
407,32.0,119598,2025-2026,XVFC/2025-26/P/5,2025-05-29,2246.0
407,33.0,119598,2025-2026,XVFC/2025-26/P/6,2025-05-29,2000.0
407,37.0,119598,2025-2026,XVFC/2025-26/P/10,2025-06-02,23277.0
408,266.0,119598,2025-2026,XVFC/2025-26/P/181,2026-03-23,180000.0
408,273.0,119598,2025-2026,XVFC/2025-26/P/188,2026-03-27,21672.0
461,246.0,119598,2025-2026,5THSFC/2025-26/P/58,2026-03-10,69965.0
461,247.0,119598,2025-2026,5THSFC/2025-26/P/59,2026-03-10,2857.0
461,248.0,119598,2025-2026,5THSFC/2025-26/P/60,2026-03-10,750.0
474,267.0,119598,2025-2026,XVFC/2025-26/P/182,2026-03-27,50000.0
474,268.0,119598,2025-2026,XVFC/2025-26/P/183,2026-03-27,600.0
474,283.0,119598,2025-2026,XVFC/2025-26/P/196,2026-03-30,8800.0
477,269.0,119598,2025-2026,XVFC/2025-26/P/184,2026-03-27,90000.0
477,276.0,119598,2025-2026,XVFC/2025-26/P/189,2026-03-30,9666.0
477,277.0,119598,2025-2026,XVFC/2025-26/P/190,2026-03-30,1006.0
479,254.0,119598,2025-2026,XVFC/2025-26/P/170,2026-03-10,120000.0
479,255.0,119598,2025-2026,XVFC/2025-26/P/171,2026-03-10,6773.0
479,256.0,119598,2025-2026,XVFC/2025-26/P/172,2026-03-10,1500.0
479,261.0,119598,2025-2026,XVFC/2025-26/P/176,2026-03-21,19997.0
481,208.0,119598,2025-2026,XVFC/2025-26/P/154,2026-02-20,80000.0
481,209.0,119598,2025-2026,XVFC/2025-26/P/155,2026-02-20,4506.0
481,210.0,119598,2025-2026,XVFC/2025-26/P/156,2026-02-20,1000.0
481,233.0,119598,2025-2026,XVFC/2025-26/P/163,2026-03-03,12745.0
482,211.0,119598,2025-2026,XVFC/2025-26/P/157,2026-02-20,120000.0
482,212.0,119598,2025-2026,XVFC/2025-26/P/158,2026-02-20,6730.0
482,213.0,119598,2025-2026,XVFC/2025-26/P/159,2026-02-20,1500.0
482,234.0,119598,2025-2026,XVFC/2025-26/P/164,2026-03-03,19155.0
484,243.0,119598,2025-2026,5THSFC/2025-26/P/55,2026-03-10,165414.0
484,244.0,119598,2025-2026,5THSFC/2025-26/P/56,2026-03-10,9075.0
484,245.0,119598,2025-2026,5THSFC/2025-26/P/57,2026-03-10,2000.0
484,260.0,119598,2025-2026,5THSFC/2025-26/P/64,2026-03-21,20000.0
485,217.0,119598,2025-2026,5THSFC/2025-26/P/37,2026-02-21,120000.0
485,218.0,119598,2025-2026,5THSFC/2025-26/P/38,2026-02-21,6730.0
485,219.0,119598,2025-2026,5THSFC/2025-26/P/39,2026-02-21,1500.0
485,240.0,119598,2025-2026,5THSFC/2025-26/P/52,2026-03-10,19155.0
487,220.0,119598,2025-2026,5THSFC/2025-26/P/40,2026-02-21,70000.0
487,221.0,119598,2025-2026,5THSFC/2025-26/P/41,2026-02-21,2164.0
487,222.0,119598,2025-2026,5THSFC/2025-26/P/42,2026-02-21,850.0
487,241.0,119598,2025-2026,5THSFC/2025-26/P/53,2026-03-10,11757.0
492,214.0,119598,2025-2026,5THSFC/2025-26/P/34,2026-02-21,160000.0
492,215.0,119598,2025-2026,5THSFC/2025-26/P/35,2026-02-21,9177.0
492,216.0,119598,2025-2026,5THSFC/2025-26/P/36,2026-02-21,2000.0
492,239.0,119598,2025-2026,5THSFC/2025-26/P/51,2026-03-10,25303.0
493,223.0,119598,2025-2026,5THSFC/2025-26/P/43,2026-02-21,120000.0
493,224.0,119598,2025-2026,5THSFC/2025-26/P/44,2026-02-21,6739.0
493,225.0,119598,2025-2026,5THSFC/2025-26/P/45,2026-02-21,1500.0
493,242.0,119598,2025-2026,5THSFC/2025-26/P/54,2026-03-10,19145.0
501,1484.0,116397,2020-2021,XVFC/2020-21/P/1,2021-01-15,211573.0
506,1489.0,116397,2020-2021,5THSFC/2020-21/P/2,2021-02-26,198671.0
507,1489.0,116397,2020-2021,5THSFC/2020-21/P/2,2021-02-26,198671.0
508,1438.0,116397,2021-2022,XVFC/2021-22/P/2,2021-05-27,46200.0
508,1440.0,116397,2021-2022,XVFC/2021-22/P/3,2021-06-29,76070.0
511,1459.0,116397,2021-2022,XVFC/2021-22/P/15,2021-12-31,33825.0
511,1462.0,116397,2021-2022,XVFC/2021-22/P/16,2022-03-30,66175.0
512,1445.0,116397,2021-2022,XVFC/2021-22/P/5,2021-09-20,83358.0
512,1446.0,116397,2021-2022,XVFC/2021-22/P/6,2021-10-08,487621.0
512,1454.0,116397,2021-2022,XVFC/2021-22/P/12,2021-11-23,281767.0
513,1490.0,116397,2020-2021,XVFC/2020-21/P/3,2021-03-09,29700.0
515,1485.0,116397,2020-2021,5THSFC/2020-21/P/1,2021-02-10,278039.0
516,1437.0,116397,2021-2022,XVFC/2021-22/P/1,2021-05-05,508913.0
518,1488.0,116397,2020-2021,XVFC/2020-21/P/2,2021-02-10,174282.0
518,1443.0,116397,2021-2022,XVFC/2021-22/P/4,2021-09-08,113167.0
518,1451.0,116397,2021-2022,XVFC/2021-22/P/9,2021-10-27,4607.0
521,1463.0,116397,2021-2022,XVFC/2021-22/P/17,2022-03-30,100312.0
522,1441.0,116397,2021-2022,5THSFC/2021-22/P/1,2021-07-17,149904.0
522,1448.0,116397,2021-2022,5THSFC/2021-22/P/3,2021-10-22,142227.0
523,1447.0,116397,2021-2022,XVFC/2021-22/P/7,2021-10-18,342537.0
527,1399.0,116397,2022-2023,5THSFC/2022-23/P/3,2022-05-18,6000.0
527,1400.0,116397,2022-2023,5THSFC/2022-23/P/4,2022-05-18,6000.0
530,1444.0,116397,2021-2022,5THSFC/2021-22/P/2,2021-09-20,95050.0
531,1397.0,116397,2022-2023,5THSFC/2022-23/P/2,2022-05-02,48000.0
532,1449.0,116397,2021-2022,XVFC/2021-22/P/8,2021-10-22,144920.0
535,1452.0,116397,2021-2022,XVFC/2021-22/P/10,2021-11-05,285012.0
536,1453.0,116397,2021-2022,XVFC/2021-22/P/11,2021-11-05,131451.0
537,1455.0,116397,2021-2022,5THSFC/2021-22/P/4,2021-12-03,290371.0
537,1460.0,116397,2021-2022,5THSFC/2021-22/P/7,2022-02-04,195919.0
538,1457.0,116397,2021-2022,5THSFC/2021-22/P/5,2021-12-09,100000.0
539,1456.0,116397,2021-2022,XVFC/2021-22/P/13,2021-12-03,197000.0
540,1401.0,116397,2022-2023,XVFC/2022-23/P/1,2022-06-04,2805.0
540,1401.0,116397,2022-2023,XVFC/2022-23/P/1,2022-06-04,3955.0
540,1401.0,116397,2022-2023,XVFC/2022-23/P/1,2022-06-04,388104.0
551,1409.0,116397,2022-2023,5THSFC/2022-23/P/5,2022-09-06,2000.0
551,1409.0,116397,2022-2023,5THSFC/2022-23/P/5,2022-09-06,3546.0
551,1409.0,116397,2022-2023,5THSFC/2022-23/P/5,2022-09-06,194070.0
552,1308.0,116397,2024-2025,XVFC/2024-25/P/14,2024-07-24,148760.0
553,1412.0,116397,2022-2023,XVFC/2022-23/P/3,2022-12-16,980.0
553,1412.0,116397,2022-2023,XVFC/2022-23/P/3,2022-12-16,1907.0
553,1412.0,116397,2022-2023,XVFC/2022-23/P/3,2022-12-16,94113.0
554,1413.0,116397,2022-2023,XVFC/2022-23/P/4,2022-12-30,167.0
554,1413.0,116397,2022-2023,XVFC/2022-23/P/4,2022-12-30,2000.0
554,1413.0,116397,2022-2023,XVFC/2022-23/P/4,2022-12-30,195833.0
555,1411.0,116397,2022-2023,XVFC/2022-23/P/2,2022-10-01,300.0
555,1411.0,116397,2022-2023,XVFC/2022-23/P/2,2022-10-01,29700.0
557,1414.0,116397,2022-2023,5THSFC/2022-23/P/7,2023-01-04,16000.0
557,1414.0,116397,2022-2023,5THSFC/2022-23/P/7,2023-01-04,32000.0
557,1422.0,116397,2022-2023,5THSFC/2022-23/P/10,2023-03-29,8000.0
557,1422.0,116397,2022-2023,5THSFC/2022-23/P/10,2023-03-29,16000.0
564,1416.0,116397,2022-2023,XVFC/2022-23/P/6,2023-02-01,447.0
564,1416.0,116397,2022-2023,XVFC/2022-23/P/6,2023-02-01,2500.0
564,1416.0,116397,2022-2023,XVFC/2022-23/P/6,2023-02-01,244553.0
565,1421.0,116397,2022-2023,XVFC/2022-23/P/9,2023-03-14,1285.0
565,1421.0,116397,2022-2023,XVFC/2022-23/P/9,2023-03-14,125759.0
566,1322.0,116397,2024-2025,XVFC/2024-25/P/26,2024-11-19,31900.0
566,1323.0,116397,2024-2025,XVFC/2024-25/P/27,2024-11-19,31060.0
567,1410.0,116397,2022-2023,5THSFC/2022-23/P/6,2022-10-01,2167.0
567,1410.0,116397,2022-2023,5THSFC/2022-23/P/6,2022-10-01,2670.0
567,1410.0,116397,2022-2023,5THSFC/2022-23/P/6,2022-10-01,209129.0
567,1354.0,116397,2023-2024,5THSFC/2023-24/P/1,2023-07-19,833.0
567,1354.0,116397,2023-2024,5THSFC/2023-24/P/1,2023-07-19,81801.0
567,1294.0,116397,2024-2025,5THSFC/2024-25/P/3,2024-05-28,700.0
568,1418.0,116397,2022-2023,5THSFC/2022-23/P/8,2023-02-28,36234.0
568,1419.0,116397,2022-2023,5THSFC/2022-23/P/9,2023-02-28,13160.0
568,1365.0,116397,2023-2024,5THSFC/2023-24/P/6,2023-09-26,14413.0
568,1366.0,116397,2023-2024,5THSFC/2023-24/P/7,2023-09-26,48647.0
568,1367.0,116397,2023-2024,5THSFC/2023-24/P/8,2023-09-26,12980.0
569,1417.0,116397,2022-2023,XVFC/2022-23/P/7,2023-02-01,4000.0
569,1423.0,116397,2022-2023,XVFC/2022-23/P/10,2023-03-29,3000.0
570,1352.0,116397,2023-2024,XVFC/2023-24/P/1,2023-04-18,1086.0
570,1352.0,116397,2023-2024,XVFC/2023-24/P/1,2023-04-18,1700.0
570,1352.0,116397,2023-2024,XVFC/2023-24/P/1,2023-04-18,165514.0
579,1415.0,116397,2022-2023,XVFC/2022-23/P/5,2023-02-01,4000.0
579,1415.0,116397,2022-2023,XVFC/2022-23/P/5,2023-02-01,7564.0
579,1415.0,116397,2022-2023,XVFC/2022-23/P/5,2023-02-01,384436.0
580,1353.0,116397,2023-2024,XVFC/2023-24/P/2,2023-06-02,76.0
580,1353.0,116397,2023-2024,XVFC/2023-24/P/2,2023-06-02,1000.0
580,1353.0,116397,2023-2024,XVFC/2023-24/P/2,2023-06-02,97924.0
580,1301.0,116397,2024-2025,XVFC/2024-25/P/8,2024-05-28,1000.0
581,1307.0,116397,2024-2025,XVFC/2024-25/P/13,2024-07-16,75000.0
582,1420.0,116397,2022-2023,XVFC/2022-23/P/8,2023-03-03,6500.0
583,1298.0,116397,2024-2025,XVFC/2024-25/P/5,2024-05-28,45000.0
583,1306.0,116397,2024-2025,XVFC/2024-25/P/9,2024-06-07,82.0
583,1306.0,116397,2024-2025,XVFC/2024-25/P/9,2024-06-07,500.0
583,1306.0,116397,2024-2025,XVFC/2024-25/P/9,2024-06-07,3095.0
583,1304.0,116397,2024-2025,XVFC/2024-25/P/11,2024-06-07,1000.0
584,1355.0,116397,2023-2024,5THSFC/2023-24/P/2,2023-07-19,100000.0
584,1356.0,116397,2023-2024,5THSFC/2023-24/P/3,2023-07-19,19700.0
585,1368.0,116397,2023-2024,XVFC/2023-24/P/5,2023-11-03,31797.0
585,1378.0,116397,2023-2024,XVFC/2023-24/P/10,2024-02-16,53254.0
585,1379.0,116397,2023-2024,XVFC/2023-24/P/11,2024-02-16,20354.0
585,1381.0,116397,2023-2024,XVFC/2023-24/P/12,2024-03-28,53531.0
592,1319.0,116397,2024-2025,XVFC/2024-25/P/23,2024-11-12,31000.0
592,1320.0,116397,2024-2025,XVFC/2024-25/P/24,2024-11-12,32100.0
592,1325.0,116397,2024-2025,XVFC/2024-25/P/29,2024-12-10,16900.0
755,1309.0,116397,2024-2025,XVFC/2024-25/P/15,2024-07-24,48000.0
755,1311.0,116397,2024-2025,XVFC/2024-25/P/17,2024-07-26,63.0
755,1311.0,116397,2024-2025,XVFC/2024-25/P/17,2024-07-26,804.0
755,1311.0,116397,2024-2025,XVFC/2024-25/P/17,2024-07-26,30239.0
756,1380.0,116397,2023-2024,5THSFC/2023-24/P/14,2024-03-28,90000.0
756,1289.0,116397,2024-2025,5THSFC/2024-25/P/1,2024-04-12,500.0
756,1289.0,116397,2024-2025,5THSFC/2024-25/P/1,2024-04-12,6500.0
756,1296.0,116397,2024-2025,5THSFC/2024-25/P/5,2024-05-28,2000.0
785,1297.0,116397,2024-2025,XVFC/2024-25/P/4,2024-05-28,162000.0
785,1303.0,116397,2024-2025,XVFC/2024-25/P/10,2024-06-07,1537.0
785,1303.0,116397,2024-2025,XVFC/2024-25/P/10,2024-06-07,1800.0
785,1303.0,116397,2024-2025,XVFC/2024-25/P/10,2024-06-07,10002.0
785,1305.0,116397,2024-2025,XVFC/2024-25/P/12,2024-06-07,1800.0
788,1310.0,116397,2024-2025,XVFC/2024-25/P/16,2024-07-24,30000.0
788,1312.0,116397,2024-2025,XVFC/2024-25/P/18,2024-07-26,500.0
788,1312.0,116397,2024-2025,XVFC/2024-25/P/18,2024-07-26,824.0
788,1312.0,116397,2024-2025,XVFC/2024-25/P/18,2024-07-26,16724.0
789,1315.0,116397,2024-2025,XVFC/2024-25/P/19,2024-09-06,45000.0
789,1316.0,116397,2024-2025,XVFC/2024-25/P/20,2024-09-13,500.0
789,1316.0,116397,2024-2025,XVFC/2024-25/P/20,2024-09-13,3500.0
790,1328.0,116397,2024-2025,XVFC/2024-25/P/32,2024-12-20,81000.0
790,1329.0,116397,2024-2025,XVFC/2024-25/P/33,2024-12-24,106.0
790,1329.0,116397,2024-2025,XVFC/2024-25/P/33,2024-12-24,900.0
790,1329.0,116397,2024-2025,XVFC/2024-25/P/33,2024-12-24,6483.0
792,1376.0,116397,2023-2024,5THSFC/2023-24/P/13,2024-02-02,82680.0
793,1362.0,116397,2023-2024,XVFC/2023-24/P/3,2023-09-12,6000.0
793,1362.0,116397,2023-2024,XVFC/2023-24/P/3,2023-09-12,12000.0
793,1364.0,116397,2023-2024,XVFC/2023-24/P/4,2023-09-15,4000.0
793,1364.0,116397,2023-2024,XVFC/2023-24/P/4,2023-09-15,8000.0
793,1375.0,116397,2023-2024,XVFC/2023-24/P/8,2023-12-05,4000.0
793,1375.0,116397,2023-2024,XVFC/2023-24/P/8,2023-12-05,8000.0
793,1377.0,116397,2023-2024,XVFC/2023-24/P/9,2024-02-06,4000.0
793,1377.0,116397,2023-2024,XVFC/2023-24/P/9,2024-02-06,8000.0
793,1290.0,116397,2024-2025,XVFC/2024-25/P/1,2024-04-12,4000.0
793,1290.0,116397,2024-2025,XVFC/2024-25/P/1,2024-04-12,8000.0
794,1357.0,116397,2023-2024,5THSFC/2023-24/P/4,2023-08-08,62000.0
794,1363.0,116397,2023-2024,5THSFC/2023-24/P/5,2023-09-15,5000.0
794,1291.0,116397,2024-2025,5THSFC/2024-25/P/2,2024-04-16,7000.0
794,1302.0,116397,2024-2025,5THSFC/2024-25/P/6,2024-06-07,6000.0
795,1370.0,116397,2023-2024,XVFC/2023-24/P/6,2023-11-10,102626.0
795,1371.0,116397,2023-2024,XVFC/2023-24/P/7,2023-11-17,1153.0
795,1371.0,116397,2023-2024,XVFC/2023-24/P/7,2023-11-17,10000.0
795,1300.0,116397,2024-2025,XVFC/2024-25/P/7,2024-05-28,1500.0
796,1373.0,116397,2023-2024,5THSFC/2023-24/P/11,2023-11-29,217936.0
796,1374.0,116397,2023-2024,5THSFC/2023-24/P/12,2023-12-05,2426.0
796,1374.0,116397,2023-2024,5THSFC/2023-24/P/12,2023-12-05,6770.0
796,1374.0,116397,2023-2024,5THSFC/2023-24/P/12,2023-12-05,13000.0
796,1295.0,116397,2024-2025,5THSFC/2024-25/P/4,2024-05-28,2500.0
797,1292.0,116397,2024-2025,XVFC/2024-25/P/2,2024-05-03,630000.0
797,1293.0,116397,2024-2025,XVFC/2024-25/P/3,2024-05-07,1896.0
797,1293.0,116397,2024-2025,XVFC/2024-25/P/3,2024-05-07,7000.0
797,1293.0,116397,2024-2025,XVFC/2024-25/P/3,2024-05-07,49632.0
797,1299.0,116397,2024-2025,XVFC/2024-25/P/6,2024-05-28,7000.0
798,1249.0,116397,2025-2026,5THSFC/2025-26/P/9,2025-08-05,1000.0
798,1249.0,116397,2025-2026,5THSFC/2025-26/P/9,2025-08-05,15848.0
798,1249.0,116397,2025-2026,5THSFC/2025-26/P/9,2025-08-05,81152.0
807,1271.0,116397,2025-2026,XVFC/2025-26/P/16,2026-03-10,19.0
807,1271.0,116397,2025-2026,XVFC/2025-26/P/16,2026-03-10,111.0
807,1271.0,116397,2025-2026,XVFC/2025-26/P/16,2026-03-10,370.0
807,1271.0,116397,2025-2026,XVFC/2025-26/P/16,2026-03-10,2000.0
807,1271.0,116397,2025-2026,XVFC/2025-26/P/16,2026-03-10,193650.0
855,1321.0,116397,2024-2025,XVFC/2024-25/P/25,2024-11-19,72000.0
855,1324.0,116397,2024-2025,XVFC/2024-25/P/28,2024-11-26,801.0
855,1324.0,116397,2024-2025,XVFC/2024-25/P/28,2024-11-26,6317.0
858,1314.0,116397,2024-2025,5THSFC/2024-25/P/8,2024-09-03,72000.0
858,1250.0,116397,2025-2026,5THSFC/2025-26/P/11,2025-08-18,48000.0
872,1326.0,116397,2024-2025,XVFC/2024-25/P/30,2024-12-20,40000.0
872,1327.0,116397,2024-2025,XVFC/2024-25/P/31,2024-12-20,60000.0
872,1338.0,116397,2024-2025,XVFC/2024-25/P/36,2025-03-25,33118.0
876,1317.0,116397,2024-2025,XVFC/2024-25/P/21,2024-09-24,19500.0
876,1317.0,116397,2024-2025,XVFC/2024-25/P/21,2024-09-24,39000.0
876,1318.0,116397,2024-2025,XVFC/2024-25/P/22,2024-09-24,2500.0
876,1318.0,116397,2024-2025,XVFC/2024-25/P/22,2024-09-24,5000.0
876,1335.0,116397,2024-2025,XVFC/2024-25/P/34,2025-02-28,16250.0
990,1248.0,116397,2025-2026,5THSFC/2025-26/P/10,2025-08-05,1500.0
990,1248.0,116397,2025-2026,5THSFC/2025-26/P/10,2025-08-05,19418.0
990,1248.0,116397,2025-2026,5THSFC/2025-26/P/10,2025-08-05,127582.0
991,1240.0,116397,2025-2026,5THSFC/2025-26/P/3,2025-04-29,5174.0
991,1241.0,116397,2025-2026,5THSFC/2025-26/P/4,2025-04-29,14890.0
991,1242.0,116397,2025-2026,5THSFC/2025-26/P/5,2025-04-29,3000.0
991,1245.0,116397,2025-2026,5THSFC/2025-26/P/6,2025-07-08,8500.0
991,1246.0,116397,2025-2026,5THSFC/2025-26/P/7,2025-07-08,29335.0
991,1264.0,116397,2025-2026,5THSFC/2025-26/P/19,2026-03-10,3429.0
991,1265.0,116397,2025-2026,5THSFC/2025-26/P/20,2026-03-10,26452.0
992,1333.0,116397,2024-2025,5THSFC/2024-25/P/12,2025-01-24,48477.0
992,1334.0,116397,2024-2025,5THSFC/2024-25/P/13,2025-01-28,540.0
992,1334.0,116397,2024-2025,5THSFC/2024-25/P/13,2025-01-28,1000.0
992,1334.0,116397,2024-2025,5THSFC/2024-25/P/13,2025-01-28,1403.0
1023,1237.0,116397,2025-2026,XVFC/2025-26/P/1,2025-04-25,349000.0
1024,1244.0,116397,2025-2026,XVFC/2025-26/P/3,2025-04-29,5150.0
1025,1238.0,116397,2025-2026,5THSFC/2025-26/P/1,2025-04-29,2000.0
1025,1238.0,116397,2025-2026,5THSFC/2025-26/P/1,2025-04-29,4787.0
1025,1238.0,116397,2025-2026,5THSFC/2025-26/P/1,2025-04-29,179449.0
1026,1243.0,116397,2025-2026,XVFC/2025-26/P/2,2025-04-29,1096.0
1026,1243.0,116397,2025-2026,XVFC/2025-26/P/2,2025-04-29,2000.0
1026,1243.0,116397,2025-2026,XVFC/2025-26/P/2,2025-04-29,189601.0
1027,1239.0,116397,2025-2026,5THSFC/2025-26/P/2,2025-04-29,130.0
1027,1239.0,116397,2025-2026,5THSFC/2025-26/P/2,2025-04-29,2000.0
1027,1239.0,116397,2025-2026,5THSFC/2025-26/P/2,2025-04-29,195245.0
1029,,116397,2026-2027,XVFC/2026-27/P/2,2026-07-17,72.0
1029,,116397,2026-2027,XVFC/2026-27/P/2,2026-07-17,434.0
1029,,116397,2026-2027,XVFC/2026-27/P/2,2026-07-17,3000.0
1029,,116397,2026-2027,XVFC/2026-27/P/2,2026-07-17,287319.0
1123,1258.0,116397,2025-2026,XVFC/2025-26/P/6,2025-11-14,75000.0
1124,1268.0,116397,2025-2026,XVFC/2025-26/P/13,2026-03-10,54000.0
1124,1272.0,116397,2025-2026,XVFC/2025-26/P/17,2026-03-24,53820.0
1124,1273.0,116397,2025-2026,XVFC/2025-26/P/18,2026-03-24,28849.0
1174,1259.0,116397,2025-2026,XVFC/2025-26/P/7,2025-11-18,2100.0
1174,1259.0,116397,2025-2026,XVFC/2025-26/P/7,2025-11-18,204750.0
1175,1257.0,116397,2025-2026,XVFC/2025-26/P/5,2025-11-14,90.0
1175,1257.0,116397,2025-2026,XVFC/2025-26/P/5,2025-11-14,537.0
1175,1257.0,116397,2025-2026,XVFC/2025-26/P/5,2025-11-14,1000.0
1175,1257.0,116397,2025-2026,XVFC/2025-26/P/5,2025-11-14,1505.0
1175,1257.0,116397,2025-2026,XVFC/2025-26/P/5,2025-11-14,94079.0
1176,,116397,2026-2027,XVFC/2026-27/P/1,2026-06-09,203.0
1176,,116397,2026-2027,XVFC/2026-27/P/1,2026-06-09,1200.0
1176,,116397,2026-2027,XVFC/2026-27/P/1,2026-06-09,1222.0
1176,,116397,2026-2027,XVFC/2026-27/P/1,2026-06-09,4072.0
1176,,116397,2026-2027,XVFC/2026-27/P/1,2026-06-09,96693.0
1177,,116397,2026-2027,5THSFC/2026-27/P/1,2026-04-10,108.0
1177,,116397,2026-2027,5THSFC/2026-27/P/1,2026-04-10,650.0
1177,,116397,2026-2027,5THSFC/2026-27/P/1,2026-04-10,900.0
1177,,116397,2026-2027,5THSFC/2026-27/P/1,2026-04-10,2166.0
1177,,116397,2026-2027,5THSFC/2026-27/P/1,2026-04-10,81258.0
1185,,116397,2026-2027,5THSFC/2026-27/P/2,2026-06-09,180.0
1185,,116397,2026-2027,5THSFC/2026-27/P/2,2026-06-09,1020.0
1185,,116397,2026-2027,5THSFC/2026-27/P/2,2026-06-09,1078.0
1185,,116397,2026-2027,5THSFC/2026-27/P/2,2026-06-09,3593.0
1185,,116397,2026-2027,5THSFC/2026-27/P/2,2026-06-09,84333.0
1186,1252.0,116397,2025-2026,5THSFC/2025-26/P/13,2025-08-18,81000.0
1186,1254.0,116397,2025-2026,5THSFC/2025-26/P/14,2025-08-19,9000.0
1187,1247.0,116397,2025-2026,5THSFC/2025-26/P/8,2025-07-25,124100.0
1187,1251.0,116397,2025-2026,5THSFC/2025-26/P/12,2025-08-18,25000.0
1191,1262.0,116397,2025-2026,XVFC/2025-26/P/8,2026-02-10,177.0
1191,1262.0,116397,2025-2026,XVFC/2025-26/P/8,2026-02-10,1060.0
1191,1262.0,116397,2025-2026,XVFC/2025-26/P/8,2026-02-10,2000.0
1191,1262.0,116397,2025-2026,XVFC/2025-26/P/8,2026-02-10,3533.0
1191,1262.0,116397,2025-2026,XVFC/2025-26/P/8,2026-02-10,184701.0
1202,1263.0,116397,2025-2026,XVFC/2025-26/P/9,2026-02-10,2000.0
1202,1263.0,116397,2025-2026,XVFC/2025-26/P/9,2026-02-10,195000.0
1203,1270.0,116397,2025-2026,XVFC/2025-26/P/15,2026-03-10,418.0
1203,1270.0,116397,2025-2026,XVFC/2025-26/P/15,2026-03-10,40805.0
1219,1269.0,116397,2025-2026,XVFC/2025-26/P/14,2026-03-10,45000.0
1220,1253.0,116397,2025-2026,XVFC/2025-26/P/4,2025-08-18,19500.0
1220,1253.0,116397,2025-2026,XVFC/2025-26/P/4,2025-08-18,71500.0
1222,1261.0,116397,2025-2026,5THSFC/2025-26/P/18,2026-01-27,1800.0
1222,1261.0,116397,2025-2026,5THSFC/2025-26/P/18,2026-01-27,176200.0
1227,2143.0,119599,2021-2022,XVFC/2021-22/P/4,2021-10-30,153533.0
1228,1918.0,119599,2022-2023,XVFC/2022-23/P/21,2022-12-01,189755.0
1228,1919.0,119599,2022-2023,XVFC/2022-23/P/22,2022-12-01,5438.0
1228,1920.0,119599,2022-2023,XVFC/2022-23/P/23,2022-12-01,2000.0
1229,1829.0,119599,2022-2023,XVFC/2022-23/P/1,2022-06-13,94716.0
1229,1637.0,119599,2025-2026,XVFC/2025-26/P/118,2025-11-12,1000.0
1229,1637.0,119599,2025-2026,XVFC/2025-26/P/118,2025-11-12,1171.0
1229,1637.0,119599,2025-2026,XVFC/2025-26/P/118,2025-11-12,3113.0
1230,2134.0,119599,2021-2022,XVFC/2021-22/P/1,2021-10-26,189991.0
1230,2135.0,119599,2021-2022,XVFC/2021-22/P/2,2021-10-26,1626.0
1230,2136.0,119599,2021-2022,XVFC/2021-22/P/3,2021-10-26,2000.0
1231,2117.0,119599,2021-2022,5THSFC/2021-22/P/1,2021-08-24,14000.0
1231,2118.0,119599,2021-2022,5THSFC/2021-22/P/2,2021-08-24,14000.0
1231,2119.0,119599,2021-2022,5THSFC/2021-22/P/3,2021-08-24,14000.0
1231,1825.0,119599,2022-2023,5THSFC/2022-23/P/1,2022-06-06,16000.0
1231,1826.0,119599,2022-2023,5THSFC/2022-23/P/2,2022-06-06,16000.0
1231,1827.0,119599,2022-2023,5THSFC/2022-23/P/3,2022-06-06,16000.0
1231,1828.0,119599,2022-2023,5THSFC/2022-23/P/4,2022-06-07,10000.0
1232,2148.0,119599,2021-2022,5THSFC/2021-22/P/4,2022-03-10,132345.0
1233,1891.0,119599,2022-2023,5THSFC/2022-23/P/8,2022-10-02,91396.0
1233,1892.0,119599,2022-2023,5THSFC/2022-23/P/9,2022-10-02,4366.0
1233,1890.0,119599,2022-2023,5THSFC/2022-23/P/10,2022-10-02,1000.0
1234,1896.0,119599,2022-2023,XVFC/2022-23/P/15,2022-10-02,242097.0
1234,1897.0,119599,2022-2023,XVFC/2022-23/P/16,2022-10-02,2504.0
1234,1898.0,119599,2022-2023,XVFC/2022-23/P/17,2022-10-02,2500.0
1235,1893.0,119599,2022-2023,XVFC/2022-23/P/12,2022-10-02,157202.0
1235,1894.0,119599,2022-2023,XVFC/2022-23/P/13,2022-10-02,4610.0
1235,1895.0,119599,2022-2023,XVFC/2022-23/P/14,2022-10-02,1658.0
1235,1636.0,119599,2025-2026,XVFC/2025-26/P/117,2025-11-12,2302.0
1236,2146.0,119599,2021-2022,XVFC/2021-22/P/5,2021-11-12,92578.0
1237,2161.0,119599,2021-2022,XVFC/2021-22/P/6,2022-03-10,191489.0
1238,1643.0,119599,2025-2026,5THSFC/2025-26/P/18,2026-01-19,90000.0
1238,1651.0,119599,2025-2026,5THSFC/2025-26/P/21,2026-01-30,8210.0
1238,1652.0,119599,2025-2026,5THSFC/2025-26/P/22,2026-01-30,694.0
1238,1653.0,119599,2025-2026,5THSFC/2025-26/P/23,2026-01-30,1000.0
1238,1654.0,119599,2025-2026,5THSFC/2025-26/P/24,2026-01-30,64.0
1239,1836.0,119599,2022-2023,XVFC/2022-23/P/4,2022-07-04,48500.0
1239,1837.0,119599,2022-2023,XVFC/2022-23/P/5,2022-07-04,48500.0
1239,1838.0,119599,2022-2023,XVFC/2022-23/P/6,2022-07-04,48500.0
1239,1839.0,119599,2022-2023,XVFC/2022-23/P/7,2022-07-04,48500.0
1239,1705.0,119599,2024-2025,XVFC/2024-25/P/29,2025-03-23,6000.0
1240,1929.0,119599,2022-2023,XVFC/2022-23/P/31,2023-02-14,147000.0
1241,1738.0,119599,2023-2024,XVFC/2023-24/P/4,2023-06-11,98000.0
1241,1739.0,119599,2023-2024,XVFC/2023-24/P/5,2023-06-11,1000.0
1242,1699.0,119599,2024-2025,5THSFC/2024-25/P/17,2025-03-20,200000.0
1243,1830.0,119599,2022-2023,XVFC/2022-23/P/2,2022-06-13,185984.0
1244,1831.0,119599,2022-2023,XVFC/2022-23/P/3,2022-06-13,92560.0
1245,1672.0,119599,2024-2025,XVFC/2024-25/P/5,2024-09-21,32886.0
1247,1701.0,119599,2024-2025,XVFC/2024-25/P/25,2025-03-20,100000.0
1250,1675.0,119599,2024-2025,XVFC/2024-25/P/7,2024-10-13,90903.0
1251,1927.0,119599,2022-2023,5THSFC/2022-23/P/17,2022-12-13,200000.0
1252,1869.0,119599,2022-2023,5THSFC/2022-23/P/5,2022-10-01,12000.0
1252,1870.0,119599,2022-2023,5THSFC/2022-23/P/6,2022-10-01,12000.0
1252,1871.0,119599,2022-2023,5THSFC/2022-23/P/7,2022-10-01,12000.0
1252,1732.0,119599,2023-2024,5THSFC/2023-24/P/1,2023-06-11,14000.0
1252,1733.0,119599,2023-2024,5THSFC/2023-24/P/2,2023-06-11,14000.0
1252,1734.0,119599,2023-2024,5THSFC/2023-24/P/3,2023-06-11,14000.0
1252,1747.0,119599,2023-2024,5THSFC/2023-24/P/7,2023-11-22,12000.0
1252,1748.0,119599,2023-2024,5THSFC/2023-24/P/8,2023-11-22,10000.0
1253,1924.0,119599,2022-2023,XVFC/2022-23/P/27,2022-12-03,97028.0
1253,1925.0,119599,2022-2023,XVFC/2022-23/P/28,2022-12-03,826.0
1253,1926.0,119599,2022-2023,XVFC/2022-23/P/29,2022-12-03,1000.0
1254,1906.0,119599,2022-2023,XVFC/2022-23/P/18,2022-11-19,188138.0
1254,1907.0,119599,2022-2023,XVFC/2022-23/P/19,2022-11-19,7459.0
1254,1908.0,119599,2022-2023,XVFC/2022-23/P/20,2022-11-19,2000.0
1257,1735.0,119599,2023-2024,XVFC/2023-24/P/1,2023-06-11,83630.0
1257,1736.0,119599,2023-2024,XVFC/2023-24/P/2,2023-06-11,2464.0
1257,1737.0,119599,2023-2024,XVFC/2023-24/P/3,2023-06-11,882.0
1258,1745.0,119599,2023-2024,5THSFC/2023-24/P/6,2023-11-03,43074.0
1259,1888.0,119599,2022-2023,XVFC/2022-23/P/8,2022-10-01,16337.0
1259,1889.0,119599,2022-2023,XVFC/2022-23/P/9,2022-10-01,17966.0
1259,1886.0,119599,2022-2023,XVFC/2022-23/P/10,2022-10-01,16803.0
1259,1887.0,119599,2022-2023,XVFC/2022-23/P/11,2022-10-01,10000.0
1259,1673.0,119599,2024-2025,XVFC/2024-25/P/6,2024-09-21,279504.0
1259,1689.0,119599,2024-2025,XVFC/2024-25/P/14,2025-01-18,40000.0
1259,1704.0,119599,2024-2025,XVFC/2024-25/P/28,2025-03-23,2276.0
1260,1754.0,119599,2023-2024,5THSFC/2023-24/P/10,2024-02-28,177689.0
1260,1755.0,119599,2023-2024,5THSFC/2023-24/P/11,2024-02-28,2000.0
1260,1756.0,119599,2023-2024,5THSFC/2023-24/P/12,2024-02-28,10087.0
1260,1757.0,119599,2023-2024,5THSFC/2023-24/P/13,2024-02-28,6000.0
1263,1746.0,119599,2023-2024,XVFC/2023-24/P/9,2023-11-03,33300.0
1265,1909.0,119599,2022-2023,5THSFC/2022-23/P/11,2022-12-01,47996.0
1265,1910.0,119599,2022-2023,5THSFC/2022-23/P/12,2022-12-01,909.0
1265,1911.0,119599,2022-2023,5THSFC/2022-23/P/13,2022-12-01,500.0
1266,1912.0,119599,2022-2023,5THSFC/2022-23/P/14,2022-12-01,194287.0
1266,1913.0,119599,2022-2023,5THSFC/2022-23/P/15,2022-12-01,1638.0
1266,1914.0,119599,2022-2023,5THSFC/2022-23/P/16,2022-12-01,2000.0
1267,1921.0,119599,2022-2023,XVFC/2022-23/P/24,2022-12-03,489637.0
1267,1922.0,119599,2022-2023,XVFC/2022-23/P/25,2022-12-03,244.0
1267,1923.0,119599,2022-2023,XVFC/2022-23/P/26,2022-12-03,5000.0
1269,1706.0,119599,2024-2025,XVFC/2024-25/P/30,2025-03-23,100000.0
1270,1742.0,119599,2023-2024,5THSFC/2023-24/P/5,2023-11-01,44228.0
1271,1928.0,119599,2022-2023,XVFC/2022-23/P/30,2023-02-09,48000.0
1271,1740.0,119599,2023-2024,XVFC/2023-24/P/6,2023-06-11,53680.0
1272,1930.0,119599,2022-2023,XVFC/2022-23/P/32,2023-02-14,58765.0
1273,1744.0,119599,2023-2024,XVFC/2023-24/P/8,2023-11-01,10760.0
1275,1752.0,119599,2023-2024,XVFC/2023-24/P/12,2024-02-19,17624.0
1276,1751.0,119599,2023-2024,XVFC/2023-24/P/11,2024-02-16,360744.0
1277,1753.0,119599,2023-2024,XVFC/2023-24/P/13,2024-02-19,7376.0
1278,1666.0,119599,2024-2025,XVFC/2024-25/P/1,2024-08-09,56000.0
1278,1667.0,119599,2024-2025,XVFC/2024-25/P/2,2024-08-09,38750.0
1279,1682.0,119599,2024-2025,5THSFC/2024-25/P/10,2024-12-26,1500.0
1279,1683.0,119599,2024-2025,5THSFC/2024-25/P/11,2024-12-26,1556.0
1279,1684.0,119599,2024-2025,5THSFC/2024-25/P/12,2024-12-26,142193.0
1279,1685.0,119599,2024-2025,5THSFC/2024-25/P/13,2024-12-26,43.0
1279,1686.0,119599,2024-2025,5THSFC/2024-25/P/15,2024-12-27,1500.0
1280,1616.0,119599,2025-2026,5THSFC/2025-26/P/5,2025-08-18,135000.0
1280,1619.0,119599,2025-2026,5THSFC/2025-26/P/8,2025-08-22,30.0
1280,1619.0,119599,2025-2026,5THSFC/2025-26/P/8,2025-08-22,1154.0
1280,1619.0,119599,2025-2026,5THSFC/2025-26/P/8,2025-08-22,1500.0
1280,1619.0,119599,2025-2026,5THSFC/2025-26/P/8,2025-08-22,7551.0
1280,1631.0,119599,2025-2026,5THSFC/2025-26/P/12,2025-11-12,3205.0
1281,1525.0,119599,2025-2026,XVFC/2025-26/P/13,2025-05-23,94000.0
1281,1526.0,119599,2025-2026,XVFC/2025-26/P/14,2025-05-23,2000.0
1281,1527.0,119599,2025-2026,XVFC/2025-26/P/15,2025-05-23,705.0
1281,1577.0,119599,2025-2026,XVFC/2025-26/P/102,2025-07-16,1000.0
1281,1635.0,119599,2025-2026,XVFC/2025-26/P/116,2025-11-12,23.0
1281,1635.0,119599,2025-2026,XVFC/2025-26/P/116,2025-11-12,1000.0
1281,1635.0,119599,2025-2026,XVFC/2025-26/P/116,2025-11-12,1226.0
1282,1621.0,119599,2025-2026,XVFC/2025-26/P/106,2025-08-22,27000.0
1282,1622.0,119599,2025-2026,XVFC/2025-26/P/107,2025-09-07,2.0
1282,1622.0,119599,2025-2026,XVFC/2025-26/P/107,2025-09-07,34.0
1282,1622.0,119599,2025-2026,XVFC/2025-26/P/107,2025-09-07,300.0
1282,1622.0,119599,2025-2026,XVFC/2025-26/P/107,2025-09-07,1000.0
1282,1622.0,119599,2025-2026,XVFC/2025-26/P/107,2025-09-07,1094.0
1283,1741.0,119599,2023-2024,5THSFC/2023-24/P/4,2023-10-30,200000.0
1284,1743.0,119599,2023-2024,XVFC/2023-24/P/7,2023-11-01,109000.0
1284,1750.0,119599,2023-2024,XVFC/2023-24/P/10,2024-02-16,257060.0
1295,1664.0,119599,2024-2025,5THSFC/2024-25/P/1,2024-08-07,72000.0
1297,1638.0,119599,2025-2026,5THSFC/2025-26/P/13,2025-11-30,45000.0
1297,1639.0,119599,2025-2026,5THSFC/2025-26/P/14,2025-12-15,1740.0
1297,1640.0,119599,2025-2026,5THSFC/2025-26/P/15,2025-12-15,1899.0
1297,1641.0,119599,2025-2026,5THSFC/2025-26/P/16,2025-12-15,500.0
1297,1642.0,119599,2025-2026,5THSFC/2025-26/P/17,2025-12-19,45.0
1297,1642.0,119599,2025-2026,5THSFC/2025-26/P/17,2025-12-19,225.0
1297,1642.0,119599,2025-2026,5THSFC/2025-26/P/17,2025-12-19,500.0
1329,1677.0,119599,2024-2025,5THSFC/2024-25/P/6,2024-11-10,135000.0
1329,1680.0,119599,2024-2025,5THSFC/2024-25/P/8,2024-11-24,640.0
1329,1680.0,119599,2024-2025,5THSFC/2024-25/P/8,2024-11-24,1500.0
1329,1680.0,119599,2024-2025,5THSFC/2024-25/P/8,2024-11-24,3379.0
1329,1680.0,119599,2024-2025,5THSFC/2024-25/P/8,2024-11-24,6037.0
1357,1668.0,119599,2024-2025,XVFC/2024-25/P/3,2024-08-09,26750.0
1357,1669.0,119599,2024-2025,XVFC/2024-25/P/4,2024-08-09,28750.0
1357,1696.0,119599,2024-2025,XVFC/2024-25/P/21,2025-02-03,19500.0
1357,,119599,2026-2027,XVFC/2026-27/P/5,2026-05-07,13000.0
1357,,119599,2026-2027,XVFC/2026-27/P/6,2026-05-07,8000.0
1358,1749.0,119599,2023-2024,5THSFC/2023-24/P/9,2023-12-21,15205.0
1358,1627.0,119599,2025-2026,5THSFC/2025-26/P/10,2025-10-08,72945.0
1358,1656.0,119599,2025-2026,5THSFC/2025-26/P/26,2026-03-18,10000.0
1359,1543.0,119599,2025-2026,XVFC/2025-26/P/31,2025-06-30,45000.0
1359,,119599,2026-2027,XVFC/2026-27/P/15,2026-07-09,17000.0
1360,1530.0,119599,2025-2026,XVFC/2025-26/P/18,2025-06-30,3000.0
1360,1602.0,119599,2025-2026,XVFC/2025-26/P/87,2025-07-16,348.0
1360,1603.0,119599,2025-2026,XVFC/2025-26/P/88,2025-07-16,35.0
1360,1604.0,119599,2025-2026,XVFC/2025-26/P/89,2025-07-16,26.0
1360,1605.0,119599,2025-2026,XVFC/2025-26/P/90,2025-07-16,2.0
1360,1606.0,119599,2025-2026,XVFC/2025-26/P/91,2025-07-16,50.0
1361,1531.0,119599,2025-2026,XVFC/2025-26/P/19,2025-06-30,3000.0
1361,1549.0,119599,2025-2026,XVFC/2025-26/P/37,2025-07-14,348.0
1361,1550.0,119599,2025-2026,XVFC/2025-26/P/38,2025-07-14,35.0
1361,1551.0,119599,2025-2026,XVFC/2025-26/P/39,2025-07-14,26.0
1361,1552.0,119599,2025-2026,XVFC/2025-26/P/40,2025-07-14,2.0
1361,1553.0,119599,2025-2026,XVFC/2025-26/P/41,2025-07-14,50.0
1362,1529.0,119599,2025-2026,XVFC/2025-26/P/17,2025-06-30,3000.0
1362,1544.0,119599,2025-2026,XVFC/2025-26/P/32,2025-07-14,348.0
1362,1545.0,119599,2025-2026,XVFC/2025-26/P/33,2025-07-14,35.0
1362,1546.0,119599,2025-2026,XVFC/2025-26/P/34,2025-07-14,26.0
1362,1547.0,119599,2025-2026,XVFC/2025-26/P/35,2025-07-14,2.0
1362,1548.0,119599,2025-2026,XVFC/2025-26/P/36,2025-07-14,50.0
1363,1532.0,119599,2025-2026,XVFC/2025-26/P/20,2025-06-30,3000.0
1363,1554.0,119599,2025-2026,XVFC/2025-26/P/42,2025-07-14,348.0
1363,1555.0,119599,2025-2026,XVFC/2025-26/P/43,2025-07-14,35.0
1363,1556.0,119599,2025-2026,XVFC/2025-26/P/44,2025-07-14,26.0
1363,1557.0,119599,2025-2026,XVFC/2025-26/P/45,2025-07-14,2.0
1363,1558.0,119599,2025-2026,XVFC/2025-26/P/46,2025-07-14,50.0
1364,1533.0,119599,2025-2026,XVFC/2025-26/P/21,2025-06-30,3000.0
1364,1559.0,119599,2025-2026,XVFC/2025-26/P/47,2025-07-14,348.0
1364,1560.0,119599,2025-2026,XVFC/2025-26/P/48,2025-07-14,35.0
1364,1561.0,119599,2025-2026,XVFC/2025-26/P/49,2025-07-14,26.0
1364,1562.0,119599,2025-2026,XVFC/2025-26/P/50,2025-07-14,2.0
1364,1563.0,119599,2025-2026,XVFC/2025-26/P/51,2025-07-14,50.0
1365,1534.0,119599,2025-2026,XVFC/2025-26/P/22,2025-06-30,3000.0
1365,1564.0,119599,2025-2026,XVFC/2025-26/P/52,2025-07-14,348.0
1365,1565.0,119599,2025-2026,XVFC/2025-26/P/53,2025-07-14,35.0
1365,1566.0,119599,2025-2026,XVFC/2025-26/P/54,2025-07-14,26.0
1365,1567.0,119599,2025-2026,XVFC/2025-26/P/55,2025-07-14,2.0
1365,1568.0,119599,2025-2026,XVFC/2025-26/P/56,2025-07-14,50.0
1366,1535.0,119599,2025-2026,XVFC/2025-26/P/23,2025-06-30,3000.0
1366,1569.0,119599,2025-2026,XVFC/2025-26/P/57,2025-07-14,348.0
1366,1570.0,119599,2025-2026,XVFC/2025-26/P/58,2025-07-14,35.0
1366,1571.0,119599,2025-2026,XVFC/2025-26/P/59,2025-07-14,26.0
1366,1572.0,119599,2025-2026,XVFC/2025-26/P/60,2025-07-14,2.0
1366,1573.0,119599,2025-2026,XVFC/2025-26/P/61,2025-07-14,50.0
1367,1536.0,119599,2025-2026,XVFC/2025-26/P/24,2025-06-30,3000.0
1367,1574.0,119599,2025-2026,XVFC/2025-26/P/62,2025-07-14,348.0
1367,1578.0,119599,2025-2026,XVFC/2025-26/P/63,2025-07-16,35.0
1367,1579.0,119599,2025-2026,XVFC/2025-26/P/64,2025-07-16,26.0
1367,1580.0,119599,2025-2026,XVFC/2025-26/P/65,2025-07-16,2.0
1367,1581.0,119599,2025-2026,XVFC/2025-26/P/66,2025-07-16,50.0
1368,1537.0,119599,2025-2026,XVFC/2025-26/P/25,2025-06-30,3000.0
1368,1582.0,119599,2025-2026,XVFC/2025-26/P/67,2025-07-16,348.0
1368,1583.0,119599,2025-2026,XVFC/2025-26/P/68,2025-07-16,35.0
1368,1584.0,119599,2025-2026,XVFC/2025-26/P/69,2025-07-16,26.0
1368,1585.0,119599,2025-2026,XVFC/2025-26/P/70,2025-07-16,2.0
1368,1586.0,119599,2025-2026,XVFC/2025-26/P/71,2025-07-16,50.0
1369,1538.0,119599,2025-2026,XVFC/2025-26/P/26,2025-06-30,3000.0
1369,1587.0,119599,2025-2026,XVFC/2025-26/P/72,2025-07-16,348.0
1369,1588.0,119599,2025-2026,XVFC/2025-26/P/73,2025-07-16,35.0
1369,1589.0,119599,2025-2026,XVFC/2025-26/P/74,2025-07-16,26.0
1369,1590.0,119599,2025-2026,XVFC/2025-26/P/75,2025-07-16,2.0
1369,1591.0,119599,2025-2026,XVFC/2025-26/P/76,2025-07-16,50.0
1370,1542.0,119599,2025-2026,XVFC/2025-26/P/30,2025-06-30,3000.0
1370,1592.0,119599,2025-2026,XVFC/2025-26/P/77,2025-07-16,348.0
1370,1593.0,119599,2025-2026,XVFC/2025-26/P/78,2025-07-16,35.0
1370,1595.0,119599,2025-2026,XVFC/2025-26/P/80,2025-07-16,2.0
1370,1596.0,119599,2025-2026,XVFC/2025-26/P/81,2025-07-16,50.0
1371,,119599,2026-2027,5THSFC/2026-27/P/9,2026-07-04,11000.0
1372,1539.0,119599,2025-2026,XVFC/2025-26/P/27,2025-06-30,3000.0
1372,1597.0,119599,2025-2026,XVFC/2025-26/P/82,2025-07-16,348.0
1372,1598.0,119599,2025-2026,XVFC/2025-26/P/83,2025-07-16,35.0
1372,1599.0,119599,2025-2026,XVFC/2025-26/P/84,2025-07-16,26.0
1372,1600.0,119599,2025-2026,XVFC/2025-26/P/85,2025-07-16,2.0
1372,1601.0,119599,2025-2026,XVFC/2025-26/P/86,2025-07-16,50.0
1373,1541.0,119599,2025-2026,XVFC/2025-26/P/29,2025-06-30,3000.0
1373,1607.0,119599,2025-2026,XVFC/2025-26/P/92,2025-07-16,348.0
1373,1608.0,119599,2025-2026,XVFC/2025-26/P/93,2025-07-16,35.0
1373,1609.0,119599,2025-2026,XVFC/2025-26/P/94,2025-07-16,26.0
1373,1610.0,119599,2025-2026,XVFC/2025-26/P/95,2025-07-16,2.0
1373,1611.0,119599,2025-2026,XVFC/2025-26/P/96,2025-07-16,50.0
1374,1540.0,119599,2025-2026,XVFC/2025-26/P/28,2025-06-30,3000.0
1374,1612.0,119599,2025-2026,XVFC/2025-26/P/97,2025-07-16,348.0
1374,1613.0,119599,2025-2026,XVFC/2025-26/P/98,2025-07-16,35.0
1374,1614.0,119599,2025-2026,XVFC/2025-26/P/99,2025-07-16,26.0
1374,1575.0,119599,2025-2026,XVFC/2025-26/P/100,2025-07-16,2.0
1374,1576.0,119599,2025-2026,XVFC/2025-26/P/101,2025-07-16,50.0
1375,1687.0,119599,2024-2025,XVFC/2024-25/P/11,2025-01-18,500000.0
1376,,119599,2026-2027,5THSFC/2026-27/P/12,2026-07-09,15000.0
1376,,119599,2026-2027,5THSFC/2026-27/P/13,2026-07-09,1500.0
1376,,119599,2026-2027,5THSFC/2026-27/P/14,2026-07-09,22000.0
1377,1690.0,119599,2024-2025,XVFC/2024-25/P/15,2025-01-18,80000.0
1377,1691.0,119599,2024-2025,XVFC/2024-25/P/16,2025-01-18,900.0
1377,1692.0,119599,2024-2025,XVFC/2024-25/P/17,2025-01-18,24.0
1377,1693.0,119599,2024-2025,XVFC/2024-25/P/18,2025-01-18,1.0
1377,1708.0,119599,2024-2025,XVFC/2024-25/P/31,2025-03-25,900.0
1377,1709.0,119599,2024-2025,XVFC/2024-25/P/32,2025-03-25,5211.0
1377,1710.0,119599,2024-2025,XVFC/2024-25/P/33,2025-03-25,2000.0
1378,1676.0,119599,2024-2025,XVFC/2024-25/P/8,2024-10-14,60000.0
1378,1679.0,119599,2024-2025,XVFC/2024-25/P/9,2024-11-10,7030.0
1378,1633.0,119599,2025-2026,XVFC/2025-26/P/114,2025-11-12,34650.0
1419,1514.0,119599,2025-2026,XVFC/2025-26/P/2,2025-05-15,104000.0
1419,1524.0,119599,2025-2026,XVFC/2025-26/P/9,2025-05-21,4000.0
1419,1519.0,119599,2025-2026,XVFC/2025-26/P/10,2025-05-21,3000.0
1419,1520.0,119599,2025-2026,XVFC/2025-26/P/11,2025-05-21,12.0
1419,1521.0,119599,2025-2026,XVFC/2025-26/P/12,2025-05-21,2.0
1419,1618.0,119599,2025-2026,XVFC/2025-26/P/103,2025-08-20,5.0
1419,1618.0,119599,2025-2026,XVFC/2025-26/P/103,2025-08-20,1235.0
1419,1618.0,119599,2025-2026,XVFC/2025-26/P/103,2025-08-20,1911.0
1463,1707.0,119599,2024-2025,5THSFC/2024-25/P/18,2025-03-24,6000.0
1463,1644.0,119599,2025-2026,5THSFC/2025-26/P/19,2026-01-21,5000.0
1463,1649.0,119599,2025-2026,5THSFC/2025-26/P/20,2026-01-22,6000.0
1463,,119599,2026-2027,5THSFC/2026-27/P/2,2026-05-07,1000.0
1483,,119599,2026-2027,XVFC/2026-27/P/16,2026-07-09,32000.0
1487,1632.0,119599,2025-2026,XVFC/2025-26/P/113,2025-11-12,47648.0
1487,,119599,2026-2027,XVFC/2026-27/P/14,2026-07-09,50000.0
1488,1681.0,119599,2024-2025,XVFC/2024-25/P/10,2024-11-29,71800.0
1488,1688.0,119599,2024-2025,XVFC/2024-25/P/13,2025-01-18,5000.0
1488,1703.0,119599,2024-2025,XVFC/2024-25/P/27,2025-03-23,956.0
1508,1670.0,119599,2024-2025,5THSFC/2024-25/P/3,2024-09-19,60000.0
1508,1674.0,119599,2024-2025,5THSFC/2024-25/P/5,2024-09-22,120000.0
1508,1678.0,119599,2024-2025,5THSFC/2024-25/P/7,2024-11-10,174.0
1508,1678.0,119599,2024-2025,5THSFC/2024-25/P/7,2024-11-10,323.0
1508,1678.0,119599,2024-2025,5THSFC/2024-25/P/7,2024-11-10,2000.0
1508,1678.0,119599,2024-2025,5THSFC/2024-25/P/7,2024-11-10,6000.0
1508,1678.0,119599,2024-2025,5THSFC/2024-25/P/7,2024-11-10,9467.0
1509,1615.0,119599,2025-2026,5THSFC/2025-26/P/4,2025-08-18,90000.0
1509,1617.0,119599,2025-2026,5THSFC/2025-26/P/6,2025-08-20,1000.0
1509,1617.0,119599,2025-2026,5THSFC/2025-26/P/6,2025-08-20,7000.0
1510,1695.0,119599,2024-2025,XVFC/2024-25/P/19,2025-02-03,19500.0
1510,1697.0,119599,2024-2025,XVFC/2024-25/P/22,2025-02-03,19500.0
1510,1698.0,119599,2024-2025,XVFC/2024-25/P/23,2025-02-03,12000.0
1510,1515.0,119599,2025-2026,XVFC/2025-26/P/3,2025-05-20,9750.0
1510,1516.0,119599,2025-2026,XVFC/2025-26/P/4,2025-05-20,9750.0
1510,1517.0,119599,2025-2026,XVFC/2025-26/P/5,2025-05-20,6000.0
1510,1518.0,119599,2025-2026,XVFC/2025-26/P/6,2025-05-20,9750.0
1510,1623.0,119599,2025-2026,XVFC/2025-26/P/108,2025-09-07,8000.0
1510,1623.0,119599,2025-2026,XVFC/2025-26/P/108,2025-09-07,9750.0
1510,1623.0,119599,2025-2026,XVFC/2025-26/P/108,2025-09-07,13000.0
1510,1624.0,119599,2025-2026,XVFC/2025-26/P/109,2025-09-08,13000.0
1510,1645.0,119599,2025-2026,XVFC/2025-26/P/120,2026-01-21,16250.0
1510,1646.0,119599,2025-2026,XVFC/2025-26/P/121,2026-01-21,8000.0
1510,1647.0,119599,2025-2026,XVFC/2025-26/P/122,2026-01-21,1750.0
1511,1700.0,119599,2024-2025,XVFC/2024-25/P/24,2025-03-20,500000.0
1512,1702.0,119599,2024-2025,XVFC/2024-25/P/26,2025-03-20,333567.0
1513,1513.0,119599,2025-2026,XVFC/2025-26/P/1,2025-05-15,67000.0
1513,1522.0,119599,2025-2026,XVFC/2025-26/P/7,2025-05-21,5500.0
1513,1523.0,119599,2025-2026,XVFC/2025-26/P/8,2025-05-21,1000.0
1513,1620.0,119599,2025-2026,XVFC/2025-26/P/105,2025-08-22,750.0
1513,1634.0,119599,2025-2026,XVFC/2025-26/P/115,2025-11-12,750.0
1532,,119599,2026-2027,5THSFC/2026-27/P/3,2026-05-28,150000.0
1532,,119599,2026-2027,5THSFC/2026-27/P/4,2026-07-01,11864.0
1532,,119599,2026-2027,5THSFC/2026-27/P/5,2026-07-01,3600.0
1532,,119599,2026-2027,5THSFC/2026-27/P/6,2026-07-01,1800.0
1532,,119599,2026-2027,5THSFC/2026-27/P/8,2026-07-01,1800.0
1546,1657.0,119599,2025-2026,XVFC/2025-26/P/125,2026-03-18,90000.0
1546,,119599,2026-2027,XVFC/2026-27/P/2,2026-05-07,3210.0
1548,1629.0,119599,2025-2026,XVFC/2025-26/P/112,2025-10-10,126000.0
1550,1630.0,119599,2025-2026,5THSFC/2025-26/P/11,2025-10-29,90000.0
1628,,119599,2026-2027,XVFC/2026-27/P/3,2026-05-07,13000.0
1628,,119599,2026-2027,XVFC/2026-27/P/4,2026-05-07,13000.0
1629,1628.0,119599,2025-2026,XVFC/2025-26/P/111,2025-10-08,225949.0
1629,1648.0,119599,2025-2026,XVFC/2025-26/P/123,2026-01-21,11250.0
1629,1650.0,119599,2025-2026,XVFC/2025-26/P/124,2026-01-26,13000.0
1629,1658.0,119599,2025-2026,XVFC/2025-26/P/126,2026-03-18,9268.0
1629,1659.0,119599,2025-2026,XVFC/2025-26/P/127,2026-03-18,40000.0
1655,,119599,2026-2027,XVFC/2026-27/P/1,2026-04-20,135000.0
1655,,119599,2026-2027,XVFC/2026-27/P/7,2026-05-07,3000.0
1655,,119599,2026-2027,XVFC/2026-27/P/8,2026-05-07,1500.0
1655,,119599,2026-2027,XVFC/2026-27/P/9,2026-05-07,1742.0
1655,,119599,2026-2027,XVFC/2026-27/P/10,2026-05-07,676.0
1655,,119599,2026-2027,XVFC/2026-27/P/11,2026-05-07,6183.0
1655,,119599,2026-2027,XVFC/2026-27/P/12,2026-05-07,1500.0
1655,,119599,2026-2027,XVFC/2026-27/P/13,2026-05-07,133.0
1661,2705.0,116400,2021-2022,XVFC/2021-22/P/2,2021-08-17,283211.0
1661,2607.0,116400,2023-2024,XVFC/2023-24/P/10,2023-09-26,3000.0
1661,2462.0,116400,2025-2026,XVFC/2025-26/P/4,2025-04-25,3000.0
1662,2704.0,116400,2021-2022,XVFC/2021-22/P/1,2021-08-17,73125.0
1662,2608.0,116400,2023-2024,XVFC/2023-24/P/11,2023-09-26,750.0
1662,2465.0,116400,2025-2026,XVFC/2025-26/P/7,2025-04-25,750.0
1663,2711.0,116400,2021-2022,XVFC/2021-22/P/6,2021-09-18,48750.0
1663,2613.0,116400,2023-2024,XVFC/2023-24/P/16,2023-09-26,500.0
1663,2448.0,116400,2025-2026,XVFC/2025-26/P/11,2025-04-25,500.0
1664,2707.0,116400,2021-2022,XVFC/2021-22/P/4,2021-08-17,73125.0
1664,2609.0,116400,2023-2024,XVFC/2023-24/P/12,2023-09-26,750.0
1664,2464.0,116400,2025-2026,XVFC/2025-26/P/6,2025-04-25,750.0
1665,2709.0,116400,2021-2022,XVFC/2021-22/P/10,2021-09-18,48750.0
1665,2610.0,116400,2023-2024,XVFC/2023-24/P/13,2023-09-26,500.0
1665,2466.0,116400,2025-2026,XVFC/2025-26/P/8,2025-04-25,500.0
1666,2713.0,116400,2021-2022,XVFC/2021-22/P/8,2021-09-18,128020.0
1666,2614.0,116400,2023-2024,XVFC/2023-24/P/17,2023-09-26,2000.0
1666,2449.0,116400,2025-2026,XVFC/2025-26/P/12,2025-04-25,1320.0
1667,2712.0,116400,2021-2022,XVFC/2021-22/P/7,2021-09-18,48750.0
1667,2612.0,116400,2023-2024,XVFC/2023-24/P/15,2023-09-26,500.0
1667,2447.0,116400,2025-2026,XVFC/2025-26/P/10,2025-04-25,500.0
1668,2715.0,116400,2021-2022,5THSFC/2021-22/P/2,2021-10-08,10000.0
1668,2715.0,116400,2021-2022,5THSFC/2021-22/P/2,2021-10-08,20000.0
1668,2728.0,116400,2021-2022,5THSFC/2021-22/P/7,2022-03-04,4000.0
1668,2728.0,116400,2021-2022,5THSFC/2021-22/P/7,2022-03-04,8000.0
1668,2626.0,116400,2023-2024,5THSFC/2023-24/P/17,2023-10-06,4000.0
1668,2626.0,116400,2023-2024,5THSFC/2023-24/P/17,2023-10-06,8000.0
1668,2575.0,116400,2024-2025,5THSFC/2024-25/P/16,2025-03-21,3250.0
1668,2575.0,116400,2024-2025,5THSFC/2024-25/P/16,2025-03-21,6500.0
1669,2716.0,116400,2021-2022,5THSFC/2021-22/P/3,2021-10-08,180000.0
1671,2714.0,116400,2021-2022,XVFC/2021-22/P/9,2021-09-18,48750.0
1671,2611.0,116400,2023-2024,XVFC/2023-24/P/14,2023-09-26,500.0
1671,2467.0,116400,2025-2026,XVFC/2025-26/P/9,2025-04-25,500.0
1672,2706.0,116400,2021-2022,XVFC/2021-22/P/3,2021-08-17,126225.0
1672,2620.0,116400,2023-2024,XVFC/2023-24/P/9,2023-09-26,1328.0
1672,2463.0,116400,2025-2026,XVFC/2025-26/P/5,2025-04-25,1338.0
1673,2710.0,116400,2021-2022,XVFC/2021-22/P/5,2021-09-18,485335.0
1673,2718.0,116400,2021-2022,XVFC/2021-22/P/11,2021-11-16,461310.0
1673,2619.0,116400,2023-2024,XVFC/2023-24/P/8,2023-09-26,2500.0
1673,2451.0,116400,2025-2026,XVFC/2025-26/P/14,2025-04-25,2500.0
1675,2708.0,116400,2021-2022,5THSFC/2021-22/P/1,2021-09-18,231995.0
1675,2444.0,116400,2025-2026,5THSFC/2025-26/P/3,2025-04-25,2500.0
1676,2717.0,116400,2021-2022,5THSFC/2021-22/P/4,2021-11-16,34228.0
1677,2721.0,116400,2021-2022,XVFC/2021-22/P/14,2021-11-23,99000.0
1678,2720.0,116400,2021-2022,XVFC/2021-22/P/13,2021-11-16,192689.0
1679,2719.0,116400,2021-2022,XVFC/2021-22/P/12,2021-11-16,74250.0
1679,2450.0,116400,2025-2026,XVFC/2025-26/P/13,2025-04-25,750.0
1680,2722.0,116400,2021-2022,XVFC/2021-22/P/15,2021-12-18,23520.0
1680,2724.0,116400,2021-2022,XVFC/2021-22/P/17,2021-12-21,23087.0
1680,2661.0,116400,2022-2023,XVFC/2022-23/P/2,2022-04-16,113745.0
1683,2725.0,116400,2021-2022,XVFC/2021-22/P/18,2022-01-24,380580.0
1684,2723.0,116400,2021-2022,XVFC/2021-22/P/16,2021-12-18,6000.0
1684,2723.0,116400,2021-2022,XVFC/2021-22/P/16,2021-12-18,12000.0
1684,2660.0,116400,2022-2023,XVFC/2022-23/P/1,2022-04-16,4000.0
1684,2660.0,116400,2022-2023,XVFC/2022-23/P/1,2022-04-16,8000.0
1684,2494.0,116400,2025-2026,XVFC/2025-26/P/45,2026-03-12,3250.0
1684,,116400,2026-2027,XVFC/2026-27/P/10,2026-05-12,6500.0
1684,,116400,2026-2027,XVFC/2026-27/P/10,2026-05-12,13000.0
1685,2727.0,116400,2021-2022,5THSFC/2021-22/P/6,2022-02-04,374575.0
1685,2606.0,116400,2023-2024,5THSFC/2023-24/P/9,2023-09-26,4000.0
1685,2445.0,116400,2025-2026,5THSFC/2025-26/P/5,2025-04-25,4000.0
1686,2726.0,116400,2021-2022,5THSFC/2021-22/P/5,2022-02-04,250459.0
1686,2605.0,116400,2023-2024,5THSFC/2023-24/P/8,2023-09-26,3000.0
1688,2677.0,116400,2022-2023,XVFC/2022-23/P/14,2023-01-10,3008.0
1688,2677.0,116400,2022-2023,XVFC/2022-23/P/14,2023-01-10,4246.0
1688,2677.0,116400,2022-2023,XVFC/2022-23/P/14,2023-01-10,412953.0
1688,2617.0,116400,2023-2024,XVFC/2023-24/P/20,2023-09-26,4000.0
1691,2668.0,116400,2022-2023,XVFC/2022-23/P/8,2022-10-21,10150.0
1691,2686.0,116400,2022-2023,XVFC/2022-23/P/20,2023-02-14,16480.0
1691,2589.0,116400,2023-2024,XVFC/2023-24/P/2,2023-05-02,9150.0
1692,2663.0,116400,2022-2023,XVFC/2022-23/P/3,2022-07-05,100000.0
1706,2662.0,116400,2022-2023,5THSFC/2022-23/P/1,2022-07-05,12000.0
1706,2680.0,116400,2022-2023,5THSFC/2022-23/P/6,2023-02-03,2000.0
1706,2691.0,116400,2022-2023,5THSFC/2022-23/P/9,2023-03-21,30000.0
1706,2621.0,116400,2023-2024,5THSFC/2023-24/P/12,2023-09-29,1573.0
1706,2622.0,116400,2023-2024,5THSFC/2023-24/P/13,2023-09-29,1896.0
1706,2623.0,116400,2023-2024,5THSFC/2023-24/P/14,2023-09-29,1464.0
1706,2592.0,116400,2023-2024,5THSFC/2023-24/P/1,2023-07-19,20519.0
1707,2664.0,116400,2022-2023,XVFC/2022-23/P/4,2022-07-05,6000.0
1707,2664.0,116400,2022-2023,XVFC/2022-23/P/4,2022-07-05,12000.0
1707,2666.0,116400,2022-2023,XVFC/2022-23/P/6,2022-09-16,4000.0
1707,2666.0,116400,2022-2023,XVFC/2022-23/P/6,2022-09-16,8000.0
1707,2667.0,116400,2022-2023,XVFC/2022-23/P/7,2022-09-20,4000.0
1707,2669.0,116400,2022-2023,XVFC/2022-23/P/9,2022-10-21,2000.0
1707,2670.0,116400,2022-2023,XVFC/2022-23/P/10,2022-11-11,4000.0
1707,2670.0,116400,2022-2023,XVFC/2022-23/P/10,2022-11-11,8000.0
1707,2682.0,116400,2022-2023,XVFC/2022-23/P/16,2023-02-03,4000.0
1707,2682.0,116400,2022-2023,XVFC/2022-23/P/16,2023-02-03,8000.0
1707,2689.0,116400,2022-2023,XVFC/2022-23/P/22,2023-03-03,4000.0
1707,2689.0,116400,2022-2023,XVFC/2022-23/P/22,2023-03-03,8000.0
1707,2591.0,116400,2023-2024,XVFC/2023-24/P/4,2023-06-09,6000.0
1707,2591.0,116400,2023-2024,XVFC/2023-24/P/4,2023-06-09,12000.0
1707,2600.0,116400,2023-2024,XVFC/2023-24/P/7,2023-08-08,4000.0
1707,2600.0,116400,2023-2024,XVFC/2023-24/P/7,2023-08-08,8000.0
1707,2521.0,116400,2024-2025,XVFC/2024-25/P/4,2024-06-28,4000.0
1708,2665.0,116400,2022-2023,XVFC/2022-23/P/5,2022-07-29,50000.0
1708,2683.0,116400,2022-2023,XVFC/2022-23/P/17,2023-02-10,3533.0
1708,2684.0,116400,2022-2023,XVFC/2022-23/P/18,2023-02-10,34570.0
1708,2688.0,116400,2022-2023,XVFC/2022-23/P/21,2023-03-03,11897.0
1709,2590.0,116400,2023-2024,XVFC/2023-24/P/3,2023-05-12,26.0
1709,2590.0,116400,2023-2024,XVFC/2023-24/P/3,2023-05-12,500.0
1709,2590.0,116400,2023-2024,XVFC/2023-24/P/3,2023-05-12,48452.0
1709,2528.0,116400,2024-2025,XVFC/2024-25/P/8,2024-07-19,1000.0
1710,2679.0,116400,2022-2023,5THSFC/2022-23/P/5,2023-01-24,4000.0
1710,2679.0,116400,2022-2023,5THSFC/2022-23/P/5,2023-01-24,13192.0
1710,2679.0,116400,2022-2023,5THSFC/2022-23/P/5,2023-01-24,377386.0
1710,2603.0,116400,2023-2024,5THSFC/2023-24/P/10,2023-09-26,4000.0
1714,2681.0,116400,2022-2023,XVFC/2022-23/P/15,2023-02-03,900.0
1714,2681.0,116400,2022-2023,XVFC/2022-23/P/15,2023-02-03,88200.0
1714,2618.0,116400,2023-2024,XVFC/2023-24/P/21,2023-09-26,900.0
1715,2687.0,116400,2022-2023,5THSFC/2022-23/P/7,2023-03-03,1730.0
1715,2687.0,116400,2022-2023,5THSFC/2022-23/P/7,2023-03-03,2126.0
1715,2687.0,116400,2022-2023,5THSFC/2022-23/P/7,2023-03-03,165556.0
1715,2604.0,116400,2023-2024,5THSFC/2023-24/P/11,2023-09-26,3400.0
1716,2672.0,116400,2022-2023,XVFC/2022-23/P/11,2022-11-23,530.0
1716,2672.0,116400,2022-2023,XVFC/2022-23/P/11,2022-11-23,52064.0
1716,2615.0,116400,2023-2024,XVFC/2023-24/P/18,2023-09-26,500.0
1717,2673.0,116400,2022-2023,XVFC/2022-23/P/12,2022-12-31,618.0
1717,2673.0,116400,2022-2023,XVFC/2022-23/P/12,2022-12-31,5590.0
1717,2673.0,116400,2022-2023,XVFC/2022-23/P/12,2022-12-31,397508.0
1717,2676.0,116400,2022-2023,XVFC/2022-23/P/13,2023-01-10,150000.0
1717,2616.0,116400,2023-2024,XVFC/2023-24/P/19,2023-09-26,5000.0
1720,2544.0,116400,2024-2025,XVFC/2024-25/P/19,2024-11-29,448.0
1720,2544.0,116400,2024-2025,XVFC/2024-25/P/19,2024-11-29,900.0
1720,2544.0,116400,2024-2025,XVFC/2024-25/P/19,2024-11-29,86544.0
1721,2553.0,116400,2024-2025,XVFC/2024-25/P/28,2024-12-13,300.0
1721,2553.0,116400,2024-2025,XVFC/2024-25/P/28,2024-12-13,594.0
1721,2553.0,116400,2024-2025,XVFC/2024-25/P/28,2024-12-13,27434.0
1721,2453.0,116400,2025-2026,XVFC/2025-26/P/16,2025-04-25,300.0
1722,2685.0,116400,2022-2023,XVFC/2022-23/P/19,2023-02-10,5150.0
1723,2486.0,116400,2025-2026,XVFC/2025-26/P/37,2025-12-09,18.0
1723,2486.0,116400,2025-2026,XVFC/2025-26/P/37,2025-12-09,107.0
1723,2486.0,116400,2025-2026,XVFC/2025-26/P/37,2025-12-09,751.0
1723,2486.0,116400,2025-2026,XVFC/2025-26/P/37,2025-12-09,1020.0
1723,2486.0,116400,2025-2026,XVFC/2025-26/P/37,2025-12-09,99012.0
1723,,116400,2026-2027,XVFC/2026-27/P/9,2026-05-01,1020.0
1897,2627.0,116400,2023-2024,5THSFC/2023-24/P/18,2023-10-27,108000.0
1897,2628.0,116400,2023-2024,5THSFC/2023-24/P/19,2023-11-03,1200.0
1897,2628.0,116400,2023-2024,5THSFC/2023-24/P/19,2023-11-03,8300.0
1897,2523.0,116400,2024-2025,5THSFC/2024-25/P/4,2024-07-19,2500.0
1925,2597.0,116400,2023-2024,5THSFC/2023-24/P/4,2023-07-28,1328.0
1925,2597.0,116400,2023-2024,5THSFC/2023-24/P/4,2023-07-28,2068.0
1925,2598.0,116400,2023-2024,5THSFC/2023-24/P/5,2023-07-28,126170.0
1925,2522.0,116400,2024-2025,5THSFC/2024-25/P/3,2024-07-19,3000.0
1926,2595.0,116400,2023-2024,5THSFC/2023-24/P/2,2023-07-28,1252.0
1926,2595.0,116400,2023-2024,5THSFC/2023-24/P/2,2023-07-28,1280.0
1926,2596.0,116400,2023-2024,5THSFC/2023-24/P/3,2023-07-28,122328.0
1926,2524.0,116400,2024-2025,5THSFC/2024-25/P/5,2024-07-19,3000.0
1953,2593.0,116400,2023-2024,XVFC/2023-24/P/5,2023-07-19,100000.0
1953,2594.0,116400,2023-2024,XVFC/2023-24/P/6,2023-07-19,19700.0
1954,2546.0,116400,2024-2025,XVFC/2024-25/P/21,2024-11-29,81000.0
1954,2550.0,116400,2024-2025,XVFC/2024-25/P/25,2024-12-03,448.0
1954,2550.0,116400,2024-2025,XVFC/2024-25/P/25,2024-12-03,900.0
1954,2550.0,116400,2024-2025,XVFC/2024-25/P/25,2024-12-03,5544.0
1954,2454.0,116400,2025-2026,XVFC/2025-26/P/17,2025-04-25,900.0
1955,2601.0,116400,2023-2024,5THSFC/2023-24/P/6,2023-09-16,8000.0
1955,2602.0,116400,2023-2024,5THSFC/2023-24/P/7,2023-09-16,17300.0
1955,2624.0,116400,2023-2024,5THSFC/2023-24/P/15,2023-09-29,16887.0
1955,2625.0,116400,2023-2024,5THSFC/2023-24/P/16,2023-09-29,12980.0
1955,2518.0,116400,2024-2025,5THSFC/2024-25/P/1,2024-05-03,12000.0
1955,2519.0,116400,2024-2025,5THSFC/2024-25/P/2,2024-06-28,13000.0
1956,2629.0,116400,2023-2024,XVFC/2023-24/P/22,2023-11-03,16306.0
1956,2639.0,116400,2023-2024,XVFC/2023-24/P/30,2024-02-16,34336.0
1956,2640.0,116400,2023-2024,XVFC/2023-24/P/31,2024-02-16,22471.0
1956,2642.0,116400,2023-2024,XVFC/2023-24/P/33,2024-03-28,63353.0
1957,2631.0,116400,2023-2024,XVFC/2023-24/P/23,2023-12-08,67660.0
1957,2632.0,116400,2023-2024,XVFC/2023-24/P/24,2023-12-12,750.0
1957,2632.0,116400,2023-2024,XVFC/2023-24/P/24,2023-12-12,6000.0
1957,2525.0,116400,2024-2025,XVFC/2024-25/P/5,2024-07-19,1500.0
1958,2633.0,116400,2023-2024,XVFC/2023-24/P/25,2023-12-12,4000.0
1958,2633.0,116400,2023-2024,XVFC/2023-24/P/25,2023-12-12,8000.0
1958,2638.0,116400,2023-2024,XVFC/2023-24/P/29,2024-02-06,4000.0
1958,2638.0,116400,2023-2024,XVFC/2023-24/P/29,2024-02-06,8000.0
1958,2641.0,116400,2023-2024,XVFC/2023-24/P/32,2024-02-27,20000.0
1958,2517.0,116400,2024-2025,XVFC/2024-25/P/2,2024-04-12,4000.0
1958,2517.0,116400,2024-2025,XVFC/2024-25/P/2,2024-04-12,8000.0
1958,2520.0,116400,2024-2025,XVFC/2024-25/P/3,2024-06-28,4000.0
1958,2520.0,116400,2024-2025,XVFC/2024-25/P/3,2024-06-28,8000.0
1959,2635.0,116400,2023-2024,XVFC/2023-24/P/27,2023-12-22,372920.0
1959,2636.0,116400,2023-2024,XVFC/2023-24/P/28,2024-01-12,4160.0
1959,2636.0,116400,2023-2024,XVFC/2023-24/P/28,2024-01-12,35000.0
1959,2526.0,116400,2024-2025,XVFC/2024-25/P/6,2024-07-19,4000.0
1960,2637.0,116400,2023-2024,5THSFC/2023-24/P/21,2024-02-06,82680.0
1961,2643.0,116400,2023-2024,XVFC/2023-24/P/34,2024-03-28,180000.0
1961,2516.0,116400,2024-2025,XVFC/2024-25/P/1,2024-04-12,4000.0
1961,2516.0,116400,2024-2025,XVFC/2024-25/P/1,2024-04-12,4614.0
1961,2516.0,116400,2024-2025,XVFC/2024-25/P/1,2024-04-12,8142.0
1961,2527.0,116400,2024-2025,XVFC/2024-25/P/7,2024-07-19,2500.0
1962,2564.0,116400,2024-2025,XVFC/2024-25/P/37,2025-01-17,81000.0
1962,2565.0,116400,2024-2025,XVFC/2024-25/P/38,2025-01-24,438.0
1962,2565.0,116400,2024-2025,XVFC/2024-25/P/38,2025-01-24,900.0
1962,2565.0,116400,2024-2025,XVFC/2024-25/P/38,2025-01-24,5577.0
1962,2455.0,116400,2025-2026,XVFC/2025-26/P/18,2025-04-25,900.0
1963,,116400,2026-2027,XVFC/2026-27/P/1,2026-04-21,22.0
1963,,116400,2026-2027,XVFC/2026-27/P/1,2026-04-21,132.0
1963,,116400,2026-2027,XVFC/2026-27/P/1,2026-04-21,437.0
1963,,116400,2026-2027,XVFC/2026-27/P/1,2026-04-21,86594.0
1968,2541.0,116400,2024-2025,XVFC/2024-25/P/18,2024-11-08,551.0
1968,2541.0,116400,2024-2025,XVFC/2024-25/P/18,2024-11-08,54048.0
1968,2460.0,116400,2025-2026,XVFC/2025-26/P/23,2025-04-25,551.0
1969,2545.0,116400,2024-2025,XVFC/2024-25/P/20,2024-11-29,81000.0
1969,2551.0,116400,2024-2025,XVFC/2024-25/P/26,2024-12-03,442.0
1969,2551.0,116400,2024-2025,XVFC/2024-25/P/26,2024-12-03,900.0
1969,2551.0,116400,2024-2025,XVFC/2024-25/P/26,2024-12-03,5574.0
1969,2457.0,116400,2025-2026,XVFC/2025-26/P/20,2025-04-25,900.0
1970,2552.0,116400,2024-2025,XVFC/2024-25/P/27,2024-12-13,81000.0
1970,2555.0,116400,2024-2025,XVFC/2024-25/P/29,2024-12-17,446.0
1970,2555.0,116400,2024-2025,XVFC/2024-25/P/29,2024-12-17,900.0
1970,2555.0,116400,2024-2025,XVFC/2024-25/P/29,2024-12-17,5557.0
1970,2456.0,116400,2025-2026,XVFC/2025-26/P/19,2025-04-25,900.0
1972,2536.0,116400,2024-2025,XVFC/2024-25/P/13,2024-10-29,92438.0
1972,2538.0,116400,2024-2025,XVFC/2024-25/P/15,2024-11-08,1028.0
1972,2538.0,116400,2024-2025,XVFC/2024-25/P/15,2024-11-08,1184.0
1972,2538.0,116400,2024-2025,XVFC/2024-25/P/15,2024-11-08,7000.0
1972,2458.0,116400,2025-2026,XVFC/2025-26/P/21,2025-04-25,1028.0
2006,2537.0,116400,2024-2025,XVFC/2024-25/P/14,2024-10-29,45000.0
2006,2539.0,116400,2024-2025,XVFC/2024-25/P/16,2024-11-08,500.0
2006,2539.0,116400,2024-2025,XVFC/2024-25/P/16,2024-11-08,4000.0
2006,2459.0,116400,2025-2026,XVFC/2025-26/P/22,2025-04-25,500.0
2007,2543.0,116400,2024-2025,5THSFC/2024-25/P/10,2024-11-29,77000.0
2011,2533.0,116400,2024-2025,XVFC/2024-25/P/10,2024-10-01,11376.0
2011,2534.0,116400,2024-2025,XVFC/2024-25/P/11,2024-10-01,28195.0
2011,2535.0,116400,2024-2025,XVFC/2024-25/P/12,2024-10-01,18923.0
2011,2547.0,116400,2024-2025,XVFC/2024-25/P/22,2024-11-29,682.0
2011,2548.0,116400,2024-2025,XVFC/2024-25/P/23,2024-11-29,845.0
2011,2549.0,116400,2024-2025,XVFC/2024-25/P/24,2024-11-29,13310.0
2011,2558.0,116400,2024-2025,XVFC/2024-25/P/31,2025-01-17,9652.0
2011,2559.0,116400,2024-2025,XVFC/2024-25/P/32,2025-01-17,8866.0
2011,2560.0,116400,2024-2025,XVFC/2024-25/P/33,2025-01-17,3231.0
2011,2561.0,116400,2024-2025,XVFC/2024-25/P/34,2025-01-17,14454.0
2011,2562.0,116400,2024-2025,XVFC/2024-25/P/35,2025-01-17,16049.0
2011,2563.0,116400,2024-2025,XVFC/2024-25/P/36,2025-01-17,10435.0
2011,2568.0,116400,2024-2025,XVFC/2024-25/P/43,2025-03-18,7207.0
2011,2569.0,116400,2024-2025,XVFC/2024-25/P/44,2025-03-18,2568.0
2011,2570.0,116400,2024-2025,XVFC/2024-25/P/45,2025-03-18,9307.0
2011,2571.0,116400,2024-2025,XVFC/2024-25/P/46,2025-03-18,3063.0
2011,2572.0,116400,2024-2025,XVFC/2024-25/P/47,2025-03-18,1824.0
2011,2573.0,116400,2024-2025,XVFC/2024-25/P/48,2025-03-18,1174.0
2011,2442.0,116400,2025-2026,XVFC/2025-26/P/1,2025-04-08,41002.0
2012,2529.0,116400,2024-2025,5THSFC/2024-25/P/6,2024-07-26,137900.0
2012,2530.0,116400,2024-2025,5THSFC/2024-25/P/7,2024-07-30,16000.0
2198,2531.0,116400,2024-2025,5THSFC/2024-25/P/8,2024-09-06,42000.0
2198,2542.0,116400,2024-2025,5THSFC/2024-25/P/9,2024-11-22,42000.0
2198,2554.0,116400,2024-2025,5THSFC/2024-25/P/11,2024-12-17,51000.0
2198,2556.0,116400,2024-2025,5THSFC/2024-25/P/12,2025-01-17,42000.0
2198,2440.0,116400,2025-2026,5THSFC/2025-26/P/1,2025-04-08,42000.0
2199,2532.0,116400,2024-2025,XVFC/2024-25/P/9,2024-09-24,14750.0
2199,2532.0,116400,2024-2025,XVFC/2024-25/P/9,2024-09-24,29500.0
2199,2540.0,116400,2024-2025,XVFC/2024-25/P/17,2024-11-08,6500.0
2199,2540.0,116400,2024-2025,XVFC/2024-25/P/17,2024-11-08,13000.0
2199,2557.0,116400,2024-2025,XVFC/2024-25/P/30,2025-01-17,6500.0
2199,2557.0,116400,2024-2025,XVFC/2024-25/P/30,2025-01-17,13000.0
2200,2469.0,116400,2025-2026,XVFC/2025-26/P/24,2025-07-11,234.0
2200,2469.0,116400,2025-2026,XVFC/2025-26/P/24,2025-07-11,23183.0
2201,2474.0,116400,2025-2026,XVFC/2025-26/P/27,2025-08-05,111.0
2201,2474.0,116400,2025-2026,XVFC/2025-26/P/27,2025-08-05,666.0
2201,2474.0,116400,2025-2026,XVFC/2025-26/P/27,2025-08-05,1244.0
2201,2474.0,116400,2025-2026,XVFC/2025-26/P/27,2025-08-05,2218.0
2201,2474.0,116400,2025-2026,XVFC/2025-26/P/27,2025-08-05,115687.0
2201,,116400,2026-2027,XVFC/2026-27/P/7,2026-05-01,1244.0
2202,2472.0,116400,2025-2026,XVFC/2025-26/P/25,2025-08-01,14.0
2202,2472.0,116400,2025-2026,XVFC/2025-26/P/25,2025-08-01,79.0
2202,2472.0,116400,2025-2026,XVFC/2025-26/P/25,2025-08-01,261.0
2202,2472.0,116400,2025-2026,XVFC/2025-26/P/25,2025-08-01,1000.0
2202,2472.0,116400,2025-2026,XVFC/2025-26/P/25,2025-08-01,96917.0
2202,,116400,2026-2027,XVFC/2026-27/P/6,2026-05-01,1000.0
2203,2473.0,116400,2025-2026,XVFC/2025-26/P/26,2025-08-01,5150.0
2204,2567.0,116400,2024-2025,5THSFC/2024-25/P/14,2025-03-18,360000.0
2204,2574.0,116400,2024-2025,5THSFC/2024-25/P/15,2025-03-21,4000.0
2204,2574.0,116400,2024-2025,5THSFC/2024-25/P/15,2025-03-21,32330.0
2204,2446.0,116400,2025-2026,5THSFC/2025-26/P/6,2025-04-25,4000.0
2205,2443.0,116400,2025-2026,XVFC/2025-26/P/2,2025-04-22,450000.0
2205,2461.0,116400,2025-2026,XVFC/2025-26/P/3,2025-04-25,3302.0
2205,2461.0,116400,2025-2026,XVFC/2025-26/P/3,2025-04-25,5000.0
2205,2461.0,116400,2025-2026,XVFC/2025-26/P/3,2025-04-25,28788.0
2205,,116400,2026-2027,XVFC/2026-27/P/5,2026-05-01,5000.0
2206,2496.0,116400,2025-2026,XVFC/2025-26/P/47,2026-03-12,3.0
2206,2496.0,116400,2025-2026,XVFC/2025-26/P/47,2026-03-12,18.0
2206,2496.0,116400,2025-2026,XVFC/2025-26/P/47,2026-03-12,58.0
2206,2496.0,116400,2025-2026,XVFC/2025-26/P/47,2026-03-12,6000.0
2206,2496.0,116400,2025-2026,XVFC/2025-26/P/47,2026-03-12,587640.0
2206,,116400,2026-2027,XVFC/2026-27/P/8,2026-05-01,6000.0
2212,2498.0,116400,2025-2026,5THSFC/2025-26/P/14,2026-03-17,35.0
2212,2498.0,116400,2025-2026,5THSFC/2025-26/P/14,2026-03-17,208.0
2212,2498.0,116400,2025-2026,5THSFC/2025-26/P/14,2026-03-17,692.0
2212,2498.0,116400,2025-2026,5THSFC/2025-26/P/14,2026-03-17,1500.0
2212,2498.0,116400,2025-2026,5THSFC/2025-26/P/14,2026-03-17,144475.0
2212,,116400,2026-2027,5THSFC/2026-27/P/3,2026-05-01,1500.0
2213,,116400,2026-2027,5THSFC/2026-27/P/1,2026-04-21,104534.0
2214,,116400,2026-2027,XVFC/2026-27/P/11,2026-07-24,55000.0
2215,2468.0,116400,2025-2026,5THSFC/2025-26/P/7,2025-07-11,158696.0
2366,2497.0,116400,2025-2026,5THSFC/2025-26/P/13,2026-03-13,130000.0
2367,2470.0,116400,2025-2026,5THSFC/2025-26/P/8,2025-08-01,42000.0
2367,2471.0,116400,2025-2026,5THSFC/2025-26/P/9,2025-08-01,25500.0
2367,2484.0,116400,2025-2026,5THSFC/2025-26/P/11,2025-12-09,42000.0
2367,2485.0,116400,2025-2026,5THSFC/2025-26/P/12,2025-12-09,25500.0
2367,2499.0,116400,2025-2026,5THSFC/2025-26/P/15,2026-03-17,84000.0
2367,2500.0,116400,2025-2026,5THSFC/2025-26/P/16,2026-03-20,51000.0
2368,,116400,2026-2027,XVFC/2026-27/P/2,2026-04-21,3.0
2368,,116400,2026-2027,XVFC/2026-27/P/2,2026-04-21,16.0
2368,,116400,2026-2027,XVFC/2026-27/P/2,2026-04-21,52.0
2368,,116400,2026-2027,XVFC/2026-27/P/2,2026-04-21,27790.0
2369,2475.0,116400,2025-2026,XVFC/2025-26/P/28,2025-11-28,40527.0
2369,2476.0,116400,2025-2026,XVFC/2025-26/P/29,2025-11-28,29921.0
2369,2477.0,116400,2025-2026,XVFC/2025-26/P/30,2025-11-28,9945.0
2369,2478.0,116400,2025-2026,XVFC/2025-26/P/31,2025-11-28,10601.0
2369,2480.0,116400,2025-2026,XVFC/2025-26/P/33,2025-11-28,5708.0
2369,2487.0,116400,2025-2026,XVFC/2025-26/P/38,2026-03-11,4072.0
2369,2488.0,116400,2025-2026,XVFC/2025-26/P/39,2026-03-11,4533.0
2369,2489.0,116400,2025-2026,XVFC/2025-26/P/40,2026-03-11,16152.0
2369,2490.0,116400,2025-2026,XVFC/2025-26/P/41,2026-03-11,2741.0
2369,2491.0,116400,2025-2026,XVFC/2025-26/P/42,2026-03-11,17902.0
2369,2492.0,116400,2025-2026,XVFC/2025-26/P/43,2026-03-11,9437.0
2370,2479.0,116400,2025-2026,XVFC/2025-26/P/32,2025-11-28,17345.0
2370,2481.0,116400,2025-2026,XVFC/2025-26/P/35,2025-11-28,29250.0
2370,2482.0,116400,2025-2026,XVFC/2025-26/P/36,2025-12-02,58500.0
2370,2493.0,116400,2025-2026,XVFC/2025-26/P/44,2026-03-12,9750.0
2372,,116400,2026-2027,XVFC/2026-27/P/3,2026-04-21,14417.0
2373,,116400,2026-2027,XVFC/2026-27/P/4,2026-04-21,5150.0
2376,2483.0,116400,2025-2026,5THSFC/2025-26/P/10,2025-12-09,4.0
2376,2483.0,116400,2025-2026,5THSFC/2025-26/P/10,2025-12-09,24.0
2376,2483.0,116400,2025-2026,5THSFC/2025-26/P/10,2025-12-09,168.0
2376,2483.0,116400,2025-2026,5THSFC/2025-26/P/10,2025-12-09,1000.0
2376,2483.0,116400,2025-2026,5THSFC/2025-26/P/10,2025-12-09,97788.0
2376,,116400,2026-2027,5THSFC/2026-27/P/2,2026-05-01,1000.0
2378,2495.0,116400,2025-2026,XVFC/2025-26/P/46,2026-03-12,52756.0
2388,3730.0,116438,2021-2022,XVFC/2021-22/P/7,2021-07-31,35452.0
2388,3730.0,116438,2021-2022,XVFC/2021-22/P/7,2021-07-31,41411.0
2388,3730.0,116438,2021-2022,XVFC/2021-22/P/7,2021-07-31,65000.0
2388,3268.0,116438,2023-2024,XVFC/2023-24/P/12,2023-06-17,3000.0
2395,3738.0,116438,2021-2022,XVFC/2021-22/P/8,2021-08-14,30880.0
2395,3738.0,116438,2021-2022,XVFC/2021-22/P/8,2021-08-14,43086.0
2395,3738.0,116438,2021-2022,XVFC/2021-22/P/8,2021-08-14,62383.0
2395,3766.0,116438,2021-2022,XVFC/2021-22/P/11,2021-12-08,15044.0
2395,3766.0,116438,2021-2022,XVFC/2021-22/P/11,2021-12-08,15873.0
2395,3766.0,116438,2021-2022,XVFC/2021-22/P/11,2021-12-08,24703.0
2395,3270.0,116438,2023-2024,XVFC/2023-24/P/14,2023-06-17,1414.0
2395,3274.0,116438,2023-2024,XVFC/2023-24/P/17,2023-06-21,2789.0
2397,3810.0,116438,2021-2022,XVFC/2021-22/P/16,2022-03-09,41355.0
2397,3810.0,116438,2021-2022,XVFC/2021-22/P/16,2022-03-09,247402.0
2397,3278.0,116438,2023-2024,XVFC/2023-24/P/21,2023-06-21,6000.0
2399,3491.0,116438,2022-2023,XVFC/2022-23/P/4,2022-08-28,8000.0
2399,3511.0,116438,2022-2023,XVFC/2022-23/P/5,2022-10-18,4000.0
2399,3514.0,116438,2022-2023,XVFC/2022-23/P/8,2022-11-17,4000.0
2399,3524.0,116438,2022-2023,XVFC/2022-23/P/12,2023-01-19,4000.0
2399,3304.0,116438,2023-2024,XVFC/2023-24/P/32,2023-10-22,8000.0
2399,3323.0,116438,2023-2024,XVFC/2023-24/P/35,2023-12-15,8000.0
2399,3329.0,116438,2023-2024,XVFC/2023-24/P/37,2024-02-02,8000.0
2400,3687.0,116438,2021-2022,XVFC/2021-22/P/2,2021-04-29,97000.0
2400,3265.0,116438,2023-2024,XVFC/2023-24/P/8,2023-06-16,2000.0
2403,3688.0,116438,2021-2022,XVFC/2021-22/P/3,2021-04-29,33567.0
2403,3688.0,116438,2021-2022,XVFC/2021-22/P/3,2021-04-29,42341.0
2403,3688.0,116438,2021-2022,XVFC/2021-22/P/3,2021-04-29,67544.0
2403,3269.0,116438,2023-2024,XVFC/2023-24/P/13,2023-06-17,3000.0
2404,3714.0,116438,2021-2022,5THSFC/2021-22/P/2,2021-06-23,9122.0
2404,3714.0,116438,2021-2022,5THSFC/2021-22/P/2,2021-06-23,12399.0
2404,3714.0,116438,2021-2022,5THSFC/2021-22/P/2,2021-06-23,123837.0
2404,3262.0,116438,2023-2024,5THSFC/2023-24/P/3,2023-06-16,2500.0
2405,3718.0,116438,2021-2022,XVFC/2021-22/P/6,2021-06-25,10315.0
2405,3718.0,116438,2021-2022,XVFC/2021-22/P/6,2021-06-25,13303.0
2405,3718.0,116438,2021-2022,XVFC/2021-22/P/6,2021-06-25,120005.0
2405,3267.0,116438,2023-2024,XVFC/2023-24/P/11,2023-06-17,4500.0
2406,3686.0,116438,2021-2022,XVFC/2021-22/P/1,2021-04-27,5719.0
2406,3686.0,116438,2021-2022,XVFC/2021-22/P/1,2021-04-27,91213.0
2406,3264.0,116438,2023-2024,XVFC/2023-24/P/7,2023-06-16,2000.0
2407,3743.0,116438,2021-2022,XVFC/2021-22/P/10,2021-09-04,69761.0
2407,3743.0,116438,2021-2022,XVFC/2021-22/P/10,2021-09-04,98488.0
2407,3743.0,116438,2021-2022,XVFC/2021-22/P/10,2021-09-04,172778.0
2407,3812.0,116438,2021-2022,XVFC/2021-22/P/18,2022-03-09,16739.0
2407,3812.0,116438,2021-2022,XVFC/2021-22/P/18,2022-03-09,18866.0
2407,3271.0,116438,2023-2024,XVFC/2023-24/P/15,2023-06-17,7210.0
2407,3279.0,116438,2023-2024,XVFC/2023-24/P/22,2023-06-21,1000.0
2412,3685.0,116438,2021-2022,5THSFC/2021-22/P/1,2021-04-27,23839.0
2412,3685.0,116438,2021-2022,5THSFC/2021-22/P/1,2021-04-27,30575.0
2412,3685.0,116438,2021-2022,5THSFC/2021-22/P/1,2021-04-27,51146.0
2412,3261.0,116438,2023-2024,5THSFC/2023-24/P/2,2023-06-16,2200.0
2413,3689.0,116438,2021-2022,XVFC/2021-22/P/4,2021-04-29,49717.0
2413,3689.0,116438,2021-2022,XVFC/2021-22/P/4,2021-04-29,51403.0
2413,3689.0,116438,2021-2022,XVFC/2021-22/P/4,2021-04-29,52124.0
2413,3791.0,116438,2021-2022,XVFC/2021-22/P/15,2022-02-14,8296.0
2413,3791.0,116438,2021-2022,XVFC/2021-22/P/15,2022-02-14,9642.0
2413,3791.0,116438,2021-2022,XVFC/2021-22/P/15,2022-02-14,27144.0
2413,3273.0,116438,2023-2024,XVFC/2023-24/P/9,2023-06-17,3300.0
2413,3277.0,116438,2023-2024,XVFC/2023-24/P/20,2023-06-21,464.0
2414,3690.0,116438,2021-2022,XVFC/2021-22/P/5,2021-04-29,84234.0
2414,3690.0,116438,2021-2022,XVFC/2021-22/P/5,2021-04-29,88161.0
2414,3690.0,116438,2021-2022,XVFC/2021-22/P/5,2021-04-29,91382.0
2414,3266.0,116438,2023-2024,XVFC/2023-24/P/10,2023-06-17,5300.0
2416,3792.0,116438,2021-2022,5THSFC/2021-22/P/3,2022-02-15,49698.0
2416,3792.0,116438,2021-2022,5THSFC/2021-22/P/3,2022-02-15,139657.0
2416,3263.0,116438,2023-2024,5THSFC/2023-24/P/4,2023-06-16,2000.0
2417,3811.0,116438,2021-2022,XVFC/2021-22/P/17,2022-03-09,37245.0
2417,3811.0,116438,2021-2022,XVFC/2021-22/P/17,2022-03-09,42117.0
2417,3811.0,116438,2021-2022,XVFC/2021-22/P/17,2022-03-09,44848.0
2417,3280.0,116438,2023-2024,XVFC/2023-24/P/23,2023-06-21,2500.0
2422,3744.0,116438,2021-2022,XVFC/2021-22/P/9,2021-09-04,42057.0
2422,3272.0,116438,2023-2024,XVFC/2023-24/P/16,2023-06-17,429.0
2423,3252.0,116438,2023-2024,XVFC/2023-24/P/6,2023-05-29,269301.0
2423,3111.0,116438,2024-2025,XVFC/2024-25/P/31,2025-02-25,2809.0
2424,3251.0,116438,2023-2024,XVFC/2023-24/P/5,2023-05-29,291347.0
2424,3110.0,116438,2024-2025,XVFC/2024-25/P/30,2025-02-25,3009.0
2425,3456.0,116438,2022-2023,5THSFC/2022-23/P/1,2022-05-18,126951.0
2425,3456.0,116438,2022-2023,5THSFC/2022-23/P/1,2022-05-18,376817.0
2442,3786.0,116438,2021-2022,XVFC/2021-22/P/12,2022-01-29,342000.0
2442,3281.0,116438,2023-2024,XVFC/2023-24/P/24,2023-06-21,4500.0
2443,3788.0,116438,2021-2022,XVFC/2021-22/P/14,2022-01-29,352000.0
2443,3276.0,116438,2023-2024,XVFC/2023-24/P/19,2023-06-21,4400.0
2444,3787.0,116438,2021-2022,XVFC/2021-22/P/13,2022-01-29,342000.0
2444,3275.0,116438,2023-2024,XVFC/2023-24/P/18,2023-06-21,4500.0
2445,3475.0,116438,2022-2023,XVFC/2022-23/P/2,2022-06-30,70426.0
2445,3476.0,116438,2022-2023,XVFC/2022-23/P/3,2022-06-30,70000.0
2446,3474.0,116438,2022-2023,XVFC/2022-23/P/1,2022-06-30,4000.0
2446,3474.0,116438,2022-2023,XVFC/2022-23/P/1,2022-06-30,20000.0
2446,3520.0,116438,2022-2023,XVFC/2022-23/P/9,2022-12-20,4000.0
2446,3552.0,116438,2022-2023,XVFC/2022-23/P/23,2023-03-25,8000.0
2446,3247.0,116438,2023-2024,XVFC/2023-24/P/1,2023-05-22,8000.0
2446,3282.0,116438,2023-2024,XVFC/2023-24/P/25,2023-06-28,4000.0
2446,3288.0,116438,2023-2024,XVFC/2023-24/P/28,2023-07-01,4000.0
2446,3297.0,116438,2023-2024,XVFC/2023-24/P/29,2023-09-17,8000.0
2446,2857.0,116438,2025-2026,XVFC/2025-26/P/17,2025-07-30,4000.0
2454,3542.0,116438,2022-2023,XVFC/2022-23/P/19,2023-02-14,90155.0
2469,3465.0,116438,2022-2023,5THSFC/2022-23/P/2,2022-06-23,25063.0
2469,3465.0,116438,2022-2023,5THSFC/2022-23/P/2,2022-06-23,278685.0
2469,3465.0,116438,2022-2023,5THSFC/2022-23/P/2,2022-06-23,661790.0
2476,3521.0,116438,2022-2023,XVFC/2022-23/P/10,2022-12-22,84128.0
2477,3553.0,116438,2022-2023,XVFC/2022-23/P/24,2023-03-29,63396.0
2477,3553.0,116438,2022-2023,XVFC/2022-23/P/24,2023-03-29,242469.0
2478,3541.0,116438,2022-2023,XVFC/2022-23/P/18,2023-02-14,344864.0
2479,3550.0,116438,2022-2023,XVFC/2022-23/P/22,2023-03-18,96335.0
2482,3249.0,116438,2023-2024,XVFC/2023-24/P/3,2023-05-24,13000.0
2482,3250.0,116438,2023-2024,XVFC/2023-24/P/4,2023-05-24,28850.0
2482,3104.0,116438,2024-2025,XVFC/2024-25/P/27,2025-02-19,40148.0
2482,2865.0,116438,2025-2026,XVFC/2025-26/P/24,2025-07-31,2000.0
2483,3289.0,116438,2023-2024,5THSFC/2023-24/P/6,2023-07-04,54500.0
2483,2831.0,116438,2025-2026,5THSFC/2025-26/P/5,2025-06-23,45500.0
2484,3547.0,116438,2022-2023,XVFC/2022-23/P/20,2023-02-24,71772.0
2491,2969.0,116438,2024-2025,XVFC/2024-25/P/2,2024-04-30,81034.0
2492,3368.0,116438,2023-2024,XVFC/2023-24/P/43,2024-03-22,81034.0
2492,3117.0,116438,2024-2025,XVFC/2024-25/P/37,2025-02-25,4000.0
2493,3551.0,116438,2022-2023,5THSFC/2022-23/P/7,2023-03-25,24060.0
2493,3307.0,116438,2023-2024,5THSFC/2023-24/P/8,2023-10-27,3474.0
2493,3308.0,116438,2023-2024,5THSFC/2023-24/P/9,2023-10-27,88078.0
2493,3305.0,116438,2023-2024,5THSFC/2023-24/P/10,2023-10-27,46648.0
2493,3306.0,116438,2023-2024,5THSFC/2023-24/P/11,2023-10-27,31206.0
2493,3335.0,116438,2023-2024,5THSFC/2023-24/P/14,2024-02-22,41036.0
2493,3336.0,116438,2023-2024,5THSFC/2023-24/P/15,2024-02-22,61519.0
2497,3248.0,116438,2023-2024,XVFC/2023-24/P/2,2023-05-22,195833.0
2497,3299.0,116438,2023-2024,XVFC/2023-24/P/31,2023-09-27,94419.0
2497,3109.0,116438,2024-2025,XVFC/2024-25/P/29,2025-02-25,2173.0
2497,3114.0,116438,2024-2025,XVFC/2024-25/P/34,2025-02-25,964.0
2498,3529.0,116438,2022-2023,XVFC/2022-23/P/16,2023-01-25,9361.0
2499,3525.0,116438,2022-2023,5THSFC/2022-23/P/3,2023-01-25,26359.0
2500,3527.0,116438,2022-2023,XVFC/2022-23/P/14,2023-01-25,9361.0
2501,3526.0,116438,2022-2023,XVFC/2022-23/P/13,2023-01-25,9361.0
2502,3528.0,116438,2022-2023,XVFC/2022-23/P/15,2023-01-25,9361.0
2503,3530.0,116438,2022-2023,XVFC/2022-23/P/17,2023-01-25,9361.0
2504,3523.0,116438,2022-2023,XVFC/2022-23/P/11,2022-12-30,23290.0
2504,2836.0,116438,2025-2026,XVFC/2025-26/P/7,2025-06-23,10500.0
2507,3246.0,116438,2023-2024,5THSFC/2023-24/P/1,2023-05-22,51156.0
2507,3314.0,116438,2023-2024,5THSFC/2023-24/P/12,2023-11-22,77270.0
2507,3003.0,116438,2024-2025,5THSFC/2024-25/P/4,2024-07-31,91463.0
2508,3286.0,116438,2023-2024,XVFC/2023-24/P/26,2023-07-01,323400.0
2508,3112.0,116438,2024-2025,XVFC/2024-25/P/32,2025-02-25,3300.0
2509,3287.0,116438,2023-2024,XVFC/2023-24/P/27,2023-07-01,283734.0
2509,3113.0,116438,2024-2025,XVFC/2024-25/P/33,2025-02-25,3000.0
2511,2970.0,116438,2024-2025,XVFC/2024-25/P/3,2024-04-30,81034.0
2512,3083.0,116438,2024-2025,XVFC/2024-25/P/20,2025-01-08,80534.0
2515,3512.0,116438,2022-2023,XVFC/2022-23/P/6,2022-10-28,100000.0
2515,3513.0,116438,2022-2023,XVFC/2022-23/P/7,2022-10-28,100000.0
2516,2871.0,116438,2025-2026,XVFC/2025-26/P/28,2025-08-18,6500.0
2516,2872.0,116438,2025-2026,XVFC/2025-26/P/29,2025-08-18,3250.0
2517,3546.0,116438,2022-2023,5THSFC/2022-23/P/6,2023-02-24,68001.0
2518,3544.0,116438,2022-2023,5THSFC/2022-23/P/4,2023-02-17,172448.0
2519,3545.0,116438,2022-2023,5THSFC/2022-23/P/5,2023-02-17,8000.0
2521,3548.0,116438,2022-2023,XVFC/2022-23/P/21,2023-02-28,79389.0
2523,3298.0,116438,2023-2024,XVFC/2023-24/P/30,2023-09-27,284433.0
2525,2982.0,116438,2024-2025,5THSFC/2024-25/P/1,2024-05-31,75000.0
2526,2983.0,116438,2024-2025,5THSFC/2024-25/P/2,2024-05-31,369000.0
2526,2985.0,116438,2024-2025,5THSFC/2024-25/P/3,2024-06-10,32800.0
2527,3294.0,116438,2023-2024,5THSFC/2023-24/P/7,2023-08-14,63000.0
2641,3315.0,116438,2023-2024,XVFC/2023-24/P/33,2023-11-22,45000.0
2641,3316.0,116438,2023-2024,XVFC/2023-24/P/34,2023-11-30,4000.0
2652,2986.0,116438,2024-2025,XVFC/2024-25/P/6,2024-06-10,98000.0
2652,3133.0,116438,2024-2025,XVFC/2024-25/P/49,2025-03-29,80848.0
2717,3369.0,116438,2023-2024,XVFC/2023-24/P/44,2024-03-26,81000.0
2717,3116.0,116438,2024-2025,XVFC/2024-25/P/36,2025-02-25,4026.0
2740,3333.0,116438,2023-2024,XVFC/2023-24/P/40,2024-02-13,180000.0
2740,3338.0,116438,2023-2024,XVFC/2023-24/P/42,2024-02-28,14717.0
2740,3118.0,116438,2024-2025,XVFC/2024-25/P/38,2025-02-25,3000.0
2741,3332.0,116438,2023-2024,XVFC/2023-24/P/39,2024-02-13,270000.0
2741,3337.0,116438,2023-2024,XVFC/2023-24/P/41,2024-02-28,22180.0
2741,3119.0,116438,2024-2025,XVFC/2024-25/P/39,2025-02-25,4000.0
2742,2984.0,116438,2024-2025,XVFC/2024-25/P/5,2024-06-02,72000.0
2747,2975.0,116438,2024-2025,XVFC/2024-25/P/4,2024-05-06,18000.0
2747,2987.0,116438,2024-2025,XVFC/2024-25/P/7,2024-06-10,6500.0
2747,3014.0,116438,2024-2025,XVFC/2024-25/P/8,2024-08-12,13000.0
2747,3028.0,116438,2024-2025,XVFC/2024-25/P/9,2024-09-05,6500.0
2747,2858.0,116438,2025-2026,XVFC/2025-26/P/18,2025-07-30,8000.0
2748,3324.0,116438,2023-2024,XVFC/2023-24/P/36,2023-12-17,315000.0
2748,3331.0,116438,2023-2024,XVFC/2023-24/P/38,2024-02-09,28000.0
2748,3115.0,116438,2024-2025,XVFC/2024-25/P/35,2025-02-25,3500.0
2749,2838.0,116438,2025-2026,XVFC/2025-26/P/9,2025-06-23,48000.0
2749,2862.0,116438,2025-2026,XVFC/2025-26/P/21,2025-07-31,6000.0
2750,3046.0,116438,2024-2025,5THSFC/2024-25/P/10,2024-10-19,20325.0
2750,3063.0,116438,2024-2025,5THSFC/2024-25/P/13,2024-11-27,1547.0
2750,3064.0,116438,2024-2025,5THSFC/2024-25/P/14,2024-11-27,23851.0
2750,3065.0,116438,2024-2025,5THSFC/2024-25/P/15,2024-11-27,28775.0
2750,3066.0,116438,2024-2025,5THSFC/2024-25/P/16,2024-11-27,18596.0
2750,3067.0,116438,2024-2025,5THSFC/2024-25/P/17,2024-11-27,18596.0
2750,3012.0,116438,2024-2025,5THSFC/2024-25/P/7,2024-08-12,24992.0
2750,3013.0,116438,2024-2025,5THSFC/2024-25/P/8,2024-08-12,6963.0
2750,3010.0,116438,2024-2025,5THSFC/2024-25/P/5,2024-08-12,61243.0
2750,3011.0,116438,2024-2025,5THSFC/2024-25/P/6,2024-08-12,121981.0
2750,2883.0,116438,2025-2026,5THSFC/2025-26/P/13,2026-03-28,20958.0
2750,2884.0,116438,2025-2026,5THSFC/2025-26/P/14,2026-03-28,1300.0
2751,2968.0,116438,2024-2025,XVFC/2024-25/P/1,2024-04-26,1635.0
2751,2968.0,116438,2024-2025,XVFC/2024-25/P/1,2024-04-26,228396.0
2751,3041.0,116438,2024-2025,XVFC/2024-25/P/13,2024-10-07,65057.0
2752,3129.0,116438,2024-2025,5THSFC/2024-25/P/26,2025-03-29,90000.0
2752,2799.0,116438,2025-2026,5THSFC/2025-26/P/1,2025-04-25,7795.0
2753,2886.0,116438,2025-2026,XVFC/2025-26/P/39,2026-03-28,94980.0
2754,3134.0,116438,2024-2025,XVFC/2024-25/P/50,2025-03-29,120416.0
2754,2800.0,116438,2025-2026,XVFC/2025-26/P/1,2025-04-25,7004.0
2755,2867.0,116438,2025-2026,XVFC/2025-26/P/26,2025-07-31,56538.0
2756,2870.0,116438,2025-2026,XVFC/2025-26/P/27,2025-08-14,135000.0
2756,2874.0,116438,2025-2026,XVFC/2025-26/P/31,2025-08-18,2581.0
2757,3121.0,116438,2024-2025,XVFC/2024-25/P/41,2025-03-16,11524.0
2757,3122.0,116438,2024-2025,XVFC/2024-25/P/42,2025-03-16,24791.0
2757,3123.0,116438,2024-2025,XVFC/2024-25/P/43,2025-03-16,5764.0
2757,3124.0,116438,2024-2025,XVFC/2024-25/P/44,2025-03-16,5098.0
2757,3125.0,116438,2024-2025,XVFC/2024-25/P/45,2025-03-16,7134.0
2757,3126.0,116438,2024-2025,XVFC/2024-25/P/46,2025-03-16,12434.0
2757,3127.0,116438,2024-2025,XVFC/2024-25/P/47,2025-03-16,785.0
2757,3128.0,116438,2024-2025,XVFC/2024-25/P/48,2025-03-16,12434.0
2757,2837.0,116438,2025-2026,XVFC/2025-26/P/8,2025-06-23,6500.0
2758,3091.0,116438,2024-2025,5THSFC/2024-25/P/22,2025-02-07,45000.0
2758,3105.0,116438,2024-2025,5THSFC/2024-25/P/24,2025-02-25,4000.0
2767,3055.0,116438,2024-2025,XVFC/2024-25/P/16,2024-11-11,400000.0
2767,3061.0,116438,2024-2025,XVFC/2024-25/P/17,2024-11-21,86901.0
2768,2835.0,116438,2025-2026,XVFC/2025-26/P/6,2025-06-23,45806.0
2768,2864.0,116438,2025-2026,XVFC/2025-26/P/23,2025-07-31,5050.0
2769,2832.0,116438,2025-2026,5THSFC/2025-26/P/6,2025-06-23,127800.0
2769,2856.0,116438,2025-2026,5THSFC/2025-26/P/9,2025-07-30,12000.0
2822,3038.0,116438,2024-2025,XVFC/2024-25/P/10,2024-10-06,6500.0
2822,3039.0,116438,2024-2025,XVFC/2024-25/P/11,2024-10-06,19500.0
2822,3068.0,116438,2024-2025,XVFC/2024-25/P/18,2024-12-11,13000.0
2822,3069.0,116438,2024-2025,XVFC/2024-25/P/19,2024-12-11,6500.0
2822,3086.0,116438,2024-2025,XVFC/2024-25/P/21,2025-01-09,3250.0
2822,3086.0,116438,2024-2025,XVFC/2024-25/P/21,2025-01-09,6500.0
2822,3120.0,116438,2024-2025,XVFC/2024-25/P/40,2025-03-10,6500.0
2822,3120.0,116438,2024-2025,XVFC/2024-25/P/40,2025-03-10,13000.0
2822,2807.0,116438,2025-2026,XVFC/2025-26/P/2,2025-05-13,13000.0
2822,2808.0,116438,2025-2026,XVFC/2025-26/P/3,2025-05-13,6500.0
2822,2859.0,116438,2025-2026,XVFC/2025-26/P/19,2025-07-30,2000.0
2822,2861.0,116438,2025-2026,XVFC/2025-26/P/20,2025-07-31,6500.0
2839,3040.0,116438,2024-2025,XVFC/2024-25/P/12,2024-10-06,315000.0
2839,3049.0,116438,2024-2025,XVFC/2024-25/P/15,2024-10-26,28000.0
2845,3094.0,116438,2024-2025,XVFC/2024-25/P/23,2025-02-11,180000.0
2845,3108.0,116438,2024-2025,XVFC/2024-25/P/28,2025-02-25,20000.0
2851,3045.0,116438,2024-2025,XVFC/2024-25/P/14,2024-10-09,108920.0
2851,3093.0,116438,2024-2025,XVFC/2024-25/P/22,2025-02-07,64386.0
2969,3082.0,116438,2024-2025,5THSFC/2024-25/P/18,2025-01-08,135000.0
2969,3092.0,116438,2024-2025,5THSFC/2024-25/P/23,2025-02-07,8354.0
2970,2866.0,116438,2025-2026,XVFC/2025-26/P/25,2025-07-31,135000.0
2970,2873.0,116438,2025-2026,XVFC/2025-26/P/30,2025-08-18,12000.0
2971,3101.0,116438,2024-2025,XVFC/2024-25/P/24,2025-02-19,57312.0
2971,3102.0,116438,2024-2025,XVFC/2024-25/P/25,2025-02-19,29964.0
2971,3103.0,116438,2024-2025,XVFC/2024-25/P/26,2025-02-19,2541.0
2972,2814.0,116438,2025-2026,XVFC/2025-26/P/4,2025-05-22,315000.0
2972,2816.0,116438,2025-2026,XVFC/2025-26/P/5,2025-05-31,23196.0
2973,3090.0,116438,2024-2025,5THSFC/2024-25/P/21,2025-02-07,135000.0
2973,3106.0,116438,2024-2025,5THSFC/2024-25/P/25,2025-02-25,8495.0
2974,2833.0,116438,2025-2026,5THSFC/2025-26/P/7,2025-06-23,381909.0
2977,2863.0,116438,2025-2026,XVFC/2025-26/P/22,2025-07-31,90000.0
3199,2881.0,116438,2025-2026,XVFC/2025-26/P/36,2026-03-27,31537.0
3199,2882.0,116438,2025-2026,XVFC/2025-26/P/37,2026-03-27,27486.0
3200,2875.0,116438,2025-2026,XVFC/2025-26/P/32,2026-01-29,96851.0
3200,2876.0,116438,2025-2026,XVFC/2025-26/P/33,2026-01-29,17090.0
3200,2877.0,116438,2025-2026,XVFC/2025-26/P/34,2026-01-29,12933.0
3200,2887.0,116438,2025-2026,XVFC/2025-26/P/40,2026-03-28,16529.0
3200,2888.0,116438,2025-2026,XVFC/2025-26/P/41,2026-03-28,6366.0
3215,2878.0,116438,2025-2026,XVFC/2025-26/P/35,2026-02-07,13000.0
3215,2878.0,116438,2025-2026,XVFC/2025-26/P/35,2026-02-07,26000.0
3216,2885.0,116438,2025-2026,XVFC/2025-26/P/38,2026-03-28,158927.0
3217,4874.0,117951,2020-2021,XVFC/2020-21/P/1,2021-02-03,95430.0
3219,4880.0,117951,2020-2021,XVFC/2020-21/P/5,2021-03-01,169425.0
3221,4770.0,117951,2021-2022,XVFC/2021-22/P/1,2021-05-18,106561.0
3221,4776.0,117951,2021-2022,XVFC/2021-22/P/3,2021-08-25,442.0
3221,4776.0,117951,2021-2022,XVFC/2021-22/P/3,2021-08-25,900.0
3221,4776.0,117951,2021-2022,XVFC/2021-22/P/3,2021-08-25,85837.0
3221,4700.0,117951,2022-2023,XVFC/2022-23/P/8,2022-12-14,100.0
3221,4700.0,117951,2022-2023,XVFC/2022-23/P/8,2022-12-14,9600.0
3222,4883.0,117951,2020-2021,5THSFC/2020-21/P/3,2021-03-04,53235.0
3223,4892.0,117951,2020-2021,XVFC/2020-21/P/6,2021-03-08,191412.0
3224,4877.0,117951,2020-2021,5THSFC/2020-21/P/1,2021-02-12,204850.0
3225,4879.0,117951,2020-2021,5THSFC/2020-21/P/2,2021-02-23,142740.0
3226,4878.0,117951,2020-2021,XVFC/2020-21/P/4,2021-02-12,115549.0
3227,4767.0,117951,2021-2022,5THSFC/2021-22/P/2,2021-05-07,1500.0
3227,4767.0,117951,2021-2022,5THSFC/2021-22/P/2,2021-05-07,4858.0
3227,4767.0,117951,2021-2022,5THSFC/2021-22/P/2,2021-05-07,138496.0
3228,4794.0,117951,2021-2022,XVFC/2021-22/P/5,2021-10-05,157145.0
3236,4698.0,117951,2022-2023,5THSFC/2022-23/P/4,2022-12-09,1900.0
3236,4698.0,117951,2022-2023,5THSFC/2022-23/P/4,2022-12-09,182400.0
3237,4796.0,117951,2021-2022,XVFC/2021-22/P/7,2022-02-01,1000.0
3237,4796.0,117951,2021-2022,XVFC/2021-22/P/7,2022-02-01,96000.0
3238,4875.0,117951,2020-2021,XVFC/2020-21/P/2,2021-02-03,92285.0
3240,4876.0,117951,2020-2021,XVFC/2020-21/P/3,2021-02-03,95529.0
3241,4893.0,117951,2020-2021,XVFC/2020-21/P/7,2021-03-22,119697.0
3242,4766.0,117951,2021-2022,5THSFC/2021-22/P/1,2021-05-01,30000.0
3242,4777.0,117951,2021-2022,5THSFC/2021-22/P/3,2021-08-26,20000.0
3244,4774.0,117951,2021-2022,XVFC/2021-22/P/2,2021-07-15,944.0
3244,4774.0,117951,2021-2022,XVFC/2021-22/P/2,2021-07-15,91557.0
3245,4793.0,117951,2021-2022,XVFC/2021-22/P/4,2021-09-30,4100.0
3245,4793.0,117951,2021-2022,XVFC/2021-22/P/4,2021-09-30,393600.0
3247,4694.0,117951,2022-2023,XVFC/2022-23/P/7,2022-12-06,82400.0
3247,4714.0,117951,2022-2023,XVFC/2022-23/P/22,2023-02-20,17600.0
3252,4713.0,117951,2022-2023,XVFC/2022-23/P/21,2023-02-20,100000.0
3253,4797.0,117951,2021-2022,XVFC/2021-22/P/8,2022-02-01,212.0
3253,4797.0,117951,2021-2022,XVFC/2021-22/P/8,2022-02-01,3406.0
3253,4797.0,117951,2021-2022,XVFC/2021-22/P/8,2022-02-01,330031.0
3253,4614.0,117951,2023-2024,XVFC/2023-24/P/4,2023-10-20,2496.0
3253,4614.0,117951,2023-2024,XVFC/2023-24/P/4,2023-10-20,2834.0
3253,4614.0,117951,2023-2024,XVFC/2023-24/P/4,2023-10-20,242878.0
3255,4685.0,117951,2022-2023,XVFC/2022-23/P/1,2022-06-09,28.0
3255,4685.0,117951,2022-2023,XVFC/2022-23/P/1,2022-06-09,2766.0
3255,4685.0,117951,2022-2023,XVFC/2022-23/P/1,2022-06-09,268249.0
3256,4684.0,117951,2022-2023,5THSFC/2022-23/P/1,2022-06-09,1166.0
3256,4684.0,117951,2022-2023,5THSFC/2022-23/P/1,2022-06-09,2140.0
3256,4684.0,117951,2022-2023,5THSFC/2022-23/P/1,2022-06-09,206229.0
3257,4686.0,117951,2022-2023,XVFC/2022-23/P/2,2022-06-09,1353.0
3257,4686.0,117951,2022-2023,XVFC/2022-23/P/2,2022-06-09,2821.0
3257,4686.0,117951,2022-2023,XVFC/2022-23/P/2,2022-06-09,272046.0
3258,4795.0,117951,2021-2022,XVFC/2021-22/P/6,2022-01-31,500.0
3258,4795.0,117951,2021-2022,XVFC/2021-22/P/6,2022-01-31,48000.0
3258,4691.0,117951,2022-2023,XVFC/2022-23/P/4,2022-11-11,30000.0
3258,4708.0,117951,2022-2023,XVFC/2022-23/P/16,2023-01-20,50000.0
3258,4623.0,117951,2023-2024,XVFC/2023-24/P/11,2024-03-16,12980.0
3259,4689.0,117951,2022-2023,5THSFC/2022-23/P/3,2022-10-28,867.0
3259,4689.0,117951,2022-2023,5THSFC/2022-23/P/3,2022-10-28,1773.0
3259,4689.0,117951,2022-2023,5THSFC/2022-23/P/3,2022-10-28,173883.0
3260,4688.0,117951,2022-2023,5THSFC/2022-23/P/2,2022-10-28,201.0
3260,4688.0,117951,2022-2023,5THSFC/2022-23/P/2,2022-10-28,2000.0
3260,4688.0,117951,2022-2023,5THSFC/2022-23/P/2,2022-10-28,191740.0
3261,4260.0,117951,2025-2026,5THSFC/2025-26/P/20,2026-01-08,1880.0
3261,4260.0,117951,2025-2026,5THSFC/2025-26/P/20,2026-01-08,182740.0
3266,4693.0,117951,2022-2023,XVFC/2022-23/P/6,2022-11-28,558717.0
3267,4710.0,117951,2022-2023,XVFC/2022-23/P/19,2023-02-15,677.0
3267,4710.0,117951,2022-2023,XVFC/2022-23/P/19,2023-02-15,1079.0
3267,4710.0,117951,2022-2023,XVFC/2022-23/P/19,2023-02-15,102814.0
3267,4616.0,117951,2023-2024,XVFC/2023-24/P/6,2024-01-30,850.0
3267,4616.0,117951,2023-2024,XVFC/2023-24/P/6,2024-01-30,81668.0
3268,4709.0,117951,2022-2023,5THSFC/2022-23/P/5,2023-02-07,18.0
3268,4709.0,117951,2022-2023,5THSFC/2022-23/P/5,2023-02-07,547.0
3268,4709.0,117951,2022-2023,5THSFC/2022-23/P/5,2023-02-07,52514.0
3268,4612.0,117951,2023-2024,5THSFC/2023-24/P/2,2023-09-18,1055.0
3268,4612.0,117951,2023-2024,5THSFC/2023-24/P/2,2023-09-18,101321.0
3269,4707.0,117951,2022-2023,XVFC/2022-23/P/15,2023-01-20,200000.0
3274,4690.0,117951,2022-2023,XVFC/2022-23/P/3,2022-10-29,63322.0
3274,4646.0,117951,2023-2024,XVFC/2023-24/P/13,2024-03-29,113694.0
3274,4514.0,117951,2024-2025,XVFC/2024-25/P/42,2025-03-27,5525.0
3275,4717.0,117951,2022-2023,XVFC/2022-23/P/23,2023-02-23,1409.0
3275,4717.0,117951,2022-2023,XVFC/2022-23/P/23,2023-02-23,18016.0
3275,4611.0,117951,2023-2024,XVFC/2023-24/P/2,2023-08-04,21300.0
3276,4692.0,117951,2022-2023,XVFC/2022-23/P/5,2022-11-25,56805.0
3276,4647.0,117951,2023-2024,XVFC/2023-24/P/14,2024-03-29,43195.0
3277,4712.0,117951,2022-2023,XVFC/2022-23/P/20,2023-02-20,3213.0
3277,4712.0,117951,2022-2023,XVFC/2022-23/P/20,2023-02-20,311750.0
3278,4711.0,117951,2022-2023,5THSFC/2022-23/P/6,2023-02-20,4538.0
3278,4711.0,117951,2022-2023,5THSFC/2022-23/P/6,2023-02-20,440195.0
3279,4604.0,117951,2023-2024,XVFC/2023-24/P/1,2023-07-07,178000.0
3280,4610.0,117951,2023-2024,5THSFC/2023-24/P/1,2023-08-04,920.0
3280,4610.0,117951,2023-2024,5THSFC/2023-24/P/1,2023-08-04,1492.0
3280,4610.0,117951,2023-2024,5THSFC/2023-24/P/1,2023-08-04,142185.0
3280,4484.0,117951,2024-2025,5THSFC/2024-25/P/3,2025-02-01,98.0
3280,4484.0,117951,2024-2025,5THSFC/2024-25/P/3,2025-02-01,521.0
3280,4484.0,117951,2024-2025,5THSFC/2024-25/P/3,2025-02-01,49061.0
3281,4613.0,117951,2023-2024,XVFC/2023-24/P/3,2023-09-22,34000.0
3281,4472.0,117951,2024-2025,XVFC/2024-25/P/4,2024-07-30,29500.0
3281,4483.0,117951,2024-2025,XVFC/2024-25/P/13,2025-01-24,19500.0
3281,4389.0,117951,2025-2026,XVFC/2025-26/P/38,2026-03-23,3000.0
3282,4615.0,117951,2023-2024,XVFC/2023-24/P/5,2024-01-19,159.0
3282,4615.0,117951,2023-2024,XVFC/2023-24/P/5,2024-01-19,1235.0
3282,4615.0,117951,2023-2024,XVFC/2023-24/P/5,2024-01-19,118310.0
3282,4469.0,117951,2024-2025,XVFC/2024-25/P/1,2024-06-13,24500.0
3283,4624.0,117951,2023-2024,XVFC/2023-24/P/12,2024-03-21,621.0
3283,4624.0,117951,2023-2024,XVFC/2023-24/P/12,2024-03-21,61479.0
3283,4221.0,117951,2025-2026,XVFC/2025-26/P/4,2025-05-05,450.0
3283,4221.0,117951,2025-2026,XVFC/2025-26/P/4,2025-05-05,42879.0
3283,4267.0,117951,2025-2026,XVFC/2025-26/P/31,2026-02-03,310.0
3283,4267.0,117951,2025-2026,XVFC/2025-26/P/31,2026-02-03,30984.0
3283,,117951,2026-2027,XVFC/2026-27/P/6,2026-06-02,540.0
3283,,117951,2026-2027,XVFC/2026-27/P/6,2026-06-02,12128.0
3283,,117951,2026-2027,XVFC/2026-27/P/6,2026-06-02,39427.0
3284,4648.0,117951,2023-2024,XVFC/2023-24/P/15,2024-03-29,365.0
3284,4648.0,117951,2023-2024,XVFC/2023-24/P/15,2024-03-29,45983.0
3285,4228.0,117951,2025-2026,XVFC/2025-26/P/7,2025-05-21,2000.0
3285,4228.0,117951,2025-2026,XVFC/2025-26/P/7,2025-05-21,12908.0
3285,4228.0,117951,2025-2026,XVFC/2025-26/P/7,2025-05-21,182185.0
3319,4473.0,117951,2024-2025,5THSFC/2024-25/P/1,2024-08-06,2000.0
3319,4485.0,117951,2024-2025,5THSFC/2024-25/P/4,2025-02-01,129.0
3319,4485.0,117951,2024-2025,5THSFC/2024-25/P/4,2025-02-01,1491.0
3319,4485.0,117951,2024-2025,5THSFC/2024-25/P/4,2025-02-01,145944.0
3319,4230.0,117951,2025-2026,5THSFC/2025-26/P/7,2025-07-05,45387.0
3319,4236.0,117951,2025-2026,5THSFC/2025-26/P/8,2025-08-02,500.0
3319,4236.0,117951,2025-2026,5THSFC/2025-26/P/8,2025-08-02,2875.0
3322,4273.0,117951,2025-2026,5THSFC/2025-26/P/24,2026-02-19,142801.0
3322,4278.0,117951,2025-2026,5THSFC/2025-26/P/27,2026-03-23,1451.0
3322,4278.0,117951,2025-2026,5THSFC/2025-26/P/27,2026-03-23,1480.0
3323,4235.0,117951,2025-2026,XVFC/2025-26/P/9,2025-07-05,175583.0
3323,4237.0,117951,2025-2026,XVFC/2025-26/P/14,2025-08-02,1950.0
3323,4237.0,117951,2025-2026,XVFC/2025-26/P/14,2025-08-02,5028.0
3323,4237.0,117951,2025-2026,XVFC/2025-26/P/14,2025-08-02,10121.0
3479,4247.0,117951,2025-2026,5THSFC/2025-26/P/13,2025-10-06,90000.0
3479,4255.0,117951,2025-2026,5THSFC/2025-26/P/19,2025-12-09,1000.0
3479,4255.0,117951,2025-2026,5THSFC/2025-26/P/19,2025-12-09,8000.0
3480,4474.0,117951,2024-2025,XVFC/2024-25/P/5,2024-10-05,90000.0
3480,4475.0,117951,2024-2025,XVFC/2024-25/P/6,2024-10-18,1000.0
3480,4475.0,117951,2024-2025,XVFC/2024-25/P/6,2024-10-18,1827.0
3480,4475.0,117951,2024-2025,XVFC/2024-25/P/6,2024-10-18,1872.0
3482,4470.0,117951,2024-2025,XVFC/2024-25/P/2,2024-06-26,10800.0
3482,4471.0,117951,2024-2025,XVFC/2024-25/P/3,2024-07-20,1200.0
3483,4244.0,117951,2025-2026,XVFC/2025-26/P/19,2025-09-04,65951.0
3483,4249.0,117951,2025-2026,XVFC/2025-26/P/20,2025-10-06,730.0
3483,4249.0,117951,2025-2026,XVFC/2025-26/P/20,2025-10-06,1935.0
3483,4249.0,117951,2025-2026,XVFC/2025-26/P/20,2025-10-06,3709.0
3484,4617.0,117951,2023-2024,XVFC/2023-24/P/7,2024-02-23,63000.0
3484,4620.0,117951,2023-2024,XVFC/2023-24/P/9,2024-02-28,700.0
3484,4620.0,117951,2023-2024,XVFC/2023-24/P/9,2024-02-28,2800.0
3485,4618.0,117951,2023-2024,XVFC/2023-24/P/8,2024-02-23,45000.0
3485,4619.0,117951,2023-2024,XVFC/2023-24/P/10,2024-02-28,500.0
3485,4619.0,117951,2023-2024,XVFC/2023-24/P/10,2024-02-28,2000.0
3486,4486.0,117951,2024-2025,XVFC/2024-25/P/14,2025-02-01,270000.0
3486,4498.0,117951,2024-2025,XVFC/2024-25/P/26,2025-02-24,131.0
3486,4498.0,117951,2024-2025,XVFC/2024-25/P/26,2025-02-24,3000.0
3486,4498.0,117951,2024-2025,XVFC/2024-25/P/26,2025-02-24,14603.0
3487,4574.0,117951,2024-2025,XVFC/2024-25/P/43,2025-03-29,45000.0
3488,4262.0,117951,2025-2026,XVFC/2025-26/P/27,2026-01-19,180000.0
3488,4266.0,117951,2025-2026,XVFC/2025-26/P/30,2026-02-03,2000.0
3488,4266.0,117951,2025-2026,XVFC/2025-26/P/30,2026-02-03,6646.0
3488,4266.0,117951,2025-2026,XVFC/2025-26/P/30,2026-02-03,6936.0
3489,4219.0,117951,2025-2026,XVFC/2025-26/P/2,2025-05-05,63000.0
3489,4227.0,117951,2025-2026,XVFC/2025-26/P/6,2025-05-12,700.0
3489,4227.0,117951,2025-2026,XVFC/2025-26/P/6,2025-05-12,1542.0
3489,4227.0,117951,2025-2026,XVFC/2025-26/P/6,2025-05-12,3877.0
3490,4217.0,117951,2025-2026,5THSFC/2025-26/P/2,2025-05-05,134991.0
3490,4224.0,117951,2025-2026,5THSFC/2025-26/P/5,2025-05-12,1063.0
3490,4224.0,117951,2025-2026,5THSFC/2025-26/P/5,2025-05-12,1400.0
3491,4220.0,117951,2025-2026,XVFC/2025-26/P/3,2025-05-05,67500.0
3491,4226.0,117951,2025-2026,XVFC/2025-26/P/5,2025-05-12,396.0
3491,4226.0,117951,2025-2026,XVFC/2025-26/P/5,2025-05-12,750.0
3491,4226.0,117951,2025-2026,XVFC/2025-26/P/5,2025-05-12,5536.0
3492,4222.0,117951,2025-2026,5THSFC/2025-26/P/3,2025-05-09,93325.0
3492,4223.0,117951,2025-2026,5THSFC/2025-26/P/4,2025-05-12,542.0
3492,4223.0,117951,2025-2026,5THSFC/2025-26/P/4,2025-05-12,1040.0
3492,4223.0,117951,2025-2026,5THSFC/2025-26/P/4,2025-05-12,7670.0
3493,,117951,2026-2027,XVFC/2026-27/P/2,2026-05-07,1200.0
3493,,117951,2026-2027,XVFC/2026-27/P/2,2026-05-07,11325.0
3493,,117951,2026-2027,XVFC/2026-27/P/2,2026-05-07,105470.0
3494,4390.0,117951,2025-2026,XVFC/2025-26/P/39,2026-03-23,42500.0
3497,,117951,2026-2027,XVFC/2026-27/P/1,2026-05-07,63000.0
3497,,117951,2026-2027,XVFC/2026-27/P/5,2026-05-26,700.0
3497,,117951,2026-2027,XVFC/2026-27/P/5,2026-05-26,2149.0
3497,,117951,2026-2027,XVFC/2026-27/P/5,2026-05-26,2651.0
3516,4245.0,117951,2025-2026,5THSFC/2025-26/P/11,2025-09-09,135000.0
3516,4246.0,117951,2025-2026,5THSFC/2025-26/P/12,2025-10-06,1500.0
3516,4246.0,117951,2025-2026,5THSFC/2025-26/P/12,2025-10-06,12000.0
3563,4232.0,117951,2025-2026,XVFC/2025-26/P/11,2025-07-05,83809.0
3563,4240.0,117951,2025-2026,XVFC/2025-26/P/17,2025-08-02,1000.0
3563,4240.0,117951,2025-2026,XVFC/2025-26/P/17,2025-08-02,13586.0
3580,4575.0,117951,2024-2025,XVFC/2024-25/P/44,2025-03-29,56700.0
3581,4233.0,117951,2025-2026,XVFC/2025-26/P/12,2025-07-05,60406.0
3581,4241.0,117951,2025-2026,XVFC/2025-26/P/18,2025-08-02,671.0
3581,4241.0,117951,2025-2026,XVFC/2025-26/P/18,2025-08-02,6041.0
3582,,117951,2026-2027,XVFC/2026-27/P/8,2026-06-09,127189.0
3582,,117951,2026-2027,XVFC/2026-27/P/10,2026-07-10,2000.0
3582,,117951,2026-2027,XVFC/2026-27/P/10,2026-07-10,11403.0
3582,,117951,2026-2027,XVFC/2026-27/P/10,2026-07-10,54730.0
3583,4476.0,117951,2024-2025,XVFC/2024-25/P/7,2024-12-27,30791.0
3583,4477.0,117951,2024-2025,XVFC/2024-25/P/8,2024-12-27,46536.0
3583,4487.0,117951,2024-2025,XVFC/2024-25/P/15,2025-02-24,10333.0
3583,4488.0,117951,2024-2025,XVFC/2024-25/P/16,2025-02-24,35333.0
3583,4489.0,117951,2024-2025,XVFC/2024-25/P/17,2025-02-24,8750.0
3583,4490.0,117951,2024-2025,XVFC/2024-25/P/18,2025-02-24,5163.0
3583,4491.0,117951,2024-2025,XVFC/2024-25/P/19,2025-02-24,3347.0
3583,4492.0,117951,2024-2025,XVFC/2024-25/P/20,2025-02-24,10348.0
3583,4493.0,117951,2024-2025,XVFC/2024-25/P/21,2025-02-24,52877.0
3583,4494.0,117951,2024-2025,XVFC/2024-25/P/22,2025-02-24,7757.0
3583,4495.0,117951,2024-2025,XVFC/2024-25/P/23,2025-02-24,5962.0
3583,4496.0,117951,2024-2025,XVFC/2024-25/P/24,2025-02-24,278.0
3583,4497.0,117951,2024-2025,XVFC/2024-25/P/25,2025-02-24,5108.0
3583,4499.0,117951,2024-2025,XVFC/2024-25/P/27,2025-03-13,1034.0
3583,4500.0,117951,2024-2025,XVFC/2024-25/P/28,2025-03-13,5084.0
3583,4501.0,117951,2024-2025,XVFC/2024-25/P/29,2025-03-13,6300.0
3583,4502.0,117951,2024-2025,XVFC/2024-25/P/30,2025-03-13,13839.0
3583,4503.0,117951,2024-2025,XVFC/2024-25/P/31,2025-03-13,708.0
3583,4504.0,117951,2024-2025,XVFC/2024-25/P/32,2025-03-13,21401.0
3583,4505.0,117951,2024-2025,XVFC/2024-25/P/33,2025-03-13,3131.0
3583,4506.0,117951,2024-2025,XVFC/2024-25/P/34,2025-03-13,727.0
3583,4507.0,117951,2024-2025,XVFC/2024-25/P/35,2025-03-13,785.0
3583,4508.0,117951,2024-2025,XVFC/2024-25/P/36,2025-03-13,240.0
3583,4509.0,117951,2024-2025,XVFC/2024-25/P/37,2025-03-13,1403.0
3583,4510.0,117951,2024-2025,XVFC/2024-25/P/38,2025-03-13,21401.0
3583,4511.0,117951,2024-2025,XVFC/2024-25/P/39,2025-03-13,29027.0
3583,4512.0,117951,2024-2025,XVFC/2024-25/P/40,2025-03-13,745.0
3583,4513.0,117951,2024-2025,XVFC/2024-25/P/41,2025-03-27,1592.0
3591,4479.0,117951,2024-2025,XVFC/2024-25/P/9,2025-01-14,27000.0
3591,4481.0,117951,2024-2025,XVFC/2024-25/P/11,2025-01-24,200.0
3591,4481.0,117951,2024-2025,XVFC/2024-25/P/11,2025-01-24,300.0
3591,4481.0,117951,2024-2025,XVFC/2024-25/P/11,2025-01-24,1490.0
3592,4478.0,117951,2024-2025,XVFC/2024-25/P/10,2025-01-14,45000.0
3592,4482.0,117951,2024-2025,XVFC/2024-25/P/12,2025-01-24,500.0
3592,4482.0,117951,2024-2025,XVFC/2024-25/P/12,2025-01-24,3000.0
3593,4576.0,117951,2024-2025,XVFC/2024-25/P/45,2025-03-29,90000.0
3594,4515.0,117951,2024-2025,5THSFC/2024-25/P/5,2025-03-29,135000.0
3595,4250.0,117951,2025-2026,XVFC/2025-26/P/21,2025-10-06,90000.0
3595,4256.0,117951,2025-2026,XVFC/2025-26/P/22,2025-12-09,1000.0
3595,4256.0,117951,2025-2026,XVFC/2025-26/P/22,2025-12-09,2601.0
3595,4256.0,117951,2025-2026,XVFC/2025-26/P/22,2025-12-09,4433.0
3596,4258.0,117951,2025-2026,XVFC/2025-26/P/24,2025-12-17,190000.0
3597,4252.0,117951,2025-2026,5THSFC/2025-26/P/16,2025-10-08,103302.0
3597,4254.0,117951,2025-2026,5THSFC/2025-26/P/18,2025-12-09,1150.0
3597,4254.0,117951,2025-2026,5THSFC/2025-26/P/18,2025-12-09,2329.0
3597,4254.0,117951,2025-2026,5THSFC/2025-26/P/18,2025-12-09,6737.0
3598,4251.0,117951,2025-2026,5THSFC/2025-26/P/15,2025-10-08,90000.0
3598,4253.0,117951,2025-2026,5THSFC/2025-26/P/17,2025-12-09,1000.0
3598,4253.0,117951,2025-2026,5THSFC/2025-26/P/17,2025-12-09,1634.0
3598,4253.0,117951,2025-2026,5THSFC/2025-26/P/17,2025-12-09,6246.0
3599,4263.0,117951,2025-2026,XVFC/2025-26/P/28,2026-01-29,90012.0
3600,4218.0,117951,2025-2026,XVFC/2025-26/P/1,2025-05-05,135000.0
3600,4229.0,117951,2025-2026,XVFC/2025-26/P/8,2025-05-21,1500.0
3600,4229.0,117951,2025-2026,XVFC/2025-26/P/8,2025-05-21,2547.0
3600,4229.0,117951,2025-2026,XVFC/2025-26/P/8,2025-05-21,9277.0
3601,4234.0,117951,2025-2026,XVFC/2025-26/P/13,2025-07-05,90000.0
3601,4239.0,117951,2025-2026,XVFC/2025-26/P/16,2025-08-02,1000.0
3601,4239.0,117951,2025-2026,XVFC/2025-26/P/16,2025-08-02,2804.0
3601,4239.0,117951,2025-2026,XVFC/2025-26/P/16,2025-08-02,4872.0
3602,4231.0,117951,2025-2026,XVFC/2025-26/P/10,2025-07-05,36000.0
3602,4238.0,117951,2025-2026,XVFC/2025-26/P/15,2025-08-02,400.0
3602,4238.0,117951,2025-2026,XVFC/2025-26/P/15,2025-08-02,2800.0
3603,4216.0,117951,2025-2026,5THSFC/2025-26/P/1,2025-05-05,90000.0
3603,4225.0,117951,2025-2026,5THSFC/2025-26/P/6,2025-05-12,135.0
3603,4225.0,117951,2025-2026,5THSFC/2025-26/P/6,2025-05-12,1000.0
3603,4225.0,117951,2025-2026,5THSFC/2025-26/P/6,2025-05-12,7633.0
3605,,117951,2026-2027,XVFC/2026-27/P/9,2026-06-13,28000.0
3608,4272.0,117951,2025-2026,XVFC/2025-26/P/35,2026-02-14,350.0
3608,4272.0,117951,2025-2026,XVFC/2025-26/P/35,2026-02-14,1219.0
3608,4272.0,117951,2025-2026,XVFC/2025-26/P/35,2026-02-14,32376.0
3643,,117951,2026-2027,XVFC/2026-27/P/3,2026-05-15,30962.0
3645,4257.0,117951,2025-2026,XVFC/2025-26/P/23,2025-12-09,89063.0
3645,4261.0,117951,2025-2026,XVFC/2025-26/P/26,2026-01-19,47270.0
3645,4271.0,117951,2025-2026,XVFC/2025-26/P/34,2026-02-14,51161.0
3645,4275.0,117951,2025-2026,XVFC/2025-26/P/37,2026-03-11,109191.0
3645,,117951,2026-2027,XVFC/2026-27/P/4,2026-05-20,26838.0
3646,4259.0,117951,2025-2026,XVFC/2025-26/P/25,2025-12-17,444423.0
3647,4274.0,117951,2025-2026,XVFC/2025-26/P/36,2026-02-20,36000.0
3647,4393.0,117951,2025-2026,XVFC/2025-26/P/42,2026-03-23,400.0
3647,4393.0,117951,2025-2026,XVFC/2025-26/P/42,2026-03-23,2800.0
3652,4270.0,117951,2025-2026,5THSFC/2025-26/P/23,2026-02-14,85157.0
3652,4279.0,117951,2025-2026,5THSFC/2025-26/P/28,2026-03-23,1000.0
3652,4279.0,117951,2025-2026,5THSFC/2025-26/P/28,2026-03-23,11279.0
3656,4269.0,117951,2025-2026,5THSFC/2025-26/P/22,2026-02-07,180000.0
3656,4277.0,117951,2025-2026,5THSFC/2025-26/P/26,2026-03-23,2000.0
3656,4277.0,117951,2025-2026,5THSFC/2025-26/P/26,2026-03-23,6326.0
3656,4277.0,117951,2025-2026,5THSFC/2025-26/P/26,2026-03-23,7237.0
3696,4268.0,117951,2025-2026,XVFC/2025-26/P/33,2026-02-03,130341.0
3696,4391.0,117951,2025-2026,XVFC/2025-26/P/40,2026-03-23,1448.0
3696,4391.0,117951,2025-2026,XVFC/2025-26/P/40,2026-03-23,1746.0
3696,4391.0,117951,2025-2026,XVFC/2025-26/P/40,2026-03-23,7997.0
3742,4265.0,117951,2025-2026,5THSFC/2025-26/P/21,2026-02-03,180000.0
3742,4276.0,117951,2025-2026,5THSFC/2025-26/P/25,2026-03-23,8.0
3742,4276.0,117951,2025-2026,5THSFC/2025-26/P/25,2026-03-23,2000.0
3742,4276.0,117951,2025-2026,5THSFC/2025-26/P/25,2026-03-23,13316.0
3751,,117951,2026-2027,XVFC/2026-27/P/12,2026-07-22,45000.0
3752,,117951,2026-2027,XVFC/2026-27/P/13,2026-07-22,5553.0
3755,4264.0,117951,2025-2026,XVFC/2025-26/P/29,2026-02-01,135000.0
3755,4392.0,117951,2025-2026,XVFC/2025-26/P/41,2026-03-23,1500.0
3755,4392.0,117951,2025-2026,XVFC/2025-26/P/41,2026-03-23,10500.0
3756,,117951,2026-2027,XVFC/2026-27/P/7,2026-06-02,135000.0
3756,,117951,2026-2027,XVFC/2026-27/P/11,2026-07-10,484.0
3756,,117951,2026-2027,XVFC/2026-27/P/11,2026-07-10,1500.0
3756,,117951,2026-2027,XVFC/2026-27/P/11,2026-07-10,9974.0
3757,5254.0,119717,2020-2021,XVFC/2020-21/P/1,2021-01-12,116016.0
3759,5157.0,119717,2021-2022,XVFC/2021-22/P/12,2021-08-07,50000.0
3761,5138.0,119717,2021-2022,XVFC/2021-22/P/3,2021-05-20,187629.0
3762,5264.0,119717,2020-2021,XVFC/2020-21/P/11,2021-02-03,187727.0
3763,5160.0,119717,2021-2022,XVFC/2021-22/P/14,2021-08-17,185889.0
3764,5063.0,119717,2022-2023,XVFC/2022-23/P/4,2022-04-07,100000.0
3765,5060.0,119717,2022-2023,XVFC/2022-23/P/1,2022-04-07,100000.0
3766,5061.0,119717,2022-2023,XVFC/2022-23/P/2,2022-04-07,100000.0
3767,5171.0,119717,2021-2022,5THSFC/2021-22/P/17,2022-02-19,227037.0
3767,5068.0,119717,2022-2023,5THSFC/2022-23/P/2,2022-05-12,156312.0
3767,5074.0,119717,2022-2023,5THSFC/2022-23/P/6,2022-07-18,1440.0
3767,5074.0,119717,2022-2023,5THSFC/2022-23/P/6,2022-07-18,1765.0
3769,5275.0,119717,2020-2021,XVFC/2020-21/P/20,2021-03-18,185870.0
3770,5158.0,119717,2021-2022,XVFC/2021-22/P/13,2021-08-12,277230.0
3771,5149.0,119717,2021-2022,XVFC/2021-22/P/4,2021-07-19,6000.0
3771,5150.0,119717,2021-2022,XVFC/2021-22/P/5,2021-07-19,6000.0
3771,5151.0,119717,2021-2022,XVFC/2021-22/P/6,2021-07-19,6000.0
3771,5152.0,119717,2021-2022,XVFC/2021-22/P/7,2021-07-19,6000.0
3771,5153.0,119717,2021-2022,XVFC/2021-22/P/8,2021-07-19,6000.0
3771,5154.0,119717,2021-2022,XVFC/2021-22/P/9,2021-07-19,6000.0
3771,5147.0,119717,2021-2022,XVFC/2021-22/P/10,2021-07-19,6000.0
3771,5148.0,119717,2021-2022,XVFC/2021-22/P/11,2021-07-19,6000.0
3771,4944.0,119717,2025-2026,XVFC/2025-26/P/26,2026-02-28,45500.0
3771,,119717,2026-2027,XVFC/2026-27/P/2,2026-04-19,45500.0
3772,5159.0,119717,2021-2022,5THSFC/2021-22/P/15,2021-08-17,92033.0
3774,5134.0,119717,2021-2022,XVFC/2021-22/P/1,2021-04-19,16228.0
3774,5135.0,119717,2021-2022,XVFC/2021-22/P/2,2021-04-19,5208.0
3774,5161.0,119717,2021-2022,XVFC/2021-22/P/15,2022-01-24,13885.0
3774,5161.0,119717,2021-2022,XVFC/2021-22/P/15,2022-01-24,13920.0
3774,5161.0,119717,2021-2022,XVFC/2021-22/P/15,2022-01-24,13924.0
3774,5161.0,119717,2021-2022,XVFC/2021-22/P/15,2022-01-24,18602.0
3774,5161.0,119717,2021-2022,XVFC/2021-22/P/15,2022-01-24,18603.0
3774,5161.0,119717,2021-2022,XVFC/2021-22/P/15,2022-01-24,18613.0
3774,5161.0,119717,2021-2022,XVFC/2021-22/P/15,2022-01-24,18922.0
3774,5092.0,119717,2022-2023,XVFC/2022-23/P/20,2022-12-03,18782.0
3774,5100.0,119717,2022-2023,XVFC/2022-23/P/25,2023-02-07,15473.0
3776,5065.0,119717,2022-2023,5THSFC/2022-23/P/1,2022-04-09,203869.0
3776,5073.0,119717,2022-2023,5THSFC/2022-23/P/5,2022-07-18,866.0
3776,5073.0,119717,2022-2023,5THSFC/2022-23/P/5,2022-07-18,2000.0
3778,5021.0,119717,2023-2024,XVFC/2023-24/P/5,2023-07-15,97129.0
3779,5265.0,119717,2020-2021,5THSFC/2020-21/P/1,2021-02-05,95804.0
3780,5263.0,119717,2020-2021,XVFC/2020-21/P/10,2021-02-03,279322.0
3782,5166.0,119717,2021-2022,XVFC/2021-22/P/19,2022-02-11,97000.0
3783,5156.0,119717,2021-2022,5THSFC/2021-22/P/14,2021-08-03,98282.0
3784,5266.0,119717,2020-2021,5THSFC/2020-21/P/2,2021-03-18,92860.0
3785,5162.0,119717,2021-2022,XVFC/2021-22/P/16,2022-01-27,6000.0
3785,5167.0,119717,2021-2022,XVFC/2021-22/P/20,2022-02-17,2000.0
3785,5067.0,119717,2022-2023,XVFC/2022-23/P/7,2022-04-09,28000.0
3786,5062.0,119717,2022-2023,XVFC/2022-23/P/3,2022-04-07,64428.0
3790,5076.0,119717,2022-2023,5THSFC/2022-23/P/7,2022-08-24,107725.0
3790,5020.0,119717,2023-2024,5THSFC/2023-24/P/3,2023-07-14,82290.0
3791,5165.0,119717,2021-2022,XVFC/2021-22/P/18,2022-02-07,150000.0
3791,5064.0,119717,2022-2023,XVFC/2022-23/P/5,2022-04-07,220000.0
3801,5169.0,119717,2021-2022,XVFC/2021-22/P/22,2022-02-18,330000.0
3802,5170.0,119717,2021-2022,XVFC/2021-22/P/23,2022-02-18,330000.0
3803,5093.0,119717,2022-2023,5THSFC/2022-23/P/14,2022-12-08,136241.0
3804,5069.0,119717,2022-2023,XVFC/2022-23/P/8,2022-05-12,138093.0
3805,5071.0,119717,2022-2023,5THSFC/2022-23/P/3,2022-07-16,26362.0
3806,5163.0,119717,2021-2022,XVFC/2021-22/P/17,2022-01-27,15000.0
3806,5163.0,119717,2021-2022,XVFC/2021-22/P/17,2022-01-27,30000.0
3806,5168.0,119717,2021-2022,XVFC/2021-22/P/21,2022-02-17,3000.0
3806,5168.0,119717,2021-2022,XVFC/2021-22/P/21,2022-02-17,6000.0
3806,5066.0,119717,2022-2023,XVFC/2022-23/P/6,2022-04-09,18000.0
3806,5070.0,119717,2022-2023,XVFC/2022-23/P/9,2022-07-11,50000.0
3806,5077.0,119717,2022-2023,XVFC/2022-23/P/11,2022-08-25,46000.0
3806,4945.0,119717,2025-2026,XVFC/2025-26/P/27,2026-02-28,22000.0
3807,5075.0,119717,2022-2023,XVFC/2022-23/P/10,2022-07-21,47937.0
3808,5072.0,119717,2022-2023,5THSFC/2022-23/P/4,2022-07-16,123095.0
3808,5084.0,119717,2022-2023,5THSFC/2022-23/P/9,2022-09-23,22972.0
3809,5085.0,119717,2022-2023,XVFC/2022-23/P/15,2022-10-03,104478.0
3826,5107.0,119717,2022-2023,XVFC/2022-23/P/31,2023-03-25,35000.0
3827,5017.0,119717,2023-2024,5THSFC/2023-24/P/1,2023-05-30,396109.0
3828,5164.0,119717,2021-2022,5THSFC/2021-22/P/16,2022-02-07,97000.0
3829,5105.0,119717,2022-2023,5THSFC/2022-23/P/17,2023-03-19,50000.0
3830,5101.0,119717,2022-2023,XVFC/2022-23/P/27,2023-02-23,99000.0
3831,5099.0,119717,2022-2023,5THSFC/2022-23/P/16,2023-02-07,438808.0
3831,5106.0,119717,2022-2023,5THSFC/2022-23/P/18,2023-03-25,61192.0
3832,5018.0,119717,2023-2024,5THSFC/2023-24/P/2,2023-06-30,121594.0
3833,5019.0,119717,2023-2024,XVFC/2023-24/P/4,2023-06-30,19647.0
3834,5080.0,119717,2022-2023,XVFC/2022-23/P/13,2022-09-21,18000.0
3834,5087.0,119717,2022-2023,XVFC/2022-23/P/17,2022-11-03,9000.0
3834,5094.0,119717,2022-2023,XVFC/2022-23/P/21,2022-12-21,9000.0
3834,5098.0,119717,2022-2023,XVFC/2022-23/P/24,2023-01-13,9000.0
3834,5103.0,119717,2022-2023,XVFC/2022-23/P/29,2023-03-05,6000.0
3834,5103.0,119717,2022-2023,XVFC/2022-23/P/29,2023-03-05,12000.0
3834,5014.0,119717,2023-2024,XVFC/2023-24/P/1,2023-04-12,3000.0
3834,5014.0,119717,2023-2024,XVFC/2023-24/P/1,2023-04-12,6000.0
3834,,119717,2026-2027,XVFC/2026-27/P/3,2026-04-19,22000.0
3834,,119717,2026-2027,XVFC/2026-27/P/33,2026-05-31,22000.0
3835,5081.0,119717,2022-2023,XVFC/2022-23/P/14,2022-09-21,28000.0
3835,5088.0,119717,2022-2023,XVFC/2022-23/P/18,2022-11-04,14000.0
3835,5095.0,119717,2022-2023,XVFC/2022-23/P/22,2022-12-21,14000.0
3835,5097.0,119717,2022-2023,XVFC/2022-23/P/23,2023-01-13,14000.0
3835,5104.0,119717,2022-2023,XVFC/2022-23/P/30,2023-03-05,4000.0
3835,5015.0,119717,2023-2024,XVFC/2023-24/P/2,2023-04-12,2000.0
3837,5091.0,119717,2022-2023,XVFC/2022-23/P/19,2022-11-14,54747.0
3840,5078.0,119717,2022-2023,XVFC/2022-23/P/12,2022-09-09,426469.0
3840,5111.0,119717,2022-2023,XVFC/2022-23/P/35,2023-03-25,73531.0
3841,5082.0,119717,2022-2023,5THSFC/2022-23/P/10,2022-09-23,50000.0
3841,5090.0,119717,2022-2023,5THSFC/2022-23/P/13,2022-11-14,58000.0
3841,5096.0,119717,2022-2023,5THSFC/2022-23/P/15,2023-01-11,20000.0
3842,5102.0,119717,2022-2023,XVFC/2022-23/P/28,2023-02-25,49500.0
3854,5108.0,119717,2022-2023,XVFC/2022-23/P/32,2023-03-25,100000.0
3855,5110.0,119717,2022-2023,XVFC/2022-23/P/34,2023-03-25,50000.0
3857,5109.0,119717,2022-2023,XVFC/2022-23/P/33,2023-03-25,100000.0
3858,5016.0,119717,2023-2024,XVFC/2023-24/P/3,2023-05-24,29396.0
3858,5039.0,119717,2023-2024,XVFC/2023-24/P/6,2024-01-03,14698.0
3858,,119717,2026-2027,XVFC/2026-27/P/5,2026-04-19,58800.0
3859,5079.0,119717,2022-2023,5THSFC/2022-23/P/8,2022-09-17,330.0
3859,5079.0,119717,2022-2023,5THSFC/2022-23/P/8,2022-09-17,450.0
3859,5079.0,119717,2022-2023,5THSFC/2022-23/P/8,2022-09-17,32670.0
3859,5079.0,119717,2022-2023,5THSFC/2022-23/P/8,2022-09-17,44550.0
3859,5083.0,119717,2022-2023,5THSFC/2022-23/P/11,2022-09-23,19886.0
3859,5089.0,119717,2022-2023,5THSFC/2022-23/P/12,2022-11-14,19560.0
3859,5030.0,119717,2023-2024,5THSFC/2023-24/P/12,2023-12-01,19600.0
3860,4979.0,119717,2024-2025,XVFC/2024-25/P/10,2024-11-16,20000.0
3862,5086.0,119717,2022-2023,XVFC/2022-23/P/16,2022-10-17,107749.0
3864,5031.0,119717,2023-2024,5THSFC/2023-24/P/13,2023-12-01,39600.0
3865,5032.0,119717,2023-2024,5THSFC/2023-24/P/14,2023-12-01,29306.0
3870,,119717,2026-2027,5THSFC/2026-27/P/7,2026-04-10,45000.0
3870,,119717,2026-2027,5THSFC/2026-27/P/16,2026-04-14,5000.0
3871,,119717,2026-2027,5THSFC/2026-27/P/10,2026-04-12,21100.0
3872,,119717,2026-2027,5THSFC/2026-27/P/9,2026-04-12,41000.0
3873,,119717,2026-2027,5THSFC/2026-27/P/8,2026-04-12,12000.0
4032,4992.0,119717,2024-2025,XVFC/2024-25/P/14,2025-01-08,105000.0
4053,4973.0,119717,2024-2025,XVFC/2024-25/P/2,2024-08-31,11000.0
4053,4974.0,119717,2024-2025,XVFC/2024-25/P/3,2024-08-31,11000.0
4053,4976.0,119717,2024-2025,XVFC/2024-25/P/5,2024-10-07,22000.0
4053,4977.0,119717,2024-2025,XVFC/2024-25/P/6,2024-10-08,68250.0
4053,4984.0,119717,2024-2025,XVFC/2024-25/P/13,2024-12-05,63750.0
4076,4972.0,119717,2024-2025,5THSFC/2024-25/P/11,2024-08-20,143170.0
4076,4986.0,119717,2024-2025,5THSFC/2024-25/P/13,2025-01-08,18614.0
4076,4987.0,119717,2024-2025,5THSFC/2024-25/P/14,2025-01-08,7914.0
4076,4988.0,119717,2024-2025,5THSFC/2024-25/P/15,2025-01-08,100000.0
4076,4989.0,119717,2024-2025,5THSFC/2024-25/P/16,2025-01-08,2489.0
4076,4990.0,119717,2024-2025,5THSFC/2024-25/P/17,2025-01-08,10567.0
4076,4991.0,119717,2024-2025,5THSFC/2024-25/P/18,2025-01-08,41407.0
4076,4993.0,119717,2024-2025,5THSFC/2024-25/P/19,2025-03-24,8671.0
4076,4994.0,119717,2024-2025,5THSFC/2024-25/P/20,2025-03-24,13412.0
4076,4995.0,119717,2024-2025,5THSFC/2024-25/P/21,2025-03-24,227959.0
4076,4996.0,119717,2024-2025,5THSFC/2024-25/P/22,2025-03-24,14422.0
4076,4997.0,119717,2024-2025,5THSFC/2024-25/P/23,2025-03-24,7954.0
4076,4998.0,119717,2024-2025,5THSFC/2024-25/P/24,2025-03-24,23847.0
4076,,119717,2026-2027,5THSFC/2026-27/P/1,2026-04-09,178326.0
4076,,119717,2026-2027,5THSFC/2026-27/P/2,2026-04-09,11167.0
4076,,119717,2026-2027,5THSFC/2026-27/P/3,2026-04-09,14721.0
4076,,119717,2026-2027,5THSFC/2026-27/P/4,2026-04-09,43165.0
4076,,119717,2026-2027,5THSFC/2026-27/P/5,2026-04-09,10729.0
4076,,119717,2026-2027,5THSFC/2026-27/P/6,2026-04-09,14334.0
4076,,119717,2026-2027,5THSFC/2026-27/P/18,2026-04-19,30376.0
4105,4982.0,119717,2024-2025,XVFC/2024-25/P/9,2024-11-16,20000.0
4126,4981.0,119717,2024-2025,XVFC/2024-25/P/8,2024-11-16,141498.0
4127,4983.0,119717,2024-2025,XVFC/2024-25/P/12,2024-11-30,87000.0
4128,4971.0,119717,2024-2025,XVFC/2024-25/P/1,2024-08-14,22750.0
4129,4975.0,119717,2024-2025,XVFC/2024-25/P/4,2024-09-20,211912.0
4129,4924.0,119717,2025-2026,XVFC/2025-26/P/13,2025-08-18,55096.0
4129,4943.0,119717,2025-2026,XVFC/2025-26/P/25,2026-02-28,62500.0
4130,4911.0,119717,2025-2026,XVFC/2025-26/P/5,2025-05-09,73058.0
4131,4912.0,119717,2025-2026,XVFC/2025-26/P/6,2025-05-09,23651.0
4131,4917.0,119717,2025-2026,XVFC/2025-26/P/9,2025-06-05,10781.0
4132,4978.0,119717,2024-2025,XVFC/2024-25/P/7,2024-10-19,18570.0
4132,4913.0,119717,2025-2026,XVFC/2025-26/P/7,2025-05-09,29296.0
4132,4925.0,119717,2025-2026,XVFC/2025-26/P/14,2025-08-18,14464.0
4133,4916.0,119717,2025-2026,XVFC/2025-26/P/8,2025-06-05,15000.0
4133,4918.0,119717,2025-2026,XVFC/2025-26/P/10,2025-06-23,15000.0
4133,4920.0,119717,2025-2026,XVFC/2025-26/P/12,2025-07-14,15000.0
4133,4926.0,119717,2025-2026,XVFC/2025-26/P/15,2025-08-18,1874.0
4150,4936.0,119717,2025-2026,XVFC/2025-26/P/18,2025-12-10,13531.0
4150,4937.0,119717,2025-2026,XVFC/2025-26/P/19,2025-12-10,17781.0
4150,4938.0,119717,2025-2026,XVFC/2025-26/P/20,2025-12-10,45089.0
4150,4939.0,119717,2025-2026,XVFC/2025-26/P/21,2025-12-10,25479.0
4150,4940.0,119717,2025-2026,XVFC/2025-26/P/22,2025-12-10,16960.0
4150,4941.0,119717,2025-2026,XVFC/2025-26/P/23,2025-12-10,315753.0
4150,,119717,2026-2027,XVFC/2026-27/P/15,2026-05-18,7914.0
4150,,119717,2026-2027,XVFC/2026-27/P/16,2026-05-18,5910.0
4150,,119717,2026-2027,XVFC/2026-27/P/17,2026-05-18,83614.0
4150,,119717,2026-2027,XVFC/2026-27/P/18,2026-05-18,14255.0
4150,,119717,2026-2027,XVFC/2026-27/P/19,2026-05-18,6094.0
4150,,119717,2026-2027,XVFC/2026-27/P/20,2026-05-18,5473.0
4150,,119717,2026-2027,XVFC/2026-27/P/21,2026-05-18,2170.0
4150,,119717,2026-2027,XVFC/2026-27/P/22,2026-05-18,6549.0
4151,,119717,2026-2027,XVFC/2026-27/P/12,2026-05-12,13500.0
4151,,119717,2026-2027,XVFC/2026-27/P/14,2026-05-13,6750.0
4167,4906.0,119717,2025-2026,5THSFC/2025-26/P/2,2025-04-04,44000.0
4167,4915.0,119717,2025-2026,5THSFC/2025-26/P/4,2025-06-05,22000.0
4167,4923.0,119717,2025-2026,5THSFC/2025-26/P/7,2025-08-11,22000.0
4167,4931.0,119717,2025-2026,5THSFC/2025-26/P/9,2025-09-25,22000.0
4167,4934.0,119717,2025-2026,5THSFC/2025-26/P/13,2025-12-10,22000.0
4169,4921.0,119717,2025-2026,5THSFC/2025-26/P/5,2025-08-11,40000.0
4192,4932.0,119717,2025-2026,5THSFC/2025-26/P/11,2025-10-31,90000.0
4192,4933.0,119717,2025-2026,5THSFC/2025-26/P/12,2025-11-19,7955.0
4194,4985.0,119717,2024-2025,5THSFC/2024-25/P/12,2025-01-08,140000.0
4202,4980.0,119717,2024-2025,XVFC/2024-25/P/11,2024-11-16,36000.0
4203,,119717,2026-2027,XVFC/2026-27/P/11,2026-05-12,67500.0
4203,,119717,2026-2027,XVFC/2026-27/P/13,2026-05-13,750.0
4203,,119717,2026-2027,XVFC/2026-27/P/13,2026-05-13,6000.0
4291,,119717,2026-2027,XVFC/2026-27/P/24,2026-05-23,45000.0
4291,,119717,2026-2027,XVFC/2026-27/P/29,2026-05-28,44.0
4291,,119717,2026-2027,XVFC/2026-27/P/29,2026-05-28,89.0
4291,,119717,2026-2027,XVFC/2026-27/P/29,2026-05-28,500.0
4291,,119717,2026-2027,XVFC/2026-27/P/29,2026-05-28,887.0
4291,,119717,2026-2027,XVFC/2026-27/P/29,2026-05-28,3480.0
4292,,119717,2026-2027,XVFC/2026-27/P/4,2026-04-19,220500.0
4292,,119717,2026-2027,XVFC/2026-27/P/6,2026-04-20,22050.0
4293,,119717,2026-2027,5THSFC/2026-27/P/13,2026-04-12,36000.0
4294,,119717,2026-2027,5THSFC/2026-27/P/11,2026-04-12,15000.0
4295,,119717,2026-2027,5THSFC/2026-27/P/12,2026-04-12,45000.0
4295,,119717,2026-2027,5THSFC/2026-27/P/15,2026-04-14,5000.0
4297,,119717,2026-2027,XVFC/2026-27/P/30,2026-05-31,117000.0
4297,,119717,2026-2027,XVFC/2026-27/P/35,2026-06-05,529.0
4297,,119717,2026-2027,XVFC/2026-27/P/35,2026-06-05,1288.0
4297,,119717,2026-2027,XVFC/2026-27/P/35,2026-06-05,11183.0
4298,,119717,2026-2027,5THSFC/2026-27/P/24,2026-05-31,1178.0
4298,,119717,2026-2027,5THSFC/2026-27/P/24,2026-05-31,117773.0
4299,4927.0,119717,2025-2026,XVFC/2025-26/P/16,2025-09-11,132403.0
4299,4928.0,119717,2025-2026,XVFC/2025-26/P/17,2025-09-15,56568.0
4299,,119717,2026-2027,XVFC/2026-27/P/23,2026-05-23,25000.0
4300,4905.0,119717,2025-2026,5THSFC/2025-26/P/1,2025-04-04,91000.0
4300,4914.0,119717,2025-2026,5THSFC/2025-26/P/3,2025-06-05,45500.0
4300,4922.0,119717,2025-2026,5THSFC/2025-26/P/6,2025-08-11,45500.0
4300,4930.0,119717,2025-2026,5THSFC/2025-26/P/8,2025-09-25,45500.0
4300,4935.0,119717,2025-2026,5THSFC/2025-26/P/14,2025-12-10,45500.0
4301,4907.0,119717,2025-2026,XVFC/2025-26/P/1,2025-04-16,99000.0
4302,4908.0,119717,2025-2026,XVFC/2025-26/P/2,2025-04-16,99545.0
4303,4909.0,119717,2025-2026,XVFC/2025-26/P/3,2025-04-16,99000.0
4304,4910.0,119717,2025-2026,XVFC/2025-26/P/4,2025-04-16,99000.0
4305,4919.0,119717,2025-2026,XVFC/2025-26/P/11,2025-07-14,88702.0
4306,4942.0,119717,2025-2026,XVFC/2025-26/P/24,2026-01-31,45000.0
4306,,119717,2026-2027,XVFC/2026-27/P/8,2026-05-03,5000.0
4308,,119717,2026-2027,XVFC/2026-27/P/31,2026-05-31,88135.0
4308,,119717,2026-2027,XVFC/2026-27/P/34,2026-06-05,9793.0
4310,,119717,2026-2027,XVFC/2026-27/P/9,2026-05-11,99604.0
4310,,119717,2026-2027,XVFC/2026-27/P/10,2026-05-12,10596.0
4311,,119717,2026-2027,XVFC/2026-27/P/32,2026-05-31,45500.0
4332,,119717,2026-2027,XVFC/2026-27/P/26,2026-05-23,135000.0
4332,,119717,2026-2027,XVFC/2026-27/P/28,2026-05-28,1210.0
4332,,119717,2026-2027,XVFC/2026-27/P/28,2026-05-28,1500.0
4332,,119717,2026-2027,XVFC/2026-27/P/28,2026-05-28,12290.0
4336,4929.0,119717,2025-2026,5THSFC/2025-26/P/10,2025-09-25,100000.0
4337,,119717,2026-2027,5THSFC/2026-27/P/21,2026-05-23,500.0
4337,,119717,2026-2027,5THSFC/2026-27/P/21,2026-05-23,6114.0
4337,,119717,2026-2027,5THSFC/2026-27/P/21,2026-05-23,38386.0
4337,,119717,2026-2027,5THSFC/2026-27/P/22,2026-05-31,5000.0
4338,,119717,2026-2027,5THSFC/2026-27/P/25,2026-05-31,6114.0
4338,,119717,2026-2027,5THSFC/2026-27/P/25,2026-05-31,38886.0
4338,,119717,2026-2027,5THSFC/2026-27/P/26,2026-06-05,500.0
4338,,119717,2026-2027,5THSFC/2026-27/P/26,2026-06-05,4500.0
4365,,119717,2026-2027,5THSFC/2026-27/P/14,2026-04-14,28000.0
4369,,119717,2026-2027,XVFC/2026-27/P/25,2026-05-23,108000.0
4369,,119717,2026-2027,XVFC/2026-27/P/27,2026-05-28,44.0
4369,,119717,2026-2027,XVFC/2026-27/P/27,2026-05-28,89.0
4369,,119717,2026-2027,XVFC/2026-27/P/27,2026-05-28,887.0
4369,,119717,2026-2027,XVFC/2026-27/P/27,2026-05-28,1200.0
4369,,119717,2026-2027,XVFC/2026-27/P/27,2026-05-28,9780.0
4370,,119717,2026-2027,XVFC/2026-27/P/7,2026-04-21,99400.0
4404,5549.0,117835,2021-2022,5THSFC/2021-22/P/2,2021-08-04,96275.0
4405,5547.0,117835,2021-2022,5THSFC/2021-22/P/1,2021-07-21,112832.0
4406,5553.0,117835,2021-2022,XVFC/2021-22/P/2,2021-08-13,227722.0
4410,5558.0,117835,2021-2022,XVFC/2021-22/P/3,2021-11-01,24000.0
4410,5533.0,117835,2022-2023,XVFC/2022-23/P/9,2023-03-14,18000.0
4410,5534.0,117835,2022-2023,XVFC/2022-23/P/11,2023-03-17,18000.0
4411,5561.0,117835,2021-2022,XVFC/2021-22/P/6,2021-11-25,19440.0
4411,5449.0,117835,2024-2025,XVFC/2024-25/P/12,2024-08-16,10000.0
4411,5332.0,117835,2025-2026,XVFC/2025-26/P/1,2025-04-30,19160.0
4412,5559.0,117835,2021-2022,XVFC/2021-22/P/4,2021-11-01,188263.0
4414,5548.0,117835,2021-2022,XVFC/2021-22/P/1,2021-07-21,65485.0
4414,5560.0,117835,2021-2022,XVFC/2021-22/P/5,2021-11-25,34515.0
4416,,117835,2026-2027,XVFC/2026-27/P/21,2026-07-09,150000.0
4418,5530.0,117835,2022-2023,XVFC/2022-23/P/7,2022-11-28,86470.0
4421,5529.0,117835,2022-2023,5THSFC/2022-23/P/3,2022-11-28,489666.0
4422,5487.0,117835,2024-2025,XVFC/2024-25/P/40,2025-03-28,183312.0
4423,5395.0,117835,2025-2026,XVFC/2025-26/P/58,2025-11-11,139794.0
4423,5396.0,117835,2025-2026,XVFC/2025-26/P/59,2025-11-11,136000.0
4423,5415.0,117835,2025-2026,XVFC/2025-26/P/75,2026-02-18,13000.0
4423,5418.0,117835,2025-2026,XVFC/2025-26/P/76,2026-03-02,61206.0
4427,5504.0,117835,2023-2024,XVFC/2023-24/P/4,2023-10-20,251576.0
4431,5557.0,117835,2021-2022,5THSFC/2021-22/P/3,2021-10-01,391587.0
4433,5563.0,117835,2021-2022,XVFC/2021-22/P/8,2022-03-31,311656.0
4434,5562.0,117835,2021-2022,XVFC/2021-22/P/7,2022-03-31,152000.0
4437,5520.0,117835,2022-2023,XVFC/2022-23/P/1,2022-05-09,16000.0
4437,5523.0,117835,2022-2023,XVFC/2022-23/P/3,2022-05-12,16000.0
4442,5564.0,117835,2021-2022,XVFC/2021-22/P/9,2022-03-31,100000.0
4443,5499.0,117835,2023-2024,XVFC/2023-24/P/1,2023-04-03,5151.0
4443,5499.0,117835,2023-2024,XVFC/2023-24/P/1,2023-04-03,6813.0
4443,5499.0,117835,2023-2024,XVFC/2023-24/P/1,2023-04-03,497636.0
4443,5421.0,117835,2025-2026,XVFC/2025-26/P/79,2026-03-02,10400.0
4444,5411.0,117835,2025-2026,XVFC/2025-26/P/74,2025-12-20,5900.0
4444,5411.0,117835,2025-2026,XVFC/2025-26/P/74,2025-12-20,14919.0
4444,5411.0,117835,2025-2026,XVFC/2025-26/P/74,2025-12-20,41079.0
4450,5525.0,117835,2022-2023,5THSFC/2022-23/P/2,2022-07-05,251916.0
4451,5524.0,117835,2022-2023,5THSFC/2022-23/P/1,2022-07-05,142364.0
4452,5527.0,117835,2022-2023,XVFC/2022-23/P/5,2022-07-05,195012.0
4453,5526.0,117835,2022-2023,XVFC/2022-23/P/4,2022-07-05,353687.0
4454,5528.0,117835,2022-2023,XVFC/2022-23/P/6,2022-07-05,75000.0
4454,5436.0,117835,2024-2025,XVFC/2024-25/P/3,2024-04-05,125000.0
4455,5369.0,117835,2025-2026,XVFC/2025-26/P/39,2025-08-25,29654.0
4455,5371.0,117835,2025-2026,XVFC/2025-26/P/41,2025-08-25,60000.0
4455,5372.0,117835,2025-2026,XVFC/2025-26/P/42,2025-08-25,46701.0
4455,5373.0,117835,2025-2026,XVFC/2025-26/P/43,2025-08-25,87501.0
4455,5374.0,117835,2025-2026,XVFC/2025-26/P/44,2025-08-25,26815.0
4455,5375.0,117835,2025-2026,XVFC/2025-26/P/45,2025-08-25,53652.0
4455,5376.0,117835,2025-2026,XVFC/2025-26/P/46,2025-08-25,8053.0
4455,5377.0,117835,2025-2026,XVFC/2025-26/P/47,2025-08-25,46645.0
4455,5379.0,117835,2025-2026,XVFC/2025-26/P/48,2025-09-03,12782.0
4455,5380.0,117835,2025-2026,XVFC/2025-26/P/49,2025-09-03,10000.0
4455,5381.0,117835,2025-2026,XVFC/2025-26/P/50,2025-09-03,32853.0
4455,5419.0,117835,2025-2026,XVFC/2025-26/P/77,2026-03-02,30000.0
4456,,117835,2026-2027,XVFC/2026-27/P/4,2026-04-29,25053.0
4458,5507.0,117835,2023-2024,5THSFC/2023-24/P/2,2024-01-31,5000.0
4458,5507.0,117835,2023-2024,5THSFC/2023-24/P/2,2024-01-31,13732.0
4458,5507.0,117835,2023-2024,5THSFC/2023-24/P/2,2024-01-31,474564.0
4465,5420.0,117835,2025-2026,XVFC/2025-26/P/78,2026-03-02,83000.0
4466,5505.0,117835,2023-2024,XVFC/2023-24/P/5,2023-10-20,3598.0
4466,5505.0,117835,2023-2024,XVFC/2023-24/P/5,2023-10-20,6500.0
4466,5505.0,117835,2023-2024,XVFC/2023-24/P/5,2023-10-20,633048.0
4468,5531.0,117835,2022-2023,XVFC/2022-23/P/8,2022-12-07,170481.0
4468,5460.0,117835,2024-2025,XVFC/2024-25/P/17,2024-10-19,100000.0
4468,5467.0,117835,2024-2025,XVFC/2024-25/P/23,2025-01-09,2461.0
4468,5468.0,117835,2024-2025,XVFC/2024-25/P/24,2025-01-09,15215.0
4468,5469.0,117835,2024-2025,XVFC/2024-25/P/25,2025-01-09,6202.0
4469,5502.0,117835,2023-2024,XVFC/2023-24/P/3,2023-10-18,16000.0
4469,5506.0,117835,2023-2024,XVFC/2023-24/P/6,2023-12-28,72000.0
4469,5437.0,117835,2024-2025,XVFC/2024-25/P/4,2024-04-15,12000.0
4470,5503.0,117835,2023-2024,5THSFC/2023-24/P/1,2023-10-20,64032.0
4471,5500.0,117835,2023-2024,XVFC/2023-24/P/2,2023-04-10,780.0
4471,5500.0,117835,2023-2024,XVFC/2023-24/P/2,2023-04-10,76191.0
4472,,117835,2026-2027,XVFC/2026-27/P/8,2026-06-04,18932.0
4472,,117835,2026-2027,XVFC/2026-27/P/9,2026-06-04,3036.0
4472,,117835,2026-2027,XVFC/2026-27/P/10,2026-06-04,19360.0
4472,,117835,2026-2027,XVFC/2026-27/P/11,2026-06-04,4785.0
4472,,117835,2026-2027,XVFC/2026-27/P/12,2026-06-04,53887.0
4472,,117835,2026-2027,XVFC/2026-27/P/13,2026-06-04,6244.0
4472,,117835,2026-2027,XVFC/2026-27/P/14,2026-06-04,32536.0
4472,,117835,2026-2027,XVFC/2026-27/P/15,2026-06-04,26137.0
4472,,117835,2026-2027,XVFC/2026-27/P/16,2026-06-04,10351.0
4473,5488.0,117835,2024-2025,5THSFC/2024-25/P/17,2025-03-29,500.0
4473,5488.0,117835,2024-2025,5THSFC/2024-25/P/17,2025-03-29,248500.0
4474,5394.0,117835,2025-2026,XVFC/2025-26/P/57,2025-11-11,207262.0
4475,,117835,2026-2027,XVFC/2026-27/P/22,2026-07-09,8702.0
4475,,117835,2026-2027,XVFC/2026-27/P/22,2026-07-09,90249.0
4476,5439.0,117835,2024-2025,XVFC/2024-25/P/5,2024-08-01,225334.0
4476,5443.0,117835,2024-2025,XVFC/2024-25/P/10,2024-08-02,1729.0
4476,5443.0,117835,2024-2025,XVFC/2024-25/P/10,2024-08-02,2500.0
4476,5443.0,117835,2024-2025,XVFC/2024-25/P/10,2024-08-02,12774.0
4476,5422.0,117835,2025-2026,XVFC/2025-26/P/80,2026-03-02,8035.0
4479,5455.0,117835,2024-2025,XVFC/2024-25/P/15,2024-09-18,16250.0
4479,5466.0,117835,2024-2025,XVFC/2024-25/P/22,2025-01-09,13000.0
4479,5391.0,117835,2025-2026,XVFC/2025-26/P/56,2025-09-26,13000.0
4482,5438.0,117835,2024-2025,5THSFC/2024-25/P/1,2024-08-01,90000.0
4482,5442.0,117835,2024-2025,5THSFC/2024-25/P/2,2024-08-02,1000.0
4482,5442.0,117835,2024-2025,5THSFC/2024-25/P/2,2024-08-02,2656.0
4482,5442.0,117835,2024-2025,5THSFC/2024-25/P/2,2024-08-02,3034.0
4607,5434.0,117835,2024-2025,XVFC/2024-25/P/1,2024-04-05,315000.0
4607,5457.0,117835,2024-2025,XVFC/2024-25/P/16,2024-10-01,35000.0
4610,5441.0,117835,2024-2025,XVFC/2024-25/P/7,2024-08-01,90000.0
4610,5445.0,117835,2024-2025,XVFC/2024-25/P/9,2024-08-02,1000.0
4610,5445.0,117835,2024-2025,XVFC/2024-25/P/9,2024-08-02,2687.0
4610,5445.0,117835,2024-2025,XVFC/2024-25/P/9,2024-08-02,2993.0
4611,5440.0,117835,2024-2025,XVFC/2024-25/P/6,2024-08-01,90000.0
4611,5444.0,117835,2024-2025,XVFC/2024-25/P/8,2024-08-02,1000.0
4611,5444.0,117835,2024-2025,XVFC/2024-25/P/8,2024-08-02,2742.0
4611,5444.0,117835,2024-2025,XVFC/2024-25/P/8,2024-08-02,2943.0
4612,5448.0,117835,2024-2025,XVFC/2024-25/P/11,2024-08-16,297000.0
4612,5452.0,117835,2024-2025,XVFC/2024-25/P/13,2024-08-30,1815.0
4612,5452.0,117835,2024-2025,XVFC/2024-25/P/13,2024-08-30,3500.0
4612,5452.0,117835,2024-2025,XVFC/2024-25/P/13,2024-08-30,20555.0
4612,5453.0,117835,2024-2025,XVFC/2024-25/P/14,2024-08-30,1815.0
4612,5453.0,117835,2024-2025,XVFC/2024-25/P/14,2024-08-30,3500.0
4612,5453.0,117835,2024-2025,XVFC/2024-25/P/14,2024-08-30,20555.0
4615,5446.0,117835,2024-2025,5THSFC/2024-25/P/3,2024-08-16,360000.0
4615,5450.0,117835,2024-2025,5THSFC/2024-25/P/5,2024-08-30,4000.0
4615,5450.0,117835,2024-2025,5THSFC/2024-25/P/5,2024-08-30,28000.0
4616,5447.0,117835,2024-2025,5THSFC/2024-25/P/4,2024-08-16,282672.0
4616,5451.0,117835,2024-2025,5THSFC/2024-25/P/6,2024-08-30,1801.0
4616,5451.0,117835,2024-2025,5THSFC/2024-25/P/6,2024-08-30,3141.0
4616,5451.0,117835,2024-2025,5THSFC/2024-25/P/6,2024-08-30,20333.0
4704,5464.0,117835,2024-2025,XVFC/2024-25/P/21,2024-11-18,96000.0
4704,5333.0,117835,2025-2026,XVFC/2025-26/P/2,2025-04-30,124000.0
4704,5368.0,117835,2025-2026,XVFC/2025-26/P/38,2025-08-25,60000.0
4704,5370.0,117835,2025-2026,XVFC/2025-26/P/40,2025-08-25,5000.0
4708,5463.0,117835,2024-2025,XVFC/2024-25/P/18,2024-11-18,64000.0
4708,,117835,2026-2027,XVFC/2026-27/P/6,2026-04-29,12839.0
4709,5462.0,117835,2024-2025,5THSFC/2024-25/P/12,2024-11-18,147628.0
4709,5465.0,117835,2024-2025,5THSFC/2024-25/P/13,2024-11-21,16404.0
4716,5398.0,117835,2025-2026,XVFC/2025-26/P/61,2025-12-16,1501.0
4716,5399.0,117835,2025-2026,XVFC/2025-26/P/62,2025-12-16,18309.0
4716,5400.0,117835,2025-2026,XVFC/2025-26/P/63,2025-12-16,28020.0
4716,5401.0,117835,2025-2026,XVFC/2025-26/P/64,2025-12-16,617.0
4716,5402.0,117835,2025-2026,XVFC/2025-26/P/65,2025-12-16,15932.0
4716,5403.0,117835,2025-2026,XVFC/2025-26/P/66,2025-12-16,12782.0
4716,5404.0,117835,2025-2026,XVFC/2025-26/P/67,2025-12-16,15932.0
4716,5405.0,117835,2025-2026,XVFC/2025-26/P/68,2025-12-16,35389.0
4716,5406.0,117835,2025-2026,XVFC/2025-26/P/69,2025-12-16,27455.0
4716,5407.0,117835,2025-2026,XVFC/2025-26/P/70,2025-12-16,54688.0
4716,5408.0,117835,2025-2026,XVFC/2025-26/P/71,2025-12-16,35389.0
4716,5409.0,117835,2025-2026,XVFC/2025-26/P/72,2025-12-16,15237.0
4725,,117835,2026-2027,XVFC/2026-27/P/17,2026-06-29,90000.0
4725,,117835,2026-2027,XVFC/2026-27/P/19,2026-07-07,885.0
4725,,117835,2026-2027,XVFC/2026-27/P/19,2026-07-07,1000.0
4725,,117835,2026-2027,XVFC/2026-27/P/19,2026-07-07,6024.0
4726,,117835,2026-2027,XVFC/2026-27/P/18,2026-06-29,54000.0
4726,,117835,2026-2027,XVFC/2026-27/P/20,2026-07-07,448.0
4726,,117835,2026-2027,XVFC/2026-27/P/20,2026-07-07,600.0
4726,,117835,2026-2027,XVFC/2026-27/P/20,2026-07-07,3957.0
4727,5454.0,117835,2024-2025,5THSFC/2024-25/P/7,2024-09-18,315000.0
4727,5456.0,117835,2024-2025,5THSFC/2024-25/P/8,2024-10-01,2200.0
4727,5456.0,117835,2024-2025,5THSFC/2024-25/P/8,2024-10-01,3500.0
4727,5456.0,117835,2024-2025,5THSFC/2024-25/P/8,2024-10-01,21123.0
4885,5470.0,117835,2024-2025,XVFC/2024-25/P/26,2025-02-15,72000.0
4885,,117835,2026-2027,XVFC/2026-27/P/1,2026-04-29,6500.0
4886,5471.0,117835,2024-2025,XVFC/2024-25/P/27,2025-02-15,11560.0
4886,5472.0,117835,2024-2025,XVFC/2024-25/P/28,2025-02-15,10604.0
4886,5473.0,117835,2024-2025,XVFC/2024-25/P/29,2025-02-15,9638.0
4886,5474.0,117835,2024-2025,XVFC/2024-25/P/30,2025-02-15,23165.0
4886,5475.0,117835,2024-2025,XVFC/2024-25/P/31,2025-02-15,31294.0
4886,5476.0,117835,2024-2025,XVFC/2024-25/P/32,2025-02-15,70658.0
4886,5477.0,117835,2024-2025,XVFC/2024-25/P/33,2025-02-15,19181.0
4886,5478.0,117835,2024-2025,XVFC/2024-25/P/34,2025-02-15,20238.0
4886,5479.0,117835,2024-2025,XVFC/2024-25/P/35,2025-02-15,21857.0
4886,5480.0,117835,2024-2025,XVFC/2024-25/P/36,2025-02-15,12999.0
4886,5481.0,117835,2024-2025,XVFC/2024-25/P/37,2025-02-15,23165.0
4887,5397.0,117835,2025-2026,XVFC/2025-26/P/60,2025-12-16,339141.0
4888,5410.0,117835,2025-2026,XVFC/2025-26/P/73,2025-12-20,180000.0
4889,,117835,2026-2027,XVFC/2026-27/P/5,2026-04-29,58000.0
4889,,117835,2026-2027,XVFC/2026-27/P/7,2026-06-04,6500.0
4890,5484.0,117835,2024-2025,XVFC/2024-25/P/38,2025-03-20,405000.0
4890,5486.0,117835,2024-2025,XVFC/2024-25/P/39,2025-03-24,2914.0
4890,5486.0,117835,2024-2025,XVFC/2024-25/P/39,2025-03-24,4500.0
4890,5486.0,117835,2024-2025,XVFC/2024-25/P/39,2025-03-24,31418.0
4890,5384.0,117835,2025-2026,XVFC/2025-26/P/51,2025-09-09,6168.0
4891,5482.0,117835,2024-2025,5THSFC/2024-25/P/14,2025-03-20,270000.0
4891,5485.0,117835,2024-2025,5THSFC/2024-25/P/16,2025-03-24,1963.0
4891,5485.0,117835,2024-2025,5THSFC/2024-25/P/16,2025-03-24,3000.0
4891,5485.0,117835,2024-2025,5THSFC/2024-25/P/16,2025-03-24,20894.0
4911,,117835,2026-2027,XVFC/2026-27/P/2,2026-04-29,96000.0
5007,,117835,2026-2027,XVFC/2026-27/P/3,2026-04-29,48000.0
5013,5385.0,117835,2025-2026,XVFC/2025-26/P/52,2025-09-12,450000.0
5013,5386.0,117835,2025-2026,XVFC/2025-26/P/53,2025-09-13,5000.0
5013,5386.0,117835,2025-2026,XVFC/2025-26/P/53,2025-09-13,7112.0
5013,5386.0,117835,2025-2026,XVFC/2025-26/P/53,2025-09-13,29633.0
5040,5388.0,117835,2025-2026,XVFC/2025-26/P/54,2025-09-23,270000.0
5040,5390.0,117835,2025-2026,XVFC/2025-26/P/55,2025-09-26,3000.0
5040,5390.0,117835,2025-2026,XVFC/2025-26/P/55,2025-09-26,8014.0
5040,5390.0,117835,2025-2026,XVFC/2025-26/P/55,2025-09-26,13811.0
5046,5993.0,116936,2021-2022,XVFC/2021-22/P/2,2021-07-05,180427.0
5047,5992.0,116936,2021-2022,XVFC/2021-22/P/1,2021-06-15,94700.0
5049,5997.0,116936,2021-2022,XVFC/2021-22/P/3,2021-10-09,64000.0
5050,6149.0,116936,2020-2021,XVFC/2020-21/P/2,2021-03-26,188014.0
5051,6023.0,116936,2021-2022,XVFC/2021-22/P/15,2022-02-11,143343.0
5053,5925.0,116936,2022-2023,5THSFC/2022-23/P/4,2023-02-09,384000.0
5055,6005.0,116936,2021-2022,XVFC/2021-22/P/6,2021-12-30,300000.0
5056,5996.0,116936,2021-2022,5THSFC/2021-22/P/1,2021-10-09,186246.0
5057,6031.0,116936,2021-2022,XVFC/2021-22/P/19,2022-03-09,143529.0
5060,6016.0,116936,2021-2022,5THSFC/2021-22/P/4,2022-02-07,4248.0
5060,5910.0,116936,2022-2023,5THSFC/2022-23/P/2,2022-06-02,3245.0
5060,5910.0,116936,2022-2023,5THSFC/2022-23/P/2,2022-06-02,26755.0
5063,6147.0,116936,2020-2021,5THSFC/2020-21/P/1,2021-03-26,142417.0
5066,5907.0,116936,2022-2023,XVFC/2022-23/P/1,2022-05-30,10200.0
5066,5921.0,116936,2022-2023,XVFC/2022-23/P/11,2022-12-09,11000.0
5067,5909.0,116936,2022-2023,XVFC/2022-23/P/3,2022-05-30,45624.0
5068,5908.0,116936,2022-2023,XVFC/2022-23/P/2,2022-05-30,8604.0
5068,5911.0,116936,2022-2023,XVFC/2022-23/P/4,2022-07-15,19886.0
5068,5862.0,116936,2023-2024,XVFC/2023-24/P/17,2023-11-23,50.0
5068,5862.0,116936,2023-2024,XVFC/2023-24/P/17,2023-11-23,350.0
5068,5862.0,116936,2023-2024,XVFC/2023-24/P/17,2023-11-23,9750.0
5069,5912.0,116936,2022-2023,XVFC/2022-23/P/5,2022-07-15,41551.0
5070,5857.0,116936,2023-2024,XVFC/2023-24/P/12,2023-10-13,42250.0
5070,5864.0,116936,2023-2024,XVFC/2023-24/P/18,2023-11-30,36750.0
5073,6039.0,116936,2021-2022,XVFC/2021-22/P/20,2022-03-31,115000.0
5074,6040.0,116936,2021-2022,XVFC/2021-22/P/21,2022-03-31,160972.0
5075,5934.0,116936,2022-2023,XVFC/2022-23/P/21,2023-03-30,268.0
5075,5934.0,116936,2022-2023,XVFC/2022-23/P/21,2023-03-30,600.0
5075,5934.0,116936,2022-2023,XVFC/2022-23/P/21,2023-03-30,2465.0
5075,5934.0,116936,2022-2023,XVFC/2022-23/P/21,2023-03-30,14667.0
5075,5867.0,116936,2023-2024,XVFC/2023-24/P/21,2023-12-13,178.0
5075,5867.0,116936,2023-2024,XVFC/2023-24/P/21,2023-12-13,300.0
5075,5867.0,116936,2023-2024,XVFC/2023-24/P/21,2023-12-13,7286.0
5076,5933.0,116936,2022-2023,XVFC/2022-23/P/20,2023-03-30,2496.0
5076,5933.0,116936,2022-2023,XVFC/2022-23/P/20,2023-03-30,3400.0
5076,5933.0,116936,2022-2023,XVFC/2022-23/P/20,2023-03-30,8958.0
5076,5933.0,116936,2022-2023,XVFC/2022-23/P/20,2023-03-30,87146.0
5077,5844.0,116936,2023-2024,XVFC/2023-24/P/1,2023-07-08,71133.0
5079,5854.0,116936,2023-2024,XVFC/2023-24/P/9,2023-09-21,57600.0
5080,5875.0,116936,2023-2024,XVFC/2023-24/P/24,2024-02-23,197100.0
5081,6012.0,116936,2021-2022,XVFC/2021-22/P/12,2022-02-03,42480.0
5082,6018.0,116936,2021-2022,XVFC/2021-22/P/14,2022-02-07,29736.0
5084,6014.0,116936,2021-2022,XVFC/2021-22/P/8,2022-02-03,42480.0
5085,6025.0,116936,2021-2022,XVFC/2021-22/P/17,2022-02-11,211953.0
5089,6011.0,116936,2021-2022,XVFC/2021-22/P/11,2022-02-03,21240.0
5092,6024.0,116936,2021-2022,XVFC/2021-22/P/16,2022-02-11,93093.0
5095,6022.0,116936,2021-2022,5THSFC/2021-22/P/5,2022-02-11,92851.0
5096,6010.0,116936,2021-2022,XVFC/2021-22/P/10,2022-02-03,8000.0
5096,6013.0,116936,2021-2022,XVFC/2021-22/P/13,2022-02-03,16000.0
5096,6027.0,116936,2021-2022,XVFC/2021-22/P/18,2022-02-21,2000.0
5096,6027.0,116936,2021-2022,XVFC/2021-22/P/18,2022-02-21,4000.0
5097,6004.0,116936,2021-2022,XVFC/2021-22/P/5,2021-12-30,92338.0
5098,6008.0,116936,2021-2022,5THSFC/2021-22/P/2,2022-02-03,138750.0
5099,6029.0,116936,2021-2022,5THSFC/2021-22/P/6,2022-03-09,142024.0
5101,6006.0,116936,2021-2022,XVFC/2021-22/P/7,2022-01-21,211000.0
5105,5918.0,116936,2022-2023,XVFC/2022-23/P/8,2022-11-07,139.0
5105,5918.0,116936,2022-2023,XVFC/2022-23/P/8,2022-11-07,437.0
5105,5918.0,116936,2022-2023,XVFC/2022-23/P/8,2022-11-07,1000.0
5105,5918.0,116936,2022-2023,XVFC/2022-23/P/8,2022-11-07,3000.0
5105,5918.0,116936,2022-2023,XVFC/2022-23/P/8,2022-11-07,95424.0
5110,6015.0,116936,2021-2022,XVFC/2021-22/P/9,2022-02-03,97704.0
5111,6009.0,116936,2021-2022,5THSFC/2021-22/P/3,2022-02-03,29736.0
5112,6041.0,116936,2021-2022,XVFC/2021-22/P/22,2022-03-31,119656.0
5113,6032.0,116936,2021-2022,5THSFC/2021-22/P/7,2022-03-31,45910.0
5113,6033.0,116936,2021-2022,5THSFC/2021-22/P/8,2022-03-31,154090.0
5114,6042.0,116936,2021-2022,XVFC/2021-22/P/23,2022-03-31,132502.0
5122,5849.0,116936,2023-2024,XVFC/2023-24/P/4,2023-07-12,183198.0
5124,5930.0,116936,2022-2023,XVFC/2022-23/P/17,2023-03-18,472154.0
5124,5931.0,116936,2022-2023,XVFC/2022-23/P/18,2023-03-18,5030.0
5124,5931.0,116936,2022-2023,XVFC/2022-23/P/18,2023-03-18,9404.0
5124,5931.0,116936,2022-2023,XVFC/2022-23/P/18,2023-03-18,16505.0
5125,5913.0,116936,2022-2023,XVFC/2022-23/P/6,2022-10-20,367529.0
5125,5919.0,116936,2022-2023,XVFC/2022-23/P/9,2022-11-18,21680.0
5125,5920.0,116936,2022-2023,XVFC/2022-23/P/10,2022-12-08,21680.0
5125,5924.0,116936,2022-2023,XVFC/2022-23/P/13,2023-01-24,21395.0
5125,5926.0,116936,2022-2023,XVFC/2022-23/P/14,2023-02-12,61701.0
5125,5928.0,116936,2022-2023,XVFC/2022-23/P/16,2023-03-17,22784.0
5125,5850.0,116936,2023-2024,XVFC/2023-24/P/5,2023-08-17,45216.0
5130,5917.0,116936,2022-2023,XVFC/2022-23/P/7,2022-11-04,16000.0
5130,5917.0,116936,2022-2023,XVFC/2022-23/P/7,2022-11-04,32000.0
5130,5855.0,116936,2023-2024,XVFC/2023-24/P/10,2023-10-12,24000.0
5131,5922.0,116936,2022-2023,5THSFC/2022-23/P/3,2022-12-29,2000.0
5131,5922.0,116936,2022-2023,5THSFC/2022-23/P/3,2022-12-29,5009.0
5131,5922.0,116936,2022-2023,5THSFC/2022-23/P/3,2022-12-29,6812.0
5131,5922.0,116936,2022-2023,5THSFC/2022-23/P/3,2022-12-29,186179.0
5132,5923.0,116936,2022-2023,XVFC/2022-23/P/12,2022-12-29,2500.0
5132,5923.0,116936,2022-2023,XVFC/2022-23/P/12,2022-12-29,7516.0
5132,5923.0,116936,2022-2023,XVFC/2022-23/P/12,2022-12-29,8447.0
5132,5923.0,116936,2022-2023,XVFC/2022-23/P/12,2022-12-29,231537.0
5133,5927.0,116936,2022-2023,XVFC/2022-23/P/15,2023-03-10,6500.0
5134,5845.0,116936,2023-2024,XVFC/2023-24/P/2,2023-07-08,186010.0
5135,5932.0,116936,2022-2023,XVFC/2022-23/P/19,2023-03-21,1780.0
5135,5932.0,116936,2022-2023,XVFC/2022-23/P/19,2023-03-21,3996.0
5135,5932.0,116936,2022-2023,XVFC/2022-23/P/19,2023-03-21,6083.0
5135,5932.0,116936,2022-2023,XVFC/2022-23/P/19,2023-03-21,166791.0
5136,5935.0,116936,2022-2023,XVFC/2022-23/P/22,2023-03-30,287.0
5136,5935.0,116936,2022-2023,XVFC/2022-23/P/22,2023-03-30,300.0
5136,5935.0,116936,2022-2023,XVFC/2022-23/P/22,2023-03-30,940.0
5136,5935.0,116936,2022-2023,XVFC/2022-23/P/22,2023-03-30,28473.0
5136,5846.0,116936,2023-2024,XVFC/2023-24/P/3,2023-07-08,28432.0
5136,5852.0,116936,2023-2024,XVFC/2023-24/P/7,2023-09-14,18894.0
5136,5861.0,116936,2023-2024,XVFC/2023-24/P/16,2023-11-23,200.0
5136,5861.0,116936,2023-2024,XVFC/2023-24/P/16,2023-11-23,270.0
5136,5861.0,116936,2023-2024,XVFC/2023-24/P/16,2023-11-23,18894.0
5137,5853.0,116936,2023-2024,XVFC/2023-24/P/8,2023-09-14,24103.0
5137,5866.0,116936,2023-2024,XVFC/2023-24/P/20,2023-12-13,178.0
5137,5866.0,116936,2023-2024,XVFC/2023-24/P/20,2023-12-13,300.0
5137,5866.0,116936,2023-2024,XVFC/2023-24/P/20,2023-12-13,7286.0
5139,,116936,2026-2027,5THSFC/2026-27/P/4,2026-07-29,56417.0
5139,,116936,2026-2027,5THSFC/2026-27/P/5,2026-07-29,50931.0
5140,5825.0,116936,2024-2025,XVFC/2024-25/P/26,2025-03-25,40000.0
5142,5860.0,116936,2023-2024,XVFC/2023-24/P/15,2023-11-23,241302.0
5145,5780.0,116936,2024-2025,5THSFC/2024-25/P/1,2024-06-20,93951.0
5254,5872.0,116936,2023-2024,5THSFC/2023-24/P/4,2024-02-16,88095.0
5254,5681.0,116936,2025-2026,5THSFC/2025-26/P/1,2025-11-26,2428.0
5255,5865.0,116936,2023-2024,XVFC/2023-24/P/19,2023-12-06,161701.0
5255,5683.0,116936,2025-2026,XVFC/2025-26/P/15,2025-11-26,4131.0
5262,5786.0,116936,2024-2025,XVFC/2024-25/P/5,2024-10-04,500.0
5262,5786.0,116936,2024-2025,XVFC/2024-25/P/5,2024-10-04,2144.0
5262,5786.0,116936,2024-2025,XVFC/2024-25/P/5,2024-10-04,2818.0
5262,5786.0,116936,2024-2025,XVFC/2024-25/P/5,2024-10-04,44538.0
5263,5787.0,116936,2024-2025,XVFC/2024-25/P/6,2024-10-05,46930.0
5350,5870.0,116936,2023-2024,5THSFC/2023-24/P/3,2023-12-31,45000.0
5350,5874.0,116936,2023-2024,5THSFC/2023-24/P/6,2024-02-19,500.0
5350,5874.0,116936,2023-2024,5THSFC/2023-24/P/6,2024-02-19,621.0
5350,5874.0,116936,2023-2024,5THSFC/2023-24/P/6,2024-02-19,1839.0
5353,5785.0,116936,2024-2025,XVFC/2024-25/P/4,2024-09-04,151200.0
5371,5856.0,116936,2023-2024,XVFC/2023-24/P/11,2023-10-12,12000.0
5371,5858.0,116936,2023-2024,XVFC/2023-24/P/13,2023-10-13,9600.0
5371,5871.0,116936,2023-2024,XVFC/2023-24/P/23,2023-12-31,12000.0
5371,5871.0,116936,2023-2024,XVFC/2023-24/P/23,2023-12-31,14400.0
5371,5782.0,116936,2024-2025,XVFC/2024-25/P/1,2024-06-20,12000.0
5372,5863.0,116936,2023-2024,5THSFC/2023-24/P/1,2023-11-30,4434.0
5372,5781.0,116936,2024-2025,5THSFC/2024-25/P/2,2024-06-20,4434.0
5373,5851.0,116936,2023-2024,XVFC/2023-24/P/6,2023-09-14,73988.0
5373,5859.0,116936,2023-2024,XVFC/2023-24/P/14,2023-10-20,20211.0
5373,5868.0,116936,2023-2024,XVFC/2023-24/P/22,2023-12-13,22264.0
5373,5876.0,116936,2023-2024,XVFC/2023-24/P/25,2024-03-22,87908.0
5373,5879.0,116936,2023-2024,XVFC/2023-24/P/26,2024-03-29,95629.0
5374,5784.0,116936,2024-2025,XVFC/2024-25/P/3,2024-08-06,1036.0
5374,5784.0,116936,2024-2025,XVFC/2024-25/P/3,2024-08-06,2502.0
5374,5784.0,116936,2024-2025,XVFC/2024-25/P/3,2024-08-06,4361.0
5374,5784.0,116936,2024-2025,XVFC/2024-25/P/3,2024-08-06,95712.0
5375,5869.0,116936,2023-2024,5THSFC/2023-24/P/2,2023-12-14,121398.0
5376,5880.0,116936,2023-2024,5THSFC/2023-24/P/7,2024-03-30,131678.0
5377,5873.0,116936,2023-2024,5THSFC/2023-24/P/5,2024-02-19,88206.0
5377,5682.0,116936,2025-2026,5THSFC/2025-26/P/2,2025-11-26,2209.0
5378,5783.0,116936,2024-2025,XVFC/2024-25/P/2,2024-07-11,15000.0
5379,5800.0,116936,2024-2025,5THSFC/2024-25/P/4,2025-01-09,1500.0
5379,5800.0,116936,2024-2025,5THSFC/2024-25/P/4,2025-01-09,3143.0
5379,5800.0,116936,2024-2025,5THSFC/2024-25/P/4,2025-01-09,6208.0
5379,5800.0,116936,2024-2025,5THSFC/2024-25/P/4,2025-01-09,139149.0
5406,5789.0,116936,2024-2025,XVFC/2024-25/P/8,2024-10-07,20750.0
5406,5789.0,116936,2024-2025,XVFC/2024-25/P/8,2024-10-07,41500.0
5406,5791.0,116936,2024-2025,XVFC/2024-25/P/9,2024-10-08,20750.0
5406,5791.0,116936,2024-2025,XVFC/2024-25/P/9,2024-10-08,41500.0
5407,5797.0,116936,2024-2025,XVFC/2024-25/P/13,2024-12-19,100.0
5407,5797.0,116936,2024-2025,XVFC/2024-25/P/13,2024-12-19,388.0
5407,5797.0,116936,2024-2025,XVFC/2024-25/P/13,2024-12-19,9096.0
5407,5802.0,116936,2024-2025,XVFC/2024-25/P/16,2025-01-09,100.0
5407,5802.0,116936,2024-2025,XVFC/2024-25/P/16,2025-01-09,320.0
5407,5802.0,116936,2024-2025,XVFC/2024-25/P/16,2025-01-09,446.0
5407,5802.0,116936,2024-2025,XVFC/2024-25/P/16,2025-01-09,9134.0
5408,5796.0,116936,2024-2025,XVFC/2024-25/P/12,2024-12-19,1000.0
5408,5796.0,116936,2024-2025,XVFC/2024-25/P/12,2024-12-19,6280.0
5408,5796.0,116936,2024-2025,XVFC/2024-25/P/12,2024-12-19,88416.0
5410,5798.0,116936,2024-2025,XVFC/2024-25/P/14,2024-12-19,14531.0
5410,5799.0,116936,2024-2025,XVFC/2024-25/P/15,2024-12-19,11806.0
5410,5820.0,116936,2024-2025,XVFC/2024-25/P/24,2025-03-19,19190.0
5410,5821.0,116936,2024-2025,XVFC/2024-25/P/25,2025-03-19,54473.0
5411,5793.0,116936,2024-2025,5THSFC/2024-25/P/3,2024-12-19,1241.0
5411,5793.0,116936,2024-2025,5THSFC/2024-25/P/3,2024-12-19,7547.0
5411,5793.0,116936,2024-2025,5THSFC/2024-25/P/3,2024-12-19,110000.0
5455,5805.0,116936,2024-2025,XVFC/2024-25/P/17,2025-01-28,1500.0
5455,5805.0,116936,2024-2025,XVFC/2024-25/P/17,2025-01-28,6452.0
5455,5805.0,116936,2024-2025,XVFC/2024-25/P/17,2025-01-28,9223.0
5455,5805.0,116936,2024-2025,XVFC/2024-25/P/17,2025-01-28,117825.0
5455,5807.0,116936,2024-2025,XVFC/2024-25/P/18,2025-01-31,15000.0
5456,5795.0,116936,2024-2025,XVFC/2024-25/P/11,2024-12-19,1300.0
5456,5795.0,116936,2024-2025,XVFC/2024-25/P/11,2024-12-19,8305.0
5456,5795.0,116936,2024-2025,XVFC/2024-25/P/11,2024-12-19,116099.0
5462,5804.0,116936,2024-2025,5THSFC/2024-25/P/5,2025-01-28,1300.0
5462,5804.0,116936,2024-2025,5THSFC/2024-25/P/5,2025-01-28,5624.0
5462,5804.0,116936,2024-2025,5THSFC/2024-25/P/5,2025-01-28,6204.0
5462,5804.0,116936,2024-2025,5THSFC/2024-25/P/5,2025-01-28,103872.0
5462,5806.0,116936,2024-2025,5THSFC/2024-25/P/6,2025-01-31,13000.0
5517,5809.0,116936,2024-2025,XVFC/2024-25/P/20,2025-03-01,286.0
5517,5809.0,116936,2024-2025,XVFC/2024-25/P/20,2025-03-01,1000.0
5517,5809.0,116936,2024-2025,XVFC/2024-25/P/20,2025-03-01,1076.0
5517,5809.0,116936,2024-2025,XVFC/2024-25/P/20,2025-03-01,94638.0
5518,5788.0,116936,2024-2025,XVFC/2024-25/P/7,2024-10-07,14250.0
5518,5792.0,116936,2024-2025,XVFC/2024-25/P/10,2024-12-16,59350.0
5518,5674.0,116936,2025-2026,XVFC/2025-26/P/8,2025-09-25,6400.0
5519,5808.0,116936,2024-2025,XVFC/2024-25/P/19,2025-03-01,308.0
5519,5808.0,116936,2024-2025,XVFC/2024-25/P/19,2025-03-01,1000.0
5519,5808.0,116936,2024-2025,XVFC/2024-25/P/19,2025-03-01,1080.0
5519,5808.0,116936,2024-2025,XVFC/2024-25/P/19,2025-03-01,94612.0
5520,5669.0,116936,2025-2026,XVFC/2025-26/P/3,2025-07-07,15950.0
5521,5670.0,116936,2025-2026,XVFC/2025-26/P/4,2025-08-07,150000.0
5522,5814.0,116936,2024-2025,XVFC/2024-25/P/21,2025-03-11,1000.0
5522,5814.0,116936,2024-2025,XVFC/2024-25/P/21,2025-03-11,1256.0
5522,5814.0,116936,2024-2025,XVFC/2024-25/P/21,2025-03-11,6325.0
5522,5814.0,116936,2024-2025,XVFC/2024-25/P/21,2025-03-11,81419.0
5522,5817.0,116936,2024-2025,XVFC/2024-25/P/22,2025-03-18,8000.0
5523,5813.0,116936,2024-2025,5THSFC/2024-25/P/7,2025-03-11,1000.0
5523,5813.0,116936,2024-2025,5THSFC/2024-25/P/7,2025-03-11,1320.0
5523,5813.0,116936,2024-2025,5THSFC/2024-25/P/7,2025-03-11,5838.0
5523,5813.0,116936,2024-2025,5THSFC/2024-25/P/7,2025-03-11,81842.0
5523,5816.0,116936,2024-2025,5THSFC/2024-25/P/9,2025-03-18,7000.0
5524,5815.0,116936,2024-2025,5THSFC/2024-25/P/8,2025-03-12,70.0
5524,5815.0,116936,2024-2025,5THSFC/2024-25/P/8,2025-03-12,500.0
5524,5815.0,116936,2024-2025,5THSFC/2024-25/P/8,2025-03-12,532.0
5524,5815.0,116936,2024-2025,5THSFC/2024-25/P/8,2025-03-12,47398.0
5526,5667.0,116936,2025-2026,XVFC/2025-26/P/1,2025-04-25,1268.0
5526,5667.0,116936,2025-2026,XVFC/2025-26/P/1,2025-04-25,111605.6
5526,5668.0,116936,2025-2026,XVFC/2025-26/P/2,2025-05-05,8877.0
5527,5707.0,116936,2025-2026,XVFC/2025-26/P/28,2026-02-05,7.0
5527,5707.0,116936,2025-2026,XVFC/2025-26/P/28,2026-02-05,15.0
5527,5707.0,116936,2025-2026,XVFC/2025-26/P/28,2026-02-05,36.0
5527,5707.0,116936,2025-2026,XVFC/2025-26/P/28,2026-02-05,300.0
5527,5707.0,116936,2025-2026,XVFC/2025-26/P/28,2026-02-05,532.0
5527,5707.0,116936,2025-2026,XVFC/2025-26/P/28,2026-02-05,7210.0
5528,5729.0,116936,2025-2026,5THSFC/2025-26/P/15,2026-03-24,3830.0
5531,5690.0,116936,2025-2026,5THSFC/2025-26/P/4,2025-12-26,90000.0
5531,5691.0,116936,2025-2026,5THSFC/2025-26/P/5,2026-01-02,48.0
5531,5691.0,116936,2025-2026,5THSFC/2025-26/P/5,2026-01-02,95.0
5531,5691.0,116936,2025-2026,5THSFC/2025-26/P/5,2026-01-02,663.0
5531,5691.0,116936,2025-2026,5THSFC/2025-26/P/5,2026-01-02,1000.0
5531,5691.0,116936,2025-2026,5THSFC/2025-26/P/5,2026-01-02,1152.0
5531,5691.0,116936,2025-2026,5THSFC/2025-26/P/5,2026-01-02,4042.0
5533,,116936,2026-2027,XVFC/2026-27/P/8,2026-07-14,108000.0
5533,,116936,2026-2027,XVFC/2026-27/P/12,2026-07-23,12000.0
5534,5673.0,116936,2025-2026,XVFC/2025-26/P/7,2025-09-23,19500.0
5534,5673.0,116936,2025-2026,XVFC/2025-26/P/7,2025-09-23,39000.0
5534,5695.0,116936,2025-2026,XVFC/2025-26/P/23,2026-01-05,9750.0
5534,5695.0,116936,2025-2026,XVFC/2025-26/P/23,2026-01-05,19500.0
5534,5732.0,116936,2025-2026,XVFC/2025-26/P/33,2026-03-25,9750.0
5534,5732.0,116936,2025-2026,XVFC/2025-26/P/33,2026-03-25,19500.0
5540,5680.0,116936,2025-2026,XVFC/2025-26/P/14,2025-11-24,176.0
5540,5680.0,116936,2025-2026,XVFC/2025-26/P/14,2025-11-24,352.0
5540,5680.0,116936,2025-2026,XVFC/2025-26/P/14,2025-11-24,1462.0
5540,5680.0,116936,2025-2026,XVFC/2025-26/P/14,2025-11-24,1938.0
5540,5680.0,116936,2025-2026,XVFC/2025-26/P/14,2025-11-24,9312.0
5540,5680.0,116936,2025-2026,XVFC/2025-26/P/14,2025-11-24,118410.0
5540,5684.0,116936,2025-2026,XVFC/2025-26/P/16,2025-11-27,11628.0
5546,5678.0,116936,2025-2026,XVFC/2025-26/P/12,2025-10-30,244.0
5546,5678.0,116936,2025-2026,XVFC/2025-26/P/12,2025-10-30,800.0
5546,5678.0,116936,2025-2026,XVFC/2025-26/P/12,2025-10-30,5011.0
5546,5678.0,116936,2025-2026,XVFC/2025-26/P/12,2025-10-30,73160.0
5551,5693.0,116936,2025-2026,XVFC/2025-26/P/21,2026-01-02,88.0
5551,5693.0,116936,2025-2026,XVFC/2025-26/P/21,2026-01-02,176.0
5551,5693.0,116936,2025-2026,XVFC/2025-26/P/21,2026-01-02,800.0
5551,5693.0,116936,2025-2026,XVFC/2025-26/P/21,2026-01-02,1048.0
5551,5693.0,116936,2025-2026,XVFC/2025-26/P/21,2026-01-02,4421.0
5551,5693.0,116936,2025-2026,XVFC/2025-26/P/21,2026-01-02,65467.0
5551,5694.0,116936,2025-2026,XVFC/2025-26/P/22,2026-01-05,8000.0
5555,,116936,2026-2027,XVFC/2026-27/P/9,2026-07-15,18000.0
5555,,116936,2026-2027,XVFC/2026-27/P/13,2026-07-23,2000.0
5558,5712.0,116936,2025-2026,5THSFC/2025-26/P/12,2026-02-21,94079.0
5558,5713.0,116936,2025-2026,5THSFC/2025-26/P/13,2026-02-24,10454.0
5565,5676.0,116936,2025-2026,XVFC/2025-26/P/11,2025-10-29,90000.0
5565,5679.0,116936,2025-2026,XVFC/2025-26/P/13,2025-10-30,316.0
5565,5679.0,116936,2025-2026,XVFC/2025-26/P/13,2025-10-30,330.0
5565,5679.0,116936,2025-2026,XVFC/2025-26/P/13,2025-10-30,1000.0
5565,5679.0,116936,2025-2026,XVFC/2025-26/P/13,2025-10-30,6354.0
5566,5727.0,116936,2025-2026,XVFC/2025-26/P/31,2026-03-23,106.0
5566,5727.0,116936,2025-2026,XVFC/2025-26/P/31,2026-03-23,212.0
5566,5727.0,116936,2025-2026,XVFC/2025-26/P/31,2026-03-23,1000.0
5566,5727.0,116936,2025-2026,XVFC/2025-26/P/31,2026-03-23,1340.0
5566,5727.0,116936,2025-2026,XVFC/2025-26/P/31,2026-03-23,6351.0
5566,5727.0,116936,2025-2026,XVFC/2025-26/P/31,2026-03-23,80991.0
5566,5730.0,116936,2025-2026,XVFC/2025-26/P/32,2026-03-24,8000.0
5568,5704.0,116936,2025-2026,5THSFC/2025-26/P/9,2026-02-05,360.0
5568,5704.0,116936,2025-2026,5THSFC/2025-26/P/9,2026-02-05,30780.0
5568,5709.0,116936,2025-2026,5THSFC/2025-26/P/11,2026-02-10,2800.0
5585,5671.0,116936,2025-2026,XVFC/2025-26/P/5,2025-09-23,45043.0
5585,5672.0,116936,2025-2026,XVFC/2025-26/P/6,2025-09-23,56774.0
5585,5677.0,116936,2025-2026,XVFC/2025-26/P/9,2025-10-29,10799.0
5585,5675.0,116936,2025-2026,XVFC/2025-26/P/10,2025-10-29,12354.0
5585,5685.0,116936,2025-2026,XVFC/2025-26/P/17,2025-11-29,12665.0
5585,5686.0,116936,2025-2026,XVFC/2025-26/P/18,2025-11-29,10668.0
5585,5688.0,116936,2025-2026,XVFC/2025-26/P/19,2025-12-06,10628.0
5585,5689.0,116936,2025-2026,XVFC/2025-26/P/20,2025-12-06,12373.0
5585,5697.0,116936,2025-2026,XVFC/2025-26/P/24,2026-01-09,10547.0
5585,5698.0,116936,2025-2026,XVFC/2025-26/P/25,2026-01-09,12528.0
5585,5705.0,116936,2025-2026,XVFC/2025-26/P/26,2026-02-05,10933.0
5585,5706.0,116936,2025-2026,XVFC/2025-26/P/27,2026-02-05,12720.0
5585,5725.0,116936,2025-2026,XVFC/2025-26/P/29,2026-03-17,13135.0
5585,5726.0,116936,2025-2026,XVFC/2025-26/P/30,2026-03-17,11920.0
5585,,116936,2026-2027,XVFC/2026-27/P/6,2026-07-02,38353.0
5585,,116936,2026-2027,XVFC/2026-27/P/7,2026-07-08,33560.0
5602,5687.0,116936,2025-2026,5THSFC/2025-26/P/3,2025-12-01,54550.0
5602,,116936,2026-2027,5THSFC/2026-27/P/1,2026-05-31,3950.0
5602,,116936,2026-2027,5THSFC/2026-27/P/2,2026-06-02,450.0
5602,,116936,2026-2027,5THSFC/2026-27/P/3,2026-07-23,6050.0
5608,,116936,2026-2027,XVFC/2026-27/P/1,2026-05-12,1800.0
5608,,116936,2026-2027,XVFC/2026-27/P/2,2026-05-30,900.0
5608,,116936,2026-2027,XVFC/2026-27/P/3,2026-05-30,900.0
5608,,116936,2026-2027,XVFC/2026-27/P/4,2026-05-30,900.0
5608,,116936,2026-2027,XVFC/2026-27/P/5,2026-05-30,900.0
5611,5728.0,116936,2025-2026,5THSFC/2025-26/P/14,2026-03-24,130.0
5611,5728.0,116936,2025-2026,5THSFC/2025-26/P/14,2026-03-24,261.0
5611,5728.0,116936,2025-2026,5THSFC/2025-26/P/14,2026-03-24,1250.0
5611,5728.0,116936,2025-2026,5THSFC/2025-26/P/14,2026-03-24,1610.0
5611,5728.0,116936,2025-2026,5THSFC/2025-26/P/14,2026-03-24,7818.0
5611,5728.0,116936,2025-2026,5THSFC/2025-26/P/14,2026-03-24,101431.0
5611,5731.0,116936,2025-2026,5THSFC/2025-26/P/16,2026-03-25,10000.0
5612,5692.0,116936,2025-2026,5THSFC/2025-26/P/6,2026-01-02,120.0
5612,5692.0,116936,2025-2026,5THSFC/2025-26/P/6,2026-01-02,241.0
5612,5692.0,116936,2025-2026,5THSFC/2025-26/P/6,2026-01-02,1300.0
5612,5692.0,116936,2025-2026,5THSFC/2025-26/P/6,2026-01-02,1728.0
5612,5692.0,116936,2025-2026,5THSFC/2025-26/P/6,2026-01-02,5701.0
5612,5692.0,116936,2025-2026,5THSFC/2025-26/P/6,2026-01-02,107910.0
5612,5696.0,116936,2025-2026,5THSFC/2025-26/P/7,2026-01-06,13000.0
5614,5703.0,116936,2025-2026,5THSFC/2025-26/P/8,2026-02-05,155.0
5614,5703.0,116936,2025-2026,5THSFC/2025-26/P/8,2026-02-05,310.0
5614,5703.0,116936,2025-2026,5THSFC/2025-26/P/8,2026-02-05,1440.0
5614,5703.0,116936,2025-2026,5THSFC/2025-26/P/8,2026-02-05,1936.0
5614,5703.0,116936,2025-2026,5THSFC/2025-26/P/8,2026-02-05,8298.0
5614,5703.0,116936,2025-2026,5THSFC/2025-26/P/8,2026-02-05,117461.0
5614,5708.0,116936,2025-2026,5THSFC/2025-26/P/10,2026-02-10,11520.0
5616,6431.0,118939,2021-2022,XVFC/2021-22/P/2,2021-07-06,1148.0
5616,6431.0,118939,2021-2022,XVFC/2021-22/P/2,2021-07-06,113663.0
5616,,118939,2026-2027,XVFC/2026-27/P/30,2026-07-21,7000.0
5616,,118939,2026-2027,XVFC/2026-27/P/31,2026-07-21,7000.0
5618,6442.0,118939,2021-2022,XVFC/2021-22/P/4,2021-12-03,400.0
5618,6442.0,118939,2021-2022,XVFC/2021-22/P/4,2021-12-03,890.0
5618,6442.0,118939,2021-2022,XVFC/2021-22/P/4,2021-12-03,37842.0
5629,6435.0,118939,2021-2022,XVFC/2021-22/P/3,2021-09-29,400.0
5629,6435.0,118939,2021-2022,XVFC/2021-22/P/3,2021-09-29,842.0
5629,6435.0,118939,2021-2022,XVFC/2021-22/P/3,2021-09-29,38190.0
5635,6430.0,118939,2021-2022,XVFC/2021-22/P/1,2021-07-06,350.0
5635,6430.0,118939,2021-2022,XVFC/2021-22/P/1,2021-07-06,897.0
5635,6430.0,118939,2021-2022,XVFC/2021-22/P/1,2021-07-06,33167.0
5636,6445.0,118939,2021-2022,XVFC/2021-22/P/6,2021-12-19,100000.0
5637,6452.0,118939,2021-2022,XVFC/2021-22/P/7,2022-03-10,87402.0
5638,6453.0,118939,2021-2022,XVFC/2021-22/P/8,2022-03-10,141881.0
5639,6393.0,118939,2022-2023,XVFC/2022-23/P/11,2022-10-13,510.0
5639,6393.0,118939,2022-2023,XVFC/2022-23/P/11,2022-10-13,1007.0
5639,6393.0,118939,2022-2023,XVFC/2022-23/P/11,2022-10-13,48704.0
5640,6369.0,118939,2023-2024,XVFC/2023-24/P/5,2023-10-13,97208.0
5640,6370.0,118939,2023-2024,XVFC/2023-24/P/6,2023-12-30,22792.0
5665,6381.0,118939,2022-2023,XVFC/2022-23/P/1,2022-04-12,10000.0
5665,6385.0,118939,2022-2023,XVFC/2022-23/P/4,2022-09-23,12000.0
5665,6394.0,118939,2022-2023,XVFC/2022-23/P/12,2022-11-09,4000.0
5665,6403.0,118939,2022-2023,XVFC/2022-23/P/21,2022-12-17,2000.0
5665,6409.0,118939,2022-2023,XVFC/2022-23/P/27,2023-03-25,6000.0
5665,6368.0,118939,2023-2024,XVFC/2023-24/P/4,2023-10-12,10000.0
5665,6368.0,118939,2023-2024,XVFC/2023-24/P/4,2023-10-12,14000.0
5666,6448.0,118939,2021-2022,5THSFC/2021-22/P/1,2022-03-10,100000.0
5667,6386.0,118939,2022-2023,XVFC/2022-23/P/5,2022-09-27,12600.0
5669,6383.0,118939,2022-2023,XVFC/2022-23/P/2,2022-07-28,53325.0
5669,6384.0,118939,2022-2023,XVFC/2022-23/P/3,2022-09-23,4109.0
5669,6395.0,118939,2022-2023,XVFC/2022-23/P/13,2022-11-09,12504.0
5670,6444.0,118939,2021-2022,XVFC/2021-22/P/5,2021-12-10,490000.0
5671,,118939,2026-2027,5THSFC/2026-27/P/5,2026-07-28,1400.0
5671,,118939,2026-2027,5THSFC/2026-27/P/5,2026-07-28,1628.0
5671,,118939,2026-2027,5THSFC/2026-27/P/5,2026-07-28,128974.0
5672,6223.0,118939,2025-2026,XVFC/2025-26/P/24,2025-07-09,59844.0
5673,6398.0,118939,2022-2023,XVFC/2022-23/P/16,2022-11-28,500.0
5673,6398.0,118939,2022-2023,XVFC/2022-23/P/16,2022-11-28,1824.0
5673,6398.0,118939,2022-2023,XVFC/2022-23/P/16,2022-11-28,47078.0
5674,6397.0,118939,2022-2023,XVFC/2022-23/P/15,2022-11-14,500.0
5674,6397.0,118939,2022-2023,XVFC/2022-23/P/15,2022-11-14,1514.0
5674,6397.0,118939,2022-2023,XVFC/2022-23/P/15,2022-11-14,46894.0
5691,6389.0,118939,2022-2023,XVFC/2022-23/P/7,2022-09-28,15000.0
5691,6390.0,118939,2022-2023,XVFC/2022-23/P/8,2022-09-28,15000.0
5691,6402.0,118939,2022-2023,XVFC/2022-23/P/20,2022-12-17,15000.0
5691,6406.0,118939,2022-2023,XVFC/2022-23/P/24,2023-02-03,18000.0
5691,6407.0,118939,2022-2023,XVFC/2022-23/P/25,2023-02-03,17400.0
5691,6411.0,118939,2022-2023,XVFC/2022-23/P/29,2023-03-27,30000.0
5691,6304.0,118939,2024-2025,XVFC/2024-25/P/7,2024-07-22,15000.0
5691,6318.0,118939,2024-2025,XVFC/2024-25/P/20,2024-12-28,15000.0
5691,6319.0,118939,2024-2025,XVFC/2024-25/P/21,2024-12-28,15000.0
5691,6320.0,118939,2024-2025,XVFC/2024-25/P/22,2024-12-28,12000.0
5691,6198.0,118939,2025-2026,XVFC/2025-26/P/4,2025-05-23,15000.0
5691,6199.0,118939,2025-2026,XVFC/2025-26/P/5,2025-05-23,15000.0
5691,6200.0,118939,2025-2026,XVFC/2025-26/P/6,2025-05-23,15000.0
5692,6302.0,118939,2024-2025,5THSFC/2024-25/P/3,2024-07-22,407.0
5692,6302.0,118939,2024-2025,5THSFC/2024-25/P/3,2024-07-22,1000.0
5692,6302.0,118939,2024-2025,5THSFC/2024-25/P/3,2024-07-22,88037.0
5694,,118939,2026-2027,XVFC/2026-27/P/29,2026-07-13,90000.0
5694,,118939,2026-2027,XVFC/2026-27/P/32,2026-07-28,1000.0
5694,,118939,2026-2027,XVFC/2026-27/P/32,2026-07-28,1188.0
5694,,118939,2026-2027,XVFC/2026-27/P/32,2026-07-28,5123.0
5696,6400.0,118939,2022-2023,XVFC/2022-23/P/18,2022-12-17,29100.0
5696,6401.0,118939,2022-2023,XVFC/2022-23/P/19,2022-12-17,29100.0
5696,6404.0,118939,2022-2023,XVFC/2022-23/P/22,2022-12-27,29100.0
5697,6388.0,118939,2022-2023,XVFC/2022-23/P/6,2022-09-28,150.0
5697,6388.0,118939,2022-2023,XVFC/2022-23/P/6,2022-09-28,566.0
5697,6388.0,118939,2022-2023,XVFC/2022-23/P/6,2022-09-28,13897.0
5698,6391.0,118939,2022-2023,XVFC/2022-23/P/9,2022-09-28,176.0
5698,6391.0,118939,2022-2023,XVFC/2022-23/P/9,2022-09-28,751.0
5698,6391.0,118939,2022-2023,XVFC/2022-23/P/9,2022-09-28,14797.0
5699,6387.0,118939,2022-2023,5THSFC/2022-23/P/2,2022-09-28,316.0
5699,6387.0,118939,2022-2023,5THSFC/2022-23/P/2,2022-09-28,500.0
5699,6387.0,118939,2022-2023,5THSFC/2022-23/P/2,2022-09-28,48147.0
5700,6396.0,118939,2022-2023,XVFC/2022-23/P/14,2022-11-09,7865.0
5700,6399.0,118939,2022-2023,XVFC/2022-23/P/17,2022-12-17,15294.0
5700,6405.0,118939,2022-2023,XVFC/2022-23/P/23,2023-02-03,37096.0
5700,6410.0,118939,2022-2023,XVFC/2022-23/P/28,2023-03-25,34028.0
5700,6366.0,118939,2023-2024,XVFC/2023-24/P/2,2023-07-05,25717.0
5701,6392.0,118939,2022-2023,XVFC/2022-23/P/10,2022-10-13,98.0
5701,6392.0,118939,2022-2023,XVFC/2022-23/P/10,2022-10-13,500.0
5701,6392.0,118939,2022-2023,XVFC/2022-23/P/10,2022-10-13,47102.0
5702,6408.0,118939,2022-2023,XVFC/2022-23/P/26,2023-02-24,356.0
5702,6408.0,118939,2022-2023,XVFC/2022-23/P/26,2023-02-24,660.0
5702,6408.0,118939,2022-2023,XVFC/2022-23/P/26,2023-02-24,65563.0
5706,6364.0,118939,2023-2024,XVFC/2023-24/P/1,2023-05-01,400.0
5706,6364.0,118939,2023-2024,XVFC/2023-24/P/1,2023-05-01,39600.0
5707,6312.0,118939,2024-2025,XVFC/2024-25/P/14,2024-11-18,6500.0
5707,6193.0,118939,2025-2026,XVFC/2025-26/P/2,2025-04-30,35000.0
5708,6367.0,118939,2023-2024,XVFC/2023-24/P/3,2023-09-21,96.0
5708,6367.0,118939,2023-2024,XVFC/2023-24/P/3,2023-09-21,202.0
5708,6367.0,118939,2023-2024,XVFC/2023-24/P/3,2023-09-21,20071.0
5709,6309.0,118939,2024-2025,XVFC/2024-25/P/12,2024-10-05,407.0
5709,6309.0,118939,2024-2025,XVFC/2024-25/P/12,2024-10-05,1000.0
5709,6309.0,118939,2024-2025,XVFC/2024-25/P/12,2024-10-05,98529.0
5710,6310.0,118939,2024-2025,XVFC/2024-25/P/13,2024-10-05,100.0
5710,6310.0,118939,2024-2025,XVFC/2024-25/P/13,2024-10-05,230.0
5710,6310.0,118939,2024-2025,XVFC/2024-25/P/13,2024-10-05,9638.0
5710,6204.0,118939,2025-2026,XVFC/2025-26/P/7,2025-05-31,100.0
5710,6204.0,118939,2025-2026,XVFC/2025-26/P/7,2025-05-31,239.0
5710,6204.0,118939,2025-2026,XVFC/2025-26/P/7,2025-05-31,9629.0
5710,6205.0,118939,2025-2026,XVFC/2025-26/P/8,2025-05-31,100.0
5710,6205.0,118939,2025-2026,XVFC/2025-26/P/8,2025-05-31,214.0
5710,6205.0,118939,2025-2026,XVFC/2025-26/P/8,2025-05-31,9658.0
5712,6298.0,118939,2024-2025,5THSFC/2024-25/P/2,2024-05-25,1477.0
5712,6298.0,118939,2024-2025,5THSFC/2024-25/P/2,2024-05-25,2000.0
5712,6298.0,118939,2024-2025,5THSFC/2024-25/P/2,2024-05-25,196315.0
5715,6341.0,118939,2024-2025,XVFC/2024-25/P/42,2025-03-04,12600.0
5716,6236.0,118939,2025-2026,5THSFC/2025-26/P/9,2025-09-11,2000.0
5716,6236.0,118939,2025-2026,5THSFC/2025-26/P/9,2025-09-11,3565.0
5716,6236.0,118939,2025-2026,5THSFC/2025-26/P/9,2025-09-11,191973.0
5717,6356.0,118939,2024-2025,5THSFC/2024-25/P/6,2025-03-13,500.0
5717,6356.0,118939,2024-2025,5THSFC/2024-25/P/6,2025-03-13,49500.0
5717,6357.0,118939,2024-2025,5THSFC/2024-25/P/7,2025-03-13,500.0
5717,6357.0,118939,2024-2025,5THSFC/2024-25/P/7,2025-03-13,49500.0
5720,6303.0,118939,2024-2025,XVFC/2024-25/P/6,2024-07-22,30000.0
5721,,118939,2026-2027,XVFC/2026-27/P/9,2026-05-21,90000.0
5721,,118939,2026-2027,XVFC/2026-27/P/10,2026-05-27,560.0
5721,,118939,2026-2027,XVFC/2026-27/P/10,2026-05-27,1000.0
5723,,118939,2026-2027,5THSFC/2026-27/P/1,2026-05-05,90000.0
5723,,118939,2026-2027,5THSFC/2026-27/P/3,2026-05-13,1000.0
5723,,118939,2026-2027,5THSFC/2026-27/P/3,2026-05-13,1733.0
5723,,118939,2026-2027,5THSFC/2026-27/P/3,2026-05-13,6079.0
5800,6305.0,118939,2024-2025,XVFC/2024-25/P/8,2024-07-22,26190.0
5800,6306.0,118939,2024-2025,XVFC/2024-25/P/9,2024-07-26,2910.0
5939,6371.0,118939,2023-2024,XVFC/2023-24/P/7,2024-01-18,14749.0
5939,6372.0,118939,2023-2024,XVFC/2023-24/P/8,2024-02-17,87093.0
5939,6373.0,118939,2023-2024,XVFC/2023-24/P/9,2024-03-21,31647.0
5939,6299.0,118939,2024-2025,XVFC/2024-25/P/3,2024-05-25,28660.0
5939,6300.0,118939,2024-2025,XVFC/2024-25/P/4,2024-07-04,15719.0
5939,6301.0,118939,2024-2025,XVFC/2024-25/P/5,2024-07-04,4192.0
5947,6296.0,118939,2024-2025,XVFC/2024-25/P/1,2024-04-21,400.0
5947,6296.0,118939,2024-2025,XVFC/2024-25/P/1,2024-04-21,1511.0
5947,6296.0,118939,2024-2025,XVFC/2024-25/P/1,2024-04-21,38009.0
5947,6297.0,118939,2024-2025,XVFC/2024-25/P/2,2024-04-21,400.0
5947,6297.0,118939,2024-2025,XVFC/2024-25/P/2,2024-04-21,1511.0
5947,6297.0,118939,2024-2025,XVFC/2024-25/P/2,2024-04-21,38009.0
5948,6295.0,118939,2024-2025,5THSFC/2024-25/P/1,2024-04-21,400.0
5948,6295.0,118939,2024-2025,5THSFC/2024-25/P/1,2024-04-21,1565.0
5948,6295.0,118939,2024-2025,5THSFC/2024-25/P/1,2024-04-21,37963.0
5949,6258.0,118939,2025-2026,5THSFC/2025-26/P/13,2026-01-07,328.0
5949,6258.0,118939,2025-2026,5THSFC/2025-26/P/13,2026-01-07,740.0
5949,6258.0,118939,2025-2026,5THSFC/2025-26/P/13,2026-01-07,31310.0
5950,6249.0,118939,2025-2026,5THSFC/2025-26/P/12,2025-12-06,93600.0
5950,6268.0,118939,2025-2026,5THSFC/2025-26/P/15,2026-01-30,1040.0
5950,6268.0,118939,2025-2026,5THSFC/2025-26/P/15,2026-01-30,1433.0
5950,6268.0,118939,2025-2026,5THSFC/2025-26/P/15,2026-01-30,6511.0
5951,6342.0,118939,2024-2025,XVFC/2024-25/P/43,2025-03-04,12600.0
5952,6229.0,118939,2025-2026,XVFC/2025-26/P/30,2025-08-13,6500.0
5952,6269.0,118939,2025-2026,XVFC/2025-26/P/63,2026-01-31,3000.0
5953,6239.0,118939,2025-2026,XVFC/2025-26/P/39,2025-09-11,9000.0
5954,6246.0,118939,2025-2026,5THSFC/2025-26/P/10,2025-11-20,45000.0
5954,6267.0,118939,2025-2026,5THSFC/2025-26/P/14,2026-01-30,99.0
5954,6267.0,118939,2025-2026,5THSFC/2025-26/P/14,2026-01-30,494.0
5954,6267.0,118939,2025-2026,5THSFC/2025-26/P/14,2026-01-30,3266.0
5955,6192.0,118939,2025-2026,XVFC/2025-26/P/1,2025-04-28,29100.0
5956,6194.0,118939,2025-2026,XVFC/2025-26/P/3,2025-05-02,500.0
5956,6194.0,118939,2025-2026,XVFC/2025-26/P/3,2025-05-02,521.0
5956,6194.0,118939,2025-2026,XVFC/2025-26/P/3,2025-05-02,48919.0
5957,6197.0,118939,2025-2026,5THSFC/2025-26/P/3,2025-05-23,45000.0
5957,6203.0,118939,2025-2026,5THSFC/2025-26/P/6,2025-05-28,500.0
5957,6203.0,118939,2025-2026,5THSFC/2025-26/P/6,2025-05-28,1611.0
5957,6203.0,118939,2025-2026,5THSFC/2025-26/P/6,2025-05-28,2801.0
5958,6196.0,118939,2025-2026,5THSFC/2025-26/P/2,2025-05-23,45000.0
5958,6202.0,118939,2025-2026,5THSFC/2025-26/P/5,2025-05-28,500.0
5958,6202.0,118939,2025-2026,5THSFC/2025-26/P/5,2025-05-28,1611.0
5958,6202.0,118939,2025-2026,5THSFC/2025-26/P/5,2025-05-28,2801.0
5959,6195.0,118939,2025-2026,5THSFC/2025-26/P/1,2025-05-23,45000.0
5959,6201.0,118939,2025-2026,5THSFC/2025-26/P/4,2025-05-28,500.0
5959,6201.0,118939,2025-2026,5THSFC/2025-26/P/4,2025-05-28,1611.0
5959,6201.0,118939,2025-2026,5THSFC/2025-26/P/4,2025-05-28,2801.0
5970,6311.0,118939,2024-2025,5THSFC/2024-25/P/4,2024-10-28,12240.0
5970,6340.0,118939,2024-2025,5THSFC/2024-25/P/5,2025-03-04,33442.0
5971,6316.0,118939,2024-2025,XVFC/2024-25/P/18,2024-12-18,26024.0
5971,6317.0,118939,2024-2025,XVFC/2024-25/P/19,2024-12-18,4976.0
5971,6321.0,118939,2024-2025,XVFC/2024-25/P/23,2025-01-28,13.0
5971,6322.0,118939,2024-2025,XVFC/2024-25/P/24,2025-01-28,3.0
5971,6323.0,118939,2024-2025,XVFC/2024-25/P/25,2025-01-28,13640.0
5971,6324.0,118939,2024-2025,XVFC/2024-25/P/26,2025-01-28,16360.0
5971,6325.0,118939,2024-2025,XVFC/2024-25/P/27,2025-01-28,2722.0
5971,6327.0,118939,2024-2025,XVFC/2024-25/P/29,2025-02-20,13868.0
5971,6328.0,118939,2024-2025,XVFC/2024-25/P/30,2025-02-20,654.0
5971,6329.0,118939,2024-2025,XVFC/2024-25/P/31,2025-02-20,10806.0
5971,6330.0,118939,2024-2025,XVFC/2024-25/P/32,2025-02-20,1986.0
5971,6331.0,118939,2024-2025,XVFC/2024-25/P/33,2025-02-20,4657.0
5971,6332.0,118939,2024-2025,XVFC/2024-25/P/34,2025-02-20,3365.0
5971,6333.0,118939,2024-2025,XVFC/2024-25/P/35,2025-02-20,3692.0
5971,6334.0,118939,2024-2025,XVFC/2024-25/P/36,2025-02-20,13270.0
5971,6348.0,118939,2024-2025,XVFC/2024-25/P/49,2025-03-12,6973.0
5971,6349.0,118939,2024-2025,XVFC/2024-25/P/50,2025-03-12,3.0
5971,6350.0,118939,2024-2025,XVFC/2024-25/P/51,2025-03-12,798.0
5971,6351.0,118939,2024-2025,XVFC/2024-25/P/52,2025-03-12,4617.0
5971,6352.0,118939,2024-2025,XVFC/2024-25/P/53,2025-03-12,1835.0
5971,6308.0,118939,2024-2025,XVFC/2024-25/P/11,2024-09-21,49762.0
5971,6353.0,118939,2024-2025,XVFC/2024-25/P/54,2025-03-12,13569.0
5971,6354.0,118939,2024-2025,XVFC/2024-25/P/55,2025-03-12,1761.0
5971,6355.0,118939,2024-2025,XVFC/2024-25/P/56,2025-03-12,1287.0
5971,6314.0,118939,2024-2025,XVFC/2024-25/P/16,2024-12-18,5185.0
5971,6315.0,118939,2024-2025,XVFC/2024-25/P/17,2024-12-18,1022.0
5971,6245.0,118939,2025-2026,XVFC/2025-26/P/45,2025-11-13,299.0
5971,6270.0,118939,2025-2026,XVFC/2025-26/P/64,2026-02-12,950.0
5971,6235.0,118939,2025-2026,XVFC/2025-26/P/36,2025-08-18,130.0
5971,6209.0,118939,2025-2026,XVFC/2025-26/P/10,2025-06-19,337.0
5971,6210.0,118939,2025-2026,XVFC/2025-26/P/11,2025-06-19,3172.0
5971,6211.0,118939,2025-2026,XVFC/2025-26/P/12,2025-06-19,902.0
5971,6212.0,118939,2025-2026,XVFC/2025-26/P/13,2025-06-19,2246.0
5971,6213.0,118939,2025-2026,XVFC/2025-26/P/14,2025-06-19,1433.0
5971,6214.0,118939,2025-2026,XVFC/2025-26/P/15,2025-06-19,1241.0
5971,6215.0,118939,2025-2026,XVFC/2025-26/P/16,2025-06-19,1378.0
5971,6216.0,118939,2025-2026,XVFC/2025-26/P/17,2025-06-19,7064.0
5971,6217.0,118939,2025-2026,XVFC/2025-26/P/18,2025-06-19,18603.0
5971,6218.0,118939,2025-2026,XVFC/2025-26/P/19,2025-06-19,1624.0
5971,6219.0,118939,2025-2026,XVFC/2025-26/P/20,2025-06-19,13546.0
5971,6220.0,118939,2025-2026,XVFC/2025-26/P/21,2025-06-19,3989.0
5971,6221.0,118939,2025-2026,XVFC/2025-26/P/22,2025-06-19,3572.0
5971,6222.0,118939,2025-2026,XVFC/2025-26/P/23,2025-06-19,3483.0
5971,6224.0,118939,2025-2026,XVFC/2025-26/P/25,2025-07-22,3549.0
5971,6225.0,118939,2025-2026,XVFC/2025-26/P/26,2025-07-22,21.0
5971,6226.0,118939,2025-2026,XVFC/2025-26/P/27,2025-07-22,3277.0
5971,6227.0,118939,2025-2026,XVFC/2025-26/P/28,2025-07-22,9.0
5971,6230.0,118939,2025-2026,XVFC/2025-26/P/31,2025-08-18,7992.0
5971,6231.0,118939,2025-2026,XVFC/2025-26/P/32,2025-08-18,3790.0
5971,6232.0,118939,2025-2026,XVFC/2025-26/P/33,2025-08-18,5262.0
5971,6233.0,118939,2025-2026,XVFC/2025-26/P/34,2025-08-18,908.0
5971,6234.0,118939,2025-2026,XVFC/2025-26/P/35,2025-08-18,201.0
5971,6240.0,118939,2025-2026,XVFC/2025-26/P/40,2025-09-13,3825.0
5971,6241.0,118939,2025-2026,XVFC/2025-26/P/41,2025-09-13,2251.0
5971,6242.0,118939,2025-2026,XVFC/2025-26/P/42,2025-09-13,476.0
5971,6243.0,118939,2025-2026,XVFC/2025-26/P/43,2025-09-13,834.0
5972,6247.0,118939,2025-2026,5THSFC/2025-26/P/11,2025-11-20,1073.0
5972,6247.0,118939,2025-2026,5THSFC/2025-26/P/11,2025-11-20,1119.0
5972,6247.0,118939,2025-2026,5THSFC/2025-26/P/11,2025-11-20,107746.0
5979,6206.0,118939,2025-2026,5THSFC/2025-26/P/7,2025-06-06,180000.0
5979,6207.0,118939,2025-2026,5THSFC/2025-26/P/8,2025-06-16,1958.0
5979,6207.0,118939,2025-2026,5THSFC/2025-26/P/8,2025-06-16,2000.0
5979,6207.0,118939,2025-2026,5THSFC/2025-26/P/8,2025-06-16,15770.0
6029,6347.0,118939,2024-2025,XVFC/2024-25/P/48,2025-03-04,4560.0
6068,6307.0,118939,2024-2025,XVFC/2024-25/P/10,2024-09-19,26594.0
6068,6326.0,118939,2024-2025,XVFC/2024-25/P/28,2025-02-17,19500.0
6068,6208.0,118939,2025-2026,XVFC/2025-26/P/9,2025-06-16,9750.0
6068,,118939,2026-2027,XVFC/2026-27/P/28,2026-07-10,3250.0
6069,6344.0,118939,2024-2025,XVFC/2024-25/P/45,2025-03-04,4860.0
6070,6343.0,118939,2024-2025,XVFC/2024-25/P/44,2025-03-04,4860.0
6071,6345.0,118939,2024-2025,XVFC/2024-25/P/46,2025-03-04,4860.0
6072,6346.0,118939,2024-2025,XVFC/2024-25/P/47,2025-03-04,4860.0
6073,6237.0,118939,2025-2026,XVFC/2025-26/P/37,2025-09-11,13500.0
6073,6266.0,118939,2025-2026,XVFC/2025-26/P/62,2026-01-27,1500.0
6074,6238.0,118939,2025-2026,XVFC/2025-26/P/38,2025-09-11,9930.0
6075,6335.0,118939,2024-2025,XVFC/2024-25/P/37,2025-02-22,500.0
6075,6335.0,118939,2024-2025,XVFC/2024-25/P/37,2025-02-22,1670.0
6075,6335.0,118939,2024-2025,XVFC/2024-25/P/37,2025-02-22,47742.0
6076,6336.0,118939,2024-2025,XVFC/2024-25/P/38,2025-02-22,500.0
6076,6336.0,118939,2024-2025,XVFC/2024-25/P/38,2025-02-22,1687.0
6076,6336.0,118939,2024-2025,XVFC/2024-25/P/38,2025-02-22,47725.0
6077,6338.0,118939,2024-2025,XVFC/2024-25/P/40,2025-02-22,500.0
6077,6338.0,118939,2024-2025,XVFC/2024-25/P/40,2025-02-22,1687.0
6077,6338.0,118939,2024-2025,XVFC/2024-25/P/40,2025-02-22,47725.0
6078,6337.0,118939,2024-2025,XVFC/2024-25/P/39,2025-02-22,500.0
6078,6337.0,118939,2024-2025,XVFC/2024-25/P/39,2025-02-22,1687.0
6078,6339.0,118939,2024-2025,XVFC/2024-25/P/41,2025-02-25,47725.0
6081,,118939,2026-2027,XVFC/2026-27/P/1,2026-05-05,45000.0
6081,,118939,2026-2027,XVFC/2026-27/P/2,2026-05-13,500.0
6081,,118939,2026-2027,XVFC/2026-27/P/2,2026-05-13,1071.0
6083,6285.0,118939,2025-2026,5THSFC/2025-26/P/16,2026-03-24,90000.0
6083,6288.0,118939,2025-2026,5THSFC/2025-26/P/17,2026-03-26,1000.0
6083,6288.0,118939,2025-2026,5THSFC/2025-26/P/17,2026-03-26,3629.0
6083,6288.0,118939,2025-2026,5THSFC/2025-26/P/17,2026-03-26,3970.0
6098,,118939,2026-2027,5THSFC/2026-27/P/2,2026-05-05,461.0
6098,,118939,2026-2027,5THSFC/2026-27/P/2,2026-05-05,45188.0
6105,6228.0,118939,2025-2026,XVFC/2025-26/P/29,2025-08-13,37800.0
6105,6244.0,118939,2025-2026,XVFC/2025-26/P/44,2025-09-16,4200.0
6106,6248.0,118939,2025-2026,XVFC/2025-26/P/46,2025-11-20,19500.0
6106,6286.0,118939,2025-2026,XVFC/2025-26/P/79,2026-03-24,16250.0
6106,,118939,2026-2027,XVFC/2026-27/P/3,2026-05-13,3250.0
6187,6250.0,118939,2025-2026,XVFC/2025-26/P/47,2025-12-24,559.0
6187,6251.0,118939,2025-2026,XVFC/2025-26/P/48,2025-12-24,4698.0
6187,6252.0,118939,2025-2026,XVFC/2025-26/P/49,2025-12-24,1723.0
6187,6253.0,118939,2025-2026,XVFC/2025-26/P/50,2025-12-24,21182.0
6187,6254.0,118939,2025-2026,XVFC/2025-26/P/51,2025-12-24,230.0
6187,6255.0,118939,2025-2026,XVFC/2025-26/P/52,2025-12-24,8021.0
6187,6256.0,118939,2025-2026,XVFC/2025-26/P/53,2025-12-24,4062.0
6187,6257.0,118939,2025-2026,XVFC/2025-26/P/54,2025-12-24,22794.0
6187,6259.0,118939,2025-2026,XVFC/2025-26/P/55,2026-01-21,425.0
6187,6260.0,118939,2025-2026,XVFC/2025-26/P/56,2026-01-21,522.0
6187,6261.0,118939,2025-2026,XVFC/2025-26/P/57,2026-01-21,6845.0
6187,6262.0,118939,2025-2026,XVFC/2025-26/P/58,2026-01-21,435.0
6187,6263.0,118939,2025-2026,XVFC/2025-26/P/59,2026-01-21,2298.0
6187,6264.0,118939,2025-2026,XVFC/2025-26/P/60,2026-01-21,2136.0
6187,6265.0,118939,2025-2026,XVFC/2025-26/P/61,2026-01-21,4190.0
6187,6271.0,118939,2025-2026,XVFC/2025-26/P/65,2026-02-12,603.0
6187,6272.0,118939,2025-2026,XVFC/2025-26/P/66,2026-02-12,451.0
6187,6273.0,118939,2025-2026,XVFC/2025-26/P/67,2026-02-12,8190.0
6187,6274.0,118939,2025-2026,XVFC/2025-26/P/68,2026-02-12,2145.0
6187,6275.0,118939,2025-2026,XVFC/2025-26/P/69,2026-02-12,2096.0
6187,6276.0,118939,2025-2026,XVFC/2025-26/P/70,2026-02-12,5956.0
6187,6277.0,118939,2025-2026,XVFC/2025-26/P/71,2026-03-23,393.0
6187,6278.0,118939,2025-2026,XVFC/2025-26/P/72,2026-03-23,819.0
6187,6279.0,118939,2025-2026,XVFC/2025-26/P/73,2026-03-23,594.0
6187,6280.0,118939,2025-2026,XVFC/2025-26/P/74,2026-03-23,5783.0
6187,6281.0,118939,2025-2026,XVFC/2025-26/P/75,2026-03-23,735.0
6187,6282.0,118939,2025-2026,XVFC/2025-26/P/76,2026-03-23,2265.0
6187,6283.0,118939,2025-2026,XVFC/2025-26/P/77,2026-03-23,2112.0
6187,6284.0,118939,2025-2026,XVFC/2025-26/P/78,2026-03-23,7203.0
6187,6287.0,118939,2025-2026,XVFC/2025-26/P/80,2026-03-25,24310.0
6187,,118939,2026-2027,XVFC/2026-27/P/4,2026-05-13,2245.0
6187,,118939,2026-2027,XVFC/2026-27/P/5,2026-05-13,2174.0
6187,,118939,2026-2027,XVFC/2026-27/P/6,2026-05-13,1552.0
6187,,118939,2026-2027,XVFC/2026-27/P/7,2026-05-13,12458.0
6187,,118939,2026-2027,XVFC/2026-27/P/8,2026-05-13,15955.0
6187,,118939,2026-2027,XVFC/2026-27/P/12,2026-06-16,351.0
6187,,118939,2026-2027,XVFC/2026-27/P/13,2026-06-16,7545.0
6187,,118939,2026-2027,XVFC/2026-27/P/14,2026-06-16,6995.0
6187,,118939,2026-2027,XVFC/2026-27/P/15,2026-06-16,911.0
6187,,118939,2026-2027,XVFC/2026-27/P/16,2026-06-16,6912.0
6187,,118939,2026-2027,XVFC/2026-27/P/17,2026-06-16,1100.0
6187,,118939,2026-2027,XVFC/2026-27/P/18,2026-06-16,1100.0
6187,,118939,2026-2027,XVFC/2026-27/P/19,2026-06-16,648.0
6187,,118939,2026-2027,XVFC/2026-27/P/20,2026-06-20,33920.0
6187,,118939,2026-2027,XVFC/2026-27/P/21,2026-06-23,32000.0
6187,,118939,2026-2027,XVFC/2026-27/P/22,2026-07-10,767.0
6187,,118939,2026-2027,XVFC/2026-27/P/23,2026-07-10,1036.0
6187,,118939,2026-2027,XVFC/2026-27/P/24,2026-07-10,1035.0
6187,,118939,2026-2027,XVFC/2026-27/P/25,2026-07-10,213.0
6187,,118939,2026-2027,XVFC/2026-27/P/26,2026-07-10,4462.0
6187,,118939,2026-2027,XVFC/2026-27/P/27,2026-07-10,7231.0
6189,7106.0,117153,2021-2022,XVFC/2021-22/P/6,2022-01-13,80099.0
6189,6928.0,117153,2022-2023,XVFC/2022-23/P/26,2022-08-06,2709.0
6189,6929.0,117153,2022-2023,XVFC/2022-23/P/27,2022-08-06,127.0
6189,6930.0,117153,2022-2023,XVFC/2022-23/P/28,2022-08-06,837.0
6192,7058.0,117153,2021-2022,XVFC/2021-22/P/1,2021-04-22,92630.0
6192,6916.0,117153,2022-2023,XVFC/2022-23/P/14,2022-08-06,3420.0
6192,6917.0,117153,2022-2023,XVFC/2022-23/P/15,2022-08-06,2950.0
6192,6918.0,117153,2022-2023,XVFC/2022-23/P/16,2022-08-06,1000.0
6194,7261.0,117153,2020-2021,XVFC/2020-21/P/1,2021-03-15,55592.0
6194,6913.0,117153,2022-2023,XVFC/2022-23/P/11,2022-08-06,2049.0
6194,6914.0,117153,2022-2023,XVFC/2022-23/P/12,2022-08-06,1559.0
6194,6915.0,117153,2022-2023,XVFC/2022-23/P/13,2022-08-06,600.0
6196,7119.0,117153,2021-2022,XVFC/2021-22/P/8,2022-02-12,94660.0
6196,6876.0,117153,2022-2023,XVFC/2022-23/P/1,2022-05-31,666861.0
6196,6937.0,117153,2022-2023,XVFC/2022-23/P/35,2022-08-06,3086.0
6196,6938.0,117153,2022-2023,XVFC/2022-23/P/36,2022-08-06,250.0
6196,6939.0,117153,2022-2023,XVFC/2022-23/P/37,2022-08-06,970.0
6196,6940.0,117153,2022-2023,XVFC/2022-23/P/38,2022-08-06,22043.0
6196,6941.0,117153,2022-2023,XVFC/2022-23/P/39,2022-08-06,5130.0
6196,6942.0,117153,2022-2023,XVFC/2022-23/P/40,2022-08-06,7000.0
6197,7107.0,117153,2021-2022,XVFC/2021-22/P/7,2022-01-13,118176.0
6197,6922.0,117153,2022-2023,XVFC/2022-23/P/20,2022-08-06,3933.0
6197,6923.0,117153,2022-2023,XVFC/2022-23/P/21,2022-08-06,1641.0
6197,6924.0,117153,2022-2023,XVFC/2022-23/P/22,2022-08-06,1250.0
6198,6870.0,117153,2022-2023,5THSFC/2022-23/P/1,2022-05-31,114147.0
6198,6904.0,117153,2022-2023,5THSFC/2022-23/P/9,2022-08-06,2400.0
6198,6893.0,117153,2022-2023,5THSFC/2022-23/P/10,2022-08-06,912.0
6198,6894.0,117153,2022-2023,5THSFC/2022-23/P/11,2022-08-06,1117.0
6198,6758.0,117153,2023-2024,5THSFC/2023-24/P/7,2024-02-20,501232.0
6199,6877.0,117153,2022-2023,XVFC/2022-23/P/2,2022-05-31,92769.0
6199,6943.0,117153,2022-2023,XVFC/2022-23/P/41,2022-08-06,3401.0
6199,6944.0,117153,2022-2023,XVFC/2022-23/P/42,2022-08-06,2830.0
6199,6945.0,117153,2022-2023,XVFC/2022-23/P/43,2022-08-06,1000.0
6200,6878.0,117153,2022-2023,XVFC/2022-23/P/3,2022-05-31,60000.0
6201,6879.0,117153,2022-2023,XVFC/2022-23/P/4,2022-05-31,8000.0
6201,6880.0,117153,2022-2023,XVFC/2022-23/P/5,2022-05-31,8000.0
6201,6881.0,117153,2022-2023,XVFC/2022-23/P/6,2022-05-31,8000.0
6201,6962.0,117153,2022-2023,XVFC/2022-23/P/45,2022-11-10,10000.0
6201,6963.0,117153,2022-2023,XVFC/2022-23/P/46,2022-11-10,10000.0
6201,6964.0,117153,2022-2023,XVFC/2022-23/P/47,2022-11-10,10000.0
6201,6979.0,117153,2022-2023,XVFC/2022-23/P/53,2023-02-09,6000.0
6201,6980.0,117153,2022-2023,XVFC/2022-23/P/54,2023-02-09,6000.0
6201,6981.0,117153,2022-2023,XVFC/2022-23/P/55,2023-02-09,6000.0
6202,6912.0,117153,2022-2023,XVFC/2022-23/P/10,2022-08-06,28679.0
6214,7103.0,117153,2021-2022,XVFC/2021-22/P/3,2022-01-13,95761.0
6214,6931.0,117153,2022-2023,XVFC/2022-23/P/29,2022-08-06,3175.0
6214,6932.0,117153,2022-2023,XVFC/2022-23/P/30,2022-08-06,64.0
6214,6933.0,117153,2022-2023,XVFC/2022-23/P/31,2022-08-06,1000.0
6218,7102.0,117153,2021-2022,XVFC/2021-22/P/2,2022-01-13,92653.0
6218,6919.0,117153,2022-2023,XVFC/2022-23/P/17,2022-08-06,2935.0
6218,6920.0,117153,2022-2023,XVFC/2022-23/P/18,2022-08-06,1000.0
6218,6921.0,117153,2022-2023,XVFC/2022-23/P/19,2022-08-06,3412.0
6219,7105.0,117153,2021-2022,XVFC/2021-22/P/5,2022-01-13,85730.0
6219,6925.0,117153,2022-2023,XVFC/2022-23/P/23,2022-08-06,2888.0
6219,6926.0,117153,2022-2023,XVFC/2022-23/P/24,2022-08-06,1247.0
6219,6927.0,117153,2022-2023,XVFC/2022-23/P/25,2022-08-06,907.0
6220,7104.0,117153,2021-2022,XVFC/2021-22/P/4,2022-01-13,138808.0
6220,6934.0,117153,2022-2023,XVFC/2022-23/P/32,2022-08-06,5146.0
6220,6935.0,117153,2022-2023,XVFC/2022-23/P/33,2022-08-06,4546.0
6220,6936.0,117153,2022-2023,XVFC/2022-23/P/34,2022-08-06,1500.0
6221,7099.0,117153,2021-2022,5THSFC/2021-22/P/1,2022-01-13,92691.0
6221,6898.0,117153,2022-2023,5THSFC/2022-23/P/3,2022-08-06,2000.0
6221,6899.0,117153,2022-2023,5THSFC/2022-23/P/4,2022-08-06,2900.0
6221,6900.0,117153,2022-2023,5THSFC/2022-23/P/5,2022-08-06,1000.0
6222,6871.0,117153,2022-2023,5THSFC/2022-23/P/2,2022-05-31,47641.0
6222,6895.0,117153,2022-2023,5THSFC/2022-23/P/12,2022-08-06,1000.0
6222,6896.0,117153,2022-2023,5THSFC/2022-23/P/13,2022-08-06,273.0
6222,6897.0,117153,2022-2023,5THSFC/2022-23/P/14,2022-08-06,500.0
6223,6948.0,117153,2022-2023,XVFC/2022-23/P/9,2022-08-06,12544.0
6224,6947.0,117153,2022-2023,XVFC/2022-23/P/8,2022-08-06,12544.0
6225,6946.0,117153,2022-2023,XVFC/2022-23/P/7,2022-08-06,23176.0
6226,6965.0,117153,2022-2023,XVFC/2022-23/P/48,2022-11-10,139690.0
6226,6968.0,117153,2022-2023,XVFC/2022-23/P/49,2022-11-14,50830.0
6226,6973.0,117153,2022-2023,XVFC/2022-23/P/50,2023-01-02,74640.0
6226,6983.0,117153,2022-2023,XVFC/2022-23/P/56,2023-03-25,17237.0
6226,6731.0,117153,2023-2024,XVFC/2023-24/P/1,2023-04-25,4000.0
6226,6732.0,117153,2023-2024,XVFC/2023-24/P/2,2023-04-25,4000.0
6226,6733.0,117153,2023-2024,XVFC/2023-24/P/3,2023-04-25,4000.0
6226,6742.0,117153,2023-2024,XVFC/2023-24/P/4,2023-06-09,4000.0
6226,6743.0,117153,2023-2024,XVFC/2023-24/P/5,2023-06-09,4000.0
6226,6744.0,117153,2023-2024,XVFC/2023-24/P/6,2023-06-09,4000.0
6226,6755.0,117153,2023-2024,XVFC/2023-24/P/16,2023-09-29,6000.0
6226,6756.0,117153,2023-2024,XVFC/2023-24/P/17,2023-09-29,6000.0
6226,6757.0,117153,2023-2024,XVFC/2023-24/P/18,2023-09-29,6000.0
6226,6760.0,117153,2023-2024,XVFC/2023-24/P/19,2024-02-21,10000.0
6226,6761.0,117153,2023-2024,XVFC/2023-24/P/20,2024-02-21,10000.0
6226,6762.0,117153,2023-2024,XVFC/2023-24/P/21,2024-02-21,10000.0
6226,6784.0,117153,2023-2024,XVFC/2023-24/P/24,2024-03-18,59973.0
6226,6810.0,117153,2023-2024,XVFC/2023-24/P/26,2024-03-29,4000.0
6226,6811.0,117153,2023-2024,XVFC/2023-24/P/27,2024-03-29,4000.0
6226,6812.0,117153,2023-2024,XVFC/2023-24/P/28,2024-03-29,4000.0
6226,6605.0,117153,2024-2025,XVFC/2024-25/P/6,2025-01-21,9750.0
6226,6605.0,117153,2024-2025,XVFC/2024-25/P/6,2025-01-21,13000.0
6226,6610.0,117153,2024-2025,XVFC/2024-25/P/8,2025-03-28,9750.0
6226,6609.0,117153,2024-2025,XVFC/2024-25/P/10,2025-03-28,500.0
6234,7114.0,117153,2021-2022,5THSFC/2021-22/P/2,2022-02-12,92774.0
6234,6901.0,117153,2022-2023,5THSFC/2022-23/P/6,2022-08-06,2000.0
6234,6902.0,117153,2022-2023,5THSFC/2022-23/P/7,2022-08-06,2825.0
6234,6903.0,117153,2022-2023,5THSFC/2022-23/P/8,2022-08-06,1000.0
6236,6725.0,117153,2023-2024,5THSFC/2023-24/P/1,2023-04-15,373730.0
6236,6726.0,117153,2023-2024,5THSFC/2023-24/P/2,2023-04-15,3073.0
6236,6727.0,117153,2023-2024,5THSFC/2023-24/P/3,2023-04-15,3931.0
6238,6976.0,117153,2022-2023,XVFC/2022-23/P/51,2023-02-08,139690.0
6239,,117153,2026-2027,XVFC/2026-27/P/13,2026-06-25,1329.0
6239,,117153,2026-2027,XVFC/2026-27/P/13,2026-06-25,4330.0
6239,,117153,2026-2027,XVFC/2026-27/P/13,2026-06-25,125023.0
6242,6953.0,117153,2022-2023,XVFC/2022-23/P/44,2022-08-20,239492.0
6255,6977.0,117153,2022-2023,XVFC/2022-23/P/52,2023-02-08,92714.0
6256,6749.0,117153,2023-2024,XVFC/2023-24/P/11,2023-07-13,30000.0
6257,6748.0,117153,2023-2024,XVFC/2023-24/P/10,2023-07-13,51000.0
6258,6750.0,117153,2023-2024,XVFC/2023-24/P/9,2023-07-13,60000.0
6259,6751.0,117153,2023-2024,XVFC/2023-24/P/12,2023-07-25,82005.0
6259,6752.0,117153,2023-2024,XVFC/2023-24/P/13,2023-07-25,2141.0
6259,6753.0,117153,2023-2024,XVFC/2023-24/P/14,2023-07-25,890.0
6260,6745.0,117153,2023-2024,XVFC/2023-24/P/7,2023-06-30,7000.0
6260,6746.0,117153,2023-2024,XVFC/2023-24/P/8,2023-06-30,6700.0
6261,6754.0,117153,2023-2024,XVFC/2023-24/P/15,2023-09-27,60329.0
6261,6763.0,117153,2023-2024,XVFC/2023-24/P/22,2024-02-21,36327.0
6262,6728.0,117153,2023-2024,5THSFC/2023-24/P/4,2023-04-15,115573.0
6262,6729.0,117153,2023-2024,5THSFC/2023-24/P/5,2023-04-15,511.0
6262,6730.0,117153,2023-2024,5THSFC/2023-24/P/6,2023-04-15,1200.0
6262,6583.0,117153,2024-2025,5THSFC/2024-25/P/2,2024-06-27,115758.0
6262,6584.0,117153,2024-2025,5THSFC/2024-25/P/3,2024-06-27,1210.0
6262,6585.0,117153,2024-2025,5THSFC/2024-25/P/4,2024-06-27,691.0
6263,6984.0,117153,2022-2023,5THSFC/2022-23/P/15,2023-03-28,196800.0
6263,6985.0,117153,2022-2023,5THSFC/2022-23/P/16,2023-03-28,187200.0
6422,6813.0,117153,2023-2024,XVFC/2023-24/P/29,2024-03-29,11682.0
6490,6582.0,117153,2024-2025,5THSFC/2024-25/P/1,2024-06-27,103500.0
6490,6600.0,117153,2024-2025,5THSFC/2024-25/P/8,2024-11-12,1149.0
6490,6600.0,117153,2024-2025,5THSFC/2024-25/P/8,2024-11-12,2668.0
6490,6600.0,117153,2024-2025,5THSFC/2024-25/P/8,2024-11-12,4902.0
6491,6759.0,117153,2023-2024,5THSFC/2023-24/P/8,2024-02-21,22433.0
6505,6599.0,117153,2024-2025,XVFC/2024-25/P/4,2024-11-11,18750.0
6505,6599.0,117153,2024-2025,XVFC/2024-25/P/4,2024-11-11,22000.0
6505,6611.0,117153,2024-2025,XVFC/2024-25/P/9,2025-03-28,9250.0
6506,6581.0,117153,2024-2025,XVFC/2024-25/P/1,2024-06-26,200920.0
6507,6764.0,117153,2023-2024,XVFC/2023-24/P/23,2024-02-23,90000.0
6507,6592.0,117153,2024-2025,XVFC/2024-25/P/2,2024-06-29,4000.0
6507,6593.0,117153,2024-2025,XVFC/2024-25/P/3,2024-06-29,1000.0
6508,6808.0,117153,2023-2024,5THSFC/2023-24/P/9,2024-03-29,182766.0
6508,6586.0,117153,2024-2025,5THSFC/2024-25/P/5,2024-06-29,11391.0
6508,6587.0,117153,2024-2025,5THSFC/2024-25/P/6,2024-06-29,2015.0
6508,6588.0,117153,2024-2025,5THSFC/2024-25/P/7,2024-06-29,529.0
6509,6809.0,117153,2023-2024,XVFC/2023-24/P/25,2024-03-29,100001.0
6509,6522.0,117153,2025-2026,XVFC/2025-26/P/5,2026-03-17,76800.0
6568,6506.0,117153,2025-2026,5THSFC/2025-26/P/3,2026-01-12,135000.0
6568,6516.0,117153,2025-2026,5THSFC/2025-26/P/6,2026-01-31,1499.0
6568,6516.0,117153,2025-2026,5THSFC/2025-26/P/6,2026-01-31,2670.0
6568,6516.0,117153,2025-2026,5THSFC/2025-26/P/6,2026-01-31,4819.0
6569,6647.0,117153,2024-2025,XVFC/2024-25/P/14,2025-03-29,64691.0
6570,6502.0,117153,2025-2026,5THSFC/2025-26/P/1,2025-05-17,90000.0
6574,6518.0,117153,2025-2026,XVFC/2025-26/P/3,2026-01-31,2621.0
6574,6518.0,117153,2025-2026,XVFC/2025-26/P/3,2026-01-31,3577.0
6574,6518.0,117153,2025-2026,XVFC/2025-26/P/3,2026-01-31,341230.0
6577,6531.0,117153,2025-2026,XVFC/2025-26/P/9,2026-03-27,180000.0
6579,,117153,2026-2027,XVFC/2026-27/P/10,2026-06-25,3150.0
6592,,117153,2026-2027,XVFC/2026-27/P/8,2026-06-25,3150.0
6593,,117153,2026-2027,XVFC/2026-27/P/12,2026-06-25,3150.0
6594,,117153,2026-2027,XVFC/2026-27/P/5,2026-06-25,78750.0
6595,,117153,2026-2027,XVFC/2026-27/P/9,2026-06-25,3150.0
6625,6644.0,117153,2024-2025,XVFC/2024-25/P/11,2025-03-29,184964.0
6627,6601.0,117153,2024-2025,XVFC/2024-25/P/5,2024-11-19,84285.0
6627,6607.0,117153,2024-2025,XVFC/2024-25/P/7,2025-03-26,30853.0
6640,,117153,2026-2027,XVFC/2026-27/P/11,2026-06-25,3150.0
6641,6604.0,117153,2024-2025,5THSFC/2024-25/P/9,2025-01-21,135000.0
6641,6608.0,117153,2024-2025,5THSFC/2024-25/P/11,2025-03-27,1486.0
6641,6608.0,117153,2024-2025,5THSFC/2024-25/P/11,2025-03-27,3383.0
6641,6608.0,117153,2024-2025,5THSFC/2024-25/P/11,2025-03-27,3542.0
6642,,117153,2026-2027,XVFC/2026-27/P/1,2026-06-01,180000.0
6642,,117153,2026-2027,XVFC/2026-27/P/4,2026-06-25,2000.0
6642,,117153,2026-2027,XVFC/2026-27/P/4,2026-06-25,5892.0
6642,,117153,2026-2027,XVFC/2026-27/P/4,2026-06-25,8924.0
6644,6612.0,117153,2024-2025,5THSFC/2024-25/P/12,2025-03-29,27683.0
6645,6645.0,117153,2024-2025,XVFC/2024-25/P/12,2025-03-29,46220.0
6646,6646.0,117153,2024-2025,XVFC/2024-25/P/13,2025-03-29,138658.0
6647,6508.0,117153,2025-2026,5THSFC/2025-26/P/4,2026-01-19,180000.0
6647,6515.0,117153,2025-2026,5THSFC/2025-26/P/5,2026-01-31,2000.0
6647,6515.0,117153,2025-2026,5THSFC/2025-26/P/5,2026-01-31,14000.0
6648,6606.0,117153,2024-2025,5THSFC/2024-25/P/10,2025-03-26,100000.0
6648,6517.0,117153,2025-2026,5THSFC/2025-26/P/7,2026-01-31,80000.0
6648,6519.0,117153,2025-2026,5THSFC/2025-26/P/8,2026-02-23,20000.0
6653,,117153,2026-2027,5THSFC/2026-27/P/1,2026-06-01,173766.0
6653,,117153,2026-2027,5THSFC/2026-27/P/4,2026-06-25,1931.0
6653,,117153,2026-2027,5THSFC/2026-27/P/4,2026-06-25,2793.0
6653,,117153,2026-2027,5THSFC/2026-27/P/4,2026-06-25,12458.0
6665,6528.0,117153,2025-2026,5THSFC/2025-26/P/10,2026-03-25,180000.0
6665,,117153,2026-2027,5THSFC/2026-27/P/3,2026-06-01,2000.0
6665,,117153,2026-2027,5THSFC/2026-27/P/3,2026-06-01,4651.0
6665,,117153,2026-2027,5THSFC/2026-27/P/3,2026-06-01,8551.0
6670,6529.0,117153,2025-2026,XVFC/2025-26/P/7,2026-03-25,360000.0
6670,,117153,2026-2027,XVFC/2026-27/P/3,2026-06-01,4000.0
6670,,117153,2026-2027,XVFC/2026-27/P/3,2026-06-01,9294.0
6670,,117153,2026-2027,XVFC/2026-27/P/3,2026-06-01,17154.0
6671,6520.0,117153,2025-2026,XVFC/2025-26/P/4,2026-02-23,135000.0
6708,6505.0,117153,2025-2026,XVFC/2025-26/P/1,2026-01-09,29250.0
6708,6530.0,117153,2025-2026,XVFC/2025-26/P/8,2026-03-25,9750.0
6725,6507.0,117153,2025-2026,XVFC/2025-26/P/2,2026-01-12,84462.0
6725,6523.0,117153,2025-2026,XVFC/2025-26/P/6,2026-03-17,31517.0
6730,7456.0,121663,2021-2022,XVFC/2021-22/P/1,2021-06-05,143418.0
6736,7460.0,121663,2021-2022,5THSFC/2021-22/P/5,2021-09-02,24000.0
6736,7461.0,121663,2021-2022,5THSFC/2021-22/P/6,2021-09-02,24000.0
6736,7462.0,121663,2021-2022,5THSFC/2021-22/P/7,2021-09-02,24000.0
6738,7449.0,121663,2021-2022,5THSFC/2021-22/P/2,2021-05-04,28600.0
6740,7453.0,121663,2021-2022,5THSFC/2021-22/P/3,2021-06-05,119780.0
6741,7457.0,121663,2021-2022,XVFC/2021-22/P/2,2021-06-16,143889.0
6742,7454.0,121663,2021-2022,5THSFC/2021-22/P/4,2021-06-05,143818.0
6743,7448.0,121663,2021-2022,5THSFC/2021-22/P/1,2021-05-04,72583.0
6744,7466.0,121663,2021-2022,XVFC/2021-22/P/5,2022-01-01,28312.0
6744,7419.0,121663,2022-2023,XVFC/2022-23/P/8,2022-06-30,20000.0
6744,7423.0,121663,2022-2023,XVFC/2022-23/P/12,2023-02-03,45000.0
6749,7459.0,121663,2021-2022,XVFC/2021-22/P/4,2021-08-02,6000.0
6750,7458.0,121663,2021-2022,XVFC/2021-22/P/3,2021-08-02,6000.0
6752,7418.0,121663,2022-2023,XVFC/2022-23/P/7,2022-06-30,197514.0
6763,7412.0,121663,2022-2023,XVFC/2022-23/P/2,2022-05-19,6000.0
6764,7411.0,121663,2022-2023,XVFC/2022-23/P/1,2022-05-19,6000.0
6766,7467.0,121663,2021-2022,XVFC/2021-22/P/6,2022-01-06,96144.0
6766,7468.0,121663,2021-2022,XVFC/2021-22/P/7,2022-01-07,191976.0
6768,7421.0,121663,2022-2023,5THSFC/2022-23/P/4,2022-07-28,50000.0
6769,7414.0,121663,2022-2023,XVFC/2022-23/P/3,2022-06-30,102324.0
6770,7321.0,121663,2025-2026,XVFC/2025-26/P/33,2026-02-23,143152.0
6771,7416.0,121663,2022-2023,XVFC/2022-23/P/5,2022-06-30,109708.0
6772,7420.0,121663,2022-2023,XVFC/2022-23/P/9,2022-06-30,60000.0
6773,7415.0,121663,2022-2023,XVFC/2022-23/P/4,2022-06-30,105172.0
6774,7417.0,121663,2022-2023,XVFC/2022-23/P/6,2022-06-30,104714.0
6775,,121663,2026-2027,5THSFC/2026-27/P/3,2026-06-09,290222.24
6776,7286.0,121663,2025-2026,XVFC/2025-26/P/11,2025-07-04,133861.0
6778,7393.0,121663,2023-2024,5THSFC/2023-24/P/5,2023-09-30,100000.0
6779,7464.0,121663,2021-2022,5THSFC/2021-22/P/8,2021-11-18,14000.0
6779,7465.0,121663,2021-2022,5THSFC/2021-22/P/9,2021-11-18,14000.0
6779,7463.0,121663,2021-2022,5THSFC/2021-22/P/10,2021-11-18,14000.0
6779,7408.0,121663,2022-2023,5THSFC/2022-23/P/1,2022-05-12,10000.0
6779,7409.0,121663,2022-2023,5THSFC/2022-23/P/2,2022-05-12,10000.0
6779,7410.0,121663,2022-2023,5THSFC/2022-23/P/3,2022-05-12,10000.0
6780,7413.0,121663,2022-2023,XVFC/2022-23/P/10,2022-06-30,35025.0
6782,,121663,2026-2027,5THSFC/2026-27/P/4,2026-06-10,258141.81
6783,7422.0,121663,2022-2023,XVFC/2022-23/P/11,2023-02-03,96000.0
6784,7428.0,121663,2022-2023,XVFC/2022-23/P/13,2023-03-16,25000.0
6785,7390.0,121663,2023-2024,XVFC/2023-24/P/4,2023-06-08,12000.0
6786,7395.0,121663,2023-2024,XVFC/2023-24/P/6,2023-10-30,6000.0
6802,7396.0,121663,2023-2024,XVFC/2023-24/P/7,2023-10-30,6000.0
6806,7313.0,121663,2025-2026,XVFC/2025-26/P/26,2025-11-11,11550.0
6807,7306.0,121663,2025-2026,XVFC/2025-26/P/19,2025-11-11,28863.0
6808,7300.0,121663,2025-2026,XVFC/2025-26/P/13,2025-10-30,27000.0
6809,7311.0,121663,2025-2026,XVFC/2025-26/P/24,2025-11-11,23098.0
6810,7310.0,121663,2025-2026,XVFC/2025-26/P/23,2025-11-11,23099.0
6811,7309.0,121663,2025-2026,XVFC/2025-26/P/22,2025-11-11,11550.0
6812,7305.0,121663,2025-2026,XVFC/2025-26/P/18,2025-11-11,15000.0
6813,7387.0,121663,2023-2024,5THSFC/2023-24/P/3,2023-06-07,48000.0
6814,7388.0,121663,2023-2024,5THSFC/2023-24/P/4,2023-06-07,12000.0
6815,7429.0,121663,2022-2023,XVFC/2022-23/P/14,2023-03-16,10000.0
6815,7383.0,121663,2023-2024,XVFC/2023-24/P/1,2023-05-12,10000.0
6817,7386.0,121663,2023-2024,XVFC/2023-24/P/2,2023-05-15,255050.0
6818,7385.0,121663,2023-2024,5THSFC/2023-24/P/2,2023-05-15,144312.0
6819,7384.0,121663,2023-2024,5THSFC/2023-24/P/1,2023-05-15,270774.0
6820,7389.0,121663,2023-2024,XVFC/2023-24/P/3,2023-06-08,72000.0
6822,7307.0,121663,2025-2026,XVFC/2025-26/P/20,2025-11-11,46181.0
6823,7308.0,121663,2025-2026,XVFC/2025-26/P/21,2025-11-11,42271.0
6824,7312.0,121663,2025-2026,XVFC/2025-26/P/25,2025-11-11,11550.0
6963,7276.0,121663,2025-2026,XVFC/2025-26/P/4,2025-05-01,234960.0
7000,7394.0,121663,2023-2024,XVFC/2023-24/P/5,2023-10-19,42000.0
7000,7347.0,121663,2024-2025,XVFC/2024-25/P/2,2024-07-01,12000.0
7000,7348.0,121663,2024-2025,XVFC/2024-25/P/3,2024-07-01,12000.0
7000,7349.0,121663,2024-2025,XVFC/2024-25/P/4,2024-07-01,12000.0
7001,7397.0,121663,2023-2024,XVFC/2023-24/P/8,2023-10-30,60000.0
7001,7345.0,121663,2024-2025,XVFC/2024-25/P/1,2024-04-06,40000.0
7002,7361.0,121663,2024-2025,XVFC/2024-25/P/9,2025-03-21,231156.0
7003,7278.0,121663,2025-2026,XVFC/2025-26/P/6,2025-05-31,226674.0
7003,7280.0,121663,2025-2026,XVFC/2025-26/P/8,2025-06-05,14447.0
7004,7282.0,121663,2025-2026,5THSFC/2025-26/P/2,2025-06-13,241620.0
7005,7281.0,121663,2025-2026,5THSFC/2025-26/P/1,2025-06-13,270000.0
7005,7285.0,121663,2025-2026,5THSFC/2025-26/P/3,2025-07-04,24000.0
7008,7320.0,121663,2025-2026,XVFC/2025-26/P/32,2026-02-03,94500.0
7008,7336.0,121663,2025-2026,XVFC/2025-26/P/36,2026-03-15,9450.0
7022,7350.0,121663,2024-2025,XVFC/2024-25/P/5,2024-08-28,100000.0
7030,7277.0,121663,2025-2026,XVFC/2025-26/P/5,2025-05-31,225000.0
7030,7279.0,121663,2025-2026,XVFC/2025-26/P/7,2025-06-05,6953.0
7031,7352.0,121663,2024-2025,XVFC/2024-25/P/6,2024-10-05,23250.0
7031,7353.0,121663,2024-2025,XVFC/2024-25/P/7,2024-10-05,23250.0
7031,7354.0,121663,2024-2025,XVFC/2024-25/P/8,2024-10-05,23250.0
7031,7273.0,121663,2025-2026,XVFC/2025-26/P/1,2025-04-30,19500.0
7031,7274.0,121663,2025-2026,XVFC/2025-26/P/2,2025-04-30,19500.0
7031,7275.0,121663,2025-2026,XVFC/2025-26/P/3,2025-04-30,19500.0
7042,7284.0,121663,2025-2026,XVFC/2025-26/P/10,2025-06-14,16000.0
7042,7302.0,121663,2025-2026,XVFC/2025-26/P/15,2025-11-11,8000.0
7042,7317.0,121663,2025-2026,XVFC/2025-26/P/29,2026-01-12,8000.0
7042,7322.0,121663,2025-2026,XVFC/2025-26/P/34,2026-02-25,8000.0
7075,7283.0,121663,2025-2026,XVFC/2025-26/P/9,2025-06-13,45000.0
7115,7287.0,121663,2025-2026,XVFC/2025-26/P/12,2025-07-20,202883.0
7115,7304.0,121663,2025-2026,XVFC/2025-26/P/17,2025-11-11,5504.0
7121,7301.0,121663,2025-2026,XVFC/2025-26/P/14,2025-11-11,90000.0
7121,7318.0,121663,2025-2026,XVFC/2025-26/P/30,2026-01-12,10000.0
7122,7319.0,121663,2025-2026,XVFC/2025-26/P/31,2026-01-13,305610.0
7128,7315.0,121663,2025-2026,XVFC/2025-26/P/27,2026-01-12,29250.0
7128,7316.0,121663,2025-2026,XVFC/2025-26/P/28,2026-01-12,29250.0
7129,,121663,2026-2027,5THSFC/2026-27/P/1,2026-04-30,225000.0
7130,7314.0,121663,2025-2026,5THSFC/2025-26/P/16,2026-01-12,30000.0
7131,7323.0,121663,2025-2026,5THSFC/2025-26/P/17,2026-03-08,7224.0
7131,7324.0,121663,2025-2026,5THSFC/2025-26/P/18,2026-03-08,12703.0
7131,7325.0,121663,2025-2026,5THSFC/2025-26/P/19,2026-03-08,1058.0
7131,7326.0,121663,2025-2026,5THSFC/2025-26/P/20,2026-03-08,2621.0
7131,7327.0,121663,2025-2026,5THSFC/2025-26/P/21,2026-03-08,2270.0
7131,7328.0,121663,2025-2026,5THSFC/2025-26/P/22,2026-03-08,803.0
7131,7329.0,121663,2025-2026,5THSFC/2025-26/P/23,2026-03-08,12947.0
7131,7330.0,121663,2025-2026,5THSFC/2025-26/P/24,2026-03-08,2688.0
7131,7331.0,121663,2025-2026,5THSFC/2025-26/P/25,2026-03-08,12952.0
7131,7332.0,121663,2025-2026,5THSFC/2025-26/P/26,2026-03-08,282.0
7131,7333.0,121663,2025-2026,5THSFC/2025-26/P/27,2026-03-08,796.0
7131,7334.0,121663,2025-2026,5THSFC/2025-26/P/28,2026-03-08,1253.0
7131,7337.0,121663,2025-2026,5THSFC/2025-26/P/29,2026-03-28,237.0
7131,7338.0,121663,2025-2026,5THSFC/2025-26/P/30,2026-03-28,295.0
7131,7339.0,121663,2025-2026,5THSFC/2025-26/P/31,2026-03-28,230.0
7196,7303.0,121663,2025-2026,XVFC/2025-26/P/16,2025-11-11,84000.0
7196,7335.0,121663,2025-2026,XVFC/2025-26/P/35,2026-03-15,48000.0
7266,,121663,2026-2027,5THSFC/2026-27/P/2,2026-04-30,225000.0
7310,7753.0,116350,2021-2022,XVFC/2021-22/P/7,2021-09-30,1500.0
7310,7753.0,116350,2021-2022,XVFC/2021-22/P/7,2021-09-30,3168.0
7310,7753.0,116350,2021-2022,XVFC/2021-22/P/7,2021-09-30,113655.0
7310,7676.0,116350,2023-2024,XVFC/2023-24/P/8,2023-08-16,300.0
7310,7676.0,116350,2023-2024,XVFC/2023-24/P/8,2023-08-16,30047.0
7310,7614.0,116350,2024-2025,XVFC/2024-25/P/6,2024-07-12,300.0
7311,7752.0,116350,2021-2022,XVFC/2021-22/P/6,2021-09-30,2000.0
7311,7752.0,116350,2021-2022,XVFC/2021-22/P/6,2021-09-30,2809.0
7311,7752.0,116350,2021-2022,XVFC/2021-22/P/6,2021-09-30,193809.0
7311,7610.0,116350,2024-2025,XVFC/2024-25/P/14,2024-07-12,1000.0
7313,7751.0,116350,2021-2022,XVFC/2021-22/P/5,2021-08-04,95772.0
7317,7756.0,116350,2021-2022,5THSFC/2021-22/P/4,2021-12-15,310.0
7317,7756.0,116350,2021-2022,5THSFC/2021-22/P/4,2021-12-15,30471.0
7318,7747.0,116350,2021-2022,5THSFC/2021-22/P/2,2021-08-04,43000.0
7320,7713.0,116350,2022-2023,XVFC/2022-23/P/1,2022-06-02,762.0
7320,7713.0,116350,2022-2023,XVFC/2022-23/P/1,2022-06-02,1000.0
7320,7713.0,116350,2022-2023,XVFC/2022-23/P/1,2022-06-02,97095.0
7320,7609.0,116350,2024-2025,XVFC/2024-25/P/13,2024-07-12,1000.0
7323,7798.0,116350,2020-2021,XVFC/2020-21/P/1,2021-03-27,180000.0
7324,7746.0,116350,2021-2022,XVFC/2021-22/P/1,2021-05-28,14000.0
7324,7750.0,116350,2021-2022,XVFC/2021-22/P/4,2021-08-04,56000.0
7325,7748.0,116350,2021-2022,XVFC/2021-22/P/2,2021-08-04,40000.0
7325,7721.0,116350,2022-2023,XVFC/2022-23/P/6,2022-09-20,8000.0
7327,7749.0,116350,2021-2022,XVFC/2021-22/P/3,2021-08-04,105500.0
7327,7596.0,116350,2024-2025,XVFC/2024-25/P/2,2024-06-13,107.0
7327,7596.0,116350,2024-2025,XVFC/2024-25/P/2,2024-06-13,10436.0
7328,7765.0,116350,2021-2022,XVFC/2021-22/P/8,2022-02-01,66.0
7328,7765.0,116350,2021-2022,XVFC/2021-22/P/8,2022-02-01,1406.0
7328,7765.0,116350,2021-2022,XVFC/2021-22/P/8,2022-02-01,139190.0
7331,7723.0,116350,2022-2023,XVFC/2022-23/P/7,2022-11-17,1500.0
7331,7723.0,116350,2022-2023,XVFC/2022-23/P/7,2022-11-17,4944.0
7331,7723.0,116350,2022-2023,XVFC/2022-23/P/7,2022-11-17,143003.0
7332,7687.0,116350,2023-2024,5THSFC/2023-24/P/13,2024-01-18,11.0
7332,7687.0,116350,2023-2024,5THSFC/2023-24/P/13,2024-01-18,105.0
7332,7687.0,116350,2023-2024,5THSFC/2023-24/P/13,2024-01-18,10273.0
7332,7602.0,116350,2024-2025,5THSFC/2024-25/P/12,2024-07-12,105.0
7333,7693.0,116350,2023-2024,5THSFC/2023-24/P/15,2024-02-17,1484.0
7333,7693.0,116350,2023-2024,5THSFC/2023-24/P/15,2024-02-17,4777.0
7333,7693.0,116350,2023-2024,5THSFC/2023-24/P/15,2024-02-17,141602.0
7335,7766.0,116350,2021-2022,XVFC/2021-22/P/9,2022-02-01,66.0
7335,7766.0,116350,2021-2022,XVFC/2021-22/P/9,2022-02-01,908.0
7335,7766.0,116350,2021-2022,XVFC/2021-22/P/9,2022-02-01,79601.0
7336,7763.0,116350,2021-2022,XVFC/2021-22/P/12,2022-02-01,66.0
7336,7763.0,116350,2021-2022,XVFC/2021-22/P/12,2022-02-01,544.0
7336,7763.0,116350,2021-2022,XVFC/2021-22/P/12,2022-02-01,53882.0
7337,7762.0,116350,2021-2022,XVFC/2021-22/P/11,2022-02-01,66.0
7337,7762.0,116350,2021-2022,XVFC/2021-22/P/11,2022-02-01,544.0
7337,7762.0,116350,2021-2022,XVFC/2021-22/P/11,2022-02-01,53882.0
7338,7760.0,116350,2021-2022,5THSFC/2021-22/P/8,2022-02-01,66.0
7338,7760.0,116350,2021-2022,5THSFC/2021-22/P/8,2022-02-01,1510.0
7338,7760.0,116350,2021-2022,5THSFC/2021-22/P/8,2022-02-01,149435.0
7339,7761.0,116350,2021-2022,XVFC/2021-22/P/10,2022-02-01,66.0
7339,7761.0,116350,2021-2022,XVFC/2021-22/P/10,2022-02-01,330.0
7339,7761.0,116350,2021-2022,XVFC/2021-22/P/10,2022-02-01,32606.0
7344,7718.0,116350,2022-2023,5THSFC/2022-23/P/8,2022-08-05,30000.0
7345,7623.0,116350,2024-2025,XVFC/2024-25/P/20,2024-09-21,2000.0
7345,7623.0,116350,2024-2025,XVFC/2024-25/P/20,2024-09-21,13060.0
7345,7623.0,116350,2024-2025,XVFC/2024-25/P/20,2024-09-21,180332.0
7345,7543.0,116350,2025-2026,XVFC/2025-26/P/16,2025-08-19,4000.0
7346,7686.0,116350,2023-2024,5THSFC/2023-24/P/12,2024-01-18,11.0
7346,7686.0,116350,2023-2024,5THSFC/2023-24/P/12,2024-01-18,105.0
7346,7686.0,116350,2023-2024,5THSFC/2023-24/P/12,2024-01-18,10273.0
7346,7601.0,116350,2024-2025,5THSFC/2024-25/P/11,2024-07-12,105.0
7347,7764.0,116350,2021-2022,XVFC/2021-22/P/13,2022-02-01,66.0
7347,7764.0,116350,2021-2022,XVFC/2021-22/P/13,2022-02-01,914.0
7347,7764.0,116350,2021-2022,XVFC/2021-22/P/13,2022-02-01,90367.0
7348,7708.0,116350,2022-2023,5THSFC/2022-23/P/1,2022-04-18,14000.0
7348,7662.0,116350,2023-2024,5THSFC/2023-24/P/2,2023-04-11,4900.0
7348,7663.0,116350,2023-2024,5THSFC/2023-24/P/3,2023-04-11,6000.0
7348,7665.0,116350,2023-2024,5THSFC/2023-24/P/4,2023-04-17,10000.0
7349,7668.0,116350,2023-2024,XVFC/2023-24/P/4,2023-05-08,2000.0
7349,7668.0,116350,2023-2024,XVFC/2023-24/P/4,2023-05-08,4762.0
7349,7668.0,116350,2023-2024,XVFC/2023-24/P/4,2023-05-08,188697.0
7349,7617.0,116350,2024-2025,XVFC/2024-25/P/9,2024-07-12,4000.0
7350,7716.0,116350,2022-2023,5THSFC/2022-23/P/6,2022-07-16,124700.0
7351,7719.0,116350,2022-2023,XVFC/2022-23/P/4,2022-08-20,2500.0
7351,7719.0,116350,2022-2023,XVFC/2022-23/P/4,2022-08-20,6762.0
7351,7719.0,116350,2022-2023,XVFC/2022-23/P/4,2022-08-20,238542.0
7352,7720.0,116350,2022-2023,XVFC/2022-23/P/5,2022-09-20,840.0
7352,7720.0,116350,2022-2023,XVFC/2022-23/P/5,2022-09-20,3496.0
7352,7720.0,116350,2022-2023,XVFC/2022-23/P/5,2022-09-20,419159.0
7352,,116350,2026-2027,XVFC/2026-27/P/3,2026-05-25,310.0
7352,,116350,2026-2027,XVFC/2026-27/P/3,2026-05-25,29800.0
7352,,116350,2026-2027,XVFC/2026-27/P/6,2026-06-18,810.0
7352,,116350,2026-2027,XVFC/2026-27/P/15,2026-06-18,24395.0
7353,7730.0,116350,2022-2023,5THSFC/2022-23/P/11,2023-03-03,1000.0
7353,7730.0,116350,2022-2023,5THSFC/2022-23/P/11,2023-03-03,98000.0
7353,7600.0,116350,2024-2025,5THSFC/2024-25/P/10,2024-07-12,1000.0
7354,7714.0,116350,2022-2023,XVFC/2022-23/P/2,2022-06-02,3300.0
7354,7714.0,116350,2022-2023,XVFC/2022-23/P/2,2022-06-02,10713.0
7354,7714.0,116350,2022-2023,XVFC/2022-23/P/2,2022-06-02,313144.0
7354,7612.0,116350,2024-2025,XVFC/2024-25/P/16,2024-07-12,1650.0
7355,7725.0,116350,2022-2023,XVFC/2022-23/P/9,2022-12-20,1500.0
7355,7725.0,116350,2022-2023,XVFC/2022-23/P/9,2022-12-20,1982.0
7355,7725.0,116350,2022-2023,XVFC/2022-23/P/9,2022-12-20,144829.0
7356,7724.0,116350,2022-2023,XVFC/2022-23/P/8,2022-12-20,1500.0
7356,7724.0,116350,2022-2023,XVFC/2022-23/P/8,2022-12-20,1909.0
7356,7724.0,116350,2022-2023,XVFC/2022-23/P/8,2022-12-20,144908.0
7357,7715.0,116350,2022-2023,XVFC/2022-23/P/3,2022-06-02,3358.0
7357,7715.0,116350,2022-2023,XVFC/2022-23/P/3,2022-06-02,11013.0
7357,7715.0,116350,2022-2023,XVFC/2022-23/P/3,2022-06-02,318570.0
7357,7611.0,116350,2024-2025,XVFC/2024-25/P/15,2024-07-12,1676.0
7358,7755.0,116350,2021-2022,5THSFC/2021-22/P/3,2021-12-01,100000.0
7358,7709.0,116350,2022-2023,5THSFC/2022-23/P/2,2022-04-18,80000.0
7359,7757.0,116350,2021-2022,5THSFC/2021-22/P/5,2021-12-15,16000.0
7359,7710.0,116350,2022-2023,5THSFC/2022-23/P/3,2022-06-02,16000.0
7359,7717.0,116350,2022-2023,5THSFC/2022-23/P/7,2022-07-16,12000.0
7360,7548.0,116350,2025-2026,5THSFC/2025-26/P/10,2025-11-07,1170.0
7360,7548.0,116350,2025-2026,5THSFC/2025-26/P/10,2025-11-07,1847.0
7360,7548.0,116350,2025-2026,5THSFC/2025-26/P/10,2025-11-07,112788.0
7360,,116350,2026-2027,5THSFC/2026-27/P/9,2026-06-18,1170.0
7361,7550.0,116350,2025-2026,XVFC/2025-26/P/21,2025-11-07,329.0
7361,7550.0,116350,2025-2026,XVFC/2025-26/P/21,2025-11-07,1128.0
7361,7550.0,116350,2025-2026,XVFC/2025-26/P/21,2025-11-07,31067.0
7361,,116350,2026-2027,XVFC/2026-27/P/13,2026-06-18,329.0
7378,7664.0,116350,2023-2024,XVFC/2023-24/P/1,2023-04-11,16000.0
7378,7669.0,116350,2023-2024,XVFC/2023-24/P/5,2023-05-25,16000.0
7378,7681.0,116350,2023-2024,XVFC/2023-24/P/10,2023-10-19,16000.0
7380,7661.0,116350,2023-2024,5THSFC/2023-24/P/1,2023-04-11,104890.0
7380,7670.0,116350,2023-2024,5THSFC/2023-24/P/5,2023-06-16,2000.0
7380,7670.0,116350,2023-2024,5THSFC/2023-24/P/5,2023-06-16,6007.0
7380,7670.0,116350,2023-2024,5THSFC/2023-24/P/5,2023-06-16,84550.0
7380,7605.0,116350,2024-2025,5THSFC/2024-25/P/9,2024-07-12,2000.0
7381,7666.0,116350,2023-2024,XVFC/2023-24/P/2,2023-04-20,5150.0
7383,7694.0,116350,2023-2024,XVFC/2023-24/P/17,2024-02-28,1030.0
7383,7694.0,116350,2023-2024,XVFC/2023-24/P/17,2024-02-28,4000.0
7383,7694.0,116350,2023-2024,XVFC/2023-24/P/17,2024-02-28,390874.0
7383,7606.0,116350,2024-2025,XVFC/2024-25/P/10,2024-07-12,4000.0
7387,7728.0,116350,2022-2023,XVFC/2022-23/P/10,2023-02-10,10000.0
7387,7728.0,116350,2022-2023,XVFC/2022-23/P/10,2023-02-10,190000.0
7388,7729.0,116350,2022-2023,XVFC/2022-23/P/11,2023-02-23,1018.0
7388,7729.0,116350,2022-2023,XVFC/2022-23/P/11,2023-02-23,1151.0
7388,7729.0,116350,2022-2023,XVFC/2022-23/P/11,2023-02-23,110826.0
7391,7674.0,116350,2023-2024,XVFC/2023-24/P/6,2023-08-08,500.0
7391,7674.0,116350,2023-2024,XVFC/2023-24/P/6,2023-08-08,48500.0
7391,7608.0,116350,2024-2025,XVFC/2024-25/P/12,2024-07-12,500.0
7392,7675.0,116350,2023-2024,XVFC/2023-24/P/7,2023-08-08,128724.0
7393,7672.0,116350,2023-2024,5THSFC/2023-24/P/6,2023-07-21,2000.0
7393,7672.0,116350,2023-2024,5THSFC/2023-24/P/6,2023-07-21,7920.0
7393,7672.0,116350,2023-2024,5THSFC/2023-24/P/6,2023-07-21,185763.0
7393,7604.0,116350,2024-2025,5THSFC/2024-25/P/8,2024-07-12,2000.0
7394,7667.0,116350,2023-2024,XVFC/2023-24/P/3,2023-05-08,1000.0
7394,7667.0,116350,2023-2024,XVFC/2023-24/P/3,2023-05-08,2606.0
7394,7667.0,116350,2023-2024,XVFC/2023-24/P/3,2023-05-08,94147.0
7394,7616.0,116350,2024-2025,XVFC/2024-25/P/8,2024-07-12,2000.0
7395,7677.0,116350,2023-2024,XVFC/2023-24/P/9,2023-08-16,800.0
7395,7677.0,116350,2023-2024,XVFC/2023-24/P/9,2023-08-16,78400.0
7395,7615.0,116350,2024-2025,XVFC/2024-25/P/7,2024-07-12,800.0
7397,,116350,2026-2027,5THSFC/2026-27/P/13,2026-07-18,4183.0
7398,7567.0,116350,2025-2026,XVFC/2025-26/P/34,2026-02-27,107000.0
7514,7692.0,116350,2023-2024,XVFC/2023-24/P/16,2024-02-16,534187.0
7514,7597.0,116350,2024-2025,XVFC/2024-25/P/3,2024-06-13,557.0
7514,7597.0,116350,2024-2025,XVFC/2024-25/P/3,2024-06-13,5934.0
7514,7597.0,116350,2024-2025,XVFC/2024-25/P/3,2024-06-13,46826.0
7514,7607.0,116350,2024-2025,XVFC/2024-25/P/11,2024-07-12,5934.0
7515,7691.0,116350,2023-2024,5THSFC/2023-24/P/14,2024-02-16,2119.0
7515,7691.0,116350,2023-2024,5THSFC/2023-24/P/14,2024-02-16,3285.0
7515,7691.0,116350,2023-2024,5THSFC/2023-24/P/14,2024-02-16,206339.0
7515,7591.0,116350,2024-2025,5THSFC/2024-25/P/1,2024-04-19,152245.0
7515,7595.0,116350,2024-2025,5THSFC/2024-25/P/6,2024-06-13,572.0
7515,7595.0,116350,2024-2025,5THSFC/2024-25/P/6,2024-06-13,1868.0
7515,7595.0,116350,2024-2025,5THSFC/2024-25/P/6,2024-06-13,31837.0
7515,7603.0,116350,2024-2025,5THSFC/2024-25/P/13,2024-07-12,1868.0
7586,7618.0,116350,2024-2025,XVFC/2024-25/P/17,2024-08-24,59400.0
7586,7622.0,116350,2024-2025,XVFC/2024-25/P/19,2024-08-31,660.0
7586,7622.0,116350,2024-2025,XVFC/2024-25/P/19,2024-08-31,664.0
7586,7622.0,116350,2024-2025,XVFC/2024-25/P/19,2024-08-31,3880.0
7588,7629.0,116350,2024-2025,XVFC/2024-25/P/25,2024-11-23,458.0
7588,7629.0,116350,2024-2025,XVFC/2024-25/P/25,2024-11-23,44465.0
7588,7551.0,116350,2025-2026,XVFC/2025-26/P/22,2025-11-28,542.0
7588,7551.0,116350,2025-2026,XVFC/2025-26/P/22,2025-11-28,53093.0
7588,,116350,2026-2027,XVFC/2026-27/P/10,2026-06-18,1442.0
7601,7689.0,116350,2023-2024,XVFC/2023-24/P/14,2024-01-20,12000.0
7601,7594.0,116350,2024-2025,XVFC/2024-25/P/1,2024-04-25,4000.0
7601,7594.0,116350,2024-2025,XVFC/2024-25/P/1,2024-04-25,12000.0
7601,7599.0,116350,2024-2025,XVFC/2024-25/P/4,2024-06-27,13000.0
7601,7619.0,116350,2024-2025,XVFC/2024-25/P/18,2024-08-24,7000.0
7602,7683.0,116350,2023-2024,XVFC/2023-24/P/11,2023-10-31,19717.0
7602,7684.0,116350,2023-2024,XVFC/2023-24/P/12,2023-10-31,198232.0
7602,7688.0,116350,2023-2024,XVFC/2023-24/P/13,2024-01-18,100.0
7602,7688.0,116350,2023-2024,XVFC/2023-24/P/13,2024-01-18,9800.0
7602,7690.0,116350,2023-2024,XVFC/2023-24/P/15,2024-01-30,200.0
7602,7690.0,116350,2023-2024,XVFC/2023-24/P/15,2024-01-30,19600.0
7602,7696.0,116350,2023-2024,XVFC/2023-24/P/18,2024-03-22,32351.0
7603,7613.0,116350,2024-2025,XVFC/2024-25/P/5,2024-07-12,128724.0
7604,,116350,2026-2027,XVFC/2026-27/P/16,2026-07-18,515.0
7604,,116350,2026-2027,XVFC/2026-27/P/16,2026-07-18,50544.0
7610,,116350,2026-2027,5THSFC/2026-27/P/6,2026-05-25,80000.0
7612,7525.0,116350,2025-2026,XVFC/2025-26/P/5,2025-06-22,90000.0
7612,7534.0,116350,2025-2026,XVFC/2025-26/P/9,2025-07-30,973.0
7612,7534.0,116350,2025-2026,XVFC/2025-26/P/9,2025-07-30,4358.0
7612,7538.0,116350,2025-2026,XVFC/2025-26/P/11,2025-08-19,2000.0
7710,7631.0,116350,2024-2025,XVFC/2024-25/P/26,2024-12-10,204905.0
7710,7641.0,116350,2024-2025,XVFC/2024-25/P/33,2025-01-16,2996.0
7710,7641.0,116350,2024-2025,XVFC/2024-25/P/33,2025-01-16,86099.0
7710,7541.0,116350,2025-2026,XVFC/2025-26/P/14,2025-08-19,6000.0
7711,7633.0,116350,2024-2025,XVFC/2024-25/P/28,2024-12-10,54000.0
7711,7634.0,116350,2024-2025,XVFC/2024-25/P/29,2024-12-13,600.0
7711,7634.0,116350,2024-2025,XVFC/2024-25/P/29,2024-12-13,4200.0
7711,7540.0,116350,2025-2026,XVFC/2025-26/P/13,2025-08-19,1200.0
7712,7529.0,116350,2025-2026,XVFC/2025-26/P/6,2025-07-05,103545.0
7712,7533.0,116350,2025-2026,XVFC/2025-26/P/8,2025-07-30,11505.0
7713,7625.0,116350,2024-2025,5THSFC/2024-25/P/16,2024-09-29,17887.0
7713,7626.0,116350,2024-2025,5THSFC/2024-25/P/17,2024-09-30,4368.0
7713,7626.0,116350,2024-2025,5THSFC/2024-25/P/17,2024-09-30,8066.0
7713,7639.0,116350,2024-2025,5THSFC/2024-25/P/21,2025-01-10,7702.0
7713,7642.0,116350,2024-2025,5THSFC/2024-25/P/22,2025-03-10,6713.0
7713,7643.0,116350,2024-2025,5THSFC/2024-25/P/23,2025-03-10,4915.0
7713,7644.0,116350,2024-2025,5THSFC/2024-25/P/24,2025-03-10,6713.0
7716,7627.0,116350,2024-2025,XVFC/2024-25/P/22,2024-10-09,19000.0
7716,7638.0,116350,2024-2025,XVFC/2024-25/P/31,2025-01-04,19500.0
7716,7521.0,116350,2025-2026,XVFC/2025-26/P/2,2025-04-16,13000.0
7716,7524.0,116350,2025-2026,XVFC/2025-26/P/4,2025-04-30,13000.0
7716,7535.0,116350,2025-2026,XVFC/2025-26/P/10,2025-07-31,13000.0
7719,7531.0,116350,2025-2026,XVFC/2025-26/P/7,2025-07-14,90811.0
7719,7544.0,116350,2025-2026,XVFC/2025-26/P/17,2025-08-19,1523.0
7719,7544.0,116350,2025-2026,XVFC/2025-26/P/17,2025-08-19,56960.0
7719,7545.0,116350,2025-2026,XVFC/2025-26/P/18,2025-08-21,3046.0
7833,7632.0,116350,2024-2025,XVFC/2024-25/P/27,2024-12-10,266325.0
7833,7635.0,116350,2024-2025,XVFC/2024-25/P/30,2024-12-13,722.0
7833,7635.0,116350,2024-2025,XVFC/2024-25/P/30,2024-12-13,2942.0
7833,7635.0,116350,2024-2025,XVFC/2024-25/P/30,2024-12-13,19584.0
7833,7542.0,116350,2025-2026,XVFC/2025-26/P/15,2025-08-19,5912.0
7835,7624.0,116350,2024-2025,XVFC/2024-25/P/21,2024-09-25,82587.0
7835,7628.0,116350,2024-2025,XVFC/2024-25/P/23,2024-11-20,13216.0
7835,7640.0,116350,2024-2025,XVFC/2024-25/P/32,2025-01-10,8306.0
7835,7645.0,116350,2024-2025,XVFC/2024-25/P/34,2025-03-10,16841.0
7837,7530.0,116350,2025-2026,5THSFC/2025-26/P/6,2025-07-14,135000.0
7837,7532.0,116350,2025-2026,5THSFC/2025-26/P/7,2025-07-30,1222.0
7837,7532.0,116350,2025-2026,5THSFC/2025-26/P/7,2025-07-30,1500.0
7837,7532.0,116350,2025-2026,5THSFC/2025-26/P/7,2025-07-30,8858.0
7837,7536.0,116350,2025-2026,5THSFC/2025-26/P/8,2025-08-19,3000.0
7839,7520.0,116350,2025-2026,XVFC/2025-26/P/1,2025-04-16,135000.0
7839,7523.0,116350,2025-2026,XVFC/2025-26/P/3,2025-04-28,1485.0
7839,7523.0,116350,2025-2026,XVFC/2025-26/P/3,2025-04-28,4736.0
7839,7523.0,116350,2025-2026,XVFC/2025-26/P/3,2025-04-28,5523.0
7839,7539.0,116350,2025-2026,XVFC/2025-26/P/12,2025-08-19,3000.0
7840,7519.0,116350,2025-2026,5THSFC/2025-26/P/1,2025-04-16,270000.0
7840,7522.0,116350,2025-2026,5THSFC/2025-26/P/2,2025-04-28,3000.0
7840,7522.0,116350,2025-2026,5THSFC/2025-26/P/2,2025-04-28,21000.0
7840,7537.0,116350,2025-2026,5THSFC/2025-26/P/9,2025-08-19,6000.0
7922,,116350,2026-2027,5THSFC/2026-27/P/11,2026-07-18,130000.0
8015,7547.0,116350,2025-2026,XVFC/2025-26/P/20,2025-10-23,19500.0
8015,7564.0,116350,2025-2026,XVFC/2025-26/P/33,2026-01-21,19500.0
8015,,116350,2026-2027,XVFC/2026-27/P/1,2026-04-28,19500.0
8015,,116350,2026-2027,XVFC/2026-27/P/19,2026-07-21,19500.0
8016,7554.0,116350,2025-2026,XVFC/2025-26/P/25,2025-12-05,18213.0
8016,7555.0,116350,2025-2026,XVFC/2025-26/P/26,2025-12-05,21728.0
8016,7556.0,116350,2025-2026,XVFC/2025-26/P/27,2025-12-05,18213.0
8016,7557.0,116350,2025-2026,XVFC/2025-26/P/28,2025-12-05,37576.0
8016,7558.0,116350,2025-2026,XVFC/2025-26/P/29,2025-12-05,12394.0
8016,7559.0,116350,2025-2026,XVFC/2025-26/P/30,2025-12-05,2775.0
8016,7569.0,116350,2025-2026,XVFC/2025-26/P/36,2026-03-10,1138.0
8016,7570.0,116350,2025-2026,XVFC/2025-26/P/37,2026-03-10,3395.0
8016,7571.0,116350,2025-2026,XVFC/2025-26/P/38,2026-03-10,1138.0
8016,7572.0,116350,2025-2026,XVFC/2025-26/P/39,2026-03-10,8619.0
8016,7573.0,116350,2025-2026,XVFC/2025-26/P/40,2026-03-10,9695.0
8016,7574.0,116350,2025-2026,XVFC/2025-26/P/41,2026-03-10,26826.0
8016,7575.0,116350,2025-2026,XVFC/2025-26/P/42,2026-03-10,375.0
8016,7576.0,116350,2025-2026,XVFC/2025-26/P/43,2026-03-10,5227.0
8016,7577.0,116350,2025-2026,XVFC/2025-26/P/44,2026-03-10,1138.0
8016,7578.0,116350,2025-2026,XVFC/2025-26/P/45,2026-03-10,1138.0
8018,7553.0,116350,2025-2026,XVFC/2025-26/P/24,2025-11-28,1000.0
8018,7553.0,116350,2025-2026,XVFC/2025-26/P/24,2025-11-28,98000.0
8018,,116350,2026-2027,XVFC/2026-27/P/11,2026-06-18,1000.0
8020,7560.0,116350,2025-2026,XVFC/2025-26/P/31,2025-12-05,300.0
8020,7560.0,116350,2025-2026,XVFC/2025-26/P/31,2025-12-05,29400.0
8020,,116350,2026-2027,XVFC/2026-27/P/9,2026-06-18,300.0
8021,,116350,2026-2027,XVFC/2026-27/P/2,2026-05-15,837.0
8021,,116350,2026-2027,XVFC/2026-27/P/2,2026-05-15,82085.0
8021,,116350,2026-2027,XVFC/2026-27/P/4,2026-05-25,303.0
8021,,116350,2026-2027,XVFC/2026-27/P/4,2026-05-25,29635.0
8021,,116350,2026-2027,XVFC/2026-27/P/5,2026-06-18,1140.0
8023,,116350,2026-2027,XVFC/2026-27/P/18,2026-07-21,36000.0
8031,7566.0,116350,2025-2026,5THSFC/2025-26/P/15,2026-02-27,9800.0
8031,,116350,2026-2027,5THSFC/2026-27/P/12,2026-07-18,19417.0
8032,,116350,2026-2027,5THSFC/2026-27/P/7,2026-05-25,30000.0
8035,7552.0,116350,2025-2026,XVFC/2025-26/P/23,2025-11-28,490.0
8035,7552.0,116350,2025-2026,XVFC/2025-26/P/23,2025-11-28,48020.0
8035,,116350,2026-2027,XVFC/2026-27/P/12,2026-06-18,490.0
8068,,116350,2026-2027,XVFC/2026-27/P/17,2026-07-18,2000.0
8068,,116350,2026-2027,XVFC/2026-27/P/17,2026-07-18,193598.0
8080,7546.0,116350,2025-2026,XVFC/2025-26/P/19,2025-10-08,2000.0
8080,7546.0,116350,2025-2026,XVFC/2025-26/P/19,2025-10-08,10036.0
8080,7546.0,116350,2025-2026,XVFC/2025-26/P/19,2025-10-08,185648.0
8080,,116350,2026-2027,XVFC/2026-27/P/14,2026-06-18,2000.0
8081,7549.0,116350,2025-2026,5THSFC/2025-26/P/11,2025-11-07,1000.0
8081,7549.0,116350,2025-2026,5THSFC/2025-26/P/11,2025-11-07,1227.0
8081,7549.0,116350,2025-2026,5THSFC/2025-26/P/11,2025-11-07,96705.0
8081,,116350,2026-2027,5THSFC/2026-27/P/8,2026-06-18,1000.0
8082,7561.0,116350,2025-2026,XVFC/2025-26/P/32,2025-12-05,370.0
8082,7561.0,116350,2025-2026,XVFC/2025-26/P/32,2025-12-05,36327.0
8082,,116350,2026-2027,XVFC/2026-27/P/8,2026-06-18,370.0
8083,7568.0,116350,2025-2026,XVFC/2025-26/P/35,2026-02-27,549.0
8083,7568.0,116350,2025-2026,XVFC/2025-26/P/35,2026-02-27,1500.0
8083,7568.0,116350,2025-2026,XVFC/2025-26/P/35,2026-02-27,146415.0
8083,,116350,2026-2027,XVFC/2026-27/P/7,2026-06-18,1500.0
8085,,116350,2026-2027,5THSFC/2026-27/P/1,2026-04-13,469938.0
8091,8609.0,119605,2021-2022,XVFC/2021-22/P/8,2022-01-10,139336.0
8091,8436.0,119605,2022-2023,XVFC/2022-23/P/40,2023-02-10,4074.0
8091,8437.0,119605,2022-2023,XVFC/2022-23/P/41,2023-02-10,1525.0
8092,8585.0,119605,2021-2022,XVFC/2021-22/P/3,2021-08-24,112453.0
8092,8426.0,119605,2022-2023,XVFC/2022-23/P/30,2023-02-10,3440.0
8092,8427.0,119605,2022-2023,XVFC/2022-23/P/31,2023-02-10,1200.0
8093,8607.0,119605,2021-2022,XVFC/2021-22/P/10,2022-01-10,68914.0
8093,8440.0,119605,2022-2023,XVFC/2022-23/P/44,2023-02-10,3653.0
8093,8441.0,119605,2022-2023,XVFC/2022-23/P/45,2023-02-10,757.0
8094,8610.0,119605,2021-2022,XVFC/2021-22/P/9,2022-01-10,92543.0
8094,8438.0,119605,2022-2023,XVFC/2022-23/P/42,2023-02-10,3035.0
8094,8439.0,119605,2022-2023,XVFC/2022-23/P/43,2023-02-10,1019.0
8095,8587.0,119605,2021-2022,XVFC/2021-22/P/5,2021-08-24,91756.0
8095,8430.0,119605,2022-2023,XVFC/2022-23/P/34,2023-02-10,4124.0
8095,8431.0,119605,2022-2023,XVFC/2022-23/P/35,2023-02-10,1000.0
8097,8583.0,119605,2021-2022,XVFC/2021-22/P/1,2021-08-24,189754.0
8097,8422.0,119605,2022-2023,XVFC/2022-23/P/26,2023-02-10,3793.0
8097,8423.0,119605,2022-2023,XVFC/2022-23/P/27,2023-02-10,2000.0
8102,8608.0,119605,2021-2022,XVFC/2021-22/P/11,2022-01-10,163704.0
8102,8442.0,119605,2022-2023,XVFC/2022-23/P/46,2023-02-10,4866.0
8102,8443.0,119605,2022-2023,XVFC/2022-23/P/47,2023-02-10,1759.0
8103,8589.0,119605,2021-2022,XVFC/2021-22/P/7,2021-08-24,112081.0
8103,8434.0,119605,2022-2023,XVFC/2022-23/P/38,2023-02-10,3844.0
8103,8435.0,119605,2022-2023,XVFC/2022-23/P/39,2023-02-10,1200.0
8104,8588.0,119605,2021-2022,XVFC/2021-22/P/6,2021-08-24,140790.0
8104,8432.0,119605,2022-2023,XVFC/2022-23/P/36,2023-02-10,4079.0
8104,8433.0,119605,2022-2023,XVFC/2022-23/P/37,2023-02-10,1500.0
8105,8586.0,119605,2021-2022,XVFC/2021-22/P/4,2021-08-24,45748.0
8105,8428.0,119605,2022-2023,XVFC/2022-23/P/32,2023-02-10,2194.0
8105,8429.0,119605,2022-2023,XVFC/2022-23/P/33,2023-02-10,500.0
8106,8584.0,119605,2021-2022,XVFC/2021-22/P/2,2021-08-24,93736.0
8106,8424.0,119605,2022-2023,XVFC/2022-23/P/28,2023-02-10,2844.0
8106,8425.0,119605,2022-2023,XVFC/2022-23/P/29,2023-02-10,1000.0
8107,7942.0,119605,2025-2026,XVFC/2025-26/P/28,2026-02-14,44433.0
8107,7944.0,119605,2025-2026,XVFC/2025-26/P/30,2026-02-20,10412.0
8107,,119605,2026-2027,XVFC/2026-27/P/3,2026-05-02,23129.0
8107,,119605,2026-2027,XVFC/2026-27/P/4,2026-05-02,10668.0
8107,,119605,2026-2027,XVFC/2026-27/P/5,2026-06-28,42969.0
8107,,119605,2026-2027,XVFC/2026-27/P/6,2026-06-28,11750.0
8112,8612.0,119605,2021-2022,5THSFC/2021-22/P/3,2022-02-17,10000.0
8112,8613.0,119605,2021-2022,5THSFC/2021-22/P/4,2022-02-17,20000.0
8112,8364.0,119605,2022-2023,5THSFC/2022-23/P/1,2022-07-21,5000.0
8113,8612.0,119605,2021-2022,5THSFC/2021-22/P/3,2022-02-17,10000.0
8113,8613.0,119605,2021-2022,5THSFC/2021-22/P/4,2022-02-17,20000.0
8113,8364.0,119605,2022-2023,5THSFC/2022-23/P/1,2022-07-21,5000.0
8118,8368.0,119605,2022-2023,XVFC/2022-23/P/2,2022-07-23,41856.0
8118,8395.0,119605,2022-2023,XVFC/2022-23/P/14,2022-12-03,50110.0
8118,8465.0,119605,2022-2023,XVFC/2022-23/P/59,2023-03-21,10000.0
8118,8466.0,119605,2022-2023,XVFC/2022-23/P/60,2023-03-21,19183.0
8119,8367.0,119605,2022-2023,XVFC/2022-23/P/1,2022-07-23,20000.0
8120,8369.0,119605,2022-2023,XVFC/2022-23/P/3,2022-07-23,132964.0
8121,8387.0,119605,2022-2023,XVFC/2022-23/P/6,2022-09-30,8500.0
8121,8388.0,119605,2022-2023,XVFC/2022-23/P/7,2022-09-30,8500.0
8121,8389.0,119605,2022-2023,XVFC/2022-23/P/8,2022-09-30,9500.0
8121,8390.0,119605,2022-2023,XVFC/2022-23/P/9,2022-09-30,8800.0
8121,8385.0,119605,2022-2023,XVFC/2022-23/P/10,2022-09-30,14500.0
8121,8386.0,119605,2022-2023,XVFC/2022-23/P/11,2022-09-30,8500.0
8121,8413.0,119605,2022-2023,XVFC/2022-23/P/21,2023-02-07,8500.0
8121,8414.0,119605,2022-2023,XVFC/2022-23/P/22,2023-02-07,9500.0
8121,8415.0,119605,2022-2023,XVFC/2022-23/P/23,2023-02-07,9500.0
8121,8416.0,119605,2022-2023,XVFC/2022-23/P/24,2023-02-07,7200.0
8121,8417.0,119605,2022-2023,XVFC/2022-23/P/25,2023-02-07,7000.0
8122,8453.0,119605,2022-2023,XVFC/2022-23/P/51,2023-03-15,46484.0
8122,8477.0,119605,2022-2023,XVFC/2022-23/P/69,2023-03-22,1397.0
8122,8478.0,119605,2022-2023,XVFC/2022-23/P/70,2023-03-22,500.0
8129,8378.0,119605,2022-2023,XVFC/2022-23/P/5,2022-09-24,82382.0
8130,8377.0,119605,2022-2023,XVFC/2022-23/P/4,2022-09-24,46001.0
8134,8452.0,119605,2022-2023,XVFC/2022-23/P/50,2023-03-15,46577.0
8134,8475.0,119605,2022-2023,XVFC/2022-23/P/67,2023-03-22,1245.0
8134,8476.0,119605,2022-2023,XVFC/2022-23/P/68,2023-03-22,500.0
8140,8232.0,119605,2023-2024,XVFC/2023-24/P/4,2023-11-08,57600.0
8140,8233.0,119605,2023-2024,XVFC/2023-24/P/5,2023-11-08,1200.0
8140,8234.0,119605,2023-2024,XVFC/2023-24/P/6,2023-11-08,600.0
8140,8235.0,119605,2023-2024,XVFC/2023-24/P/7,2023-11-08,600.0
8141,8199.0,119605,2023-2024,XVFC/2023-24/P/1,2023-04-25,58800.0
8141,8200.0,119605,2023-2024,XVFC/2023-24/P/2,2023-04-25,600.0
8148,8403.0,119605,2022-2023,5THSFC/2022-23/P/3,2022-12-22,154624.0
8148,8242.0,119605,2023-2024,5THSFC/2023-24/P/1,2023-11-24,227528.0
8148,8243.0,119605,2023-2024,5THSFC/2023-24/P/2,2023-11-24,7491.0
8148,8244.0,119605,2023-2024,5THSFC/2023-24/P/3,2023-11-24,1512.0
8148,8245.0,119605,2023-2024,5THSFC/2023-24/P/4,2023-11-24,4000.0
8148,8246.0,119605,2023-2024,5THSFC/2023-24/P/5,2023-11-24,4845.0
8149,8405.0,119605,2022-2023,XVFC/2022-23/P/15,2022-12-22,186578.0
8149,8469.0,119605,2022-2023,XVFC/2022-23/P/61,2023-03-22,4626.0
8149,8470.0,119605,2022-2023,XVFC/2022-23/P/62,2023-03-22,2000.0
8150,8404.0,119605,2022-2023,5THSFC/2022-23/P/4,2022-12-22,8000.0
8150,8460.0,119605,2022-2023,5THSFC/2022-23/P/6,2023-03-21,4000.0
8150,8461.0,119605,2022-2023,5THSFC/2022-23/P/7,2023-03-21,31074.0
8151,8456.0,119605,2022-2023,XVFC/2022-23/P/54,2023-03-15,47793.0
8151,8483.0,119605,2022-2023,XVFC/2022-23/P/75,2023-03-22,144.0
8151,8484.0,119605,2022-2023,XVFC/2022-23/P/76,2023-03-22,500.0
8152,8393.0,119605,2022-2023,XVFC/2022-23/P/12,2022-12-03,98041.0
8152,8394.0,119605,2022-2023,XVFC/2022-23/P/13,2022-12-03,122959.0
8152,8411.0,119605,2022-2023,XVFC/2022-23/P/19,2023-02-07,18769.0
8152,8412.0,119605,2022-2023,XVFC/2022-23/P/20,2023-02-07,26819.0
8152,8444.0,119605,2022-2023,XVFC/2022-23/P/48,2023-02-10,18213.0
8152,8445.0,119605,2022-2023,XVFC/2022-23/P/49,2023-02-10,29217.0
8152,8463.0,119605,2022-2023,XVFC/2022-23/P/57,2023-03-21,15604.0
8152,8464.0,119605,2022-2023,XVFC/2022-23/P/58,2023-03-21,19588.0
8153,8450.0,119605,2022-2023,5THSFC/2022-23/P/5,2023-03-15,190874.0
8153,8467.0,119605,2022-2023,5THSFC/2022-23/P/8,2023-03-22,905.0
8153,8468.0,119605,2022-2023,5THSFC/2022-23/P/9,2023-03-22,2000.0
8154,8457.0,119605,2022-2023,XVFC/2022-23/P/55,2023-03-15,20584.0
8154,8481.0,119605,2022-2023,XVFC/2022-23/P/73,2023-03-22,40.0
8154,8482.0,119605,2022-2023,XVFC/2022-23/P/74,2023-03-22,215.0
8155,8455.0,119605,2022-2023,XVFC/2022-23/P/53,2023-03-15,19600.0
8155,8485.0,119605,2022-2023,XVFC/2022-23/P/77,2023-03-22,400.0
8157,8408.0,119605,2022-2023,XVFC/2022-23/P/16,2023-02-06,282024.0
8157,8471.0,119605,2022-2023,XVFC/2022-23/P/63,2023-03-22,5549.0
8157,8472.0,119605,2022-2023,XVFC/2022-23/P/64,2023-03-22,3000.0
8158,8409.0,119605,2022-2023,XVFC/2022-23/P/17,2023-02-06,103110.0
8158,8473.0,119605,2022-2023,XVFC/2022-23/P/65,2023-03-22,1283.0
8158,8474.0,119605,2022-2023,XVFC/2022-23/P/66,2023-03-22,1090.0
8159,8454.0,119605,2022-2023,XVFC/2022-23/P/52,2023-03-15,21497.0
8159,8479.0,119605,2022-2023,XVFC/2022-23/P/71,2023-03-22,60.0
8159,8480.0,119605,2022-2023,XVFC/2022-23/P/72,2023-03-22,225.0
8160,8410.0,119605,2022-2023,XVFC/2022-23/P/18,2023-02-07,20000.0
8160,8462.0,119605,2022-2023,XVFC/2022-23/P/56,2023-03-21,8000.0
8160,8213.0,119605,2023-2024,XVFC/2023-24/P/3,2023-07-11,16000.0
8160,8250.0,119605,2023-2024,XVFC/2023-24/P/12,2023-11-24,4000.0
8162,8251.0,119605,2023-2024,XVFC/2023-24/P/8,2023-11-24,86367.0
8162,8252.0,119605,2023-2024,XVFC/2023-24/P/9,2023-11-24,2712.0
8162,8248.0,119605,2023-2024,XVFC/2023-24/P/10,2023-11-24,900.0
8162,8249.0,119605,2023-2024,XVFC/2023-24/P/11,2023-11-24,21.0
8164,8256.0,119605,2023-2024,XVFC/2023-24/P/13,2023-12-26,7500.0
8164,8257.0,119605,2023-2024,XVFC/2023-24/P/14,2023-12-26,7800.0
8164,8258.0,119605,2023-2024,XVFC/2023-24/P/15,2023-12-26,6500.0
8164,8259.0,119605,2023-2024,XVFC/2023-24/P/16,2023-12-26,8200.0
8164,8260.0,119605,2023-2024,XVFC/2023-24/P/17,2023-12-26,8500.0
8164,8261.0,119605,2023-2024,XVFC/2023-24/P/18,2023-12-26,7500.0
8164,8262.0,119605,2023-2024,XVFC/2023-24/P/19,2023-12-26,6500.0
8164,8263.0,119605,2023-2024,XVFC/2023-24/P/20,2023-12-26,7500.0
8165,8264.0,119605,2023-2024,5THSFC/2023-24/P/6,2023-12-28,9000.0
8165,8265.0,119605,2023-2024,5THSFC/2023-24/P/7,2023-12-28,3500.0
8165,8096.0,119605,2024-2025,5THSFC/2024-25/P/1,2024-08-12,3000.0
8165,8097.0,119605,2024-2025,5THSFC/2024-25/P/2,2024-08-12,23000.0
8165,7888.0,119605,2025-2026,5THSFC/2025-26/P/8,2025-04-16,4574.0
8166,8266.0,119605,2023-2024,XVFC/2023-24/P/21,2023-12-28,12000.0
8166,8099.0,119605,2024-2025,XVFC/2024-25/P/1,2024-08-12,36000.0
8167,8267.0,119605,2023-2024,XVFC/2023-24/P/22,2023-12-28,100000.0
8167,8100.0,119605,2024-2025,XVFC/2024-25/P/2,2024-08-12,265516.0
8168,7919.0,119605,2025-2026,XVFC/2025-26/P/20,2025-08-27,68000.0
8168,7922.0,119605,2025-2026,XVFC/2025-26/P/22,2025-08-28,757.0
8168,7922.0,119605,2025-2026,XVFC/2025-26/P/22,2025-08-28,1514.0
8168,7922.0,119605,2025-2026,XVFC/2025-26/P/22,2025-08-28,5429.0
8169,7965.0,119605,2025-2026,XVFC/2025-26/P/50,2026-03-11,2100.0
8169,7977.0,119605,2025-2026,XVFC/2025-26/P/62,2026-03-17,4.0
8169,7977.0,119605,2025-2026,XVFC/2025-26/P/62,2026-03-17,35.0
8169,7977.0,119605,2025-2026,XVFC/2025-26/P/62,2026-03-17,70.0
8169,7977.0,119605,2025-2026,XVFC/2025-26/P/62,2026-03-17,1256.0
8170,7951.0,119605,2025-2026,XVFC/2025-26/P/36,2026-03-11,2100.0
8170,7991.0,119605,2025-2026,XVFC/2025-26/P/76,2026-03-17,4.0
8170,7991.0,119605,2025-2026,XVFC/2025-26/P/76,2026-03-17,35.0
8170,7991.0,119605,2025-2026,XVFC/2025-26/P/76,2026-03-17,70.0
8170,7991.0,119605,2025-2026,XVFC/2025-26/P/76,2026-03-17,1256.0
8171,7953.0,119605,2025-2026,XVFC/2025-26/P/38,2026-03-11,2100.0
8171,7993.0,119605,2025-2026,XVFC/2025-26/P/78,2026-03-17,4.0
8171,7993.0,119605,2025-2026,XVFC/2025-26/P/78,2026-03-17,35.0
8171,7993.0,119605,2025-2026,XVFC/2025-26/P/78,2026-03-17,70.0
8171,7993.0,119605,2025-2026,XVFC/2025-26/P/78,2026-03-17,1256.0
8172,7950.0,119605,2025-2026,XVFC/2025-26/P/35,2026-03-11,2100.0
8172,7990.0,119605,2025-2026,XVFC/2025-26/P/75,2026-03-17,4.0
8172,7990.0,119605,2025-2026,XVFC/2025-26/P/75,2026-03-17,35.0
8172,7990.0,119605,2025-2026,XVFC/2025-26/P/75,2026-03-17,70.0
8172,7990.0,119605,2025-2026,XVFC/2025-26/P/75,2026-03-17,1256.0
8173,7962.0,119605,2025-2026,XVFC/2025-26/P/47,2026-03-11,2100.0
8173,7979.0,119605,2025-2026,XVFC/2025-26/P/64,2026-03-17,4.0
8173,7979.0,119605,2025-2026,XVFC/2025-26/P/64,2026-03-17,35.0
8173,7979.0,119605,2025-2026,XVFC/2025-26/P/64,2026-03-17,70.0
8173,7979.0,119605,2025-2026,XVFC/2025-26/P/64,2026-03-17,1256.0
8174,7956.0,119605,2025-2026,XVFC/2025-26/P/41,2026-03-11,2100.0
8174,7985.0,119605,2025-2026,XVFC/2025-26/P/70,2026-03-17,4.0
8174,7985.0,119605,2025-2026,XVFC/2025-26/P/70,2026-03-17,35.0
8174,7985.0,119605,2025-2026,XVFC/2025-26/P/70,2026-03-17,70.0
8174,7985.0,119605,2025-2026,XVFC/2025-26/P/70,2026-03-17,1256.0
8175,7949.0,119605,2025-2026,XVFC/2025-26/P/34,2026-03-11,2100.0
8175,7989.0,119605,2025-2026,XVFC/2025-26/P/74,2026-03-17,4.0
8175,7989.0,119605,2025-2026,XVFC/2025-26/P/74,2026-03-17,35.0
8175,7989.0,119605,2025-2026,XVFC/2025-26/P/74,2026-03-17,70.0
8175,7989.0,119605,2025-2026,XVFC/2025-26/P/74,2026-03-17,1256.0
8176,7952.0,119605,2025-2026,XVFC/2025-26/P/37,2026-03-11,2100.0
8176,7992.0,119605,2025-2026,XVFC/2025-26/P/77,2026-03-17,4.0
8176,7992.0,119605,2025-2026,XVFC/2025-26/P/77,2026-03-17,35.0
8176,7992.0,119605,2025-2026,XVFC/2025-26/P/77,2026-03-17,70.0
8176,7992.0,119605,2025-2026,XVFC/2025-26/P/77,2026-03-17,1256.0
8177,7947.0,119605,2025-2026,XVFC/2025-26/P/32,2026-03-11,2100.0
8177,7987.0,119605,2025-2026,XVFC/2025-26/P/72,2026-03-17,4.0
8177,7987.0,119605,2025-2026,XVFC/2025-26/P/72,2026-03-17,35.0
8177,7987.0,119605,2025-2026,XVFC/2025-26/P/72,2026-03-17,70.0
8177,7987.0,119605,2025-2026,XVFC/2025-26/P/72,2026-03-17,1256.0
8178,7964.0,119605,2025-2026,XVFC/2025-26/P/49,2026-03-11,2100.0
8178,7978.0,119605,2025-2026,XVFC/2025-26/P/63,2026-03-17,4.0
8178,7978.0,119605,2025-2026,XVFC/2025-26/P/63,2026-03-17,35.0
8178,7978.0,119605,2025-2026,XVFC/2025-26/P/63,2026-03-17,70.0
8178,7978.0,119605,2025-2026,XVFC/2025-26/P/63,2026-03-17,1256.0
8179,7955.0,119605,2025-2026,XVFC/2025-26/P/40,2026-03-11,2100.0
8179,7986.0,119605,2025-2026,XVFC/2025-26/P/71,2026-03-17,4.0
8179,7986.0,119605,2025-2026,XVFC/2025-26/P/71,2026-03-17,35.0
8179,7986.0,119605,2025-2026,XVFC/2025-26/P/71,2026-03-17,70.0
8179,7986.0,119605,2025-2026,XVFC/2025-26/P/71,2026-03-17,1256.0
8180,7960.0,119605,2025-2026,XVFC/2025-26/P/45,2026-03-11,2100.0
8180,7981.0,119605,2025-2026,XVFC/2025-26/P/66,2026-03-17,4.0
8180,7981.0,119605,2025-2026,XVFC/2025-26/P/66,2026-03-17,35.0
8180,7981.0,119605,2025-2026,XVFC/2025-26/P/66,2026-03-17,70.0
8180,7981.0,119605,2025-2026,XVFC/2025-26/P/66,2026-03-17,1256.0
8181,7961.0,119605,2025-2026,XVFC/2025-26/P/46,2026-03-11,2100.0
8181,7980.0,119605,2025-2026,XVFC/2025-26/P/65,2026-03-17,4.0
8181,7980.0,119605,2025-2026,XVFC/2025-26/P/65,2026-03-17,35.0
8181,7980.0,119605,2025-2026,XVFC/2025-26/P/65,2026-03-17,70.0
8181,7980.0,119605,2025-2026,XVFC/2025-26/P/65,2026-03-17,1256.0
8182,7954.0,119605,2025-2026,XVFC/2025-26/P/39,2026-03-11,2100.0
8182,7994.0,119605,2025-2026,XVFC/2025-26/P/79,2026-03-17,4.0
8182,7994.0,119605,2025-2026,XVFC/2025-26/P/79,2026-03-17,35.0
8182,7994.0,119605,2025-2026,XVFC/2025-26/P/79,2026-03-17,70.0
8182,7994.0,119605,2025-2026,XVFC/2025-26/P/79,2026-03-17,1256.0
8183,7959.0,119605,2025-2026,XVFC/2025-26/P/44,2026-03-11,2100.0
8183,7982.0,119605,2025-2026,XVFC/2025-26/P/67,2026-03-17,4.0
8183,7982.0,119605,2025-2026,XVFC/2025-26/P/67,2026-03-17,35.0
8183,7982.0,119605,2025-2026,XVFC/2025-26/P/67,2026-03-17,70.0
8183,7982.0,119605,2025-2026,XVFC/2025-26/P/67,2026-03-17,1256.0
8184,7957.0,119605,2025-2026,XVFC/2025-26/P/42,2026-03-11,2100.0
8184,7984.0,119605,2025-2026,XVFC/2025-26/P/69,2026-03-17,4.0
8184,7984.0,119605,2025-2026,XVFC/2025-26/P/69,2026-03-17,35.0
8184,7984.0,119605,2025-2026,XVFC/2025-26/P/69,2026-03-17,70.0
8184,7984.0,119605,2025-2026,XVFC/2025-26/P/69,2026-03-17,1256.0
8185,7948.0,119605,2025-2026,XVFC/2025-26/P/33,2026-03-11,2100.0
8185,7988.0,119605,2025-2026,XVFC/2025-26/P/73,2026-03-17,4.0
8185,7988.0,119605,2025-2026,XVFC/2025-26/P/73,2026-03-17,35.0
8185,7988.0,119605,2025-2026,XVFC/2025-26/P/73,2026-03-17,70.0
8185,7988.0,119605,2025-2026,XVFC/2025-26/P/73,2026-03-17,1256.0
8186,7963.0,119605,2025-2026,XVFC/2025-26/P/48,2026-03-11,2100.0
8186,7976.0,119605,2025-2026,XVFC/2025-26/P/61,2026-03-17,4.0
8186,7976.0,119605,2025-2026,XVFC/2025-26/P/61,2026-03-17,35.0
8186,7976.0,119605,2025-2026,XVFC/2025-26/P/61,2026-03-17,70.0
8186,7976.0,119605,2025-2026,XVFC/2025-26/P/61,2026-03-17,1256.0
8187,7917.0,119605,2025-2026,5THSFC/2025-26/P/19,2025-08-27,45000.0
8187,7920.0,119605,2025-2026,5THSFC/2025-26/P/20,2025-08-28,2.0
8187,7920.0,119605,2025-2026,5THSFC/2025-26/P/20,2025-08-28,4.0
8187,7920.0,119605,2025-2026,5THSFC/2025-26/P/20,2025-08-28,26.0
8187,7920.0,119605,2025-2026,5THSFC/2025-26/P/20,2025-08-28,78.0
8187,7920.0,119605,2025-2026,5THSFC/2025-26/P/20,2025-08-28,500.0
8187,7920.0,119605,2025-2026,5THSFC/2025-26/P/20,2025-08-28,1000.0
8187,7920.0,119605,2025-2026,5THSFC/2025-26/P/20,2025-08-28,3390.0
8188,7958.0,119605,2025-2026,XVFC/2025-26/P/43,2026-03-11,2100.0
8188,7983.0,119605,2025-2026,XVFC/2025-26/P/68,2026-03-17,4.0
8188,7983.0,119605,2025-2026,XVFC/2025-26/P/68,2026-03-17,35.0
8188,7983.0,119605,2025-2026,XVFC/2025-26/P/68,2026-03-17,70.0
8188,7983.0,119605,2025-2026,XVFC/2025-26/P/68,2026-03-17,1256.0
8264,7879.0,119605,2025-2026,XVFC/2025-26/P/2,2025-04-02,90000.0
8264,7895.0,119605,2025-2026,XVFC/2025-26/P/9,2025-04-16,113.0
8264,7895.0,119605,2025-2026,XVFC/2025-26/P/9,2025-04-16,225.0
8264,7895.0,119605,2025-2026,XVFC/2025-26/P/9,2025-04-16,1000.0
8264,7895.0,119605,2025-2026,XVFC/2025-26/P/9,2025-04-16,1640.0
8264,7895.0,119605,2025-2026,XVFC/2025-26/P/9,2025-04-16,2435.0
8264,7895.0,119605,2025-2026,XVFC/2025-26/P/9,2025-04-16,4587.0
8265,7881.0,119605,2025-2026,XVFC/2025-26/P/4,2025-04-02,90000.0
8265,7894.0,119605,2025-2026,XVFC/2025-26/P/8,2025-04-16,92.0
8265,7894.0,119605,2025-2026,XVFC/2025-26/P/8,2025-04-16,185.0
8265,7894.0,119605,2025-2026,XVFC/2025-26/P/8,2025-04-16,1000.0
8265,7894.0,119605,2025-2026,XVFC/2025-26/P/8,2025-04-16,2394.0
8265,7894.0,119605,2025-2026,XVFC/2025-26/P/8,2025-04-16,2461.0
8265,7894.0,119605,2025-2026,XVFC/2025-26/P/8,2025-04-16,3868.0
8309,8101.0,119605,2024-2025,XVFC/2024-25/P/3,2024-08-12,29000.0
8333,8098.0,119605,2024-2025,5THSFC/2024-25/P/3,2024-08-12,28000.0
8333,7889.0,119605,2025-2026,5THSFC/2025-26/P/9,2025-04-16,22000.0
8336,7902.0,119605,2025-2026,5THSFC/2025-26/P/12,2025-06-24,270000.0
8336,7904.0,119605,2025-2026,5THSFC/2025-26/P/14,2025-06-26,37.0
8336,7904.0,119605,2025-2026,5THSFC/2025-26/P/14,2025-06-26,74.0
8336,7904.0,119605,2025-2026,5THSFC/2025-26/P/14,2025-06-26,1389.0
8336,7904.0,119605,2025-2026,5THSFC/2025-26/P/14,2025-06-26,3000.0
8336,7904.0,119605,2025-2026,5THSFC/2025-26/P/14,2025-06-26,6296.0
8336,7904.0,119605,2025-2026,5THSFC/2025-26/P/14,2025-06-26,19204.0
8337,7903.0,119605,2025-2026,5THSFC/2025-26/P/13,2025-06-24,135000.0
8337,7905.0,119605,2025-2026,5THSFC/2025-26/P/15,2025-06-26,43.0
8337,7905.0,119605,2025-2026,5THSFC/2025-26/P/15,2025-06-26,86.0
8337,7905.0,119605,2025-2026,5THSFC/2025-26/P/15,2025-06-26,1500.0
8337,7905.0,119605,2025-2026,5THSFC/2025-26/P/15,2025-06-26,1750.0
8337,7905.0,119605,2025-2026,5THSFC/2025-26/P/15,2025-06-26,3256.0
8337,7905.0,119605,2025-2026,5THSFC/2025-26/P/15,2025-06-26,8365.0
8338,7878.0,119605,2025-2026,XVFC/2025-26/P/1,2025-04-02,92000.0
8338,7890.0,119605,2025-2026,XVFC/2025-26/P/10,2025-04-16,64.0
8338,7890.0,119605,2025-2026,XVFC/2025-26/P/10,2025-04-16,127.0
8338,7890.0,119605,2025-2026,XVFC/2025-26/P/10,2025-04-16,1026.0
8338,7890.0,119605,2025-2026,XVFC/2025-26/P/10,2025-04-16,2328.0
8338,7890.0,119605,2025-2026,XVFC/2025-26/P/10,2025-04-16,2654.0
8338,7890.0,119605,2025-2026,XVFC/2025-26/P/10,2025-04-16,4393.0
8339,7882.0,119605,2025-2026,5THSFC/2025-26/P/1,2025-04-16,45000.0
8339,7896.0,119605,2025-2026,5THSFC/2025-26/P/10,2025-04-20,3500.0
8339,7897.0,119605,2025-2026,5THSFC/2025-26/P/11,2025-04-20,500.0
8339,7897.0,119605,2025-2026,5THSFC/2025-26/P/11,2025-04-20,1000.0
8340,7880.0,119605,2025-2026,XVFC/2025-26/P/3,2025-04-02,90000.0
8340,7893.0,119605,2025-2026,XVFC/2025-26/P/7,2025-04-16,29.0
8340,7893.0,119605,2025-2026,XVFC/2025-26/P/7,2025-04-16,35.0
8340,7893.0,119605,2025-2026,XVFC/2025-26/P/7,2025-04-16,587.0
8340,7893.0,119605,2025-2026,XVFC/2025-26/P/7,2025-04-16,1000.0
8340,7893.0,119605,2025-2026,XVFC/2025-26/P/7,2025-04-16,2077.0
8340,7893.0,119605,2025-2026,XVFC/2025-26/P/7,2025-04-16,6272.0
8341,7911.0,119605,2025-2026,XVFC/2025-26/P/14,2025-07-02,180000.0
8341,7912.0,119605,2025-2026,XVFC/2025-26/P/15,2025-07-03,224.0
8341,7912.0,119605,2025-2026,XVFC/2025-26/P/15,2025-07-03,448.0
8341,7912.0,119605,2025-2026,XVFC/2025-26/P/15,2025-07-03,2000.0
8341,7912.0,119605,2025-2026,XVFC/2025-26/P/15,2025-07-03,3337.0
8341,7912.0,119605,2025-2026,XVFC/2025-26/P/15,2025-07-03,4870.0
8341,7912.0,119605,2025-2026,XVFC/2025-26/P/15,2025-07-03,9121.0
8342,7918.0,119605,2025-2026,XVFC/2025-26/P/19,2025-08-27,227480.0
8342,7921.0,119605,2025-2026,XVFC/2025-26/P/21,2025-08-28,281.0
8342,7921.0,119605,2025-2026,XVFC/2025-26/P/21,2025-08-28,562.0
8342,7921.0,119605,2025-2026,XVFC/2025-26/P/21,2025-08-28,1091.0
8342,7921.0,119605,2025-2026,XVFC/2025-26/P/21,2025-08-28,2528.0
8342,7921.0,119605,2025-2026,XVFC/2025-26/P/21,2025-08-28,4306.0
8342,7921.0,119605,2025-2026,XVFC/2025-26/P/21,2025-08-28,5055.0
8342,7921.0,119605,2025-2026,XVFC/2025-26/P/21,2025-08-28,11453.0
8344,7966.0,119605,2025-2026,XVFC/2025-26/P/51,2026-03-11,2100.0
8344,7998.0,119605,2025-2026,XVFC/2025-26/P/81,2026-03-18,4.0
8344,7998.0,119605,2025-2026,XVFC/2025-26/P/81,2026-03-18,35.0
8344,7998.0,119605,2025-2026,XVFC/2025-26/P/81,2026-03-18,70.0
8344,7998.0,119605,2025-2026,XVFC/2025-26/P/81,2026-03-18,1256.0
8345,7971.0,119605,2025-2026,XVFC/2025-26/P/56,2026-03-11,2100.0
8345,8002.0,119605,2025-2026,XVFC/2025-26/P/85,2026-03-18,4.0
8345,8002.0,119605,2025-2026,XVFC/2025-26/P/85,2026-03-18,35.0
8345,8002.0,119605,2025-2026,XVFC/2025-26/P/85,2026-03-18,70.0
8345,8002.0,119605,2025-2026,XVFC/2025-26/P/85,2026-03-18,1256.0
8346,7969.0,119605,2025-2026,XVFC/2025-26/P/54,2026-03-11,2100.0
8346,8004.0,119605,2025-2026,XVFC/2025-26/P/87,2026-03-18,4.0
8346,8004.0,119605,2025-2026,XVFC/2025-26/P/87,2026-03-18,35.0
8346,8004.0,119605,2025-2026,XVFC/2025-26/P/87,2026-03-18,70.0
8346,8004.0,119605,2025-2026,XVFC/2025-26/P/87,2026-03-18,1256.0
8347,7973.0,119605,2025-2026,XVFC/2025-26/P/58,2026-03-11,2100.0
8347,8005.0,119605,2025-2026,XVFC/2025-26/P/88,2026-03-18,4.0
8347,8005.0,119605,2025-2026,XVFC/2025-26/P/88,2026-03-18,35.0
8347,8005.0,119605,2025-2026,XVFC/2025-26/P/88,2026-03-18,70.0
8347,8005.0,119605,2025-2026,XVFC/2025-26/P/88,2026-03-18,1256.0
8348,7967.0,119605,2025-2026,XVFC/2025-26/P/52,2026-03-11,2100.0
8348,8000.0,119605,2025-2026,XVFC/2025-26/P/83,2026-03-18,4.0
8348,8000.0,119605,2025-2026,XVFC/2025-26/P/83,2026-03-18,35.0
8348,8000.0,119605,2025-2026,XVFC/2025-26/P/83,2026-03-18,70.0
8348,8000.0,119605,2025-2026,XVFC/2025-26/P/83,2026-03-18,1256.0
8349,7968.0,119605,2025-2026,XVFC/2025-26/P/53,2026-03-11,2100.0
8349,7999.0,119605,2025-2026,XVFC/2025-26/P/82,2026-03-18,4.0
8349,7999.0,119605,2025-2026,XVFC/2025-26/P/82,2026-03-18,35.0
8349,7999.0,119605,2025-2026,XVFC/2025-26/P/82,2026-03-18,70.0
8349,7999.0,119605,2025-2026,XVFC/2025-26/P/82,2026-03-18,1256.0
8350,7970.0,119605,2025-2026,XVFC/2025-26/P/55,2026-03-11,2100.0
8350,8001.0,119605,2025-2026,XVFC/2025-26/P/84,2026-03-18,4.0
8350,8001.0,119605,2025-2026,XVFC/2025-26/P/84,2026-03-18,35.0
8350,8001.0,119605,2025-2026,XVFC/2025-26/P/84,2026-03-18,70.0
8350,8001.0,119605,2025-2026,XVFC/2025-26/P/84,2026-03-18,1256.0
8351,7972.0,119605,2025-2026,XVFC/2025-26/P/57,2026-03-11,2100.0
8351,8003.0,119605,2025-2026,XVFC/2025-26/P/86,2026-03-18,4.0
8351,8003.0,119605,2025-2026,XVFC/2025-26/P/86,2026-03-18,35.0
8351,8003.0,119605,2025-2026,XVFC/2025-26/P/86,2026-03-18,70.0
8351,8003.0,119605,2025-2026,XVFC/2025-26/P/86,2026-03-18,1256.0
8353,7930.0,119605,2025-2026,XVFC/2025-26/P/26,2025-11-02,17850.0
8353,7932.0,119605,2025-2026,XVFC/2025-26/P/27,2025-11-10,3127.0
8355,7927.0,119605,2025-2026,5THSFC/2025-26/P/23,2025-10-28,5900.0
8355,7940.0,119605,2025-2026,5THSFC/2025-26/P/33,2025-12-18,10000.0
8355,,119605,2026-2027,5THSFC/2026-27/P/1,2026-05-02,10000.0
8356,7926.0,119605,2025-2026,5THSFC/2025-26/P/22,2025-10-28,20201.0
8356,7931.0,119605,2025-2026,5THSFC/2025-26/P/25,2025-11-07,20790.0
8356,7933.0,119605,2025-2026,5THSFC/2025-26/P/26,2025-12-18,21046.0
8356,7934.0,119605,2025-2026,5THSFC/2025-26/P/27,2025-12-18,15777.0
8356,7945.0,119605,2025-2026,5THSFC/2025-26/P/34,2026-03-11,10090.0
8356,,119605,2026-2027,5THSFC/2026-27/P/5,2026-05-02,12096.0
8394,8116.0,119605,2024-2025,XVFC/2024-25/P/4,2024-12-03,6479.0
8394,8119.0,119605,2024-2025,XVFC/2024-25/P/7,2024-12-10,53219.0
8394,8121.0,119605,2024-2025,XVFC/2024-25/P/8,2025-02-19,33545.0
8394,8122.0,119605,2024-2025,XVFC/2024-25/P/9,2025-02-19,11088.0
8394,8124.0,119605,2024-2025,XVFC/2024-25/P/10,2025-03-06,22197.0
8394,8125.0,119605,2024-2025,XVFC/2024-25/P/11,2025-03-06,7347.0
8394,8117.0,119605,2024-2025,XVFC/2024-25/P/5,2024-12-03,1515.0
8394,8118.0,119605,2024-2025,XVFC/2024-25/P/6,2024-12-10,182460.0
8394,7925.0,119605,2025-2026,XVFC/2025-26/P/24,2025-09-09,4200.0
8394,7928.0,119605,2025-2026,XVFC/2025-26/P/25,2025-10-28,4194.0
8394,7891.0,119605,2025-2026,XVFC/2025-26/P/5,2025-04-16,21854.0
8394,7892.0,119605,2025-2026,XVFC/2025-26/P/6,2025-04-16,7202.0
8394,7909.0,119605,2025-2026,XVFC/2025-26/P/13,2025-06-26,38521.0
8394,7913.0,119605,2025-2026,XVFC/2025-26/P/16,2025-07-04,16350.0
8394,7915.0,119605,2025-2026,XVFC/2025-26/P/17,2025-08-13,14453.0
8394,7916.0,119605,2025-2026,XVFC/2025-26/P/18,2025-08-13,37182.0
8394,7924.0,119605,2025-2026,XVFC/2025-26/P/23,2025-09-09,19899.0
8394,,119605,2026-2027,XVFC/2026-27/P/2,2026-05-02,7862.0
8395,7975.0,119605,2025-2026,XVFC/2025-26/P/60,2026-03-16,180000.0
8395,7995.0,119605,2025-2026,XVFC/2025-26/P/80,2026-03-17,186.0
8395,7995.0,119605,2025-2026,XVFC/2025-26/P/80,2026-03-17,372.0
8395,7995.0,119605,2025-2026,XVFC/2025-26/P/80,2026-03-17,910.0
8395,7995.0,119605,2025-2026,XVFC/2025-26/P/80,2026-03-17,2000.0
8395,7995.0,119605,2025-2026,XVFC/2025-26/P/80,2026-03-17,2741.0
8395,7995.0,119605,2025-2026,XVFC/2025-26/P/80,2026-03-17,4000.0
8395,7995.0,119605,2025-2026,XVFC/2025-26/P/80,2026-03-17,7791.0
8397,7943.0,119605,2025-2026,XVFC/2025-26/P/29,2026-02-14,13000.0
8397,7974.0,119605,2025-2026,XVFC/2025-26/P/59,2026-03-11,6500.0
8397,,119605,2026-2027,XVFC/2026-27/P/1,2026-05-02,13000.0
8413,7946.0,119605,2025-2026,XVFC/2025-26/P/31,2026-03-11,22603.0
8427,7996.0,119605,2025-2026,5THSFC/2025-26/P/35,2026-03-18,180000.0
8427,8008.0,119605,2025-2026,5THSFC/2025-26/P/38,2026-03-20,203.0
8427,8008.0,119605,2025-2026,5THSFC/2025-26/P/38,2026-03-20,405.0
8427,8008.0,119605,2025-2026,5THSFC/2025-26/P/38,2026-03-20,885.0
8427,8008.0,119605,2025-2026,5THSFC/2025-26/P/38,2026-03-20,2000.0
8427,8008.0,119605,2025-2026,5THSFC/2025-26/P/38,2026-03-20,2013.0
8427,8008.0,119605,2025-2026,5THSFC/2025-26/P/38,2026-03-20,4000.0
8427,8008.0,119605,2025-2026,5THSFC/2025-26/P/38,2026-03-20,8494.0
8480,7997.0,119605,2025-2026,5THSFC/2025-26/P/36,2026-03-18,218000.0
8480,8007.0,119605,2025-2026,5THSFC/2025-26/P/37,2026-03-20,232.0
8480,8007.0,119605,2025-2026,5THSFC/2025-26/P/37,2026-03-20,465.0
8480,8007.0,119605,2025-2026,5THSFC/2025-26/P/37,2026-03-20,1095.0
8480,8007.0,119605,2025-2026,5THSFC/2025-26/P/37,2026-03-20,2431.0
8480,8007.0,119605,2025-2026,5THSFC/2025-26/P/37,2026-03-20,3819.0
8480,8007.0,119605,2025-2026,5THSFC/2025-26/P/37,2026-03-20,4861.0
8480,8007.0,119605,2025-2026,5THSFC/2025-26/P/37,2026-03-20,9740.0
8481,8006.0,119605,2025-2026,XVFC/2025-26/P/89,2026-03-18,90000.0
8481,8011.0,119605,2025-2026,XVFC/2025-26/P/90,2026-03-20,96.0
8481,8011.0,119605,2025-2026,XVFC/2025-26/P/90,2026-03-20,192.0
8481,8011.0,119605,2025-2026,XVFC/2025-26/P/90,2026-03-20,450.0
8481,8011.0,119605,2025-2026,XVFC/2025-26/P/90,2026-03-20,1000.0
8481,8011.0,119605,2025-2026,XVFC/2025-26/P/90,2026-03-20,1230.0
8481,8011.0,119605,2025-2026,XVFC/2025-26/P/90,2026-03-20,2000.0
8481,8011.0,119605,2025-2026,XVFC/2025-26/P/90,2026-03-20,4032.0
8482,9501.0,119936,2021-2022,XVFC/2021-22/P/3,2021-09-28,117507.0
8483,9513.0,119936,2021-2022,5THSFC/2021-22/P/8,2022-01-31,94638.0
8484,9513.0,119936,2021-2022,5THSFC/2021-22/P/8,2022-01-31,94638.0
8485,9517.0,119936,2021-2022,XVFC/2021-22/P/5,2022-01-31,94443.0
8486,9522.0,119936,2021-2022,XVFC/2021-22/P/10,2022-02-02,94518.0
8488,9318.0,119936,2022-2023,XVFC/2022-23/P/9,2023-03-10,58800.0
8488,9108.0,119936,2023-2024,XVFC/2023-24/P/19,2024-03-27,38790.0
8490,9086.0,119936,2023-2024,XVFC/2023-24/P/4,2023-11-07,143369.0
8491,9490.0,119936,2021-2022,5THSFC/2021-22/P/3,2021-09-28,126639.0
8492,9490.0,119936,2021-2022,5THSFC/2021-22/P/3,2021-09-28,126639.0
8493,9466.0,119936,2021-2022,5THSFC/2021-22/P/1,2021-07-26,140000.0
8494,9466.0,119936,2021-2022,5THSFC/2021-22/P/1,2021-07-26,140000.0
8495,9523.0,119936,2021-2022,XVFC/2021-22/P/11,2022-02-02,34817.0
8495,9317.0,119936,2022-2023,XVFC/2022-23/P/8,2023-03-10,63396.0
8495,9325.0,119936,2022-2023,XVFC/2022-23/P/13,2023-03-11,237600.0
8495,9104.0,119936,2023-2024,XVFC/2023-24/P/16,2024-03-16,58072.0
8495,8939.0,119936,2024-2025,XVFC/2024-25/P/5,2024-05-03,113993.0
8495,8985.0,119936,2024-2025,XVFC/2024-25/P/40,2024-09-30,49023.0
8496,9450.0,119936,2021-2022,XVFC/2021-22/P/1,2021-04-28,189042.0
8498,9512.0,119936,2021-2022,5THSFC/2021-22/P/7,2022-01-31,189085.0
8499,9512.0,119936,2021-2022,5THSFC/2021-22/P/7,2022-01-31,189085.0
8500,9253.0,119936,2022-2023,XVFC/2022-23/P/6,2022-06-29,95793.0
8503,9330.0,119936,2022-2023,XVFC/2022-23/P/14,2023-03-14,300702.0
8503,8932.0,119936,2024-2025,XVFC/2024-25/P/1,2024-05-01,203975.0
8504,9315.0,119936,2022-2023,XVFC/2022-23/P/11,2023-03-10,167239.0
8504,9107.0,119936,2023-2024,XVFC/2023-24/P/18,2024-03-27,258659.0
8505,9331.0,119936,2022-2023,XVFC/2022-23/P/15,2023-03-14,217360.0
8505,9082.0,119936,2023-2024,XVFC/2023-24/P/1,2023-07-27,563015.0
8506,9248.0,119936,2022-2023,XVFC/2022-23/P/5,2022-06-23,141409.0
8507,9327.0,119936,2022-2023,5THSFC/2022-23/P/11,2023-03-14,150944.0
8507,9328.0,119936,2022-2023,5THSFC/2022-23/P/12,2023-03-14,300000.0
8507,9094.0,119936,2023-2024,5THSFC/2023-24/P/4,2024-02-29,48365.0
8508,9314.0,119936,2022-2023,XVFC/2022-23/P/10,2023-03-10,95154.0
8509,9242.0,119936,2022-2023,XVFC/2022-23/P/3,2022-06-02,119383.0
8510,9508.0,119936,2021-2022,XVFC/2021-22/P/4,2021-12-21,95059.0
8520,8994.0,119936,2024-2025,XVFC/2024-25/P/45,2024-10-21,136877.0
8522,9511.0,119936,2021-2022,5THSFC/2021-22/P/6,2022-01-31,261969.0
8522,9249.0,119936,2022-2023,5THSFC/2022-23/P/4,2022-06-29,85203.0
8523,9519.0,119936,2021-2022,XVFC/2021-22/P/7,2022-01-31,94326.0
8524,9240.0,119936,2022-2023,XVFC/2022-23/P/1,2022-06-02,28146.0
8525,9256.0,119936,2022-2023,5THSFC/2022-23/P/6,2022-08-16,135000.0
8526,9332.0,119936,2022-2023,XVFC/2022-23/P/16,2023-03-14,75725.0
8526,9333.0,119936,2022-2023,XVFC/2022-23/P/17,2023-03-14,55500.0
8526,9337.0,119936,2022-2023,XVFC/2022-23/P/18,2023-03-17,200000.0
8526,9096.0,119936,2023-2024,XVFC/2023-24/P/11,2024-02-29,32966.0
8527,9518.0,119936,2021-2022,XVFC/2021-22/P/6,2022-01-31,140995.0
8528,9521.0,119936,2021-2022,XVFC/2021-22/P/9,2022-01-31,141830.0
8529,9520.0,119936,2021-2022,XVFC/2021-22/P/8,2022-01-31,73553.0
8529,8934.0,119936,2024-2025,XVFC/2024-25/P/3,2024-05-01,67946.0
8530,9524.0,119936,2021-2022,XVFC/2021-22/P/12,2022-02-02,142085.0
8531,9254.0,119936,2022-2023,XVFC/2022-23/P/7,2022-06-29,141619.0
8532,9247.0,119936,2022-2023,XVFC/2022-23/P/4,2022-06-23,74255.0
8532,9316.0,119936,2022-2023,XVFC/2022-23/P/12,2023-03-10,85634.0
8533,8966.0,119936,2024-2025,XVFC/2024-25/P/22,2024-08-06,94310.0
8534,9502.0,119936,2021-2022,5THSFC/2021-22/P/4,2021-10-06,48000.0
8534,9510.0,119936,2021-2022,5THSFC/2021-22/P/5,2022-01-31,48000.0
8534,9234.0,119936,2022-2023,5THSFC/2022-23/P/1,2022-06-02,48000.0
8534,8930.0,119936,2024-2025,5THSFC/2024-25/P/4,2024-05-01,48000.0
8535,9241.0,119936,2022-2023,XVFC/2022-23/P/2,2022-06-02,81890.0
8536,8827.0,119936,2025-2026,5THSFC/2025-26/P/7,2025-08-08,17440.0
8537,8828.0,119936,2025-2026,5THSFC/2025-26/P/8,2025-08-08,11000.0
8538,9320.0,119936,2022-2023,5THSFC/2022-23/P/8,2023-03-11,95830.0
8539,9321.0,119936,2022-2023,5THSFC/2022-23/P/9,2023-03-11,8000.0
8539,8927.0,119936,2024-2025,5THSFC/2024-25/P/1,2024-05-01,23000.0
8540,9329.0,119936,2022-2023,5THSFC/2022-23/P/13,2023-03-14,160000.0
8540,9081.0,119936,2023-2024,5THSFC/2023-24/P/1,2023-07-27,32000.0
8541,9103.0,119936,2023-2024,XVFC/2023-24/P/15,2024-03-16,78979.0
8542,9092.0,119936,2023-2024,XVFC/2023-24/P/9,2023-12-19,30000.0
8543,8933.0,119936,2024-2025,XVFC/2024-25/P/2,2024-05-01,100583.0
8546,9091.0,119936,2023-2024,XVFC/2023-24/P/8,2023-12-19,142559.0
8547,9087.0,119936,2023-2024,XVFC/2023-24/P/5,2023-11-07,183207.0
8548,8817.0,119936,2025-2026,XVFC/2025-26/P/10,2025-06-24,139197.0
8548,8859.0,119936,2025-2026,XVFC/2025-26/P/40,2025-10-14,1500.0
8548,8859.0,119936,2025-2026,XVFC/2025-26/P/40,2025-10-14,3000.0
8548,8859.0,119936,2025-2026,XVFC/2025-26/P/40,2025-10-14,4195.0
8549,9100.0,119936,2023-2024,5THSFC/2023-24/P/6,2024-03-16,146365.0
8550,9341.0,119936,2022-2023,XVFC/2022-23/P/19,2023-03-24,141719.0
8551,9340.0,119936,2022-2023,5THSFC/2022-23/P/15,2023-03-24,294000.0
8553,9113.0,119936,2023-2024,XVFC/2023-24/P/24,2024-03-27,96000.0
8554,9088.0,119936,2023-2024,XVFC/2023-24/P/6,2023-11-07,87311.0
8555,9084.0,119936,2023-2024,XVFC/2023-24/P/2,2023-10-20,70115.0
8555,9085.0,119936,2023-2024,XVFC/2023-24/P/3,2023-10-20,305856.0
8555,9090.0,119936,2023-2024,XVFC/2023-24/P/7,2023-12-19,72224.0
8556,9114.0,119936,2023-2024,XVFC/2023-24/P/25,2024-03-27,83792.0
8557,9083.0,119936,2023-2024,5THSFC/2023-24/P/2,2023-10-20,128318.0
8559,9101.0,119936,2023-2024,5THSFC/2023-24/P/7,2024-03-16,47054.0
8560,9102.0,119936,2023-2024,5THSFC/2023-24/P/8,2024-03-16,246164.0
8561,8965.0,119936,2024-2025,XVFC/2024-25/P/21,2024-08-06,73448.0
8563,8999.0,119936,2024-2025,XVFC/2024-25/P/49,2024-11-21,10000.0
8564,9089.0,119936,2023-2024,XVFC/2023-24/P/10,2023-12-19,20000.0
8565,9105.0,119936,2023-2024,XVFC/2023-24/P/17,2024-03-17,60000.0
8566,9097.0,119936,2023-2024,XVFC/2023-24/P/12,2024-02-29,180000.0
8566,8959.0,119936,2024-2025,XVFC/2024-25/P/16,2024-08-03,15544.0
8567,9095.0,119936,2023-2024,5THSFC/2023-24/P/5,2024-02-29,171000.0
8567,8947.0,119936,2024-2025,5THSFC/2024-25/P/6,2024-06-29,15200.0
8568,8980.0,119936,2024-2025,XVFC/2024-25/P/36,2024-08-06,18000.0
8569,8970.0,119936,2024-2025,XVFC/2024-25/P/26,2024-08-06,18000.0
8570,8977.0,119936,2024-2025,XVFC/2024-25/P/33,2024-08-06,18000.0
8572,8990.0,119936,2024-2025,5THSFC/2024-25/P/15,2024-10-08,252000.0
8572,8850.0,119936,2025-2026,5THSFC/2025-26/P/13,2025-10-09,2800.0
8572,8850.0,119936,2025-2026,5THSFC/2025-26/P/13,2025-10-09,22400.0
8573,8972.0,119936,2024-2025,XVFC/2024-25/P/28,2024-08-06,18000.0
8824,8968.0,119936,2024-2025,XVFC/2024-25/P/24,2024-08-06,18000.0
8825,8979.0,119936,2024-2025,XVFC/2024-25/P/35,2024-08-06,18000.0
8826,8978.0,119936,2024-2025,XVFC/2024-25/P/34,2024-08-06,18000.0
8829,8971.0,119936,2024-2025,XVFC/2024-25/P/27,2024-08-06,18000.0
8830,8981.0,119936,2024-2025,XVFC/2024-25/P/37,2024-08-06,18000.0
8831,8975.0,119936,2024-2025,XVFC/2024-25/P/31,2024-08-06,18000.0
8832,8969.0,119936,2024-2025,XVFC/2024-25/P/25,2024-08-06,18000.0
8833,8973.0,119936,2024-2025,XVFC/2024-25/P/29,2024-08-06,18000.0
8836,8974.0,119936,2024-2025,XVFC/2024-25/P/30,2024-08-06,18000.0
8837,8976.0,119936,2024-2025,XVFC/2024-25/P/32,2024-08-06,18000.0
8864,8810.0,119936,2025-2026,XVFC/2025-26/P/3,2025-06-06,63000.0
8864,8854.0,119936,2025-2026,XVFC/2025-26/P/35,2025-10-09,700.0
8864,8854.0,119936,2025-2026,XVFC/2025-26/P/35,2025-10-09,959.0
8864,8854.0,119936,2025-2026,XVFC/2025-26/P/35,2025-10-09,4529.0
8867,8941.0,119936,2024-2025,XVFC/2024-25/P/7,2024-05-03,135000.0
8867,8963.0,119936,2024-2025,XVFC/2024-25/P/20,2024-08-03,9381.0
8869,9007.0,119936,2024-2025,XVFC/2024-25/P/56,2025-01-10,97200.0
8869,9008.0,119936,2024-2025,XVFC/2024-25/P/57,2025-01-21,48600.0
8871,8808.0,119936,2025-2026,XVFC/2025-26/P/1,2025-05-30,81000.0
8871,8860.0,119936,2025-2026,XVFC/2025-26/P/41,2025-10-14,317.0
8871,8860.0,119936,2025-2026,XVFC/2025-26/P/41,2025-10-14,900.0
8871,8860.0,119936,2025-2026,XVFC/2025-26/P/41,2025-10-14,6839.0
8874,8987.0,119936,2024-2025,XVFC/2024-25/P/41,2024-10-05,135000.0
8875,9109.0,119936,2023-2024,XVFC/2023-24/P/20,2024-03-27,81000.0
8875,8961.0,119936,2024-2025,XVFC/2024-25/P/18,2024-08-03,3499.0
8889,8931.0,119936,2024-2025,5THSFC/2024-25/P/5,2024-05-01,220000.0
8889,8955.0,119936,2024-2025,5THSFC/2024-25/P/8,2024-07-26,8000.0
8890,8928.0,119936,2024-2025,5THSFC/2024-25/P/2,2024-05-01,203333.0
8891,9112.0,119936,2023-2024,XVFC/2023-24/P/23,2024-03-27,90000.0
8891,8962.0,119936,2024-2025,XVFC/2024-25/P/19,2024-08-03,4558.0
8892,9098.0,119936,2023-2024,XVFC/2023-24/P/13,2024-02-29,90000.0
8892,8958.0,119936,2024-2025,XVFC/2024-25/P/15,2024-08-03,4558.0
8893,9099.0,119936,2023-2024,XVFC/2023-24/P/14,2024-02-29,131547.0
8893,8957.0,119936,2024-2025,XVFC/2024-25/P/14,2024-08-03,10412.0
8894,9111.0,119936,2023-2024,XVFC/2023-24/P/22,2024-03-27,117589.0
8895,9110.0,119936,2023-2024,XVFC/2023-24/P/21,2024-03-27,81000.0
8895,8960.0,119936,2024-2025,XVFC/2024-25/P/17,2024-08-03,7200.0
8896,8929.0,119936,2024-2025,5THSFC/2024-25/P/3,2024-05-01,90000.0
8896,8948.0,119936,2024-2025,5THSFC/2024-25/P/7,2024-06-29,5523.0
8897,8938.0,119936,2024-2025,XVFC/2024-25/P/4,2024-05-03,51074.0
8897,8967.0,119936,2024-2025,XVFC/2024-25/P/23,2024-08-06,28574.0
8898,8940.0,119936,2024-2025,XVFC/2024-25/P/6,2024-05-03,43500.0
8898,8839.0,119936,2025-2026,XVFC/2025-26/P/23,2025-09-15,28500.0
8899,8983.0,119936,2024-2025,XVFC/2024-25/P/39,2024-09-05,15000.0
8899,9006.0,119936,2024-2025,XVFC/2024-25/P/55,2024-12-20,15000.0
8899,8822.0,119936,2025-2026,XVFC/2025-26/P/13,2025-07-04,20000.0
8900,8829.0,119936,2025-2026,XVFC/2025-26/P/16,2025-08-08,50000.0
8901,8826.0,119936,2025-2026,5THSFC/2025-26/P/6,2025-08-07,112000.0
8902,8956.0,119936,2024-2025,5THSFC/2024-25/P/9,2024-07-31,115000.0
8902,8989.0,119936,2024-2025,5THSFC/2024-25/P/14,2024-10-07,52000.0
8902,9005.0,119936,2024-2025,5THSFC/2024-25/P/18,2024-12-20,52000.0
8902,8807.0,119936,2025-2026,5THSFC/2025-26/P/1,2025-05-30,130000.0
8902,8834.0,119936,2025-2026,5THSFC/2025-26/P/11,2025-09-09,26000.0
8903,8992.0,119936,2024-2025,XVFC/2024-25/P/43,2024-10-08,45000.0
8903,8852.0,119936,2025-2026,XVFC/2025-26/P/33,2025-10-09,96.0
8903,8852.0,119936,2025-2026,XVFC/2025-26/P/33,2025-10-09,500.0
8903,8852.0,119936,2025-2026,XVFC/2025-26/P/33,2025-10-09,3854.0
8905,8825.0,119936,2025-2026,XVFC/2025-26/P/15,2025-08-06,10000.0
8906,8856.0,119936,2025-2026,XVFC/2025-26/P/37,2025-10-14,5000.0
8907,9009.0,119936,2024-2025,XVFC/2024-25/P/58,2025-01-21,13500.0
8907,8862.0,119936,2025-2026,XVFC/2025-26/P/43,2025-10-14,150.0
8907,8862.0,119936,2025-2026,XVFC/2025-26/P/43,2025-10-14,508.0
8907,8862.0,119936,2025-2026,XVFC/2025-26/P/43,2025-10-14,634.0
8925,8811.0,119936,2025-2026,XVFC/2025-26/P/4,2025-06-06,5400.0
8927,8996.0,119936,2024-2025,XVFC/2024-25/P/46,2024-11-08,90000.0
8927,9003.0,119936,2024-2025,XVFC/2024-25/P/53,2024-12-10,5017.0
8927,8861.0,119936,2025-2026,XVFC/2025-26/P/42,2025-10-14,852.0
8927,8861.0,119936,2025-2026,XVFC/2025-26/P/42,2025-10-14,1000.0
8927,8861.0,119936,2025-2026,XVFC/2025-26/P/42,2025-10-14,2000.0
8929,8982.0,119936,2024-2025,XVFC/2024-25/P/38,2024-09-05,306400.0
8929,8993.0,119936,2024-2025,XVFC/2024-25/P/44,2024-10-21,8600.0
8933,8814.0,119936,2025-2026,XVFC/2025-26/P/7,2025-06-06,5400.0
8938,8857.0,119936,2025-2026,XVFC/2025-26/P/38,2025-10-14,10000.0
8940,8995.0,119936,2024-2025,5THSFC/2024-25/P/17,2024-11-08,60000.0
8942,8833.0,119936,2025-2026,5THSFC/2025-26/P/10,2025-09-09,109750.0
9063,8835.0,119936,2025-2026,XVFC/2025-26/P/19,2025-09-09,126810.0
9063,8844.0,119936,2025-2026,XVFC/2025-26/P/27,2025-09-25,201.0
9063,8844.0,119936,2025-2026,XVFC/2025-26/P/27,2025-09-25,1409.0
9063,8844.0,119936,2025-2026,XVFC/2025-26/P/27,2025-09-25,11027.0
9073,8819.0,119936,2025-2026,5THSFC/2025-26/P/4,2025-07-04,62775.0
9073,8841.0,119936,2025-2026,5THSFC/2025-26/P/12,2025-09-20,697.0
9073,8841.0,119936,2025-2026,5THSFC/2025-26/P/12,2025-09-20,1673.0
9073,8841.0,119936,2025-2026,5THSFC/2025-26/P/12,2025-09-20,3596.0
9076,9000.0,119936,2024-2025,XVFC/2024-25/P/50,2024-11-28,180000.0
9076,8842.0,119936,2025-2026,XVFC/2025-26/P/25,2025-09-20,2005.0
9076,8842.0,119936,2025-2026,XVFC/2025-26/P/25,2025-09-20,5345.0
9076,8842.0,119936,2025-2026,XVFC/2025-26/P/25,2025-09-20,10053.0
9086,8813.0,119936,2025-2026,XVFC/2025-26/P/6,2025-06-06,5400.0
9087,8830.0,119936,2025-2026,5THSFC/2025-26/P/9,2025-08-21,54000.0
9088,8855.0,119936,2025-2026,XVFC/2025-26/P/36,2025-10-14,10000.0
9129,8879.0,119936,2025-2026,XVFC/2025-26/P/57,2026-03-21,90000.0
9132,8837.0,119936,2025-2026,XVFC/2025-26/P/21,2025-09-09,13500.0
9132,8845.0,119936,2025-2026,XVFC/2025-26/P/28,2025-09-25,333.0
9132,8845.0,119936,2025-2026,XVFC/2025-26/P/28,2025-09-25,819.0
9133,8821.0,119936,2025-2026,XVFC/2025-26/P/12,2025-07-04,13500.0
9134,8867.0,119936,2025-2026,XVFC/2025-26/P/48,2025-10-29,13500.0
9134,8870.0,119936,2025-2026,XVFC/2025-26/P/51,2025-10-30,150.0
9134,8870.0,119936,2025-2026,XVFC/2025-26/P/51,2025-10-30,333.0
9134,8870.0,119936,2025-2026,XVFC/2025-26/P/51,2025-10-30,819.0
9135,8832.0,119936,2025-2026,XVFC/2025-26/P/18,2025-08-21,90000.0
9135,8847.0,119936,2025-2026,XVFC/2025-26/P/30,2025-09-25,1000.0
9135,8847.0,119936,2025-2026,XVFC/2025-26/P/30,2025-09-25,2554.0
9135,8847.0,119936,2025-2026,XVFC/2025-26/P/30,2025-09-25,4230.0
9136,8997.0,119936,2024-2025,XVFC/2024-25/P/47,2024-11-21,117607.0
9136,9002.0,119936,2024-2025,XVFC/2024-25/P/52,2024-12-10,13068.0
9137,8984.0,119936,2024-2025,5THSFC/2024-25/P/12,2024-09-27,98503.0
9138,8986.0,119936,2024-2025,5THSFC/2024-25/P/13,2024-10-05,74390.0
9139,8988.0,119936,2024-2025,XVFC/2024-25/P/42,2024-10-05,90000.0
9139,9001.0,119936,2024-2025,XVFC/2024-25/P/51,2024-12-10,10000.0
9140,8991.0,119936,2024-2025,5THSFC/2024-25/P/16,2024-10-08,90000.0
9140,8851.0,119936,2025-2026,5THSFC/2025-26/P/14,2025-10-09,1000.0
9140,8851.0,119936,2025-2026,5THSFC/2025-26/P/14,2025-10-09,8000.0
9141,8809.0,119936,2025-2026,XVFC/2025-26/P/2,2025-06-06,63000.0
9141,8840.0,119936,2025-2026,XVFC/2025-26/P/24,2025-09-15,7000.0
9142,8823.0,119936,2025-2026,XVFC/2025-26/P/14,2025-08-05,81000.0
9142,8853.0,119936,2025-2026,XVFC/2025-26/P/34,2025-10-09,317.0
9142,8853.0,119936,2025-2026,XVFC/2025-26/P/34,2025-10-09,900.0
9142,8853.0,119936,2025-2026,XVFC/2025-26/P/34,2025-10-09,6839.0
9143,8838.0,119936,2025-2026,XVFC/2025-26/P/22,2025-09-09,13500.0
9144,8831.0,119936,2025-2026,XVFC/2025-26/P/17,2025-08-21,90000.0
9144,8846.0,119936,2025-2026,XVFC/2025-26/P/29,2025-09-25,1000.0
9144,8846.0,119936,2025-2026,XVFC/2025-26/P/29,2025-09-25,1677.0
9144,8846.0,119936,2025-2026,XVFC/2025-26/P/29,2025-09-25,5134.0
9145,8848.0,119936,2025-2026,XVFC/2025-26/P/31,2025-09-26,81000.0
9145,8864.0,119936,2025-2026,XVFC/2025-26/P/45,2025-10-14,456.0
9145,8864.0,119936,2025-2026,XVFC/2025-26/P/45,2025-10-14,900.0
9145,8864.0,119936,2025-2026,XVFC/2025-26/P/45,2025-10-14,6680.0
9147,8858.0,119936,2025-2026,XVFC/2025-26/P/39,2025-10-14,5000.0
9148,8998.0,119936,2024-2025,XVFC/2024-25/P/48,2024-11-21,94207.0
9148,9004.0,119936,2024-2025,XVFC/2024-25/P/54,2024-12-10,10468.0
9160,8812.0,119936,2025-2026,XVFC/2025-26/P/5,2025-06-06,5400.0
9161,8849.0,119936,2025-2026,XVFC/2025-26/P/32,2025-09-26,13500.0
9161,8863.0,119936,2025-2026,XVFC/2025-26/P/44,2025-10-14,150.0
9161,8863.0,119936,2025-2026,XVFC/2025-26/P/44,2025-10-14,333.0
9161,8863.0,119936,2025-2026,XVFC/2025-26/P/44,2025-10-14,819.0
9162,8816.0,119936,2025-2026,XVFC/2025-26/P/9,2025-06-06,5400.0
9163,8815.0,119936,2025-2026,XVFC/2025-26/P/8,2025-06-06,5400.0
9164,8820.0,119936,2025-2026,XVFC/2025-26/P/11,2025-07-04,13500.0
9165,8836.0,119936,2025-2026,XVFC/2025-26/P/20,2025-09-09,13500.0
9165,8843.0,119936,2025-2026,XVFC/2025-26/P/26,2025-09-25,150.0
9165,8843.0,119936,2025-2026,XVFC/2025-26/P/26,2025-09-25,333.0
9165,8843.0,119936,2025-2026,XVFC/2025-26/P/26,2025-09-25,819.0
9167,8878.0,119936,2025-2026,XVFC/2025-26/P/56,2026-03-13,117600.0
9168,8875.0,119936,2025-2026,5THSFC/2025-26/P/18,2026-03-13,135000.0
9170,8873.0,119936,2025-2026,5THSFC/2025-26/P/16,2026-03-13,144000.0
9244,8865.0,119936,2025-2026,XVFC/2025-26/P/46,2025-10-29,153000.0
9244,8868.0,119936,2025-2026,XVFC/2025-26/P/49,2025-10-30,17000.0
9246,8866.0,119936,2025-2026,XVFC/2025-26/P/47,2025-10-29,153000.0
9246,8869.0,119936,2025-2026,XVFC/2025-26/P/50,2025-10-30,17000.0
9250,8880.0,119936,2025-2026,XVFC/2025-26/P/58,2026-03-21,81000.0
9257,8871.0,119936,2025-2026,XVFC/2025-26/P/52,2025-10-30,200000.0
9258,8876.0,119936,2025-2026,XVFC/2025-26/P/54,2026-03-13,124882.0
9259,8872.0,119936,2025-2026,XVFC/2025-26/P/53,2025-10-30,18564.0
9259,8877.0,119936,2025-2026,XVFC/2025-26/P/55,2026-03-13,81436.0
9262,8874.0,119936,2025-2026,5THSFC/2025-26/P/17,2026-03-13,130000.0
9338,9960.0,121162,2022-2023,5THSFC/2022-23/P/7,2022-11-01,1000.0
9338,9960.0,121162,2022-2023,5THSFC/2022-23/P/7,2022-11-01,3436.0
9338,9960.0,121162,2022-2023,5THSFC/2022-23/P/7,2022-11-01,94164.0
9346,9827.0,121162,2024-2025,XVFC/2024-25/P/4,2024-04-13,100000.0
9351,9840.0,121162,2024-2025,XVFC/2024-25/P/12,2024-07-05,1000.0
9351,9840.0,121162,2024-2025,XVFC/2024-25/P/12,2024-07-05,98000.0
9351,9777.0,121162,2025-2026,XVFC/2025-26/P/27,2025-08-26,51000.0
9356,9951.0,121162,2022-2023,XVFC/2022-23/P/6,2022-07-27,44284.0
9356,9863.0,121162,2024-2025,XVFC/2024-25/P/28,2025-02-26,5000.0
9357,9904.0,121162,2023-2024,XVFC/2023-24/P/11,2023-10-08,4000.0
9357,9904.0,121162,2023-2024,XVFC/2023-24/P/11,2023-10-08,8000.0
9357,9926.0,121162,2023-2024,XVFC/2023-24/P/22,2024-03-15,9750.0
9357,9847.0,121162,2024-2025,XVFC/2024-25/P/17,2024-09-21,6500.0
9357,9847.0,121162,2024-2025,XVFC/2024-25/P/17,2024-09-21,13000.0
9357,9855.0,121162,2024-2025,XVFC/2024-25/P/23,2024-10-11,18000.0
9357,9759.0,121162,2025-2026,XVFC/2025-26/P/9,2025-05-28,12000.0
9357,9780.0,121162,2025-2026,XVFC/2025-26/P/30,2025-09-21,13000.0
9361,9790.0,121162,2025-2026,XVFC/2025-26/P/38,2025-12-23,45401.0
9361,9791.0,121162,2025-2026,XVFC/2025-26/P/39,2025-12-23,29554.0
9361,9792.0,121162,2025-2026,XVFC/2025-26/P/40,2025-12-23,23303.0
9361,9793.0,121162,2025-2026,XVFC/2025-26/P/41,2025-12-23,70000.0
9361,9801.0,121162,2025-2026,XVFC/2025-26/P/47,2026-02-15,29554.0
9361,9802.0,121162,2025-2026,XVFC/2025-26/P/48,2026-02-15,43660.0
9361,9803.0,121162,2025-2026,XVFC/2025-26/P/49,2026-02-15,35432.0
9361,9804.0,121162,2025-2026,XVFC/2025-26/P/50,2026-02-23,30847.0
9361,9805.0,121162,2025-2026,XVFC/2025-26/P/51,2026-02-23,13008.0
9361,9806.0,121162,2025-2026,XVFC/2025-26/P/52,2026-02-23,25353.0
9362,9927.0,121162,2023-2024,XVFC/2023-24/P/23,2024-03-27,330000.0
9363,9828.0,121162,2024-2025,XVFC/2024-25/P/5,2024-04-13,250000.0
9364,9826.0,121162,2024-2025,XVFC/2024-25/P/3,2024-04-13,20000.0
9365,,121162,2026-2027,XVFC/2026-27/P/13,2026-08-03,6077.0
9366,9829.0,121162,2024-2025,XVFC/2024-25/P/6,2024-04-13,80000.0
9367,9841.0,121162,2024-2025,XVFC/2024-25/P/13,2024-07-05,493.0
9367,9841.0,121162,2024-2025,XVFC/2024-25/P/13,2024-07-05,1000.0
9367,9841.0,121162,2024-2025,XVFC/2024-25/P/13,2024-07-05,97261.0
9367,9842.0,121162,2024-2025,XVFC/2024-25/P/14,2024-07-05,42021.0
9369,9948.0,121162,2022-2023,5THSFC/2022-23/P/3,2022-05-05,119420.0
9369,9955.0,121162,2022-2023,5THSFC/2022-23/P/5,2022-08-22,67890.0
9370,,121162,2026-2027,5THSFC/2026-27/P/4,2026-05-19,94651.0
9374,9959.0,121162,2022-2023,XVFC/2022-23/P/12,2022-10-21,1352.0
9374,9959.0,121162,2022-2023,XVFC/2022-23/P/12,2022-10-21,2097.0
9374,9959.0,121162,2022-2023,XVFC/2022-23/P/12,2022-10-21,66403.0
9374,9959.0,121162,2022-2023,XVFC/2022-23/P/12,2022-10-21,68006.0
9374,9962.0,121162,2022-2023,XVFC/2022-23/P/14,2022-11-05,50174.0
9380,9999.0,121162,2021-2022,5THSFC/2021-22/P/2,2022-03-12,41330.0
9380,9999.0,121162,2021-2022,5THSFC/2021-22/P/2,2022-03-12,71684.0
9382,9949.0,121162,2022-2023,XVFC/2022-23/P/4,2022-06-15,921.0
9382,9949.0,121162,2022-2023,XVFC/2022-23/P/4,2022-06-15,3000.0
9382,9949.0,121162,2022-2023,XVFC/2022-23/P/4,2022-06-15,39570.0
9382,9949.0,121162,2022-2023,XVFC/2022-23/P/4,2022-06-15,103332.0
9382,9751.0,121162,2025-2026,XVFC/2025-26/P/4,2025-04-24,1550.0
9382,9751.0,121162,2025-2026,XVFC/2025-26/P/4,2025-04-24,59120.0
9383,9952.0,121162,2022-2023,XVFC/2022-23/P/7,2022-08-03,16794.0
9383,9952.0,121162,2022-2023,XVFC/2022-23/P/7,2022-08-03,44993.0
9383,9952.0,121162,2022-2023,XVFC/2022-23/P/7,2022-08-03,130000.0
9383,9952.0,121162,2022-2023,XVFC/2022-23/P/7,2022-08-03,137000.0
9383,9754.0,121162,2025-2026,XVFC/2025-26/P/6,2025-05-15,61000.0
9383,9767.0,121162,2025-2026,XVFC/2025-26/P/18,2025-06-19,22241.0
9384,10000.0,121162,2021-2022,5THSFC/2021-22/P/3,2022-03-12,40301.0
9384,10000.0,121162,2021-2022,5THSFC/2021-22/P/3,2022-03-12,75986.0
9384,9831.0,121162,2024-2025,5THSFC/2024-25/P/1,2024-05-30,33713.0
9385,9947.0,121162,2022-2023,XVFC/2022-23/P/3,2022-05-02,9200.0
9385,9947.0,121162,2022-2023,XVFC/2022-23/P/3,2022-05-02,18400.0
9385,9950.0,121162,2022-2023,XVFC/2022-23/P/5,2022-07-27,6000.0
9385,9950.0,121162,2022-2023,XVFC/2022-23/P/5,2022-07-27,12000.0
9385,9950.0,121162,2022-2023,XVFC/2022-23/P/5,2022-07-27,18000.0
9385,9953.0,121162,2022-2023,XVFC/2022-23/P/8,2022-08-19,2000.0
9385,9953.0,121162,2022-2023,XVFC/2022-23/P/8,2022-08-19,4000.0
9385,9957.0,121162,2022-2023,XVFC/2022-23/P/10,2022-09-19,2000.0
9385,9957.0,121162,2022-2023,XVFC/2022-23/P/10,2022-09-19,4000.0
9385,9961.0,121162,2022-2023,XVFC/2022-23/P/13,2022-11-01,2000.0
9385,9961.0,121162,2022-2023,XVFC/2022-23/P/13,2022-11-01,4000.0
9385,9964.0,121162,2022-2023,XVFC/2022-23/P/16,2022-11-05,2000.0
9385,9964.0,121162,2022-2023,XVFC/2022-23/P/16,2022-11-05,4000.0
9385,9966.0,121162,2022-2023,XVFC/2022-23/P/18,2022-12-03,2000.0
9385,9966.0,121162,2022-2023,XVFC/2022-23/P/18,2022-12-03,4000.0
9385,9772.0,121162,2025-2026,XVFC/2025-26/P/23,2025-08-11,6500.0
9385,9772.0,121162,2025-2026,XVFC/2025-26/P/23,2025-08-11,12000.0
9385,9772.0,121162,2025-2026,XVFC/2025-26/P/23,2025-08-11,13000.0
9385,9798.0,121162,2025-2026,XVFC/2025-26/P/45,2026-02-02,4000.0
9385,9798.0,121162,2025-2026,XVFC/2025-26/P/45,2026-02-02,6000.0
9385,9798.0,121162,2025-2026,XVFC/2025-26/P/45,2026-02-02,6500.0
9385,9798.0,121162,2025-2026,XVFC/2025-26/P/45,2026-02-02,13000.0
9385,9781.0,121162,2025-2026,XVFC/2025-26/P/31,2025-10-05,4000.0
9385,9781.0,121162,2025-2026,XVFC/2025-26/P/31,2025-10-05,6500.0
9385,9781.0,121162,2025-2026,XVFC/2025-26/P/31,2025-10-05,13000.0
9385,,121162,2026-2027,XVFC/2026-27/P/1,2026-04-18,4000.0
9385,,121162,2026-2027,XVFC/2026-27/P/1,2026-04-18,6500.0
9385,,121162,2026-2027,XVFC/2026-27/P/1,2026-04-18,13000.0
9386,9956.0,121162,2022-2023,5THSFC/2022-23/P/6,2022-09-19,12980.0
9389,9958.0,121162,2022-2023,XVFC/2022-23/P/9,2022-09-19,100000.0
9389,9965.0,121162,2022-2023,XVFC/2022-23/P/17,2022-12-03,100000.0
9389,9967.0,121162,2022-2023,XVFC/2022-23/P/19,2022-12-31,102555.0
9389,9968.0,121162,2022-2023,XVFC/2022-23/P/20,2022-12-31,2000.0
9389,9968.0,121162,2022-2023,XVFC/2022-23/P/20,2022-12-31,4000.0
9389,9974.0,121162,2022-2023,XVFC/2022-23/P/21,2023-03-30,150000.0
9389,9897.0,121162,2023-2024,XVFC/2023-24/P/6,2023-08-21,4000.0
9389,9897.0,121162,2023-2024,XVFC/2023-24/P/6,2023-08-21,8000.0
9389,9769.0,121162,2025-2026,XVFC/2025-26/P/20,2025-06-26,20560.0
9389,9775.0,121162,2025-2026,XVFC/2025-26/P/25,2025-08-26,30000.0
9389,9776.0,121162,2025-2026,XVFC/2025-26/P/26,2025-08-26,107000.0
9389,9789.0,121162,2025-2026,XVFC/2025-26/P/37,2025-12-01,145000.0
9389,,121162,2026-2027,XVFC/2026-27/P/5,2026-04-29,42390.0
9389,,121162,2026-2027,XVFC/2026-27/P/7,2026-04-30,42390.0
9390,9925.0,121162,2023-2024,XVFC/2023-24/P/21,2024-02-29,100000.0
9390,9773.0,121162,2025-2026,XVFC/2025-26/P/24,2025-08-21,31000.0
9391,9795.0,121162,2025-2026,XVFC/2025-26/P/43,2026-01-01,375.0
9391,9795.0,121162,2025-2026,XVFC/2025-26/P/43,2026-01-01,1000.0
9391,9795.0,121162,2025-2026,XVFC/2025-26/P/43,2026-01-01,97359.0
9394,10002.0,121162,2021-2022,XVFC/2021-22/P/2,2022-03-12,38412.0
9394,10002.0,121162,2021-2022,XVFC/2021-22/P/2,2022-03-12,49578.0
9394,10002.0,121162,2021-2022,XVFC/2021-22/P/2,2022-03-12,53010.0
9394,9963.0,121162,2022-2023,XVFC/2022-23/P/15,2022-11-05,41000.0
9394,9760.0,121162,2025-2026,XVFC/2025-26/P/11,2025-06-07,500.0
9394,9760.0,121162,2025-2026,XVFC/2025-26/P/11,2025-06-07,908.0
9394,9760.0,121162,2025-2026,XVFC/2025-26/P/11,2025-06-07,47584.0
9394,9761.0,121162,2025-2026,XVFC/2025-26/P/12,2025-06-07,1000.0
9394,9761.0,121162,2025-2026,XVFC/2025-26/P/12,2025-06-07,1839.0
9394,9761.0,121162,2025-2026,XVFC/2025-26/P/12,2025-06-07,95138.0
9395,9943.0,121162,2022-2023,XVFC/2022-23/P/1,2022-04-05,1500.0
9395,9943.0,121162,2022-2023,XVFC/2022-23/P/1,2022-04-05,5069.0
9395,9943.0,121162,2022-2023,XVFC/2022-23/P/1,2022-04-05,43501.0
9395,9943.0,121162,2022-2023,XVFC/2022-23/P/1,2022-04-05,48429.0
9395,9943.0,121162,2022-2023,XVFC/2022-23/P/1,2022-04-05,49346.0
9396,9998.0,121162,2021-2022,5THSFC/2021-22/P/1,2022-03-05,43501.0
9396,9998.0,121162,2021-2022,5THSFC/2021-22/P/1,2022-03-05,48429.0
9396,9998.0,121162,2021-2022,5THSFC/2021-22/P/1,2022-03-05,49346.0
9404,9824.0,121162,2024-2025,XVFC/2024-25/P/1,2024-04-13,75000.0
9409,10001.0,121162,2021-2022,5THSFC/2021-22/P/4,2022-03-12,20100.0
9409,10001.0,121162,2021-2022,5THSFC/2021-22/P/4,2022-03-12,36232.0
9409,10001.0,121162,2021-2022,5THSFC/2021-22/P/4,2022-03-12,55342.0
9409,10001.0,121162,2021-2022,5THSFC/2021-22/P/4,2022-03-12,62395.0
9410,9944.0,121162,2022-2023,5THSFC/2022-23/P/1,2022-04-20,1500.0
9410,9944.0,121162,2022-2023,5THSFC/2022-23/P/1,2022-04-20,4869.0
9410,9944.0,121162,2022-2023,5THSFC/2022-23/P/1,2022-04-20,141538.0
9411,9954.0,121162,2022-2023,5THSFC/2022-23/P/4,2022-08-22,1500.0
9411,9954.0,121162,2022-2023,5THSFC/2022-23/P/4,2022-08-22,147000.0
9412,9813.0,121162,2025-2026,XVFC/2025-26/P/56,2026-03-29,150000.0
9413,,121162,2026-2027,5THSFC/2026-27/P/3,2026-04-18,146625.0
9414,9898.0,121162,2023-2024,5THSFC/2023-24/P/5,2023-09-18,1500.0
9414,9898.0,121162,2023-2024,5THSFC/2023-24/P/5,2023-09-18,3163.0
9414,9898.0,121162,2023-2024,5THSFC/2023-24/P/5,2023-09-18,31656.0
9414,9898.0,121162,2023-2024,5THSFC/2023-24/P/5,2023-09-18,111798.0
9414,9796.0,121162,2025-2026,5THSFC/2025-26/P/9,2026-01-09,1000.0
9414,9796.0,121162,2025-2026,5THSFC/2025-26/P/9,2026-01-09,2718.0
9414,9796.0,121162,2025-2026,5THSFC/2025-26/P/9,2026-01-09,94547.0
9430,9884.0,121162,2023-2024,XVFC/2023-24/P/2,2023-04-28,200000.0
9430,9748.0,121162,2025-2026,XVFC/2025-26/P/1,2025-04-05,114600.0
9430,9758.0,121162,2025-2026,XVFC/2025-26/P/8,2025-05-28,102900.0
9430,9778.0,121162,2025-2026,XVFC/2025-26/P/28,2025-08-26,1000.0
9430,9778.0,121162,2025-2026,XVFC/2025-26/P/28,2025-08-26,86500.0
9431,9885.0,121162,2023-2024,XVFC/2023-24/P/3,2023-05-03,150000.0
9431,9887.0,121162,2023-2024,XVFC/2023-24/P/5,2023-06-27,4000.0
9431,9887.0,121162,2023-2024,XVFC/2023-24/P/5,2023-06-27,8000.0
9431,9763.0,121162,2025-2026,XVFC/2025-26/P/13,2025-06-18,3250.0
9431,9763.0,121162,2025-2026,XVFC/2025-26/P/13,2025-06-18,6000.0
9431,9763.0,121162,2025-2026,XVFC/2025-26/P/13,2025-06-18,6500.0
9431,9794.0,121162,2025-2026,XVFC/2025-26/P/42,2025-12-23,4000.0
9431,9794.0,121162,2025-2026,XVFC/2025-26/P/42,2025-12-23,6500.0
9431,9794.0,121162,2025-2026,XVFC/2025-26/P/42,2025-12-23,13000.0
9432,9899.0,121162,2023-2024,5THSFC/2023-24/P/6,2023-09-28,3000.0
9432,9899.0,121162,2023-2024,5THSFC/2023-24/P/6,2023-09-28,284239.0
9433,9900.0,121162,2023-2024,XVFC/2023-24/P/10,2023-09-28,75076.0
9433,9779.0,121162,2025-2026,XVFC/2025-26/P/29,2025-09-12,450.0
9433,9779.0,121162,2025-2026,XVFC/2025-26/P/29,2025-09-12,1133.0
9433,9779.0,121162,2025-2026,XVFC/2025-26/P/29,2025-09-12,42407.0
9434,9916.0,121162,2023-2024,XVFC/2023-24/P/17,2024-01-13,70900.0
9434,9768.0,121162,2025-2026,XVFC/2025-26/P/19,2025-06-26,92890.0
9435,9886.0,121162,2023-2024,XVFC/2023-24/P/4,2023-05-19,100000.0
9438,9834.0,121162,2024-2025,XVFC/2024-25/P/11,2024-05-30,48735.0
9438,,121162,2026-2027,XVFC/2026-27/P/11,2026-05-10,70000.0
9443,9883.0,121162,2023-2024,XVFC/2023-24/P/1,2023-04-11,129600.0
9444,9839.0,121162,2024-2025,5THSFC/2024-25/P/5,2024-05-31,48735.0
9445,9905.0,121162,2023-2024,XVFC/2023-24/P/12,2023-10-13,6500.0
9445,9912.0,121162,2023-2024,XVFC/2023-24/P/16,2023-12-27,6000.0
9445,9912.0,121162,2023-2024,XVFC/2023-24/P/16,2023-12-27,12000.0
9445,9830.0,121162,2024-2025,XVFC/2024-25/P/7,2024-05-28,3250.0
9445,9835.0,121162,2024-2025,XVFC/2024-25/P/8,2024-05-30,13000.0
9445,9844.0,121162,2024-2025,XVFC/2024-25/P/16,2024-08-07,6500.0
9445,9844.0,121162,2024-2025,XVFC/2024-25/P/16,2024-08-07,13000.0
9445,9856.0,121162,2024-2025,XVFC/2024-25/P/24,2024-10-29,3250.0
9445,9856.0,121162,2024-2025,XVFC/2024-25/P/24,2024-10-29,6500.0
9507,9846.0,121162,2024-2025,5THSFC/2024-25/P/7,2024-08-28,45000.0
9511,,121162,2026-2027,5THSFC/2026-27/P/5,2026-06-10,45000.0
9525,9906.0,121162,2023-2024,5THSFC/2023-24/P/7,2023-11-07,24000.0
9525,9920.0,121162,2023-2024,5THSFC/2023-24/P/16,2024-01-28,24000.0
9525,9924.0,121162,2023-2024,5THSFC/2023-24/P/18,2024-02-29,32000.0
9526,9913.0,121162,2023-2024,5THSFC/2023-24/P/11,2023-12-30,30000.0
9526,9915.0,121162,2023-2024,5THSFC/2023-24/P/13,2024-01-13,30000.0
9526,9918.0,121162,2023-2024,5THSFC/2023-24/P/14,2024-01-28,30000.0
9526,9832.0,121162,2024-2025,5THSFC/2024-25/P/2,2024-05-30,10000.0
9547,9843.0,121162,2024-2025,XVFC/2024-25/P/15,2024-08-05,9000.0
9549,9911.0,121162,2023-2024,5THSFC/2023-24/P/9,2023-11-30,100000.0
9550,9901.0,121162,2023-2024,XVFC/2023-24/P/7,2023-09-28,177793.0
9550,9902.0,121162,2023-2024,XVFC/2023-24/P/8,2023-09-28,48721.0
9550,9903.0,121162,2023-2024,XVFC/2023-24/P/9,2023-09-28,7595.0
9550,9848.0,121162,2024-2025,XVFC/2024-25/P/18,2024-09-25,15891.0
9551,9910.0,121162,2023-2024,XVFC/2023-24/P/15,2023-11-29,48000.0
9552,9909.0,121162,2023-2024,XVFC/2023-24/P/14,2023-11-29,280370.0
9553,9908.0,121162,2023-2024,XVFC/2023-24/P/13,2023-11-29,30000.0
9553,9923.0,121162,2023-2024,XVFC/2023-24/P/20,2024-02-04,30000.0
9553,9810.0,121162,2025-2026,XVFC/2025-26/P/53,2026-03-26,12720.0
9553,9811.0,121162,2025-2026,XVFC/2025-26/P/54,2026-03-26,13672.0
9554,9907.0,121162,2023-2024,5THSFC/2023-24/P/8,2023-11-29,90000.0
9554,9914.0,121162,2023-2024,5THSFC/2023-24/P/12,2024-01-13,90000.0
9554,9919.0,121162,2023-2024,5THSFC/2023-24/P/15,2024-01-28,90000.0
9554,9922.0,121162,2023-2024,5THSFC/2023-24/P/17,2024-02-04,30000.0
9555,9917.0,121162,2023-2024,XVFC/2023-24/P/18,2024-01-13,77383.0
9555,9921.0,121162,2023-2024,XVFC/2023-24/P/19,2024-01-28,77383.0
9555,9836.0,121162,2024-2025,XVFC/2024-25/P/9,2024-05-30,80000.0
9555,9833.0,121162,2024-2025,XVFC/2024-25/P/10,2024-05-30,23178.0
9556,,121162,2026-2027,5THSFC/2026-27/P/6,2026-06-10,55710.0
9557,9825.0,121162,2024-2025,XVFC/2024-25/P/2,2024-04-13,30901.0
9559,9858.0,121162,2024-2025,XVFC/2024-25/P/25,2025-01-03,9750.0
9559,9858.0,121162,2024-2025,XVFC/2024-25/P/25,2025-01-03,18000.0
9559,9858.0,121162,2024-2025,XVFC/2024-25/P/25,2025-01-03,19500.0
9559,9866.0,121162,2024-2025,XVFC/2024-25/P/30,2025-03-20,6500.0
9559,9866.0,121162,2024-2025,XVFC/2024-25/P/30,2025-03-20,12000.0
9559,9866.0,121162,2024-2025,XVFC/2024-25/P/30,2025-03-20,13000.0
9559,9752.0,121162,2025-2026,XVFC/2025-26/P/5,2025-05-03,6500.0
9559,9752.0,121162,2025-2026,XVFC/2025-26/P/5,2025-05-03,13000.0
9561,9845.0,121162,2024-2025,5THSFC/2024-25/P/6,2024-08-27,70000.0
9561,9753.0,121162,2025-2026,5THSFC/2025-26/P/3,2025-05-15,20000.0
9642,9860.0,121162,2024-2025,XVFC/2024-25/P/26,2025-01-24,35846.0
9642,9765.0,121162,2025-2026,XVFC/2025-26/P/16,2025-06-18,816.0
9642,9765.0,121162,2025-2026,XVFC/2025-26/P/16,2025-06-18,79232.0
9642,9770.0,121162,2025-2026,XVFC/2025-26/P/21,2025-07-20,28290.0
9645,,121162,2026-2027,5THSFC/2026-27/P/7,2026-06-10,817.0
9645,,121162,2026-2027,5THSFC/2026-27/P/7,2026-06-10,1000.0
9645,,121162,2026-2027,5THSFC/2026-27/P/7,2026-06-10,51841.0
9648,9849.0,121162,2024-2025,5THSFC/2024-25/P/8,2024-09-30,90000.0
9648,9851.0,121162,2024-2025,5THSFC/2024-25/P/9,2024-10-11,10000.0
9689,9771.0,121162,2025-2026,XVFC/2025-26/P/22,2025-07-29,86928.0
9718,9857.0,121162,2024-2025,5THSFC/2024-25/P/10,2025-01-03,157500.0
9718,9865.0,121162,2024-2025,5THSFC/2024-25/P/13,2025-03-20,17500.0
9720,9859.0,121162,2024-2025,5THSFC/2024-25/P/11,2025-01-09,90000.0
9721,9850.0,121162,2024-2025,XVFC/2024-25/P/19,2024-09-30,157000.0
9721,9870.0,121162,2024-2025,XVFC/2024-25/P/31,2025-03-29,5134.0
9721,9871.0,121162,2024-2025,XVFC/2024-25/P/32,2025-03-29,6945.0
9722,9853.0,121162,2024-2025,XVFC/2024-25/P/21,2024-10-11,194.0
9722,9853.0,121162,2024-2025,XVFC/2024-25/P/21,2024-10-11,350.0
9722,9853.0,121162,2024-2025,XVFC/2024-25/P/21,2024-10-11,34337.0
9722,9785.0,121162,2025-2026,XVFC/2025-26/P/35,2025-10-28,48600.0
9723,9852.0,121162,2024-2025,XVFC/2024-25/P/20,2024-10-11,5914.0
9723,,121162,2026-2027,XVFC/2026-27/P/12,2026-05-10,732.0
9723,,121162,2026-2027,XVFC/2026-27/P/12,2026-05-10,1000.0
9724,9854.0,121162,2024-2025,XVFC/2024-25/P/22,2024-10-11,108000.0
9725,9864.0,121162,2024-2025,XVFC/2024-25/P/29,2025-03-01,722.0
9725,9864.0,121162,2024-2025,XVFC/2024-25/P/29,2025-03-01,1679.0
9725,9864.0,121162,2024-2025,XVFC/2024-25/P/29,2025-03-01,87599.0
9726,9861.0,121162,2024-2025,XVFC/2024-25/P/27,2025-02-13,419.0
9726,9861.0,121162,2024-2025,XVFC/2024-25/P/27,2025-02-13,40033.0
9726,9750.0,121162,2025-2026,XVFC/2025-26/P/3,2025-04-24,89680.0
9728,9747.0,121162,2025-2026,5THSFC/2025-26/P/2,2025-04-05,84.0
9728,9747.0,121162,2025-2026,5THSFC/2025-26/P/2,2025-04-05,49879.0
9728,9756.0,121162,2025-2026,5THSFC/2025-26/P/4,2025-05-28,95037.0
9729,9862.0,121162,2024-2025,5THSFC/2024-25/P/12,2025-02-26,112500.0
9729,9774.0,121162,2025-2026,5THSFC/2025-26/P/6,2025-08-26,12500.0
9730,9797.0,121162,2025-2026,XVFC/2025-26/P/44,2026-01-09,1000.0
9730,9797.0,121162,2025-2026,XVFC/2025-26/P/44,2026-01-09,1300.0
9730,9797.0,121162,2025-2026,XVFC/2025-26/P/44,2026-01-09,94680.0
9730,,121162,2026-2027,XVFC/2026-27/P/6,2026-04-30,1652.0
9731,9749.0,121162,2025-2026,XVFC/2025-26/P/2,2025-04-24,49560.0
9731,9766.0,121162,2025-2026,XVFC/2025-26/P/17,2025-06-18,50440.0
9732,9755.0,121162,2025-2026,XVFC/2025-26/P/7,2025-05-15,720.0
9732,9755.0,121162,2025-2026,XVFC/2025-26/P/7,2025-05-15,70478.0
9732,9812.0,121162,2025-2026,XVFC/2025-26/P/55,2026-03-28,500.0
9732,9812.0,121162,2025-2026,XVFC/2025-26/P/55,2026-03-28,46803.0
9733,9757.0,121162,2025-2026,XVFC/2025-26/P/10,2025-05-28,694.0
9733,9757.0,121162,2025-2026,XVFC/2025-26/P/10,2025-05-28,1000.0
9733,9757.0,121162,2025-2026,XVFC/2025-26/P/10,2025-05-28,88306.0
9733,9764.0,121162,2025-2026,XVFC/2025-26/P/14,2025-06-18,6929.0
9740,9787.0,121162,2025-2026,XVFC/2025-26/P/36,2025-11-01,52000.0
9752,9800.0,121162,2025-2026,XVFC/2025-26/P/46,2026-02-05,1000.0
9752,9800.0,121162,2025-2026,XVFC/2025-26/P/46,2026-02-05,2773.0
9752,9800.0,121162,2025-2026,XVFC/2025-26/P/46,2026-02-05,86227.0
9752,,121162,2026-2027,XVFC/2026-27/P/8,2026-04-30,8334.0
9756,,121162,2026-2027,5THSFC/2026-27/P/1,2026-04-16,30000.0
9756,,121162,2026-2027,5THSFC/2026-27/P/2,2026-04-17,60000.0
9761,9799.0,121162,2025-2026,5THSFC/2025-26/P/11,2026-02-04,1000.0
9761,9799.0,121162,2025-2026,5THSFC/2025-26/P/11,2026-02-04,2812.0
9761,9799.0,121162,2025-2026,5THSFC/2025-26/P/11,2026-02-04,86188.0
9811,9786.0,121162,2025-2026,5THSFC/2025-26/P/7,2025-11-01,99000.0
9811,9788.0,121162,2025-2026,5THSFC/2025-26/P/8,2025-11-04,11000.0
9812,,121162,2026-2027,XVFC/2026-27/P/2,2026-04-28,1000.0
9812,,121162,2026-2027,XVFC/2026-27/P/2,2026-04-28,2289.0
9812,,121162,2026-2027,XVFC/2026-27/P/2,2026-04-28,94841.0
9812,,121162,2026-2027,XVFC/2026-27/P/3,2026-04-28,25000.0
9813,9784.0,121162,2025-2026,XVFC/2025-26/P/34,2025-10-11,51000.0
9823,9783.0,121162,2025-2026,XVFC/2025-26/P/33,2025-10-08,60000.0
9828,10292.0,121526,2021-2022,XVFC/2021-22/P/1,2021-10-08,77400.0
9832,10281.0,121526,2021-2022,5THSFC/2021-22/P/2,2021-07-29,6000.0
9834,10199.0,121526,2022-2023,XVFC/2022-23/P/1,2022-04-23,330987.0
9834,10230.0,121526,2022-2023,XVFC/2022-23/P/6,2023-03-19,616.0
9835,10200.0,121526,2022-2023,XVFC/2022-23/P/2,2022-04-23,396649.0
9835,10229.0,121526,2022-2023,XVFC/2022-23/P/5,2023-03-19,4758.0
9836,10135.0,121526,2024-2025,5THSFC/2024-25/P/5,2024-10-08,500000.0
9839,10293.0,121526,2021-2022,XVFC/2021-22/P/2,2021-10-08,77500.0
9841,10182.0,121526,2023-2024,XVFC/2023-24/P/10,2024-01-12,48981.0
9842,10284.0,121526,2021-2022,5THSFC/2021-22/P/3,2021-08-26,32000.0
9842,10294.0,121526,2021-2022,5THSFC/2021-22/P/5,2021-10-10,16000.0
9843,10297.0,121526,2021-2022,XVFC/2021-22/P/3,2022-02-02,446000.0
9845,10203.0,121526,2022-2023,5THSFC/2022-23/P/4,2022-08-11,20000.0
9846,10107.0,121526,2025-2026,XVFC/2025-26/P/9,2025-12-31,237947.0
9847,10223.0,121526,2022-2023,5THSFC/2022-23/P/6,2023-02-03,232905.0
9848,10206.0,121526,2022-2023,5THSFC/2022-23/P/5,2022-09-11,35000.0
9850,10176.0,121526,2023-2024,XVFC/2023-24/P/6,2023-10-17,142513.0
9851,10287.0,121526,2021-2022,5THSFC/2021-22/P/4,2021-10-08,32000.0
9851,10195.0,121526,2022-2023,5THSFC/2022-23/P/1,2022-04-23,48000.0
9862,10227.0,121526,2022-2023,XVFC/2022-23/P/3,2023-03-03,287482.0
9863,10201.0,121526,2022-2023,5THSFC/2022-23/P/2,2022-04-26,6000.0
9864,10202.0,121526,2022-2023,5THSFC/2022-23/P/3,2022-04-26,6000.0
9866,10177.0,121526,2023-2024,5THSFC/2023-24/P/2,2023-12-24,332962.0
9867,10174.0,121526,2023-2024,XVFC/2023-24/P/4,2023-10-11,78297.0
9868,10175.0,121526,2023-2024,XVFC/2023-24/P/5,2023-10-16,115114.0
9869,10226.0,121526,2022-2023,5THSFC/2022-23/P/9,2023-02-23,38500.0
9870,10224.0,121526,2022-2023,5THSFC/2022-23/P/7,2023-02-23,10000.0
9871,10225.0,121526,2022-2023,5THSFC/2022-23/P/8,2023-02-23,31234.0
9871,10232.0,121526,2022-2023,5THSFC/2022-23/P/10,2023-03-28,12002.0
9871,10111.0,121526,2025-2026,5THSFC/2025-26/P/6,2026-03-12,3684.0
9871,10112.0,121526,2025-2026,5THSFC/2025-26/P/7,2026-03-12,238.0
9871,10113.0,121526,2025-2026,5THSFC/2025-26/P/8,2026-03-12,2672.0
9871,10114.0,121526,2025-2026,5THSFC/2025-26/P/9,2026-03-12,1674.0
9871,10110.0,121526,2025-2026,5THSFC/2025-26/P/10,2026-03-12,80.0
9877,10234.0,121526,2022-2023,XVFC/2022-23/P/8,2023-03-28,185260.0
9880,10173.0,121526,2023-2024,5THSFC/2023-24/P/1,2023-10-11,35000.0
9881,10228.0,121526,2022-2023,XVFC/2022-23/P/4,2023-03-19,56000.0
9881,10172.0,121526,2023-2024,XVFC/2023-24/P/3,2023-07-12,40000.0
9886,10231.0,121526,2022-2023,XVFC/2022-23/P/7,2023-03-19,25000.0
9887,10178.0,121526,2023-2024,5THSFC/2023-24/P/3,2023-12-24,493333.0
9888,10166.0,121526,2023-2024,XVFC/2023-24/P/1,2023-06-30,58927.0
9889,10171.0,121526,2023-2024,XVFC/2023-24/P/2,2023-07-08,64980.0
9890,10180.0,121526,2023-2024,XVFC/2023-24/P/8,2023-12-24,58927.0
9891,10181.0,121526,2023-2024,XVFC/2023-24/P/9,2023-12-24,71400.0
9892,10179.0,121526,2023-2024,XVFC/2023-24/P/7,2023-12-24,218396.0
9893,10127.0,121526,2024-2025,XVFC/2024-25/P/1,2024-08-08,229988.0
9894,10154.0,121526,2024-2025,XVFC/2024-25/P/19,2025-03-05,186244.0
10015,10146.0,121526,2024-2025,XVFC/2024-25/P/11,2024-12-23,121800.0
10015,10153.0,121526,2024-2025,XVFC/2024-25/P/18,2025-01-07,74227.0
10023,10137.0,121526,2024-2025,XVFC/2024-25/P/5,2024-10-09,89982.0
10023,10142.0,121526,2024-2025,XVFC/2024-25/P/8,2024-10-17,5632.0
10069,10156.0,121526,2024-2025,5THSFC/2024-25/P/11,2025-03-26,585000.0
10069,10097.0,121526,2025-2026,5THSFC/2025-26/P/3,2025-05-18,35650.0
10070,10183.0,121526,2023-2024,XVFC/2023-24/P/11,2024-01-12,72000.0
10070,10128.0,121526,2024-2025,XVFC/2024-25/P/2,2024-08-08,24000.0
10071,10184.0,121526,2023-2024,5THSFC/2023-24/P/4,2024-01-29,9000.0
10072,10129.0,121526,2024-2025,XVFC/2024-25/P/3,2024-09-04,90000.0
10072,10140.0,121526,2024-2025,XVFC/2024-25/P/6,2024-10-17,9202.0
10073,10133.0,121526,2024-2025,XVFC/2024-25/P/4,2024-10-04,180000.0
10073,10141.0,121526,2024-2025,XVFC/2024-25/P/7,2024-10-17,18000.0
10124,10143.0,121526,2024-2025,5THSFC/2024-25/P/9,2024-10-22,44665.0
10125,10132.0,121526,2024-2025,5THSFC/2024-25/P/3,2024-09-26,50000.0
10126,10144.0,121526,2024-2025,XVFC/2024-25/P/10,2024-12-13,29750.0
10126,10099.0,121526,2025-2026,XVFC/2025-26/P/3,2025-06-05,110250.0
10127,10155.0,121526,2024-2025,5THSFC/2024-25/P/10,2025-03-12,225000.0
10134,10098.0,121526,2025-2026,XVFC/2025-26/P/2,2025-05-23,45000.0
10149,10145.0,121526,2024-2025,XVFC/2024-25/P/9,2024-12-13,225000.0
10149,10151.0,121526,2024-2025,XVFC/2024-25/P/16,2025-01-04,12647.0
10151,10102.0,121526,2025-2026,XVFC/2025-26/P/4,2025-08-08,48816.0
10152,10147.0,121526,2024-2025,XVFC/2024-25/P/12,2024-12-23,135000.0
10152,10150.0,121526,2024-2025,XVFC/2024-25/P/15,2025-01-04,12662.0
10153,10148.0,121526,2024-2025,XVFC/2024-25/P/13,2024-12-23,34537.0
10153,10149.0,121526,2024-2025,XVFC/2024-25/P/14,2024-12-23,1590.0
10153,10152.0,121526,2024-2025,XVFC/2024-25/P/17,2025-01-07,130000.0
10153,10157.0,121526,2024-2025,XVFC/2024-25/P/20,2025-03-28,282.0
10153,10158.0,121526,2024-2025,XVFC/2024-25/P/21,2025-03-28,1587.0
10153,10159.0,121526,2024-2025,XVFC/2024-25/P/22,2025-03-28,570.0
10153,10103.0,121526,2025-2026,XVFC/2025-26/P/5,2025-09-13,1648.0
10153,10104.0,121526,2025-2026,XVFC/2025-26/P/6,2025-09-25,29786.0
10154,10134.0,121526,2024-2025,5THSFC/2024-25/P/4,2024-10-05,315000.0
10154,10138.0,121526,2024-2025,5THSFC/2024-25/P/7,2024-10-17,31500.0
10155,10136.0,121526,2024-2025,5THSFC/2024-25/P/6,2024-10-09,46524.0
10155,10139.0,121526,2024-2025,5THSFC/2024-25/P/8,2024-10-17,22976.0
10205,10130.0,121526,2024-2025,5THSFC/2024-25/P/1,2024-09-26,3000.0
10205,10094.0,121526,2025-2026,5THSFC/2025-26/P/1,2025-04-30,3000.0
10206,10131.0,121526,2024-2025,5THSFC/2024-25/P/2,2024-09-26,3000.0
10206,10095.0,121526,2025-2026,5THSFC/2025-26/P/2,2025-04-30,3000.0
10207,10100.0,121526,2025-2026,5THSFC/2025-26/P/4,2025-07-03,180000.0
10207,10101.0,121526,2025-2026,5THSFC/2025-26/P/5,2025-07-22,14694.0
10209,10105.0,121526,2025-2026,XVFC/2025-26/P/7,2025-11-29,49860.0
10209,10108.0,121526,2025-2026,XVFC/2025-26/P/10,2026-02-01,30140.0
10210,10096.0,121526,2025-2026,XVFC/2025-26/P/1,2025-04-30,34710.0
10211,,121526,2026-2027,XVFC/2026-27/P/3,2026-06-05,183199.0
10212,10116.0,121526,2025-2026,5THSFC/2025-26/P/11,2026-03-14,141191.0
10291,10109.0,121526,2025-2026,XVFC/2025-26/P/11,2026-02-06,63000.0
10291,,121526,2026-2027,XVFC/2026-27/P/1,2026-04-18,50000.0
10293,10106.0,121526,2025-2026,XVFC/2025-26/P/8,2025-12-25,91800.0
10294,10115.0,121526,2025-2026,XVFC/2025-26/P/12,2026-03-12,38024.0
10296,,121526,2026-2027,XVFC/2026-27/P/2,2026-04-18,50000.0
10371,,121526,2026-2027,5THSFC/2026-27/P/1,2026-04-20,232098.0
10375,10727.0,119862,2021-2022,XVFC/2021-22/P/15,2021-08-19,391.0
10375,10727.0,119862,2021-2022,XVFC/2021-22/P/15,2021-08-19,500.0
10375,10727.0,119862,2021-2022,XVFC/2021-22/P/15,2021-08-19,7056.0
10375,10727.0,119862,2021-2022,XVFC/2021-22/P/15,2021-08-19,42053.0
10376,10717.0,119862,2021-2022,XVFC/2021-22/P/8,2021-08-09,1000.0
10376,10717.0,119862,2021-2022,XVFC/2021-22/P/8,2021-08-09,98000.0
10377,10713.0,119862,2021-2022,XVFC/2021-22/P/5,2021-07-02,912.0
10377,10713.0,119862,2021-2022,XVFC/2021-22/P/5,2021-07-02,1480.0
10377,10713.0,119862,2021-2022,XVFC/2021-22/P/5,2021-07-02,3479.0
10377,10713.0,119862,2021-2022,XVFC/2021-22/P/5,2021-07-02,94129.0
10379,10709.0,119862,2021-2022,XVFC/2021-22/P/3,2021-04-25,916.0
10379,10709.0,119862,2021-2022,XVFC/2021-22/P/3,2021-04-25,3445.0
10379,10709.0,119862,2021-2022,XVFC/2021-22/P/3,2021-04-25,93214.0
10380,10638.0,119862,2022-2023,5THSFC/2022-23/P/4,2022-07-11,6000.0
10380,10639.0,119862,2022-2023,5THSFC/2022-23/P/5,2022-07-11,6000.0
10380,10640.0,119862,2022-2023,5THSFC/2022-23/P/6,2022-07-11,6000.0
10380,10528.0,119862,2025-2026,5THSFC/2025-26/P/28,2026-03-24,9750.0
10381,10758.0,119862,2021-2022,XVFC/2021-22/P/25,2022-02-17,1518.0
10381,10758.0,119862,2021-2022,XVFC/2021-22/P/25,2022-02-17,2939.0
10381,10758.0,119862,2021-2022,XVFC/2021-22/P/25,2022-02-17,3647.0
10381,10758.0,119862,2021-2022,XVFC/2021-22/P/25,2022-02-17,142949.0
10383,10730.0,119862,2021-2022,5THSFC/2021-22/P/7,2021-08-27,490.0
10383,10730.0,119862,2021-2022,5THSFC/2021-22/P/7,2021-08-27,840.0
10383,10730.0,119862,2021-2022,5THSFC/2021-22/P/7,2021-08-27,1860.0
10383,10730.0,119862,2021-2022,5THSFC/2021-22/P/7,2021-08-27,46810.0
10384,10731.0,119862,2021-2022,XVFC/2021-22/P/16,2021-08-27,2475.0
10384,10731.0,119862,2021-2022,XVFC/2021-22/P/16,2021-08-27,3155.0
10384,10731.0,119862,2021-2022,XVFC/2021-22/P/16,2021-08-27,4635.0
10384,10731.0,119862,2021-2022,XVFC/2021-22/P/16,2021-08-27,239735.0
10385,10729.0,119862,2021-2022,5THSFC/2021-22/P/6,2021-08-27,490.0
10385,10729.0,119862,2021-2022,5THSFC/2021-22/P/6,2021-08-27,840.0
10385,10729.0,119862,2021-2022,5THSFC/2021-22/P/6,2021-08-27,1860.0
10385,10729.0,119862,2021-2022,5THSFC/2021-22/P/6,2021-08-27,46810.0
10386,10733.0,119862,2021-2022,XVFC/2021-22/P/18,2021-09-12,1415.0
10386,10733.0,119862,2021-2022,XVFC/2021-22/P/18,2021-09-12,1787.0
10386,10733.0,119862,2021-2022,XVFC/2021-22/P/18,2021-09-12,2369.0
10386,10733.0,119862,2021-2022,XVFC/2021-22/P/18,2021-09-12,147620.0
10387,10748.0,119862,2021-2022,5THSFC/2021-22/P/12,2021-12-07,6000.0
10388,10708.0,119862,2021-2022,XVFC/2021-22/P/2,2021-04-25,713.0
10388,10708.0,119862,2021-2022,XVFC/2021-22/P/2,2021-04-25,2249.0
10388,10708.0,119862,2021-2022,XVFC/2021-22/P/2,2021-04-25,90561.0
10390,10714.0,119862,2021-2022,XVFC/2021-22/P/6,2021-07-02,990.0
10390,10714.0,119862,2021-2022,XVFC/2021-22/P/6,2021-07-02,1455.0
10390,10714.0,119862,2021-2022,XVFC/2021-22/P/6,2021-07-02,4049.0
10390,10714.0,119862,2021-2022,XVFC/2021-22/P/6,2021-07-02,93506.0
10391,10740.0,119862,2021-2022,XVFC/2021-22/P/21,2021-11-03,931.0
10391,10740.0,119862,2021-2022,XVFC/2021-22/P/21,2021-11-03,1415.0
10391,10740.0,119862,2021-2022,XVFC/2021-22/P/21,2021-11-03,3958.0
10391,10740.0,119862,2021-2022,XVFC/2021-22/P/21,2021-11-03,93696.0
10392,10710.0,119862,2021-2022,XVFC/2021-22/P/4,2021-05-17,924.0
10392,10710.0,119862,2021-2022,XVFC/2021-22/P/4,2021-05-17,2251.0
10392,10710.0,119862,2021-2022,XVFC/2021-22/P/4,2021-05-17,2325.0
10392,10710.0,119862,2021-2022,XVFC/2021-22/P/4,2021-05-17,94500.0
10393,10719.0,119862,2021-2022,5THSFC/2021-22/P/3,2021-08-17,1487.0
10393,10719.0,119862,2021-2022,5THSFC/2021-22/P/3,2021-08-17,1728.0
10393,10719.0,119862,2021-2022,5THSFC/2021-22/P/3,2021-08-17,2326.0
10393,10719.0,119862,2021-2022,5THSFC/2021-22/P/3,2021-08-17,149299.0
10394,10726.0,119862,2021-2022,XVFC/2021-22/P/14,2021-08-19,20000.0
10395,10721.0,119862,2021-2022,5THSFC/2021-22/P/5,2021-08-19,495.0
10395,10721.0,119862,2021-2022,5THSFC/2021-22/P/5,2021-08-19,985.0
10395,10721.0,119862,2021-2022,5THSFC/2021-22/P/5,2021-08-19,1060.0
10395,10721.0,119862,2021-2022,5THSFC/2021-22/P/5,2021-08-19,57460.0
10396,10745.0,119862,2021-2022,XVFC/2021-22/P/23,2021-11-17,1922.0
10396,10745.0,119862,2021-2022,XVFC/2021-22/P/23,2021-11-17,2100.0
10396,10745.0,119862,2021-2022,XVFC/2021-22/P/23,2021-11-17,3410.0
10396,10745.0,119862,2021-2022,XVFC/2021-22/P/23,2021-11-17,192568.0
10397,10744.0,119862,2021-2022,XVFC/2021-22/P/22,2021-11-17,943.0
10397,10744.0,119862,2021-2022,XVFC/2021-22/P/22,2021-11-17,2425.0
10397,10744.0,119862,2021-2022,XVFC/2021-22/P/22,2021-11-17,3878.0
10397,10744.0,119862,2021-2022,XVFC/2021-22/P/22,2021-11-17,92754.0
10398,10749.0,119862,2021-2022,5THSFC/2021-22/P/13,2021-12-07,270000.0
10399,10690.0,119862,2022-2023,5THSFC/2022-23/P/25,2023-03-22,36395.0
10399,10691.0,119862,2022-2023,5THSFC/2022-23/P/26,2023-03-22,47254.0
10399,10613.0,119862,2023-2024,5THSFC/2023-24/P/8,2024-03-22,66351.0
10403,10642.0,119862,2022-2023,5THSFC/2022-23/P/7,2022-08-23,896.0
10403,10642.0,119862,2022-2023,5THSFC/2022-23/P/7,2022-08-23,88704.0
10404,10649.0,119862,2022-2023,XVFC/2022-23/P/4,2022-09-08,161.0
10404,10649.0,119862,2022-2023,XVFC/2022-23/P/4,2022-09-08,16100.0
10404,10667.0,119862,2022-2023,XVFC/2022-23/P/9,2023-01-20,58.0
10404,10667.0,119862,2022-2023,XVFC/2022-23/P/9,2023-01-20,963.0
10404,10667.0,119862,2022-2023,XVFC/2022-23/P/9,2023-01-20,30000.0
10405,10512.0,119862,2025-2026,5THSFC/2025-26/P/15,2026-03-10,206707.0
10405,10513.0,119862,2025-2026,5THSFC/2025-26/P/16,2026-03-10,97616.0
10405,10514.0,119862,2025-2026,5THSFC/2025-26/P/17,2026-03-10,2999.0
10405,10515.0,119862,2025-2026,5THSFC/2025-26/P/19,2026-03-10,143051.0
10405,10516.0,119862,2025-2026,5THSFC/2025-26/P/20,2026-03-10,27752.0
10405,10517.0,119862,2025-2026,5THSFC/2025-26/P/21,2026-03-10,5396.0
10405,10518.0,119862,2025-2026,5THSFC/2025-26/P/22,2026-03-10,2528.0
10405,10519.0,119862,2025-2026,5THSFC/2025-26/P/23,2026-03-10,4018.0
10405,10520.0,119862,2025-2026,5THSFC/2025-26/P/25,2026-03-10,51.0
10405,10521.0,119862,2025-2026,5THSFC/2025-26/P/26,2026-03-10,51.0
10405,,119862,2026-2027,5THSFC/2026-27/P/1,2026-05-18,4224.0
10405,,119862,2026-2027,5THSFC/2026-27/P/2,2026-05-18,1048.0
10406,10688.0,119862,2022-2023,XVFC/2022-23/P/14,2023-03-21,385.0
10406,10688.0,119862,2022-2023,XVFC/2022-23/P/14,2023-03-21,925.0
10406,10688.0,119862,2022-2023,XVFC/2022-23/P/14,2023-03-21,2730.0
10406,10688.0,119862,2022-2023,XVFC/2022-23/P/14,2023-03-21,95960.0
10407,10560.0,119862,2024-2025,XVFC/2024-25/P/16,2024-12-13,496.0
10407,10560.0,119862,2024-2025,XVFC/2024-25/P/16,2024-12-13,49504.0
10408,10732.0,119862,2021-2022,XVFC/2021-22/P/17,2021-08-27,713.0
10408,10732.0,119862,2021-2022,XVFC/2021-22/P/17,2021-08-27,2210.0
10408,10732.0,119862,2021-2022,XVFC/2021-22/P/17,2021-08-27,2249.0
10408,10732.0,119862,2021-2022,XVFC/2021-22/P/17,2021-08-27,94828.0
10409,10715.0,119862,2021-2022,XVFC/2021-22/P/7,2021-07-14,919.0
10409,10715.0,119862,2021-2022,XVFC/2021-22/P/7,2021-07-14,1440.0
10409,10715.0,119862,2021-2022,XVFC/2021-22/P/7,2021-07-14,3297.0
10409,10715.0,119862,2021-2022,XVFC/2021-22/P/7,2021-07-14,94344.0
10410,10751.0,119862,2021-2022,5THSFC/2021-22/P/14,2021-12-13,197.0
10410,10751.0,119862,2021-2022,5THSFC/2021-22/P/14,2021-12-13,250.0
10410,10751.0,119862,2021-2022,5THSFC/2021-22/P/14,2021-12-13,848.0
10410,10751.0,119862,2021-2022,5THSFC/2021-22/P/14,2021-12-13,18705.0
10411,10707.0,119862,2021-2022,XVFC/2021-22/P/1,2021-04-25,990.0
10411,10707.0,119862,2021-2022,XVFC/2021-22/P/1,2021-04-25,20720.0
10411,10707.0,119862,2021-2022,XVFC/2021-22/P/1,2021-04-25,78290.0
10412,10398.0,119862,2025-2026,XVFC/2025-26/P/18,2025-07-30,80000.0
10413,10752.0,119862,2021-2022,XVFC/2021-22/P/24,2021-12-21,90000.0
10416,10723.0,119862,2021-2022,XVFC/2021-22/P/11,2021-08-19,29990.0
10417,10722.0,119862,2021-2022,XVFC/2021-22/P/10,2021-08-19,29990.0
10420,10590.0,119862,2023-2024,5THSFC/2023-24/P/1,2023-04-06,2500.0
10420,10590.0,119862,2023-2024,5THSFC/2023-24/P/1,2023-04-06,27301.0
10420,10590.0,119862,2023-2024,5THSFC/2023-24/P/1,2023-04-06,220199.0
10421,10724.0,119862,2021-2022,XVFC/2021-22/P/12,2021-08-19,29990.0
10422,10728.0,119862,2021-2022,XVFC/2021-22/P/9,2021-08-19,29990.0
10423,10725.0,119862,2021-2022,XVFC/2021-22/P/13,2021-08-19,29990.0
10424,10734.0,119862,2021-2022,5THSFC/2021-22/P/8,2021-09-30,167500.0
10425,10737.0,119862,2021-2022,5THSFC/2021-22/P/9,2021-10-04,10000.0
10425,10735.0,119862,2021-2022,5THSFC/2021-22/P/10,2021-10-04,10000.0
10425,10736.0,119862,2021-2022,5THSFC/2021-22/P/11,2021-10-04,10000.0
10425,10634.0,119862,2022-2023,5THSFC/2022-23/P/1,2022-05-09,14000.0
10425,10635.0,119862,2022-2023,5THSFC/2022-23/P/2,2022-05-09,14000.0
10425,10636.0,119862,2022-2023,5THSFC/2022-23/P/3,2022-05-09,14000.0
10426,10720.0,119862,2021-2022,5THSFC/2021-22/P/4,2021-08-19,292.0
10426,10720.0,119862,2021-2022,5THSFC/2021-22/P/4,2021-08-19,921.0
10426,10720.0,119862,2021-2022,5THSFC/2021-22/P/4,2021-08-19,965.0
10426,10720.0,119862,2021-2022,5THSFC/2021-22/P/4,2021-08-19,37822.0
10427,10739.0,119862,2021-2022,XVFC/2021-22/P/20,2021-10-12,330000.0
10428,10738.0,119862,2021-2022,XVFC/2021-22/P/19,2021-10-12,330000.0
10429,10767.0,119862,2021-2022,5THSFC/2021-22/P/15,2022-03-31,67.0
10429,10767.0,119862,2021-2022,5THSFC/2021-22/P/15,2022-03-31,796.0
10429,10767.0,119862,2021-2022,5THSFC/2021-22/P/15,2022-03-31,2100.0
10429,10767.0,119862,2021-2022,5THSFC/2021-22/P/15,2022-03-31,97037.0
10430,10637.0,119862,2022-2023,XVFC/2022-23/P/1,2022-05-09,546.0
10430,10637.0,119862,2022-2023,XVFC/2022-23/P/1,2022-05-09,1605.0
10430,10637.0,119862,2022-2023,XVFC/2022-23/P/1,2022-05-09,4235.0
10430,10637.0,119862,2022-2023,XVFC/2022-23/P/1,2022-05-09,193614.0
10431,10647.0,119862,2022-2023,5THSFC/2022-23/P/9,2022-09-08,114178.0
10431,10644.0,119862,2022-2023,5THSFC/2022-23/P/10,2022-09-08,67584.0
10431,10645.0,119862,2022-2023,5THSFC/2022-23/P/11,2022-09-08,56804.0
10431,10660.0,119862,2022-2023,5THSFC/2022-23/P/16,2022-12-08,34181.0
10431,10689.0,119862,2022-2023,5THSFC/2022-23/P/24,2023-03-22,127253.0
10432,10661.0,119862,2022-2023,XVFC/2022-23/P/6,2022-12-12,517.0
10432,10661.0,119862,2022-2023,XVFC/2022-23/P/6,2022-12-12,51216.0
10433,10687.0,119862,2022-2023,5THSFC/2022-23/P/23,2023-03-21,50.0
10433,10687.0,119862,2022-2023,5THSFC/2022-23/P/23,2023-03-21,287.0
10433,10687.0,119862,2022-2023,5THSFC/2022-23/P/23,2023-03-21,491.0
10433,10687.0,119862,2022-2023,5THSFC/2022-23/P/23,2023-03-21,49172.0
10434,10432.0,119862,2025-2026,5THSFC/2025-26/P/9,2025-10-18,990.0
10434,10432.0,119862,2025-2026,5THSFC/2025-26/P/9,2025-10-18,99010.0
10435,10524.0,119862,2025-2026,XVFC/2025-26/P/124,2026-03-10,80908.0
10435,10525.0,119862,2025-2026,XVFC/2025-26/P/125,2026-03-10,5348.0
10435,,119862,2026-2027,XVFC/2026-27/P/1,2026-04-27,16325.0
10435,,119862,2026-2027,XVFC/2026-27/P/2,2026-04-27,4768.0
10435,,119862,2026-2027,XVFC/2026-27/P/3,2026-04-27,2704.0
10435,,119862,2026-2027,XVFC/2026-27/P/4,2026-04-27,11456.0
10435,,119862,2026-2027,XVFC/2026-27/P/5,2026-04-27,3502.0
10435,,119862,2026-2027,XVFC/2026-27/P/6,2026-04-27,8696.0
10435,,119862,2026-2027,XVFC/2026-27/P/7,2026-04-27,5895.0
10435,,119862,2026-2027,XVFC/2026-27/P/8,2026-04-27,368.0
10436,,119862,2026-2027,XVFC/2026-27/P/9,2026-04-27,1130.0
10436,,119862,2026-2027,XVFC/2026-27/P/10,2026-04-27,1130.0
10436,,119862,2026-2027,XVFC/2026-27/P/11,2026-04-27,40424.0
10436,,119862,2026-2027,XVFC/2026-27/P/12,2026-04-27,1099.0
10436,,119862,2026-2027,XVFC/2026-27/P/13,2026-04-27,100.0
10436,,119862,2026-2027,XVFC/2026-27/P/14,2026-04-27,100.0
10436,,119862,2026-2027,XVFC/2026-27/P/15,2026-04-27,319.0
10436,,119862,2026-2027,XVFC/2026-27/P/16,2026-04-27,319.0
10436,,119862,2026-2027,XVFC/2026-27/P/28,2026-05-18,12640.0
10437,10526.0,119862,2025-2026,XVFC/2025-26/P/126,2026-03-10,80415.0
10437,,119862,2026-2027,XVFC/2026-27/P/25,2026-05-18,16470.0
10437,,119862,2026-2027,XVFC/2026-27/P/26,2026-05-18,2610.0
10437,,119862,2026-2027,XVFC/2026-27/P/27,2026-05-18,201.0
10438,10527.0,119862,2025-2026,XVFC/2025-26/P/127,2026-03-10,155224.0
10438,,119862,2026-2027,XVFC/2026-27/P/17,2026-05-18,38457.0
10438,,119862,2026-2027,XVFC/2026-27/P/18,2026-05-18,4900.0
10438,,119862,2026-2027,XVFC/2026-27/P/20,2026-05-18,1048.0
10438,,119862,2026-2027,XVFC/2026-27/P/21,2026-05-18,50.0
10438,,119862,2026-2027,XVFC/2026-27/P/22,2026-05-18,50.0
10441,10597.0,119862,2023-2024,5THSFC/2023-24/P/2,2023-05-31,435.0
10441,10597.0,119862,2023-2024,5THSFC/2023-24/P/2,2023-05-31,921.0
10441,10597.0,119862,2023-2024,5THSFC/2023-24/P/2,2023-05-31,3403.0
10441,10597.0,119862,2023-2024,5THSFC/2023-24/P/2,2023-05-31,95241.0
10442,10607.0,119862,2023-2024,5THSFC/2023-24/P/6,2023-12-28,50000.0
10443,10610.0,119862,2023-2024,XVFC/2023-24/P/11,2024-02-23,287.0
10443,10610.0,119862,2023-2024,XVFC/2023-24/P/11,2024-02-23,29643.0
10444,10551.0,119862,2024-2025,XVFC/2024-25/P/9,2024-10-04,6000.0
10445,10457.0,119862,2025-2026,XVFC/2025-26/P/72,2025-11-22,472.0
10445,10457.0,119862,2025-2026,XVFC/2025-26/P/72,2025-11-22,46394.0
10446,10399.0,119862,2025-2026,XVFC/2025-26/P/19,2025-07-30,100000.0
10447,10472.0,119862,2025-2026,XVFC/2025-26/P/87,2026-01-02,376.0
10447,10472.0,119862,2025-2026,XVFC/2025-26/P/87,2026-01-02,1248.0
10447,10472.0,119862,2025-2026,XVFC/2025-26/P/87,2026-01-02,3725.0
10447,10472.0,119862,2025-2026,XVFC/2025-26/P/87,2026-01-02,144651.0
10448,10593.0,119862,2023-2024,XVFC/2023-24/P/3,2023-05-11,210.0
10448,10593.0,119862,2023-2024,XVFC/2023-24/P/3,2023-05-11,468.0
10448,10593.0,119862,2023-2024,XVFC/2023-24/P/3,2023-05-11,1711.0
10448,10593.0,119862,2023-2024,XVFC/2023-24/P/3,2023-05-11,47611.0
10449,10594.0,119862,2023-2024,XVFC/2023-24/P/4,2023-05-11,30.0
10449,10594.0,119862,2023-2024,XVFC/2023-24/P/4,2023-05-11,475.0
10449,10594.0,119862,2023-2024,XVFC/2023-24/P/4,2023-05-11,575.0
10449,10594.0,119862,2023-2024,XVFC/2023-24/P/4,2023-05-11,58716.0
10450,10595.0,119862,2023-2024,XVFC/2023-24/P/5,2023-05-11,220.0
10450,10595.0,119862,2023-2024,XVFC/2023-24/P/5,2023-05-11,506.0
10450,10595.0,119862,2023-2024,XVFC/2023-24/P/5,2023-05-11,2252.0
10450,10595.0,119862,2023-2024,XVFC/2023-24/P/5,2023-05-11,47022.0
10451,10591.0,119862,2023-2024,XVFC/2023-24/P/1,2023-04-06,395.0
10451,10591.0,119862,2023-2024,XVFC/2023-24/P/1,2023-04-06,917.0
10451,10591.0,119862,2023-2024,XVFC/2023-24/P/1,2023-04-06,4223.0
10451,10591.0,119862,2023-2024,XVFC/2023-24/P/1,2023-04-06,94465.0
10452,10592.0,119862,2023-2024,XVFC/2023-24/P/2,2023-04-06,90.0
10452,10592.0,119862,2023-2024,XVFC/2023-24/P/2,2023-04-06,921.0
10452,10592.0,119862,2023-2024,XVFC/2023-24/P/2,2023-04-06,1432.0
10452,10592.0,119862,2023-2024,XVFC/2023-24/P/2,2023-04-06,97557.0
10453,10663.0,119862,2022-2023,XVFC/2022-23/P/7,2023-01-13,400000.0
10454,10664.0,119862,2022-2023,XVFC/2022-23/P/8,2023-01-13,100000.0
10455,10653.0,119862,2022-2023,5THSFC/2022-23/P/12,2022-09-30,6000.0
10455,10654.0,119862,2022-2023,5THSFC/2022-23/P/13,2022-09-30,6000.0
10455,10655.0,119862,2022-2023,5THSFC/2022-23/P/14,2022-09-30,6000.0
10455,10665.0,119862,2022-2023,5THSFC/2022-23/P/17,2023-01-20,6000.0
10455,10692.0,119862,2022-2023,5THSFC/2022-23/P/27,2023-03-30,2000.0
10455,10695.0,119862,2022-2023,5THSFC/2022-23/P/30,2023-03-30,4000.0
10456,10666.0,119862,2022-2023,5THSFC/2022-23/P/18,2023-01-20,6000.0
10456,10693.0,119862,2022-2023,5THSFC/2022-23/P/28,2023-03-30,2000.0
10456,10694.0,119862,2022-2023,5THSFC/2022-23/P/29,2023-03-30,4000.0
10456,10411.0,119862,2025-2026,5THSFC/2025-26/P/6,2025-09-16,3250.0
10456,10411.0,119862,2025-2026,5THSFC/2025-26/P/6,2025-09-16,6500.0
10456,10411.0,119862,2025-2026,5THSFC/2025-26/P/6,2025-09-16,13000.0
10459,10658.0,119862,2022-2023,5THSFC/2022-23/P/15,2022-11-16,100000.0
10461,10643.0,119862,2022-2023,XVFC/2022-23/P/2,2022-08-23,9500.0
10461,10603.0,119862,2023-2024,XVFC/2023-24/P/7,2023-08-14,15000.0
10461,,119862,2026-2027,XVFC/2026-27/P/23,2026-05-18,4332.0
10461,,119862,2026-2027,XVFC/2026-27/P/24,2026-05-18,1048.0
10462,10646.0,119862,2022-2023,5THSFC/2022-23/P/8,2022-09-08,95108.0
10463,10648.0,119862,2022-2023,XVFC/2022-23/P/3,2022-09-08,998.0
10463,10648.0,119862,2022-2023,XVFC/2022-23/P/3,2022-09-08,99002.0
10464,10656.0,119862,2022-2023,XVFC/2022-23/P/5,2022-09-30,215.0
10464,10656.0,119862,2022-2023,XVFC/2022-23/P/5,2022-09-30,1000.0
10464,10656.0,119862,2022-2023,XVFC/2022-23/P/5,2022-09-30,3059.0
10464,10656.0,119862,2022-2023,XVFC/2022-23/P/5,2022-09-30,95726.0
10465,10671.0,119862,2022-2023,XVFC/2022-23/P/11,2023-01-31,100.0
10465,10671.0,119862,2022-2023,XVFC/2022-23/P/11,2023-01-31,463.0
10465,10671.0,119862,2022-2023,XVFC/2022-23/P/11,2023-01-31,896.0
10465,10671.0,119862,2022-2023,XVFC/2022-23/P/11,2023-01-31,48541.0
10466,10668.0,119862,2022-2023,XVFC/2022-23/P/10,2023-01-24,190.0
10466,10668.0,119862,2022-2023,XVFC/2022-23/P/10,2023-01-24,900.0
10466,10668.0,119862,2022-2023,XVFC/2022-23/P/10,2023-01-24,1625.0
10466,10668.0,119862,2022-2023,XVFC/2022-23/P/10,2023-01-24,97285.0
10467,10669.0,119862,2022-2023,5THSFC/2022-23/P/19,2023-01-31,108418.0
10467,10670.0,119862,2022-2023,5THSFC/2022-23/P/20,2023-01-31,22419.0
10467,10605.0,119862,2023-2024,5THSFC/2023-24/P/3,2023-12-16,8064.0
10467,10606.0,119862,2023-2024,5THSFC/2023-24/P/4,2023-12-16,12856.0
10467,10612.0,119862,2023-2024,5THSFC/2023-24/P/7,2024-03-22,226683.0
10468,10686.0,119862,2022-2023,5THSFC/2022-23/P/22,2023-03-10,1000.0
10468,10686.0,119862,2022-2023,5THSFC/2022-23/P/22,2023-03-10,7946.0
10468,10686.0,119862,2022-2023,5THSFC/2022-23/P/22,2023-03-10,91054.0
10469,10674.0,119862,2022-2023,XVFC/2022-23/P/12,2023-02-20,17251.0
10470,10672.0,119862,2022-2023,5THSFC/2022-23/P/21,2023-02-20,97751.0
10471,10684.0,119862,2022-2023,XVFC/2022-23/P/13,2023-02-21,185.0
10471,10684.0,119862,2022-2023,XVFC/2022-23/P/13,2023-02-21,892.0
10471,10684.0,119862,2022-2023,XVFC/2022-23/P/13,2023-02-21,1476.0
10471,10684.0,119862,2022-2023,XVFC/2022-23/P/13,2023-02-21,97447.0
10473,10416.0,119862,2025-2026,XVFC/2025-26/P/32,2025-10-15,6259.0
10473,10417.0,119862,2025-2026,XVFC/2025-26/P/33,2025-10-15,684.0
10473,10418.0,119862,2025-2026,XVFC/2025-26/P/34,2025-10-15,11386.0
10473,10419.0,119862,2025-2026,XVFC/2025-26/P/35,2025-10-15,39578.0
10473,10420.0,119862,2025-2026,XVFC/2025-26/P/36,2025-10-15,6333.0
10473,10421.0,119862,2025-2026,XVFC/2025-26/P/37,2025-10-15,14206.0
10473,10422.0,119862,2025-2026,XVFC/2025-26/P/38,2025-10-15,7933.0
10473,10423.0,119862,2025-2026,XVFC/2025-26/P/39,2025-10-15,6278.0
10473,10424.0,119862,2025-2026,XVFC/2025-26/P/40,2025-10-15,442.0
10473,10425.0,119862,2025-2026,XVFC/2025-26/P/41,2025-10-15,18105.0
10473,10426.0,119862,2025-2026,XVFC/2025-26/P/42,2025-10-15,9394.0
10473,10427.0,119862,2025-2026,XVFC/2025-26/P/43,2025-10-15,5966.0
10473,10428.0,119862,2025-2026,XVFC/2025-26/P/44,2025-10-15,320.0
10473,10429.0,119862,2025-2026,XVFC/2025-26/P/45,2025-10-15,375.0
10473,10430.0,119862,2025-2026,XVFC/2025-26/P/46,2025-10-15,2883.0
10473,10431.0,119862,2025-2026,XVFC/2025-26/P/47,2025-10-15,2999.0
10475,10596.0,119862,2023-2024,XVFC/2023-24/P/6,2023-05-29,75.0
10475,10596.0,119862,2023-2024,XVFC/2023-24/P/6,2023-05-29,443.0
10475,10596.0,119862,2023-2024,XVFC/2023-24/P/6,2023-05-29,664.0
10475,10596.0,119862,2023-2024,XVFC/2023-24/P/6,2023-05-29,48818.0
10476,10549.0,119862,2024-2025,XVFC/2024-25/P/10,2024-10-04,6000.0
10482,10569.0,119862,2024-2025,5THSFC/2024-25/P/13,2025-02-17,100000.0
10483,10415.0,119862,2025-2026,5THSFC/2025-26/P/8,2025-09-25,60000.0
10484,10573.0,119862,2024-2025,XVFC/2024-25/P/22,2025-02-24,909.0
10484,10573.0,119862,2024-2025,XVFC/2024-25/P/22,2025-02-24,1518.0
10484,10573.0,119862,2024-2025,XVFC/2024-25/P/22,2025-02-24,97433.0
10485,10380.0,119862,2025-2026,XVFC/2025-26/P/2,2025-05-15,926.0
10485,10380.0,119862,2025-2026,XVFC/2025-26/P/2,2025-05-15,1558.0
10485,10380.0,119862,2025-2026,XVFC/2025-26/P/2,2025-05-15,97371.0
10486,10550.0,119862,2024-2025,XVFC/2024-25/P/8,2024-10-04,59325.0
10488,10552.0,119862,2024-2025,XVFC/2024-25/P/11,2024-10-05,20000.0
10489,10576.0,119862,2024-2025,5THSFC/2024-25/P/16,2025-03-14,479.0
10489,10576.0,119862,2024-2025,5THSFC/2024-25/P/16,2025-03-14,2534.0
10489,10576.0,119862,2024-2025,5THSFC/2024-25/P/16,2025-03-14,46772.0
10571,10544.0,119862,2024-2025,5THSFC/2024-25/P/3,2024-07-30,1000.0
10571,10544.0,119862,2024-2025,5THSFC/2024-25/P/3,2024-07-30,7748.0
10571,10544.0,119862,2024-2025,5THSFC/2024-25/P/3,2024-07-30,90847.0
10577,10539.0,119862,2024-2025,5THSFC/2024-25/P/2,2024-06-14,422.0
10577,10539.0,119862,2024-2025,5THSFC/2024-25/P/2,2024-06-14,49578.0
10578,10538.0,119862,2024-2025,5THSFC/2024-25/P/1,2024-06-14,446.0
10578,10538.0,119862,2024-2025,5THSFC/2024-25/P/1,2024-06-14,2189.0
10578,10538.0,119862,2024-2025,5THSFC/2024-25/P/1,2024-06-14,47300.0
10579,10541.0,119862,2024-2025,XVFC/2024-25/P/2,2024-06-14,1000.0
10579,10541.0,119862,2024-2025,XVFC/2024-25/P/2,2024-06-14,5559.0
10579,10541.0,119862,2024-2025,XVFC/2024-25/P/2,2024-06-14,93121.0
10580,10540.0,119862,2024-2025,XVFC/2024-25/P/1,2024-06-14,928.0
10580,10540.0,119862,2024-2025,XVFC/2024-25/P/1,2024-06-14,1590.0
10580,10540.0,119862,2024-2025,XVFC/2024-25/P/1,2024-06-14,97402.0
10581,10542.0,119862,2024-2025,XVFC/2024-25/P/3,2024-06-14,400000.0
10587,10545.0,119862,2024-2025,XVFC/2024-25/P/5,2024-09-20,874.0
10587,10545.0,119862,2024-2025,XVFC/2024-25/P/5,2024-09-20,2818.0
10587,10545.0,119862,2024-2025,XVFC/2024-25/P/5,2024-09-20,91731.0
10590,10548.0,119862,2024-2025,5THSFC/2024-25/P/4,2024-10-04,6000.0
10609,10575.0,119862,2024-2025,5THSFC/2024-25/P/15,2025-03-14,904.0
10609,10575.0,119862,2024-2025,5THSFC/2024-25/P/15,2025-03-14,1361.0
10609,10575.0,119862,2024-2025,5THSFC/2024-25/P/15,2025-03-14,97695.0
10613,10476.0,119862,2025-2026,5THSFC/2025-26/P/12,2026-01-14,75.0
10613,10476.0,119862,2025-2026,5THSFC/2025-26/P/12,2026-01-14,150.0
10613,10476.0,119862,2025-2026,5THSFC/2025-26/P/12,2026-01-14,168.0
10613,10476.0,119862,2025-2026,5THSFC/2025-26/P/12,2026-01-14,1000.0
10613,10476.0,119862,2025-2026,5THSFC/2025-26/P/12,2026-01-14,3492.0
10613,10476.0,119862,2025-2026,5THSFC/2025-26/P/12,2026-01-14,85115.0
10613,10479.0,119862,2025-2026,5THSFC/2025-26/P/13,2026-01-26,10000.0
10614,10555.0,119862,2024-2025,XVFC/2024-25/P/14,2024-11-11,30000.0
10662,10604.0,119862,2023-2024,XVFC/2023-24/P/8,2023-10-19,12000.0
10662,10608.0,119862,2023-2024,XVFC/2023-24/P/9,2024-01-29,6000.0
10662,10614.0,119862,2023-2024,XVFC/2023-24/P/13,2024-03-27,4000.0
10663,10557.0,119862,2024-2025,5THSFC/2024-25/P/6,2024-12-13,913.0
10663,10557.0,119862,2024-2025,5THSFC/2024-25/P/6,2024-12-13,1520.0
10663,10557.0,119862,2024-2025,5THSFC/2024-25/P/6,2024-12-13,97497.0
10664,10558.0,119862,2024-2025,5THSFC/2024-25/P/7,2024-12-13,902.0
10664,10558.0,119862,2024-2025,5THSFC/2024-25/P/7,2024-12-13,1028.0
10664,10558.0,119862,2024-2025,5THSFC/2024-25/P/7,2024-12-13,97965.0
10665,10609.0,119862,2023-2024,XVFC/2023-24/P/10,2024-02-23,1051.0
10665,10609.0,119862,2023-2024,XVFC/2023-24/P/10,2024-02-23,88949.0
10665,10611.0,119862,2023-2024,XVFC/2023-24/P/12,2024-02-28,10058.0
10666,10561.0,119862,2024-2025,XVFC/2024-25/P/17,2024-12-21,1000.0
10666,10561.0,119862,2024-2025,XVFC/2024-25/P/17,2024-12-21,3112.0
10666,10561.0,119862,2024-2025,XVFC/2024-25/P/17,2024-12-21,95718.0
10667,10619.0,119862,2023-2024,XVFC/2023-24/P/14,2024-03-28,970.0
10667,10619.0,119862,2023-2024,XVFC/2023-24/P/14,2024-03-28,20052.0
10667,10619.0,119862,2023-2024,XVFC/2023-24/P/14,2024-03-28,76988.0
10667,10543.0,119862,2024-2025,XVFC/2024-25/P/4,2024-06-22,1005.0
10667,10543.0,119862,2024-2025,XVFC/2024-25/P/4,2024-06-22,20772.0
10667,10543.0,119862,2024-2025,XVFC/2024-25/P/4,2024-06-22,78223.0
10668,10618.0,119862,2023-2024,5THSFC/2023-24/P/9,2024-03-28,459.0
10668,10618.0,119862,2023-2024,5THSFC/2023-24/P/9,2024-03-28,1094.0
10668,10618.0,119862,2023-2024,5THSFC/2023-24/P/9,2024-03-28,48362.0
10670,10383.0,119862,2025-2026,XVFC/2025-26/P/5,2025-07-24,18000.0
10670,10391.0,119862,2025-2026,XVFC/2025-26/P/12,2025-07-28,2000.0
10671,10381.0,119862,2025-2026,XVFC/2025-26/P/3,2025-07-24,70238.0
10671,10389.0,119862,2025-2026,XVFC/2025-26/P/10,2025-07-28,7805.0
10672,10382.0,119862,2025-2026,XVFC/2025-26/P/4,2025-07-24,9000.0
10672,10390.0,119862,2025-2026,XVFC/2025-26/P/11,2025-07-28,1000.0
10673,,119862,2026-2027,XVFC/2026-27/P/39,2026-07-14,90000.0
10673,,119862,2026-2027,XVFC/2026-27/P/45,2026-07-15,997.0
10673,,119862,2026-2027,XVFC/2026-27/P/45,2026-07-15,9003.0
10674,10401.0,119862,2025-2026,XVFC/2025-26/P/21,2025-09-11,9497.0
10674,10402.0,119862,2025-2026,XVFC/2025-26/P/22,2025-09-11,100000.0
10674,10403.0,119862,2025-2026,XVFC/2025-26/P/23,2025-09-11,46685.0
10674,10404.0,119862,2025-2026,XVFC/2025-26/P/24,2025-09-11,32952.0
10674,10405.0,119862,2025-2026,XVFC/2025-26/P/25,2025-09-11,49734.0
10674,10406.0,119862,2025-2026,XVFC/2025-26/P/26,2025-09-11,14338.0
10674,10407.0,119862,2025-2026,XVFC/2025-26/P/27,2025-09-11,19571.0
10674,10408.0,119862,2025-2026,XVFC/2025-26/P/28,2025-09-11,28550.0
10674,10437.0,119862,2025-2026,XVFC/2025-26/P/52,2025-11-17,16461.0
10674,10438.0,119862,2025-2026,XVFC/2025-26/P/53,2025-11-17,10521.0
10674,10449.0,119862,2025-2026,XVFC/2025-26/P/64,2025-11-17,157.0
10674,10450.0,119862,2025-2026,XVFC/2025-26/P/65,2025-11-17,53.0
10674,10451.0,119862,2025-2026,XVFC/2025-26/P/66,2025-11-17,50.0
10675,10400.0,119862,2025-2026,XVFC/2025-26/P/20,2025-09-10,2000.0
10675,10400.0,119862,2025-2026,XVFC/2025-26/P/20,2025-09-10,178000.0
10675,10409.0,119862,2025-2026,XVFC/2025-26/P/29,2025-09-12,20000.0
10676,10567.0,119862,2024-2025,5THSFC/2024-25/P/11,2025-02-17,100000.0
10677,10570.0,119862,2024-2025,5THSFC/2024-25/P/14,2025-02-17,59240.0
10678,10565.0,119862,2024-2025,5THSFC/2024-25/P/8,2025-02-03,1000.0
10678,10565.0,119862,2024-2025,5THSFC/2024-25/P/8,2025-02-03,99000.0
10679,10566.0,119862,2024-2025,5THSFC/2024-25/P/9,2025-02-03,500.0
10679,10566.0,119862,2024-2025,5THSFC/2024-25/P/9,2025-02-03,2777.0
10679,10566.0,119862,2024-2025,5THSFC/2024-25/P/9,2025-02-03,46528.0
10680,10377.0,119862,2025-2026,5THSFC/2025-26/P/1,2025-05-15,895.0
10680,10377.0,119862,2025-2026,5THSFC/2025-26/P/1,2025-05-15,1635.0
10680,10377.0,119862,2025-2026,5THSFC/2025-26/P/1,2025-05-15,97430.0
10683,10554.0,119862,2024-2025,XVFC/2024-25/P/13,2024-10-25,27744.0
10683,10554.0,119862,2024-2025,XVFC/2024-25/P/13,2024-10-25,68348.0
10683,10554.0,119862,2024-2025,XVFC/2024-25/P/13,2024-10-25,169123.0
10683,10563.0,119862,2024-2025,XVFC/2024-25/P/19,2024-12-30,9064.0
10683,10571.0,119862,2024-2025,XVFC/2024-25/P/20,2025-02-17,147146.0
10793,10546.0,119862,2024-2025,XVFC/2024-25/P/6,2024-09-27,18950.0
10793,10547.0,119862,2024-2025,XVFC/2024-25/P/7,2024-09-30,6300.0
10793,10562.0,119862,2024-2025,XVFC/2024-25/P/18,2024-12-30,9750.0
10793,10580.0,119862,2024-2025,XVFC/2024-25/P/27,2025-03-26,6500.0
10794,10553.0,119862,2024-2025,XVFC/2024-25/P/12,2024-10-18,30000.0
10796,10387.0,119862,2025-2026,XVFC/2025-26/P/9,2025-07-24,27000.0
10796,10395.0,119862,2025-2026,XVFC/2025-26/P/16,2025-07-28,3000.0
10797,10385.0,119862,2025-2026,XVFC/2025-26/P/7,2025-07-24,108000.0
10797,10393.0,119862,2025-2026,XVFC/2025-26/P/14,2025-07-28,12000.0
10798,10386.0,119862,2025-2026,XVFC/2025-26/P/8,2025-07-24,740.0
10798,10386.0,119862,2025-2026,XVFC/2025-26/P/8,2025-07-24,2479.0
10798,10386.0,119862,2025-2026,XVFC/2025-26/P/8,2025-07-24,77551.0
10798,10394.0,119862,2025-2026,XVFC/2025-26/P/15,2025-07-28,9000.0
10800,10559.0,119862,2024-2025,XVFC/2024-25/P/15,2024-12-13,1363.0
10800,10559.0,119862,2024-2025,XVFC/2024-25/P/15,2024-12-13,2340.0
10800,10559.0,119862,2024-2025,XVFC/2024-25/P/15,2024-12-13,146147.0
10802,10579.0,119862,2024-2025,XVFC/2024-25/P/26,2025-03-14,1922.0
10802,10579.0,119862,2024-2025,XVFC/2024-25/P/26,2025-03-14,6868.0
10802,10579.0,119862,2024-2025,XVFC/2024-25/P/26,2025-03-14,190770.0
10806,10556.0,119862,2024-2025,5THSFC/2024-25/P/5,2024-11-22,495.0
10806,10556.0,119862,2024-2025,5THSFC/2024-25/P/5,2024-11-22,49505.0
10932,10388.0,119862,2025-2026,5THSFC/2025-26/P/3,2025-07-28,710.0
10932,10388.0,119862,2025-2026,5THSFC/2025-26/P/3,2025-07-28,449290.0
10932,10397.0,119862,2025-2026,5THSFC/2025-26/P/4,2025-07-30,50000.0
10933,10384.0,119862,2025-2026,XVFC/2025-26/P/6,2025-07-24,469.0
10933,10384.0,119862,2025-2026,XVFC/2025-26/P/6,2025-07-24,2068.0
10933,10384.0,119862,2025-2026,XVFC/2025-26/P/6,2025-07-24,42303.0
10933,10392.0,119862,2025-2026,XVFC/2025-26/P/13,2025-07-28,5900.0
10934,10456.0,119862,2025-2026,XVFC/2025-26/P/71,2025-11-22,85.0
10934,10456.0,119862,2025-2026,XVFC/2025-26/P/71,2025-11-22,894.0
10934,10456.0,119862,2025-2026,XVFC/2025-26/P/71,2025-11-22,988.0
10934,10456.0,119862,2025-2026,XVFC/2025-26/P/71,2025-11-22,88033.0
10934,10458.0,119862,2025-2026,XVFC/2025-26/P/73,2025-11-24,10000.0
10935,10568.0,119862,2024-2025,5THSFC/2024-25/P/12,2025-02-17,35000.0
10936,10410.0,119862,2025-2026,5THSFC/2025-26/P/5,2025-09-15,305.0
10936,10410.0,119862,2025-2026,5THSFC/2025-26/P/5,2025-09-15,932.0
10936,10410.0,119862,2025-2026,5THSFC/2025-26/P/5,2025-09-15,4238.0
10936,10410.0,119862,2025-2026,5THSFC/2025-26/P/5,2025-09-15,84525.0
10936,10412.0,119862,2025-2026,5THSFC/2025-26/P/7,2025-09-17,10000.0
10937,10413.0,119862,2025-2026,XVFC/2025-26/P/30,2025-09-18,400.0
10937,10413.0,119862,2025-2026,XVFC/2025-26/P/30,2025-09-18,1000.0
10937,10413.0,119862,2025-2026,XVFC/2025-26/P/30,2025-09-18,4821.0
10937,10413.0,119862,2025-2026,XVFC/2025-26/P/30,2025-09-18,83779.0
10937,10414.0,119862,2025-2026,XVFC/2025-26/P/31,2025-09-21,10000.0
10938,10564.0,119862,2024-2025,5THSFC/2024-25/P/10,2025-02-03,958.0
10938,10564.0,119862,2024-2025,5THSFC/2024-25/P/10,2025-02-03,4886.0
10938,10564.0,119862,2024-2025,5THSFC/2024-25/P/10,2025-02-03,93866.0
10939,10577.0,119862,2024-2025,XVFC/2024-25/P/24,2025-03-14,911.0
10939,10577.0,119862,2024-2025,XVFC/2024-25/P/24,2025-03-14,1368.0
10939,10577.0,119862,2024-2025,XVFC/2024-25/P/24,2025-03-14,97681.0
10940,10578.0,119862,2024-2025,XVFC/2024-25/P/25,2025-03-14,919.0
10940,10578.0,119862,2024-2025,XVFC/2024-25/P/25,2025-03-14,1731.0
10940,10578.0,119862,2024-2025,XVFC/2024-25/P/25,2025-03-14,97245.0
10941,10572.0,119862,2024-2025,XVFC/2024-25/P/21,2025-02-24,1248.0
10941,10572.0,119862,2024-2025,XVFC/2024-25/P/21,2025-02-24,1271.0
10941,10572.0,119862,2024-2025,XVFC/2024-25/P/21,2025-02-24,47431.0
10942,10574.0,119862,2024-2025,XVFC/2024-25/P/23,2025-02-24,1248.0
10942,10574.0,119862,2024-2025,XVFC/2024-25/P/23,2025-02-24,3637.0
10942,10574.0,119862,2024-2025,XVFC/2024-25/P/23,2025-02-24,94790.0
10943,10379.0,119862,2025-2026,XVFC/2025-26/P/1,2025-05-15,485.0
10943,10379.0,119862,2025-2026,XVFC/2025-26/P/1,2025-05-15,48517.0
10943,10396.0,119862,2025-2026,XVFC/2025-26/P/17,2025-07-29,1369.0
10943,10396.0,119862,2025-2026,XVFC/2025-26/P/17,2025-07-29,135304.0
10944,10378.0,119862,2025-2026,5THSFC/2025-26/P/2,2025-05-15,929.0
10944,10378.0,119862,2025-2026,5THSFC/2025-26/P/2,2025-05-15,4624.0
10944,10378.0,119862,2025-2026,5THSFC/2025-26/P/2,2025-05-15,94172.0
10945,,119862,2026-2027,5THSFC/2026-27/P/6,2026-06-18,38642.0
10946,10530.0,119862,2025-2026,XVFC/2025-26/P/129,2026-03-24,6009.0
10946,10530.0,119862,2025-2026,XVFC/2025-26/P/129,2026-03-24,9750.0
10947,10481.0,119862,2025-2026,XVFC/2025-26/P/93,2026-01-26,13000.0
10996,,119862,2026-2027,XVFC/2026-27/P/43,2026-07-14,62809.0
10996,,119862,2026-2027,XVFC/2026-27/P/49,2026-07-15,245.0
10996,,119862,2026-2027,XVFC/2026-27/P/49,2026-07-15,680.0
10996,,119862,2026-2027,XVFC/2026-27/P/49,2026-07-15,2661.0
10996,,119862,2026-2027,XVFC/2026-27/P/49,2026-07-15,3393.0
10997,,119862,2026-2027,XVFC/2026-27/P/41,2026-07-14,16216.0
10997,,119862,2026-2027,XVFC/2026-27/P/47,2026-07-15,70.0
10997,,119862,2026-2027,XVFC/2026-27/P/47,2026-07-15,80.0
10997,,119862,2026-2027,XVFC/2026-27/P/47,2026-07-15,176.0
10997,,119862,2026-2027,XVFC/2026-27/P/47,2026-07-15,735.0
10997,,119862,2026-2027,XVFC/2026-27/P/47,2026-07-15,741.0
10998,,119862,2026-2027,XVFC/2026-27/P/40,2026-07-14,15951.0
10998,,119862,2026-2027,XVFC/2026-27/P/46,2026-07-15,70.0
10998,,119862,2026-2027,XVFC/2026-27/P/46,2026-07-15,176.0
10998,,119862,2026-2027,XVFC/2026-27/P/46,2026-07-15,741.0
10998,,119862,2026-2027,XVFC/2026-27/P/46,2026-07-15,786.0
10999,,119862,2026-2027,XVFC/2026-27/P/42,2026-07-14,100787.0
10999,,119862,2026-2027,XVFC/2026-27/P/48,2026-07-15,385.0
10999,,119862,2026-2027,XVFC/2026-27/P/48,2026-07-15,1061.0
10999,,119862,2026-2027,XVFC/2026-27/P/48,2026-07-15,4262.0
10999,,119862,2026-2027,XVFC/2026-27/P/48,2026-07-15,5491.0
11000,,119862,2026-2027,XVFC/2026-27/P/29,2026-05-30,46935.0
11000,,119862,2026-2027,XVFC/2026-27/P/34,2026-06-03,50.0
11000,,119862,2026-2027,XVFC/2026-27/P/34,2026-06-03,475.0
11000,,119862,2026-2027,XVFC/2026-27/P/34,2026-06-03,724.0
11000,,119862,2026-2027,XVFC/2026-27/P/34,2026-06-03,3967.0
11017,10511.0,119862,2025-2026,5THSFC/2025-26/P/14,2026-02-27,39208.0
11017,10522.0,119862,2025-2026,5THSFC/2025-26/P/27,2026-03-10,11006.0
11017,,119862,2026-2027,5THSFC/2026-27/P/3,2026-06-18,3889.0
11017,,119862,2026-2027,5THSFC/2026-27/P/4,2026-06-18,307.0
11017,,119862,2026-2027,5THSFC/2026-27/P/5,2026-06-18,369.0
11018,,119862,2026-2027,XVFC/2026-27/P/32,2026-05-30,135000.0
11018,,119862,2026-2027,XVFC/2026-27/P/33,2026-06-03,115.0
11018,,119862,2026-2027,XVFC/2026-27/P/33,2026-06-03,1355.0
11018,,119862,2026-2027,XVFC/2026-27/P/33,2026-06-03,1705.0
11018,,119862,2026-2027,XVFC/2026-27/P/33,2026-06-03,11825.0
11037,10498.0,119862,2025-2026,XVFC/2025-26/P/110,2026-02-12,42380.0
11037,10499.0,119862,2025-2026,XVFC/2025-26/P/111,2026-02-12,5738.0
11037,10500.0,119862,2025-2026,XVFC/2025-26/P/112,2026-02-12,3729.0
11037,,119862,2026-2027,XVFC/2026-27/P/38,2026-06-17,5677.0
11039,10434.0,119862,2025-2026,XVFC/2025-26/P/49,2025-11-10,4546.0
11039,10434.0,119862,2025-2026,XVFC/2025-26/P/49,2025-11-10,19897.0
11039,10434.0,119862,2025-2026,XVFC/2025-26/P/49,2025-11-10,22750.0
11039,10453.0,119862,2025-2026,XVFC/2025-26/P/68,2025-11-17,5244.0
11040,10482.0,119862,2025-2026,XVFC/2025-26/P/94,2026-01-26,838.0
11040,10482.0,119862,2025-2026,XVFC/2025-26/P/94,2026-01-26,6500.0
11040,10482.0,119862,2025-2026,XVFC/2025-26/P/94,2026-01-26,13000.0
11040,10531.0,119862,2025-2026,XVFC/2025-26/P/130,2026-03-24,3273.0
11041,10439.0,119862,2025-2026,XVFC/2025-26/P/54,2025-11-17,8869.0
11041,10440.0,119862,2025-2026,XVFC/2025-26/P/55,2025-11-17,14767.0
11041,10441.0,119862,2025-2026,XVFC/2025-26/P/56,2025-11-17,468.0
11041,10442.0,119862,2025-2026,XVFC/2025-26/P/57,2025-11-17,300.0
11041,10443.0,119862,2025-2026,XVFC/2025-26/P/58,2025-11-17,300.0
11041,10444.0,119862,2025-2026,XVFC/2025-26/P/59,2025-11-17,13388.0
11041,10445.0,119862,2025-2026,XVFC/2025-26/P/60,2025-11-17,2436.0
11041,10446.0,119862,2025-2026,XVFC/2025-26/P/61,2025-11-17,5847.0
11041,10447.0,119862,2025-2026,XVFC/2025-26/P/62,2025-11-17,39825.0
11041,10448.0,119862,2025-2026,XVFC/2025-26/P/63,2025-11-17,5958.0
11041,10459.0,119862,2025-2026,XVFC/2025-26/P/74,2025-12-15,37388.0
11041,10460.0,119862,2025-2026,XVFC/2025-26/P/75,2025-12-15,6848.0
11041,10461.0,119862,2025-2026,XVFC/2025-26/P/76,2025-12-15,3181.0
11041,10462.0,119862,2025-2026,XVFC/2025-26/P/77,2025-12-15,5882.0
11041,10463.0,119862,2025-2026,XVFC/2025-26/P/78,2025-12-15,5474.0
11041,10464.0,119862,2025-2026,XVFC/2025-26/P/79,2025-12-15,300.0
11041,10465.0,119862,2025-2026,XVFC/2025-26/P/80,2025-12-15,300.0
11041,10466.0,119862,2025-2026,XVFC/2025-26/P/81,2025-12-15,16624.0
11041,10467.0,119862,2025-2026,XVFC/2025-26/P/82,2025-12-15,400.0
11041,10468.0,119862,2025-2026,XVFC/2025-26/P/83,2025-12-15,13849.0
11041,10493.0,119862,2025-2026,XVFC/2025-26/P/95,2026-01-30,15237.0
11041,10494.0,119862,2025-2026,XVFC/2025-26/P/96,2026-01-30,17925.0
11041,10495.0,119862,2025-2026,XVFC/2025-26/P/97,2026-01-30,3372.0
11041,10496.0,119862,2025-2026,XVFC/2025-26/P/98,2026-01-30,1603.0
11041,10497.0,119862,2025-2026,XVFC/2025-26/P/99,2026-01-30,300.0
11041,10483.0,119862,2025-2026,XVFC/2025-26/P/100,2026-01-30,300.0
11041,10484.0,119862,2025-2026,XVFC/2025-26/P/101,2026-01-30,600.0
11041,10485.0,119862,2025-2026,XVFC/2025-26/P/102,2026-01-30,3319.0
11041,10486.0,119862,2025-2026,XVFC/2025-26/P/103,2026-01-30,1026.0
11041,10487.0,119862,2025-2026,XVFC/2025-26/P/104,2026-01-30,1950.0
11041,10488.0,119862,2025-2026,XVFC/2025-26/P/105,2026-01-30,10423.0
11041,10489.0,119862,2025-2026,XVFC/2025-26/P/106,2026-01-30,100.0
11041,10490.0,119862,2025-2026,XVFC/2025-26/P/107,2026-01-30,100.0
11041,10491.0,119862,2025-2026,XVFC/2025-26/P/108,2026-01-30,6029.0
11041,10492.0,119862,2025-2026,XVFC/2025-26/P/109,2026-01-30,2519.0
11041,10501.0,119862,2025-2026,XVFC/2025-26/P/113,2026-02-12,17461.0
11041,10502.0,119862,2025-2026,XVFC/2025-26/P/114,2026-02-12,18592.0
11041,10503.0,119862,2025-2026,XVFC/2025-26/P/115,2026-02-12,1459.0
11041,10504.0,119862,2025-2026,XVFC/2025-26/P/116,2026-02-12,600.0
11041,10505.0,119862,2025-2026,XVFC/2025-26/P/117,2026-02-12,600.0
11041,10506.0,119862,2025-2026,XVFC/2025-26/P/118,2026-02-12,169.0
11041,10507.0,119862,2025-2026,XVFC/2025-26/P/119,2026-02-12,1088.0
11041,10508.0,119862,2025-2026,XVFC/2025-26/P/120,2026-02-12,1088.0
11041,10509.0,119862,2025-2026,XVFC/2025-26/P/121,2026-02-12,2373.0
11041,10510.0,119862,2025-2026,XVFC/2025-26/P/122,2026-02-12,6315.0
11041,10523.0,119862,2025-2026,XVFC/2025-26/P/123,2026-03-10,11006.0
11041,,119862,2026-2027,XVFC/2026-27/P/36,2026-06-17,3801.0
11041,,119862,2026-2027,XVFC/2026-27/P/37,2026-06-17,1465.0
11053,,119862,2026-2027,XVFC/2026-27/P/31,2026-05-30,1299.0
11053,,119862,2026-2027,XVFC/2026-27/P/31,2026-05-30,129911.0
11053,,119862,2026-2027,XVFC/2026-27/P/44,2026-07-14,709.0
11053,,119862,2026-2027,XVFC/2026-27/P/44,2026-07-14,69377.0
11058,,119862,2026-2027,5THSFC/2026-27/P/8,2026-06-18,13686.0
11058,,119862,2026-2027,5THSFC/2026-27/P/9,2026-06-18,13684.0
11068,10473.0,119862,2025-2026,XVFC/2025-26/P/88,2026-01-02,25.0
11068,10473.0,119862,2025-2026,XVFC/2025-26/P/88,2026-01-02,51.0
11068,10473.0,119862,2025-2026,XVFC/2025-26/P/88,2026-01-02,80.0
11068,10473.0,119862,2025-2026,XVFC/2025-26/P/88,2026-01-02,235.0
11068,10473.0,119862,2025-2026,XVFC/2025-26/P/88,2026-01-02,506.0
11068,10473.0,119862,2025-2026,XVFC/2025-26/P/88,2026-01-02,792.0
11068,10473.0,119862,2025-2026,XVFC/2025-26/P/88,2026-01-02,19323.0
11068,10477.0,119862,2025-2026,XVFC/2025-26/P/90,2026-01-14,2335.0
11142,10469.0,119862,2025-2026,XVFC/2025-26/P/84,2025-12-17,1500.0
11142,10469.0,119862,2025-2026,XVFC/2025-26/P/84,2025-12-17,3093.0
11142,10469.0,119862,2025-2026,XVFC/2025-26/P/84,2025-12-17,130407.0
11142,10470.0,119862,2025-2026,XVFC/2025-26/P/86,2025-12-21,154.0
11142,10470.0,119862,2025-2026,XVFC/2025-26/P/86,2025-12-21,309.0
11142,10470.0,119862,2025-2026,XVFC/2025-26/P/86,2025-12-21,412.0
11142,10470.0,119862,2025-2026,XVFC/2025-26/P/86,2025-12-21,4498.0
11142,10470.0,119862,2025-2026,XVFC/2025-26/P/86,2025-12-21,9627.0
11144,10474.0,119862,2025-2026,XVFC/2025-26/P/89,2026-01-02,16.0
11144,10474.0,119862,2025-2026,XVFC/2025-26/P/89,2026-01-02,22.0
11144,10474.0,119862,2025-2026,XVFC/2025-26/P/89,2026-01-02,46.0
11144,10474.0,119862,2025-2026,XVFC/2025-26/P/89,2026-01-02,220.0
11144,10474.0,119862,2025-2026,XVFC/2025-26/P/89,2026-01-02,456.0
11144,10474.0,119862,2025-2026,XVFC/2025-26/P/89,2026-01-02,770.0
11144,10474.0,119862,2025-2026,XVFC/2025-26/P/89,2026-01-02,67560.0
11144,10478.0,119862,2025-2026,XVFC/2025-26/P/91,2026-01-14,7677.0
11152,10433.0,119862,2025-2026,XVFC/2025-26/P/48,2025-11-10,18204.0
11152,10433.0,119862,2025-2026,XVFC/2025-26/P/48,2025-11-10,22750.0
11152,10452.0,119862,2025-2026,XVFC/2025-26/P/67,2025-11-17,12134.0
11153,10435.0,119862,2025-2026,XVFC/2025-26/P/50,2025-11-10,47107.0
11153,10454.0,119862,2025-2026,XVFC/2025-26/P/69,2025-11-17,5235.0
11154,10436.0,119862,2025-2026,XVFC/2025-26/P/51,2025-11-10,746.0
11154,10455.0,119862,2025-2026,XVFC/2025-26/P/70,2025-11-17,137.0
11154,10529.0,119862,2025-2026,XVFC/2025-26/P/128,2026-03-24,468.0
11154,10529.0,119862,2025-2026,XVFC/2025-26/P/128,2026-03-24,9750.0
11154,10529.0,119862,2025-2026,XVFC/2025-26/P/128,2026-03-24,19500.0
11156,10480.0,119862,2025-2026,XVFC/2025-26/P/92,2026-01-26,5662.0
11156,10480.0,119862,2025-2026,XVFC/2025-26/P/92,2026-01-26,6500.0
11160,10471.0,119862,2025-2026,5THSFC/2025-26/P/10,2026-01-02,90.0
11160,10471.0,119862,2025-2026,5THSFC/2025-26/P/10,2026-01-02,846.0
11160,10471.0,119862,2025-2026,5THSFC/2025-26/P/10,2026-01-02,4000.0
11160,10471.0,119862,2025-2026,5THSFC/2025-26/P/10,2026-01-02,355064.0
11160,10475.0,119862,2025-2026,5THSFC/2025-26/P/11,2026-01-14,40000.0
11161,,119862,2026-2027,XVFC/2026-27/P/30,2026-05-30,48420.0
11161,,119862,2026-2027,XVFC/2026-27/P/35,2026-06-03,55.0
11161,,119862,2026-2027,XVFC/2026-27/P/35,2026-06-03,492.0
11161,,119862,2026-2027,XVFC/2026-27/P/35,2026-06-03,773.0
11161,,119862,2026-2027,XVFC/2026-27/P/35,2026-06-03,4060.0
11182,,119862,2026-2027,5THSFC/2026-27/P/7,2026-06-18,5992.0
11183,11495.0,275075,2021-2022,FFC/2021-22/P/13,2021-05-04,42000.0
11184,11505.0,275075,2021-2022,FFC/2021-22/P/16,2021-06-12,83.0
11184,11505.0,275075,2021-2022,FFC/2021-22/P/16,2021-06-12,1110.0
11184,11505.0,275075,2021-2022,FFC/2021-22/P/16,2021-06-12,107537.0
11186,11487.0,275075,2021-2022,FFC/2021-22/P/3,2021-04-15,30000.0
11187,11496.0,275075,2021-2022,FFC/2021-22/P/8,2021-05-04,168000.0
11188,11489.0,275075,2021-2022,FFC/2021-22/P/5,2021-04-15,30000.0
11189,11497.0,275075,2021-2022,FFC/2021-22/P/9,2021-05-04,126000.0
11190,11494.0,275075,2021-2022,FFC/2021-22/P/12,2021-05-04,42000.0
11191,11493.0,275075,2021-2022,FFC/2021-22/P/11,2021-05-04,42000.0
11196,11507.0,275075,2021-2022,FFC/2021-22/P/17,2021-08-13,133.0
11196,11507.0,275075,2021-2022,FFC/2021-22/P/17,2021-08-13,645.0
11196,11507.0,275075,2021-2022,FFC/2021-22/P/17,2021-08-13,62406.0
11196,11432.0,275075,2022-2023,FFC/2022-23/P/1,2022-04-23,44643.0
11196,11436.0,275075,2022-2023,FFC/2022-23/P/2,2022-07-14,45000.0
11196,11438.0,275075,2022-2023,FFC/2022-23/P/4,2022-07-29,18000.0
11196,11439.0,275075,2022-2023,FFC/2022-23/P/5,2022-08-29,15671.0
11196,11446.0,275075,2022-2023,FFC/2022-23/P/8,2022-11-24,109150.0
11196,11368.0,275075,2023-2024,FFC/2023-24/P/4,2023-07-10,61265.0
11197,11509.0,275075,2021-2022,FFC/2021-22/P/18,2021-12-09,111.0
11197,11509.0,275075,2021-2022,FFC/2021-22/P/18,2021-12-09,1199.0
11197,11509.0,275075,2021-2022,FFC/2021-22/P/18,2021-12-09,116106.0
11198,11492.0,275075,2021-2022,FFC/2021-22/P/10,2021-05-04,126000.0
11202,11512.0,275075,2021-2022,FFC/2021-22/P/19,2022-01-03,507.0
11202,11512.0,275075,2021-2022,FFC/2021-22/P/19,2022-01-03,2993.0
11202,11512.0,275075,2021-2022,FFC/2021-22/P/19,2022-01-03,287627.0
11202,11486.0,275075,2021-2022,FFC/2021-22/P/2,2021-04-15,79069.0
11204,11441.0,275075,2022-2023,FFC/2022-23/P/7,2022-09-21,240.0
11204,11441.0,275075,2022-2023,FFC/2022-23/P/7,2022-09-21,602.0
11204,11441.0,275075,2022-2023,FFC/2022-23/P/7,2022-09-21,58163.0
11205,11596.0,275075,2020-2021,FFC/2020-21/P/20,2020-11-27,140650.0
11205,11501.0,275075,2021-2022,FFC/2021-22/P/14,2021-05-13,323626.0
11206,11597.0,275075,2020-2021,XVFC/2020-21/P/1,2020-11-28,47905.0
11206,11000.0,275075,2025-2026,XVFC/2025-26/P/19,2025-08-06,1551.0
11207,11598.0,275075,2020-2021,XVFC/2020-21/P/2,2020-11-28,101849.0
11207,10999.0,275075,2025-2026,XVFC/2025-26/P/18,2025-08-06,3360.0
11208,11599.0,275075,2020-2021,XVFC/2020-21/P/3,2020-11-28,57546.0
11209,11442.0,275075,2022-2023,XVFC/2022-23/P/4,2022-09-27,1834.0
11209,11442.0,275075,2022-2023,XVFC/2022-23/P/4,2022-09-27,177849.0
11209,11007.0,275075,2025-2026,XVFC/2025-26/P/26,2025-08-06,5502.0
11210,11451.0,275075,2022-2023,5THSFC/2022-23/P/2,2023-01-21,3225.0
11210,11451.0,275075,2022-2023,5THSFC/2022-23/P/2,2023-01-21,3414.0
11210,11451.0,275075,2022-2023,5THSFC/2022-23/P/2,2023-01-21,305763.0
11210,11357.0,275075,2023-2024,5THSFC/2023-24/P/1,2023-04-12,2496.0
11210,11357.0,275075,2023-2024,5THSFC/2023-24/P/1,2023-04-12,2705.0
11210,11357.0,275075,2023-2024,5THSFC/2023-24/P/1,2023-04-12,257024.0
11211,11504.0,275075,2021-2022,FFC/2021-22/P/15,2021-06-12,262.0
11211,11504.0,275075,2021-2022,FFC/2021-22/P/15,2021-06-12,1500.0
11211,11504.0,275075,2021-2022,FFC/2021-22/P/15,2021-06-12,143738.0
11212,11508.0,275075,2021-2022,XVFC/2021-22/P/1,2021-10-08,853.0
11212,11508.0,275075,2021-2022,XVFC/2021-22/P/1,2021-10-08,4751.0
11212,11508.0,275075,2021-2022,XVFC/2021-22/P/1,2021-10-08,459556.0
11212,11003.0,275075,2025-2026,XVFC/2025-26/P/22,2025-08-06,14646.0
11212,,275075,2026-2027,XVFC/2026-27/P/20,2026-07-06,210.0
11212,,275075,2026-2027,XVFC/2026-27/P/20,2026-07-06,19984.0
11213,11491.0,275075,2021-2022,FFC/2021-22/P/7,2021-04-15,30000.0
11214,11490.0,275075,2021-2022,FFC/2021-22/P/6,2021-04-15,20000.0
11215,11488.0,275075,2021-2022,FFC/2021-22/P/4,2021-04-15,30000.0
11216,11453.0,275075,2022-2023,XVFC/2022-23/P/11,2023-02-15,113.0
11216,11453.0,275075,2022-2023,XVFC/2022-23/P/11,2023-02-15,600.0
11216,11453.0,275075,2022-2023,XVFC/2022-23/P/11,2023-02-15,57487.0
11216,11004.0,275075,2025-2026,XVFC/2025-26/P/23,2025-08-06,1800.0
11217,11435.0,275075,2022-2023,XVFC/2022-23/P/3,2022-04-26,1500.0
11217,11435.0,275075,2022-2023,XVFC/2022-23/P/3,2022-04-26,144000.0
11217,11013.0,275075,2025-2026,XVFC/2025-26/P/32,2025-08-06,4500.0
11218,11514.0,275075,2021-2022,XVFC/2021-22/P/3,2022-01-03,334.0
11218,11514.0,275075,2021-2022,XVFC/2021-22/P/3,2022-01-03,1750.0
11218,11514.0,275075,2021-2022,XVFC/2021-22/P/3,2022-01-03,167637.0
11218,11005.0,275075,2025-2026,XVFC/2025-26/P/24,2025-08-06,5279.0
11219,11443.0,275075,2022-2023,XVFC/2022-23/P/5,2022-09-27,1150.0
11219,11443.0,275075,2022-2023,XVFC/2022-23/P/5,2022-09-27,110400.0
11219,11016.0,275075,2025-2026,XVFC/2025-26/P/35,2025-08-06,3450.0
11221,11519.0,275075,2021-2022,XVFC/2021-22/P/4,2022-02-01,67993.0
11221,11206.0,275075,2024-2025,XVFC/2024-25/P/1,2024-04-27,75324.0
11222,11440.0,275075,2022-2023,FFC/2022-23/P/6,2022-09-14,2000.0
11222,11440.0,275075,2022-2023,FFC/2022-23/P/6,2022-09-14,192000.0
11230,11047.0,275075,2025-2026,XVFC/2025-26/P/52,2025-12-31,500.0
11230,11047.0,275075,2025-2026,XVFC/2025-26/P/52,2025-12-31,48500.0
11231,11362.0,275075,2023-2024,XVFC/2023-24/P/5,2023-05-22,109.0
11231,11362.0,275075,2023-2024,XVFC/2023-24/P/5,2023-05-22,1001.0
11231,11362.0,275075,2023-2024,XVFC/2023-24/P/5,2023-05-22,95910.0
11231,10998.0,275075,2025-2026,XVFC/2025-26/P/17,2025-08-06,3084.0
11232,11444.0,275075,2022-2023,XVFC/2022-23/P/6,2022-09-27,1340.0
11232,11444.0,275075,2022-2023,XVFC/2022-23/P/6,2022-09-27,128640.0
11232,11002.0,275075,2025-2026,XVFC/2025-26/P/21,2025-08-06,4020.0
11234,11369.0,275075,2023-2024,XVFC/2023-24/P/10,2023-07-10,49965.0
11235,11062.0,275075,2025-2026,XVFC/2025-26/P/63,2026-02-23,1200.0
11235,11062.0,275075,2025-2026,XVFC/2025-26/P/63,2026-02-23,1350.0
11235,11062.0,275075,2025-2026,XVFC/2025-26/P/63,2026-02-23,114081.0
11236,11025.0,275075,2025-2026,XVFC/2025-26/P/42,2025-09-25,870.0
11236,11025.0,275075,2025-2026,XVFC/2025-26/P/42,2025-09-25,3492.0
11236,11025.0,275075,2025-2026,XVFC/2025-26/P/42,2025-09-25,81692.0
11237,11511.0,275075,2021-2022,5THSFC/2021-22/P/2,2022-01-03,127176.0
11237,11515.0,275075,2021-2022,5THSFC/2021-22/P/3,2022-01-04,2000.0
11237,11515.0,275075,2021-2022,5THSFC/2021-22/P/3,2022-01-04,64824.0
11238,11510.0,275075,2021-2022,5THSFC/2021-22/P/1,2022-01-03,1983.0
11238,11510.0,275075,2021-2022,5THSFC/2021-22/P/1,2022-01-03,192378.0
11238,11381.0,275075,2023-2024,5THSFC/2023-24/P/3,2023-08-04,357.0
11238,11381.0,275075,2023-2024,5THSFC/2023-24/P/3,2023-08-04,34340.0
11238,,275075,2026-2027,5THSFC/2026-27/P/5,2026-07-06,85.0
11238,,275075,2026-2027,5THSFC/2026-27/P/5,2026-07-06,8892.0
11239,11513.0,275075,2021-2022,XVFC/2021-22/P/2,2022-01-03,144.0
11239,11513.0,275075,2021-2022,XVFC/2021-22/P/2,2022-01-03,2000.0
11239,11513.0,275075,2021-2022,XVFC/2021-22/P/2,2022-01-03,191691.0
11239,11012.0,275075,2025-2026,XVFC/2025-26/P/31,2025-08-06,6165.0
11240,11433.0,275075,2022-2023,XVFC/2022-23/P/1,2022-04-25,1772.0
11240,11433.0,275075,2022-2023,XVFC/2022-23/P/1,2022-04-25,170094.0
11240,11236.0,275075,2024-2025,XVFC/2024-25/P/24,2025-02-14,61710.0
11240,11009.0,275075,2025-2026,XVFC/2025-26/P/28,2025-08-06,5353.0
11241,11434.0,275075,2022-2023,XVFC/2022-23/P/2,2022-04-26,45.0
11241,11434.0,275075,2022-2023,XVFC/2022-23/P/2,2022-04-26,1000.0
11241,11434.0,275075,2022-2023,XVFC/2022-23/P/2,2022-04-26,95922.0
11241,11010.0,275075,2025-2026,XVFC/2025-26/P/29,2025-08-06,3033.0
11242,11454.0,275075,2022-2023,XVFC/2022-23/P/12,2023-02-28,1409.0
11242,11454.0,275075,2022-2023,XVFC/2022-23/P/12,2023-02-28,18016.0
11242,11217.0,275075,2024-2025,XVFC/2024-25/P/9,2024-11-14,9730.0
11243,11383.0,275075,2023-2024,5THSFC/2023-24/P/4,2023-09-16,525.0
11243,11383.0,275075,2023-2024,5THSFC/2023-24/P/4,2023-09-16,1748.0
11243,11383.0,275075,2023-2024,5THSFC/2023-24/P/4,2023-09-16,167217.0
11243,11053.0,275075,2025-2026,5THSFC/2025-26/P/14,2026-01-22,250.0
11243,11053.0,275075,2025-2026,5THSFC/2025-26/P/14,2026-01-22,1002.0
11243,11053.0,275075,2025-2026,5THSFC/2025-26/P/14,2026-01-22,23342.0
11244,11359.0,275075,2023-2024,XVFC/2023-24/P/2,2023-04-12,3000.0
11244,11359.0,275075,2023-2024,XVFC/2023-24/P/2,2023-04-12,7760.0
11244,11359.0,275075,2023-2024,XVFC/2023-24/P/2,2023-04-12,278864.0
11244,11006.0,275075,2025-2026,XVFC/2025-26/P/25,2025-08-06,10376.0
11245,11026.0,275075,2025-2026,XVFC/2025-26/P/43,2025-09-26,1500.0
11245,11026.0,275075,2025-2026,XVFC/2025-26/P/43,2025-09-26,147000.0
11247,11450.0,275075,2022-2023,5THSFC/2022-23/P/1,2023-01-09,1097.0
11247,11450.0,275075,2022-2023,5THSFC/2022-23/P/1,2023-01-09,106434.0
11247,11231.0,275075,2024-2025,5THSFC/2024-25/P/10,2025-02-14,34362.0
11247,,275075,2026-2027,5THSFC/2026-27/P/1,2026-06-13,960.0
11247,,275075,2026-2027,5THSFC/2026-27/P/1,2026-06-13,95149.0
11248,11360.0,275075,2023-2024,XVFC/2023-24/P/3,2023-05-22,766.0
11248,11360.0,275075,2023-2024,XVFC/2023-24/P/3,2023-05-22,73552.0
11248,11011.0,275075,2025-2026,XVFC/2025-26/P/30,2025-08-06,3064.0
11248,11066.0,275075,2025-2026,XVFC/2025-26/P/66,2026-03-09,19203.0
11249,11361.0,275075,2023-2024,XVFC/2023-24/P/4,2023-05-22,1000.0
11249,11361.0,275075,2023-2024,XVFC/2023-24/P/4,2023-05-22,96000.0
11249,11015.0,275075,2025-2026,XVFC/2025-26/P/34,2025-08-06,3000.0
11250,11448.0,275075,2022-2023,XVFC/2022-23/P/9,2022-12-17,3256.0
11250,11452.0,275075,2022-2023,XVFC/2022-23/P/10,2023-01-24,1409.0
11250,11208.0,275075,2024-2025,XVFC/2024-25/P/3,2024-07-20,12980.0
11250,11211.0,275075,2024-2025,XVFC/2024-25/P/5,2024-08-16,33450.0
11250,11061.0,275075,2025-2026,XVFC/2025-26/P/62,2026-02-17,9796.0
11251,11447.0,275075,2022-2023,XVFC/2022-23/P/8,2022-12-17,246744.0
11254,11445.0,275075,2022-2023,XVFC/2022-23/P/7,2022-11-02,19564.0
11254,11456.0,275075,2022-2023,XVFC/2022-23/P/13,2023-03-24,76792.0
11254,11358.0,275075,2023-2024,XVFC/2023-24/P/1,2023-04-12,520.0
11254,11390.0,275075,2023-2024,XVFC/2023-24/P/13,2023-11-25,1786.0
11254,11407.0,275075,2023-2024,XVFC/2023-24/P/14,2024-03-14,6188.0
11254,11207.0,275075,2024-2025,XVFC/2024-25/P/2,2024-04-27,15242.0
11254,11214.0,275075,2024-2025,XVFC/2024-25/P/6,2024-09-30,28200.0
11258,11230.0,275075,2024-2025,XVFC/2024-25/P/18,2025-01-26,90000.0
11259,11028.0,275075,2025-2026,XVFC/2025-26/P/45,2025-11-20,58500.0
11260,11364.0,275075,2023-2024,XVFC/2023-24/P/6,2023-05-23,254.0
11260,11364.0,275075,2023-2024,XVFC/2023-24/P/6,2023-05-23,794.0
11260,11364.0,275075,2023-2024,XVFC/2023-24/P/6,2023-05-23,75926.0
11260,11373.0,275075,2023-2024,XVFC/2023-24/P/12,2023-07-15,737.0
11260,11373.0,275075,2023-2024,XVFC/2023-24/P/12,2023-07-15,1186.0
11260,11373.0,275075,2023-2024,XVFC/2023-24/P/12,2023-07-15,112955.0
11260,11014.0,275075,2025-2026,XVFC/2025-26/P/33,2025-08-06,6248.0
11261,11365.0,275075,2023-2024,XVFC/2023-24/P/7,2023-06-30,25250.0
11261,11216.0,275075,2024-2025,XVFC/2024-25/P/8,2024-11-14,38016.0
11261,10977.0,275075,2025-2026,XVFC/2025-26/P/2,2025-05-03,69540.0
11261,11059.0,275075,2025-2026,XVFC/2025-26/P/60,2026-02-07,33294.0
11262,11372.0,275075,2023-2024,XVFC/2023-24/P/11,2023-07-15,883.0
11262,11372.0,275075,2023-2024,XVFC/2023-24/P/11,2023-07-15,1000.0
11262,11372.0,275075,2023-2024,XVFC/2023-24/P/11,2023-07-15,94903.0
11262,11008.0,275075,2025-2026,XVFC/2025-26/P/27,2025-08-06,3214.0
11263,11384.0,275075,2023-2024,5THSFC/2023-24/P/5,2023-09-16,2000.0
11263,11384.0,275075,2023-2024,5THSFC/2023-24/P/5,2023-09-16,192000.0
11264,11237.0,275075,2024-2025,XVFC/2024-25/P/25,2025-03-06,1880.0
11264,11237.0,275075,2024-2025,XVFC/2024-25/P/25,2025-03-06,184233.0
11264,11001.0,275075,2025-2026,XVFC/2025-26/P/20,2025-08-06,1880.0
11264,11067.0,275075,2025-2026,XVFC/2025-26/P/67,2026-03-09,12007.0
11265,11046.0,275075,2025-2026,XVFC/2025-26/P/51,2025-12-31,500.0
11265,11046.0,275075,2025-2026,XVFC/2025-26/P/51,2025-12-31,48500.0
11266,10976.0,275075,2025-2026,5THSFC/2025-26/P/2,2025-05-03,97895.0
11277,11229.0,275075,2024-2025,XVFC/2024-25/P/17,2025-01-26,90000.0
11277,11258.0,275075,2024-2025,XVFC/2024-25/P/27,2025-03-10,9120.0
11416,11223.0,275075,2024-2025,5THSFC/2024-25/P/5,2024-12-31,53273.0
11416,11225.0,275075,2024-2025,5THSFC/2024-25/P/6,2025-01-04,5727.0
11417,11210.0,275075,2024-2025,5THSFC/2024-25/P/1,2024-08-06,3300.0
11417,11212.0,275075,2024-2025,5THSFC/2024-25/P/2,2024-08-30,293700.0
11417,11213.0,275075,2024-2025,5THSFC/2024-25/P/3,2024-09-10,905.0
11417,11213.0,275075,2024-2025,5THSFC/2024-25/P/3,2024-09-10,25339.0
11459,11209.0,275075,2024-2025,XVFC/2024-25/P/4,2024-07-30,41541.0
11459,11219.0,275075,2024-2025,XVFC/2024-25/P/10,2024-12-24,8878.0
11459,11220.0,275075,2024-2025,XVFC/2024-25/P/11,2024-12-24,5096.0
11459,11221.0,275075,2024-2025,XVFC/2024-25/P/12,2024-12-24,5096.0
11459,11222.0,275075,2024-2025,XVFC/2024-25/P/13,2024-12-24,5096.0
11459,11260.0,275075,2024-2025,XVFC/2024-25/P/29,2025-03-19,5115.0
11459,11261.0,275075,2024-2025,XVFC/2024-25/P/30,2025-03-19,5115.0
11459,11262.0,275075,2024-2025,XVFC/2024-25/P/31,2025-03-19,5189.0
11459,11263.0,275075,2024-2025,XVFC/2024-25/P/32,2025-03-19,7203.0
11459,10987.0,275075,2025-2026,XVFC/2025-26/P/10,2025-05-15,32338.0
11459,10997.0,275075,2025-2026,XVFC/2025-26/P/16,2025-08-06,38875.0
11459,11022.0,275075,2025-2026,XVFC/2025-26/P/41,2025-09-15,30765.0
11461,11215.0,275075,2024-2025,XVFC/2024-25/P/7,2024-11-05,24000.0
11461,11224.0,275075,2024-2025,XVFC/2024-25/P/14,2024-12-31,2200.0
11462,11029.0,275075,2025-2026,XVFC/2025-26/P/46,2025-11-20,21600.0
11463,11228.0,275075,2024-2025,XVFC/2024-25/P/16,2025-01-26,61710.0
11463,11235.0,275075,2024-2025,XVFC/2024-25/P/23,2025-02-14,15300.0
11463,10983.0,275075,2025-2026,XVFC/2025-26/P/7,2025-05-07,400.0
11463,10983.0,275075,2025-2026,XVFC/2025-26/P/7,2025-05-07,39200.0
11463,11051.0,275075,2025-2026,XVFC/2025-26/P/56,2026-01-21,179.0
11463,11051.0,275075,2025-2026,XVFC/2025-26/P/56,2026-01-21,300.0
11463,11051.0,275075,2025-2026,XVFC/2025-26/P/56,2026-01-21,29592.0
11464,10994.0,275075,2025-2026,XVFC/2025-26/P/13,2025-08-02,45000.0
11464,11018.0,275075,2025-2026,XVFC/2025-26/P/37,2025-08-11,71.0
11464,11018.0,275075,2025-2026,XVFC/2025-26/P/37,2025-08-11,500.0
11464,11018.0,275075,2025-2026,XVFC/2025-26/P/37,2025-08-11,3750.0
11465,10993.0,275075,2025-2026,XVFC/2025-26/P/12,2025-08-02,45000.0
11465,11020.0,275075,2025-2026,XVFC/2025-26/P/39,2025-09-15,500.0
11465,11020.0,275075,2025-2026,XVFC/2025-26/P/39,2025-09-15,955.0
11465,11020.0,275075,2025-2026,XVFC/2025-26/P/39,2025-09-15,2975.0
11466,10980.0,275075,2025-2026,XVFC/2025-26/P/4,2025-05-07,9000.0
11466,10986.0,275075,2025-2026,XVFC/2025-26/P/9,2025-05-12,971.0
11467,10982.0,275075,2025-2026,XVFC/2025-26/P/6,2025-05-07,4500.0
11467,10985.0,275075,2025-2026,XVFC/2025-26/P/8,2025-05-12,500.0
11468,10979.0,275075,2025-2026,XVFC/2025-26/P/3,2025-05-07,42120.0
11468,11027.0,275075,2025-2026,XVFC/2025-26/P/44,2025-10-09,800.0
11468,11027.0,275075,2025-2026,XVFC/2025-26/P/44,2025-10-09,35480.0
11469,11054.0,275075,2025-2026,5THSFC/2025-26/P/15,2026-01-22,144727.0
11469,11056.0,275075,2025-2026,5THSFC/2025-26/P/16,2026-02-01,1610.0
11469,11056.0,275075,2025-2026,5THSFC/2025-26/P/16,2026-02-01,12861.0
11472,,275075,2026-2027,XVFC/2026-27/P/18,2026-07-06,18000.0
11473,,275075,2026-2027,XVFC/2026-27/P/23,2026-07-06,22500.0
11475,,275075,2026-2027,XVFC/2026-27/P/24,2026-07-06,8000.0
11478,,275075,2026-2027,XVFC/2026-27/P/27,2026-07-06,18000.0
11620,11030.0,275075,2025-2026,XVFC/2025-26/P/47,2025-12-09,12207.0
11620,11045.0,275075,2025-2026,XVFC/2025-26/P/50,2025-12-24,36764.0
11620,11057.0,275075,2025-2026,XVFC/2025-26/P/58,2026-02-01,16374.0
11620,11060.0,275075,2025-2026,XVFC/2025-26/P/61,2026-02-17,16158.0
11620,11070.0,275075,2025-2026,XVFC/2025-26/P/70,2026-03-11,15405.0
11620,,275075,2026-2027,XVFC/2026-27/P/2,2026-05-07,15450.0
11620,,275075,2026-2027,XVFC/2026-27/P/11,2026-06-13,15460.0
11624,11050.0,275075,2025-2026,XVFC/2025-26/P/55,2026-01-10,151193.0
11624,,275075,2026-2027,XVFC/2026-27/P/1,2026-05-07,12514.0
11624,,275075,2026-2027,XVFC/2026-27/P/13,2026-06-13,23112.0
11624,,275075,2026-2027,XVFC/2026-27/P/17,2026-07-06,10620.0
11635,11227.0,275075,2024-2025,XVFC/2024-25/P/15,2025-01-26,91500.0
11635,11234.0,275075,2024-2025,XVFC/2024-25/P/22,2025-02-14,42362.0
11635,10975.0,275075,2025-2026,XVFC/2025-26/P/1,2025-04-23,1490.0
11635,10975.0,275075,2025-2026,XVFC/2025-26/P/1,2025-04-23,12410.0
11635,,275075,2026-2027,XVFC/2026-27/P/10,2026-06-13,230.0
11635,,275075,2026-2027,XVFC/2026-27/P/10,2026-06-13,23000.0
11636,10995.0,275075,2025-2026,XVFC/2025-26/P/14,2025-08-02,105954.0
11636,11019.0,275075,2025-2026,XVFC/2025-26/P/38,2025-08-11,88.0
11636,11019.0,275075,2025-2026,XVFC/2025-26/P/38,2025-08-11,1084.0
11636,11021.0,275075,2025-2026,XVFC/2025-26/P/40,2025-09-15,1250.0
11636,11021.0,275075,2025-2026,XVFC/2025-26/P/40,2025-09-15,124231.0
11636,11055.0,275075,2025-2026,XVFC/2025-26/P/57,2026-01-22,890.0
11636,11055.0,275075,2025-2026,XVFC/2025-26/P/57,2026-01-22,3083.0
11636,11055.0,275075,2025-2026,XVFC/2025-26/P/57,2026-01-22,83291.0
11636,11068.0,275075,2025-2026,XVFC/2025-26/P/68,2026-03-09,550.0
11636,11068.0,275075,2025-2026,XVFC/2025-26/P/68,2026-03-09,2324.0
11636,11068.0,275075,2025-2026,XVFC/2025-26/P/68,2026-03-09,51465.0
11637,10989.0,275075,2025-2026,5THSFC/2025-26/P/6,2025-05-19,117000.0
11637,10990.0,275075,2025-2026,5THSFC/2025-26/P/7,2025-07-03,1300.0
11637,10990.0,275075,2025-2026,5THSFC/2025-26/P/7,2025-07-03,10400.0
11649,11233.0,275075,2024-2025,5THSFC/2024-25/P/9,2025-02-14,90000.0
11649,10974.0,275075,2025-2026,5THSFC/2025-26/P/1,2025-04-23,946.0
11649,10974.0,275075,2025-2026,5THSFC/2025-26/P/1,2025-04-23,4006.0
11673,11257.0,275075,2024-2025,XVFC/2024-25/P/26,2025-03-10,90000.0
11673,11259.0,275075,2024-2025,XVFC/2024-25/P/28,2025-03-19,9564.0
11674,10996.0,275075,2025-2026,XVFC/2025-26/P/15,2025-08-02,90000.0
11674,11017.0,275075,2025-2026,XVFC/2025-26/P/36,2025-08-11,1000.0
11674,11017.0,275075,2025-2026,XVFC/2025-26/P/36,2025-08-11,8000.0
11676,10981.0,275075,2025-2026,XVFC/2025-26/P/5,2025-05-07,10800.0
11676,10991.0,275075,2025-2026,XVFC/2025-26/P/11,2025-07-03,6900.0
11677,10978.0,275075,2025-2026,5THSFC/2025-26/P/3,2025-05-07,252000.0
11677,10984.0,275075,2025-2026,5THSFC/2025-26/P/4,2025-05-12,2777.0
11677,10984.0,275075,2025-2026,5THSFC/2025-26/P/4,2025-05-12,7944.0
11677,10984.0,275075,2025-2026,5THSFC/2025-26/P/4,2025-05-12,8769.0
11679,10988.0,275075,2025-2026,5THSFC/2025-26/P/5,2025-05-19,18000.0
11679,11024.0,275075,2025-2026,5THSFC/2025-26/P/10,2025-09-25,7890.0
11679,11052.0,275075,2025-2026,5THSFC/2025-26/P/13,2026-01-22,7340.0
11680,,275075,2026-2027,XVFC/2026-27/P/21,2026-07-06,6000.0
11682,,275075,2026-2027,XVFC/2026-27/P/9,2026-06-13,16200.0
11682,,275075,2026-2027,XVFC/2026-27/P/14,2026-07-06,1800.0
11685,,275075,2026-2027,XVFC/2026-27/P/22,2026-07-06,7000.0
11687,,275075,2026-2027,XVFC/2026-27/P/5,2026-05-07,9000.0
11687,,275075,2026-2027,XVFC/2026-27/P/15,2026-07-06,1000.0
11689,11069.0,275075,2025-2026,XVFC/2025-26/P/69,2026-03-09,18000.0
11689,11122.0,275075,2025-2026,XVFC/2025-26/P/72,2026-03-26,1800.0
11690,,275075,2026-2027,XVFC/2026-27/P/3,2026-05-07,9750.0
11690,,275075,2026-2027,XVFC/2026-27/P/3,2026-05-07,13000.0
11690,,275075,2026-2027,XVFC/2026-27/P/12,2026-06-13,6500.0
11690,,275075,2026-2027,XVFC/2026-27/P/12,2026-06-13,9750.0
11691,,275075,2026-2027,XVFC/2026-27/P/26,2026-07-06,17879.0
11697,11036.0,275075,2025-2026,5THSFC/2025-26/P/11,2025-12-17,283230.0
11698,11035.0,275075,2025-2026,XVFC/2025-26/P/48,2025-12-11,180000.0
11698,11044.0,275075,2025-2026,XVFC/2025-26/P/49,2025-12-20,20000.0
11719,,275075,2026-2027,5THSFC/2026-27/P/4,2026-07-06,58200.0
11750,11048.0,275075,2025-2026,XVFC/2025-26/P/53,2026-01-10,135000.0
11750,11058.0,275075,2025-2026,XVFC/2025-26/P/59,2026-02-01,1500.0
11750,11058.0,275075,2025-2026,XVFC/2025-26/P/59,2026-02-01,5794.0
11755,11064.0,275075,2025-2026,XVFC/2025-26/P/64,2026-03-05,16000.0
11755,,275075,2026-2027,XVFC/2026-27/P/6,2026-05-20,8756.0
11777,,275075,2026-2027,5THSFC/2026-27/P/2,2026-06-13,162000.0
11777,,275075,2026-2027,5THSFC/2026-27/P/3,2026-07-06,1503.0
11777,,275075,2026-2027,5THSFC/2026-27/P/3,2026-07-06,1800.0
11777,,275075,2026-2027,5THSFC/2026-27/P/3,2026-07-06,7729.0
11784,,275075,2026-2027,XVFC/2026-27/P/8,2026-06-06,30000.0
11784,,275075,2026-2027,XVFC/2026-27/P/16,2026-07-06,15000.0
11796,11049.0,275075,2025-2026,XVFC/2025-26/P/54,2026-01-10,520.0
11796,11049.0,275075,2025-2026,XVFC/2025-26/P/54,2026-01-10,51786.0
11798,,275075,2026-2027,XVFC/2026-27/P/25,2026-07-06,17890.0
11799,,275075,2026-2027,XVFC/2026-27/P/4,2026-05-07,60694.0
11803,11065.0,275075,2025-2026,XVFC/2025-26/P/65,2026-03-09,108000.0
11803,11121.0,275075,2025-2026,XVFC/2025-26/P/71,2026-03-26,12000.0
11805,,275075,2026-2027,XVFC/2026-27/P/7,2026-05-20,109992.0
11805,,275075,2026-2027,XVFC/2026-27/P/19,2026-07-06,6000.0
11810,12101.0,118012,2021-2022,XVFC/2021-22/P/1,2021-06-14,22000.0
11810,12158.0,118012,2021-2022,XVFC/2021-22/P/4,2021-10-06,90000.0
11810,12215.0,118012,2021-2022,XVFC/2021-22/P/16,2022-03-06,45000.0
11810,11934.0,118012,2022-2023,XVFC/2022-23/P/8,2022-05-24,69000.0
11810,11963.0,118012,2022-2023,XVFC/2022-23/P/14,2022-08-05,69000.0
11813,12102.0,118012,2021-2022,XVFC/2021-22/P/2,2021-06-14,20000.0
11813,12157.0,118012,2021-2022,XVFC/2021-22/P/3,2021-10-06,80000.0
11813,12214.0,118012,2021-2022,XVFC/2021-22/P/15,2022-03-06,40000.0
11813,11933.0,118012,2022-2023,XVFC/2022-23/P/7,2022-05-24,60000.0
11813,11964.0,118012,2022-2023,XVFC/2022-23/P/15,2022-08-05,40000.0
11816,12176.0,118012,2021-2022,XVFC/2021-22/P/11,2022-01-14,96000.0
11819,12184.0,118012,2021-2022,XVFC/2021-22/P/13,2022-02-08,589970.0
11819,11859.0,118012,2023-2024,XVFC/2023-24/P/2,2023-04-29,1316.0
11819,11859.0,118012,2023-2024,XVFC/2023-24/P/2,2023-04-29,3866.0
11819,11859.0,118012,2023-2024,XVFC/2023-24/P/2,2023-04-29,117417.0
11820,12159.0,118012,2021-2022,XVFC/2021-22/P/5,2021-10-06,12000.0
11820,12160.0,118012,2021-2022,XVFC/2021-22/P/6,2021-10-06,12000.0
11820,12161.0,118012,2021-2022,XVFC/2021-22/P/7,2021-10-06,12000.0
11820,12162.0,118012,2021-2022,XVFC/2021-22/P/8,2021-10-06,12000.0
11820,12163.0,118012,2021-2022,XVFC/2021-22/P/9,2021-10-06,24000.0
11820,12164.0,118012,2021-2022,XVFC/2021-22/P/10,2021-10-07,12000.0
11820,11928.0,118012,2022-2023,XVFC/2022-23/P/2,2022-05-24,14000.0
11820,11929.0,118012,2022-2023,XVFC/2022-23/P/3,2022-05-24,14000.0
11820,11930.0,118012,2022-2023,XVFC/2022-23/P/4,2022-05-24,14000.0
11820,11931.0,118012,2022-2023,XVFC/2022-23/P/5,2022-05-24,14000.0
11821,12186.0,118012,2021-2022,XVFC/2021-22/P/14,2022-02-13,633069.0
11821,12235.0,118012,2021-2022,XVFC/2021-22/P/19,2022-03-10,73475.0
11822,12236.0,118012,2021-2022,XVFC/2021-22/P/20,2022-03-10,476219.0
11822,11927.0,118012,2022-2023,XVFC/2022-23/P/1,2022-05-23,316035.0
11822,11962.0,118012,2022-2023,XVFC/2022-23/P/13,2022-08-05,67275.0
11830,11891.0,118012,2023-2024,5THSFC/2023-24/P/5,2023-11-09,67345.0
11830,11777.0,118012,2024-2025,5THSFC/2024-25/P/3,2024-08-13,543.0
11832,11872.0,118012,2023-2024,5THSFC/2023-24/P/2,2023-09-15,67786.0
11833,11873.0,118012,2023-2024,5THSFC/2023-24/P/3,2023-09-15,120000.0
11833,11881.0,118012,2023-2024,5THSFC/2023-24/P/4,2023-10-04,30000.0
11834,11823.0,118012,2024-2025,5THSFC/2024-25/P/13,2025-02-04,243999.0
11840,11979.0,118012,2022-2023,XVFC/2022-23/P/26,2022-11-02,96561.0
11840,11889.0,118012,2023-2024,XVFC/2023-24/P/26,2023-10-04,45600.0
11840,,118012,2026-2027,XVFC/2026-27/P/7,2026-05-21,17000.0
11847,12216.0,118012,2021-2022,XVFC/2021-22/P/17,2022-03-06,99500.0
11850,12237.0,118012,2021-2022,XVFC/2021-22/P/21,2022-03-10,193537.0
11851,12234.0,118012,2021-2022,XVFC/2021-22/P/18,2022-03-10,192780.0
11852,12177.0,118012,2021-2022,XVFC/2021-22/P/12,2022-01-14,50000.0
11853,11932.0,118012,2022-2023,XVFC/2022-23/P/6,2022-05-24,28000.0
11853,11956.0,118012,2022-2023,XVFC/2022-23/P/10,2022-07-09,16000.0
11853,11957.0,118012,2022-2023,XVFC/2022-23/P/11,2022-07-09,24000.0
11853,11972.0,118012,2022-2023,XVFC/2022-23/P/19,2022-09-30,10000.0
11853,11973.0,118012,2022-2023,XVFC/2022-23/P/20,2022-09-30,10000.0
11853,11974.0,118012,2022-2023,XVFC/2022-23/P/21,2022-09-30,10000.0
11853,11975.0,118012,2022-2023,XVFC/2022-23/P/22,2022-09-30,20000.0
11853,11976.0,118012,2022-2023,XVFC/2022-23/P/23,2022-09-30,8000.0
11853,11984.0,118012,2022-2023,XVFC/2022-23/P/28,2023-02-02,6000.0
11853,11985.0,118012,2022-2023,XVFC/2022-23/P/29,2023-02-02,6000.0
11853,11986.0,118012,2022-2023,XVFC/2022-23/P/30,2023-02-02,6000.0
11853,11987.0,118012,2022-2023,XVFC/2022-23/P/31,2023-02-02,12000.0
11853,11988.0,118012,2022-2023,XVFC/2022-23/P/32,2023-02-02,6000.0
11853,11989.0,118012,2022-2023,XVFC/2022-23/P/33,2023-02-02,18000.0
11853,11861.0,118012,2023-2024,XVFC/2023-24/P/3,2023-06-22,6000.0
11853,11862.0,118012,2023-2024,XVFC/2023-24/P/4,2023-06-22,6000.0
11853,11863.0,118012,2023-2024,XVFC/2023-24/P/5,2023-06-22,6000.0
11853,11864.0,118012,2023-2024,XVFC/2023-24/P/6,2023-06-22,12000.0
11853,11865.0,118012,2023-2024,XVFC/2023-24/P/7,2023-06-22,6000.0
11853,11882.0,118012,2023-2024,XVFC/2023-24/P/19,2023-10-04,12000.0
11853,11883.0,118012,2023-2024,XVFC/2023-24/P/20,2023-10-04,12000.0
11853,11884.0,118012,2023-2024,XVFC/2023-24/P/21,2023-10-04,12000.0
11853,11885.0,118012,2023-2024,XVFC/2023-24/P/22,2023-10-04,24000.0
11853,11886.0,118012,2023-2024,XVFC/2023-24/P/23,2023-10-04,12000.0
11854,11937.0,118012,2022-2023,XVFC/2022-23/P/9,2022-06-16,193876.0
11854,11961.0,118012,2022-2023,XVFC/2022-23/P/12,2022-07-19,164185.0
11854,11978.0,118012,2022-2023,XVFC/2022-23/P/25,2022-09-30,96517.0
11855,11969.0,118012,2022-2023,XVFC/2022-23/P/16,2022-09-19,60000.0
11856,11981.0,118012,2022-2023,XVFC/2022-23/P/27,2022-12-26,140116.0
11856,11770.0,118012,2024-2025,XVFC/2024-25/P/23,2024-07-24,81022.0
11856,11654.0,118012,2025-2026,XVFC/2025-26/P/11,2025-06-05,9034.0
11857,11971.0,118012,2022-2023,XVFC/2022-23/P/18,2022-09-30,46000.0
11857,11990.0,118012,2022-2023,XVFC/2022-23/P/36,2023-02-06,92000.0
11857,12003.0,118012,2022-2023,XVFC/2022-23/P/41,2023-03-28,46000.0
11857,11866.0,118012,2023-2024,XVFC/2023-24/P/8,2023-06-22,46000.0
11857,,118012,2026-2027,XVFC/2026-27/P/10,2026-06-10,25000.0
11858,11970.0,118012,2022-2023,XVFC/2022-23/P/17,2022-09-30,60000.0
11858,11991.0,118012,2022-2023,XVFC/2022-23/P/37,2023-02-06,80000.0
11858,12002.0,118012,2022-2023,XVFC/2022-23/P/40,2023-03-28,40000.0
11858,11867.0,118012,2023-2024,XVFC/2023-24/P/9,2023-06-22,40000.0
11858,11894.0,118012,2023-2024,XVFC/2023-24/P/30,2024-01-09,20000.0
11874,12001.0,118012,2022-2023,XVFC/2022-23/P/39,2023-03-28,192953.0
11877,11998.0,118012,2022-2023,XVFC/2022-23/P/38,2023-03-14,62910.0
11877,11874.0,118012,2023-2024,XVFC/2023-24/P/13,2023-09-15,69007.0
11877,11899.0,118012,2023-2024,XVFC/2023-24/P/36,2024-02-20,71195.0
11877,,118012,2026-2027,XVFC/2026-27/P/15,2026-07-04,6200.0
11886,11860.0,118012,2023-2024,XVFC/2023-24/P/10,2023-06-22,10000.0
11886,11879.0,118012,2023-2024,XVFC/2023-24/P/18,2023-09-18,50000.0
11886,11792.0,118012,2024-2025,XVFC/2024-25/P/35,2024-10-09,16800.0
11886,11795.0,118012,2024-2025,XVFC/2024-25/P/38,2024-10-09,10000.0
11887,11858.0,118012,2023-2024,XVFC/2023-24/P/1,2023-04-29,2500.0
11887,11858.0,118012,2023-2024,XVFC/2023-24/P/1,2023-04-29,242500.0
11888,11857.0,118012,2023-2024,5THSFC/2023-24/P/1,2023-04-29,3783.0
11888,11857.0,118012,2023-2024,5THSFC/2023-24/P/1,2023-04-29,4000.0
11888,11857.0,118012,2023-2024,5THSFC/2023-24/P/1,2023-04-29,383881.0
11889,11868.0,118012,2023-2024,XVFC/2023-24/P/11,2023-06-30,3000.0
11889,11868.0,118012,2023-2024,XVFC/2023-24/P/11,2023-06-30,6560.0
11889,11868.0,118012,2023-2024,XVFC/2023-24/P/11,2023-06-30,283596.0
11890,11869.0,118012,2023-2024,XVFC/2023-24/P/12,2023-06-30,1031.0
11890,11869.0,118012,2023-2024,XVFC/2023-24/P/12,2023-06-30,1340.0
11890,11869.0,118012,2023-2024,XVFC/2023-24/P/12,2023-06-30,98300.0
11891,11878.0,118012,2023-2024,XVFC/2023-24/P/17,2023-09-18,115000.0
11891,11888.0,118012,2023-2024,XVFC/2023-24/P/25,2023-10-04,23000.0
11891,11890.0,118012,2023-2024,XVFC/2023-24/P/27,2023-11-04,23000.0
11891,11893.0,118012,2023-2024,XVFC/2023-24/P/29,2023-11-29,23000.0
11891,11800.0,118012,2024-2025,XVFC/2024-25/P/42,2024-11-28,16000.0
11892,11898.0,118012,2023-2024,XVFC/2023-24/P/35,2024-02-17,20000.0
11892,11887.0,118012,2023-2024,XVFC/2023-24/P/24,2023-10-04,20000.0
11892,11892.0,118012,2023-2024,XVFC/2023-24/P/28,2023-11-29,40000.0
11892,11877.0,118012,2023-2024,XVFC/2023-24/P/16,2023-09-18,100000.0
11892,11748.0,118012,2024-2025,XVFC/2024-25/P/1,2024-04-08,45000.0
11893,11876.0,118012,2023-2024,XVFC/2023-24/P/15,2023-09-15,144033.0
11894,11875.0,118012,2023-2024,XVFC/2023-24/P/14,2023-09-15,145500.0
11895,11895.0,118012,2023-2024,XVFC/2023-24/P/31,2024-01-23,28280.0
11895,11896.0,118012,2023-2024,XVFC/2023-24/P/33,2024-01-27,18350.0
11895,11820.0,118012,2024-2025,XVFC/2024-25/P/62,2025-01-16,14000.0
11895,11773.0,118012,2024-2025,XVFC/2024-25/P/26,2024-08-09,19750.0
11895,11675.0,118012,2025-2026,XVFC/2025-26/P/27,2025-07-16,10000.0
11896,11750.0,118012,2024-2025,XVFC/2024-25/P/3,2024-04-18,12000.0
11896,11751.0,118012,2024-2025,XVFC/2024-25/P/4,2024-04-18,12000.0
11896,11752.0,118012,2024-2025,XVFC/2024-25/P/5,2024-04-18,12000.0
11896,11753.0,118012,2024-2025,XVFC/2024-25/P/6,2024-04-18,24000.0
11896,11754.0,118012,2024-2025,XVFC/2024-25/P/7,2024-04-19,12000.0
11896,11755.0,118012,2024-2025,XVFC/2024-25/P/8,2024-04-19,12000.0
11896,11761.0,118012,2024-2025,XVFC/2024-25/P/14,2024-07-06,11000.0
11896,11762.0,118012,2024-2025,XVFC/2024-25/P/15,2024-07-06,11000.0
11896,11763.0,118012,2024-2025,XVFC/2024-25/P/16,2024-07-06,11000.0
11896,11764.0,118012,2024-2025,XVFC/2024-25/P/17,2024-07-06,11000.0
11896,11765.0,118012,2024-2025,XVFC/2024-25/P/18,2024-07-06,11000.0
11896,11766.0,118012,2024-2025,XVFC/2024-25/P/19,2024-07-06,17000.0
11896,11767.0,118012,2024-2025,XVFC/2024-25/P/20,2024-07-06,17000.0
11897,11787.0,118012,2024-2025,XVFC/2024-25/P/30,2024-09-22,274286.0
11897,11798.0,118012,2024-2025,XVFC/2024-25/P/40,2024-11-07,90147.0
11897,11687.0,118012,2025-2026,XVFC/2025-26/P/36,2025-08-30,60000.0
11897,11688.0,118012,2025-2026,XVFC/2025-26/P/37,2025-08-30,14000.0
11922,11779.0,118012,2024-2025,5THSFC/2024-25/P/5,2024-09-06,260367.0
11922,11786.0,118012,2024-2025,5THSFC/2024-25/P/9,2024-09-19,17747.0
11931,11780.0,118012,2024-2025,5THSFC/2024-25/P/6,2024-09-06,180000.0
11931,11783.0,118012,2024-2025,5THSFC/2024-25/P/10,2024-09-19,12289.0
12193,11678.0,118012,2025-2026,XVFC/2025-26/P/29,2025-08-10,46000.0
12193,11685.0,118012,2025-2026,XVFC/2025-26/P/34,2025-08-19,772.0
12193,11685.0,118012,2025-2026,XVFC/2025-26/P/34,2025-08-19,28540.0
12194,11769.0,118012,2024-2025,XVFC/2024-25/P/22,2024-07-13,42717.0
12194,11811.0,118012,2024-2025,XVFC/2024-25/P/53,2024-12-20,48833.0
12194,11815.0,118012,2024-2025,XVFC/2024-25/P/57,2024-12-29,7156.0
12195,11759.0,118012,2024-2025,XVFC/2024-25/P/12,2024-06-30,67500.0
12195,11771.0,118012,2024-2025,XVFC/2024-25/P/24,2024-07-31,22500.0
12195,11781.0,118012,2024-2025,XVFC/2024-25/P/28,2024-09-06,22500.0
12195,11789.0,118012,2024-2025,XVFC/2024-25/P/32,2024-09-30,22500.0
12195,11799.0,118012,2024-2025,XVFC/2024-25/P/41,2024-11-28,22500.0
12195,11812.0,118012,2024-2025,XVFC/2024-25/P/54,2024-12-20,22500.0
12195,11817.0,118012,2024-2025,XVFC/2024-25/P/59,2025-01-16,22500.0
12195,11825.0,118012,2024-2025,XVFC/2024-25/P/64,2025-02-04,22500.0
12196,11778.0,118012,2024-2025,5THSFC/2024-25/P/4,2024-08-21,116087.0
12196,11677.0,118012,2025-2026,5THSFC/2025-26/P/11,2025-08-10,27971.0
12197,11679.0,118012,2025-2026,XVFC/2025-26/P/30,2025-08-10,1254.0
12197,11679.0,118012,2025-2026,XVFC/2025-26/P/30,2025-08-10,2067.0
12197,11679.0,118012,2025-2026,XVFC/2025-26/P/30,2025-08-10,199961.0
12197,,118012,2026-2027,XVFC/2026-27/P/2,2026-05-04,63400.0
12198,11790.0,118012,2024-2025,XVFC/2024-25/P/33,2024-10-03,450000.0
12198,11791.0,118012,2024-2025,XVFC/2024-25/P/34,2024-10-09,4730.0
12198,11791.0,118012,2024-2025,XVFC/2024-25/P/34,2024-10-09,5000.0
12198,11791.0,118012,2024-2025,XVFC/2024-25/P/34,2024-10-09,29842.0
12320,11897.0,118012,2023-2024,XVFC/2023-24/P/34,2024-02-17,46000.0
12320,11756.0,118012,2024-2025,XVFC/2024-25/P/9,2024-04-25,24000.0
12320,11757.0,118012,2024-2025,XVFC/2024-25/P/10,2024-05-09,24000.0
12320,11760.0,118012,2024-2025,XVFC/2024-25/P/13,2024-06-30,48000.0
12320,11772.0,118012,2024-2025,XVFC/2024-25/P/25,2024-07-31,24000.0
12320,11782.0,118012,2024-2025,XVFC/2024-25/P/29,2024-09-06,24000.0
12320,11788.0,118012,2024-2025,XVFC/2024-25/P/31,2024-09-30,24000.0
12320,11801.0,118012,2024-2025,XVFC/2024-25/P/43,2024-11-28,8000.0
12320,11818.0,118012,2024-2025,XVFC/2024-25/P/60,2025-01-16,24000.0
12320,11749.0,118012,2024-2025,XVFC/2024-25/P/2,2024-04-08,24000.0
12321,11768.0,118012,2024-2025,XVFC/2024-25/P/21,2024-07-06,22000.0
12321,11803.0,118012,2024-2025,XVFC/2024-25/P/45,2024-12-14,16250.0
12321,11804.0,118012,2024-2025,XVFC/2024-25/P/46,2024-12-14,16250.0
12321,11805.0,118012,2024-2025,XVFC/2024-25/P/47,2024-12-14,16250.0
12321,11806.0,118012,2024-2025,XVFC/2024-25/P/48,2024-12-14,16250.0
12321,11807.0,118012,2024-2025,XVFC/2024-25/P/49,2024-12-14,16250.0
12321,11808.0,118012,2024-2025,XVFC/2024-25/P/50,2024-12-14,16250.0
12321,11809.0,118012,2024-2025,XVFC/2024-25/P/51,2024-12-14,32500.0
12321,11810.0,118012,2024-2025,XVFC/2024-25/P/52,2024-12-14,16250.0
12321,11662.0,118012,2025-2026,XVFC/2025-26/P/14,2025-07-02,22750.0
12321,11663.0,118012,2025-2026,XVFC/2025-26/P/15,2025-07-02,22750.0
12322,11900.0,118012,2023-2024,XVFC/2023-24/P/37,2024-02-28,120269.0
12322,11758.0,118012,2024-2025,XVFC/2024-25/P/11,2024-06-26,277610.0
12322,11816.0,118012,2024-2025,XVFC/2024-25/P/58,2024-12-31,99506.0
12323,11774.0,118012,2024-2025,XVFC/2024-25/P/27,2024-08-09,55000.0
12323,11796.0,118012,2024-2025,XVFC/2024-25/P/39,2024-10-09,10200.0
12324,11682.0,118012,2025-2026,5THSFC/2025-26/P/12,2025-08-19,141000.0
12324,11691.0,118012,2025-2026,5THSFC/2025-26/P/14,2025-09-10,6822.0
12325,11830.0,118012,2024-2025,XVFC/2024-25/P/66,2025-02-18,85617.0
12325,11646.0,118012,2025-2026,XVFC/2025-26/P/7,2025-05-19,103000.0
12325,11649.0,118012,2025-2026,XVFC/2025-26/P/8,2025-05-24,476.0
12325,11649.0,118012,2025-2026,XVFC/2025-26/P/8,2025-05-24,11715.0
12326,11826.0,118012,2024-2025,5THSFC/2024-25/P/15,2025-02-07,180000.0
12326,11828.0,118012,2024-2025,5THSFC/2024-25/P/16,2025-02-09,12042.0
12327,11836.0,118012,2024-2025,XVFC/2024-25/P/72,2025-03-18,45000.0
12327,11839.0,118012,2024-2025,XVFC/2024-25/P/75,2025-03-22,3500.0
12328,11639.0,118012,2025-2026,XVFC/2025-26/P/1,2025-04-23,1625.0
12328,11639.0,118012,2025-2026,XVFC/2025-26/P/1,2025-04-23,2293.0
12328,11639.0,118012,2025-2026,XVFC/2025-26/P/1,2025-04-23,155891.0
12329,11647.0,118012,2025-2026,5THSFC/2025-26/P/2,2025-05-20,144000.0
12329,11648.0,118012,2025-2026,5THSFC/2025-26/P/3,2025-05-24,1607.0
12329,11648.0,118012,2025-2026,5THSFC/2025-26/P/3,2025-05-24,3359.0
12329,11648.0,118012,2025-2026,5THSFC/2025-26/P/3,2025-05-24,7271.0
12330,11717.0,118012,2025-2026,5THSFC/2025-26/P/15,2026-02-13,360000.0
12330,11719.0,118012,2025-2026,5THSFC/2025-26/P/16,2026-02-16,3961.0
12330,11719.0,118012,2025-2026,5THSFC/2025-26/P/16,2026-02-16,4985.0
12330,11719.0,118012,2025-2026,5THSFC/2025-26/P/16,2026-02-16,8716.0
12331,11726.0,118012,2025-2026,5THSFC/2025-26/P/17,2026-03-26,335000.0
12331,11729.0,118012,2025-2026,5THSFC/2025-26/P/19,2026-03-29,1184.0
12331,11729.0,118012,2025-2026,5THSFC/2025-26/P/19,2026-03-29,2394.0
12331,11729.0,118012,2025-2026,5THSFC/2025-26/P/19,2026-03-29,3504.0
12340,11802.0,118012,2024-2025,XVFC/2024-25/P/44,2024-11-28,63000.0
12340,11813.0,118012,2024-2025,XVFC/2024-25/P/55,2024-12-20,7000.0
12341,11655.0,118012,2025-2026,5THSFC/2025-26/P/6,2025-06-19,196000.0
12341,11657.0,118012,2025-2026,5THSFC/2025-26/P/8,2025-06-22,2158.0
12341,11657.0,118012,2025-2026,5THSFC/2025-26/P/8,2025-06-22,3355.0
12341,11657.0,118012,2025-2026,5THSFC/2025-26/P/8,2025-06-22,10559.0
12369,11656.0,118012,2025-2026,5THSFC/2025-26/P/7,2025-06-19,135000.0
12369,11658.0,118012,2025-2026,5THSFC/2025-26/P/9,2025-06-22,1489.0
12369,11658.0,118012,2025-2026,5THSFC/2025-26/P/9,2025-06-22,9654.0
12371,11664.0,118012,2025-2026,XVFC/2025-26/P/16,2025-07-02,22750.0
12371,11665.0,118012,2025-2026,XVFC/2025-26/P/17,2025-07-02,22750.0
12371,11666.0,118012,2025-2026,XVFC/2025-26/P/18,2025-07-02,22750.0
12371,11667.0,118012,2025-2026,XVFC/2025-26/P/19,2025-07-02,22750.0
12371,11668.0,118012,2025-2026,XVFC/2025-26/P/20,2025-07-02,45500.0
12371,11669.0,118012,2025-2026,XVFC/2025-26/P/21,2025-07-02,22750.0
12371,11673.0,118012,2025-2026,XVFC/2025-26/P/25,2025-07-14,9750.0
12372,11814.0,118012,2024-2025,XVFC/2024-25/P/56,2024-12-25,37250.0
12372,11831.0,118012,2024-2025,XVFC/2024-25/P/67,2025-02-22,46680.0
12372,11835.0,118012,2024-2025,XVFC/2024-25/P/71,2025-03-12,45436.0
12372,11841.0,118012,2024-2025,XVFC/2024-25/P/77,2025-03-30,40199.0
12372,11842.0,118012,2024-2025,XVFC/2024-25/P/78,2025-03-30,50270.0
12372,11674.0,118012,2025-2026,XVFC/2025-26/P/26,2025-07-14,39350.0
12372,11698.0,118012,2025-2026,XVFC/2025-26/P/46,2025-11-28,34500.0
12375,11697.0,118012,2025-2026,XVFC/2025-26/P/45,2025-11-12,110297.0
12377,11728.0,118012,2025-2026,5THSFC/2025-26/P/18,2026-03-29,177968.0
12378,11827.0,118012,2024-2025,XVFC/2024-25/P/65,2025-02-07,48000.0
12378,11832.0,118012,2024-2025,XVFC/2024-25/P/68,2025-03-02,24000.0
12378,11643.0,118012,2025-2026,XVFC/2025-26/P/4,2025-05-13,48500.0
12378,11651.0,118012,2025-2026,XVFC/2025-26/P/9,2025-06-02,24500.0
12378,11661.0,118012,2025-2026,XVFC/2025-26/P/13,2025-07-02,24500.0
12378,11684.0,118012,2025-2026,XVFC/2025-26/P/33,2025-08-19,24500.0
12378,11689.0,118012,2025-2026,XVFC/2025-26/P/38,2025-09-09,24500.0
12378,11693.0,118012,2025-2026,XVFC/2025-26/P/41,2025-10-11,24500.0
12378,11695.0,118012,2025-2026,XVFC/2025-26/P/43,2025-11-12,24500.0
12379,11838.0,118012,2024-2025,XVFC/2024-25/P/74,2025-03-18,254082.0
12379,11670.0,118012,2025-2026,XVFC/2025-26/P/22,2025-07-02,90695.0
12379,11686.0,118012,2025-2026,XVFC/2025-26/P/35,2025-08-30,35000.0
12379,11692.0,118012,2025-2026,XVFC/2025-26/P/40,2025-09-11,55000.0
12380,11840.0,118012,2024-2025,XVFC/2024-25/P/76,2025-03-23,22500.0
12380,11640.0,118012,2025-2026,XVFC/2025-26/P/2,2025-04-23,22500.0
12380,11644.0,118012,2025-2026,XVFC/2025-26/P/5,2025-05-13,27000.0
12380,11650.0,118012,2025-2026,XVFC/2025-26/P/10,2025-06-02,27000.0
12380,11660.0,118012,2025-2026,XVFC/2025-26/P/12,2025-07-02,27000.0
12380,11680.0,118012,2025-2026,XVFC/2025-26/P/31,2025-08-10,27000.0
12380,11690.0,118012,2025-2026,XVFC/2025-26/P/39,2025-09-09,27000.0
12380,11694.0,118012,2025-2026,XVFC/2025-26/P/42,2025-10-11,27000.0
12380,11696.0,118012,2025-2026,XVFC/2025-26/P/44,2025-11-12,27000.0
12380,11701.0,118012,2025-2026,XVFC/2025-26/P/49,2025-12-23,27000.0
12380,11715.0,118012,2025-2026,XVFC/2025-26/P/63,2026-02-04,27000.0
12380,11720.0,118012,2025-2026,XVFC/2025-26/P/66,2026-02-16,27000.0
12380,11722.0,118012,2025-2026,XVFC/2025-26/P/68,2026-03-05,27000.0
12380,11731.0,118012,2025-2026,XVFC/2025-26/P/74,2026-03-29,27000.0
12421,11652.0,118012,2025-2026,5THSFC/2025-26/P/4,2025-06-03,180000.0
12421,11659.0,118012,2025-2026,5THSFC/2025-26/P/10,2025-06-30,2000.0
12421,11659.0,118012,2025-2026,5THSFC/2025-26/P/10,2025-06-30,4592.0
12421,11659.0,118012,2025-2026,5THSFC/2025-26/P/10,2025-06-30,7840.0
12422,11672.0,118012,2025-2026,XVFC/2025-26/P/24,2025-07-14,58000.0
12422,11676.0,118012,2025-2026,XVFC/2025-26/P/28,2025-07-29,7000.0
12604,11794.0,118012,2024-2025,XVFC/2024-25/P/37,2024-10-09,48100.0
12605,11819.0,118012,2024-2025,XVFC/2024-25/P/61,2025-01-16,24600.0
12605,11822.0,118012,2024-2025,XVFC/2024-25/P/63,2025-01-31,17000.0
12605,11837.0,118012,2024-2025,XVFC/2024-25/P/73,2025-03-18,40624.0
12605,11641.0,118012,2025-2026,XVFC/2025-26/P/3,2025-04-25,25600.0
12605,11645.0,118012,2025-2026,XVFC/2025-26/P/6,2025-05-15,28900.0
12605,11671.0,118012,2025-2026,XVFC/2025-26/P/23,2025-07-05,41300.0
12606,11833.0,118012,2024-2025,XVFC/2024-25/P/69,2025-03-04,450000.0
12606,11834.0,118012,2024-2025,XVFC/2024-25/P/70,2025-03-11,29509.0
12607,11824.0,118012,2024-2025,5THSFC/2024-25/P/14,2025-02-04,260000.0
12607,11829.0,118012,2024-2025,5THSFC/2024-25/P/17,2025-02-09,18068.0
12608,,118012,2026-2027,XVFC/2026-27/P/4,2026-05-04,27000.0
12608,,118012,2026-2027,XVFC/2026-27/P/12,2026-07-04,27000.0
12609,,118012,2026-2027,XVFC/2026-27/P/5,2026-05-08,24400.0
12609,,118012,2026-2027,XVFC/2026-27/P/9,2026-06-10,27000.0
12609,,118012,2026-2027,XVFC/2026-27/P/11,2026-06-10,22000.0
12609,,118012,2026-2027,XVFC/2026-27/P/14,2026-07-04,26600.0
12683,11700.0,118012,2025-2026,XVFC/2025-26/P/48,2025-12-23,250021.0
12683,11724.0,118012,2025-2026,XVFC/2025-26/P/70,2026-03-25,173327.0
12684,,118012,2026-2027,XVFC/2026-27/P/16,2026-07-10,58000.0
12689,11725.0,118012,2025-2026,XVFC/2025-26/P/71,2026-03-25,68393.0
12689,11727.0,118012,2025-2026,XVFC/2025-26/P/72,2026-03-26,11544.0
12689,11732.0,118012,2025-2026,XVFC/2025-26/P/75,2026-03-30,13775.0
12689,,118012,2026-2027,XVFC/2026-27/P/6,2026-05-21,106286.0
12693,11702.0,118012,2025-2026,XVFC/2025-26/P/50,2026-01-09,39000.0
12693,11703.0,118012,2025-2026,XVFC/2025-26/P/51,2026-01-09,19500.0
12693,11704.0,118012,2025-2026,XVFC/2025-26/P/52,2026-01-09,19500.0
12693,11705.0,118012,2025-2026,XVFC/2025-26/P/53,2026-01-09,19500.0
12693,11706.0,118012,2025-2026,XVFC/2025-26/P/54,2026-01-09,19500.0
12693,11707.0,118012,2025-2026,XVFC/2025-26/P/55,2026-01-09,19500.0
12693,11708.0,118012,2025-2026,XVFC/2025-26/P/56,2026-01-09,19500.0
12693,11709.0,118012,2025-2026,XVFC/2025-26/P/57,2026-01-09,19500.0
12693,11712.0,118012,2025-2026,XVFC/2025-26/P/60,2026-01-30,19500.0
12693,,118012,2026-2027,XVFC/2026-27/P/17,2026-07-18,39000.0
12693,,118012,2026-2027,XVFC/2026-27/P/18,2026-07-18,19500.0
12703,,118012,2026-2027,5THSFC/2026-27/P/1,2026-05-04,180000.0
12703,,118012,2026-2027,5THSFC/2026-27/P/2,2026-05-08,4211.0
12714,11710.0,118012,2025-2026,XVFC/2025-26/P/58,2026-01-09,49000.0
12714,11714.0,118012,2025-2026,XVFC/2025-26/P/62,2026-02-04,24500.0
12714,11723.0,118012,2025-2026,XVFC/2025-26/P/69,2026-03-06,24500.0
12714,11730.0,118012,2025-2026,XVFC/2025-26/P/73,2026-03-29,24500.0
12714,,118012,2026-2027,XVFC/2026-27/P/1,2026-05-02,25000.0
12714,,118012,2026-2027,XVFC/2026-27/P/13,2026-07-04,25000.0
12715,11711.0,118012,2025-2026,XVFC/2025-26/P/59,2026-01-20,52646.0
12715,11718.0,118012,2025-2026,XVFC/2025-26/P/65,2026-02-13,224943.0
12715,,118012,2026-2027,XVFC/2026-27/P/3,2026-05-04,68388.0
12722,11699.0,118012,2025-2026,XVFC/2025-26/P/47,2025-11-29,36000.0
12722,11713.0,118012,2025-2026,XVFC/2025-26/P/61,2026-01-30,25600.0
12722,11716.0,118012,2025-2026,XVFC/2025-26/P/64,2026-02-04,9000.0
12722,11721.0,118012,2025-2026,XVFC/2025-26/P/67,2026-02-19,20400.0
12727,,118012,2026-2027,5THSFC/2026-27/P/5,2026-05-31,183235.0
12728,,118012,2026-2027,XVFC/2026-27/P/8,2026-05-31,76288.0
