row_id,gp_lgd_code,gp_name,plan_year,doc_type,source_file,activity_code,work_plan_year,adm_approval_no,adm_approval_sanction_date,work_proposed_cost,adm_approval_authority
116350|2020|AA|0,116350,Hirlipali,2020,AA,2020_AA.json,44434659,2020,1,2021-02-10,48000.0,BDO
116350|2020|AA|1,116350,Hirlipali,2020,AA,2020_AA.json,44434533,2020,3,2021-02-10,180000.0,BDO
116350|2020|AA|2,116350,Hirlipali,2020,AA,2020_AA.json,44434332,2020,2,2021-02-10,70000.0,BDO
116350|2020|AA|3,116350,Hirlipali,2020,AA,2020_AA.json,50379473,2020,4,2021-02-25,54492.0,BDO
116350|2020|AA|4,116350,Hirlipali,2020,AA,2020_AA.json,50380045,2020,2,2021-02-25,33002.0,BDO
116350|2020|AA|5,116350,Hirlipali,2020,AA,2020_AA.json,50380394,2020,1,2021-02-25,54492.0,BDO
116350|2020|AA|6,116350,Hirlipali,2020,AA,2020_AA.json,50386819,2020,1,2021-04-12,178274.0,BDO
116350|2020|AA|7,116350,Hirlipali,2020,AA,2020_AA.json,44434249,2020,2,2020-11-06,100000.0,BDO
116350|2020|AA|8,116350,Hirlipali,2020,AA,2020_AA.json,44434352,2020,5,2021-02-10,95772.0,BDO
116350|2020|AA|9,116350,Hirlipali,2020,AA,2020_AA.json,44434893,2020,6,2021-02-10,43120.0,BDO
116350|2020|AA|10,116350,Hirlipali,2020,AA,2020_AA.json,44434698,2020,7,2021-02-10,117772.0,bdo
116350|2020|AA|11,116350,Hirlipali,2020,AA,2020_AA.json,44434871,2020,1,2021-04-01,100000.0,BDO
116350|2020|AA|12,116350,Hirlipali,2020,AA,2020_AA.json,44434227,2020,10,2020-11-06,150000.0,BDO
116350|2020|AA|13,116350,Hirlipali,2020,AA,2020_AA.json,44434288,2020,11,2020-11-06,300000.0,BDO
116350|2020|AA|14,116350,Hirlipali,2020,AA,2020_AA.json,50380926,2020,1,2021-02-26,91381.0,BDO
116350|2020|AA|15,116350,Hirlipali,2020,AA,2020_AA.json,50379756,2020,2,2021-02-26,160543.0,BDO
116350|2020|AA|16,116350,Hirlipali,2020,AA,2020_AA.json,50380631,2020,4,2021-02-26,106090.0,BDO
116350|2020|AA|17,116350,Hirlipali,2020,AA,2020_AA.json,50385180,2020,6,2021-02-26,162137.0,BDO
116350|2020|AA|18,116350,Hirlipali,2020,AA,2020_AA.json,50386577,2020,1,2021-12-22,30000.0,BDO
116350|2020|AA|19,116350,Hirlipali,2020,AA,2020_AA.json,50378946,2020,1,2021-04-12,150000.0,BDO
116350|2020|AA|20,116350,Hirlipali,2020,AA,2020_AA.json,50386093,2020,16,2021-12-22,12000.0,BDO
116350|2020|AA|21,116350,Hirlipali,2020,AA,2020_AA.json,50385618,2020,16,2021-12-23,12000.0,BDO
116350|2020|AA|22,116350,Hirlipali,2020,AA,2020_AA.json,50378563,2020,1,2024-07-12,200000.0,BDO
116350|2021|AA|0,116350,Hirlipali,2021,AA,2021_AA.json,48947039,2021,1,2021-04-01,180000.0,BDO
116350|2021|AA|1,116350,Hirlipali,2021,AA,2021_AA.json,48945604,2021,5,2021-12-03,330000.0,BDO
116350|2021|AA|2,116350,Hirlipali,2021,AA,2021_AA.json,48702295,2021,6,2021-12-03,200000.0,BDO
116350|2021|AA|3,116350,Hirlipali,2021,AA,2021_AA.json,48945521,2021,4,2021-12-03,335835.0,BDO
116350|2021|AA|4,116350,Hirlipali,2021,AA,2021_AA.json,48946946,2021,1,2021-04-01,48000.0,BDO
116350|2021|AA|5,116350,Hirlipali,2021,AA,2021_AA.json,48702608,2021,7,2021-12-24,250000.0,BDO
116350|2021|AA|6,116350,Hirlipali,2021,AA,2021_AA.json,48945928,2021,1,2021-11-01,73120.0,BDO
116350|2021|AA|7,116350,Hirlipali,2021,AA,2021_AA.json,48947102,2021,1,2021-05-01,124917.0,BDO
116350|2021|AA|8,116350,Hirlipali,2021,AA,2021_AA.json,48945227,2021,1,2021-12-03,482917.0,bdo
116350|2021|AA|9,116350,Hirlipali,2021,AA,2021_AA.json,48945351,2021,1,2021-12-03,150000.0,BDO
116350|2021|AA|10,116350,Hirlipali,2021,AA,2021_AA.json,48945423,2021,2,2021-12-18,150000.0,BDO
116350|2021|AA|11,116350,Hirlipali,2021,AA,2021_AA.json,48947241,2021,1,2022-08-05,100000.0,BDO
116350|2021|AA|12,116350,Hirlipali,2021,AA,2021_AA.json,48947511,2021,1,2025-09-29,117083.0,BDO
116350|2021|AA|13,116350,Hirlipali,2021,AA,2021_AA.json,48945030,2021,1,2024-12-03,32918.0,BDO
116350|2022|AA|0,116350,Hirlipali,2022,AA,2022_AA.json,61688546,2022,1,2022-07-22,48000.0,BDO
116350|2022|AA|1,116350,Hirlipali,2022,AA,2022_AA.json,65647242,2022,1,2022-12-28,200000.0,BDO
116350|2022|AA|2,116350,Hirlipali,2022,AA,2022_AA.json,65647752,2022,2,2023-02-14,5150.0,BDO
116350|2022|AA|3,116350,Hirlipali,2022,AA,2022_AA.json,61656325,2022,1,2022-11-08,100000.0,BDO
116350|2022|AA|4,116350,Hirlipali,2022,AA,2022_AA.json,65647681,2022,2,2022-11-10,114594.0,BDO
116350|2022|AA|5,116350,Hirlipali,2022,AA,2022_AA.json,65640607,2022,1,2023-02-14,200000.0,BDO
116350|2022|AA|6,116350,Hirlipali,2022,AA,2022_AA.json,65640848,2022,2,2023-05-02,100000.0,BDO
116350|2022|AA|7,116350,Hirlipali,2022,AA,2022_AA.json,65640647,2022,18,2022-11-03,200000.0,BDO
116350|2022|AA|8,116350,Hirlipali,2022,AA,2022_AA.json,65647203,2022,1,2023-03-03,128744.0,BDO
116350|2022|AA|9,116350,Hirlipali,2022,AA,2022_AA.json,65647344,2022,5,2023-02-23,50000.0,BDO
116350|2022|AA|10,116350,Hirlipali,2022,AA,2022_AA.json,65647221,2022,2,2023-06-19,80000.0,BDO
116350|2022|AA|11,116350,Hirlipali,2022,AA,2022_AA.json,65640793,2022,4,2023-06-06,400000.0,BDO
116350|2022|AA|12,116350,Hirlipali,2022,AA,2022_AA.json,65640676,2022,2,2022-10-04,118120.0,BDO
116350|2022|AA|13,116350,Hirlipali,2022,AA,2022_AA.json,65640722,2022,1,2025-04-01,125000.0,BDO
116350|2022|AA|14,116350,Hirlipali,2022,AA,2022_AA.json,65647385,2022,1,2025-04-01,107000.0,BDO
116350|2023|AA|0,116350,Hirlipali,2023,AA,2023_AA.json,82758183,2023,1,2023-05-05,280000.0,BDO
116350|2023|AA|1,116350,Hirlipali,2023,AA,2023_AA.json,81955225,2023,1,2023-11-04,404432.0,BDO
116350|2023|AA|2,116350,Hirlipali,2023,AA,2023_AA.json,81809079,2023,7,2023-11-07,593542.0,BDO
116350|2023|AA|3,116350,Hirlipali,2023,AA,2023_AA.json,81957492,2023,4,2024-01-01,48000.0,BDO
116350|2023|AA|4,116350,Hirlipali,2023,AA,2023_AA.json,82755183,2023,15,2023-11-04,10000.0,BDO
116350|2023|AA|5,116350,Hirlipali,2023,AA,2023_AA.json,81954553,2023,1,2024-04-05,128724.0,BDO
116350|2023|AA|6,116350,Hirlipali,2023,AA,2023_AA.json,82753880,2023,1,2024-06-10,100000.0,BDO
116350|2023|AA|7,116350,Hirlipali,2023,AA,2023_AA.json,82688276,2023,1,2023-12-26,66000.0,BDO
116350|2023|AA|8,116350,Hirlipali,2023,AA,2023_AA.json,127245789,2023,1,2023-05-10,50000.0,BDO
116350|2023|AA|9,116350,Hirlipali,2023,AA,2023_AA.json,128251100,2023,1,2026-05-12,100000.0,BDO
116350|2023|AA|10,116350,Hirlipali,2023,AA,2023_AA.json,128340688,2023,1,2026-05-12,80000.0,BDO
116350|2024|AA|0,116350,Hirlipali,2024,AA,2024_AA.json,105399201,2024,1,2024-07-01,300000.0,BDO
116350|2024|AA|1,116350,Hirlipali,2024,AA,2024_AA.json,105444928,2024,2,2024-07-01,295917.0,BDO
116350|2024|AA|2,116350,Hirlipali,2024,AA,2024_AA.json,105404519,2024,3,2024-07-05,60000.0,BDO
116350|2024|AA|3,116350,Hirlipali,2024,AA,2024_AA.json,105440256,2024,1,2024-08-01,192767.0,BDO
116350|2024|AA|4,116350,Hirlipali,2024,AA,2024_AA.json,105418828,2024,1,2024-09-06,60000.0,BDO
116350|2024|AA|5,116350,Hirlipali,2024,AA,2024_AA.json,105407657,2024,3,2024-04-12,5150.0,BDO
116350|2024|AA|6,116350,Hirlipali,2024,AA,2024_AA.json,105433602,2024,2,2024-07-11,81750.0,BDO
116350|2024|AA|7,116350,Hirlipali,2024,AA,2024_AA.json,105446314,2024,5,2024-12-24,100000.0,BDO
116350|2024|AA|8,116350,Hirlipali,2024,AA,2024_AA.json,105410403,2024,13,2025-05-23,115050.0,BDO
116350|2024|AA|9,116350,Hirlipali,2024,AA,2024_AA.json,105439238,2024,6,2024-12-22,152756.0,BDO
116350|2024|AA|10,116350,Hirlipali,2024,AA,2024_AA.json,105419399,2024,1,2025-07-01,150000.0,BDO
116350|2024|AA|11,116350,Hirlipali,2024,AA,2024_AA.json,105419843,2024,4,2024-12-22,300000.0,BDO
116350|2024|AA|12,116350,Hirlipali,2024,AA,2024_AA.json,105399843,2024,1,2024-12-22,150000.0,BDO
116350|2025|AA|0,116350,Hirlipali,2025,AA,2025_AA.json,122229651,2025,1,2025-07-28,100000.0,BDO
116350|2025|AA|1,116350,Hirlipali,2025,AA,2025_AA.json,122224718,2025,1,2025-06-18,200000.0,BDO
116350|2025|AA|2,116350,Hirlipali,2025,AA,2025_AA.json,122214980,2025,1,2025-07-31,78000.0,BDO
116350|2025|AA|3,116350,Hirlipali,2025,AA,2025_AA.json,122215410,2025,1,2025-07-28,100000.0,BDO
116350|2025|AA|4,116350,Hirlipali,2025,AA,2025_AA.json,122240109,2025,1,2025-07-28,49000.0,BDO
116350|2025|AA|5,116350,Hirlipali,2025,AA,2025_AA.json,122215204,2025,1,2025-07-28,250000.0,BDO
116350|2025|AA|6,116350,Hirlipali,2025,AA,2025_AA.json,122216991,2025,1,2025-07-28,30000.0,BDO
116350|2025|AA|7,116350,Hirlipali,2025,AA,2025_AA.json,122216772,2025,1,2025-07-28,37067.0,BDO
116350|2025|AA|8,116350,Hirlipali,2025,AA,2025_AA.json,127245330,2025,1,2026-01-08,150000.0,BDO
116350|2025|AA|9,116350,Hirlipali,2025,AA,2025_AA.json,122229535,2025,1,2026-01-12,48696.0,BDO
116350|2025|AA|10,116350,Hirlipali,2025,AA,2025_AA.json,128056968,2025,1,2025-11-20,500000.0,BDO
116350|2025|AA|11,116350,Hirlipali,2025,AA,2025_AA.json,122217691,2025,1,2026-01-22,114000.0,BDO
116350|2025|AA|12,116350,Hirlipali,2025,AA,2025_AA.json,122229799,2025,1,2025-07-28,30000.0,BDO
116397|2020|AA|0,116397,Bandhpali,2020,AA,2020_AA.json,44376521,2020,46842718,2020-11-25,214080.0,SARPANCH
116397|2020|AA|1,116397,Bandhpali,2020,AA,2020_AA.json,46843604,2020,46843604,2020-09-09,300000.0,SARPANCH
116397|2020|AA|2,116397,Bandhpali,2020,AA,2020_AA.json,46851012,2020,46851012,2020-11-20,300000.0,SARPANCH
116397|2020|AA|3,116397,Bandhpali,2020,AA,2020_AA.json,44378637,2020,44378637,2020-08-19,223312.0,BDO
116397|2020|AA|4,116397,Bandhpali,2020,AA,2020_AA.json,46860964,2020,44405383,2020-10-12,30000.0,SARPANCH
116397|2020|AA|5,116397,Bandhpali,2020,AA,2020_AA.json,44377555,2020,4,2021-05-07,100000.0,BDO
116397|2020|AA|6,116397,Bandhpali,2020,AA,2020_AA.json,48283445,2020,2,2021-05-07,150000.0,BDO
116397|2020|AA|7,116397,Bandhpali,2020,AA,2020_AA.json,46861757,2020,2,2021-05-07,48000.0,BDO
116397|2020|AA|8,116397,Bandhpali,2020,AA,2020_AA.json,46863243,2020,4,2021-05-07,100000.0,BDO
116397|2020|AA|9,116397,Bandhpali,2020,AA,2020_AA.json,44377200,2020,2,2021-05-07,150000.0,BDO
116397|2020|AA|10,116397,Bandhpali,2020,AA,2020_AA.json,46861339,2020,2,2021-05-02,522000.0,BDO
116397|2020|AA|11,116397,Bandhpali,2020,AA,2020_AA.json,46860396,2020,4,2021-07-07,300000.0,BDO
116397|2020|AA|12,116397,Bandhpali,2020,AA,2020_AA.json,48281117,2020,2,2021-02-02,100000.0,BDO
116397|2020|AA|13,116397,Bandhpali,2020,AA,2020_AA.json,48281283,2020,4,2021-02-02,100312.0,BDO
116397|2020|AA|14,116397,Bandhpali,2020,AA,2020_AA.json,48281425,2020,2,2021-09-02,873000.0,BDO
116397|2020|AA|15,116397,Bandhpali,2020,AA,2020_AA.json,44378252,2020,4,2021-01-20,300000.0,BDO
116397|2021|AA|0,116397,Bandhpali,2021,AA,2021_AA.json,48587405,2021,1,2021-06-28,1000000.0,BDO
116397|2021|AA|1,116397,Bandhpali,2021,AA,2021_AA.json,48584943,2021,3,2021-06-18,200000.0,BDO
116397|2021|AA|2,116397,Bandhpali,2021,AA,2021_AA.json,48586944,2021,5,2021-06-18,300000.0,BDO
116397|2021|AA|3,116397,Bandhpali,2021,AA,2021_AA.json,48585464,2021,200000,2021-06-18,200000.0,BDOBARPALI
116397|2021|AA|4,116397,Bandhpali,2021,AA,2021_AA.json,48588115,2021,2,2021-06-18,100000.0,BDO
116397|2021|AA|5,116397,Bandhpali,2021,AA,2021_AA.json,55600860,2021,8,2021-06-18,200000.0,BDO
116397|2021|AA|6,116397,Bandhpali,2021,AA,2021_AA.json,48589178,2021,5,2021-06-18,500000.0,BDO
116397|2021|AA|7,116397,Bandhpali,2021,AA,2021_AA.json,48588888,2021,4,2021-06-18,26032.0,BDO
116397|2021|AA|8,116397,Bandhpali,2021,AA,2021_AA.json,48588415,2021,3,2021-06-18,40000.0,BDO
116397|2021|AA|9,116397,Bandhpali,2021,AA,2021_AA.json,48587836,2021,2,2021-09-02,48000.0,BDO
116397|2021|AA|10,116397,Bandhpali,2021,AA,2021_AA.json,48589482,2021,2,2021-09-02,100000.0,BDO
116397|2021|AA|11,116397,Bandhpali,2021,AA,2021_AA.json,48584673,2021,11,2022-02-10,100000.0,BDO Barpali
116397|2021|AA|12,116397,Bandhpali,2021,AA,2021_AA.json,55601248,2021,4,2021-10-26,745052.0,BDO
116397|2022|AA|0,116397,Bandhpali,2022,AA,2022_AA.json,61742460,2022,1,2022-03-10,150000.0,BDO
116397|2022|AA|1,116397,Bandhpali,2022,AA,2022_AA.json,61742577,2022,5,2022-04-10,200000.0,BDO
116397|2022|AA|2,116397,Bandhpali,2022,AA,2022_AA.json,61742509,2022,2,2022-07-26,30000.0,BDO
116397|2022|AA|3,116397,Bandhpali,2022,AA,2022_AA.json,61742586,2022,6,2022-07-26,300000.0,BDO
116397|2022|AA|4,116397,Bandhpali,2022,AA,2022_AA.json,61742520,2022,6,2022-12-16,100000.0,BDO
116397|2022|AA|5,116397,Bandhpali,2022,AA,2022_AA.json,61742479,2022,3,2022-12-23,200000.0,BDO
116397|2022|AA|6,116397,Bandhpali,2022,AA,2022_AA.json,61742455,2022,3,2022-12-30,21392.0,AE
116397|2022|AA|7,116397,Bandhpali,2022,AA,2022_AA.json,61742552,2022,1,2022-12-30,72000.0,AE
116397|2022|AA|8,116397,Bandhpali,2022,AA,2022_AA.json,61742562,2022,4,2022-12-30,142032.0,AE
116397|2022|AA|9,116397,Bandhpali,2022,AA,2022_AA.json,61742451,2022,3,2023-01-31,250000.0,BDO
116397|2022|AA|10,116397,Bandhpali,2022,AA,2022_AA.json,65502394,2022,1,2023-01-31,400000.0,BDO
116397|2022|AA|11,116397,Bandhpali,2022,AA,2022_AA.json,65503722,2022,9,2023-02-28,6500.0,BDO
116397|2022|AA|12,116397,Bandhpali,2022,AA,2022_AA.json,61742490,2022,4,2023-03-13,128544.0,BDO
116397|2022|AA|13,116397,Bandhpali,2022,AA,2022_AA.json,65502685,2022,2,2023-04-13,100000.0,BDO
116397|2022|AA|14,116397,Bandhpali,2022,AA,2022_AA.json,65502816,2022,1,2022-08-12,170000.0,BDO
116397|2022|AA|15,116397,Bandhpali,2022,AA,2022_AA.json,65503385,2022,14,2024-06-12,75000.0,Sarpanch
116397|2022|AA|16,116397,Bandhpali,2022,AA,2022_AA.json,61742558,2022,2,2022-08-12,100000.0,AEE
116397|2022|AA|17,116397,Bandhpali,2022,AA,2022_AA.json,61742469,2022,2,2022-08-14,100000.0,BDO
116397|2023|AA|0,116397,Bandhpali,2023,AA,2023_AA.json,82331651,2023,4,2023-06-08,119700.0,BDO
116397|2023|AA|1,116397,Bandhpali,2023,AA,2023_AA.json,82330506,2023,4,2023-08-02,80000.0,BDO
116397|2023|AA|2,116397,Bandhpali,2023,AA,2023_AA.json,82420944,2023,5,2023-04-24,72000.0,BDO
116397|2023|AA|3,116397,Bandhpali,2023,AA,2023_AA.json,82335953,2023,3,2023-04-24,160000.0,BDO
116397|2023|AA|4,116397,Bandhpali,2023,AA,2023_AA.json,82669742,2023,6,2023-11-01,115279.0,BDO
116397|2023|AA|5,116397,Bandhpali,2023,AA,2023_AA.json,82333030,2023,6,2023-04-24,242632.0,BDO
116397|2023|AA|6,116397,Bandhpali,2023,AA,2023_AA.json,82329217,2023,2,2023-04-24,100000.0,BDO
116397|2023|AA|7,116397,Bandhpali,2023,AA,2023_AA.json,82478543,2023,4,2023-04-24,82680.0,BDO
116397|2023|AA|8,116397,Bandhpali,2023,AA,2023_AA.json,82670995,2023,13,2023-04-24,180000.0,BDO
116397|2023|AA|9,116397,Bandhpali,2023,AA,2023_AA.json,82690608,2023,1,2023-04-24,700000.0,AEE
116397|2023|AA|10,116397,Bandhpali,2023,AA,2023_AA.json,82420634,2023,4,2023-04-24,80000.0,AEE
116397|2023|AA|11,116397,Bandhpali,2023,AA,2023_AA.json,82425252,2023,12,2023-04-24,50000.0,BDO
116397|2023|AA|12,116397,Bandhpali,2023,AA,2023_AA.json,82334659,2023,57,2023-10-02,80372.0,sarpanch
116397|2023|AA|13,116397,Bandhpali,2023,AA,2023_AA.json,82421319,2023,58,2023-10-02,50000.0,sarpanch
116397|2023|AA|14,116397,Bandhpali,2023,AA,2023_AA.json,82424820,2023,59,2023-10-02,90000.0,sarpanch
116397|2023|AA|15,116397,Bandhpali,2023,AA,2023_AA.json,82421627,2023,90,2023-10-05,50000.0,sarpanch
116397|2023|AA|16,116397,Bandhpali,2023,AA,2023_AA.json,82326947,2023,113,2024-10-02,100000.0,sarpanch
116397|2024|AA|0,116397,Bandhpali,2024,AA,2024_AA.json,105374258,2024,85,2024-04-04,120000.0,sarpanch
116397|2024|AA|1,116397,Bandhpali,2024,AA,2024_AA.json,105374771,2024,3,2024-02-10,90780.0,BDO
116397|2024|AA|2,116397,Bandhpali,2024,AA,2024_AA.json,105368013,2024,95,2024-05-06,80118.0,sarpanch
116397|2024|AA|3,116397,Bandhpali,2024,AA,2024_AA.json,105385109,2024,95,2024-06-14,133118.0,sarpanch
116397|2024|AA|4,116397,Bandhpali,2024,AA,2024_AA.json,105390630,2024,88,2023-10-02,87000.0,sarpanch
116397|2024|AA|5,116397,Bandhpali,2024,AA,2024_AA.json,105375738,2024,106,2024-08-06,54000.0,sarpanch
116397|2024|AA|6,116397,Bandhpali,2024,AA,2024_AA.json,105375198,2024,112,2024-10-02,150000.0,sarpanch
116397|2024|AA|7,116397,Bandhpali,2024,AA,2024_AA.json,105366790,2024,105,2024-10-02,350000.0,sarpanch
116397|2024|AA|8,116397,Bandhpali,2024,AA,2024_AA.json,105391951,2024,108,2024-12-05,5150.0,sarpanch
116397|2024|AA|9,116397,Bandhpali,2024,AA,2024_AA.json,105374436,2024,109,2024-12-05,200000.0,sarpanch
116397|2024|AA|10,116397,Bandhpali,2024,AA,2024_AA.json,105375002,2024,110,2024-10-02,200000.0,sarpanch
116397|2024|AA|11,116397,Bandhpali,2024,AA,2024_AA.json,105370526,2024,110,2024-10-02,200000.0,sarpanch
116397|2024|AA|12,116397,Bandhpali,2024,AA,2024_AA.json,105387475,2024,140,2025-11-02,200000.0,SARPANCH
116397|2025|AA|0,116397,Bandhpali,2025,AA,2025_AA.json,122086266,2025,109,2024-10-02,150000.0,sarpanch
116397|2025|AA|1,116397,Bandhpali,2025,AA,2025_AA.json,122086831,2025,111,2024-10-02,90000.0,sarpanch
116397|2025|AA|2,116397,Bandhpali,2025,AA,2025_AA.json,122183840,2025,115,2025-04-02,165750.0,sarpanch
116397|2025|AA|3,116397,Bandhpali,2025,AA,2025_AA.json,122183042,2025,118,2025-04-03,260000.0,sarpanch
116397|2025|AA|4,116397,Bandhpali,2025,AA,2025_AA.json,122085483,2025,118,2025-04-03,100000.0,sarpanch
116397|2025|AA|5,116397,Bandhpali,2025,AA,2025_AA.json,122182622,2025,118,2025-04-03,102368.0,sarpanch
116397|2025|AA|6,116397,Bandhpali,2025,AA,2025_AA.json,122084562,2025,121,2025-07-02,210000.0,sarpanch
116397|2025|AA|7,116397,Bandhpali,2025,AA,2025_AA.json,122088730,2025,135,2025-03-05,180000.0,SARPANCH
116397|2025|AA|8,116397,Bandhpali,2025,AA,2025_AA.json,122084186,2025,135,2026-08-19,200000.0,SARPANCH
116397|2025|AA|9,116397,Bandhpali,2025,AA,2025_AA.json,122085097,2025,137,2025-08-19,200000.0,SARPANCH
116397|2025|AA|10,116397,Bandhpali,2025,AA,2025_AA.json,122183908,2025,141,2025-12-03,45000.0,SARPANCH
116397|2025|AA|11,116397,Bandhpali,2025,AA,2025_AA.json,122176291,2025,142,2025-12-03,41850.0,SARPANCH
116397|2025|AA|12,116397,Bandhpali,2025,AA,2025_AA.json,122089312,2025,141,2026-01-12,90000.0,SARPANCH
116397|2025|AA|13,116397,Bandhpali,2025,AA,2025_AA.json,122089799,2025,146,2025-10-02,102000.0,SARPANCH
116397|2025|AA|14,116397,Bandhpali,2025,AA,2025_AA.json,122085805,2025,146,2025-10-02,116824.0,SARPANCH
116400|2020|AA|0,116400,Bhatigaon,2020,AA,2020_AA.json,52276505,2020,4,2021-07-02,72000.0,BDO
116400|2020|AA|1,116400,Bhatigaon,2020,AA,2020_AA.json,52276462,2020,2,2021-08-03,133772.0,BDO
116400|2020|AA|2,116400,Bhatigaon,2020,AA,2020_AA.json,52276445,2020,1,2021-08-04,300000.0,BDO
116400|2020|AA|3,116400,Bhatigaon,2020,AA,2020_AA.json,52276402,2020,3,2021-08-06,75000.0,BDO
116400|2020|AA|4,116400,Bhatigaon,2020,AA,2020_AA.json,52276390,2020,4,2021-08-07,75000.0,BDO
116400|2020|AA|5,116400,Bhatigaon,2020,AA,2020_AA.json,52276538,2020,2,2021-08-04,180000.0,BDO
116400|2020|AA|6,116400,Bhatigaon,2020,AA,2020_AA.json,52275108,2020,5,2021-09-04,50000.0,BDO
116400|2020|AA|7,116400,Bhatigaon,2020,AA,2020_AA.json,52275079,2020,6,2021-09-04,132000.0,BDO
116400|2020|AA|8,116400,Bhatigaon,2020,AA,2020_AA.json,52275051,2020,7,2021-09-04,50000.0,BDO
116400|2020|AA|9,116400,Bhatigaon,2020,AA,2020_AA.json,52274555,2020,8,2021-09-04,50000.0,BDO
116400|2020|AA|10,116400,Bhatigaon,2020,AA,2020_AA.json,52275022,2020,9,2021-09-04,50000.0,BDO
116400|2020|AA|11,116400,Bhatigaon,2020,AA,2020_AA.json,52276583,2020,10,2021-09-04,241846.0,BDO
116400|2020|AA|12,116400,Bhatigaon,2020,AA,2020_AA.json,52276487,2020,11,2021-09-04,965772.0,BDO
116400|2020|AA|13,116400,Bhatigaon,2020,AA,2020_AA.json,52276559,2020,11,2021-09-04,34228.0,BDO
116400|2021|AA|0,116400,Bhatigaon,2021,AA,2021_AA.json,52885146,2021,2,2022-02-03,384920.0,BDO
116400|2021|AA|1,116400,Bhatigaon,2021,AA,2021_AA.json,52885214,2021,1,2022-02-03,258154.0,BDO
116400|2021|AA|2,116400,Bhatigaon,2021,AA,2021_AA.json,52884501,2021,1,2021-11-08,200000.0,BDO
116400|2021|AA|3,116400,Bhatigaon,2021,AA,2021_AA.json,52884352,2021,2,2021-11-08,388198.0,BDO
116400|2021|AA|4,116400,Bhatigaon,2021,AA,2021_AA.json,52884604,2021,3,2021-11-08,75000.0,BDO
116400|2021|AA|5,116400,Bhatigaon,2021,AA,2021_AA.json,52884663,2021,4,2021-08-30,155886.0,Sarpanch
116400|2021|AA|6,116400,Bhatigaon,2021,AA,2021_AA.json,52884843,2021,6,2021-12-07,72000.0,BDO
116400|2021|AA|7,116400,Bhatigaon,2021,AA,2021_AA.json,52884906,2021,6,2021-11-29,180000.0,BDO
116400|2021|AA|8,116400,Bhatigaon,2021,AA,2021_AA.json,66417478,2021,3,2023-01-04,424623.0,BDO
116400|2022|AA|0,116400,Bhatigaon,2022,AA,2022_AA.json,61664768,2022,108000,2022-07-04,108000.0,BDO
116400|2022|AA|1,116400,Bhatigaon,2022,AA,2022_AA.json,61665171,2022,100000,2022-07-04,100000.0,BDO
116400|2022|AA|2,116400,Bhatigaon,2022,AA,2022_AA.json,61666890,2022,70000,2022-07-04,70000.0,BDO
116400|2022|AA|3,116400,Bhatigaon,2022,AA,2022_AA.json,61664567,2022,2,2022-07-26,100000.0,BDO
116400|2022|AA|4,116400,Bhatigaon,2022,AA,2022_AA.json,61664910,2022,3,2022-10-18,58744.0,BDO
116400|2022|AA|5,116400,Bhatigaon,2022,AA,2022_AA.json,66018426,2022,6,2022-11-23,53094.0,BDO
116400|2022|AA|6,116400,Bhatigaon,2022,AA,2022_AA.json,66019150,2022,6,2022-12-12,558992.0,BDO
116400|2022|AA|7,116400,Bhatigaon,2022,AA,2022_AA.json,66019314,2022,1,2023-01-02,400000.0,BDO
116400|2022|AA|8,116400,Bhatigaon,2022,AA,2022_AA.json,66018329,2022,8,2023-02-01,90000.0,BDO
116400|2022|AA|9,116400,Bhatigaon,2022,AA,2022_AA.json,66018988,2022,12,2023-02-08,5150.0,BDO
116400|2022|AA|10,116400,Bhatigaon,2022,AA,2022_AA.json,66019346,2022,2,2023-03-02,173074.0,BDO
116400|2022|AA|11,116400,Bhatigaon,2022,AA,2022_AA.json,66019209,2022,2,2023-05-05,50000.0,BDO
116400|2022|AA|12,116400,Bhatigaon,2022,AA,2022_AA.json,66018753,2022,9,2023-04-20,90000.0,BDO
116400|2022|AA|13,116400,Bhatigaon,2022,AA,2022_AA.json,66018695,2022,10,2024-11-25,30000.0,Sarpanch
116400|2022|AA|14,116400,Bhatigaon,2022,AA,2022_AA.json,66018637,2022,9,2025-10-22,105000.0,SARPANCH
116400|2023|AA|0,116400,Bhatigaon,2023,AA,2023_AA.json,82680418,2023,1,2023-06-30,119700.0,BDO
116400|2023|AA|1,116400,Bhatigaon,2023,AA,2023_AA.json,82973536,2023,4,2023-07-10,132782.0,BDO
116400|2023|AA|2,116400,Bhatigaon,2023,AA,2023_AA.json,82721831,2023,3,2023-07-10,128000.0,BDO
116400|2023|AA|3,116400,Bhatigaon,2023,AA,2023_AA.json,82730292,2023,2,2023-09-05,90000.0,BDO
116400|2023|AA|4,116400,Bhatigaon,2023,AA,2023_AA.json,82727036,2023,1,2023-04-30,120000.0,BDO
116400|2023|AA|5,116400,Bhatigaon,2023,AA,2023_AA.json,82688016,2023,2,2023-10-02,225000.0,BDO
116400|2023|AA|6,116400,Bhatigaon,2023,AA,2023_AA.json,82711051,2023,5,2023-12-01,75910.0,BDO
116400|2023|AA|7,116400,Bhatigaon,2023,AA,2023_AA.json,82740632,2023,1,2023-09-05,72000.0,BDO
116400|2023|AA|8,116400,Bhatigaon,2023,AA,2023_AA.json,82711977,2023,12,2023-04-30,416080.0,BDO
116400|2023|AA|9,116400,Bhatigaon,2023,AA,2023_AA.json,82731347,2023,15,2024-02-03,82680.0,BDO
116400|2023|AA|10,116400,Bhatigaon,2023,AA,2023_AA.json,82712780,2023,8,2024-04-20,200000.0,BDO
116400|2023|AA|11,116400,Bhatigaon,2023,AA,2023_AA.json,82705250,2023,4,2024-04-20,90000.0,BDO
116400|2023|AA|12,116400,Bhatigaon,2023,AA,2023_AA.json,82692293,2023,102,2024-09-02,90000.0,sarpanch
116400|2023|AA|13,116400,Bhatigaon,2023,AA,2023_AA.json,82702658,2023,3,2023-01-26,90000.0,BDO
116400|2024|AA|0,116400,Bhatigaon,2024,AA,2024_AA.json,105425488,2024,5,2024-04-20,153900.0,BDO
116400|2024|AA|1,116400,Bhatigaon,2024,AA,2024_AA.json,105428593,2024,7,2024-04-20,90000.0,BDO
116400|2024|AA|2,116400,Bhatigaon,2024,AA,2024_AA.json,105419984,2024,4,2024-04-20,89000.0,BDO
116400|2024|AA|3,116400,Bhatigaon,2024,AA,2024_AA.json,105413098,2024,6,2024-04-20,95150.0,BDO
116400|2024|AA|4,116400,Bhatigaon,2024,AA,2024_AA.json,105428790,2024,101,2024-02-08,90000.0,sarpanch
116400|2024|AA|5,116400,Bhatigaon,2024,AA,2024_AA.json,105420513,2024,4,2024-08-05,237000.0,BDO
116400|2024|AA|6,116400,Bhatigaon,2024,AA,2024_AA.json,105446246,2024,5,2024-09-05,111000.0,BDO
116400|2024|AA|7,116400,Bhatigaon,2024,AA,2024_AA.json,105428081,2024,8,2024-04-20,250000.0,BDO
116400|2024|AA|8,116400,Bhatigaon,2024,AA,2024_AA.json,105401313,2024,6,2024-04-20,50000.0,BDO
116400|2024|AA|9,116400,Bhatigaon,2024,AA,2024_AA.json,100954833,2024,6,2024-10-22,102756.0,Bdo
116400|2024|AA|10,116400,Bhatigaon,2024,AA,2024_AA.json,105447295,2024,4,2025-04-30,23417.0,Sarpanch
116400|2024|AA|11,116400,Bhatigaon,2024,AA,2024_AA.json,105414568,2024,12,2024-04-20,124417.0,BDO
116400|2024|AA|12,116400,Bhatigaon,2024,AA,2024_AA.json,105428300,2024,6,2024-04-20,100000.0,BDO
116400|2024|AA|13,116400,Bhatigaon,2024,AA,2024_AA.json,105417454,2024,14,2024-12-12,400330.0,Bdo
116400|2024|AA|14,116400,Bhatigaon,2024,AA,2024_AA.json,105446019,2024,7,2024-06-27,5150.0,Bdo
116400|2024|AA|15,116400,Bhatigaon,2024,AA,2024_AA.json,100951187,2024,1,2024-04-20,500000.0,BDO
116400|2025|AA|0,116400,Bhatigaon,2025,AA,2025_AA.json,123361564,2025,1,2025-03-21,158696.0,Sarpanch
116400|2025|AA|1,116400,Bhatigaon,2025,AA,2025_AA.json,123369541,2025,3,2025-05-08,270000.0,Sarpanch
116400|2025|AA|2,116400,Bhatigaon,2025,AA,2025_AA.json,123375228,2025,8,2025-08-01,156000.0,Sarpanch
116400|2025|AA|3,116400,Bhatigaon,2025,AA,2025_AA.json,123385383,2025,10,2026-02-01,40000.0,JE
116400|2025|AA|4,116400,Bhatigaon,2025,AA,2025_AA.json,123385938,2025,11,2026-01-01,14417.0,SARPANCH
116400|2025|AA|5,116400,Bhatigaon,2025,AA,2025_AA.json,123379333,2025,3,2026-01-07,28567.0,JE
116400|2025|AA|6,116400,Bhatigaon,2025,AA,2025_AA.json,123362979,2025,15,2026-01-02,104534.0,JE
116400|2025|AA|7,116400,Bhatigaon,2025,AA,2025_AA.json,123377827,2025,12,2025-11-05,250000.0,Sarpanch
116400|2025|AA|8,116400,Bhatigaon,2025,AA,2025_AA.json,123362365,2025,14,2026-02-01,130000.0,JE
116400|2025|AA|9,116400,Bhatigaon,2025,AA,2025_AA.json,123403421,2025,4,2026-02-01,55000.0,JE
116400|2025|AA|10,116400,Bhatigaon,2025,AA,2025_AA.json,123388537,2025,18,2026-02-01,600000.0,JE
116400|2025|AA|11,116400,Bhatigaon,2025,AA,2025_AA.json,123380046,2025,5,2026-02-01,72000.0,JE
116400|2025|AA|12,116400,Bhatigaon,2025,AA,2025_AA.json,123386594,2025,12,2026-01-01,5150.0,JE
116400|2025|AA|13,116400,Bhatigaon,2025,AA,2025_AA.json,123365329,2025,3,2025-11-22,100000.0,SARPANCH
116400|2025|AA|14,116400,Bhatigaon,2025,AA,2025_AA.json,123381563,2025,6,2026-02-01,84000.0,JE
116400|2025|AA|15,116400,Bhatigaon,2025,AA,2025_AA.json,123364401,2025,16,2026-02-01,150000.0,JE
116400|2025|AA|16,116400,Bhatigaon,2025,AA,2025_AA.json,123382448,2025,7,2026-02-01,90000.0,JE
116400|2025|AA|17,116400,Bhatigaon,2025,AA,2025_AA.json,123383534,2025,8,2026-02-01,144000.0,JE
116400|2025|AA|18,116400,Bhatigaon,2025,AA,2025_AA.json,123384320,2025,9,2026-02-01,40000.0,JE
116400|2025|AA|19,116400,Bhatigaon,2025,AA,2025_AA.json,127632485,2025,19,2026-02-21,52756.0,SARPANCH
116438|2020|AA|0,116438,Bheden,2020,AA,2020_AA.json,49925943,2020,5,2020-10-28,110000.0,Sarapanch
116438|2020|AA|1,116438,Bheden,2020,AA,2020_AA.json,49924130,2020,16,2020-10-28,100000.0,Sarapanch
116438|2020|AA|2,116438,Bheden,2020,AA,2020_AA.json,44477686,2020,10,2020-12-21,150000.0,Sarapanch
116438|2020|AA|3,116438,Bheden,2020,AA,2020_AA.json,49923830,2020,18,2020-10-28,250000.0,Sarapanch
116438|2020|AA|4,116438,Bheden,2020,AA,2020_AA.json,49923633,2020,17,2020-10-28,300000.0,Sarapanch
116438|2020|AA|5,116438,Bheden,2020,AA,2020_AA.json,44477294,2020,3,2020-10-20,100000.0,Sarapanch
116438|2020|AA|6,116438,Bheden,2020,AA,2020_AA.json,49925179,2020,1,2020-11-06,150000.0,Sarapanch
116438|2020|AA|7,116438,Bheden,2020,AA,2020_AA.json,49923475,2020,15,2020-11-06,150000.0,Sarapanch
116438|2020|AA|8,116438,Bheden,2020,AA,2020_AA.json,44477723,2020,5,2020-12-28,150000.0,Sarapanch
116438|2020|AA|9,116438,Bheden,2020,AA,2020_AA.json,44477526,2020,7,2020-10-30,200000.0,Sarapanch
116438|2020|AA|10,116438,Bheden,2020,AA,2020_AA.json,49924434,2020,19,2021-03-01,150000.0,Sarapanch
116438|2020|AA|11,116438,Bheden,2020,AA,2020_AA.json,49924832,2020,21,2021-03-01,400000.0,Sarapanch
116438|2020|AA|12,116438,Bheden,2020,AA,2020_AA.json,49925355,2020,4,2020-11-04,200000.0,Sarapanch
116438|2020|AA|13,116438,Bheden,2020,AA,2020_AA.json,44477215,2020,2,2020-11-04,300000.0,Sarapanch
116438|2020|AA|14,116438,Bheden,2020,AA,2020_AA.json,49924584,2020,20,2020-11-04,130000.0,Sarapanch
116438|2020|AA|15,116438,Bheden,2020,AA,2020_AA.json,63292671,2020,3,2021-08-04,514048.0,Sarapanch
116438|2020|AA|16,116438,Bheden,2020,AA,2020_AA.json,44473426,2020,1,2022-08-20,100000.0,BDO
116438|2020|AA|17,116438,Bheden,2020,AA,2020_AA.json,63292871,2020,5,2023-01-06,280850.0,BDO
116438|2020|AA|18,116438,Bheden,2020,AA,2020_AA.json,63292660,2020,6,2023-01-08,300850.0,BDO
116438|2021|AA|0,116438,Bheden,2021,AA,2021_AA.json,48344875,2021,3,2021-08-04,350000.0,Sarapanch
116438|2021|AA|1,116438,Bheden,2021,AA,2021_AA.json,48345021,2021,2,2021-08-04,360000.0,Sarapanch
116438|2021|AA|2,116438,Bheden,2021,AA,2021_AA.json,48345342,2021,1,2021-08-04,350000.0,Sarapanch
116438|2021|AA|3,116438,Bheden,2021,AA,2021_AA.json,63292618,2021,6,2021-11-04,985952.0,Sarapanch
116438|2021|AA|4,116438,Bheden,2021,AA,2021_AA.json,48344833,2021,2,2021-08-04,140426.0,Sarapanch
116438|2021|AA|5,116438,Bheden,2021,AA,2021_AA.json,48344782,2021,3,2022-02-04,100000.0,Sarapanch
116438|2021|AA|6,116438,Bheden,2021,AA,2021_AA.json,65479238,2021,1,2022-08-01,86002.0,BDO
116438|2021|AA|7,116438,Bheden,2021,AA,2021_AA.json,66819847,2021,2,2023-01-30,84048.0,BDO
116438|2021|AA|8,116438,Bheden,2021,AA,2021_AA.json,65478931,2021,2,2022-08-24,351904.0,BDO
116438|2021|AA|9,116438,Bheden,2021,AA,2021_AA.json,48345420,2021,2,2022-05-11,100000.0,BDO
116438|2021|AA|10,116438,Bheden,2021,AA,2021_AA.json,66450063,2021,5,2023-01-10,100000.0,BDO
116438|2021|AA|11,116438,Bheden,2021,AA,2021_AA.json,65479275,2021,4,2022-12-08,316860.0,BDO
116438|2022|AA|0,116438,Bheden,2022,AA,2022_AA.json,65260618,2022,1,2022-04-06,200000.0,BDO
116438|2022|AA|1,116438,Bheden,2022,AA,2022_AA.json,65261104,2022,1,2022-06-06,30000.0,BDO
116438|2022|AA|2,116438,Bheden,2022,AA,2022_AA.json,65260264,2022,2,2022-06-06,10500.0,BDO
116438|2022|AA|3,116438,Bheden,2022,AA,2022_AA.json,65260362,2022,3,2022-06-06,10500.0,BDO
116438|2022|AA|4,116438,Bheden,2022,AA,2022_AA.json,65260337,2022,1,2022-06-06,10500.0,BDO
116438|2022|AA|5,116438,Bheden,2022,AA,2022_AA.json,65260325,2022,5,2022-06-06,10500.0,BDO
116438|2022|AA|6,116438,Bheden,2022,AA,2022_AA.json,65260294,2022,1,2022-06-06,10500.0,BDO
116438|2022|AA|7,116438,Bheden,2022,AA,2022_AA.json,65261048,2022,6,2022-02-04,33796.0,Sarapanch
116438|2022|AA|8,116438,Bheden,2022,AA,2022_AA.json,66670247,2022,4,2022-10-30,174000.0,BDO
116438|2022|AA|9,116438,Bheden,2022,AA,2022_AA.json,66670233,2022,5,2022-10-30,8000.0,BDO
116438|2022|AA|10,116438,Bheden,2022,AA,2022_AA.json,66670256,2022,2,2022-12-01,70500.0,BDO
116438|2022|AA|11,116438,Bheden,2022,AA,2022_AA.json,65260734,2022,3,2023-01-05,74347.0,BDO
116438|2022|AA|12,116438,Bheden,2022,AA,2022_AA.json,66670204,2022,6,2022-11-08,90000.0,Sarapanch
116438|2022|AA|13,116438,Bheden,2022,AA,2022_AA.json,65261664,2022,2,2022-12-21,300000.0,BDO
116438|2022|AA|14,116438,Bheden,2022,AA,2022_AA.json,65261025,2022,5,2023-01-06,300000.0,BDO
116438|2022|AA|15,116438,Bheden,2022,AA,2022_AA.json,65261308,2022,6,2023-01-10,230000.0,BDO
116438|2022|AA|16,116438,Bheden,2022,AA,2022_AA.json,65260704,2022,1,2023-02-08,330000.0,SARPANCH
116438|2022|AA|17,116438,Bheden,2022,AA,2022_AA.json,65260847,2022,2,2023-02-15,300000.0,SARPANCH
116438|2022|AA|18,116438,Bheden,2022,AA,2022_AA.json,65261636,2022,2,2023-04-24,100000.0,SARPANCH
116438|2022|AA|19,116438,Bheden,2022,AA,2022_AA.json,86744952,2022,2,2023-02-01,300000.0,SARPANCH
116438|2022|AA|20,116438,Bheden,2022,AA,2022_AA.json,65260067,2022,1,2024-02-03,90000.0,AEE
116438|2022|AA|21,116438,Bheden,2022,AA,2022_AA.json,64747839,2022,1,2023-11-01,90000.0,Sarpanch
116438|2022|AA|22,116438,Bheden,2022,AA,2022_AA.json,64747969,2022,2,2023-11-01,90000.0,Sarpanch
116438|2022|AA|23,116438,Bheden,2022,AA,2022_AA.json,106408324,2022,1,2024-03-02,75000.0,sarpanch
116438|2022|AA|24,116438,Bheden,2022,AA,2022_AA.json,65260165,2022,2,2024-05-15,90000.0,SARPANCH
116438|2022|AA|25,116438,Bheden,2022,AA,2022_AA.json,65311838,2022,1,2024-05-01,96000.0,SARPANCH
116438|2023|AA|0,116438,Bheden,2023,AA,2023_AA.json,72824489,2023,1,2023-03-16,70000.0,SARPANCH
116438|2023|AA|1,116438,Bheden,2023,AA,2023_AA.json,81644529,2023,2,2023-08-05,96000.0,sarpanch
116438|2023|AA|2,116438,Bheden,2023,AA,2023_AA.json,81595644,2023,1,2023-07-04,50000.0,SARPANCH
116438|2023|AA|3,116438,Bheden,2023,AA,2023_AA.json,72816180,2023,6,2023-09-29,350000.0,SARPANCH
116438|2023|AA|4,116438,Bheden,2023,AA,2023_AA.json,81598941,2023,6,2024-01-25,300000.0,SARPANCH
116438|2023|AA|5,116438,Bheden,2023,AA,2023_AA.json,81594222,2023,5,2024-01-01,200000.0,SARPANCH
116438|2023|AA|6,116438,Bheden,2023,AA,2023_AA.json,72809584,2023,2,2024-02-22,90000.0,AEE
116438|2023|AA|7,116438,Bheden,2023,AA,2023_AA.json,72817945,2023,3,2024-01-02,300000.0,sarpanch
116438|2023|AA|8,116438,Bheden,2023,AA,2023_AA.json,81591232,2023,1,2024-02-01,350000.0,AEE
116438|2023|AA|9,116438,Bheden,2023,AA,2023_AA.json,72824864,2023,1,2024-01-25,410000.0,sarpanch
116438|2023|AA|10,116438,Bheden,2023,AA,2023_AA.json,81596860,2023,1,2024-04-02,80000.0,SARPANCH
116438|2023|AA|11,116438,Bheden,2023,AA,2023_AA.json,81644785,2023,1,2024-04-30,182498.0,sarpanch
116438|2023|AA|12,116438,Bheden,2023,AA,2023_AA.json,81644988,2023,3,2024-08-01,72000.0,SARPANCH
116438|2023|AA|13,116438,Bheden,2023,AA,2023_AA.json,72808716,2023,1,2024-05-01,90000.0,sarpanch
116438|2023|AA|14,116438,Bheden,2023,AA,2023_AA.json,72820363,2023,1,2025-04-05,150000.0,sarpanch
116438|2023|AA|15,116438,Bheden,2023,AA,2023_AA.json,81600042,2023,5,2025-01-05,86644.0,sarpanch
116438|2023|AA|16,116438,Bheden,2023,AA,2023_AA.json,72825391,2023,4,2025-01-02,100000.0,Sarpanch
116438|2023|AA|17,116438,Bheden,2023,AA,2023_AA.json,72822074,2023,2,2025-02-20,133796.0,SARPANCH
116438|2023|AA|18,116438,Bheden,2023,AA,2023_AA.json,81598620,2023,10,2026-03-23,100000.0,bdo
116438|2024|AA|0,116438,Bheden,2024,AA,2024_AA.json,98586683,2024,1,2024-08-02,500000.0,SARPANCH
116438|2024|AA|1,116438,Bheden,2024,AA,2024_AA.json,98594054,2024,1,2024-07-18,150000.0,SARPANCH
116438|2024|AA|2,116438,Bheden,2024,AA,2024_AA.json,101194805,2024,6,2024-10-01,200000.0,sarpanch
116438|2024|AA|3,116438,Bheden,2024,AA,2024_AA.json,98575261,2024,1,2024-08-01,350000.0,AEE
116438|2024|AA|4,116438,Bheden,2024,AA,2024_AA.json,98574290,2024,3,2024-05-01,156000.0,Sarpanch
116438|2024|AA|5,116438,Bheden,2024,AA,2024_AA.json,101198477,2024,5,2024-05-02,177172.0,Sarpanch
116438|2024|AA|6,116438,Bheden,2024,AA,2024_AA.json,98588078,2024,1,2024-08-02,50896.0,sarpanch
116438|2024|AA|7,116438,Bheden,2024,AA,2024_AA.json,101200818,2024,2,2025-06-15,142000.0,sarpanch
116438|2024|AA|8,116438,Bheden,2024,AA,2024_AA.json,108993503,2024,1,2024-12-02,150000.0,SARPANCH
116438|2024|AA|9,116438,Bheden,2024,AA,2024_AA.json,98592992,2024,2,2024-12-02,50000.0,SARPANCH
116438|2024|AA|10,116438,Bheden,2024,AA,2024_AA.json,108993465,2024,1,2024-08-30,494570.0,sarpanch
116438|2024|AA|11,116438,Bheden,2024,AA,2024_AA.json,98574791,2024,1,2024-05-10,94672.0,sarpanch
116438|2024|AA|12,116438,Bheden,2024,AA,2024_AA.json,125992463,2024,1,2025-07-01,90000.0,SWARPANCH
116438|2024|AA|13,116438,Bheden,2024,AA,2024_AA.json,98573972,2024,5,2025-01-05,150000.0,sarpanch
116438|2024|AA|14,116438,Bheden,2024,AA,2024_AA.json,98575977,2024,2,2024-08-02,350000.0,Sarpanch
116438|2025|AA|0,116438,Bheden,2025,AA,2025_AA.json,117910218,2025,1,2026-01-19,150000.0,BDO
116438|2025|AA|1,116438,Bheden,2025,AA,2025_AA.json,121260668,2025,2,2026-01-19,195000.0,BDO
116438|2025|AA|2,116438,Bheden,2025,AA,2025_AA.json,117904141,2025,2,2026-02-05,144000.0,BDO
116438|2025|AA|3,116438,Bheden,2025,AA,2025_AA.json,117905846,2025,3,2026-02-05,205672.0,BDO
116438|2025|AA|4,116438,Bheden,2025,AA,2025_AA.json,117909947,2025,12,2026-03-24,60000.0,bdo
116936|2020|AA|0,116936,Dadhapatna,2020,AA,2020_AA.json,62418696,2020,17,2022-03-08,115000.0,Sarapanch
116936|2020|AA|1,116936,Dadhapatna,2020,AA,2020_AA.json,44263652,2020,2,2020-11-27,100000.0,Sarapanch
116936|2020|AA|2,116936,Dadhapatna,2020,AA,2020_AA.json,44263527,2020,1,2020-10-27,200000.0,Sarapanch
116936|2020|AA|3,116936,Dadhapatna,2020,AA,2020_AA.json,44263711,2020,3,2020-11-13,150000.0,Sarapanch
116936|2020|AA|4,116936,Dadhapatna,2020,AA,2020_AA.json,44262960,2020,6,2021-04-04,300000.0,Sarapanch
116936|2020|AA|5,116936,Dadhapatna,2020,AA,2020_AA.json,62418775,2020,18,2022-03-08,160972.0,Sarapanch
116936|2020|AA|6,116936,Dadhapatna,2020,AA,2020_AA.json,44263688,2020,6,2020-11-17,200000.0,Sarapanch
116936|2020|AA|7,116936,Dadhapatna,2020,AA,2020_AA.json,44263795,2020,14,2022-02-03,64080.0,sarapanch
116936|2020|AA|8,116936,Dadhapatna,2020,AA,2020_AA.json,44263610,2020,15,2022-02-09,150000.0,Sarapanch
116936|2020|AA|9,116936,Dadhapatna,2020,AA,2020_AA.json,44262892,2020,3,2021-09-20,72000.0,Sarapanch
116936|2020|AA|10,116936,Dadhapatna,2020,AA,2020_AA.json,44263760,2020,2,2021-08-10,200000.0,Sarapanch
116936|2020|AA|11,116936,Dadhapatna,2020,AA,2020_AA.json,44263588,2020,16,2021-04-02,150000.0,Sarapanch
116936|2020|AA|12,116936,Dadhapatna,2020,AA,2020_AA.json,55495463,2020,1,2022-05-21,50000.0,sarapanch
116936|2020|AA|13,116936,Dadhapatna,2020,AA,2020_AA.json,55495778,2020,2,2022-05-25,50000.0,sarapanch
116936|2020|AA|14,116936,Dadhapatna,2020,AA,2020_AA.json,55496241,2020,3,2022-05-25,45000.0,Sarapanch
116936|2020|AA|15,116936,Dadhapatna,2020,AA,2020_AA.json,55496116,2020,5,2022-06-17,50000.0,sarapanch
116936|2020|AA|16,116936,Dadhapatna,2020,AA,2020_AA.json,44263738,2020,12,2023-01-17,400000.0,sarapanch
116936|2020|AA|17,116936,Dadhapatna,2020,AA,2020_AA.json,66382205,2020,16,2023-03-10,32000.0,sarapanch
116936|2020|AA|18,116936,Dadhapatna,2020,AA,2020_AA.json,66382203,2020,18,2023-03-10,102000.0,sarapanch
116936|2020|AA|19,116936,Dadhapatna,2020,AA,2020_AA.json,66382207,2020,1,2023-06-05,90000.0,Sarapanch
116936|2020|AA|20,116936,Dadhapatna,2020,AA,2020_AA.json,86049605,2020,8,2023-09-14,60000.0,sarapanch
116936|2020|AA|21,116936,Dadhapatna,2020,AA,2020_AA.json,86049858,2020,13,2023-10-20,200000.0,sarapanch
116936|2020|AA|22,116936,Dadhapatna,2020,AA,2020_AA.json,55495293,2020,12,2023-10-12,80000.0,sarapanch
116936|2021|AA|0,116936,Dadhapatna,2021,AA,2021_AA.json,62418084,2021,19,2022-03-08,119656.0,Sarapanch
116936|2021|AA|1,116936,Dadhapatna,2021,AA,2021_AA.json,62418347,2021,20,2022-03-08,200000.0,Sarapanch
116936|2021|AA|2,116936,Dadhapatna,2021,AA,2021_AA.json,62417995,2021,21,2022-03-08,132502.0,Sarapanch
116936|2021|AA|3,116936,Dadhapatna,2021,AA,2021_AA.json,48561599,2021,4,2021-11-30,100000.0,Sarapanch
116936|2021|AA|4,116936,Dadhapatna,2021,AA,2021_AA.json,48561532,2021,18,2022-02-09,100000.0,Sarapanch
116936|2021|AA|5,116936,Dadhapatna,2021,AA,2021_AA.json,48564332,2021,3,2021-12-15,150000.0,Sarapanch
116936|2021|AA|6,116936,Dadhapatna,2021,AA,2021_AA.json,48564521,2021,17,2022-02-09,100000.0,Sarapanch
116936|2021|AA|7,116936,Dadhapatna,2021,AA,2021_AA.json,48561388,2021,16,2022-02-09,223312.0,Sarapanch
116936|2021|AA|8,116936,Dadhapatna,2021,AA,2021_AA.json,48559906,2021,7,2021-12-28,72000.0,Sarapanch
116936|2021|AA|9,116936,Dadhapatna,2021,AA,2021_AA.json,48559984,2021,4,2021-12-27,250000.0,Sarapanch
116936|2021|AA|10,116936,Dadhapatna,2021,AA,2021_AA.json,48560729,2021,8,2022-01-18,100000.0,Sarapanch
116936|2021|AA|11,116936,Dadhapatna,2021,AA,2021_AA.json,48560959,2021,9,2022-01-18,100000.0,Sarapanch
116936|2021|AA|12,116936,Dadhapatna,2021,AA,2021_AA.json,48560896,2021,10,2022-01-18,100000.0,Sarapanch
116936|2021|AA|13,116936,Dadhapatna,2021,AA,2021_AA.json,48560819,2021,11,2022-01-18,100000.0,Sarapanch
116936|2021|AA|14,116936,Dadhapatna,2021,AA,2021_AA.json,48561207,2021,12,2022-01-18,50000.0,Sarapanch
116936|2021|AA|15,116936,Dadhapatna,2021,AA,2021_AA.json,48561132,2021,12,2022-01-18,100000.0,Sarapanch
116936|2021|AA|16,116936,Dadhapatna,2021,AA,2021_AA.json,48564102,2021,13,2022-01-18,100000.0,Sarapanch
116936|2021|AA|17,116936,Dadhapatna,2021,AA,2021_AA.json,48564637,2021,15,2022-03-07,150000.0,sarapanch
116936|2021|AA|18,116936,Dadhapatna,2021,AA,2021_AA.json,48561288,2021,9,2022-11-02,100000.0,sarapanch
116936|2021|AA|19,116936,Dadhapatna,2021,AA,2021_AA.json,85957042,2021,4,2023-05-26,200000.0,sarapanch
116936|2022|AA|0,116936,Dadhapatna,2022,AA,2022_AA.json,64839205,2022,7,2022-10-14,561985.0,SARAPANCH
116936|2022|AA|1,116936,Dadhapatna,2022,AA,2022_AA.json,64839232,2022,8,2022-11-03,72000.0,sarapanch
116936|2022|AA|2,116936,Dadhapatna,2022,AA,2022_AA.json,61990074,2022,10,2022-12-28,200000.0,sarapanch
116936|2022|AA|3,116936,Dadhapatna,2022,AA,2022_AA.json,61990193,2022,1,2022-12-28,250000.0,sarapanch
116936|2022|AA|4,116936,Dadhapatna,2022,AA,2022_AA.json,64839689,2022,13,2023-02-07,503095.0,sarapanch
116936|2022|AA|5,116936,Dadhapatna,2022,AA,2022_AA.json,64839622,2022,14,2023-02-27,8370.0,sarapanch
116936|2022|AA|6,116936,Dadhapatna,2022,AA,2022_AA.json,61990217,2022,15,2023-03-10,178650.0,sarapanch
116936|2022|AA|7,116936,Dadhapatna,2022,AA,2022_AA.json,64839300,2022,17,2023-03-10,100000.0,sarapanch
116936|2022|AA|8,116936,Dadhapatna,2022,AA,2022_AA.json,61990210,2022,2,2023-05-03,200000.0,Sarapanch
116936|2022|AA|9,116936,Dadhapatna,2022,AA,2022_AA.json,64839356,2022,7,2023-09-14,45000.0,sarapanch
116936|2022|AA|10,116936,Dadhapatna,2022,AA,2022_AA.json,66411014,2022,14,2023-11-02,241302.0,sarapanch
116936|2022|AA|11,116936,Dadhapatna,2022,AA,2022_AA.json,64839473,2022,21,2024-08-09,40000.0,Sarapanch
116936|2022|AA|12,116936,Dadhapatna,2022,AA,2022_AA.json,64839536,2022,28,2026-02-09,83720.0,sarapancha
116936|2023|AA|0,116936,Dadhapatna,2023,AA,2023_AA.json,82585671,2023,6,2023-09-14,300000.0,sarapanch
116936|2023|AA|1,116936,Dadhapatna,2023,AA,2023_AA.json,82583607,2023,9,2023-10-10,72000.0,sarapanch
116936|2023|AA|2,116936,Dadhapatna,2023,AA,2023_AA.json,80680963,2023,10,2023-10-10,12000.0,sarapanch
116936|2023|AA|3,116936,Dadhapatna,2023,AA,2023_AA.json,80671496,2023,15,2023-11-24,180000.0,sarapanch
116936|2023|AA|4,116936,Dadhapatna,2023,AA,2023_AA.json,80674757,2023,16,2023-11-24,138000.0,sarapanch
116936|2023|AA|5,116936,Dadhapatna,2023,AA,2023_AA.json,80678796,2023,19,2024-02-15,100000.0,sarapanch
116936|2023|AA|6,116936,Dadhapatna,2023,AA,2023_AA.json,80670629,2023,18,2024-01-16,100000.0,sarapanch
116936|2023|AA|7,116936,Dadhapatna,2023,AA,2023_AA.json,80675425,2023,17,2023-12-20,50000.0,sarapanch
116936|2023|AA|8,116936,Dadhapatna,2023,AA,2023_AA.json,80677902,2023,22,2024-03-10,150000.0,sarapanch
116936|2023|AA|9,116936,Dadhapatna,2023,AA,2023_AA.json,80676557,2023,26,2024-05-06,100000.0,sarapanch
116936|2023|AA|10,116936,Dadhapatna,2023,AA,2023_AA.json,80664600,2023,25,2024-05-06,15000.0,sarapanch
116936|2023|AA|11,116936,Dadhapatna,2023,AA,2023_AA.json,82578918,2023,11,2024-06-01,103611.0,Sarapanch
116936|2023|AA|12,116936,Dadhapatna,2023,AA,2023_AA.json,80672367,2023,15,2024-11-02,150000.0,sarapancha
116936|2023|AA|13,116936,Dadhapatna,2023,AA,2023_AA.json,82375147,2023,3,2024-04-01,163279.0,Sarapanch
116936|2023|AA|14,116936,Dadhapatna,2023,AA,2023_AA.json,81212950,2023,3,2024-06-01,50000.0,Sarapanch
116936|2023|AA|15,116936,Dadhapatna,2023,AA,2023_AA.json,81202092,2023,3,2024-08-02,50000.0,Sarapanch
116936|2023|AA|16,116936,Dadhapatna,2023,AA,2023_AA.json,80681330,2023,27,2026-02-10,14080.0,sarapancha
116936|2024|AA|0,116936,Dadhapatna,2024,AA,2024_AA.json,105318429,2024,13,2024-11-13,100000.0,sarpanch
116936|2024|AA|1,116936,Dadhapatna,2024,AA,2024_AA.json,105290603,2024,13,2024-11-13,30000.0,sarpanch
116936|2024|AA|2,116936,Dadhapatna,2024,AA,2024_AA.json,105314234,2024,14,2024-11-18,130000.0,sarpanch
116936|2024|AA|3,116936,Dadhapatna,2024,AA,2024_AA.json,105407696,2024,16,2024-12-19,100000.0,sarpanch
116936|2024|AA|4,116936,Dadhapatna,2024,AA,2024_AA.json,105321038,2024,15,2024-11-20,124080.0,sarpanch
116936|2024|AA|5,116936,Dadhapatna,2024,AA,2024_AA.json,104436132,2024,17,2024-11-13,130000.0,Sarapancha
116936|2024|AA|6,116936,Dadhapatna,2024,AA,2024_AA.json,105311507,2024,16,2024-11-13,150000.0,Sarapancha
116936|2024|AA|7,116936,Dadhapatna,2024,AA,2024_AA.json,105285932,2024,1,2024-10-07,128250.0,sarapanch
116936|2024|AA|8,116936,Dadhapatna,2024,AA,2024_AA.json,105410708,2024,2,2024-10-07,80000.0,sarapanch
116936|2024|AA|9,116936,Dadhapatna,2024,AA,2024_AA.json,105286382,2024,24,2025-03-18,20000.0,Sarapancha
116936|2024|AA|10,116936,Dadhapatna,2024,AA,2024_AA.json,105316983,2024,18,2024-11-13,100000.0,Sarapancha
116936|2024|AA|11,116936,Dadhapatna,2024,AA,2024_AA.json,105317688,2024,19,2024-11-13,100000.0,Sarapancha
116936|2024|AA|12,116936,Dadhapatna,2024,AA,2024_AA.json,105313757,2024,18,2024-11-13,100000.0,Sarapancha
116936|2024|AA|13,116936,Dadhapatna,2024,AA,2024_AA.json,105320299,2024,18,2024-11-13,100000.0,Sarapancha
116936|2024|AA|14,116936,Dadhapatna,2024,AA,2024_AA.json,105321332,2024,20,2025-02-07,50000.0,Sarapancha
116936|2024|AA|15,116936,Dadhapatna,2024,AA,2024_AA.json,105288559,2024,16,2025-03-18,150000.0,sarapancha
116936|2024|AA|16,116936,Dadhapatna,2024,AA,2024_AA.json,105318767,2024,21,2024-11-13,126824.0,Sarapancha
116936|2024|AA|17,116936,Dadhapatna,2024,AA,2024_AA.json,105289787,2024,14,2026-01-21,45000.0,Sarapancha
116936|2024|AA|18,116936,Dadhapatna,2024,AA,2024_AA.json,105312553,2024,26,2026-02-02,20000.0,sarapancha
116936|2025|AA|0,116936,Dadhapatna,2025,AA,2025_AA.json,121121080,2025,16,2025-10-17,100000.0,sarapancha
116936|2025|AA|1,116936,Dadhapatna,2025,AA,2025_AA.json,121119869,2025,16,2025-08-20,100000.0,sarapancha
116936|2025|AA|2,116936,Dadhapatna,2025,AA,2025_AA.json,115217760,2025,11,2025-08-20,117000.0,Sarapancha
116936|2025|AA|3,116936,Dadhapatna,2025,AA,2025_AA.json,121255686,2025,14,2025-07-14,315000.0,Sarapancha
116936|2025|AA|4,116936,Dadhapatna,2025,AA,2025_AA.json,121119565,2025,17,2025-09-15,146278.0,sarapancha
116936|2025|AA|5,116936,Dadhapatna,2025,AA,2025_AA.json,121217739,2025,18,2025-10-24,65000.0,sarapancha
116936|2025|AA|6,116936,Dadhapatna,2025,AA,2025_AA.json,118330130,2025,17,2025-10-29,100000.0,sarapancha
116936|2025|AA|7,116936,Dadhapatna,2025,AA,2025_AA.json,118335862,2025,18,2025-11-17,130000.0,sarapancha
116936|2025|AA|8,116936,Dadhapatna,2025,AA,2025_AA.json,121121529,2025,19,2025-11-17,80000.0,sarapancha
116936|2025|AA|9,116936,Dadhapatna,2025,AA,2025_AA.json,121218668,2025,19,2025-11-30,144000.0,sarapancha
116936|2025|AA|10,116936,Dadhapatna,2025,AA,2025_AA.json,121218629,2025,20,2025-11-30,35000.0,sarapancha
116936|2025|AA|11,116936,Dadhapatna,2025,AA,2025_AA.json,121218498,2025,27,2025-12-18,3209.0,Sarapancha
116936|2025|AA|12,116936,Dadhapatna,2025,AA,2025_AA.json,121217333,2025,28,2025-11-21,25000.0,Sarapancha
116936|2025|AA|13,116936,Dadhapatna,2025,AA,2025_AA.json,121218637,2025,20,2026-02-13,104533.0,sarapancha
116936|2025|AA|14,116936,Dadhapatna,2025,AA,2025_AA.json,121124541,2025,21,2026-02-19,10000.0,sarapancha
116936|2025|AA|15,116936,Dadhapatna,2025,AA,2025_AA.json,119679569,2025,21,2025-12-31,15000.0,sarapancha
116936|2025|AA|16,116936,Dadhapatna,2025,AA,2025_AA.json,121120137,2025,22,2026-01-16,100000.0,sarapancha
116936|2025|AA|17,116936,Dadhapatna,2025,AA,2025_AA.json,118334004,2025,23,2025-12-30,125000.0,sarapancha
116936|2025|AA|18,116936,Dadhapatna,2025,AA,2025_AA.json,121064194,2025,25,2026-03-04,7709.0,sarapancha
116936|2025|AA|19,116936,Dadhapatna,2025,AA,2025_AA.json,121215314,2025,26,2026-03-04,5547.0,sarapancha
117153|2020|AA|0,117153,Govindapur,2020,AA,2020_AA.json,44211639,2020,2,2020-12-02,60000.0,SARAPANCHA
117153|2020|AA|1,117153,Govindapur,2020,AA,2020_AA.json,44211285,2020,3,2021-01-01,100000.0,SARAPANCHA
117153|2020|AA|2,117153,Govindapur,2020,AA,2020_AA.json,44210448,2020,9,2021-09-02,125000.0,Sarapancha
117153|2020|AA|3,117153,Govindapur,2020,AA,2020_AA.json,44211830,2020,14,2021-12-24,83772.0,Sarapancha
117153|2020|AA|4,117153,Govindapur,2020,AA,2020_AA.json,44210390,2020,5,2022-01-01,800000.0,Sarapancha
117153|2020|AA|5,117153,Govindapur,2020,AA,2020_AA.json,44211966,2020,16,2020-12-28,643120.0,Sarapancha
117153|2020|AA|6,117153,Govindapur,2020,AA,2020_AA.json,44211224,2020,17,2020-12-24,100000.0,Sarapancha
117153|2020|AA|7,117153,Govindapur,2020,AA,2020_AA.json,44210886,2020,1,2022-05-01,60000.0,Sarapancha
117153|2020|AA|8,117153,Govindapur,2020,AA,2020_AA.json,44210694,2020,2,2022-05-01,72000.0,Sarapancha
117153|2020|AA|9,117153,Govindapur,2020,AA,2020_AA.json,44211099,2020,6,2022-07-04,50000.0,Sarapancha
117153|2021|AA|0,117153,Govindapur,2021,AA,2021_AA.json,47862073,2021,8,2021-10-29,100000.0,Sarapancha
117153|2021|AA|1,117153,Govindapur,2021,AA,2021_AA.json,47859948,2021,10,2021-09-02,100000.0,Sarapancha
117153|2021|AA|2,117153,Govindapur,2021,AA,2021_AA.json,47859632,2021,11,2021-08-30,100000.0,Sarapancha
117153|2021|AA|3,117153,Govindapur,2021,AA,2021_AA.json,47859744,2021,12,2021-07-30,90772.0,Sarapancha
117153|2021|AA|4,117153,Govindapur,2021,AA,2021_AA.json,47859434,2021,13,2021-12-06,150000.0,Sarapancha
117153|2021|AA|5,117153,Govindapur,2021,AA,2021_AA.json,47862290,2021,8,2021-08-31,100000.0,Sarapancha
117153|2021|AA|6,117153,Govindapur,2021,AA,2021_AA.json,47862760,2021,18,2022-02-03,50000.0,Sarapancha
117153|2021|AA|7,117153,Govindapur,2021,AA,2021_AA.json,47860799,2021,5,2022-07-04,25000.0,Sarapancha
117153|2021|AA|8,117153,Govindapur,2021,AA,2021_AA.json,47860947,2021,6,2022-07-04,25000.0,Sarapancha
117153|2021|AA|9,117153,Govindapur,2021,AA,2021_AA.json,47859204,2021,7,2022-07-04,25000.0,Sarapancha
117153|2021|AA|10,117153,Govindapur,2021,AA,2021_AA.json,47865042,2021,1,2022-10-01,482886.0,Sarapancha
117153|2021|AA|11,117153,Govindapur,2021,AA,2021_AA.json,66196202,2021,1,2022-12-16,150000.0,Sarapancha
117153|2021|AA|12,117153,Govindapur,2021,AA,2021_AA.json,66190275,2021,6,2023-03-01,393120.0,Sarapancha
117153|2021|AA|13,117153,Govindapur,2021,AA,2021_AA.json,66196186,2021,19,2026-06-02,132886.0,Sarapanch
117153|2022|AA|0,117153,Govindapur,2022,AA,2022_AA.json,61962005,2022,2,2022-08-01,250000.0,Sarapancha
117153|2022|AA|1,117153,Govindapur,2022,AA,2022_AA.json,62161476,2022,2,2023-02-01,100000.0,Sarapancha
117153|2022|AA|2,117153,Govindapur,2022,AA,2022_AA.json,61964671,2022,8,2023-01-17,400000.0,Sarapancha
117153|2022|AA|3,117153,Govindapur,2022,AA,2022_AA.json,61964138,2022,7,2023-03-28,243074.0,Sarapancha
117153|2022|AA|4,117153,Govindapur,2022,AA,2022_AA.json,64758356,2022,2,2023-05-01,51000.0,sarapancha
117153|2022|AA|5,117153,Govindapur,2022,AA,2022_AA.json,64758673,2022,3,2023-05-01,60000.0,sarapancha
117153|2022|AA|6,117153,Govindapur,2022,AA,2022_AA.json,64758636,2022,3,2023-06-01,30000.0,sarapancha
117153|2022|AA|7,117153,Govindapur,2022,AA,2022_AA.json,61961788,2022,2,2023-06-01,20000.0,sarapancha
117153|2022|AA|8,117153,Govindapur,2022,AA,2022_AA.json,61963778,2022,5,2022-12-28,88992.0,sarapancha
117153|2022|AA|9,117153,Govindapur,2022,AA,2022_AA.json,64759140,2022,3,2023-09-01,120000.0,sarapancha
117153|2023|AA|0,117153,Govindapur,2023,AA,2023_AA.json,82948986,2023,1,2024-05-01,250060.0,SARAPANCHA
117153|2023|AA|1,117153,Govindapur,2023,AA,2023_AA.json,82921150,2023,2,2024-06-01,115000.0,sarapancha
117153|2023|AA|2,117153,Govindapur,2023,AA,2023_AA.json,82903140,2023,5,2024-02-01,100000.0,sarapancha
117153|2023|AA|3,117153,Govindapur,2023,AA,2023_AA.json,82925792,2023,6,2024-02-01,25000.0,sarapancha
117153|2023|AA|4,117153,Govindapur,2023,AA,2023_AA.json,82902320,2023,1,2024-03-01,177800.0,sarapancha
117153|2023|AA|5,117153,Govindapur,2023,AA,2023_AA.json,82928400,2023,7,2024-03-01,12980.0,sarapancha
117153|2023|AA|6,117153,Govindapur,2023,AA,2023_AA.json,82925052,2023,5,2024-03-01,203074.0,sarapancha
117153|2023|AA|7,117153,Govindapur,2023,AA,2023_AA.json,82951856,2023,1,2024-11-01,72000.0,sarapancha
117153|2023|AA|8,117153,Govindapur,2023,AA,2023_AA.json,82906245,2023,218,2025-03-07,70000.0,Sarapanch
117153|2023|AA|9,117153,Govindapur,2023,AA,2023_AA.json,82932993,2023,255,2025-03-07,100000.0,Sarapanch
117153|2023|AA|10,117153,Govindapur,2023,AA,2023_AA.json,82908096,2023,82908096,2025-08-30,150000.0,SARAPANCH
117153|2023|AA|11,117153,Govindapur,2023,AA,2023_AA.json,126997865,2023,17,2026-01-17,413000.0,SARPANCH
117153|2023|AA|12,117153,Govindapur,2023,AA,2023_AA.json,127969320,2023,29,2026-03-17,200000.0,Sarapanch
117153|2023|AA|13,117153,Govindapur,2023,AA,2023_AA.json,82919590,2023,29,2026-06-01,50000.0,Sarapanch
117153|2024|AA|0,117153,Govindapur,2024,AA,2024_AA.json,105563838,2024,2,2024-11-01,170000.0,sarapancha
117153|2024|AA|1,117153,Govindapur,2024,AA,2024_AA.json,105556988,2024,7,2025-01-01,150000.0,sarapancha
117153|2024|AA|2,117153,Govindapur,2024,AA,2024_AA.json,105560796,2024,46,2025-03-05,50000.0,Sarapanch
117153|2024|AA|3,117153,Govindapur,2024,AA,2024_AA.json,105556316,2024,41,2025-03-07,30000.0,Sarapanch
117153|2024|AA|4,117153,Govindapur,2024,AA,2024_AA.json,105560150,2024,47,2025-03-05,200000.0,Sarapanch
117153|2024|AA|5,117153,Govindapur,2024,AA,2024_AA.json,105561266,2024,45,2025-03-05,150000.0,Sarapanch
117153|2024|AA|6,117153,Govindapur,2024,AA,2024_AA.json,105553744,2024,45,2025-03-03,200000.0,Sarapanch
117153|2024|AA|7,117153,Govindapur,2024,AA,2024_AA.json,105555079,2024,16,2026-01-05,200000.0,SARPANCH
117153|2024|AA|8,117153,Govindapur,2024,AA,2024_AA.json,108602020,2024,108602020,2026-05-05,200000.0,Sarapanch
117153|2024|AA|9,117153,Govindapur,2024,AA,2024_AA.json,108601974,2024,21,2026-05-27,87500.0,Sarapanch
117153|2024|AA|10,117153,Govindapur,2024,AA,2024_AA.json,105568620,2024,22,2026-05-27,3500.0,Sarapanch
117153|2024|AA|11,117153,Govindapur,2024,AA,2024_AA.json,105568199,2024,23,2026-05-27,3500.0,Sarapanch
117153|2024|AA|12,117153,Govindapur,2024,AA,2024_AA.json,105567882,2024,24,2026-05-27,3500.0,Sarapanch
117153|2024|AA|13,117153,Govindapur,2024,AA,2024_AA.json,105567322,2024,25,2026-05-27,3500.0,Sarapanch
117153|2024|AA|14,117153,Govindapur,2024,AA,2024_AA.json,105566950,2024,26,2026-05-27,3500.0,Sarapanch
117153|2025|AA|0,117153,Govindapur,2025,AA,2025_AA.json,121606698,2025,121606698,2026-01-05,140000.0,SARAPANCH
117153|2025|AA|1,117153,Govindapur,2025,AA,2025_AA.json,121606762,2025,15,2026-01-03,117000.0,SARPANCH
117153|2025|AA|2,117153,Govindapur,2025,AA,2025_AA.json,121608233,2025,18,2026-02-04,152756.0,SARPANCH
117153|2025|AA|3,117153,Govindapur,2025,AA,2025_AA.json,121606452,2025,11,2026-03-07,200000.0,Sarapanch
117153|2025|AA|4,117153,Govindapur,2025,AA,2025_AA.json,121608181,2025,12,2026-03-07,400000.0,Sarapanch
117153|2025|AA|5,117153,Govindapur,2025,AA,2025_AA.json,121606532,2025,121606532,2026-05-05,193074.0,Sarapanch
117951|2020|AA|0,117951,Biswamathpur,2020,AA,2020_AA.json,44022741,2020,18,2020-11-02,121321.0,AE
117951|2020|AA|1,117951,Biswamathpur,2020,AA,2020_AA.json,44022870,2020,18,2020-11-10,218032.0,AE
117951|2020|AA|2,117951,Biswamathpur,2020,AA,2020_AA.json,44022808,2020,18,2020-11-03,150000.0,AE
117951|2020|AA|3,117951,Biswamathpur,2020,AA,2020_AA.json,44022696,2020,18,2020-12-01,234633.0,AE
117951|2020|AA|4,117951,Biswamathpur,2020,AA,2020_AA.json,44022755,2020,18,2020-11-03,100000.0,AE
117951|2020|AA|5,117951,Biswamathpur,2020,AA,2020_AA.json,44022784,2020,18,2020-11-03,100000.0,AE
117951|2020|AA|6,117951,Biswamathpur,2020,AA,2020_AA.json,44022767,2020,18,2020-11-03,100000.0,AE
117951|2020|AA|7,117951,Biswamathpur,2020,AA,2020_AA.json,44022861,2020,18,2020-12-09,56000.0,AE
117951|2020|AA|8,117951,Biswamathpur,2020,AA,2020_AA.json,44022775,2020,18,2021-01-13,200000.0,AE
117951|2020|AA|9,117951,Biswamathpur,2020,AA,2020_AA.json,44022883,2020,18,2021-01-06,50000.0,AE
117951|2020|AA|10,117951,Biswamathpur,2020,AA,2020_AA.json,44022719,2020,AE,2021-01-06,128679.0,12
117951|2020|AA|11,117951,Biswamathpur,2020,AA,2020_AA.json,44022832,2020,20,2021-03-03,150000.0,AE
117951|2020|AA|12,117951,Biswamathpur,2020,AA,2020_AA.json,44022798,2020,18,2021-04-07,236791.0,AE
117951|2020|AA|13,117951,Biswamathpur,2020,AA,2020_AA.json,44023011,2020,9,2021-07-01,100000.0,AE
117951|2020|AA|14,117951,Biswamathpur,2020,AA,2020_AA.json,44022682,2020,9,2021-07-01,160000.0,AE
117951|2020|AA|15,117951,Biswamathpur,2020,AA,2020_AA.json,44022712,2020,9,2021-07-01,150000.0,AE
117951|2020|AA|16,117951,Biswamathpur,2020,AA,2020_AA.json,44022650,2020,9,2021-07-01,100000.0,AE
117951|2020|AA|17,117951,Biswamathpur,2020,AA,2020_AA.json,44022727,2020,18,2021-07-01,150000.0,AE
117951|2020|AA|18,117951,Biswamathpur,2020,AA,2020_AA.json,52846250,2020,18,2021-07-01,100000.0,AE
117951|2020|AA|19,117951,Biswamathpur,2020,AA,2020_AA.json,44022484,2020,18,2021-09-01,160000.0,AE
117951|2020|AA|20,117951,Biswamathpur,2020,AA,2020_AA.json,52846339,2020,9,2021-09-10,400000.0,AE
117951|2020|AA|21,117951,Biswamathpur,2020,AA,2020_AA.json,44022668,2020,12,2022-01-25,100000.0,AE
117951|2020|AA|22,117951,Biswamathpur,2020,AA,2020_AA.json,44022587,2020,1,2022-11-27,100000.0,AE
117951|2020|AA|23,117951,Biswamathpur,2020,AA,2020_AA.json,44022634,2020,1,2022-11-27,100000.0,AE
117951|2020|AA|24,117951,Biswamathpur,2020,AA,2020_AA.json,44022847,2020,1,2022-12-05,190000.0,AE
117951|2020|AA|25,117951,Biswamathpur,2020,AA,2020_AA.json,66070594,2020,1,2022-12-05,100000.0,AE
117951|2020|AA|26,117951,Biswamathpur,2020,AA,2020_AA.json,66070565,2020,1,2022-12-05,100000.0,AE
117951|2020|AA|27,117951,Biswamathpur,2020,AA,2020_AA.json,44022619,2020,18,2025-04-16,60000.0,GP
117951|2020|AA|28,117951,Biswamathpur,2020,AA,2020_AA.json,44022602,2020,3,2026-02-01,6000.0,GP
117951|2021|AA|0,117951,Biswamathpur,2021,AA,2021_AA.json,54758039,2021,12,2022-01-25,600000.0,AE
117951|2021|AA|1,117951,Biswamathpur,2021,AA,2021_AA.json,54758087,2021,12,2022-01-25,145052.0,AE
117951|2021|AA|2,117951,Biswamathpur,2021,AA,2021_AA.json,54758155,2021,2,2022-06-01,214032.0,AE
117951|2021|AA|3,117951,Biswamathpur,2021,AA,2021_AA.json,54758005,2021,2,2022-06-01,282159.0,AE
117951|2021|AA|4,117951,Biswamathpur,2021,AA,2021_AA.json,54757869,2021,1,2022-06-01,276630.0,AE
117951|2021|AA|5,117951,Biswamathpur,2021,AA,2021_AA.json,54758281,2021,1,2022-10-16,200000.0,AE
117951|2021|AA|6,117951,Biswamathpur,2021,AA,2021_AA.json,54758315,2021,1,2022-10-16,200000.0,AE
117951|2021|AA|7,117951,Biswamathpur,2021,AA,2021_AA.json,54757828,2021,1,2022-11-27,558789.0,AE
117951|2021|AA|8,117951,Biswamathpur,2021,AA,2021_AA.json,66071033,2021,1,2022-11-27,558789.0,AE
117951|2021|AA|9,117951,Biswamathpur,2021,AA,2021_AA.json,54758235,2021,2,2025-09-01,200000.0,GP
117951|2022|AA|0,117951,Biswamathpur,2022,AA,2022_AA.json,65351635,2022,1,2022-10-27,182541.0,AE
117951|2022|AA|1,117951,Biswamathpur,2022,AA,2022_AA.json,65351656,2022,1,2022-11-23,100000.0,AE
117951|2022|AA|2,117951,Biswamathpur,2022,AA,2022_AA.json,65351701,2022,4,2022-12-12,200000.0,ae
117951|2022|AA|3,117951,Biswamathpur,2022,AA,2022_AA.json,65351930,2022,1,2023-02-01,160271.0,AE
117951|2022|AA|4,117951,Biswamathpur,2022,AA,2022_AA.json,65351888,2022,1,2023-02-01,200000.0,AE
117951|2022|AA|5,117951,Biswamathpur,2022,AA,2022_AA.json,65351904,2022,1,2023-02-16,321389.0,AE
117951|2022|AA|6,117951,Biswamathpur,2022,AA,2022_AA.json,65351946,2022,2,2023-02-16,453809.0,AE
117951|2022|AA|7,117951,Biswamathpur,2022,AA,2022_AA.json,65351915,2022,5,2023-02-01,50000.0,AEE
117951|2022|AA|8,117951,Biswamathpur,2022,AA,2022_AA.json,65351749,2022,1,2023-07-05,178542.0,AE
117951|2022|AA|9,117951,Biswamathpur,2022,AA,2022_AA.json,65351969,2022,3,2023-07-19,200000.0,AE
117951|2022|AA|10,117951,Biswamathpur,2022,AA,2022_AA.json,65351675,2022,3,2023-09-21,96000.0,AE
117951|2022|AA|11,117951,Biswamathpur,2022,AA,2022_AA.json,65351718,2022,1,2024-03-21,200000.0,AE
117951|2022|AA|12,117951,Biswamathpur,2022,AA,2022_AA.json,65351766,2022,1,2024-01-12,150000.0,AE
117951|2022|AA|13,117951,Biswamathpur,2022,AA,2022_AA.json,65351853,2022,1,2024-03-23,50000.0,AE
117951|2022|AA|14,117951,Biswamathpur,2022,AA,2022_AA.json,65351733,2022,11,2025-05-20,200000.0,AE
117951|2023|AA|0,117951,Biswamathpur,2023,AA,2023_AA.json,69833121,2023,1,2024-02-09,70000.0,AE
117951|2023|AA|1,117951,Biswamathpur,2023,AA,2023_AA.json,69832252,2023,1,2024-02-09,50000.0,AE
117951|2023|AA|2,117951,Biswamathpur,2023,AA,2023_AA.json,69908746,2023,1,2024-06-19,12000.0,AE
117951|2023|AA|3,117951,Biswamathpur,2023,AA,2023_AA.json,78448665,2023,1,2024-08-06,200000.0,AE
117951|2023|AA|4,117951,Biswamathpur,2023,AA,2023_AA.json,78465024,2023,1,2025-01-28,300000.0,AEE
117951|2023|AA|5,117951,Biswamathpur,2023,AA,2023_AA.json,69853407,2023,1,2024-10-01,100000.0,AE
117951|2023|AA|6,117951,Biswamathpur,2023,AA,2023_AA.json,78447588,2023,7,2025-06-16,195093.0,AEE
117951|2023|AA|7,117951,Biswamathpur,2023,AA,2023_AA.json,69837279,2023,13,2025-03-28,50000.0,AEE
117951|2023|AA|8,117951,Biswamathpur,2023,AA,2023_AA.json,69830257,2023,1,2025-05-01,70000.0,AEE
117951|2023|AA|9,117951,Biswamathpur,2023,AA,2023_AA.json,78449148,2023,1,2025-05-01,150000.0,AEE
117951|2023|AA|10,117951,Biswamathpur,2023,AA,2023_AA.json,69844889,2023,1,2025-05-01,75000.0,AEE
117951|2023|AA|11,117951,Biswamathpur,2023,AA,2023_AA.json,78466559,2023,1,2025-05-01,103695.0,AEE
117951|2023|AA|12,117951,Biswamathpur,2023,AA,2023_AA.json,69910003,2023,19,2025-08-20,73279.0,GP
117951|2023|AA|13,117951,Biswamathpur,2023,AA,2023_AA.json,78453646,2023,2,2025-09-24,100000.0,GP
117951|2023|AA|14,117951,Biswamathpur,2023,AA,2023_AA.json,69898097,2023,8,2025-12-25,200000.0,GP
117951|2023|AA|15,117951,Biswamathpur,2023,AA,2023_AA.json,78450132,2023,24,2026-01-05,161085.0,GP
117951|2023|AA|16,117951,Biswamathpur,2023,AA,2023_AA.json,69854522,2023,9,2026-01-12,200000.0,GP
117951|2023|AA|17,117951,Biswamathpur,2023,AA,2023_AA.json,69860405,2023,5,2026-01-12,135279.0,GP
117951|2023|AA|18,117951,Biswamathpur,2023,AA,2023_AA.json,78466235,2023,23,2026-01-12,100000.0,GP
117951|2023|AA|19,117951,Biswamathpur,2023,AA,2023_AA.json,69843001,2023,11,2026-01-12,48000.0,GP
117951|2023|AA|20,117951,Biswamathpur,2023,AA,2023_AA.json,69842037,2023,4,2026-02-01,127279.0,GP
117951|2023|AA|21,117951,Biswamathpur,2023,AA,2023_AA.json,69839770,2023,12,2026-02-01,50000.0,GP
117951|2023|AA|22,117951,Biswamathpur,2023,AA,2023_AA.json,78438619,2023,15,2026-02-01,50000.0,GP
117951|2023|AA|23,117951,Biswamathpur,2023,AA,2023_AA.json,69844072,2023,21,2026-02-01,75000.0,GP
117951|2023|AA|24,117951,Biswamathpur,2023,AA,2023_AA.json,69830937,2023,16,2026-02-01,70000.0,GP
117951|2024|AA|0,117951,Biswamathpur,2024,AA,2024_AA.json,99368323,2024,1,2025-01-06,30000.0,AEE
117951|2024|AA|1,117951,Biswamathpur,2024,AA,2024_AA.json,102979344,2024,1,2025-01-06,50000.0,AEE
117951|2024|AA|2,117951,Biswamathpur,2024,AA,2024_AA.json,102979154,2024,1,2024-12-24,330000.0,AEE
117951|2024|AA|3,117951,Biswamathpur,2024,AA,2024_AA.json,100211323,2024,22,2025-06-16,100000.0,AEE
117951|2024|AA|4,117951,Biswamathpur,2024,AA,2024_AA.json,100219982,2024,13,2025-03-28,150000.0,AEE
117951|2024|AA|5,117951,Biswamathpur,2024,AA,2024_AA.json,99369729,2024,4,2025-03-28,63000.0,AEE
117951|2024|AA|6,117951,Biswamathpur,2024,AA,2024_AA.json,100205302,2024,25,2025-03-28,100000.0,AEE
117951|2024|AA|7,117951,Biswamathpur,2024,AA,2024_AA.json,100076092,2024,1,2025-05-01,150000.0,AEE
117951|2024|AA|8,117951,Biswamathpur,2024,AA,2024_AA.json,99365782,2024,1,2025-05-01,100000.0,AEE
117951|2024|AA|9,117951,Biswamathpur,2024,AA,2024_AA.json,99370405,2024,1,2025-05-07,40000.0,AEE
117951|2024|AA|10,117951,Biswamathpur,2024,AA,2024_AA.json,100213678,2024,1,2025-05-01,100000.0,AEE
117951|2024|AA|11,117951,Biswamathpur,2024,AA,2024_AA.json,101370275,2024,11,2025-05-20,67118.0,AE
117951|2024|AA|12,117951,Biswamathpur,2024,AA,2024_AA.json,100220623,2024,15,2025-08-20,150000.0,GP
117951|2024|AA|13,117951,Biswamathpur,2024,AA,2024_AA.json,100077382,2024,24,2025-08-18,100000.0,GP
117951|2024|AA|14,117951,Biswamathpur,2024,AA,2024_AA.json,100215007,2024,17,2025-09-15,114780.0,GP
117951|2024|AA|15,117951,Biswamathpur,2024,AA,2024_AA.json,100217369,2024,20,2025-09-15,100000.0,GP
117951|2024|AA|16,117951,Biswamathpur,2024,AA,2024_AA.json,99364748,2024,12,2025-12-12,190000.0,GP
117951|2024|AA|17,117951,Biswamathpur,2024,AA,2024_AA.json,99363994,2024,18,2026-01-05,100118.0,GP
117951|2024|AA|18,117951,Biswamathpur,2024,AA,2024_AA.json,100210171,2024,23,2026-01-12,100000.0,GP
117951|2024|AA|19,117951,Biswamathpur,2024,AA,2024_AA.json,100074736,2024,10,2026-01-12,200000.0,GP
117951|2024|AA|20,117951,Biswamathpur,2024,AA,2024_AA.json,100219381,2024,11,2026-01-12,200000.0,GP
117951|2024|AA|21,117951,Biswamathpur,2024,AA,2024_AA.json,99362422,2024,16,2026-02-01,140000.0,GP
117951|2024|AA|22,117951,Biswamathpur,2024,AA,2024_AA.json,100203720,2024,1,2026-02-01,76824.0,GP
117951|2024|AA|23,117951,Biswamathpur,2024,AA,2024_AA.json,99368969,2024,5,2026-02-01,60000.0,GP
117951|2024|AA|24,117951,Biswamathpur,2024,AA,2024_AA.json,99481915,2024,2,2026-01-01,70000.0,GP
117951|2025|AA|0,117951,Biswamathpur,2025,AA,2025_AA.json,121796911,2025,15,2025-10-16,400000.0,AEE
117951|2025|AA|1,117951,Biswamathpur,2025,AA,2025_AA.json,121797055,2025,22,2025-12-12,510000.0,GP
117951|2025|AA|2,117951,Biswamathpur,2025,AA,2025_AA.json,121875120,2025,25,2026-01-02,144824.0,GP
117951|2025|AA|3,117951,Biswamathpur,2025,AA,2025_AA.json,121838664,2025,19,2026-01-02,200000.0,GP
117951|2025|AA|4,117951,Biswamathpur,2025,AA,2025_AA.json,121839866,2025,21,2026-01-02,200000.0,GP
117951|2025|AA|5,117951,Biswamathpur,2025,AA,2025_AA.json,121839463,2025,20,2026-01-02,314780.0,GP
117951|2025|AA|6,117951,Biswamathpur,2025,AA,2025_AA.json,121797522,2025,1,2026-01-02,3500.0,GP
117951|2025|AA|7,117951,Biswamathpur,2025,AA,2025_AA.json,121797701,2025,2,2026-01-02,3500.0,GP
117951|2025|AA|8,117951,Biswamathpur,2025,AA,2025_AA.json,121796822,2025,8,2026-01-01,116118.0,GP
117951|2025|AA|9,117951,Biswamathpur,2025,AA,2025_AA.json,121797409,2025,3,2026-01-08,3500.0,GP
117951|2025|AA|10,117951,Biswamathpur,2025,AA,2025_AA.json,121799777,2025,4,2026-01-08,62618.0,GP
117951|2025|AA|11,117951,Biswamathpur,2025,AA,2025_AA.json,121796760,2025,5,2026-01-08,30000.0,GP
117951|2025|AA|12,117951,Biswamathpur,2025,AA,2025_AA.json,113468094,2025,6,2026-01-08,39000.0,GP
117951|2025|AA|13,117951,Biswamathpur,2025,AA,2025_AA.json,121837616,2025,10,2026-01-05,40000.0,GP
117951|2025|AA|14,117951,Biswamathpur,2025,AA,2025_AA.json,121836389,2025,12,2026-01-12,50000.0,GP
117951|2025|AA|15,117951,Biswamathpur,2025,AA,2025_AA.json,121838294,2025,16,2026-01-15,100000.0,GP
117951|2025|AA|16,117951,Biswamathpur,2025,AA,2025_AA.json,121796675,2025,7,2026-01-15,35000.0,GP
117951|2025|AA|17,117951,Biswamathpur,2025,AA,2025_AA.json,127434272,2025,24,2026-01-01,230000.0,GP
117951|2025|AA|18,117951,Biswamathpur,2025,AA,2025_AA.json,127434199,2025,18,2026-01-31,150000.0,AEE
117951|2025|AA|19,117951,Biswamathpur,2025,AA,2025_AA.json,127434382,2025,14,2026-01-01,150000.0,GP
117951|2025|AA|20,117951,Biswamathpur,2025,AA,2025_AA.json,127434152,2025,17,2026-02-01,12000.0,GP
117951|2025|AA|21,117951,Biswamathpur,2025,AA,2025_AA.json,127434092,2025,15,2026-02-01,50000.0,GP
118012|2020|AA|0,118012,Sharagada,2020,AA,2020_AA.json,51918217,2020,3,2021-10-19,748396.0,GP
118012|2020|AA|1,118012,Sharagada,2020,AA,2020_AA.json,44227218,2020,2,2021-01-06,240000.0,GP
118012|2020|AA|2,118012,Sharagada,2020,AA,2020_AA.json,44227259,2020,3,2021-01-12,300000.0,GP
118012|2020|AA|3,118012,Sharagada,2020,AA,2020_AA.json,44227393,2020,2,2022-02-01,400000.0,Sarpanch
118012|2020|AA|4,118012,Sharagada,2020,AA,2020_AA.json,44227382,2020,2,2022-02-01,340395.0,Sarpanch
118012|2020|AA|5,118012,Sharagada,2020,AA,2020_AA.json,44227369,2020,2,2022-02-01,900000.0,Sarpanch
118012|2020|AA|6,118012,Sharagada,2020,AA,2020_AA.json,60561586,2020,3,2021-12-08,740395.0,GP
118012|2020|AA|7,118012,Sharagada,2020,AA,2020_AA.json,44227250,2020,3,2021-08-10,100000.0,GP
118012|2020|AA|8,118012,Sharagada,2020,AA,2020_AA.json,51917574,2020,3,2021-04-08,150000.0,GP
118012|2020|AA|9,118012,Sharagada,2020,AA,2020_AA.json,60561431,2020,2,2021-12-13,900000.0,GP
118012|2020|AA|10,118012,Sharagada,2020,AA,2020_AA.json,87228126,2020,4,2022-11-17,70000.0,GP
118012|2020|AA|11,118012,Sharagada,2020,AA,2020_AA.json,87228010,2020,5,2022-10-18,150000.0,GP
118012|2020|AA|12,118012,Sharagada,2020,AA,2020_AA.json,87228076,2020,5,2022-10-13,70000.0,GP
118012|2020|AA|13,118012,Sharagada,2020,AA,2020_AA.json,87228170,2020,4,2023-07-15,259326.0,GP
118012|2021|AA|0,118012,Sharagada,2021,AA,2021_AA.json,47855464,2021,1,2021-12-01,869197.0,Sarpanch
118012|2021|AA|1,118012,Sharagada,2021,AA,2021_AA.json,47855560,2021,2,2021-12-01,434227.0,Sarpanch
118012|2021|AA|2,118012,Sharagada,2021,AA,2021_AA.json,47855539,2021,3,2021-12-01,1157190.0,Sarpanch
118012|2021|AA|3,118012,Sharagada,2021,AA,2021_AA.json,47855486,2021,4,2021-12-01,869198.0,Sarpanch
118012|2021|AA|4,118012,Sharagada,2021,AA,2021_AA.json,47855518,2021,6,2021-12-01,1738395.0,Sarpanch
118012|2021|AA|5,118012,Sharagada,2021,AA,2021_AA.json,56192487,2021,3,2021-11-10,50000.0,GP
118012|2021|AA|6,118012,Sharagada,2021,AA,2021_AA.json,56192687,2021,4,2021-11-08,100395.0,GP
118012|2021|AA|7,118012,Sharagada,2021,AA,2021_AA.json,56169034,2021,5,2021-12-09,200000.0,GP
118012|2021|AA|8,118012,Sharagada,2021,AA,2021_AA.json,56169082,2021,3,2021-11-17,200000.0,GP
118012|2021|AA|9,118012,Sharagada,2021,AA,2021_AA.json,56168852,2021,2,2021-10-12,288000.0,GP
118012|2021|AA|10,118012,Sharagada,2021,AA,2021_AA.json,56168982,2021,2,2021-11-10,500000.0,GP
118012|2021|AA|11,118012,Sharagada,2021,AA,2021_AA.json,56168872,2021,2,2021-12-02,80000.0,GP
118012|2021|AA|12,118012,Sharagada,2021,AA,2021_AA.json,56168958,2021,4,2021-12-04,270000.0,GP
118012|2021|AA|13,118012,Sharagada,2021,AA,2021_AA.json,56168889,2021,3,2021-12-02,240000.0,GP
118012|2021|AA|14,118012,Sharagada,2021,AA,2021_AA.json,56168929,2021,4,2021-12-13,159197.0,gp
118012|2021|AA|15,118012,Sharagada,2021,AA,2021_AA.json,56168881,2021,3,2021-12-16,251198.0,GP
118012|2022|AA|0,118012,Sharagada,2022,AA,2022_AA.json,66671755,2022,4,2022-10-26,250000.0,GP
118012|2022|AA|1,118012,Sharagada,2022,AA,2022_AA.json,66671698,2022,5,2022-11-15,200000.0,GP
118012|2022|AA|2,118012,Sharagada,2022,AA,2022_AA.json,66671467,2022,3,2022-12-02,250000.0,GP
118012|2022|AA|3,118012,Sharagada,2022,AA,2022_AA.json,66671957,2022,3,2022-11-02,400000.0,GP
118012|2022|AA|4,118012,Sharagada,2022,AA,2022_AA.json,66671541,2022,5,2022-12-02,90000.0,GP
118012|2022|AA|5,118012,Sharagada,2022,AA,2022_AA.json,66671732,2022,4,2022-10-13,300000.0,GP
118012|2022|AA|6,118012,Sharagada,2022,AA,2022_AA.json,66671436,2022,4,2022-12-16,103035.0,GP
118012|2022|AA|7,118012,Sharagada,2022,AA,2022_AA.json,66671294,2022,4,2022-12-07,200000.0,GP
118012|2022|AA|8,118012,Sharagada,2022,AA,2022_AA.json,66671371,2022,5,2022-12-12,240000.0,GP
118012|2022|AA|9,118012,Sharagada,2022,AA,2022_AA.json,66671655,2022,4,2022-12-06,150000.0,GP
118012|2022|AA|10,118012,Sharagada,2022,AA,2022_AA.json,66671573,2022,4,2022-12-19,150000.0,GP
118012|2022|AA|11,118012,Sharagada,2022,AA,2022_AA.json,66671825,2022,5,2022-12-09,100710.0,GP
118012|2022|AA|12,118012,Sharagada,2022,AA,2022_AA.json,66661960,2022,4,2023-09-12,192000.0,GP
118012|2022|AA|13,118012,Sharagada,2022,AA,2022_AA.json,66671018,2022,4,2023-05-12,450000.0,GP
118012|2023|AA|0,118012,Sharagada,2023,AA,2023_AA.json,81546030,2023,5,2023-05-10,500000.0,GP
118012|2023|AA|1,118012,Sharagada,2023,AA,2023_AA.json,81547602,2023,4,2023-05-08,280000.0,GP
118012|2023|AA|2,118012,Sharagada,2023,AA,2023_AA.json,81546328,2023,5,2023-05-10,240000.0,GP
118012|2023|AA|3,118012,Sharagada,2023,AA,2023_AA.json,81545864,2023,4,2023-06-24,65723.0,GP
118012|2023|AA|4,118012,Sharagada,2023,AA,2023_AA.json,81547410,2023,4,2023-06-26,101723.0,GP
118012|2023|AA|5,118012,Sharagada,2023,AA,2023_AA.json,81545464,2023,4,2023-05-25,216000.0,GP
118012|2023|AA|6,118012,Sharagada,2023,AA,2023_AA.json,81552897,2023,4,2023-05-27,150000.0,GP
118012|2023|AA|7,118012,Sharagada,2023,AA,2023_AA.json,81551790,2023,4,2023-05-25,289297.0,GP
118012|2023|AA|8,118012,Sharagada,2023,AA,2023_AA.json,81564141,2023,4,2023-06-03,200000.0,GP
118012|2023|AA|9,118012,Sharagada,2023,AA,2023_AA.json,81550908,2023,4,2023-05-11,500000.0,GP
118012|2023|AA|10,118012,Sharagada,2023,AA,2023_AA.json,81557198,2023,4,2023-07-12,200000.0,GP
118012|2023|AA|11,118012,Sharagada,2023,AA,2023_AA.json,81546656,2023,5,2023-07-04,210000.0,GP
118012|2023|AA|12,118012,Sharagada,2023,AA,2023_AA.json,81549199,2023,4,2024-07-08,77241.0,GP
118012|2023|AA|13,118012,Sharagada,2023,AA,2023_AA.json,81550346,2023,4,2024-06-15,272759.0,GP
118012|2023|AA|14,118012,Sharagada,2023,AA,2023_AA.json,81558725,2023,5,2024-05-11,157190.0,GP
118012|2023|AA|15,118012,Sharagada,2023,AA,2023_AA.json,81545675,2023,5,2023-07-14,50000.0,gp
118012|2023|AA|16,118012,Sharagada,2023,AA,2023_AA.json,81547902,2023,4,2023-07-12,200000.0,GP
118012|2023|AA|17,118012,Sharagada,2023,AA,2023_AA.json,81553710,2023,5,2023-11-07,160703.0,GP
118012|2023|AA|18,118012,Sharagada,2023,AA,2023_AA.json,127284699,2023,4,2025-04-07,400000.0,GP
118012|2023|AA|19,118012,Sharagada,2023,AA,2023_AA.json,127284719,2023,5,2025-11-12,372946.0,GP
118012|2024|AA|0,118012,Sharagada,2024,AA,2024_AA.json,102341869,2024,8,2024-04-19,70000.0,gp
118012|2024|AA|1,118012,Sharagada,2024,AA,2024_AA.json,102342385,2024,3,2024-05-10,293744.0,GP
118012|2024|AA|2,118012,Sharagada,2024,AA,2024_AA.json,102342005,2024,4,2024-04-19,178232.0,GP
118012|2024|AA|3,118012,Sharagada,2024,AA,2024_AA.json,102342487,2024,4,2023-05-27,50160.0,GP
118012|2024|AA|4,118012,Sharagada,2024,AA,2024_AA.json,102343900,2024,4,2024-04-16,289297.0,GP
118012|2024|AA|5,118012,Sharagada,2024,AA,2024_AA.json,102343735,2024,4,2024-04-20,150000.0,GP
118012|2024|AA|6,118012,Sharagada,2024,AA,2024_AA.json,102343547,2024,5,2024-05-11,217893.0,GP
118012|2024|AA|7,118012,Sharagada,2024,AA,2024_AA.json,102342138,2024,5,2024-05-17,280000.0,GP
118012|2024|AA|8,118012,Sharagada,2024,AA,2024_AA.json,102596404,2024,4,2024-04-19,65000.0,GP
118012|2024|AA|9,118012,Sharagada,2024,AA,2024_AA.json,102340851,2024,4,2024-05-04,381000.0,GP
118012|2024|AA|10,118012,Sharagada,2024,AA,2024_AA.json,102342842,2024,4,2024-04-12,500000.0,GP
118012|2024|AA|11,118012,Sharagada,2024,AA,2024_AA.json,102341511,2024,5,2024-04-20,435232.0,GP
118012|2024|AA|12,118012,Sharagada,2024,AA,2024_AA.json,102341643,2024,5,2024-04-20,381000.0,GP
118012|2024|AA|13,118012,Sharagada,2024,AA,2024_AA.json,102343408,2024,5,2024-04-13,200000.0,GP
118012|2024|AA|14,118012,Sharagada,2024,AA,2024_AA.json,102342621,2024,5,2025-01-10,200000.0,GP
118012|2024|AA|15,118012,Sharagada,2024,AA,2024_AA.json,102343110,2024,5,2025-08-19,200000.0,SARPANCHA
118012|2025|AA|0,118012,Sharagada,2025,AA,2025_AA.json,121695669,2025,4,2025-11-08,324000.0,GP
118012|2025|AA|1,118012,Sharagada,2025,AA,2025_AA.json,121696320,2025,5,2025-09-17,200000.0,GP
118012|2025|AA|2,118012,Sharagada,2025,AA,2025_AA.json,126963579,2025,5,2025-05-15,100000.0,GP
118012|2025|AA|3,118012,Sharagada,2025,AA,2025_AA.json,121695825,2025,5,2025-05-13,200000.0,GP
118012|2025|AA|4,118012,Sharagada,2025,AA,2025_AA.json,121695506,2025,5,2025-04-21,426232.0,GP
118012|2025|AA|5,118012,Sharagada,2025,AA,2025_AA.json,121695422,2025,5,2025-04-11,390000.0,GP
118012|2025|AA|6,118012,Sharagada,2025,AA,2025_AA.json,121695555,2025,4,2025-04-09,300000.0,GP
118012|2025|AA|7,118012,Sharagada,2025,AA,2025_AA.json,121695789,2025,4,2025-04-18,400000.0,GP
118012|2025|AA|8,118012,Sharagada,2025,AA,2025_AA.json,121695457,2025,6,2025-10-20,65000.0,gp
118012|2025|AA|9,118012,Sharagada,2025,AA,2025_AA.json,121695585,2025,8,2025-10-15,200000.0,GP
118012|2025|AA|10,118012,Sharagada,2025,AA,2025_AA.json,121695626,2025,5,2025-11-04,100000.0,GP
118012|2025|AA|11,118012,Sharagada,2025,AA,2025_AA.json,128411938,2025,4,2026-02-06,200000.0,GP
118012|2025|AA|12,118012,Sharagada,2025,AA,2025_AA.json,128411960,2025,5,2026-02-07,100000.0,GP
118939|2020|AA|0,118939,Dutimendi,2020,AA,2020_AA.json,44220672,2020,1,2021-05-10,180000.0,SARPANCH
118939|2020|AA|1,118939,Dutimendi,2020,AA,2020_AA.json,44229357,2020,2,2021-05-20,62350.0,SARPANCH
118939|2020|AA|2,118939,Dutimendi,2020,AA,2020_AA.json,44229515,2020,6,2021-11-01,40000.0,SARPANCH
118939|2020|AA|3,118939,Dutimendi,2020,AA,2020_AA.json,44220721,2020,5,2021-11-01,100000.0,SARPANCH
118939|2020|AA|4,118939,Dutimendi,2020,AA,2020_AA.json,44229586,2020,5,2021-08-01,40000.0,SARPANCH
118939|2020|AA|5,118939,Dutimendi,2020,AA,2020_AA.json,44229608,2020,5,2022-01-04,150000.0,SARPANCH
118939|2020|AA|6,118939,Dutimendi,2020,AA,2020_AA.json,44229447,2020,5,2022-01-04,100000.0,SARPANCH
118939|2020|AA|7,118939,Dutimendi,2020,AA,2020_AA.json,44229469,2020,1,2022-07-01,100000.0,SARPANCH
118939|2020|AA|8,118939,Dutimendi,2020,AA,2020_AA.json,44229180,2020,1,2023-08-16,120000.0,SARPANCH
118939|2020|AA|9,118939,Dutimendi,2020,AA,2020_AA.json,44229080,2020,2,2025-03-28,30000.0,SARPANCH
118939|2020|AA|10,118939,Dutimendi,2020,AA,2020_AA.json,44229627,2020,5,2025-03-11,182350.0,sarpanch
118939|2020|AA|11,118939,Dutimendi,2020,AA,2020_AA.json,44229565,2020,3,2025-10-14,60000.0,SARPANCH
118939|2020|AA|12,118939,Dutimendi,2020,AA,2020_AA.json,44229496,2020,5,2025-12-10,100000.0,SARPANCH
118939|2021|AA|0,118939,Dutimendi,2021,AA,2021_AA.json,48569878,2021,9,2021-10-20,490000.0,SARPANCH
118939|2021|AA|1,118939,Dutimendi,2021,AA,2021_AA.json,48621117,2021,5,2022-01-01,100000.0,S
118939|2021|AA|2,118939,Dutimendi,2021,AA,2021_AA.json,48566224,2021,1,2022-01-01,140000.0,SARPANCH
118939|2021|AA|3,118939,Dutimendi,2021,AA,2021_AA.json,48566328,2021,1,2022-05-04,70000.0,SARPANCH
118939|2021|AA|4,118939,Dutimendi,2021,AA,2021_AA.json,48567910,2021,1,2022-05-01,100000.0,SARPANCH
118939|2021|AA|5,118939,Dutimendi,2021,AA,2021_AA.json,65691556,2021,1,2022-10-06,50000.0,SARPANCH
118939|2021|AA|6,118939,Dutimendi,2021,AA,2021_AA.json,65691573,2021,1,2022-09-01,50000.0,SARPANCH
118939|2021|AA|7,118939,Dutimendi,2021,AA,2021_AA.json,48566127,2021,2,2025-05-05,62350.0,SARPANCH
118939|2021|AA|8,118939,Dutimendi,2021,AA,2021_AA.json,48568018,2021,7,2025-12-10,183844.0,sarpanch
118939|2021|AA|9,118939,Dutimendi,2021,AA,2021_AA.json,48567337,2021,10,2025-11-03,100000.0,sarpanch
118939|2021|AA|10,118939,Dutimendi,2021,AA,2021_AA.json,48567232,2021,11,2025-11-12,38825.0,sarpanch
118939|2021|AA|11,118939,Dutimendi,2021,AA,2021_AA.json,48568382,2021,6,2025-12-17,102350.0,SARPANCH
118939|2021|AA|12,118939,Dutimendi,2021,AA,2021_AA.json,48568160,2021,6,2026-01-06,47331.0,SARPANCH
118939|2022|AA|0,118939,Dutimendi,2022,AA,2022_AA.json,65107516,2022,1,2022-08-01,309000.0,SARPANCH
118939|2022|AA|1,118939,Dutimendi,2022,AA,2022_AA.json,65107545,2022,1,2022-08-01,16750.0,SARPANCH
118939|2022|AA|2,118939,Dutimendi,2022,AA,2022_AA.json,65107549,2022,1,2022-08-01,15000.0,SARPANCH
118939|2022|AA|3,118939,Dutimendi,2022,AA,2022_AA.json,65107595,2022,1,2022-08-01,50000.0,SARPANCH
118939|2022|AA|4,118939,Dutimendi,2022,AA,2022_AA.json,65107271,2022,1,2022-07-01,50000.0,SARPANCH
118939|2022|AA|5,118939,Dutimendi,2022,AA,2022_AA.json,65107220,2022,1,2022-10-10,120000.0,SARPANCH
118939|2022|AA|6,118939,Dutimendi,2022,AA,2022_AA.json,65107478,2022,1,2022-11-10,87300.0,SARPANCH
118939|2022|AA|7,118939,Dutimendi,2022,AA,2022_AA.json,65107560,2022,16,2023-02-12,100000.0,SARAPANCH
118939|2022|AA|8,118939,Dutimendi,2022,AA,2022_AA.json,65107531,2022,5,2023-02-07,40000.0,SARAPANCH
118939|2022|AA|9,118939,Dutimendi,2022,AA,2022_AA.json,65107587,2022,1,2023-08-01,37242.0,SARPANCH
118939|2022|AA|10,118939,Dutimendi,2022,AA,2022_AA.json,65107610,2022,1,2024-04-01,200000.0,SARPANCH
118939|2022|AA|11,118939,Dutimendi,2022,AA,2022_AA.json,65107605,2022,1,2024-05-17,100000.0,SARPANCH
118939|2022|AA|12,118939,Dutimendi,2022,AA,2022_AA.json,65107504,2022,1,2024-09-03,48135.0,SARPANCH
118939|2022|AA|13,118939,Dutimendi,2022,AA,2022_AA.json,65107525,2022,1,2024-09-01,100000.0,SARPANCH
118939|2022|AA|14,118939,Dutimendi,2022,AA,2022_AA.json,65107372,2022,1,2024-09-01,51885.0,SARPANCH
118939|2022|AA|15,118939,Dutimendi,2022,AA,2022_AA.json,65107485,2022,1,2025-01-01,12600.0,SARPANCH
118939|2022|AA|16,118939,Dutimendi,2022,AA,2022_AA.json,65107631,2022,1,2025-02-01,103844.0,SARPANCH
118939|2022|AA|17,118939,Dutimendi,2022,AA,2022_AA.json,65107591,2022,1,2025-08-01,200000.0,SARPANCH
118939|2022|AA|18,118939,Dutimendi,2022,AA,2022_AA.json,65107570,2022,13,2025-12-24,100000.0,sarpanch
118939|2023|AA|0,118939,Dutimendi,2023,AA,2023_AA.json,82594828,2023,1,2023-12-01,182060.0,SARPANCH
118939|2023|AA|1,118939,Dutimendi,2023,AA,2023_AA.json,71788368,2023,4,2023-12-01,160000.0,SARAPANCH
118939|2023|AA|2,118939,Dutimendi,2023,AA,2023_AA.json,82620771,2023,14,2023-12-11,50000.0,SARAPANCH
118939|2023|AA|3,118939,Dutimendi,2023,AA,2023_AA.json,71778123,2023,1,2024-05-01,30000.0,SARPANCH
118939|2023|AA|4,118939,Dutimendi,2023,AA,2023_AA.json,77180963,2023,1,2024-05-17,29100.0,SARPANCH
118939|2023|AA|5,118939,Dutimendi,2023,AA,2023_AA.json,77189960,2023,1,2025-01-01,15000.0,SARPANCH
118939|2023|AA|6,118939,Dutimendi,2023,AA,2023_AA.json,71783933,2023,1,2025-06-01,52410.0,SARPANCH
118939|2023|AA|7,118939,Dutimendi,2023,AA,2023_AA.json,77179588,2023,1,2025-03-01,29100.0,SARPANCH
118939|2023|AA|8,118939,Dutimendi,2023,AA,2023_AA.json,82597812,2023,1,2025-04-01,50000.0,SARPANCH
118939|2023|AA|9,118939,Dutimendi,2023,AA,2023_AA.json,82620157,2023,1,2025-04-09,50000.0,SARPANCH
118939|2023|AA|10,118939,Dutimendi,2023,AA,2023_AA.json,82620425,2023,1,2025-04-01,50000.0,SARPANCH
118939|2023|AA|11,118939,Dutimendi,2023,AA,2023_AA.json,82620683,2023,1,2025-04-01,50000.0,SARPANCH
118939|2023|AA|12,118939,Dutimendi,2023,AA,2023_AA.json,82596655,2023,2,2025-04-01,10000.0,SARPANCH
118939|2023|AA|13,118939,Dutimendi,2023,AA,2023_AA.json,82619899,2023,1,2025-08-05,50000.0,SARPANCH
118939|2023|AA|14,118939,Dutimendi,2023,AA,2023_AA.json,71787353,2023,6,2025-12-12,50000.0,sarpanch
118939|2023|AA|15,118939,Dutimendi,2023,AA,2023_AA.json,82620887,2023,213,2025-12-18,50000.0,sarpanch
118939|2023|AA|16,118939,Dutimendi,2023,AA,2023_AA.json,71786781,2023,6,2025-12-18,50000.0,sarpanch
118939|2023|AA|17,118939,Dutimendi,2023,AA,2023_AA.json,71784824,2023,7,2026-01-22,50000.0,sarpanch
118939|2023|AA|18,118939,Dutimendi,2023,AA,2023_AA.json,77185759,2023,73,2025-12-22,29100.0,sarpanch
118939|2023|AA|19,118939,Dutimendi,2023,AA,2023_AA.json,77181460,2023,74,2025-12-19,29100.0,sarpanch
118939|2023|AA|20,118939,Dutimendi,2023,AA,2023_AA.json,77180319,2023,76,2025-12-10,29100.0,sarpanch
118939|2023|AA|21,118939,Dutimendi,2023,AA,2023_AA.json,77190542,2023,78,2025-12-25,35000.0,sarpanch
118939|2023|AA|22,118939,Dutimendi,2023,AA,2023_AA.json,82597337,2023,204,2025-12-17,90000.0,sarpanch
118939|2023|AA|23,118939,Dutimendi,2023,AA,2023_AA.json,82597000,2023,205,2025-12-27,24000.0,sarpanch
118939|2023|AA|24,118939,Dutimendi,2023,AA,2023_AA.json,71785907,2023,209,2025-12-25,200000.0,sarpanch
118939|2023|AA|25,118939,Dutimendi,2023,AA,2023_AA.json,82621188,2023,210,2025-12-17,50000.0,sarpanch
118939|2023|AA|26,118939,Dutimendi,2023,AA,2023_AA.json,82621086,2023,211,2025-12-18,50000.0,sarpanch
118939|2023|AA|27,118939,Dutimendi,2023,AA,2023_AA.json,71791873,2023,1,2025-12-10,100000.0,sarpanch
118939|2023|AA|28,118939,Dutimendi,2023,AA,2023_AA.json,82620987,2023,212,2025-12-18,50000.0,sarpanch
118939|2023|AA|29,118939,Dutimendi,2023,AA,2023_AA.json,71790344,2023,2,2025-12-19,100000.0,sarpanch
118939|2023|AA|30,118939,Dutimendi,2023,AA,2023_AA.json,82620528,2023,4860,2025-10-31,50000.0,SARPANCH
118939|2023|AA|31,118939,Dutimendi,2023,AA,2023_AA.json,82619710,2023,31,2024-01-20,104000.0,Sarapanch
118939|2023|AA|32,118939,Dutimendi,2023,AA,2023_AA.json,71778714,2023,9,2026-01-12,100000.0,sarpanch
118939|2024|AA|0,118939,Dutimendi,2024,AA,2024_AA.json,107270771,2024,1,2024-08-01,70000.0,SARPANCH
118939|2024|AA|1,118939,Dutimendi,2024,AA,2024_AA.json,99554571,2024,1,2024-07-25,117000.0,SARPANCH
118939|2024|AA|2,118939,Dutimendi,2024,AA,2024_AA.json,99554880,2024,1,2024-08-02,300000.0,SARPANCH
118939|2024|AA|3,118939,Dutimendi,2024,AA,2024_AA.json,107151089,2024,4860,2025-01-01,4860.0,SARPANCH
118939|2024|AA|4,118939,Dutimendi,2024,AA,2024_AA.json,107151122,2024,1,2025-01-01,4860.0,SARPANCH
118939|2024|AA|5,118939,Dutimendi,2024,AA,2024_AA.json,107151144,2024,1,2025-01-01,4860.0,SARPANCH
118939|2024|AA|6,118939,Dutimendi,2024,AA,2024_AA.json,107151164,2024,1,2025-01-01,4860.0,SARPANCH
118939|2024|AA|7,118939,Dutimendi,2024,AA,2024_AA.json,107151191,2024,1,2025-01-01,4860.0,SARPANCH
118939|2024|AA|8,118939,Dutimendi,2024,AA,2024_AA.json,99709180,2024,1,2025-01-01,50000.0,SARPANCH
118939|2024|AA|9,118939,Dutimendi,2024,AA,2024_AA.json,99709542,2024,1,2025-01-01,50000.0,SARPANCH
118939|2024|AA|10,118939,Dutimendi,2024,AA,2024_AA.json,99709913,2024,1,2025-01-01,50000.0,SARPANCH
118939|2024|AA|11,118939,Dutimendi,2024,AA,2024_AA.json,99710086,2024,1,2025-01-01,50000.0,SARPANCH
118939|2024|AA|12,118939,Dutimendi,2024,AA,2024_AA.json,99712850,2024,1,2025-02-26,200000.0,SARAPANCH
118939|2024|AA|13,118939,Dutimendi,2024,AA,2024_AA.json,99707524,2024,2,2025-02-28,102756.0,Sarapanch
118939|2024|AA|14,118939,Dutimendi,2024,AA,2024_AA.json,99710276,2024,4,2025-02-18,100000.0,Sarapanch
118939|2024|AA|15,118939,Dutimendi,2024,AA,2024_AA.json,99709700,2024,5,2025-02-18,50000.0,Sarapanch
118939|2024|AA|16,118939,Dutimendi,2024,AA,2024_AA.json,99709354,2024,6,2025-02-18,50000.0,sarapanch
118939|2024|AA|17,118939,Dutimendi,2024,AA,2024_AA.json,99708661,2024,7,2025-02-18,50000.0,Sarapanch
118939|2024|AA|18,118939,Dutimendi,2024,AA,2024_AA.json,99708342,2024,8,2025-02-18,50000.0,Sarapanch
118939|2024|AA|19,118939,Dutimendi,2024,AA,2024_AA.json,99708144,2024,10,2025-02-18,50000.0,Sarapanch
118939|2024|AA|20,118939,Dutimendi,2024,AA,2024_AA.json,99713042,2024,11,2025-02-18,124044.0,Sarapanch
118939|2024|AA|21,118939,Dutimendi,2024,AA,2024_AA.json,99712665,2024,12,2025-02-18,70000.0,Sarapanch
118939|2024|AA|22,118939,Dutimendi,2024,AA,2024_AA.json,107151441,2024,1,2025-08-29,15000.0,SARPANCH
118939|2024|AA|23,118939,Dutimendi,2024,AA,2024_AA.json,107151394,2024,1,2025-08-01,22000.0,SARPANCH
118939|2024|AA|24,118939,Dutimendi,2024,AA,2024_AA.json,99711777,2024,30,2025-12-08,70000.0,Sarpanch
118939|2024|AA|25,118939,Dutimendi,2024,AA,2024_AA.json,99556218,2024,43,2026-01-02,42567.0,Sarpanch
118939|2024|AA|26,118939,Dutimendi,2024,AA,2024_AA.json,99712487,2024,29,2025-12-10,70000.0,Sarpanch
118939|2024|AA|27,118939,Dutimendi,2024,AA,2024_AA.json,99710543,2024,31,2026-01-02,200000.0,Sarpanch
118939|2024|AA|28,118939,Dutimendi,2024,AA,2024_AA.json,99555327,2024,44,2026-01-14,30000.0,sarpanch
118939|2024|AA|29,118939,Dutimendi,2024,AA,2024_AA.json,107163810,2024,93,2026-01-02,29100.0,sarpanch
118939|2024|AA|30,118939,Dutimendi,2024,AA,2024_AA.json,107163799,2024,94,2025-12-24,29100.0,sarpanch
118939|2024|AA|31,118939,Dutimendi,2024,AA,2024_AA.json,107163708,2024,95,2025-12-19,29100.0,sarpanch
118939|2024|AA|32,118939,Dutimendi,2024,AA,2024_AA.json,107151284,2024,117,2025-12-22,60420.0,sarpanch
118939|2025|AA|0,118939,Dutimendi,2025,AA,2025_AA.json,114486227,2025,1,2025-06-01,42000.0,SARPANCH
118939|2025|AA|1,118939,Dutimendi,2025,AA,2025_AA.json,114482331,2025,1,2025-09-01,117000.0,SARPANCH
118939|2025|AA|2,118939,Dutimendi,2025,AA,2025_AA.json,114480358,2025,61,2025-12-01,300000.0,SARPANCH
118939|2025|AA|3,118939,Dutimendi,2025,AA,2025_AA.json,117130546,2025,22,2026-01-13,100000.0,sarpanch
118939|2025|AA|4,118939,Dutimendi,2025,AA,2025_AA.json,117134081,2025,29,2026-01-08,50000.0,sarpanch
118939|2025|AA|5,118939,Dutimendi,2025,AA,2025_AA.json,117129679,2025,20,2026-01-08,121044.0,sarpanch
118939|2025|AA|6,118939,Dutimendi,2025,AA,2025_AA.json,114484467,2025,16,2026-01-07,30567.0,sarpanch
118939|2025|AA|7,118939,Dutimendi,2025,AA,2025_AA.json,114489608,2025,5,2025-12-25,100000.0,sarpanch
118939|2025|AA|8,118939,Dutimendi,2025,AA,2025_AA.json,116939380,2025,7,2025-12-26,300000.0,sarpanch
118939|2025|AA|9,118939,Dutimendi,2025,AA,2025_AA.json,116944306,2025,16,2025-12-24,30217.0,sarpanch
118939|2025|AA|10,118939,Dutimendi,2025,AA,2025_AA.json,117125903,2025,17,2026-01-02,300000.0,sarpanch
118939|2025|AA|11,118939,Dutimendi,2025,AA,2025_AA.json,117126175,2025,18,2025-12-30,300000.0,sarpanch
118939|2025|AA|12,118939,Dutimendi,2025,AA,2025_AA.json,117126878,2025,19,2025-12-23,52756.0,sarpanch
118939|2025|AA|13,118939,Dutimendi,2025,AA,2025_AA.json,117130103,2025,21,2025-12-10,100000.0,sarpanch
118939|2025|AA|14,118939,Dutimendi,2025,AA,2025_AA.json,117131013,2025,23,2025-12-24,50000.0,sarpanch
118939|2025|AA|15,118939,Dutimendi,2025,AA,2025_AA.json,117131915,2025,24,2025-12-17,50000.0,sarpanch
118939|2025|AA|16,118939,Dutimendi,2025,AA,2025_AA.json,117133108,2025,25,2025-12-10,50000.0,sarpanch
118939|2025|AA|17,118939,Dutimendi,2025,AA,2025_AA.json,117133605,2025,26,2025-12-10,50000.0,sarpanch
118939|2025|AA|18,118939,Dutimendi,2025,AA,2025_AA.json,117133377,2025,27,2025-12-26,50000.0,sarpanch
118939|2025|AA|19,118939,Dutimendi,2025,AA,2025_AA.json,117133847,2025,28,2025-12-26,50000.0,sarpanch
118939|2025|AA|20,118939,Dutimendi,2025,AA,2025_AA.json,117132339,2025,35,2025-12-18,50000.0,sarpanch
118939|2025|AA|21,118939,Dutimendi,2025,AA,2025_AA.json,120768069,2025,80,2025-12-10,29100.0,sarpanch
118939|2025|AA|22,118939,Dutimendi,2025,AA,2025_AA.json,120768562,2025,81,2025-12-17,56000.0,sarpanch
118939|2025|AA|23,118939,Dutimendi,2025,AA,2025_AA.json,120794463,2025,105,2025-12-22,150000.0,sarpanch
118939|2025|AA|24,118939,Dutimendi,2025,AA,2025_AA.json,120794631,2025,106,2025-12-16,150000.0,sarpanch
119598|2020|AA|0,119598,Andhrua,2020,AA,2020_AA.json,44402522,2020,1,2021-04-12,181896.0,Sarpanch
119598|2020|AA|1,119598,Andhrua,2020,AA,2020_AA.json,44403497,2020,12,2021-04-01,150000.0,sarapanch
119598|2020|AA|2,119598,Andhrua,2020,AA,2020_AA.json,44402591,2020,3,2021-05-03,200000.0,SARPANCH
119598|2020|AA|3,119598,Andhrua,2020,AA,2020_AA.json,44402904,2020,3,2021-04-01,398955.0,SARPANCH
119598|2020|AA|4,119598,Andhrua,2020,AA,2020_AA.json,44402828,2020,4,2021-04-01,250000.0,SARPANCH
119598|2020|AA|5,119598,Andhrua,2020,AA,2020_AA.json,44403402,2020,5,2021-04-01,200000.0,SARPANCH
119598|2020|AA|6,119598,Andhrua,2020,AA,2020_AA.json,44403130,2020,1,2021-04-01,100000.0,SARPANCH
119598|2020|AA|7,119598,Andhrua,2020,AA,2020_AA.json,44402043,2020,2,2021-01-01,500000.0,Sarapancha
119598|2020|AA|8,119598,Andhrua,2020,AA,2020_AA.json,44403211,2020,2,2020-08-30,495000.0,Sarapancha
119598|2020|AA|9,119598,Andhrua,2020,AA,2020_AA.json,44401335,2020,10,2021-01-01,180851.0,Sarapancha
119598|2020|AA|10,119598,Andhrua,2020,AA,2020_AA.json,44403269,2020,14,2020-08-15,40952.0,SARAPANCHA
119598|2020|AA|11,119598,Andhrua,2020,AA,2020_AA.json,44402404,2020,1,2020-07-01,400000.0,Sarapancha
119598|2020|AA|12,119598,Andhrua,2020,AA,2020_AA.json,44402301,2020,3,2023-05-02,400000.0,Sarapancha
119598|2021|AA|0,119598,Andhrua,2021,AA,2021_AA.json,47863310,2021,10,2022-03-09,450000.0,SARPANCH
119598|2021|AA|1,119598,Andhrua,2021,AA,2021_AA.json,47380387,2021,2,2022-07-15,200000.0,SARAPANCH
119598|2021|AA|2,119598,Andhrua,2021,AA,2021_AA.json,47384873,2021,3,2022-09-01,80000.0,Sarpanch
119598|2021|AA|3,119598,Andhrua,2021,AA,2021_AA.json,47383466,2021,4,2022-09-27,100000.0,Sarpanch
119598|2021|AA|4,119598,Andhrua,2021,AA,2021_AA.json,47385789,2021,5,2022-10-13,100000.0,SARPANCH
119598|2021|AA|5,119598,Andhrua,2021,AA,2021_AA.json,47383102,2021,66,2022-11-01,70000.0,SARPANCH
119598|2021|AA|6,119598,Andhrua,2021,AA,2021_AA.json,47385336,2021,7,2022-11-24,85000.0,Sarapanch
119598|2021|AA|7,119598,Andhrua,2021,AA,2021_AA.json,47385999,2021,8,2022-11-24,100000.0,Sarapanch
119598|2021|AA|8,119598,Andhrua,2021,AA,2021_AA.json,49001402,2021,9,2022-12-23,90000.0,Sarapanch
119598|2021|AA|9,119598,Andhrua,2021,AA,2021_AA.json,47384658,2021,10,2023-02-28,90000.0,Sarpanch
119598|2021|AA|10,119598,Andhrua,2021,AA,2021_AA.json,47380271,2021,11,2023-02-28,200000.0,Sarpanch
119598|2021|AA|11,119598,Andhrua,2021,AA,2021_AA.json,47380104,2021,15,2021-08-17,45000.0,Sarapancha
119598|2021|AA|12,119598,Andhrua,2021,AA,2021_AA.json,47379250,2021,10,2022-01-01,100000.0,Sarapancha
119598|2021|AA|13,119598,Andhrua,2021,AA,2021_AA.json,47379391,2021,11,2022-01-01,400000.0,Sarapancha
119598|2021|AA|14,119598,Andhrua,2021,AA,2021_AA.json,47863116,2021,12,2022-01-01,126428.0,Sarapancha
119598|2021|AA|15,119598,Andhrua,2021,AA,2021_AA.json,47863172,2021,12,2022-01-01,100000.0,Sarapancha
119598|2021|AA|16,119598,Andhrua,2021,AA,2021_AA.json,47383253,2021,11,2021-10-02,100000.0,Sarapancha
119598|2021|AA|17,119598,Andhrua,2021,AA,2021_AA.json,47379796,2021,10,2021-07-01,40952.0,SARAPANCHA
119598|2022|AA|0,119598,Andhrua,2022,AA,2022_AA.json,60840977,2022,1,2022-07-07,400000.0,SARPANCH
119598|2022|AA|1,119598,Andhrua,2022,AA,2022_AA.json,65618300,2022,2,2023-01-02,60000.0,Sarapanch
119598|2022|AA|2,119598,Andhrua,2022,AA,2022_AA.json,65618394,2022,2,2023-02-28,37500.0,Sarpanch
119598|2022|AA|3,119598,Andhrua,2022,AA,2022_AA.json,65618474,2022,4,2023-02-28,51000.0,Sarpanch
119598|2022|AA|4,119598,Andhrua,2022,AA,2022_AA.json,65618114,2022,5,2023-02-28,20000.0,Sarpanch
119598|2022|AA|5,119598,Andhrua,2022,AA,2022_AA.json,65618784,2022,6,2023-02-28,828796.0,Sarpanch
119598|2022|AA|6,119598,Andhrua,2022,AA,2022_AA.json,65619548,2022,7,2023-02-28,150000.0,Sarpanch
119598|2022|AA|7,119598,Andhrua,2022,AA,2022_AA.json,65618024,2022,10,2023-03-14,100000.0,Sarapanch
119598|2022|AA|8,119598,Andhrua,2022,AA,2022_AA.json,65618185,2022,11,2023-04-10,90000.0,Sarapanch
119598|2022|AA|9,119598,Andhrua,2022,AA,2022_AA.json,60522491,2022,12,2023-04-10,472500.0,Sarapanch
119598|2022|AA|10,119598,Andhrua,2022,AA,2022_AA.json,60520967,2022,11,2023-05-02,100000.0,Sarapanch
119598|2022|AA|11,119598,Andhrua,2022,AA,2022_AA.json,82599708,2022,11,2023-06-18,39480.0,Sarapanch
119598|2022|AA|12,119598,Andhrua,2022,AA,2022_AA.json,82599468,2022,12,2023-06-18,37440.0,Sarapanch
119598|2022|AA|13,119598,Andhrua,2022,AA,2022_AA.json,65618526,2022,12,2023-09-06,150320.0,Sarpanch
119598|2022|AA|14,119598,Andhrua,2022,AA,2022_AA.json,60522812,2022,16,2023-10-03,40952.0,Sarpanch
119598|2022|AA|15,119598,Andhrua,2022,AA,2022_AA.json,65618843,2022,16,2022-10-12,105000.0,Sarapancha
119598|2022|AA|16,119598,Andhrua,2022,AA,2022_AA.json,65617756,2022,13,2022-01-01,92000.0,Sarapancha
119598|2022|AA|17,119598,Andhrua,2022,AA,2022_AA.json,60840924,2022,14,2023-01-01,100347.0,Sarapancha
119598|2022|AA|18,119598,Andhrua,2022,AA,2022_AA.json,65618551,2022,2,2022-08-16,70000.0,Sarapancha
119598|2022|AA|19,119598,Andhrua,2022,AA,2022_AA.json,65618941,2022,10,2022-08-15,322500.0,Sarapancha
119598|2022|AA|20,119598,Andhrua,2022,AA,2022_AA.json,65617848,2022,10,2025-11-01,8000.0,Sarapancha
119598|2023|AA|0,119598,Andhrua,2023,AA,2023_AA.json,78986775,2023,1,2024-02-02,558498.0,SARAPANCH
119598|2023|AA|1,119598,Andhrua,2023,AA,2023_AA.json,68169971,2023,1,2024-02-02,35000.0,SARAPANCH
119598|2023|AA|2,119598,Andhrua,2023,AA,2023_AA.json,78984227,2023,1,2024-02-02,100000.0,SARAPANCH
119598|2023|AA|3,119598,Andhrua,2023,AA,2023_AA.json,79683614,2023,50,2023-11-29,150000.0,Sarapancha
119598|2023|AA|4,119598,Andhrua,2023,AA,2023_AA.json,68170335,2023,3,2024-08-01,300000.0,Sarapancha
119598|2023|AA|5,119598,Andhrua,2023,AA,2023_AA.json,77522050,2023,22,2023-05-02,3500.0,SARAPANCHA
119598|2023|AA|6,119598,Andhrua,2023,AA,2023_AA.json,77521523,2023,21,2023-05-02,3500.0,SARAPANCHA
119598|2023|AA|7,119598,Andhrua,2023,AA,2023_AA.json,77424542,2023,7,2024-05-02,3500.0,SARAPANCHA
119598|2023|AA|8,119598,Andhrua,2023,AA,2023_AA.json,77426859,2023,8,2024-05-02,3500.0,SARAPANCHA
119598|2023|AA|9,119598,Andhrua,2023,AA,2023_AA.json,77515397,2023,13,2024-05-02,3500.0,SARAPANCHA
119598|2023|AA|10,119598,Andhrua,2023,AA,2023_AA.json,77516168,2023,14,2024-05-02,3500.0,SARAPANCHA
119598|2023|AA|11,119598,Andhrua,2023,AA,2023_AA.json,77517014,2023,15,2024-05-02,3500.0,SARAPANCHA
119598|2023|AA|12,119598,Andhrua,2023,AA,2023_AA.json,77518368,2023,16,2025-05-02,3500.0,SARAPANCHA
119598|2023|AA|13,119598,Andhrua,2023,AA,2023_AA.json,77519060,2023,17,2024-05-02,3500.0,SARAPANCHA
119598|2023|AA|14,119598,Andhrua,2023,AA,2023_AA.json,77519513,2023,18,2024-05-02,3500.0,SARAPANCHA
119598|2023|AA|15,119598,Andhrua,2023,AA,2023_AA.json,77520595,2023,19,2024-05-02,3500.0,SARAPANCHA
119598|2023|AA|16,119598,Andhrua,2023,AA,2023_AA.json,77521079,2023,20,2024-05-02,3500.0,SARAPANCHA
119598|2023|AA|17,119598,Andhrua,2023,AA,2023_AA.json,77531540,2023,41,2024-05-02,3500.0,SARAPANCHA
119598|2023|AA|18,119598,Andhrua,2023,AA,2023_AA.json,77530492,2023,39,2024-05-02,3500.0,SARAPANCHA
119598|2023|AA|19,119598,Andhrua,2023,AA,2023_AA.json,77528698,2023,36,2024-05-02,3500.0,SARAPANCHA
119598|2023|AA|20,119598,Andhrua,2023,AA,2023_AA.json,77531030,2023,40,2024-05-02,3500.0,SARAPANCHA
119598|2023|AA|21,119598,Andhrua,2023,AA,2023_AA.json,77528122,2023,35,2024-05-02,3500.0,SARAPANCHA
119598|2023|AA|22,119598,Andhrua,2023,AA,2023_AA.json,77527280,2023,33,2023-05-02,3500.0,SARAPANCHA
119598|2023|AA|23,119598,Andhrua,2023,AA,2023_AA.json,77529779,2023,38,2024-05-02,3500.0,SARAPANCHA
119598|2023|AA|24,119598,Andhrua,2023,AA,2023_AA.json,77527740,2023,34,2024-05-02,3500.0,SARAPANCHA
119598|2023|AA|25,119598,Andhrua,2023,AA,2023_AA.json,77529339,2023,37,2024-05-02,3500.0,SARAPANCHA
119598|2023|AA|26,119598,Andhrua,2023,AA,2023_AA.json,77526804,2023,32,2023-05-02,3500.0,SARAPANCHA
119598|2023|AA|27,119598,Andhrua,2023,AA,2023_AA.json,77526292,2023,31,2023-05-02,3500.0,SARAPANCHA
119598|2023|AA|28,119598,Andhrua,2023,AA,2023_AA.json,77525882,2023,30,2023-05-02,3500.0,SARAPANCHA
119598|2023|AA|29,119598,Andhrua,2023,AA,2023_AA.json,77525455,2023,29,2023-05-02,3500.0,SARAPANCHA
119598|2023|AA|30,119598,Andhrua,2023,AA,2023_AA.json,77525044,2023,28,2023-05-02,3500.0,SARAPANCHA
119598|2023|AA|31,119598,Andhrua,2023,AA,2023_AA.json,77524606,2023,27,2023-05-02,3500.0,SARAPANCHA
119598|2023|AA|32,119598,Andhrua,2023,AA,2023_AA.json,77524065,2023,26,2023-05-02,3500.0,SARAPANCHA
119598|2023|AA|33,119598,Andhrua,2023,AA,2023_AA.json,77523615,2023,25,2023-05-02,3500.0,SARAPANCHA
119598|2023|AA|34,119598,Andhrua,2023,AA,2023_AA.json,77523156,2023,24,2023-05-02,3500.0,SARAPANCHA
119598|2023|AA|35,119598,Andhrua,2023,AA,2023_AA.json,77522469,2023,23,2023-05-02,3500.0,SARAPANCHA
119598|2023|AA|36,119598,Andhrua,2023,AA,2023_AA.json,79690140,2023,51,2023-10-03,100000.0,SARAPANCHA
119598|2023|AA|37,119598,Andhrua,2023,AA,2023_AA.json,79692594,2023,53,2023-10-02,40000.0,SARAPANCHA
119598|2023|AA|38,119598,Andhrua,2023,AA,2023_AA.json,77533115,2023,42,2023-10-02,57340.0,SARAPANCHA
119598|2023|AA|39,119598,Andhrua,2023,AA,2023_AA.json,77533499,2023,43,2023-10-02,45540.0,SARAPANCHA
119598|2023|AA|40,119598,Andhrua,2023,AA,2023_AA.json,77532586,2023,41,2023-10-02,47440.0,SARAPANCHA
119598|2023|AA|41,119598,Andhrua,2023,AA,2023_AA.json,68170440,2023,5,2023-10-02,185952.0,SARAPANCHA
119598|2023|AA|42,119598,Andhrua,2023,AA,2023_AA.json,79673404,2023,53,2023-08-15,50000.0,Sarapancha
119598|2023|AA|43,119598,Andhrua,2023,AA,2023_AA.json,78976833,2023,46,2023-08-15,257678.0,Sarapancha
119598|2023|AA|44,119598,Andhrua,2023,AA,2023_AA.json,78990166,2023,52,2023-08-15,100000.0,Sarapancha
119598|2023|AA|45,119598,Andhrua,2023,AA,2023_AA.json,79676639,2023,54,2023-08-15,200000.0,Sarapancha
119598|2023|AA|46,119598,Andhrua,2023,AA,2023_AA.json,79691022,2023,37,2023-08-15,60000.0,Sarapancha
119598|2023|AA|47,119598,Andhrua,2023,AA,2023_AA.json,78985565,2023,2,2023-08-15,50000.0,Sarapancha
119598|2023|AA|48,119598,Andhrua,2023,AA,2023_AA.json,79700601,2023,35,2023-05-02,233796.0,Sarapancha
119598|2023|AA|49,119598,Andhrua,2023,AA,2023_AA.json,68170204,2023,40,2023-05-02,150000.0,Sarapancha
119598|2023|AA|50,119598,Andhrua,2023,AA,2023_AA.json,77332331,2023,2,2023-05-02,34320.0,Sarapancha
119598|2023|AA|51,119598,Andhrua,2023,AA,2023_AA.json,77421402,2023,6,2023-05-02,39420.0,Sarapancha
119598|2023|AA|52,119598,Andhrua,2023,AA,2023_AA.json,77449988,2023,9,2023-05-02,31260.0,Sarapancha
119598|2024|AA|0,119598,Andhrua,2024,AA,2024_AA.json,101688899,2024,3,2024-05-02,50000.0,SARAPANCHA
119598|2024|AA|1,119598,Andhrua,2024,AA,2024_AA.json,102130303,2024,37,2024-05-02,235952.0,SARAPANCHA
119598|2024|AA|2,119598,Andhrua,2024,AA,2024_AA.json,102119617,2024,32,2024-08-15,100000.0,Sarapancha
119598|2024|AA|3,119598,Andhrua,2024,AA,2024_AA.json,102121492,2024,33,2024-08-15,100000.0,Sarapancha
119598|2024|AA|4,119598,Andhrua,2024,AA,2024_AA.json,102126022,2024,34,2024-08-15,200000.0,Sarapancha
119598|2024|AA|5,119598,Andhrua,2024,AA,2024_AA.json,102117530,2024,31,2024-08-15,100000.0,Sarapancha
119598|2024|AA|6,119598,Andhrua,2024,AA,2024_AA.json,102097739,2024,27,2024-08-15,300000.0,Sarapancha
119598|2024|AA|7,119598,Andhrua,2024,AA,2024_AA.json,101691919,2024,4,2024-08-15,114672.0,Sarapancha
119598|2024|AA|8,119598,Andhrua,2024,AA,2024_AA.json,102096768,2024,26,2024-07-02,200000.0,Sarapancha
119598|2024|AA|9,119598,Andhrua,2024,AA,2024_AA.json,102099266,2024,28,2024-05-02,200000.0,Sarapancha
119598|2024|AA|10,119598,Andhrua,2024,AA,2024_AA.json,102113870,2024,30,2024-04-15,100000.0,Sarapancha
119598|2024|AA|11,119598,Andhrua,2024,AA,2024_AA.json,101679536,2024,1,2024-05-02,186000.0,SARAPANCHA
119598|2024|AA|12,119598,Andhrua,2024,AA,2024_AA.json,101700336,2024,10,2024-05-02,180000.0,Sarapancha
119598|2024|AA|13,119598,Andhrua,2024,AA,2024_AA.json,102128088,2024,35,2025-05-02,100000.0,Sarapancha
119598|2024|AA|14,119598,Andhrua,2024,AA,2024_AA.json,101745219,2024,28,2025-05-02,270672.0,SARAPANCHA
119598|2024|AA|15,119598,Andhrua,2024,AA,2024_AA.json,101682166,2024,53,2024-05-02,200000.0,SARAPANCHA
119598|2024|AA|16,119598,Andhrua,2024,AA,2024_AA.json,102095355,2024,25,2024-05-02,100896.0,SARAPANCHA
119598|2024|AA|17,119598,Andhrua,2024,AA,2024_AA.json,102104527,2024,29,2024-05-02,200000.0,SARAPANCHA
119598|2025|AA|0,119598,Andhrua,2025,AA,2025_AA.json,122785257,2025,25,2025-05-02,150000.0,Sarapancha
119598|2025|AA|1,119598,Andhrua,2025,AA,2025_AA.json,122790071,2025,23,2025-05-02,85952.0,Sarapancha
119598|2025|AA|2,119598,Andhrua,2025,AA,2025_AA.json,122494657,2025,21,2025-05-02,100000.0,Sarapancha
119598|2025|AA|3,119598,Andhrua,2025,AA,2025_AA.json,122511991,2025,22,2025-05-02,150000.0,Sarapancha
119598|2025|AA|4,119598,Andhrua,2025,AA,2025_AA.json,127377934,2025,1,2025-11-30,200000.0,Sarapancha
119598|2025|AA|5,119598,Andhrua,2025,AA,2025_AA.json,127378005,2025,2,2025-11-30,150000.0,Sarapancha
119598|2025|AA|6,119598,Andhrua,2025,AA,2025_AA.json,122408190,2025,9,2025-05-02,201672.0,SARAPANCHA
119598|2025|AA|7,119598,Andhrua,2025,AA,2025_AA.json,122778951,2025,25,2025-05-02,200000.0,SARAPANCHA
119598|2025|AA|8,119598,Andhrua,2025,AA,2025_AA.json,122463524,2025,26,2025-05-02,150896.0,SARAPANCHA
119598|2025|AA|9,119598,Andhrua,2025,AA,2025_AA.json,122887323,2025,27,2026-01-02,150000.0,SARAPANCHA
119598|2025|AA|10,119598,Andhrua,2025,AA,2025_AA.json,122426822,2025,15,2025-05-02,60000.0,SARAPANCHA
119598|2025|AA|11,119598,Andhrua,2025,AA,2025_AA.json,122432907,2025,4,2025-05-02,100672.0,SARAPANCHA
119598|2025|AA|12,119598,Andhrua,2025,AA,2025_AA.json,122403174,2025,2,2025-05-02,300000.0,SARAPANCHA
119598|2025|AA|13,119598,Andhrua,2025,AA,2025_AA.json,122431817,2025,3,2025-05-02,160000.0,SARAPANCHA
119598|2025|AA|14,119598,Andhrua,2025,AA,2025_AA.json,122433890,2025,5,2025-05-02,140000.0,SARAPANCHA
119598|2025|AA|15,119598,Andhrua,2025,AA,2025_AA.json,122434551,2025,10,2025-05-02,50000.0,SARAPANCHA
119598|2025|AA|16,119598,Andhrua,2025,AA,2025_AA.json,122425822,2025,20,2025-05-02,84000.0,SARAPANCHA
119599|2020|AA|0,119599,Barimunda,2020,AA,2020_AA.json,44407259,2020,11,2021-02-28,165772.0,Sarapanch
119599|2020|AA|1,119599,Barimunda,2020,AA,2020_AA.json,44407397,2020,12,2021-02-28,100000.0,Sarapanch
119599|2020|AA|2,119599,Barimunda,2020,AA,2020_AA.json,44407652,2020,4,2021-01-18,143074.0,SARAPANCH
119599|2020|AA|3,119599,Barimunda,2020,AA,2020_AA.json,44407575,2020,6,2021-01-18,200000.0,SARAPANCH
119599|2020|AA|4,119599,Barimunda,2020,AA,2020_AA.json,44407424,2020,7,2021-01-18,100000.0,SARAPANCH
119599|2020|AA|5,119599,Barimunda,2020,AA,2020_AA.json,44407309,2020,8,2021-01-18,200000.0,SARAPANCH
119599|2020|AA|6,119599,Barimunda,2020,AA,2020_AA.json,44407589,2020,1,2021-04-01,100000.0,sarapanch
119599|2020|AA|7,119599,Barimunda,2020,AA,2020_AA.json,44407552,2020,5,2021-01-18,200000.0,SARPANCH
119599|2020|AA|8,119599,Barimunda,2020,AA,2020_AA.json,44406995,2020,2,2020-04-01,200000.0,Sarapanch
119599|2020|AA|9,119599,Barimunda,2020,AA,2020_AA.json,44407621,2020,18,2021-02-28,100000.0,sarpanch
119599|2020|AA|10,119599,Barimunda,2020,AA,2020_AA.json,44407503,2020,15,2021-02-28,250000.0,sarpanch
119599|2020|AA|11,119599,Barimunda,2020,AA,2020_AA.json,44407463,2020,13,2021-02-28,165772.0,sarpanch
119599|2020|AA|12,119599,Barimunda,2020,AA,2020_AA.json,44407529,2020,16,2021-02-28,150000.0,sarapanch
119599|2020|AA|13,119599,Barimunda,2020,AA,2020_AA.json,44407447,2020,14,2021-02-14,100000.0,sarpanch
119599|2020|AA|14,119599,Barimunda,2020,AA,2020_AA.json,44407600,2020,1,2025-03-06,200000.0,je
119599|2020|AA|15,119599,Barimunda,2020,AA,2020_AA.json,44407634,2020,1,2026-01-05,100000.0,je
119599|2021|AA|0,119599,Barimunda,2021,AA,2021_AA.json,47461283,2021,3,2021-04-01,200000.0,Sarapanch
119599|2021|AA|1,119599,Barimunda,2021,AA,2021_AA.json,47458542,2021,44,2021-11-22,250000.0,Sarapanch
119599|2021|AA|2,119599,Barimunda,2021,AA,2021_AA.json,47458890,2021,46,2021-11-22,200000.0,Sarapanch
119599|2021|AA|3,119599,Barimunda,2021,AA,2021_AA.json,47457628,2021,3,2022-05-27,382886.0,sarpanch
119599|2021|AA|4,119599,Barimunda,2021,AA,2021_AA.json,47460951,2021,1,2021-04-01,100000.0,sarpanch
119599|2021|AA|5,119599,Barimunda,2021,AA,2021_AA.json,47458102,2021,43,2021-11-22,200000.0,sarpanch
119599|2021|AA|6,119599,Barimunda,2021,AA,2021_AA.json,47459179,2021,47,2021-11-22,100000.0,sarapanch
119599|2021|AA|7,119599,Barimunda,2021,AA,2021_AA.json,47460617,2021,52,2021-11-22,100000.0,sarpanch
119599|2021|AA|8,119599,Barimunda,2021,AA,2021_AA.json,47461466,2021,1,2023-06-01,43074.0,sarpanch
119599|2021|AA|9,119599,Barimunda,2021,AA,2021_AA.json,47461606,2021,54,2021-11-22,300000.0,sarpanch
119599|2021|AA|10,119599,Barimunda,2021,AA,2021_AA.json,47584522,2021,62,2024-09-02,32886.0,SARAPANCH
119599|2021|AA|11,119599,Barimunda,2021,AA,2021_AA.json,47460413,2021,11,2024-10-01,200000.0,sarpanch
119599|2021|AA|12,119599,Barimunda,2021,AA,2021_AA.json,47457894,2021,1,2025-03-20,100000.0,je
119599|2022|AA|0,119599,Barimunda,2022,AA,2022_AA.json,65414863,2022,22,2022-07-30,50000.0,sarapanch
119599|2022|AA|1,119599,Barimunda,2022,AA,2022_AA.json,65414580,2022,21,2022-07-30,200000.0,sarapanch
119599|2022|AA|2,119599,Barimunda,2022,AA,2022_AA.json,60641482,2022,20,2022-07-30,500000.0,sarapanch
119599|2022|AA|3,119599,Barimunda,2022,AA,2022_AA.json,65413542,2022,65413542,2022-04-28,101680.0,sarapanch
119599|2022|AA|4,119599,Barimunda,2022,AA,2022_AA.json,65413459,2022,24,2022-07-30,60000.0,sarapanch
119599|2022|AA|5,119599,Barimunda,2022,AA,2022_AA.json,65413701,2022,1,2023-10-01,35000.0,sarpanch
119599|2022|AA|6,119599,Barimunda,2022,AA,2022_AA.json,65422052,2022,1,2023-10-02,100000.0,sarpanch
119599|2022|AA|7,119599,Barimunda,2022,AA,2022_AA.json,65414707,2022,30,2022-07-30,70000.0,sarpanch
119599|2022|AA|8,119599,Barimunda,2022,AA,2022_AA.json,65414012,2022,1,2023-10-01,12000.0,sarpanch
119599|2022|AA|9,119599,Barimunda,2022,AA,2022_AA.json,65414532,2022,1,2022-04-01,8992.0,sarpanch
119599|2022|AA|10,119599,Barimunda,2022,AA,2022_AA.json,65414224,2022,1,2023-06-01,17624.0,sarpanch
119599|2022|AA|11,119599,Barimunda,2022,AA,2022_AA.json,65411823,2022,1,2022-04-01,360744.0,sarpanch
119599|2022|AA|12,119599,Barimunda,2022,AA,2022_AA.json,60640448,2022,1,2022-04-01,96000.0,sarpanch
119599|2022|AA|13,119599,Barimunda,2022,AA,2022_AA.json,65414644,2022,1,2023-06-21,150000.0,je
119599|2022|AA|14,119599,Barimunda,2022,AA,2022_AA.json,65414622,2022,1,2025-07-21,150000.0,je
119599|2022|AA|15,119599,Barimunda,2022,AA,2022_AA.json,65413919,2022,1,2025-05-01,100000.0,je
119599|2022|AA|16,119599,Barimunda,2022,AA,2022_AA.json,65413792,2022,1,2025-05-01,30000.0,je
119599|2023|AA|0,119599,Barimunda,2023,AA,2023_AA.json,79962791,2023,1,2023-10-01,200000.0,sarpanch
119599|2023|AA|1,119599,Barimunda,2023,AA,2023_AA.json,75998904,2023,1,2023-10-01,366060.0,sarpanch
119599|2023|AA|2,119599,Barimunda,2023,AA,2023_AA.json,79957032,2023,1,2023-04-01,100000.0,sarpanch
119599|2023|AA|3,119599,Barimunda,2023,AA,2023_AA.json,75998669,2023,1,2023-04-01,96000.0,sarpanch
119599|2023|AA|4,119599,Barimunda,2023,AA,2023_AA.json,79954369,2023,1,2024-03-01,500000.0,sarpanch
119599|2023|AA|5,119599,Barimunda,2023,AA,2023_AA.json,79965294,2023,1,2024-11-01,150000.0,sarpanch
119599|2023|AA|6,119599,Barimunda,2023,AA,2023_AA.json,79964616,2023,6,2024-07-31,80000.0,SARAPANCH
119599|2023|AA|7,119599,Barimunda,2023,AA,2023_AA.json,79947142,2023,1,2023-06-21,90000.0,je
119599|2023|AA|8,119599,Barimunda,2023,AA,2023_AA.json,79948459,2023,1,2023-04-01,101680.0,sarpanch
119599|2023|AA|9,119599,Barimunda,2023,AA,2023_AA.json,79943589,2023,1,2025-06-30,62040.0,je
119599|2023|AA|10,119599,Barimunda,2023,AA,2023_AA.json,80169667,2023,1,2025-06-30,3500.0,je
119599|2023|AA|11,119599,Barimunda,2023,AA,2023_AA.json,80167406,2023,1,2025-06-30,3500.0,je
119599|2023|AA|12,119599,Barimunda,2023,AA,2023_AA.json,80175289,2023,1,2025-06-30,3500.0,je
119599|2023|AA|13,119599,Barimunda,2023,AA,2023_AA.json,80256230,2023,1,2025-06-30,3500.0,je
119599|2023|AA|14,119599,Barimunda,2023,AA,2023_AA.json,80172711,2023,1,2025-06-30,3500.0,je
119599|2023|AA|15,119599,Barimunda,2023,AA,2023_AA.json,80162530,2023,1,2025-06-30,3500.0,je
119599|2023|AA|16,119599,Barimunda,2023,AA,2023_AA.json,80255361,2023,1,2025-06-30,3500.0,je
119599|2023|AA|17,119599,Barimunda,2023,AA,2023_AA.json,80257495,2023,1,2025-06-30,3500.0,je
119599|2023|AA|18,119599,Barimunda,2023,AA,2023_AA.json,80256890,2023,1,2025-06-30,3500.0,je
119599|2023|AA|19,119599,Barimunda,2023,AA,2023_AA.json,80255031,2023,1,2025-06-30,3500.0,je
119599|2023|AA|20,119599,Barimunda,2023,AA,2023_AA.json,80176214,2023,1,2025-06-30,3500.0,je
119599|2023|AA|21,119599,Barimunda,2023,AA,2023_AA.json,80256535,2023,1,2025-06-30,3500.0,je
119599|2023|AA|22,119599,Barimunda,2023,AA,2023_AA.json,80165637,2023,1,2025-06-30,3500.0,je
119599|2023|AA|23,119599,Barimunda,2023,AA,2023_AA.json,80175594,2023,1,2025-06-30,3500.0,je
119599|2023|AA|24,119599,Barimunda,2023,AA,2023_AA.json,79955690,2023,1,2025-05-01,116080.0,je
119599|2023|AA|25,119599,Barimunda,2023,AA,2023_AA.json,79963641,2023,1,2025-11-10,50000.0,je
119599|2023|AA|26,119599,Barimunda,2023,AA,2023_AA.json,79957873,2023,1,2026-07-08,20000.0,je
119599|2023|AA|27,119599,Barimunda,2023,AA,2023_AA.json,79962020,2023,1,2026-07-05,43074.0,je
119599|2024|AA|0,119599,Barimunda,2024,AA,2024_AA.json,105661229,2024,1,2024-11-01,77756.0,sarpanch
119599|2024|AA|1,119599,Barimunda,2024,AA,2024_AA.json,105733941,2024,93,2024-09-02,200000.0,SARAPANCH
119599|2024|AA|2,119599,Barimunda,2024,AA,2024_AA.json,105648673,2024,1,2024-04-22,156000.0,je
119599|2024|AA|3,119599,Barimunda,2024,AA,2024_AA.json,105661025,2024,1,2025-03-20,500000.0,je
119599|2024|AA|4,119599,Barimunda,2024,AA,2024_AA.json,105648980,2024,1,2025-03-20,333567.0,je
119599|2024|AA|5,119599,Barimunda,2024,AA,2024_AA.json,105667573,2024,1,2025-06-10,100000.0,je
119599|2024|AA|6,119599,Barimunda,2024,AA,2024_AA.json,105667167,2024,1,2025-03-24,43000.0,JE
119599|2024|AA|7,119599,Barimunda,2024,AA,2024_AA.json,105661404,2024,1,2025-05-12,75000.0,je
119599|2024|AA|8,119599,Barimunda,2024,AA,2024_AA.json,105649904,2024,1,2025-10-22,101680.0,je
119599|2024|AA|9,119599,Barimunda,2024,AA,2024_AA.json,105660870,2024,1,2026-03-16,200847.0,je
119599|2024|AA|10,119599,Barimunda,2024,AA,2024_AA.json,105650225,2024,1,2026-07-05,62040.0,je
119599|2025|AA|0,119599,Barimunda,2025,AA,2025_AA.json,118530588,2025,1,2025-10-04,100000.0,je
119599|2025|AA|1,119599,Barimunda,2025,AA,2025_AA.json,121630153,2025,1,2025-09-18,300000.0,je
119599|2025|AA|2,119599,Barimunda,2025,AA,2025_AA.json,118509839,2025,1,2025-10-03,140000.0,je
119599|2025|AA|3,119599,Barimunda,2025,AA,2025_AA.json,121630116,2025,1,2026-05-05,156000.0,je
119599|2025|AA|4,119599,Barimunda,2025,AA,2025_AA.json,118542524,2025,1,2026-05-05,50000.0,je
119599|2025|AA|5,119599,Barimunda,2025,AA,2025_AA.json,118504613,2025,1,2026-03-11,100000.0,je
119599|2025|AA|6,119599,Barimunda,2025,AA,2025_AA.json,118530871,2025,1,2026-03-16,100000.0,je
119599|2025|AA|7,119599,Barimunda,2025,AA,2025_AA.json,127987671,2025,1,2026-03-16,150000.0,je
119599|2025|AA|8,119599,Barimunda,2025,AA,2025_AA.json,118529913,2025,1,2026-05-14,200000.0,je
119599|2025|AA|9,119599,Barimunda,2025,AA,2025_AA.json,128271713,2025,1,2026-06-08,12167.0,je
119599|2025|AA|10,119599,Barimunda,2025,AA,2025_AA.json,121628130,2025,1,2026-07-05,12167.0,je
119605|2020|AA|0,119605,Itipur,2020,AA,2020_AA.json,44344759,2020,322,2021-02-26,205772.0,SARAPANCH
119605|2020|AA|1,119605,Itipur,2020,AA,2020_AA.json,44344901,2020,323,2021-02-26,150000.0,SARAPANCH
119605|2020|AA|2,119605,Itipur,2020,AA,2020_AA.json,44344919,2020,324,2021-02-26,100000.0,SARAPANCH
119605|2020|AA|3,119605,Itipur,2020,AA,2020_AA.json,44345009,2020,328,2021-02-26,100000.0,SARAPANCH
119605|2020|AA|4,119605,Itipur,2020,AA,2020_AA.json,44344938,2020,325,2021-02-26,120000.0,SARAPANCH
119605|2020|AA|5,119605,Itipur,2020,AA,2020_AA.json,44345063,2020,331,2021-02-26,120000.0,SARAPANCH
119605|2020|AA|6,119605,Itipur,2020,AA,2020_AA.json,44345047,2020,330,2021-02-26,150000.0,SARAPANCH
119605|2020|AA|7,119605,Itipur,2020,AA,2020_AA.json,44344710,2020,320,2021-02-26,200000.0,SARAPANCH
119605|2020|AA|8,119605,Itipur,2020,AA,2020_AA.json,44344969,2020,327,2021-02-26,50000.0,SARAPANCH
119605|2020|AA|9,119605,Itipur,2020,AA,2020_AA.json,44345027,2020,329,2021-03-26,100000.0,SARAPANCH
119605|2020|AA|10,119605,Itipur,2020,AA,2020_AA.json,44344953,2020,326,2021-02-26,75772.0,SARAPANCH
119605|2020|AA|11,119605,Itipur,2020,AA,2020_AA.json,44339606,2020,1,2021-03-01,100000.0,sarpancha
119605|2020|AA|12,119605,Itipur,2020,AA,2020_AA.json,44339623,2020,2,2021-03-01,100000.0,sarpancha
119605|2020|AA|13,119605,Itipur,2020,AA,2020_AA.json,44339808,2020,3,2021-03-01,75074.0,sarpancha
119605|2020|AA|14,119605,Itipur,2020,AA,2020_AA.json,44344661,2020,4,2020-10-26,260000.0,sarpancha
119605|2021|AA|0,119605,Itipur,2021,AA,2021_AA.json,48208444,2021,1,2021-04-01,35074.0,sarapanch
119605|2021|AA|1,119605,Itipur,2021,AA,2021_AA.json,48208325,2021,219,2021-12-10,360000.0,SARPANCH
119605|2021|AA|2,119605,Itipur,2021,AA,2021_AA.json,56657451,2021,347,2022-07-10,141149.0,SARAPANCH
119605|2021|AA|3,119605,Itipur,2021,AA,2021_AA.json,56600246,2021,1,2022-07-10,20000.0,SARAPANCH
119605|2021|AA|4,119605,Itipur,2021,AA,2021_AA.json,56613832,2021,1,2022-07-10,121149.0,SARAPANCH
119605|2021|AA|5,119605,Itipur,2021,AA,2021_AA.json,65096304,2021,13,2022-07-05,88198.0,SARAPANCH
119605|2021|AA|6,119605,Itipur,2021,AA,2021_AA.json,65096368,2021,14,2022-07-05,50000.0,SARAPANCH
119605|2021|AA|7,119605,Itipur,2021,AA,2021_AA.json,48208369,2021,1,2022-07-05,48000.0,SARAPANCH
119605|2021|AA|8,119605,Itipur,2021,AA,2021_AA.json,56657016,2021,1,2022-09-30,100000.0,SARAPANCH
119605|2021|AA|9,119605,Itipur,2021,AA,2021_AA.json,56673560,2021,57,2022-10-31,50000.0,SARAPANCH
119605|2021|AA|10,119605,Itipur,2021,AA,2021_AA.json,65097842,2021,58,2022-10-31,50000.0,SARAPANCH
119605|2021|AA|11,119605,Itipur,2021,AA,2021_AA.json,56599453,2021,94,2024-12-24,200000.0,sarpancha
119605|2021|AA|12,119605,Itipur,2021,AA,2021_AA.json,56673997,2021,4,2022-03-01,50000.0,sarpancha
119605|2021|AA|13,119605,Itipur,2021,AA,2021_AA.json,48208494,2021,1,2022-03-01,200000.0,sarpancha
119605|2021|AA|14,119605,Itipur,2021,AA,2021_AA.json,65098022,2021,5,2022-03-01,100000.0,sarpancha
119605|2022|AA|0,119605,Itipur,2022,AA,2022_AA.json,65408949,2022,1,2022-11-10,350000.0,SARAPANCH
119605|2022|AA|1,119605,Itipur,2022,AA,2022_AA.json,65409623,2022,1,2022-10-31,43074.0,SARAPANCH
119605|2022|AA|2,119605,Itipur,2022,AA,2022_AA.json,65409284,2022,32,2022-10-31,200000.0,SARAPANCH
119605|2022|AA|3,119605,Itipur,2022,AA,2022_AA.json,65409476,2022,30,2022-10-31,400000.0,SARAPANCH
119605|2022|AA|4,119605,Itipur,2022,AA,2022_AA.json,65409377,2022,33,2022-10-31,108992.0,SARAPANCH
119605|2022|AA|5,119605,Itipur,2022,AA,2022_AA.json,65409338,2022,32,2022-10-31,300000.0,SARAPANCH
119605|2022|AA|6,119605,Itipur,2022,AA,2022_AA.json,60926606,2022,1,2022-11-01,48000.0,SARAPNCH
119605|2022|AA|7,119605,Itipur,2022,AA,2022_AA.json,65410452,2022,49,2022-10-31,21500.0,SARAPANCH
119605|2022|AA|8,119605,Itipur,2022,AA,2022_AA.json,65410237,2022,48,2022-10-31,20000.0,SARAPANCH
119605|2022|AA|9,119605,Itipur,2022,AA,2022_AA.json,65410011,2022,46,2022-10-31,22500.0,SARAPANCH
119605|2022|AA|10,119605,Itipur,2022,AA,2022_AA.json,60926466,2022,34,2022-10-31,200000.0,SARAPANCH
119605|2022|AA|11,119605,Itipur,2022,AA,2022_AA.json,65410201,2022,47,2022-10-31,50000.0,SARAPANCH
119605|2022|AA|12,119605,Itipur,2022,AA,2022_AA.json,65409970,2022,45,2022-09-30,60000.0,SARAPANCH
119605|2022|AA|13,119605,Itipur,2022,AA,2022_AA.json,65409810,2022,43,2022-10-31,60000.0,SARAPANCH
119605|2022|AA|14,119605,Itipur,2022,AA,2022_AA.json,65409918,2022,44,2022-10-10,90000.0,SARAPANCH
119605|2022|AA|15,119605,Itipur,2022,AA,2022_AA.json,88448498,2022,1,2023-10-31,60000.0,SARAPANCH
119605|2022|AA|16,119605,Itipur,2022,AA,2022_AA.json,65410154,2022,3,2024-03-01,7000.0,sarpancha
119605|2022|AA|17,119605,Itipur,2022,AA,2022_AA.json,65410493,2022,4,2024-03-01,6594.0,sarpancha
119605|2023|AA|0,119605,Itipur,2023,AA,2023_AA.json,76582178,2023,1,2023-12-01,43074.0,SARAPANCH
119605|2023|AA|1,119605,Itipur,2023,AA,2023_AA.json,82876565,2023,1,2023-12-01,48000.0,SARAPANCH
119605|2023|AA|2,119605,Itipur,2023,AA,2023_AA.json,82878032,2023,1,2023-12-01,365516.0,SARAPANCH
119605|2023|AA|3,119605,Itipur,2023,AA,2023_AA.json,82877361,2023,1,2023-12-01,48744.0,SARPANCH
119605|2023|AA|4,119605,Itipur,2023,AA,2023_AA.json,76584043,2023,1,2024-06-01,50000.0,SARPANCH
119605|2023|AA|5,119605,Itipur,2023,AA,2023_AA.json,76422091,2023,11,2024-03-01,3500.0,sarpancha
119605|2023|AA|6,119605,Itipur,2023,AA,2023_AA.json,76422269,2023,12,2024-03-01,3500.0,sarpancha
119605|2023|AA|7,119605,Itipur,2023,AA,2023_AA.json,76422493,2023,13,2024-03-01,3500.0,sarpancha
119605|2023|AA|8,119605,Itipur,2023,AA,2023_AA.json,76424051,2023,19,2024-03-01,3500.0,sarpancha
119605|2023|AA|9,119605,Itipur,2023,AA,2023_AA.json,76422932,2023,15,2024-03-01,3500.0,sarpancha
119605|2023|AA|10,119605,Itipur,2023,AA,2023_AA.json,76423426,2023,16,2024-03-01,3500.0,sarpancha
119605|2023|AA|11,119605,Itipur,2023,AA,2023_AA.json,76423647,2023,17,2024-03-01,3500.0,sarpancha
119605|2023|AA|12,119605,Itipur,2023,AA,2023_AA.json,76422693,2023,14,2024-03-01,3500.0,sarpancha
119605|2023|AA|13,119605,Itipur,2023,AA,2023_AA.json,76423863,2023,18,2024-03-01,3500.0,sarpancha
119605|2023|AA|14,119605,Itipur,2023,AA,2023_AA.json,76576158,2023,48,2024-11-04,300000.0,sarpancha
119605|2023|AA|15,119605,Itipur,2023,AA,2023_AA.json,82903814,2023,47,2024-12-04,150000.0,sarpancha
119605|2023|AA|16,119605,Itipur,2023,AA,2023_AA.json,76584990,2023,20,2024-03-01,50000.0,sarpancha
119605|2023|AA|17,119605,Itipur,2023,AA,2023_AA.json,76414199,2023,1,2025-06-01,75700.0,sarpancha
119605|2023|AA|18,119605,Itipur,2023,AA,2023_AA.json,76415612,2023,1,2024-03-01,3500.0,sarpancha
119605|2023|AA|19,119605,Itipur,2023,AA,2023_AA.json,76415920,2023,2,2024-03-01,3500.0,sarpancha
119605|2023|AA|20,119605,Itipur,2023,AA,2023_AA.json,76416165,2023,3,2024-03-01,3500.0,sarpancha
119605|2023|AA|21,119605,Itipur,2023,AA,2023_AA.json,76417018,2023,4,2024-03-01,3500.0,sarpancha
119605|2023|AA|22,119605,Itipur,2023,AA,2023_AA.json,76417263,2023,5,2024-03-01,3500.0,sarpancha
119605|2023|AA|23,119605,Itipur,2023,AA,2023_AA.json,76417663,2023,6,2024-03-01,3500.0,sarpancha
119605|2023|AA|24,119605,Itipur,2023,AA,2023_AA.json,76419677,2023,7,2024-03-01,3500.0,sarpancha
119605|2023|AA|25,119605,Itipur,2023,AA,2023_AA.json,76420017,2023,8,2024-03-01,3500.0,sarpancha
119605|2023|AA|26,119605,Itipur,2023,AA,2023_AA.json,76420472,2023,10,2024-03-01,3500.0,sarpancha
119605|2023|AA|27,119605,Itipur,2023,AA,2023_AA.json,76420237,2023,9,2024-03-01,3500.0,sarpancha
119605|2023|AA|28,119605,Itipur,2023,AA,2023_AA.json,77191560,2023,65,2024-11-04,102592.0,sarpancha
119605|2023|AA|29,119605,Itipur,2023,AA,2023_AA.json,77190660,2023,64,2024-11-04,100000.0,sarpancha
119605|2023|AA|30,119605,Itipur,2023,AA,2023_AA.json,77189411,2023,63,2024-11-04,100000.0,sarpancha
119605|2023|AA|31,119605,Itipur,2023,AA,2023_AA.json,76588111,2023,46,2024-11-04,50000.0,sarpancha
119605|2023|AA|32,119605,Itipur,2023,AA,2023_AA.json,77188214,2023,62,2024-11-04,100000.0,sarpancha
119605|2023|AA|33,119605,Itipur,2023,AA,2023_AA.json,76413825,2023,21,2024-03-01,50000.0,sarpancha
119605|2023|AA|34,119605,Itipur,2023,AA,2023_AA.json,76412971,2023,22,2024-03-01,100000.0,sarpancha
119605|2024|AA|0,119605,Itipur,2024,AA,2024_AA.json,102253049,2024,7,2024-04-10,489567.0,SARAPANCH
119605|2024|AA|1,119605,Itipur,2024,AA,2024_AA.json,101667237,2024,14,2024-03-01,100000.0,sarpancha
119605|2024|AA|2,119605,Itipur,2024,AA,2024_AA.json,102364406,2024,12,2025-06-01,200000.0,sarapanch
119605|2024|AA|3,119605,Itipur,2024,AA,2024_AA.json,101709656,2024,2,2024-03-01,3500.0,sarpancha
119605|2024|AA|4,119605,Itipur,2024,AA,2024_AA.json,101636921,2024,1,2025-03-01,252756.0,sarpancha
119605|2024|AA|5,119605,Itipur,2024,AA,2024_AA.json,101711630,2024,3,2024-03-01,3500.0,sarpancha
119605|2024|AA|6,119605,Itipur,2024,AA,2024_AA.json,101716273,2024,6,2024-03-01,3500.0,sarpancha
119605|2024|AA|7,119605,Itipur,2024,AA,2024_AA.json,101714632,2024,5,2024-03-01,3500.0,sarpancha
119605|2024|AA|8,119605,Itipur,2024,AA,2024_AA.json,101713082,2024,4,2024-03-01,3500.0,sarpancha
119605|2024|AA|9,119605,Itipur,2024,AA,2024_AA.json,101721204,2024,7,2024-03-01,3500.0,sarpancha
119605|2024|AA|10,119605,Itipur,2024,AA,2024_AA.json,101723850,2024,8,2024-03-01,3500.0,sarpancha
119605|2024|AA|11,119605,Itipur,2024,AA,2024_AA.json,101726970,2024,9,2024-03-01,3500.0,sarpancha
119605|2024|AA|12,119605,Itipur,2024,AA,2024_AA.json,101616506,2024,11,2024-03-01,5150.0,sarpancha
119605|2024|AA|13,119605,Itipur,2024,AA,2024_AA.json,101621024,2024,10,2024-03-01,20977.0,sarpancha
119605|2024|AA|14,119605,Itipur,2024,AA,2024_AA.json,102245941,2024,12,2024-03-01,69440.0,sarpancha
119605|2024|AA|15,119605,Itipur,2024,AA,2024_AA.json,101663086,2024,13,2024-03-01,47074.0,sarpancha
119605|2024|AA|16,119605,Itipur,2024,AA,2024_AA.json,101639896,2024,15,2024-10-26,200000.0,sarpancha
119605|2024|AA|17,119605,Itipur,2024,AA,2024_AA.json,101659017,2024,15,2024-10-26,150000.0,sarpancha
119605|2024|AA|18,119605,Itipur,2024,AA,2024_AA.json,101614963,2024,16,2024-10-26,300000.0,sarpancha
119605|2025|AA|0,119605,Itipur,2025,AA,2025_AA.json,121981445,2025,9,2025-01-26,110333.0,sarpancha
119605|2025|AA|1,119605,Itipur,2025,AA,2025_AA.json,117175672,2025,1,2025-01-26,78000.0,sarpancha
119605|2025|AA|2,119605,Itipur,2025,AA,2025_AA.json,121979127,2025,4,2025-01-26,30000.0,sarpancha
119605|2025|AA|3,119605,Itipur,2025,AA,2025_AA.json,121979609,2025,6,2025-01-26,50000.0,sarpancha
119605|2025|AA|4,119605,Itipur,2025,AA,2025_AA.json,121980396,2025,8,2025-01-26,20000.0,sarpancha
119605|2025|AA|5,119605,Itipur,2025,AA,2025_AA.json,121984299,2025,10,2025-01-26,152756.0,sarpancha
119605|2025|AA|6,119605,Itipur,2025,AA,2025_AA.json,121979351,2025,5,2025-01-26,50000.0,sarpancha
119605|2025|AA|7,119605,Itipur,2025,AA,2025_AA.json,121978446,2025,3,2025-01-26,69440.0,sarpancha
119605|2025|AA|8,119605,Itipur,2025,AA,2025_AA.json,121977784,2025,2,2025-01-26,399400.0,sarpancha
119605|2025|AA|9,119605,Itipur,2025,AA,2025_AA.json,121984590,2025,11,2025-01-26,100000.0,sarpancha
119605|2025|AA|10,119605,Itipur,2025,AA,2025_AA.json,121984981,2025,12,2025-01-26,100000.0,sarpancha
119605|2025|AA|11,119605,Itipur,2025,AA,2025_AA.json,121987791,2025,13,2025-01-26,150000.0,sarpancha
119605|2025|AA|12,119605,Itipur,2025,AA,2025_AA.json,121988989,2025,14,2025-01-26,50000.0,sarpancha
119605|2025|AA|13,119605,Itipur,2025,AA,2025_AA.json,121988481,2025,15,2025-10-26,243074.0,sarpancha
119605|2025|AA|14,119605,Itipur,2025,AA,2025_AA.json,121983932,2025,16,2025-10-26,100000.0,sarpancha
119605|2025|AA|15,119605,Itipur,2025,AA,2025_AA.json,121988150,2025,17,2025-10-02,200000.0,sarpancha
119605|2025|AA|16,119605,Itipur,2025,AA,2025_AA.json,121981982,2025,18,2025-10-26,90000.0,sarpancha
119717|2020|AA|0,119717,Boipariguda,2020,AA,2020_AA.json,44280668,2020,1,2020-10-12,150000.0,SARAPANCH
119717|2020|AA|1,119717,Boipariguda,2020,AA,2020_AA.json,44301808,2020,200000,2020-11-25,200000.0,SARAPANCH
119717|2020|AA|2,119717,Boipariguda,2020,AA,2020_AA.json,44302023,2020,300000,2020-11-25,300000.0,SARAPANCH
119717|2020|AA|3,119717,Boipariguda,2020,AA,2020_AA.json,44302410,2020,1,2020-11-25,100000.0,SARAPANCH
119717|2020|AA|4,119717,Boipariguda,2020,AA,2020_AA.json,44280995,2020,1,2021-01-17,200000.0,BDO
119717|2020|AA|5,119717,Boipariguda,2020,AA,2020_AA.json,44302146,2020,1,2021-01-24,200000.0,BDO
119717|2020|AA|6,119717,Boipariguda,2020,AA,2020_AA.json,44302588,2020,1,2021-01-16,100000.0,BDO
119717|2020|AA|7,119717,Boipariguda,2020,AA,2020_AA.json,44301723,2020,1,2021-04-01,200000.0,BDO
119717|2020|AA|8,119717,Boipariguda,2020,AA,2020_AA.json,44302217,2020,1,2021-05-05,179043.0,BDO
119717|2020|AA|9,119717,Boipariguda,2020,AA,2020_AA.json,44302306,2020,1,2021-05-05,100000.0,BDO
119717|2020|AA|10,119717,Boipariguda,2020,AA,2020_AA.json,44302267,2020,1,2021-05-05,50000.0,BDO
119717|2020|AA|11,119717,Boipariguda,2020,AA,2020_AA.json,44280525,2020,1,2021-06-05,300000.0,BDO
119717|2020|AA|12,119717,Boipariguda,2020,AA,2020_AA.json,44302100,2020,1,2021-06-05,200000.0,BDO
119717|2020|AA|13,119717,Boipariguda,2020,AA,2020_AA.json,44302524,2020,1,2021-06-05,100000.0,BDO
119717|2020|AA|14,119717,Boipariguda,2020,AA,2020_AA.json,44302453,2020,16,2022-02-13,400000.0,sarpanch
119717|2020|AA|15,119717,Boipariguda,2020,AA,2020_AA.json,44280874,2020,28,2022-02-01,100000.0,sarpanch
119717|2020|AA|16,119717,Boipariguda,2020,AA,2020_AA.json,44281181,2020,2,2022-04-02,100000.0,sarpanch
119717|2020|AA|17,119717,Boipariguda,2020,AA,2020_AA.json,44301379,2020,2,2022-04-02,100000.0,sarpanch
119717|2020|AA|18,119717,Boipariguda,2020,AA,2020_AA.json,44301474,2020,3,2022-04-02,100000.0,sarpanch
119717|2020|AA|19,119717,Boipariguda,2020,AA,2020_AA.json,44302651,2020,17,2022-04-02,225000.0,sarpanch
119717|2020|AA|20,119717,Boipariguda,2020,AA,2020_AA.json,44301931,2020,1,2023-06-20,100000.0,BDO
119717|2021|AA|0,119717,Boipariguda,2021,AA,2021_AA.json,47665150,2021,1,2021-08-10,192000.0,BDO
119717|2021|AA|1,119717,Boipariguda,2021,AA,2021_AA.json,47698853,2021,1,2022-01-10,230428.0,sarpanch
119717|2021|AA|2,119717,Boipariguda,2021,AA,2021_AA.json,47668326,2021,1,2022-02-15,330000.0,sarpanch
119717|2021|AA|3,119717,Boipariguda,2021,AA,2021_AA.json,47663723,2021,1,2022-01-20,370000.0,sarpanch
119717|2021|AA|4,119717,Boipariguda,2021,AA,2021_AA.json,52577130,2021,4,2022-02-01,100000.0,sarpanch
119717|2021|AA|5,119717,Boipariguda,2021,AA,2021_AA.json,47683986,2021,2,2022-02-15,333000.0,sarpanch
119717|2021|AA|6,119717,Boipariguda,2021,AA,2021_AA.json,47666669,2021,151,2022-04-02,64428.0,sarpanch
119717|2021|AA|7,119717,Boipariguda,2021,AA,2021_AA.json,47669467,2021,1,2022-05-07,138093.0,sarpanch
119717|2021|AA|8,119717,Boipariguda,2021,AA,2021_AA.json,52577241,2021,1,2022-06-08,100000.0,sarapanch
119717|2021|AA|9,119717,Boipariguda,2021,AA,2021_AA.json,52577101,2021,1,2022-07-05,150000.0,sarpanch
119717|2021|AA|10,119717,Boipariguda,2021,AA,2021_AA.json,47664303,2021,1,2022-07-05,50000.0,sarpanch
119717|2021|AA|11,119717,Boipariguda,2021,AA,2021_AA.json,52577071,2021,2,2022-08-19,200000.0,sarpanch
119717|2021|AA|12,119717,Boipariguda,2021,AA,2021_AA.json,47669718,2021,1,2022-09-30,120000.0,sarpanch
119717|2021|AA|13,119717,Boipariguda,2021,AA,2021_AA.json,52577185,2021,1,2022-12-04,150000.0,sarpanch
119717|2021|AA|14,119717,Boipariguda,2021,AA,2021_AA.json,52577274,2021,1,2023-02-10,50000.0,BDO
119717|2021|AA|15,119717,Boipariguda,2021,AA,2021_AA.json,47681578,2021,1,2023-02-05,35000.0,BDO
119717|2021|AA|16,119717,Boipariguda,2021,AA,2021_AA.json,52577161,2021,1,2023-04-05,400000.0,BDO
119717|2022|AA|0,119717,Boipariguda,2022,AA,2022_AA.json,64829858,2022,1,2022-09-01,500000.0,sarpanch
119717|2022|AA|1,119717,Boipariguda,2022,AA,2022_AA.json,64820267,2022,1,2022-09-01,160000.0,sarpanch
119717|2022|AA|2,119717,Boipariguda,2022,AA,2022_AA.json,64820403,2022,1,2022-09-01,140000.0,sarpanch
119717|2022|AA|3,119717,Boipariguda,2022,AA,2022_AA.json,64830504,2022,1,2022-09-10,176796.0,sarpanch
119717|2022|AA|4,119717,Boipariguda,2022,AA,2022_AA.json,64829816,2022,1,2022-09-01,192000.0,sarpanch
119717|2022|AA|5,119717,Boipariguda,2022,AA,2022_AA.json,64830572,2022,1,2022-10-13,140000.0,sarpanch
119717|2022|AA|6,119717,Boipariguda,2022,AA,2022_AA.json,64829892,2022,1,2022-11-09,60000.0,sarpanch
119717|2022|AA|7,119717,Boipariguda,2022,AA,2022_AA.json,64820208,2022,1,2023-02-06,500000.0,sarpanch
119717|2022|AA|8,119717,Boipariguda,2022,AA,2022_AA.json,64830327,2022,1,2023-01-10,100000.0,BDO
119717|2022|AA|9,119717,Boipariguda,2022,AA,2022_AA.json,64830629,2022,1,2023-01-15,50000.0,BDO
119717|2022|AA|10,119717,Boipariguda,2022,AA,2022_AA.json,64830394,2022,1,2023-02-05,100000.0,BDO
119717|2022|AA|11,119717,Boipariguda,2022,AA,2022_AA.json,64830300,2022,1,2023-02-05,100000.0,BDO
119717|2022|AA|12,119717,Boipariguda,2022,AA,2022_AA.json,64830466,2022,1,2023-02-05,50000.0,BDO
119717|2022|AA|13,119717,Boipariguda,2022,AA,2022_AA.json,64830414,2022,1,2023-02-05,20000.0,BDO
119717|2022|AA|14,119717,Boipariguda,2022,AA,2022_AA.json,64829971,2022,1,2023-05-05,105000.0,BDO
119717|2022|AA|15,119717,Boipariguda,2022,AA,2022_AA.json,64830609,2022,1,2023-06-05,70000.0,BDO
119717|2022|AA|16,119717,Boipariguda,2022,AA,2022_AA.json,61739887,2022,1,2023-06-05,125000.0,BDO
119717|2022|AA|17,119717,Boipariguda,2022,AA,2022_AA.json,64830144,2022,2,2023-10-15,65383.0,SARAPANCH
119717|2022|AA|18,119717,Boipariguda,2022,AA,2022_AA.json,64830015,2022,1,2023-10-15,52500.0,SARAPANCH
119717|2022|AA|19,119717,Boipariguda,2022,AA,2022_AA.json,64820281,2022,1,2023-11-15,40000.0,SARAPANCH
119717|2022|AA|20,119717,Boipariguda,2022,AA,2022_AA.json,64820343,2022,2,2023-11-15,30000.0,SARAPANCH
119717|2022|AA|21,119717,Boipariguda,2022,AA,2022_AA.json,64830233,2022,1,2024-11-10,20000.0,sarpanch
119717|2022|AA|22,119717,Boipariguda,2022,AA,2022_AA.json,64820253,2022,1,2026-03-02,50000.0,sarapanch
119717|2022|AA|23,119717,Boipariguda,2022,AA,2022_AA.json,61740040,2022,1,2026-02-25,21220.0,sarapanch
119717|2022|AA|24,119717,Boipariguda,2022,AA,2022_AA.json,61742627,2022,1,2026-03-05,41220.0,sarapanch
119717|2022|AA|25,119717,Boipariguda,2022,AA,2022_AA.json,64820332,2022,1,2026-03-07,12000.0,sarapanch
119717|2023|AA|0,119717,Boipariguda,2023,AA,2023_AA.json,82999413,2023,1,2024-07-31,924900.0,sarpanch
119717|2023|AA|1,119717,Boipariguda,2023,AA,2023_AA.json,83119040,2023,1,2024-11-10,63498.0,sarpanch
119717|2023|AA|2,119717,Boipariguda,2023,AA,2023_AA.json,83130292,2023,1,2024-11-10,141498.0,sarpanch
119717|2023|AA|3,119717,Boipariguda,2023,AA,2023_AA.json,83118218,2023,1,2024-11-28,87000.0,sarpanch
119717|2023|AA|4,119717,Boipariguda,2023,AA,2023_AA.json,83128802,2023,1,2024-08-09,192000.0,bdo
119717|2023|AA|5,119717,Boipariguda,2023,AA,2023_AA.json,82998373,2023,1,2025-01-02,105000.0,sarpanch
119717|2023|AA|6,119717,Boipariguda,2023,AA,2023_AA.json,80576673,2023,1,2024-08-28,176000.0,sarpanch
119717|2023|AA|7,119717,Boipariguda,2023,AA,2023_AA.json,83129586,2023,1,2024-09-17,375000.0,sarpanch
119717|2023|AA|8,119717,Boipariguda,2023,AA,2023_AA.json,82999216,2023,1,2024-10-16,118664.0,sarpanch
119717|2023|AA|9,119717,Boipariguda,2023,AA,2023_AA.json,80575335,2023,1,2025-05-02,85000.0,sarpanch
119717|2023|AA|10,119717,Boipariguda,2023,AA,2023_AA.json,83032499,2023,1,2025-05-02,36000.0,sarpanch
119717|2024|AA|0,119717,Boipariguda,2024,AA,2024_AA.json,100339064,2024,1,2024-11-10,36000.0,sarpanch
119717|2024|AA|1,119717,Boipariguda,2024,AA,2024_AA.json,100482822,2024,1,2024-11-18,97928.0,sarpanch
119717|2024|AA|2,119717,Boipariguda,2024,AA,2024_AA.json,100527949,2024,1,2025-01-02,140000.0,sarpanch
119717|2024|AA|3,119717,Boipariguda,2024,AA,2024_AA.json,100379955,2024,1,2025-06-04,50000.0,sarpanch
119717|2024|AA|4,119717,Boipariguda,2024,AA,2024_AA.json,100531595,2024,1,2025-08-08,40000.0,sarpanch
119717|2024|AA|5,119717,Boipariguda,2024,AA,2024_AA.json,100526108,2024,1,2025-04-02,273000.0,sarpanch
119717|2024|AA|6,119717,Boipariguda,2024,AA,2024_AA.json,100525756,2024,1,2025-04-02,132000.0,sarpanch
119717|2024|AA|7,119717,Boipariguda,2024,AA,2024_AA.json,100375965,2024,1,2025-04-02,100000.0,sarpanch
119717|2024|AA|8,119717,Boipariguda,2024,AA,2024_AA.json,100376909,2024,1,2025-04-02,100000.0,sarpanch
119717|2024|AA|9,119717,Boipariguda,2024,AA,2024_AA.json,100374986,2024,1,2025-04-02,100000.0,sarpanch
119717|2024|AA|10,119717,Boipariguda,2024,AA,2024_AA.json,100375388,2024,1,2025-04-02,100000.0,sarpanch
119717|2024|AA|11,119717,Boipariguda,2024,AA,2024_AA.json,100385798,2024,1,2025-05-02,100000.0,sarpanch
119717|2024|AA|12,119717,Boipariguda,2024,AA,2024_AA.json,100343863,2024,1,2025-09-04,220672.0,sarpanch
119717|2024|AA|13,119717,Boipariguda,2024,AA,2024_AA.json,100530306,2024,1,2025-10-22,100000.0,sarpanch
119717|2024|AA|14,119717,Boipariguda,2024,AA,2024_AA.json,100379485,2024,1,2025-12-02,600896.0,sarpanch
119717|2024|AA|15,119717,Boipariguda,2024,AA,2024_AA.json,100221356,2024,1,2026-01-01,50000.0,sarpanch
119717|2024|AA|16,119717,Boipariguda,2024,AA,2024_AA.json,100222458,2024,1,2026-01-03,50000.0,sarpanch
119717|2024|AA|17,119717,Boipariguda,2024,AA,2024_AA.json,100224869,2024,1,2026-03-03,245000.0,sarapanch
119717|2024|AA|18,119717,Boipariguda,2024,AA,2024_AA.json,100406448,2024,1,2026-03-05,60000.0,sarapanch
119717|2024|AA|19,119717,Boipariguda,2024,AA,2024_AA.json,100528704,2024,1,2026-02-10,15000.0,sarapanch
119717|2024|AA|20,119717,Boipariguda,2024,AA,2024_AA.json,100527542,2024,1,2026-03-05,50000.0,sarapanch
119717|2024|AA|21,119717,Boipariguda,2024,AA,2024_AA.json,100530697,2024,2,2026-03-01,100000.0,sarapanch
119717|2024|AA|22,119717,Boipariguda,2024,AA,2024_AA.json,100341996,2024,5,2026-04-12,75000.0,sarapanch
119717|2024|AA|23,119717,Boipariguda,2024,AA,2024_AA.json,100342542,2024,2,2026-04-15,22500.0,sarapanch
119717|2024|AA|24,119717,Boipariguda,2024,AA,2024_AA.json,100387572,2024,5,2026-04-20,50000.0,sarapanch
119717|2024|AA|25,119717,Boipariguda,2024,AA,2024_AA.json,100347286,2024,1,2026-04-02,130000.0,sarapanch
119717|2024|AA|26,119717,Boipariguda,2024,AA,2024_AA.json,100500396,2024,1,2026-04-05,246648.0,sarapanch
119717|2024|AA|27,119717,Boipariguda,2024,AA,2024_AA.json,128344210,2024,1,2026-04-05,97928.0,sarapanch
119717|2025|AA|0,119717,Boipariguda,2025,AA,2025_AA.json,124812356,2025,1,2025-09-21,120000.0,sarpanch
119717|2025|AA|1,119717,Boipariguda,2025,AA,2025_AA.json,124812783,2025,1,2025-09-21,100000.0,sarpanch
119717|2025|AA|2,119717,Boipariguda,2025,AA,2025_AA.json,124969379,2025,1,2026-03-05,28240.0,sarapanch
119717|2025|AA|3,119717,Boipariguda,2025,AA,2025_AA.json,124801973,2025,5,2026-01-15,100000.0,sarapanch
119717|2025|AA|4,119717,Boipariguda,2025,AA,2025_AA.json,124759177,2025,1,2026-04-15,110672.0,sarapanch
119717|2025|AA|5,119717,Boipariguda,2025,AA,2025_AA.json,124812698,2025,2,2026-04-07,105000.0,sarapanch
119717|2025|AA|6,119717,Boipariguda,2025,AA,2025_AA.json,124997644,2025,2,2026-04-15,120000.0,sarapanch
119717|2025|AA|7,119717,Boipariguda,2025,AA,2025_AA.json,124804169,2025,2,2026-04-15,150000.0,sarapanch
119717|2025|AA|8,119717,Boipariguda,2025,AA,2025_AA.json,124812422,2025,2,2026-04-02,50000.0,sarapanch
119717|2025|AA|9,119717,Boipariguda,2025,AA,2025_AA.json,124803470,2025,2,2026-04-21,36000.0,sarapanch
119717|2025|AA|10,119717,Boipariguda,2025,AA,2025_AA.json,124812465,2025,1,2026-04-05,50000.0,sarapanch
119717|2025|AA|11,119717,Boipariguda,2025,AA,2025_AA.json,124802520,2025,2,2026-04-02,273000.0,sarapanch
119862|2020|AA|0,119862,Laxmipur,2020,AA,2020_AA.json,44222390,2020,2,2021-02-25,100000.0,SARAPANCH
119862|2020|AA|1,119862,Laxmipur,2020,AA,2020_AA.json,44220850,2020,4,2021-02-25,100000.0,SARAPANCH
119862|2020|AA|2,119862,Laxmipur,2020,AA,2020_AA.json,44222332,2020,3,2021-02-24,95733.0,SARAPANCH
119862|2020|AA|3,119862,Laxmipur,2020,AA,2020_AA.json,44220650,2020,4,2021-01-21,100000.0,SARAPANCH
119862|2020|AA|4,119862,Laxmipur,2020,AA,2020_AA.json,44218645,2020,92021,2021-03-30,100000.0,SARAPANCH
119862|2020|AA|5,119862,Laxmipur,2020,AA,2020_AA.json,44219063,2020,82021,2021-03-30,100000.0,SARAPANCH
119862|2020|AA|6,119862,Laxmipur,2020,AA,2020_AA.json,44218873,2020,22021,2021-05-28,100000.0,SARPANCH
119862|2020|AA|7,119862,Laxmipur,2020,AA,2020_AA.json,44214504,2020,32021,2021-05-26,200000.0,SARPANCH
119862|2020|AA|8,119862,Laxmipur,2020,AA,2020_AA.json,38590687,2020,72021,2021-03-25,100000.0,SARAPANCH
119862|2020|AA|9,119862,Laxmipur,2020,AA,2020_AA.json,44220394,2020,102021,2021-05-28,200000.0,SARPANCH
119862|2020|AA|10,119862,Laxmipur,2020,AA,2020_AA.json,44222371,2020,52021,2021-05-28,100000.0,SARPANCH
119862|2020|AA|11,119862,Laxmipur,2020,AA,2020_AA.json,44222616,2020,22021,2021-05-28,270000.0,SARPANCH
119862|2020|AA|12,119862,Laxmipur,2020,AA,2020_AA.json,44218307,2020,52021,2021-05-26,100000.0,SARAPANCH
119862|2020|AA|13,119862,Laxmipur,2020,AA,2020_AA.json,50392194,2020,72021,2021-06-23,154840.0,SARAPANCH
119862|2020|AA|14,119862,Laxmipur,2020,AA,2020_AA.json,44222746,2020,44,2021-05-28,6000.0,SARPANCH
119862|2020|AA|15,119862,Laxmipur,2020,AA,2020_AA.json,44214752,2020,62021,2021-05-21,20000.0,SARAPANCH
119862|2020|AA|16,119862,Laxmipur,2020,AA,2020_AA.json,50391821,2020,62021,2021-05-28,60000.0,SARAPANCH
119862|2020|AA|17,119862,Laxmipur,2020,AA,2020_AA.json,44218275,2020,102021,2021-05-28,50000.0,SARAPANCH
119862|2020|AA|18,119862,Laxmipur,2020,AA,2020_AA.json,44222659,2020,52021,2021-05-28,100000.0,SARPANCH
119862|2020|AA|19,119862,Laxmipur,2020,AA,2020_AA.json,44222732,2020,52021,2021-07-05,50000.0,SARAPANCH
119862|2020|AA|20,119862,Laxmipur,2020,AA,2020_AA.json,44219594,2020,12021,2021-07-05,250000.0,SARAPANCH
119862|2020|AA|21,119862,Laxmipur,2020,AA,2020_AA.json,44222709,2020,42021,2021-07-03,50000.0,SARAPANCH
119862|2020|AA|22,119862,Laxmipur,2020,AA,2020_AA.json,44222295,2020,32021,2021-07-03,100000.0,SARAPANCH
119862|2020|AA|23,119862,Laxmipur,2020,AA,2020_AA.json,44220328,2020,92021,2021-05-25,200000.0,SARAPANCH
119862|2020|AA|24,119862,Laxmipur,2020,AA,2020_AA.json,44222597,2020,882021,2020-06-25,144000.0,SARPANCH
119862|2020|AA|25,119862,Laxmipur,2020,AA,2020_AA.json,44222688,2020,32021,2020-07-28,229600.0,SARPANCH
119862|2020|AA|26,119862,Laxmipur,2020,AA,2020_AA.json,44213449,2020,22021,2020-07-28,100000.0,SARPANCH
119862|2020|AA|27,119862,Laxmipur,2020,AA,2020_AA.json,44218414,2020,62021,2020-05-28,100000.0,SARPANCH
119862|2020|AA|28,119862,Laxmipur,2020,AA,2020_AA.json,44222572,2020,882021,2020-05-28,150000.0,SARPANCH
119862|2020|AA|29,119862,Laxmipur,2020,AA,2020_AA.json,44218376,2020,12122,2020-07-28,50000.0,SARPANCH
119862|2020|AA|30,119862,Laxmipur,2020,AA,2020_AA.json,44222551,2020,as44222551,2025-12-31,500000.0,SARPANCHA
119862|2021|AA|0,119862,Laxmipur,2021,AA,2021_AA.json,52408000,2021,22122,2021-06-01,30000.0,SARAPANCH
119862|2021|AA|1,119862,Laxmipur,2021,AA,2021_AA.json,52408155,2021,32122,2021-06-01,30000.0,SARAPANCH
119862|2021|AA|2,119862,Laxmipur,2021,AA,2021_AA.json,52408268,2021,52122,2021-06-05,30000.0,SARAPANCH
119862|2021|AA|3,119862,Laxmipur,2021,AA,2021_AA.json,52408216,2021,42122,2021-06-05,30000.0,SARAPANCH
119862|2021|AA|4,119862,Laxmipur,2021,AA,2021_AA.json,52408070,2021,12122,2021-06-05,30000.0,SARAPANCH
119862|2021|AA|5,119862,Laxmipur,2021,AA,2021_AA.json,52408802,2021,12122,2021-06-23,40000.0,SARAPANCH
119862|2021|AA|6,119862,Laxmipur,2021,AA,2021_AA.json,52406402,2021,3,2021-05-20,90000.0,SARPANCH
119862|2021|AA|7,119862,Laxmipur,2021,AA,2021_AA.json,52409042,2021,12122,2021-05-25,170000.0,SARPANCH
119862|2021|AA|8,119862,Laxmipur,2021,AA,2021_AA.json,52408703,2021,444,2021-05-25,144000.0,SARPANCH
119862|2021|AA|9,119862,Laxmipur,2021,AA,2021_AA.json,52407057,2021,32122,2021-05-25,330000.0,SARAPANCH
119862|2021|AA|10,119862,Laxmipur,2021,AA,2021_AA.json,52406846,2021,22122,2021-05-25,330000.0,SARAPANCH
119862|2021|AA|11,119862,Laxmipur,2021,AA,2021_AA.json,52408566,2021,32122,2021-06-28,100000.0,SARPANCH
119862|2021|AA|12,119862,Laxmipur,2021,AA,2021_AA.json,52407430,2021,122122,2021-04-28,200000.0,SARPANCH
119862|2021|AA|13,119862,Laxmipur,2021,AA,2021_AA.json,52408641,2021,6412122,2021-07-28,400000.0,SARPANCH
119862|2021|AA|14,119862,Laxmipur,2021,AA,2021_AA.json,52407908,2021,82223,2021-05-27,51733.0,SARPANCH
119862|2021|AA|15,119862,Laxmipur,2021,AA,2021_AA.json,52408854,2021,332122,2021-05-28,50000.0,SARPANCH
119862|2021|AA|16,119862,Laxmipur,2021,AA,2021_AA.json,52408377,2021,62122,2021-05-28,250000.0,SARPANCH
119862|2021|AA|17,119862,Laxmipur,2021,AA,2021_AA.json,52408444,2021,442122,2021-05-28,100000.0,SARPANCH
119862|2021|AA|18,119862,Laxmipur,2021,AA,2021_AA.json,52406277,2021,12122,2021-07-28,156000.0,SARPANCH
119862|2021|AA|19,119862,Laxmipur,2021,AA,2021_AA.json,52408902,2021,342122,2021-07-28,50000.0,SARPANCH
119862|2021|AA|20,119862,Laxmipur,2021,AA,2021_AA.json,52407825,2021,12122,2021-07-21,6000.0,SARPANCH
119862|2021|AA|21,119862,Laxmipur,2021,AA,2021_AA.json,52406533,2021,122122,2021-07-23,100000.0,SARPANCH
119862|2021|AA|22,119862,Laxmipur,2021,AA,2021_AA.json,52406689,2021,222122,2021-07-21,80000.0,SARPANCH
119862|2021|AA|23,119862,Laxmipur,2021,AA,2021_AA.json,52408755,2021,as1810,2025-08-15,100000.0,sarapanch
119862|2021|AA|24,119862,Laxmipur,2021,AA,2021_AA.json,52406759,2021,AS52406759,2025-08-15,46866.0,SARAPANCH
119862|2021|AA|25,119862,Laxmipur,2021,AA,2021_AA.json,52406194,2021,as52406194,2025-10-15,150000.0,SARPANCHA
119862|2021|AA|26,119862,Laxmipur,2021,AA,2021_AA.json,52412604,2021,AS2604,2026-01-15,140000.0,SARAPANCH
119862|2021|AA|27,119862,Laxmipur,2021,AA,2021_AA.json,52407665,2021,as7665,2026-01-15,100000.0,SARAPANCH
119862|2021|AA|28,119862,Laxmipur,2021,AA,2021_AA.json,52412683,2021,AS2683,2026-01-15,140000.0,SARAPANCH
119862|2021|AA|29,119862,Laxmipur,2021,AA,2021_AA.json,52407542,2021,as7542,2026-01-05,200000.0,SARAPANCH
119862|2022|AA|0,119862,Laxmipur,2022,AA,2022_AA.json,61700611,2022,611,2022-06-28,50000.0,SARPANCH
119862|2022|AA|1,119862,Laxmipur,2022,AA,2022_AA.json,61700127,2022,32223,2022-06-03,30000.0,SARPANCH
119862|2022|AA|2,119862,Laxmipur,2022,AA,2022_AA.json,61704820,2022,12223,2022-05-25,100000.0,SARPANCH
119862|2022|AA|3,119862,Laxmipur,2022,AA,2022_AA.json,61700498,2022,42223,2022-05-21,100000.0,SARPANCH
119862|2022|AA|4,119862,Laxmipur,2022,AA,2022_AA.json,61704099,2022,99223,2022-05-25,100000.0,SARPANCH
119862|2022|AA|5,119862,Laxmipur,2022,AA,2022_AA.json,61704982,2022,882323,2022-05-25,72000.0,SARPANCH
119862|2022|AA|6,119862,Laxmipur,2022,AA,2022_AA.json,61705005,2022,992323,2022-05-25,72000.0,SARPANCH
119862|2022|AA|7,119862,Laxmipur,2022,AA,2022_AA.json,61704885,2022,22223,2022-05-25,100000.0,SARPANCH
119862|2022|AA|8,119862,Laxmipur,2022,AA,2022_AA.json,61699801,2022,12223,2022-05-25,400000.0,SARPANCH
119862|2022|AA|9,119862,Laxmipur,2022,AA,2022_AA.json,61703803,2022,162223,2022-05-25,100000.0,SARPANCH
119862|2022|AA|10,119862,Laxmipur,2022,AA,2022_AA.json,61704150,2022,52223,2022-05-25,100000.0,SARPANCH
119862|2022|AA|11,119862,Laxmipur,2022,AA,2022_AA.json,61704260,2022,242223,2022-05-25,50000.0,SARPANCH
119862|2022|AA|12,119862,Laxmipur,2022,AA,2022_AA.json,61705038,2022,382223,2022-05-25,378440.0,SARPANCH
119862|2022|AA|13,119862,Laxmipur,2022,AA,2022_AA.json,61704935,2022,72223,2022-05-25,100000.0,SARPANCH
119862|2022|AA|14,119862,Laxmipur,2022,AA,2022_AA.json,61703924,2022,182223,2022-05-25,50000.0,SARPANCH
119862|2022|AA|15,119862,Laxmipur,2022,AA,2022_AA.json,61704310,2022,1522223,2022-05-25,100000.0,SARPANCH
119862|2022|AA|16,119862,Laxmipur,2022,AA,2022_AA.json,61704860,2022,81022,2022-05-25,100000.0,SARPANCH
119862|2022|AA|17,119862,Laxmipur,2022,AA,2022_AA.json,61700767,2022,132223,2022-05-25,100000.0,SARPANCH
119862|2022|AA|18,119862,Laxmipur,2022,AA,2022_AA.json,61700561,2022,92223,2022-05-27,100000.0,SARPANCH
119862|2022|AA|19,119862,Laxmipur,2022,AA,2022_AA.json,61700661,2022,112223,2022-05-25,50000.0,SARPANCH
119862|2022|AA|20,119862,Laxmipur,2022,AA,2022_AA.json,61700712,2022,122223,2022-05-25,50000.0,SARPANCH
119862|2022|AA|21,119862,Laxmipur,2022,AA,2022_AA.json,61704350,2022,262223,2022-05-26,59796.0,SARPANCH
119862|2022|AA|22,119862,Laxmipur,2022,AA,2022_AA.json,61704199,2022,232223,2022-05-26,50000.0,SARPANCH
119862|2022|AA|23,119862,Laxmipur,2022,AA,2022_AA.json,61704024,2022,22223,2022-07-21,6000.0,SARPANCH
119862|2022|AA|24,119862,Laxmipur,2022,AA,2022_AA.json,61704797,2022,382223,2023-07-25,100000.0,SARPANCH
119862|2022|AA|25,119862,Laxmipur,2022,AA,2022_AA.json,61703854,2022,242425,2022-07-21,100000.0,SARPANCH
119862|2022|AA|26,119862,Laxmipur,2022,AA,2022_AA.json,61704482,2022,242223,2022-07-28,100000.0,SARPANCH
119862|2022|AA|27,119862,Laxmipur,2022,AA,2022_AA.json,61700195,2022,as61700195,2025-05-15,140347.0,sarapanch
119862|2022|AA|28,119862,Laxmipur,2022,AA,2022_AA.json,61704758,2022,AS61704758,2025-08-15,60000.0,SARPANCH
119862|2023|AA|0,119862,Laxmipur,2023,AA,2023_AA.json,82686347,2023,12324,2023-07-25,144000.0,SARPANCH
119862|2023|AA|1,119862,Laxmipur,2023,AA,2023_AA.json,75695666,2023,192324,2023-07-28,100058.0,SARPANCH
119862|2023|AA|2,119862,Laxmipur,2023,AA,2023_AA.json,75691695,2023,82324,2023-07-28,50000.0,SARPANCH
119862|2023|AA|3,119862,Laxmipur,2023,AA,2023_AA.json,75685056,2023,92324,2023-07-28,200000.0,SARPANCH
119862|2023|AA|4,119862,Laxmipur,2023,AA,2023_AA.json,75679497,2023,62324,2023-07-18,100000.0,SARPANCH
119862|2023|AA|5,119862,Laxmipur,2023,AA,2023_AA.json,75687493,2023,172324,2023-07-18,100000.0,SARPANCH
119862|2023|AA|6,119862,Laxmipur,2023,AA,2023_AA.json,75678544,2023,192324,2023-07-21,50000.0,SARPANCH
119862|2023|AA|7,119862,Laxmipur,2023,AA,2023_AA.json,75691056,2023,72324,2023-07-25,50000.0,SARPANCH
119862|2023|AA|8,119862,Laxmipur,2023,AA,2023_AA.json,75682821,2023,182324,2023-07-18,400000.0,SARPANCH
119862|2023|AA|9,119862,Laxmipur,2023,AA,2023_AA.json,75693370,2023,122324,2023-07-25,100000.0,SARPANCH
119862|2023|AA|10,119862,Laxmipur,2023,AA,2023_AA.json,75675976,2023,22324,2023-07-28,44606.0,SARPANCH
119862|2023|AA|11,119862,Laxmipur,2023,AA,2023_AA.json,75689370,2023,72324,2024-07-23,100000.0,SARPANCH
119862|2023|AA|12,119862,Laxmipur,2023,AA,2023_AA.json,75689985,2023,62324,2024-07-23,100000.0,SARPANCH
119862|2023|AA|13,119862,Laxmipur,2023,AA,2023_AA.json,75688119,2023,82324,2023-07-25,100000.0,SARPANCH
119862|2023|AA|14,119862,Laxmipur,2023,AA,2023_AA.json,75680195,2023,192324,2023-07-21,100000.0,SARPANCH
119862|2023|AA|15,119862,Laxmipur,2023,AA,2023_AA.json,75683577,2023,42324,2023-06-21,60000.0,SARPANCH
119862|2023|AA|16,119862,Laxmipur,2023,AA,2023_AA.json,75697766,2023,22324,2023-07-21,6000.0,SARPANCH
119862|2023|AA|17,119862,Laxmipur,2023,AA,2023_AA.json,75684548,2023,132324,2023-07-21,50000.0,SARPANCH
119862|2023|AA|18,119862,Laxmipur,2023,AA,2023_AA.json,75686754,2023,72425,2023-07-21,50000.0,SARPANCH
119862|2023|AA|19,119862,Laxmipur,2023,AA,2023_AA.json,75694773,2023,62324,2023-07-25,100000.0,SARPANCH
119862|2023|AA|20,119862,Laxmipur,2023,AA,2023_AA.json,75682097,2023,272324,2023-07-21,10000.0,SARPANCH
119862|2023|AA|21,119862,Laxmipur,2023,AA,2023_AA.json,75683991,2023,252324,2023-07-21,20000.0,SARPANCH
119862|2023|AA|22,119862,Laxmipur,2023,AA,2023_AA.json,82692936,2023,242324,2024-07-23,78043.0,SARPANCH
119862|2023|AA|23,119862,Laxmipur,2023,AA,2023_AA.json,75696331,2023,12324,2023-07-21,100000.0,SARPANCH
119862|2023|AA|24,119862,Laxmipur,2023,AA,2023_AA.json,75697056,2023,22324,2023-07-28,59240.0,SARPANCH
119862|2023|AA|25,119862,Laxmipur,2023,AA,2023_AA.json,75687115,2023,32324,2023-07-21,50000.0,SARPANCH
119862|2023|AA|26,119862,Laxmipur,2023,AA,2023_AA.json,75688697,2023,42324,2023-07-21,100000.0,SARPANCH
119862|2023|AA|27,119862,Laxmipur,2023,AA,2023_AA.json,75692255,2023,282324,2023-07-25,100000.0,SARPANCH
119862|2023|AA|28,119862,Laxmipur,2023,AA,2023_AA.json,82684938,2023,as82684938,2025-05-15,364498.0,sarapanch
119862|2023|AA|29,119862,Laxmipur,2023,AA,2023_AA.json,74994677,2023,as4677,2025-07-15,200000.0,sarapanch
119862|2023|AA|30,119862,Laxmipur,2023,AA,2023_AA.json,75692882,2023,as75692882,2025-10-15,100000.0,SARAPANCH
119862|2024|AA|0,119862,Laxmipur,2024,AA,2024_AA.json,101991246,2024,42425,2024-07-25,50000.0,SARPANCH
119862|2024|AA|1,119862,Laxmipur,2024,AA,2024_AA.json,101974189,2024,222425,2024-07-23,150000.0,SARPANCH
119862|2024|AA|2,119862,Laxmipur,2024,AA,2024_AA.json,101961640,2024,12425,2024-07-25,299250.0,SARPANCH
119862|2024|AA|3,119862,Laxmipur,2024,AA,2024_AA.json,101963725,2024,82425,2024-07-25,30000.0,SARPANCH
119862|2024|AA|4,119862,Laxmipur,2024,AA,2024_AA.json,101961208,2024,42425,2024-07-25,421425.0,SARPANCH
119862|2024|AA|5,119862,Laxmipur,2024,AA,2024_AA.json,101986558,2024,22425,2024-07-23,100000.0,SARPANCH
119862|2024|AA|6,119862,Laxmipur,2024,AA,2024_AA.json,101964522,2024,92425,2024-07-25,120000.0,SARPANCH
119862|2024|AA|7,119862,Laxmipur,2024,AA,2024_AA.json,101962142,2024,52425,2024-07-25,30000.0,SARPANCH
119862|2024|AA|8,119862,Laxmipur,2024,AA,2024_AA.json,101963329,2024,72425,2024-07-25,90000.0,SARPANCH
119862|2024|AA|9,119862,Laxmipur,2024,AA,2024_AA.json,101971795,2024,182425,2024-07-25,50900.0,SARPANCH
119862|2024|AA|10,119862,Laxmipur,2024,AA,2024_AA.json,103931690,2024,102425,2024-07-25,35600.0,SARPANCH
119862|2024|AA|11,119862,Laxmipur,2024,AA,2024_AA.json,101967417,2024,122425,2024-07-23,50000.0,SARPANCH
119862|2024|AA|12,119862,Laxmipur,2024,AA,2024_AA.json,101968586,2024,132425,2024-07-25,100000.0,SARPANCH
119862|2024|AA|13,119862,Laxmipur,2024,AA,2024_AA.json,101984194,2024,52425,2024-07-23,500000.0,SARPANCH
119862|2024|AA|14,119862,Laxmipur,2024,AA,2024_AA.json,101978613,2024,22425,2024-07-25,200000.0,SARPANCH
119862|2024|AA|15,119862,Laxmipur,2024,AA,2024_AA.json,101976912,2024,232425,2025-07-28,100000.0,SARPANCH
119862|2024|AA|16,119862,Laxmipur,2024,AA,2024_AA.json,101972792,2024,202425,2024-07-25,100000.0,SARPANCH
119862|2024|AA|17,119862,Laxmipur,2024,AA,2024_AA.json,101962720,2024,62425,2024-07-23,185675.0,SARPANCH
119862|2024|AA|18,119862,Laxmipur,2024,AA,2024_AA.json,101987227,2024,42425,2024-07-23,100000.0,SARPANCH
119862|2024|AA|19,119862,Laxmipur,2024,AA,2024_AA.json,101984898,2024,AS101984898,2025-07-15,100000.0,SARPANCH
119862|2024|AA|20,119862,Laxmipur,2024,AA,2024_AA.json,101976266,2024,AS101976266,2025-07-15,100000.0,SARPANCH
119862|2024|AA|21,119862,Laxmipur,2024,AA,2024_AA.json,101973374,2024,AS101973374,2025-08-15,100000.0,SARAPANCH
119862|2025|AA|0,119862,Laxmipur,2025,AA,2025_AA.json,124062726,2025,AS124062726,2025-08-15,121338.0,SARAPANCHA
119862|2025|AA|1,119862,Laxmipur,2025,AA,2025_AA.json,124062800,2025,AS124062800,2025-08-15,52437.0,SARAPANCHA
119862|2025|AA|2,119862,Laxmipur,2025,AA,2025_AA.json,124062840,2025,AS124062840,2025-08-15,52342.0,SARAPANCHA
119862|2025|AA|3,119862,Laxmipur,2025,AA,2025_AA.json,124062881,2025,AS124062811,2025-08-15,40351.0,SARAPANCHA
119862|2025|AA|4,119862,Laxmipur,2025,AA,2025_AA.json,124062946,2025,AS124062946,2025-08-15,39114.0,SARAPANCHA
119862|2025|AA|5,119862,Laxmipur,2025,AA,2025_AA.json,124062980,2025,AS124062980,2025-08-15,17511.0,SARAPANCHA
119862|2025|AA|6,119862,Laxmipur,2025,AA,2025_AA.json,124063012,2025,AS124063012,2025-08-15,14465.0,SARAPANCHA
119862|2025|AA|7,119862,Laxmipur,2025,AA,2025_AA.json,124063051,2025,AS124063051,2025-08-15,13514.0,SARAPANCHA
119862|2025|AA|8,119862,Laxmipur,2025,AA,2025_AA.json,124062668,2025,as2668,2025-08-15,313291.0,SARPANCHA
119862|2025|AA|9,119862,Laxmipur,2025,AA,2025_AA.json,124062766,2025,as2766,2025-08-15,57576.0,SARPANCHA
119862|2025|AA|10,119862,Laxmipur,2025,AA,2025_AA.json,123923992,2025,AS123923992,2025-10-15,150000.0,SARAPANCH
119862|2025|AA|11,119862,Laxmipur,2025,AA,2025_AA.json,124198596,2025,as8596,2025-10-15,23347.0,SARPANCHA
119862|2025|AA|12,119862,Laxmipur,2025,AA,2025_AA.json,124065208,2025,as124065208,2025-10-15,400000.0,SARPANCHA
119862|2025|AA|13,119862,Laxmipur,2025,AA,2025_AA.json,123924066,2025,as123924066,2025-11-15,76767.0,SARPANCHA
119862|2025|AA|14,119862,Laxmipur,2025,AA,2025_AA.json,123923256,2025,as2356,2025-12-15,47229.0,SARAPANCH
119862|2025|AA|15,119862,Laxmipur,2025,AA,2025_AA.json,123923680,2025,as23680,2025-12-15,55835.0,SARAPANCH
119862|2025|AA|16,119862,Laxmipur,2025,AA,2025_AA.json,123923707,2025,as23707,2025-12-15,41027.0,SARAPANCH
119862|2025|AA|17,119862,Laxmipur,2025,AA,2025_AA.json,124110807,2025,as807,2026-03-15,53800.0,SARPANCHA
119862|2025|AA|18,119862,Laxmipur,2025,AA,2025_AA.json,123924180,2025,as4180,2026-03-15,52151.0,SARPANCHA
119862|2025|AA|19,119862,Laxmipur,2025,AA,2025_AA.json,124064394,2025,as4394,2026-03-15,201305.0,SARPANCHA
119862|2025|AA|20,119862,Laxmipur,2025,AA,2025_AA.json,123923892,2025,as3892,2026-03-15,150000.0,SARPANCHA
119862|2025|AA|21,119862,Laxmipur,2025,AA,2025_AA.json,124197299,2025,as19290,2026-05-15,19290.0,SARPANCHA
119862|2025|AA|22,119862,Laxmipur,2025,AA,2025_AA.json,124197120,2025,as7299,2026-05-15,36001.0,SARPANCHA
119936|2020|AA|0,119936,Kalimela,2020,AA,2020_AA.json,38578052,2020,18,2021-04-01,200000.0,bdo
119936|2020|AA|1,119936,Kalimela,2020,AA,2020_AA.json,38606279,2020,18,2021-04-01,130000.0,SARAPANCH
119936|2020|AA|2,119936,Kalimela,2020,AA,2020_AA.json,44038263,2020,18,2021-04-03,584468.0,BDO
119936|2020|AA|3,119936,Kalimela,2020,AA,2020_AA.json,38577682,2020,2,2021-04-02,150000.0,sarapanch
119936|2020|AA|4,119936,Kalimela,2020,AA,2020_AA.json,38575361,2020,1,2021-07-16,150000.0,SARAPANCH
119936|2020|AA|5,119936,Kalimela,2020,AA,2020_AA.json,38605614,2020,16,2021-04-03,150000.0,SARAPANCH
119936|2020|AA|6,119936,Kalimela,2020,AA,2020_AA.json,38605932,2020,9,2021-04-03,100000.0,SARAPANCH
119936|2020|AA|7,119936,Kalimela,2020,AA,2020_AA.json,38578406,2020,5,2021-04-04,100000.0,SARAPANCH
119936|2020|AA|8,119936,Kalimela,2020,AA,2020_AA.json,38577239,2020,14,2021-04-02,150000.0,SARAPANCH
119936|2020|AA|9,119936,Kalimela,2020,AA,2020_AA.json,44039040,2020,8,2021-04-01,50000.0,BDO
119936|2020|AA|10,119936,Kalimela,2020,AA,2020_AA.json,38577935,2020,9,2021-04-02,434936.0,BDO
119936|2020|AA|11,119936,Kalimela,2020,AA,2020_AA.json,38605410,2020,10,2021-04-02,514468.0,BDO
119936|2020|AA|12,119936,Kalimela,2020,AA,2020_AA.json,44038848,2020,13,2021-04-02,800000.0,BDO
119936|2020|AA|13,119936,Kalimela,2020,AA,2020_AA.json,38606068,2020,18,2021-04-01,200000.0,BDO
119936|2020|AA|14,119936,Kalimela,2020,AA,2020_AA.json,38575516,2020,1,2021-04-03,100000.0,BDO
119936|2020|AA|15,119936,Kalimela,2020,AA,2020_AA.json,38577571,2020,1,2021-04-01,400000.0,je
119936|2020|AA|16,119936,Kalimela,2020,AA,2020_AA.json,44038329,2020,2,2022-04-02,100000.0,BDO
119936|2020|AA|17,119936,Kalimela,2020,AA,2020_AA.json,38605815,2020,65,2022-06-09,144000.0,BDO
119936|2021|AA|0,119936,Kalimela,2021,AA,2021_AA.json,47548532,2021,12,2021-04-03,150000.0,sarapanch
119936|2021|AA|1,119936,Kalimela,2021,AA,2021_AA.json,47633622,2021,1,2021-04-02,150000.0,BDO
119936|2021|AA|2,119936,Kalimela,2021,AA,2021_AA.json,47548992,2021,1,2021-04-02,150000.0,BDO
119936|2021|AA|3,119936,Kalimela,2021,AA,2021_AA.json,47546706,2021,3,2021-04-01,150000.0,BDO
119936|2021|AA|4,119936,Kalimela,2021,AA,2021_AA.json,47570877,2021,2,2021-04-02,350000.0,BDO
119936|2021|AA|5,119936,Kalimela,2021,AA,2021_AA.json,47545566,2021,3,2021-04-02,150000.0,BDO
119936|2021|AA|6,119936,Kalimela,2021,AA,2021_AA.json,47549499,2021,4,2021-04-02,100000.0,BDO
119936|2021|AA|7,119936,Kalimela,2021,AA,2021_AA.json,47565687,2021,5,2021-04-02,78936.0,BDO
119936|2021|AA|8,119936,Kalimela,2021,AA,2021_AA.json,47544846,2021,6,2021-04-02,150000.0,BDO
119936|2021|AA|9,119936,Kalimela,2021,AA,2021_AA.json,47545301,2021,7,2021-04-02,200000.0,BDO
119936|2021|AA|10,119936,Kalimela,2021,AA,2021_AA.json,47566476,2021,11,2021-04-02,150000.0,BDO
119936|2021|AA|11,119936,Kalimela,2021,AA,2021_AA.json,47547518,2021,12,2021-04-02,150000.0,BDO
119936|2021|AA|12,119936,Kalimela,2021,AA,2021_AA.json,47568935,2021,202,2021-04-02,192000.0,SARAPANCH
119936|2021|AA|13,119936,Kalimela,2021,AA,2021_AA.json,47543549,2021,1,2022-04-02,200000.0,BDO
119936|2021|AA|14,119936,Kalimela,2021,AA,2021_AA.json,47568422,2021,1,2021-04-01,162000.0,bdo
119936|2021|AA|15,119936,Kalimela,2021,AA,2021_AA.json,47547905,2021,2,2022-04-02,150000.0,BDO
119936|2021|AA|16,119936,Kalimela,2021,AA,2021_AA.json,47546357,2021,15,2023-01-01,374468.0,BDO
119936|2021|AA|17,119936,Kalimela,2021,AA,2021_AA.json,47569620,2021,3,2023-01-01,500000.0,BDO
119936|2021|AA|18,119936,Kalimela,2021,AA,2021_AA.json,47544380,2021,718,2021-05-26,164468.0,BDO
119936|2021|AA|19,119936,Kalimela,2021,AA,2021_AA.json,47543986,2021,24,2024-05-23,240000.0,sarapanch
119936|2021|AA|20,119936,Kalimela,2021,AA,2021_AA.json,47571470,2021,1,2025-04-03,17440.0,sarapanch
119936|2021|AA|21,119936,Kalimela,2021,AA,2021_AA.json,47570328,2021,1,2025-04-05,11000.0,JE
119936|2022|AA|0,119936,Kalimela,2022,AA,2022_AA.json,64899917,2022,2,2022-04-02,100000.0,BDO
119936|2022|AA|1,119936,Kalimela,2022,AA,2022_AA.json,64899826,2022,10,2023-02-01,40440.0,BDO
119936|2022|AA|2,119936,Kalimela,2022,AA,2022_AA.json,64899673,2022,5,2023-02-01,192000.0,BDO
119936|2022|AA|3,119936,Kalimela,2022,AA,2022_AA.json,64899807,2022,5,2023-02-01,300000.0,BDO
119936|2022|AA|4,119936,Kalimela,2022,AA,2022_AA.json,64899452,2022,15,2023-02-01,150000.0,BDO
119936|2022|AA|5,119936,Kalimela,2022,AA,2022_AA.json,65027576,2022,1,2022-05-31,20000.0,BDO
119936|2022|AA|6,119936,Kalimela,2022,AA,2022_AA.json,58712794,2022,2,2022-06-01,10000.0,BDO
119936|2022|AA|7,119936,Kalimela,2022,AA,2022_AA.json,65027554,2022,78,2022-08-25,450000.0,BDO
119936|2022|AA|8,119936,Kalimela,2022,AA,2022_AA.json,64898667,2022,32,2022-06-15,90000.0,BDO
119936|2022|AA|9,119936,Kalimela,2022,AA,2022_AA.json,64890591,2022,22,2022-04-29,100000.0,BDO
119936|2022|AA|10,119936,Kalimela,2022,AA,2022_AA.json,64899492,2022,63,2022-06-23,200000.0,BDO
119936|2022|AA|11,119936,Kalimela,2022,AA,2022_AA.json,64899527,2022,63,2022-06-16,200000.0,BDO
119936|2022|AA|12,119936,Kalimela,2022,AA,2022_AA.json,64899743,2022,66,2022-05-07,150000.0,BDO
119936|2022|AA|13,119936,Kalimela,2022,AA,2022_AA.json,64899715,2022,326,2022-08-30,150000.0,BDO
119936|2022|AA|14,119936,Kalimela,2022,AA,2022_AA.json,64898333,2022,16,2022-06-02,108000.0,BDO
119936|2022|AA|15,119936,Kalimela,2022,AA,2022_AA.json,64899338,2022,16,2022-06-02,74344.0,BDO
119936|2022|AA|16,119936,Kalimela,2022,AA,2022_AA.json,64898550,2022,22,2022-07-06,60000.0,BDO
119936|2022|AA|17,119936,Kalimela,2022,AA,2022_AA.json,64899885,2022,68,2022-05-31,50000.0,BDO
119936|2022|AA|18,119936,Kalimela,2022,AA,2022_AA.json,64899408,2022,150,2023-09-16,30000.0,BDO
119936|2022|AA|19,119936,Kalimela,2022,AA,2022_AA.json,64899761,2022,25,2024-02-12,250000.0,bdo
119936|2022|AA|20,119936,Kalimela,2022,AA,2022_AA.json,64898448,2022,901,2022-12-28,78000.0,BDO
119936|2022|AA|21,119936,Kalimela,2022,AA,2022_AA.json,64898048,2022,403,2022-05-25,150344.0,BDO
119936|2022|AA|22,119936,Kalimela,2022,AA,2022_AA.json,64899647,2022,509,2022-06-29,83792.0,BDO
119936|2022|AA|23,119936,Kalimela,2022,AA,2022_AA.json,64899589,2022,905,2022-05-10,150000.0,BDO
119936|2022|AA|24,119936,Kalimela,2022,AA,2022_AA.json,64898178,2022,6,2024-10-31,180000.0,sarpanch
119936|2022|AA|25,119936,Kalimela,2022,AA,2022_AA.json,64899291,2022,15,2024-04-01,10000.0,sarapanch
119936|2022|AA|26,119936,Kalimela,2022,AA,2022_AA.json,64899614,2022,20,2025-02-12,150000.0,SARAPANCHA
119936|2023|AA|0,119936,Kalimela,2023,AA,2023_AA.json,79832340,2023,342,2023-05-08,150000.0,BDO
119936|2023|AA|1,119936,Kalimela,2023,AA,2023_AA.json,79840869,2023,414,2023-08-22,90000.0,BDO
119936|2023|AA|2,119936,Kalimela,2023,AA,2023_AA.json,79841769,2023,423,2023-07-20,90000.0,BDO
119936|2023|AA|3,119936,Kalimela,2023,AA,2023_AA.json,79856905,2023,70,2023-06-28,100000.0,BDO
119936|2023|AA|4,119936,Kalimela,2023,AA,2023_AA.json,79824965,2023,56,2023-04-30,190000.0,BDO
119936|2023|AA|5,119936,Kalimela,2023,AA,2023_AA.json,79832034,2023,69,2023-06-08,200000.0,BDO
119936|2023|AA|6,119936,Kalimela,2023,AA,2023_AA.json,79856546,2023,77,2023-06-01,100000.0,BDO
119936|2023|AA|7,119936,Kalimela,2023,AA,2023_AA.json,79834918,2023,60,2023-05-30,146164.0,BDO
119936|2023|AA|8,119936,Kalimela,2023,AA,2023_AA.json,79825780,2023,407,2023-06-20,228000.0,BDO
119936|2023|AA|9,119936,Kalimela,2023,AA,2023_AA.json,79826137,2023,408,2023-09-13,204440.0,BDO
119936|2023|AA|10,119936,Kalimela,2023,AA,2023_AA.json,79328574,2023,711,2023-05-24,20000.0,BDO
119936|2023|AA|11,119936,Kalimela,2023,AA,2023_AA.json,78962638,2023,716,2023-05-25,20000.0,BDO
119936|2023|AA|12,119936,Kalimela,2023,AA,2023_AA.json,79825301,2023,811,2023-05-03,100000.0,BDO
119936|2023|AA|13,119936,Kalimela,2023,AA,2023_AA.json,79835325,2023,904,2023-05-10,150000.0,BDO
119936|2023|AA|14,119936,Kalimela,2023,AA,2023_AA.json,79840373,2023,901,2023-05-10,88498.0,BDO
119936|2023|AA|15,119936,Kalimela,2023,AA,2023_AA.json,79834387,2023,799,2023-05-16,80000.0,BDO
119936|2023|AA|16,119936,Kalimela,2023,AA,2023_AA.json,79338794,2023,804,2023-05-05,20000.0,BDO
119936|2023|AA|17,119936,Kalimela,2023,AA,2023_AA.json,79321585,2023,20000,2023-05-11,20000.0,BDO
119936|2023|AA|18,119936,Kalimela,2023,AA,2023_AA.json,79323719,2023,901,2023-05-09,20000.0,BDO
119936|2023|AA|19,119936,Kalimela,2023,AA,2023_AA.json,79327179,2023,912,2023-05-18,20000.0,BDO
119936|2023|AA|20,119936,Kalimela,2023,AA,2023_AA.json,78958964,2023,903,2023-06-03,20000.0,BDO
119936|2023|AA|21,119936,Kalimela,2023,AA,2023_AA.json,79334582,2023,2023001,2023-05-17,20000.0,BDO
119936|2023|AA|22,119936,Kalimela,2023,AA,2023_AA.json,79319035,2023,903,2023-05-18,20000.0,BDO
119936|2023|AA|23,119936,Kalimela,2023,AA,2023_AA.json,78961615,2023,9134,2023-05-12,20000.0,BDO
119936|2023|AA|24,119936,Kalimela,2023,AA,2023_AA.json,79320151,2023,1134,2023-07-26,20000.0,BDO
119936|2023|AA|25,119936,Kalimela,2023,AA,2023_AA.json,78957945,2023,1011,2023-05-25,20000.0,BDO
119936|2023|AA|26,119936,Kalimela,2023,AA,2023_AA.json,78956825,2023,806,2023-06-01,20000.0,BDO
119936|2023|AA|27,119936,Kalimela,2023,AA,2023_AA.json,79314928,2023,203,2023-06-22,20000.0,BDO
119936|2023|AA|28,119936,Kalimela,2023,AA,2023_AA.json,78963874,2023,805,2023-05-23,20000.0,BDO
119936|2023|AA|29,119936,Kalimela,2023,AA,2023_AA.json,79330926,2023,809,2023-07-12,20000.0,BDO
119936|2023|AA|30,119936,Kalimela,2023,AA,2023_AA.json,79835712,2023,5,2024-11-03,10000.0,BDO
119936|2023|AA|31,119936,Kalimela,2023,AA,2023_AA.json,79858258,2023,62,2024-09-11,162000.0,sarpanch
119936|2023|AA|32,119936,Kalimela,2023,AA,2023_AA.json,79822322,2023,80,2023-05-04,280000.0,BDO
119936|2023|AA|33,119936,Kalimela,2023,AA,2023_AA.json,79839920,2023,901,2023-05-05,150000.0,BDO
119936|2023|AA|34,119936,Kalimela,2023,AA,2023_AA.json,79833430,2023,59,2024-11-09,70000.0,Sarapancha
119936|2023|AA|35,119936,Kalimela,2023,AA,2023_AA.json,79857618,2023,45654,2023-05-19,58998.0,BDO
119936|2023|AA|36,119936,Kalimela,2023,AA,2023_AA.json,79826422,2023,1,2024-04-01,80000.0,sarapanch
119936|2023|AA|37,119936,Kalimela,2023,AA,2023_AA.json,79832838,2023,1,2025-04-01,50000.0,JE
119936|2023|AA|38,119936,Kalimela,2023,AA,2023_AA.json,79841312,2023,68,2025-02-20,90000.0,SARAPANCHA
119936|2024|AA|0,119936,Kalimela,2024,AA,2024_AA.json,99309393,2024,14,2024-04-03,60000.0,BDO
119936|2024|AA|1,119936,Kalimela,2024,AA,2024_AA.json,99575299,2024,26,2024-10-16,130675.0,sarpanch
119936|2024|AA|2,119936,Kalimela,2024,AA,2024_AA.json,99209897,2024,2,2024-10-25,100000.0,sarpanch
119936|2024|AA|3,119936,Kalimela,2024,AA,2024_AA.json,99193579,2024,7809,2024-05-15,382250.0,BDO
119936|2024|AA|4,119936,Kalimela,2024,AA,2024_AA.json,99295187,2024,56,2024-10-16,200000.0,sarapanch
119936|2024|AA|5,119936,Kalimela,2024,AA,2024_AA.json,99294917,2024,55,2024-09-12,104675.0,sarapanch
119936|2024|AA|6,119936,Kalimela,2024,AA,2024_AA.json,99573127,2024,17,2024-11-28,15000.0,sarpanch
119936|2024|AA|7,119936,Kalimela,2024,AA,2024_AA.json,99213480,2024,15,2024-04-02,350000.0,SARAPANCH
119936|2024|AA|8,119936,Kalimela,2024,AA,2024_AA.json,99202139,2024,6,2024-12-30,70000.0,SARAPANCHA
119936|2024|AA|9,119936,Kalimela,2024,AA,2024_AA.json,99210443,2024,9,2024-12-30,10000.0,SARAPANCHA
119936|2024|AA|10,119936,Kalimela,2024,AA,2024_AA.json,99572973,2024,45654,2024-05-07,110000.0,BDO
119936|2024|AA|11,119936,Kalimela,2024,AA,2024_AA.json,99308978,2024,455,2024-04-22,80000.0,BDO
119936|2024|AA|12,119936,Kalimela,2024,AA,2024_AA.json,99297598,2024,5668,2024-05-20,100000.0,BDO
119936|2024|AA|13,119936,Kalimela,2024,AA,2024_AA.json,99312567,2024,8,2024-10-02,100000.0,SARAPANCH
119936|2024|AA|14,119936,Kalimela,2024,AA,2024_AA.json,99207951,2024,15,2024-04-10,50000.0,sarapacnh
119936|2024|AA|15,119936,Kalimela,2024,AA,2024_AA.json,99194313,2024,5,2025-02-20,112000.0,Sarapancha
119936|2024|AA|16,119936,Kalimela,2024,AA,2024_AA.json,99312947,2024,69,2025-03-20,69750.0,Sarapancha
119936|2024|AA|17,119936,Kalimela,2024,AA,2024_AA.json,99577413,2024,118,2025-03-20,15000.0,SARAPANCHA
119936|2024|AA|18,119936,Kalimela,2024,AA,2024_AA.json,99311114,2024,55,2025-08-01,110000.0,sarpanch
119936|2024|AA|19,119936,Kalimela,2024,AA,2024_AA.json,99575511,2024,54,2025-08-01,100000.0,sarpanch
119936|2024|AA|20,119936,Kalimela,2024,AA,2024_AA.json,99307997,2024,56,2025-08-01,60000.0,sar
119936|2024|AA|21,119936,Kalimela,2024,AA,2024_AA.json,99574009,2024,110,2025-03-20,15000.0,Sarapancha
119936|2024|AA|22,119936,Kalimela,2024,AA,2024_AA.json,99201373,2024,7,2025-04-02,90000.0,Sarapancha
119936|2024|AA|23,119936,Kalimela,2024,AA,2024_AA.json,99294408,2024,53,2025-08-01,100000.0,sarpanch
119936|2024|AA|24,119936,Kalimela,2024,AA,2024_AA.json,99204494,2024,1,2025-03-10,6000.0,SARAPANCHA
119936|2024|AA|25,119936,Kalimela,2024,AA,2024_AA.json,99573082,2024,2,2025-03-14,15000.0,SARAPANCHA
119936|2024|AA|26,119936,Kalimela,2024,AA,2024_AA.json,99224864,2024,4,2025-03-15,6000.0,SARAPANCHA
119936|2024|AA|27,119936,Kalimela,2024,AA,2024_AA.json,99205361,2024,4,2025-03-15,6000.0,SARAPANCHA
119936|2024|AA|28,119936,Kalimela,2024,AA,2024_AA.json,99206225,2024,5,2025-03-15,6000.0,SARAPANCHA
119936|2024|AA|29,119936,Kalimela,2024,AA,2024_AA.json,99205821,2024,6,2025-03-10,6000.0,SARAPANCHA
119936|2024|AA|30,119936,Kalimela,2024,AA,2024_AA.json,99226610,2024,7,2025-03-30,6000.0,SARAPANCHA
119936|2024|AA|31,119936,Kalimela,2024,AA,2024_AA.json,99574138,2024,19,2025-04-05,15000.0,Sarapancha
119936|2024|AA|32,119936,Kalimela,2024,AA,2024_AA.json,99574453,2024,22,2025-03-20,15000.0,Sarapancha
119936|2024|AA|33,119936,Kalimela,2024,AA,2024_AA.json,99574532,2024,23,2025-03-10,15000.0,Sarapancha
119936|2024|AA|34,119936,Kalimela,2024,AA,2024_AA.json,99574295,2024,20,2025-03-10,15000.0,Sarapancha
119936|2024|AA|35,119936,Kalimela,2024,AA,2024_AA.json,99578314,2024,27,2025-08-20,140900.0,Sarpanch
119936|2024|AA|36,119936,Kalimela,2024,AA,2024_AA.json,99200935,2024,27,2025-09-01,90000.0,Sarpanch
119936|2024|AA|37,119936,Kalimela,2024,AA,2024_AA.json,99212228,2024,12,2025-04-03,70000.0,sarapanch
119936|2024|AA|38,119936,Kalimela,2024,AA,2024_AA.json,99210908,2024,13,2025-10-02,5000.0,Sarpanch
119936|2024|AA|39,119936,Kalimela,2024,AA,2024_AA.json,99211535,2024,14,2025-10-02,10000.0,Sarpanch
119936|2024|AA|40,119936,Kalimela,2024,AA,2024_AA.json,99300463,2024,15,2025-10-10,10000.0,sarpanch
119936|2024|AA|41,119936,Kalimela,2024,AA,2024_AA.json,99575608,2024,1,2025-04-01,5000.0,SARAPANCH
119936|2024|AA|42,119936,Kalimela,2024,AA,2024_AA.json,99574690,2024,116,2025-07-14,100000.0,SARAPANCH
119936|2024|AA|43,119936,Kalimela,2024,AA,2024_AA.json,127460612,2024,25,2026-01-20,150000.0,SARAPANCH
119936|2024|AA|44,119936,Kalimela,2024,AA,2024_AA.json,127460678,2024,22,2026-02-24,120000.0,Sarapancha
119936|2025|AA|0,119936,Kalimela,2025,AA,2025_AA.json,125004922,2025,12,2025-05-05,200000.0,sarapanch
119936|2025|AA|1,119936,Kalimela,2025,AA,2025_AA.json,125005293,2025,13,2025-08-01,100000.0,sarapanch
119936|2025|AA|2,119936,Kalimela,2025,AA,2025_AA.json,125018616,2025,12,2025-05-07,264000.0,sarapanch
119936|2025|AA|3,119936,Kalimela,2025,AA,2025_AA.json,125008617,2025,3,2025-10-03,20000.0,Sarpanch
119936|2025|AA|4,119936,Kalimela,2025,AA,2025_AA.json,124989774,2025,1,2025-10-02,170000.0,Sarpanch
119936|2025|AA|5,119936,Kalimela,2025,AA,2025_AA.json,124988730,2025,2,2025-10-02,170000.0,Sarpanch
119936|2025|AA|6,119936,Kalimela,2025,AA,2025_AA.json,125007121,2025,7,2025-11-17,390000.0,SARAPANCH
119936|2025|AA|7,119936,Kalimela,2025,AA,2025_AA.json,125018373,2025,9,2025-12-24,180000.0,SARAPANCH
119936|2025|AA|8,119936,Kalimela,2025,AA,2025_AA.json,125005114,2025,23,2026-01-12,124882.0,SARAPANCH
119936|2025|AA|9,119936,Kalimela,2025,AA,2025_AA.json,124999031,2025,11,2026-01-20,90000.0,SARAPANCH
119936|2025|AA|10,119936,Kalimela,2025,AA,2025_AA.json,125011368,2025,18,2026-01-13,20000.0,SARAPANCH
119936|2025|AA|11,119936,Kalimela,2025,AA,2025_AA.json,125022468,2025,20,2025-12-16,43758.0,BDO
119936|2025|AA|12,119936,Kalimela,2025,AA,2025_AA.json,124999349,2025,12,2026-03-04,124917.0,Sarapancha
119936|2025|AA|13,119936,Kalimela,2025,AA,2025_AA.json,124986513,2025,13,2025-12-16,155736.0,SARAPANCH
119936|2025|AA|14,119936,Kalimela,2025,AA,2025_AA.json,124990415,2025,32,2025-12-22,91660.0,SARAPANCH
119936|2025|AA|15,119936,Kalimela,2025,AA,2025_AA.json,125004644,2025,34,2025-12-24,200000.0,SARAPANCH
119936|2025|AA|16,119936,Kalimela,2025,AA,2025_AA.json,125025447,2025,29,2026-02-10,80000.0,SARAPANCH
121162|2020|AA|0,121162,Kalyansinghpur,2020,AA,2020_AA.json,44495747,2020,8,2022-04-20,50000.0,SARAPANCH
121162|2020|AA|1,121162,Kalyansinghpur,2020,AA,2020_AA.json,62896806,2020,8,2022-04-28,200000.0,SARAPANCH
121162|2020|AA|2,121162,Kalyansinghpur,2020,AA,2020_AA.json,44496130,2020,5,2022-06-27,100000.0,SARAPANCH
121162|2020|AA|3,121162,Kalyansinghpur,2020,AA,2020_AA.json,44495719,2020,1,2023-03-17,168000.0,SARAPANCH
121162|2020|AA|4,121162,Kalyansinghpur,2020,AA,2020_AA.json,44495826,2020,1,2023-09-25,367300.0,SARAPANCH
121162|2020|AA|5,121162,Kalyansinghpur,2020,AA,2020_AA.json,44496026,2020,28,2024-07-04,150000.0,SARAPANCH
121162|2020|AA|6,121162,Kalyansinghpur,2020,AA,2020_AA.json,44495785,2020,29,2024-07-04,150000.0,SARAPANCH
121162|2020|AA|7,121162,Kalyansinghpur,2020,AA,2020_AA.json,44496045,2020,6,2024-04-12,250000.0,sarapancha
121162|2020|AA|8,121162,Kalyansinghpur,2020,AA,2020_AA.json,44495864,2020,8,2024-04-12,20000.0,sarpancha
121162|2020|AA|9,121162,Kalyansinghpur,2020,AA,2020_AA.json,44495705,2020,8,2024-04-12,50000.0,sarpancha
121162|2020|AA|10,121162,Kalyansinghpur,2020,AA,2020_AA.json,44495881,2020,6,2024-04-12,100000.0,sarpancha
121162|2020|AA|11,121162,Kalyansinghpur,2020,AA,2020_AA.json,44495808,2020,6,2024-04-12,80343.0,sarpancha
121162|2020|AA|12,121162,Kalyansinghpur,2020,AA,2020_AA.json,44495733,2020,12,2024-03-27,330000.0,SARAPANCH
121162|2020|AA|13,121162,Kalyansinghpur,2020,AA,2020_AA.json,62897709,2020,2,2026-05-19,100000.0,SARAPANCH
121162|2021|AA|0,121162,Kalyansinghpur,2021,AA,2021_AA.json,61715040,2021,9,2022-04-20,150000.0,SARAPANCH
121162|2021|AA|1,121162,Kalyansinghpur,2021,AA,2021_AA.json,55237582,2021,6,2022-02-25,150000.0,SARAPANCH
121162|2021|AA|2,121162,Kalyansinghpur,2021,AA,2021_AA.json,48866885,2021,8,2022-02-25,500000.0,SARAPANCH
121162|2021|AA|3,121162,Kalyansinghpur,2021,AA,2021_AA.json,48869572,2021,13,2022-02-25,200000.0,SARAPANCH
121162|2021|AA|4,121162,Kalyansinghpur,2021,AA,2021_AA.json,55237713,2021,4,2022-03-05,150000.0,SARAPANCH
121162|2021|AA|5,121162,Kalyansinghpur,2021,AA,2021_AA.json,48871145,2021,4,2022-03-10,120000.0,SARAPANCH
121162|2021|AA|6,121162,Kalyansinghpur,2021,AA,2021_AA.json,48870687,2021,5,2022-03-10,150000.0,SARAPANCH
121162|2021|AA|7,121162,Kalyansinghpur,2021,AA,2021_AA.json,61716858,2021,2,2022-03-12,175000.0,SARAPANCH
121162|2021|AA|8,121162,Kalyansinghpur,2021,AA,2021_AA.json,48867032,2021,13,2022-04-25,176866.0,SARAPANCH
121162|2021|AA|9,121162,Kalyansinghpur,2021,AA,2021_AA.json,48868799,2021,12,2022-06-10,150000.0,SARAPANCH
121162|2021|AA|10,121162,Kalyansinghpur,2021,AA,2021_AA.json,48867383,2021,12,2022-08-01,330000.0,SARAPANCH
121162|2021|AA|11,121162,Kalyansinghpur,2021,AA,2021_AA.json,64780986,2021,1,2022-08-22,150000.0,GRAMPANCHAYATKS
121162|2021|AA|12,121162,Kalyansinghpur,2021,AA,2021_AA.json,48869764,2021,1,2022-09-19,100000.0,KALYANSINGHPUR
121162|2021|AA|13,121162,Kalyansinghpur,2021,AA,2021_AA.json,48869171,2021,3,2022-09-26,200000.0,SARAPANCH
121162|2021|AA|14,121162,Kalyansinghpur,2021,AA,2021_AA.json,48869338,2021,1,2024-02-28,100000.0,SARAPANCH
121162|2021|AA|15,121162,Kalyansinghpur,2021,AA,2021_AA.json,48868605,2021,33,2024-07-01,150000.0,SARAPANCH
121162|2021|AA|16,121162,Kalyansinghpur,2021,AA,2021_AA.json,55246824,2021,6,2024-04-12,75000.0,sarpancha
121162|2021|AA|17,121162,Kalyansinghpur,2021,AA,2021_AA.json,55237872,2021,21,2024-05-30,289454.0,SARAPANCH
121162|2021|AA|18,121162,Kalyansinghpur,2021,AA,2021_AA.json,64781026,2021,1,2026-03-19,150000.0,SARAPANCH
121162|2021|AA|19,121162,Kalyansinghpur,2021,AA,2021_AA.json,64781057,2021,2,2026-03-19,150000.0,SARAPANCH
121162|2021|AA|20,121162,Kalyansinghpur,2021,AA,2021_AA.json,55237468,2021,32,2026-05-14,75000.0,SARAPANCH
121162|2022|AA|0,121162,Kalyansinghpur,2022,AA,2022_AA.json,60852406,2022,4,2023-02-09,150000.0,KALYANSINGHPUR
121162|2022|AA|1,121162,Kalyansinghpur,2022,AA,2022_AA.json,65809886,2022,1,2023-03-16,137000.0,SARAPANCH
121162|2022|AA|2,121162,Kalyansinghpur,2022,AA,2022_AA.json,60854945,2022,1,2023-04-25,178544.0,SARAPANCH
121162|2022|AA|3,121162,Kalyansinghpur,2022,AA,2022_AA.json,60851379,2022,1,2023-04-26,200000.0,SARAPANCH
121162|2022|AA|4,121162,Kalyansinghpur,2022,AA,2022_AA.json,60851530,2022,1,2023-04-26,100000.0,SARAPANCH
121162|2022|AA|5,121162,Kalyansinghpur,2022,AA,2022_AA.json,60852518,2022,4,2023-09-18,300000.0,SARAPANCH
121162|2022|AA|6,121162,Kalyansinghpur,2022,AA,2022_AA.json,60852206,2022,3,2023-09-19,81392.0,SARAPANCH
121162|2022|AA|7,121162,Kalyansinghpur,2022,AA,2022_AA.json,60854790,2022,9,2024-01-13,100000.0,SARAPANCH
121162|2022|AA|8,121162,Kalyansinghpur,2022,AA,2022_AA.json,65809965,2022,21,2024-05-30,118944.0,SARAPANCH
121162|2023|AA|0,121162,Kalyansinghpur,2023,AA,2023_AA.json,75536540,2023,1,2023-09-25,100000.0,SARAPANCH
121162|2023|AA|1,121162,Kalyansinghpur,2023,AA,2023_AA.json,83110240,2023,1,2023-09-27,250000.0,SARAPANCH
121162|2023|AA|2,121162,Kalyansinghpur,2023,AA,2023_AA.json,83106060,2023,1,2023-10-07,168000.0,SARAPANCH
121162|2023|AA|3,121162,Kalyansinghpur,2023,AA,2023_AA.json,75540169,2023,5,2023-10-19,80000.0,SARAPANCH
121162|2023|AA|4,121162,Kalyansinghpur,2023,AA,2023_AA.json,83107789,2023,11,2023-11-06,217056.0,SARAPANCH
121162|2023|AA|5,121162,Kalyansinghpur,2023,AA,2023_AA.json,83110585,2023,8,2023-11-20,280370.0,SARAPANCH
121162|2023|AA|6,121162,Kalyansinghpur,2023,AA,2023_AA.json,83105641,2023,1,2023-11-27,100000.0,SARAPANCH
121162|2023|AA|7,121162,Kalyansinghpur,2023,AA,2023_AA.json,75538202,2023,8,2023-11-29,300000.0,SARAPANCH
121162|2023|AA|8,121162,Kalyansinghpur,2023,AA,2023_AA.json,75538799,2023,34,2024-07-01,61911.0,SARAPANCH
121162|2023|AA|9,121162,Kalyansinghpur,2023,AA,2023_AA.json,83105246,2023,2,2023-12-04,257944.0,SARAPANCH
121162|2023|AA|10,121162,Kalyansinghpur,2023,AA,2023_AA.json,75537916,2023,3,2023-12-22,100000.0,SARAPANCH
121162|2023|AA|11,121162,Kalyansinghpur,2023,AA,2023_AA.json,83104446,2023,6,2024-04-12,34335.0,sarpancha
121162|2023|AA|12,121162,Kalyansinghpur,2023,AA,2023_AA.json,83103434,2023,3,2024-04-12,25000.0,sarpancha
121162|2023|AA|13,121162,Kalyansinghpur,2023,AA,2023_AA.json,83107171,2023,6,2024-04-10,348223.0,SARAPANCHA
121162|2023|AA|14,121162,Kalyansinghpur,2023,AA,2023_AA.json,75537618,2023,3,2024-05-31,300000.0,SARAPANCH
121162|2023|AA|15,121162,Kalyansinghpur,2023,AA,2023_AA.json,83106698,2023,1,2024-08-05,20000.0,SARAPANCH
121162|2023|AA|16,121162,Kalyansinghpur,2023,AA,2023_AA.json,75538598,2023,36,2024-08-28,50000.0,SARAPANCH
121162|2023|AA|17,121162,Kalyansinghpur,2023,AA,2023_AA.json,75536261,2023,6,2026-06-10,50000.0,SARAPANCH
121162|2024|AA|0,121162,Kalyansinghpur,2024,AA,2024_AA.json,101943167,2024,1,2024-12-12,195000.0,SARAPANCH
121162|2024|AA|1,121162,Kalyansinghpur,2024,AA,2024_AA.json,101200191,2024,24,2025-01-03,175000.0,SARAPANCH
121162|2024|AA|2,121162,Kalyansinghpur,2024,AA,2024_AA.json,101206064,2024,3,2025-01-08,100000.0,SARAPANCH
121162|2024|AA|3,121162,Kalyansinghpur,2024,AA,2024_AA.json,101209482,2024,1,2024-08-27,100000.0,SARAPANCH
121162|2024|AA|4,121162,Kalyansinghpur,2024,AA,2024_AA.json,101202904,2024,36,2024-08-28,50000.0,SARAPANCH
121162|2024|AA|5,121162,Kalyansinghpur,2024,AA,2024_AA.json,101450165,2024,6,2025-01-21,145000.0,SARAPANCH
121162|2024|AA|6,121162,Kalyansinghpur,2024,AA,2024_AA.json,101942967,2024,2,2024-09-21,174567.0,SARAPANCH
121162|2024|AA|7,121162,Kalyansinghpur,2024,AA,2024_AA.json,101207349,2024,2,2024-09-25,100000.0,SARAPANCH
121162|2024|AA|8,121162,Kalyansinghpur,2024,AA,2024_AA.json,101462488,2024,22,2024-10-09,72000.0,SARAPANCH
121162|2024|AA|9,121162,Kalyansinghpur,2024,AA,2024_AA.json,101463641,2024,23,2024-10-09,120000.0,SARAPANCH
121162|2024|AA|10,121162,Kalyansinghpur,2024,AA,2024_AA.json,101943072,2024,23,2024-10-09,120000.0,SARAPANCH
121162|2024|AA|11,121162,Kalyansinghpur,2024,AA,2024_AA.json,101943326,2024,33,2025-02-06,130551.0,SARAPANCH
121162|2024|AA|12,121162,Kalyansinghpur,2024,AA,2024_AA.json,101201947,2024,8,2025-06-24,195000.0,SARAPANCH
121162|2024|AA|13,121162,Kalyansinghpur,2024,AA,2024_AA.json,101823016,2024,8,2025-06-22,100657.0,SARAPANCH
121162|2024|AA|14,121162,Kalyansinghpur,2024,AA,2024_AA.json,101455363,2024,6,2025-02-18,100000.0,SARAPANCH
121162|2024|AA|15,121162,Kalyansinghpur,2024,AA,2024_AA.json,101193092,2024,18,2025-02-25,125000.0,SARAPANCH
121162|2024|AA|16,121162,Kalyansinghpur,2024,AA,2024_AA.json,101734066,2024,24,2025-04-05,145000.0,SARAPANCH
121162|2024|AA|17,121162,Kalyansinghpur,2024,AA,2024_AA.json,101454063,2024,7,2025-04-23,100000.0,SARAPANCH
121162|2024|AA|18,121162,Kalyansinghpur,2024,AA,2024_AA.json,101467404,2024,18,2025-05-03,119000.0,SARAPANCH
121162|2024|AA|19,121162,Kalyansinghpur,2024,AA,2024_AA.json,101452188,2024,26,2025-05-28,100000.0,SARAPANCH
121162|2024|AA|20,121162,Kalyansinghpur,2024,AA,2024_AA.json,101456571,2024,5,2025-12-31,107756.0,SARAPANCH
121162|2024|AA|21,121162,Kalyansinghpur,2024,AA,2024_AA.json,101943452,2024,8,2026-04-29,130461.0,SARAPANCH
121162|2024|AA|22,121162,Kalyansinghpur,2024,AA,2024_AA.json,101190159,2024,6,2026-05-19,150000.0,SARAPANCH
121162|2025|AA|0,121162,Kalyansinghpur,2025,AA,2025_AA.json,121342351,2025,1,2025-10-28,87000.0,SARAPANCH
121162|2025|AA|1,121162,Kalyansinghpur,2025,AA,2025_AA.json,122219678,2025,2,2025-10-28,110000.0,SARAPANCH
121162|2025|AA|2,121162,Kalyansinghpur,2025,AA,2025_AA.json,122217940,2025,1,2025-08-21,100000.0,SARAPANCH
121162|2025|AA|3,121162,Kalyansinghpur,2025,AA,2025_AA.json,122216134,2025,2,2025-08-21,100000.0,SARAPANCH
121162|2025|AA|4,121162,Kalyansinghpur,2025,AA,2025_AA.json,124965786,2025,2,2025-09-21,144000.0,SARAPANCH
121162|2025|AA|5,121162,Kalyansinghpur,2025,AA,2025_AA.json,122218492,2025,8,2026-01-08,100000.0,SARAPANCH
121162|2025|AA|6,121162,Kalyansinghpur,2025,AA,2025_AA.json,122221126,2025,9,2026-01-08,100000.0,SARAPANCH
121162|2025|AA|7,121162,Kalyansinghpur,2025,AA,2025_AA.json,122220054,2025,12,2026-03-31,100000.0,SARAPANCH
121162|2025|AA|8,121162,Kalyansinghpur,2025,AA,2025_AA.json,122218746,2025,8,2026-04-28,200000.0,SARAPANCH
121162|2025|AA|9,121162,Kalyansinghpur,2025,AA,2025_AA.json,122220564,2025,6,2026-04-29,164000.0,SARAPANCH
121526|2020|AA|0,121526,Karuabahal,2020,AA,2020_AA.json,44117617,2020,1,2020-10-14,562350.0,SARPANCH
121526|2020|AA|1,121526,Karuabahal,2020,AA,2020_AA.json,44117534,2020,2,2020-09-16,500000.0,SARPANCH
121526|2020|AA|2,121526,Karuabahal,2020,AA,2020_AA.json,44127103,2020,1,2021-07-01,50000.0,SARPANCH
121526|2020|AA|3,121526,Karuabahal,2020,AA,2020_AA.json,44190627,2020,7,2020-11-23,50000.0,SARPANCH
121526|2020|AA|4,121526,Karuabahal,2020,AA,2020_AA.json,44117698,2020,7,2020-11-23,100000.0,SARPANCH
121526|2020|AA|5,121526,Karuabahal,2020,AA,2020_AA.json,44117113,2020,5,2020-01-26,6000.0,SARPANCH
121526|2020|AA|6,121526,Karuabahal,2020,AA,2020_AA.json,44116828,2020,3,2020-04-01,96000.0,SARPANCH
121526|2020|AA|7,121526,Karuabahal,2020,AA,2020_AA.json,44126993,2020,4,2021-10-28,460000.0,SARPANCH
121526|2020|AA|8,121526,Karuabahal,2020,AA,2020_AA.json,44190688,2020,7202021,2021-04-05,80000.0,SARPANCH
121526|2020|AA|9,121526,Karuabahal,2020,AA,2020_AA.json,44127926,2020,9202021,2021-04-05,80000.0,SARPANCH
121526|2020|AA|10,121526,Karuabahal,2020,AA,2020_AA.json,44117403,2020,82020,2022-08-02,20000.0,SARPANCH
121526|2020|AA|11,121526,Karuabahal,2020,AA,2020_AA.json,44117314,2020,2202021,2024-04-05,508844.0,SARPANCH
121526|2021|AA|0,121526,Karuabahal,2021,AA,2021_AA.json,47711876,2021,202122,2021-01-26,96000.0,Sarpanch
121526|2021|AA|1,121526,Karuabahal,2021,AA,2021_AA.json,47710418,2021,42021,2021-12-24,262350.0,SARPANCH
121526|2021|AA|2,121526,Karuabahal,2021,AA,2021_AA.json,47714942,2021,2,2021-12-31,242844.0,SARPANCH
121526|2021|AA|3,121526,Karuabahal,2021,AA,2021_AA.json,47713210,2021,4202122,2022-04-26,6000.0,SARPANCH
121526|2021|AA|4,121526,Karuabahal,2021,AA,2021_AA.json,47712667,2021,5202122,2022-04-26,6000.0,SARPANCH
121526|2021|AA|5,121526,Karuabahal,2021,AA,2021_AA.json,47713430,2021,5202122,2022-08-25,35000.0,SARPANCH
121526|2021|AA|6,121526,Karuabahal,2021,AA,2021_AA.json,47709755,2021,10202122,2021-12-31,300000.0,SARPANCH
121526|2021|AA|7,121526,Karuabahal,2021,AA,2021_AA.json,80225769,2021,2202122,2023-06-09,120000.0,SARPANCH
121526|2021|AA|8,121526,Karuabahal,2021,AA,2021_AA.json,80225623,2021,1202122,2023-05-25,80000.0,SARPANCH
121526|2021|AA|9,121526,Karuabahal,2021,AA,2021_AA.json,47707727,2021,8202122,2021-12-31,171175.0,SARPANCH
121526|2021|AA|10,121526,Karuabahal,2021,AA,2021_AA.json,47714600,2021,1202122,2021-11-20,350000.0,SARPANCH
121526|2022|AA|0,121526,Karuabahal,2022,AA,2022_AA.json,61826579,2022,1,2023-01-12,30000.0,SARPANCH
121526|2022|AA|1,121526,Karuabahal,2022,AA,2022_AA.json,61826655,2022,2,2023-01-13,38844.0,SARPANCH
121526|2022|AA|2,121526,Karuabahal,2022,AA,2022_AA.json,61826335,2022,3,2023-01-13,60000.0,SARPANCH
121526|2022|AA|3,121526,Karuabahal,2022,AA,2022_AA.json,66562733,2022,3,2023-02-01,25000.0,SARPANCH
121526|2022|AA|4,121526,Karuabahal,2022,AA,2022_AA.json,61824821,2022,5,2023-02-02,96000.0,SARPANCH
121526|2022|AA|5,121526,Karuabahal,2022,AA,2022_AA.json,61825320,2022,320222023,2023-03-14,200000.0,SARPANCH
121526|2022|AA|6,121526,Karuabahal,2022,AA,2022_AA.json,66937270,2022,6202223,2023-03-02,500000.0,SARPANCH
121526|2022|AA|7,121526,Karuabahal,2022,AA,2022_AA.json,66562818,2022,9202223,2023-05-25,67500.0,SARPANCH
121526|2022|AA|8,121526,Karuabahal,2022,AA,2022_AA.json,66562853,2022,10202223,2023-05-25,69000.0,SARPANCH
121526|2022|AA|9,121526,Karuabahal,2022,AA,2022_AA.json,61826742,2022,5202223,2023-04-16,35000.0,SARPANCH
121526|2022|AA|10,121526,Karuabahal,2022,AA,2022_AA.json,66562938,2022,13202223,2023-04-01,69000.0,SARPANCH
121526|2022|AA|11,121526,Karuabahal,2022,AA,2022_AA.json,66562961,2022,12202223,2023-11-01,71400.0,SARPANCH
121526|2022|AA|12,121526,Karuabahal,2022,AA,2022_AA.json,66563105,2022,15202223,2023-11-01,229800.0,SARPANCH
121526|2022|AA|13,121526,Karuabahal,2022,AA,2022_AA.json,66563054,2022,14,2024-02-23,238792.0,SARPANCH
121526|2022|AA|14,121526,Karuabahal,2022,AA,2022_AA.json,66562710,2022,5202223,2025-01-29,196000.0,SARPANCH
121526|2023|AA|0,121526,Karuabahal,2023,AA,2023_AA.json,83311975,2023,26202324,2023-11-01,96000.0,SARPANCH
121526|2023|AA|1,121526,Karuabahal,2023,AA,2023_AA.json,83390114,2023,124202223,2024-01-03,30000.0,SARPANCH
121526|2023|AA|2,121526,Karuabahal,2023,AA,2023_AA.json,83313861,2023,27202324,2024-04-11,100000.0,SARPANCH
121526|2023|AA|3,121526,Karuabahal,2023,AA,2023_AA.json,83387320,2023,83387320202324,2024-04-21,200000.0,SARPANCH
121526|2023|AA|4,121526,Karuabahal,2023,AA,2023_AA.json,83394942,2023,83394942,2025-01-02,650000.0,SARPANCH
121526|2023|AA|5,121526,Karuabahal,2023,AA,2023_AA.json,83396097,2023,99980,2024-08-02,99980.0,SARPANCH
121526|2023|AA|6,121526,Karuabahal,2023,AA,2023_AA.json,72781897,2023,72781897,2024-08-02,203000.0,SARPANCH
121526|2024|AA|0,121526,Karuabahal,2024,AA,2024_AA.json,104479341,2024,28202425,2024-12-12,200000.0,SARPANCH
121526|2024|AA|1,121526,Karuabahal,2024,AA,2024_AA.json,104478186,2024,104478186,2025-01-04,200000.0,SARPANCH
121526|2024|AA|2,121526,Karuabahal,2024,AA,2024_AA.json,104476183,2024,5202425,2024-09-20,50000.0,SARPANCH
121526|2024|AA|3,121526,Karuabahal,2024,AA,2024_AA.json,104472887,2024,1202425,2024-09-20,6000.0,SARPANCH
121526|2024|AA|4,121526,Karuabahal,2024,AA,2024_AA.json,104474754,2024,2202425,2024-09-20,6000.0,SARPANCH
121526|2024|AA|5,121526,Karuabahal,2024,AA,2024_AA.json,104477552,2024,104477552,2024-08-02,250000.0,SARPANCH
121526|2024|AA|6,121526,Karuabahal,2024,AA,2024_AA.json,104480037,2024,104480037,2024-08-02,350000.0,SARPANCH
121526|2024|AA|7,121526,Karuabahal,2024,AA,2024_AA.json,104479411,2024,8202425,2024-09-30,77540.0,SARPANCH
121526|2024|AA|8,121526,Karuabahal,2024,AA,2024_AA.json,104476960,2024,26202425,2024-10-18,171000.0,SARPANCH
121526|2024|AA|9,121526,Karuabahal,2024,AA,2024_AA.json,104475801,2024,4202425,2024-10-18,60000.0,SARPANCH
121526|2024|AA|10,121526,Karuabahal,2024,AA,2024_AA.json,104494065,2024,104494065,2024-10-23,150000.0,SARPANCH
121526|2024|AA|11,121526,Karuabahal,2024,AA,2024_AA.json,104492019,2024,104492019,2024-10-23,250000.0,SARPANCH
121526|2024|AA|12,121526,Karuabahal,2024,AA,2024_AA.json,104495110,2024,104495110,2024-10-23,50000.0,SARPANCH
121526|2024|AA|13,121526,Karuabahal,2024,AA,2024_AA.json,104657223,2024,302024,2024-10-14,38567.0,gp
121526|2024|AA|14,121526,Karuabahal,2024,AA,2024_AA.json,104482322,2024,342425,2024-11-10,50000.0,gp
121526|2024|AA|15,121526,Karuabahal,2024,AA,2024_AA.json,104477918,2024,272425,2024-12-12,80000.0,GP
121526|2024|AA|16,121526,Karuabahal,2024,AA,2024_AA.json,104530498,2024,372024,2024-10-20,241118.0,GP
121526|2025|AA|0,121526,Karuabahal,2025,AA,2025_AA.json,124908308,2025,42025,2025-09-12,102000.0,GP
121526|2025|AA|1,121526,Karuabahal,2025,AA,2025_AA.json,124908476,2025,72025,2025-10-07,77000.0,GP
121526|2025|AA|2,121526,Karuabahal,2025,AA,2025_AA.json,124957699,2025,192025,2025-10-06,183840.0,GP
121526|2025|AA|3,121526,Karuabahal,2025,AA,2025_AA.json,124908159,2025,12526,2025-09-12,126000.0,GP
121526|2025|AA|4,121526,Karuabahal,2025,AA,2025_AA.json,124957341,2025,26202526,2025-09-16,400000.0,GP
121526|2025|AA|5,121526,Karuabahal,2025,AA,2025_AA.json,124908718,2025,10202526,2025-09-22,50000.0,GP
121663|2020|AA|0,121663,Haldikudar,2020,AA,2020_AA.json,44088706,2020,9,2019-10-02,150000.0,SARPANCH
121663|2020|AA|1,121663,Haldikudar,2020,AA,2020_AA.json,44088636,2020,5,2019-10-02,150000.0,SARPANCH
121663|2020|AA|2,121663,Haldikudar,2020,AA,2020_AA.json,44088822,2020,3,2019-10-02,72000.0,SARPANCH
121663|2020|AA|3,121663,Haldikudar,2020,AA,2020_AA.json,44088799,2020,2,2019-10-02,100000.0,SARPANCH
121663|2020|AA|4,121663,Haldikudar,2020,AA,2020_AA.json,44088597,2020,2,2019-10-02,150000.0,SARPANCH
121663|2020|AA|5,121663,Haldikudar,2020,AA,2020_AA.json,44088934,2020,6,2019-10-02,75000.0,SARPANCH
121663|2020|AA|6,121663,Haldikudar,2020,AA,2020_AA.json,44088864,2020,3,2019-10-02,150000.0,SARPANCH
121663|2020|AA|7,121663,Haldikudar,2020,AA,2020_AA.json,44088766,2020,7,2019-10-02,107350.0,SARPANCH
121663|2020|AA|8,121663,Haldikudar,2020,AA,2020_AA.json,44088684,2020,4,2019-10-02,150000.0,SARPANCH
121663|2020|AA|9,121663,Haldikudar,2020,AA,2020_AA.json,44088984,2020,5,2019-10-02,125000.0,SARPANCH
121663|2020|AA|10,121663,Haldikudar,2020,AA,2020_AA.json,44088735,2020,6,2019-10-02,6000.0,SARPANCH
121663|2020|AA|11,121663,Haldikudar,2020,AA,2020_AA.json,44088778,2020,5,2019-10-02,6000.0,SARPANCH
121663|2020|AA|12,121663,Haldikudar,2020,AA,2020_AA.json,53731743,2020,6,2020-10-02,205000.0,SARPANCH
121663|2020|AA|13,121663,Haldikudar,2020,AA,2020_AA.json,56729464,2020,10,2021-01-26,162350.0,SARPANCH
121663|2020|AA|14,121663,Haldikudar,2020,AA,2020_AA.json,44088952,2020,12,2020-01-28,86844.0,SARPANCH
121663|2021|AA|0,121663,Haldikudar,2021,AA,2021_AA.json,47625526,2021,7,2020-10-02,300000.0,SARPANCH
121663|2021|AA|1,121663,Haldikudar,2021,AA,2021_AA.json,48228667,2021,6,2020-10-02,72000.0,SARPANCH
121663|2021|AA|2,121663,Haldikudar,2021,AA,2021_AA.json,56778477,2021,9,2021-09-02,68825.0,SARPANCH
121663|2021|AA|3,121663,Haldikudar,2021,AA,2021_AA.json,56115159,2021,10,2021-10-02,162350.0,SARPANCH
121663|2021|AA|4,121663,Haldikudar,2021,AA,2021_AA.json,56740472,2021,11,2021-10-04,281444.0,SARPANCH
121663|2021|AA|5,121663,Haldikudar,2021,AA,2021_AA.json,48227546,2021,8,2020-10-02,6000.0,SARPANCH
121663|2021|AA|6,121663,Haldikudar,2021,AA,2021_AA.json,48227364,2021,7,2020-10-02,6000.0,SARPANCH
121663|2021|AA|7,121663,Haldikudar,2021,AA,2021_AA.json,48225316,2021,8,2021-01-26,81175.0,SARPANCH
121663|2021|AA|8,121663,Haldikudar,2021,AA,2021_AA.json,48225561,2021,7,2021-01-26,150000.0,SARPANCH
121663|2021|AA|9,121663,Haldikudar,2021,AA,2021_AA.json,48224906,2021,5,2021-01-26,150000.0,SARPANCH
121663|2021|AA|10,121663,Haldikudar,2021,AA,2021_AA.json,48225117,2021,4,2021-01-26,150000.0,SARPANCH
121663|2021|AA|11,121663,Haldikudar,2021,AA,2021_AA.json,48225778,2021,3,2021-01-26,150000.0,SARPANCH
121663|2021|AA|12,121663,Haldikudar,2021,AA,2021_AA.json,47625309,2021,2,2021-01-26,150000.0,SARPANCH
121663|2021|AA|13,121663,Haldikudar,2021,AA,2021_AA.json,48228818,2021,7,2021-01-26,50000.0,SARPANCH
121663|2021|AA|14,121663,Haldikudar,2021,AA,2021_AA.json,48229204,2021,11,2021-01-26,300000.0,SARPANCH
121663|2021|AA|15,121663,Haldikudar,2021,AA,2021_AA.json,48226536,2021,8,2020-10-02,200000.0,SARPANCH
121663|2021|AA|16,121663,Haldikudar,2021,AA,2021_AA.json,47625750,2021,12,2021-01-26,100000.0,SARPANCH
121663|2021|AA|17,121663,Haldikudar,2021,AA,2021_AA.json,48226686,2021,2,2021-04-16,200000.0,BDO
121663|2022|AA|0,121663,Haldikudar,2022,AA,2022_AA.json,66413582,2022,2,2021-10-02,25000.0,SARPANCH
121663|2022|AA|1,121663,Haldikudar,2022,AA,2022_AA.json,66413521,2022,1,2021-10-02,96000.0,SARPANCH
121663|2022|AA|2,121663,Haldikudar,2022,AA,2022_AA.json,66413530,2022,3,2021-10-02,12000.0,SARPANCH
121663|2022|AA|3,121663,Haldikudar,2022,AA,2022_AA.json,61836314,2022,8,2021-10-02,48000.0,SARPANCH
121663|2022|AA|4,121663,Haldikudar,2022,AA,2022_AA.json,61836355,2022,24000,2021-10-02,24000.0,SARPANCH
121663|2022|AA|5,121663,Haldikudar,2022,AA,2022_AA.json,61835851,2022,9,2021-10-02,20000.0,SARPANCH
121663|2022|AA|6,121663,Haldikudar,2022,AA,2022_AA.json,66413698,2022,2,2021-10-02,270000.0,SARPANCH
121663|2022|AA|7,121663,Haldikudar,2022,AA,2022_AA.json,61836646,2022,5,2021-10-02,150000.0,SARPANCH
121663|2022|AA|8,121663,Haldikudar,2022,AA,2022_AA.json,61836554,2022,6,2021-10-02,286900.0,SARPANCH
121663|2022|AA|9,121663,Haldikudar,2022,AA,2022_AA.json,66413678,2022,23,2021-10-02,72000.0,SARPANCH
121663|2022|AA|10,121663,Haldikudar,2022,AA,2022_AA.json,61835970,2022,8,2021-10-02,6000.0,SARPANCH
121663|2022|AA|11,121663,Haldikudar,2022,AA,2022_AA.json,61836061,2022,9,2021-10-02,6000.0,SARPANCH
121663|2022|AA|12,121663,Haldikudar,2022,AA,2022_AA.json,66413555,2022,6,2023-03-14,44300.0,sarpanch
121663|2022|AA|13,121663,Haldikudar,2022,AA,2022_AA.json,61836011,2022,1,2022-07-20,58992.0,GP
121663|2022|AA|14,121663,Haldikudar,2022,AA,2022_AA.json,66413413,2022,3,2022-06-30,48000.0,sarpanch
121663|2022|AA|15,121663,Haldikudar,2022,AA,2022_AA.json,66413399,2022,1,2022-06-16,45000.0,sarpanch
121663|2022|AA|16,121663,Haldikudar,2022,AA,2022_AA.json,66413428,2022,3,2022-08-24,12000.0,sarpanch
121663|2022|AA|17,121663,Haldikudar,2022,AA,2022_AA.json,66413440,2022,1,2022-08-25,30000.0,sarpanch
121663|2022|AA|18,121663,Haldikudar,2022,AA,2022_AA.json,66413471,2022,4,2022-11-24,27000.0,sarpanch
121663|2022|AA|19,121663,Haldikudar,2022,AA,2022_AA.json,66413485,2022,3,2022-07-20,24000.0,sarpanch
121663|2022|AA|20,121663,Haldikudar,2022,AA,2022_AA.json,66413494,2022,3,2022-09-21,24000.0,sarpanch
121663|2022|AA|21,121663,Haldikudar,2022,AA,2022_AA.json,66413504,2022,4,2022-08-18,12000.0,sarpanch
121663|2022|AA|22,121663,Haldikudar,2022,AA,2022_AA.json,66413513,2022,4,2022-08-23,15000.0,sarpanch
121663|2022|AA|23,121663,Haldikudar,2022,AA,2022_AA.json,66413460,2022,3,2022-11-10,12000.0,sarpanch
121663|2023|AA|0,121663,Haldikudar,2023,AA,2023_AA.json,83174810,2023,12,2022-10-03,116080.0,SARPANCH
121663|2023|AA|1,121663,Haldikudar,2023,AA,2023_AA.json,83171648,2023,21,2022-01-26,100000.0,SARPANCH
121663|2023|AA|2,121663,Haldikudar,2023,AA,2023_AA.json,83175291,2023,2,2025-01-10,250000.0,BDO
121663|2023|AA|3,121663,Haldikudar,2023,AA,2023_AA.json,83175066,2023,6,2023-06-14,250000.0,sarpanch
121663|2023|AA|4,121663,Haldikudar,2023,AA,2023_AA.json,83173573,2023,3,2024-04-15,251860.0,GP
121663|2023|AA|5,121663,Haldikudar,2023,AA,2023_AA.json,83173257,2023,3,2024-05-10,105000.0,GP
121663|2023|AA|6,121663,Haldikudar,2023,AA,2023_AA.json,83170492,2023,3,2024-05-10,300000.0,GP
121663|2023|AA|7,121663,Haldikudar,2023,AA,2023_AA.json,83170712,2023,3,2024-05-20,300000.0,GP
121663|2023|AA|8,121663,Haldikudar,2023,AA,2023_AA.json,83171905,2023,3,2024-05-20,160000.0,GP
121663|2023|AA|9,121663,Haldikudar,2023,AA,2023_AA.json,83172150,2023,3,2024-05-23,160000.0,GP
121663|2024|AA|0,121663,Haldikudar,2024,AA,2024_AA.json,103395804,2024,6,2024-01-26,100000.0,SARPANCH
121663|2024|AA|1,121663,Haldikudar,2024,AA,2024_AA.json,103603821,2024,9,2023-01-26,177330.0,SARPANCH
121663|2024|AA|2,121663,Haldikudar,2024,AA,2024_AA.json,104262907,2024,5,2024-01-26,40000.0,GP
121663|2024|AA|3,121663,Haldikudar,2024,AA,2024_AA.json,103399694,2024,5,2024-01-26,45000.0,GP
121663|2024|AA|4,121663,Haldikudar,2024,AA,2024_AA.json,103599476,2024,3,2024-01-26,225426.0,GP
121663|2024|AA|5,121663,Haldikudar,2024,AA,2024_AA.json,103598945,2024,3,2024-08-15,250000.0,GP
121663|2024|AA|6,121663,Haldikudar,2024,AA,2024_AA.json,103591815,2024,1,2024-01-26,3500.0,GP
121663|2024|AA|7,121663,Haldikudar,2024,AA,2024_AA.json,103590271,2024,1,2024-01-26,3500.0,GP
121663|2024|AA|8,121663,Haldikudar,2024,AA,2024_AA.json,103592539,2024,1,2024-01-24,3500.0,GP
121663|2024|AA|9,121663,Haldikudar,2024,AA,2024_AA.json,103591270,2024,1,2024-01-26,3500.0,GP
121663|2024|AA|10,121663,Haldikudar,2024,AA,2024_AA.json,103593835,2024,1,2024-01-26,3500.0,GP
121663|2024|AA|11,121663,Haldikudar,2024,AA,2024_AA.json,103594510,2024,1,2024-01-26,3500.0,GP
121663|2024|AA|12,121663,Haldikudar,2024,AA,2024_AA.json,103596374,2024,1,2024-01-26,3500.0,GP
121663|2024|AA|13,121663,Haldikudar,2024,AA,2024_AA.json,103597071,2024,1,2024-01-26,3500.0,GP
121663|2024|AA|14,121663,Haldikudar,2024,AA,2024_AA.json,103590854,2024,1,2024-01-26,3500.0,gp
121663|2024|AA|15,121663,Haldikudar,2024,AA,2024_AA.json,103593221,2024,1,2024-01-26,3500.0,GP
121663|2024|AA|16,121663,Haldikudar,2024,AA,2024_AA.json,103595175,2024,1,2024-01-26,3500.0,GP
121663|2024|AA|17,121663,Haldikudar,2024,AA,2024_AA.json,103595768,2024,1,2024-01-26,3500.0,GP
121663|2025|AA|0,121663,Haldikudar,2025,AA,2025_AA.json,125959525,2025,2,2025-06-05,100000.0,sarpanch
121663|2025|AA|1,121663,Haldikudar,2025,AA,2025_AA.json,125959616,2025,2,2025-09-17,144000.0,sarpanch
121663|2025|AA|2,121663,Haldikudar,2025,AA,2025_AA.json,125959551,2025,2,2026-02-06,339567.0,sarpanch
121663|2025|AA|3,121663,Haldikudar,2025,AA,2025_AA.json,125961224,2025,1,2025-01-26,30000.0,GP
121663|2025|AA|4,121663,Haldikudar,2025,AA,2025_AA.json,125961168,2025,1,2025-01-26,117000.0,GP
121663|2025|AA|5,121663,Haldikudar,2025,AA,2025_AA.json,125961209,2025,1,2025-04-01,200000.0,GP
121663|2025|AA|6,121663,Haldikudar,2025,AA,2025_AA.json,125959569,2025,1,2025-01-26,50000.0,GP
121663|2025|AA|7,121663,Haldikudar,2025,AA,2025_AA.json,125961193,2025,2,2026-04-01,250000.0,SARPANCH
121663|2025|AA|8,121663,Haldikudar,2025,AA,2025_AA.json,125961183,2025,2,2026-02-11,250000.0,SARPANCH
275075|2020|AA|0,275075,Mendarajpur,2020,AA,2020_AA.json,44717163,2020,1,2020-10-16,200000.0,AE
275075|2020|AA|1,275075,Mendarajpur,2020,AA,2020_AA.json,44717151,2020,2,2020-10-15,76830.0,ae
275075|2020|AA|2,275075,Mendarajpur,2020,AA,2020_AA.json,44717122,2020,13,2020-11-19,500000.0,ae
275075|2020|AA|3,275075,Mendarajpur,2020,AA,2020_AA.json,38554424,2020,14,2020-11-19,50000.0,ae
275075|2020|AA|4,275075,Mendarajpur,2020,AA,2020_AA.json,38554360,2020,13,2020-11-19,106382.0,ae
275075|2020|AA|5,275075,Mendarajpur,2020,AA,2020_AA.json,38554554,2020,17,2020-11-19,60000.0,ae
275075|2020|AA|6,275075,Mendarajpur,2020,AA,2020_AA.json,44720961,2020,18,2020-12-01,80000.0,AE
275075|2020|AA|7,275075,Mendarajpur,2020,AA,2020_AA.json,44720985,2020,18,2020-12-01,500000.0,AE
275075|2020|AA|8,275075,Mendarajpur,2020,AA,2020_AA.json,38554282,2020,18,2020-12-01,100000.0,AE
275075|2020|AA|9,275075,Mendarajpur,2020,AA,2020_AA.json,44720945,2020,250000,2020-12-09,250000.0,AE
275075|2020|AA|10,275075,Mendarajpur,2020,AA,2020_AA.json,38554518,2020,18,2021-01-12,500000.0,AE
275075|2020|AA|11,275075,Mendarajpur,2020,AA,2020_AA.json,44716654,2020,2,2021-03-24,30000.0,sarpanch
275075|2020|AA|12,275075,Mendarajpur,2020,AA,2020_AA.json,44716682,2020,2,2021-03-26,20000.0,sarpanch
275075|2020|AA|13,275075,Mendarajpur,2020,AA,2020_AA.json,44714603,2020,2,2021-04-02,30000.0,sarpanch
275075|2020|AA|14,275075,Mendarajpur,2020,AA,2020_AA.json,44714596,2020,30000,2021-04-01,30000.0,sarpanch
275075|2020|AA|15,275075,Mendarajpur,2020,AA,2020_AA.json,44714612,2020,30000,2021-04-03,30000.0,sarpanch
275075|2020|AA|16,275075,Mendarajpur,2020,AA,2020_AA.json,44717082,2020,AE,2021-03-02,42000.0,14
275075|2020|AA|17,275075,Mendarajpur,2020,AA,2020_AA.json,44717060,2020,AE,2021-03-03,42000.0,12
275075|2020|AA|18,275075,Mendarajpur,2020,AA,2020_AA.json,44717099,2020,AE,2021-03-02,42000.0,15
275075|2020|AA|19,275075,Mendarajpur,2020,AA,2020_AA.json,44716747,2020,AE,2021-03-02,126000.0,12
275075|2020|AA|20,275075,Mendarajpur,2020,AA,2020_AA.json,44716767,2020,AE,2021-03-02,126000.0,12
275075|2020|AA|21,275075,Mendarajpur,2020,AA,2020_AA.json,44716724,2020,AE,2021-03-02,168000.0,12
275075|2020|AA|22,275075,Mendarajpur,2020,AA,2020_AA.json,44720899,2020,18,2021-05-05,150000.0,AE
275075|2020|AA|23,275075,Mendarajpur,2020,AA,2020_AA.json,44720919,2020,18,2021-05-04,262370.0,AE
275075|2020|AA|24,275075,Mendarajpur,2020,AA,2020_AA.json,44721063,2020,18,2021-07-30,397800.0,AE
275075|2020|AA|25,275075,Mendarajpur,2020,AA,2020_AA.json,44717137,2020,19,2021-12-01,150000.0,AE
275075|2020|AA|26,275075,Mendarajpur,2020,AA,2020_AA.json,38553954,2020,8,2021-12-30,175000.0,AE
275075|2020|AA|27,275075,Mendarajpur,2020,AA,2020_AA.json,38553887,2020,12,2022-01-25,144286.0,AE
275075|2020|AA|28,275075,Mendarajpur,2020,AA,2020_AA.json,38553746,2020,1,2022-04-01,150000.0,AE
275075|2020|AA|29,275075,Mendarajpur,2020,AA,2020_AA.json,44720974,2020,2,2022-09-11,200000.0,AE
275075|2020|AA|30,275075,Mendarajpur,2020,AA,2020_AA.json,38554241,2020,1,2022-09-23,115000.0,AE
275075|2020|AA|31,275075,Mendarajpur,2020,AA,2020_AA.json,38553917,2020,1,2022-09-26,25104.0,AE
275075|2020|AA|32,275075,Mendarajpur,2020,AA,2020_AA.json,38553559,2020,1,2022-09-26,75000.0,AE
275075|2020|AA|33,275075,Mendarajpur,2020,AA,2020_AA.json,38552980,2020,1,2022-09-26,24000.0,AE
275075|2020|AA|34,275075,Mendarajpur,2020,AA,2020_AA.json,38553806,2020,1,2022-09-26,20000.0,AE
275075|2020|AA|35,275075,Mendarajpur,2020,AA,2020_AA.json,38553824,2020,1,2022-09-26,15000.0,AE
275075|2020|AA|36,275075,Mendarajpur,2020,AA,2020_AA.json,38554009,2020,1,2022-09-26,75000.0,AE
275075|2020|AA|37,275075,Mendarajpur,2020,AA,2020_AA.json,44043553,2020,1,2022-09-26,50000.0,AE
275075|2020|AA|38,275075,Mendarajpur,2020,AA,2020_AA.json,65286540,2020,1,2022-09-26,134000.0,AE
275075|2020|AA|39,275075,Mendarajpur,2020,AA,2020_AA.json,38554579,2020,1,2022-09-27,186772.0,AE
275075|2020|AA|40,275075,Mendarajpur,2020,AA,2020_AA.json,38554754,2020,1,2023-01-19,593074.0,AE
275075|2020|AA|41,275075,Mendarajpur,2020,AA,2020_AA.json,38554458,2020,15,2023-02-13,60000.0,AE
275075|2020|AA|42,275075,Mendarajpur,2020,AA,2020_AA.json,44721089,2020,1,2023-05-20,448701.0,AE
275075|2020|AA|43,275075,Mendarajpur,2020,AA,2020_AA.json,65286426,2020,1,2023-05-20,100104.0,AE
275075|2020|AA|44,275075,Mendarajpur,2020,AA,2020_AA.json,65286586,2020,1,2023-07-08,50000.0,AE
275075|2020|AA|45,275075,Mendarajpur,2020,AA,2020_AA.json,38554319,2020,12,2025-12-31,50000.0,AEE
275075|2021|AA|0,275075,Mendarajpur,2021,AA,2021_AA.json,54926346,2021,2,2021-12-30,200000.0,AE
275075|2021|AA|1,275075,Mendarajpur,2021,AA,2021_AA.json,54926315,2021,1,2021-12-30,243074.0,AE
275075|2021|AA|2,275075,Mendarajpur,2021,AA,2021_AA.json,54926136,2021,12,2021-12-30,200000.0,AE
275075|2021|AA|3,275075,Mendarajpur,2021,AA,2021_AA.json,54925960,2021,1,2022-04-01,250000.0,AE
275075|2021|AA|4,275075,Mendarajpur,2021,AA,2021_AA.json,54926161,2021,1,2022-04-01,100000.0,AE
275075|2021|AA|5,275075,Mendarajpur,2021,AA,2021_AA.json,54926248,2021,9,2023-02-27,138198.0,AE
275075|2021|AA|6,275075,Mendarajpur,2021,AA,2021_AA.json,54926188,2021,1,2023-04-10,300000.0,AE
275075|2021|AA|7,275075,Mendarajpur,2021,AA,2021_AA.json,54926383,2021,3,2023-09-12,200000.0,AE
275075|2021|AA|8,275075,Mendarajpur,2021,AA,2021_AA.json,54926426,2021,8,2025-09-23,141149.0,AE
275075|2021|AA|9,275075,Mendarajpur,2021,AA,2021_AA.json,54926224,2021,7,2025-09-23,150000.0,AE
275075|2021|AA|10,275075,Mendarajpur,2021,AA,2021_AA.json,54926014,2021,15,2026-02-21,119149.0,AEE
275075|2021|AA|11,275075,Mendarajpur,2021,AA,2021_AA.json,54926077,2021,5,2024-06-06,72000.0,SARAPANCH
275075|2022|AA|0,275075,Mendarajpur,2022,AA,2022_AA.json,65696910,2022,1,2022-10-31,150000.0,AE
275075|2022|AA|1,275075,Mendarajpur,2022,AA,2022_AA.json,65698226,2022,1,2022-12-12,60891.0,AE
275075|2022|AA|2,275075,Mendarajpur,2022,AA,2022_AA.json,65697004,2022,2,2022-12-12,246744.0,AE
275075|2022|AA|3,275075,Mendarajpur,2022,AA,2022_AA.json,65698242,2022,1,2023-01-01,243120.0,AE
275075|2022|AA|4,275075,Mendarajpur,2022,AA,2022_AA.json,65698185,2022,1,2023-05-10,198100.0,AE
275075|2022|AA|5,275075,Mendarajpur,2022,AA,2022_AA.json,65698207,2022,1,2023-05-20,100000.0,AE
275075|2022|AA|6,275075,Mendarajpur,2022,AA,2022_AA.json,65698169,2022,1,2023-05-20,100000.0,AE
275075|2022|AA|7,275075,Mendarajpur,2022,AA,2022_AA.json,65697137,2022,50000,2023-06-27,166743.0,AE
275075|2022|AA|8,275075,Mendarajpur,2022,AA,2022_AA.json,65708798,2022,1,2023-07-14,100000.0,AE
275075|2022|AA|9,275075,Mendarajpur,2022,AA,2022_AA.json,65698258,2022,14,2023-09-12,200000.0,AE
275075|2022|AA|10,275075,Mendarajpur,2022,AA,2022_AA.json,65697095,2022,1,2025-01-24,90000.0,AEE
275075|2022|AA|11,275075,Mendarajpur,2022,AA,2022_AA.json,65697062,2022,1,2025-02-19,200000.0,AEE
275075|2022|AA|12,275075,Mendarajpur,2022,AA,2022_AA.json,65698292,2022,1,2025-05-03,100000.0,AEE
275075|2022|AA|13,275075,Mendarajpur,2022,AA,2022_AA.json,65697031,2022,11,2025-11-12,60000.0,AEE
275075|2022|AA|14,275075,Mendarajpur,2022,AA,2022_AA.json,65697900,2022,7,2025-12-31,50000.0,AEE
275075|2023|AA|0,275075,Mendarajpur,2023,AA,2023_AA.json,81278841,2023,1,2024-07-12,218060.0,AE
275075|2023|AA|1,275075,Mendarajpur,2023,AA,2023_AA.json,81275031,2023,1,2024-10-30,27060.0,AEE
275075|2023|AA|2,275075,Mendarajpur,2023,AA,2023_AA.json,79112249,2023,1,2024-08-06,330000.0,AE
275075|2023|AA|3,275075,Mendarajpur,2023,AA,2023_AA.json,79114303,2023,12,2024-12-27,59193.0,AEE
275075|2023|AA|4,275075,Mendarajpur,2023,AA,2023_AA.json,79094376,2023,1,2025-01-24,100000.0,AEE
275075|2023|AA|5,275075,Mendarajpur,2023,AA,2023_AA.json,79110929,2023,1,2025-01-24,147272.0,AEE
275075|2023|AA|6,275075,Mendarajpur,2023,AA,2023_AA.json,75761153,2023,15,2025-07-29,50000.0,AEE
275075|2023|AA|7,275075,Mendarajpur,2023,AA,2023_AA.json,75759321,2023,15,2025-07-29,50000.0,AEE
275075|2023|AA|8,275075,Mendarajpur,2023,AA,2023_AA.json,80701364,2023,11,2025-04-15,10000.0,AE
275075|2023|AA|9,275075,Mendarajpur,2023,AA,2023_AA.json,75760379,2023,11,2025-04-15,5000.0,AE
275075|2023|AA|10,275075,Mendarajpur,2023,AA,2023_AA.json,81192814,2023,1,2025-05-07,80000.0,AEE
275075|2023|AA|11,275075,Mendarajpur,2023,AA,2023_AA.json,81279055,2023,15,2025-11-12,24000.0,AEE
275075|2023|AA|12,275075,Mendarajpur,2023,AA,2023_AA.json,81279790,2023,4,2026-01-21,160808.0,AEE
275075|2023|AA|13,275075,Mendarajpur,2023,AA,2023_AA.json,79103097,2023,2,2024-07-25,100000.0,SARAPANCH
275075|2023|AA|14,275075,Mendarajpur,2023,AA,2023_AA.json,80701608,2023,3,2024-07-25,40000.0,SARAPANCH
275075|2023|AA|15,275075,Mendarajpur,2023,AA,2023_AA.json,81193103,2023,18,2024-07-23,20000.0,SARAPANCH
275075|2023|AA|16,275075,Mendarajpur,2023,AA,2023_AA.json,81277994,2023,21,2024-07-25,60000.0,SARAPANCH
275075|2023|AA|17,275075,Mendarajpur,2023,AA,2023_AA.json,79107798,2023,8,2024-07-25,25000.0,SARAPANCH
275075|2023|AA|18,275075,Mendarajpur,2023,AA,2023_AA.json,75759533,2023,17,2024-07-25,70000.0,SARAPANCH
275075|2023|AA|19,275075,Mendarajpur,2023,AA,2023_AA.json,75760279,2023,9,2024-07-24,90000.0,SARAPANCH
275075|2023|AA|20,275075,Mendarajpur,2023,AA,2023_AA.json,75759830,2023,15,2024-07-30,35000.0,SARAPANCH
275075|2023|AA|21,275075,Mendarajpur,2023,AA,2023_AA.json,79089576,2023,7,2025-07-18,20000.0,SARAPANCH
275075|2024|AA|0,275075,Mendarajpur,2024,AA,2024_AA.json,101760378,2024,1,2025-01-25,172756.0,AEE
275075|2024|AA|1,275075,Mendarajpur,2024,AA,2024_AA.json,101794599,2024,1,2025-02-03,208152.0,AEE
275075|2024|AA|2,275075,Mendarajpur,2024,AA,2024_AA.json,101767979,2024,1,2025-02-10,100000.0,AEE
275075|2024|AA|3,275075,Mendarajpur,2024,AA,2024_AA.json,101793444,2024,1,2025-02-10,100000.0,AEE
275075|2024|AA|4,275075,Mendarajpur,2024,AA,2024_AA.json,101670645,2024,15,2025-07-30,100000.0,AEE
275075|2024|AA|5,275075,Mendarajpur,2024,AA,2024_AA.json,101758172,2024,15,2025-07-30,380000.0,AEE
275075|2024|AA|6,275075,Mendarajpur,2024,AA,2024_AA.json,101770042,2024,1,2025-04-17,280000.0,AEE
275075|2024|AA|7,275075,Mendarajpur,2024,AA,2024_AA.json,101679271,2024,1,2025-05-03,18000.0,AEE
275075|2024|AA|8,275075,Mendarajpur,2024,AA,2024_AA.json,101781141,2024,1,2025-05-12,33230.0,AEE
275075|2024|AA|9,275075,Mendarajpur,2024,AA,2024_AA.json,101771672,2024,11,2025-05-16,130000.0,AE
275075|2024|AA|10,275075,Mendarajpur,2024,AA,2024_AA.json,101667469,2024,15,2025-11-12,250567.0,AEE
275075|2024|AA|11,275075,Mendarajpur,2024,AA,2024_AA.json,101692435,2024,8,2026-01-08,200000.0,AEE
275075|2024|AA|12,275075,Mendarajpur,2024,AA,2024_AA.json,101778291,2024,101778291,2026-01-09,80000.0,AEE
275075|2024|AA|13,275075,Mendarajpur,2024,AA,2024_AA.json,101672014,2024,101672014,2026-02-04,10000.0,AEE
275075|2024|AA|14,275075,Mendarajpur,2024,AA,2024_AA.json,101687405,2024,121950008,2026-02-06,87067.0,AEE
275075|2024|AA|15,275075,Mendarajpur,2024,AA,2024_AA.json,101787279,2024,101787279,2026-02-06,10000.0,AEE
275075|2024|AA|16,275075,Mendarajpur,2024,AA,2024_AA.json,101673353,2024,35,2025-08-20,18000.0,SARAPANCH
275075|2024|AA|17,275075,Mendarajpur,2024,AA,2024_AA.json,101676201,2024,34,2025-08-20,18000.0,SARAPANCH
275075|2024|AA|18,275075,Mendarajpur,2024,AA,2024_AA.json,101674919,2024,35,2025-08-25,18000.0,SARAPANCH
275075|2024|AA|19,275075,Mendarajpur,2024,AA,2024_AA.json,101699547,2024,26,2025-08-25,10000.0,SARAPANCH
275075|2024|AA|20,275075,Mendarajpur,2024,AA,2024_AA.json,101718593,2024,10,2025-08-20,70000.0,SARAPANCH
275075|2024|AA|21,275075,Mendarajpur,2024,AA,2024_AA.json,101668571,2024,34,2025-08-20,39000.0,SARAPANCH
275075|2024|AA|22,275075,Mendarajpur,2024,AA,2024_AA.json,101683463,2024,30,2025-08-20,40000.0,SARAPANCH
275075|2024|AA|23,275075,Mendarajpur,2024,AA,2024_AA.json,101682447,2024,31,2025-09-22,10000.0,SARAPANCH
275075|2024|AA|24,275075,Mendarajpur,2024,AA,2024_AA.json,101698485,2024,27,2025-08-20,20000.0,SARAPANCH
275075|2025|AA|0,275075,Mendarajpur,2025,AA,2025_AA.json,121876214,2025,15,2025-12-11,283230.0,AEE
275075|2025|AA|1,275075,Mendarajpur,2025,AA,2025_AA.json,121949707,2025,15,2025-12-11,200000.0,AEE
275075|2025|AA|2,275075,Mendarajpur,2025,AA,2025_AA.json,121950891,2025,15,2025-12-19,150000.0,AEE
275075|2025|AA|3,275075,Mendarajpur,2025,AA,2025_AA.json,121951175,2025,8,2026-01-08,52306.0,AEE
275075|2025|AA|4,275075,Mendarajpur,2025,AA,2025_AA.json,121951342,2025,9,2026-01-15,24756.0,AEE
275075|2025|AA|5,275075,Mendarajpur,2025,AA,2025_AA.json,121773936,2025,121773936,2026-02-04,250000.0,AEE
275075|2025|AA|6,275075,Mendarajpur,2025,AA,2025_AA.json,121949512,2025,121949512,2026-02-04,180000.0,AEE
275075|2025|AA|7,275075,Mendarajpur,2025,AA,2025_AA.json,121785218,2025,121785218,2026-02-04,10000.0,AEE
275075|2025|AA|8,275075,Mendarajpur,2025,AA,2025_AA.json,121950768,2025,89567,2026-02-04,89567.0,AEE
275075|2025|AA|9,275075,Mendarajpur,2025,AA,2025_AA.json,121876065,2025,6,2025-08-20,60000.0,SARAPANCH
275075|2025|AA|10,275075,Mendarajpur,2025,AA,2025_AA.json,121786130,2025,4,2025-08-20,60694.0,SARAPANCH
275075|2025|AA|11,275075,Mendarajpur,2025,AA,2025_AA.json,121875885,2025,5,2025-08-20,120000.0,SARAPANCH
275075|2025|AA|12,275075,Mendarajpur,2025,AA,2025_AA.json,121950008,2025,13,2025-08-20,60000.0,SARAPANCH
275075|2025|AA|13,275075,Mendarajpur,2025,AA,2025_AA.json,121772840,2025,3,2025-08-20,69000.0,SARAPANCH
275075|2025|AA|14,275075,Mendarajpur,2025,AA,2025_AA.json,121949847,2025,12,2025-08-20,60000.0,SARAPANCH
275075|2025|AA|15,275075,Mendarajpur,2025,AA,2025_AA.json,121950281,2025,16,2025-08-20,60567.0,SARAPANCH
275075|2025|AA|16,275075,Mendarajpur,2025,AA,2025_AA.json,121950482,2025,16,2025-08-20,120000.0,SARAPANCH
275075|2025|AA|17,275075,Mendarajpur,2025,AA,2025_AA.json,128267271,2025,15,2026-05-14,250000.0,AEE
275075|2025|AA|18,275075,Mendarajpur,2025,AA,2025_AA.json,121950601,2025,15,2026-06-23,30000.0,AEE
