row_id,parent_row_id,pos,activity_code,scheme_code,scheme_component_code,fund_sanctioned_general,fund_sanctioned_sc,fund_sanctioned_st,fund_sanctioned_total
116350|2020|AA|0/admapprovalschemewebservice:0,116350|2020|AA|0,0,44434659,1769,4249,48000.0,,,48000.0
116350|2020|AA|1/admapprovalschemewebservice:0,116350|2020|AA|1,0,44434533,1769,4249,180000.0,,,180000.0
116350|2020|AA|2/admapprovalschemewebservice:0,116350|2020|AA|2,0,44434332,1769,4211,70000.0,,,70000.0
116350|2020|AA|3/admapprovalschemewebservice:0,116350|2020|AA|3,0,50379473,1769,4249,54492.0,,,54492.0
116350|2020|AA|4/admapprovalschemewebservice:0,116350|2020|AA|4,0,50380045,1769,4249,33002.0,,,33002.0
116350|2020|AA|5/admapprovalschemewebservice:0,116350|2020|AA|5,0,50380394,1769,4249,54492.0,,,54492.0
116350|2020|AA|6/admapprovalschemewebservice:0,116350|2020|AA|6,0,50386819,1778,4250,178274.0,,,178274.0
116350|2020|AA|7/admapprovalschemewebservice:0,116350|2020|AA|7,0,44434249,1769,4211,100000.0,,,100000.0
116350|2020|AA|8/admapprovalschemewebservice:0,116350|2020|AA|8,0,44434352,1769,4211,95772.0,,,95772.0
116350|2020|AA|9/admapprovalschemewebservice:0,116350|2020|AA|9,0,44434893,1778,4250,43120.0,,,43120.0
116350|2020|AA|10/admapprovalschemewebservice:0,116350|2020|AA|10,0,44434698,1769,4249,117772.0,,,117772.0
116350|2020|AA|11/admapprovalschemewebservice:0,116350|2020|AA|11,0,44434871,1778,4250,100000.0,,,100000.0
116350|2020|AA|12/admapprovalschemewebservice:0,116350|2020|AA|12,0,44434227,1769,4211,150000.0,,,150000.0
116350|2020|AA|13/admapprovalschemewebservice:0,116350|2020|AA|13,0,44434288,1769,4211,300000.0,,,300000.0
116350|2020|AA|14/admapprovalschemewebservice:0,116350|2020|AA|14,0,50380926,1769,4249,91381.0,,,91381.0
116350|2020|AA|15/admapprovalschemewebservice:0,116350|2020|AA|15,0,50379756,1769,4249,160543.0,,,160543.0
116350|2020|AA|16/admapprovalschemewebservice:0,116350|2020|AA|16,0,50380631,1769,4249,106090.0,,,106090.0
116350|2020|AA|17/admapprovalschemewebservice:0,116350|2020|AA|17,0,50385180,1778,4250,162137.0,,,162137.0
116350|2020|AA|18/admapprovalschemewebservice:0,116350|2020|AA|18,0,50386577,1778,4250,30000.0,,,30000.0
116350|2020|AA|19/admapprovalschemewebservice:0,116350|2020|AA|19,0,50378946,1769,4211,150000.0,,,150000.0
116350|2020|AA|20/admapprovalschemewebservice:0,116350|2020|AA|20,0,50386093,1778,4250,12000.0,,,12000.0
116350|2020|AA|21/admapprovalschemewebservice:0,116350|2020|AA|21,0,50385618,1778,4250,12000.0,,,12000.0
116350|2020|AA|22/admapprovalschemewebservice:0,116350|2020|AA|22,0,50378563,1769,4211,200000.0,,,200000.0
116350|2021|AA|0/admapprovalschemewebservice:0,116350|2021|AA|0,0,48947039,1778,4250,180000.0,,,180000.0
116350|2021|AA|1/admapprovalschemewebservice:0,116350|2021|AA|1,0,48945604,1769,4211,330000.0,,,330000.0
116350|2021|AA|2/admapprovalschemewebservice:0,116350|2021|AA|2,0,48702295,1769,4249,200000.0,,,200000.0
116350|2021|AA|3/admapprovalschemewebservice:0,116350|2021|AA|3,0,48945521,1769,4211,335835.0,,,335835.0
116350|2021|AA|4/admapprovalschemewebservice:0,116350|2021|AA|4,0,48946946,1778,4250,48000.0,,,48000.0
116350|2021|AA|5/admapprovalschemewebservice:0,116350|2021|AA|5,0,48702608,1769,4249,250000.0,,,250000.0
116350|2021|AA|6/admapprovalschemewebservice:0,116350|2021|AA|6,0,48945928,1778,4250,73120.0,,,73120.0
116350|2021|AA|7/admapprovalschemewebservice:0,116350|2021|AA|7,0,48947102,1778,4250,124917.0,,,124917.0
116350|2021|AA|8/admapprovalschemewebservice:0,116350|2021|AA|8,0,48945227,1769,4249,482917.0,,,482917.0
116350|2021|AA|9/admapprovalschemewebservice:0,116350|2021|AA|9,0,48945351,1769,4211,150000.0,,,150000.0
116350|2021|AA|10/admapprovalschemewebservice:0,116350|2021|AA|10,0,48945423,1769,4211,150000.0,,,150000.0
116350|2021|AA|11/admapprovalschemewebservice:0,116350|2021|AA|11,0,48947241,1778,4250,100000.0,,,100000.0
116350|2021|AA|12/admapprovalschemewebservice:0,116350|2021|AA|12,0,48947511,1778,4250,117083.0,,,117083.0
116350|2021|AA|13/admapprovalschemewebservice:0,116350|2021|AA|13,0,48945030,1769,4249,32918.0,,,32918.0
116350|2022|AA|0/admapprovalschemewebservice:0,116350|2022|AA|0,0,61688546,1769,4249,48000.0,,,48000.0
116350|2022|AA|1/admapprovalschemewebservice:0,116350|2022|AA|1,0,65647242,1769,4249,200000.0,,,200000.0
116350|2022|AA|2/admapprovalschemewebservice:0,116350|2022|AA|2,0,65647752,1769,4249,5150.0,,,5150.0
116350|2022|AA|3/admapprovalschemewebservice:0,116350|2022|AA|3,0,61656325,1769,4249,100000.0,,,100000.0
116350|2022|AA|4/admapprovalschemewebservice:0,116350|2022|AA|4,0,65647681,1769,4249,114594.0,,,114594.0
116350|2022|AA|5/admapprovalschemewebservice:0,116350|2022|AA|5,0,65640607,1778,4251,200000.0,,,200000.0
116350|2022|AA|6/admapprovalschemewebservice:0,116350|2022|AA|6,0,65640848,1769,4211,100000.0,,,100000.0
116350|2022|AA|7/admapprovalschemewebservice:0,116350|2022|AA|7,0,65640647,1778,4251,200000.0,,,200000.0
116350|2022|AA|8/admapprovalschemewebservice:0,116350|2022|AA|8,0,65647203,1769,4249,128744.0,,,128744.0
116350|2022|AA|9/admapprovalschemewebservice:0,116350|2022|AA|9,0,65647344,1769,4249,50000.0,,,50000.0
116350|2022|AA|10/admapprovalschemewebservice:0,116350|2022|AA|10,0,65647221,1769,4249,80000.0,,,80000.0
116350|2022|AA|11/admapprovalschemewebservice:0,116350|2022|AA|11,0,65640793,1769,4211,400000.0,,,400000.0
116350|2022|AA|12/admapprovalschemewebservice:0,116350|2022|AA|12,0,65640676,1778,4251,118120.0,,,118120.0
116350|2022|AA|13/admapprovalschemewebservice:0,116350|2022|AA|13,0,65640722,1778,4251,125000.0,,,125000.0
116350|2022|AA|14/admapprovalschemewebservice:0,116350|2022|AA|14,0,65647385,1769,4249,107000.0,,,107000.0
116350|2023|AA|0/admapprovalschemewebservice:0,116350|2023|AA|0,0,82758183,1769,4249,280000.0,,,280000.0
116350|2023|AA|1/admapprovalschemewebservice:0,116350|2023|AA|1,0,81955225,1778,4250,404432.0,,,404432.0
116350|2023|AA|2/admapprovalschemewebservice:0,116350|2023|AA|2,0,81809079,1769,4211,593542.0,,,593542.0
116350|2023|AA|3/admapprovalschemewebservice:0,116350|2023|AA|3,0,81957492,1769,4249,48000.0,,,48000.0
116350|2023|AA|4/admapprovalschemewebservice:0,116350|2023|AA|4,0,82755183,1769,4249,10000.0,,,10000.0
116350|2023|AA|5/admapprovalschemewebservice:0,116350|2023|AA|5,0,81954553,1769,4249,128724.0,,,128724.0
116350|2023|AA|6/admapprovalschemewebservice:0,116350|2023|AA|6,0,82753880,1769,4249,100000.0,,,100000.0
116350|2023|AA|7/admapprovalschemewebservice:0,116350|2023|AA|7,0,82688276,1769,4249,66000.0,,,66000.0
116350|2023|AA|8/admapprovalschemewebservice:0,116350|2023|AA|8,0,127245789,0,0,50000.0,,,50000.0
116350|2023|AA|9/admapprovalschemewebservice:0,116350|2023|AA|9,0,128251100,1769,4249,100000.0,,,100000.0
116350|2023|AA|10/admapprovalschemewebservice:0,116350|2023|AA|10,0,128340688,1778,4250,80000.0,,,80000.0
116350|2024|AA|0/admapprovalschemewebservice:0,116350|2024|AA|0,0,105399201,1769,4211,300000.0,,,300000.0
116350|2024|AA|1/admapprovalschemewebservice:0,116350|2024|AA|1,0,105444928,1769,4249,295917.0,,,295917.0
116350|2024|AA|2/admapprovalschemewebservice:0,116350|2024|AA|2,0,105404519,1769,4249,60000.0,,,60000.0
116350|2024|AA|3/admapprovalschemewebservice:0,116350|2024|AA|3,0,105440256,1769,4249,192767.0,,,192767.0
116350|2024|AA|4/admapprovalschemewebservice:0,116350|2024|AA|4,0,105418828,1778,4250,60000.0,,,60000.0
116350|2024|AA|5/admapprovalschemewebservice:0,116350|2024|AA|5,0,105407657,1769,4249,5150.0,,,5150.0
116350|2024|AA|6/admapprovalschemewebservice:0,116350|2024|AA|6,0,105433602,1769,4249,81750.0,,,81750.0
116350|2024|AA|7/admapprovalschemewebservice:0,116350|2024|AA|7,0,105446314,1769,4249,100000.0,,,100000.0
116350|2024|AA|8/admapprovalschemewebservice:0,116350|2024|AA|8,0,105410403,1769,4249,115050.0,,,115050.0
116350|2024|AA|9/admapprovalschemewebservice:0,116350|2024|AA|9,0,105439238,1769,4211,152756.0,,,152756.0
116350|2024|AA|10/admapprovalschemewebservice:0,116350|2024|AA|10,0,105419399,1778,4250,150000.0,,,150000.0
116350|2024|AA|11/admapprovalschemewebservice:0,116350|2024|AA|11,0,105419843,1778,4250,300000.0,,,300000.0
116350|2024|AA|12/admapprovalschemewebservice:0,116350|2024|AA|12,0,105399843,1769,4211,150000.0,,,150000.0
116350|2025|AA|0/admapprovalschemewebservice:0,116350|2025|AA|0,0,122229651,1778,4250,100000.0,,,100000.0
116350|2025|AA|1/admapprovalschemewebservice:0,116350|2025|AA|1,0,122224718,1769,4211,200000.0,,,200000.0
116350|2025|AA|2/admapprovalschemewebservice:0,116350|2025|AA|2,0,122214980,1769,4249,78000.0,,,78000.0
116350|2025|AA|3/admapprovalschemewebservice:0,116350|2025|AA|3,0,122215410,1769,4249,100000.0,,,100000.0
116350|2025|AA|4/admapprovalschemewebservice:0,116350|2025|AA|4,0,122240109,1769,4249,49000.0,,,49000.0
116350|2025|AA|5/admapprovalschemewebservice:0,116350|2025|AA|5,0,122215204,1769,4249,250000.0,,,250000.0
116350|2025|AA|6/admapprovalschemewebservice:0,116350|2025|AA|6,0,122216991,1769,4249,30000.0,,,30000.0
116350|2025|AA|7/admapprovalschemewebservice:0,116350|2025|AA|7,0,122216772,1769,4249,37067.0,,,37067.0
116350|2025|AA|8/admapprovalschemewebservice:0,116350|2025|AA|8,0,127245330,1769,4211,150000.0,,,150000.0
116350|2025|AA|9/admapprovalschemewebservice:0,116350|2025|AA|9,0,122229535,1778,4250,48696.0,,,48696.0
116350|2025|AA|10/admapprovalschemewebservice:0,116350|2025|AA|10,0,128056968,1778,4250,500000.0,,,500000.0
116350|2025|AA|11/admapprovalschemewebservice:0,116350|2025|AA|11,0,122217691,1769,4249,114000.0,,,114000.0
116350|2025|AA|12/admapprovalschemewebservice:0,116350|2025|AA|12,0,122229799,1778,4250,30000.0,,,30000.0
116397|2020|AA|0/admapprovalschemewebservice:0,116397|2020|AA|0,0,44376521,0,0,1.0,,,1.0
116397|2020|AA|0/admapprovalschemewebservice:1,116397|2020|AA|0,1,44376521,1778,4250,214080.0,,,214080.0
116397|2020|AA|1/admapprovalschemewebservice:0,116397|2020|AA|1,0,46843604,1778,4250,300000.0,,,300000.0
116397|2020|AA|2/admapprovalschemewebservice:0,116397|2020|AA|2,0,46851012,1769,4211,300000.0,,,300000.0
116397|2020|AA|3/admapprovalschemewebservice:0,116397|2020|AA|3,0,44378637,1769,4211,223312.0,,,223312.0
116397|2020|AA|4/admapprovalschemewebservice:0,116397|2020|AA|4,0,46860964,1769,4211,30000.0,,,30000.0
116397|2020|AA|5/admapprovalschemewebservice:0,116397|2020|AA|5,0,44377555,1769,4249,100000.0,,,100000.0
116397|2020|AA|6/admapprovalschemewebservice:0,116397|2020|AA|6,0,48283445,1769,4249,150000.0,,,150000.0
116397|2020|AA|7/admapprovalschemewebservice:0,116397|2020|AA|7,0,46861757,1769,4211,48000.0,,,48000.0
116397|2020|AA|8/admapprovalschemewebservice:0,116397|2020|AA|8,0,46863243,1769,4211,100000.0,,,100000.0
116397|2020|AA|9/admapprovalschemewebservice:0,116397|2020|AA|9,0,44377200,1769,4249,150000.0,,,150000.0
116397|2020|AA|10/admapprovalschemewebservice:0,116397|2020|AA|10,0,46861339,1769,4211,522000.0,,,522000.0
116397|2020|AA|11/admapprovalschemewebservice:0,116397|2020|AA|11,0,46860396,1778,4250,300000.0,,,300000.0
116397|2020|AA|12/admapprovalschemewebservice:0,116397|2020|AA|12,0,48281117,1769,4249,100000.0,,,100000.0
116397|2020|AA|13/admapprovalschemewebservice:0,116397|2020|AA|13,0,48281283,1769,4249,100312.0,,,100312.0
116397|2020|AA|14/admapprovalschemewebservice:0,116397|2020|AA|14,0,48281425,1769,4249,873000.0,,,873000.0
116397|2020|AA|15/admapprovalschemewebservice:0,116397|2020|AA|15,0,44378252,1769,4211,300000.0,,,300000.0
116397|2021|AA|0/admapprovalschemewebservice:0,116397|2021|AA|0,0,48587405,1769,4211,1000000.0,,,1000000.0
116397|2021|AA|1/admapprovalschemewebservice:0,116397|2021|AA|1,0,48584943,1769,4249,200000.0,,,200000.0
116397|2021|AA|2/admapprovalschemewebservice:0,116397|2021|AA|2,0,48586944,1769,4249,300000.0,,,300000.0
116397|2021|AA|3/admapprovalschemewebservice:0,116397|2021|AA|3,0,48585464,1769,4249,200000.0,,,200000.0
116397|2021|AA|4/admapprovalschemewebservice:0,116397|2021|AA|4,0,48588115,1778,4250,100000.0,,,100000.0
116397|2021|AA|5/admapprovalschemewebservice:0,116397|2021|AA|5,0,55600860,1769,4249,200000.0,,,200000.0
116397|2021|AA|6/admapprovalschemewebservice:0,116397|2021|AA|6,0,48589178,1778,4250,500000.0,,,500000.0
116397|2021|AA|7/admapprovalschemewebservice:0,116397|2021|AA|7,0,48588888,1778,4250,26032.0,,,26032.0
116397|2021|AA|8/admapprovalschemewebservice:0,116397|2021|AA|8,0,48588415,1778,4250,40000.0,,,40000.0
116397|2021|AA|9/admapprovalschemewebservice:0,116397|2021|AA|9,0,48587836,1778,4250,48000.0,,,48000.0
116397|2021|AA|10/admapprovalschemewebservice:0,116397|2021|AA|10,0,48589482,1778,4250,100000.0,,,100000.0
116397|2021|AA|11/admapprovalschemewebservice:0,116397|2021|AA|11,0,48584673,1769,4249,100000.0,,,100000.0
116397|2021|AA|12/admapprovalschemewebservice:0,116397|2021|AA|12,0,55601248,1769,4211,745052.0,,,745052.0
116397|2022|AA|0/admapprovalschemewebservice:0,116397|2022|AA|0,0,61742460,1769,4249,150000.0,,,150000.0
116397|2022|AA|1/admapprovalschemewebservice:0,116397|2022|AA|1,0,61742577,1778,4250,200000.0,,,200000.0
116397|2022|AA|2/admapprovalschemewebservice:0,116397|2022|AA|2,0,61742509,1769,4249,30000.0,,,30000.0
116397|2022|AA|3/admapprovalschemewebservice:0,116397|2022|AA|3,0,61742586,1778,4250,300000.0,,,300000.0
116397|2022|AA|4/admapprovalschemewebservice:0,116397|2022|AA|4,0,61742520,1769,4249,100000.0,,,100000.0
116397|2022|AA|5/admapprovalschemewebservice:0,116397|2022|AA|5,0,61742479,1769,4249,200000.0,,,200000.0
116397|2022|AA|6/admapprovalschemewebservice:0,116397|2022|AA|6,0,61742455,1769,4211,21392.0,,,21392.0
116397|2022|AA|7/admapprovalschemewebservice:0,116397|2022|AA|7,0,61742552,1778,4250,72000.0,,,72000.0
116397|2022|AA|8/admapprovalschemewebservice:0,116397|2022|AA|8,0,61742562,1778,4250,142032.0,,,142032.0
116397|2022|AA|9/admapprovalschemewebservice:0,116397|2022|AA|9,0,61742451,1769,4211,250000.0,,,250000.0
116397|2022|AA|10/admapprovalschemewebservice:0,116397|2022|AA|10,0,65502394,1769,4211,400000.0,,,400000.0
116397|2022|AA|11/admapprovalschemewebservice:0,116397|2022|AA|11,0,65503722,1769,4249,6500.0,,,6500.0
116397|2022|AA|12/admapprovalschemewebservice:0,116397|2022|AA|12,0,61742490,1769,4249,128544.0,,,128544.0
116397|2022|AA|13/admapprovalschemewebservice:0,116397|2022|AA|13,0,65502685,1769,4211,100000.0,,,100000.0
116397|2022|AA|14/admapprovalschemewebservice:0,116397|2022|AA|14,0,65502816,1769,4249,170000.0,,,170000.0
116397|2022|AA|15/admapprovalschemewebservice:0,116397|2022|AA|15,0,65503385,1769,4249,75000.0,,,75000.0
116397|2022|AA|16/admapprovalschemewebservice:0,116397|2022|AA|16,0,61742558,1778,4250,100000.0,,,100000.0
116397|2022|AA|17/admapprovalschemewebservice:0,116397|2022|AA|17,0,61742469,1769,4249,100000.0,,,100000.0
116397|2023|AA|0/admapprovalschemewebservice:0,116397|2023|AA|0,0,82331651,1778,4250,119700.0,,,119700.0
116397|2023|AA|1/admapprovalschemewebservice:0,116397|2023|AA|1,0,82330506,1778,4250,80000.0,,,80000.0
116397|2023|AA|2/admapprovalschemewebservice:0,116397|2023|AA|2,0,82420944,1769,4249,72000.0,,,72000.0
116397|2023|AA|3/admapprovalschemewebservice:0,116397|2023|AA|3,0,82335953,1769,4249,160000.0,,,160000.0
116397|2023|AA|4/admapprovalschemewebservice:0,116397|2023|AA|4,0,82669742,1769,4249,115279.0,,,115279.0
116397|2023|AA|5/admapprovalschemewebservice:0,116397|2023|AA|5,0,82333030,1778,4250,242632.0,,,242632.0
116397|2023|AA|6/admapprovalschemewebservice:0,116397|2023|AA|6,0,82329217,1778,4250,100000.0,,,100000.0
116397|2023|AA|7/admapprovalschemewebservice:0,116397|2023|AA|7,0,82478543,1778,4250,82680.0,,,82680.0
116397|2023|AA|8/admapprovalschemewebservice:0,116397|2023|AA|8,0,82670995,1769,4249,180000.0,,,180000.0
116397|2023|AA|9/admapprovalschemewebservice:0,116397|2023|AA|9,0,82690608,1769,4211,700000.0,,,700000.0
116397|2023|AA|10/admapprovalschemewebservice:0,116397|2023|AA|10,0,82420634,1769,4249,80000.0,,,80000.0
116397|2023|AA|11/admapprovalschemewebservice:0,116397|2023|AA|11,0,82425252,1769,4249,50000.0,,,50000.0
116397|2023|AA|12/admapprovalschemewebservice:0,116397|2023|AA|12,0,82334659,1769,4211,80372.0,,,80372.0
116397|2023|AA|13/admapprovalschemewebservice:0,116397|2023|AA|13,0,82421319,1769,4249,50000.0,,,50000.0
116397|2023|AA|14/admapprovalschemewebservice:0,116397|2023|AA|14,0,82424820,1769,4249,90000.0,,,90000.0
116397|2023|AA|15/admapprovalschemewebservice:0,116397|2023|AA|15,0,82421627,1769,4249,50000.0,,,50000.0
116397|2023|AA|16/admapprovalschemewebservice:0,116397|2023|AA|16,0,82326947,1778,4250,100000.0,,,100000.0
116397|2024|AA|0/admapprovalschemewebservice:0,116397|2024|AA|0,0,105374258,1778,4250,120000.0,,,120000.0
116397|2024|AA|1/admapprovalschemewebservice:0,116397|2024|AA|1,0,105374771,1778,4250,90780.0,,,90780.0
116397|2024|AA|2/admapprovalschemewebservice:0,116397|2024|AA|2,0,105368013,1769,4249,80118.0,,,80118.0
116397|2024|AA|3/admapprovalschemewebservice:0,116397|2024|AA|3,0,105385109,1769,4249,133118.0,,,133118.0
116397|2024|AA|4/admapprovalschemewebservice:0,116397|2024|AA|4,0,105390630,1769,4249,87000.0,,,87000.0
116397|2024|AA|5/admapprovalschemewebservice:0,116397|2024|AA|5,0,105375738,1778,4250,54000.0,,,54000.0
116397|2024|AA|6/admapprovalschemewebservice:0,116397|2024|AA|6,0,105375198,1778,4250,150000.0,,,150000.0
116397|2024|AA|7/admapprovalschemewebservice:0,116397|2024|AA|7,0,105366790,1769,4249,350000.0,,,350000.0
116397|2024|AA|8/admapprovalschemewebservice:0,116397|2024|AA|8,0,105391951,1769,4249,5150.0,,,5150.0
116397|2024|AA|9/admapprovalschemewebservice:0,116397|2024|AA|9,0,105374436,1778,4250,200000.0,,,200000.0
116397|2024|AA|10/admapprovalschemewebservice:0,116397|2024|AA|10,0,105375002,1778,4250,200000.0,,,200000.0
116397|2024|AA|11/admapprovalschemewebservice:0,116397|2024|AA|11,0,105370526,1769,4211,200000.0,,,200000.0
116397|2024|AA|12/admapprovalschemewebservice:0,116397|2024|AA|12,0,105387475,1769,4211,200000.0,,,200000.0
116397|2025|AA|0/admapprovalschemewebservice:0,116397|2025|AA|0,0,122086266,1778,4250,150000.0,,,150000.0
116397|2025|AA|1/admapprovalschemewebservice:0,116397|2025|AA|1,0,122086831,1778,4250,90000.0,,,90000.0
116397|2025|AA|2/admapprovalschemewebservice:0,116397|2025|AA|2,0,122183840,1769,4249,165750.0,,,165750.0
116397|2025|AA|3/admapprovalschemewebservice:0,116397|2025|AA|3,0,122183042,1769,4249,260000.0,,,260000.0
116397|2025|AA|4/admapprovalschemewebservice:0,116397|2025|AA|4,0,122085483,1769,4211,100000.0,,,100000.0
116397|2025|AA|5/admapprovalschemewebservice:0,116397|2025|AA|5,0,122182622,1769,4249,102368.0,,,102368.0
116397|2025|AA|6/admapprovalschemewebservice:0,116397|2025|AA|6,0,122084562,1769,4211,210000.0,,,210000.0
116397|2025|AA|7/admapprovalschemewebservice:0,116397|2025|AA|7,0,122088730,1778,4250,180000.0,,,180000.0
116397|2025|AA|8/admapprovalschemewebservice:0,116397|2025|AA|8,0,122084186,1769,4211,200000.0,,,200000.0
116397|2025|AA|9/admapprovalschemewebservice:0,116397|2025|AA|9,0,122085097,1769,4211,200000.0,,,200000.0
116397|2025|AA|10/admapprovalschemewebservice:0,116397|2025|AA|10,0,122183908,1769,4249,45000.0,,,45000.0
116397|2025|AA|11/admapprovalschemewebservice:0,116397|2025|AA|11,0,122176291,1769,4249,41850.0,,,41850.0
116397|2025|AA|12/admapprovalschemewebservice:0,116397|2025|AA|12,0,122089312,1778,4250,90000.0,,,90000.0
116397|2025|AA|13/admapprovalschemewebservice:0,116397|2025|AA|13,0,122089799,1778,4250,102000.0,,,102000.0
116397|2025|AA|14/admapprovalschemewebservice:0,116397|2025|AA|14,0,122085805,1769,4211,116824.0,,,116824.0
116400|2020|AA|0/admapprovalschemewebservice:0,116400|2020|AA|0,0,52276505,1778,4250,72000.0,,,72000.0
116400|2020|AA|1/admapprovalschemewebservice:0,116400|2020|AA|1,0,52276462,1769,4249,133772.0,,,133772.0
116400|2020|AA|2/admapprovalschemewebservice:0,116400|2020|AA|2,0,52276445,1769,4249,300000.0,,,300000.0
116400|2020|AA|3/admapprovalschemewebservice:0,116400|2020|AA|3,0,52276402,1769,4249,75000.0,,,75000.0
116400|2020|AA|4/admapprovalschemewebservice:0,116400|2020|AA|4,0,52276390,1769,4249,75000.0,,,75000.0
116400|2020|AA|5/admapprovalschemewebservice:0,116400|2020|AA|5,0,52276538,1778,4250,180000.0,,,180000.0
116400|2020|AA|6/admapprovalschemewebservice:0,116400|2020|AA|6,0,52275108,1769,4249,50000.0,,,50000.0
116400|2020|AA|7/admapprovalschemewebservice:0,116400|2020|AA|7,0,52275079,1769,4249,132000.0,,,132000.0
116400|2020|AA|8/admapprovalschemewebservice:0,116400|2020|AA|8,0,52275051,1769,4249,50000.0,,,50000.0
116400|2020|AA|9/admapprovalschemewebservice:0,116400|2020|AA|9,0,52274555,1769,4249,50000.0,,,50000.0
116400|2020|AA|10/admapprovalschemewebservice:0,116400|2020|AA|10,0,52275022,1769,4249,50000.0,,,50000.0
116400|2020|AA|11/admapprovalschemewebservice:0,116400|2020|AA|11,0,52276583,1778,4250,241846.0,,,241846.0
116400|2020|AA|12/admapprovalschemewebservice:0,116400|2020|AA|12,0,52276487,1769,4211,965772.0,,,965772.0
116400|2020|AA|13/admapprovalschemewebservice:0,116400|2020|AA|13,0,52276559,1778,4250,34228.0,,,34228.0
116400|2021|AA|0/admapprovalschemewebservice:0,116400|2021|AA|0,0,52885146,1778,4250,384920.0,,,384920.0
116400|2021|AA|1/admapprovalschemewebservice:0,116400|2021|AA|1,0,52885214,1778,4250,258154.0,,,258154.0
116400|2021|AA|2/admapprovalschemewebservice:0,116400|2021|AA|2,0,52884501,1769,4211,200000.0,,,200000.0
116400|2021|AA|3/admapprovalschemewebservice:0,116400|2021|AA|3,0,52884352,1769,4211,388198.0,,,388198.0
116400|2021|AA|4/admapprovalschemewebservice:0,116400|2021|AA|4,0,52884604,1769,4249,75000.0,,,75000.0
116400|2021|AA|5/admapprovalschemewebservice:0,116400|2021|AA|5,0,52884663,1769,4249,155886.0,,,155886.0
116400|2021|AA|6/admapprovalschemewebservice:0,116400|2021|AA|6,0,52884843,1769,4249,72000.0,,,72000.0
116400|2021|AA|7/admapprovalschemewebservice:0,116400|2021|AA|7,0,52884906,1769,4249,180000.0,,,180000.0
116400|2021|AA|8/admapprovalschemewebservice:0,116400|2021|AA|8,0,66417478,1769,4249,424623.0,,,424623.0
116400|2022|AA|0/admapprovalschemewebservice:0,116400|2022|AA|0,0,61664768,1769,4249,108000.0,,,108000.0
116400|2022|AA|1/admapprovalschemewebservice:0,116400|2022|AA|1,0,61665171,1769,4249,100000.0,,,100000.0
116400|2022|AA|2/admapprovalschemewebservice:0,116400|2022|AA|2,0,61666890,1778,4250,70000.0,,,70000.0
116400|2022|AA|3/admapprovalschemewebservice:0,116400|2022|AA|3,0,61664567,1769,4249,100000.0,,,100000.0
116400|2022|AA|4/admapprovalschemewebservice:0,116400|2022|AA|4,0,61664910,1769,4249,58744.0,,,58744.0
116400|2022|AA|5/admapprovalschemewebservice:0,116400|2022|AA|5,0,66018426,1769,4249,53094.0,,,53094.0
116400|2022|AA|6/admapprovalschemewebservice:0,116400|2022|AA|6,0,66019150,1769,4211,558992.0,,,558992.0
116400|2022|AA|7/admapprovalschemewebservice:0,116400|2022|AA|7,0,66019314,1778,4250,400000.0,,,400000.0
116400|2022|AA|8/admapprovalschemewebservice:0,116400|2022|AA|8,0,66018329,1769,4249,90000.0,,,90000.0
116400|2022|AA|9/admapprovalschemewebservice:0,116400|2022|AA|9,0,66018988,1769,4249,5150.0,,,5150.0
116400|2022|AA|10/admapprovalschemewebservice:0,116400|2022|AA|10,0,66019346,1778,4250,173074.0,,,173074.0
116400|2022|AA|11/admapprovalschemewebservice:0,116400|2022|AA|11,0,66019209,1769,4211,50000.0,,,50000.0
116400|2022|AA|12/admapprovalschemewebservice:0,116400|2022|AA|12,0,66018753,1769,4249,90000.0,,,90000.0
116400|2022|AA|13/admapprovalschemewebservice:0,116400|2022|AA|13,0,66018695,1769,4249,30000.0,,,30000.0
116400|2022|AA|14/admapprovalschemewebservice:0,116400|2022|AA|14,0,66018637,1769,4249,105000.0,,,105000.0
116400|2023|AA|0/admapprovalschemewebservice:0,116400|2023|AA|0,0,82680418,1769,4249,119700.0,,,119700.0
116400|2023|AA|1/admapprovalschemewebservice:0,116400|2023|AA|1,0,82973536,1778,4250,132782.0,,,132782.0
116400|2023|AA|2/admapprovalschemewebservice:0,116400|2023|AA|2,0,82721831,1778,4250,128000.0,,,128000.0
116400|2023|AA|3/admapprovalschemewebservice:0,116400|2023|AA|3,0,82730292,1778,4250,90000.0,,,90000.0
116400|2023|AA|4/admapprovalschemewebservice:0,116400|2023|AA|4,0,82727036,1778,4250,120000.0,,,120000.0
116400|2023|AA|5/admapprovalschemewebservice:0,116400|2023|AA|5,0,82688016,1769,4249,225000.0,,,225000.0
116400|2023|AA|6/admapprovalschemewebservice:0,116400|2023|AA|6,0,82711051,1769,4249,75910.0,,,75910.0
116400|2023|AA|7/admapprovalschemewebservice:0,116400|2023|AA|7,0,82740632,1769,4249,72000.0,,,72000.0
116400|2023|AA|8/admapprovalschemewebservice:0,116400|2023|AA|8,0,82711977,1769,4211,416080.0,,,416080.0
116400|2023|AA|9/admapprovalschemewebservice:0,116400|2023|AA|9,0,82731347,1778,4250,82680.0,,,82680.0
116400|2023|AA|10/admapprovalschemewebservice:0,116400|2023|AA|10,0,82712780,1769,4211,200000.0,,,200000.0
116400|2023|AA|11/admapprovalschemewebservice:0,116400|2023|AA|11,0,82705250,1769,4249,90000.0,,,90000.0
116400|2023|AA|12/admapprovalschemewebservice:0,116400|2023|AA|12,0,82692293,1769,4249,90000.0,,,90000.0
116400|2023|AA|13/admapprovalschemewebservice:0,116400|2023|AA|13,0,82702658,1769,4249,90000.0,,,90000.0
116400|2024|AA|0/admapprovalschemewebservice:0,116400|2024|AA|0,0,105425488,1778,4250,153900.0,,,153900.0
116400|2024|AA|1/admapprovalschemewebservice:0,116400|2024|AA|1,0,105428593,1769,4249,90000.0,,,90000.0
116400|2024|AA|2/admapprovalschemewebservice:0,116400|2024|AA|2,0,105419984,1778,4250,89000.0,,,89000.0
116400|2024|AA|3/admapprovalschemewebservice:0,116400|2024|AA|3,0,105413098,1769,4249,95150.0,,,95150.0
116400|2024|AA|4/admapprovalschemewebservice:0,116400|2024|AA|4,0,105428790,1769,4249,90000.0,,,90000.0
116400|2024|AA|5/admapprovalschemewebservice:0,116400|2024|AA|5,0,105420513,1778,4252,237000.0,,,237000.0
116400|2024|AA|6/admapprovalschemewebservice:0,116400|2024|AA|6,0,105446246,1769,4249,111000.0,,,111000.0
116400|2024|AA|7/admapprovalschemewebservice:0,116400|2024|AA|7,0,105428081,1769,4249,250000.0,,,250000.0
116400|2024|AA|8/admapprovalschemewebservice:0,116400|2024|AA|8,0,105401313,1769,4211,50000.0,,,50000.0
116400|2024|AA|9/admapprovalschemewebservice:0,116400|2024|AA|9,0,100954833,1769,4211,102756.0,,,102756.0
116400|2024|AA|10/admapprovalschemewebservice:0,116400|2024|AA|10,0,105447295,1769,4249,23417.0,,,23417.0
116400|2024|AA|11/admapprovalschemewebservice:0,116400|2024|AA|11,0,105414568,1769,4249,124417.0,,,124417.0
116400|2024|AA|12/admapprovalschemewebservice:0,116400|2024|AA|12,0,105428300,1769,4249,100000.0,,,100000.0
116400|2024|AA|13/admapprovalschemewebservice:0,116400|2024|AA|13,0,105417454,1778,4250,400330.0,,,400330.0
116400|2024|AA|14/admapprovalschemewebservice:0,116400|2024|AA|14,0,105446019,1769,4249,5150.0,,,5150.0
116400|2024|AA|15/admapprovalschemewebservice:0,116400|2024|AA|15,0,100951187,1769,4211,500000.0,,,500000.0
116400|2025|AA|0/admapprovalschemewebservice:0,116400|2025|AA|0,0,123361564,1778,4250,158696.0,,,158696.0
116400|2025|AA|1/admapprovalschemewebservice:0,116400|2025|AA|1,0,123369541,1778,4252,270000.0,,,270000.0
116400|2025|AA|2/admapprovalschemewebservice:0,116400|2025|AA|2,0,123375228,1769,4249,156000.0,,,156000.0
116400|2025|AA|3/admapprovalschemewebservice:0,116400|2025|AA|3,0,123385383,1769,4249,40000.0,,,40000.0
116400|2025|AA|4/admapprovalschemewebservice:0,116400|2025|AA|4,0,123385938,1769,4249,14417.0,,,14417.0
116400|2025|AA|5/admapprovalschemewebservice:0,116400|2025|AA|5,0,123379333,1769,4249,28567.0,,,28567.0
116400|2025|AA|6/admapprovalschemewebservice:0,116400|2025|AA|6,0,123362979,1778,4250,104534.0,,,104534.0
116400|2025|AA|7/admapprovalschemewebservice:0,116400|2025|AA|7,0,123377827,1769,4249,250000.0,,,250000.0
116400|2025|AA|8/admapprovalschemewebservice:0,116400|2025|AA|8,0,123362365,1778,4250,130000.0,,,130000.0
116400|2025|AA|9/admapprovalschemewebservice:0,116400|2025|AA|9,0,123403421,1769,4249,55000.0,,,55000.0
116400|2025|AA|10/admapprovalschemewebservice:0,116400|2025|AA|10,0,123388537,1769,4211,600000.0,,,600000.0
116400|2025|AA|11/admapprovalschemewebservice:0,116400|2025|AA|11,0,123380046,1769,4249,72000.0,,,72000.0
116400|2025|AA|12/admapprovalschemewebservice:0,116400|2025|AA|12,0,123386594,1769,4249,5150.0,,,5150.0
116400|2025|AA|13/admapprovalschemewebservice:0,116400|2025|AA|13,0,123365329,1778,4250,100000.0,,,100000.0
116400|2025|AA|14/admapprovalschemewebservice:0,116400|2025|AA|14,0,123381563,1769,4249,84000.0,,,84000.0
116400|2025|AA|15/admapprovalschemewebservice:0,116400|2025|AA|15,0,123364401,1778,4250,150000.0,,,150000.0
116400|2025|AA|16/admapprovalschemewebservice:0,116400|2025|AA|16,0,123382448,1769,4249,90000.0,,,90000.0
116400|2025|AA|17/admapprovalschemewebservice:0,116400|2025|AA|17,0,123383534,1769,4249,144000.0,,,144000.0
116400|2025|AA|18/admapprovalschemewebservice:0,116400|2025|AA|18,0,123384320,1769,4249,40000.0,,,40000.0
116400|2025|AA|19/admapprovalschemewebservice:0,116400|2025|AA|19,0,127632485,1769,4211,52756.0,,,52756.0
116438|2020|AA|0/admapprovalschemewebservice:0,116438|2020|AA|0,0,49925943,1778,4250,110000.0,,,110000.0
116438|2020|AA|1/admapprovalschemewebservice:0,116438|2020|AA|1,0,49924130,1769,4249,100000.0,,,100000.0
116438|2020|AA|2/admapprovalschemewebservice:0,116438|2020|AA|2,0,44477686,1769,4211,150000.0,,,150000.0
116438|2020|AA|3/admapprovalschemewebservice:0,116438|2020|AA|3,0,49923830,1769,4249,250000.0,,,250000.0
116438|2020|AA|4/admapprovalschemewebservice:0,116438|2020|AA|4,0,49923633,1769,4249,300000.0,,,300000.0
116438|2020|AA|5/admapprovalschemewebservice:0,116438|2020|AA|5,0,44477294,1769,4249,100000.0,,,100000.0
116438|2020|AA|6/admapprovalschemewebservice:0,116438|2020|AA|6,0,49925179,1778,4250,150000.0,,,150000.0
116438|2020|AA|7/admapprovalschemewebservice:0,116438|2020|AA|7,0,49923475,1769,4249,150000.0,,,150000.0
116438|2020|AA|8/admapprovalschemewebservice:0,116438|2020|AA|8,0,44477723,1769,4211,150000.0,,,150000.0
116438|2020|AA|9/admapprovalschemewebservice:0,116438|2020|AA|9,0,44477526,1769,4211,200000.0,,,200000.0
116438|2020|AA|10/admapprovalschemewebservice:0,116438|2020|AA|10,0,49924434,1769,4211,150000.0,,,150000.0
116438|2020|AA|11/admapprovalschemewebservice:0,116438|2020|AA|11,0,49924832,1769,4211,400000.0,,,400000.0
116438|2020|AA|12/admapprovalschemewebservice:0,116438|2020|AA|12,0,49925355,1778,4250,200000.0,,,200000.0
116438|2020|AA|13/admapprovalschemewebservice:0,116438|2020|AA|13,0,44477215,1769,4249,300000.0,,,300000.0
116438|2020|AA|14/admapprovalschemewebservice:0,116438|2020|AA|14,0,49924584,1769,4211,130000.0,,,130000.0
116438|2020|AA|15/admapprovalschemewebservice:0,116438|2020|AA|15,0,63292671,1778,4250,514048.0,,,514048.0
116438|2020|AA|16/admapprovalschemewebservice:0,116438|2020|AA|16,0,44473426,1769,4249,100000.0,,,100000.0
116438|2020|AA|17/admapprovalschemewebservice:0,116438|2020|AA|17,0,63292871,1769,4249,280850.0,,,280850.0
116438|2020|AA|18/admapprovalschemewebservice:0,116438|2020|AA|18,0,63292660,1769,4211,300850.0,,,300850.0
116438|2021|AA|0/admapprovalschemewebservice:0,116438|2021|AA|0,0,48344875,1769,4249,,350000.0,,350000.0
116438|2021|AA|1/admapprovalschemewebservice:0,116438|2021|AA|1,0,48345021,1769,4249,360000.0,,,360000.0
116438|2021|AA|2/admapprovalschemewebservice:0,116438|2021|AA|2,0,48345342,1769,4211,350000.0,,,350000.0
116438|2021|AA|3/admapprovalschemewebservice:0,116438|2021|AA|3,0,63292618,1778,4250,985952.0,,,985952.0
116438|2021|AA|4/admapprovalschemewebservice:0,116438|2021|AA|4,0,48344833,1769,4249,140426.0,,,140426.0
116438|2021|AA|5/admapprovalschemewebservice:0,116438|2021|AA|5,0,48344782,1769,4249,100000.0,,,100000.0
116438|2021|AA|6/admapprovalschemewebservice:0,116438|2021|AA|6,0,65479238,1769,4249,86002.0,,,86002.0
116438|2021|AA|7/admapprovalschemewebservice:0,116438|2021|AA|7,0,66819847,1769,4211,84048.0,,,84048.0
116438|2021|AA|8/admapprovalschemewebservice:0,116438|2021|AA|8,0,65478931,1769,4211,351904.0,,,351904.0
116438|2021|AA|9/admapprovalschemewebservice:0,116438|2021|AA|9,0,48345420,1769,4211,100000.0,,,100000.0
116438|2021|AA|10/admapprovalschemewebservice:0,116438|2021|AA|10,0,66450063,1769,4211,100000.0,,,100000.0
116438|2021|AA|11/admapprovalschemewebservice:0,116438|2021|AA|11,0,65479275,1769,4249,316860.0,,,316860.0
116438|2022|AA|0/admapprovalschemewebservice:0,116438|2022|AA|0,0,65260618,1769,4249,200000.0,,,200000.0
116438|2022|AA|1/admapprovalschemewebservice:0,116438|2022|AA|1,0,65261104,1778,4250,30000.0,,,30000.0
116438|2022|AA|2/admapprovalschemewebservice:0,116438|2022|AA|2,0,65260264,1769,4249,10500.0,,,10500.0
116438|2022|AA|3/admapprovalschemewebservice:0,116438|2022|AA|3,0,65260362,1769,4249,10500.0,,,10500.0
116438|2022|AA|4/admapprovalschemewebservice:0,116438|2022|AA|4,0,65260337,1769,4249,10500.0,,,10500.0
116438|2022|AA|5/admapprovalschemewebservice:0,116438|2022|AA|5,0,65260325,1769,4249,10500.0,,,10500.0
116438|2022|AA|6/admapprovalschemewebservice:0,116438|2022|AA|6,0,65260294,1769,4249,10500.0,,,10500.0
116438|2022|AA|7/admapprovalschemewebservice:0,116438|2022|AA|7,0,65261048,1769,4211,33796.0,,,33796.0
116438|2022|AA|8/admapprovalschemewebservice:0,116438|2022|AA|8,0,66670247,1778,4250,174000.0,,,174000.0
116438|2022|AA|9/admapprovalschemewebservice:0,116438|2022|AA|9,0,66670233,1778,4250,8000.0,,,8000.0
116438|2022|AA|10/admapprovalschemewebservice:0,116438|2022|AA|10,0,66670256,1778,4250,70500.0,,,70500.0
116438|2022|AA|11/admapprovalschemewebservice:0,116438|2022|AA|11,0,65260734,1769,4249,74347.0,,,74347.0
116438|2022|AA|12/admapprovalschemewebservice:0,116438|2022|AA|12,0,66670204,1769,4249,90000.0,,,90000.0
116438|2022|AA|13/admapprovalschemewebservice:0,116438|2022|AA|13,0,65261664,1778,4250,300000.0,,,300000.0
116438|2022|AA|14/admapprovalschemewebservice:0,116438|2022|AA|14,0,65261025,1769,4211,300000.0,,,300000.0
116438|2022|AA|15/admapprovalschemewebservice:0,116438|2022|AA|15,0,65261308,1778,4250,230000.0,,,230000.0
116438|2022|AA|16/admapprovalschemewebservice:0,116438|2022|AA|16,0,65260704,1769,4249,330000.0,,,330000.0
116438|2022|AA|17/admapprovalschemewebservice:0,116438|2022|AA|17,0,65260847,1769,4211,300000.0,,,300000.0
116438|2022|AA|18/admapprovalschemewebservice:0,116438|2022|AA|18,0,65261636,1778,4250,100000.0,,,100000.0
116438|2022|AA|19/admapprovalschemewebservice:0,116438|2022|AA|19,0,86744952,1769,4211,300000.0,,,300000.0
116438|2022|AA|20/admapprovalschemewebservice:0,116438|2022|AA|20,0,65260067,1769,4249,90000.0,,,90000.0
116438|2022|AA|21/admapprovalschemewebservice:0,116438|2022|AA|21,0,64747839,1769,4249,90000.0,,,90000.0
116438|2022|AA|22/admapprovalschemewebservice:0,116438|2022|AA|22,0,64747969,1769,4249,90000.0,,,90000.0
116438|2022|AA|23/admapprovalschemewebservice:0,116438|2022|AA|23,0,106408324,1778,4250,75000.0,,,75000.0
116438|2022|AA|24/admapprovalschemewebservice:0,116438|2022|AA|24,0,65260165,1769,4249,90000.0,,,90000.0
116438|2022|AA|25/admapprovalschemewebservice:0,116438|2022|AA|25,0,65311838,1769,4249,96000.0,,,96000.0
116438|2023|AA|0/admapprovalschemewebservice:0,116438|2023|AA|0,0,72824489,1778,4250,70000.0,,,70000.0
116438|2023|AA|1/admapprovalschemewebservice:0,116438|2023|AA|1,0,81644529,1769,4249,96000.0,,,96000.0
116438|2023|AA|2/admapprovalschemewebservice:0,116438|2023|AA|2,0,81595644,1769,4249,50000.0,,,50000.0
116438|2023|AA|3/admapprovalschemewebservice:0,116438|2023|AA|3,0,72816180,1769,4249,350000.0,,,350000.0
116438|2023|AA|4/admapprovalschemewebservice:0,116438|2023|AA|4,0,81598941,1769,4211,300000.0,,,300000.0
116438|2023|AA|5/admapprovalschemewebservice:0,116438|2023|AA|5,0,81594222,1769,4249,200000.0,,,200000.0
116438|2023|AA|6/admapprovalschemewebservice:0,116438|2023|AA|6,0,72809584,1769,4249,90000.0,,,90000.0
116438|2023|AA|7/admapprovalschemewebservice:0,116438|2023|AA|7,0,72817945,1769,4211,300000.0,,,300000.0
116438|2023|AA|8/admapprovalschemewebservice:0,116438|2023|AA|8,0,81591232,1778,4250,350000.0,,,350000.0
116438|2023|AA|9/admapprovalschemewebservice:0,116438|2023|AA|9,0,72824864,1778,4250,410000.0,,,410000.0
116438|2023|AA|10/admapprovalschemewebservice:0,116438|2023|AA|10,0,81596860,1769,4249,80000.0,,,80000.0
116438|2023|AA|11/admapprovalschemewebservice:0,116438|2023|AA|11,0,81644785,1769,4249,182498.0,,,182498.0
116438|2023|AA|12/admapprovalschemewebservice:0,116438|2023|AA|12,0,81644988,1769,4249,72000.0,,,72000.0
116438|2023|AA|13/admapprovalschemewebservice:0,116438|2023|AA|13,0,72808716,1769,4249,90000.0,,,90000.0
116438|2023|AA|14/admapprovalschemewebservice:0,116438|2023|AA|14,0,72820363,1769,4211,150000.0,,,150000.0
116438|2023|AA|15/admapprovalschemewebservice:0,116438|2023|AA|15,0,81600042,1769,4211,86644.0,,,86644.0
116438|2023|AA|16/admapprovalschemewebservice:0,116438|2023|AA|16,0,72825391,1778,4250,100000.0,,,100000.0
116438|2023|AA|17/admapprovalschemewebservice:0,116438|2023|AA|17,0,72822074,1769,4211,133796.0,,,133796.0
116438|2023|AA|18/admapprovalschemewebservice:0,116438|2023|AA|18,0,81598620,1769,4211,100000.0,,,100000.0
116438|2024|AA|0/admapprovalschemewebservice:0,116438|2024|AA|0,0,98586683,1769,4211,500000.0,,,500000.0
116438|2024|AA|1/admapprovalschemewebservice:0,116438|2024|AA|1,0,98594054,1778,4250,150000.0,,,150000.0
116438|2024|AA|2/admapprovalschemewebservice:0,116438|2024|AA|2,0,101194805,1769,4249,200000.0,,,200000.0
116438|2024|AA|3/admapprovalschemewebservice:0,116438|2024|AA|3,0,98575261,1769,4249,350000.0,,,350000.0
116438|2024|AA|4/admapprovalschemewebservice:0,116438|2024|AA|4,0,98574290,1769,4249,156000.0,,,156000.0
116438|2024|AA|5/admapprovalschemewebservice:0,116438|2024|AA|5,0,101198477,1769,4249,177172.0,,,177172.0
116438|2024|AA|6/admapprovalschemewebservice:0,116438|2024|AA|6,0,98588078,1769,4211,50896.0,,,50896.0
116438|2024|AA|7/admapprovalschemewebservice:0,116438|2024|AA|7,0,101200818,1778,4250,142000.0,,,142000.0
116438|2024|AA|8/admapprovalschemewebservice:0,116438|2024|AA|8,0,108993503,1778,4250,150000.0,,,150000.0
116438|2024|AA|9/admapprovalschemewebservice:0,116438|2024|AA|9,0,98592992,1778,4250,50000.0,,,50000.0
116438|2024|AA|10/admapprovalschemewebservice:0,116438|2024|AA|10,0,108993465,1778,4250,494570.0,,,494570.0
116438|2024|AA|11/admapprovalschemewebservice:0,116438|2024|AA|11,0,98574791,1769,4249,94672.0,,,94672.0
116438|2024|AA|12/admapprovalschemewebservice:0,116438|2024|AA|12,0,125992463,1769,4249,90000.0,,,90000.0
116438|2024|AA|13/admapprovalschemewebservice:0,116438|2024|AA|13,0,98573972,1769,4249,150000.0,,,150000.0
116438|2024|AA|14/admapprovalschemewebservice:0,116438|2024|AA|14,0,98575977,1769,4211,350000.0,,,350000.0
116438|2025|AA|0/admapprovalschemewebservice:0,116438|2025|AA|0,0,117910218,1769,4211,150000.0,,,150000.0
116438|2025|AA|1/admapprovalschemewebservice:0,116438|2025|AA|1,0,121260668,1769,4249,195000.0,,,195000.0
116438|2025|AA|2/admapprovalschemewebservice:0,116438|2025|AA|2,0,117904141,1769,4249,144000.0,,,144000.0
116438|2025|AA|3/admapprovalschemewebservice:0,116438|2025|AA|3,0,117905846,1769,4249,205672.0,,,205672.0
116438|2025|AA|4/admapprovalschemewebservice:0,116438|2025|AA|4,0,117909947,1769,4211,60000.0,,,60000.0
116936|2020|AA|0/admapprovalschemewebservice:0,116936|2020|AA|0,0,62418696,1769,4249,115000.0,,,115000.0
116936|2020|AA|1/admapprovalschemewebservice:0,116936|2020|AA|1,0,44263652,1769,4211,100000.0,,,100000.0
116936|2020|AA|2/admapprovalschemewebservice:0,116936|2020|AA|2,0,44263527,1769,4211,200000.0,,,200000.0
116936|2020|AA|3/admapprovalschemewebservice:0,116936|2020|AA|3,0,44263711,1778,4250,150000.0,,,150000.0
116936|2020|AA|4/admapprovalschemewebservice:0,116936|2020|AA|4,0,44262960,1769,4249,300000.0,,,300000.0
116936|2020|AA|5/admapprovalschemewebservice:0,116936|2020|AA|5,0,62418775,1769,4249,160972.0,,,160972.0
116936|2020|AA|6/admapprovalschemewebservice:0,116936|2020|AA|6,0,44263688,1769,4211,200000.0,,,200000.0
116936|2020|AA|7/admapprovalschemewebservice:0,116936|2020|AA|7,0,44263795,1778,4250,64080.0,,,64080.0
116936|2020|AA|8/admapprovalschemewebservice:0,116936|2020|AA|8,0,44263610,1769,4211,150000.0,,,150000.0
116936|2020|AA|9/admapprovalschemewebservice:0,116936|2020|AA|9,0,44262892,1769,4249,72000.0,,,72000.0
116936|2020|AA|10/admapprovalschemewebservice:0,116936|2020|AA|10,0,44263760,1778,4250,200000.0,,,200000.0
116936|2020|AA|11/admapprovalschemewebservice:0,116936|2020|AA|11,0,44263588,1769,4211,150000.0,,,150000.0
116936|2020|AA|12/admapprovalschemewebservice:0,116936|2020|AA|12,0,55495463,1769,4249,50000.0,,,50000.0
116936|2020|AA|13/admapprovalschemewebservice:0,116936|2020|AA|13,0,55495778,1769,4249,50000.0,,,50000.0
116936|2020|AA|14/admapprovalschemewebservice:0,116936|2020|AA|14,0,55496241,1769,4249,45000.0,,,45000.0
116936|2020|AA|15/admapprovalschemewebservice:0,116936|2020|AA|15,0,55496116,1769,4249,50000.0,,,50000.0
116936|2020|AA|16/admapprovalschemewebservice:0,116936|2020|AA|16,0,44263738,1778,4250,400000.0,,,400000.0
116936|2020|AA|17/admapprovalschemewebservice:0,116936|2020|AA|17,0,66382205,1769,4249,32000.0,,,32000.0
116936|2020|AA|18/admapprovalschemewebservice:0,116936|2020|AA|18,0,66382203,1769,4249,102000.0,,,102000.0
116936|2020|AA|19/admapprovalschemewebservice:0,116936|2020|AA|19,0,66382207,1769,4249,90000.0,,,90000.0
116936|2020|AA|20/admapprovalschemewebservice:0,116936|2020|AA|20,0,86049605,1769,4211,60000.0,,,60000.0
116936|2020|AA|21/admapprovalschemewebservice:0,116936|2020|AA|21,0,86049858,1769,4211,200000.0,,,200000.0
116936|2020|AA|22/admapprovalschemewebservice:0,116936|2020|AA|22,0,55495293,1769,4249,80000.0,,,80000.0
116936|2021|AA|0/admapprovalschemewebservice:0,116936|2021|AA|0,0,62418084,1769,4249,119656.0,,,119656.0
116936|2021|AA|1/admapprovalschemewebservice:0,116936|2021|AA|1,0,62418347,1778,4250,200000.0,,,200000.0
116936|2021|AA|2/admapprovalschemewebservice:0,116936|2021|AA|2,0,62417995,1769,4249,132502.0,,,132502.0
116936|2021|AA|3/admapprovalschemewebservice:0,116936|2021|AA|3,0,48561599,1769,4211,100000.0,,,100000.0
116936|2021|AA|4/admapprovalschemewebservice:0,116936|2021|AA|4,0,48561532,1769,4211,100000.0,,,100000.0
116936|2021|AA|5/admapprovalschemewebservice:0,116936|2021|AA|5,0,48564332,1778,4250,150000.0,,,150000.0
116936|2021|AA|6/admapprovalschemewebservice:0,116936|2021|AA|6,0,48564521,1778,4250,100000.0,,,100000.0
116936|2021|AA|7/admapprovalschemewebservice:0,116936|2021|AA|7,0,48561388,1769,4211,223312.0,,,223312.0
116936|2021|AA|8/admapprovalschemewebservice:0,116936|2021|AA|8,0,48559906,1769,4249,72000.0,,,72000.0
116936|2021|AA|9/admapprovalschemewebservice:0,116936|2021|AA|9,0,48559984,1769,4249,250000.0,,,250000.0
116936|2021|AA|10/admapprovalschemewebservice:0,116936|2021|AA|10,0,48560729,1769,4211,100000.0,,,100000.0
116936|2021|AA|11/admapprovalschemewebservice:0,116936|2021|AA|11,0,48560959,1769,4211,100000.0,,,100000.0
116936|2021|AA|12/admapprovalschemewebservice:0,116936|2021|AA|12,0,48560896,1769,4211,100000.0,,,100000.0
116936|2021|AA|13/admapprovalschemewebservice:0,116936|2021|AA|13,0,48560819,1769,4211,100000.0,,,100000.0
116936|2021|AA|14/admapprovalschemewebservice:0,116936|2021|AA|14,0,48561207,1769,4211,50000.0,,,50000.0
116936|2021|AA|15/admapprovalschemewebservice:0,116936|2021|AA|15,0,48561132,1769,4211,100000.0,,,100000.0
116936|2021|AA|16/admapprovalschemewebservice:0,116936|2021|AA|16,0,48564102,1778,4250,100000.0,,,100000.0
116936|2021|AA|17/admapprovalschemewebservice:0,116936|2021|AA|17,0,48564637,1778,4250,150000.0,,,150000.0
116936|2021|AA|18/admapprovalschemewebservice:0,116936|2021|AA|18,0,48561288,1769,4211,100000.0,,,100000.0
116936|2021|AA|19/admapprovalschemewebservice:0,116936|2021|AA|19,0,85957042,1769,4211,200000.0,,,200000.0
116936|2022|AA|0/admapprovalschemewebservice:0,116936|2022|AA|0,0,64839205,1769,4249,561985.0,,,561985.0
116936|2022|AA|1/admapprovalschemewebservice:0,116936|2022|AA|1,0,64839232,1769,4249,72000.0,,,72000.0
116936|2022|AA|2/admapprovalschemewebservice:0,116936|2022|AA|2,0,61990074,1778,4250,200000.0,,,200000.0
116936|2022|AA|3/admapprovalschemewebservice:0,116936|2022|AA|3,0,61990193,1769,4211,250000.0,,,250000.0
116936|2022|AA|4/admapprovalschemewebservice:0,116936|2022|AA|4,0,64839689,1769,4249,503095.0,,,503095.0
116936|2022|AA|5/admapprovalschemewebservice:0,116936|2022|AA|5,0,64839622,1769,4249,8370.0,,,8370.0
116936|2022|AA|6/admapprovalschemewebservice:0,116936|2022|AA|6,0,61990217,1769,4211,178650.0,,,178650.0
116936|2022|AA|7/admapprovalschemewebservice:0,116936|2022|AA|7,0,64839300,1769,4249,100000.0,,,100000.0
116936|2022|AA|8/admapprovalschemewebservice:0,116936|2022|AA|8,0,61990210,1769,4211,200000.0,,,200000.0
116936|2022|AA|9/admapprovalschemewebservice:0,116936|2022|AA|9,0,64839356,1769,4249,45000.0,,,45000.0
116936|2022|AA|10/admapprovalschemewebservice:0,116936|2022|AA|10,0,66411014,1769,4211,241302.0,,,241302.0
116936|2022|AA|11/admapprovalschemewebservice:0,116936|2022|AA|11,0,64839473,1769,4249,40000.0,,,40000.0
116936|2022|AA|12/admapprovalschemewebservice:0,116936|2022|AA|12,0,64839536,1769,4249,83720.0,,,83720.0
116936|2023|AA|0/admapprovalschemewebservice:0,116936|2023|AA|0,0,82585671,1769,4249,300000.0,,,300000.0
116936|2023|AA|1/admapprovalschemewebservice:0,116936|2023|AA|1,0,82583607,1769,4249,72000.0,,,72000.0
116936|2023|AA|2/admapprovalschemewebservice:0,116936|2023|AA|2,0,80680963,1778,4250,12000.0,,,12000.0
116936|2023|AA|3/admapprovalschemewebservice:0,116936|2023|AA|3,0,80671496,1769,4211,180000.0,,,180000.0
116936|2023|AA|4/admapprovalschemewebservice:0,116936|2023|AA|4,0,80674757,1778,4250,138000.0,,,138000.0
116936|2023|AA|5/admapprovalschemewebservice:0,116936|2023|AA|5,0,80678796,1778,4250,100000.0,,,100000.0
116936|2023|AA|6/admapprovalschemewebservice:0,116936|2023|AA|6,0,80670629,1778,4250,100000.0,,,100000.0
116936|2023|AA|7/admapprovalschemewebservice:0,116936|2023|AA|7,0,80675425,1778,4250,50000.0,,,50000.0
116936|2023|AA|8/admapprovalschemewebservice:0,116936|2023|AA|8,0,80677902,1778,4250,150000.0,,,150000.0
116936|2023|AA|9/admapprovalschemewebservice:0,116936|2023|AA|9,0,80676557,1778,4250,100000.0,,,100000.0
116936|2023|AA|10/admapprovalschemewebservice:0,116936|2023|AA|10,0,80664600,1769,4211,15000.0,,,15000.0
116936|2023|AA|11/admapprovalschemewebservice:0,116936|2023|AA|11,0,82578918,1769,4249,103611.0,,,103611.0
116936|2023|AA|12/admapprovalschemewebservice:0,116936|2023|AA|12,0,80672367,1778,4250,150000.0,,,150000.0
116936|2023|AA|13/admapprovalschemewebservice:0,116936|2023|AA|13,0,82375147,1769,4249,163279.0,,,163279.0
116936|2023|AA|14/admapprovalschemewebservice:0,116936|2023|AA|14,0,81212950,1769,4211,50000.0,,,50000.0
116936|2023|AA|15/admapprovalschemewebservice:0,116936|2023|AA|15,0,81202092,1769,4249,50000.0,,,50000.0
116936|2023|AA|16/admapprovalschemewebservice:0,116936|2023|AA|16,0,80681330,1778,4250,14080.0,,,14080.0
116936|2024|AA|0/admapprovalschemewebservice:0,116936|2024|AA|0,0,105318429,1769,4211,100000.0,,,100000.0
116936|2024|AA|1/admapprovalschemewebservice:0,116936|2024|AA|1,0,105290603,1769,4249,30000.0,,,30000.0
116936|2024|AA|2/admapprovalschemewebservice:0,116936|2024|AA|2,0,105314234,1769,4211,130000.0,,,130000.0
116936|2024|AA|3/admapprovalschemewebservice:0,116936|2024|AA|3,0,105407696,1769,4249,100000.0,,,100000.0
116936|2024|AA|4/admapprovalschemewebservice:0,116936|2024|AA|4,0,105321038,1778,4250,124080.0,,,124080.0
116936|2024|AA|5/admapprovalschemewebservice:0,116936|2024|AA|5,0,104436132,1778,4250,130000.0,,,130000.0
116936|2024|AA|6/admapprovalschemewebservice:0,116936|2024|AA|6,0,105311507,1769,4211,150000.0,,,150000.0
116936|2024|AA|7/admapprovalschemewebservice:0,116936|2024|AA|7,0,105285932,1769,4249,128250.0,,,128250.0
116936|2024|AA|8/admapprovalschemewebservice:0,116936|2024|AA|8,0,105410708,1769,4249,80000.0,,,80000.0
116936|2024|AA|9/admapprovalschemewebservice:0,116936|2024|AA|9,0,105286382,1769,4249,20000.0,,,20000.0
116936|2024|AA|10/admapprovalschemewebservice:0,116936|2024|AA|10,0,105316983,1769,4211,100000.0,,,100000.0
116936|2024|AA|11/admapprovalschemewebservice:0,116936|2024|AA|11,0,105317688,1769,4211,100000.0,,,100000.0
116936|2024|AA|12/admapprovalschemewebservice:0,116936|2024|AA|12,0,105313757,1769,4211,100000.0,,,100000.0
116936|2024|AA|13/admapprovalschemewebservice:0,116936|2024|AA|13,0,105320299,1778,4250,100000.0,,,100000.0
116936|2024|AA|14/admapprovalschemewebservice:0,116936|2024|AA|14,0,105321332,1778,4250,50000.0,,,50000.0
116936|2024|AA|15/admapprovalschemewebservice:0,116936|2024|AA|15,0,105288559,1769,4249,150000.0,,,150000.0
116936|2024|AA|16/admapprovalschemewebservice:0,116936|2024|AA|16,0,105318767,1769,4211,126824.0,,,126824.0
116936|2024|AA|17/admapprovalschemewebservice:0,116936|2024|AA|17,0,105289787,1769,4249,45000.0,,,45000.0
116936|2024|AA|18/admapprovalschemewebservice:0,116936|2024|AA|18,0,105312553,1769,4211,20000.0,,,20000.0
116936|2025|AA|0/admapprovalschemewebservice:0,116936|2025|AA|0,0,121121080,1769,4211,100000.0,,,100000.0
116936|2025|AA|1/admapprovalschemewebservice:0,116936|2025|AA|1,0,121119869,1769,4211,100000.0,,,100000.0
116936|2025|AA|2/admapprovalschemewebservice:0,116936|2025|AA|2,0,115217760,1769,4249,117000.0,,,117000.0
116936|2025|AA|3/admapprovalschemewebservice:0,116936|2025|AA|3,0,121255686,1769,4249,315000.0,,,315000.0
116936|2025|AA|4/admapprovalschemewebservice:0,116936|2025|AA|4,0,121119565,1769,4211,146278.0,,,146278.0
116936|2025|AA|5/admapprovalschemewebservice:0,116936|2025|AA|5,0,121217739,1778,4250,65000.0,,,65000.0
116936|2025|AA|6/admapprovalschemewebservice:0,116936|2025|AA|6,0,118330130,1778,4250,100000.0,,,100000.0
116936|2025|AA|7/admapprovalschemewebservice:0,116936|2025|AA|7,0,118335862,1778,4250,130000.0,,,130000.0
116936|2025|AA|8/admapprovalschemewebservice:0,116936|2025|AA|8,0,121121529,1769,4211,80000.0,,,80000.0
116936|2025|AA|9/admapprovalschemewebservice:0,116936|2025|AA|9,0,121218668,1778,4250,144000.0,,,144000.0
116936|2025|AA|10/admapprovalschemewebservice:0,116936|2025|AA|10,0,121218629,1778,4250,35000.0,,,35000.0
116936|2025|AA|11/admapprovalschemewebservice:0,116936|2025|AA|11,0,121218498,1769,4249,3209.0,,,3209.0
116936|2025|AA|12/admapprovalschemewebservice:0,116936|2025|AA|12,0,121217333,1769,4249,25000.0,,,25000.0
116936|2025|AA|13/admapprovalschemewebservice:0,116936|2025|AA|13,0,121218637,1778,4250,104533.0,,,104533.0
116936|2025|AA|14/admapprovalschemewebservice:0,116936|2025|AA|14,0,121124541,1778,4250,10000.0,,,10000.0
116936|2025|AA|15/admapprovalschemewebservice:0,116936|2025|AA|15,0,119679569,1769,4249,15000.0,,,15000.0
116936|2025|AA|16/admapprovalschemewebservice:0,116936|2025|AA|16,0,121120137,1769,4211,100000.0,,,100000.0
116936|2025|AA|17/admapprovalschemewebservice:0,116936|2025|AA|17,0,118334004,1778,4250,125000.0,,,125000.0
116936|2025|AA|18/admapprovalschemewebservice:0,116936|2025|AA|18,0,121064194,1769,4249,7709.0,,,7709.0
116936|2025|AA|19/admapprovalschemewebservice:0,116936|2025|AA|19,0,121215314,1778,4250,5547.0,,,5547.0
117153|2020|AA|0/admapprovalschemewebservice:0,117153|2020|AA|0,0,44211639,1769,4249,60000.0,,,60000.0
117153|2020|AA|1/admapprovalschemewebservice:0,117153|2020|AA|1,0,44211285,1769,4249,100000.0,,,100000.0
117153|2020|AA|2/admapprovalschemewebservice:0,117153|2020|AA|2,0,44210448,1769,4211,125000.0,,,125000.0
117153|2020|AA|3/admapprovalschemewebservice:0,117153|2020|AA|3,0,44211830,1769,4249,83772.0,,,83772.0
117153|2020|AA|4/admapprovalschemewebservice:0,117153|2020|AA|4,0,44210390,1769,4211,800000.0,,,800000.0
117153|2020|AA|5/admapprovalschemewebservice:0,117153|2020|AA|5,0,44211966,1778,4251,643120.0,,,643120.0
117153|2020|AA|6/admapprovalschemewebservice:0,117153|2020|AA|6,0,44211224,1769,4249,100000.0,,,100000.0
117153|2020|AA|7/admapprovalschemewebservice:0,117153|2020|AA|7,0,44210886,1769,4249,60000.0,,,60000.0
117153|2020|AA|8/admapprovalschemewebservice:0,117153|2020|AA|8,0,44210694,1769,4249,72000.0,,,72000.0
117153|2020|AA|9/admapprovalschemewebservice:0,117153|2020|AA|9,0,44211099,1769,4249,50000.0,,,50000.0
117153|2021|AA|0/admapprovalschemewebservice:0,117153|2021|AA|0,0,47862073,1778,4251,100000.0,,,100000.0
117153|2021|AA|1/admapprovalschemewebservice:0,117153|2021|AA|1,0,47859948,1769,4211,100000.0,,,100000.0
117153|2021|AA|2/admapprovalschemewebservice:0,117153|2021|AA|2,0,47859632,1769,4211,100000.0,,,100000.0
117153|2021|AA|3/admapprovalschemewebservice:0,117153|2021|AA|3,0,47859744,1769,4211,90772.0,,,90772.0
117153|2021|AA|4/admapprovalschemewebservice:0,117153|2021|AA|4,0,47859434,1769,4211,150000.0,,,150000.0
117153|2021|AA|5/admapprovalschemewebservice:0,117153|2021|AA|5,0,47862290,1778,4251,100000.0,,,100000.0
117153|2021|AA|6/admapprovalschemewebservice:0,117153|2021|AA|6,0,47862760,1778,4251,50000.0,,,50000.0
117153|2021|AA|7/admapprovalschemewebservice:0,117153|2021|AA|7,0,47860799,1769,4249,25000.0,,,25000.0
117153|2021|AA|8/admapprovalschemewebservice:0,117153|2021|AA|8,0,47860947,1769,4249,25000.0,,,25000.0
117153|2021|AA|9/admapprovalschemewebservice:0,117153|2021|AA|9,0,47859204,1769,4211,25000.0,,,25000.0
117153|2021|AA|10/admapprovalschemewebservice:0,117153|2021|AA|10,0,47865042,1769,4249,482886.0,,,482886.0
117153|2021|AA|11/admapprovalschemewebservice:0,117153|2021|AA|11,0,66196202,1769,4249,150000.0,,,150000.0
117153|2021|AA|12/admapprovalschemewebservice:0,117153|2021|AA|12,0,66190275,1778,4251,393120.0,,,393120.0
117153|2021|AA|13/admapprovalschemewebservice:0,117153|2021|AA|13,0,66196186,1769,4249,132886.0,,,132886.0
117153|2022|AA|0/admapprovalschemewebservice:0,117153|2022|AA|0,0,61962005,1769,4211,250000.0,,,250000.0
117153|2022|AA|1/admapprovalschemewebservice:0,117153|2022|AA|1,0,62161476,1769,4211,100000.0,,,100000.0
117153|2022|AA|2/admapprovalschemewebservice:0,117153|2022|AA|2,0,61964671,1778,4250,400000.0,,,400000.0
117153|2022|AA|3/admapprovalschemewebservice:0,117153|2022|AA|3,0,61964138,1778,4250,243074.0,,,243074.0
117153|2022|AA|4/admapprovalschemewebservice:0,117153|2022|AA|4,0,64758356,1769,4249,51000.0,,,51000.0
117153|2022|AA|5/admapprovalschemewebservice:0,117153|2022|AA|5,0,64758673,1769,4249,60000.0,,,60000.0
117153|2022|AA|6/admapprovalschemewebservice:0,117153|2022|AA|6,0,64758636,1769,4249,30000.0,,,30000.0
117153|2022|AA|7/admapprovalschemewebservice:0,117153|2022|AA|7,0,61961788,1769,4211,20000.0,,,20000.0
117153|2022|AA|8/admapprovalschemewebservice:0,117153|2022|AA|8,0,61963778,1769,4211,88992.0,,,88992.0
117153|2022|AA|9/admapprovalschemewebservice:0,117153|2022|AA|9,0,64759140,1769,4249,120000.0,,,120000.0
117153|2023|AA|0/admapprovalschemewebservice:0,117153|2023|AA|0,0,82948986,1769,4249,250060.0,,,250060.0
117153|2023|AA|1/admapprovalschemewebservice:0,117153|2023|AA|1,0,82921150,1778,4250,115000.0,,,115000.0
117153|2023|AA|2/admapprovalschemewebservice:0,117153|2023|AA|2,0,82903140,1769,4211,100000.0,,,100000.0
117153|2023|AA|3/admapprovalschemewebservice:0,117153|2023|AA|3,0,82925792,1778,4250,25000.0,,,25000.0
117153|2023|AA|4/admapprovalschemewebservice:0,117153|2023|AA|4,0,82902320,1769,4211,177800.0,,,177800.0
117153|2023|AA|5/admapprovalschemewebservice:0,117153|2023|AA|5,0,82928400,1769,4211,12980.0,,,12980.0
117153|2023|AA|6/admapprovalschemewebservice:0,117153|2023|AA|6,0,82925052,1778,4250,203074.0,,,203074.0
117153|2023|AA|7/admapprovalschemewebservice:0,117153|2023|AA|7,0,82951856,1769,4249,72000.0,,,72000.0
117153|2023|AA|8/admapprovalschemewebservice:0,117153|2023|AA|8,0,82906245,1769,4211,70000.0,,,70000.0
117153|2023|AA|9/admapprovalschemewebservice:0,117153|2023|AA|9,0,82932993,1778,4250,100000.0,,,100000.0
117153|2023|AA|10/admapprovalschemewebservice:0,117153|2023|AA|10,0,82908096,1778,4250,150000.0,,,150000.0
117153|2023|AA|11/admapprovalschemewebservice:0,117153|2023|AA|11,0,126997865,1769,4249,413000.0,,,413000.0
117153|2023|AA|12/admapprovalschemewebservice:0,117153|2023|AA|12,0,127969320,1769,4211,200000.0,,,200000.0
117153|2023|AA|13/admapprovalschemewebservice:0,117153|2023|AA|13,0,82919590,1778,4250,50000.0,,,50000.0
117153|2024|AA|0/admapprovalschemewebservice:0,117153|2024|AA|0,0,105563838,1769,4249,170000.0,,,170000.0
117153|2024|AA|1/admapprovalschemewebservice:0,117153|2024|AA|1,0,105556988,1778,4250,150000.0,,,150000.0
117153|2024|AA|2/admapprovalschemewebservice:0,117153|2024|AA|2,0,105560796,1769,4211,50000.0,,,50000.0
117153|2024|AA|3/admapprovalschemewebservice:0,117153|2024|AA|3,0,105556316,1778,4250,30000.0,,,30000.0
117153|2024|AA|4/admapprovalschemewebservice:0,117153|2024|AA|4,0,105560150,1769,4211,200000.0,,,200000.0
117153|2024|AA|5/admapprovalschemewebservice:0,117153|2024|AA|5,0,105561266,1769,4211,150000.0,,,150000.0
117153|2024|AA|6/admapprovalschemewebservice:0,117153|2024|AA|6,0,105553744,1778,4250,200000.0,,,200000.0
117153|2024|AA|7/admapprovalschemewebservice:0,117153|2024|AA|7,0,105555079,1778,4250,200000.0,,,200000.0
117153|2024|AA|8/admapprovalschemewebservice:0,117153|2024|AA|8,0,108602020,1769,4249,200000.0,,,200000.0
117153|2024|AA|9/admapprovalschemewebservice:0,117153|2024|AA|9,0,108601974,1769,4249,87500.0,,,87500.0
117153|2024|AA|10/admapprovalschemewebservice:0,117153|2024|AA|10,0,105568620,1769,4249,3500.0,,,3500.0
117153|2024|AA|11/admapprovalschemewebservice:0,117153|2024|AA|11,0,105568199,1769,4249,3500.0,,,3500.0
117153|2024|AA|12/admapprovalschemewebservice:0,117153|2024|AA|12,0,105567882,1769,4249,3500.0,,,3500.0
117153|2024|AA|13/admapprovalschemewebservice:0,117153|2024|AA|13,0,105567322,1769,4249,3500.0,,,3500.0
117153|2024|AA|14/admapprovalschemewebservice:0,117153|2024|AA|14,0,105566950,1769,4249,3500.0,,,3500.0
117153|2025|AA|0/admapprovalschemewebservice:0,117153|2025|AA|0,0,121606698,1769,4249,140000.0,,,140000.0
117153|2025|AA|1/admapprovalschemewebservice:0,117153|2025|AA|1,0,121606762,1769,4249,117000.0,,,117000.0
117153|2025|AA|2/admapprovalschemewebservice:0,117153|2025|AA|2,0,121608233,1769,4211,152756.0,,,152756.0
117153|2025|AA|3/admapprovalschemewebservice:0,117153|2025|AA|3,0,121606452,1778,4250,200000.0,,,200000.0
117153|2025|AA|4/admapprovalschemewebservice:0,117153|2025|AA|4,0,121608181,1769,4211,400000.0,,,400000.0
117153|2025|AA|5/admapprovalschemewebservice:0,117153|2025|AA|5,0,121606532,1778,4250,193074.0,,,193074.0
117951|2020|AA|0/admapprovalschemewebservice:0,117951|2020|AA|0,0,44022741,1769,4211,121321.0,,,121321.0
117951|2020|AA|1/admapprovalschemewebservice:0,117951|2020|AA|1,0,44022870,1778,4250,218032.0,,,218032.0
117951|2020|AA|2/admapprovalschemewebservice:0,117951|2020|AA|2,0,44022808,1778,4250,150000.0,,,150000.0
117951|2020|AA|3/admapprovalschemewebservice:0,117951|2020|AA|3,0,44022696,1769,4249,234633.0,,,234633.0
117951|2020|AA|4/admapprovalschemewebservice:0,117951|2020|AA|4,0,44022755,1769,4211,100000.0,,,100000.0
117951|2020|AA|5/admapprovalschemewebservice:0,117951|2020|AA|5,0,44022784,1769,4211,100000.0,,,100000.0
117951|2020|AA|6/admapprovalschemewebservice:0,117951|2020|AA|6,0,44022767,1769,4211,100000.0,,,100000.0
117951|2020|AA|7/admapprovalschemewebservice:0,117951|2020|AA|7,0,44022861,1778,4250,56000.0,,,56000.0
117951|2020|AA|8/admapprovalschemewebservice:0,117951|2020|AA|8,0,44022775,1769,4211,200000.0,,,200000.0
117951|2020|AA|9/admapprovalschemewebservice:0,117951|2020|AA|9,0,44022883,1778,4250,50000.0,,,50000.0
117951|2020|AA|10/admapprovalschemewebservice:0,117951|2020|AA|10,0,44022719,1769,4249,128679.0,,,128679.0
117951|2020|AA|11/admapprovalschemewebservice:0,117951|2020|AA|11,0,44022832,1778,4250,150000.0,,,150000.0
117951|2020|AA|12/admapprovalschemewebservice:0,117951|2020|AA|12,0,44022798,1769,4211,236791.0,,,236791.0
117951|2020|AA|13/admapprovalschemewebservice:0,117951|2020|AA|13,0,44023011,1769,4249,100000.0,,,100000.0
117951|2020|AA|14/admapprovalschemewebservice:0,117951|2020|AA|14,0,44022682,1769,4211,160000.0,,,160000.0
117951|2020|AA|15/admapprovalschemewebservice:0,117951|2020|AA|15,0,44022712,1769,4249,150000.0,,,150000.0
117951|2020|AA|16/admapprovalschemewebservice:0,117951|2020|AA|16,0,44022650,1769,4249,100000.0,,,100000.0
117951|2020|AA|17/admapprovalschemewebservice:0,117951|2020|AA|17,0,44022727,1769,4249,150000.0,,,150000.0
117951|2020|AA|18/admapprovalschemewebservice:0,117951|2020|AA|18,0,52846250,1769,4249,100000.0,,,100000.0
117951|2020|AA|19/admapprovalschemewebservice:0,117951|2020|AA|19,0,44022484,1769,4249,160000.0,,,160000.0
117951|2020|AA|20/admapprovalschemewebservice:0,117951|2020|AA|20,0,52846339,1769,4249,400000.0,,,400000.0
117951|2020|AA|21/admapprovalschemewebservice:0,117951|2020|AA|21,0,44022668,1769,4249,100000.0,,,100000.0
117951|2020|AA|22/admapprovalschemewebservice:0,117951|2020|AA|22,0,44022587,1769,4211,100000.0,,,100000.0
117951|2020|AA|23/admapprovalschemewebservice:0,117951|2020|AA|23,0,44022634,1769,4249,100000.0,,,100000.0
117951|2020|AA|24/admapprovalschemewebservice:0,117951|2020|AA|24,0,44022847,1778,4250,190000.0,,,190000.0
117951|2020|AA|25/admapprovalschemewebservice:0,117951|2020|AA|25,0,66070594,1769,4211,100000.0,,,100000.0
117951|2020|AA|26/admapprovalschemewebservice:0,117951|2020|AA|26,0,66070565,1769,4249,100000.0,,,100000.0
117951|2020|AA|27/admapprovalschemewebservice:0,117951|2020|AA|27,0,44022619,1769,4211,60000.0,,,60000.0
117951|2020|AA|28/admapprovalschemewebservice:0,117951|2020|AA|28,0,44022602,1769,4211,6000.0,,,6000.0
117951|2021|AA|0/admapprovalschemewebservice:0,117951|2021|AA|0,0,54758039,1769,4211,600000.0,,,600000.0
117951|2021|AA|1/admapprovalschemewebservice:0,117951|2021|AA|1,0,54758087,1769,4211,145052.0,,,145052.0
117951|2021|AA|2/admapprovalschemewebservice:0,117951|2021|AA|2,0,54758155,1778,4250,214032.0,,,214032.0
117951|2021|AA|3/admapprovalschemewebservice:0,117951|2021|AA|3,0,54758005,1769,4249,282159.0,,,282159.0
117951|2021|AA|4/admapprovalschemewebservice:0,117951|2021|AA|4,0,54757869,1769,4249,276630.0,,,276630.0
117951|2021|AA|5/admapprovalschemewebservice:0,117951|2021|AA|5,0,54758281,1778,4250,200000.0,,,200000.0
117951|2021|AA|6/admapprovalschemewebservice:0,117951|2021|AA|6,0,54758315,1778,4250,200000.0,,,200000.0
117951|2021|AA|7/admapprovalschemewebservice:0,117951|2021|AA|7,0,54757828,1769,4249,558789.0,,,558789.0
117951|2021|AA|8/admapprovalschemewebservice:0,117951|2021|AA|8,0,66071033,1769,4249,558789.0,,,558789.0
117951|2021|AA|9/admapprovalschemewebservice:0,117951|2021|AA|9,0,54758235,1778,4250,200000.0,,,200000.0
117951|2022|AA|0/admapprovalschemewebservice:0,117951|2022|AA|0,0,65351635,1769,4249,182541.0,,,182541.0
117951|2022|AA|1/admapprovalschemewebservice:0,117951|2022|AA|1,0,65351656,1769,4249,100000.0,,,100000.0
117951|2022|AA|2/admapprovalschemewebservice:0,117951|2022|AA|2,0,65351701,1769,4249,200000.0,,,200000.0
117951|2022|AA|3/admapprovalschemewebservice:0,117951|2022|AA|3,0,65351930,1778,4250,160271.0,,,160271.0
117951|2022|AA|4/admapprovalschemewebservice:0,117951|2022|AA|4,0,65351888,1769,4211,200000.0,,,200000.0
117951|2022|AA|5/admapprovalschemewebservice:0,117951|2022|AA|5,0,65351904,1769,4211,321389.0,,,321389.0
117951|2022|AA|6/admapprovalschemewebservice:0,117951|2022|AA|6,0,65351946,1778,4250,453809.0,,,453809.0
117951|2022|AA|7/admapprovalschemewebservice:0,117951|2022|AA|7,0,65351915,1769,4211,50000.0,,,50000.0
117951|2022|AA|8/admapprovalschemewebservice:0,117951|2022|AA|8,0,65351749,1769,4249,178542.0,,,178542.0
117951|2022|AA|9/admapprovalschemewebservice:0,117951|2022|AA|9,0,65351969,1778,4250,200000.0,,,200000.0
117951|2022|AA|10/admapprovalschemewebservice:0,117951|2022|AA|10,0,65351675,1769,4249,96000.0,,,96000.0
117951|2022|AA|11/admapprovalschemewebservice:0,117951|2022|AA|11,0,65351718,1769,4249,200000.0,,,200000.0
117951|2022|AA|12/admapprovalschemewebservice:0,117951|2022|AA|12,0,65351766,1769,4211,150000.0,,,150000.0
117951|2022|AA|13/admapprovalschemewebservice:0,117951|2022|AA|13,0,65351853,1769,4211,50000.0,,,50000.0
117951|2022|AA|14/admapprovalschemewebservice:0,117951|2022|AA|14,0,65351733,1769,4249,200000.0,,,200000.0
117951|2023|AA|0/admapprovalschemewebservice:0,117951|2023|AA|0,0,69833121,1769,4249,70000.0,,,70000.0
117951|2023|AA|1/admapprovalschemewebservice:0,117951|2023|AA|1,0,69832252,1769,4249,50000.0,,,50000.0
117951|2023|AA|2/admapprovalschemewebservice:0,117951|2023|AA|2,0,69908746,1769,4211,12000.0,,,12000.0
117951|2023|AA|3/admapprovalschemewebservice:0,117951|2023|AA|3,0,78448665,1778,4250,200000.0,,,200000.0
117951|2023|AA|4/admapprovalschemewebservice:0,117951|2023|AA|4,0,78465024,1769,4211,300000.0,,,300000.0
117951|2023|AA|5/admapprovalschemewebservice:0,117951|2023|AA|5,0,69853407,1769,4249,100000.0,,,100000.0
117951|2023|AA|6/admapprovalschemewebservice:0,117951|2023|AA|6,0,78447588,1769,4211,195093.0,,,195093.0
117951|2023|AA|7/admapprovalschemewebservice:0,117951|2023|AA|7,0,69837279,1769,4249,50000.0,,,50000.0
117951|2023|AA|8/admapprovalschemewebservice:0,117951|2023|AA|8,0,69830257,1769,4249,70000.0,,,70000.0
117951|2023|AA|9/admapprovalschemewebservice:0,117951|2023|AA|9,0,78449148,1778,4250,150000.0,,,150000.0
117951|2023|AA|10/admapprovalschemewebservice:0,117951|2023|AA|10,0,69844889,1769,4249,75000.0,,,75000.0
117951|2023|AA|11/admapprovalschemewebservice:0,117951|2023|AA|11,0,78466559,1778,4250,103695.0,,,103695.0
117951|2023|AA|12/admapprovalschemewebservice:0,117951|2023|AA|12,0,69910003,1769,4211,73279.0,,,73279.0
117951|2023|AA|13/admapprovalschemewebservice:0,117951|2023|AA|13,0,78453646,1778,4250,100000.0,,,100000.0
117951|2023|AA|14/admapprovalschemewebservice:0,117951|2023|AA|14,0,69898097,1769,4211,200000.0,,,200000.0
117951|2023|AA|15/admapprovalschemewebservice:0,117951|2023|AA|15,0,78450132,1778,4250,161085.0,,,161085.0
117951|2023|AA|16/admapprovalschemewebservice:0,117951|2023|AA|16,0,69854522,1769,4249,200000.0,,,200000.0
117951|2023|AA|17/admapprovalschemewebservice:0,117951|2023|AA|17,0,69860405,1769,4249,135279.0,,,135279.0
117951|2023|AA|18/admapprovalschemewebservice:0,117951|2023|AA|18,0,78466235,1778,4250,100000.0,,,100000.0
117951|2023|AA|19/admapprovalschemewebservice:0,117951|2023|AA|19,0,69843001,1769,4249,48000.0,,,48000.0
117951|2023|AA|20/admapprovalschemewebservice:0,117951|2023|AA|20,0,69842037,1769,4249,127279.0,,,127279.0
117951|2023|AA|21/admapprovalschemewebservice:0,117951|2023|AA|21,0,69839770,1769,4249,50000.0,,,50000.0
117951|2023|AA|22/admapprovalschemewebservice:0,117951|2023|AA|22,0,78438619,1769,4249,50000.0,,,50000.0
117951|2023|AA|23/admapprovalschemewebservice:0,117951|2023|AA|23,0,69844072,1769,4249,75000.0,,,75000.0
117951|2023|AA|24/admapprovalschemewebservice:0,117951|2023|AA|24,0,69830937,1769,4249,70000.0,,,70000.0
117951|2024|AA|0/admapprovalschemewebservice:0,117951|2024|AA|0,0,99368323,1769,4249,30000.0,,,30000.0
117951|2024|AA|1/admapprovalschemewebservice:0,117951|2024|AA|1,0,102979344,1769,4249,50000.0,,,50000.0
117951|2024|AA|2/admapprovalschemewebservice:0,117951|2024|AA|2,0,102979154,1769,4249,330000.0,,,330000.0
117951|2024|AA|3/admapprovalschemewebservice:0,117951|2024|AA|3,0,100211323,1769,4211,100000.0,,,100000.0
117951|2024|AA|4/admapprovalschemewebservice:0,117951|2024|AA|4,0,100219982,1778,4250,150000.0,,,150000.0
117951|2024|AA|5/admapprovalschemewebservice:0,117951|2024|AA|5,0,99369729,1769,4249,63000.0,,,63000.0
117951|2024|AA|6/admapprovalschemewebservice:0,117951|2024|AA|6,0,100205302,1769,4211,100000.0,,,100000.0
117951|2024|AA|7/admapprovalschemewebservice:0,117951|2024|AA|7,0,100076092,1769,4211,150000.0,,,150000.0
117951|2024|AA|8/admapprovalschemewebservice:0,117951|2024|AA|8,0,99365782,1769,4211,100000.0,,,100000.0
117951|2024|AA|9/admapprovalschemewebservice:0,117951|2024|AA|9,0,99370405,1769,4249,40000.0,,,40000.0
117951|2024|AA|10/admapprovalschemewebservice:0,117951|2024|AA|10,0,100213678,1778,4250,100000.0,,,100000.0
117951|2024|AA|11/admapprovalschemewebservice:0,117951|2024|AA|11,0,101370275,1769,4249,67118.0,,,67118.0
117951|2024|AA|12/admapprovalschemewebservice:0,117951|2024|AA|12,0,100220623,1778,4250,150000.0,,,150000.0
117951|2024|AA|13/admapprovalschemewebservice:0,117951|2024|AA|13,0,100077382,1769,4211,100000.0,,,100000.0
117951|2024|AA|14/admapprovalschemewebservice:0,117951|2024|AA|14,0,100215007,1778,4250,114780.0,,,114780.0
117951|2024|AA|15/admapprovalschemewebservice:0,117951|2024|AA|15,0,100217369,1778,4250,100000.0,,,100000.0
117951|2024|AA|16/admapprovalschemewebservice:0,117951|2024|AA|16,0,99364748,1769,4249,190000.0,,,190000.0
117951|2024|AA|17/admapprovalschemewebservice:0,117951|2024|AA|17,0,99363994,1769,4249,100118.0,,,100118.0
117951|2024|AA|18/admapprovalschemewebservice:0,117951|2024|AA|18,0,100210171,1769,4249,100000.0,,,100000.0
117951|2024|AA|19/admapprovalschemewebservice:0,117951|2024|AA|19,0,100074736,1769,4211,200000.0,,,200000.0
117951|2024|AA|20/admapprovalschemewebservice:0,117951|2024|AA|20,0,100219381,1778,4250,200000.0,,,200000.0
117951|2024|AA|21/admapprovalschemewebservice:0,117951|2024|AA|21,0,99362422,1769,4249,140000.0,,,140000.0
117951|2024|AA|22/admapprovalschemewebservice:0,117951|2024|AA|22,0,100203720,1769,4211,76824.0,,,76824.0
117951|2024|AA|23/admapprovalschemewebservice:0,117951|2024|AA|23,0,99368969,1769,4249,60000.0,,,60000.0
117951|2024|AA|24/admapprovalschemewebservice:0,117951|2024|AA|24,0,99481915,1769,4249,70000.0,,,70000.0
117951|2025|AA|0/admapprovalschemewebservice:0,117951|2025|AA|0,0,121796911,1769,4249,400000.0,,,400000.0
117951|2025|AA|1/admapprovalschemewebservice:0,117951|2025|AA|1,0,121797055,1769,4249,510000.0,,,510000.0
117951|2025|AA|2/admapprovalschemewebservice:0,117951|2025|AA|2,0,121875120,1769,4211,144824.0,,,144824.0
117951|2025|AA|3/admapprovalschemewebservice:0,117951|2025|AA|3,0,121838664,1778,4250,200000.0,,,200000.0
117951|2025|AA|4/admapprovalschemewebservice:0,117951|2025|AA|4,0,121839866,1778,4250,200000.0,,,200000.0
117951|2025|AA|5/admapprovalschemewebservice:0,117951|2025|AA|5,0,121839463,1778,4250,314780.0,,,314780.0
117951|2025|AA|6/admapprovalschemewebservice:0,117951|2025|AA|6,0,121797522,1769,4249,3500.0,,,3500.0
117951|2025|AA|7/admapprovalschemewebservice:0,117951|2025|AA|7,0,121797701,1769,4249,3500.0,,,3500.0
117951|2025|AA|8/admapprovalschemewebservice:0,117951|2025|AA|8,0,121796822,1769,4249,116118.0,,,116118.0
117951|2025|AA|9/admapprovalschemewebservice:0,117951|2025|AA|9,0,121797409,1769,4249,3500.0,,,3500.0
117951|2025|AA|10/admapprovalschemewebservice:0,117951|2025|AA|10,0,121799777,1769,4249,62618.0,,,62618.0
117951|2025|AA|11/admapprovalschemewebservice:0,117951|2025|AA|11,0,121796760,1769,4249,30000.0,,,30000.0
117951|2025|AA|12/admapprovalschemewebservice:0,117951|2025|AA|12,0,113468094,1769,4249,39000.0,,,39000.0
117951|2025|AA|13/admapprovalschemewebservice:0,117951|2025|AA|13,0,121837616,1769,4211,40000.0,,,40000.0
117951|2025|AA|14/admapprovalschemewebservice:0,117951|2025|AA|14,0,121836389,1769,4211,50000.0,,,50000.0
117951|2025|AA|15/admapprovalschemewebservice:0,117951|2025|AA|15,0,121838294,1778,4250,100000.0,,,100000.0
117951|2025|AA|16/admapprovalschemewebservice:0,117951|2025|AA|16,0,121796675,1769,4249,35000.0,,,35000.0
117951|2025|AA|17/admapprovalschemewebservice:0,117951|2025|AA|17,0,127434272,1769,4211,230000.0,,,230000.0
117951|2025|AA|18/admapprovalschemewebservice:0,117951|2025|AA|18,0,127434199,1769,4211,150000.0,,,150000.0
117951|2025|AA|19/admapprovalschemewebservice:0,117951|2025|AA|19,0,127434382,1769,4211,150000.0,,,150000.0
117951|2025|AA|20/admapprovalschemewebservice:0,117951|2025|AA|20,0,127434152,1769,4211,12000.0,,,12000.0
117951|2025|AA|21/admapprovalschemewebservice:0,117951|2025|AA|21,0,127434092,1769,4211,50000.0,,,50000.0
118012|2020|AA|0/admapprovalschemewebservice:0,118012|2020|AA|0,0,51918217,1769,4249,748396.0,,,748396.0
118012|2020|AA|1/admapprovalschemewebservice:0,118012|2020|AA|1,0,44227218,1769,4249,240000.0,,,240000.0
118012|2020|AA|2/admapprovalschemewebservice:0,118012|2020|AA|2,0,44227259,1769,4249,300000.0,,,300000.0
118012|2020|AA|3/admapprovalschemewebservice:0,118012|2020|AA|3,0,44227393,1769,4211,400000.0,,,400000.0
118012|2020|AA|4/admapprovalschemewebservice:0,118012|2020|AA|4,0,44227382,1769,4211,340395.0,,,340395.0
118012|2020|AA|5/admapprovalschemewebservice:0,118012|2020|AA|5,0,44227369,1769,4211,900000.0,,,900000.0
118012|2020|AA|6/admapprovalschemewebservice:0,118012|2020|AA|6,0,60561586,1769,4211,740395.0,,,740395.0
118012|2020|AA|7/admapprovalschemewebservice:0,118012|2020|AA|7,0,44227250,1769,4249,100000.0,,,100000.0
118012|2020|AA|8/admapprovalschemewebservice:0,118012|2020|AA|8,0,51917574,1769,4249,150000.0,,,150000.0
118012|2020|AA|9/admapprovalschemewebservice:0,118012|2020|AA|9,0,60561431,1769,4211,900000.0,,,900000.0
118012|2020|AA|10/admapprovalschemewebservice:0,118012|2020|AA|10,0,87228126,1778,4251,70000.0,,,70000.0
118012|2020|AA|11/admapprovalschemewebservice:0,118012|2020|AA|11,0,87228010,1778,4251,150000.0,,,150000.0
118012|2020|AA|12/admapprovalschemewebservice:0,118012|2020|AA|12,0,87228076,1778,4251,70000.0,,,70000.0
118012|2020|AA|13/admapprovalschemewebservice:0,118012|2020|AA|13,0,87228170,1778,4251,259326.0,,,259326.0
118012|2021|AA|0/admapprovalschemewebservice:0,118012|2021|AA|0,0,47855464,1769,4249,869197.0,,,869197.0
118012|2021|AA|1/admapprovalschemewebservice:0,118012|2021|AA|1,0,47855560,0,0,434227.0,,,434227.0
118012|2021|AA|2/admapprovalschemewebservice:0,118012|2021|AA|2,0,47855539,1778,4250,1157190.0,,,1157190.0
118012|2021|AA|3/admapprovalschemewebservice:0,118012|2021|AA|3,0,47855486,1769,4249,869198.0,,,869198.0
118012|2021|AA|4/admapprovalschemewebservice:0,118012|2021|AA|4,0,47855518,1769,4211,1738395.0,,,1738395.0
118012|2021|AA|5/admapprovalschemewebservice:0,118012|2021|AA|5,0,56192487,1769,4211,50000.0,,,50000.0
118012|2021|AA|6/admapprovalschemewebservice:0,118012|2021|AA|6,0,56192687,1769,4211,100395.0,,,100395.0
118012|2021|AA|7/admapprovalschemewebservice:0,118012|2021|AA|7,0,56169034,1769,4211,200000.0,,,200000.0
118012|2021|AA|8/admapprovalschemewebservice:0,118012|2021|AA|8,0,56169082,1769,4211,200000.0,,,200000.0
118012|2021|AA|9/admapprovalschemewebservice:0,118012|2021|AA|9,0,56168852,1769,4249,288000.0,,,288000.0
118012|2021|AA|10/admapprovalschemewebservice:0,118012|2021|AA|10,0,56168982,1769,4211,500000.0,,,500000.0
118012|2021|AA|11/admapprovalschemewebservice:0,118012|2021|AA|11,0,56168872,1769,4249,80000.0,,,80000.0
118012|2021|AA|12/admapprovalschemewebservice:0,118012|2021|AA|12,0,56168958,1769,4249,270000.0,,,270000.0
118012|2021|AA|13/admapprovalschemewebservice:0,118012|2021|AA|13,0,56168889,1769,4249,240000.0,,,240000.0
118012|2021|AA|14/admapprovalschemewebservice:0,118012|2021|AA|14,0,56168929,1769,4249,159197.0,,,159197.0
118012|2021|AA|15/admapprovalschemewebservice:0,118012|2021|AA|15,0,56168881,1769,4249,251198.0,,,251198.0
118012|2022|AA|0/admapprovalschemewebservice:0,118012|2022|AA|0,0,66671755,1769,4211,250000.0,,,250000.0
118012|2022|AA|1/admapprovalschemewebservice:0,118012|2022|AA|1,0,66671698,1769,4211,200000.0,,,200000.0
118012|2022|AA|2/admapprovalschemewebservice:0,118012|2022|AA|2,0,66671467,1769,4249,250000.0,,,250000.0
118012|2022|AA|3/admapprovalschemewebservice:0,118012|2022|AA|3,0,66671957,1778,4250,400000.0,,,400000.0
118012|2022|AA|4/admapprovalschemewebservice:0,118012|2022|AA|4,0,66671541,1769,4211,90000.0,,,90000.0
118012|2022|AA|5/admapprovalschemewebservice:0,118012|2022|AA|5,0,66671732,1769,4211,300000.0,,,300000.0
118012|2022|AA|6/admapprovalschemewebservice:0,118012|2022|AA|6,0,66671436,1769,4249,103035.0,,,103035.0
118012|2022|AA|7/admapprovalschemewebservice:0,118012|2022|AA|7,0,66671294,1769,4249,200000.0,,,200000.0
118012|2022|AA|8/admapprovalschemewebservice:0,118012|2022|AA|8,0,66671371,1769,4249,240000.0,,,240000.0
118012|2022|AA|9/admapprovalschemewebservice:0,118012|2022|AA|9,0,66671655,1769,4211,150000.0,,,150000.0
118012|2022|AA|10/admapprovalschemewebservice:0,118012|2022|AA|10,0,66671573,1769,4211,150000.0,,,150000.0
118012|2022|AA|11/admapprovalschemewebservice:0,118012|2022|AA|11,0,66671825,1769,4211,100710.0,,,100710.0
118012|2022|AA|12/admapprovalschemewebservice:0,118012|2022|AA|12,0,66661960,1769,4249,192000.0,,,192000.0
118012|2022|AA|13/admapprovalschemewebservice:0,118012|2022|AA|13,0,66671018,1769,4249,450000.0,,,450000.0
118012|2023|AA|0/admapprovalschemewebservice:0,118012|2023|AA|0,0,81546030,1769,4249,500000.0,,,500000.0
118012|2023|AA|1/admapprovalschemewebservice:0,118012|2023|AA|1,0,81547602,1769,4249,280000.0,,,280000.0
118012|2023|AA|2/admapprovalschemewebservice:0,118012|2023|AA|2,0,81546328,1769,4249,240000.0,,,240000.0
118012|2023|AA|3/admapprovalschemewebservice:0,118012|2023|AA|3,0,81545864,1769,4249,65723.0,,,65723.0
118012|2023|AA|4/admapprovalschemewebservice:0,118012|2023|AA|4,0,81547410,1769,4249,101723.0,,,101723.0
118012|2023|AA|5/admapprovalschemewebservice:0,118012|2023|AA|5,0,81545464,1769,4249,216000.0,,,216000.0
118012|2023|AA|6/admapprovalschemewebservice:0,118012|2023|AA|6,0,81552897,1778,4250,150000.0,,,150000.0
118012|2023|AA|7/admapprovalschemewebservice:0,118012|2023|AA|7,0,81551790,1778,4250,289297.0,,,289297.0
118012|2023|AA|8/admapprovalschemewebservice:0,118012|2023|AA|8,0,81564141,1778,4250,200000.0,,,200000.0
118012|2023|AA|9/admapprovalschemewebservice:0,118012|2023|AA|9,0,81550908,1769,4211,500000.0,,,500000.0
118012|2023|AA|10/admapprovalschemewebservice:0,118012|2023|AA|10,0,81557198,1778,4250,200000.0,,,200000.0
118012|2023|AA|11/admapprovalschemewebservice:0,118012|2023|AA|11,0,81546656,1769,4249,210000.0,,,210000.0
118012|2023|AA|12/admapprovalschemewebservice:0,118012|2023|AA|12,0,81549199,1769,4211,77241.0,,,77241.0
118012|2023|AA|13/admapprovalschemewebservice:0,118012|2023|AA|13,0,81550346,1769,4211,272759.0,,,272759.0
118012|2023|AA|14/admapprovalschemewebservice:0,118012|2023|AA|14,0,81558725,1778,4250,157190.0,,,157190.0
118012|2023|AA|15/admapprovalschemewebservice:0,118012|2023|AA|15,0,81545675,1769,4249,50000.0,,,50000.0
118012|2023|AA|16/admapprovalschemewebservice:0,118012|2023|AA|16,0,81547902,1769,4211,200000.0,,,200000.0
118012|2023|AA|17/admapprovalschemewebservice:0,118012|2023|AA|17,0,81553710,1778,4250,160703.0,,,160703.0
118012|2023|AA|18/admapprovalschemewebservice:0,118012|2023|AA|18,0,127284699,1778,4251,400000.0,,,400000.0
118012|2023|AA|19/admapprovalschemewebservice:0,118012|2023|AA|19,0,127284719,1778,4251,372946.0,,,372946.0
118012|2024|AA|0/admapprovalschemewebservice:0,118012|2024|AA|0,0,102341869,1769,4249,70000.0,,,70000.0
118012|2024|AA|1/admapprovalschemewebservice:0,118012|2024|AA|1,0,102342385,1769,4211,293744.0,,,293744.0
118012|2024|AA|2/admapprovalschemewebservice:0,118012|2024|AA|2,0,102342005,1769,4249,178232.0,,,178232.0
118012|2024|AA|3/admapprovalschemewebservice:0,118012|2024|AA|3,0,102342487,1769,4211,50160.0,,,50160.0
118012|2024|AA|4/admapprovalschemewebservice:0,118012|2024|AA|4,0,102343900,1778,4250,289297.0,,,289297.0
118012|2024|AA|5/admapprovalschemewebservice:0,118012|2024|AA|5,0,102343735,1778,4250,150000.0,,,150000.0
118012|2024|AA|6/admapprovalschemewebservice:0,118012|2024|AA|6,0,102343547,1778,4250,217893.0,,,217893.0
118012|2024|AA|7/admapprovalschemewebservice:0,118012|2024|AA|7,0,102342138,1769,4249,280000.0,,,280000.0
118012|2024|AA|8/admapprovalschemewebservice:0,118012|2024|AA|8,0,102596404,1769,4249,65000.0,,,65000.0
118012|2024|AA|9/admapprovalschemewebservice:0,118012|2024|AA|9,0,102340851,1769,4249,381000.0,,,381000.0
118012|2024|AA|10/admapprovalschemewebservice:0,118012|2024|AA|10,0,102342842,1769,4211,500000.0,,,500000.0
118012|2024|AA|11/admapprovalschemewebservice:0,118012|2024|AA|11,0,102341511,1769,4249,435232.0,,,435232.0
118012|2024|AA|12/admapprovalschemewebservice:0,118012|2024|AA|12,0,102341643,1769,4249,381000.0,,,381000.0
118012|2024|AA|13/admapprovalschemewebservice:0,118012|2024|AA|13,0,102343408,1778,4250,200000.0,,,200000.0
118012|2024|AA|14/admapprovalschemewebservice:0,118012|2024|AA|14,0,102342621,1769,4211,200000.0,,,200000.0
118012|2024|AA|15/admapprovalschemewebservice:0,118012|2024|AA|15,0,102343110,1778,4250,200000.0,,,200000.0
118012|2025|AA|0/admapprovalschemewebservice:0,118012|2025|AA|0,0,121695669,1769,4249,324000.0,,,324000.0
118012|2025|AA|1/admapprovalschemewebservice:0,118012|2025|AA|1,0,121696320,1778,4250,200000.0,,,200000.0
118012|2025|AA|2/admapprovalschemewebservice:0,118012|2025|AA|2,0,126963579,1769,4211,100000.0,,,100000.0
118012|2025|AA|3/admapprovalschemewebservice:0,118012|2025|AA|3,0,121695825,1769,4211,200000.0,,,200000.0
118012|2025|AA|4/admapprovalschemewebservice:0,118012|2025|AA|4,0,121695506,1769,4249,426232.0,,,426232.0
118012|2025|AA|5/admapprovalschemewebservice:0,118012|2025|AA|5,0,121695422,1769,4249,390000.0,,,390000.0
118012|2025|AA|6/admapprovalschemewebservice:0,118012|2025|AA|6,0,121695555,1769,4249,300000.0,,,300000.0
118012|2025|AA|7/admapprovalschemewebservice:0,118012|2025|AA|7,0,121695789,1769,4211,400000.0,,,400000.0
118012|2025|AA|8/admapprovalschemewebservice:0,118012|2025|AA|8,0,121695457,1769,4249,65000.0,,,65000.0
118012|2025|AA|9/admapprovalschemewebservice:0,118012|2025|AA|9,0,121695585,1769,4249,200000.0,,,200000.0
118012|2025|AA|10/admapprovalschemewebservice:0,118012|2025|AA|10,0,121695626,1769,4249,100000.0,,,100000.0
118012|2025|AA|11/admapprovalschemewebservice:0,118012|2025|AA|11,0,128411938,1778,4250,200000.0,,,200000.0
118012|2025|AA|12/admapprovalschemewebservice:0,118012|2025|AA|12,0,128411960,1769,4211,100000.0,,,100000.0
118939|2020|AA|0/admapprovalschemewebservice:0,118939|2020|AA|0,0,44220672,1769,4249,180000.0,,,180000.0
118939|2020|AA|1/admapprovalschemewebservice:0,118939|2020|AA|1,0,44229357,1769,4249,62350.0,,,62350.0
118939|2020|AA|2/admapprovalschemewebservice:0,118939|2020|AA|2,0,44229515,1769,4211,40000.0,,,40000.0
118939|2020|AA|3/admapprovalschemewebservice:0,118939|2020|AA|3,0,44220721,1769,4249,100000.0,,,100000.0
118939|2020|AA|4/admapprovalschemewebservice:0,118939|2020|AA|4,0,44229586,1769,4211,40000.0,,,40000.0
118939|2020|AA|5/admapprovalschemewebservice:0,118939|2020|AA|5,0,44229608,1769,4211,150000.0,,,150000.0
118939|2020|AA|6/admapprovalschemewebservice:0,118939|2020|AA|6,0,44229447,1769,4211,100000.0,,,100000.0
118939|2020|AA|7/admapprovalschemewebservice:0,118939|2020|AA|7,0,44229469,1769,4211,100000.0,,,100000.0
118939|2020|AA|8/admapprovalschemewebservice:0,118939|2020|AA|8,0,44229180,1769,4249,120000.0,,,120000.0
118939|2020|AA|9/admapprovalschemewebservice:0,118939|2020|AA|9,0,44229080,1769,4249,30000.0,,,30000.0
118939|2020|AA|10/admapprovalschemewebservice:0,118939|2020|AA|10,0,44229627,1769,4211,182350.0,,,182350.0
118939|2020|AA|11/admapprovalschemewebservice:0,118939|2020|AA|11,0,44229565,1769,4211,60000.0,,,60000.0
118939|2020|AA|12/admapprovalschemewebservice:0,118939|2020|AA|12,0,44229496,1769,4211,100000.0,,,100000.0
118939|2021|AA|0/admapprovalschemewebservice:0,118939|2021|AA|0,0,48569878,1769,4211,490000.0,,,490000.0
118939|2021|AA|1/admapprovalschemewebservice:0,118939|2021|AA|1,0,48621117,1778,4250,100000.0,,,100000.0
118939|2021|AA|2/admapprovalschemewebservice:0,118939|2021|AA|2,0,48566224,1769,4249,140000.0,,,140000.0
118939|2021|AA|3/admapprovalschemewebservice:0,118939|2021|AA|3,0,48566328,1769,4249,70000.0,,,70000.0
118939|2021|AA|4/admapprovalschemewebservice:0,118939|2021|AA|4,0,48567910,1769,4249,100000.0,,,100000.0
118939|2021|AA|5/admapprovalschemewebservice:0,118939|2021|AA|5,0,65691556,1769,4211,50000.0,,,50000.0
118939|2021|AA|6/admapprovalschemewebservice:0,118939|2021|AA|6,0,65691573,1769,4211,50000.0,,,50000.0
118939|2021|AA|7/admapprovalschemewebservice:0,118939|2021|AA|7,0,48566127,1769,4249,62350.0,,,62350.0
118939|2021|AA|8/admapprovalschemewebservice:0,118939|2021|AA|8,0,48568018,1769,4249,183844.0,,,183844.0
118939|2021|AA|9/admapprovalschemewebservice:0,118939|2021|AA|9,0,48567337,1769,4249,100000.0,,,100000.0
118939|2021|AA|10/admapprovalschemewebservice:0,118939|2021|AA|10,0,48567232,1769,4249,38825.0,,,38825.0
118939|2021|AA|11/admapprovalschemewebservice:0,118939|2021|AA|11,0,48568382,1769,4211,102350.0,,,102350.0
118939|2021|AA|12/admapprovalschemewebservice:0,118939|2021|AA|12,0,48568160,1769,4249,47331.0,,,47331.0
118939|2022|AA|0/admapprovalschemewebservice:0,118939|2022|AA|0,0,65107516,1769,4249,309000.0,,,309000.0
118939|2022|AA|1/admapprovalschemewebservice:0,118939|2022|AA|1,0,65107545,1769,4211,16750.0,,,16750.0
118939|2022|AA|2/admapprovalschemewebservice:0,118939|2022|AA|2,0,65107549,1769,4211,15000.0,,,15000.0
118939|2022|AA|3/admapprovalschemewebservice:0,118939|2022|AA|3,0,65107595,1778,4250,50000.0,,,50000.0
118939|2022|AA|4/admapprovalschemewebservice:0,118939|2022|AA|4,0,65107271,1769,4249,50000.0,,,50000.0
118939|2022|AA|5/admapprovalschemewebservice:0,118939|2022|AA|5,0,65107220,1769,4249,120000.0,,,120000.0
118939|2022|AA|6/admapprovalschemewebservice:0,118939|2022|AA|6,0,65107478,1769,4249,87300.0,,,87300.0
118939|2022|AA|7/admapprovalschemewebservice:0,118939|2022|AA|7,0,65107560,1769,4211,100000.0,,,100000.0
118939|2022|AA|8/admapprovalschemewebservice:0,118939|2022|AA|8,0,65107531,1769,4211,40000.0,,,40000.0
118939|2022|AA|9/admapprovalschemewebservice:0,118939|2022|AA|9,0,65107587,1769,4211,37242.0,,,37242.0
118939|2022|AA|10/admapprovalschemewebservice:0,118939|2022|AA|10,0,65107610,1778,4250,200000.0,,,200000.0
118939|2022|AA|11/admapprovalschemewebservice:0,118939|2022|AA|11,0,65107605,1778,4250,100000.0,,,100000.0
118939|2022|AA|12/admapprovalschemewebservice:0,118939|2022|AA|12,0,65107504,1769,4249,48135.0,,,48135.0
118939|2022|AA|13/admapprovalschemewebservice:0,118939|2022|AA|13,0,65107525,1769,4211,100000.0,,,100000.0
118939|2022|AA|14/admapprovalschemewebservice:0,118939|2022|AA|14,0,65107372,1769,4249,51885.0,,,51885.0
118939|2022|AA|15/admapprovalschemewebservice:0,118939|2022|AA|15,0,65107485,1769,4249,12600.0,,,12600.0
118939|2022|AA|16/admapprovalschemewebservice:0,118939|2022|AA|16,0,65107631,1778,4250,103844.0,,,103844.0
118939|2022|AA|17/admapprovalschemewebservice:0,118939|2022|AA|17,0,65107591,1778,4250,200000.0,,,200000.0
118939|2022|AA|18/admapprovalschemewebservice:0,118939|2022|AA|18,0,65107570,1769,4211,100000.0,,,100000.0
118939|2023|AA|0/admapprovalschemewebservice:0,118939|2023|AA|0,0,82594828,1769,4249,182060.0,,,182060.0
118939|2023|AA|1/admapprovalschemewebservice:0,118939|2023|AA|1,0,71788368,1769,4211,160000.0,,,160000.0
118939|2023|AA|2/admapprovalschemewebservice:0,118939|2023|AA|2,0,82620771,1778,4250,50000.0,,,50000.0
118939|2023|AA|3/admapprovalschemewebservice:0,118939|2023|AA|3,0,71778123,1769,4249,30000.0,,,30000.0
118939|2023|AA|4/admapprovalschemewebservice:0,118939|2023|AA|4,0,77180963,1769,4249,29100.0,,,29100.0
118939|2023|AA|5/admapprovalschemewebservice:0,118939|2023|AA|5,0,77189960,1769,4249,15000.0,,,15000.0
118939|2023|AA|6/admapprovalschemewebservice:0,118939|2023|AA|6,0,71783933,1769,4249,52410.0,,,52410.0
118939|2023|AA|7/admapprovalschemewebservice:0,118939|2023|AA|7,0,77179588,1769,4249,29100.0,,,29100.0
118939|2023|AA|8/admapprovalschemewebservice:0,118939|2023|AA|8,0,82597812,1769,4249,50000.0,,,50000.0
118939|2023|AA|9/admapprovalschemewebservice:0,118939|2023|AA|9,0,82620157,1778,4250,50000.0,,,50000.0
118939|2023|AA|10/admapprovalschemewebservice:0,118939|2023|AA|10,0,82620425,1778,4250,50000.0,,,50000.0
118939|2023|AA|11/admapprovalschemewebservice:0,118939|2023|AA|11,0,82620683,1778,4250,50000.0,,,50000.0
118939|2023|AA|12/admapprovalschemewebservice:0,118939|2023|AA|12,0,82596655,1769,4249,10000.0,,,10000.0
118939|2023|AA|13/admapprovalschemewebservice:0,118939|2023|AA|13,0,82619899,1778,4250,50000.0,,,50000.0
118939|2023|AA|14/admapprovalschemewebservice:0,118939|2023|AA|14,0,71787353,1769,4211,50000.0,,,50000.0
118939|2023|AA|15/admapprovalschemewebservice:0,118939|2023|AA|15,0,82620887,1778,4250,50000.0,,,50000.0
118939|2023|AA|16/admapprovalschemewebservice:0,118939|2023|AA|16,0,71786781,1769,4211,50000.0,,,50000.0
118939|2023|AA|17/admapprovalschemewebservice:0,118939|2023|AA|17,0,71784824,1769,4249,50000.0,,,50000.0
118939|2023|AA|18/admapprovalschemewebservice:0,118939|2023|AA|18,0,77185759,1769,4249,29100.0,,,29100.0
118939|2023|AA|19/admapprovalschemewebservice:0,118939|2023|AA|19,0,77181460,1769,4249,29100.0,,,29100.0
118939|2023|AA|20/admapprovalschemewebservice:0,118939|2023|AA|20,0,77180319,1769,4249,29100.0,,,29100.0
118939|2023|AA|21/admapprovalschemewebservice:0,118939|2023|AA|21,0,77190542,1769,4249,35000.0,,,35000.0
118939|2023|AA|22/admapprovalschemewebservice:0,118939|2023|AA|22,0,82597337,1769,4249,90000.0,,,90000.0
118939|2023|AA|23/admapprovalschemewebservice:0,118939|2023|AA|23,0,82597000,1769,4249,24000.0,,,24000.0
118939|2023|AA|24/admapprovalschemewebservice:0,118939|2023|AA|24,0,71785907,1769,4211,200000.0,,,200000.0
118939|2023|AA|25/admapprovalschemewebservice:0,118939|2023|AA|25,0,82621188,1778,4250,50000.0,,,50000.0
118939|2023|AA|26/admapprovalschemewebservice:0,118939|2023|AA|26,0,82621086,1778,4250,50000.0,,,50000.0
118939|2023|AA|27/admapprovalschemewebservice:0,118939|2023|AA|27,0,71791873,1778,4250,100000.0,,,100000.0
118939|2023|AA|28/admapprovalschemewebservice:0,118939|2023|AA|28,0,82620987,1778,4250,50000.0,,,50000.0
118939|2023|AA|29/admapprovalschemewebservice:0,118939|2023|AA|29,0,71790344,1778,4250,100000.0,,,100000.0
118939|2023|AA|30/admapprovalschemewebservice:0,118939|2023|AA|30,0,82620528,1778,4250,50000.0,,,50000.0
118939|2023|AA|31/admapprovalschemewebservice:0,118939|2023|AA|31,0,82619710,1778,4250,104000.0,,,104000.0
118939|2023|AA|32/admapprovalschemewebservice:0,118939|2023|AA|32,0,71778714,1769,4249,100000.0,,,100000.0
118939|2024|AA|0/admapprovalschemewebservice:0,118939|2024|AA|0,0,107270771,1778,4250,70000.0,,,70000.0
118939|2024|AA|1/admapprovalschemewebservice:0,118939|2024|AA|1,0,99554571,1769,4249,117000.0,,,117000.0
118939|2024|AA|2/admapprovalschemewebservice:0,118939|2024|AA|2,0,99554880,1769,4249,300000.0,,,300000.0
118939|2024|AA|3/admapprovalschemewebservice:0,118939|2024|AA|3,0,107151089,1769,4249,4860.0,,,4860.0
118939|2024|AA|4/admapprovalschemewebservice:0,118939|2024|AA|4,0,107151122,1769,4249,4860.0,,,4860.0
118939|2024|AA|5/admapprovalschemewebservice:0,118939|2024|AA|5,0,107151144,1769,4249,4860.0,,,4860.0
118939|2024|AA|6/admapprovalschemewebservice:0,118939|2024|AA|6,0,107151164,1769,4249,4860.0,,,4860.0
118939|2024|AA|7/admapprovalschemewebservice:0,118939|2024|AA|7,0,107151191,1769,4249,4860.0,,,4860.0
118939|2024|AA|8/admapprovalschemewebservice:0,118939|2024|AA|8,0,99709180,1769,4211,50000.0,,,50000.0
118939|2024|AA|9/admapprovalschemewebservice:0,118939|2024|AA|9,0,99709542,1769,4211,50000.0,,,50000.0
118939|2024|AA|10/admapprovalschemewebservice:0,118939|2024|AA|10,0,99709913,1769,4211,50000.0,,,50000.0
118939|2024|AA|11/admapprovalschemewebservice:0,118939|2024|AA|11,0,99710086,1769,4211,50000.0,,,50000.0
118939|2024|AA|12/admapprovalschemewebservice:0,118939|2024|AA|12,0,99712850,1778,4250,200000.0,,,200000.0
118939|2024|AA|13/admapprovalschemewebservice:0,118939|2024|AA|13,0,99707524,1769,4211,102756.0,,,102756.0
118939|2024|AA|14/admapprovalschemewebservice:0,118939|2024|AA|14,0,99710276,1769,4211,100000.0,,,100000.0
118939|2024|AA|15/admapprovalschemewebservice:0,118939|2024|AA|15,0,99709700,1769,4211,50000.0,,,50000.0
118939|2024|AA|16/admapprovalschemewebservice:0,118939|2024|AA|16,0,99709354,1769,4211,50000.0,,,50000.0
118939|2024|AA|17/admapprovalschemewebservice:0,118939|2024|AA|17,0,99708661,1769,4211,50000.0,,,50000.0
118939|2024|AA|18/admapprovalschemewebservice:0,118939|2024|AA|18,0,99708342,1769,4211,50000.0,,,50000.0
118939|2024|AA|19/admapprovalschemewebservice:0,118939|2024|AA|19,0,99708144,1769,4211,50000.0,,,50000.0
118939|2024|AA|20/admapprovalschemewebservice:0,118939|2024|AA|20,0,99713042,1778,4250,124044.0,,,124044.0
118939|2024|AA|21/admapprovalschemewebservice:0,118939|2024|AA|21,0,99712665,1778,4250,70000.0,,,70000.0
118939|2024|AA|22/admapprovalschemewebservice:0,118939|2024|AA|22,0,107151441,1769,4249,15000.0,,,15000.0
118939|2024|AA|23/admapprovalschemewebservice:0,118939|2024|AA|23,0,107151394,1769,4249,22000.0,,,22000.0
118939|2024|AA|24/admapprovalschemewebservice:0,118939|2024|AA|24,0,99711777,1778,4250,70000.0,,,70000.0
118939|2024|AA|25/admapprovalschemewebservice:0,118939|2024|AA|25,0,99556218,1769,4249,42567.0,,,42567.0
118939|2024|AA|26/admapprovalschemewebservice:0,118939|2024|AA|26,0,99712487,1778,4250,70000.0,,,70000.0
118939|2024|AA|27/admapprovalschemewebservice:0,118939|2024|AA|27,0,99710543,1778,4250,200000.0,,,200000.0
118939|2024|AA|28/admapprovalschemewebservice:0,118939|2024|AA|28,0,99555327,1769,4249,30000.0,,,30000.0
118939|2024|AA|29/admapprovalschemewebservice:0,118939|2024|AA|29,0,107163810,1769,4249,29100.0,,,29100.0
118939|2024|AA|30/admapprovalschemewebservice:0,118939|2024|AA|30,0,107163799,1769,4249,29100.0,,,29100.0
118939|2024|AA|31/admapprovalschemewebservice:0,118939|2024|AA|31,0,107163708,1769,4249,29100.0,,,29100.0
118939|2024|AA|32/admapprovalschemewebservice:0,118939|2024|AA|32,0,107151284,1769,4249,60420.0,,,60420.0
118939|2025|AA|0/admapprovalschemewebservice:0,118939|2025|AA|0,0,114486227,1769,4249,42000.0,,,42000.0
118939|2025|AA|1/admapprovalschemewebservice:0,118939|2025|AA|1,0,114482331,1769,4249,117000.0,,,117000.0
118939|2025|AA|2/admapprovalschemewebservice:0,118939|2025|AA|2,0,114480358,1769,4249,300000.0,,,300000.0
118939|2025|AA|3/admapprovalschemewebservice:0,118939|2025|AA|3,0,117130546,1778,4250,100000.0,,,100000.0
118939|2025|AA|4/admapprovalschemewebservice:0,118939|2025|AA|4,0,117134081,1778,4250,50000.0,,,50000.0
118939|2025|AA|5/admapprovalschemewebservice:0,118939|2025|AA|5,0,117129679,1778,4250,121044.0,,,121044.0
118939|2025|AA|6/admapprovalschemewebservice:0,118939|2025|AA|6,0,114484467,1769,4249,30567.0,,,30567.0
118939|2025|AA|7/admapprovalschemewebservice:0,118939|2025|AA|7,0,114489608,1778,4250,100000.0,,,100000.0
118939|2025|AA|8/admapprovalschemewebservice:0,118939|2025|AA|8,0,116939380,1769,4249,300000.0,,,300000.0
118939|2025|AA|9/admapprovalschemewebservice:0,118939|2025|AA|9,0,116944306,1769,4249,30217.0,,,30217.0
118939|2025|AA|10/admapprovalschemewebservice:0,118939|2025|AA|10,0,117125903,1769,4211,300000.0,,,300000.0
118939|2025|AA|11/admapprovalschemewebservice:0,118939|2025|AA|11,0,117126175,1769,4211,300000.0,,,300000.0
118939|2025|AA|12/admapprovalschemewebservice:0,118939|2025|AA|12,0,117126878,1769,4211,52756.0,,,52756.0
118939|2025|AA|13/admapprovalschemewebservice:0,118939|2025|AA|13,0,117130103,1778,4250,100000.0,,,100000.0
118939|2025|AA|14/admapprovalschemewebservice:0,118939|2025|AA|14,0,117131013,1778,4250,50000.0,,,50000.0
118939|2025|AA|15/admapprovalschemewebservice:0,118939|2025|AA|15,0,117131915,1778,4250,50000.0,,,50000.0
118939|2025|AA|16/admapprovalschemewebservice:0,118939|2025|AA|16,0,117133108,1778,4250,50000.0,,,50000.0
118939|2025|AA|17/admapprovalschemewebservice:0,118939|2025|AA|17,0,117133605,1778,4250,50000.0,,,50000.0
118939|2025|AA|18/admapprovalschemewebservice:0,118939|2025|AA|18,0,117133377,1778,4250,50000.0,,,50000.0
118939|2025|AA|19/admapprovalschemewebservice:0,118939|2025|AA|19,0,117133847,1778,4250,50000.0,,,50000.0
118939|2025|AA|20/admapprovalschemewebservice:0,118939|2025|AA|20,0,117132339,1778,4250,50000.0,,,50000.0
118939|2025|AA|21/admapprovalschemewebservice:0,118939|2025|AA|21,0,120768069,1769,4249,29100.0,,,29100.0
118939|2025|AA|22/admapprovalschemewebservice:0,118939|2025|AA|22,0,120768562,1769,4249,56000.0,,,56000.0
118939|2025|AA|23/admapprovalschemewebservice:0,118939|2025|AA|23,0,120794463,1778,4250,150000.0,,,150000.0
118939|2025|AA|24/admapprovalschemewebservice:0,118939|2025|AA|24,0,120794631,1778,4250,150000.0,,,150000.0
119598|2020|AA|0/admapprovalschemewebservice:0,119598|2020|AA|0,0,44402522,1769,4211,181896.0,,,181896.0
119598|2020|AA|1/admapprovalschemewebservice:0,119598|2020|AA|1,0,44403497,1778,4250,150000.0,,,150000.0
119598|2020|AA|2/admapprovalschemewebservice:0,119598|2020|AA|2,0,44402591,1769,4211,200000.0,,,200000.0
119598|2020|AA|3/admapprovalschemewebservice:0,119598|2020|AA|3,0,44402904,1769,4211,398955.0,,,398955.0
119598|2020|AA|4/admapprovalschemewebservice:0,119598|2020|AA|4,0,44402828,1769,4211,250000.0,,,250000.0
119598|2020|AA|5/admapprovalschemewebservice:0,119598|2020|AA|5,0,44403402,1778,4250,200000.0,,,200000.0
119598|2020|AA|6/admapprovalschemewebservice:0,119598|2020|AA|6,0,44403130,1778,4250,100000.0,,,100000.0
119598|2020|AA|7/admapprovalschemewebservice:0,119598|2020|AA|7,0,44402043,1769,4249,500000.0,,,500000.0
119598|2020|AA|8/admapprovalschemewebservice:0,119598|2020|AA|8,0,44403211,1778,4250,495000.0,,,495000.0
119598|2020|AA|9/admapprovalschemewebservice:0,119598|2020|AA|9,0,44401335,1769,4249,180851.0,,,180851.0
119598|2020|AA|10/admapprovalschemewebservice:0,119598|2020|AA|10,0,44403269,1778,4250,40952.0,,,40952.0
119598|2020|AA|11/admapprovalschemewebservice:0,119598|2020|AA|11,0,44402404,1769,4249,400000.0,,,400000.0
119598|2020|AA|12/admapprovalschemewebservice:0,119598|2020|AA|12,0,44402301,1769,4249,400000.0,,,400000.0
119598|2021|AA|0/admapprovalschemewebservice:0,119598|2021|AA|0,0,47863310,1769,4249,450000.0,,,450000.0
119598|2021|AA|1/admapprovalschemewebservice:0,119598|2021|AA|1,0,47380387,1778,4250,200000.0,,,200000.0
119598|2021|AA|2/admapprovalschemewebservice:0,119598|2021|AA|2,0,47384873,1769,4211,80000.0,,,80000.0
119598|2021|AA|3/admapprovalschemewebservice:0,119598|2021|AA|3,0,47383466,1769,4211,100000.0,,,100000.0
119598|2021|AA|4/admapprovalschemewebservice:0,119598|2021|AA|4,0,47385789,1769,4211,100000.0,,,100000.0
119598|2021|AA|5/admapprovalschemewebservice:0,119598|2021|AA|5,0,47383102,1769,4211,70000.0,,,70000.0
119598|2021|AA|6/admapprovalschemewebservice:0,119598|2021|AA|6,0,47385336,1769,4211,85000.0,,,85000.0
119598|2021|AA|7/admapprovalschemewebservice:0,119598|2021|AA|7,0,47385999,1769,4211,100000.0,,,100000.0
119598|2021|AA|8/admapprovalschemewebservice:0,119598|2021|AA|8,0,49001402,1769,4249,90000.0,,,90000.0
119598|2021|AA|9/admapprovalschemewebservice:0,119598|2021|AA|9,0,47384658,1769,4211,90000.0,,,90000.0
119598|2021|AA|10/admapprovalschemewebservice:0,119598|2021|AA|10,0,47380271,1778,4250,200000.0,,,200000.0
119598|2021|AA|11/admapprovalschemewebservice:0,119598|2021|AA|11,0,47380104,1778,4250,45000.0,,,45000.0
119598|2021|AA|12/admapprovalschemewebservice:0,119598|2021|AA|12,0,47379250,1778,4250,100000.0,,,100000.0
119598|2021|AA|13/admapprovalschemewebservice:0,119598|2021|AA|13,0,47379391,1778,4250,400000.0,,,400000.0
119598|2021|AA|14/admapprovalschemewebservice:0,119598|2021|AA|14,0,47863116,1769,4249,126428.0,,,126428.0
119598|2021|AA|15/admapprovalschemewebservice:0,119598|2021|AA|15,0,47863172,1769,4249,100000.0,,,100000.0
119598|2021|AA|16/admapprovalschemewebservice:0,119598|2021|AA|16,0,47383253,1769,4211,100000.0,,,100000.0
119598|2021|AA|17/admapprovalschemewebservice:0,119598|2021|AA|17,0,47379796,1778,4250,40952.0,,,40952.0
119598|2022|AA|0/admapprovalschemewebservice:0,119598|2022|AA|0,0,60840977,1769,4249,400000.0,,,400000.0
119598|2022|AA|1/admapprovalschemewebservice:0,119598|2022|AA|1,0,65618300,1769,4249,60000.0,,,60000.0
119598|2022|AA|2/admapprovalschemewebservice:0,119598|2022|AA|2,0,65618394,1769,4249,37500.0,,,37500.0
119598|2022|AA|3/admapprovalschemewebservice:0,119598|2022|AA|3,0,65618474,1769,4249,51000.0,,,51000.0
119598|2022|AA|4/admapprovalschemewebservice:0,119598|2022|AA|4,0,65618114,1769,4249,20000.0,,,20000.0
119598|2022|AA|5/admapprovalschemewebservice:0,119598|2022|AA|5,0,65618784,1769,4211,828796.0,,,828796.0
119598|2022|AA|6/admapprovalschemewebservice:0,119598|2022|AA|6,0,65619548,1778,4250,150000.0,,,150000.0
119598|2022|AA|7/admapprovalschemewebservice:0,119598|2022|AA|7,0,65618024,1769,4249,100000.0,,,100000.0
119598|2022|AA|8/admapprovalschemewebservice:0,119598|2022|AA|8,0,65618185,1769,4249,90000.0,,,90000.0
119598|2022|AA|9/admapprovalschemewebservice:0,119598|2022|AA|9,0,60522491,1778,4250,472500.0,,,472500.0
119598|2022|AA|10/admapprovalschemewebservice:0,119598|2022|AA|10,0,60520967,1769,4249,100000.0,,,100000.0
119598|2022|AA|11/admapprovalschemewebservice:0,119598|2022|AA|11,0,82599708,1778,4250,39480.0,,,39480.0
119598|2022|AA|12/admapprovalschemewebservice:0,119598|2022|AA|12,0,82599468,1778,4250,37440.0,,,37440.0
119598|2022|AA|13/admapprovalschemewebservice:0,119598|2022|AA|13,0,65618526,1769,4249,150320.0,,,150320.0
119598|2022|AA|14/admapprovalschemewebservice:0,119598|2022|AA|14,0,60522812,1778,4250,40952.0,,,40952.0
119598|2022|AA|15/admapprovalschemewebservice:0,119598|2022|AA|15,0,65618843,1769,4211,105000.0,,,105000.0
119598|2022|AA|16/admapprovalschemewebservice:0,119598|2022|AA|16,0,65617756,1769,4249,92000.0,,,92000.0
119598|2022|AA|17/admapprovalschemewebservice:0,119598|2022|AA|17,0,60840924,1769,4249,100347.0,,,100347.0
119598|2022|AA|18/admapprovalschemewebservice:0,119598|2022|AA|18,0,65618551,1769,4249,70000.0,,,70000.0
119598|2022|AA|19/admapprovalschemewebservice:0,119598|2022|AA|19,0,65618941,1778,4250,322500.0,,,322500.0
119598|2022|AA|20/admapprovalschemewebservice:0,119598|2022|AA|20,0,65617848,1769,4249,8000.0,,,8000.0
119598|2023|AA|0/admapprovalschemewebservice:0,119598|2023|AA|0,0,78986775,1769,4249,558498.0,,,558498.0
119598|2023|AA|1/admapprovalschemewebservice:0,119598|2023|AA|1,0,68169971,1778,4250,35000.0,,,35000.0
119598|2023|AA|2/admapprovalschemewebservice:0,119598|2023|AA|2,0,78984227,1769,4249,100000.0,,,100000.0
119598|2023|AA|3/admapprovalschemewebservice:0,119598|2023|AA|3,0,79683614,1769,4211,150000.0,,,150000.0
119598|2023|AA|4/admapprovalschemewebservice:0,119598|2023|AA|4,0,68170335,1778,4250,300000.0,,,300000.0
119598|2023|AA|5/admapprovalschemewebservice:0,119598|2023|AA|5,0,77522050,1769,4249,3500.0,,,3500.0
119598|2023|AA|6/admapprovalschemewebservice:0,119598|2023|AA|6,0,77521523,1769,4249,3500.0,,,3500.0
119598|2023|AA|7/admapprovalschemewebservice:0,119598|2023|AA|7,0,77424542,1769,4249,3500.0,,,3500.0
119598|2023|AA|8/admapprovalschemewebservice:0,119598|2023|AA|8,0,77426859,1769,4249,3500.0,,,3500.0
119598|2023|AA|9/admapprovalschemewebservice:0,119598|2023|AA|9,0,77515397,1769,4249,3500.0,,,3500.0
119598|2023|AA|10/admapprovalschemewebservice:0,119598|2023|AA|10,0,77516168,1769,4249,3500.0,,,3500.0
119598|2023|AA|11/admapprovalschemewebservice:0,119598|2023|AA|11,0,77517014,1769,4249,3500.0,,,3500.0
119598|2023|AA|12/admapprovalschemewebservice:0,119598|2023|AA|12,0,77518368,1769,4249,3500.0,,,3500.0
119598|2023|AA|13/admapprovalschemewebservice:0,119598|2023|AA|13,0,77519060,1769,4249,3500.0,,,3500.0
119598|2023|AA|14/admapprovalschemewebservice:0,119598|2023|AA|14,0,77519513,1769,4249,3500.0,,,3500.0
119598|2023|AA|15/admapprovalschemewebservice:0,119598|2023|AA|15,0,77520595,1769,4249,3500.0,,,3500.0
119598|2023|AA|16/admapprovalschemewebservice:0,119598|2023|AA|16,0,77521079,1769,4249,3500.0,,,3500.0
119598|2023|AA|17/admapprovalschemewebservice:0,119598|2023|AA|17,0,77531540,1769,4249,3500.0,,,3500.0
119598|2023|AA|18/admapprovalschemewebservice:0,119598|2023|AA|18,0,77530492,1769,4249,3500.0,,,3500.0
119598|2023|AA|19/admapprovalschemewebservice:0,119598|2023|AA|19,0,77528698,1769,4249,3500.0,,,3500.0
119598|2023|AA|20/admapprovalschemewebservice:0,119598|2023|AA|20,0,77531030,1769,4249,3500.0,,,3500.0
119598|2023|AA|21/admapprovalschemewebservice:0,119598|2023|AA|21,0,77528122,1769,4249,3500.0,,,3500.0
119598|2023|AA|22/admapprovalschemewebservice:0,119598|2023|AA|22,0,77527280,1769,4249,3500.0,,,3500.0
119598|2023|AA|23/admapprovalschemewebservice:0,119598|2023|AA|23,0,77529779,1769,4249,3500.0,,,3500.0
119598|2023|AA|24/admapprovalschemewebservice:0,119598|2023|AA|24,0,77527740,1769,4249,3500.0,,,3500.0
119598|2023|AA|25/admapprovalschemewebservice:0,119598|2023|AA|25,0,77529339,1769,4249,3500.0,,,3500.0
119598|2023|AA|26/admapprovalschemewebservice:0,119598|2023|AA|26,0,77526804,1769,4249,3500.0,,,3500.0
119598|2023|AA|27/admapprovalschemewebservice:0,119598|2023|AA|27,0,77526292,1769,4249,3500.0,,,3500.0
119598|2023|AA|28/admapprovalschemewebservice:0,119598|2023|AA|28,0,77525882,1769,4249,3500.0,,,3500.0
119598|2023|AA|29/admapprovalschemewebservice:0,119598|2023|AA|29,0,77525455,1769,4249,3500.0,,,3500.0
119598|2023|AA|30/admapprovalschemewebservice:0,119598|2023|AA|30,0,77525044,1769,4249,3500.0,,,3500.0
119598|2023|AA|31/admapprovalschemewebservice:0,119598|2023|AA|31,0,77524606,1769,4249,3500.0,,,3500.0
119598|2023|AA|32/admapprovalschemewebservice:0,119598|2023|AA|32,0,77524065,1769,4249,3500.0,,,3500.0
119598|2023|AA|33/admapprovalschemewebservice:0,119598|2023|AA|33,0,77523615,1769,4249,3500.0,,,3500.0
119598|2023|AA|34/admapprovalschemewebservice:0,119598|2023|AA|34,0,77523156,1769,4249,3500.0,,,3500.0
119598|2023|AA|35/admapprovalschemewebservice:0,119598|2023|AA|35,0,77522469,1769,4249,3500.0,,,3500.0
119598|2023|AA|36/admapprovalschemewebservice:0,119598|2023|AA|36,0,79690140,1769,4211,100000.0,,,100000.0
119598|2023|AA|37/admapprovalschemewebservice:0,119598|2023|AA|37,0,79692594,1769,4211,40000.0,,,40000.0
119598|2023|AA|38/admapprovalschemewebservice:0,119598|2023|AA|38,0,77533115,1769,4249,57340.0,,,57340.0
119598|2023|AA|39/admapprovalschemewebservice:0,119598|2023|AA|39,0,77533499,1769,4249,45540.0,,,45540.0
119598|2023|AA|40/admapprovalschemewebservice:0,119598|2023|AA|40,0,77532586,1769,4249,47440.0,,,47440.0
119598|2023|AA|41/admapprovalschemewebservice:0,119598|2023|AA|41,0,68170440,1778,4250,185952.0,,,185952.0
119598|2023|AA|42/admapprovalschemewebservice:0,119598|2023|AA|42,0,79673404,1769,4211,50000.0,,,50000.0
119598|2023|AA|43/admapprovalschemewebservice:0,119598|2023|AA|43,0,78976833,1769,4249,257678.0,,,257678.0
119598|2023|AA|44/admapprovalschemewebservice:0,119598|2023|AA|44,0,78990166,1769,4211,100000.0,,,100000.0
119598|2023|AA|45/admapprovalschemewebservice:0,119598|2023|AA|45,0,79676639,1769,4211,200000.0,,,200000.0
119598|2023|AA|46/admapprovalschemewebservice:0,119598|2023|AA|46,0,79691022,1769,4211,60000.0,,,60000.0
119598|2023|AA|47/admapprovalschemewebservice:0,119598|2023|AA|47,0,78985565,1769,4249,50000.0,,,50000.0
119598|2023|AA|48/admapprovalschemewebservice:0,119598|2023|AA|48,0,79700601,1769,4211,233796.0,,,233796.0
119598|2023|AA|49/admapprovalschemewebservice:0,119598|2023|AA|49,0,68170204,1778,4250,150000.0,,,150000.0
119598|2023|AA|50/admapprovalschemewebservice:0,119598|2023|AA|50,0,77332331,1769,4249,34320.0,,,34320.0
119598|2023|AA|51/admapprovalschemewebservice:0,119598|2023|AA|51,0,77421402,1769,4249,39420.0,,,39420.0
119598|2023|AA|52/admapprovalschemewebservice:0,119598|2023|AA|52,0,77449988,1769,4249,31260.0,,,31260.0
119598|2024|AA|0/admapprovalschemewebservice:0,119598|2024|AA|0,0,101688899,1769,4249,50000.0,,,50000.0
119598|2024|AA|1/admapprovalschemewebservice:0,119598|2024|AA|1,0,102130303,1778,4250,235952.0,,,235952.0
119598|2024|AA|2/admapprovalschemewebservice:0,119598|2024|AA|2,0,102119617,1778,4250,100000.0,,,100000.0
119598|2024|AA|3/admapprovalschemewebservice:0,119598|2024|AA|3,0,102121492,1778,4250,100000.0,,,100000.0
119598|2024|AA|4/admapprovalschemewebservice:0,119598|2024|AA|4,0,102126022,1778,4250,200000.0,,,200000.0
119598|2024|AA|5/admapprovalschemewebservice:0,119598|2024|AA|5,0,102117530,1778,4250,100000.0,,,100000.0
119598|2024|AA|6/admapprovalschemewebservice:0,119598|2024|AA|6,0,102097739,1769,4211,300000.0,,,300000.0
119598|2024|AA|7/admapprovalschemewebservice:0,119598|2024|AA|7,0,101691919,1769,4249,114672.0,,,114672.0
119598|2024|AA|8/admapprovalschemewebservice:0,119598|2024|AA|8,0,102096768,1769,4211,200000.0,,,200000.0
119598|2024|AA|9/admapprovalschemewebservice:0,119598|2024|AA|9,0,102099266,1769,4211,200000.0,,,200000.0
119598|2024|AA|10/admapprovalschemewebservice:0,119598|2024|AA|10,0,102113870,1778,4250,100000.0,,,100000.0
119598|2024|AA|11/admapprovalschemewebservice:0,119598|2024|AA|11,0,101679536,1769,4249,186000.0,,,186000.0
119598|2024|AA|12/admapprovalschemewebservice:0,119598|2024|AA|12,0,101700336,1769,4249,180000.0,,,180000.0
119598|2024|AA|13/admapprovalschemewebservice:0,119598|2024|AA|13,0,102128088,1778,4250,100000.0,,,100000.0
119598|2024|AA|14/admapprovalschemewebservice:0,119598|2024|AA|14,0,101745219,1769,4249,270672.0,,,270672.0
119598|2024|AA|15/admapprovalschemewebservice:0,119598|2024|AA|15,0,101682166,1769,4249,200000.0,,,200000.0
119598|2024|AA|16/admapprovalschemewebservice:0,119598|2024|AA|16,0,102095355,1769,4211,100896.0,,,100896.0
119598|2024|AA|17/admapprovalschemewebservice:0,119598|2024|AA|17,0,102104527,1769,4211,200000.0,,,200000.0
119598|2025|AA|0/admapprovalschemewebservice:0,119598|2025|AA|0,0,122785257,1778,4250,150000.0,,,150000.0
119598|2025|AA|1/admapprovalschemewebservice:0,119598|2025|AA|1,0,122790071,1778,4250,85952.0,,,85952.0
119598|2025|AA|2/admapprovalschemewebservice:0,119598|2025|AA|2,0,122494657,1769,4211,100000.0,,,100000.0
119598|2025|AA|3/admapprovalschemewebservice:0,119598|2025|AA|3,0,122511991,1769,4211,150000.0,,,150000.0
119598|2025|AA|4/admapprovalschemewebservice:0,119598|2025|AA|4,0,127377934,1778,4250,200000.0,,,200000.0
119598|2025|AA|5/admapprovalschemewebservice:0,119598|2025|AA|5,0,127378005,1778,4250,150000.0,,,150000.0
119598|2025|AA|6/admapprovalschemewebservice:0,119598|2025|AA|6,0,122408190,1769,4249,201672.0,,,201672.0
119598|2025|AA|7/admapprovalschemewebservice:0,119598|2025|AA|7,0,122778951,1778,4250,200000.0,,,200000.0
119598|2025|AA|8/admapprovalschemewebservice:0,119598|2025|AA|8,0,122463524,1769,4211,150896.0,,,150896.0
119598|2025|AA|9/admapprovalschemewebservice:0,119598|2025|AA|9,0,122887323,1778,4250,150000.0,,,150000.0
119598|2025|AA|10/admapprovalschemewebservice:0,119598|2025|AA|10,0,122426822,1769,4249,60000.0,,,60000.0
119598|2025|AA|11/admapprovalschemewebservice:0,119598|2025|AA|11,0,122432907,1769,4249,100672.0,,,100672.0
119598|2025|AA|12/admapprovalschemewebservice:0,119598|2025|AA|12,0,122403174,1769,4249,300000.0,,,300000.0
119598|2025|AA|13/admapprovalschemewebservice:0,119598|2025|AA|13,0,122431817,1769,4249,160000.0,,,160000.0
119598|2025|AA|14/admapprovalschemewebservice:0,119598|2025|AA|14,0,122433890,1769,4249,140000.0,,,140000.0
119598|2025|AA|15/admapprovalschemewebservice:0,119598|2025|AA|15,0,122434551,1769,4249,50000.0,,,50000.0
119598|2025|AA|16/admapprovalschemewebservice:0,119598|2025|AA|16,0,122425822,1769,4249,84000.0,,,84000.0
119599|2020|AA|0/admapprovalschemewebservice:0,119599|2020|AA|0,0,44407259,1769,4249,165772.0,,,165772.0
119599|2020|AA|1/admapprovalschemewebservice:0,119599|2020|AA|1,0,44407397,1769,4249,100000.0,,,100000.0
119599|2020|AA|2/admapprovalschemewebservice:0,119599|2020|AA|2,0,44407652,1778,4250,143074.0,,,143074.0
119599|2020|AA|3/admapprovalschemewebservice:0,119599|2020|AA|3,0,44407575,1769,4211,200000.0,,,200000.0
119599|2020|AA|4/admapprovalschemewebservice:0,119599|2020|AA|4,0,44407424,1769,4249,100000.0,,,100000.0
119599|2020|AA|5/admapprovalschemewebservice:0,119599|2020|AA|5,0,44407309,1769,4249,200000.0,,,200000.0
119599|2020|AA|6/admapprovalschemewebservice:0,119599|2020|AA|6,0,44407589,1778,4250,100000.0,,,100000.0
119599|2020|AA|7/admapprovalschemewebservice:0,119599|2020|AA|7,0,44407552,1769,4211,200000.0,,,200000.0
119599|2020|AA|8/admapprovalschemewebservice:0,119599|2020|AA|8,0,44406995,1769,4249,200000.0,,,200000.0
119599|2020|AA|9/admapprovalschemewebservice:0,119599|2020|AA|9,0,44407621,1778,4250,100000.0,,,100000.0
119599|2020|AA|10/admapprovalschemewebservice:0,119599|2020|AA|10,0,44407503,1769,4211,250000.0,,,250000.0
119599|2020|AA|11/admapprovalschemewebservice:0,119599|2020|AA|11,0,44407463,1769,4211,165772.0,,,165772.0
119599|2020|AA|12/admapprovalschemewebservice:0,119599|2020|AA|12,0,44407529,1769,4211,150000.0,,,150000.0
119599|2020|AA|13/admapprovalschemewebservice:0,119599|2020|AA|13,0,44407447,1769,4249,100000.0,,,100000.0
119599|2020|AA|14/admapprovalschemewebservice:0,119599|2020|AA|14,0,44407600,1778,4250,200000.0,,,200000.0
119599|2020|AA|15/admapprovalschemewebservice:0,119599|2020|AA|15,0,44407634,1778,4250,100000.0,,,100000.0
119599|2021|AA|0/admapprovalschemewebservice:0,119599|2021|AA|0,0,47461283,1778,4250,200000.0,,,200000.0
119599|2021|AA|1/admapprovalschemewebservice:0,119599|2021|AA|1,0,47458542,1769,4249,250000.0,,,250000.0
119599|2021|AA|2/admapprovalschemewebservice:0,119599|2021|AA|2,0,47458890,1769,4211,200000.0,,,200000.0
119599|2021|AA|3/admapprovalschemewebservice:0,119599|2021|AA|3,0,47457628,1769,4249,382886.0,,,382886.0
119599|2021|AA|4/admapprovalschemewebservice:0,119599|2021|AA|4,0,47460951,1778,4250,100000.0,,,100000.0
119599|2021|AA|5/admapprovalschemewebservice:0,119599|2021|AA|5,0,47458102,1769,4249,200000.0,,,200000.0
119599|2021|AA|6/admapprovalschemewebservice:0,119599|2021|AA|6,0,47459179,1769,4211,100000.0,,,100000.0
119599|2021|AA|7/admapprovalschemewebservice:0,119599|2021|AA|7,0,47460617,1769,4211,100000.0,,,100000.0
119599|2021|AA|8/admapprovalschemewebservice:0,119599|2021|AA|8,0,47461466,1778,4250,43074.0,,,43074.0
119599|2021|AA|9/admapprovalschemewebservice:0,119599|2021|AA|9,0,47461606,1778,4250,200000.0,,,200000.0
119599|2021|AA|10/admapprovalschemewebservice:0,119599|2021|AA|10,0,47584522,1769,4249,32886.0,,,32886.0
119599|2021|AA|11/admapprovalschemewebservice:0,119599|2021|AA|11,0,47460413,1769,4211,200000.0,,,200000.0
119599|2021|AA|12/admapprovalschemewebservice:0,119599|2021|AA|12,0,47457894,1769,4249,100000.0,,,100000.0
119599|2022|AA|0/admapprovalschemewebservice:0,119599|2022|AA|0,0,65414863,1778,4250,50000.0,,,50000.0
119599|2022|AA|1/admapprovalschemewebservice:0,119599|2022|AA|1,0,65414580,1778,4250,200000.0,,,200000.0
119599|2022|AA|2/admapprovalschemewebservice:0,119599|2022|AA|2,0,60641482,1769,4211,500000.0,,,500000.0
119599|2022|AA|3/admapprovalschemewebservice:0,119599|2022|AA|3,0,65413542,1769,4249,101680.0,,,101680.0
119599|2022|AA|4/admapprovalschemewebservice:0,119599|2022|AA|4,0,65413459,1769,4249,60000.0,,,60000.0
119599|2022|AA|5/admapprovalschemewebservice:0,119599|2022|AA|5,0,65413701,1769,4249,35000.0,,,35000.0
119599|2022|AA|6/admapprovalschemewebservice:0,119599|2022|AA|6,0,65422052,1769,4211,100000.0,,,100000.0
119599|2022|AA|7/admapprovalschemewebservice:0,119599|2022|AA|7,0,65414707,1778,4250,70000.0,,,70000.0
119599|2022|AA|8/admapprovalschemewebservice:0,119599|2022|AA|8,0,65414012,1769,4249,12000.0,,,12000.0
119599|2022|AA|9/admapprovalschemewebservice:0,119599|2022|AA|9,0,65414532,1769,4211,8992.0,,,8992.0
119599|2022|AA|10/admapprovalschemewebservice:0,119599|2022|AA|10,0,65414224,1769,4249,17624.0,,,17624.0
119599|2022|AA|11/admapprovalschemewebservice:0,119599|2022|AA|11,0,65411823,1769,4249,360744.0,,,360744.0
119599|2022|AA|12/admapprovalschemewebservice:0,119599|2022|AA|12,0,60640448,1769,4249,96000.0,,,96000.0
119599|2022|AA|13/admapprovalschemewebservice:0,119599|2022|AA|13,0,65414644,1778,4250,150000.0,,,150000.0
119599|2022|AA|14/admapprovalschemewebservice:0,119599|2022|AA|14,0,65414622,1778,4250,150000.0,,,150000.0
119599|2022|AA|15/admapprovalschemewebservice:0,119599|2022|AA|15,0,65413919,1769,4249,100000.0,,,100000.0
119599|2022|AA|16/admapprovalschemewebservice:0,119599|2022|AA|16,0,65413792,1769,4249,30000.0,,,30000.0
119599|2023|AA|0/admapprovalschemewebservice:0,119599|2023|AA|0,0,79962791,1778,4250,200000.0,,,200000.0
119599|2023|AA|1/admapprovalschemewebservice:0,119599|2023|AA|1,0,75998904,1769,4249,366060.0,,,366060.0
119599|2023|AA|2/admapprovalschemewebservice:0,119599|2023|AA|2,0,79957032,1778,4250,100000.0,,,100000.0
119599|2023|AA|3/admapprovalschemewebservice:0,119599|2023|AA|3,0,75998669,1769,4249,96000.0,,,96000.0
119599|2023|AA|4/admapprovalschemewebservice:0,119599|2023|AA|4,0,79954369,1769,4211,500000.0,,,500000.0
119599|2023|AA|5/admapprovalschemewebservice:0,119599|2023|AA|5,0,79965294,1778,4250,150000.0,,,150000.0
119599|2023|AA|6/admapprovalschemewebservice:0,119599|2023|AA|6,0,79964616,1778,4250,80000.0,,,80000.0
119599|2023|AA|7/admapprovalschemewebservice:0,119599|2023|AA|7,0,79947142,1769,4249,90000.0,,,90000.0
119599|2023|AA|8/admapprovalschemewebservice:0,119599|2023|AA|8,0,79948459,1769,4249,101680.0,,,101680.0
119599|2023|AA|9/admapprovalschemewebservice:0,119599|2023|AA|9,0,79943589,1769,4249,62040.0,,,62040.0
119599|2023|AA|10/admapprovalschemewebservice:0,119599|2023|AA|10,0,80169667,1769,4249,3500.0,,,3500.0
119599|2023|AA|11/admapprovalschemewebservice:0,119599|2023|AA|11,0,80167406,1769,4249,3500.0,,,3500.0
119599|2023|AA|12/admapprovalschemewebservice:0,119599|2023|AA|12,0,80175289,1769,4249,3500.0,,,3500.0
119599|2023|AA|13/admapprovalschemewebservice:0,119599|2023|AA|13,0,80256230,1769,4249,3500.0,,,3500.0
119599|2023|AA|14/admapprovalschemewebservice:0,119599|2023|AA|14,0,80172711,1769,4249,3500.0,,,3500.0
119599|2023|AA|15/admapprovalschemewebservice:0,119599|2023|AA|15,0,80162530,1769,4249,3500.0,,,3500.0
119599|2023|AA|16/admapprovalschemewebservice:0,119599|2023|AA|16,0,80255361,1769,4249,3500.0,,,3500.0
119599|2023|AA|17/admapprovalschemewebservice:0,119599|2023|AA|17,0,80257495,1769,4249,3500.0,,,3500.0
119599|2023|AA|18/admapprovalschemewebservice:0,119599|2023|AA|18,0,80256890,1769,4249,3500.0,,,3500.0
119599|2023|AA|19/admapprovalschemewebservice:0,119599|2023|AA|19,0,80255031,1769,4249,3500.0,,,3500.0
119599|2023|AA|20/admapprovalschemewebservice:0,119599|2023|AA|20,0,80176214,1769,4249,3500.0,,,3500.0
119599|2023|AA|21/admapprovalschemewebservice:0,119599|2023|AA|21,0,80256535,1769,4249,3500.0,,,3500.0
119599|2023|AA|22/admapprovalschemewebservice:0,119599|2023|AA|22,0,80165637,1769,4249,3500.0,,,3500.0
119599|2023|AA|23/admapprovalschemewebservice:0,119599|2023|AA|23,0,80175594,1769,4249,3500.0,,,3500.0
119599|2023|AA|24/admapprovalschemewebservice:0,119599|2023|AA|24,0,79955690,1769,4211,116080.0,,,116080.0
119599|2023|AA|25/admapprovalschemewebservice:0,119599|2023|AA|25,0,79963641,1778,4250,50000.0,,,50000.0
119599|2023|AA|26/admapprovalschemewebservice:0,119599|2023|AA|26,0,79957873,1778,4250,20000.0,,,20000.0
119599|2023|AA|27/admapprovalschemewebservice:0,119599|2023|AA|27,0,79962020,1778,4250,43074.0,,,43074.0
119599|2024|AA|0/admapprovalschemewebservice:0,119599|2024|AA|0,0,105661229,1769,4211,77756.0,,,77756.0
119599|2024|AA|1/admapprovalschemewebservice:0,119599|2024|AA|1,0,105733941,1778,4250,200000.0,,,200000.0
119599|2024|AA|2/admapprovalschemewebservice:0,119599|2024|AA|2,0,105648673,1769,4249,156000.0,,,156000.0
119599|2024|AA|3/admapprovalschemewebservice:0,119599|2024|AA|3,0,105661025,1769,4211,500000.0,,,500000.0
119599|2024|AA|4/admapprovalschemewebservice:0,119599|2024|AA|4,0,105648980,1769,4249,333567.0,,,333567.0
119599|2024|AA|5/admapprovalschemewebservice:0,119599|2024|AA|5,0,105667573,1778,4250,100000.0,,,100000.0
119599|2024|AA|6/admapprovalschemewebservice:0,119599|2024|AA|6,0,105667167,1778,4250,43000.0,,,43000.0
119599|2024|AA|7/admapprovalschemewebservice:0,119599|2024|AA|7,0,105661404,1769,4211,75000.0,,,75000.0
119599|2024|AA|8/admapprovalschemewebservice:0,119599|2024|AA|8,0,105649904,1769,4249,101680.0,,,101680.0
119599|2024|AA|9/admapprovalschemewebservice:0,119599|2024|AA|9,0,105660870,1769,4249,200847.0,,,200847.0
119599|2024|AA|10/admapprovalschemewebservice:0,119599|2024|AA|10,0,105650225,1769,4249,62040.0,,,62040.0
119599|2025|AA|0/admapprovalschemewebservice:0,119599|2025|AA|0,0,118530588,1778,4250,100000.0,,,100000.0
119599|2025|AA|1/admapprovalschemewebservice:0,119599|2025|AA|1,0,121630153,1769,4249,300000.0,,,300000.0
119599|2025|AA|2/admapprovalschemewebservice:0,119599|2025|AA|2,0,118509839,1769,4211,140000.0,,,140000.0
119599|2025|AA|3/admapprovalschemewebservice:0,119599|2025|AA|3,0,121630116,1769,4249,156000.0,,,156000.0
119599|2025|AA|4/admapprovalschemewebservice:0,119599|2025|AA|4,0,118542524,1778,4250,50000.0,,,50000.0
119599|2025|AA|5/admapprovalschemewebservice:0,119599|2025|AA|5,0,118504613,1769,4211,100000.0,,,100000.0
119599|2025|AA|6/admapprovalschemewebservice:0,119599|2025|AA|6,0,118530871,1778,4250,100000.0,,,100000.0
119599|2025|AA|7/admapprovalschemewebservice:0,119599|2025|AA|7,0,127987671,1769,4211,150000.0,,,150000.0
119599|2025|AA|8/admapprovalschemewebservice:0,119599|2025|AA|8,0,118529913,1778,4250,200000.0,,,200000.0
119599|2025|AA|9/admapprovalschemewebservice:0,119599|2025|AA|9,0,128271713,1769,4249,12167.0,,,12167.0
119599|2025|AA|10/admapprovalschemewebservice:0,119599|2025|AA|10,0,121628130,1769,4249,12167.0,,,12167.0
119605|2020|AA|0/admapprovalschemewebservice:0,119605|2020|AA|0,0,44344759,1769,4249,205772.0,,,205772.0
119605|2020|AA|1/admapprovalschemewebservice:0,119605|2020|AA|1,0,44344901,1769,4211,150000.0,,,150000.0
119605|2020|AA|2/admapprovalschemewebservice:0,119605|2020|AA|2,0,44344919,1769,4211,100000.0,,,100000.0
119605|2020|AA|3/admapprovalschemewebservice:0,119605|2020|AA|3,0,44345009,1769,4211,100000.0,,,100000.0
119605|2020|AA|4/admapprovalschemewebservice:0,119605|2020|AA|4,0,44344938,1769,4211,120000.0,,,120000.0
119605|2020|AA|5/admapprovalschemewebservice:0,119605|2020|AA|5,0,44345063,1769,4211,120000.0,,,120000.0
119605|2020|AA|6/admapprovalschemewebservice:0,119605|2020|AA|6,0,44345047,1769,4211,150000.0,,,150000.0
119605|2020|AA|7/admapprovalschemewebservice:0,119605|2020|AA|7,0,44344710,1769,4249,200000.0,,,200000.0
119605|2020|AA|8/admapprovalschemewebservice:0,119605|2020|AA|8,0,44344969,1769,4211,50000.0,,,50000.0
119605|2020|AA|9/admapprovalschemewebservice:0,119605|2020|AA|9,0,44345027,1769,4211,100000.0,,,100000.0
119605|2020|AA|10/admapprovalschemewebservice:0,119605|2020|AA|10,0,44344953,1769,4211,75772.0,,,75772.0
119605|2020|AA|11/admapprovalschemewebservice:0,119605|2020|AA|11,0,44339606,1778,4250,100000.0,,,100000.0
119605|2020|AA|12/admapprovalschemewebservice:0,119605|2020|AA|12,0,44339623,1778,4250,100000.0,,,100000.0
119605|2020|AA|13/admapprovalschemewebservice:0,119605|2020|AA|13,0,44339808,1778,4250,75074.0,,,75074.0
119605|2020|AA|14/admapprovalschemewebservice:0,119605|2020|AA|14,0,44344661,1769,4249,260000.0,,,260000.0
119605|2021|AA|0/admapprovalschemewebservice:0,119605|2021|AA|0,0,48208444,1778,4252,35074.0,,,35074.0
119605|2021|AA|0/admapprovalschemewebservice:1,119605|2021|AA|0,1,48208444,1778,4250,35070.0,,,35070.0
119605|2021|AA|1/admapprovalschemewebservice:0,119605|2021|AA|1,0,48208325,1778,4252,360000.0,,,360000.0
119605|2021|AA|2/admapprovalschemewebservice:0,119605|2021|AA|2,0,56657451,1769,4249,141149.0,,,141149.0
119605|2021|AA|3/admapprovalschemewebservice:0,119605|2021|AA|3,0,56600246,1769,4249,20000.0,,,20000.0
119605|2021|AA|4/admapprovalschemewebservice:0,119605|2021|AA|4,0,56613832,1769,4249,121149.0,,,121149.0
119605|2021|AA|5/admapprovalschemewebservice:0,119605|2021|AA|5,0,65096304,1769,4211,88198.0,,,88198.0
119605|2021|AA|6/admapprovalschemewebservice:0,119605|2021|AA|6,0,65096368,1769,4211,50000.0,,,50000.0
119605|2021|AA|7/admapprovalschemewebservice:0,119605|2021|AA|7,0,48208369,1778,4252,48000.0,,,48000.0
119605|2021|AA|8/admapprovalschemewebservice:0,119605|2021|AA|8,0,56657016,1769,4249,100000.0,,,100000.0
119605|2021|AA|9/admapprovalschemewebservice:0,119605|2021|AA|9,0,56673560,1769,4211,50000.0,,,50000.0
119605|2021|AA|10/admapprovalschemewebservice:0,119605|2021|AA|10,0,65097842,1769,4211,50000.0,,,50000.0
119605|2021|AA|11/admapprovalschemewebservice:0,119605|2021|AA|11,0,56599453,1769,4249,200000.0,,,200000.0
119605|2021|AA|12/admapprovalschemewebservice:0,119605|2021|AA|12,0,56673997,1769,4211,50000.0,,,50000.0
119605|2021|AA|13/admapprovalschemewebservice:0,119605|2021|AA|13,0,48208494,1778,4252,200000.0,,,200000.0
119605|2021|AA|14/admapprovalschemewebservice:0,119605|2021|AA|14,0,65098022,1769,4249,100000.0,,,100000.0
119605|2022|AA|0/admapprovalschemewebservice:0,119605|2022|AA|0,0,65408949,1769,4249,350000.0,,,350000.0
119605|2022|AA|1/admapprovalschemewebservice:0,119605|2022|AA|1,0,65409623,1778,4250,43074.0,,,43074.0
119605|2022|AA|2/admapprovalschemewebservice:0,119605|2022|AA|2,0,65409284,1769,4211,200000.0,,,200000.0
119605|2022|AA|3/admapprovalschemewebservice:0,119605|2022|AA|3,0,65409476,1778,4250,400000.0,,,400000.0
119605|2022|AA|4/admapprovalschemewebservice:0,119605|2022|AA|4,0,65409377,1769,4211,108992.0,,,108992.0
119605|2022|AA|5/admapprovalschemewebservice:0,119605|2022|AA|5,0,65409338,1769,4211,300000.0,,,300000.0
119605|2022|AA|6/admapprovalschemewebservice:0,119605|2022|AA|6,0,60926606,1769,4249,48000.0,,,48000.0
119605|2022|AA|7/admapprovalschemewebservice:0,119605|2022|AA|7,0,65410452,1769,4249,21500.0,,,21500.0
119605|2022|AA|8/admapprovalschemewebservice:0,119605|2022|AA|8,0,65410237,1769,4249,20000.0,,,20000.0
119605|2022|AA|9/admapprovalschemewebservice:0,119605|2022|AA|9,0,65410011,1769,4249,22500.0,,,22500.0
119605|2022|AA|10/admapprovalschemewebservice:0,119605|2022|AA|10,0,60926466,1778,4250,200000.0,,,200000.0
119605|2022|AA|11/admapprovalschemewebservice:0,119605|2022|AA|11,0,65410201,1769,4249,50000.0,,,50000.0
119605|2022|AA|12/admapprovalschemewebservice:0,119605|2022|AA|12,0,65409970,1769,4249,60000.0,,,60000.0
119605|2022|AA|13/admapprovalschemewebservice:0,119605|2022|AA|13,0,65409810,1769,4249,60000.0,,,60000.0
119605|2022|AA|14/admapprovalschemewebservice:0,119605|2022|AA|14,0,65409918,1769,4249,90000.0,,,90000.0
119605|2022|AA|15/admapprovalschemewebservice:0,119605|2022|AA|15,0,88448498,1769,4249,60000.0,,,60000.0
119605|2022|AA|16/admapprovalschemewebservice:0,119605|2022|AA|16,0,65410154,1769,4249,7000.0,,,7000.0
119605|2022|AA|17/admapprovalschemewebservice:0,119605|2022|AA|17,0,65410493,1769,4249,6594.0,,,6594.0
119605|2023|AA|0/admapprovalschemewebservice:0,119605|2023|AA|0,0,76582178,1778,4250,43074.0,,,43074.0
119605|2023|AA|1/admapprovalschemewebservice:0,119605|2023|AA|1,0,82876565,1769,4249,48000.0,,,48000.0
119605|2023|AA|2/admapprovalschemewebservice:0,119605|2023|AA|2,0,82878032,1769,4249,365516.0,,,365516.0
119605|2023|AA|3/admapprovalschemewebservice:0,119605|2023|AA|3,0,82877361,1769,4249,48744.0,,,48744.0
119605|2023|AA|4/admapprovalschemewebservice:0,119605|2023|AA|4,0,76584043,1778,4250,50000.0,,,50000.0
119605|2023|AA|5/admapprovalschemewebservice:0,119605|2023|AA|5,0,76422091,1769,4249,3500.0,,,3500.0
119605|2023|AA|6/admapprovalschemewebservice:0,119605|2023|AA|6,0,76422269,1769,4249,3500.0,,,3500.0
119605|2023|AA|7/admapprovalschemewebservice:0,119605|2023|AA|7,0,76422493,1769,4249,3500.0,,,3500.0
119605|2023|AA|8/admapprovalschemewebservice:0,119605|2023|AA|8,0,76424051,1769,4249,3500.0,,,3500.0
119605|2023|AA|9/admapprovalschemewebservice:0,119605|2023|AA|9,0,76422932,1769,4249,3500.0,,,3500.0
119605|2023|AA|10/admapprovalschemewebservice:0,119605|2023|AA|10,0,76423426,1769,4249,3500.0,,,3500.0
119605|2023|AA|11/admapprovalschemewebservice:0,119605|2023|AA|11,0,76423647,1769,4249,3500.0,,,3500.0
119605|2023|AA|12/admapprovalschemewebservice:0,119605|2023|AA|12,0,76422693,1769,4249,3500.0,,,3500.0
119605|2023|AA|13/admapprovalschemewebservice:0,119605|2023|AA|13,0,76423863,1769,4249,3500.0,,,3500.0
119605|2023|AA|14/admapprovalschemewebservice:0,119605|2023|AA|14,0,76576158,1778,4250,300000.0,,,300000.0
119605|2023|AA|15/admapprovalschemewebservice:0,119605|2023|AA|15,0,82903814,1778,4250,150000.0,,,150000.0
119605|2023|AA|16/admapprovalschemewebservice:0,119605|2023|AA|16,0,76584990,1778,4250,50000.0,,,50000.0
119605|2023|AA|17/admapprovalschemewebservice:0,119605|2023|AA|17,0,76414199,1769,4249,75700.0,,,75700.0
119605|2023|AA|18/admapprovalschemewebservice:0,119605|2023|AA|18,0,76415612,1769,4249,3500.0,,,3500.0
119605|2023|AA|19/admapprovalschemewebservice:0,119605|2023|AA|19,0,76415920,1769,4249,3500.0,,,3500.0
119605|2023|AA|20/admapprovalschemewebservice:0,119605|2023|AA|20,0,76416165,1769,4249,3500.0,,,3500.0
119605|2023|AA|21/admapprovalschemewebservice:0,119605|2023|AA|21,0,76417018,1769,4249,3500.0,,,3500.0
119605|2023|AA|22/admapprovalschemewebservice:0,119605|2023|AA|22,0,76417263,1769,4249,3500.0,,,3500.0
119605|2023|AA|23/admapprovalschemewebservice:0,119605|2023|AA|23,0,76417663,1769,4249,3500.0,,,3500.0
119605|2023|AA|24/admapprovalschemewebservice:0,119605|2023|AA|24,0,76419677,1769,4249,3500.0,,,3500.0
119605|2023|AA|25/admapprovalschemewebservice:0,119605|2023|AA|25,0,76420017,1769,4249,3500.0,,,3500.0
119605|2023|AA|26/admapprovalschemewebservice:0,119605|2023|AA|26,0,76420472,1769,4249,3500.0,,,3500.0
119605|2023|AA|27/admapprovalschemewebservice:0,119605|2023|AA|27,0,76420237,1769,4249,3500.0,,,3500.0
119605|2023|AA|28/admapprovalschemewebservice:0,119605|2023|AA|28,0,77191560,1769,4211,102592.0,,,102592.0
119605|2023|AA|29/admapprovalschemewebservice:0,119605|2023|AA|29,0,77190660,1769,4211,100000.0,,,100000.0
119605|2023|AA|30/admapprovalschemewebservice:0,119605|2023|AA|30,0,77189411,1769,4211,100000.0,,,100000.0
119605|2023|AA|31/admapprovalschemewebservice:0,119605|2023|AA|31,0,76588111,1778,4250,50000.0,,,50000.0
119605|2023|AA|32/admapprovalschemewebservice:0,119605|2023|AA|32,0,77188214,1769,4211,100000.0,,,100000.0
119605|2023|AA|33/admapprovalschemewebservice:0,119605|2023|AA|33,0,76413825,1769,4249,50000.0,,,50000.0
119605|2023|AA|34/admapprovalschemewebservice:0,119605|2023|AA|34,0,76412971,1769,4249,100000.0,,,100000.0
119605|2024|AA|0/admapprovalschemewebservice:0,119605|2024|AA|0,0,102253049,1769,4249,489567.0,,,489567.0
119605|2024|AA|1/admapprovalschemewebservice:0,119605|2024|AA|1,0,101667237,1778,4250,100000.0,,,100000.0
119605|2024|AA|2/admapprovalschemewebservice:0,119605|2024|AA|2,0,102364406,1769,4211,200000.0,,,200000.0
119605|2024|AA|3/admapprovalschemewebservice:0,119605|2024|AA|3,0,101709656,1769,4249,3500.0,,,3500.0
119605|2024|AA|4/admapprovalschemewebservice:0,119605|2024|AA|4,0,101636921,1769,4211,252756.0,,,252756.0
119605|2024|AA|5/admapprovalschemewebservice:0,119605|2024|AA|5,0,101711630,1769,4249,3500.0,,,3500.0
119605|2024|AA|6/admapprovalschemewebservice:0,119605|2024|AA|6,0,101716273,1769,4249,3500.0,,,3500.0
119605|2024|AA|7/admapprovalschemewebservice:0,119605|2024|AA|7,0,101714632,1769,4249,3500.0,,,3500.0
119605|2024|AA|8/admapprovalschemewebservice:0,119605|2024|AA|8,0,101713082,1769,4249,3500.0,,,3500.0
119605|2024|AA|9/admapprovalschemewebservice:0,119605|2024|AA|9,0,101721204,1769,4249,3500.0,,,3500.0
119605|2024|AA|10/admapprovalschemewebservice:0,119605|2024|AA|10,0,101723850,1769,4249,3500.0,,,3500.0
119605|2024|AA|11/admapprovalschemewebservice:0,119605|2024|AA|11,0,101726970,1769,4249,3500.0,,,3500.0
119605|2024|AA|12/admapprovalschemewebservice:0,119605|2024|AA|12,0,101616506,1769,4249,5150.0,,,5150.0
119605|2024|AA|13/admapprovalschemewebservice:0,119605|2024|AA|13,0,101621024,1769,4249,20977.0,,,20977.0
119605|2024|AA|14/admapprovalschemewebservice:0,119605|2024|AA|14,0,102245941,1769,4249,69440.0,,,69440.0
119605|2024|AA|15/admapprovalschemewebservice:0,119605|2024|AA|15,0,101663086,1778,4250,47074.0,,,47074.0
119605|2024|AA|16/admapprovalschemewebservice:0,119605|2024|AA|16,0,101639896,1769,4211,200000.0,,,200000.0
119605|2024|AA|17/admapprovalschemewebservice:0,119605|2024|AA|17,0,101659017,1778,4250,150000.0,,,150000.0
119605|2024|AA|18/admapprovalschemewebservice:0,119605|2024|AA|18,0,101614963,1769,4249,300000.0,,,300000.0
119605|2025|AA|0/admapprovalschemewebservice:0,119605|2025|AA|0,0,121981445,1769,4249,110333.0,,,110333.0
119605|2025|AA|1/admapprovalschemewebservice:0,119605|2025|AA|1,0,117175672,1769,4249,78000.0,,,78000.0
119605|2025|AA|2/admapprovalschemewebservice:0,119605|2025|AA|2,0,121979127,1769,4249,30000.0,,,30000.0
119605|2025|AA|3/admapprovalschemewebservice:0,119605|2025|AA|3,0,121979609,1769,4249,50000.0,,,50000.0
119605|2025|AA|4/admapprovalschemewebservice:0,119605|2025|AA|4,0,121980396,1769,4249,20000.0,,,20000.0
119605|2025|AA|5/admapprovalschemewebservice:0,119605|2025|AA|5,0,121984299,1769,4211,152756.0,,,152756.0
119605|2025|AA|6/admapprovalschemewebservice:0,119605|2025|AA|6,0,121979351,1769,4249,50000.0,,,50000.0
119605|2025|AA|7/admapprovalschemewebservice:0,119605|2025|AA|7,0,121978446,1769,4249,69440.0,,,69440.0
119605|2025|AA|8/admapprovalschemewebservice:0,119605|2025|AA|8,0,121977784,1769,4249,399400.0,,,399400.0
119605|2025|AA|9/admapprovalschemewebservice:0,119605|2025|AA|9,0,121984590,1769,4211,100000.0,,,100000.0
119605|2025|AA|10/admapprovalschemewebservice:0,119605|2025|AA|10,0,121984981,1769,4211,100000.0,,,100000.0
119605|2025|AA|11/admapprovalschemewebservice:0,119605|2025|AA|11,0,121987791,1778,4250,150000.0,,,150000.0
119605|2025|AA|12/admapprovalschemewebservice:0,119605|2025|AA|12,0,121988989,1778,4250,50000.0,,,50000.0
119605|2025|AA|13/admapprovalschemewebservice:0,119605|2025|AA|13,0,121988481,1778,4250,243074.0,,,243074.0
119605|2025|AA|14/admapprovalschemewebservice:0,119605|2025|AA|14,0,121983932,1769,4211,100000.0,,,100000.0
119605|2025|AA|15/admapprovalschemewebservice:0,119605|2025|AA|15,0,121988150,1778,4250,200000.0,,,200000.0
119605|2025|AA|16/admapprovalschemewebservice:0,119605|2025|AA|16,0,121981982,1769,4249,90000.0,,,90000.0
119717|2020|AA|0/admapprovalschemewebservice:0,119717|2020|AA|0,0,44280668,1769,4249,150000.0,,,150000.0
119717|2020|AA|1/admapprovalschemewebservice:0,119717|2020|AA|1,0,44301808,1769,4211,200000.0,,,200000.0
119717|2020|AA|2/admapprovalschemewebservice:0,119717|2020|AA|2,0,44302023,1769,4211,300000.0,,,300000.0
119717|2020|AA|3/admapprovalschemewebservice:0,119717|2020|AA|3,0,44302410,1778,4250,100000.0,,,100000.0
119717|2020|AA|4/admapprovalschemewebservice:0,119717|2020|AA|4,0,44280995,1769,4249,200000.0,,,200000.0
119717|2020|AA|5/admapprovalschemewebservice:0,119717|2020|AA|5,0,44302146,1769,4211,200000.0,,,200000.0
119717|2020|AA|6/admapprovalschemewebservice:0,119717|2020|AA|6,0,44302588,1778,4250,100000.0,,,100000.0
119717|2020|AA|7/admapprovalschemewebservice:0,119717|2020|AA|7,0,44301723,1769,4211,200000.0,,,200000.0
119717|2020|AA|8/admapprovalschemewebservice:0,119717|2020|AA|8,0,44302217,1769,4211,179043.0,,,179043.0
119717|2020|AA|9/admapprovalschemewebservice:0,119717|2020|AA|9,0,44302306,1778,4250,100000.0,,,100000.0
119717|2020|AA|10/admapprovalschemewebservice:0,119717|2020|AA|10,0,44302267,1769,4211,50000.0,,,50000.0
119717|2020|AA|11/admapprovalschemewebservice:0,119717|2020|AA|11,0,44280525,1769,4249,300000.0,,,300000.0
119717|2020|AA|12/admapprovalschemewebservice:0,119717|2020|AA|12,0,44302100,1769,4211,200000.0,,,200000.0
119717|2020|AA|13/admapprovalschemewebservice:0,119717|2020|AA|13,0,44302524,1778,4250,100000.0,,,100000.0
119717|2020|AA|14/admapprovalschemewebservice:0,119717|2020|AA|14,0,44302453,1778,4250,400000.0,,,400000.0
119717|2020|AA|15/admapprovalschemewebservice:0,119717|2020|AA|15,0,44280874,1769,4249,100000.0,,,100000.0
119717|2020|AA|16/admapprovalschemewebservice:0,119717|2020|AA|16,0,44281181,1769,4249,100000.0,,,100000.0
119717|2020|AA|17/admapprovalschemewebservice:0,119717|2020|AA|17,0,44301379,1769,4249,100000.0,,,100000.0
119717|2020|AA|18/admapprovalschemewebservice:0,119717|2020|AA|18,0,44301474,1769,4249,100000.0,,,100000.0
119717|2020|AA|19/admapprovalschemewebservice:0,119717|2020|AA|19,0,44302651,1778,4250,225000.0,,,225000.0
119717|2020|AA|20/admapprovalschemewebservice:0,119717|2020|AA|20,0,44301931,1769,4211,100000.0,,,100000.0
119717|2021|AA|0/admapprovalschemewebservice:0,119717|2021|AA|0,0,47665150,1769,4249,192000.0,,,192000.0
119717|2021|AA|1/admapprovalschemewebservice:0,119717|2021|AA|1,0,47698853,1769,4249,230428.0,,,230428.0
119717|2021|AA|2/admapprovalschemewebservice:0,119717|2021|AA|2,0,47668326,1769,4211,330000.0,,,330000.0
119717|2021|AA|3/admapprovalschemewebservice:0,119717|2021|AA|3,0,47663723,1769,4249,370000.0,,,370000.0
119717|2021|AA|4/admapprovalschemewebservice:0,119717|2021|AA|4,0,52577130,1778,4250,100000.0,,,100000.0
119717|2021|AA|5/admapprovalschemewebservice:0,119717|2021|AA|5,0,47683986,1769,4211,333000.0,,,333000.0
119717|2021|AA|6/admapprovalschemewebservice:0,119717|2021|AA|6,0,47666669,1769,4249,64428.0,,,64428.0
119717|2021|AA|7/admapprovalschemewebservice:0,119717|2021|AA|7,0,47669467,1769,4249,138093.0,,,138093.0
119717|2021|AA|8/admapprovalschemewebservice:0,119717|2021|AA|8,0,52577241,1778,4250,100000.0,,,100000.0
119717|2021|AA|9/admapprovalschemewebservice:0,119717|2021|AA|9,0,52577101,1778,4250,150000.0,,,150000.0
119717|2021|AA|10/admapprovalschemewebservice:0,119717|2021|AA|10,0,47664303,1769,4249,50000.0,,,50000.0
119717|2021|AA|11/admapprovalschemewebservice:0,119717|2021|AA|11,0,52577071,1778,4250,200000.0,,,200000.0
119717|2021|AA|12/admapprovalschemewebservice:0,119717|2021|AA|12,0,47669718,1769,4249,120000.0,,,120000.0
119717|2021|AA|13/admapprovalschemewebservice:0,119717|2021|AA|13,0,52577185,1778,4250,150000.0,,,150000.0
119717|2021|AA|14/admapprovalschemewebservice:0,119717|2021|AA|14,0,52577274,1778,4250,50000.0,,,50000.0
119717|2021|AA|15/admapprovalschemewebservice:0,119717|2021|AA|15,0,47681578,1769,4249,35000.0,,,35000.0
119717|2021|AA|16/admapprovalschemewebservice:0,119717|2021|AA|16,0,52577161,1778,4250,400000.0,,,400000.0
119717|2022|AA|0/admapprovalschemewebservice:0,119717|2022|AA|0,0,64829858,1769,4249,500000.0,,,500000.0
119717|2022|AA|1/admapprovalschemewebservice:0,119717|2022|AA|1,0,64820267,1778,4250,160000.0,,,160000.0
119717|2022|AA|2/admapprovalschemewebservice:0,119717|2022|AA|2,0,64820403,1778,4250,140000.0,,,140000.0
119717|2022|AA|3/admapprovalschemewebservice:0,119717|2022|AA|3,0,64830504,1769,4211,176796.0,,,176796.0
119717|2022|AA|4/admapprovalschemewebservice:0,119717|2022|AA|4,0,64829816,1769,4249,192000.0,,,192000.0
119717|2022|AA|5/admapprovalschemewebservice:0,119717|2022|AA|5,0,64830572,1769,4211,140000.0,,,140000.0
119717|2022|AA|6/admapprovalschemewebservice:0,119717|2022|AA|6,0,64829892,1769,4249,60000.0,,,60000.0
119717|2022|AA|7/admapprovalschemewebservice:0,119717|2022|AA|7,0,64820208,1778,4250,500000.0,,,500000.0
119717|2022|AA|8/admapprovalschemewebservice:0,119717|2022|AA|8,0,64830327,1769,4211,100000.0,,,100000.0
119717|2022|AA|9/admapprovalschemewebservice:0,119717|2022|AA|9,0,64830629,1769,4211,50000.0,,,50000.0
119717|2022|AA|10/admapprovalschemewebservice:0,119717|2022|AA|10,0,64830394,1769,4211,100000.0,,,100000.0
119717|2022|AA|11/admapprovalschemewebservice:0,119717|2022|AA|11,0,64830300,1769,4211,100000.0,,,100000.0
119717|2022|AA|12/admapprovalschemewebservice:0,119717|2022|AA|12,0,64830466,1769,4211,50000.0,,,50000.0
119717|2022|AA|13/admapprovalschemewebservice:0,119717|2022|AA|13,0,64830414,1769,4211,20000.0,,,20000.0
119717|2022|AA|14/admapprovalschemewebservice:0,119717|2022|AA|14,0,64829971,1769,4249,105000.0,,,105000.0
119717|2022|AA|15/admapprovalschemewebservice:0,119717|2022|AA|15,0,64830609,1769,4211,70000.0,,,70000.0
119717|2022|AA|16/admapprovalschemewebservice:0,119717|2022|AA|16,0,61739887,1778,4250,125000.0,,,125000.0
119717|2022|AA|17/admapprovalschemewebservice:0,119717|2022|AA|17,0,64830144,1769,4249,65383.0,,,65383.0
119717|2022|AA|18/admapprovalschemewebservice:0,119717|2022|AA|18,0,64830015,1769,4249,52500.0,,,52500.0
119717|2022|AA|19/admapprovalschemewebservice:0,119717|2022|AA|19,0,64820281,1778,4250,40000.0,,,40000.0
119717|2022|AA|20/admapprovalschemewebservice:0,119717|2022|AA|20,0,64820343,1778,4250,30000.0,,,30000.0
119717|2022|AA|21/admapprovalschemewebservice:0,119717|2022|AA|21,0,64830233,1769,4249,20000.0,,,20000.0
119717|2022|AA|22/admapprovalschemewebservice:0,119717|2022|AA|22,0,64820253,1778,4250,50000.0,,,50000.0
119717|2022|AA|23/admapprovalschemewebservice:0,119717|2022|AA|23,0,61740040,1778,4250,21220.0,,,21220.0
119717|2022|AA|24/admapprovalschemewebservice:0,119717|2022|AA|24,0,61742627,1778,4250,41220.0,,,41220.0
119717|2022|AA|25/admapprovalschemewebservice:0,119717|2022|AA|25,0,64820332,1778,4250,12000.0,,,12000.0
119717|2023|AA|0/admapprovalschemewebservice:0,119717|2023|AA|0,0,82999413,1778,4250,924900.0,,,924900.0
119717|2023|AA|1/admapprovalschemewebservice:0,119717|2023|AA|1,0,83119040,1769,4249,63498.0,,,63498.0
119717|2023|AA|2/admapprovalschemewebservice:0,119717|2023|AA|2,0,83130292,1769,4249,141498.0,,,141498.0
119717|2023|AA|3/admapprovalschemewebservice:0,119717|2023|AA|3,0,83118218,1769,4249,87000.0,,,87000.0
119717|2023|AA|4/admapprovalschemewebservice:0,119717|2023|AA|4,0,83128802,1769,4249,22750.0,,,22750.0
119717|2023|AA|5/admapprovalschemewebservice:0,119717|2023|AA|5,0,82998373,1769,4211,105000.0,,,105000.0
119717|2023|AA|6/admapprovalschemewebservice:0,119717|2023|AA|6,0,80576673,1769,4211,176000.0,,,176000.0
119717|2023|AA|7/admapprovalschemewebservice:0,119717|2023|AA|7,0,83129586,1769,4249,375000.0,,,375000.0
119717|2023|AA|8/admapprovalschemewebservice:0,119717|2023|AA|8,0,82999216,1769,4211,118664.0,,,118664.0
119717|2023|AA|9/admapprovalschemewebservice:0,119717|2023|AA|9,0,80575335,1769,4211,85000.0,,,85000.0
119717|2023|AA|10/admapprovalschemewebservice:0,119717|2023|AA|10,0,83032499,1769,4249,36000.0,,,36000.0
119717|2024|AA|0/admapprovalschemewebservice:0,119717|2024|AA|0,0,100339064,1769,4249,36000.0,,,36000.0
119717|2024|AA|1/admapprovalschemewebservice:0,119717|2024|AA|1,0,100482822,1769,4249,97928.0,,,97928.0
119717|2024|AA|2/admapprovalschemewebservice:0,119717|2024|AA|2,0,100527949,1778,4250,140000.0,,,140000.0
119717|2024|AA|3/admapprovalschemewebservice:0,119717|2024|AA|3,0,100379955,1769,4211,50000.0,,,50000.0
119717|2024|AA|4/admapprovalschemewebservice:0,119717|2024|AA|4,0,100531595,1778,4250,40000.0,,,40000.0
119717|2024|AA|5/admapprovalschemewebservice:0,119717|2024|AA|5,0,100526108,1778,4250,273000.0,,,273000.0
119717|2024|AA|6/admapprovalschemewebservice:0,119717|2024|AA|6,0,100525756,1778,4250,132000.0,,,132000.0
119717|2024|AA|7/admapprovalschemewebservice:0,119717|2024|AA|7,0,100375965,1769,4249,100000.0,,,100000.0
119717|2024|AA|8/admapprovalschemewebservice:0,119717|2024|AA|8,0,100376909,1769,4249,100000.0,,,100000.0
119717|2024|AA|9/admapprovalschemewebservice:0,119717|2024|AA|9,0,100374986,1769,4249,100000.0,,,100000.0
119717|2024|AA|10/admapprovalschemewebservice:0,119717|2024|AA|10,0,100375388,1769,4249,100000.0,,,100000.0
119717|2024|AA|11/admapprovalschemewebservice:0,119717|2024|AA|11,0,100385798,1769,4211,100000.0,,,100000.0
119717|2024|AA|12/admapprovalschemewebservice:0,119717|2024|AA|12,0,100343863,1769,4249,220672.0,,,220672.0
119717|2024|AA|13/admapprovalschemewebservice:0,119717|2024|AA|13,0,100530306,1778,4250,100000.0,,,100000.0
119717|2024|AA|14/admapprovalschemewebservice:0,119717|2024|AA|14,0,100379485,1769,4211,600896.0,,,600896.0
119717|2024|AA|15/admapprovalschemewebservice:0,119717|2024|AA|15,0,100221356,1769,4249,50000.0,,,50000.0
119717|2024|AA|16/admapprovalschemewebservice:0,119717|2024|AA|16,0,100222458,1769,4249,50000.0,,,50000.0
119717|2024|AA|17/admapprovalschemewebservice:0,119717|2024|AA|17,0,100224869,1769,4249,245000.0,,,245000.0
119717|2024|AA|18/admapprovalschemewebservice:0,119717|2024|AA|18,0,100406448,1778,4250,60000.0,,,60000.0
119717|2024|AA|19/admapprovalschemewebservice:0,119717|2024|AA|19,0,100528704,1778,4250,15000.0,,,15000.0
119717|2024|AA|20/admapprovalschemewebservice:0,119717|2024|AA|20,0,100527542,1778,4250,50000.0,,,50000.0
119717|2024|AA|21/admapprovalschemewebservice:0,119717|2024|AA|21,0,100530697,1778,4250,100000.0,,,100000.0
119717|2024|AA|22/admapprovalschemewebservice:0,119717|2024|AA|22,0,100341996,1769,4249,75000.0,,,75000.0
119717|2024|AA|23/admapprovalschemewebservice:0,119717|2024|AA|23,0,100342542,1769,4249,22500.0,,,22500.0
119717|2024|AA|24/admapprovalschemewebservice:0,119717|2024|AA|24,0,100387572,1769,4211,50000.0,,,50000.0
119717|2024|AA|25/admapprovalschemewebservice:0,119717|2024|AA|25,0,100347286,1769,4249,130000.0,,,130000.0
119717|2024|AA|26/admapprovalschemewebservice:0,119717|2024|AA|26,0,100500396,1778,4250,246648.0,,,246648.0
119717|2024|AA|27/admapprovalschemewebservice:0,119717|2024|AA|27,0,128344210,1769,4249,97928.0,,,97928.0
119717|2025|AA|0/admapprovalschemewebservice:0,119717|2025|AA|0,0,124812356,1778,4250,120000.0,,,120000.0
119717|2025|AA|1/admapprovalschemewebservice:0,119717|2025|AA|1,0,124812783,1778,4250,100000.0,,,100000.0
119717|2025|AA|2/admapprovalschemewebservice:0,119717|2025|AA|2,0,124969379,1778,4250,28240.0,,,28240.0
119717|2025|AA|3/admapprovalschemewebservice:0,119717|2025|AA|3,0,124801973,1769,4249,100000.0,,,100000.0
119717|2025|AA|4/admapprovalschemewebservice:0,119717|2025|AA|4,0,124759177,1769,4249,110672.0,,,110672.0
119717|2025|AA|5/admapprovalschemewebservice:0,119717|2025|AA|5,0,124812698,1778,4250,105000.0,,,105000.0
119717|2025|AA|6/admapprovalschemewebservice:0,119717|2025|AA|6,0,124997644,1769,4211,120000.0,,,120000.0
119717|2025|AA|7/admapprovalschemewebservice:0,119717|2025|AA|7,0,124804169,1769,4211,150000.0,,,150000.0
119717|2025|AA|8/admapprovalschemewebservice:0,119717|2025|AA|8,0,124812422,1778,4250,50000.0,,,50000.0
119717|2025|AA|9/admapprovalschemewebservice:0,119717|2025|AA|9,0,124803470,1769,4249,36000.0,,,36000.0
119717|2025|AA|10/admapprovalschemewebservice:0,119717|2025|AA|10,0,124812465,1778,4250,50000.0,,,50000.0
119717|2025|AA|11/admapprovalschemewebservice:0,119717|2025|AA|11,0,124802520,1769,4249,273000.0,,,273000.0
119862|2020|AA|0/admapprovalschemewebservice:0,119862|2020|AA|0,0,44222390,1769,4211,100000.0,,,100000.0
119862|2020|AA|1/admapprovalschemewebservice:0,119862|2020|AA|1,0,44220850,1769,4211,100000.0,,,100000.0
119862|2020|AA|2/admapprovalschemewebservice:0,119862|2020|AA|2,0,44222332,1769,4211,95733.0,,,95733.0
119862|2020|AA|3/admapprovalschemewebservice:0,119862|2020|AA|3,0,44220650,1769,4211,100000.0,,,100000.0
119862|2020|AA|4/admapprovalschemewebservice:0,119862|2020|AA|4,0,44218645,1769,4249,100000.0,,,100000.0
119862|2020|AA|5/admapprovalschemewebservice:0,119862|2020|AA|5,0,44219063,1769,4249,100000.0,,,100000.0
119862|2020|AA|6/admapprovalschemewebservice:0,119862|2020|AA|6,0,44218873,1769,4249,100000.0,,,100000.0
119862|2020|AA|7/admapprovalschemewebservice:0,119862|2020|AA|7,0,44214504,1769,4249,200000.0,,,200000.0
119862|2020|AA|8/admapprovalschemewebservice:0,119862|2020|AA|8,0,38590687,1769,4249,100000.0,,,100000.0
119862|2020|AA|9/admapprovalschemewebservice:0,119862|2020|AA|9,0,44220394,1769,4211,200000.0,,,200000.0
119862|2020|AA|10/admapprovalschemewebservice:0,119862|2020|AA|10,0,44222371,1769,4211,100000.0,,,100000.0
119862|2020|AA|11/admapprovalschemewebservice:0,119862|2020|AA|11,0,44222616,1778,4250,270000.0,,,270000.0
119862|2020|AA|12/admapprovalschemewebservice:0,119862|2020|AA|12,0,44218307,1769,4249,100000.0,,,100000.0
119862|2020|AA|13/admapprovalschemewebservice:0,119862|2020|AA|13,0,50392194,1778,4250,154840.0,,,154840.0
119862|2020|AA|14/admapprovalschemewebservice:0,119862|2020|AA|14,0,44222746,1778,4250,6000.0,,,6000.0
119862|2020|AA|15/admapprovalschemewebservice:0,119862|2020|AA|15,0,44214752,1769,4249,20000.0,,,20000.0
119862|2020|AA|16/admapprovalschemewebservice:0,119862|2020|AA|16,0,50391821,1778,4250,60000.0,,,60000.0
119862|2020|AA|17/admapprovalschemewebservice:0,119862|2020|AA|17,0,44218275,1769,4249,50000.0,,,50000.0
119862|2020|AA|18/admapprovalschemewebservice:0,119862|2020|AA|18,0,44222659,1778,4250,100000.0,,,100000.0
119862|2020|AA|19/admapprovalschemewebservice:0,119862|2020|AA|19,0,44222732,1778,4250,50000.0,,,50000.0
119862|2020|AA|20/admapprovalschemewebservice:0,119862|2020|AA|20,0,44219594,1769,4211,250000.0,,,250000.0
119862|2020|AA|21/admapprovalschemewebservice:0,119862|2020|AA|21,0,44222709,1778,4250,50000.0,,,50000.0
119862|2020|AA|22/admapprovalschemewebservice:0,119862|2020|AA|22,0,44222295,1769,4211,100000.0,,,100000.0
119862|2020|AA|23/admapprovalschemewebservice:0,119862|2020|AA|23,0,44220328,1769,4211,200000.0,,,200000.0
119862|2020|AA|24/admapprovalschemewebservice:0,119862|2020|AA|24,0,44222597,1778,4250,144000.0,,,144000.0
119862|2020|AA|25/admapprovalschemewebservice:0,119862|2020|AA|25,0,44222688,1778,4250,229600.0,,,229600.0
119862|2020|AA|26/admapprovalschemewebservice:0,119862|2020|AA|26,0,44213449,1769,4249,100000.0,,,100000.0
119862|2020|AA|27/admapprovalschemewebservice:0,119862|2020|AA|27,0,44218414,1769,4249,100000.0,,,100000.0
119862|2020|AA|28/admapprovalschemewebservice:0,119862|2020|AA|28,0,44222572,1778,4250,150000.0,,,150000.0
119862|2020|AA|29/admapprovalschemewebservice:0,119862|2020|AA|29,0,44218376,1769,4249,50000.0,,,50000.0
119862|2020|AA|30/admapprovalschemewebservice:0,119862|2020|AA|30,0,44222551,1778,4250,500000.0,,,500000.0
119862|2021|AA|0/admapprovalschemewebservice:0,119862|2021|AA|0,0,52408000,1769,4211,30000.0,,,30000.0
119862|2021|AA|1/admapprovalschemewebservice:0,119862|2021|AA|1,0,52408155,1769,4211,30000.0,,,30000.0
119862|2021|AA|2/admapprovalschemewebservice:0,119862|2021|AA|2,0,52408268,1769,4211,30000.0,,,30000.0
119862|2021|AA|3/admapprovalschemewebservice:0,119862|2021|AA|3,0,52408216,1769,4211,30000.0,,,30000.0
119862|2021|AA|4/admapprovalschemewebservice:0,119862|2021|AA|4,0,52408070,1769,4211,30000.0,,,30000.0
119862|2021|AA|5/admapprovalschemewebservice:0,119862|2021|AA|5,0,52408802,1778,4250,40000.0,,,40000.0
119862|2021|AA|6/admapprovalschemewebservice:0,119862|2021|AA|6,0,52406402,1769,4249,90000.0,,,90000.0
119862|2021|AA|7/admapprovalschemewebservice:0,119862|2021|AA|7,0,52409042,1778,4250,170000.0,,,170000.0
119862|2021|AA|8/admapprovalschemewebservice:0,119862|2021|AA|8,0,52408703,1778,4250,144000.0,,,144000.0
119862|2021|AA|9/admapprovalschemewebservice:0,119862|2021|AA|9,0,52407057,1769,4249,330000.0,,,330000.0
119862|2021|AA|10/admapprovalschemewebservice:0,119862|2021|AA|10,0,52406846,1769,4249,330000.0,,,330000.0
119862|2021|AA|11/admapprovalschemewebservice:0,119862|2021|AA|11,0,52408566,1778,4250,100000.0,,,100000.0
119862|2021|AA|12/admapprovalschemewebservice:0,119862|2021|AA|12,0,52407430,1769,4211,200000.0,,,200000.0
119862|2021|AA|13/admapprovalschemewebservice:0,119862|2021|AA|13,0,52408641,1778,4250,400000.0,,,400000.0
119862|2021|AA|14/admapprovalschemewebservice:0,119862|2021|AA|14,0,52407908,1769,4211,51733.0,,,51733.0
119862|2021|AA|15/admapprovalschemewebservice:0,119862|2021|AA|15,0,52408854,1778,4250,50000.0,,,50000.0
119862|2021|AA|16/admapprovalschemewebservice:0,119862|2021|AA|16,0,52408377,1778,4250,250000.0,,,250000.0
119862|2021|AA|17/admapprovalschemewebservice:0,119862|2021|AA|17,0,52408444,1778,4250,100000.0,,,100000.0
119862|2021|AA|18/admapprovalschemewebservice:0,119862|2021|AA|18,0,52406277,1769,4249,156000.0,,,156000.0
119862|2021|AA|19/admapprovalschemewebservice:0,119862|2021|AA|19,0,52408902,1778,4250,50000.0,,,50000.0
119862|2021|AA|20/admapprovalschemewebservice:0,119862|2021|AA|20,0,52407825,1769,4211,6000.0,,,6000.0
119862|2021|AA|21/admapprovalschemewebservice:0,119862|2021|AA|21,0,52406533,1769,4249,100000.0,,,100000.0
119862|2021|AA|22/admapprovalschemewebservice:0,119862|2021|AA|22,0,52406689,1769,4249,80000.0,,,80000.0
119862|2021|AA|23/admapprovalschemewebservice:0,119862|2021|AA|23,0,52408755,1778,4250,100000.0,,,100000.0
119862|2021|AA|24/admapprovalschemewebservice:0,119862|2021|AA|24,0,52406759,1769,4249,46866.0,,,46866.0
119862|2021|AA|25/admapprovalschemewebservice:0,119862|2021|AA|25,0,52406194,1769,4249,150000.0,,,150000.0
119862|2021|AA|26/admapprovalschemewebservice:0,119862|2021|AA|26,0,52412604,1769,4211,140000.0,,,140000.0
119862|2021|AA|27/admapprovalschemewebservice:0,119862|2021|AA|27,0,52407665,1769,4211,100000.0,,,100000.0
119862|2021|AA|28/admapprovalschemewebservice:0,119862|2021|AA|28,0,52412683,1769,4211,140000.0,,,140000.0
119862|2021|AA|29/admapprovalschemewebservice:0,119862|2021|AA|29,0,52407542,1769,4211,200000.0,,,200000.0
119862|2022|AA|0/admapprovalschemewebservice:0,119862|2022|AA|0,0,61700611,1769,4249,50000.0,,,50000.0
119862|2022|AA|1/admapprovalschemewebservice:0,119862|2022|AA|1,0,61700127,1769,4249,30000.0,,,30000.0
119862|2022|AA|2/admapprovalschemewebservice:0,119862|2022|AA|2,0,61704820,1778,4250,100000.0,,,100000.0
119862|2022|AA|3/admapprovalschemewebservice:0,119862|2022|AA|3,0,61700498,1769,4249,100000.0,,,100000.0
119862|2022|AA|4/admapprovalschemewebservice:0,119862|2022|AA|4,0,61704099,1769,4211,100000.0,,,100000.0
119862|2022|AA|5/admapprovalschemewebservice:0,119862|2022|AA|5,0,61704982,1778,4250,72000.0,,,72000.0
119862|2022|AA|6/admapprovalschemewebservice:0,119862|2022|AA|6,0,61705005,1778,4250,72000.0,,,72000.0
119862|2022|AA|7/admapprovalschemewebservice:0,119862|2022|AA|7,0,61704885,1778,4250,100000.0,,,100000.0
119862|2022|AA|8/admapprovalschemewebservice:0,119862|2022|AA|8,0,61699801,1769,4249,400000.0,,,400000.0
119862|2022|AA|9/admapprovalschemewebservice:0,119862|2022|AA|9,0,61703803,1769,4211,100000.0,,,100000.0
119862|2022|AA|10/admapprovalschemewebservice:0,119862|2022|AA|10,0,61704150,1769,4211,100000.0,,,100000.0
119862|2022|AA|11/admapprovalschemewebservice:0,119862|2022|AA|11,0,61704260,1769,4211,50000.0,,,50000.0
119862|2022|AA|12/admapprovalschemewebservice:0,119862|2022|AA|12,0,61705038,1778,4250,378440.0,,,378440.0
119862|2022|AA|13/admapprovalschemewebservice:0,119862|2022|AA|13,0,61704935,1778,4250,100000.0,,,100000.0
119862|2022|AA|14/admapprovalschemewebservice:0,119862|2022|AA|14,0,61703924,1769,4211,50000.0,,,50000.0
119862|2022|AA|15/admapprovalschemewebservice:0,119862|2022|AA|15,0,61704310,1769,4211,100000.0,,,100000.0
119862|2022|AA|16/admapprovalschemewebservice:0,119862|2022|AA|16,0,61704860,1778,4250,100000.0,,,100000.0
119862|2022|AA|17/admapprovalschemewebservice:0,119862|2022|AA|17,0,61700767,1769,4249,100000.0,,,100000.0
119862|2022|AA|18/admapprovalschemewebservice:0,119862|2022|AA|18,0,61700561,1769,4249,100000.0,,,100000.0
119862|2022|AA|19/admapprovalschemewebservice:0,119862|2022|AA|19,0,61700661,1769,4249,50000.0,,,50000.0
119862|2022|AA|20/admapprovalschemewebservice:0,119862|2022|AA|20,0,61700712,1769,4249,50000.0,,,50000.0
119862|2022|AA|21/admapprovalschemewebservice:0,119862|2022|AA|21,0,61704350,1769,4211,59796.0,,,59796.0
119862|2022|AA|22/admapprovalschemewebservice:0,119862|2022|AA|22,0,61704199,1769,4211,50000.0,,,50000.0
119862|2022|AA|23/admapprovalschemewebservice:0,119862|2022|AA|23,0,61704024,1769,4211,6000.0,,,6000.0
119862|2022|AA|24/admapprovalschemewebservice:0,119862|2022|AA|24,0,61704797,1778,4250,100000.0,,,100000.0
119862|2022|AA|25/admapprovalschemewebservice:0,119862|2022|AA|25,0,61703854,1769,4211,100000.0,,,100000.0
119862|2022|AA|26/admapprovalschemewebservice:0,119862|2022|AA|26,0,61704482,1769,4211,100000.0,,,100000.0
119862|2022|AA|27/admapprovalschemewebservice:0,119862|2022|AA|27,0,61700195,1769,4249,140347.0,,,140347.0
119862|2022|AA|28/admapprovalschemewebservice:0,119862|2022|AA|28,0,61704758,1778,4250,60000.0,,,60000.0
119862|2023|AA|0/admapprovalschemewebservice:0,119862|2023|AA|0,0,82686347,1769,4249,144000.0,,,144000.0
119862|2023|AA|1/admapprovalschemewebservice:0,119862|2023|AA|1,0,75695666,1769,4211,100058.0,,,100058.0
119862|2023|AA|2/admapprovalschemewebservice:0,119862|2023|AA|2,0,75691695,1778,4250,50000.0,,,50000.0
119862|2023|AA|3/admapprovalschemewebservice:0,119862|2023|AA|3,0,75685056,1769,4249,200000.0,,,200000.0
119862|2023|AA|4/admapprovalschemewebservice:0,119862|2023|AA|4,0,75679497,1769,4211,100000.0,,,100000.0
119862|2023|AA|5/admapprovalschemewebservice:0,119862|2023|AA|5,0,75687493,1769,4211,100000.0,,,100000.0
119862|2023|AA|6/admapprovalschemewebservice:0,119862|2023|AA|6,0,75678544,1778,4250,50000.0,,,50000.0
119862|2023|AA|7/admapprovalschemewebservice:0,119862|2023|AA|7,0,75691056,1778,4250,50000.0,,,50000.0
119862|2023|AA|8/admapprovalschemewebservice:0,119862|2023|AA|8,0,75682821,1769,4211,400000.0,,,400000.0
119862|2023|AA|9/admapprovalschemewebservice:0,119862|2023|AA|9,0,75693370,1778,4250,100000.0,,,100000.0
119862|2023|AA|10/admapprovalschemewebservice:0,119862|2023|AA|10,0,75675976,1769,4211,44606.0,,,44606.0
119862|2023|AA|11/admapprovalschemewebservice:0,119862|2023|AA|11,0,75689370,1778,4250,100000.0,,,100000.0
119862|2023|AA|12/admapprovalschemewebservice:0,119862|2023|AA|12,0,75689985,1778,4250,100000.0,,,100000.0
119862|2023|AA|13/admapprovalschemewebservice:0,119862|2023|AA|13,0,75688119,1769,4211,100000.0,,,100000.0
119862|2023|AA|14/admapprovalschemewebservice:0,119862|2023|AA|14,0,75680195,1769,4249,100000.0,,,100000.0
119862|2023|AA|15/admapprovalschemewebservice:0,119862|2023|AA|15,0,75683577,1769,4249,60000.0,,,60000.0
119862|2023|AA|16/admapprovalschemewebservice:0,119862|2023|AA|16,0,75697766,1778,4250,6000.0,,,6000.0
119862|2023|AA|17/admapprovalschemewebservice:0,119862|2023|AA|17,0,75684548,1769,4249,50000.0,,,50000.0
119862|2023|AA|18/admapprovalschemewebservice:0,119862|2023|AA|18,0,75686754,1778,4250,50000.0,,,50000.0
119862|2023|AA|19/admapprovalschemewebservice:0,119862|2023|AA|19,0,75694773,1778,4250,100000.0,,,100000.0
119862|2023|AA|20/admapprovalschemewebservice:0,119862|2023|AA|20,0,75682097,1769,4249,10000.0,,,10000.0
119862|2023|AA|21/admapprovalschemewebservice:0,119862|2023|AA|21,0,75683991,1769,4249,20000.0,,,20000.0
119862|2023|AA|22/admapprovalschemewebservice:0,119862|2023|AA|22,0,82692936,1769,4249,78043.0,,,78043.0
119862|2023|AA|23/admapprovalschemewebservice:0,119862|2023|AA|23,0,75696331,1778,4250,100000.0,,,100000.0
119862|2023|AA|24/admapprovalschemewebservice:0,119862|2023|AA|24,0,75697056,1778,4250,59240.0,,,59240.0
119862|2023|AA|25/admapprovalschemewebservice:0,119862|2023|AA|25,0,75687115,1778,4250,50000.0,,,50000.0
119862|2023|AA|26/admapprovalschemewebservice:0,119862|2023|AA|26,0,75688697,1778,4250,100000.0,,,100000.0
119862|2023|AA|27/admapprovalschemewebservice:0,119862|2023|AA|27,0,75692255,1778,4250,100000.0,,,100000.0
119862|2023|AA|28/admapprovalschemewebservice:0,119862|2023|AA|28,0,82684938,1769,4249,364498.0,,,364498.0
119862|2023|AA|29/admapprovalschemewebservice:0,119862|2023|AA|29,0,74994677,1769,4249,200000.0,,,200000.0
119862|2023|AA|30/admapprovalschemewebservice:0,119862|2023|AA|30,0,75692882,1778,4250,100000.0,,,100000.0
119862|2024|AA|0/admapprovalschemewebservice:0,119862|2024|AA|0,0,101991246,1778,4250,50000.0,,,50000.0
119862|2024|AA|1/admapprovalschemewebservice:0,119862|2024|AA|1,0,101974189,1769,4211,150000.0,,,150000.0
119862|2024|AA|2/admapprovalschemewebservice:0,119862|2024|AA|2,0,101961640,1769,4249,299250.0,,,299250.0
119862|2024|AA|3/admapprovalschemewebservice:0,119862|2024|AA|3,0,101963725,1769,4249,30000.0,,,30000.0
119862|2024|AA|4/admapprovalschemewebservice:0,119862|2024|AA|4,0,101961208,1769,4249,421425.0,,,421425.0
119862|2024|AA|5/admapprovalschemewebservice:0,119862|2024|AA|5,0,101986558,1778,4250,100000.0,,,100000.0
119862|2024|AA|6/admapprovalschemewebservice:0,119862|2024|AA|6,0,101964522,1769,4249,120000.0,,,120000.0
119862|2024|AA|7/admapprovalschemewebservice:0,119862|2024|AA|7,0,101962142,1769,4249,30000.0,,,30000.0
119862|2024|AA|8/admapprovalschemewebservice:0,119862|2024|AA|8,0,101963329,1769,4249,90000.0,,,90000.0
119862|2024|AA|9/admapprovalschemewebservice:0,119862|2024|AA|9,0,101971795,1769,4211,50900.0,,,50900.0
119862|2024|AA|10/admapprovalschemewebservice:0,119862|2024|AA|10,0,103931690,1778,4250,35600.0,,,35600.0
119862|2024|AA|11/admapprovalschemewebservice:0,119862|2024|AA|11,0,101967417,1769,4249,50000.0,,,50000.0
119862|2024|AA|12/admapprovalschemewebservice:0,119862|2024|AA|12,0,101968586,1769,4249,100000.0,,,100000.0
119862|2024|AA|13/admapprovalschemewebservice:0,119862|2024|AA|13,0,101984194,1778,4250,500000.0,,,500000.0
119862|2024|AA|14/admapprovalschemewebservice:0,119862|2024|AA|14,0,101978613,1769,4211,200000.0,,,200000.0
119862|2024|AA|15/admapprovalschemewebservice:0,119862|2024|AA|15,0,101976912,1769,4211,100000.0,,,100000.0
119862|2024|AA|16/admapprovalschemewebservice:0,119862|2024|AA|16,0,101972792,1769,4211,100000.0,,,100000.0
119862|2024|AA|17/admapprovalschemewebservice:0,119862|2024|AA|17,0,101962720,1769,4249,185675.0,,,185675.0
119862|2024|AA|18/admapprovalschemewebservice:0,119862|2024|AA|18,0,101987227,1778,4250,100000.0,,,100000.0
119862|2024|AA|19/admapprovalschemewebservice:0,119862|2024|AA|19,0,101984898,1778,4250,100000.0,,,100000.0
119862|2024|AA|20/admapprovalschemewebservice:0,119862|2024|AA|20,0,101976266,1769,4211,100000.0,,,100000.0
119862|2024|AA|21/admapprovalschemewebservice:0,119862|2024|AA|21,0,101973374,1769,4211,100000.0,,,100000.0
119862|2025|AA|0/admapprovalschemewebservice:0,119862|2025|AA|0,0,124062726,1769,4249,121338.0,,,121338.0
119862|2025|AA|1/admapprovalschemewebservice:0,119862|2025|AA|1,0,124062800,1769,4249,52437.0,,,52437.0
119862|2025|AA|2/admapprovalschemewebservice:0,119862|2025|AA|2,0,124062840,1769,4249,52342.0,,,52342.0
119862|2025|AA|3/admapprovalschemewebservice:0,119862|2025|AA|3,0,124062881,1769,4249,40351.0,,,40351.0
119862|2025|AA|4/admapprovalschemewebservice:0,119862|2025|AA|4,0,124062946,1769,4249,39114.0,,,39114.0
119862|2025|AA|5/admapprovalschemewebservice:0,119862|2025|AA|5,0,124062980,1769,4249,17511.0,,,17511.0
119862|2025|AA|6/admapprovalschemewebservice:0,119862|2025|AA|6,0,124063012,1769,4249,14465.0,,,14465.0
119862|2025|AA|7/admapprovalschemewebservice:0,119862|2025|AA|7,0,124063051,1769,4249,13514.0,,,13514.0
119862|2025|AA|8/admapprovalschemewebservice:0,119862|2025|AA|8,0,124062668,1769,4249,313291.0,,,313291.0
119862|2025|AA|9/admapprovalschemewebservice:0,119862|2025|AA|9,0,124062766,1769,4249,57576.0,,,57576.0
119862|2025|AA|10/admapprovalschemewebservice:0,119862|2025|AA|10,0,123923992,1769,4211,150000.0,,,150000.0
119862|2025|AA|11/admapprovalschemewebservice:0,119862|2025|AA|11,0,124198596,1769,4211,23347.0,,,23347.0
119862|2025|AA|12/admapprovalschemewebservice:0,119862|2025|AA|12,0,124065208,1778,4250,400000.0,,,400000.0
119862|2025|AA|13/admapprovalschemewebservice:0,119862|2025|AA|13,0,123924066,1769,4211,76767.0,,,76767.0
119862|2025|AA|14/admapprovalschemewebservice:0,119862|2025|AA|14,0,123923256,1778,4250,47229.0,,,47229.0
119862|2025|AA|15/admapprovalschemewebservice:0,119862|2025|AA|15,0,123923680,1778,4250,55835.0,,,55835.0
119862|2025|AA|16/admapprovalschemewebservice:0,119862|2025|AA|16,0,123923707,1778,4250,41027.0,,,41027.0
119862|2025|AA|17/admapprovalschemewebservice:0,119862|2025|AA|17,0,124110807,1769,4211,53800.0,,,53800.0
119862|2025|AA|18/admapprovalschemewebservice:0,119862|2025|AA|18,0,123924180,1769,4211,52151.0,,,52151.0
119862|2025|AA|19/admapprovalschemewebservice:0,119862|2025|AA|19,0,124064394,1769,4249,201305.0,,,201305.0
119862|2025|AA|20/admapprovalschemewebservice:0,119862|2025|AA|20,0,123923892,1769,4211,150000.0,,,150000.0
119862|2025|AA|21/admapprovalschemewebservice:0,119862|2025|AA|21,0,124197299,1778,4250,19290.0,,,19290.0
119862|2025|AA|22/admapprovalschemewebservice:0,119862|2025|AA|22,0,124197120,1778,4250,36001.0,,,36001.0
119936|2020|AA|0/admapprovalschemewebservice:0,119936|2020|AA|0,0,38578052,1769,4249,200000.0,,,200000.0
119936|2020|AA|1/admapprovalschemewebservice:0,119936|2020|AA|1,0,38606279,1778,4251,1.0,,,1.0
119936|2020|AA|1/admapprovalschemewebservice:1,119936|2020|AA|1,1,38606279,1778,4250,130000.0,,,130000.0
119936|2020|AA|2/admapprovalschemewebservice:0,119936|2020|AA|2,0,44038263,1769,4249,584468.0,,,584468.0
119936|2020|AA|3/admapprovalschemewebservice:0,119936|2020|AA|3,0,38577682,1769,4211,150000.0,,,150000.0
119936|2020|AA|4/admapprovalschemewebservice:0,119936|2020|AA|4,0,38575361,1778,4251,10000.0,,,10000.0
119936|2020|AA|4/admapprovalschemewebservice:1,119936|2020|AA|4,1,38575361,1778,4250,140000.0,,,140000.0
119936|2020|AA|5/admapprovalschemewebservice:0,119936|2020|AA|5,0,38605614,1778,4250,150000.0,,,150000.0
119936|2020|AA|5/admapprovalschemewebservice:1,119936|2020|AA|5,1,38605614,1778,4251,1.0,,,1.0
119936|2020|AA|6/admapprovalschemewebservice:0,119936|2020|AA|6,0,38605932,1769,4249,100000.0,,,100000.0
119936|2020|AA|7/admapprovalschemewebservice:0,119936|2020|AA|7,0,38578406,1769,4211,100000.0,,,100000.0
119936|2020|AA|8/admapprovalschemewebservice:0,119936|2020|AA|8,0,38577239,1778,4251,150000.0,,,150000.0
119936|2020|AA|9/admapprovalschemewebservice:0,119936|2020|AA|9,0,44039040,1778,4251,50000.0,,,50000.0
119936|2020|AA|10/admapprovalschemewebservice:0,119936|2020|AA|10,0,38577935,1769,4211,434936.0,,,434936.0
119936|2020|AA|11/admapprovalschemewebservice:0,119936|2020|AA|11,0,38605410,1769,4249,514468.0,,,514468.0
119936|2020|AA|12/admapprovalschemewebservice:0,119936|2020|AA|12,0,44038848,1769,4211,800000.0,,,800000.0
119936|2020|AA|13/admapprovalschemewebservice:0,119936|2020|AA|13,0,38606068,1778,4251,1.0,,,1.0
119936|2020|AA|13/admapprovalschemewebservice:1,119936|2020|AA|13,1,38606068,1778,4250,200000.0,,,200000.0
119936|2020|AA|14/admapprovalschemewebservice:0,119936|2020|AA|14,0,38575516,1769,4249,100000.0,,,100000.0
119936|2020|AA|15/admapprovalschemewebservice:0,119936|2020|AA|15,0,38577571,1778,4251,400000.0,,,400000.0
119936|2020|AA|16/admapprovalschemewebservice:0,119936|2020|AA|16,0,44038329,1769,4249,100000.0,,,100000.0
119936|2020|AA|17/admapprovalschemewebservice:0,119936|2020|AA|17,0,38605815,1769,4211,144000.0,,,144000.0
119936|2021|AA|0/admapprovalschemewebservice:0,119936|2021|AA|0,0,47548532,1769,4211,150000.0,,,150000.0
119936|2021|AA|1/admapprovalschemewebservice:0,119936|2021|AA|1,0,47633622,1769,4211,150000.0,,,150000.0
119936|2021|AA|2/admapprovalschemewebservice:0,119936|2021|AA|2,0,47548992,1769,4211,150000.0,,,150000.0
119936|2021|AA|3/admapprovalschemewebservice:0,119936|2021|AA|3,0,47546706,1769,4249,150000.0,,,150000.0
119936|2021|AA|4/admapprovalschemewebservice:0,119936|2021|AA|4,0,47570877,1778,4250,350000.0,,,350000.0
119936|2021|AA|5/admapprovalschemewebservice:0,119936|2021|AA|5,0,47545566,1769,4249,150000.0,,,150000.0
119936|2021|AA|6/admapprovalschemewebservice:0,119936|2021|AA|6,0,47549499,1769,4211,100000.0,,,100000.0
119936|2021|AA|7/admapprovalschemewebservice:0,119936|2021|AA|7,0,47565687,1769,4211,78936.0,,,78936.0
119936|2021|AA|8/admapprovalschemewebservice:0,119936|2021|AA|8,0,47544846,1769,4249,150000.0,,,150000.0
119936|2021|AA|9/admapprovalschemewebservice:0,119936|2021|AA|9,0,47545301,1769,4249,200000.0,,,200000.0
119936|2021|AA|10/admapprovalschemewebservice:0,119936|2021|AA|10,0,47566476,1769,4211,150000.0,,,150000.0
119936|2021|AA|11/admapprovalschemewebservice:0,119936|2021|AA|11,0,47547518,1769,4211,150000.0,,,150000.0
119936|2021|AA|12/admapprovalschemewebservice:0,119936|2021|AA|12,0,47568935,1778,4250,192000.0,,,192000.0
119936|2021|AA|13/admapprovalschemewebservice:0,119936|2021|AA|13,0,47543549,1769,4249,200000.0,,,200000.0
119936|2021|AA|14/admapprovalschemewebservice:0,119936|2021|AA|14,0,47568422,1778,4250,162000.0,,,162000.0
119936|2021|AA|15/admapprovalschemewebservice:0,119936|2021|AA|15,0,47547905,1769,4211,150000.0,,,150000.0
119936|2021|AA|16/admapprovalschemewebservice:0,119936|2021|AA|16,0,47546357,1769,4249,374468.0,,,374468.0
119936|2021|AA|17/admapprovalschemewebservice:0,119936|2021|AA|17,0,47569620,1778,4250,500000.0,,,500000.0
119936|2021|AA|18/admapprovalschemewebservice:0,119936|2021|AA|18,0,47544380,1769,4249,164468.0,,,164468.0
119936|2021|AA|19/admapprovalschemewebservice:0,119936|2021|AA|19,0,47543986,1769,4249,140000.0,,,140000.0
119936|2021|AA|20/admapprovalschemewebservice:0,119936|2021|AA|20,0,47571470,1778,4250,17440.0,,,17440.0
119936|2021|AA|21/admapprovalschemewebservice:0,119936|2021|AA|21,0,47570328,1778,4250,11000.0,,,11000.0
119936|2022|AA|0/admapprovalschemewebservice:0,119936|2022|AA|0,0,64899917,1778,4250,100000.0,,,100000.0
119936|2022|AA|1/admapprovalschemewebservice:0,119936|2022|AA|1,0,64899826,1778,4250,40440.0,,,40440.0
119936|2022|AA|2/admapprovalschemewebservice:0,119936|2022|AA|2,0,64899673,1778,4250,192000.0,,,192000.0
119936|2022|AA|3/admapprovalschemewebservice:0,119936|2022|AA|3,0,64899807,1778,4250,300000.0,,,300000.0
119936|2022|AA|4/admapprovalschemewebservice:0,119936|2022|AA|4,0,64899452,1769,4211,150000.0,,,150000.0
119936|2022|AA|5/admapprovalschemewebservice:0,119936|2022|AA|5,0,65027576,1769,4249,20000.0,,,20000.0
119936|2022|AA|6/admapprovalschemewebservice:0,119936|2022|AA|6,0,58712794,0,0,10000.0,,,10000.0
119936|2022|AA|7/admapprovalschemewebservice:0,119936|2022|AA|7,0,65027554,1769,4249,450000.0,,,450000.0
119936|2022|AA|8/admapprovalschemewebservice:0,119936|2022|AA|8,0,64898667,1769,4249,90000.0,,,90000.0
119936|2022|AA|9/admapprovalschemewebservice:0,119936|2022|AA|9,0,64890591,1769,4249,100000.0,,,100000.0
119936|2022|AA|10/admapprovalschemewebservice:0,119936|2022|AA|10,0,64899492,1769,4211,200000.0,,,200000.0
119936|2022|AA|11/admapprovalschemewebservice:0,119936|2022|AA|11,0,64899527,1769,4211,200000.0,,,200000.0
119936|2022|AA|12/admapprovalschemewebservice:0,119936|2022|AA|12,0,64899743,1778,4250,150000.0,,,150000.0
119936|2022|AA|13/admapprovalschemewebservice:0,119936|2022|AA|13,0,64899715,1778,4250,150000.0,,,150000.0
119936|2022|AA|14/admapprovalschemewebservice:0,119936|2022|AA|14,0,64898333,1769,4249,108000.0,,,108000.0
119936|2022|AA|15/admapprovalschemewebservice:0,119936|2022|AA|15,0,64899338,1769,4249,74344.0,,,74344.0
119936|2022|AA|16/admapprovalschemewebservice:0,119936|2022|AA|16,0,64898550,1769,4249,60000.0,,,60000.0
119936|2022|AA|17/admapprovalschemewebservice:0,119936|2022|AA|17,0,64899885,1778,4250,50000.0,,,50000.0
119936|2022|AA|18/admapprovalschemewebservice:0,119936|2022|AA|18,0,64899408,1769,4249,30000.0,,,30000.0
119936|2022|AA|19/admapprovalschemewebservice:0,119936|2022|AA|19,0,64899761,1778,4250,250000.0,,,250000.0
119936|2022|AA|20/admapprovalschemewebservice:0,119936|2022|AA|20,0,64898448,1769,4249,78000.0,,,78000.0
119936|2022|AA|21/admapprovalschemewebservice:0,119936|2022|AA|21,0,64898048,1769,4249,150344.0,,,150344.0
119936|2022|AA|22/admapprovalschemewebservice:0,119936|2022|AA|22,0,64899647,1769,4211,83792.0,,,83792.0
119936|2022|AA|23/admapprovalschemewebservice:0,119936|2022|AA|23,0,64899589,1769,4211,150000.0,,,150000.0
119936|2022|AA|24/admapprovalschemewebservice:0,119936|2022|AA|24,0,64898178,1769,4249,180000.0,,,180000.0
119936|2022|AA|25/admapprovalschemewebservice:0,119936|2022|AA|25,0,64899291,1769,4249,10000.0,,,10000.0
119936|2022|AA|26/admapprovalschemewebservice:0,119936|2022|AA|26,0,64899614,1769,4211,150000.0,,,150000.0
119936|2023|AA|0/admapprovalschemewebservice:0,119936|2023|AA|0,0,79832340,1769,4211,150000.0,,,150000.0
119936|2023|AA|1/admapprovalschemewebservice:0,119936|2023|AA|1,0,79840869,1769,4249,90000.0,,,90000.0
119936|2023|AA|2/admapprovalschemewebservice:0,119936|2023|AA|2,0,79841769,1769,4249,90000.0,,,90000.0
119936|2023|AA|3/admapprovalschemewebservice:0,119936|2023|AA|3,0,79856905,1769,4249,100000.0,,,100000.0
119936|2023|AA|4/admapprovalschemewebservice:0,119936|2023|AA|4,0,79824965,1778,4250,190000.0,,,190000.0
119936|2023|AA|5/admapprovalschemewebservice:0,119936|2023|AA|5,0,79832034,1769,4211,200000.0,,,200000.0
119936|2023|AA|6/admapprovalschemewebservice:0,119936|2023|AA|6,0,79856546,1769,4249,100000.0,,,100000.0
119936|2023|AA|7/admapprovalschemewebservice:0,119936|2023|AA|7,0,79834918,1769,4211,146164.0,,,146164.0
119936|2023|AA|8/admapprovalschemewebservice:0,119936|2023|AA|8,0,79825780,1778,4250,228000.0,,,228000.0
119936|2023|AA|9/admapprovalschemewebservice:0,119936|2023|AA|9,0,79826137,1778,4250,204440.0,,,204440.0
119936|2023|AA|10/admapprovalschemewebservice:0,119936|2023|AA|10,0,79328574,1769,4249,20000.0,,,20000.0
119936|2023|AA|11/admapprovalschemewebservice:0,119936|2023|AA|11,0,78962638,1769,4249,20000.0,,,20000.0
119936|2023|AA|12/admapprovalschemewebservice:0,119936|2023|AA|12,0,79825301,1778,4250,100000.0,,,100000.0
119936|2023|AA|13/admapprovalschemewebservice:0,119936|2023|AA|13,0,79835325,1769,4211,150000.0,,,150000.0
119936|2023|AA|14/admapprovalschemewebservice:0,119936|2023|AA|14,0,79840373,1769,4249,88498.0,,,88498.0
119936|2023|AA|15/admapprovalschemewebservice:0,119936|2023|AA|15,0,79834387,1769,4211,80000.0,,,80000.0
119936|2023|AA|16/admapprovalschemewebservice:0,119936|2023|AA|16,0,79338794,1769,4249,20000.0,,,20000.0
119936|2023|AA|17/admapprovalschemewebservice:0,119936|2023|AA|17,0,79321585,1769,4249,20000.0,,,20000.0
119936|2023|AA|18/admapprovalschemewebservice:0,119936|2023|AA|18,0,79323719,1769,4249,20000.0,,,20000.0
119936|2023|AA|19/admapprovalschemewebservice:0,119936|2023|AA|19,0,79327179,1769,4249,20000.0,,,20000.0
119936|2023|AA|20/admapprovalschemewebservice:0,119936|2023|AA|20,0,78958964,1769,4249,20000.0,,,20000.0
119936|2023|AA|21/admapprovalschemewebservice:0,119936|2023|AA|21,0,79334582,1769,4249,20000.0,,,20000.0
119936|2023|AA|22/admapprovalschemewebservice:0,119936|2023|AA|22,0,79319035,1769,4249,,,20000.0,20000.0
119936|2023|AA|23/admapprovalschemewebservice:0,119936|2023|AA|23,0,78961615,1769,4249,20000.0,,,20000.0
119936|2023|AA|24/admapprovalschemewebservice:0,119936|2023|AA|24,0,79320151,1769,4249,20000.0,,,20000.0
119936|2023|AA|25/admapprovalschemewebservice:0,119936|2023|AA|25,0,78957945,1769,4249,20000.0,,,20000.0
119936|2023|AA|26/admapprovalschemewebservice:0,119936|2023|AA|26,0,78956825,1769,4249,20000.0,,,20000.0
119936|2023|AA|27/admapprovalschemewebservice:0,119936|2023|AA|27,0,79314928,1769,4249,,,20000.0,20000.0
119936|2023|AA|28/admapprovalschemewebservice:0,119936|2023|AA|28,0,78963874,1769,4249,20000.0,,,20000.0
119936|2023|AA|29/admapprovalschemewebservice:0,119936|2023|AA|29,0,79330926,1769,4249,20000.0,,,20000.0
119936|2023|AA|30/admapprovalschemewebservice:0,119936|2023|AA|30,0,79835712,1769,4211,10000.0,,,10000.0
119936|2023|AA|31/admapprovalschemewebservice:0,119936|2023|AA|31,0,79858258,1769,4249,162000.0,,,162000.0
119936|2023|AA|32/admapprovalschemewebservice:0,119936|2023|AA|32,0,79822322,1778,4250,280000.0,,,280000.0
119936|2023|AA|33/admapprovalschemewebservice:0,119936|2023|AA|33,0,79839920,1769,4249,150000.0,,,150000.0
119936|2023|AA|34/admapprovalschemewebservice:0,119936|2023|AA|34,0,79833430,1769,4211,70000.0,,,70000.0
119936|2023|AA|35/admapprovalschemewebservice:0,119936|2023|AA|35,0,79857618,1769,4249,58998.0,,,58998.0
119936|2023|AA|36/admapprovalschemewebservice:0,119936|2023|AA|36,0,79826422,1778,4250,80000.0,,,80000.0
119936|2023|AA|37/admapprovalschemewebservice:0,119936|2023|AA|37,0,79832838,1769,4211,50000.0,,,50000.0
119936|2023|AA|38/admapprovalschemewebservice:0,119936|2023|AA|38,0,79841312,1769,4249,90000.0,,,90000.0
119936|2024|AA|0/admapprovalschemewebservice:0,119936|2024|AA|0,0,99309393,1778,4250,60000.0,,,60000.0
119936|2024|AA|1/admapprovalschemewebservice:0,119936|2024|AA|1,0,99575299,1769,4249,130675.0,,,130675.0
119936|2024|AA|2/admapprovalschemewebservice:0,119936|2024|AA|2,0,99209897,1769,4211,100000.0,,,100000.0
119936|2024|AA|3/admapprovalschemewebservice:0,119936|2024|AA|3,0,99193579,1778,4250,382250.0,,,382250.0
119936|2024|AA|4/admapprovalschemewebservice:0,119936|2024|AA|4,0,99295187,1769,4249,200000.0,,,200000.0
119936|2024|AA|5/admapprovalschemewebservice:0,119936|2024|AA|5,0,99294917,1769,4249,104675.0,,,104675.0
119936|2024|AA|6/admapprovalschemewebservice:0,119936|2024|AA|6,0,99573127,1769,4249,15000.0,,,15000.0
119936|2024|AA|7/admapprovalschemewebservice:0,119936|2024|AA|7,0,99213480,1769,4211,350000.0,,,350000.0
119936|2024|AA|8/admapprovalschemewebservice:0,119936|2024|AA|8,0,99202139,1769,4249,70000.0,,,70000.0
119936|2024|AA|9/admapprovalschemewebservice:0,119936|2024|AA|9,0,99210443,1769,4211,10000.0,,,10000.0
119936|2024|AA|10/admapprovalschemewebservice:0,119936|2024|AA|10,0,99572973,1778,4250,110000.0,,,110000.0
119936|2024|AA|11/admapprovalschemewebservice:0,119936|2024|AA|11,0,99308978,1778,4250,80000.0,,,80000.0
119936|2024|AA|12/admapprovalschemewebservice:0,119936|2024|AA|12,0,99297598,1769,4211,100000.0,,,100000.0
119936|2024|AA|13/admapprovalschemewebservice:0,119936|2024|AA|13,0,99312567,1778,4250,100000.0,,,100000.0
119936|2024|AA|14/admapprovalschemewebservice:0,119936|2024|AA|14,0,99207951,1769,4211,50000.0,,,50000.0
119936|2024|AA|15/admapprovalschemewebservice:0,119936|2024|AA|15,0,99194313,1778,4250,112000.0,,,112000.0
119936|2024|AA|16/admapprovalschemewebservice:0,119936|2024|AA|16,0,99312947,1778,4250,69750.0,,,69750.0
119936|2024|AA|17/admapprovalschemewebservice:0,119936|2024|AA|17,0,99577413,1769,4249,15000.0,,,15000.0
119936|2024|AA|18/admapprovalschemewebservice:0,119936|2024|AA|18,0,99311114,1778,4250,110000.0,,,110000.0
119936|2024|AA|19/admapprovalschemewebservice:0,119936|2024|AA|19,0,99575511,1769,4249,100000.0,,,100000.0
119936|2024|AA|20/admapprovalschemewebservice:0,119936|2024|AA|20,0,99307997,1778,4250,60000.0,,,60000.0
119936|2024|AA|21/admapprovalschemewebservice:0,119936|2024|AA|21,0,99574009,1769,4249,15000.0,,,15000.0
119936|2024|AA|22/admapprovalschemewebservice:0,119936|2024|AA|22,0,99201373,1769,4249,,90000.0,,90000.0
119936|2024|AA|23/admapprovalschemewebservice:0,119936|2024|AA|23,0,99294408,1769,4249,100000.0,,,100000.0
119936|2024|AA|24/admapprovalschemewebservice:0,119936|2024|AA|24,0,99204494,1769,4249,6000.0,,,6000.0
119936|2024|AA|25/admapprovalschemewebservice:0,119936|2024|AA|25,0,99573082,1769,4249,15000.0,,,15000.0
119936|2024|AA|26/admapprovalschemewebservice:0,119936|2024|AA|26,0,99224864,1769,4249,6000.0,,,6000.0
119936|2024|AA|27/admapprovalschemewebservice:0,119936|2024|AA|27,0,99205361,1769,4249,6000.0,,,6000.0
119936|2024|AA|28/admapprovalschemewebservice:0,119936|2024|AA|28,0,99206225,1769,4249,6000.0,,,6000.0
119936|2024|AA|29/admapprovalschemewebservice:0,119936|2024|AA|29,0,99205821,1769,4249,6000.0,,,6000.0
119936|2024|AA|30/admapprovalschemewebservice:0,119936|2024|AA|30,0,99226610,1769,4249,6000.0,,,6000.0
119936|2024|AA|31/admapprovalschemewebservice:0,119936|2024|AA|31,0,99574138,1769,4249,15000.0,,,15000.0
119936|2024|AA|32/admapprovalschemewebservice:0,119936|2024|AA|32,0,99574453,1769,4249,15000.0,,,15000.0
119936|2024|AA|33/admapprovalschemewebservice:0,119936|2024|AA|33,0,99574532,1769,4249,15000.0,,,15000.0
119936|2024|AA|34/admapprovalschemewebservice:0,119936|2024|AA|34,0,99574295,1769,4249,15000.0,,,15000.0
119936|2024|AA|35/admapprovalschemewebservice:0,119936|2024|AA|35,0,99578314,1769,4211,140900.0,,,140900.0
119936|2024|AA|36/admapprovalschemewebservice:0,119936|2024|AA|36,0,99200935,1769,4249,90000.0,,,90000.0
119936|2024|AA|37/admapprovalschemewebservice:0,119936|2024|AA|37,0,99212228,1769,4211,70000.0,,,70000.0
119936|2024|AA|38/admapprovalschemewebservice:0,119936|2024|AA|38,0,99210908,1769,4211,5000.0,,,5000.0
119936|2024|AA|39/admapprovalschemewebservice:0,119936|2024|AA|39,0,99211535,1769,4211,10000.0,,,10000.0
119936|2024|AA|40/admapprovalschemewebservice:0,119936|2024|AA|40,0,99300463,1769,4211,10000.0,,,10000.0
119936|2024|AA|41/admapprovalschemewebservice:0,119936|2024|AA|41,0,99575608,1769,4211,5000.0,,,5000.0
119936|2024|AA|42/admapprovalschemewebservice:0,119936|2024|AA|42,0,99574690,1769,4249,100000.0,,,100000.0
119936|2024|AA|43/admapprovalschemewebservice:0,119936|2024|AA|43,0,127460612,1778,4250,150000.0,,,150000.0
119936|2024|AA|44/admapprovalschemewebservice:0,119936|2024|AA|44,0,127460678,1769,4249,120000.0,,,120000.0
119936|2025|AA|0/admapprovalschemewebservice:0,119936|2025|AA|0,0,125004922,1769,4211,200000.0,,,200000.0
119936|2025|AA|1/admapprovalschemewebservice:0,119936|2025|AA|1,0,125005293,1769,4211,100000.0,,,100000.0
119936|2025|AA|2/admapprovalschemewebservice:0,119936|2025|AA|2,0,125018616,0,0,264000.0,,,264000.0
119936|2025|AA|3/admapprovalschemewebservice:0,119936|2025|AA|3,0,125008617,1778,4250,20000.0,,,20000.0
119936|2025|AA|4/admapprovalschemewebservice:0,119936|2025|AA|4,0,124989774,1769,4249,170000.0,,,170000.0
119936|2025|AA|5/admapprovalschemewebservice:0,119936|2025|AA|5,0,124988730,1769,4249,170000.0,,,170000.0
119936|2025|AA|6/admapprovalschemewebservice:0,119936|2025|AA|6,0,125007121,1778,4250,390000.0,,,390000.0
119936|2025|AA|7/admapprovalschemewebservice:0,119936|2025|AA|7,0,125018373,1778,4250,180000.0,,,180000.0
119936|2025|AA|8/admapprovalschemewebservice:0,119936|2025|AA|8,0,125005114,1769,4211,124882.0,,,124882.0
119936|2025|AA|9/admapprovalschemewebservice:0,119936|2025|AA|9,0,124999031,1769,4249,90000.0,,,90000.0
119936|2025|AA|10/admapprovalschemewebservice:0,119936|2025|AA|10,0,125011368,1778,4250,20000.0,,,20000.0
119936|2025|AA|11/admapprovalschemewebservice:0,119936|2025|AA|11,0,125022468,1769,4249,43758.0,,,43758.0
119936|2025|AA|12/admapprovalschemewebservice:0,119936|2025|AA|12,0,124999349,1769,4249,124917.0,,,124917.0
119936|2025|AA|13/admapprovalschemewebservice:0,119936|2025|AA|13,0,124986513,1769,4249,155736.0,,,155736.0
119936|2025|AA|14/admapprovalschemewebservice:0,119936|2025|AA|14,0,124990415,1769,4249,91660.0,,,91660.0
119936|2025|AA|15/admapprovalschemewebservice:0,119936|2025|AA|15,0,125004644,1769,4211,200000.0,,,200000.0
119936|2025|AA|16/admapprovalschemewebservice:0,119936|2025|AA|16,0,125025447,1769,4211,80000.0,,,80000.0
121162|2020|AA|0/admapprovalschemewebservice:0,121162|2020|AA|0,0,44495747,1769,4249,50000.0,,,50000.0
121162|2020|AA|1/admapprovalschemewebservice:0,121162|2020|AA|1,0,62896806,1778,4250,200000.0,,,200000.0
121162|2020|AA|2/admapprovalschemewebservice:0,121162|2020|AA|2,0,44496130,1778,4250,100000.0,,,100000.0
121162|2020|AA|3/admapprovalschemewebservice:0,121162|2020|AA|3,0,44495719,1769,4249,168000.0,,,168000.0
121162|2020|AA|4/admapprovalschemewebservice:0,121162|2020|AA|4,0,44495826,1769,4249,367300.0,,,367300.0
121162|2020|AA|5/admapprovalschemewebservice:0,121162|2020|AA|5,0,44496026,1769,4211,150000.0,,,150000.0
121162|2020|AA|6/admapprovalschemewebservice:0,121162|2020|AA|6,0,44495785,1769,4249,150000.0,,,150000.0
121162|2020|AA|7/admapprovalschemewebservice:0,121162|2020|AA|7,0,44496045,1769,4211,250000.0,,,250000.0
121162|2020|AA|8/admapprovalschemewebservice:0,121162|2020|AA|8,0,44495864,1769,4211,20000.0,,,20000.0
121162|2020|AA|9/admapprovalschemewebservice:0,121162|2020|AA|9,0,44495705,1769,4211,50000.0,,,50000.0
121162|2020|AA|10/admapprovalschemewebservice:0,121162|2020|AA|10,0,44495881,1769,4211,100000.0,,,100000.0
121162|2020|AA|11/admapprovalschemewebservice:0,121162|2020|AA|11,0,44495808,1769,4249,80343.0,,,80343.0
121162|2020|AA|12/admapprovalschemewebservice:0,121162|2020|AA|12,0,44495733,1769,4249,330000.0,,,330000.0
121162|2020|AA|13/admapprovalschemewebservice:0,121162|2020|AA|13,0,62897709,1778,4250,100000.0,,,100000.0
121162|2021|AA|0/admapprovalschemewebservice:0,121162|2021|AA|0,0,61715040,1778,4250,150000.0,,,150000.0
121162|2021|AA|1/admapprovalschemewebservice:0,121162|2021|AA|1,0,55237582,1769,4211,150000.0,,,150000.0
121162|2021|AA|2/admapprovalschemewebservice:0,121162|2021|AA|2,0,48866885,1769,4249,,,500000.0,500000.0
121162|2021|AA|3/admapprovalschemewebservice:0,121162|2021|AA|3,0,48869572,1769,4211,,,200000.0,200000.0
121162|2021|AA|4/admapprovalschemewebservice:0,121162|2021|AA|4,0,55237713,1778,4250,150000.0,,,150000.0
121162|2021|AA|5/admapprovalschemewebservice:0,121162|2021|AA|5,0,48871145,1778,4250,,,120000.0,120000.0
121162|2021|AA|6/admapprovalschemewebservice:0,121162|2021|AA|6,0,48870687,1778,4250,,,150000.0,150000.0
121162|2021|AA|7/admapprovalschemewebservice:0,121162|2021|AA|7,0,61716858,1778,4250,175000.0,,,175000.0
121162|2021|AA|8/admapprovalschemewebservice:0,121162|2021|AA|8,0,48867032,1769,4249,,,176866.0,176866.0
121162|2021|AA|9/admapprovalschemewebservice:0,121162|2021|AA|9,0,48868799,1769,4211,,,150000.0,150000.0
121162|2021|AA|10/admapprovalschemewebservice:0,121162|2021|AA|10,0,48867383,1769,4249,,,330000.0,330000.0
121162|2021|AA|11/admapprovalschemewebservice:0,121162|2021|AA|11,0,64780986,1778,4250,150000.0,,,150000.0
121162|2021|AA|12/admapprovalschemewebservice:0,121162|2021|AA|12,0,48869764,1778,4250,100000.0,,,100000.0
121162|2021|AA|13/admapprovalschemewebservice:0,121162|2021|AA|13,0,48869171,1769,4211,,,200000.0,200000.0
121162|2021|AA|14/admapprovalschemewebservice:0,121162|2021|AA|14,0,48869338,1769,4211,,,100000.0,100000.0
121162|2021|AA|15/admapprovalschemewebservice:0,121162|2021|AA|15,0,48868605,1769,4211,,,150000.0,150000.0
121162|2021|AA|16/admapprovalschemewebservice:0,121162|2021|AA|16,0,55246824,1769,4249,75000.0,,,75000.0
121162|2021|AA|17/admapprovalschemewebservice:0,121162|2021|AA|17,0,55237872,0,0,289454.0,,,289454.0
121162|2021|AA|18/admapprovalschemewebservice:0,121162|2021|AA|18,0,64781026,1769,4211,150000.0,,,150000.0
121162|2021|AA|19/admapprovalschemewebservice:0,121162|2021|AA|19,0,64781057,1778,4250,150000.0,,,150000.0
121162|2021|AA|20/admapprovalschemewebservice:0,121162|2021|AA|20,0,55237468,1769,4249,75000.0,,,75000.0
121162|2022|AA|0/admapprovalschemewebservice:0,121162|2022|AA|0,0,60852406,1778,4250,,,150000.0,150000.0
121162|2022|AA|1/admapprovalschemewebservice:0,121162|2022|AA|1,0,65809886,1769,4249,137000.0,,,137000.0
121162|2022|AA|2/admapprovalschemewebservice:0,121162|2022|AA|2,0,60854945,1769,4249,,,178544.0,178544.0
121162|2022|AA|3/admapprovalschemewebservice:0,121162|2022|AA|3,0,60851379,1769,4211,,,200000.0,200000.0
121162|2022|AA|4/admapprovalschemewebservice:0,121162|2022|AA|4,0,60851530,1769,4211,,,100000.0,100000.0
121162|2022|AA|5/admapprovalschemewebservice:0,121162|2022|AA|5,0,60852518,1778,4250,,,300000.0,300000.0
121162|2022|AA|6/admapprovalschemewebservice:0,121162|2022|AA|6,0,60852206,1769,4211,,,81392.0,81392.0
121162|2022|AA|7/admapprovalschemewebservice:0,121162|2022|AA|7,0,60854790,1769,4249,,,100000.0,100000.0
121162|2022|AA|8/admapprovalschemewebservice:0,121162|2022|AA|8,0,65809965,1769,4249,118944.0,,,118944.0
121162|2023|AA|0/admapprovalschemewebservice:0,121162|2023|AA|0,0,75536540,1778,4250,100000.0,,,100000.0
121162|2023|AA|1/admapprovalschemewebservice:0,121162|2023|AA|1,0,83110240,1769,4211,250000.0,,,250000.0
121162|2023|AA|2/admapprovalschemewebservice:0,121162|2023|AA|2,0,83106060,1769,4249,168000.0,,,168000.0
121162|2023|AA|3/admapprovalschemewebservice:0,121162|2023|AA|3,0,75540169,1778,4250,80000.0,,,80000.0
121162|2023|AA|4/admapprovalschemewebservice:0,121162|2023|AA|4,0,83107789,1769,4249,217056.0,,,217056.0
121162|2023|AA|5/admapprovalschemewebservice:0,121162|2023|AA|5,0,83110585,1769,4211,280370.0,,,280370.0
121162|2023|AA|6/admapprovalschemewebservice:0,121162|2023|AA|6,0,83105641,1769,4249,100000.0,,,100000.0
121162|2023|AA|7/admapprovalschemewebservice:0,121162|2023|AA|7,0,75538202,1778,4250,300000.0,,,300000.0
121162|2023|AA|8/admapprovalschemewebservice:0,121162|2023|AA|8,0,75538799,1778,4250,61911.0,,,61911.0
121162|2023|AA|9/admapprovalschemewebservice:0,121162|2023|AA|9,0,83105246,1769,4249,257944.0,,,257944.0
121162|2023|AA|10/admapprovalschemewebservice:0,121162|2023|AA|10,0,75537916,1778,4250,100000.0,,,100000.0
121162|2023|AA|11/admapprovalschemewebservice:0,121162|2023|AA|11,0,83104446,1769,4249,34335.0,,,34335.0
121162|2023|AA|12/admapprovalschemewebservice:0,121162|2023|AA|12,0,83103434,1769,4249,25000.0,,,25000.0
121162|2023|AA|13/admapprovalschemewebservice:0,121162|2023|AA|13,0,83107171,1769,4249,348223.0,,,348223.0
121162|2023|AA|14/admapprovalschemewebservice:0,121162|2023|AA|14,0,75537618,1778,4250,300000.0,,,300000.0
121162|2023|AA|15/admapprovalschemewebservice:0,121162|2023|AA|15,0,83106698,1769,4249,20000.0,,,20000.0
121162|2023|AA|16/admapprovalschemewebservice:0,121162|2023|AA|16,0,75538598,1778,4250,50000.0,,,50000.0
121162|2023|AA|17/admapprovalschemewebservice:0,121162|2023|AA|17,0,75536261,1778,4250,50000.0,,,50000.0
121162|2024|AA|0/admapprovalschemewebservice:0,121162|2024|AA|0,0,101943167,1769,4249,195000.0,,,195000.0
121162|2024|AA|1/admapprovalschemewebservice:0,121162|2024|AA|1,0,101200191,1778,4250,175000.0,,,175000.0
121162|2024|AA|2/admapprovalschemewebservice:0,121162|2024|AA|2,0,101206064,1778,4250,100000.0,,,100000.0
121162|2024|AA|3/admapprovalschemewebservice:0,121162|2024|AA|3,0,101209482,1778,4250,100000.0,,,100000.0
121162|2024|AA|4/admapprovalschemewebservice:0,121162|2024|AA|4,0,101202904,1778,4250,50000.0,,,50000.0
121162|2024|AA|5/admapprovalschemewebservice:0,121162|2024|AA|5,0,101450165,1769,4211,145000.0,,,145000.0
121162|2024|AA|6/admapprovalschemewebservice:0,121162|2024|AA|6,0,101942967,1769,4249,174567.0,,,174567.0
121162|2024|AA|7/admapprovalschemewebservice:0,121162|2024|AA|7,0,101207349,1778,4250,100000.0,,,100000.0
121162|2024|AA|8/admapprovalschemewebservice:0,121162|2024|AA|8,0,101462488,1769,4249,72000.0,,,72000.0
121162|2024|AA|9/admapprovalschemewebservice:0,121162|2024|AA|9,0,101463641,1769,4249,120000.0,,,120000.0
121162|2024|AA|10/admapprovalschemewebservice:0,121162|2024|AA|10,0,101943072,1769,4249,120000.0,,,120000.0
121162|2024|AA|11/admapprovalschemewebservice:0,121162|2024|AA|11,0,101943326,1769,4249,130551.0,,,130551.0
121162|2024|AA|12/admapprovalschemewebservice:0,121162|2024|AA|12,0,101201947,1778,4250,195000.0,,,195000.0
121162|2024|AA|13/admapprovalschemewebservice:0,121162|2024|AA|13,0,101823016,1769,4249,100657.0,,,100657.0
121162|2024|AA|14/admapprovalschemewebservice:0,121162|2024|AA|14,0,101455363,1769,4211,100000.0,,,100000.0
121162|2024|AA|15/admapprovalschemewebservice:0,121162|2024|AA|15,0,101193092,1778,4250,125000.0,,,125000.0
121162|2024|AA|16/admapprovalschemewebservice:0,121162|2024|AA|16,0,101734066,1778,4250,145000.0,,,145000.0
121162|2024|AA|17/admapprovalschemewebservice:0,121162|2024|AA|17,0,101454063,1769,4211,100000.0,,,100000.0
121162|2024|AA|18/admapprovalschemewebservice:0,121162|2024|AA|18,0,101467404,1769,4249,119000.0,,,119000.0
121162|2024|AA|19/admapprovalschemewebservice:0,121162|2024|AA|19,0,101452188,1769,4211,100000.0,,,100000.0
121162|2024|AA|20/admapprovalschemewebservice:0,121162|2024|AA|20,0,101456571,1769,4211,107756.0,,,107756.0
121162|2024|AA|21/admapprovalschemewebservice:0,121162|2024|AA|21,0,101943452,1769,4249,130461.0,,,130461.0
121162|2024|AA|22/admapprovalschemewebservice:0,121162|2024|AA|22,0,101190159,1778,4250,150000.0,,,150000.0
121162|2025|AA|0/admapprovalschemewebservice:0,121162|2025|AA|0,0,121342351,1769,4249,87000.0,,,87000.0
121162|2025|AA|1/admapprovalschemewebservice:0,121162|2025|AA|1,0,122219678,1778,4250,110000.0,,,110000.0
121162|2025|AA|2/admapprovalschemewebservice:0,121162|2025|AA|2,0,122217940,1769,4211,100000.0,,,100000.0
121162|2025|AA|3/admapprovalschemewebservice:0,121162|2025|AA|3,0,122216134,1769,4211,100000.0,,,100000.0
121162|2025|AA|4/admapprovalschemewebservice:0,121162|2025|AA|4,0,124965786,1769,4249,144000.0,,,144000.0
121162|2025|AA|5/admapprovalschemewebservice:0,121162|2025|AA|5,0,122218492,1769,4211,100000.0,,,100000.0
121162|2025|AA|6/admapprovalschemewebservice:0,121162|2025|AA|6,0,122221126,1778,4250,100000.0,,,100000.0
121162|2025|AA|7/admapprovalschemewebservice:0,121162|2025|AA|7,0,122220054,1778,4250,100000.0,,,100000.0
121162|2025|AA|8/admapprovalschemewebservice:0,121162|2025|AA|8,0,122218746,1769,4211,200000.0,,,200000.0
121162|2025|AA|9/admapprovalschemewebservice:0,121162|2025|AA|9,0,122220564,1778,4250,164000.0,,,164000.0
121526|2020|AA|0/admapprovalschemewebservice:0,121526|2020|AA|0,0,44117617,1769,4211,562350.0,,,562350.0
121526|2020|AA|1/admapprovalschemewebservice:0,121526|2020|AA|1,0,44117534,1769,4211,500000.0,,,500000.0
121526|2020|AA|2/admapprovalschemewebservice:0,121526|2020|AA|2,0,44127103,1769,4249,50000.0,,,50000.0
121526|2020|AA|3/admapprovalschemewebservice:0,121526|2020|AA|3,0,44190627,1769,4249,50000.0,,,50000.0
121526|2020|AA|4/admapprovalschemewebservice:0,121526|2020|AA|4,0,44117698,1769,4249,100000.0,,,100000.0
121526|2020|AA|5/admapprovalschemewebservice:0,121526|2020|AA|5,0,44117113,1778,4250,6000.0,,,6000.0
121526|2020|AA|6/admapprovalschemewebservice:0,121526|2020|AA|6,0,44116828,1778,4250,96000.0,,,96000.0
121526|2020|AA|7/admapprovalschemewebservice:0,121526|2020|AA|7,0,44126993,1769,4249,460000.0,,,460000.0
121526|2020|AA|8/admapprovalschemewebservice:0,121526|2020|AA|8,0,44190688,1769,4249,80000.0,,,80000.0
121526|2020|AA|9/admapprovalschemewebservice:0,121526|2020|AA|9,0,44127926,1769,4249,80000.0,,,80000.0
121526|2020|AA|10/admapprovalschemewebservice:0,121526|2020|AA|10,0,44117403,1778,4250,20000.0,,,20000.0
121526|2020|AA|11/admapprovalschemewebservice:0,121526|2020|AA|11,0,44117314,1778,4250,508844.0,,,508844.0
121526|2021|AA|0/admapprovalschemewebservice:0,121526|2021|AA|0,0,47711876,1778,4250,96000.0,,,96000.0
121526|2021|AA|1/admapprovalschemewebservice:0,121526|2021|AA|1,0,47710418,1769,4211,262350.0,,,262350.0
121526|2021|AA|2/admapprovalschemewebservice:0,121526|2021|AA|2,0,47714942,1778,4250,242844.0,,,242844.0
121526|2021|AA|3/admapprovalschemewebservice:0,121526|2021|AA|3,0,47713210,1778,4250,6000.0,,,6000.0
121526|2021|AA|4/admapprovalschemewebservice:0,121526|2021|AA|4,0,47712667,1778,4250,6000.0,,,6000.0
121526|2021|AA|5/admapprovalschemewebservice:0,121526|2021|AA|5,0,47713430,1778,4250,35000.0,,,35000.0
121526|2021|AA|6/admapprovalschemewebservice:0,121526|2021|AA|6,0,47709755,1769,4211,300000.0,,,300000.0
121526|2021|AA|7/admapprovalschemewebservice:0,121526|2021|AA|7,0,80225769,1769,4249,120000.0,,,120000.0
121526|2021|AA|8/admapprovalschemewebservice:0,121526|2021|AA|8,0,80225623,1769,4249,80000.0,,,80000.0
121526|2021|AA|9/admapprovalschemewebservice:0,121526|2021|AA|9,0,47707727,1769,4249,171175.0,,,171175.0
121526|2021|AA|10/admapprovalschemewebservice:0,121526|2021|AA|10,0,47714600,1778,4250,350000.0,,,350000.0
121526|2022|AA|0/admapprovalschemewebservice:0,121526|2022|AA|0,0,61826579,1778,4250,30000.0,,,30000.0
121526|2022|AA|1/admapprovalschemewebservice:0,121526|2022|AA|1,0,61826655,1778,4250,38844.0,,,38844.0
121526|2022|AA|2/admapprovalschemewebservice:0,121526|2022|AA|2,0,61826335,1778,4250,60000.0,,,60000.0
121526|2022|AA|3/admapprovalschemewebservice:0,121526|2022|AA|3,0,66562733,1769,4249,25000.0,,,25000.0
121526|2022|AA|4/admapprovalschemewebservice:0,121526|2022|AA|4,0,61824821,1769,4249,96000.0,,,96000.0
121526|2022|AA|5/admapprovalschemewebservice:0,121526|2022|AA|5,0,61825320,1769,4249,200000.0,,,200000.0
121526|2022|AA|6/admapprovalschemewebservice:0,121526|2022|AA|6,0,66937270,1778,4250,500000.0,,,500000.0
121526|2022|AA|7/admapprovalschemewebservice:0,121526|2022|AA|7,0,66562818,1769,4249,67500.0,,,67500.0
121526|2022|AA|8/admapprovalschemewebservice:0,121526|2022|AA|8,0,66562853,1769,4249,69000.0,,,69000.0
121526|2022|AA|9/admapprovalschemewebservice:0,121526|2022|AA|9,0,61826742,1778,4250,35000.0,,,35000.0
121526|2022|AA|10/admapprovalschemewebservice:0,121526|2022|AA|10,0,66562938,1769,4211,69000.0,,,69000.0
121526|2022|AA|11/admapprovalschemewebservice:0,121526|2022|AA|11,0,66562961,1769,4211,71400.0,,,71400.0
121526|2022|AA|12/admapprovalschemewebservice:0,121526|2022|AA|12,0,66563105,1769,4211,229800.0,,,229800.0
121526|2022|AA|13/admapprovalschemewebservice:0,121526|2022|AA|13,0,66563054,1769,4211,238792.0,,,238792.0
121526|2022|AA|14/admapprovalschemewebservice:0,121526|2022|AA|14,0,66562710,1769,4249,196000.0,,,196000.0
121526|2023|AA|0/admapprovalschemewebservice:0,121526|2023|AA|0,0,83311975,1769,4249,96000.0,,,96000.0
121526|2023|AA|1/admapprovalschemewebservice:0,121526|2023|AA|1,0,83390114,1778,4250,30000.0,,,30000.0
121526|2023|AA|2/admapprovalschemewebservice:0,121526|2023|AA|2,0,83313861,1769,4249,100000.0,,,100000.0
121526|2023|AA|3/admapprovalschemewebservice:0,121526|2023|AA|3,0,83387320,1769,4211,200000.0,,,200000.0
121526|2023|AA|4/admapprovalschemewebservice:0,121526|2023|AA|4,0,83394942,1778,4250,650000.0,,,650000.0
121526|2023|AA|5/admapprovalschemewebservice:0,121526|2023|AA|5,0,83396097,1769,4211,99980.0,,,99980.0
121526|2023|AA|6/admapprovalschemewebservice:0,121526|2023|AA|6,0,72781897,1769,4211,203000.0,,,203000.0
121526|2024|AA|0/admapprovalschemewebservice:0,121526|2024|AA|0,0,104479341,1769,4249,200000.0,,,200000.0
121526|2024|AA|1/admapprovalschemewebservice:0,121526|2024|AA|1,0,104478186,1778,4250,200000.0,,,200000.0
121526|2024|AA|2/admapprovalschemewebservice:0,121526|2024|AA|2,0,104476183,1778,4250,50000.0,,,50000.0
121526|2024|AA|3/admapprovalschemewebservice:0,121526|2024|AA|3,0,104472887,1778,4250,6000.0,,,6000.0
121526|2024|AA|4/admapprovalschemewebservice:0,121526|2024|AA|4,0,104474754,1778,4250,6000.0,,,6000.0
121526|2024|AA|5/admapprovalschemewebservice:0,121526|2024|AA|5,0,104477552,1778,4250,250000.0,,,250000.0
121526|2024|AA|6/admapprovalschemewebservice:0,121526|2024|AA|6,0,104480037,1778,4250,350000.0,,,350000.0
121526|2024|AA|7/admapprovalschemewebservice:0,121526|2024|AA|7,0,104479411,1778,4250,77540.0,,,77540.0
121526|2024|AA|8/admapprovalschemewebservice:0,121526|2024|AA|8,0,104476960,1769,4249,171000.0,,,171000.0
121526|2024|AA|9/admapprovalschemewebservice:0,121526|2024|AA|9,0,104475801,1778,4250,60000.0,,,60000.0
121526|2024|AA|10/admapprovalschemewebservice:0,121526|2024|AA|10,0,104494065,1769,4211,150000.0,,,150000.0
121526|2024|AA|11/admapprovalschemewebservice:0,121526|2024|AA|11,0,104492019,1769,4211,250000.0,,,250000.0
121526|2024|AA|12/admapprovalschemewebservice:0,121526|2024|AA|12,0,104495110,1769,4211,50000.0,,,50000.0
121526|2024|AA|13/admapprovalschemewebservice:0,121526|2024|AA|13,0,104657223,1769,4249,38567.0,,,38567.0
121526|2024|AA|14/admapprovalschemewebservice:0,121526|2024|AA|14,0,104482322,1769,4249,50000.0,,,50000.0
121526|2024|AA|15/admapprovalschemewebservice:0,121526|2024|AA|15,0,104477918,1769,4249,80000.0,,,80000.0
121526|2024|AA|16/admapprovalschemewebservice:0,121526|2024|AA|16,0,104530498,1769,4249,241118.0,,,241118.0
121526|2025|AA|0/admapprovalschemewebservice:0,121526|2025|AA|0,0,124908308,1769,4249,102000.0,,,102000.0
121526|2025|AA|1/admapprovalschemewebservice:0,121526|2025|AA|1,0,124908476,1769,4249,77000.0,,,77000.0
121526|2025|AA|2/admapprovalschemewebservice:0,121526|2025|AA|2,0,124957699,1778,4250,183840.0,,,183840.0
121526|2025|AA|3/admapprovalschemewebservice:0,121526|2025|AA|3,0,124908159,1769,4249,126000.0,,,126000.0
121526|2025|AA|4/admapprovalschemewebservice:0,121526|2025|AA|4,0,124957341,1778,4250,400000.0,,,400000.0
121526|2025|AA|5/admapprovalschemewebservice:0,121526|2025|AA|5,0,124908718,1769,4249,50000.0,,,50000.0
121663|2020|AA|0/admapprovalschemewebservice:0,121663|2020|AA|0,0,44088706,1769,4211,150000.0,,,150000.0
121663|2020|AA|1/admapprovalschemewebservice:0,121663|2020|AA|1,0,44088636,1769,4211,150000.0,,,150000.0
121663|2020|AA|2/admapprovalschemewebservice:0,121663|2020|AA|2,0,44088822,1778,4250,72000.0,,,72000.0
121663|2020|AA|3/admapprovalschemewebservice:0,121663|2020|AA|3,0,44088799,1778,4250,100000.0,,,100000.0
121663|2020|AA|4/admapprovalschemewebservice:0,121663|2020|AA|4,0,44088597,1769,4211,150000.0,,,150000.0
121663|2020|AA|5/admapprovalschemewebservice:0,121663|2020|AA|5,0,44088934,1778,4250,75000.0,,,75000.0
121663|2020|AA|6/admapprovalschemewebservice:0,121663|2020|AA|6,0,44088864,1778,4250,150000.0,,,150000.0
121663|2020|AA|7/admapprovalschemewebservice:0,121663|2020|AA|7,0,44088766,1769,4211,107350.0,,,107350.0
121663|2020|AA|8/admapprovalschemewebservice:0,121663|2020|AA|8,0,44088684,1769,4211,150000.0,,,150000.0
121663|2020|AA|9/admapprovalschemewebservice:0,121663|2020|AA|9,0,44088984,1778,4250,125000.0,,,125000.0
121663|2020|AA|10/admapprovalschemewebservice:0,121663|2020|AA|10,0,44088735,1769,4211,6000.0,,,6000.0
121663|2020|AA|11/admapprovalschemewebservice:0,121663|2020|AA|11,0,44088778,1769,4211,6000.0,,,6000.0
121663|2020|AA|12/admapprovalschemewebservice:0,121663|2020|AA|12,0,53731743,1769,4211,205000.0,,,205000.0
121663|2020|AA|13/admapprovalschemewebservice:0,121663|2020|AA|13,0,56729464,1769,4211,162350.0,,,162350.0
121663|2020|AA|14/admapprovalschemewebservice:0,121663|2020|AA|14,0,44088952,1778,4250,86844.0,,,86844.0
121663|2021|AA|0/admapprovalschemewebservice:0,121663|2021|AA|0,0,47625526,1769,4211,300000.0,,,300000.0
121663|2021|AA|1/admapprovalschemewebservice:0,121663|2021|AA|1,0,48228667,1778,4250,72000.0,,,72000.0
121663|2021|AA|2/admapprovalschemewebservice:0,121663|2021|AA|2,0,56778477,1769,4249,68825.0,,,68825.0
121663|2021|AA|3/admapprovalschemewebservice:0,121663|2021|AA|3,0,56115159,1769,4249,162350.0,,,162350.0
121663|2021|AA|4/admapprovalschemewebservice:0,121663|2021|AA|4,0,56740472,1778,4250,281444.0,,,281444.0
121663|2021|AA|5/admapprovalschemewebservice:0,121663|2021|AA|5,0,48227546,1769,4211,6000.0,,,6000.0
121663|2021|AA|6/admapprovalschemewebservice:0,121663|2021|AA|6,0,48227364,1769,4211,6000.0,,,6000.0
121663|2021|AA|7/admapprovalschemewebservice:0,121663|2021|AA|7,0,48225316,1769,4249,81175.0,,,81175.0
121663|2021|AA|8/admapprovalschemewebservice:0,121663|2021|AA|8,0,48225561,1769,4249,150000.0,,,150000.0
121663|2021|AA|9/admapprovalschemewebservice:0,121663|2021|AA|9,0,48224906,1769,4249,150000.0,,,150000.0
121663|2021|AA|10/admapprovalschemewebservice:0,121663|2021|AA|10,0,48225117,1769,4249,150000.0,,,150000.0
121663|2021|AA|11/admapprovalschemewebservice:0,121663|2021|AA|11,0,48225778,1769,4249,150000.0,,,150000.0
121663|2021|AA|12/admapprovalschemewebservice:0,121663|2021|AA|12,0,47625309,1769,4249,150000.0,,,150000.0
121663|2021|AA|13/admapprovalschemewebservice:0,121663|2021|AA|13,0,48228818,1778,4250,50000.0,,,50000.0
121663|2021|AA|14/admapprovalschemewebservice:0,121663|2021|AA|14,0,48229204,1778,4250,300000.0,,,300000.0
121663|2021|AA|15/admapprovalschemewebservice:0,121663|2021|AA|15,0,48226536,1769,4211,200000.0,,,200000.0
121663|2021|AA|16/admapprovalschemewebservice:0,121663|2021|AA|16,0,47625750,1778,4250,100000.0,,,100000.0
121663|2021|AA|17/admapprovalschemewebservice:0,121663|2021|AA|17,0,48226686,1769,4211,200000.0,,,200000.0
121663|2022|AA|0/admapprovalschemewebservice:0,121663|2022|AA|0,0,66413582,1769,4249,25000.0,,,25000.0
121663|2022|AA|1/admapprovalschemewebservice:0,121663|2022|AA|1,0,66413521,1769,4249,96000.0,,,96000.0
121663|2022|AA|2/admapprovalschemewebservice:0,121663|2022|AA|2,0,66413530,1769,4249,12000.0,,,12000.0
121663|2022|AA|3/admapprovalschemewebservice:0,121663|2022|AA|3,0,61836314,1778,4250,48000.0,,,48000.0
121663|2022|AA|4/admapprovalschemewebservice:0,121663|2022|AA|4,0,61836355,1778,4250,24000.0,,,24000.0
121663|2022|AA|5/admapprovalschemewebservice:0,121663|2022|AA|5,0,61835851,1769,4211,20000.0,,,20000.0
121663|2022|AA|6/admapprovalschemewebservice:0,121663|2022|AA|6,0,66413698,1769,4211,270000.0,,,270000.0
121663|2022|AA|7/admapprovalschemewebservice:0,121663|2022|AA|7,0,61836646,1778,4250,150000.0,,,150000.0
121663|2022|AA|8/admapprovalschemewebservice:0,121663|2022|AA|8,0,61836554,1778,4250,286900.0,,,286900.0
121663|2022|AA|9/admapprovalschemewebservice:0,121663|2022|AA|9,0,66413678,1769,4249,72000.0,,,72000.0
121663|2022|AA|10/admapprovalschemewebservice:0,121663|2022|AA|10,0,61835970,1769,4211,6000.0,,,6000.0
121663|2022|AA|11/admapprovalschemewebservice:0,121663|2022|AA|11,0,61836061,1769,4211,6000.0,,,6000.0
121663|2022|AA|12/admapprovalschemewebservice:0,121663|2022|AA|12,0,66413555,1769,4249,44300.0,,,44300.0
121663|2022|AA|13/admapprovalschemewebservice:0,121663|2022|AA|13,0,61836011,1769,4211,58992.0,,,58992.0
121663|2022|AA|14/admapprovalschemewebservice:0,121663|2022|AA|14,0,66413413,1769,4249,48000.0,,,48000.0
121663|2022|AA|15/admapprovalschemewebservice:0,121663|2022|AA|15,0,66413399,1769,4249,45000.0,,,45000.0
121663|2022|AA|16/admapprovalschemewebservice:0,121663|2022|AA|16,0,66413428,1769,4249,12000.0,,,12000.0
121663|2022|AA|17/admapprovalschemewebservice:0,121663|2022|AA|17,0,66413440,1769,4249,30000.0,,,30000.0
121663|2022|AA|18/admapprovalschemewebservice:0,121663|2022|AA|18,0,66413471,1769,4249,27000.0,,,27000.0
121663|2022|AA|19/admapprovalschemewebservice:0,121663|2022|AA|19,0,66413485,1769,4249,24000.0,,,24000.0
121663|2022|AA|20/admapprovalschemewebservice:0,121663|2022|AA|20,0,66413494,1769,4249,24000.0,,,24000.0
121663|2022|AA|21/admapprovalschemewebservice:0,121663|2022|AA|21,0,66413504,1769,4249,12000.0,,,12000.0
121663|2022|AA|22/admapprovalschemewebservice:0,121663|2022|AA|22,0,66413513,1769,4249,15000.0,,,15000.0
121663|2022|AA|23/admapprovalschemewebservice:0,121663|2022|AA|23,0,66413460,1769,4249,12000.0,,,12000.0
121663|2023|AA|0/admapprovalschemewebservice:0,121663|2023|AA|0,0,83174810,1769,4211,116080.0,,,116080.0
121663|2023|AA|1/admapprovalschemewebservice:0,121663|2023|AA|1,0,83171648,1769,4249,100000.0,,,100000.0
121663|2023|AA|2/admapprovalschemewebservice:0,121663|2023|AA|2,0,83175291,1769,4211,250000.0,,,250000.0
121663|2023|AA|3/admapprovalschemewebservice:0,121663|2023|AA|3,0,83175066,1769,4211,250000.0,,,250000.0
121663|2023|AA|4/admapprovalschemewebservice:0,121663|2023|AA|4,0,83173573,1769,4249,251860.0,,,251860.0
121663|2023|AA|5/admapprovalschemewebservice:0,121663|2023|AA|5,0,83173257,1769,4249,105000.0,,,105000.0
121663|2023|AA|6/admapprovalschemewebservice:0,121663|2023|AA|6,0,83170492,1778,4250,300000.0,,,300000.0
121663|2023|AA|7/admapprovalschemewebservice:0,121663|2023|AA|7,0,83170712,1778,4250,300000.0,,,300000.0
121663|2023|AA|8/admapprovalschemewebservice:0,121663|2023|AA|8,0,83171905,1769,4249,160000.0,,,160000.0
121663|2023|AA|9/admapprovalschemewebservice:0,121663|2023|AA|9,0,83172150,1769,4249,160000.0,,,160000.0
121663|2024|AA|0/admapprovalschemewebservice:0,121663|2024|AA|0,0,103395804,1769,4249,100000.0,,,100000.0
121663|2024|AA|1/admapprovalschemewebservice:0,121663|2024|AA|1,0,103603821,1769,4211,177330.0,,,177330.0
121663|2024|AA|2/admapprovalschemewebservice:0,121663|2024|AA|2,0,104262907,1769,4249,40000.0,,,40000.0
121663|2024|AA|3/admapprovalschemewebservice:0,121663|2024|AA|3,0,103399694,1769,4249,45000.0,,,45000.0
121663|2024|AA|4/admapprovalschemewebservice:0,121663|2024|AA|4,0,103599476,1769,4211,225426.0,,,225426.0
121663|2024|AA|5/admapprovalschemewebservice:0,121663|2024|AA|5,0,103598945,1769,4211,250000.0,,,250000.0
121663|2024|AA|6/admapprovalschemewebservice:0,121663|2024|AA|6,0,103591815,1769,4249,3500.0,,,3500.0
121663|2024|AA|7/admapprovalschemewebservice:0,121663|2024|AA|7,0,103590271,1769,4249,3500.0,,,3500.0
121663|2024|AA|8/admapprovalschemewebservice:0,121663|2024|AA|8,0,103592539,1769,4249,3500.0,,,3500.0
121663|2024|AA|9/admapprovalschemewebservice:0,121663|2024|AA|9,0,103591270,1769,4249,3500.0,,,3500.0
121663|2024|AA|10/admapprovalschemewebservice:0,121663|2024|AA|10,0,103593835,1769,4249,3500.0,,,3500.0
121663|2024|AA|11/admapprovalschemewebservice:0,121663|2024|AA|11,0,103594510,1769,4249,3500.0,,,3500.0
121663|2024|AA|12/admapprovalschemewebservice:0,121663|2024|AA|12,0,103596374,1769,4249,3500.0,,,3500.0
121663|2024|AA|13/admapprovalschemewebservice:0,121663|2024|AA|13,0,103597071,1769,4249,3500.0,,,3500.0
121663|2024|AA|14/admapprovalschemewebservice:0,121663|2024|AA|14,0,103590854,1769,4249,3500.0,,,3500.0
121663|2024|AA|15/admapprovalschemewebservice:0,121663|2024|AA|15,0,103593221,1769,4249,3500.0,,,3500.0
121663|2024|AA|16/admapprovalschemewebservice:0,121663|2024|AA|16,0,103595175,1769,4249,3500.0,,,3500.0
121663|2024|AA|17/admapprovalschemewebservice:0,121663|2024|AA|17,0,103595768,1769,4249,3500.0,,,3500.0
121663|2025|AA|0/admapprovalschemewebservice:0,121663|2025|AA|0,0,125959525,1769,4249,100000.0,,,100000.0
121663|2025|AA|1/admapprovalschemewebservice:0,121663|2025|AA|1,0,125959616,1769,4249,144000.0,,,144000.0
121663|2025|AA|2/admapprovalschemewebservice:0,121663|2025|AA|2,0,125959551,1769,4249,339567.0,,,339567.0
121663|2025|AA|3/admapprovalschemewebservice:0,121663|2025|AA|3,0,125961224,1778,4250,30000.0,,,30000.0
121663|2025|AA|4/admapprovalschemewebservice:0,121663|2025|AA|4,0,125961168,1769,4211,117000.0,,,117000.0
121663|2025|AA|5/admapprovalschemewebservice:0,121663|2025|AA|5,0,125961209,1778,4250,200000.0,,,200000.0
121663|2025|AA|6/admapprovalschemewebservice:0,121663|2025|AA|6,0,125959569,1769,4249,50000.0,,,50000.0
121663|2025|AA|7/admapprovalschemewebservice:0,121663|2025|AA|7,0,125961193,1778,4250,250000.0,,,250000.0
121663|2025|AA|8/admapprovalschemewebservice:0,121663|2025|AA|8,0,125961183,1778,4250,250000.0,,,250000.0
275075|2020|AA|0/admapprovalschemewebservice:0,275075|2020|AA|0,0,44717163,1518,3880,200000.0,,,200000.0
275075|2020|AA|1/admapprovalschemewebservice:0,275075|2020|AA|1,0,44717151,1518,3880,76830.0,,,76830.0
275075|2020|AA|2/admapprovalschemewebservice:0,275075|2020|AA|2,0,44717122,1518,3880,500000.0,,,500000.0
275075|2020|AA|3/admapprovalschemewebservice:0,275075|2020|AA|3,0,38554424,1769,4211,50000.0,,,50000.0
275075|2020|AA|4/admapprovalschemewebservice:0,275075|2020|AA|4,0,38554360,1769,4249,106382.0,,,106382.0
275075|2020|AA|5/admapprovalschemewebservice:0,275075|2020|AA|5,0,38554554,1769,4211,60000.0,,,60000.0
275075|2020|AA|6/admapprovalschemewebservice:0,275075|2020|AA|6,0,44720961,1518,3880,80000.0,,,80000.0
275075|2020|AA|7/admapprovalschemewebservice:0,275075|2020|AA|7,0,44720985,1518,3880,500000.0,,,500000.0
275075|2020|AA|8/admapprovalschemewebservice:0,275075|2020|AA|8,0,38554282,1769,4249,100000.0,,,100000.0
275075|2020|AA|9/admapprovalschemewebservice:0,275075|2020|AA|9,0,44720945,1518,3880,250000.0,,,250000.0
275075|2020|AA|10/admapprovalschemewebservice:0,275075|2020|AA|10,0,38554518,1769,4211,500000.0,,,500000.0
275075|2020|AA|11/admapprovalschemewebservice:0,275075|2020|AA|11,0,44716654,1518,3880,30000.0,,,30000.0
275075|2020|AA|12/admapprovalschemewebservice:0,275075|2020|AA|12,0,44716682,1518,3880,20000.0,,,20000.0
275075|2020|AA|13/admapprovalschemewebservice:0,275075|2020|AA|13,0,44714603,1518,3880,30000.0,,,30000.0
275075|2020|AA|14/admapprovalschemewebservice:0,275075|2020|AA|14,0,44714596,1518,3880,30000.0,,,30000.0
275075|2020|AA|15/admapprovalschemewebservice:0,275075|2020|AA|15,0,44714612,1518,3880,30000.0,,,30000.0
275075|2020|AA|16/admapprovalschemewebservice:0,275075|2020|AA|16,0,44717082,1518,3880,42000.0,,,42000.0
275075|2020|AA|17/admapprovalschemewebservice:0,275075|2020|AA|17,0,44717060,1518,3880,42000.0,,,42000.0
275075|2020|AA|18/admapprovalschemewebservice:0,275075|2020|AA|18,0,44717099,1518,3880,42000.0,,,42000.0
275075|2020|AA|19/admapprovalschemewebservice:0,275075|2020|AA|19,0,44716747,1518,3880,126000.0,,,126000.0
275075|2020|AA|20/admapprovalschemewebservice:0,275075|2020|AA|20,0,44716767,1518,3880,126000.0,,,126000.0
275075|2020|AA|21/admapprovalschemewebservice:0,275075|2020|AA|21,0,44716724,1518,3880,168000.0,,,168000.0
275075|2020|AA|22/admapprovalschemewebservice:0,275075|2020|AA|22,0,44720899,1518,3880,150000.0,,,150000.0
275075|2020|AA|23/admapprovalschemewebservice:0,275075|2020|AA|23,0,44720919,1518,3880,262370.0,,,262370.0
275075|2020|AA|24/admapprovalschemewebservice:0,275075|2020|AA|24,0,44721063,1518,3880,397800.0,,,397800.0
275075|2020|AA|25/admapprovalschemewebservice:0,275075|2020|AA|25,0,44717137,1518,3880,150000.0,,,150000.0
275075|2020|AA|26/admapprovalschemewebservice:0,275075|2020|AA|26,0,38553954,1769,4249,175000.0,,,175000.0
275075|2020|AA|27/admapprovalschemewebservice:0,275075|2020|AA|27,0,38553887,1769,4249,144286.0,,,144286.0
275075|2020|AA|28/admapprovalschemewebservice:0,275075|2020|AA|28,0,38553746,1769,4249,150000.0,,,150000.0
275075|2020|AA|29/admapprovalschemewebservice:0,275075|2020|AA|29,0,44720974,1518,3880,200000.0,,,200000.0
275075|2020|AA|30/admapprovalschemewebservice:0,275075|2020|AA|30,0,38554241,1769,4249,115000.0,,,115000.0
275075|2020|AA|31/admapprovalschemewebservice:0,275075|2020|AA|31,0,38553917,1769,4249,25104.0,,,25104.0
275075|2020|AA|32/admapprovalschemewebservice:0,275075|2020|AA|32,0,38553559,1769,4249,75000.0,,,75000.0
275075|2020|AA|33/admapprovalschemewebservice:0,275075|2020|AA|33,0,38552980,1769,4211,24000.0,,,24000.0
275075|2020|AA|34/admapprovalschemewebservice:0,275075|2020|AA|34,0,38553806,1769,4211,20000.0,,,20000.0
275075|2020|AA|35/admapprovalschemewebservice:0,275075|2020|AA|35,0,38553824,1769,4211,15000.0,,,15000.0
275075|2020|AA|36/admapprovalschemewebservice:0,275075|2020|AA|36,0,38554009,1769,4249,75000.0,,,75000.0
275075|2020|AA|37/admapprovalschemewebservice:0,275075|2020|AA|37,0,44043553,1778,4250,50000.0,,,50000.0
275075|2020|AA|38/admapprovalschemewebservice:0,275075|2020|AA|38,0,65286540,1769,4211,134000.0,,,134000.0
275075|2020|AA|39/admapprovalschemewebservice:0,275075|2020|AA|39,0,38554579,1769,4211,186772.0,,,186772.0
275075|2020|AA|40/admapprovalschemewebservice:0,275075|2020|AA|40,0,38554754,1778,4250,593074.0,,,593074.0
275075|2020|AA|41/admapprovalschemewebservice:0,275075|2020|AA|41,0,38554458,1769,4211,60000.0,,,60000.0
275075|2020|AA|42/admapprovalschemewebservice:0,275075|2020|AA|42,0,44721089,1526,3907,448701.0,,,448701.0
275075|2020|AA|43/admapprovalschemewebservice:0,275075|2020|AA|43,0,65286426,1769,4249,100104.0,,,100104.0
275075|2020|AA|44/admapprovalschemewebservice:0,275075|2020|AA|44,0,65286586,1769,4211,50000.0,,,50000.0
275075|2020|AA|45/admapprovalschemewebservice:0,275075|2020|AA|45,0,38554319,1769,4211,50000.0,,,50000.0
275075|2021|AA|0/admapprovalschemewebservice:0,275075|2021|AA|0,0,54926346,1778,4250,200000.0,,,200000.0
275075|2021|AA|1/admapprovalschemewebservice:0,275075|2021|AA|1,0,54926315,1778,4250,243074.0,,,243074.0
275075|2021|AA|2/admapprovalschemewebservice:0,275075|2021|AA|2,0,54926136,1769,4249,200000.0,,,200000.0
275075|2021|AA|3/admapprovalschemewebservice:0,275075|2021|AA|3,0,54925960,1769,4249,250000.0,,,250000.0
275075|2021|AA|4/admapprovalschemewebservice:0,275075|2021|AA|4,0,54926161,1769,4249,100000.0,,,100000.0
275075|2021|AA|5/admapprovalschemewebservice:0,275075|2021|AA|5,0,54926248,1769,4211,138198.0,,,138198.0
275075|2021|AA|6/admapprovalschemewebservice:0,275075|2021|AA|6,0,54926188,1769,4211,300000.0,,,300000.0
275075|2021|AA|7/admapprovalschemewebservice:0,275075|2021|AA|7,0,54926383,1778,4250,200000.0,,,200000.0
275075|2021|AA|8/admapprovalschemewebservice:0,275075|2021|AA|8,0,54926426,1769,4249,141149.0,,,141149.0
275075|2021|AA|9/admapprovalschemewebservice:0,275075|2021|AA|9,0,54926224,1769,4211,150000.0,,,150000.0
275075|2021|AA|10/admapprovalschemewebservice:0,275075|2021|AA|10,0,54926014,1769,4249,119149.0,,,119149.0
275075|2021|AA|11/admapprovalschemewebservice:0,275075|2021|AA|11,0,54926077,1769,4249,72000.0,,,72000.0
275075|2022|AA|0/admapprovalschemewebservice:0,275075|2022|AA|0,0,65696910,1769,4249,150000.0,,,150000.0
275075|2022|AA|1/admapprovalschemewebservice:0,275075|2022|AA|1,0,65698226,1769,4211,60891.0,,,60891.0
275075|2022|AA|2/admapprovalschemewebservice:0,275075|2022|AA|2,0,65697004,1769,4249,246744.0,,,246744.0
275075|2022|AA|3/admapprovalschemewebservice:0,275075|2022|AA|3,0,65698242,1778,4250,243120.0,,,243120.0
275075|2022|AA|4/admapprovalschemewebservice:0,275075|2022|AA|4,0,65698185,1769,4211,198100.0,,,198100.0
275075|2022|AA|5/admapprovalschemewebservice:0,275075|2022|AA|5,0,65698207,1769,4211,100000.0,,,100000.0
275075|2022|AA|6/admapprovalschemewebservice:0,275075|2022|AA|6,0,65698169,1769,4211,100000.0,,,100000.0
275075|2022|AA|7/admapprovalschemewebservice:0,275075|2022|AA|7,0,65697137,1769,4249,166743.0,,,166743.0
275075|2022|AA|8/admapprovalschemewebservice:0,275075|2022|AA|8,0,65708798,1769,4211,100000.0,,,100000.0
275075|2022|AA|9/admapprovalschemewebservice:0,275075|2022|AA|9,0,65698258,1778,4250,200000.0,,,200000.0
275075|2022|AA|10/admapprovalschemewebservice:0,275075|2022|AA|10,0,65697095,1769,4249,90000.0,,,90000.0
275075|2022|AA|11/admapprovalschemewebservice:0,275075|2022|AA|11,0,65697062,1769,4249,200000.0,,,200000.0
275075|2022|AA|12/admapprovalschemewebservice:0,275075|2022|AA|12,0,65698292,1778,4250,100000.0,,,100000.0
275075|2022|AA|13/admapprovalschemewebservice:0,275075|2022|AA|13,0,65697031,1769,4249,60000.0,,,60000.0
275075|2022|AA|14/admapprovalschemewebservice:0,275075|2022|AA|14,0,65697900,1769,4211,50000.0,,,50000.0
275075|2023|AA|0/admapprovalschemewebservice:0,275075|2023|AA|0,0,81278841,1769,4249,218060.0,,,218060.0
275075|2023|AA|1/admapprovalschemewebservice:0,275075|2023|AA|1,0,81275031,1769,4249,27060.0,,,27060.0
275075|2023|AA|2/admapprovalschemewebservice:0,275075|2023|AA|2,0,79112249,1778,4250,330000.0,,,330000.0
275075|2023|AA|3/admapprovalschemewebservice:0,275075|2023|AA|3,0,79114303,1778,4250,59193.0,,,59193.0
275075|2023|AA|4/admapprovalschemewebservice:0,275075|2023|AA|4,0,79094376,1769,4211,100000.0,,,100000.0
275075|2023|AA|5/admapprovalschemewebservice:0,275075|2023|AA|5,0,79110929,1769,4211,147272.0,,,147272.0
275075|2023|AA|6/admapprovalschemewebservice:0,275075|2023|AA|6,0,75761153,1769,4249,50000.0,,,50000.0
275075|2023|AA|7/admapprovalschemewebservice:0,275075|2023|AA|7,0,75759321,1769,4249,50000.0,,,50000.0
275075|2023|AA|8/admapprovalschemewebservice:0,275075|2023|AA|8,0,80701364,1769,4249,10000.0,,,10000.0
275075|2023|AA|9/admapprovalschemewebservice:0,275075|2023|AA|9,0,75760379,1769,4249,5000.0,,,5000.0
275075|2023|AA|10/admapprovalschemewebservice:0,275075|2023|AA|10,0,81192814,1769,4249,80000.0,,,80000.0
275075|2023|AA|11/admapprovalschemewebservice:0,275075|2023|AA|11,0,81279055,1769,4249,24000.0,,,24000.0
275075|2023|AA|12/admapprovalschemewebservice:0,275075|2023|AA|12,0,81279790,1778,4250,160808.0,,,160808.0
275075|2023|AA|13/admapprovalschemewebservice:0,275075|2023|AA|13,0,79103097,1769,4249,100000.0,,,100000.0
275075|2023|AA|14/admapprovalschemewebservice:0,275075|2023|AA|14,0,80701608,1769,4249,40000.0,,,40000.0
275075|2023|AA|15/admapprovalschemewebservice:0,275075|2023|AA|15,0,81193103,1769,4249,20000.0,,,20000.0
275075|2023|AA|16/admapprovalschemewebservice:0,275075|2023|AA|16,0,81277994,1769,4249,60000.0,,,60000.0
275075|2023|AA|17/admapprovalschemewebservice:0,275075|2023|AA|17,0,79107798,1769,4249,25000.0,,,25000.0
275075|2023|AA|18/admapprovalschemewebservice:0,275075|2023|AA|18,0,75759533,1769,4249,70000.0,,,70000.0
275075|2023|AA|19/admapprovalschemewebservice:0,275075|2023|AA|19,0,75760279,1769,4249,90000.0,,,90000.0
275075|2023|AA|20/admapprovalschemewebservice:0,275075|2023|AA|20,0,75759830,1769,4249,35000.0,,,35000.0
275075|2023|AA|21/admapprovalschemewebservice:0,275075|2023|AA|21,0,79089576,1769,4249,20000.0,,,20000.0
275075|2024|AA|0/admapprovalschemewebservice:0,275075|2024|AA|0,0,101760378,1769,4211,172756.0,,,172756.0
275075|2024|AA|1/admapprovalschemewebservice:0,275075|2024|AA|1,0,101794599,1778,4251,208152.0,,,208152.0
275075|2024|AA|2/admapprovalschemewebservice:0,275075|2024|AA|2,0,101767979,1769,4211,100000.0,,,100000.0
275075|2024|AA|3/admapprovalschemewebservice:0,275075|2024|AA|3,0,101793444,1778,4250,100000.0,,,100000.0
275075|2024|AA|4/admapprovalschemewebservice:0,275075|2024|AA|4,0,101670645,1769,4249,100000.0,,,100000.0
275075|2024|AA|5/admapprovalschemewebservice:0,275075|2024|AA|5,0,101758172,1769,4211,380000.0,,,380000.0
275075|2024|AA|6/admapprovalschemewebservice:0,275075|2024|AA|6,0,101770042,1778,4250,280000.0,,,280000.0
275075|2024|AA|7/admapprovalschemewebservice:0,275075|2024|AA|7,0,101679271,1769,4249,18000.0,,,18000.0
275075|2024|AA|8/admapprovalschemewebservice:0,275075|2024|AA|8,0,101781141,1778,4250,33230.0,,,33230.0
275075|2024|AA|9/admapprovalschemewebservice:0,275075|2024|AA|9,0,101771672,1778,4250,130000.0,,,130000.0
275075|2024|AA|10/admapprovalschemewebservice:0,275075|2024|AA|10,0,101667469,1769,4249,250567.0,,,250567.0
275075|2024|AA|11/admapprovalschemewebservice:0,275075|2024|AA|11,0,101692435,1769,4249,200000.0,,,200000.0
275075|2024|AA|12/admapprovalschemewebservice:0,275075|2024|AA|12,0,101778291,1778,4250,80000.0,,,80000.0
275075|2024|AA|13/admapprovalschemewebservice:0,275075|2024|AA|13,0,101672014,1769,4249,10000.0,,,10000.0
275075|2024|AA|14/admapprovalschemewebservice:0,275075|2024|AA|14,0,101687405,1769,4249,87067.0,,,87067.0
275075|2024|AA|15/admapprovalschemewebservice:0,275075|2024|AA|15,0,101787279,1778,4250,10000.0,,,10000.0
275075|2024|AA|16/admapprovalschemewebservice:0,275075|2024|AA|16,0,101673353,1769,4249,18000.0,,,18000.0
275075|2024|AA|17/admapprovalschemewebservice:0,275075|2024|AA|17,0,101676201,1769,4249,18000.0,,,18000.0
275075|2024|AA|18/admapprovalschemewebservice:0,275075|2024|AA|18,0,101674919,1769,4249,18000.0,,,18000.0
275075|2024|AA|19/admapprovalschemewebservice:0,275075|2024|AA|19,0,101699547,1769,4249,10000.0,,,10000.0
275075|2024|AA|20/admapprovalschemewebservice:0,275075|2024|AA|20,0,101718593,1769,4249,70000.0,,,70000.0
275075|2024|AA|21/admapprovalschemewebservice:0,275075|2024|AA|21,0,101668571,1769,4249,39000.0,,,39000.0
275075|2024|AA|22/admapprovalschemewebservice:0,275075|2024|AA|22,0,101683463,1769,4249,40000.0,,,40000.0
275075|2024|AA|23/admapprovalschemewebservice:0,275075|2024|AA|23,0,101682447,1769,4249,10000.0,,,10000.0
275075|2024|AA|24/admapprovalschemewebservice:0,275075|2024|AA|24,0,101698485,1769,4249,20000.0,,,20000.0
275075|2025|AA|0/admapprovalschemewebservice:0,275075|2025|AA|0,0,121876214,1778,4250,283230.0,,,283230.0
275075|2025|AA|1/admapprovalschemewebservice:0,275075|2025|AA|1,0,121949707,1769,4249,200000.0,,,200000.0
275075|2025|AA|2/admapprovalschemewebservice:0,275075|2025|AA|2,0,121950891,1769,4211,150000.0,,,150000.0
275075|2025|AA|3/admapprovalschemewebservice:0,275075|2025|AA|3,0,121951175,1769,4211,52306.0,,,52306.0
275075|2025|AA|4/admapprovalschemewebservice:0,275075|2025|AA|4,0,121951342,1769,4211,24756.0,,,24756.0
275075|2025|AA|5/admapprovalschemewebservice:0,275075|2025|AA|5,0,121773936,1769,4249,250000.0,,,250000.0
275075|2025|AA|6/admapprovalschemewebservice:0,275075|2025|AA|6,0,121949512,1778,4250,180000.0,,,180000.0
275075|2025|AA|7/admapprovalschemewebservice:0,275075|2025|AA|7,0,121785218,1769,4211,10000.0,,,10000.0
275075|2025|AA|8/admapprovalschemewebservice:0,275075|2025|AA|8,0,121950768,1769,4249,89567.0,,,89567.0
275075|2025|AA|9/admapprovalschemewebservice:0,275075|2025|AA|9,0,121876065,1778,4250,60000.0,,,60000.0
275075|2025|AA|10/admapprovalschemewebservice:0,275075|2025|AA|10,0,121786130,1769,4211,60694.0,,,60694.0
275075|2025|AA|11/admapprovalschemewebservice:0,275075|2025|AA|11,0,121875885,1778,4250,120000.0,,,120000.0
275075|2025|AA|12/admapprovalschemewebservice:0,275075|2025|AA|12,0,121950008,1769,4249,60000.0,,,60000.0
275075|2025|AA|13/admapprovalschemewebservice:0,275075|2025|AA|13,0,121772840,1769,4249,69000.0,,,69000.0
275075|2025|AA|14/admapprovalschemewebservice:0,275075|2025|AA|14,0,121949847,1769,4249,60000.0,,,60000.0
275075|2025|AA|15/admapprovalschemewebservice:0,275075|2025|AA|15,0,121950281,1769,4249,60567.0,,,60567.0
275075|2025|AA|16/admapprovalschemewebservice:0,275075|2025|AA|16,0,121950482,1769,4249,120000.0,,,120000.0
275075|2025|AA|17/admapprovalschemewebservice:0,275075|2025|AA|17,0,128267271,1769,4211,250000.0,,,250000.0
275075|2025|AA|18/admapprovalschemewebservice:0,275075|2025|AA|18,0,121950601,1769,4249,30000.0,,,30000.0
