row_id,gp_lgd_code,gp_name,plan_year,doc_type,source_file,activity_code,tec_approval_required,tec_approval_cost,tec_approval_authority,tec_approval_order_no,tec_approval_order_date
116350|2020|TA|0,116350,Hirlipali,2020,TA,2020_TA.json,44434659,N,,NR,NR,2021-03-27
116350|2020|TA|1,116350,Hirlipali,2020,TA,2020_TA.json,44434332,N,,NR,NR,2021-03-27
116350|2020|TA|2,116350,Hirlipali,2020,TA,2020_TA.json,44434533,N,,NR,NR,2021-03-27
116350|2020|TA|3,116350,Hirlipali,2020,TA,2020_TA.json,50380045,R,33002.0,BDO,2,2021-02-25
116350|2020|TA|4,116350,Hirlipali,2020,TA,2020_TA.json,50379473,R,54492.0,BDO,4,2021-02-25
116350|2020|TA|5,116350,Hirlipali,2020,TA,2020_TA.json,50380394,R,54492.0,BDO,1,2021-02-25
116350|2020|TA|6,116350,Hirlipali,2020,TA,2020_TA.json,50386819,R,178274.0,BDO,1,2021-04-12
116350|2020|TA|7,116350,Hirlipali,2020,TA,2020_TA.json,44434249,R,100000.0,BDO,2,2020-11-06
116350|2020|TA|8,116350,Hirlipali,2020,TA,2020_TA.json,44434352,R,95772.0,BDO,5,2021-02-10
116350|2020|TA|9,116350,Hirlipali,2020,TA,2020_TA.json,44434893,R,43120.0,BDO,6,2021-02-10
116350|2020|TA|10,116350,Hirlipali,2020,TA,2020_TA.json,44434698,R,117772.0,bdo,7,2021-02-10
116350|2020|TA|11,116350,Hirlipali,2020,TA,2020_TA.json,44434871,R,100000.0,BDO,1,2021-04-01
116350|2020|TA|12,116350,Hirlipali,2020,TA,2020_TA.json,50380631,R,106090.0,BDO,4,2021-02-26
116350|2020|TA|13,116350,Hirlipali,2020,TA,2020_TA.json,50385180,R,162137.0,BDO,6,2021-02-26
116350|2020|TA|14,116350,Hirlipali,2020,TA,2020_TA.json,50380926,R,91381.0,BDO,1,2021-02-26
116350|2020|TA|15,116350,Hirlipali,2020,TA,2020_TA.json,50379756,R,160543.0,BDO,2,2021-02-26
116350|2020|TA|16,116350,Hirlipali,2020,TA,2020_TA.json,44434227,R,150000.0,BDO,10,2020-11-06
116350|2020|TA|17,116350,Hirlipali,2020,TA,2020_TA.json,44434288,R,300000.0,BDO,11,2020-11-06
116350|2020|TA|18,116350,Hirlipali,2020,TA,2020_TA.json,50386577,R,30000.0,BDO,1,2021-12-22
116350|2020|TA|19,116350,Hirlipali,2020,TA,2020_TA.json,50378946,R,150000.0,BDO,1,2021-04-12
116350|2020|TA|20,116350,Hirlipali,2020,TA,2020_TA.json,50386093,R,12000.0,BDO,16,2021-12-22
116350|2020|TA|21,116350,Hirlipali,2020,TA,2020_TA.json,50385618,R,12000.0,BDO,16,2021-12-23
116350|2020|TA|22,116350,Hirlipali,2020,TA,2020_TA.json,50378563,R,200000.0,BDO,1,2024-06-12
116350|2021|TA|0,116350,Hirlipali,2021,TA,2021_TA.json,48947039,N,,NR,NR,2021-12-01
116350|2021|TA|1,116350,Hirlipali,2021,TA,2021_TA.json,48702295,R,200000.0,BDO,6,2021-12-03
116350|2021|TA|2,116350,Hirlipali,2021,TA,2021_TA.json,48945521,R,335835.0,BDO,4,2021-12-03
116350|2021|TA|3,116350,Hirlipali,2021,TA,2021_TA.json,48945604,R,330000.0,BDO,5,2021-12-03
116350|2021|TA|4,116350,Hirlipali,2021,TA,2021_TA.json,48946946,R,48000.0,BDO,1,2021-04-01
116350|2021|TA|5,116350,Hirlipali,2021,TA,2021_TA.json,48702608,R,250000.0,BDO,7,2021-12-03
116350|2021|TA|6,116350,Hirlipali,2021,TA,2021_TA.json,48945928,N,,NR,NR,2022-04-18
116350|2021|TA|7,116350,Hirlipali,2021,TA,2021_TA.json,48947102,N,,NR,NR,2022-07-12
116350|2021|TA|8,116350,Hirlipali,2021,TA,2021_TA.json,48945227,R,482917.0,BDO,1,2021-12-03
116350|2021|TA|9,116350,Hirlipali,2021,TA,2021_TA.json,48945351,R,150000.0,BDO,1,2021-12-03
116350|2021|TA|10,116350,Hirlipali,2021,TA,2021_TA.json,48945423,R,150000.0,BDO,2,2021-12-18
116350|2021|TA|11,116350,Hirlipali,2021,TA,2021_TA.json,48947241,R,100000.0,BDO,1,2022-08-05
116350|2021|TA|12,116350,Hirlipali,2021,TA,2021_TA.json,48947511,R,117083.0,BDO,1,2024-12-03
116350|2021|TA|13,116350,Hirlipali,2021,TA,2021_TA.json,48945030,R,32918.0,BDO,1,2024-12-03
116350|2022|TA|0,116350,Hirlipali,2022,TA,2022_TA.json,61688546,R,48000.0,BDO,1,2022-07-22
116350|2022|TA|1,116350,Hirlipali,2022,TA,2022_TA.json,65647242,R,200000.0,BDO,1,2022-11-16
116350|2022|TA|2,116350,Hirlipali,2022,TA,2022_TA.json,61656325,R,100000.0,BDO,1,2022-11-08
116350|2022|TA|3,116350,Hirlipali,2022,TA,2022_TA.json,65647681,R,114594.0,BDO,2,2022-11-08
116350|2022|TA|4,116350,Hirlipali,2022,TA,2022_TA.json,65640607,R,200000.0,BDO,1,2023-02-14
116350|2022|TA|5,116350,Hirlipali,2022,TA,2022_TA.json,65647752,R,5150.0,BDO,1,2023-02-14
116350|2022|TA|6,116350,Hirlipali,2022,TA,2022_TA.json,65640848,R,100000.0,BDO,2,2023-05-02
116350|2022|TA|7,116350,Hirlipali,2022,TA,2022_TA.json,65640647,R,200000.0,BDO,18,2022-11-03
116350|2022|TA|8,116350,Hirlipali,2022,TA,2022_TA.json,65647203,R,128744.0,BDO,1,2023-03-03
116350|2022|TA|9,116350,Hirlipali,2022,TA,2022_TA.json,65647344,R,50000.0,BDO,5,2023-02-23
116350|2022|TA|10,116350,Hirlipali,2022,TA,2022_TA.json,65647221,R,80000.0,BDO,2,2023-06-19
116350|2022|TA|11,116350,Hirlipali,2022,TA,2022_TA.json,65640793,R,400000.0,BDO,5,2023-06-06
116350|2022|TA|12,116350,Hirlipali,2022,TA,2022_TA.json,65640676,R,118120.0,BDO,2,2022-10-04
116350|2022|TA|13,116350,Hirlipali,2022,TA,2022_TA.json,65640722,R,125000.0,BDO,1,2025-04-01
116350|2022|TA|14,116350,Hirlipali,2022,TA,2022_TA.json,65647385,R,107000.0,BDO,1,2025-04-01
116350|2023|TA|0,116350,Hirlipali,2023,TA,2023_TA.json,82758183,R,280000.0,BDO,1,2023-05-01
116350|2023|TA|1,116350,Hirlipali,2023,TA,2023_TA.json,81955225,R,404432.0,BDO,1,2023-11-04
116350|2023|TA|2,116350,Hirlipali,2023,TA,2023_TA.json,81809079,R,593542.0,BDO,7,2023-11-06
116350|2023|TA|3,116350,Hirlipali,2023,TA,2023_TA.json,82755183,R,10000.0,BDO,15,2023-11-04
116350|2023|TA|4,116350,Hirlipali,2023,TA,2023_TA.json,81957492,R,48000.0,BDO,4,2024-01-01
116350|2023|TA|5,116350,Hirlipali,2023,TA,2023_TA.json,81954553,R,128724.0,BDO,1,2024-04-04
116350|2023|TA|6,116350,Hirlipali,2023,TA,2023_TA.json,82753880,R,100000.0,BDO,1,2024-06-10
116350|2023|TA|7,116350,Hirlipali,2023,TA,2023_TA.json,82688276,R,66000.0,BDO,1,2023-12-25
116350|2023|TA|8,116350,Hirlipali,2023,TA,2023_TA.json,127245789,R,50000.0,BDO,1,2023-05-10
116350|2023|TA|9,116350,Hirlipali,2023,TA,2023_TA.json,128251100,R,100000.0,BDO,1,2026-05-12
116350|2023|TA|10,116350,Hirlipali,2023,TA,2023_TA.json,128340688,R,80000.0,BDO,1,2026-05-12
116350|2024|TA|0,116350,Hirlipali,2024,TA,2024_TA.json,105444928,R,295917.0,BDO,2,2024-07-01
116350|2024|TA|1,116350,Hirlipali,2024,TA,2024_TA.json,105404519,R,60000.0,BDO,3,2024-07-01
116350|2024|TA|2,116350,Hirlipali,2024,TA,2024_TA.json,105399201,R,300000.0,BDO,1,2024-07-01
116350|2024|TA|3,116350,Hirlipali,2024,TA,2024_TA.json,105440256,R,192767.0,BDO,1,2024-08-01
116350|2024|TA|4,116350,Hirlipali,2024,TA,2024_TA.json,105418828,N,,NR,NR,2024-09-26
116350|2024|TA|5,116350,Hirlipali,2024,TA,2024_TA.json,105433602,R,81750.0,BDO,2,2024-06-01
116350|2024|TA|6,116350,Hirlipali,2024,TA,2024_TA.json,105407657,R,5150.0,BDO,3,2024-04-04
116350|2024|TA|7,116350,Hirlipali,2024,TA,2024_TA.json,105446314,R,100000.0,BDO,5,2024-12-22
116350|2024|TA|8,116350,Hirlipali,2024,TA,2024_TA.json,105410403,R,115050.0,BDO,13,2025-05-03
116350|2024|TA|9,116350,Hirlipali,2024,TA,2024_TA.json,105419399,R,150000.0,BDO,1,2024-12-22
116350|2024|TA|10,116350,Hirlipali,2024,TA,2024_TA.json,105439238,R,152756.0,BDO,6,2024-12-22
116350|2024|TA|11,116350,Hirlipali,2024,TA,2024_TA.json,105419843,R,300000.0,BDO,4,2024-12-12
116350|2024|TA|12,116350,Hirlipali,2024,TA,2024_TA.json,105399843,R,150000.0,BDO,1,2024-12-22
116350|2025|TA|0,116350,Hirlipali,2025,TA,2025_TA.json,122229651,R,100000.0,BDO,1,2025-07-28
116350|2025|TA|1,116350,Hirlipali,2025,TA,2025_TA.json,122224718,R,200000.0,BDO,1,2025-06-18
116350|2025|TA|2,116350,Hirlipali,2025,TA,2025_TA.json,122214980,R,78000.0,BDO,1,2025-05-07
116350|2025|TA|3,116350,Hirlipali,2025,TA,2025_TA.json,122215410,R,100000.0,BDO,1,2025-07-28
116350|2025|TA|4,116350,Hirlipali,2025,TA,2025_TA.json,122240109,R,49000.0,BDO,1,2025-07-28
116350|2025|TA|5,116350,Hirlipali,2025,TA,2025_TA.json,127245330,R,150000.0,BDO,1,2026-01-08
116350|2025|TA|6,116350,Hirlipali,2025,TA,2025_TA.json,122215204,R,250000.0,BDO,1,2025-07-28
116350|2025|TA|7,116350,Hirlipali,2025,TA,2025_TA.json,122216991,R,30000.0,BDO,1,2025-07-28
116350|2025|TA|8,116350,Hirlipali,2025,TA,2025_TA.json,122216772,R,37067.0,BDO,1,2025-07-28
116350|2025|TA|9,116350,Hirlipali,2025,TA,2025_TA.json,122229535,R,48696.0,BDO,1,2026-01-12
116350|2025|TA|10,116350,Hirlipali,2025,TA,2025_TA.json,128056968,R,500000.0,BDO,1,2025-11-20
116350|2025|TA|11,116350,Hirlipali,2025,TA,2025_TA.json,122217691,R,114000.0,BDO,1,2026-01-22
116350|2025|TA|12,116350,Hirlipali,2025,TA,2025_TA.json,122229799,R,30000.0,BDO,1,2025-07-28
116397|2020|TA|0,116397,Bandhpali,2020,TA,2020_TA.json,46843604,R,300000.0,SARPANCH,4683604,2020-09-01
116397|2020|TA|1,116397,Bandhpali,2020,TA,2020_TA.json,46842718,R,214080.0,SARPANCH,46842718,2020-11-04
116397|2020|TA|2,116397,Bandhpali,2020,TA,2020_TA.json,46851012,R,300000.0,SARPANCH,46851012,2020-08-19
116397|2020|TA|3,116397,Bandhpali,2020,TA,2020_TA.json,44378637,R,223312.0,AEE,44378637,2020-08-19
116397|2020|TA|4,116397,Bandhpali,2020,TA,2020_TA.json,44376521,R,1.0,AEE,1,2019-03-13
116397|2020|TA|5,116397,Bandhpali,2020,TA,2020_TA.json,46860964,R,30000.0,SARPANCH,1,2020-10-12
116397|2020|TA|6,116397,Bandhpali,2020,TA,2020_TA.json,46861339,R,522000.0,BDO,4,2021-05-02
116397|2020|TA|7,116397,Bandhpali,2020,TA,2020_TA.json,44377200,N,,NR,NR,2021-05-20
116397|2020|TA|8,116397,Bandhpali,2020,TA,2020_TA.json,44377555,N,,NR,NR,2021-05-20
116397|2020|TA|9,116397,Bandhpali,2020,TA,2020_TA.json,46860396,R,300000.0,BDO,4,2021-07-07
116397|2020|TA|10,116397,Bandhpali,2020,TA,2020_TA.json,48281117,R,100000.0,BDO,2,2021-02-02
116397|2020|TA|11,116397,Bandhpali,2020,TA,2020_TA.json,48281283,R,100312.0,BDO,4,2021-02-02
116397|2020|TA|12,116397,Bandhpali,2020,TA,2020_TA.json,48281425,R,873000.0,BDO,4,2021-09-02
116397|2020|TA|13,116397,Bandhpali,2020,TA,2020_TA.json,44378252,R,300000.0,BDO,4,2021-01-20
116397|2021|TA|0,116397,Bandhpali,2021,TA,2021_TA.json,48587405,R,745052.0,AEE,1,2021-06-18
116397|2021|TA|1,116397,Bandhpali,2021,TA,2021_TA.json,48586944,R,300000.0,AEE,5,2021-06-18
116397|2021|TA|2,116397,Bandhpali,2021,TA,2021_TA.json,48585464,R,200000.0,AEEBARPALI,5,2021-06-18
116397|2021|TA|3,116397,Bandhpali,2021,TA,2021_TA.json,48584943,R,200000.0,AEE,3,2021-06-18
116397|2021|TA|4,116397,Bandhpali,2021,TA,2021_TA.json,48588115,R,100000.0,BDO,2,2021-06-18
116397|2021|TA|5,116397,Bandhpali,2021,TA,2021_TA.json,55600860,R,200000.0,aee,8,2021-08-18
116397|2021|TA|6,116397,Bandhpali,2021,TA,2021_TA.json,48589178,R,500000.0,AEE,5,2021-06-18
116397|2021|TA|7,116397,Bandhpali,2021,TA,2021_TA.json,48588888,R,26032.0,BDO,4,2021-06-18
116397|2021|TA|8,116397,Bandhpali,2021,TA,2021_TA.json,48588415,R,40000.0,BDO,3,2021-06-18
116397|2021|TA|9,116397,Bandhpali,2021,TA,2021_TA.json,48589482,R,100000.0,BDO,2,2021-09-02
116397|2021|TA|10,116397,Bandhpali,2021,TA,2021_TA.json,48587836,R,48000.0,BDO,2,2021-09-02
116397|2021|TA|11,116397,Bandhpali,2021,TA,2021_TA.json,48584673,R,100000.0,Ae,11,2022-03-10
116397|2021|TA|12,116397,Bandhpali,2021,TA,2021_TA.json,55601248,R,745052.0,BDO,4,2021-10-26
116397|2022|TA|0,116397,Bandhpali,2022,TA,2022_TA.json,61742460,R,150000.0,BDO,1,2022-03-10
116397|2022|TA|1,116397,Bandhpali,2022,TA,2022_TA.json,61742577,R,200000.0,BDO,5,2022-04-10
116397|2022|TA|2,116397,Bandhpali,2022,TA,2022_TA.json,61742509,R,30000.0,AE,2,2022-07-26
116397|2022|TA|3,116397,Bandhpali,2022,TA,2022_TA.json,61742586,R,300000.0,AE,6,2022-07-26
116397|2022|TA|4,116397,Bandhpali,2022,TA,2022_TA.json,61742520,R,100000.0,AEE,6,2022-12-13
116397|2022|TA|5,116397,Bandhpali,2022,TA,2022_TA.json,61742479,R,200000.0,BDO,3,2022-12-20
116397|2022|TA|6,116397,Bandhpali,2022,TA,2022_TA.json,61742552,R,72000.0,BDO,1,2022-12-28
116397|2022|TA|7,116397,Bandhpali,2022,TA,2022_TA.json,61742455,R,21392.0,BDO,3,2022-12-28
116397|2022|TA|8,116397,Bandhpali,2022,TA,2022_TA.json,61742562,R,142032.0,BDO,4,2022-12-28
116397|2022|TA|9,116397,Bandhpali,2022,TA,2022_TA.json,61742451,R,250000.0,AE,1,2023-01-28
116397|2022|TA|10,116397,Bandhpali,2022,TA,2022_TA.json,65502394,R,400000.0,AE,3,2023-01-28
116397|2022|TA|11,116397,Bandhpali,2022,TA,2022_TA.json,65503722,R,6500.0,AEE,9,2023-02-24
116397|2022|TA|12,116397,Bandhpali,2022,TA,2022_TA.json,61742490,R,128544.0,AEE,4,2023-03-09
116397|2022|TA|13,116397,Bandhpali,2022,TA,2022_TA.json,65502685,R,100000.0,AEE,2,2023-04-12
116397|2022|TA|14,116397,Bandhpali,2022,TA,2022_TA.json,65502816,R,170000.0,AEE,1,2022-08-12
116397|2022|TA|15,116397,Bandhpali,2022,TA,2022_TA.json,61742469,R,100000.0,BDO,2,2022-08-12
116397|2022|TA|16,116397,Bandhpali,2022,TA,2022_TA.json,65503385,R,75000.0,JE,14,2024-06-10
116397|2023|TA|0,116397,Bandhpali,2023,TA,2023_TA.json,82331651,N,,NR,NR,2023-07-04
116397|2023|TA|1,116397,Bandhpali,2023,TA,2023_TA.json,82330506,R,80000.0,AEE,4,2023-08-01
116397|2023|TA|2,116397,Bandhpali,2023,TA,2023_TA.json,82420944,R,72000.0,AEE,5,2023-04-24
116397|2023|TA|3,116397,Bandhpali,2023,TA,2023_TA.json,82335953,R,160000.0,BDO,3,2023-04-24
116397|2023|TA|4,116397,Bandhpali,2023,TA,2023_TA.json,82669742,R,115279.0,BDO,6,2023-11-01
116397|2023|TA|5,116397,Bandhpali,2023,TA,2023_TA.json,82333030,R,242632.0,bdo,6,2023-04-24
116397|2023|TA|6,116397,Bandhpali,2023,TA,2023_TA.json,82329217,R,100000.0,BDO,2,2023-04-24
116397|2023|TA|7,116397,Bandhpali,2023,TA,2023_TA.json,82690608,R,700000.0,BDO,1,2023-04-24
116397|2023|TA|8,116397,Bandhpali,2023,TA,2023_TA.json,82420634,R,80000.0,BDO,3,2023-04-24
116397|2023|TA|9,116397,Bandhpali,2023,TA,2023_TA.json,82425252,R,50000.0,BDO,12,2023-04-24
116397|2023|TA|10,116397,Bandhpali,2023,TA,2023_TA.json,82670995,R,180000.0,BDO,13,2023-04-24
116397|2023|TA|11,116397,Bandhpali,2023,TA,2023_TA.json,82478543,R,82680.0,BDO,4,2024-04-24
116397|2023|TA|12,116397,Bandhpali,2023,TA,2023_TA.json,82424820,R,90000.0,JE,59,2023-10-02
116397|2023|TA|13,116397,Bandhpali,2023,TA,2023_TA.json,82421319,R,50000.0,JE,59,2023-10-02
116397|2023|TA|14,116397,Bandhpali,2023,TA,2023_TA.json,82334659,R,80372.0,JE,61,2023-10-02
116397|2023|TA|15,116397,Bandhpali,2023,TA,2023_TA.json,82421627,R,50000.0,JE,90,2023-10-05
116397|2023|TA|16,116397,Bandhpali,2023,TA,2023_TA.json,82326947,R,100000.0,JE,113,2024-10-02
116397|2024|TA|0,116397,Bandhpali,2024,TA,2024_TA.json,105374258,R,120000.0,JE,85,2024-04-04
116397|2024|TA|1,116397,Bandhpali,2024,TA,2024_TA.json,105374771,R,90780.0,BDO,3,2024-02-10
116397|2024|TA|2,116397,Bandhpali,2024,TA,2024_TA.json,105368013,R,80118.0,JE,95,2024-04-02
116397|2024|TA|3,116397,Bandhpali,2024,TA,2024_TA.json,105385109,R,133118.0,JE,95,2024-05-02
116397|2024|TA|4,116397,Bandhpali,2024,TA,2024_TA.json,105375738,R,54000.0,JE,106,2024-06-04
116397|2024|TA|5,116397,Bandhpali,2024,TA,2024_TA.json,105390630,R,87000.0,JE,88,2023-10-02
116397|2024|TA|6,116397,Bandhpali,2024,TA,2024_TA.json,105375198,R,150000.0,JE,112,2024-10-02
116397|2024|TA|7,116397,Bandhpali,2024,TA,2024_TA.json,105366790,R,350000.0,JE,105,2024-09-27
116397|2024|TA|8,116397,Bandhpali,2024,TA,2024_TA.json,105374436,R,200000.0,JE,107,2024-11-04
116397|2024|TA|9,116397,Bandhpali,2024,TA,2024_TA.json,105391951,R,5150.0,JE,108,2024-11-04
116397|2024|TA|10,116397,Bandhpali,2024,TA,2024_TA.json,105375002,R,200000.0,JE,109,2024-09-27
116397|2024|TA|11,116397,Bandhpali,2024,TA,2024_TA.json,105370526,R,200000.0,JE,110,2024-09-13
116397|2024|TA|12,116397,Bandhpali,2024,TA,2024_TA.json,105387475,R,200000.0,JE,140,2025-11-01
116397|2025|TA|0,116397,Bandhpali,2025,TA,2025_TA.json,122086266,R,150000.0,JE,109,2024-10-02
116397|2025|TA|1,116397,Bandhpali,2025,TA,2025_TA.json,122086831,R,90000.0,JE,111,2024-10-02
116397|2025|TA|2,116397,Bandhpali,2025,TA,2025_TA.json,122090542,N,,NR,NR,2025-08-18
116397|2025|TA|3,116397,Bandhpali,2025,TA,2025_TA.json,122183840,R,165750.0,JE,115,2025-04-01
116397|2025|TA|4,116397,Bandhpali,2025,TA,2025_TA.json,122182622,R,102368.0,JE,116,2025-04-02
116397|2025|TA|5,116397,Bandhpali,2025,TA,2025_TA.json,122085483,R,100000.0,JE,117,2025-04-02
116397|2025|TA|6,116397,Bandhpali,2025,TA,2025_TA.json,122183042,R,260000.0,JE,118,2025-04-02
116397|2025|TA|7,116397,Bandhpali,2025,TA,2025_TA.json,122084562,R,210000.0,JE,121,2025-07-01
116397|2025|TA|8,116397,Bandhpali,2025,TA,2025_TA.json,122088730,R,180000.0,JE,135,2025-02-05
116397|2025|TA|9,116397,Bandhpali,2025,TA,2025_TA.json,122085097,R,200000.0,JE,137,2025-08-17
116397|2025|TA|10,116397,Bandhpali,2025,TA,2025_TA.json,122084186,R,200000.0,JE,138,2025-08-17
116397|2025|TA|11,116397,Bandhpali,2025,TA,2025_TA.json,122176291,R,41850.0,JE,139,2025-11-01
116397|2025|TA|12,116397,Bandhpali,2025,TA,2025_TA.json,122183908,R,45000.0,JE,30,2025-11-01
116397|2025|TA|13,116397,Bandhpali,2025,TA,2025_TA.json,122089312,R,90000.0,JE,141,2026-02-09
116397|2025|TA|14,116397,Bandhpali,2025,TA,2025_TA.json,122085805,R,116824.0,JE,146,2025-10-02
116397|2025|TA|15,116397,Bandhpali,2025,TA,2025_TA.json,122089799,R,102000.0,JE,139,2025-10-02
116400|2020|TA|0,116400,Bhatigaon,2020,TA,2020_TA.json,52276505,N,,NR,NR,2021-07-08
116400|2020|TA|1,116400,Bhatigaon,2020,TA,2020_TA.json,52276462,R,133772.0,BDO,2,2021-08-03
116400|2020|TA|2,116400,Bhatigaon,2020,TA,2020_TA.json,52276445,R,300000.0,BDO,1,2021-08-04
116400|2020|TA|3,116400,Bhatigaon,2020,TA,2020_TA.json,52276402,R,75000.0,BDO,3,2021-08-06
116400|2020|TA|4,116400,Bhatigaon,2020,TA,2020_TA.json,52276390,R,75000.0,BDO,4,2021-08-07
116400|2020|TA|5,116400,Bhatigaon,2020,TA,2020_TA.json,52276538,R,180000.0,BDO,2,2021-08-04
116400|2020|TA|6,116400,Bhatigaon,2020,TA,2020_TA.json,52275108,R,50000.0,BDO,5,2021-09-03
116400|2020|TA|7,116400,Bhatigaon,2020,TA,2020_TA.json,52275079,R,132000.0,BDO,6,2021-09-03
116400|2020|TA|8,116400,Bhatigaon,2020,TA,2020_TA.json,52275051,R,50000.0,BDO,7,2021-09-03
116400|2020|TA|9,116400,Bhatigaon,2020,TA,2020_TA.json,52274555,R,50000.0,BDO,8,2021-09-03
116400|2020|TA|10,116400,Bhatigaon,2020,TA,2020_TA.json,52275022,R,50000.0,BDO,9,2021-09-03
116400|2020|TA|11,116400,Bhatigaon,2020,TA,2020_TA.json,52276583,R,241846.0,BDO,10,2021-09-03
116400|2020|TA|12,116400,Bhatigaon,2020,TA,2020_TA.json,52276487,R,965772.0,BDO,11,2021-09-03
116400|2020|TA|13,116400,Bhatigaon,2020,TA,2020_TA.json,52276559,R,34228.0,BDO,11,2021-09-03
116400|2021|TA|0,116400,Bhatigaon,2021,TA,2021_TA.json,52884604,R,75000.0,BDO,3,2021-11-05
116400|2021|TA|1,116400,Bhatigaon,2021,TA,2021_TA.json,52884352,R,388198.0,BDO,2,2021-11-05
116400|2021|TA|2,116400,Bhatigaon,2021,TA,2021_TA.json,52884501,R,200000.0,BDO,1,2021-11-05
116400|2021|TA|3,116400,Bhatigaon,2021,TA,2021_TA.json,52885214,R,258154.0,AEE,1,2022-02-01
116400|2021|TA|4,116400,Bhatigaon,2021,TA,2021_TA.json,52885146,R,384920.0,AEE,2,2022-02-01
116400|2021|TA|5,116400,Bhatigaon,2021,TA,2021_TA.json,52884663,N,,NR,NR,2021-11-15
116400|2021|TA|6,116400,Bhatigaon,2021,TA,2021_TA.json,52884843,R,18000.0,BDO,6,2021-12-07
116400|2021|TA|7,116400,Bhatigaon,2021,TA,2021_TA.json,52884906,R,46607.0,BDO,6,2021-11-29
116400|2021|TA|8,116400,Bhatigaon,2021,TA,2021_TA.json,66417478,R,424623.0,AEE,3,2023-01-03
116400|2022|TA|0,116400,Bhatigaon,2022,TA,2022_TA.json,61664768,R,108000.0,AEE,1,2022-07-01
116400|2022|TA|1,116400,Bhatigaon,2022,TA,2022_TA.json,61665171,R,100000.0,AEE,2,2022-07-01
116400|2022|TA|2,116400,Bhatigaon,2022,TA,2022_TA.json,61666890,R,70000.0,AEE,3,2022-07-01
116400|2022|TA|3,116400,Bhatigaon,2022,TA,2022_TA.json,61664567,R,100000.0,AEE,2,2022-07-24
116400|2022|TA|4,116400,Bhatigaon,2022,TA,2022_TA.json,61664910,R,58744.0,AEE,3,2022-10-13
116400|2022|TA|5,116400,Bhatigaon,2022,TA,2022_TA.json,66018426,R,53094.0,AEE,6,2022-11-21
116400|2022|TA|6,116400,Bhatigaon,2022,TA,2022_TA.json,66019150,R,558992.0,AEE,6,2022-12-11
116400|2022|TA|7,116400,Bhatigaon,2022,TA,2022_TA.json,66019314,R,400000.0,AEE,1,2023-01-02
116400|2022|TA|8,116400,Bhatigaon,2022,TA,2022_TA.json,66018329,R,90000.0,AEE,8,2023-01-27
116400|2022|TA|9,116400,Bhatigaon,2022,TA,2022_TA.json,66018988,R,5150.0,AEE,12,2023-02-07
116400|2022|TA|10,116400,Bhatigaon,2022,TA,2022_TA.json,66019346,R,173074.0,AEE,2,2023-03-01
116400|2022|TA|11,116400,Bhatigaon,2022,TA,2022_TA.json,66019209,R,50000.0,AEE,2,2023-05-01
116400|2022|TA|12,116400,Bhatigaon,2022,TA,2022_TA.json,66018753,R,90000.0,AEE,9,2023-04-10
116400|2022|TA|13,116400,Bhatigaon,2022,TA,2022_TA.json,66018695,R,30000.0,Je,10,2024-10-30
116400|2022|TA|14,116400,Bhatigaon,2022,TA,2022_TA.json,66018637,R,105000.0,JE,9,2025-10-20
116400|2023|TA|0,116400,Bhatigaon,2023,TA,2023_TA.json,82680418,R,119700.0,AEE,1,2023-06-20
116400|2023|TA|1,116400,Bhatigaon,2023,TA,2023_TA.json,82721831,R,128000.0,AEE,3,2023-07-01
116400|2023|TA|2,116400,Bhatigaon,2023,TA,2023_TA.json,82973536,R,132782.0,AEE,4,2023-07-01
116400|2023|TA|3,116400,Bhatigaon,2023,TA,2023_TA.json,82730292,R,90000.0,AEE,2,2023-04-24
116400|2023|TA|4,116400,Bhatigaon,2023,TA,2023_TA.json,82727036,R,120000.0,AEE,1,2023-04-20
116400|2023|TA|5,116400,Bhatigaon,2023,TA,2023_TA.json,82688016,R,225000.0,AEE,2,2023-10-01
116400|2023|TA|6,116400,Bhatigaon,2023,TA,2023_TA.json,82711051,R,75910.0,AEE,5,2023-11-01
116400|2023|TA|7,116400,Bhatigaon,2023,TA,2023_TA.json,82740632,R,72000.0,AEE,7,2023-04-20
116400|2023|TA|8,116400,Bhatigaon,2023,TA,2023_TA.json,82711977,R,416080.0,AEE,12,2023-04-20
116400|2023|TA|9,116400,Bhatigaon,2023,TA,2023_TA.json,82712780,R,200000.0,AEE,8,2024-03-20
116400|2023|TA|10,116400,Bhatigaon,2023,TA,2023_TA.json,82731347,R,82680.0,AEE,15,2024-02-01
116400|2023|TA|11,116400,Bhatigaon,2023,TA,2023_TA.json,82705250,R,90000.0,AEE,4,2023-04-10
116400|2023|TA|12,116400,Bhatigaon,2023,TA,2023_TA.json,82692293,R,90000.0,JE,102,2024-08-15
116400|2023|TA|13,116400,Bhatigaon,2023,TA,2023_TA.json,82702658,R,90000.0,BDO,3,2023-01-26
116400|2024|TA|0,116400,Bhatigaon,2024,TA,2024_TA.json,105425488,R,153900.0,AEE,5,2024-04-10
116400|2024|TA|1,116400,Bhatigaon,2024,TA,2024_TA.json,105419984,R,89000.0,AEE,3,2024-04-10
116400|2024|TA|2,116400,Bhatigaon,2024,TA,2024_TA.json,105428593,R,90000.0,AEE,7,2024-04-10
116400|2024|TA|3,116400,Bhatigaon,2024,TA,2024_TA.json,105413098,R,95150.0,AEE,6,2024-04-05
116400|2024|TA|4,116400,Bhatigaon,2024,TA,2024_TA.json,105428790,R,90000.0,JE,101,2024-02-01
116400|2024|TA|5,116400,Bhatigaon,2024,TA,2024_TA.json,105420513,R,237000.0,AEE,4,2024-08-01
116400|2024|TA|6,116400,Bhatigaon,2024,TA,2024_TA.json,105446246,R,111000.0,AEE,5,2024-04-01
116400|2024|TA|7,116400,Bhatigaon,2024,TA,2024_TA.json,105428081,R,250000.0,AEE,8,2024-03-10
116400|2024|TA|8,116400,Bhatigaon,2024,TA,2024_TA.json,105401313,R,50000.0,AEE,6,2024-04-10
116400|2024|TA|9,116400,Bhatigaon,2024,TA,2024_TA.json,100954833,R,102756.0,Aee,6,2024-10-21
116400|2024|TA|10,116400,Bhatigaon,2024,TA,2024_TA.json,105447295,R,23417.0,Je,4,2025-03-19
116400|2024|TA|11,116400,Bhatigaon,2024,TA,2024_TA.json,105428300,R,100000.0,AEE,6,2024-04-10
116400|2024|TA|12,116400,Bhatigaon,2024,TA,2024_TA.json,105414568,R,124417.0,AEE,12,2024-04-10
116400|2024|TA|13,116400,Bhatigaon,2024,TA,2024_TA.json,105417454,R,400330.0,Bdo,Je,2024-11-07
116400|2024|TA|14,116400,Bhatigaon,2024,TA,2024_TA.json,105446019,R,5150.0,Aee,7,2024-07-27
116400|2024|TA|15,116400,Bhatigaon,2024,TA,2024_TA.json,100951187,R,500000.0,AEE,1,2024-04-10
116400|2025|TA|0,116400,Bhatigaon,2025,TA,2025_TA.json,123361564,R,158696.0,Aee,1,2025-03-18
116400|2025|TA|1,116400,Bhatigaon,2025,TA,2025_TA.json,123369541,R,270000.0,JE,3,2025-05-02
116400|2025|TA|2,116400,Bhatigaon,2025,TA,2025_TA.json,123375228,R,156000.0,Aee,8,2025-06-01
116400|2025|TA|3,116400,Bhatigaon,2025,TA,2025_TA.json,123386594,R,5150.0,Aee,7,2025-09-27
116400|2025|TA|4,116400,Bhatigaon,2025,TA,2025_TA.json,123382448,R,7.0,SARPANCH,7,2026-02-01
116400|2025|TA|5,116400,Bhatigaon,2025,TA,2025_TA.json,123364401,R,150000.0,SARPANCH,16,2026-01-01
116400|2025|TA|6,116400,Bhatigaon,2025,TA,2025_TA.json,123383534,R,144000.0,SARPANCH,8,2026-02-01
116400|2025|TA|7,116400,Bhatigaon,2025,TA,2025_TA.json,123388537,R,600000.0,SARPANCH,18,2026-01-01
116400|2025|TA|8,116400,Bhatigaon,2025,TA,2025_TA.json,123385938,R,11.0,SARAPANCH,11,2026-01-01
116400|2025|TA|9,116400,Bhatigaon,2025,TA,2025_TA.json,123380046,R,72000.0,SARPANCH,5,2026-01-01
116400|2025|TA|10,116400,Bhatigaon,2025,TA,2025_TA.json,123362979,R,104534.0,SARPANCH,15,2026-01-01
116400|2025|TA|11,116400,Bhatigaon,2025,TA,2025_TA.json,123384320,R,40000.0,SARPANCH,9,2026-02-01
116400|2025|TA|12,116400,Bhatigaon,2025,TA,2025_TA.json,123379333,R,28567.0,SARPANCH,3,2026-01-01
116400|2025|TA|13,116400,Bhatigaon,2025,TA,2025_TA.json,123381563,R,6.0,SARPANCH,7,2026-01-01
116400|2025|TA|14,116400,Bhatigaon,2025,TA,2025_TA.json,123385383,R,40000.0,SARPANCH,10,2026-01-01
116400|2025|TA|15,116400,Bhatigaon,2025,TA,2025_TA.json,123362365,R,130000.0,SARPANCH,14,2026-01-01
116400|2025|TA|16,116400,Bhatigaon,2025,TA,2025_TA.json,123377827,R,250000.0,Aee,3,2025-11-01
116400|2025|TA|17,116400,Bhatigaon,2025,TA,2025_TA.json,123365329,R,100000.0,JE,3,2025-11-20
116400|2025|TA|18,116400,Bhatigaon,2025,TA,2025_TA.json,123404462,R,52756.0,AE,2,2025-11-25
116400|2025|TA|19,116400,Bhatigaon,2025,TA,2025_TA.json,127632485,R,52756.0,SARPANCH,20,2026-02-01
116400|2025|TA|20,116400,Bhatigaon,2025,TA,2025_TA.json,123403421,N,,NR,NR,2026-02-19
116438|2020|TA|0,116438,Bheden,2020,TA,2020_TA.json,44477686,R,150000.0,AEE,4,2020-10-28
116438|2020|TA|1,116438,Bheden,2020,TA,2020_TA.json,49923830,R,250000.0,AEE,18,2020-10-28
116438|2020|TA|2,116438,Bheden,2020,TA,2020_TA.json,44477294,R,100000.0,AEE,3,2020-10-20
116438|2020|TA|3,116438,Bheden,2020,TA,2020_TA.json,49923633,R,300000.0,AEE,17,2020-10-28
116438|2020|TA|4,116438,Bheden,2020,TA,2020_TA.json,49925943,R,110000.0,AEE,5,2020-10-28
116438|2020|TA|5,116438,Bheden,2020,TA,2020_TA.json,49924130,R,100000.0,AEE,16,2020-10-28
116438|2020|TA|6,116438,Bheden,2020,TA,2020_TA.json,49925179,R,150000.0,AEE,1,2020-11-06
116438|2020|TA|7,116438,Bheden,2020,TA,2020_TA.json,49923475,R,150000.0,AEE,15,2020-11-06
116438|2020|TA|8,116438,Bheden,2020,TA,2020_TA.json,44477723,R,150000.0,AEE,5,2020-10-28
116438|2020|TA|9,116438,Bheden,2020,TA,2020_TA.json,44477526,R,200000.0,AEE,7,2020-10-30
116438|2020|TA|10,116438,Bheden,2020,TA,2020_TA.json,49924434,R,150000.0,AEE,19,2021-03-01
116438|2020|TA|11,116438,Bheden,2020,TA,2020_TA.json,49924832,R,400000.0,AEE,21,2021-03-01
116438|2020|TA|12,116438,Bheden,2020,TA,2020_TA.json,44478035,R,200000.0,AEE,4,2020-11-04
116438|2020|TA|13,116438,Bheden,2020,TA,2020_TA.json,49925355,R,200000.0,AEE,4,2020-11-04
116438|2020|TA|14,116438,Bheden,2020,TA,2020_TA.json,44477215,R,300000.0,AEE,2,2020-11-04
116438|2020|TA|15,116438,Bheden,2020,TA,2020_TA.json,49924584,R,130000.0,AEE,20,2020-11-04
116438|2020|TA|16,116438,Bheden,2020,TA,2020_TA.json,63292671,R,514048.0,AEE,3,2021-08-04
116438|2020|TA|17,116438,Bheden,2020,TA,2020_TA.json,44473426,R,100000.0,AEE,1,2022-07-01
116438|2020|TA|18,116438,Bheden,2020,TA,2020_TA.json,63292871,R,280850.0,AEE,5,2023-01-05
116438|2020|TA|19,116438,Bheden,2020,TA,2020_TA.json,63292660,R,300850.0,AEE,6,2023-01-08
116438|2021|TA|0,116438,Bheden,2021,TA,2021_TA.json,48345021,R,360000.0,AEE,2,2021-08-04
116438|2021|TA|1,116438,Bheden,2021,TA,2021_TA.json,48345342,R,350000.0,AEE,1,2021-08-04
116438|2021|TA|2,116438,Bheden,2021,TA,2021_TA.json,48344875,R,350000.0,AEE,3,2021-08-04
116438|2021|TA|3,116438,Bheden,2021,TA,2021_TA.json,63292618,R,985952.0,AEE,6,2021-11-04
116438|2021|TA|4,116438,Bheden,2021,TA,2021_TA.json,48344833,R,140426.0,AEE,2,2021-08-04
116438|2021|TA|5,116438,Bheden,2021,TA,2021_TA.json,48344782,R,100000.0,AEE,3,2022-01-10
116438|2021|TA|6,116438,Bheden,2021,TA,2021_TA.json,65479238,R,86002.0,AEE,1,2022-06-01
116438|2021|TA|7,116438,Bheden,2021,TA,2021_TA.json,66819847,R,84048.0,AEE,2,2023-01-27
116438|2021|TA|8,116438,Bheden,2021,TA,2021_TA.json,48345420,R,100000.0,AEE,1,2022-04-05
116438|2021|TA|9,116438,Bheden,2021,TA,2021_TA.json,65478931,R,351904.0,AEE,3,2022-08-15
116438|2021|TA|10,116438,Bheden,2021,TA,2021_TA.json,66450063,R,100000.0,AEE,5,2023-01-03
116438|2021|TA|11,116438,Bheden,2021,TA,2021_TA.json,65479275,R,316860.0,AEE,5,2022-12-08
116438|2022|TA|0,116438,Bheden,2022,TA,2022_TA.json,65260618,R,200000.0,AEE,1,2022-04-05
116438|2022|TA|1,116438,Bheden,2022,TA,2022_TA.json,65261104,R,30000.0,AEE,1,2022-06-01
116438|2022|TA|2,116438,Bheden,2022,TA,2022_TA.json,65260264,R,10500.0,AEE,2,2022-06-01
116438|2022|TA|3,116438,Bheden,2022,TA,2022_TA.json,65260362,R,10500.0,AEE,3,2022-06-01
116438|2022|TA|4,116438,Bheden,2022,TA,2022_TA.json,65260337,R,10500.0,AEE,4,2022-06-01
116438|2022|TA|5,116438,Bheden,2022,TA,2022_TA.json,65260325,R,10500.0,AEE,5,2022-06-01
116438|2022|TA|6,116438,Bheden,2022,TA,2022_TA.json,65260294,R,10500.0,AEE,6,2022-06-01
116438|2022|TA|7,116438,Bheden,2022,TA,2022_TA.json,65261048,R,33796.0,AEE,6,2022-02-04
116438|2022|TA|8,116438,Bheden,2022,TA,2022_TA.json,66670247,R,174000.0,AEE,3,2022-10-20
116438|2022|TA|9,116438,Bheden,2022,TA,2022_TA.json,66670233,R,8000.0,AEE,4,2022-10-20
116438|2022|TA|10,116438,Bheden,2022,TA,2022_TA.json,66670256,R,70500.0,AEE,2,2022-12-02
116438|2022|TA|11,116438,Bheden,2022,TA,2022_TA.json,65260734,R,743470.0,AEE,3,2022-12-04
116438|2022|TA|12,116438,Bheden,2022,TA,2022_TA.json,66670204,R,90000.0,AEE,6,2022-11-04
116438|2022|TA|13,116438,Bheden,2022,TA,2022_TA.json,65261664,R,300000.0,AEE,3,2022-12-20
116438|2022|TA|14,116438,Bheden,2022,TA,2022_TA.json,65261025,R,300000.0,Aee,5,2022-12-28
116438|2022|TA|15,116438,Bheden,2022,TA,2022_TA.json,65261308,R,230000.0,AEE,6,2023-01-02
116438|2022|TA|16,116438,Bheden,2022,TA,2022_TA.json,65260704,R,330000.0,AEE,1,2023-01-03
116438|2022|TA|17,116438,Bheden,2022,TA,2022_TA.json,65260847,R,300000.0,AEE,2,2023-01-04
116438|2022|TA|18,116438,Bheden,2022,TA,2022_TA.json,65261636,R,100000.0,AEE,1,2023-03-01
116438|2022|TA|19,116438,Bheden,2022,TA,2022_TA.json,86744952,R,300000.0,AEE,2,2023-01-04
116438|2022|TA|20,116438,Bheden,2022,TA,2022_TA.json,65260067,R,90000.0,sarpanch,1,2024-02-01
116438|2022|TA|21,116438,Bheden,2022,TA,2022_TA.json,64747839,R,90000.0,AEE,1,2023-09-01
116438|2022|TA|22,116438,Bheden,2022,TA,2022_TA.json,64747969,R,90000.0,AEE,2,2023-09-01
116438|2022|TA|23,116438,Bheden,2022,TA,2022_TA.json,106408324,R,75000.0,AEE,1,2024-03-01
116438|2022|TA|24,116438,Bheden,2022,TA,2022_TA.json,65260165,R,90000.0,AEE,2,2024-04-30
116438|2022|TA|25,116438,Bheden,2022,TA,2022_TA.json,65311838,R,96000.0,AEE,1,2024-04-01
116438|2023|TA|0,116438,Bheden,2023,TA,2023_TA.json,72824489,R,70000.0,AEE,1,2023-03-15
116438|2023|TA|1,116438,Bheden,2023,TA,2023_TA.json,81644529,R,96000.0,AEE,1,2023-08-01
116438|2023|TA|2,116438,Bheden,2023,TA,2023_TA.json,81595644,R,50000.0,AEE,1,2023-07-01
116438|2023|TA|3,116438,Bheden,2023,TA,2023_TA.json,72816180,R,350000.0,AEE,1,2023-09-01
116438|2023|TA|4,116438,Bheden,2023,TA,2023_TA.json,72809584,R,90000.0,sarpanch,2,2024-02-08
116438|2023|TA|5,116438,Bheden,2023,TA,2023_TA.json,72817945,R,300000.0,AEE,1,2023-09-01
116438|2023|TA|6,116438,Bheden,2023,TA,2023_TA.json,81591232,R,350000.0,SARPANCH,1,2024-01-01
116438|2023|TA|7,116438,Bheden,2023,TA,2023_TA.json,81644785,R,182498.0,AEE,1,2024-04-20
116438|2023|TA|8,116438,Bheden,2023,TA,2023_TA.json,72824864,R,410000.0,AEE,1,2024-01-01
116438|2023|TA|9,116438,Bheden,2023,TA,2023_TA.json,81596860,R,80000.0,AEE,1,2024-04-01
116438|2023|TA|10,116438,Bheden,2023,TA,2023_TA.json,81594222,R,200000.0,AEE,5,2024-01-01
116438|2023|TA|11,116438,Bheden,2023,TA,2023_TA.json,81598941,R,300000.0,AEE,6,2024-01-04
116438|2023|TA|12,116438,Bheden,2023,TA,2023_TA.json,81644988,R,72000.0,AEE,3,2024-08-01
116438|2023|TA|13,116438,Bheden,2023,TA,2023_TA.json,72808716,R,90000.0,AEE,1,2024-04-15
116438|2023|TA|14,116438,Bheden,2023,TA,2023_TA.json,81600042,R,86644.0,AEE,5,2025-01-01
116438|2023|TA|15,116438,Bheden,2023,TA,2023_TA.json,72820363,R,150000.0,AEE,1,2025-04-01
116438|2023|TA|16,116438,Bheden,2023,TA,2023_TA.json,72825391,R,100000.0,AEE,4,2025-01-01
116438|2023|TA|17,116438,Bheden,2023,TA,2023_TA.json,72822074,R,133796.0,SARPANCH,2,2025-01-15
116438|2023|TA|18,116438,Bheden,2023,TA,2023_TA.json,81598620,R,100000.0,aee,10,2026-03-20
116438|2024|TA|0,116438,Bheden,2024,TA,2024_TA.json,98586683,R,500000.0,AEE,1,2024-08-01
116438|2024|TA|1,116438,Bheden,2024,TA,2024_TA.json,98594054,R,150000.0,AEE,1,2024-07-01
116438|2024|TA|2,116438,Bheden,2024,TA,2024_TA.json,101194805,R,200000.0,AEE,6,2024-10-01
116438|2024|TA|3,116438,Bheden,2024,TA,2024_TA.json,98575261,R,350000.0,SARPANCH,1,2024-07-01
116438|2024|TA|4,116438,Bheden,2024,TA,2024_TA.json,98574290,R,156000.0,AEE,3,2024-04-01
116438|2024|TA|5,116438,Bheden,2024,TA,2024_TA.json,101198477,R,177172.0,AEE,5,2024-05-01
116438|2024|TA|6,116438,Bheden,2024,TA,2024_TA.json,98588078,R,50896.0,AEE,1,2024-08-01
116438|2024|TA|7,116438,Bheden,2024,TA,2024_TA.json,101200818,R,142000.0,Aee,2,2025-04-01
116438|2024|TA|8,116438,Bheden,2024,TA,2024_TA.json,108993503,R,150000.0,AEE,1,2024-12-01
116438|2024|TA|9,116438,Bheden,2024,TA,2024_TA.json,98592992,R,50000.0,AEE,2,2024-12-01
116438|2024|TA|10,116438,Bheden,2024,TA,2024_TA.json,108993465,R,494570.0,AEE,1,2024-07-01
116438|2024|TA|11,116438,Bheden,2024,TA,2024_TA.json,98574791,R,94672.0,AEE,1,2024-04-30
116438|2024|TA|12,116438,Bheden,2024,TA,2024_TA.json,98573972,R,150000.0,AEE,5,2025-01-01
116438|2024|TA|13,116438,Bheden,2024,TA,2024_TA.json,125992463,R,90000.0,AEE,1,2025-07-01
116438|2024|TA|14,116438,Bheden,2024,TA,2024_TA.json,98575977,R,350000.0,AEE,2,2024-08-01
116438|2025|TA|0,116438,Bheden,2025,TA,2025_TA.json,117910218,R,150000.0,AEE,1,2026-01-17
116438|2025|TA|1,116438,Bheden,2025,TA,2025_TA.json,121260668,R,195000.0,AEE,2,2026-01-18
116438|2025|TA|2,116438,Bheden,2025,TA,2025_TA.json,117904141,R,144000.0,AEE,2,2026-02-02
116438|2025|TA|3,116438,Bheden,2025,TA,2025_TA.json,117905846,R,205672.0,AEE,3,2026-02-02
116438|2025|TA|4,116438,Bheden,2025,TA,2025_TA.json,117909947,R,60000.0,aee,12,2026-03-17
116936|2020|TA|0,116936,Dadhapatna,2020,TA,2020_TA.json,44263652,R,100000.0,Sarapanch,2,2020-11-27
116936|2020|TA|1,116936,Dadhapatna,2020,TA,2020_TA.json,44263527,R,200000.0,Sarapanch,1,2020-10-27
116936|2020|TA|2,116936,Dadhapatna,2020,TA,2020_TA.json,62418696,R,115000.0,Sarapanch,17,2022-03-22
116936|2020|TA|3,116936,Dadhapatna,2020,TA,2020_TA.json,44263711,R,150000.0,Sarapanch,3,2020-11-13
116936|2020|TA|4,116936,Dadhapatna,2020,TA,2020_TA.json,44262960,R,300000.0,Sarapanch,6,2021-04-04
116936|2020|TA|5,116936,Dadhapatna,2020,TA,2020_TA.json,44263688,R,200000.0,Sarapanch,6,2020-11-17
116936|2020|TA|6,116936,Dadhapatna,2020,TA,2020_TA.json,44262892,R,72000.0,Sarapanch,3,2021-09-20
116936|2020|TA|7,116936,Dadhapatna,2020,TA,2020_TA.json,44263760,R,200000.0,Sarapanch,2,2021-08-10
116936|2020|TA|8,116936,Dadhapatna,2020,TA,2020_TA.json,44263795,R,64080.0,sarapanch,14,2022-02-03
116936|2020|TA|9,116936,Dadhapatna,2020,TA,2020_TA.json,44263610,R,150000.0,Sarapanch,15,2022-02-09
116936|2020|TA|10,116936,Dadhapatna,2020,TA,2020_TA.json,44263588,R,150000.0,Sarapanch,16,2021-04-02
116936|2020|TA|11,116936,Dadhapatna,2020,TA,2020_TA.json,62418775,R,126312.0,Sarapanch,18,2022-03-08
116936|2020|TA|12,116936,Dadhapatna,2020,TA,2020_TA.json,55495463,R,50000.0,sarapanch,1,2022-05-21
116936|2020|TA|13,116936,Dadhapatna,2020,TA,2020_TA.json,55495778,R,50000.0,sarapanch,2,2022-05-25
116936|2020|TA|14,116936,Dadhapatna,2020,TA,2020_TA.json,55496241,R,45000.0,Sarapanch,3,2022-05-26
116936|2020|TA|15,116936,Dadhapatna,2020,TA,2020_TA.json,55496116,R,50000.0,sarapanch,5,2022-06-17
116936|2020|TA|16,116936,Dadhapatna,2020,TA,2020_TA.json,44263738,R,400000.0,sarapanch,12,2023-01-17
116936|2020|TA|17,116936,Dadhapatna,2020,TA,2020_TA.json,66382205,R,32000.0,sarapanch,16,2023-03-10
116936|2020|TA|18,116936,Dadhapatna,2020,TA,2020_TA.json,66382203,R,102000.0,sarapanch,18,2023-03-10
116936|2020|TA|19,116936,Dadhapatna,2020,TA,2020_TA.json,66382207,R,90000.0,Sarapanch,1,2023-06-05
116936|2020|TA|20,116936,Dadhapatna,2020,TA,2020_TA.json,86049605,R,60000.0,sarapanch,8,2023-09-14
116936|2020|TA|21,116936,Dadhapatna,2020,TA,2020_TA.json,86049858,R,200000.0,Sarapanch,13,2023-10-20
116936|2020|TA|22,116936,Dadhapatna,2020,TA,2020_TA.json,55495293,R,80000.0,sarapanch,11,2023-10-12
116936|2021|TA|0,116936,Dadhapatna,2021,TA,2021_TA.json,48561599,R,100000.0,Sarapanch,4,2021-11-30
116936|2021|TA|1,116936,Dadhapatna,2021,TA,2021_TA.json,48564332,R,150000.0,Sarapanch,3,2021-12-15
116936|2021|TA|2,116936,Dadhapatna,2021,TA,2021_TA.json,48559984,R,250000.0,Sarapanch,4,2021-12-27
116936|2021|TA|3,116936,Dadhapatna,2021,TA,2021_TA.json,48559906,R,72000.0,Sarapanch,7,2021-12-28
116936|2021|TA|4,116936,Dadhapatna,2021,TA,2021_TA.json,48560729,R,100000.0,Sarapanch,8,2022-01-18
116936|2021|TA|5,116936,Dadhapatna,2021,TA,2021_TA.json,48560959,R,100000.0,Sarapanch,9,2022-01-18
116936|2021|TA|6,116936,Dadhapatna,2021,TA,2021_TA.json,48560896,R,100000.0,Sarapanch,10,2022-01-18
116936|2021|TA|7,116936,Dadhapatna,2021,TA,2021_TA.json,48560819,R,100000.0,Sarapanch,11,2022-01-18
116936|2021|TA|8,116936,Dadhapatna,2021,TA,2021_TA.json,48561207,R,50000.0,Sarapanch,12,2022-01-18
116936|2021|TA|9,116936,Dadhapatna,2021,TA,2021_TA.json,48564102,R,100000.0,Sarapanch,13,2022-01-18
116936|2021|TA|10,116936,Dadhapatna,2021,TA,2021_TA.json,48561132,R,100000.0,Sarapanch,12,2022-01-18
116936|2021|TA|11,116936,Dadhapatna,2021,TA,2021_TA.json,48561388,R,223312.0,Sarapanch,16,2022-02-09
116936|2021|TA|12,116936,Dadhapatna,2021,TA,2021_TA.json,48561532,R,100000.0,Sarapanch,18,2022-02-09
116936|2021|TA|13,116936,Dadhapatna,2021,TA,2021_TA.json,48564521,R,100000.0,Sarapanch,17,2022-02-09
116936|2021|TA|14,116936,Dadhapatna,2021,TA,2021_TA.json,48564637,R,150000.0,sarapanch,15,2022-03-07
116936|2021|TA|15,116936,Dadhapatna,2021,TA,2021_TA.json,48564893,R,150000.0,sarapanch,15,2022-03-07
116936|2021|TA|16,116936,Dadhapatna,2021,TA,2021_TA.json,62418084,R,119656.0,Sarapanch,19,2022-03-08
116936|2021|TA|17,116936,Dadhapatna,2021,TA,2021_TA.json,62418347,R,200000.0,Sarapanch,20,2022-03-08
116936|2021|TA|18,116936,Dadhapatna,2021,TA,2021_TA.json,62417995,R,132502.0,Sarapanch,21,2022-03-08
116936|2021|TA|19,116936,Dadhapatna,2021,TA,2021_TA.json,48561288,R,100000.0,sarapanch,9,2022-11-02
116936|2021|TA|20,116936,Dadhapatna,2021,TA,2021_TA.json,85957042,R,200000.0,sarapanch,4,2023-05-26
116936|2022|TA|0,116936,Dadhapatna,2022,TA,2022_TA.json,64839205,R,561985.0,SARAPANCH,7,2022-10-14
116936|2022|TA|1,116936,Dadhapatna,2022,TA,2022_TA.json,64839232,R,72000.0,sarapanch,8,2022-11-03
116936|2022|TA|2,116936,Dadhapatna,2022,TA,2022_TA.json,61990074,R,200000.0,sarapanch,10,2022-12-28
116936|2022|TA|3,116936,Dadhapatna,2022,TA,2022_TA.json,61990193,R,250000.0,sarapanch,11,2022-12-28
116936|2022|TA|4,116936,Dadhapatna,2022,TA,2022_TA.json,64839689,R,503095.0,sarapanch,13,2023-02-07
116936|2022|TA|5,116936,Dadhapatna,2022,TA,2022_TA.json,64839622,R,8370.0,sarapanch,14,2023-02-27
116936|2022|TA|6,116936,Dadhapatna,2022,TA,2022_TA.json,61990217,R,178650.0,sarapanch,15,2023-03-10
116936|2022|TA|7,116936,Dadhapatna,2022,TA,2022_TA.json,64839300,R,100000.0,sarapanch,17,2023-03-10
116936|2022|TA|8,116936,Dadhapatna,2022,TA,2022_TA.json,61990210,R,200000.0,Sarapanch,2,2023-05-03
116936|2022|TA|9,116936,Dadhapatna,2022,TA,2022_TA.json,64839356,R,45000.0,sarapanch,7,2023-09-14
116936|2022|TA|10,116936,Dadhapatna,2022,TA,2022_TA.json,66411014,R,241302.0,Sarapanch,14,2023-11-02
116936|2022|TA|11,116936,Dadhapatna,2022,TA,2022_TA.json,64839473,R,40000.0,Sarapanch,21,2024-08-09
116936|2022|TA|12,116936,Dadhapatna,2022,TA,2022_TA.json,64839536,R,83720.0,sarapancha,29,2026-02-09
116936|2023|TA|0,116936,Dadhapatna,2023,TA,2023_TA.json,82585671,R,300000.0,sarapanch,6,2023-09-14
116936|2023|TA|1,116936,Dadhapatna,2023,TA,2023_TA.json,82583607,R,72000.0,sarapanch,9,2023-10-10
116936|2023|TA|2,116936,Dadhapatna,2023,TA,2023_TA.json,80680963,R,12000.0,sarapanch,10,2023-10-10
116936|2023|TA|3,116936,Dadhapatna,2023,TA,2023_TA.json,80678796,R,100000.0,Sarapanch,19,2024-02-15
116936|2023|TA|4,116936,Dadhapatna,2023,TA,2023_TA.json,80671496,R,180000.0,Sarapanch,15,2023-11-24
116936|2023|TA|5,116936,Dadhapatna,2023,TA,2023_TA.json,80674757,R,138000.0,Sarapanch,16,2023-11-24
116936|2023|TA|6,116936,Dadhapatna,2023,TA,2023_TA.json,80677902,R,150000.0,sarapanch,22,2024-03-10
116936|2023|TA|7,116936,Dadhapatna,2023,TA,2023_TA.json,80675425,R,50000.0,Sarapanch,17,2023-12-20
116936|2023|TA|8,116936,Dadhapatna,2023,TA,2023_TA.json,80664600,R,15000.0,sarpanch,25,2024-05-06
116936|2023|TA|9,116936,Dadhapatna,2023,TA,2023_TA.json,80676557,R,100000.0,sarpanch,26,2024-05-06
116936|2023|TA|10,116936,Dadhapatna,2023,TA,2023_TA.json,80670629,R,100000.0,Sarapanch,18,2024-01-16
116936|2023|TA|11,116936,Dadhapatna,2023,TA,2023_TA.json,82578918,R,103611.0,Sarapanch,11,2024-06-01
116936|2023|TA|12,116936,Dadhapatna,2023,TA,2023_TA.json,80672367,R,150000.0,Sarapancha,15,2024-11-02
116936|2023|TA|13,116936,Dadhapatna,2023,TA,2023_TA.json,82375147,R,163279.0,Sarapanch,11,2024-04-05
116936|2023|TA|14,116936,Dadhapatna,2023,TA,2023_TA.json,81212950,R,50000.0,Sarapanch,3,2024-06-05
116936|2023|TA|15,116936,Dadhapatna,2023,TA,2023_TA.json,81202092,R,50000.0,Sarapanch,3,2024-08-02
116936|2023|TA|16,116936,Dadhapatna,2023,TA,2023_TA.json,80681330,R,14080.0,sarapancha,28,2026-02-10
116936|2024|TA|0,116936,Dadhapatna,2024,TA,2024_TA.json,105314234,R,130000.0,sarpanch,15,2024-11-13
116936|2024|TA|1,116936,Dadhapatna,2024,TA,2024_TA.json,105321038,R,124080.0,sarpanch,15,2024-11-13
116936|2024|TA|2,116936,Dadhapatna,2024,TA,2024_TA.json,105407696,R,100000.0,sarpanch,16,2024-12-19
116936|2024|TA|3,116936,Dadhapatna,2024,TA,2024_TA.json,105318429,R,1000000.0,sarpanch,13,2024-11-13
116936|2024|TA|4,116936,Dadhapatna,2024,TA,2024_TA.json,105290603,R,30000.0,sarpanch,14,2024-11-13
116936|2024|TA|5,116936,Dadhapatna,2024,TA,2024_TA.json,104436132,R,130000.0,17,Sarapancha,2024-11-13
116936|2024|TA|6,116936,Dadhapatna,2024,TA,2024_TA.json,105311507,R,150000.0,16,Sarapancha,2024-11-03
116936|2024|TA|7,116936,Dadhapatna,2024,TA,2024_TA.json,105285932,R,128250.0,BDO,1,2024-10-03
116936|2024|TA|8,116936,Dadhapatna,2024,TA,2024_TA.json,105410708,R,80000.0,BDO,1,2024-10-07
116936|2024|TA|9,116936,Dadhapatna,2024,TA,2024_TA.json,105286382,R,20000.0,Sarapancha,24,2025-03-18
116936|2024|TA|10,116936,Dadhapatna,2024,TA,2024_TA.json,105316983,R,100000.0,Sarapancha,18,2024-11-13
116936|2024|TA|11,116936,Dadhapatna,2024,TA,2024_TA.json,105317688,R,100000.0,Sarapancha,19,2024-11-13
116936|2024|TA|12,116936,Dadhapatna,2024,TA,2024_TA.json,105288559,R,150000.0,Sarapancha,16,2025-03-18
116936|2024|TA|13,116936,Dadhapatna,2024,TA,2024_TA.json,105313757,R,100000.0,Sarapancha,18,2024-11-13
116936|2024|TA|14,116936,Dadhapatna,2024,TA,2024_TA.json,105320299,R,100000.0,Sarapancha,19,2024-11-13
116936|2024|TA|15,116936,Dadhapatna,2024,TA,2024_TA.json,105321332,R,50000.0,Sarpancha,20,2025-02-07
116936|2024|TA|16,116936,Dadhapatna,2024,TA,2024_TA.json,105318767,R,126824.0,Sarpancha,22,2024-11-13
116936|2024|TA|17,116936,Dadhapatna,2024,TA,2024_TA.json,105289787,R,45000.0,Sarapancha,21,2025-02-13
116936|2024|TA|18,116936,Dadhapatna,2024,TA,2024_TA.json,105312553,R,20000.0,sarapancha,27,2026-02-02
116936|2025|TA|0,116936,Dadhapatna,2025,TA,2025_TA.json,121121080,R,100000.0,Sarapancha,16,2025-08-20
116936|2025|TA|1,116936,Dadhapatna,2025,TA,2025_TA.json,115217760,R,117000.0,Sarapancha,11,2025-08-21
116936|2025|TA|2,116936,Dadhapatna,2025,TA,2025_TA.json,121255686,R,315000.0,Sarapancha,14,2025-07-15
116936|2025|TA|3,116936,Dadhapatna,2025,TA,2025_TA.json,121119869,R,100000.0,Sarapancha,16,2025-08-20
116936|2025|TA|4,116936,Dadhapatna,2025,TA,2025_TA.json,121119565,R,146278.0,Sarapancha,17,2025-08-20
116936|2025|TA|5,116936,Dadhapatna,2025,TA,2025_TA.json,121217739,R,65000.0,Sarapancha,18,2025-10-22
116936|2025|TA|6,116936,Dadhapatna,2025,TA,2025_TA.json,118330130,R,100000.0,Sarapancha,17,2025-10-27
116936|2025|TA|7,116936,Dadhapatna,2025,TA,2025_TA.json,118335862,R,130000.0,Sarapancha,18,2025-11-14
116936|2025|TA|8,116936,Dadhapatna,2025,TA,2025_TA.json,121121529,R,80000.0,Sarapancha,19,2025-11-14
116936|2025|TA|9,116936,Dadhapatna,2025,TA,2025_TA.json,121218668,R,144000.0,Sarapancha,19,2025-11-14
116936|2025|TA|10,116936,Dadhapatna,2025,TA,2025_TA.json,121218629,R,35000.0,Sarapancha,20,2024-11-21
116936|2025|TA|11,116936,Dadhapatna,2025,TA,2025_TA.json,121124541,R,100000.0,Sarapancha,21,2026-02-19
116936|2025|TA|12,116936,Dadhapatna,2025,TA,2025_TA.json,121218498,R,3209.0,Sarapancha,27,2025-12-18
116936|2025|TA|13,116936,Dadhapatna,2025,TA,2025_TA.json,121217333,R,25000.0,Sarapancha,28,2025-11-21
116936|2025|TA|14,116936,Dadhapatna,2025,TA,2025_TA.json,121218637,R,104533.0,Sarapancha,20,2026-02-12
116936|2025|TA|15,116936,Dadhapatna,2025,TA,2025_TA.json,119679569,R,15000.0,Sarapancha,21,2025-12-30
116936|2025|TA|16,116936,Dadhapatna,2025,TA,2025_TA.json,121120137,R,100000.0,Sarapancha,22,2025-12-30
116936|2025|TA|17,116936,Dadhapatna,2025,TA,2025_TA.json,118334004,R,125000.0,Sarapancha,23,2025-12-30
116936|2025|TA|18,116936,Dadhapatna,2025,TA,2025_TA.json,121064194,R,7709.0,sarapancha,25,2026-03-03
116936|2025|TA|19,116936,Dadhapatna,2025,TA,2025_TA.json,121215314,R,5547.0,sarapancha,26,2026-03-04
117153|2020|TA|0,117153,Govindapur,2020,TA,2020_TA.json,44211639,R,60000.0,AEE,2,2020-12-01
117153|2020|TA|1,117153,Govindapur,2020,TA,2020_TA.json,44211285,R,100000.0,AEE,3,2021-01-01
117153|2020|TA|2,117153,Govindapur,2020,TA,2020_TA.json,44210448,R,125000.0,AEE,9,2021-09-02
117153|2020|TA|3,117153,Govindapur,2020,TA,2020_TA.json,44211830,R,83772.0,AEE,14,2021-12-24
117153|2020|TA|4,117153,Govindapur,2020,TA,2020_TA.json,44210390,R,800000.0,AEE,5,2021-01-21
117153|2020|TA|5,117153,Govindapur,2020,TA,2020_TA.json,44211966,R,643120.0,AEE,16,2020-12-28
117153|2020|TA|6,117153,Govindapur,2020,TA,2020_TA.json,44211224,R,100000.0,AEE,17,2020-12-24
117153|2020|TA|7,117153,Govindapur,2020,TA,2020_TA.json,44210886,R,60000.0,AEE,1,2022-05-01
117153|2020|TA|8,117153,Govindapur,2020,TA,2020_TA.json,44210694,R,72000.0,AEE,2,2022-05-01
117153|2020|TA|9,117153,Govindapur,2020,TA,2020_TA.json,44211099,R,50000.0,AEE,6,2022-07-04
117153|2021|TA|0,117153,Govindapur,2021,TA,2021_TA.json,47862073,R,100000.0,AEE,8,2021-10-29
117153|2021|TA|1,117153,Govindapur,2021,TA,2021_TA.json,47859948,R,100000.0,AEE,10,2021-07-30
117153|2021|TA|2,117153,Govindapur,2021,TA,2021_TA.json,47859632,R,100000.0,AEE,11,2021-08-30
117153|2021|TA|3,117153,Govindapur,2021,TA,2021_TA.json,47859744,R,90772.0,AEE,12,2021-07-30
117153|2021|TA|4,117153,Govindapur,2021,TA,2021_TA.json,47859434,R,150000.0,AEE,13,2021-12-06
117153|2021|TA|5,117153,Govindapur,2021,TA,2021_TA.json,47862290,R,100000.0,AEE,8,2021-08-31
117153|2021|TA|6,117153,Govindapur,2021,TA,2021_TA.json,47862760,R,50000.0,AEE,18,2022-02-03
117153|2021|TA|7,117153,Govindapur,2021,TA,2021_TA.json,47860799,R,25000.0,AEE,5,2022-07-04
117153|2021|TA|8,117153,Govindapur,2021,TA,2021_TA.json,47860947,R,25000.0,AEE,6,2022-07-04
117153|2021|TA|9,117153,Govindapur,2021,TA,2021_TA.json,47859204,R,25000.0,AEE,7,2022-07-04
117153|2021|TA|10,117153,Govindapur,2021,TA,2021_TA.json,47865042,R,482886.0,AEE,1,2022-10-01
117153|2021|TA|11,117153,Govindapur,2021,TA,2021_TA.json,66196202,R,150000.0,AEE,1,2022-11-16
117153|2021|TA|12,117153,Govindapur,2021,TA,2021_TA.json,66190275,R,393120.0,AEE,6,2023-03-01
117153|2021|TA|13,117153,Govindapur,2021,TA,2021_TA.json,66196186,R,132886.0,AEE,19,2026-06-01
117153|2022|TA|0,117153,Govindapur,2022,TA,2022_TA.json,61962005,R,250000.0,AEE,2,2022-07-02
117153|2022|TA|1,117153,Govindapur,2022,TA,2022_TA.json,62161476,R,100000.0,AEE,2,2022-12-23
117153|2022|TA|2,117153,Govindapur,2022,TA,2022_TA.json,61964671,R,400000.0,AEE,8,2023-01-17
117153|2022|TA|3,117153,Govindapur,2022,TA,2022_TA.json,61964138,R,243074.0,AEE,7,2023-03-28
117153|2022|TA|4,117153,Govindapur,2022,TA,2022_TA.json,64758356,R,51000.0,AE,1,2023-05-01
117153|2022|TA|5,117153,Govindapur,2022,TA,2022_TA.json,64758636,R,1.0,AE,1,2023-05-01
117153|2022|TA|6,117153,Govindapur,2022,TA,2022_TA.json,64758673,R,60000.0,AE,3,2023-05-01
117153|2022|TA|7,117153,Govindapur,2022,TA,2022_TA.json,61961788,R,20000.0,AE,3,2023-05-01
117153|2022|TA|8,117153,Govindapur,2022,TA,2022_TA.json,61963778,R,88992.0,AE,5,2022-12-28
117153|2022|TA|9,117153,Govindapur,2022,TA,2022_TA.json,64759140,R,120000.0,AEE,3,2023-09-01
117153|2023|TA|0,117153,Govindapur,2023,TA,2023_TA.json,82925792,R,25000.0,AEE,10,2024-02-01
117153|2023|TA|1,117153,Govindapur,2023,TA,2023_TA.json,82903140,R,100000.0,AEE,4,2024-02-01
117153|2023|TA|2,117153,Govindapur,2023,TA,2023_TA.json,82925052,R,203074.0,AEE,5,2024-03-01
117153|2023|TA|3,117153,Govindapur,2023,TA,2023_TA.json,82902320,R,177800.0,AEE,1,2024-03-01
117153|2023|TA|4,117153,Govindapur,2023,TA,2023_TA.json,82928400,R,12980.0,AEE,7,2024-03-01
117153|2023|TA|5,117153,Govindapur,2023,TA,2023_TA.json,82948986,R,250060.0,AEE,1,2024-05-01
117153|2023|TA|6,117153,Govindapur,2023,TA,2023_TA.json,82921150,R,115000.0,AEE,2,2024-05-01
117153|2023|TA|7,117153,Govindapur,2023,TA,2023_TA.json,82951856,R,72000.0,AEE,1,2024-10-01
117153|2023|TA|8,117153,Govindapur,2023,TA,2023_TA.json,82906245,R,70000.0,AEE,218,2025-03-05
117153|2023|TA|9,117153,Govindapur,2023,TA,2023_TA.json,82932993,R,100000.0,AEE,255,2025-03-05
117153|2023|TA|10,117153,Govindapur,2023,TA,2023_TA.json,82908096,R,150000.0,AEE,82908096,2025-08-30
117153|2023|TA|11,117153,Govindapur,2023,TA,2023_TA.json,126997169,R,1000.0,Sarapanch,2,2025-12-16
117153|2023|TA|12,117153,Govindapur,2023,TA,2023_TA.json,126997865,R,413000.0,AEE,16,2026-01-10
117153|2023|TA|13,117153,Govindapur,2023,TA,2023_TA.json,127969320,R,200000.0,AEE,26,2026-03-16
117153|2023|TA|14,117153,Govindapur,2023,TA,2023_TA.json,82919590,R,50000.0,AEE,26,2026-06-01
117153|2024|TA|0,117153,Govindapur,2024,TA,2024_TA.json,105563838,R,170000.0,AEE,1,2024-11-01
117153|2024|TA|1,117153,Govindapur,2024,TA,2024_TA.json,105556988,R,150000.0,AEE,9,2025-01-01
117153|2024|TA|2,117153,Govindapur,2024,TA,2024_TA.json,105561266,R,150000.0,AEE,45,2025-03-05
117153|2024|TA|3,117153,Govindapur,2024,TA,2024_TA.json,105560150,R,200000.0,AEE,47,2025-03-05
117153|2024|TA|4,117153,Govindapur,2024,TA,2024_TA.json,105556316,R,30000.0,AEE,41,2025-03-07
117153|2024|TA|5,117153,Govindapur,2024,TA,2024_TA.json,105560796,R,50000.0,AEE,46,2025-03-05
117153|2024|TA|6,117153,Govindapur,2024,TA,2024_TA.json,105553744,R,200000.0,AEE,45,2025-03-01
117153|2024|TA|7,117153,Govindapur,2024,TA,2024_TA.json,105555079,R,200000.0,AEE,14,2026-01-04
117153|2024|TA|8,117153,Govindapur,2024,TA,2024_TA.json,108601974,R,87500.0,AEE,21,2026-05-25
117153|2024|TA|9,117153,Govindapur,2024,TA,2024_TA.json,105568620,R,3500.0,AEE,22,2026-05-25
117153|2024|TA|10,117153,Govindapur,2024,TA,2024_TA.json,105568199,R,3500.0,AEE,23,2026-05-25
117153|2024|TA|11,117153,Govindapur,2024,TA,2024_TA.json,105567882,R,3500.0,AEE,24,2026-05-25
117153|2024|TA|12,117153,Govindapur,2024,TA,2024_TA.json,105567322,R,3500.0,AEE,25,2026-05-25
117153|2024|TA|13,117153,Govindapur,2024,TA,2024_TA.json,105566950,R,3500.0,AEE,26,2026-05-25
117153|2024|TA|14,117153,Govindapur,2024,TA,2024_TA.json,108602020,R,200000.0,AEE,108602020,2026-05-05
117153|2025|TA|0,117153,Govindapur,2025,TA,2025_TA.json,121606698,R,140000.0,AEE,121606698,2026-01-05
117153|2025|TA|1,117153,Govindapur,2025,TA,2025_TA.json,121606762,R,117000.0,AEE,12,2026-01-01
117153|2025|TA|2,117153,Govindapur,2025,TA,2025_TA.json,121608233,R,152756.0,AEE,17,2026-02-03
117153|2025|TA|3,117153,Govindapur,2025,TA,2025_TA.json,121606452,R,200000.0,AEE,11,2026-03-06
117153|2025|TA|4,117153,Govindapur,2025,TA,2025_TA.json,121608181,R,400000.0,AEE,12,2026-03-06
117153|2025|TA|5,117153,Govindapur,2025,TA,2025_TA.json,121606532,R,193074.0,AEE,121606532,2026-05-05
117951|2020|TA|0,117951,Biswamathpur,2020,TA,2020_TA.json,44022741,R,121321.0,SARAPANCHA,12,2020-11-02
117951|2020|TA|1,117951,Biswamathpur,2020,TA,2020_TA.json,44022870,R,218032.0,SARAPANCHA,12,2020-12-01
117951|2020|TA|2,117951,Biswamathpur,2020,TA,2020_TA.json,44022808,R,150000.0,SARAPANCHA,12,2020-11-09
117951|2020|TA|3,117951,Biswamathpur,2020,TA,2020_TA.json,44022775,R,200000.0,SARAPANCHA,12,2021-01-05
117951|2020|TA|4,117951,Biswamathpur,2020,TA,2020_TA.json,44022861,R,56000.0,SARAPANCHA,12,2021-01-04
117951|2020|TA|5,117951,Biswamathpur,2020,TA,2020_TA.json,44022696,R,234633.0,SARAPANCHA,12,2020-12-02
117951|2020|TA|6,117951,Biswamathpur,2020,TA,2020_TA.json,44022755,R,100000.0,SARAPANCHA,12,2020-11-02
117951|2020|TA|7,117951,Biswamathpur,2020,TA,2020_TA.json,44022784,R,100000.0,SARAPANCHA,12,2020-11-02
117951|2020|TA|8,117951,Biswamathpur,2020,TA,2020_TA.json,44022767,R,100000.0,SARAPANCHA,12,2020-11-03
117951|2020|TA|9,117951,Biswamathpur,2020,TA,2020_TA.json,44022832,R,150000.0,SARAPANCHA,12,2021-03-03
117951|2020|TA|10,117951,Biswamathpur,2020,TA,2020_TA.json,44022719,R,128679.0,sarapancha,1,2021-01-06
117951|2020|TA|11,117951,Biswamathpur,2020,TA,2020_TA.json,44022883,R,50000.0,SARAPANCHA,12,2021-01-06
117951|2020|TA|12,117951,Biswamathpur,2020,TA,2020_TA.json,44022798,R,236791.0,SARAPANCHA,2,2021-04-14
117951|2020|TA|13,117951,Biswamathpur,2020,TA,2020_TA.json,44023011,R,100000.0,SARAPANCHA,5,2021-07-01
117951|2020|TA|14,117951,Biswamathpur,2020,TA,2020_TA.json,44022682,R,160000.0,SARAPANCHA,5,2021-07-01
117951|2020|TA|15,117951,Biswamathpur,2020,TA,2020_TA.json,44022712,R,150000.0,SARAPANCHA,9,2021-07-01
117951|2020|TA|16,117951,Biswamathpur,2020,TA,2020_TA.json,44022650,R,100000.0,SARAPANCHA,5,2021-07-01
117951|2020|TA|17,117951,Biswamathpur,2020,TA,2020_TA.json,44022727,R,150000.0,SARAPANCHA,15,2021-07-01
117951|2020|TA|18,117951,Biswamathpur,2020,TA,2020_TA.json,52846250,R,100000.0,SARAPANCHA,12,2021-07-01
117951|2020|TA|19,117951,Biswamathpur,2020,TA,2020_TA.json,44022484,R,160000.0,SARAPANCHA,12,2021-09-01
117951|2020|TA|20,117951,Biswamathpur,2020,TA,2020_TA.json,52846339,R,410000.0,SARAPANCHA,5,2021-09-17
117951|2020|TA|21,117951,Biswamathpur,2020,TA,2020_TA.json,44022668,R,100000.0,SARAPANCHA,12,2022-01-25
117951|2020|TA|22,117951,Biswamathpur,2020,TA,2020_TA.json,44022587,R,100000.0,1,sarapancha,2022-11-27
117951|2020|TA|23,117951,Biswamathpur,2020,TA,2020_TA.json,44022634,R,100000.0,1,sarapancha,2022-11-27
117951|2020|TA|24,117951,Biswamathpur,2020,TA,2020_TA.json,44022847,R,190000.0,23,sarapancha,2022-12-05
117951|2020|TA|25,117951,Biswamathpur,2020,TA,2020_TA.json,66070594,R,100000.0,14,sarapancha,2022-12-05
117951|2020|TA|26,117951,Biswamathpur,2020,TA,2020_TA.json,66070565,R,100000.0,1,sarapancha,2022-12-05
117951|2020|TA|27,117951,Biswamathpur,2020,TA,2020_TA.json,44022619,R,60000.0,GP,18,2025-04-16
117951|2020|TA|28,117951,Biswamathpur,2020,TA,2020_TA.json,44022602,R,6000.0,GP,3,2026-02-01
117951|2021|TA|0,117951,Biswamathpur,2021,TA,2021_TA.json,54758039,R,600000.0,SARAPANCHA,19,2022-01-25
117951|2021|TA|1,117951,Biswamathpur,2021,TA,2021_TA.json,54758087,R,145052.0,SARAPANCHA,12,2022-01-25
117951|2021|TA|2,117951,Biswamathpur,2021,TA,2021_TA.json,54758155,R,214032.0,SARAPANCHA,2,2022-06-01
117951|2021|TA|3,117951,Biswamathpur,2021,TA,2021_TA.json,54757869,R,276630.0,SARAPANCHA,1,2022-06-01
117951|2021|TA|4,117951,Biswamathpur,2021,TA,2021_TA.json,54758005,R,282159.0,SARAPANCHA,2,2022-06-01
117951|2021|TA|5,117951,Biswamathpur,2021,TA,2021_TA.json,54758281,R,200000.0,SARAPANCHA,1,2022-10-16
117951|2021|TA|6,117951,Biswamathpur,2021,TA,2021_TA.json,54758315,R,200000.0,SARAPANCHA,1,2022-10-16
117951|2021|TA|7,117951,Biswamathpur,2021,TA,2021_TA.json,54757828,R,558789.0,1,sarapancha,2022-11-27
117951|2021|TA|8,117951,Biswamathpur,2021,TA,2021_TA.json,66071033,R,558789.0,1,sarapancha,2022-11-27
117951|2021|TA|9,117951,Biswamathpur,2021,TA,2021_TA.json,54758235,N,,NR,NR,2025-10-01
117951|2022|TA|0,117951,Biswamathpur,2022,TA,2022_TA.json,65351635,R,182541.0,SARAPANCHA,1,2022-10-27
117951|2022|TA|1,117951,Biswamathpur,2022,TA,2022_TA.json,65351656,R,100000.0,1,sarapancha,2022-11-23
117951|2022|TA|2,117951,Biswamathpur,2022,TA,2022_TA.json,65351701,R,200000.0,4,Sarapancha,2022-12-12
117951|2022|TA|3,117951,Biswamathpur,2022,TA,2022_TA.json,65351930,R,160271.0,sarapancha,1,2023-02-01
117951|2022|TA|4,117951,Biswamathpur,2022,TA,2022_TA.json,65351888,R,200000.0,sarapancha,1,2023-02-01
117951|2022|TA|5,117951,Biswamathpur,2022,TA,2022_TA.json,65351904,R,321389.0,sarapancha,11,2023-02-16
117951|2022|TA|6,117951,Biswamathpur,2022,TA,2022_TA.json,65351946,R,453809.0,sarapancha,2,2023-02-16
117951|2022|TA|7,117951,Biswamathpur,2022,TA,2022_TA.json,65351915,R,50000.0,AEE,5,2023-02-01
117951|2022|TA|8,117951,Biswamathpur,2022,TA,2022_TA.json,65351749,R,178542.0,SARAPANCHA,1,2023-07-05
117951|2022|TA|9,117951,Biswamathpur,2022,TA,2022_TA.json,65351969,R,200000.0,SARAPANCHA,1,2023-07-19
117951|2022|TA|10,117951,Biswamathpur,2022,TA,2022_TA.json,65351675,R,96000.0,SARAPANCHA,3,2023-09-21
117951|2022|TA|11,117951,Biswamathpur,2022,TA,2022_TA.json,65351718,R,200000.0,SARAPANCHA,1,2024-03-21
117951|2022|TA|12,117951,Biswamathpur,2022,TA,2022_TA.json,65351853,R,50000.0,SARAPANCHA,1,2024-03-23
117951|2022|TA|13,117951,Biswamathpur,2022,TA,2022_TA.json,65351766,R,150000.0,SARAPANCHA,1,2024-01-12
117951|2022|TA|14,117951,Biswamathpur,2022,TA,2022_TA.json,65351733,R,200000.0,SARAPANCHA,41,2025-05-20
117951|2023|TA|0,117951,Biswamathpur,2023,TA,2023_TA.json,69908746,R,12000.0,SARAPANCHA,1,2024-06-19
117951|2023|TA|1,117951,Biswamathpur,2023,TA,2023_TA.json,69832252,R,50000.0,SARAPANCHA,1,2024-02-09
117951|2023|TA|2,117951,Biswamathpur,2023,TA,2023_TA.json,69833121,R,70000.0,SARAPANCHA,1,2024-02-09
117951|2023|TA|3,117951,Biswamathpur,2023,TA,2023_TA.json,78448665,R,200000.0,SARAPANCHA,1,2024-08-06
117951|2023|TA|4,117951,Biswamathpur,2023,TA,2023_TA.json,78465024,R,300000.0,SARAPANCHA,1,2025-01-28
117951|2023|TA|5,117951,Biswamathpur,2023,TA,2023_TA.json,69853407,R,100000.0,SARAPANCHA,1,2024-10-01
117951|2023|TA|6,117951,Biswamathpur,2023,TA,2023_TA.json,78447588,R,195093.0,sarpanch,7,2025-06-16
117951|2023|TA|7,117951,Biswamathpur,2023,TA,2023_TA.json,69910003,R,73279.0,GP,19,2025-08-20
117951|2023|TA|8,117951,Biswamathpur,2023,TA,2023_TA.json,69837279,R,50000.0,sarapanch,13,2025-03-28
117951|2023|TA|9,117951,Biswamathpur,2023,TA,2023_TA.json,69830257,R,70000.0,SARAPANCHA,1,2025-05-01
117951|2023|TA|10,117951,Biswamathpur,2023,TA,2023_TA.json,78449148,R,150000.0,SARAPANCHA,1,2025-05-01
117951|2023|TA|11,117951,Biswamathpur,2023,TA,2023_TA.json,69844889,R,75000.0,SARAPANCHA,1,2025-05-01
117951|2023|TA|12,117951,Biswamathpur,2023,TA,2023_TA.json,78466559,R,103695.0,SARAPANCHA,1,2025-05-01
117951|2023|TA|13,117951,Biswamathpur,2023,TA,2023_TA.json,78453646,R,100000.0,GP,2,2025-09-24
117951|2023|TA|14,117951,Biswamathpur,2023,TA,2023_TA.json,69898097,R,200000.0,GP,8,2025-12-25
117951|2023|TA|15,117951,Biswamathpur,2023,TA,2023_TA.json,78450132,R,161085.0,GP,24,2026-01-05
117951|2023|TA|16,117951,Biswamathpur,2023,TA,2023_TA.json,69854522,R,200000.0,GP,9,2026-01-12
117951|2023|TA|17,117951,Biswamathpur,2023,TA,2023_TA.json,69860405,R,135279.0,GP,5,2026-01-12
117951|2023|TA|18,117951,Biswamathpur,2023,TA,2023_TA.json,78466235,R,100000.0,GP,23,2026-01-12
117951|2023|TA|19,117951,Biswamathpur,2023,TA,2023_TA.json,69843001,R,48000.0,GP,11,2026-01-12
117951|2023|TA|20,117951,Biswamathpur,2023,TA,2023_TA.json,69842037,R,127279.0,GP,4,2026-02-01
117951|2023|TA|21,117951,Biswamathpur,2023,TA,2023_TA.json,69839770,R,50000.0,GP,4,2026-02-01
117951|2023|TA|22,117951,Biswamathpur,2023,TA,2023_TA.json,78438619,R,50000.0,GP,15,2026-02-01
117951|2023|TA|23,117951,Biswamathpur,2023,TA,2023_TA.json,69830937,R,70000.0,GP,16,2026-02-01
117951|2023|TA|24,117951,Biswamathpur,2023,TA,2023_TA.json,69844072,R,75000.0,GP,21,2026-02-01
117951|2024|TA|0,117951,Biswamathpur,2024,TA,2024_TA.json,102979344,R,50000.0,SARAPANCHA,1,2025-01-06
117951|2024|TA|1,117951,Biswamathpur,2024,TA,2024_TA.json,102979154,R,330000.0,SARAPANCHA,1,2024-12-24
117951|2024|TA|2,117951,Biswamathpur,2024,TA,2024_TA.json,99368323,R,30000.0,SARAPANCHA,41,2025-01-06
117951|2024|TA|3,117951,Biswamathpur,2024,TA,2024_TA.json,100211323,R,100000.0,sarpanch,22,2025-06-16
117951|2024|TA|4,117951,Biswamathpur,2024,TA,2024_TA.json,100220623,R,150000.0,GP,15,2025-08-20
117951|2024|TA|5,117951,Biswamathpur,2024,TA,2024_TA.json,100219982,R,150000.0,Sarapanch,13,2025-03-28
117951|2024|TA|6,117951,Biswamathpur,2024,TA,2024_TA.json,99369729,R,63000.0,sarapanch,4,2025-03-28
117951|2024|TA|7,117951,Biswamathpur,2024,TA,2024_TA.json,100205302,R,100000.0,sarapanch,25,2025-03-28
117951|2024|TA|8,117951,Biswamathpur,2024,TA,2024_TA.json,100076092,R,150000.0,SARAPANCHA,1,2025-05-01
117951|2024|TA|9,117951,Biswamathpur,2024,TA,2024_TA.json,99365782,R,100000.0,SARAPANCHA,1,2025-05-01
117951|2024|TA|10,117951,Biswamathpur,2024,TA,2024_TA.json,99370405,R,40000.0,SARAPANCHA,1,2025-05-07
117951|2024|TA|11,117951,Biswamathpur,2024,TA,2024_TA.json,100213678,R,100000.0,SARAPANCHA,1,2025-05-01
117951|2024|TA|12,117951,Biswamathpur,2024,TA,2024_TA.json,100077382,R,100000.0,GP,24,2025-08-18
117951|2024|TA|13,117951,Biswamathpur,2024,TA,2024_TA.json,101370275,R,67118.0,SARAPANCHA,41,2025-05-20
117951|2024|TA|14,117951,Biswamathpur,2024,TA,2024_TA.json,100215007,R,114780.0,GP,17,2025-09-15
117951|2024|TA|15,117951,Biswamathpur,2024,TA,2024_TA.json,100217369,R,100000.0,GP,20,2025-09-15
117951|2024|TA|16,117951,Biswamathpur,2024,TA,2024_TA.json,99364748,R,190000.0,GP,12,2025-12-12
117951|2024|TA|17,117951,Biswamathpur,2024,TA,2024_TA.json,99363994,R,100118.0,GP,18,2026-01-05
117951|2024|TA|18,117951,Biswamathpur,2024,TA,2024_TA.json,100210171,R,100000.0,GP,23,2026-01-12
117951|2024|TA|19,117951,Biswamathpur,2024,TA,2024_TA.json,100074736,R,200000.0,GP,10,2026-01-12
117951|2024|TA|20,117951,Biswamathpur,2024,TA,2024_TA.json,100219381,R,200000.0,GP,11,2026-01-12
117951|2024|TA|21,117951,Biswamathpur,2024,TA,2024_TA.json,99368969,R,60000.0,GP,5,2026-02-01
117951|2024|TA|22,117951,Biswamathpur,2024,TA,2024_TA.json,99362422,R,140000.0,GP,16,2026-02-01
117951|2024|TA|23,117951,Biswamathpur,2024,TA,2024_TA.json,100203720,R,76824.0,GP,1,2026-02-01
117951|2024|TA|24,117951,Biswamathpur,2024,TA,2024_TA.json,99481915,R,70000.0,GP,2,2026-01-01
117951|2025|TA|0,117951,Biswamathpur,2025,TA,2025_TA.json,121796911,R,400000.0,SARAPANCHA,2,2025-10-16
117951|2025|TA|1,117951,Biswamathpur,2025,TA,2025_TA.json,121797055,R,510000.0,GP,22,2025-12-12
117951|2025|TA|2,117951,Biswamathpur,2025,TA,2025_TA.json,121835287,R,150000.0,GP,18,2026-01-08
117951|2025|TA|3,117951,Biswamathpur,2025,TA,2025_TA.json,127434272,R,230000.0,GP,24,2026-01-01
117951|2025|TA|4,117951,Biswamathpur,2025,TA,2025_TA.json,121838664,R,200000.0,GP,19,2025-12-22
117951|2025|TA|5,117951,Biswamathpur,2025,TA,2025_TA.json,121875120,R,144824.0,GP,25,2026-01-02
117951|2025|TA|6,117951,Biswamathpur,2025,TA,2025_TA.json,121839866,R,200000.0,GP,21,2026-01-02
117951|2025|TA|7,117951,Biswamathpur,2025,TA,2025_TA.json,121839463,R,314780.0,GP,20,2026-01-02
117951|2025|TA|8,117951,Biswamathpur,2025,TA,2025_TA.json,121797522,R,3500.0,GP,1,2026-01-02
117951|2025|TA|9,117951,Biswamathpur,2025,TA,2025_TA.json,121797701,R,3500.0,GP,2,2026-01-02
117951|2025|TA|10,117951,Biswamathpur,2025,TA,2025_TA.json,121796822,R,116118.0,GP,8,2026-01-01
117951|2025|TA|11,117951,Biswamathpur,2025,TA,2025_TA.json,121797409,R,3500.0,GP,3,2026-01-08
117951|2025|TA|12,117951,Biswamathpur,2025,TA,2025_TA.json,121799777,R,62618.0,GP,4,2026-01-08
117951|2025|TA|13,117951,Biswamathpur,2025,TA,2025_TA.json,121796760,R,30000.0,GP,5,2026-01-08
117951|2025|TA|14,117951,Biswamathpur,2025,TA,2025_TA.json,113468094,R,39000.0,GP,6,2026-01-08
117951|2025|TA|15,117951,Biswamathpur,2025,TA,2025_TA.json,121837616,R,40000.0,GP,10,2026-01-05
117951|2025|TA|16,117951,Biswamathpur,2025,TA,2025_TA.json,121836389,R,50000.0,GP,12,2026-01-12
117951|2025|TA|17,117951,Biswamathpur,2025,TA,2025_TA.json,121836854,R,50000.0,GP,15,2026-01-15
117951|2025|TA|18,117951,Biswamathpur,2025,TA,2025_TA.json,121838294,R,100000.0,GP,16,2026-01-15
117951|2025|TA|19,117951,Biswamathpur,2025,TA,2025_TA.json,121837168,R,12000.0,GP,17,2026-01-15
117951|2025|TA|20,117951,Biswamathpur,2025,TA,2025_TA.json,121870602,R,30000.0,GP,23,2026-01-15
117951|2025|TA|21,117951,Biswamathpur,2025,TA,2025_TA.json,121870790,R,230000.0,GP,24,2026-01-15
117951|2025|TA|22,117951,Biswamathpur,2025,TA,2025_TA.json,121833970,R,150000.0,GP,14,2026-01-15
117951|2025|TA|23,117951,Biswamathpur,2025,TA,2025_TA.json,121796675,R,35000.0,GP,7,2026-01-15
117951|2025|TA|24,117951,Biswamathpur,2025,TA,2025_TA.json,127434199,R,150000.0,GP,18,2026-01-01
117951|2025|TA|25,117951,Biswamathpur,2025,TA,2025_TA.json,127434229,R,30000.0,GP,23,2026-01-01
117951|2025|TA|26,117951,Biswamathpur,2025,TA,2025_TA.json,127434152,R,12000.0,GP,17,2026-02-01
117951|2025|TA|27,117951,Biswamathpur,2025,TA,2025_TA.json,127434382,R,150000.0,GP,14,2026-02-01
117951|2025|TA|28,117951,Biswamathpur,2025,TA,2025_TA.json,127434092,R,50000.0,GP,15,2026-02-01
118012|2020|TA|0,118012,Sharagada,2020,TA,2020_TA.json,51918217,R,748396.0,GP,2,2021-10-11
118012|2020|TA|1,118012,Sharagada,2020,TA,2020_TA.json,44227218,R,240000.0,GP,2,2021-01-05
118012|2020|TA|2,118012,Sharagada,2020,TA,2020_TA.json,44227259,R,300000.0,GP,3,2021-01-11
118012|2020|TA|3,118012,Sharagada,2020,TA,2020_TA.json,44227250,R,100000.0,GP,2,2021-08-03
118012|2020|TA|4,118012,Sharagada,2020,TA,2020_TA.json,51917574,R,150000.0,GP,3,2021-04-06
118012|2020|TA|5,118012,Sharagada,2020,TA,2020_TA.json,44227393,N,,NR,NR,2022-02-09
118012|2020|TA|6,118012,Sharagada,2020,TA,2020_TA.json,44227382,N,,NR,NR,2022-02-09
118012|2020|TA|7,118012,Sharagada,2020,TA,2020_TA.json,44227369,N,,NR,NR,2022-02-09
118012|2020|TA|8,118012,Sharagada,2020,TA,2020_TA.json,60561586,R,740395.0,GP,2,2021-12-06
118012|2020|TA|9,118012,Sharagada,2020,TA,2020_TA.json,60561431,R,900000.0,GP,3,2021-12-06
118012|2020|TA|10,118012,Sharagada,2020,TA,2020_TA.json,87228126,R,70000.0,GP,3,2022-11-03
118012|2020|TA|11,118012,Sharagada,2020,TA,2020_TA.json,87228010,R,150000.0,GP,2,2022-10-05
118012|2020|TA|12,118012,Sharagada,2020,TA,2020_TA.json,87228076,R,70000.0,GP,3,2022-10-07
118012|2020|TA|13,118012,Sharagada,2020,TA,2020_TA.json,87228170,R,259326.0,GP,3,2023-07-04
118012|2021|TA|0,118012,Sharagada,2021,TA,2021_TA.json,47855518,N,,NR,NR,2021-12-28
118012|2021|TA|1,118012,Sharagada,2021,TA,2021_TA.json,47855464,N,,NR,NR,2021-12-28
118012|2021|TA|2,118012,Sharagada,2021,TA,2021_TA.json,47855560,N,,NR,NR,2021-12-28
118012|2021|TA|3,118012,Sharagada,2021,TA,2021_TA.json,47855539,N,,NR,NR,2021-12-28
118012|2021|TA|4,118012,Sharagada,2021,TA,2021_TA.json,47855486,N,,NR,NR,2021-12-28
118012|2021|TA|5,118012,Sharagada,2021,TA,2021_TA.json,56192487,R,50000.0,GP,2,2021-11-08
118012|2021|TA|6,118012,Sharagada,2021,TA,2021_TA.json,56192687,R,100395.0,GP,3,2021-09-13
118012|2021|TA|7,118012,Sharagada,2021,TA,2021_TA.json,56169082,R,200000.0,GP,3,2021-11-08
118012|2021|TA|8,118012,Sharagada,2021,TA,2021_TA.json,56169034,R,200000.0,GP,3,2021-12-02
118012|2021|TA|9,118012,Sharagada,2021,TA,2021_TA.json,56168852,R,288000.0,GP,3,2021-10-07
118012|2021|TA|10,118012,Sharagada,2021,TA,2021_TA.json,56168982,R,500000.0,GP,3,2021-11-02
118012|2021|TA|11,118012,Sharagada,2021,TA,2021_TA.json,56168872,R,80000.0,GP,3,2021-11-10
118012|2021|TA|12,118012,Sharagada,2021,TA,2021_TA.json,56168958,R,270000.0,gp,2,2021-12-02
118012|2021|TA|13,118012,Sharagada,2021,TA,2021_TA.json,56168889,R,240000.0,gp,3,2021-11-03
118012|2021|TA|14,118012,Sharagada,2021,TA,2021_TA.json,56168929,R,159197.0,GP,3,2021-12-02
118012|2021|TA|15,118012,Sharagada,2021,TA,2021_TA.json,56168881,R,251198.0,GP,2,2021-12-02
118012|2022|TA|0,118012,Sharagada,2022,TA,2022_TA.json,66671755,R,250000.0,gp,3,2022-10-17
118012|2022|TA|1,118012,Sharagada,2022,TA,2022_TA.json,66671698,R,200000.0,GP,2,2022-11-08
118012|2022|TA|2,118012,Sharagada,2022,TA,2022_TA.json,66671467,R,250000.0,GP,2,2022-09-07
118012|2022|TA|3,118012,Sharagada,2022,TA,2022_TA.json,66671957,R,400000.0,GP,5,2022-10-21
118012|2022|TA|4,118012,Sharagada,2022,TA,2022_TA.json,66671541,R,90000.0,GP,7,2022-11-08
118012|2022|TA|5,118012,Sharagada,2022,TA,2022_TA.json,66671436,R,103035.0,GP,3,2022-11-02
118012|2022|TA|6,118012,Sharagada,2022,TA,2022_TA.json,66671732,R,300000.0,GP,3,2022-09-08
118012|2022|TA|7,118012,Sharagada,2022,TA,2022_TA.json,66671294,R,200000.0,GP,3,2022-12-02
118012|2022|TA|8,118012,Sharagada,2022,TA,2022_TA.json,66671371,R,240000.0,GP,4,2022-12-06
118012|2022|TA|9,118012,Sharagada,2022,TA,2022_TA.json,66671655,R,150000.0,GP,3,2022-12-03
118012|2022|TA|10,118012,Sharagada,2022,TA,2022_TA.json,66671573,R,150000.0,GP,3,2022-12-08
118012|2022|TA|11,118012,Sharagada,2022,TA,2022_TA.json,66661960,R,192000.0,GP,3,2023-09-06
118012|2022|TA|12,118012,Sharagada,2022,TA,2022_TA.json,66671825,R,100710.0,GP,3,2022-12-08
118012|2022|TA|13,118012,Sharagada,2022,TA,2022_TA.json,66671018,R,450000.0,GP,2,2023-05-03
118012|2023|TA|0,118012,Sharagada,2023,TA,2023_TA.json,81547602,R,280000.0,GP,3,2023-04-19
118012|2023|TA|1,118012,Sharagada,2023,TA,2023_TA.json,81546328,R,240000.0,GP,4,2023-05-02
118012|2023|TA|2,118012,Sharagada,2023,TA,2023_TA.json,81546030,R,500000.0,GP,3,2023-05-05
118012|2023|TA|3,118012,Sharagada,2023,TA,2023_TA.json,81545464,R,216000.0,GP,2,2023-05-08
118012|2023|TA|4,118012,Sharagada,2023,TA,2023_TA.json,81547410,R,101723.0,GP,3,2023-06-12
118012|2023|TA|5,118012,Sharagada,2023,TA,2023_TA.json,81545864,R,65723.0,GP,3,2023-06-05
118012|2023|TA|6,118012,Sharagada,2023,TA,2023_TA.json,81552897,R,150000.0,GP,3,2023-05-04
118012|2023|TA|7,118012,Sharagada,2023,TA,2023_TA.json,81551790,R,289297.0,GP,3,2023-05-11
118012|2023|TA|8,118012,Sharagada,2023,TA,2023_TA.json,81564141,R,200000.0,GP,2,2023-05-04
118012|2023|TA|9,118012,Sharagada,2023,TA,2023_TA.json,81550908,R,500000.0,GP,2,2023-05-06
118012|2023|TA|10,118012,Sharagada,2023,TA,2023_TA.json,81557198,R,200000.0,GP,2,2023-07-04
118012|2023|TA|11,118012,Sharagada,2023,TA,2023_TA.json,81546656,R,210000.0,GP,3,2023-06-10
118012|2023|TA|12,118012,Sharagada,2023,TA,2023_TA.json,81549199,R,77241.0,GP,3,2024-07-02
118012|2023|TA|13,118012,Sharagada,2023,TA,2023_TA.json,81550346,R,272759.0,GP,3,2024-06-10
118012|2023|TA|14,118012,Sharagada,2023,TA,2023_TA.json,81558725,R,157190.0,gp,3,2024-05-04
118012|2023|TA|15,118012,Sharagada,2023,TA,2023_TA.json,81545675,R,50000.0,gp,3,2023-06-08
118012|2023|TA|16,118012,Sharagada,2023,TA,2023_TA.json,81547902,R,200000.0,GP,3,2023-07-04
118012|2023|TA|17,118012,Sharagada,2023,TA,2023_TA.json,81553710,R,160703.0,GP,3,2023-11-03
118012|2023|TA|18,118012,Sharagada,2023,TA,2023_TA.json,127284699,R,400000.0,GP,3,2025-04-02
118012|2023|TA|19,118012,Sharagada,2023,TA,2023_TA.json,127284719,R,372946.0,GP,3,2025-11-04
118012|2024|TA|0,118012,Sharagada,2024,TA,2024_TA.json,102341869,R,70000.0,gp,3,2024-04-10
118012|2024|TA|1,118012,Sharagada,2024,TA,2024_TA.json,102342385,R,293744.0,GP,2,2024-05-04
118012|2024|TA|2,118012,Sharagada,2024,TA,2024_TA.json,102342005,R,178232.0,GP,2,2024-04-06
118012|2024|TA|3,118012,Sharagada,2024,TA,2024_TA.json,102342487,R,50160.0,GP,2,2023-05-06
118012|2024|TA|4,118012,Sharagada,2024,TA,2024_TA.json,102343900,R,289297.0,GP,2,2024-04-05
118012|2024|TA|5,118012,Sharagada,2024,TA,2024_TA.json,102340851,R,381000.0,GP,2,2024-04-20
118012|2024|TA|6,118012,Sharagada,2024,TA,2024_TA.json,102342138,R,280000.0,GP,3,2023-05-03
118012|2024|TA|7,118012,Sharagada,2024,TA,2024_TA.json,102343735,R,150000.0,GP,3,2024-04-11
118012|2024|TA|8,118012,Sharagada,2024,TA,2024_TA.json,102343547,R,217893.0,GP,3,2024-05-04
118012|2024|TA|9,118012,Sharagada,2024,TA,2024_TA.json,102596404,R,65000.0,GP,3,2024-04-06
118012|2024|TA|10,118012,Sharagada,2024,TA,2024_TA.json,102342842,R,500000.0,GP,3,2024-04-05
118012|2024|TA|11,118012,Sharagada,2024,TA,2024_TA.json,102341511,R,435232.0,GP,4,2024-04-06
118012|2024|TA|12,118012,Sharagada,2024,TA,2024_TA.json,102341643,R,381000.0,GP,4,2024-04-06
118012|2024|TA|13,118012,Sharagada,2024,TA,2024_TA.json,102343408,R,200000.0,GP,3,2024-04-06
118012|2024|TA|14,118012,Sharagada,2024,TA,2024_TA.json,102342621,R,200000.0,GP,3,2025-01-04
118012|2024|TA|15,118012,Sharagada,2024,TA,2024_TA.json,102343110,R,200000.0,GP,3,2025-08-12
118012|2025|TA|0,118012,Sharagada,2025,TA,2025_TA.json,121695669,R,324000.0,GP,3,2025-11-05
118012|2025|TA|1,118012,Sharagada,2025,TA,2025_TA.json,121696320,R,200000.0,GP,3,2025-09-10
118012|2025|TA|2,118012,Sharagada,2025,TA,2025_TA.json,121695901,R,100000.0,GP,3,2025-04-12
118012|2025|TA|3,118012,Sharagada,2025,TA,2025_TA.json,126963579,R,100000.0,GP,3,2025-05-07
118012|2025|TA|4,118012,Sharagada,2025,TA,2025_TA.json,121695825,R,200000.0,GP,3,2025-05-07
118012|2025|TA|5,118012,Sharagada,2025,TA,2025_TA.json,121695506,R,426232.0,GP,3,2025-04-11
118012|2025|TA|6,118012,Sharagada,2025,TA,2025_TA.json,121695422,R,390000.0,GP,3,2025-04-05
118012|2025|TA|7,118012,Sharagada,2025,TA,2025_TA.json,121695555,R,300000.0,GP,3,2025-04-05
118012|2025|TA|8,118012,Sharagada,2025,TA,2025_TA.json,121695789,R,400000.0,GP,2,2025-04-05
118012|2025|TA|9,118012,Sharagada,2025,TA,2025_TA.json,121695457,R,65000.0,gp,5,2025-10-07
118012|2025|TA|10,118012,Sharagada,2025,TA,2025_TA.json,121695585,R,200000.0,gp,7,2025-10-07
118012|2025|TA|11,118012,Sharagada,2025,TA,2025_TA.json,121695626,R,100000.0,GP,3,2025-09-02
118012|2025|TA|12,118012,Sharagada,2025,TA,2025_TA.json,121695863,R,100000.0,GP,3,2025-09-02
118012|2025|TA|13,118012,Sharagada,2025,TA,2025_TA.json,121696208,R,200000.0,GP,3,2025-11-05
118012|2025|TA|14,118012,Sharagada,2025,TA,2025_TA.json,128411938,R,200000.0,GP,3,2026-02-03
118012|2025|TA|15,118012,Sharagada,2025,TA,2025_TA.json,128411960,R,100000.0,GP,3,2026-02-04
118012|2025|TA|16,118012,Sharagada,2025,TA,2025_TA.json,121695717,R,62476.0,GP,3,2025-12-11
118939|2020|TA|0,118939,Dutimendi,2020,TA,2020_TA.json,44220672,R,180000.0,SARPANCH,1,2021-05-01
118939|2020|TA|1,118939,Dutimendi,2020,TA,2020_TA.json,44229357,R,62350.0,SARPANCH,2,2021-05-10
118939|2020|TA|2,118939,Dutimendi,2020,TA,2020_TA.json,44229515,R,40000.0,SARPANCH,6,2021-11-01
118939|2020|TA|3,118939,Dutimendi,2020,TA,2020_TA.json,44220721,R,100000.0,SARPANCH,5,2021-11-01
118939|2020|TA|4,118939,Dutimendi,2020,TA,2020_TA.json,44229586,R,40000.0,SARPANCH,6,2021-08-01
118939|2020|TA|5,118939,Dutimendi,2020,TA,2020_TA.json,44229608,R,150000.0,SARPANCH,6,2022-01-01
118939|2020|TA|6,118939,Dutimendi,2020,TA,2020_TA.json,44229447,R,100000.0,SARPANCH,6,2022-01-01
118939|2020|TA|7,118939,Dutimendi,2020,TA,2020_TA.json,44229469,R,100000.0,SARPANCH,1,2022-07-01
118939|2020|TA|8,118939,Dutimendi,2020,TA,2020_TA.json,44229180,R,120000.0,SARPANCH,1,2023-08-07
118939|2020|TA|9,118939,Dutimendi,2020,TA,2020_TA.json,44229080,R,30000.0,SARPANCH,1,2025-03-15
118939|2020|TA|10,118939,Dutimendi,2020,TA,2020_TA.json,44229627,R,182350.0,sarpanch,5,2025-03-04
118939|2020|TA|11,118939,Dutimendi,2020,TA,2020_TA.json,44229565,R,60000.0,SARPANCH,3,2025-09-10
118939|2020|TA|12,118939,Dutimendi,2020,TA,2020_TA.json,44229496,R,100000.0,SARPANCH,5,2025-10-07
118939|2021|TA|0,118939,Dutimendi,2021,TA,2021_TA.json,48569878,R,490000.0,SARPANCH,9,2021-10-20
118939|2021|TA|1,118939,Dutimendi,2021,TA,2021_TA.json,48621117,R,100000.0,s,6,2022-01-01
118939|2021|TA|2,118939,Dutimendi,2021,TA,2021_TA.json,48566224,R,140000.0,SARPANCH,6,2022-01-01
118939|2021|TA|3,118939,Dutimendi,2021,TA,2021_TA.json,48566328,R,70000.0,SARPANCH,1,2022-05-04
118939|2021|TA|4,118939,Dutimendi,2021,TA,2021_TA.json,48567910,R,100000.0,SARPANCH,6,2022-05-01
118939|2021|TA|5,118939,Dutimendi,2021,TA,2021_TA.json,65691556,R,50000.0,SARPANCH,1,2022-10-06
118939|2021|TA|6,118939,Dutimendi,2021,TA,2021_TA.json,65691573,R,50000.0,SARPANCH,1,2022-09-01
118939|2021|TA|7,118939,Dutimendi,2021,TA,2021_TA.json,48566127,R,62350.0,SARPANCH,2,2025-04-01
118939|2021|TA|8,118939,Dutimendi,2021,TA,2021_TA.json,48568382,R,102350.0,SARPANCH,6,2025-11-04
118939|2021|TA|9,118939,Dutimendi,2021,TA,2021_TA.json,48568160,R,47331.0,SARPANCH,6,2025-12-17
118939|2021|TA|10,118939,Dutimendi,2021,TA,2021_TA.json,48568018,R,183844.0,sarpanch,7,2025-11-05
118939|2021|TA|11,118939,Dutimendi,2021,TA,2021_TA.json,48567337,R,100000.0,sarpanch,10,2025-10-02
118939|2021|TA|12,118939,Dutimendi,2021,TA,2021_TA.json,48567232,R,38825.0,sarpanch,11,2025-11-04
118939|2022|TA|0,118939,Dutimendi,2022,TA,2022_TA.json,65107516,R,309000.0,SARPANCH,1,2022-08-01
118939|2022|TA|1,118939,Dutimendi,2022,TA,2022_TA.json,65107595,R,50000.0,SARPANCH,1,2022-08-01
118939|2022|TA|2,118939,Dutimendi,2022,TA,2022_TA.json,65107549,R,15000.0,SARPANCH,1,2022-08-01
118939|2022|TA|3,118939,Dutimendi,2022,TA,2022_TA.json,65107545,R,16750.0,SARPANCH,6,2022-08-01
118939|2022|TA|4,118939,Dutimendi,2022,TA,2022_TA.json,65107271,R,50000.0,SARPANCH,1,2022-07-01
118939|2022|TA|5,118939,Dutimendi,2022,TA,2022_TA.json,65107220,R,120000.0,SARPANCH,1,2022-10-01
118939|2022|TA|6,118939,Dutimendi,2022,TA,2022_TA.json,65107478,R,87300.0,SARPANCH,1,2022-11-10
118939|2022|TA|7,118939,Dutimendi,2022,TA,2022_TA.json,65107560,R,100000.0,SARAPANCH,16,2022-08-01
118939|2022|TA|8,118939,Dutimendi,2022,TA,2022_TA.json,65107531,R,40000.0,SARAPANCH,5,2023-02-02
118939|2022|TA|9,118939,Dutimendi,2022,TA,2022_TA.json,65107587,R,37242.0,SARPANCH,1,2023-08-02
118939|2022|TA|10,118939,Dutimendi,2022,TA,2022_TA.json,65107610,R,200000.0,SARPANCH,1,2024-04-01
118939|2022|TA|11,118939,Dutimendi,2022,TA,2022_TA.json,65107605,R,100000.0,SARPANCH,1,2024-05-03
118939|2022|TA|12,118939,Dutimendi,2022,TA,2022_TA.json,65107504,R,48135.0,SARPANCH,1,2024-09-01
118939|2022|TA|13,118939,Dutimendi,2022,TA,2022_TA.json,65107525,R,100000.0,SARPANCH,1,2024-09-01
118939|2022|TA|14,118939,Dutimendi,2022,TA,2022_TA.json,65107372,R,51885.0,SARPANCH,1,2024-09-01
118939|2022|TA|15,118939,Dutimendi,2022,TA,2022_TA.json,65107485,R,12600.0,SARPANCH,1,2025-01-01
118939|2022|TA|16,118939,Dutimendi,2022,TA,2022_TA.json,65107631,R,103844.0,SARPANCH,1,2025-02-01
118939|2022|TA|17,118939,Dutimendi,2022,TA,2022_TA.json,65107591,R,200000.0,SARPANCH,1,2025-07-01
118939|2022|TA|18,118939,Dutimendi,2022,TA,2022_TA.json,65107570,R,100000.0,sarpanch,13,2025-12-08
118939|2023|TA|0,118939,Dutimendi,2023,TA,2023_TA.json,71788368,R,160000.0,SARAPANCH,4,2023-11-24
118939|2023|TA|1,118939,Dutimendi,2023,TA,2023_TA.json,82620771,R,50000.0,SARAPANCH,14,2023-12-07
118939|2023|TA|2,118939,Dutimendi,2023,TA,2023_TA.json,82594828,R,182060.0,SARPANCH,1,2023-12-01
118939|2023|TA|3,118939,Dutimendi,2023,TA,2023_TA.json,71778123,R,30000.0,SARPANCH,1,2024-05-01
118939|2023|TA|4,118939,Dutimendi,2023,TA,2023_TA.json,77189402,R,50000.0,SARPANCH,1,2024-05-01
118939|2023|TA|5,118939,Dutimendi,2023,TA,2023_TA.json,77180963,R,29100.0,SARPANCH,1,2024-05-08
118939|2023|TA|6,118939,Dutimendi,2023,TA,2023_TA.json,77189960,R,15000.0,SARPANCH,1,2025-01-01
118939|2023|TA|7,118939,Dutimendi,2023,TA,2023_TA.json,71783933,R,52410.0,SARPANCH,1,2025-06-01
118939|2023|TA|8,118939,Dutimendi,2023,TA,2023_TA.json,77179588,R,29100.0,SARPANCH,1,2025-03-01
118939|2023|TA|9,118939,Dutimendi,2023,TA,2023_TA.json,82597812,R,50000.0,SARPANCH,1,2025-04-01
118939|2023|TA|10,118939,Dutimendi,2023,TA,2023_TA.json,82620157,R,50000.0,SARPANCH,1,2025-04-01
118939|2023|TA|11,118939,Dutimendi,2023,TA,2023_TA.json,82620683,R,50000.0,SARPANCH,1,2025-04-01
118939|2023|TA|12,118939,Dutimendi,2023,TA,2023_TA.json,82620425,R,50000.0,SARPANCH,1,2025-04-01
118939|2023|TA|13,118939,Dutimendi,2023,TA,2023_TA.json,82596655,R,10000.0,SARPANCH,2,2025-03-04
118939|2023|TA|14,118939,Dutimendi,2023,TA,2023_TA.json,82619899,R,50000.0,SARPANCH,1,2025-08-01
118939|2023|TA|15,118939,Dutimendi,2023,TA,2023_TA.json,82620987,R,50000.0,sarpanch,212,2025-12-04
118939|2023|TA|16,118939,Dutimendi,2023,TA,2023_TA.json,82620887,R,50000.0,sarpanch,213,2025-12-03
118939|2023|TA|17,118939,Dutimendi,2023,TA,2023_TA.json,82620528,R,50000.0,SARPANCH,1,2025-10-15
118939|2023|TA|18,118939,Dutimendi,2023,TA,2023_TA.json,82619710,R,104000.0,Sarpanch,31,2023-12-10
118939|2023|TA|19,118939,Dutimendi,2023,TA,2023_TA.json,71791873,R,100000.0,sarpanch,1,2025-12-02
118939|2023|TA|20,118939,Dutimendi,2023,TA,2023_TA.json,71790344,R,100000.0,sarpanch,2,2025-12-02
118939|2023|TA|21,118939,Dutimendi,2023,TA,2023_TA.json,71787353,R,50000.0,sarpanch,6,2025-12-03
118939|2023|TA|22,118939,Dutimendi,2023,TA,2023_TA.json,71786781,R,50000.0,sarpanch,6,2025-12-10
118939|2023|TA|23,118939,Dutimendi,2023,TA,2023_TA.json,71784824,R,50000.0,sarpanch,7,2025-12-16
118939|2023|TA|24,118939,Dutimendi,2023,TA,2023_TA.json,77185759,R,29100.0,sarpanch,73,2025-12-02
118939|2023|TA|25,118939,Dutimendi,2023,TA,2023_TA.json,77181460,R,29100.0,sarpanch,74,2025-12-03
118939|2023|TA|26,118939,Dutimendi,2023,TA,2023_TA.json,77180319,R,29100.0,sarpanch,76,2025-12-04
118939|2023|TA|27,118939,Dutimendi,2023,TA,2023_TA.json,77190542,R,35000.0,sarpanch,78,2025-12-03
118939|2023|TA|28,118939,Dutimendi,2023,TA,2023_TA.json,82597337,R,90000.0,sarpanch,204,2025-12-03
118939|2023|TA|29,118939,Dutimendi,2023,TA,2023_TA.json,82597000,R,24000.0,sarpanch,205,2025-12-10
118939|2023|TA|30,118939,Dutimendi,2023,TA,2023_TA.json,71785907,R,200000.0,sarpanch,209,2025-12-04
118939|2023|TA|31,118939,Dutimendi,2023,TA,2023_TA.json,82621188,R,50000.0,sarpanch,210,2025-12-04
118939|2023|TA|32,118939,Dutimendi,2023,TA,2023_TA.json,82621086,R,50000.0,sarpanch,211,2025-12-04
118939|2023|TA|33,118939,Dutimendi,2023,TA,2023_TA.json,71778714,R,100000.0,sarpanch,9,2026-01-05
118939|2024|TA|0,118939,Dutimendi,2024,TA,2024_TA.json,107270771,R,70000.0,SARPANCH,1,2024-08-01
118939|2024|TA|1,118939,Dutimendi,2024,TA,2024_TA.json,99554571,R,117000.0,SARPANCH,1,2024-07-01
118939|2024|TA|2,118939,Dutimendi,2024,TA,2024_TA.json,99554880,R,300000.0,SARPANCH,1,2024-08-01
118939|2024|TA|3,118939,Dutimendi,2024,TA,2024_TA.json,107151089,R,4860.0,SARPANCH,1,2025-01-01
118939|2024|TA|4,118939,Dutimendi,2024,TA,2024_TA.json,107151122,R,4860.0,SARPANCH,1,2025-01-01
118939|2024|TA|5,118939,Dutimendi,2024,TA,2024_TA.json,107151144,R,4860.0,SARPANCH,1,2025-01-01
118939|2024|TA|6,118939,Dutimendi,2024,TA,2024_TA.json,107151164,R,4860.0,SARPANCH,1,2025-01-01
118939|2024|TA|7,118939,Dutimendi,2024,TA,2024_TA.json,107151191,R,4860.0,SARPANCH,1,2025-01-01
118939|2024|TA|8,118939,Dutimendi,2024,TA,2024_TA.json,99710086,R,50000.0,SARPANCH,1,2025-01-01
118939|2024|TA|9,118939,Dutimendi,2024,TA,2024_TA.json,99709913,R,50000.0,SARPANCH,1,2025-01-01
118939|2024|TA|10,118939,Dutimendi,2024,TA,2024_TA.json,99709542,R,50000.0,SARPANCH,1,2025-01-01
118939|2024|TA|11,118939,Dutimendi,2024,TA,2024_TA.json,99709180,R,50000.0,SARPANCH,1,2025-01-01
118939|2024|TA|12,118939,Dutimendi,2024,TA,2024_TA.json,107151394,R,22000.0,SARPANCH,1,2025-08-01
118939|2024|TA|13,118939,Dutimendi,2024,TA,2024_TA.json,99712850,R,200000.0,SARAPANCH,1,2025-02-18
118939|2024|TA|14,118939,Dutimendi,2024,TA,2024_TA.json,99707524,R,102756.0,2,Sarapacnh,2025-02-26
118939|2024|TA|15,118939,Dutimendi,2024,TA,2024_TA.json,99710276,R,100000.0,Sarapanch,3,2025-02-10
118939|2024|TA|16,118939,Dutimendi,2024,TA,2024_TA.json,99709700,R,50000.0,Sarpanch,4,2025-02-10
118939|2024|TA|17,118939,Dutimendi,2024,TA,2024_TA.json,99709354,R,50000.0,Sarapanch,5,2025-03-10
118939|2024|TA|18,118939,Dutimendi,2024,TA,2024_TA.json,99708661,R,50000.0,Sarapanch,7,2025-02-10
118939|2024|TA|19,118939,Dutimendi,2024,TA,2024_TA.json,99708342,R,50000.0,Sarapanch,7,2025-02-10
118939|2024|TA|20,118939,Dutimendi,2024,TA,2024_TA.json,99708144,R,50000.0,Sarapanch,8,2025-02-10
118939|2024|TA|21,118939,Dutimendi,2024,TA,2024_TA.json,99713042,R,124044.0,Sarapanch,9,2025-02-10
118939|2024|TA|22,118939,Dutimendi,2024,TA,2024_TA.json,99712665,R,70000.0,Sarapanch,10,2025-02-10
118939|2024|TA|23,118939,Dutimendi,2024,TA,2024_TA.json,99712487,R,70000.0,Sarapanch,11,2025-02-10
118939|2024|TA|24,118939,Dutimendi,2024,TA,2024_TA.json,99711777,R,70000.0,Sarapanch,12,2025-02-10
118939|2024|TA|25,118939,Dutimendi,2024,TA,2024_TA.json,99710543,R,200000.0,Sarapanch,14,2025-02-10
118939|2024|TA|26,118939,Dutimendi,2024,TA,2024_TA.json,107151441,R,15000.0,SARPANCH,1,2025-07-14
118939|2024|TA|27,118939,Dutimendi,2024,TA,2024_TA.json,99555327,R,300000.0,sarpanch,44,2026-01-02
118939|2024|TA|28,118939,Dutimendi,2024,TA,2024_TA.json,107163708,R,29100.0,sarpanch,95,2025-12-03
118939|2024|TA|29,118939,Dutimendi,2024,TA,2024_TA.json,107151284,R,60420.0,sarpanch,117,2025-12-03
118939|2024|TA|30,118939,Dutimendi,2024,TA,2024_TA.json,107163810,R,29100.0,sarpanch,93,2025-12-10
118939|2024|TA|31,118939,Dutimendi,2024,TA,2024_TA.json,107163799,R,29100.0,sarpanch,94,2025-12-04
118939|2024|TA|32,118939,Dutimendi,2024,TA,2024_TA.json,99556218,R,42567.0,Sarpanch,43,2025-12-10
118939|2025|TA|0,118939,Dutimendi,2025,TA,2025_TA.json,114486227,R,42000.0,SARPANCH,1,2025-06-01
118939|2025|TA|1,118939,Dutimendi,2025,TA,2025_TA.json,114482331,R,117000.0,SARPANCH,1,2025-09-01
118939|2025|TA|2,118939,Dutimendi,2025,TA,2025_TA.json,114480358,R,300000.0,SARPANCH,1,2025-12-01
118939|2025|TA|3,118939,Dutimendi,2025,TA,2025_TA.json,117130546,R,100000.0,sarpanch,22,2025-12-18
118939|2025|TA|4,118939,Dutimendi,2025,TA,2025_TA.json,117134081,R,50000.0,sarpanch,29,2026-01-05
118939|2025|TA|5,118939,Dutimendi,2025,TA,2025_TA.json,117129679,R,121044.0,sarpanch,20,2026-01-02
118939|2025|TA|6,118939,Dutimendi,2025,TA,2025_TA.json,114484467,R,30567.0,sarpanch,16,2025-12-10
118939|2025|TA|7,118939,Dutimendi,2025,TA,2025_TA.json,114489608,R,100000.0,sarpanch,5,2025-12-16
118939|2025|TA|8,118939,Dutimendi,2025,TA,2025_TA.json,116939380,R,300000.0,sarpanch,7,2025-12-02
118939|2025|TA|9,118939,Dutimendi,2025,TA,2025_TA.json,116944306,R,30217.0,sarpanch,16,2025-12-08
118939|2025|TA|10,118939,Dutimendi,2025,TA,2025_TA.json,117125903,R,300000.0,sarpanch,17,2025-12-24
118939|2025|TA|11,118939,Dutimendi,2025,TA,2025_TA.json,117126175,R,300000.0,sarpanch,18,2025-12-02
118939|2025|TA|12,118939,Dutimendi,2025,TA,2025_TA.json,117126878,R,52750.0,sarpanch,19,2025-12-02
118939|2025|TA|13,118939,Dutimendi,2025,TA,2025_TA.json,117130103,R,100000.0,sarpanch,21,2025-12-02
118939|2025|TA|14,118939,Dutimendi,2025,TA,2025_TA.json,117131013,R,50000.0,sarpanch,23,2025-12-09
118939|2025|TA|15,118939,Dutimendi,2025,TA,2025_TA.json,117131915,R,50000.0,sarpanch,24,2025-12-03
118939|2025|TA|16,118939,Dutimendi,2025,TA,2025_TA.json,117133108,R,50000.0,sarpanch,25,2025-12-02
118939|2025|TA|17,118939,Dutimendi,2025,TA,2025_TA.json,117133605,R,50000.0,sarpanch,26,2025-12-02
118939|2025|TA|18,118939,Dutimendi,2025,TA,2025_TA.json,117133377,R,50000.0,sarpanch,27,2025-12-02
118939|2025|TA|19,118939,Dutimendi,2025,TA,2025_TA.json,117133847,R,50000.0,sarpanch,28,2025-12-03
118939|2025|TA|20,118939,Dutimendi,2025,TA,2025_TA.json,117132339,R,50000.0,sarpanch,35,2025-12-03
118939|2025|TA|21,118939,Dutimendi,2025,TA,2025_TA.json,120768069,R,29100.0,sarpanch,80,2025-12-02
118939|2025|TA|22,118939,Dutimendi,2025,TA,2025_TA.json,120768562,R,56000.0,sarpanch,81,2025-12-03
118939|2025|TA|23,118939,Dutimendi,2025,TA,2025_TA.json,120767246,R,50000.0,sarpanch,84,2025-12-02
118939|2025|TA|24,118939,Dutimendi,2025,TA,2025_TA.json,120794463,R,150000.0,sarpanch,105,2025-12-03
118939|2025|TA|25,118939,Dutimendi,2025,TA,2025_TA.json,120794631,R,150000.0,sarpanch,106,2025-12-08
119598|2020|TA|0,119598,Andhrua,2020,TA,2020_TA.json,44402522,R,181896.0,JE,1,2021-04-12
119598|2020|TA|1,119598,Andhrua,2020,TA,2020_TA.json,44403497,R,150000.0,JE,12,2021-04-01
119598|2020|TA|2,119598,Andhrua,2020,TA,2020_TA.json,44402591,R,200000.0,JE,3,2021-05-01
119598|2020|TA|3,119598,Andhrua,2020,TA,2020_TA.json,44402904,R,398955.0,JE,3,2021-04-02
119598|2020|TA|4,119598,Andhrua,2020,TA,2020_TA.json,44402828,R,250000.0,JE,4,2021-04-01
119598|2020|TA|5,119598,Andhrua,2020,TA,2020_TA.json,44403402,R,200000.0,JE,5,2021-04-01
119598|2020|TA|6,119598,Andhrua,2020,TA,2020_TA.json,44403130,R,100000.0,JE,1,2021-04-01
119598|2020|TA|7,119598,Andhrua,2020,TA,2020_TA.json,44402043,R,500000.0,Sarapancha,2,2021-01-01
119598|2020|TA|8,119598,Andhrua,2020,TA,2020_TA.json,44403211,R,495000.0,Sarapancha,2,2020-08-20
119598|2020|TA|9,119598,Andhrua,2020,TA,2020_TA.json,44401335,R,180851.0,Sarapancha,10,2021-01-01
119598|2020|TA|10,119598,Andhrua,2020,TA,2020_TA.json,44403269,R,40952.0,SARAPANCHA,14,2020-08-15
119598|2020|TA|11,119598,Andhrua,2020,TA,2020_TA.json,44402404,R,400000.0,Sarapancha,1,2020-07-01
119598|2020|TA|12,119598,Andhrua,2020,TA,2020_TA.json,44402301,R,400000.0,Sarapancha,3,2023-05-02
119598|2021|TA|0,119598,Andhrua,2021,TA,2021_TA.json,47863310,R,450000.0,JE,10,2022-03-09
119598|2021|TA|1,119598,Andhrua,2021,TA,2021_TA.json,47380387,R,200000.0,JE,2,2022-07-15
119598|2021|TA|2,119598,Andhrua,2021,TA,2021_TA.json,47384873,R,80000.0,JE,3,2022-09-01
119598|2021|TA|3,119598,Andhrua,2021,TA,2021_TA.json,47383466,R,100000.0,JE,4,2022-09-27
119598|2021|TA|4,119598,Andhrua,2021,TA,2021_TA.json,47385789,R,100000.0,JE,5,2022-10-12
119598|2021|TA|5,119598,Andhrua,2021,TA,2021_TA.json,47383102,R,70000.0,JE,6,2022-11-01
119598|2021|TA|6,119598,Andhrua,2021,TA,2021_TA.json,47385999,R,100000.0,JE,8,2022-11-24
119598|2021|TA|7,119598,Andhrua,2021,TA,2021_TA.json,47385336,R,85000.0,JE,7,2022-11-24
119598|2021|TA|8,119598,Andhrua,2021,TA,2021_TA.json,49001402,R,90000.0,JE,9,2022-12-21
119598|2021|TA|9,119598,Andhrua,2021,TA,2021_TA.json,47380271,R,200000.0,JE,11,2023-02-28
119598|2021|TA|10,119598,Andhrua,2021,TA,2021_TA.json,47384658,R,90000.0,JE,10,2023-02-28
119598|2021|TA|11,119598,Andhrua,2021,TA,2021_TA.json,47380104,R,45000.0,Sarapancha,15,2021-08-11
119598|2021|TA|12,119598,Andhrua,2021,TA,2021_TA.json,47379250,R,100000.0,Sarapancha,10,2022-01-01
119598|2021|TA|13,119598,Andhrua,2021,TA,2021_TA.json,47379391,R,400000.0,Sarapancha,11,2022-01-01
119598|2021|TA|14,119598,Andhrua,2021,TA,2021_TA.json,47863116,R,12428.0,Sarapancha,12,2022-01-01
119598|2021|TA|15,119598,Andhrua,2021,TA,2021_TA.json,47863172,R,100000.0,Sarapancha,12,2022-01-01
119598|2021|TA|16,119598,Andhrua,2021,TA,2021_TA.json,47383253,R,100000.0,Sarapancha,11,2021-10-02
119598|2021|TA|17,119598,Andhrua,2021,TA,2021_TA.json,47379796,R,40952.0,Sarapancha,3,2021-05-02
119598|2022|TA|0,119598,Andhrua,2022,TA,2022_TA.json,60840977,R,400000.0,JE,1,2022-07-01
119598|2022|TA|1,119598,Andhrua,2022,TA,2022_TA.json,65618300,R,60000.0,JE,2,2023-01-02
119598|2022|TA|2,119598,Andhrua,2022,TA,2022_TA.json,65619548,R,150000.0,JE,7,2023-02-28
119598|2022|TA|3,119598,Andhrua,2022,TA,2022_TA.json,65618474,R,51000.0,JE,4,2023-02-28
119598|2022|TA|4,119598,Andhrua,2022,TA,2022_TA.json,65618114,R,20000.0,JE,5,2023-02-28
119598|2022|TA|5,119598,Andhrua,2022,TA,2022_TA.json,65618394,R,37500.0,je,2,2023-02-28
119598|2022|TA|6,119598,Andhrua,2022,TA,2022_TA.json,65618784,R,828796.0,JE,6,2023-02-28
119598|2022|TA|7,119598,Andhrua,2022,TA,2022_TA.json,65618024,R,100000.0,JE,10,2023-03-14
119598|2022|TA|8,119598,Andhrua,2022,TA,2022_TA.json,65618185,R,90000.0,JE,11,2023-04-10
119598|2022|TA|9,119598,Andhrua,2022,TA,2022_TA.json,60522491,R,472500.0,JE,12,2023-04-10
119598|2022|TA|10,119598,Andhrua,2022,TA,2022_TA.json,60520967,R,100000.0,JE,11,2023-05-01
119598|2022|TA|11,119598,Andhrua,2022,TA,2022_TA.json,82599708,R,39480.0,JE,11,2023-06-18
119598|2022|TA|12,119598,Andhrua,2022,TA,2022_TA.json,82599468,R,37440.0,JE,12,2023-06-18
119598|2022|TA|13,119598,Andhrua,2022,TA,2022_TA.json,65618526,R,150320.0,JE,12,2023-09-06
119598|2022|TA|14,119598,Andhrua,2022,TA,2022_TA.json,65617848,R,8000.0,JE,15,2023-10-01
119598|2022|TA|15,119598,Andhrua,2022,TA,2022_TA.json,60522812,R,40952.0,JE,16,2023-10-03
119598|2022|TA|16,119598,Andhrua,2022,TA,2022_TA.json,65618843,R,105000.0,Sarapancha,16,2022-09-21
119598|2022|TA|17,119598,Andhrua,2022,TA,2022_TA.json,65617756,R,92000.0,Sarapancha,13,2023-01-01
119598|2022|TA|18,119598,Andhrua,2022,TA,2022_TA.json,60840924,R,100347.0,Sarapancha,14,2022-01-01
119598|2022|TA|19,119598,Andhrua,2022,TA,2022_TA.json,65618551,R,70000.0,Sarapancha,2,2022-08-15
119598|2022|TA|20,119598,Andhrua,2022,TA,2022_TA.json,65618941,R,322500.0,Sarapancha,10,2022-08-15
119598|2023|TA|0,119598,Andhrua,2023,TA,2023_TA.json,78984227,R,100000.0,JE,1,2024-02-02
119598|2023|TA|1,119598,Andhrua,2023,TA,2023_TA.json,78986775,R,558498.0,JE,1,2024-02-02
119598|2023|TA|2,119598,Andhrua,2023,TA,2023_TA.json,68169971,R,35000.0,JE,1,2024-02-02
119598|2023|TA|3,119598,Andhrua,2023,TA,2023_TA.json,79683614,R,150000.0,Sarapancha,50,2023-10-27
119598|2023|TA|4,119598,Andhrua,2023,TA,2023_TA.json,68170335,R,300000.0,Sarapancha,3,2023-04-01
119598|2023|TA|5,119598,Andhrua,2023,TA,2023_TA.json,77518368,R,3500.0,SARAPANCHA,16,2024-05-02
119598|2023|TA|6,119598,Andhrua,2023,TA,2023_TA.json,77520595,R,3500.0,SARAPANCHA,19,2024-05-02
119598|2023|TA|7,119598,Andhrua,2023,TA,2023_TA.json,77519060,R,3500.0,SARAPANCHA,17,2024-05-02
119598|2023|TA|8,119598,Andhrua,2023,TA,2023_TA.json,77424542,R,3500.0,SARAPANCHA,7,2024-05-02
119598|2023|TA|9,119598,Andhrua,2023,TA,2023_TA.json,77521079,R,3500.0,SARAPANCHA,20,2024-05-02
119598|2023|TA|10,119598,Andhrua,2023,TA,2023_TA.json,77519513,R,3500.0,SARAPANCHA,18,2024-05-02
119598|2023|TA|11,119598,Andhrua,2023,TA,2023_TA.json,77426859,R,3500.0,SARAPANCHA,8,2024-05-02
119598|2023|TA|12,119598,Andhrua,2023,TA,2023_TA.json,77531540,R,3500.0,SARAPANCHA,41,2024-05-02
119598|2023|TA|13,119598,Andhrua,2023,TA,2023_TA.json,77531030,R,3500.0,SARAPANCHA,40,2024-05-02
119598|2023|TA|14,119598,Andhrua,2023,TA,2023_TA.json,77525044,R,3500.0,SARAPANCHA,28,2024-05-02
119598|2023|TA|15,119598,Andhrua,2023,TA,2023_TA.json,77529779,R,3500.0,SARAPANCHA,38,2024-05-02
119598|2023|TA|16,119598,Andhrua,2023,TA,2023_TA.json,77515397,R,3500.0,SARAPANCHA,13,2024-05-02
119598|2023|TA|17,119598,Andhrua,2023,TA,2023_TA.json,77525455,R,3500.0,SARAPANCHA,29,2024-05-02
119598|2023|TA|18,119598,Andhrua,2023,TA,2023_TA.json,77525882,R,3500.0,SARAPANCHA,30,2024-05-02
119598|2023|TA|19,119598,Andhrua,2023,TA,2023_TA.json,77530492,R,3500.0,SARAPANCHA,39,2024-05-02
119598|2023|TA|20,119598,Andhrua,2023,TA,2023_TA.json,77526292,R,3500.0,SARAPANCHA,31,2024-05-02
119598|2023|TA|21,119598,Andhrua,2023,TA,2023_TA.json,77526804,R,3500.0,SARAPANCHA,32,2024-05-02
119598|2023|TA|22,119598,Andhrua,2023,TA,2023_TA.json,77516168,R,3500.0,SARAPANCHA,14,2024-05-02
119598|2023|TA|23,119598,Andhrua,2023,TA,2023_TA.json,77527280,R,3500.0,SARAPANCHA,33,2024-05-02
119598|2023|TA|24,119598,Andhrua,2023,TA,2023_TA.json,77527740,R,3500.0,SARAPANCHA,34,2024-05-02
119598|2023|TA|25,119598,Andhrua,2023,TA,2023_TA.json,77517014,R,3500.0,SARAPANCHA,15,2024-05-02
119598|2023|TA|26,119598,Andhrua,2023,TA,2023_TA.json,77528122,R,3500.0,SARAPANCHA,35,2024-05-02
119598|2023|TA|27,119598,Andhrua,2023,TA,2023_TA.json,77528698,R,3500.0,SARAPANCHA,36,2024-05-02
119598|2023|TA|28,119598,Andhrua,2023,TA,2023_TA.json,77529339,R,3500.0,SARAPANCHA,37,2024-05-02
119598|2023|TA|29,119598,Andhrua,2023,TA,2023_TA.json,77524606,R,3500.0,Sarapancha,27,2025-07-02
119598|2023|TA|30,119598,Andhrua,2023,TA,2023_TA.json,77523615,R,3500.0,Sarapancha,25,2025-05-02
119598|2023|TA|31,119598,Andhrua,2023,TA,2023_TA.json,77524065,R,3500.0,Sarapancha,26,2025-07-02
119598|2023|TA|32,119598,Andhrua,2023,TA,2023_TA.json,77521523,R,3500.0,Sarapancha,21,2024-05-02
119598|2023|TA|33,119598,Andhrua,2023,TA,2023_TA.json,77522050,R,3500.0,Sarapancha,22,2024-05-02
119598|2023|TA|34,119598,Andhrua,2023,TA,2023_TA.json,77522469,R,3500.0,Sarapancha,23,2024-05-02
119598|2023|TA|35,119598,Andhrua,2023,TA,2023_TA.json,77523156,R,3500.0,Sarapancha,24,2024-05-02
119598|2023|TA|36,119598,Andhrua,2023,TA,2023_TA.json,79690140,R,100000.0,SARAPANCHA,51,2023-10-01
119598|2023|TA|37,119598,Andhrua,2023,TA,2023_TA.json,79692594,R,40000.0,SARAPANCHA,53,2023-10-02
119598|2023|TA|38,119598,Andhrua,2023,TA,2023_TA.json,77533115,R,57340.0,SARAPANCHA,42,2023-10-02
119598|2023|TA|39,119598,Andhrua,2023,TA,2023_TA.json,77533499,R,45540.0,SARAPANCHA,43,2023-10-02
119598|2023|TA|40,119598,Andhrua,2023,TA,2023_TA.json,77532586,R,47440.0,SARAPANCHA,41,2023-10-02
119598|2023|TA|41,119598,Andhrua,2023,TA,2023_TA.json,68170440,R,185952.0,SARAPANCHA,5,2023-10-02
119598|2023|TA|42,119598,Andhrua,2023,TA,2023_TA.json,79673404,R,50000.0,Sarapancha,52,2023-08-15
119598|2023|TA|43,119598,Andhrua,2023,TA,2023_TA.json,78976833,R,257678.0,Sarapancha,46,2023-08-15
119598|2023|TA|44,119598,Andhrua,2023,TA,2023_TA.json,78990166,R,100000.0,Sarapancha,52,2023-08-15
119598|2023|TA|45,119598,Andhrua,2023,TA,2023_TA.json,79676639,R,200000.0,Sarapancha,54,2023-08-16
119598|2023|TA|46,119598,Andhrua,2023,TA,2023_TA.json,79691022,R,60000.0,Sarapancha,37,2023-08-15
119598|2023|TA|47,119598,Andhrua,2023,TA,2023_TA.json,78985565,R,50000.0,Sarapancha,2,2023-08-15
119598|2023|TA|48,119598,Andhrua,2023,TA,2023_TA.json,79700601,R,233796.0,Sarapancha,35,2023-05-02
119598|2023|TA|49,119598,Andhrua,2023,TA,2023_TA.json,68170204,R,150000.0,Sarapancha,40,2023-05-02
119598|2023|TA|50,119598,Andhrua,2023,TA,2023_TA.json,77332331,R,34320.0,Sarapancha,11,2023-05-02
119598|2023|TA|51,119598,Andhrua,2023,TA,2023_TA.json,77421402,R,39420.0,Sarapancha,6,2023-05-02
119598|2023|TA|52,119598,Andhrua,2023,TA,2023_TA.json,77449988,R,31260.0,Sarapancha,9,2023-05-02
119598|2024|TA|0,119598,Andhrua,2024,TA,2024_TA.json,101688899,R,50000.0,SARAPANCHA,3,2024-05-02
119598|2024|TA|1,119598,Andhrua,2024,TA,2024_TA.json,102130303,R,235952.0,SARAPANCHA,37,2024-05-02
119598|2024|TA|2,119598,Andhrua,2024,TA,2024_TA.json,102119617,R,100000.0,Sarapancha,32,2024-08-15
119598|2024|TA|3,119598,Andhrua,2024,TA,2024_TA.json,102121492,R,100000.0,Sarapancha,33,2024-08-15
119598|2024|TA|4,119598,Andhrua,2024,TA,2024_TA.json,102126022,R,200000.0,Sarapancha,34,2024-08-15
119598|2024|TA|5,119598,Andhrua,2024,TA,2024_TA.json,102117530,R,100000.0,Sarapancha,31,2024-08-15
119598|2024|TA|6,119598,Andhrua,2024,TA,2024_TA.json,102097739,R,300000.0,Sarapancha,27,2024-08-15
119598|2024|TA|7,119598,Andhrua,2024,TA,2024_TA.json,101691919,R,114672.0,Sarapancha,4,2024-08-15
119598|2024|TA|8,119598,Andhrua,2024,TA,2024_TA.json,102096768,R,200000.0,Sarapancha,26,2024-07-01
119598|2024|TA|9,119598,Andhrua,2024,TA,2024_TA.json,102099266,R,200000.0,Sarapancha,28,2024-05-01
119598|2024|TA|10,119598,Andhrua,2024,TA,2024_TA.json,102113870,R,100000.0,Sarapancha,30,2024-04-15
119598|2024|TA|11,119598,Andhrua,2024,TA,2024_TA.json,101679536,R,186000.0,SARAPANCHA,1,2024-05-02
119598|2024|TA|12,119598,Andhrua,2024,TA,2024_TA.json,101700336,R,180000.0,Sarapancha,10,2024-05-02
119598|2024|TA|13,119598,Andhrua,2024,TA,2024_TA.json,102128088,R,100000.0,Sarapancha,35,2025-05-02
119598|2024|TA|14,119598,Andhrua,2024,TA,2024_TA.json,101745219,R,270672.0,SARAPANCHA,28,2025-05-02
119598|2024|TA|15,119598,Andhrua,2024,TA,2024_TA.json,101682166,R,200000.0,SARAPANCHA,53,2024-05-02
119598|2024|TA|16,119598,Andhrua,2024,TA,2024_TA.json,102095355,R,100896.0,SARAPANCHA,25,2024-05-02
119598|2024|TA|17,119598,Andhrua,2024,TA,2024_TA.json,102104527,R,200000.0,SARAPANCHA,29,2024-05-02
119598|2025|TA|0,119598,Andhrua,2025,TA,2025_TA.json,122408190,R,201672.0,SARAPANCHA,9,2025-05-02
119598|2025|TA|1,119598,Andhrua,2025,TA,2025_TA.json,122785257,R,150000.0,Sarapancha,25,2025-05-02
119598|2025|TA|2,119598,Andhrua,2025,TA,2025_TA.json,122776363,R,200000.0,Sarapancha,23,2025-05-02
119598|2025|TA|3,119598,Andhrua,2025,TA,2025_TA.json,122790071,R,85952.0,Sarapancha,23,2025-05-02
119598|2025|TA|4,119598,Andhrua,2025,TA,2025_TA.json,122792846,R,150000.0,Sarapancha,2,2025-05-02
119598|2025|TA|5,119598,Andhrua,2025,TA,2025_TA.json,122494657,R,100000.0,Sarapancha,21,2025-05-02
119598|2025|TA|6,119598,Andhrua,2025,TA,2025_TA.json,122511991,R,150000.0,Sarapancha,22,2025-05-02
119598|2025|TA|7,119598,Andhrua,2025,TA,2025_TA.json,127377934,R,200000.0,Sarapancha,1,2025-11-30
119598|2025|TA|8,119598,Andhrua,2025,TA,2025_TA.json,127378005,R,150000.0,Sarapancha,2,2025-11-30
119598|2025|TA|9,119598,Andhrua,2025,TA,2025_TA.json,122778951,R,200000.0,SARAPANCHA,25,2025-05-02
119598|2025|TA|10,119598,Andhrua,2025,TA,2025_TA.json,122463524,R,1501896.0,SARAPANCHA,26,2025-05-02
119598|2025|TA|11,119598,Andhrua,2025,TA,2025_TA.json,122887323,R,150000.0,SARAPANCHA,27,2026-01-02
119598|2025|TA|12,119598,Andhrua,2025,TA,2025_TA.json,122426822,R,60000.0,SARAPANCHA,15,2025-05-02
119598|2025|TA|13,119598,Andhrua,2025,TA,2025_TA.json,122432907,R,100672.0,SARAPANCHA,4,2025-05-02
119598|2025|TA|14,119598,Andhrua,2025,TA,2025_TA.json,122434551,R,50000.0,SARAPANCHA,6,2025-05-02
119598|2025|TA|15,119598,Andhrua,2025,TA,2025_TA.json,122405738,R,25000.0,SARAPANCHA,8,2025-05-02
119598|2025|TA|16,119598,Andhrua,2025,TA,2025_TA.json,122433890,R,140000.0,SARAPANCHA,5,2025-05-02
119598|2025|TA|17,119598,Andhrua,2025,TA,2025_TA.json,122403174,R,300000.0,SARAPANCHA,1,2025-05-02
119598|2025|TA|18,119598,Andhrua,2025,TA,2025_TA.json,122431817,R,160000.0,SARAPANCHA,2,2025-05-02
119598|2025|TA|19,119598,Andhrua,2025,TA,2025_TA.json,122425822,R,84000.0,SARAPANCHA,14,2025-05-02
119599|2020|TA|0,119599,Barimunda,2020,TA,2020_TA.json,44407259,R,165772.0,JE,11,2021-02-28
119599|2020|TA|1,119599,Barimunda,2020,TA,2020_TA.json,44407397,R,100000.0,JE,12,2021-02-28
119599|2020|TA|2,119599,Barimunda,2020,TA,2020_TA.json,44407652,R,143074.0,JE,4,2021-01-18
119599|2020|TA|3,119599,Barimunda,2020,TA,2020_TA.json,44407552,R,200000.0,JE,5,2021-01-18
119599|2020|TA|4,119599,Barimunda,2020,TA,2020_TA.json,44407575,R,200000.0,JE,6,2021-01-18
119599|2020|TA|5,119599,Barimunda,2020,TA,2020_TA.json,44407424,R,100000.0,JE,7,2021-01-18
119599|2020|TA|6,119599,Barimunda,2020,TA,2020_TA.json,44407309,R,200000.0,JE,8,2021-01-18
119599|2020|TA|7,119599,Barimunda,2020,TA,2020_TA.json,44407589,R,100000.0,JE,1,2021-04-01
119599|2020|TA|8,119599,Barimunda,2020,TA,2020_TA.json,44406995,R,200000.0,JE,2,2020-04-01
119599|2020|TA|9,119599,Barimunda,2020,TA,2020_TA.json,44407503,R,250000.0,JE,15,2021-02-28
119599|2020|TA|10,119599,Barimunda,2020,TA,2020_TA.json,44407621,R,100000.0,JE,18,2021-02-28
119599|2020|TA|11,119599,Barimunda,2020,TA,2020_TA.json,44407463,R,165772.0,JE,13,2021-02-28
119599|2020|TA|12,119599,Barimunda,2020,TA,2020_TA.json,44407529,R,150000.0,je,16,2021-02-28
119599|2020|TA|13,119599,Barimunda,2020,TA,2020_TA.json,44407447,R,100000.0,je,14,2021-02-20
119599|2020|TA|14,119599,Barimunda,2020,TA,2020_TA.json,44407600,R,200000.0,je,1,2025-03-06
119599|2020|TA|15,119599,Barimunda,2020,TA,2020_TA.json,44407634,R,100000.0,je,1,2026-01-05
119599|2021|TA|0,119599,Barimunda,2021,TA,2021_TA.json,47461283,R,200000.0,JE,3,2021-04-01
119599|2021|TA|1,119599,Barimunda,2021,TA,2021_TA.json,47458542,R,200000.0,JE,44,2021-11-22
119599|2021|TA|2,119599,Barimunda,2021,TA,2021_TA.json,47458890,R,100000.0,je,46,2021-11-22
119599|2021|TA|3,119599,Barimunda,2021,TA,2021_TA.json,47457628,R,382886.0,JE,3,2022-05-27
119599|2021|TA|4,119599,Barimunda,2021,TA,2021_TA.json,47460951,R,100000.0,JE,1,2022-04-01
119599|2021|TA|5,119599,Barimunda,2021,TA,2021_TA.json,47458102,R,200000.0,JE,43,2021-11-22
119599|2021|TA|6,119599,Barimunda,2021,TA,2021_TA.json,47459179,R,100000.0,je,47,2021-11-22
119599|2021|TA|7,119599,Barimunda,2021,TA,2021_TA.json,47460617,R,88198.0,je,52,2021-11-22
119599|2021|TA|8,119599,Barimunda,2021,TA,2021_TA.json,47461466,R,43074.0,je,1,2023-06-01
119599|2021|TA|9,119599,Barimunda,2021,TA,2021_TA.json,47461606,R,200000.0,je,54,2021-11-22
119599|2021|TA|10,119599,Barimunda,2021,TA,2021_TA.json,47584522,R,32886.0,SARAPANCH,57,2024-09-02
119599|2021|TA|11,119599,Barimunda,2021,TA,2021_TA.json,47460413,R,200000.0,je,11,2024-10-01
119599|2021|TA|12,119599,Barimunda,2021,TA,2021_TA.json,47457894,R,100000.0,je,1,2025-03-20
119599|2022|TA|0,119599,Barimunda,2022,TA,2022_TA.json,65414863,R,50000.0,je,22,2022-07-30
119599|2022|TA|1,119599,Barimunda,2022,TA,2022_TA.json,65414580,R,200000.0,je,21,2022-07-30
119599|2022|TA|2,119599,Barimunda,2022,TA,2022_TA.json,60641482,R,500000.0,je,20,2022-07-30
119599|2022|TA|3,119599,Barimunda,2022,TA,2022_TA.json,65413542,R,101680.0,ae,65413542,2022-04-12
119599|2022|TA|4,119599,Barimunda,2022,TA,2022_TA.json,65413459,R,60000.0,je,24,2022-07-30
119599|2022|TA|5,119599,Barimunda,2022,TA,2022_TA.json,65413701,R,35000.0,je,1,2023-10-01
119599|2022|TA|6,119599,Barimunda,2022,TA,2022_TA.json,65422052,R,100000.0,je,1,2023-10-01
119599|2022|TA|7,119599,Barimunda,2022,TA,2022_TA.json,65414707,R,70000.0,je,30,2022-07-30
119599|2022|TA|8,119599,Barimunda,2022,TA,2022_TA.json,65414012,R,12000.0,je,1,2023-10-01
119599|2022|TA|9,119599,Barimunda,2022,TA,2022_TA.json,65414224,R,17624.0,je,1,2023-06-01
119599|2022|TA|10,119599,Barimunda,2022,TA,2022_TA.json,65411823,R,360744.0,je,1,2022-04-01
119599|2022|TA|11,119599,Barimunda,2022,TA,2022_TA.json,65414532,R,8992.0,je,1,2022-04-01
119599|2022|TA|12,119599,Barimunda,2022,TA,2022_TA.json,60640448,R,96000.0,je,1,2022-04-01
119599|2022|TA|13,119599,Barimunda,2022,TA,2022_TA.json,65414644,R,150000.0,je,1,2023-06-21
119599|2022|TA|14,119599,Barimunda,2022,TA,2022_TA.json,65414622,R,150000.0,je,1,2025-07-27
119599|2022|TA|15,119599,Barimunda,2022,TA,2022_TA.json,65413919,R,100000.0,je,1,2025-05-01
119599|2022|TA|16,119599,Barimunda,2022,TA,2022_TA.json,65413792,R,30000.0,je,1,2025-05-01
119599|2023|TA|0,119599,Barimunda,2023,TA,2023_TA.json,79962791,R,200000.0,je,1,2023-10-01
119599|2023|TA|1,119599,Barimunda,2023,TA,2023_TA.json,75998904,R,366060.0,je,1,2023-10-01
119599|2023|TA|2,119599,Barimunda,2023,TA,2023_TA.json,79957032,R,100000.0,je,1,2023-04-01
119599|2023|TA|3,119599,Barimunda,2023,TA,2023_TA.json,75998669,R,96000.0,je,1,2023-04-01
119599|2023|TA|4,119599,Barimunda,2023,TA,2023_TA.json,79954369,R,500000.0,je,1,2024-03-01
119599|2023|TA|5,119599,Barimunda,2023,TA,2023_TA.json,79965294,R,150000.0,je,1,2024-11-01
119599|2023|TA|6,119599,Barimunda,2023,TA,2023_TA.json,79964616,R,80000.0,JE,6,2024-07-31
119599|2023|TA|7,119599,Barimunda,2023,TA,2023_TA.json,79947142,R,90000.0,je,1,2023-06-21
119599|2023|TA|8,119599,Barimunda,2023,TA,2023_TA.json,79948459,R,101680.0,je,1,2023-04-01
119599|2023|TA|9,119599,Barimunda,2023,TA,2023_TA.json,80257495,R,3500.0,je,1,2025-06-30
119599|2023|TA|10,119599,Barimunda,2023,TA,2023_TA.json,80256890,R,3500.0,je,1,2025-06-30
119599|2023|TA|11,119599,Barimunda,2023,TA,2023_TA.json,80256230,R,3500.0,je,1,2025-06-30
119599|2023|TA|12,119599,Barimunda,2023,TA,2023_TA.json,80169667,R,3500.0,je,1,2025-06-30
119599|2023|TA|13,119599,Barimunda,2023,TA,2023_TA.json,80167406,R,3500.0,je,1,2025-06-30
119599|2023|TA|14,119599,Barimunda,2023,TA,2023_TA.json,80175289,R,3500.0,je,1,2025-06-30
119599|2023|TA|15,119599,Barimunda,2023,TA,2023_TA.json,80162530,R,3500.0,je,1,2025-06-30
119599|2023|TA|16,119599,Barimunda,2023,TA,2023_TA.json,80172711,R,3500.0,je,1,2025-06-30
119599|2023|TA|17,119599,Barimunda,2023,TA,2023_TA.json,80255361,R,3500.0,je,1,2025-06-30
119599|2023|TA|18,119599,Barimunda,2023,TA,2023_TA.json,80176214,R,3500.0,je,1,2025-06-30
119599|2023|TA|19,119599,Barimunda,2023,TA,2023_TA.json,80175594,R,3500.0,je,1,2025-06-30
119599|2023|TA|20,119599,Barimunda,2023,TA,2023_TA.json,80165637,R,3500.0,je,1,2025-06-30
119599|2023|TA|21,119599,Barimunda,2023,TA,2023_TA.json,80255031,R,3500.0,je,1,2025-06-30
119599|2023|TA|22,119599,Barimunda,2023,TA,2023_TA.json,80256535,R,3500.0,je,1,2025-06-30
119599|2023|TA|23,119599,Barimunda,2023,TA,2023_TA.json,79943589,R,62040.0,je,1,2025-06-30
119599|2023|TA|24,119599,Barimunda,2023,TA,2023_TA.json,79955690,R,116080.0,je,1,2025-05-01
119599|2023|TA|25,119599,Barimunda,2023,TA,2023_TA.json,79963641,R,50000.0,je,1,2025-11-10
119599|2023|TA|26,119599,Barimunda,2023,TA,2023_TA.json,79957873,R,20000.0,je,1,2026-07-03
119599|2023|TA|27,119599,Barimunda,2023,TA,2023_TA.json,79962020,R,43074.0,je,1,2026-07-09
119599|2024|TA|0,119599,Barimunda,2024,TA,2024_TA.json,105661229,R,77756.0,je,1,2024-11-01
119599|2024|TA|1,119599,Barimunda,2024,TA,2024_TA.json,105733941,R,200000.0,SARAPANCH,93,2024-09-02
119599|2024|TA|2,119599,Barimunda,2024,TA,2024_TA.json,105648673,R,156000.0,je,1,2024-04-23
119599|2024|TA|3,119599,Barimunda,2024,TA,2024_TA.json,105667573,R,100000.0,je,1,2025-06-10
119599|2024|TA|4,119599,Barimunda,2024,TA,2024_TA.json,105648980,R,333567.0,je,1,2025-03-20
119599|2024|TA|5,119599,Barimunda,2024,TA,2024_TA.json,105661025,R,500000.0,je,1,2025-03-20
119599|2024|TA|6,119599,Barimunda,2024,TA,2024_TA.json,105667167,R,43000.0,JE,1,2025-03-24
119599|2024|TA|7,119599,Barimunda,2024,TA,2024_TA.json,105661404,R,75000.0,je,1,2025-05-02
119599|2024|TA|8,119599,Barimunda,2024,TA,2024_TA.json,105649904,R,10168.0,je,1,2025-10-22
119599|2024|TA|9,119599,Barimunda,2024,TA,2024_TA.json,105660870,R,200847.0,je,1,2026-03-16
119599|2024|TA|10,119599,Barimunda,2024,TA,2024_TA.json,105650225,R,62040.0,je,1,2026-07-05
119599|2025|TA|0,119599,Barimunda,2025,TA,2025_TA.json,118530588,R,100000.0,je,1,2025-10-04
119599|2025|TA|1,119599,Barimunda,2025,TA,2025_TA.json,121630153,R,300000.0,je,1,2025-09-18
119599|2025|TA|2,119599,Barimunda,2025,TA,2025_TA.json,118509839,R,140000.0,je,1,2025-10-01
119599|2025|TA|3,119599,Barimunda,2025,TA,2025_TA.json,118504613,R,100000.0,je,1,2026-03-11
119599|2025|TA|4,119599,Barimunda,2025,TA,2025_TA.json,121630116,R,156000.0,je,1,2026-05-05
119599|2025|TA|5,119599,Barimunda,2025,TA,2025_TA.json,118542524,R,50000.0,je,1,2026-05-05
119599|2025|TA|6,119599,Barimunda,2025,TA,2025_TA.json,118508175,R,150000.0,je,1,2026-03-16
119599|2025|TA|7,119599,Barimunda,2025,TA,2025_TA.json,118530871,R,100000.0,je,1,2026-03-16
119599|2025|TA|8,119599,Barimunda,2025,TA,2025_TA.json,121599839,R,150920.0,je,1,2026-03-16
119599|2025|TA|9,119599,Barimunda,2025,TA,2025_TA.json,127987671,R,150000.0,je,1,2026-03-16
119599|2025|TA|10,119599,Barimunda,2025,TA,2025_TA.json,118529913,R,200000.0,je,1,2026-05-14
119599|2025|TA|11,119599,Barimunda,2025,TA,2025_TA.json,128271856,R,140000.0,je,1,2026-06-08
119599|2025|TA|12,119599,Barimunda,2025,TA,2025_TA.json,121628130,R,12167.0,je,1,2026-07-05
119605|2020|TA|0,119605,Itipur,2020,TA,2020_TA.json,44344759,R,205772.0,JE,322,2021-02-26
119605|2020|TA|1,119605,Itipur,2020,TA,2020_TA.json,44344901,R,150000.0,JE,323,2021-02-26
119605|2020|TA|2,119605,Itipur,2020,TA,2020_TA.json,44344919,R,100000.0,JE,323,2021-02-26
119605|2020|TA|3,119605,Itipur,2020,TA,2020_TA.json,44345009,R,100000.0,JE,328,2021-02-26
119605|2020|TA|4,119605,Itipur,2020,TA,2020_TA.json,44344938,R,100000.0,JE,325,2021-02-26
119605|2020|TA|5,119605,Itipur,2020,TA,2020_TA.json,44345063,R,120000.0,JE,331,2021-02-26
119605|2020|TA|6,119605,Itipur,2020,TA,2020_TA.json,44345047,R,150000.0,JE,330,2021-02-26
119605|2020|TA|7,119605,Itipur,2020,TA,2020_TA.json,44344710,R,200000.0,JE,320,2021-02-26
119605|2020|TA|8,119605,Itipur,2020,TA,2020_TA.json,44345027,R,100000.0,JE,329,2021-02-26
119605|2020|TA|9,119605,Itipur,2020,TA,2020_TA.json,44344969,R,50000.0,JE,327,2021-02-26
119605|2020|TA|10,119605,Itipur,2020,TA,2020_TA.json,44344953,R,75772.0,JE,326,2021-02-26
119605|2020|TA|11,119605,Itipur,2020,TA,2020_TA.json,44339606,R,100000.0,sarpancha,1,2021-03-01
119605|2020|TA|12,119605,Itipur,2020,TA,2020_TA.json,44339623,R,100000.0,sarpancha,2,2021-03-01
119605|2020|TA|13,119605,Itipur,2020,TA,2020_TA.json,44339808,R,75074.0,sarpancha,3,2021-03-01
119605|2020|TA|14,119605,Itipur,2020,TA,2020_TA.json,44344661,R,260000.0,sarpancha,4,2020-10-26
119605|2021|TA|0,119605,Itipur,2021,TA,2021_TA.json,48208444,R,35074.0,1,je,2021-04-01
119605|2021|TA|1,119605,Itipur,2021,TA,2021_TA.json,48208325,R,360000.0,JE,219,2021-12-10
119605|2021|TA|2,119605,Itipur,2021,TA,2021_TA.json,56657451,R,141149.0,JE,347,2022-07-10
119605|2021|TA|3,119605,Itipur,2021,TA,2021_TA.json,56600246,R,20000.0,JE,1,2022-07-10
119605|2021|TA|4,119605,Itipur,2021,TA,2021_TA.json,56613832,R,121149.0,JE,1,2022-07-10
119605|2021|TA|5,119605,Itipur,2021,TA,2021_TA.json,65096304,R,88198.0,JE,13,2022-07-05
119605|2021|TA|6,119605,Itipur,2021,TA,2021_TA.json,65096368,R,50000.0,JE,14,2022-07-05
119605|2021|TA|7,119605,Itipur,2021,TA,2021_TA.json,48208369,R,48000.0,JE,1,2022-07-05
119605|2021|TA|8,119605,Itipur,2021,TA,2021_TA.json,56657016,R,100000.0,JE,1,2022-09-30
119605|2021|TA|9,119605,Itipur,2021,TA,2021_TA.json,56673560,R,50000.0,JE,57,2022-10-31
119605|2021|TA|10,119605,Itipur,2021,TA,2021_TA.json,65097842,R,50000.0,JE,58,2022-10-31
119605|2021|TA|11,119605,Itipur,2021,TA,2021_TA.json,56599453,R,200000.0,sarpancha,94,2024-12-24
119605|2021|TA|12,119605,Itipur,2021,TA,2021_TA.json,48208494,R,200000.0,sarpancha,1,2022-03-01
119605|2021|TA|13,119605,Itipur,2021,TA,2021_TA.json,56673997,R,50000.0,sarpancha,4,2022-03-01
119605|2021|TA|14,119605,Itipur,2021,TA,2021_TA.json,65098022,R,100000.0,sarpancha,5,2022-03-01
119605|2022|TA|0,119605,Itipur,2022,TA,2022_TA.json,65408949,R,350000.0,JE,1,2022-11-10
119605|2022|TA|1,119605,Itipur,2022,TA,2022_TA.json,65409623,R,43074.0,JE,1,2022-10-31
119605|2022|TA|2,119605,Itipur,2022,TA,2022_TA.json,65409476,R,400000.0,JE,30,2022-10-31
119605|2022|TA|3,119605,Itipur,2022,TA,2022_TA.json,65409284,R,200000.0,JE,32,2022-10-31
119605|2022|TA|4,119605,Itipur,2022,TA,2022_TA.json,65409338,R,300000.0,JE,32,2022-10-31
119605|2022|TA|5,119605,Itipur,2022,TA,2022_TA.json,65409377,R,108992.0,JE,33,2022-10-31
119605|2022|TA|6,119605,Itipur,2022,TA,2022_TA.json,60926606,R,48000.0,JE,1,2022-11-01
119605|2022|TA|7,119605,Itipur,2022,TA,2022_TA.json,65410452,R,21500.0,JE,49,2022-10-31
119605|2022|TA|8,119605,Itipur,2022,TA,2022_TA.json,60926466,R,200000.0,JE,34,2022-10-31
119605|2022|TA|9,119605,Itipur,2022,TA,2022_TA.json,65410237,R,20000.0,JE,48,2022-10-31
119605|2022|TA|10,119605,Itipur,2022,TA,2022_TA.json,65410011,R,22500.0,JE,46,2022-10-31
119605|2022|TA|11,119605,Itipur,2022,TA,2022_TA.json,65410201,R,50000.0,JE,47,2022-10-31
119605|2022|TA|12,119605,Itipur,2022,TA,2022_TA.json,65409970,R,60000.0,JE,45,2022-09-30
119605|2022|TA|13,119605,Itipur,2022,TA,2022_TA.json,65409810,R,60000.0,JE,43,2022-10-31
119605|2022|TA|14,119605,Itipur,2022,TA,2022_TA.json,65409918,R,90000.0,JE,44,2022-10-10
119605|2022|TA|15,119605,Itipur,2022,TA,2022_TA.json,88448498,R,60000.0,JE,1,2023-10-31
119605|2022|TA|16,119605,Itipur,2022,TA,2022_TA.json,65410154,R,7000.0,sarpancha,3,2023-03-01
119605|2022|TA|17,119605,Itipur,2022,TA,2022_TA.json,65410493,R,6594.0,sarpancha,4,2023-03-01
119605|2023|TA|0,119605,Itipur,2023,TA,2023_TA.json,76582178,R,43074.0,JE,1,2023-12-01
119605|2023|TA|1,119605,Itipur,2023,TA,2023_TA.json,82876565,R,48000.0,JE,1,2023-12-01
119605|2023|TA|2,119605,Itipur,2023,TA,2023_TA.json,82878032,R,365516.0,JE,1,2023-12-01
119605|2023|TA|3,119605,Itipur,2023,TA,2023_TA.json,82877361,R,48744.0,JE,1,2023-12-01
119605|2023|TA|4,119605,Itipur,2023,TA,2023_TA.json,76584043,R,50000.0,JE,1,2024-06-01
119605|2023|TA|5,119605,Itipur,2023,TA,2023_TA.json,76422493,R,3500.0,sarpancha,13,2024-03-01
119605|2023|TA|6,119605,Itipur,2023,TA,2023_TA.json,76422693,R,3500.0,sarpancha,14,2024-03-01
119605|2023|TA|7,119605,Itipur,2023,TA,2023_TA.json,76422932,R,3500.0,sarpancha,15,2024-03-01
119605|2023|TA|8,119605,Itipur,2023,TA,2023_TA.json,76576158,R,300000.0,sarpancha,48,2024-11-04
119605|2023|TA|9,119605,Itipur,2023,TA,2023_TA.json,82903814,R,150000.0,sarpancha,47,2024-11-04
119605|2023|TA|10,119605,Itipur,2023,TA,2023_TA.json,76423426,R,3500.0,sarpancha,16,2024-03-01
119605|2023|TA|11,119605,Itipur,2023,TA,2023_TA.json,76422091,R,3500.0,sarpancha,11,2024-03-01
119605|2023|TA|12,119605,Itipur,2023,TA,2023_TA.json,76423647,R,3500.0,sarpancha,17,2024-03-01
119605|2023|TA|13,119605,Itipur,2023,TA,2023_TA.json,76422269,R,3500.0,sarpancha,12,2024-03-01
119605|2023|TA|14,119605,Itipur,2023,TA,2023_TA.json,76423863,R,3500.0,sarpancha,18,2024-03-01
119605|2023|TA|15,119605,Itipur,2023,TA,2023_TA.json,76424051,R,3500.0,sarpancha,19,2024-03-01
119605|2023|TA|16,119605,Itipur,2023,TA,2023_TA.json,76584990,R,50000.0,sarpancha,20,2024-03-01
119605|2023|TA|17,119605,Itipur,2023,TA,2023_TA.json,76414199,R,75700.0,sarpancha,1,2024-03-01
119605|2023|TA|18,119605,Itipur,2023,TA,2023_TA.json,76415612,R,3500.0,sarpancha,1,2024-03-01
119605|2023|TA|19,119605,Itipur,2023,TA,2023_TA.json,76415920,R,3500.0,sarpancha,2,2024-03-01
119605|2023|TA|20,119605,Itipur,2023,TA,2023_TA.json,76417263,R,3500.0,sarpancha,5,2024-03-01
119605|2023|TA|21,119605,Itipur,2023,TA,2023_TA.json,76417663,R,3500.0,sarpancha,6,2024-03-01
119605|2023|TA|22,119605,Itipur,2023,TA,2023_TA.json,76417018,R,3500.0,sarpancha,4,2024-03-01
119605|2023|TA|23,119605,Itipur,2023,TA,2023_TA.json,76416165,R,3500.0,sarpancha,3,2024-03-01
119605|2023|TA|24,119605,Itipur,2023,TA,2023_TA.json,76419677,R,3500.0,sarpancha,7,2024-03-01
119605|2023|TA|25,119605,Itipur,2023,TA,2023_TA.json,76420017,R,3500.0,sarpancha,8,2024-03-01
119605|2023|TA|26,119605,Itipur,2023,TA,2023_TA.json,76420237,R,3500.0,sarpancha,9,2024-03-01
119605|2023|TA|27,119605,Itipur,2023,TA,2023_TA.json,76420472,R,3500.0,sarpancha,10,2024-03-01
119605|2023|TA|28,119605,Itipur,2023,TA,2023_TA.json,77191560,R,102592.0,sarpancha,65,2024-11-04
119605|2023|TA|29,119605,Itipur,2023,TA,2023_TA.json,77190660,R,100000.0,sarpancha,64,2024-11-04
119605|2023|TA|30,119605,Itipur,2023,TA,2023_TA.json,77189411,R,100000.0,sarpancha,63,2024-11-04
119605|2023|TA|31,119605,Itipur,2023,TA,2023_TA.json,76588111,R,50000.0,sarpancha,46,2025-03-01
119605|2023|TA|32,119605,Itipur,2023,TA,2023_TA.json,77188214,R,100000.0,sarpancha,62,2024-11-04
119605|2023|TA|33,119605,Itipur,2023,TA,2023_TA.json,76413825,R,50000.0,sarpancha,21,2024-03-01
119605|2023|TA|34,119605,Itipur,2023,TA,2023_TA.json,76412971,R,100000.0,sarpancha,21,2024-03-01
119605|2024|TA|0,119605,Itipur,2024,TA,2024_TA.json,102253049,R,489567.0,sarpancha,7,2024-04-01
119605|2024|TA|1,119605,Itipur,2024,TA,2024_TA.json,101663086,R,47074.0,sarpancha,13,2024-03-01
119605|2024|TA|2,119605,Itipur,2024,TA,2024_TA.json,102364406,R,200000.0,je,12,2025-06-01
119605|2024|TA|3,119605,Itipur,2024,TA,2024_TA.json,101667237,R,100000.0,sarpancha,14,2024-03-01
119605|2024|TA|4,119605,Itipur,2024,TA,2024_TA.json,101636921,R,252756.0,sarpancha,1,2025-03-01
119605|2024|TA|5,119605,Itipur,2024,TA,2024_TA.json,101709656,R,3500.0,sarpancha,2,2024-03-01
119605|2024|TA|6,119605,Itipur,2024,TA,2024_TA.json,101711630,R,3500.0,sarpancha,3,2024-03-01
119605|2024|TA|7,119605,Itipur,2024,TA,2024_TA.json,101713082,R,3500.0,sarpancha,4,2024-03-01
119605|2024|TA|8,119605,Itipur,2024,TA,2024_TA.json,101714632,R,3500.0,sarpancha,5,2024-03-01
119605|2024|TA|9,119605,Itipur,2024,TA,2024_TA.json,101716273,R,3500.0,sarpancha,6,2024-03-01
119605|2024|TA|10,119605,Itipur,2024,TA,2024_TA.json,101721204,R,3500.0,sarpancha,7,2024-03-01
119605|2024|TA|11,119605,Itipur,2024,TA,2024_TA.json,101723850,R,3500.0,sarpancha,8,2024-03-01
119605|2024|TA|12,119605,Itipur,2024,TA,2024_TA.json,101726970,R,3500.0,sarpancha,9,2024-03-01
119605|2024|TA|13,119605,Itipur,2024,TA,2024_TA.json,101621024,R,20977.0,sarpancha,10,2024-03-01
119605|2024|TA|14,119605,Itipur,2024,TA,2024_TA.json,101616506,R,5150.0,sarpancha,11,2024-03-01
119605|2024|TA|15,119605,Itipur,2024,TA,2024_TA.json,102245941,R,69440.0,sarpancha,12,2024-03-01
119605|2024|TA|16,119605,Itipur,2024,TA,2024_TA.json,101639896,R,200000.0,sarpancha,15,2024-10-26
119605|2024|TA|17,119605,Itipur,2024,TA,2024_TA.json,101659017,R,150000.0,sarpancha,15,2024-10-26
119605|2024|TA|18,119605,Itipur,2024,TA,2024_TA.json,101614963,R,300000.0,sarpancha,16,2024-10-26
119605|2025|TA|0,119605,Itipur,2025,TA,2025_TA.json,117175672,R,78000.0,sarpancha,1,2025-01-26
119605|2025|TA|1,119605,Itipur,2025,TA,2025_TA.json,121977784,R,399400.0,sarpancha,2,2025-01-26
119605|2025|TA|2,119605,Itipur,2025,TA,2025_TA.json,121978446,R,69440.0,sarpancha,3,2025-01-26
119605|2025|TA|3,119605,Itipur,2025,TA,2025_TA.json,121979127,R,30000.0,sarpancha,4,2025-01-26
119605|2025|TA|4,119605,Itipur,2025,TA,2025_TA.json,121979351,R,50000.0,sarpancha,5,2025-01-26
119605|2025|TA|5,119605,Itipur,2025,TA,2025_TA.json,121979609,R,50000.0,sarpancha,6,2025-01-26
119605|2025|TA|6,119605,Itipur,2025,TA,2025_TA.json,121980042,R,6627.0,sarpancha,7,2025-01-26
119605|2025|TA|7,119605,Itipur,2025,TA,2025_TA.json,121980396,R,20000.0,sarpancha,8,2025-01-26
119605|2025|TA|8,119605,Itipur,2025,TA,2025_TA.json,121981445,R,110333.0,sarpancha,9,2025-01-26
119605|2025|TA|9,119605,Itipur,2025,TA,2025_TA.json,121984299,R,152756.0,sarpancha,10,2025-01-26
119605|2025|TA|10,119605,Itipur,2025,TA,2025_TA.json,121984590,R,100000.0,sarpancha,11,2025-01-26
119605|2025|TA|11,119605,Itipur,2025,TA,2025_TA.json,121984981,R,100000.0,sarpancha,12,2025-01-26
119605|2025|TA|12,119605,Itipur,2025,TA,2025_TA.json,121987791,R,150000.0,sarpancha,13,2025-01-26
119605|2025|TA|13,119605,Itipur,2025,TA,2025_TA.json,121988989,R,50000.0,sarpancha,14,2025-01-26
119605|2025|TA|14,119605,Itipur,2025,TA,2025_TA.json,121988481,R,243074.0,sarpancha,15,2025-10-26
119605|2025|TA|15,119605,Itipur,2025,TA,2025_TA.json,121983932,R,100000.0,sarpancha,16,2025-10-26
119605|2025|TA|16,119605,Itipur,2025,TA,2025_TA.json,121988150,R,200000.0,sarpancha,17,2025-10-26
119605|2025|TA|17,119605,Itipur,2025,TA,2025_TA.json,121981982,R,90000.0,sarpancha,18,2025-10-26
119717|2020|TA|0,119717,Boipariguda,2020,TA,2020_TA.json,44280668,R,150000.0,JE,1,2020-10-12
119717|2020|TA|1,119717,Boipariguda,2020,TA,2020_TA.json,44301808,R,200000.0,JE,1,2020-11-25
119717|2020|TA|2,119717,Boipariguda,2020,TA,2020_TA.json,44302023,R,300000.0,JE,1,2020-11-25
119717|2020|TA|3,119717,Boipariguda,2020,TA,2020_TA.json,44302410,R,100000.0,JE,1,2020-11-25
119717|2020|TA|4,119717,Boipariguda,2020,TA,2020_TA.json,44302146,R,200000.0,JE,1,2021-01-16
119717|2020|TA|5,119717,Boipariguda,2020,TA,2020_TA.json,44302588,R,100000.0,JE,1,2021-01-12
119717|2020|TA|6,119717,Boipariguda,2020,TA,2020_TA.json,44280995,R,200000.0,JE,1,2021-01-16
119717|2020|TA|7,119717,Boipariguda,2020,TA,2020_TA.json,44301723,R,200000.0,JE,1,2021-04-01
119717|2020|TA|8,119717,Boipariguda,2020,TA,2020_TA.json,44302217,R,179043.0,JE,1,2021-05-01
119717|2020|TA|9,119717,Boipariguda,2020,TA,2020_TA.json,44302267,R,50000.0,JE,1,2021-05-01
119717|2020|TA|10,119717,Boipariguda,2020,TA,2020_TA.json,44302306,R,100000.0,JE,1,2021-05-01
119717|2020|TA|11,119717,Boipariguda,2020,TA,2020_TA.json,44280525,R,300000.0,JE,1,2021-06-01
119717|2020|TA|12,119717,Boipariguda,2020,TA,2020_TA.json,44302100,R,200000.0,JE,1,2021-06-01
119717|2020|TA|13,119717,Boipariguda,2020,TA,2020_TA.json,44302524,R,100000.0,JE,1,2021-06-01
119717|2020|TA|14,119717,Boipariguda,2020,TA,2020_TA.json,44280874,R,100000.0,sarpanch,28,2022-02-01
119717|2020|TA|15,119717,Boipariguda,2020,TA,2020_TA.json,44302453,R,400000.0,sarpanch,16,2022-02-12
119717|2020|TA|16,119717,Boipariguda,2020,TA,2020_TA.json,44301474,R,100000.0,sarpanch,1,2022-04-02
119717|2020|TA|17,119717,Boipariguda,2020,TA,2020_TA.json,44281181,R,100000.0,sarpanch,2,2022-04-02
119717|2020|TA|18,119717,Boipariguda,2020,TA,2020_TA.json,44301379,R,100000.0,sarpanch,3,2022-04-02
119717|2020|TA|19,119717,Boipariguda,2020,TA,2020_TA.json,44302651,R,225000.0,sarpanch,17,2022-04-02
119717|2020|TA|20,119717,Boipariguda,2020,TA,2020_TA.json,44301931,R,97129.0,JE,1,2023-06-15
119717|2021|TA|0,119717,Boipariguda,2021,TA,2021_TA.json,47665150,R,192000.0,JE,1,2021-08-01
119717|2021|TA|1,119717,Boipariguda,2021,TA,2021_TA.json,47663723,R,370000.0,sarpanch,1,2022-01-20
119717|2021|TA|2,119717,Boipariguda,2021,TA,2021_TA.json,47698853,R,230428.0,sarpanch,1,2022-01-10
119717|2021|TA|3,119717,Boipariguda,2021,TA,2021_TA.json,52577130,R,100000.0,sarpanch,4,2022-02-01
119717|2021|TA|4,119717,Boipariguda,2021,TA,2021_TA.json,47668326,R,330000.0,sarpanch,1,2022-02-15
119717|2021|TA|5,119717,Boipariguda,2021,TA,2021_TA.json,47683986,R,330000.0,sarpanch,2,2022-02-15
119717|2021|TA|6,119717,Boipariguda,2021,TA,2021_TA.json,47666669,R,4.0,sarpanch,151,2022-04-02
119717|2021|TA|7,119717,Boipariguda,2021,TA,2021_TA.json,47669467,R,138093.0,sarpanch,1,2022-05-04
119717|2021|TA|8,119717,Boipariguda,2021,TA,2021_TA.json,52577241,R,100000.0,sarapanch,2,2022-06-08
119717|2021|TA|9,119717,Boipariguda,2021,TA,2021_TA.json,52577101,R,150000.0,sarpanch,1,2022-07-05
119717|2021|TA|10,119717,Boipariguda,2021,TA,2021_TA.json,47664303,R,50000.0,sarpanch,1,2022-07-05
119717|2021|TA|11,119717,Boipariguda,2021,TA,2021_TA.json,52577071,R,200000.0,sarpanch,2,2022-08-19
119717|2021|TA|12,119717,Boipariguda,2021,TA,2021_TA.json,47669718,R,120000.0,sarpanch,1,2022-09-30
119717|2021|TA|13,119717,Boipariguda,2021,TA,2021_TA.json,52577185,R,150000.0,sarpanch,1,2022-12-02
119717|2021|TA|14,119717,Boipariguda,2021,TA,2021_TA.json,52577274,R,50000.0,JE,1,2023-02-05
119717|2021|TA|15,119717,Boipariguda,2021,TA,2021_TA.json,47681578,R,35000.0,JE,1,2023-02-01
119717|2021|TA|16,119717,Boipariguda,2021,TA,2021_TA.json,52577161,R,396109.0,JE,1,2023-04-01
119717|2022|TA|0,119717,Boipariguda,2022,TA,2022_TA.json,64829858,R,500000.0,sarpanch,1,2022-09-01
119717|2022|TA|1,119717,Boipariguda,2022,TA,2022_TA.json,64820403,R,140000.0,sarpanch,1,2022-09-01
119717|2022|TA|2,119717,Boipariguda,2022,TA,2022_TA.json,64830504,R,176796.0,sarpanch,1,2022-09-07
119717|2022|TA|3,119717,Boipariguda,2022,TA,2022_TA.json,64829816,R,192000.0,sarpanch,1,2022-09-10
119717|2022|TA|4,119717,Boipariguda,2022,TA,2022_TA.json,64830572,R,140000.0,sarpanch,1,2022-10-13
119717|2022|TA|5,119717,Boipariguda,2022,TA,2022_TA.json,64829892,R,60000.0,sarpanch,1,2022-11-07
119717|2022|TA|6,119717,Boipariguda,2022,TA,2022_TA.json,64820208,R,500000.0,sarpanch,1,2023-02-06
119717|2022|TA|7,119717,Boipariguda,2022,TA,2022_TA.json,64830327,R,100000.0,JE,1,2023-01-05
119717|2022|TA|8,119717,Boipariguda,2022,TA,2022_TA.json,64830629,R,49500.0,JE,1,2023-01-10
119717|2022|TA|9,119717,Boipariguda,2022,TA,2022_TA.json,64830394,R,100000.0,JE,1,2023-02-01
119717|2022|TA|10,119717,Boipariguda,2022,TA,2022_TA.json,64830300,R,100000.0,JE,1,2023-02-01
119717|2022|TA|11,119717,Boipariguda,2022,TA,2022_TA.json,64830466,R,50000.0,JE,1,2023-02-01
119717|2022|TA|12,119717,Boipariguda,2022,TA,2022_TA.json,64830414,R,20000.0,JE,1,2023-02-01
119717|2022|TA|13,119717,Boipariguda,2022,TA,2022_TA.json,64829971,R,29396.0,JE,1,2023-05-01
119717|2022|TA|14,119717,Boipariguda,2022,TA,2022_TA.json,61739887,R,121594.0,JE,1,2023-06-01
119717|2022|TA|15,119717,Boipariguda,2022,TA,2022_TA.json,64830609,R,19647.0,JE,1,2023-06-01
119717|2022|TA|16,119717,Boipariguda,2022,TA,2022_TA.json,64830015,R,52500.0,SARAPANCH,1,2023-10-15
119717|2022|TA|17,119717,Boipariguda,2022,TA,2022_TA.json,64830144,R,65383.0,SARAPANCH,2,2023-10-15
119717|2022|TA|18,119717,Boipariguda,2022,TA,2022_TA.json,64820343,R,30000.0,SARAPANCH,2,2023-11-15
119717|2022|TA|19,119717,Boipariguda,2022,TA,2022_TA.json,64820281,R,40000.0,SARAPANCH,1,2023-11-15
119717|2022|TA|20,119717,Boipariguda,2022,TA,2022_TA.json,64820267,R,160000.0,sarpanch,1,2022-09-01
119717|2022|TA|21,119717,Boipariguda,2022,TA,2022_TA.json,64830233,R,20000.0,sarpanch,1,2024-11-10
119717|2022|TA|22,119717,Boipariguda,2022,TA,2022_TA.json,64820253,R,50000.0,sarapanch,1,2026-03-02
119717|2022|TA|23,119717,Boipariguda,2022,TA,2022_TA.json,61740040,R,21220.0,sarapanch,1,2026-03-05
119717|2022|TA|24,119717,Boipariguda,2022,TA,2022_TA.json,61742627,R,41220.0,sarapanch,1,2026-03-05
119717|2022|TA|25,119717,Boipariguda,2022,TA,2022_TA.json,64820332,R,12000.0,sarapanch,1,2026-03-12
119717|2023|TA|0,119717,Boipariguda,2023,TA,2023_TA.json,83130292,R,141498.0,sarpanch,1,2024-11-10
119717|2023|TA|1,119717,Boipariguda,2023,TA,2023_TA.json,83118218,R,87000.0,sarpanch,1,2024-11-28
119717|2023|TA|2,119717,Boipariguda,2023,TA,2023_TA.json,83119040,R,63498.0,sarpanch,1,2024-11-10
119717|2023|TA|3,119717,Boipariguda,2023,TA,2023_TA.json,82999413,R,924900.0,sarpanch,1,2024-07-31
119717|2023|TA|4,119717,Boipariguda,2023,TA,2023_TA.json,83128802,R,22750.0,JE,1,2024-08-01
119717|2023|TA|5,119717,Boipariguda,2023,TA,2023_TA.json,82998373,R,105000.0,sarpanch,1,2025-01-02
119717|2023|TA|6,119717,Boipariguda,2023,TA,2023_TA.json,80576673,R,176000.0,sarpanch,1,2024-08-28
119717|2023|TA|7,119717,Boipariguda,2023,TA,2023_TA.json,83129586,R,375000.0,sarpanch,1,2024-09-16
119717|2023|TA|8,119717,Boipariguda,2023,TA,2023_TA.json,82999216,R,118664.0,sarpanch,1,2024-10-16
119717|2023|TA|9,119717,Boipariguda,2023,TA,2023_TA.json,80575335,R,85000.0,sarpanch,1,2025-05-02
119717|2023|TA|10,119717,Boipariguda,2023,TA,2023_TA.json,83032499,R,36000.0,sarpanch,1,2025-05-02
119717|2024|TA|0,119717,Boipariguda,2024,TA,2024_TA.json,100339064,R,36000.0,sarpanch,1,2024-11-10
119717|2024|TA|1,119717,Boipariguda,2024,TA,2024_TA.json,100482822,R,97928.0,sarpanch,1,2024-11-18
119717|2024|TA|2,119717,Boipariguda,2024,TA,2024_TA.json,100527949,R,140000.0,sarpanch,1,2025-01-02
119717|2024|TA|3,119717,Boipariguda,2024,TA,2024_TA.json,100379955,R,50000.0,sarpanch,1,2025-06-04
119717|2024|TA|4,119717,Boipariguda,2024,TA,2024_TA.json,100531595,R,40000.0,sarpanch,1,2025-08-07
119717|2024|TA|5,119717,Boipariguda,2024,TA,2024_TA.json,100526108,R,273000.0,sarpanch,1,2025-04-02
119717|2024|TA|6,119717,Boipariguda,2024,TA,2024_TA.json,100525756,R,132000.0,sarpanch,1,2025-04-02
119717|2024|TA|7,119717,Boipariguda,2024,TA,2024_TA.json,100375965,R,100000.0,sarpanch,1,2025-04-02
119717|2024|TA|8,119717,Boipariguda,2024,TA,2024_TA.json,100376909,R,100000.0,sarpanch,1,2025-04-02
119717|2024|TA|9,119717,Boipariguda,2024,TA,2024_TA.json,100374986,R,100000.0,sarpanch,1,2025-04-02
119717|2024|TA|10,119717,Boipariguda,2024,TA,2024_TA.json,100375388,R,100000.0,sarpanch,1,2025-04-02
119717|2024|TA|11,119717,Boipariguda,2024,TA,2024_TA.json,100385798,R,100000.0,sarpanch,1,2025-05-02
119717|2024|TA|12,119717,Boipariguda,2024,TA,2024_TA.json,100343863,R,220672.0,sarpanch,1,2025-09-07
119717|2024|TA|13,119717,Boipariguda,2024,TA,2024_TA.json,100530306,R,100000.0,sarpanch,1,2025-10-22
119717|2024|TA|14,119717,Boipariguda,2024,TA,2024_TA.json,100379485,R,600896.0,sarpanch,1,2025-12-02
119717|2024|TA|15,119717,Boipariguda,2024,TA,2024_TA.json,100221356,R,50000.0,sarpanch,1,2026-01-01
119717|2024|TA|16,119717,Boipariguda,2024,TA,2024_TA.json,100222458,R,50000.0,sarpanch,1,2026-01-02
119717|2024|TA|17,119717,Boipariguda,2024,TA,2024_TA.json,100224869,R,245000.0,1,1,2026-03-03
119717|2024|TA|18,119717,Boipariguda,2024,TA,2024_TA.json,100406448,R,60000.0,sarapanch,1,2026-03-05
119717|2024|TA|19,119717,Boipariguda,2024,TA,2024_TA.json,100528704,R,15000.0,sarapanch,1,2026-02-10
119717|2024|TA|20,119717,Boipariguda,2024,TA,2024_TA.json,100527542,R,50000.0,sarapanch,1,2026-03-04
119717|2024|TA|21,119717,Boipariguda,2024,TA,2024_TA.json,100530697,R,100000.0,sarapanch,2,2026-02-04
119717|2024|TA|22,119717,Boipariguda,2024,TA,2024_TA.json,100342542,R,22500.0,sarapanch,2,2026-04-15
119717|2024|TA|23,119717,Boipariguda,2024,TA,2024_TA.json,100341996,R,75000.0,sarapanch,5,2026-04-12
119717|2024|TA|24,119717,Boipariguda,2024,TA,2024_TA.json,100387572,R,50000.0,sarapanch,2,2026-04-20
119717|2024|TA|25,119717,Boipariguda,2024,TA,2024_TA.json,100347286,R,130000.0,sarapanch,1,2026-04-02
119717|2024|TA|26,119717,Boipariguda,2024,TA,2024_TA.json,100500396,R,246648.0,sarapanch,2,2026-04-05
119717|2024|TA|27,119717,Boipariguda,2024,TA,2024_TA.json,128344210,R,97928.0,sarapanch,2,2026-03-30
119717|2025|TA|0,119717,Boipariguda,2025,TA,2025_TA.json,124812356,R,120000.0,sarpanch,1,2025-09-21
119717|2025|TA|1,119717,Boipariguda,2025,TA,2025_TA.json,124812783,R,100000.0,sarpanch,1,2025-09-21
119717|2025|TA|2,119717,Boipariguda,2025,TA,2025_TA.json,124812698,R,105000.0,sarapanch,2,2026-04-07
119717|2025|TA|3,119717,Boipariguda,2025,TA,2025_TA.json,124969379,R,28240.0,sarapanch,1,2026-03-05
119717|2025|TA|4,119717,Boipariguda,2025,TA,2025_TA.json,124801973,R,100000.0,sarapanch,5,2026-01-13
119717|2025|TA|5,119717,Boipariguda,2025,TA,2025_TA.json,124759177,R,110672.0,sarapanch,1,2026-04-16
119717|2025|TA|6,119717,Boipariguda,2025,TA,2025_TA.json,124997644,R,120000.0,sarapanch,2,2026-04-15
119717|2025|TA|7,119717,Boipariguda,2025,TA,2025_TA.json,124804169,R,150000.0,sarapanch,2,2026-04-15
119717|2025|TA|8,119717,Boipariguda,2025,TA,2025_TA.json,124812422,R,50000.0,sarapanch,2,2026-04-02
119717|2025|TA|9,119717,Boipariguda,2025,TA,2025_TA.json,124803470,R,36000.0,sarapanch,2,2026-04-21
119717|2025|TA|10,119717,Boipariguda,2025,TA,2025_TA.json,124812465,R,50000.0,sarapanch,2,2026-04-07
119717|2025|TA|11,119717,Boipariguda,2025,TA,2025_TA.json,124802520,R,273000.0,sarapanch,2,2026-04-02
119862|2020|TA|0,119862,Laxmipur,2020,TA,2020_TA.json,44220650,R,100000.0,SARAPANCH,4,2021-01-20
119862|2020|TA|1,119862,Laxmipur,2020,TA,2020_TA.json,44222390,R,100000.0,SARAPANCH,2,2021-01-21
119862|2020|TA|2,119862,Laxmipur,2020,TA,2020_TA.json,44222332,R,95733.0,SARAPANCH,3,2021-01-19
119862|2020|TA|3,119862,Laxmipur,2020,TA,2020_TA.json,44220850,R,100000.0,SARAPANCH,4,2021-01-19
119862|2020|TA|4,119862,Laxmipur,2020,TA,2020_TA.json,44218645,R,100000.0,SARAPANCH,92021,2021-03-10
119862|2020|TA|5,119862,Laxmipur,2020,TA,2020_TA.json,44219063,R,100000.0,SARAPANCH,82021,2021-03-10
119862|2020|TA|6,119862,Laxmipur,2020,TA,2020_TA.json,38590687,R,100000.0,SARAPANCH,72021,2021-03-10
119862|2020|TA|7,119862,Laxmipur,2020,TA,2020_TA.json,44218873,R,100000.0,SARPANCH,22021,2021-03-30
119862|2020|TA|8,119862,Laxmipur,2020,TA,2020_TA.json,44222371,R,100000.0,SARPANCH,52021,2021-03-23
119862|2020|TA|9,119862,Laxmipur,2020,TA,2020_TA.json,44220394,R,200000.0,SARPANCH,102021,2021-03-23
119862|2020|TA|10,119862,Laxmipur,2020,TA,2020_TA.json,44222616,R,270000.0,SARPANCH,22021,2021-03-30
119862|2020|TA|11,119862,Laxmipur,2020,TA,2020_TA.json,44222746,R,6000.0,SARPANCH,44,2021-03-30
119862|2020|TA|12,119862,Laxmipur,2020,TA,2020_TA.json,44218307,R,100000.0,SARAPANCH,52021,2021-03-30
119862|2020|TA|13,119862,Laxmipur,2020,TA,2020_TA.json,44222659,R,100000.0,SARPANCH,52021,2021-03-25
119862|2020|TA|14,119862,Laxmipur,2020,TA,2020_TA.json,50392194,R,154840.0,SARAPANCH,72021,2021-05-25
119862|2020|TA|15,119862,Laxmipur,2020,TA,2020_TA.json,44214752,R,20000.0,SARAPANCH,62021,2021-03-23
119862|2020|TA|16,119862,Laxmipur,2020,TA,2020_TA.json,50391821,R,60000.0,SARAPANCH,62021,2021-03-23
119862|2020|TA|17,119862,Laxmipur,2020,TA,2020_TA.json,44218275,R,50000.0,SARAPANCH,102021,2021-05-28
119862|2020|TA|18,119862,Laxmipur,2020,TA,2020_TA.json,44222709,R,50000.0,SARAPANCH,42021,2021-05-26
119862|2020|TA|19,119862,Laxmipur,2020,TA,2020_TA.json,44219594,R,250000.0,SARAPANCH,12021,2021-05-26
119862|2020|TA|20,119862,Laxmipur,2020,TA,2020_TA.json,44222732,R,50000.0,SARAPANCH,52021,2021-05-27
119862|2020|TA|21,119862,Laxmipur,2020,TA,2020_TA.json,44222295,R,100000.0,SARAPANCH,32021,2021-05-19
119862|2020|TA|22,119862,Laxmipur,2020,TA,2020_TA.json,44220328,R,200000.0,SARAPANCH,92021,2021-05-25
119862|2020|TA|23,119862,Laxmipur,2020,TA,2020_TA.json,44214504,R,200000.0,SARPANCH,32021,2021-03-30
119862|2020|TA|24,119862,Laxmipur,2020,TA,2020_TA.json,44222597,R,144000.0,SARPANCH,882021,2020-04-28
119862|2020|TA|25,119862,Laxmipur,2020,TA,2020_TA.json,44222688,R,229600.0,SARPANCH,32021,2020-04-28
119862|2020|TA|26,119862,Laxmipur,2020,TA,2020_TA.json,44213449,R,100000.0,SARPANCH,22021,2020-04-28
119862|2020|TA|27,119862,Laxmipur,2020,TA,2020_TA.json,44218414,R,100000.0,SARPANCH,62021,2020-04-23
119862|2020|TA|28,119862,Laxmipur,2020,TA,2020_TA.json,44222572,R,150000.0,SARPANCH,882021,2020-04-23
119862|2020|TA|29,119862,Laxmipur,2020,TA,2020_TA.json,44218376,R,50000.0,SARPANCH,12122,2020-06-23
119862|2020|TA|30,119862,Laxmipur,2020,TA,2020_TA.json,44222551,R,500000.0,PEO,TS44222561,2025-12-15
119862|2021|TA|0,119862,Laxmipur,2021,TA,2021_TA.json,52408070,R,30000.0,SARAPANCH,12122,2021-05-26
119862|2021|TA|1,119862,Laxmipur,2021,TA,2021_TA.json,52408216,R,30000.0,SARAPANCH,42122,2021-05-28
119862|2021|TA|2,119862,Laxmipur,2021,TA,2021_TA.json,52408268,R,30000.0,SARAPANCH,42122,2021-05-28
119862|2021|TA|3,119862,Laxmipur,2021,TA,2021_TA.json,52408155,R,30000.0,SARAPANCH,32122,2021-05-28
119862|2021|TA|4,119862,Laxmipur,2021,TA,2021_TA.json,52408000,R,30000.0,SARAPANCH,22122,2021-05-28
119862|2021|TA|5,119862,Laxmipur,2021,TA,2021_TA.json,52408802,R,40000.0,SARAPANCH,12122,2021-03-23
119862|2021|TA|6,119862,Laxmipur,2021,TA,2021_TA.json,52406402,R,90000.0,SARPANCH,3,2021-04-27
119862|2021|TA|7,119862,Laxmipur,2021,TA,2021_TA.json,52409042,R,170000.0,SARPANCH,12122,2021-04-14
119862|2021|TA|8,119862,Laxmipur,2021,TA,2021_TA.json,52408703,R,144000.0,SARPANCH,444,2021-04-10
119862|2021|TA|9,119862,Laxmipur,2021,TA,2021_TA.json,52407057,R,330000.0,SARAPANCH,32122,2021-04-21
119862|2021|TA|10,119862,Laxmipur,2021,TA,2021_TA.json,52406846,R,330000.0,SARAPANCH,22122,2021-04-21
119862|2021|TA|11,119862,Laxmipur,2021,TA,2021_TA.json,52408566,R,100000.0,SARPANCH,32122,2021-04-28
119862|2021|TA|12,119862,Laxmipur,2021,TA,2021_TA.json,52407430,R,200000.0,SARPANCH,122122,2021-04-28
119862|2021|TA|13,119862,Laxmipur,2021,TA,2021_TA.json,52408641,R,400000.0,SARPANCH,6412122,2021-04-28
119862|2021|TA|14,119862,Laxmipur,2021,TA,2021_TA.json,52407908,R,51733.0,SARPANCH,82122,2021-04-28
119862|2021|TA|15,119862,Laxmipur,2021,TA,2021_TA.json,52408854,R,50000.0,SARPANCH,332122,2020-04-28
119862|2021|TA|16,119862,Laxmipur,2021,TA,2021_TA.json,52408377,R,250000.0,SARPANCH,62122,2021-04-28
119862|2021|TA|17,119862,Laxmipur,2021,TA,2021_TA.json,52408444,R,100000.0,SARPANCH,442122,2021-04-28
119862|2021|TA|18,119862,Laxmipur,2021,TA,2021_TA.json,52406277,R,156000.0,SARPANCH,12122,2021-06-28
119862|2021|TA|19,119862,Laxmipur,2021,TA,2021_TA.json,52408902,R,50000.0,SARPANCH,342122,2021-06-28
119862|2021|TA|20,119862,Laxmipur,2021,TA,2021_TA.json,52407825,R,6000.0,SARPANCH,12122,2021-06-23
119862|2021|TA|21,119862,Laxmipur,2021,TA,2021_TA.json,52406533,R,100000.0,SARPANCH,122122,2021-06-23
119862|2021|TA|22,119862,Laxmipur,2021,TA,2021_TA.json,52406689,R,80000.0,SARPANCH,142122,2021-06-23
119862|2021|TA|23,119862,Laxmipur,2021,TA,2021_TA.json,52408755,R,100000.0,peo,ts52408755,2025-07-15
119862|2021|TA|24,119862,Laxmipur,2021,TA,2021_TA.json,52406759,R,46866.0,PEO,TS52406759,2025-08-15
119862|2021|TA|25,119862,Laxmipur,2021,TA,2021_TA.json,52406194,R,150000.0,JE,ts52406194,2025-10-15
119862|2021|TA|26,119862,Laxmipur,2021,TA,2021_TA.json,52412604,R,140000.0,PEO,TS52412604,2026-01-15
119862|2021|TA|27,119862,Laxmipur,2021,TA,2021_TA.json,52407665,R,100000.0,PEO,ts52407665,2026-01-15
119862|2021|TA|28,119862,Laxmipur,2021,TA,2021_TA.json,52412683,R,140000.0,PEO,TS52412683,2026-01-15
119862|2021|TA|29,119862,Laxmipur,2021,TA,2021_TA.json,52407542,R,200000.0,PEO,ts52407542,2026-01-05
119862|2022|TA|0,119862,Laxmipur,2022,TA,2022_TA.json,61700611,R,50000.0,SARPANCH,611,2022-04-28
119862|2022|TA|1,119862,Laxmipur,2022,TA,2022_TA.json,61700127,R,30000.0,SARPANCH,32223,2022-04-25
119862|2022|TA|2,119862,Laxmipur,2022,TA,2022_TA.json,61704820,R,100000.0,SARPANCH,12223,2022-04-28
119862|2022|TA|3,119862,Laxmipur,2022,TA,2022_TA.json,61700498,R,100000.0,SARPANCH,42223,2022-04-28
119862|2022|TA|4,119862,Laxmipur,2022,TA,2022_TA.json,61704099,R,100000.0,SARPANCH,42223,2022-04-28
119862|2022|TA|5,119862,Laxmipur,2022,TA,2022_TA.json,61704982,R,72000.0,SARPANCH,882223,2022-04-28
119862|2022|TA|6,119862,Laxmipur,2022,TA,2022_TA.json,61705005,R,72000.0,SARPANCH,992223,2022-04-26
119862|2022|TA|7,119862,Laxmipur,2022,TA,2022_TA.json,61704885,R,100000.0,SARPANCH,22223,2022-04-28
119862|2022|TA|8,119862,Laxmipur,2022,TA,2022_TA.json,61703803,R,100000.0,SARPANCH,162223,2022-04-27
119862|2022|TA|9,119862,Laxmipur,2022,TA,2022_TA.json,61699801,R,400000.0,SARPANCH,12223,2022-04-28
119862|2022|TA|10,119862,Laxmipur,2022,TA,2022_TA.json,61704150,R,100000.0,SARPANCH,52223,2022-04-28
119862|2022|TA|11,119862,Laxmipur,2022,TA,2022_TA.json,61704260,R,50000.0,SARPANCH,242223,2022-04-28
119862|2022|TA|12,119862,Laxmipur,2022,TA,2022_TA.json,61705038,R,378440.0,SARPANCH,382223,2022-04-28
119862|2022|TA|13,119862,Laxmipur,2022,TA,2022_TA.json,61703924,R,50000.0,SARPANCH,182223,2022-04-28
119862|2022|TA|14,119862,Laxmipur,2022,TA,2022_TA.json,61704935,R,100000.0,SARPANCH,72223,2022-04-28
119862|2022|TA|15,119862,Laxmipur,2022,TA,2022_TA.json,61704310,R,100000.0,SARPANCH,43102223,2022-04-28
119862|2022|TA|16,119862,Laxmipur,2022,TA,2022_TA.json,61704860,R,100000.0,SARPANCH,81022,2022-04-28
119862|2022|TA|17,119862,Laxmipur,2022,TA,2022_TA.json,61700561,R,100000.0,SARPANCH,92223,2022-04-28
119862|2022|TA|18,119862,Laxmipur,2022,TA,2022_TA.json,61700767,R,100000.0,SARPANCH,132223,2022-04-28
119862|2022|TA|19,119862,Laxmipur,2022,TA,2022_TA.json,61704350,R,59796.0,SARPANCH,262223,2022-04-28
119862|2022|TA|20,119862,Laxmipur,2022,TA,2022_TA.json,61700661,R,50000.0,SARPANCH,112223,2022-04-28
119862|2022|TA|21,119862,Laxmipur,2022,TA,2022_TA.json,61700712,R,50000.0,SARPANCH,122223,2022-04-28
119862|2022|TA|22,119862,Laxmipur,2022,TA,2022_TA.json,61704199,R,50000.0,SARPANCH,232223,2022-04-28
119862|2022|TA|23,119862,Laxmipur,2022,TA,2022_TA.json,61704024,R,6000.0,SARPANCH,22223,2022-06-23
119862|2022|TA|24,119862,Laxmipur,2022,TA,2022_TA.json,61704797,R,100000.0,SARPANCH,382223,2022-06-28
119862|2022|TA|25,119862,Laxmipur,2022,TA,2022_TA.json,61703854,R,100000.0,SARPANCH,242425,2022-06-21
119862|2022|TA|26,119862,Laxmipur,2022,TA,2022_TA.json,61704482,R,100000.0,SARPANCH,242223,2022-06-23
119862|2022|TA|27,119862,Laxmipur,2022,TA,2022_TA.json,61700195,R,140347.0,peo,ts61700195,2025-05-15
119862|2022|TA|28,119862,Laxmipur,2022,TA,2022_TA.json,61704758,R,60000.0,PEO,TS61704758,2025-08-15
119862|2023|TA|0,119862,Laxmipur,2023,TA,2023_TA.json,82686347,R,144000.0,SARPANCH,12324,2023-07-25
119862|2023|TA|1,119862,Laxmipur,2023,TA,2023_TA.json,75695666,R,100058.0,SARPANCH,192324,2023-06-28
119862|2023|TA|2,119862,Laxmipur,2023,TA,2023_TA.json,75691695,R,50000.0,SARPANCH,82324,2023-06-28
119862|2023|TA|3,119862,Laxmipur,2023,TA,2023_TA.json,75685056,R,200000.0,SARPANCH,92324,2023-06-28
119862|2023|TA|4,119862,Laxmipur,2023,TA,2023_TA.json,75678544,R,50000.0,SARPANCH,442324,2023-06-28
119862|2023|TA|5,119862,Laxmipur,2023,TA,2023_TA.json,75687493,R,100000.0,SARPANCH,172324,2023-06-21
119862|2023|TA|6,119862,Laxmipur,2023,TA,2023_TA.json,75691056,R,50000.0,SARPANCH,72324,2023-06-21
119862|2023|TA|7,119862,Laxmipur,2023,TA,2023_TA.json,75679497,R,100000.0,SARPANCH,62324,2023-06-21
119862|2023|TA|8,119862,Laxmipur,2023,TA,2023_TA.json,75682821,R,400000.0,SARPANCH,182324,2023-06-21
119862|2023|TA|9,119862,Laxmipur,2023,TA,2023_TA.json,75693370,R,100000.0,SARPANCH,122324,2023-06-21
119862|2023|TA|10,119862,Laxmipur,2023,TA,2023_TA.json,75675976,R,44606.0,SARPANCH,22324,2023-06-21
119862|2023|TA|11,119862,Laxmipur,2023,TA,2023_TA.json,75688119,R,100000.0,SARPANCH,82324,2023-06-21
119862|2023|TA|12,119862,Laxmipur,2023,TA,2023_TA.json,75689370,R,100000.0,SARPANCH,72324,2024-06-25
119862|2023|TA|13,119862,Laxmipur,2023,TA,2023_TA.json,75689985,R,100000.0,SARPANCH,62324,2024-06-25
119862|2023|TA|14,119862,Laxmipur,2023,TA,2023_TA.json,75680195,R,100000.0,SARPANCH,192324,2023-06-21
119862|2023|TA|15,119862,Laxmipur,2023,TA,2023_TA.json,75683577,R,60000.0,SARPANCH,42324,2023-06-21
119862|2023|TA|16,119862,Laxmipur,2023,TA,2023_TA.json,75697766,R,6000.0,SARPANCH,12324,2023-06-21
119862|2023|TA|17,119862,Laxmipur,2023,TA,2023_TA.json,75684548,R,50000.0,SARPANCH,132324,2023-06-21
119862|2023|TA|18,119862,Laxmipur,2023,TA,2023_TA.json,75694773,R,100000.0,SARPANCH,62324,2023-06-21
119862|2023|TA|19,119862,Laxmipur,2023,TA,2023_TA.json,75686754,R,50000.0,SARPANCH,72324,2023-06-21
119862|2023|TA|20,119862,Laxmipur,2023,TA,2023_TA.json,75683991,R,20000.0,SARPANCH,252324,2023-06-21
119862|2023|TA|21,119862,Laxmipur,2023,TA,2023_TA.json,82692936,R,78043.0,SARPANCH,262324,2023-06-21
119862|2023|TA|22,119862,Laxmipur,2023,TA,2023_TA.json,75682097,R,10000.0,SARPANCH,272324,2023-06-21
119862|2023|TA|23,119862,Laxmipur,2023,TA,2023_TA.json,75696331,R,100000.0,SARPANCH,12324,2023-06-28
119862|2023|TA|24,119862,Laxmipur,2023,TA,2023_TA.json,75697056,R,59240.0,SARPANCH,22324,2023-06-21
119862|2023|TA|25,119862,Laxmipur,2023,TA,2023_TA.json,75687115,R,50000.0,SARPANCH,32425,2023-06-21
119862|2023|TA|26,119862,Laxmipur,2023,TA,2023_TA.json,75688697,R,100000.0,SARPANCH,42324,2024-06-21
119862|2023|TA|27,119862,Laxmipur,2023,TA,2023_TA.json,75692255,R,100000.0,SARPANCH,272324,2023-06-21
119862|2023|TA|28,119862,Laxmipur,2023,TA,2023_TA.json,82684938,R,364498.0,peo,ts82684938,2025-05-15
119862|2023|TA|29,119862,Laxmipur,2023,TA,2023_TA.json,74994677,R,200000.0,je,ts74994677,2025-05-15
119862|2023|TA|30,119862,Laxmipur,2023,TA,2023_TA.json,75692882,R,100000.0,je,ts124065208,2025-10-15
119862|2024|TA|0,119862,Laxmipur,2024,TA,2024_TA.json,101991246,R,50000.0,SARPANCH,42425,2024-06-21
119862|2024|TA|1,119862,Laxmipur,2024,TA,2024_TA.json,101974189,R,150000.0,SARPANCH,222425,2024-06-25
119862|2024|TA|2,119862,Laxmipur,2024,TA,2024_TA.json,101961640,R,299250.0,SARPANCH,12425,2024-06-21
119862|2024|TA|3,119862,Laxmipur,2024,TA,2024_TA.json,101963725,R,30000.0,SARPANCH,82425,2024-06-21
119862|2024|TA|4,119862,Laxmipur,2024,TA,2024_TA.json,101961208,R,421425.0,SARPANCH,22425,2024-06-21
119862|2024|TA|5,119862,Laxmipur,2024,TA,2024_TA.json,101986558,R,100000.0,SARPANCH,22324,2024-06-10
119862|2024|TA|6,119862,Laxmipur,2024,TA,2024_TA.json,101971795,R,50900.0,SARPANCH,182425,2024-06-21
119862|2024|TA|7,119862,Laxmipur,2024,TA,2024_TA.json,101963329,R,90000.0,SARPANCH,72425,2024-06-21
119862|2024|TA|8,119862,Laxmipur,2024,TA,2024_TA.json,101962142,R,30000.0,SARPANCH,52425,2024-06-21
119862|2024|TA|9,119862,Laxmipur,2024,TA,2024_TA.json,101964522,R,120000.0,SARPANCH,92425,2024-06-21
119862|2024|TA|10,119862,Laxmipur,2024,TA,2024_TA.json,103931690,R,35600.0,SARPANCH,102425,2024-06-25
119862|2024|TA|11,119862,Laxmipur,2024,TA,2024_TA.json,101967417,R,50000.0,SARPANCH,122425,2024-06-25
119862|2024|TA|12,119862,Laxmipur,2024,TA,2024_TA.json,101968586,R,100000.0,SARPANCH,132425,2024-06-25
119862|2024|TA|13,119862,Laxmipur,2024,TA,2024_TA.json,101984194,R,500000.0,SARPANCH,52425,2024-06-14
119862|2024|TA|14,119862,Laxmipur,2024,TA,2024_TA.json,101972792,R,100000.0,SARPANCH,202425,2024-06-21
119862|2024|TA|15,119862,Laxmipur,2024,TA,2024_TA.json,101976912,R,100000.0,SARPANCH,232425,2025-06-25
119862|2024|TA|16,119862,Laxmipur,2024,TA,2024_TA.json,101978613,R,200000.0,SARPANCH,22425,2024-06-25
119862|2024|TA|17,119862,Laxmipur,2024,TA,2024_TA.json,101962720,R,185675.0,SARPANCH,62425,2024-06-25
119862|2024|TA|18,119862,Laxmipur,2024,TA,2024_TA.json,101987227,R,100000.0,SARPANCH,42425,2024-06-21
119862|2024|TA|19,119862,Laxmipur,2024,TA,2024_TA.json,101984898,R,100000.0,JE,TS101984898,2025-07-15
119862|2024|TA|20,119862,Laxmipur,2024,TA,2024_TA.json,101976266,R,100000.0,JE,TS101976266,2025-07-15
119862|2024|TA|21,119862,Laxmipur,2024,TA,2024_TA.json,101973374,R,100000.0,JE,TS101973374,2025-08-15
119862|2025|TA|0,119862,Laxmipur,2025,TA,2025_TA.json,124063051,R,13514.0,PEO,TS124062800,2025-08-15
119862|2025|TA|1,119862,Laxmipur,2025,TA,2025_TA.json,124062800,R,52737.0,PEO,TS124062800,2025-08-15
119862|2025|TA|2,119862,Laxmipur,2025,TA,2025_TA.json,124062726,R,121338.0,PEO,TS124062800,2025-08-15
119862|2025|TA|3,119862,Laxmipur,2025,TA,2025_TA.json,124062840,R,52342.0,PEO,TS124062800,2025-08-15
119862|2025|TA|4,119862,Laxmipur,2025,TA,2025_TA.json,124062881,R,40351.0,PEO,TS124062800,2025-08-15
119862|2025|TA|5,119862,Laxmipur,2025,TA,2025_TA.json,124062946,R,39114.0,PEO,TS124062800,2025-08-15
119862|2025|TA|6,119862,Laxmipur,2025,TA,2025_TA.json,124062980,R,17511.0,PEO,TS124062800,2025-08-15
119862|2025|TA|7,119862,Laxmipur,2025,TA,2025_TA.json,124063012,R,14465.0,PEO,TS124062800,2025-08-15
119862|2025|TA|8,119862,Laxmipur,2025,TA,2025_TA.json,124062668,R,313291.0,PEO,TS124062668,2025-08-15
119862|2025|TA|9,119862,Laxmipur,2025,TA,2025_TA.json,124062766,R,57576.0,PEO,TS124062766,2025-08-15
119862|2025|TA|10,119862,Laxmipur,2025,TA,2025_TA.json,123923680,R,55835.0,PEO,ts55835,2025-12-15
119862|2025|TA|11,119862,Laxmipur,2025,TA,2025_TA.json,123923256,R,47229.0,PEO,ts123923256,2025-12-15
119862|2025|TA|12,119862,Laxmipur,2025,TA,2025_TA.json,123923707,R,41027.0,PEO,TS123923707,2025-12-15
119862|2025|TA|13,119862,Laxmipur,2025,TA,2025_TA.json,123923992,R,150000.0,je,ts123923992,2025-10-15
119862|2025|TA|14,119862,Laxmipur,2025,TA,2025_TA.json,123924066,R,76767.0,JE,TS123924066,2025-10-15
119862|2025|TA|15,119862,Laxmipur,2025,TA,2025_TA.json,124198596,R,23347.0,JE,ts124198596,2025-10-15
119862|2025|TA|16,119862,Laxmipur,2025,TA,2025_TA.json,124065208,R,400000.0,JE,ts124065208,2025-10-15
119862|2025|TA|17,119862,Laxmipur,2025,TA,2025_TA.json,123923892,R,150000.0,JE,ts123923892,2026-03-15
119862|2025|TA|18,119862,Laxmipur,2025,TA,2025_TA.json,124064394,R,201305.0,JE,ts124064394,2026-03-15
119862|2025|TA|19,119862,Laxmipur,2025,TA,2025_TA.json,123924180,R,52151.0,JE,ts123924180,2026-03-15
119862|2025|TA|20,119862,Laxmipur,2025,TA,2025_TA.json,124110807,R,53800.0,JE,TS124110807,2026-03-15
119862|2025|TA|21,119862,Laxmipur,2025,TA,2025_TA.json,124197120,R,36001.0,PEO,ts124197120,2026-05-15
119862|2025|TA|22,119862,Laxmipur,2025,TA,2025_TA.json,124197299,R,19290.0,PEO,TS124197299,2026-05-15
119936|2020|TA|0,119936,Kalimela,2020,TA,2020_TA.json,38578052,R,200000.0,je,18,2021-04-01
119936|2020|TA|1,119936,Kalimela,2020,TA,2020_TA.json,38606279,R,130000.0,JE,18,2021-04-02
119936|2020|TA|2,119936,Kalimela,2020,TA,2020_TA.json,44038263,R,471175.0,JE,19,2021-04-02
119936|2020|TA|3,119936,Kalimela,2020,TA,2020_TA.json,38577682,R,150000.0,je,2,2021-04-01
119936|2020|TA|4,119936,Kalimela,2020,TA,2020_TA.json,38575361,N,,NR,NR,2021-07-15
119936|2020|TA|5,119936,Kalimela,2020,TA,2020_TA.json,44039040,R,50000.0,JE,8,2021-04-01
119936|2020|TA|6,119936,Kalimela,2020,TA,2020_TA.json,38577935,R,434936.0,JE,9,2021-04-01
119936|2020|TA|7,119936,Kalimela,2020,TA,2020_TA.json,38605410,R,514468.0,JE,10,2021-04-01
119936|2020|TA|8,119936,Kalimela,2020,TA,2020_TA.json,44038848,R,800000.0,JE,13,2021-04-01
119936|2020|TA|9,119936,Kalimela,2020,TA,2020_TA.json,38606068,R,200000.0,JE,1,2021-04-01
119936|2020|TA|10,119936,Kalimela,2020,TA,2020_TA.json,38605614,R,150000.0,JE,16,2021-04-02
119936|2020|TA|11,119936,Kalimela,2020,TA,2020_TA.json,38605932,R,100000.0,JE,9,2021-04-03
119936|2020|TA|12,119936,Kalimela,2020,TA,2020_TA.json,38578406,R,100000.0,JE,5,2021-04-02
119936|2020|TA|13,119936,Kalimela,2020,TA,2020_TA.json,38577239,R,150000.0,JE,14,2021-04-03
119936|2020|TA|14,119936,Kalimela,2020,TA,2020_TA.json,38575516,R,100000.0,JE,1,2020-04-01
119936|2020|TA|15,119936,Kalimela,2020,TA,2020_TA.json,38577571,N,,NR,NR,2022-08-04
119936|2020|TA|16,119936,Kalimela,2020,TA,2020_TA.json,44038329,R,100000.0,JE,1,2022-04-01
119936|2020|TA|17,119936,Kalimela,2020,TA,2020_TA.json,38605815,R,144000.0,JE,88,2020-04-22
119936|2021|TA|0,119936,Kalimela,2021,TA,2021_TA.json,47548532,R,100000.0,je,12,2021-04-01
119936|2021|TA|1,119936,Kalimela,2021,TA,2021_TA.json,47548992,R,150000.0,je,1,2021-04-01
119936|2021|TA|2,119936,Kalimela,2021,TA,2021_TA.json,47546706,R,150000.0,JE,2,2021-04-02
119936|2021|TA|3,119936,Kalimela,2021,TA,2021_TA.json,47547518,R,150000.0,JE,12,2021-04-01
119936|2021|TA|4,119936,Kalimela,2021,TA,2021_TA.json,47570877,R,350000.0,JE,2,2021-04-01
119936|2021|TA|5,119936,Kalimela,2021,TA,2021_TA.json,47545566,R,150000.0,JE,3,2021-04-01
119936|2021|TA|6,119936,Kalimela,2021,TA,2021_TA.json,47549499,R,100000.0,JE,4,2021-04-01
119936|2021|TA|7,119936,Kalimela,2021,TA,2021_TA.json,47565687,R,51904.0,JE,5,2021-04-01
119936|2021|TA|8,119936,Kalimela,2021,TA,2021_TA.json,47544846,R,150000.0,JE,6,2021-04-01
119936|2021|TA|9,119936,Kalimela,2021,TA,2021_TA.json,47545301,R,150000.0,JE,7,2021-04-01
119936|2021|TA|10,119936,Kalimela,2021,TA,2021_TA.json,47566476,R,150000.0,JE,11,2021-04-01
119936|2021|TA|11,119936,Kalimela,2021,TA,2021_TA.json,47568935,N,,NR,NR,2021-10-06
119936|2021|TA|12,119936,Kalimela,2021,TA,2021_TA.json,47633622,R,100000.0,JE,1,2021-04-01
119936|2021|TA|13,119936,Kalimela,2021,TA,2021_TA.json,47543549,R,200000.0,JE,1,2022-04-01
119936|2021|TA|14,119936,Kalimela,2021,TA,2021_TA.json,47568422,N,,NR,NR,2022-08-04
119936|2021|TA|15,119936,Kalimela,2021,TA,2021_TA.json,47547905,R,100000.0,JE,1,2022-04-01
119936|2021|TA|16,119936,Kalimela,2021,TA,2021_TA.json,47546357,R,374468.0,JE,15,2022-10-01
119936|2021|TA|17,119936,Kalimela,2021,TA,2021_TA.json,47569620,N,,NR,NR,2023-03-14
119936|2021|TA|18,119936,Kalimela,2021,TA,2021_TA.json,47544380,R,164468.0,JE,714,2021-04-21
119936|2021|TA|19,119936,Kalimela,2021,TA,2021_TA.json,47543986,R,140000.0,JE,24,2021-07-29
119936|2021|TA|20,119936,Kalimela,2021,TA,2021_TA.json,47571470,R,17440.0,bdo,1,2025-04-02
119936|2021|TA|21,119936,Kalimela,2021,TA,2021_TA.json,47570328,R,11000.0,bdo,1,2025-04-04
119936|2022|TA|0,119936,Kalimela,2022,TA,2022_TA.json,64899917,R,100000.0,JE,1,2022-04-01
119936|2022|TA|1,119936,Kalimela,2022,TA,2022_TA.json,64899826,N,,NR,NR,2023-03-11
119936|2022|TA|2,119936,Kalimela,2022,TA,2022_TA.json,64899673,N,,NR,NR,2023-03-14
119936|2022|TA|3,119936,Kalimela,2022,TA,2022_TA.json,64899807,R,300000.0,peo,5,2022-04-01
119936|2022|TA|4,119936,Kalimela,2022,TA,2022_TA.json,64899452,R,150000.0,JE,15,2022-04-02
119936|2022|TA|5,119936,Kalimela,2022,TA,2022_TA.json,65027576,R,20000.0,JE,3,2022-04-21
119936|2022|TA|6,119936,Kalimela,2022,TA,2022_TA.json,58712794,R,10000.0,JE,3,2022-04-08
119936|2022|TA|7,119936,Kalimela,2022,TA,2022_TA.json,64899715,R,150000.0,JE,356,2023-09-06
119936|2022|TA|8,119936,Kalimela,2022,TA,2022_TA.json,64898667,R,90000.0,JE,43,2022-05-05
119936|2022|TA|9,119936,Kalimela,2022,TA,2022_TA.json,64890591,R,100000.0,JE,14,2022-05-19
119936|2022|TA|10,119936,Kalimela,2022,TA,2022_TA.json,64899492,R,200000.0,JE,47,2022-05-26
119936|2022|TA|11,119936,Kalimela,2022,TA,2022_TA.json,64899527,R,200000.0,JE,63,2022-05-20
119936|2022|TA|12,119936,Kalimela,2022,TA,2022_TA.json,64899743,R,150000.0,JE,33,2022-04-15
119936|2022|TA|13,119936,Kalimela,2022,TA,2022_TA.json,65027554,R,450000.0,JE,27,2022-05-12
119936|2022|TA|14,119936,Kalimela,2022,TA,2022_TA.json,64899408,N,,NR,NR,2023-11-07
119936|2022|TA|15,119936,Kalimela,2022,TA,2022_TA.json,64899885,R,50000.0,JE,67,2022-04-30
119936|2022|TA|16,119936,Kalimela,2022,TA,2022_TA.json,64899338,R,74344.0,JE,25,2022-04-14
119936|2022|TA|17,119936,Kalimela,2022,TA,2022_TA.json,64898333,R,108000.0,JE,14,2022-05-04
119936|2022|TA|18,119936,Kalimela,2022,TA,2022_TA.json,64898550,R,60000.0,JE,12,2022-05-02
119936|2022|TA|19,119936,Kalimela,2022,TA,2022_TA.json,64899761,N,,NR,NR,2024-02-29
119936|2022|TA|20,119936,Kalimela,2022,TA,2022_TA.json,64898048,R,150344.0,JE,402,2022-04-08
119936|2022|TA|21,119936,Kalimela,2022,TA,2022_TA.json,64899647,R,83792.0,JE,507,2022-04-26
119936|2022|TA|22,119936,Kalimela,2022,TA,2022_TA.json,64899589,R,150000.0,JE,904,2022-04-13
119936|2022|TA|23,119936,Kalimela,2022,TA,2022_TA.json,64898448,R,78000.0,JE,7246,2023-07-20
119936|2022|TA|24,119936,Kalimela,2022,TA,2022_TA.json,64898178,R,180000.0,je,6,2024-10-16
119936|2022|TA|25,119936,Kalimela,2022,TA,2022_TA.json,64899291,N,,NR,NR,2024-10-07
119936|2022|TA|26,119936,Kalimela,2022,TA,2022_TA.json,64899614,R,150000.0,JE,20,2025-02-10
119936|2023|TA|0,119936,Kalimela,2023,TA,2023_TA.json,79824965,R,190000.0,JE,89,2023-04-12
119936|2023|TA|1,119936,Kalimela,2023,TA,2023_TA.json,79832034,R,200000.0,JE,67,2023-05-01
119936|2023|TA|2,119936,Kalimela,2023,TA,2023_TA.json,79856905,R,100000.0,JE,60,2023-04-04
119936|2023|TA|3,119936,Kalimela,2023,TA,2023_TA.json,79832340,R,150000.0,JE,340,2023-04-13
119936|2023|TA|4,119936,Kalimela,2023,TA,2023_TA.json,79841769,R,90000.0,JE,412,2023-05-22
119936|2023|TA|5,119936,Kalimela,2023,TA,2023_TA.json,79840869,R,90000.0,JE,413,2023-08-22
119936|2023|TA|6,119936,Kalimela,2023,TA,2023_TA.json,78962638,R,20000.0,JE,712,2023-04-27
119936|2023|TA|7,119936,Kalimela,2023,TA,2023_TA.json,79328574,R,20000.0,JE,701,2023-04-13
119936|2023|TA|8,119936,Kalimela,2023,TA,2023_TA.json,79825780,R,228000.0,JE,404,2023-04-04
119936|2023|TA|9,119936,Kalimela,2023,TA,2023_TA.json,79826137,R,204440.0,JE,407,2023-08-03
119936|2023|TA|10,119936,Kalimela,2023,TA,2023_TA.json,79835325,R,150000.0,JE,901,2023-04-07
119936|2023|TA|11,119936,Kalimela,2023,TA,2023_TA.json,79825301,R,100000.0,JE,803,2023-04-18
119936|2023|TA|12,119936,Kalimela,2023,TA,2023_TA.json,79834387,R,80000.0,JE,80O,2023-04-13
119936|2023|TA|13,119936,Kalimela,2023,TA,2023_TA.json,79840373,R,88498.0,JE,809,2023-04-11
119936|2023|TA|14,119936,Kalimela,2023,TA,2023_TA.json,79338794,R,20000.0,JE,809,2023-04-08
119936|2023|TA|15,119936,Kalimela,2023,TA,2023_TA.json,79321585,R,20000.0,JE,902,2023-04-06
119936|2023|TA|16,119936,Kalimela,2023,TA,2023_TA.json,79323719,R,20000.0,JE,811,2023-04-06
119936|2023|TA|17,119936,Kalimela,2023,TA,2023_TA.json,79327179,R,20000.0,JE,911,2023-05-15
119936|2023|TA|18,119936,Kalimela,2023,TA,2023_TA.json,79319035,R,20000.0,JE,908,2023-04-07
119936|2023|TA|19,119936,Kalimela,2023,TA,2023_TA.json,79320151,R,20000.0,JE,786,2023-06-21
119936|2023|TA|20,119936,Kalimela,2023,TA,2023_TA.json,78961615,R,20000.0,JE,911,2023-05-18
119936|2023|TA|21,119936,Kalimela,2023,TA,2023_TA.json,79334582,R,20000.0,JE,812,2023-04-11
119936|2023|TA|22,119936,Kalimela,2023,TA,2023_TA.json,78958964,R,20000.0,JE,901,2023-05-19
119936|2023|TA|23,119936,Kalimela,2023,TA,2023_TA.json,78957945,R,20000.0,JE,101,2023-04-07
119936|2023|TA|24,119936,Kalimela,2023,TA,2023_TA.json,78956825,R,20000.0,JE,708,2023-05-16
119936|2023|TA|25,119936,Kalimela,2023,TA,2023_TA.json,79314928,R,20000.0,JE,8099,2023-04-13
119936|2023|TA|26,119936,Kalimela,2023,TA,2023_TA.json,79330926,R,200000.0,JE,809,2023-04-05
119936|2023|TA|27,119936,Kalimela,2023,TA,2023_TA.json,78963874,R,20000.0,JE,9012,2023-04-13
119936|2023|TA|28,119936,Kalimela,2023,TA,2023_TA.json,79856546,R,100000.0,JE,56,2023-05-08
119936|2023|TA|29,119936,Kalimela,2023,TA,2023_TA.json,79834918,R,146164.0,JE,67,2023-04-06
119936|2023|TA|30,119936,Kalimela,2023,TA,2023_TA.json,79835712,N,,NR,NR,2024-11-08
119936|2023|TA|31,119936,Kalimela,2023,TA,2023_TA.json,79822322,R,280000.0,JE,809,2023-04-06
119936|2023|TA|32,119936,Kalimela,2023,TA,2023_TA.json,79839920,R,150000.0,JE,899,2023-04-05
119936|2023|TA|33,119936,Kalimela,2023,TA,2023_TA.json,79833430,R,70000.0,JE,59,2024-09-05
119936|2023|TA|34,119936,Kalimela,2023,TA,2023_TA.json,79864906,N,,NR,NR,2024-08-31
119936|2023|TA|35,119936,Kalimela,2023,TA,2023_TA.json,79857618,R,58998.0,JE,4578,2023-04-11
119936|2023|TA|36,119936,Kalimela,2023,TA,2023_TA.json,79858258,N,,NR,NR,2024-09-05
119936|2023|TA|37,119936,Kalimela,2023,TA,2023_TA.json,79826422,N,,NR,NR,2024-10-07
119936|2023|TA|38,119936,Kalimela,2023,TA,2023_TA.json,79832838,N,,NR,NR,2025-08-07
119936|2023|TA|39,119936,Kalimela,2023,TA,2023_TA.json,79841312,R,90000.0,JE,68,2025-02-20
119936|2024|TA|0,119936,Kalimela,2024,TA,2024_TA.json,99575299,R,130675.0,je,26,2024-08-21
119936|2024|TA|1,119936,Kalimela,2024,TA,2024_TA.json,99309393,N,,NR,NR,2024-11-08
119936|2024|TA|2,119936,Kalimela,2024,TA,2024_TA.json,99209897,R,100000.0,je,2,2024-09-25
119936|2024|TA|3,119936,Kalimela,2024,TA,2024_TA.json,99295187,R,200000.0,je,56,2024-09-18
119936|2024|TA|4,119936,Kalimela,2024,TA,2024_TA.json,99294917,R,104675.0,je,55,2024-09-11
119936|2024|TA|5,119936,Kalimela,2024,TA,2024_TA.json,99193579,R,382250.0,JE,8097,2024-04-03
119936|2024|TA|6,119936,Kalimela,2024,TA,2024_TA.json,99573127,R,15000.0,17,je,2024-10-15
119936|2024|TA|7,119936,Kalimela,2024,TA,2024_TA.json,99202139,R,70000.0,JE,6,2024-12-25
119936|2024|TA|8,119936,Kalimela,2024,TA,2024_TA.json,99210443,R,10000.0,JE,9,2024-12-26
119936|2024|TA|9,119936,Kalimela,2024,TA,2024_TA.json,99213480,N,,NR,NR,2024-08-31
119936|2024|TA|10,119936,Kalimela,2024,TA,2024_TA.json,99572973,R,110000.0,JE,45654,2024-04-12
119936|2024|TA|11,119936,Kalimela,2024,TA,2024_TA.json,99308978,R,80000.0,JE,1245,2024-04-18
119936|2024|TA|12,119936,Kalimela,2024,TA,2024_TA.json,99297598,R,100000.0,JE,23236,2024-05-13
119936|2024|TA|13,119936,Kalimela,2024,TA,2024_TA.json,99312567,R,100000.0,JE,8,2024-10-01
119936|2024|TA|14,119936,Kalimela,2024,TA,2024_TA.json,99207951,R,50000.0,JE,12,2024-04-01
119936|2024|TA|15,119936,Kalimela,2024,TA,2024_TA.json,99194313,R,112000.0,JE,5,2025-02-04
119936|2024|TA|16,119936,Kalimela,2024,TA,2024_TA.json,99312947,R,69750.0,JE,69,2025-02-05
119936|2024|TA|17,119936,Kalimela,2024,TA,2024_TA.json,99574009,R,15000.0,JE,110,2025-03-02
119936|2024|TA|18,119936,Kalimela,2024,TA,2024_TA.json,99201373,R,90000.0,JE,7,2025-03-06
119936|2024|TA|19,119936,Kalimela,2024,TA,2024_TA.json,99577413,R,15000.0,JE,118,2025-03-04
119936|2024|TA|20,119936,Kalimela,2024,TA,2024_TA.json,99294408,R,100000.0,bdo,53,2025-08-01
119936|2024|TA|21,119936,Kalimela,2024,TA,2024_TA.json,99575511,R,100000.0,bdo,54,2025-08-01
119936|2024|TA|22,119936,Kalimela,2024,TA,2024_TA.json,99311114,R,110000.0,bdo,55,2025-08-01
119936|2024|TA|23,119936,Kalimela,2024,TA,2024_TA.json,99307997,R,60000.0,bd0,56,2025-08-01
119936|2024|TA|24,119936,Kalimela,2024,TA,2024_TA.json,99578314,R,140900.0,bdo,27,2025-08-18
119936|2024|TA|25,119936,Kalimela,2024,TA,2024_TA.json,99204494,R,6000.0,JE,1,2025-03-05
119936|2024|TA|26,119936,Kalimela,2024,TA,2024_TA.json,99573082,R,15000.0,JE,20,2025-03-05
119936|2024|TA|27,119936,Kalimela,2024,TA,2024_TA.json,99224864,R,6000.0,JE,3,2025-03-05
119936|2024|TA|28,119936,Kalimela,2024,TA,2024_TA.json,99205361,R,6000.0,JE,4,2025-03-05
119936|2024|TA|29,119936,Kalimela,2024,TA,2024_TA.json,99206225,R,6000.0,JE,5,2025-03-05
119936|2024|TA|30,119936,Kalimela,2024,TA,2024_TA.json,99205821,R,6000.0,JE,6,2025-03-05
119936|2024|TA|31,119936,Kalimela,2024,TA,2024_TA.json,99226610,R,6000.0,JE,7,2025-03-20
119936|2024|TA|32,119936,Kalimela,2024,TA,2024_TA.json,99574138,R,15000.0,JE,19,2025-04-02
119936|2024|TA|33,119936,Kalimela,2024,TA,2024_TA.json,99574453,R,15000.0,JE,22,2025-03-05
119936|2024|TA|34,119936,Kalimela,2024,TA,2024_TA.json,99574532,R,15000.0,JE,23,2025-03-05
119936|2024|TA|35,119936,Kalimela,2024,TA,2024_TA.json,99574295,R,15000.0,JE,20,2025-03-04
119936|2024|TA|36,119936,Kalimela,2024,TA,2024_TA.json,99200935,R,90000.0,bdo,27,2025-08-01
119936|2024|TA|37,119936,Kalimela,2024,TA,2024_TA.json,99212228,R,70000.0,JE,12,2025-04-01
119936|2024|TA|38,119936,Kalimela,2024,TA,2024_TA.json,99210908,R,5000.0,bdo,13,2025-10-02
119936|2024|TA|39,119936,Kalimela,2024,TA,2024_TA.json,99211535,R,10000.0,bdo,14,2025-10-02
119936|2024|TA|40,119936,Kalimela,2024,TA,2024_TA.json,99300463,R,10000.0,bdo,15,2025-10-04
119936|2024|TA|41,119936,Kalimela,2024,TA,2024_TA.json,99575608,N,,NR,NR,2025-10-14
119936|2024|TA|42,119936,Kalimela,2024,TA,2024_TA.json,99574690,R,100000.0,JE,65,2025-05-12
119936|2024|TA|43,119936,Kalimela,2024,TA,2024_TA.json,127460678,R,120000.0,JE,10,2026-02-20
119936|2024|TA|44,119936,Kalimela,2024,TA,2024_TA.json,127460612,R,150000.0,JE,8,2026-01-20
119936|2025|TA|0,119936,Kalimela,2025,TA,2025_TA.json,125018616,R,264000.0,JE,12,2025-04-01
119936|2025|TA|1,119936,Kalimela,2025,TA,2025_TA.json,124989774,N,,NR,NR,2025-10-13
119936|2025|TA|2,119936,Kalimela,2025,TA,2025_TA.json,124988730,N,,NR,NR,2025-10-13
119936|2025|TA|3,119936,Kalimela,2025,TA,2025_TA.json,125004922,R,200000.0,JE,12,2025-05-01
119936|2025|TA|4,119936,Kalimela,2025,TA,2025_TA.json,125008617,R,20000.0,bdo,3,2025-10-03
119936|2025|TA|5,119936,Kalimela,2025,TA,2025_TA.json,125005293,N,,NR,NR,2025-10-30
119936|2025|TA|6,119936,Kalimela,2025,TA,2025_TA.json,125011368,R,20000.0,JE,11,2025-06-10
119936|2025|TA|7,119936,Kalimela,2025,TA,2025_TA.json,124999031,R,90000.0,JE,11,2025-09-22
119936|2025|TA|8,119936,Kalimela,2025,TA,2025_TA.json,125007121,R,390000.0,PEO,7,2025-10-21
119936|2025|TA|9,119936,Kalimela,2025,TA,2025_TA.json,125018373,R,180000.0,PEO,29,2025-12-16
119936|2025|TA|10,119936,Kalimela,2025,TA,2025_TA.json,125022468,R,43758.0,PEO,23,2025-12-15
119936|2025|TA|11,119936,Kalimela,2025,TA,2025_TA.json,125005114,R,124882.0,PEO,23,2025-09-16
119936|2025|TA|12,119936,Kalimela,2025,TA,2025_TA.json,124999349,R,124917.0,JE,12,2026-03-02
119936|2025|TA|13,119936,Kalimela,2025,TA,2025_TA.json,125006389,R,100000.0,JE,23,2025-11-10
119936|2025|TA|14,119936,Kalimela,2025,TA,2025_TA.json,124986513,R,155736.0,JE,23,2025-12-15
119936|2025|TA|15,119936,Kalimela,2025,TA,2025_TA.json,125011529,R,150000.0,JE,23,2025-11-24
119936|2025|TA|16,119936,Kalimela,2025,TA,2025_TA.json,124990415,R,91660.0,JE,23,2025-09-08
119936|2025|TA|17,119936,Kalimela,2025,TA,2025_TA.json,125009997,R,150000.0,JE,23,2025-11-10
119936|2025|TA|18,119936,Kalimela,2025,TA,2025_TA.json,125004644,R,200000.0,JE,32,2025-11-12
119936|2025|TA|19,119936,Kalimela,2025,TA,2025_TA.json,125025447,R,80000.0,JE,29,2026-02-17
119936|2025|TA|20,119936,Kalimela,2025,TA,2025_TA.json,125025588,R,80000.0,JE,29,2026-03-02
121162|2020|TA|0,121162,Kalyansinghpur,2020,TA,2020_TA.json,44495747,R,50000.0,PEO,8,2022-04-20
121162|2020|TA|1,121162,Kalyansinghpur,2020,TA,2020_TA.json,62896806,R,200000.0,PEO,8,2022-04-28
121162|2020|TA|2,121162,Kalyansinghpur,2020,TA,2020_TA.json,44496130,R,100000.0,PEO,5,2022-06-27
121162|2020|TA|3,121162,Kalyansinghpur,2020,TA,2020_TA.json,44495719,N,,NR,NR,2023-03-17
121162|2020|TA|4,121162,Kalyansinghpur,2020,TA,2020_TA.json,44495826,N,,NR,NR,2023-09-25
121162|2020|TA|5,121162,Kalyansinghpur,2020,TA,2020_TA.json,44496045,R,250000.0,peo,6,2024-04-12
121162|2020|TA|6,121162,Kalyansinghpur,2020,TA,2020_TA.json,44495864,R,20000.0,peo,8,2024-04-12
121162|2020|TA|7,121162,Kalyansinghpur,2020,TA,2020_TA.json,44495705,R,50000.0,peo,9,2024-04-12
121162|2020|TA|8,121162,Kalyansinghpur,2020,TA,2020_TA.json,44495971,R,100000.0,peo,7,2024-04-12
121162|2020|TA|9,121162,Kalyansinghpur,2020,TA,2020_TA.json,44495881,R,100000.0,peo,6,2024-04-12
121162|2020|TA|10,121162,Kalyansinghpur,2020,TA,2020_TA.json,44495808,R,80343.0,peo,6,2024-04-12
121162|2020|TA|11,121162,Kalyansinghpur,2020,TA,2020_TA.json,44495733,R,330000.0,peo,12,2024-03-27
121162|2020|TA|12,121162,Kalyansinghpur,2020,TA,2020_TA.json,44496026,R,150000.0,PEO,28,2024-07-04
121162|2020|TA|13,121162,Kalyansinghpur,2020,TA,2020_TA.json,44495785,R,150000.0,PEO,29,2024-07-04
121162|2020|TA|14,121162,Kalyansinghpur,2020,TA,2020_TA.json,62897709,R,100000.0,PEO,2,2026-05-19
121162|2021|TA|0,121162,Kalyansinghpur,2021,TA,2021_TA.json,55237582,R,150000.0,PEO,6,2022-02-25
121162|2021|TA|1,121162,Kalyansinghpur,2021,TA,2021_TA.json,48869572,R,200000.0,PEO,13,2022-02-25
121162|2021|TA|2,121162,Kalyansinghpur,2021,TA,2021_TA.json,55237713,R,150000.0,PEO,4,2022-03-05
121162|2021|TA|3,121162,Kalyansinghpur,2021,TA,2021_TA.json,48870687,R,150000.0,PEO,5,2022-03-10
121162|2021|TA|4,121162,Kalyansinghpur,2021,TA,2021_TA.json,48871145,R,120000.0,PEO,4,2022-03-10
121162|2021|TA|5,121162,Kalyansinghpur,2021,TA,2021_TA.json,61716858,R,175000.0,PEO,2,2022-03-12
121162|2021|TA|6,121162,Kalyansinghpur,2021,TA,2021_TA.json,61715040,R,150000.0,PEO,9,2022-04-20
121162|2021|TA|7,121162,Kalyansinghpur,2021,TA,2021_TA.json,48867032,R,176866.0,PEO,1,2022-04-25
121162|2021|TA|8,121162,Kalyansinghpur,2021,TA,2021_TA.json,48868799,R,150000.0,PEO,12,2022-06-10
121162|2021|TA|9,121162,Kalyansinghpur,2021,TA,2021_TA.json,48867383,R,330000.0,PEO,12,2022-08-01
121162|2021|TA|10,121162,Kalyansinghpur,2021,TA,2021_TA.json,64780986,R,150000.0,GRAMPANCHAYATKSINGPUR,1,2022-08-22
121162|2021|TA|11,121162,Kalyansinghpur,2021,TA,2021_TA.json,48869764,N,,NR,NR,2022-09-19
121162|2021|TA|12,121162,Kalyansinghpur,2021,TA,2021_TA.json,48869171,R,200000.0,PEO,3,2022-09-26
121162|2021|TA|13,121162,Kalyansinghpur,2021,TA,2021_TA.json,48866885,R,500000.0,PEO,8,2022-12-03
121162|2021|TA|14,121162,Kalyansinghpur,2021,TA,2021_TA.json,48869338,R,100000.0,PEO,1,2024-02-28
121162|2021|TA|15,121162,Kalyansinghpur,2021,TA,2021_TA.json,48901366,R,295643.0,peo,3,2024-04-10
121162|2021|TA|16,121162,Kalyansinghpur,2021,TA,2021_TA.json,55237872,R,289454.0,peo,6,2024-04-12
121162|2021|TA|17,121162,Kalyansinghpur,2021,TA,2021_TA.json,55246824,R,75000.0,peo,9,2024-04-12
121162|2021|TA|18,121162,Kalyansinghpur,2021,TA,2021_TA.json,48868605,R,150000.0,PEO,33,2024-07-01
121162|2021|TA|19,121162,Kalyansinghpur,2021,TA,2021_TA.json,64781026,R,150000.0,PEO,1,2026-03-19
121162|2021|TA|20,121162,Kalyansinghpur,2021,TA,2021_TA.json,64781057,R,150000.0,PEO,2,2026-03-19
121162|2021|TA|21,121162,Kalyansinghpur,2021,TA,2021_TA.json,55237468,R,75000.0,PEO,32,2026-05-14
121162|2022|TA|0,121162,Kalyansinghpur,2022,TA,2022_TA.json,60852406,N,,NR,NR,2023-02-09
121162|2022|TA|1,121162,Kalyansinghpur,2022,TA,2022_TA.json,65809886,R,137000.0,PEO,1,2023-03-16
121162|2022|TA|2,121162,Kalyansinghpur,2022,TA,2022_TA.json,60854945,R,178544.0,PEO,1,2023-04-25
121162|2022|TA|3,121162,Kalyansinghpur,2022,TA,2022_TA.json,60851379,R,200000.0,PEO,1,2023-04-26
121162|2022|TA|4,121162,Kalyansinghpur,2022,TA,2022_TA.json,60851530,N,,NR,NR,2023-04-26
121162|2022|TA|5,121162,Kalyansinghpur,2022,TA,2022_TA.json,60852518,R,300000.0,PEO,4,2023-09-18
121162|2022|TA|6,121162,Kalyansinghpur,2022,TA,2022_TA.json,60852206,R,81392.0,PEO,3,2023-09-19
121162|2022|TA|7,121162,Kalyansinghpur,2022,TA,2022_TA.json,60854790,R,100000.0,PEO,9,2024-01-13
121162|2022|TA|8,121162,Kalyansinghpur,2022,TA,2022_TA.json,65809965,R,118944.0,PEO,14,2024-05-30
121162|2023|TA|0,121162,Kalyansinghpur,2023,TA,2023_TA.json,83110240,N,,NR,NR,2023-09-27
121162|2023|TA|1,121162,Kalyansinghpur,2023,TA,2023_TA.json,82767837,N,,NR,NR,2023-09-25
121162|2023|TA|2,121162,Kalyansinghpur,2023,TA,2023_TA.json,75536540,N,,NR,NR,2023-09-25
121162|2023|TA|3,121162,Kalyansinghpur,2023,TA,2023_TA.json,83106060,N,,NR,NR,2023-10-07
121162|2023|TA|4,121162,Kalyansinghpur,2023,TA,2023_TA.json,75540169,R,80000.0,PEO,5,2023-10-19
121162|2023|TA|5,121162,Kalyansinghpur,2023,TA,2023_TA.json,83110585,R,280370.0,PEO,6,2023-11-20
121162|2023|TA|6,121162,Kalyansinghpur,2023,TA,2023_TA.json,83105641,R,100000.0,PEO,9,2023-11-20
121162|2023|TA|7,121162,Kalyansinghpur,2023,TA,2023_TA.json,83107789,R,217056.0,PEO,11,2023-11-06
121162|2023|TA|8,121162,Kalyansinghpur,2023,TA,2023_TA.json,75538202,R,300000.0,PEO,8,2023-11-29
121162|2023|TA|9,121162,Kalyansinghpur,2023,TA,2023_TA.json,83105246,R,257944.0,PEO,2,2023-12-04
121162|2023|TA|10,121162,Kalyansinghpur,2023,TA,2023_TA.json,75537916,R,100000.0,PEO,3,2023-12-22
121162|2023|TA|11,121162,Kalyansinghpur,2023,TA,2023_TA.json,83103434,R,25000.0,peo,6,2024-04-12
121162|2023|TA|12,121162,Kalyansinghpur,2023,TA,2023_TA.json,75538351,R,100000.0,peo,9,2024-04-12
121162|2023|TA|13,121162,Kalyansinghpur,2023,TA,2023_TA.json,83104446,R,34335.0,peo,5,2024-04-12
121162|2023|TA|14,121162,Kalyansinghpur,2023,TA,2023_TA.json,83107171,R,348223.0,PEO,6,2024-04-10
121162|2023|TA|15,121162,Kalyansinghpur,2023,TA,2023_TA.json,75537618,R,300000.0,14,PEO,2024-05-31
121162|2023|TA|16,121162,Kalyansinghpur,2023,TA,2023_TA.json,75538799,R,61911.0,PEO,34,2024-07-01
121162|2023|TA|17,121162,Kalyansinghpur,2023,TA,2023_TA.json,83106698,R,20000.0,PEO,1,2024-08-05
121162|2023|TA|18,121162,Kalyansinghpur,2023,TA,2023_TA.json,75538598,R,50000.0,PEO,36,2024-08-28
121162|2023|TA|19,121162,Kalyansinghpur,2023,TA,2023_TA.json,75536261,R,50000.0,PEO,6,2026-06-10
121162|2024|TA|0,121162,Kalyansinghpur,2024,TA,2024_TA.json,101943167,R,195000.0,PEO,1,2024-12-12
121162|2024|TA|1,121162,Kalyansinghpur,2024,TA,2024_TA.json,101200191,R,175000.0,PEO,24,2025-01-03
121162|2024|TA|2,121162,Kalyansinghpur,2024,TA,2024_TA.json,101206064,R,100000.0,PEO,3,2025-01-08
121162|2024|TA|3,121162,Kalyansinghpur,2024,TA,2024_TA.json,101450165,R,145000.0,PEO,6,2025-01-21
121162|2024|TA|4,121162,Kalyansinghpur,2024,TA,2024_TA.json,101209482,R,100000.0,PEO,1,2024-08-27
121162|2024|TA|5,121162,Kalyansinghpur,2024,TA,2024_TA.json,101202904,R,50000.0,PEO,36,2024-08-28
121162|2024|TA|6,121162,Kalyansinghpur,2024,TA,2024_TA.json,101942967,R,174567.0,PEO,2,2024-09-21
121162|2024|TA|7,121162,Kalyansinghpur,2024,TA,2024_TA.json,101207349,R,100000.0,PEO,2,2024-09-25
121162|2024|TA|8,121162,Kalyansinghpur,2024,TA,2024_TA.json,101463641,R,120000.0,PEO,23,2024-10-09
121162|2024|TA|9,121162,Kalyansinghpur,2024,TA,2024_TA.json,101462488,R,72000.0,PEO,22,2024-10-09
121162|2024|TA|10,121162,Kalyansinghpur,2024,TA,2024_TA.json,101943072,R,120000.0,PEO,24,2024-10-09
121162|2024|TA|11,121162,Kalyansinghpur,2024,TA,2024_TA.json,101823016,R,100657.0,PEO,19,2025-06-22
121162|2024|TA|12,121162,Kalyansinghpur,2024,TA,2024_TA.json,101943326,R,130551.0,PEO,33,2025-02-06
121162|2024|TA|13,121162,Kalyansinghpur,2024,TA,2024_TA.json,101455363,R,100000.0,PEO,6,2025-02-18
121162|2024|TA|14,121162,Kalyansinghpur,2024,TA,2024_TA.json,101193092,R,125000.0,PEO,28,2025-02-25
121162|2024|TA|15,121162,Kalyansinghpur,2024,TA,2024_TA.json,101734066,R,145000.0,PEO,24,2025-04-05
121162|2024|TA|16,121162,Kalyansinghpur,2024,TA,2024_TA.json,101454063,R,100000.0,PEO,7,2025-04-23
121162|2024|TA|17,121162,Kalyansinghpur,2024,TA,2024_TA.json,101467404,R,119000.0,PEO,18,2025-05-03
121162|2024|TA|18,121162,Kalyansinghpur,2024,TA,2024_TA.json,101452188,R,100000.0,PEO,26,2025-05-28
121162|2024|TA|19,121162,Kalyansinghpur,2024,TA,2024_TA.json,101456571,R,107756.0,PEO,5,2025-12-31
121162|2024|TA|20,121162,Kalyansinghpur,2024,TA,2024_TA.json,101943452,R,130461.0,PEO,8,2026-04-29
121162|2024|TA|21,121162,Kalyansinghpur,2024,TA,2024_TA.json,101201947,R,195000.0,PEO,4,2026-05-19
121162|2025|TA|0,121162,Kalyansinghpur,2025,TA,2025_TA.json,122217940,R,100000.0,PEO,8,2025-08-21
121162|2025|TA|1,121162,Kalyansinghpur,2025,TA,2025_TA.json,122216134,R,100000.0,PEO,2,2025-08-21
121162|2025|TA|2,121162,Kalyansinghpur,2025,TA,2025_TA.json,121342351,R,87000.0,PEO,1,2025-10-28
121162|2025|TA|3,121162,Kalyansinghpur,2025,TA,2025_TA.json,122219678,R,110000.0,PEO,2,2025-10-28
121162|2025|TA|4,121162,Kalyansinghpur,2025,TA,2025_TA.json,124965786,R,144000.0,PEO,2,2025-09-21
121162|2025|TA|5,121162,Kalyansinghpur,2025,TA,2025_TA.json,122218492,R,100000.0,PEO,8,2026-01-08
121162|2025|TA|6,121162,Kalyansinghpur,2025,TA,2025_TA.json,122221126,R,100000.0,PEO,9,2026-01-08
121162|2025|TA|7,121162,Kalyansinghpur,2025,TA,2025_TA.json,122220054,R,100000.0,PEO,12,2026-03-31
121162|2025|TA|8,121162,Kalyansinghpur,2025,TA,2025_TA.json,122218746,R,200000.0,PEO,8,2026-04-28
121162|2025|TA|9,121162,Kalyansinghpur,2025,TA,2025_TA.json,122220564,R,164000.0,PEO,6,2026-04-29
121526|2020|TA|0,121526,Karuabahal,2020,TA,2020_TA.json,44117617,R,562350.0,SARPANCH,1,2020-11-17
121526|2020|TA|1,121526,Karuabahal,2020,TA,2020_TA.json,44117534,R,500000.0,SARPANCH,2,2020-11-17
121526|2020|TA|2,121526,Karuabahal,2020,TA,2020_TA.json,44127103,R,50000.0,SARPANCH,1,2021-07-01
121526|2020|TA|3,121526,Karuabahal,2020,TA,2020_TA.json,44117113,N,,NR,NR,2021-07-06
121526|2020|TA|4,121526,Karuabahal,2020,TA,2020_TA.json,44190627,R,50000.0,SARPANCH,5,2021-07-01
121526|2020|TA|5,121526,Karuabahal,2020,TA,2020_TA.json,44117698,R,100000.0,SARPANCH,6,2021-07-01
121526|2020|TA|6,121526,Karuabahal,2020,TA,2020_TA.json,44116828,N,,NR,NR,2021-08-26
121526|2020|TA|7,121526,Karuabahal,2020,TA,2020_TA.json,44126993,R,460000.0,SARPANCH,4,2020-10-28
121526|2020|TA|8,121526,Karuabahal,2020,TA,2020_TA.json,44190688,R,80000.0,SARPANCH,7202021,2021-04-05
121526|2020|TA|9,121526,Karuabahal,2020,TA,2020_TA.json,44127926,R,80000.0,SARPANCH,9202021,2021-04-05
121526|2020|TA|10,121526,Karuabahal,2020,TA,2020_TA.json,44117403,N,,NR,NR,2022-08-11
121526|2020|TA|11,121526,Karuabahal,2020,TA,2020_TA.json,44117314,R,508844.0,SARPANCH,2202021,2021-04-05
121526|2021|TA|0,121526,Karuabahal,2021,TA,2021_TA.json,47711876,N,,NR,NR,2021-10-08
121526|2021|TA|1,121526,Karuabahal,2021,TA,2021_TA.json,47710418,R,262350.0,SARPANCH,42021,2021-12-24
121526|2021|TA|2,121526,Karuabahal,2021,TA,2021_TA.json,47714942,R,242844.0,SARPANCH,2,2021-12-31
121526|2021|TA|3,121526,Karuabahal,2021,TA,2021_TA.json,47713210,N,,NR,NR,2022-04-26
121526|2021|TA|4,121526,Karuabahal,2021,TA,2021_TA.json,47712667,N,,NR,NR,2022-04-26
121526|2021|TA|5,121526,Karuabahal,2021,TA,2021_TA.json,47713430,N,,NR,NR,2022-09-11
121526|2021|TA|6,121526,Karuabahal,2021,TA,2021_TA.json,47709755,R,300000.0,Sarpanch,10202122,2021-12-31
121526|2021|TA|7,121526,Karuabahal,2021,TA,2021_TA.json,80225623,R,80000.0,Sarpanch,1202122,2023-05-24
121526|2021|TA|8,121526,Karuabahal,2021,TA,2021_TA.json,80225769,R,120000.0,Sarpanch,2202122,2023-06-09
121526|2021|TA|9,121526,Karuabahal,2021,TA,2021_TA.json,47707727,R,171175.0,SARPANCH,8202122,2021-12-31
121526|2021|TA|10,121526,Karuabahal,2021,TA,2021_TA.json,47714600,R,350000.0,Sarpanch,1202122,2021-11-20
121526|2022|TA|0,121526,Karuabahal,2022,TA,2022_TA.json,61826579,N,,NR,NR,2023-02-23
121526|2022|TA|1,121526,Karuabahal,2022,TA,2022_TA.json,61826655,N,,NR,NR,2023-02-23
121526|2022|TA|2,121526,Karuabahal,2022,TA,2022_TA.json,61825320,N,,NR,NR,2023-02-23
121526|2022|TA|3,121526,Karuabahal,2022,TA,2022_TA.json,61826335,N,,NR,NR,2023-02-23
121526|2022|TA|4,121526,Karuabahal,2022,TA,2022_TA.json,66562733,R,25000.0,Sarpanch,4,2023-02-02
121526|2022|TA|5,121526,Karuabahal,2022,TA,2022_TA.json,61824821,R,96000.0,Sarpanch,4,2023-02-01
121526|2022|TA|6,121526,Karuabahal,2022,TA,2022_TA.json,66937270,R,500000.0,Sarpanch,6202223,2023-02-03
121526|2022|TA|7,121526,Karuabahal,2022,TA,2022_TA.json,66562853,R,69000.0,SARPANCH,10202223,2023-05-27
121526|2022|TA|8,121526,Karuabahal,2022,TA,2022_TA.json,66562818,R,67500.0,SARPANCH,9202223,2023-05-25
121526|2022|TA|9,121526,Karuabahal,2022,TA,2022_TA.json,61826742,N,,NR,NR,2023-07-12
121526|2022|TA|10,121526,Karuabahal,2022,TA,2022_TA.json,66562938,R,69000.0,SARPANCH,13202223,2023-04-01
121526|2022|TA|11,121526,Karuabahal,2022,TA,2022_TA.json,66562961,R,71400.0,SARPANCH,12202223,2023-11-01
121526|2022|TA|12,121526,Karuabahal,2022,TA,2022_TA.json,66563105,R,229800.0,SARPANCH,15202223,2023-11-01
121526|2022|TA|13,121526,Karuabahal,2022,TA,2022_TA.json,66563054,R,238792.0,SARPANCH,16,2024-02-26
121526|2022|TA|14,121526,Karuabahal,2022,TA,2022_TA.json,66562710,R,196000.0,SARPANCH,5202223,2025-01-29
121526|2023|TA|0,121526,Karuabahal,2023,TA,2023_TA.json,83311975,R,96000.0,Sarpanch,26202324,2023-11-01
121526|2023|TA|1,121526,Karuabahal,2023,TA,2023_TA.json,83390114,N,,NR,NR,2024-01-29
121526|2023|TA|2,121526,Karuabahal,2023,TA,2023_TA.json,83394942,R,650000.0,SARPANCH,83394942,2025-01-02
121526|2023|TA|3,121526,Karuabahal,2023,TA,2023_TA.json,83313861,R,100000.0,SARPANCH,27202324,2024-03-02
121526|2023|TA|4,121526,Karuabahal,2023,TA,2023_TA.json,83387320,R,200000.0,SARPANCH,123202324,2024-04-21
121526|2023|TA|5,121526,Karuabahal,2023,TA,2023_TA.json,83396097,R,99980.0,SARPANCH,83396097,2024-08-02
121526|2023|TA|6,121526,Karuabahal,2023,TA,2023_TA.json,72781897,R,203000.0,SARPANCH,72781897,2024-08-02
121526|2024|TA|0,121526,Karuabahal,2024,TA,2024_TA.json,104479341,R,200000.0,SARPANCH,28202425,2024-12-12
121526|2024|TA|1,121526,Karuabahal,2024,TA,2024_TA.json,104478186,R,200000.0,SARPANCH,104478186,2025-01-04
121526|2024|TA|2,121526,Karuabahal,2024,TA,2024_TA.json,104474754,R,6000.0,SARPANCH,2202425,2024-09-25
121526|2024|TA|3,121526,Karuabahal,2024,TA,2024_TA.json,104472887,R,6000.0,SARPANCH,5202425,2024-09-20
121526|2024|TA|4,121526,Karuabahal,2024,TA,2024_TA.json,104476183,R,50000.0,SARPANCH,5202425,2024-09-20
121526|2024|TA|5,121526,Karuabahal,2024,TA,2024_TA.json,104477552,R,250000.0,SARPANCH,104477552,2024-08-02
121526|2024|TA|6,121526,Karuabahal,2024,TA,2024_TA.json,104480037,R,350000.0,SARPANCH,104480037,2024-08-02
121526|2024|TA|7,121526,Karuabahal,2024,TA,2024_TA.json,104479411,R,77540.0,SARPANCH,8202425,2024-09-30
121526|2024|TA|8,121526,Karuabahal,2024,TA,2024_TA.json,104476960,R,171000.0,SARPANCH,104476960,2024-10-18
121526|2024|TA|9,121526,Karuabahal,2024,TA,2024_TA.json,104475801,R,60000.0,SARPANCH,4202425,2024-10-18
121526|2024|TA|10,121526,Karuabahal,2024,TA,2024_TA.json,104494065,R,150000.0,Sarpanch,104494065,2024-10-23
121526|2024|TA|11,121526,Karuabahal,2024,TA,2024_TA.json,104492019,R,250000.0,SARPANCH,104492019,2024-10-23
121526|2024|TA|12,121526,Karuabahal,2024,TA,2024_TA.json,104495110,R,50000.0,SARPANCH,104495110,2024-10-23
121526|2024|TA|13,121526,Karuabahal,2024,TA,2024_TA.json,104657223,R,38567.0,gp,302425,2024-08-10
121526|2024|TA|14,121526,Karuabahal,2024,TA,2024_TA.json,104482322,R,50000.0,gp,34202425,2024-10-22
121526|2024|TA|15,121526,Karuabahal,2024,TA,2024_TA.json,104477918,R,80000.0,GP,22425,2024-09-10
121526|2024|TA|16,121526,Karuabahal,2024,TA,2024_TA.json,104530498,R,241118.0,GP,372425,2024-10-15
121526|2025|TA|0,121526,Karuabahal,2025,TA,2025_TA.json,124908476,R,77000.0,GP,72526,2025-09-20
121526|2025|TA|1,121526,Karuabahal,2025,TA,2025_TA.json,124957699,R,183840.0,GP,192526,2025-09-17
121526|2025|TA|2,121526,Karuabahal,2025,TA,2025_TA.json,124908308,R,102000.0,GP,42526,2025-09-10
121526|2025|TA|3,121526,Karuabahal,2025,TA,2025_TA.json,124908159,R,126000.0,GP,12025,2025-09-10
121526|2025|TA|4,121526,Karuabahal,2025,TA,2025_TA.json,124957341,R,400000.0,GP,262025,2025-09-04
121526|2025|TA|5,121526,Karuabahal,2025,TA,2025_TA.json,124908718,R,50000.0,GP,102025,2025-09-18
121663|2020|TA|0,121663,Haldikudar,2020,TA,2020_TA.json,44088706,R,150000.0,SARPANCH,9,2019-10-02
121663|2020|TA|1,121663,Haldikudar,2020,TA,2020_TA.json,44088636,R,150000.0,SARPANCH,5,2019-10-02
121663|2020|TA|2,121663,Haldikudar,2020,TA,2020_TA.json,44088766,R,107350.0,SARPANCH,7,2019-10-02
121663|2020|TA|3,121663,Haldikudar,2020,TA,2020_TA.json,44088934,R,75000.0,SARPANCH,6,2019-10-02
121663|2020|TA|4,121663,Haldikudar,2020,TA,2020_TA.json,44088597,R,150000.0,SARPANCH,2,2019-10-02
121663|2020|TA|5,121663,Haldikudar,2020,TA,2020_TA.json,44088864,R,150000.0,SARPANCH,3,2019-10-02
121663|2020|TA|6,121663,Haldikudar,2020,TA,2020_TA.json,44088822,R,72000.0,SARPANCH,3,2019-10-02
121663|2020|TA|7,121663,Haldikudar,2020,TA,2020_TA.json,44088799,R,100000.0,SARPANCH,2,2019-10-02
121663|2020|TA|8,121663,Haldikudar,2020,TA,2020_TA.json,44088684,R,150000.0,SARPANCH,4,2019-10-02
121663|2020|TA|9,121663,Haldikudar,2020,TA,2020_TA.json,44088984,R,125000.0,SARPANCH,5,2019-10-02
121663|2020|TA|10,121663,Haldikudar,2020,TA,2020_TA.json,44088735,R,6000.0,SARPANCH,6,2019-10-02
121663|2020|TA|11,121663,Haldikudar,2020,TA,2020_TA.json,44088778,R,6000.0,SARPANCH,5,2019-10-02
121663|2020|TA|12,121663,Haldikudar,2020,TA,2020_TA.json,53731743,R,205000.0,SARPANCH,6,2020-10-02
121663|2020|TA|13,121663,Haldikudar,2020,TA,2020_TA.json,56729464,R,162350.0,SARPANCH,10,2021-01-26
121663|2020|TA|14,121663,Haldikudar,2020,TA,2020_TA.json,44088952,R,86844.0,SARPANCH,11,2020-01-28
121663|2021|TA|0,121663,Haldikudar,2021,TA,2021_TA.json,47625526,R,300000.0,SARPANCH,7,2020-10-02
121663|2021|TA|1,121663,Haldikudar,2021,TA,2021_TA.json,48228667,R,72000.0,SARPANCH,6,2020-10-02
121663|2021|TA|2,121663,Haldikudar,2021,TA,2021_TA.json,56778477,R,68825.0,SARPANCH,9,2021-10-02
121663|2021|TA|3,121663,Haldikudar,2021,TA,2021_TA.json,56115159,R,162350.0,SARPANCH,10,2021-10-02
121663|2021|TA|4,121663,Haldikudar,2021,TA,2021_TA.json,56740472,R,281444.0,SARPANCH,11,2021-10-02
121663|2021|TA|5,121663,Haldikudar,2021,TA,2021_TA.json,48227364,R,6000.0,SARPANCH,7,2020-10-02
121663|2021|TA|6,121663,Haldikudar,2021,TA,2021_TA.json,48227546,R,6000.0,SARPANCH,8,2020-10-02
121663|2021|TA|7,121663,Haldikudar,2021,TA,2021_TA.json,48225561,R,150000.0,SARPANCH,8,2021-01-26
121663|2021|TA|8,121663,Haldikudar,2021,TA,2021_TA.json,48224906,R,150000.0,SARPANCH,7,2021-01-26
121663|2021|TA|9,121663,Haldikudar,2021,TA,2021_TA.json,48225117,R,150000.0,SARPANCH,6,2021-01-26
121663|2021|TA|10,121663,Haldikudar,2021,TA,2021_TA.json,48225316,R,81175.0,SARPANCH,5,2021-01-26
121663|2021|TA|11,121663,Haldikudar,2021,TA,2021_TA.json,48225778,R,150000.0,SARPANCH,4,2021-01-26
121663|2021|TA|12,121663,Haldikudar,2021,TA,2021_TA.json,47625309,R,150000.0,SARPANCH,4,2021-01-26
121663|2021|TA|13,121663,Haldikudar,2021,TA,2021_TA.json,48228818,R,50000.0,SARPANCH,7,2021-01-26
121663|2021|TA|14,121663,Haldikudar,2021,TA,2021_TA.json,48229204,R,300000.0,SARPANCH,11,2021-01-26
121663|2021|TA|15,121663,Haldikudar,2021,TA,2021_TA.json,48226536,R,200000.0,SARPANCH,8,2020-10-02
121663|2021|TA|16,121663,Haldikudar,2021,TA,2021_TA.json,47625750,R,100000.0,SARPANCH,12,2021-01-26
121663|2021|TA|17,121663,Haldikudar,2021,TA,2021_TA.json,48226686,R,200000.0,AEE,2,2021-04-16
121663|2022|TA|0,121663,Haldikudar,2022,TA,2022_TA.json,66413582,R,25000.0,SARPANCH,2,2021-10-02
121663|2022|TA|1,121663,Haldikudar,2022,TA,2022_TA.json,66413521,R,96000.0,SARPANCH,1,2021-10-02
121663|2022|TA|2,121663,Haldikudar,2022,TA,2022_TA.json,66413530,R,12000.0,SARPANCH,3,2021-10-02
121663|2022|TA|3,121663,Haldikudar,2022,TA,2022_TA.json,61836011,R,58992.0,SARPANCH,7,2021-10-02
121663|2022|TA|4,121663,Haldikudar,2022,TA,2022_TA.json,61835851,R,20000.0,SARPANCH,5,2021-10-02
121663|2022|TA|5,121663,Haldikudar,2022,TA,2022_TA.json,61836314,R,48000.0,SARPANCH,7,2021-10-02
121663|2022|TA|6,121663,Haldikudar,2022,TA,2022_TA.json,61836355,R,24000.0,SARPANCH,9,2021-10-02
121663|2022|TA|7,121663,Haldikudar,2022,TA,2022_TA.json,66413698,R,270000.0,SARPANCH,2,2021-10-02
121663|2022|TA|8,121663,Haldikudar,2022,TA,2022_TA.json,61836646,R,150000.0,SARPANCH,5,2021-10-02
121663|2022|TA|9,121663,Haldikudar,2022,TA,2022_TA.json,61836554,R,286900.0,SARPANCH,6,2021-10-02
121663|2022|TA|10,121663,Haldikudar,2022,TA,2022_TA.json,66413678,R,72000.0,SARPANCH,23,2021-10-02
121663|2022|TA|11,121663,Haldikudar,2022,TA,2022_TA.json,61835970,R,6000.0,SARPANCH,8,2021-10-02
121663|2022|TA|12,121663,Haldikudar,2022,TA,2022_TA.json,61836061,R,6000.0,SARPANCH,9,2021-10-02
121663|2022|TA|13,121663,Haldikudar,2022,TA,2022_TA.json,66413555,R,44300.0,sarpanch,6,2022-12-01
121663|2022|TA|14,121663,Haldikudar,2022,TA,2022_TA.json,66413399,R,45000.0,sarpanch,2,2023-04-20
121663|2022|TA|15,121663,Haldikudar,2022,TA,2022_TA.json,66413413,R,48000.0,sarpanch,3,2022-06-23
121663|2022|TA|16,121663,Haldikudar,2022,TA,2022_TA.json,66413428,R,12000.0,sarpanch,3,2022-10-20
121663|2022|TA|17,121663,Haldikudar,2022,TA,2022_TA.json,66413440,R,30000.0,sarpanch,4,2022-08-18
121663|2022|TA|18,121663,Haldikudar,2022,TA,2022_TA.json,66413460,R,12000.0,sarpanch,5,2022-10-18
121663|2022|TA|19,121663,Haldikudar,2022,TA,2022_TA.json,66413471,R,27000.0,sarpanch,7,2022-11-16
121663|2022|TA|20,121663,Haldikudar,2022,TA,2022_TA.json,66413485,R,24000.0,sarpanch,8,2022-08-25
121663|2022|TA|21,121663,Haldikudar,2022,TA,2022_TA.json,66413494,R,24000.0,sarpanch,11,2022-07-14
121663|2022|TA|22,121663,Haldikudar,2022,TA,2022_TA.json,66413504,R,12000.0,sarpanch,8,2022-10-12
121663|2022|TA|23,121663,Haldikudar,2022,TA,2022_TA.json,66413513,R,15000.0,sarpanch,3,2022-10-12
121663|2023|TA|0,121663,Haldikudar,2023,TA,2023_TA.json,83171648,R,100000.0,SARPANCH,21,2022-01-26
121663|2023|TA|1,121663,Haldikudar,2023,TA,2023_TA.json,83174810,R,116080.0,SARPANCH,12,2022-10-03
121663|2023|TA|2,121663,Haldikudar,2023,TA,2023_TA.json,83175291,R,250000.0,AEE,2,2024-12-10
121663|2023|TA|3,121663,Haldikudar,2023,TA,2023_TA.json,83175066,R,250000.0,sarpanch,2,2023-09-04
121663|2023|TA|4,121663,Haldikudar,2023,TA,2023_TA.json,83173573,R,251860.0,AEE,5,2024-08-21
121663|2023|TA|5,121663,Haldikudar,2023,TA,2023_TA.json,83170492,R,300000.0,AEE,6,2024-08-30
121663|2023|TA|6,121663,Haldikudar,2023,TA,2023_TA.json,83170712,R,300000.0,AEE,8,2024-06-20
121663|2023|TA|7,121663,Haldikudar,2023,TA,2023_TA.json,83171905,R,160000.0,AEE,10,2024-06-20
121663|2023|TA|8,121663,Haldikudar,2023,TA,2023_TA.json,83172150,R,160000.0,AEE,11,2024-06-25
121663|2023|TA|9,121663,Haldikudar,2023,TA,2023_TA.json,83173257,R,105000.0,AEE,12,2024-06-27
121663|2024|TA|0,121663,Haldikudar,2024,TA,2024_TA.json,103395804,R,100000.0,SARPANCH,6,2024-01-26
121663|2024|TA|1,121663,Haldikudar,2024,TA,2024_TA.json,103603821,R,177330.0,SARPANCH,9,2023-01-26
121663|2024|TA|2,121663,Haldikudar,2024,TA,2024_TA.json,103399694,R,45000.0,je,8,2024-05-30
121663|2024|TA|3,121663,Haldikudar,2024,TA,2024_TA.json,104262907,R,40000.0,je,7,2024-05-30
121663|2024|TA|4,121663,Haldikudar,2024,TA,2024_TA.json,103599476,R,225426.0,AEE,5,2024-11-20
121663|2024|TA|5,121663,Haldikudar,2024,TA,2024_TA.json,103598945,R,250000.0,AEE,14,2024-10-20
121663|2024|TA|6,121663,Haldikudar,2024,TA,2024_TA.json,104264635,R,200000.0,SARPANCH,12,2024-01-26
121663|2024|TA|7,121663,Haldikudar,2024,TA,2024_TA.json,103590271,R,3500.0,AEE,1,2026-01-01
121663|2024|TA|8,121663,Haldikudar,2024,TA,2024_TA.json,103591270,R,3500.0,AEE,1,2024-01-26
121663|2024|TA|9,121663,Haldikudar,2024,TA,2024_TA.json,103591815,R,3500.0,AEE,1,2024-01-26
121663|2024|TA|10,121663,Haldikudar,2024,TA,2024_TA.json,103592539,R,3500.0,AEE,1,2024-01-26
121663|2024|TA|11,121663,Haldikudar,2024,TA,2024_TA.json,103593835,R,3500.0,AEE,1,2024-01-26
121663|2024|TA|12,121663,Haldikudar,2024,TA,2024_TA.json,103594510,R,3500.0,AEE,1,2024-01-26
121663|2024|TA|13,121663,Haldikudar,2024,TA,2024_TA.json,103596374,R,3500.0,AEE,1,2024-01-26
121663|2024|TA|14,121663,Haldikudar,2024,TA,2024_TA.json,103597071,R,3500.0,AEE,1,2024-01-26
121663|2024|TA|15,121663,Haldikudar,2024,TA,2024_TA.json,103590854,R,3500.0,AEE,1,2024-01-01
121663|2024|TA|16,121663,Haldikudar,2024,TA,2024_TA.json,103593221,R,3500.0,AEE,1,2024-01-26
121663|2024|TA|17,121663,Haldikudar,2024,TA,2024_TA.json,103595175,R,3500.0,AEE,1,2024-01-26
121663|2024|TA|18,121663,Haldikudar,2024,TA,2024_TA.json,103595768,R,3500.0,AEE,1,2024-01-26
121663|2025|TA|0,121663,Haldikudar,2025,TA,2025_TA.json,125959525,R,100000.0,AEE,2,2025-04-01
121663|2025|TA|1,121663,Haldikudar,2025,TA,2025_TA.json,125959616,R,144000.0,sarpanch,2,2024-02-06
121663|2025|TA|2,121663,Haldikudar,2025,TA,2025_TA.json,125959551,R,339567.0,sarpanch,2,2025-11-19
121663|2025|TA|3,121663,Haldikudar,2025,TA,2025_TA.json,125961224,R,30000.0,AEE,1,2025-01-26
121663|2025|TA|4,121663,Haldikudar,2025,TA,2025_TA.json,125961168,R,117000.0,AEE,1,2025-01-26
121663|2025|TA|5,121663,Haldikudar,2025,TA,2025_TA.json,125961209,R,200000.0,AEE,1,2025-04-01
121663|2025|TA|6,121663,Haldikudar,2025,TA,2025_TA.json,125959569,R,50000.0,AEE,1,2025-01-26
121663|2025|TA|7,121663,Haldikudar,2025,TA,2025_TA.json,125961193,R,250000.0,AEE,1,2026-02-01
121663|2025|TA|8,121663,Haldikudar,2025,TA,2025_TA.json,125961183,R,250000.0,AEE,1,2026-02-01
275075|2020|TA|0,275075,Mendarajpur,2020,TA,2020_TA.json,44717163,R,200000.0,SARPANCH,1,2020-10-15
275075|2020|TA|1,275075,Mendarajpur,2020,TA,2020_TA.json,44717151,R,76830.0,sarpanch,2,2020-10-15
275075|2020|TA|2,275075,Mendarajpur,2020,TA,2020_TA.json,44716708,R,120000.0,SARAPANCHA,12,2020-09-02
275075|2020|TA|3,275075,Mendarajpur,2020,TA,2020_TA.json,44717122,R,500000.0,sarpanch,13,2020-11-19
275075|2020|TA|4,275075,Mendarajpur,2020,TA,2020_TA.json,38554424,R,50000.0,sarpanch,14,2020-11-19
275075|2020|TA|5,275075,Mendarajpur,2020,TA,2020_TA.json,38554360,R,106382.0,sarpanch,13,2020-11-19
275075|2020|TA|6,275075,Mendarajpur,2020,TA,2020_TA.json,38554554,R,60000.0,sarpanch,17,2020-11-19
275075|2020|TA|7,275075,Mendarajpur,2020,TA,2020_TA.json,44720961,R,80000.0,SARAPANCHA,12,2020-12-02
275075|2020|TA|8,275075,Mendarajpur,2020,TA,2020_TA.json,44720985,R,500000.0,SARAPANCHA,12,2020-12-08
275075|2020|TA|9,275075,Mendarajpur,2020,TA,2020_TA.json,38554282,R,100000.0,SARAPANCHA,12,2020-12-01
275075|2020|TA|10,275075,Mendarajpur,2020,TA,2020_TA.json,44720945,R,250000.0,SARAPANCHA,12,2020-12-09
275075|2020|TA|11,275075,Mendarajpur,2020,TA,2020_TA.json,38554518,R,500000.0,SARAPANCHA,12,2021-01-12
275075|2020|TA|12,275075,Mendarajpur,2020,TA,2020_TA.json,44717060,R,42000.0,sarapancha,1,2021-03-03
275075|2020|TA|13,275075,Mendarajpur,2020,TA,2020_TA.json,44717082,R,42000.0,sarapancha,3,2021-03-02
275075|2020|TA|14,275075,Mendarajpur,2020,TA,2020_TA.json,44717099,R,42000.0,sarapancha,5,2021-03-03
275075|2020|TA|15,275075,Mendarajpur,2020,TA,2020_TA.json,44716767,R,126000.0,sarapancha,3,2021-03-02
275075|2020|TA|16,275075,Mendarajpur,2020,TA,2020_TA.json,44716724,R,168000.0,sarapancha,1,2021-03-02
275075|2020|TA|17,275075,Mendarajpur,2020,TA,2020_TA.json,44716747,R,126000.0,sarapancha,1,2021-03-02
275075|2020|TA|18,275075,Mendarajpur,2020,TA,2020_TA.json,44716654,R,30000.0,ae,2,2021-03-24
275075|2020|TA|19,275075,Mendarajpur,2020,TA,2020_TA.json,44716682,R,20000.0,ae,2,2021-03-26
275075|2020|TA|20,275075,Mendarajpur,2020,TA,2020_TA.json,44714596,R,30000.0,ae,2,2021-04-01
275075|2020|TA|21,275075,Mendarajpur,2020,TA,2020_TA.json,44714603,R,30000.0,ae,2,2021-04-02
275075|2020|TA|22,275075,Mendarajpur,2020,TA,2020_TA.json,44714612,R,30000.0,ae,2,2021-04-03
275075|2020|TA|23,275075,Mendarajpur,2020,TA,2020_TA.json,44720899,R,150000.0,SARAPANCHA,12,2021-05-05
275075|2020|TA|24,275075,Mendarajpur,2020,TA,2020_TA.json,44720919,R,262370.0,SARAPANCHA,12,2021-05-05
275075|2020|TA|25,275075,Mendarajpur,2020,TA,2020_TA.json,44717137,R,150000.0,SARAPANCHA,12,2021-12-01
275075|2020|TA|26,275075,Mendarajpur,2020,TA,2020_TA.json,44721063,R,397800.0,SARAPANCHA,5,2021-07-30
275075|2020|TA|27,275075,Mendarajpur,2020,TA,2020_TA.json,38553954,R,175000.0,SARAPANCHA,8,2021-12-30
275075|2020|TA|28,275075,Mendarajpur,2020,TA,2020_TA.json,38553887,R,144286.0,SARAPANCHA,12,2022-01-25
275075|2020|TA|29,275075,Mendarajpur,2020,TA,2020_TA.json,38553746,R,150000.0,SARAPANCHA,1,2022-04-01
275075|2020|TA|30,275075,Mendarajpur,2020,TA,2020_TA.json,44720974,R,200000.0,SARAPANCHA,22,2022-09-11
275075|2020|TA|31,275075,Mendarajpur,2020,TA,2020_TA.json,38554241,R,115000.0,SARAPANCHA,1,2022-09-23
275075|2020|TA|32,275075,Mendarajpur,2020,TA,2020_TA.json,38553917,R,25104.0,SARAPANCHA,1,2022-09-26
275075|2020|TA|33,275075,Mendarajpur,2020,TA,2020_TA.json,38553559,R,75000.0,SARAPANCHA,1,2022-09-26
275075|2020|TA|34,275075,Mendarajpur,2020,TA,2020_TA.json,38552980,R,24000.0,SARAPANCHA,1,2022-09-26
275075|2020|TA|35,275075,Mendarajpur,2020,TA,2020_TA.json,38553806,R,20000.0,SARAPANCHA,1,2022-09-26
275075|2020|TA|36,275075,Mendarajpur,2020,TA,2020_TA.json,38553824,R,15000.0,SARAPANCHA,1,2022-09-26
275075|2020|TA|37,275075,Mendarajpur,2020,TA,2020_TA.json,38554009,R,75000.0,SARAPANCHA,1,2022-09-26
275075|2020|TA|38,275075,Mendarajpur,2020,TA,2020_TA.json,44043553,R,50000.0,SARAPANCHA,1,2022-09-26
275075|2020|TA|39,275075,Mendarajpur,2020,TA,2020_TA.json,65286540,R,134000.0,SARAPANCHA,2,2022-09-26
275075|2020|TA|40,275075,Mendarajpur,2020,TA,2020_TA.json,38554579,R,186772.0,SARAPANCHA,1,2022-09-26
275075|2020|TA|41,275075,Mendarajpur,2020,TA,2020_TA.json,38554754,R,593074.0,sarapancha,1,2023-01-19
275075|2020|TA|42,275075,Mendarajpur,2020,TA,2020_TA.json,38554458,R,60000.0,sarapancha,15,2023-02-13
275075|2020|TA|43,275075,Mendarajpur,2020,TA,2020_TA.json,44721089,R,448701.0,SARAPANCHA,1,2023-05-20
275075|2020|TA|44,275075,Mendarajpur,2020,TA,2020_TA.json,65286426,R,100104.0,SARAPANCHA,1,2023-05-20
275075|2020|TA|45,275075,Mendarajpur,2020,TA,2020_TA.json,65286586,R,50000.0,SARAPANCHA,1,2023-07-08
275075|2020|TA|46,275075,Mendarajpur,2020,TA,2020_TA.json,38554319,R,50000.0,SARAPANCHA,12,2025-12-31
275075|2021|TA|0,275075,Mendarajpur,2021,TA,2021_TA.json,54926346,R,20000.0,SARAPANCHA,2,2021-12-31
275075|2021|TA|1,275075,Mendarajpur,2021,TA,2021_TA.json,54926315,R,243074.0,SARAPANCHA,1,2021-12-30
275075|2021|TA|2,275075,Mendarajpur,2021,TA,2021_TA.json,54926136,R,200000.0,SARAPANCHA,3,2021-12-30
275075|2021|TA|3,275075,Mendarajpur,2021,TA,2021_TA.json,54925960,R,250000.0,SARAPANCHA,1,2022-04-01
275075|2021|TA|4,275075,Mendarajpur,2021,TA,2021_TA.json,54926161,R,100000.0,SARAPANCHA,1,2022-04-01
275075|2021|TA|5,275075,Mendarajpur,2021,TA,2021_TA.json,54926248,R,138198.0,sarapancha,9,2023-02-27
275075|2021|TA|6,275075,Mendarajpur,2021,TA,2021_TA.json,54926188,R,300000.0,SARAPANCHA,1,2023-04-10
275075|2021|TA|7,275075,Mendarajpur,2021,TA,2021_TA.json,54926383,R,200000.0,SARAPANCHA,3,2023-09-12
275075|2021|TA|8,275075,Mendarajpur,2021,TA,2021_TA.json,54926426,R,141149.0,SARAPANCHA,8,2025-09-23
275075|2021|TA|9,275075,Mendarajpur,2021,TA,2021_TA.json,54926224,R,150000.0,SARAPANCHA,7,2025-09-23
275075|2021|TA|10,275075,Mendarajpur,2021,TA,2021_TA.json,54926014,R,119149.0,SARAPANCHA,1,2026-02-21
275075|2021|TA|11,275075,Mendarajpur,2021,TA,2021_TA.json,54926077,R,72000.0,AE,5,2024-03-06
275075|2022|TA|0,275075,Mendarajpur,2022,TA,2022_TA.json,65696910,R,150000.0,SARAPANCHA,1,2022-10-31
275075|2022|TA|1,275075,Mendarajpur,2022,TA,2022_TA.json,65698226,R,60891.0,Sarapancha,1,2022-12-12
275075|2022|TA|2,275075,Mendarajpur,2022,TA,2022_TA.json,65697004,R,246744.0,Sarapancha,2,2022-12-12
275075|2022|TA|3,275075,Mendarajpur,2022,TA,2022_TA.json,65698242,R,243120.0,sarapancha,1,2023-01-01
275075|2022|TA|4,275075,Mendarajpur,2022,TA,2022_TA.json,65698185,R,198100.0,SARAPANCHA,10,2023-05-10
275075|2022|TA|5,275075,Mendarajpur,2022,TA,2022_TA.json,65698207,R,100000.0,SARAPANCHA,1,2023-05-20
275075|2022|TA|6,275075,Mendarajpur,2022,TA,2022_TA.json,65698169,R,100000.0,SARAPANCHA,1,2023-05-20
275075|2022|TA|7,275075,Mendarajpur,2022,TA,2022_TA.json,65697137,R,166743.0,SARAPANCHA,166743,2023-06-27
275075|2022|TA|8,275075,Mendarajpur,2022,TA,2022_TA.json,65708798,R,100000.0,SARAPANCHA,1,2023-07-14
275075|2022|TA|9,275075,Mendarajpur,2022,TA,2022_TA.json,65698258,R,200000.0,SARAPANCHA,14,2023-09-12
275075|2022|TA|10,275075,Mendarajpur,2022,TA,2022_TA.json,65697095,R,90000.0,SARAPANCHA,1,2025-01-24
275075|2022|TA|11,275075,Mendarajpur,2022,TA,2022_TA.json,65697062,R,200000.0,SARAPANCHA,1,2025-02-19
275075|2022|TA|12,275075,Mendarajpur,2022,TA,2022_TA.json,65698292,R,100000.0,SARAPANCHA,1,2025-05-03
275075|2022|TA|13,275075,Mendarajpur,2022,TA,2022_TA.json,65697031,R,60000.0,SARAPANCHA,10,2025-11-12
275075|2022|TA|14,275075,Mendarajpur,2022,TA,2022_TA.json,65697900,R,50000.0,SARAPANCHA,7,2025-12-31
275075|2023|TA|0,275075,Mendarajpur,2023,TA,2023_TA.json,81278841,R,218060.0,SARAPANCHA,1,2024-07-12
275075|2023|TA|1,275075,Mendarajpur,2023,TA,2023_TA.json,81275031,R,27060.0,SARAPANCHA,1,2024-10-30
275075|2023|TA|2,275075,Mendarajpur,2023,TA,2023_TA.json,79112249,R,330000.0,SARAPANCHA,1,2024-08-06
275075|2023|TA|3,275075,Mendarajpur,2023,TA,2023_TA.json,79114303,R,59193.0,SARAPANCHA,12,2024-12-27
275075|2023|TA|4,275075,Mendarajpur,2023,TA,2023_TA.json,79094376,R,100000.0,SARAPANCHA,1,2025-01-24
275075|2023|TA|5,275075,Mendarajpur,2023,TA,2023_TA.json,79110929,R,147272.0,SARAPANCHA,1,2025-01-24
275075|2023|TA|6,275075,Mendarajpur,2023,TA,2023_TA.json,75761153,R,50000.0,SARAPANCHA,15,2025-07-29
275075|2023|TA|7,275075,Mendarajpur,2023,TA,2023_TA.json,75759321,R,50000.0,SARAPANCHA,6,2025-07-29
275075|2023|TA|8,275075,Mendarajpur,2023,TA,2023_TA.json,80701364,R,10000.0,SARAPANCHA,11,2025-04-15
275075|2023|TA|9,275075,Mendarajpur,2023,TA,2023_TA.json,75760379,R,5000.0,SARAPANCHA,41,2025-04-15
275075|2023|TA|10,275075,Mendarajpur,2023,TA,2023_TA.json,81192814,R,80000.0,SARAPANCHA,1,2025-05-07
275075|2023|TA|11,275075,Mendarajpur,2023,TA,2023_TA.json,81279055,R,24000.0,SARAPANCHA,2,2025-11-12
275075|2023|TA|12,275075,Mendarajpur,2023,TA,2023_TA.json,81279790,R,160808.0,SARAPANCHA,4,2026-01-21
275075|2023|TA|13,275075,Mendarajpur,2023,TA,2023_TA.json,79107798,R,25000.0,AE,8,2024-07-10
275075|2023|TA|14,275075,Mendarajpur,2023,TA,2023_TA.json,75759533,R,70000.0,AE,17,2024-07-24
275075|2023|TA|15,275075,Mendarajpur,2023,TA,2023_TA.json,81277994,R,60000.0,AE,21,2024-07-24
275075|2023|TA|16,275075,Mendarajpur,2023,TA,2023_TA.json,81193103,R,20000.0,AE,18,2024-07-25
275075|2023|TA|17,275075,Mendarajpur,2023,TA,2023_TA.json,80701608,R,40000.0,AE,3,2024-07-25
275075|2023|TA|18,275075,Mendarajpur,2023,TA,2023_TA.json,79103097,R,100000.0,AE,2,2024-07-30
275075|2023|TA|19,275075,Mendarajpur,2023,TA,2023_TA.json,75760279,R,90000.0,AE,9,2024-07-10
275075|2023|TA|20,275075,Mendarajpur,2023,TA,2023_TA.json,75759830,R,35000.0,AE,15,2024-07-25
275075|2023|TA|21,275075,Mendarajpur,2023,TA,2023_TA.json,79089576,R,20000.0,AE,7,2025-12-17
275075|2024|TA|0,275075,Mendarajpur,2024,TA,2024_TA.json,101760378,R,172756.0,SARAPANCHA,1,2025-01-25
275075|2024|TA|1,275075,Mendarajpur,2024,TA,2024_TA.json,101794599,R,208152.0,SARAPANCHA,1,2025-02-03
275075|2024|TA|2,275075,Mendarajpur,2024,TA,2024_TA.json,101767979,R,100000.0,SARAPANCHA,1,2025-02-10
275075|2024|TA|3,275075,Mendarajpur,2024,TA,2024_TA.json,101793444,R,100000.0,SARAPANCHA,1,2025-02-10
275075|2024|TA|4,275075,Mendarajpur,2024,TA,2024_TA.json,101670645,R,100000.0,SARAPANCHA,15,2025-07-30
275075|2024|TA|5,275075,Mendarajpur,2024,TA,2024_TA.json,101758172,R,380000.0,SARAPANCHA,15,2025-07-30
275075|2024|TA|6,275075,Mendarajpur,2024,TA,2024_TA.json,101770042,R,280000.0,SARAPANCHA,1,2025-04-17
275075|2024|TA|7,275075,Mendarajpur,2024,TA,2024_TA.json,101679271,R,18000.0,SARAPANCHA,1,2025-05-03
275075|2024|TA|8,275075,Mendarajpur,2024,TA,2024_TA.json,101781141,R,33230.0,SARAPANCHA,1,2025-05-12
275075|2024|TA|9,275075,Mendarajpur,2024,TA,2024_TA.json,101771672,R,130000.0,SARAPANCHA,41,2025-05-16
275075|2024|TA|10,275075,Mendarajpur,2024,TA,2024_TA.json,101667469,R,250567.0,SARAPANCHA,10,2025-11-12
275075|2024|TA|11,275075,Mendarajpur,2024,TA,2024_TA.json,101692435,R,200000.0,SARAPANCHA,8,2026-01-08
275075|2024|TA|12,275075,Mendarajpur,2024,TA,2024_TA.json,101778291,R,1.0,sarpanch,101778291,2026-01-09
275075|2024|TA|13,275075,Mendarajpur,2024,TA,2024_TA.json,101672014,N,,NR,NR,2026-02-04
275075|2024|TA|14,275075,Mendarajpur,2024,TA,2024_TA.json,101687405,N,,NR,NR,2026-02-06
275075|2024|TA|15,275075,Mendarajpur,2024,TA,2024_TA.json,101787279,N,,NR,NR,2026-02-06
275075|2024|TA|16,275075,Mendarajpur,2024,TA,2024_TA.json,101676201,R,18000.0,AE,34,2025-08-20
275075|2024|TA|17,275075,Mendarajpur,2024,TA,2024_TA.json,101674919,R,18000.0,AE,35,2025-08-20
275075|2024|TA|18,275075,Mendarajpur,2024,TA,2024_TA.json,101673353,R,18000.0,AE,35,2025-08-20
275075|2024|TA|19,275075,Mendarajpur,2024,TA,2024_TA.json,101699547,R,10000.0,AE,26,2025-08-20
275075|2024|TA|20,275075,Mendarajpur,2024,TA,2024_TA.json,101718593,R,70000.0,AE,10,2025-08-20
275075|2024|TA|21,275075,Mendarajpur,2024,TA,2024_TA.json,101668571,R,39000.0,AE,39,2025-04-21
275075|2024|TA|22,275075,Mendarajpur,2024,TA,2024_TA.json,101683463,R,40000.0,AE,30,2025-08-20
275075|2024|TA|23,275075,Mendarajpur,2024,TA,2024_TA.json,101682447,R,10000.0,AE,31,2025-08-20
275075|2024|TA|24,275075,Mendarajpur,2024,TA,2024_TA.json,101698485,R,20000.0,AE,27,2025-07-21
275075|2025|TA|0,275075,Mendarajpur,2025,TA,2025_TA.json,121876214,R,283230.0,SARAPANCHA,11,2025-12-11
275075|2025|TA|1,275075,Mendarajpur,2025,TA,2025_TA.json,121949707,R,200000.0,SARAPANCHA,11,2025-12-11
275075|2025|TA|2,275075,Mendarajpur,2025,TA,2025_TA.json,121950891,R,150000.0,SARAPANCHA,10,2025-12-19
275075|2025|TA|3,275075,Mendarajpur,2025,TA,2025_TA.json,121784800,R,250000.0,SARAPANCHA,1,2026-01-08
275075|2025|TA|4,275075,Mendarajpur,2025,TA,2025_TA.json,121951175,R,52306.0,SARAPANCHA,5,2026-01-08
275075|2025|TA|5,275075,Mendarajpur,2025,TA,2025_TA.json,121951342,R,24756.0,SARAPANCHA,9,2026-01-15
275075|2025|TA|6,275075,Mendarajpur,2025,TA,2025_TA.json,121958555,N,,NR,NR,2026-02-03
275075|2025|TA|7,275075,Mendarajpur,2025,TA,2025_TA.json,121773936,N,,NR,NR,2026-02-04
275075|2025|TA|8,275075,Mendarajpur,2025,TA,2025_TA.json,121949512,N,,NR,NR,2026-02-04
275075|2025|TA|9,275075,Mendarajpur,2025,TA,2025_TA.json,121785218,N,,NR,NR,2026-02-04
275075|2025|TA|10,275075,Mendarajpur,2025,TA,2025_TA.json,121950768,R,89567.0,sarapancha,18,2026-02-04
275075|2025|TA|11,275075,Mendarajpur,2025,TA,2025_TA.json,121950601,N,,NR,NR,2026-02-07
275075|2025|TA|12,275075,Mendarajpur,2025,TA,2025_TA.json,121950008,R,60000.0,AE,13,2024-08-20
275075|2025|TA|13,275075,Mendarajpur,2025,TA,2025_TA.json,121772840,R,69000.0,AE,3,2025-08-20
275075|2025|TA|14,275075,Mendarajpur,2025,TA,2025_TA.json,121786130,R,60694.0,AE,4,2025-07-21
275075|2025|TA|15,275075,Mendarajpur,2025,TA,2025_TA.json,121875885,R,120000.0,AE,5,2025-08-20
275075|2025|TA|16,275075,Mendarajpur,2025,TA,2025_TA.json,121876065,R,60000.0,AE,6,2025-08-20
275075|2025|TA|17,275075,Mendarajpur,2025,TA,2025_TA.json,121950281,R,60567.0,AE,15,2025-08-20
275075|2025|TA|18,275075,Mendarajpur,2025,TA,2025_TA.json,121950482,R,120000.0,AE,16,2025-08-20
275075|2025|TA|19,275075,Mendarajpur,2025,TA,2025_TA.json,121949847,R,60000.0,AE,12,2025-08-20
275075|2025|TA|20,275075,Mendarajpur,2025,TA,2025_TA.json,128267271,R,250000.0,SARAPANCHA,1,2026-05-14
